# https://github.com/mikedh/trimesh
v -0.01848500 -0.00074100 0.03175000
v -0.01807600 -0.00394000 0.02995000
v -0.01807600 -0.00394000 0.03175000
v -0.01711700 -0.00701800 0.02995000
v -0.01711700 -0.00701800 0.03175000
v -0.01563800 -0.00988400 0.02995000
v -0.01563800 -0.00988400 0.03175000
v -0.01368400 -0.01245000 0.02995000
v -0.01368400 -0.01245000 0.03175000
v -0.01131400 -0.01463700 0.02995000
v -0.01131400 -0.01463700 0.03175000
v -0.00860100 -0.01637900 0.02995000
v -0.00860100 -0.01637900 0.03175000
v -0.00562600 -0.01762400 0.02995000
v -0.00562600 -0.01762400 0.03175000
v -0.00248000 -0.01833300 0.02995000
v -0.00248000 -0.01833300 0.03175000
v 0.00074100 -0.01848500 0.02995000
v 0.00074100 -0.01848500 0.03175000
v 0.00394000 -0.01807600 0.02995000
v 0.00394000 -0.01807600 0.03175000
v 0.00701800 -0.01711700 0.02995000
v 0.00701800 -0.01711700 0.03175000
v 0.00988400 -0.01563800 0.02995000
v 0.00988400 -0.01563800 0.03175000
v 0.01245000 -0.01368400 0.02995000
v 0.01245000 -0.01368400 0.03175000
v 0.01463700 -0.01131400 0.02995000
v 0.01463700 -0.01131400 0.03175000
v 0.01637900 -0.00860100 0.02995000
v 0.01637900 -0.00860100 0.03175000
v 0.01762400 -0.00562600 0.02995000
v 0.01762400 -0.00562600 0.03175000
v 0.01833300 -0.00248000 0.02995000
v 0.01833300 -0.00248000 0.03175000
v 0.01848500 0.00074100 0.02995000
v 0.01848500 0.00074100 0.03175000
v 0.01807600 0.00394000 0.02995000
v 0.01807600 0.00394000 0.03175000
v 0.01711700 0.00701800 0.02995000
v 0.01711700 0.00701800 0.03175000
v 0.01563800 0.00988400 0.02995000
v 0.01563800 0.00988400 0.03175000
v 0.01368400 0.01245000 0.02995000
v 0.01368400 0.01245000 0.03175000
v 0.01131400 0.01463700 0.02995000
v 0.01131400 0.01463700 0.03175000
v 0.00860100 0.01637900 0.02995000
v 0.00860100 0.01637900 0.03175000
v 0.00562600 0.01762400 0.02995000
v 0.00562600 0.01762400 0.03175000
v 0.00248000 0.01833300 0.02995000
v 0.00248000 0.01833300 0.03175000
v -0.00074100 0.01848500 0.02995000
v -0.00074100 0.01848500 0.03175000
v -0.00394000 0.01807600 0.02995000
v -0.00394000 0.01807600 0.03175000
v -0.00701800 0.01711700 0.02995000
v -0.00701800 0.01711700 0.03175000
v -0.00988400 0.01563800 0.02995000
v -0.00988400 0.01563800 0.03175000
v -0.01245000 0.01368400 0.02995000
v -0.01245000 0.01368400 0.03175000
v -0.01463700 0.01131400 0.02995000
v -0.01463700 0.01131400 0.03175000
v -0.01637900 0.00860100 0.02995000
v -0.01637900 0.00860100 0.03175000
v -0.01762400 0.00562600 0.02995000
v -0.01762400 0.00562600 0.03175000
v -0.01833300 0.00248000 0.02995000
v -0.01833300 0.00248000 0.03175000
v -0.01848500 -0.00074100 0.02995000
v -0.01798600 -0.00072100 0.02975000
v -0.01758700 -0.00383300 0.02575000
v -0.01758700 -0.00383300 0.02975000
v -0.01665400 -0.00682900 0.02575000
v -0.01665400 -0.00682900 0.02975000
v -0.01521500 -0.00961700 0.02575000
v -0.01521500 -0.00961700 0.02975000
v -0.01331400 -0.01211300 0.02575000
v -0.01331400 -0.01211300 0.02975000
v -0.01100900 -0.01424100 0.02575000
v -0.01100900 -0.01424100 0.02975000
v -0.00836900 -0.01593600 0.02575000
v -0.00836900 -0.01593600 0.02975000
v -0.00547400 -0.01714700 0.02575000
v -0.00547400 -0.01714700 0.02975000
v -0.00241300 -0.01783700 0.02575000
v -0.00241300 -0.01783700 0.02975000
v 0.00072100 -0.01798600 0.02575000
v 0.00072100 -0.01798600 0.02975000
v 0.00383300 -0.01758700 0.02575000
v 0.00383300 -0.01758700 0.02975000
v 0.00682900 -0.01665400 0.02575000
v 0.00682900 -0.01665400 0.02975000
v 0.00961700 -0.01521500 0.02575000
v 0.00961700 -0.01521500 0.02975000
v 0.01211300 -0.01331400 0.02575000
v 0.01211300 -0.01331400 0.02975000
v 0.01424100 -0.01100900 0.02575000
v 0.01424100 -0.01100900 0.02975000
v 0.01593600 -0.00836900 0.02575000
v 0.01593600 -0.00836900 0.02975000
v 0.01714700 -0.00547400 0.02575000
v 0.01714700 -0.00547400 0.02975000
v 0.01783700 -0.00241300 0.02575000
v 0.01783700 -0.00241300 0.02975000
v 0.01798600 0.00072100 0.02575000
v 0.01798600 0.00072100 0.02975000
v 0.01758700 0.00383300 0.02575000
v 0.01758700 0.00383300 0.02975000
v 0.01665400 0.00682900 0.02575000
v 0.01665400 0.00682900 0.02975000
v 0.01521500 0.00961700 0.02575000
v 0.01521500 0.00961700 0.02975000
v 0.01331400 0.01211300 0.02575000
v 0.01331400 0.01211300 0.02975000
v 0.01100900 0.01424100 0.02575000
v 0.01100900 0.01424100 0.02975000
v 0.00836900 0.01593600 0.02575000
v 0.00836900 0.01593600 0.02975000
v 0.00547400 0.01714700 0.02575000
v 0.00547400 0.01714700 0.02975000
v 0.00241300 0.01783700 0.02575000
v 0.00241300 0.01783700 0.02975000
v -0.00072100 0.01798600 0.02575000
v -0.00072100 0.01798600 0.02975000
v -0.00383300 0.01758700 0.02575000
v -0.00383300 0.01758700 0.02975000
v -0.00682900 0.01665400 0.02575000
v -0.00682900 0.01665400 0.02975000
v -0.00961700 0.01521500 0.02575000
v -0.00961700 0.01521500 0.02975000
v -0.01211300 0.01331400 0.02575000
v -0.01211300 0.01331400 0.02975000
v -0.01424100 0.01100900 0.02575000
v -0.01424100 0.01100900 0.02975000
v -0.01593600 0.00836900 0.02575000
v -0.01593600 0.00836900 0.02975000
v -0.01714700 0.00547400 0.02575000
v -0.01714700 0.00547400 0.02975000
v -0.01783700 0.00241300 0.02575000
v -0.01783700 0.00241300 0.02975000
v -0.01798600 -0.00072100 0.02575000
v -0.01748600 -0.00070100 0.02575000
v -0.01708000 -0.00381200 0.02095000
v -0.01708000 -0.00381200 0.02575000
v -0.01612500 -0.00680000 0.02095000
v -0.01612500 -0.00680000 0.02575000
v -0.01465100 -0.00957000 0.02095000
v -0.01465100 -0.00957000 0.02575000
v -0.01270700 -0.01203200 0.02095000
v -0.01270700 -0.01203200 0.02575000
v -0.01035400 -0.01410800 0.02095000
v -0.01035400 -0.01410800 0.02575000
v -0.00766900 -0.01573000 0.02095000
v -0.00766900 -0.01573000 0.02575000
v -0.00473700 -0.01684700 0.02095000
v -0.00473700 -0.01684700 0.02575000
v -0.00165300 -0.01742200 0.02095000
v -0.00165300 -0.01742200 0.02575000
v 0.00148500 -0.01743700 0.02095000
v 0.00148500 -0.01743700 0.02575000
v 0.00457400 -0.01689200 0.02095000
v 0.00457400 -0.01689200 0.02575000
v 0.00751700 -0.01580300 0.02095000
v 0.00751700 -0.01580300 0.02575000
v 0.01021800 -0.01420700 0.02095000
v 0.01021800 -0.01420700 0.02575000
v 0.01259000 -0.01215400 0.02095000
v 0.01259000 -0.01215400 0.02575000
v 0.01455800 -0.00971100 0.02095000
v 0.01455800 -0.00971100 0.02575000
v 0.01605800 -0.00695500 0.02095000
v 0.01605800 -0.00695500 0.02575000
v 0.01704200 -0.00397600 0.02095000
v 0.01704200 -0.00397600 0.02575000
v 0.01747800 -0.00086900 0.02095000
v 0.01747800 -0.00086900 0.02575000
v 0.01735300 0.00226500 0.02095000
v 0.01735300 0.00226500 0.02575000
v 0.01666900 0.00532700 0.02095000
v 0.01666900 0.00532700 0.02575000
v 0.01545000 0.00821800 0.02095000
v 0.01545000 0.00821800 0.02575000
v 0.01373400 0.01084500 0.02095000
v 0.01373400 0.01084500 0.02575000
v 0.01157700 0.01312300 0.02095000
v 0.01157700 0.01312300 0.02575000
v 0.00904800 0.01497900 0.02095000
v 0.00904800 0.01497900 0.02575000
v 0.00622800 0.01635400 0.02095000
v 0.00622800 0.01635400 0.02575000
v 0.00320800 0.01720300 0.02095000
v 0.00320800 0.01720300 0.02575000
v 0.00008400 0.01750000 0.02095000
v 0.00008400 0.01750000 0.02575000
v -0.00304200 0.01723400 0.02095000
v -0.00304200 0.01723400 0.02575000
v -0.00607000 0.01641400 0.02095000
v -0.00607000 0.01641400 0.02575000
v -0.00890300 0.01506600 0.02095000
v -0.00890300 0.01506600 0.02575000
v -0.01145000 0.01323400 0.02095000
v -0.01145000 0.01323400 0.02575000
v -0.01362900 0.01097700 0.02095000
v -0.01362900 0.01097700 0.02575000
v -0.01537000 0.00836700 0.02095000
v -0.01537000 0.00836700 0.02575000
v -0.01661700 0.00548800 0.02095000
v -0.01661700 0.00548800 0.02575000
v -0.01733000 0.00243300 0.02095000
v -0.01733000 0.00243300 0.02575000
v -0.01748600 -0.00070100 0.02095000
v -0.00862700 0.01499600 0.02075000
v -0.00862700 0.01499600 0.02075000
v -0.00858200 0.01404800 0.02075000
v -0.00858200 0.01404800 0.02075000
v -0.00858200 0.01404800 0.02075000
v -0.00880100 0.01489400 0.02075000
v -0.00880100 0.01489400 0.02075000
v 0.00859500 -0.01157300 0.02075000
v 0.00859500 -0.01157300 0.02075000
v 0.00796400 -0.01143100 0.02075000
v 0.00796400 -0.01143100 0.02075000
v 0.00796400 -0.01143100 0.02075000
v 0.00803700 -0.01011700 0.02075000
v 0.00803700 -0.01011700 0.02075000
v 0.00803700 -0.01011700 0.02075000
v 0.00803700 -0.01011700 0.02075000
v 0.00803700 -0.01011700 0.02075000
v 0.00907100 -0.01201200 0.02075000
v 0.01026000 -0.01002800 0.02075000
v 0.00926300 -0.01263000 0.02075000
v 0.01010100 -0.01404500 0.02075000
v 0.01010100 -0.01404500 0.02075000
v 0.01010100 -0.01404500 0.02075000
v 0.00912100 -0.01326100 0.02075000
v 0.00734600 -0.01162300 0.02075000
v 0.00734600 -0.01162300 0.02075000
v 0.00147900 -0.01038000 0.02075000
v 0.00147900 -0.01038000 0.02075000
v 0.00147900 -0.01038000 0.02075000
v 0.00147900 -0.01038000 0.02075000
v 0.00147900 -0.01038000 0.02075000
v 0.00147900 -0.01038000 0.02075000
v 0.00147900 -0.01038000 0.02075000
v 0.00147900 -0.01038000 0.02075000
v 0.00690700 -0.01209800 0.02075000
v 0.00690700 -0.01209800 0.02075000
v 0.00676500 -0.01273000 0.02075000
v 0.00676500 -0.01273000 0.02075000
v 0.00676500 -0.01273000 0.02075000
v 0.00146800 -0.01723800 0.02075000
v 0.00146800 -0.01723800 0.02075000
v 0.00146800 -0.01723800 0.02075000
v 0.00146800 -0.01723800 0.02075000
v 0.00695700 -0.01334700 0.02075000
v 0.00695700 -0.01334700 0.02075000
v 0.00695700 -0.01334700 0.02075000
v 0.00452200 -0.01669900 0.02075000
v 0.00452200 -0.01669900 0.02075000
v 0.00452200 -0.01669900 0.02075000
v 0.00743300 -0.01378600 0.02075000
v 0.00743300 -0.01378600 0.02075000
v 0.00743300 -0.01378600 0.02075000
v 0.00743100 -0.01562300 0.02075000
v 0.00743100 -0.01562300 0.02075000
v 0.00743100 -0.01562300 0.02075000
v 0.00806400 -0.01392900 0.02075000
v 0.00806400 -0.01392900 0.02075000
v 0.00806400 -0.01392900 0.02075000
v 0.00868200 -0.01373600 0.02075000
v 0.00868200 -0.01373600 0.02075000
v 0.00764200 0.01222400 0.02075000
v 0.00764200 0.01222400 0.02075000
v 0.00808000 0.01269900 0.02075000
v 0.00952900 0.00819900 0.02075000
v 0.00952900 0.00819900 0.02075000
v 0.00952900 0.00819900 0.02075000
v 0.00952900 0.00819900 0.02075000
v 0.00952900 0.00819900 0.02075000
v 0.00952900 0.00819900 0.02075000
v 0.00822300 0.01333000 0.02075000
v 0.00822300 0.01333000 0.02075000
v 0.00702400 0.01203100 0.02075000
v 0.00702400 0.01203100 0.02075000
v 0.00702400 0.01203100 0.02075000
v 0.00730600 0.00811000 0.02075000
v 0.00730600 0.00811000 0.02075000
v 0.00730600 0.00811000 0.02075000
v 0.00730600 0.00811000 0.02075000
v 0.00730600 0.00811000 0.02075000
v 0.00730600 0.00811000 0.02075000
v 0.00639300 0.01217400 0.02075000
v 0.00639300 0.01217400 0.02075000
v 0.00639300 0.01217400 0.02075000
v 0.00074900 0.00784700 0.02075000
v 0.00074900 0.00784700 0.02075000
v 0.00074900 0.00784700 0.02075000
v 0.00074900 0.00784700 0.02075000
v 0.00074900 0.00784700 0.02075000
v 0.00074900 0.00784700 0.02075000
v 0.00074900 0.00784700 0.02075000
v 0.00803000 0.01394800 0.02075000
v 0.00803000 0.01394800 0.02075000
v 0.00894500 0.01480800 0.02075000
v 0.00894500 0.01480800 0.02075000
v 0.00894500 0.01480800 0.02075000
v 0.00755500 0.01438700 0.02075000
v 0.00755500 0.01438700 0.02075000
v 0.00704300 0.01467500 0.02075000
v 0.00704300 0.01467500 0.02075000
v 0.00704300 0.01467500 0.02075000
v 0.00704300 0.01467500 0.02075000
v 0.00692400 0.01452900 0.02075000
v 0.00692400 0.01452900 0.02075000
v 0.00692400 0.01452900 0.02075000
v 0.00048600 0.01441200 0.02075000
v 0.00048600 0.01441200 0.02075000
v 0.00048600 0.01441200 0.02075000
v 0.00048600 0.01441200 0.02075000
v 0.00048600 0.01441200 0.02075000
v 0.00048600 0.01441200 0.02075000
v 0.00048600 0.01441200 0.02075000
v 0.00048600 0.01441200 0.02075000
v 0.00048600 0.01441200 0.02075000
v 0.00048600 0.01441200 0.02075000
v 0.00630600 0.01433700 0.02075000
v 0.00630600 0.01433700 0.02075000
v 0.00586700 0.01386100 0.02075000
v 0.00586700 0.01386100 0.02075000
v 0.00572500 0.01323000 0.02075000
v 0.00572500 0.01323000 0.02075000
v 0.00572500 0.01323000 0.02075000
v 0.00591700 0.01261200 0.02075000
v 0.00591700 0.01261200 0.02075000
v -0.01131900 0.01308300 0.02075000
v -0.01131900 0.01308300 0.02075000
v -0.01131900 0.01308300 0.02075000
v -0.01131900 0.01308300 0.02075000
v -0.00967700 0.01027000 0.02075000
v -0.00967700 0.01027000 0.02075000
v -0.00967700 0.01027000 0.02075000
v -0.01194100 0.00733800 0.02075000
v -0.01194100 0.00733800 0.02075000
v -0.01194100 0.00733800 0.02075000
v -0.01194100 0.00733800 0.02075000
v -0.01194100 0.00733800 0.02075000
v -0.00999100 0.01143000 0.02075000
v -0.00999100 0.01143000 0.02075000
v -0.00977000 0.01261100 0.02075000
v -0.00977000 0.01261100 0.02075000
v -0.00906000 0.01358000 0.02075000
v -0.00799900 0.01414500 0.02075000
v -0.00679800 0.01419300 0.02075000
v -0.00600000 0.01622600 0.02075000
v -0.00600000 0.01622600 0.02075000
v -0.00300700 0.01703700 0.02075000
v -0.00300700 0.01703700 0.02075000
v -0.00889000 0.00936200 0.02075000
v -0.00889000 0.00936200 0.02075000
v -0.00778800 0.00888400 0.02075000
v -0.00778800 0.00888400 0.02075000
v -0.00831900 0.00748400 0.02075000
v -0.00831900 0.00748400 0.02075000
v -0.00831900 0.00748400 0.02075000
v -0.00831900 0.00748400 0.02075000
v -0.00831900 0.00748400 0.02075000
v -0.00831900 0.00748400 0.02075000
v -0.00658700 0.00893200 0.02075000
v -0.00569500 0.01371500 0.02075000
v -0.00569500 0.01371500 0.02075000
v -0.00490900 0.01280600 0.02075000
v -0.00490900 0.01280600 0.02075000
v -0.00552600 0.00949700 0.02075000
v -0.00552600 0.00949700 0.02075000
v -0.00481500 0.01046500 0.02075000
v -0.00481500 0.01046500 0.02075000
v -0.00481500 0.01046500 0.02075000
v -0.00459500 0.01164700 0.02075000
v -0.00459500 0.01164700 0.02075000
v -0.00758100 -0.01555000 0.02075000
v -0.00758100 -0.01555000 0.02075000
v -0.00758100 -0.01555000 0.02075000
v -0.01023600 -0.01394700 0.02075000
v -0.01023600 -0.01394700 0.02075000
v -0.01023600 -0.01394700 0.02075000
v -0.01023600 -0.01394700 0.02075000
v -0.00873000 -0.01335300 0.02075000
v -0.00873000 -0.01335300 0.02075000
v -0.00873000 -0.01335300 0.02075000
v -0.00904400 -0.01219300 0.02075000
v -0.00904400 -0.01219300 0.02075000
v -0.00904400 -0.01219300 0.02075000
v -0.01121000 -0.01088800 0.02075000
v -0.01121000 -0.01088800 0.02075000
v -0.01121000 -0.01088800 0.02075000
v -0.01121000 -0.01088800 0.02075000
v -0.01121000 -0.01088800 0.02075000
v -0.00882400 -0.01101200 0.02075000
v 0.00137400 -0.00776200 0.02075000
v 0.00137400 -0.00776200 0.02075000
v 0.00137400 -0.00776200 0.02075000
v 0.00137400 -0.00776200 0.02075000
v 0.00137400 -0.00776200 0.02075000
v 0.00137400 -0.00776200 0.02075000
v 0.00137400 -0.00776200 0.02075000
v -0.00396200 -0.01081700 0.02075000
v -0.00396200 -0.01081700 0.02075000
v -0.00396200 -0.01081700 0.02075000
v -0.00474900 -0.00990800 0.02075000
v -0.00474900 -0.00990800 0.02075000
v -0.00585100 -0.00943100 0.02075000
v -0.00585100 -0.00943100 0.02075000
v -0.00585100 -0.00943100 0.02075000
v -0.00769300 -0.00812500 0.02075000
v -0.00769300 -0.00812500 0.02075000
v -0.00769300 -0.00812500 0.02075000
v -0.00769300 -0.00812500 0.02075000
v -0.00769300 -0.00812500 0.02075000
v -0.00705200 -0.00947900 0.02075000
v -0.00705200 -0.00947900 0.02075000
v -0.00811300 -0.01004300 0.02075000
v -0.00811300 -0.01004300 0.02075000
v -0.00794400 -0.01426200 0.02075000
v -0.00794400 -0.01426200 0.02075000
v -0.00684100 -0.01473900 0.02075000
v -0.00684100 -0.01473900 0.02075000
v -0.00684100 -0.01473900 0.02075000
v -0.00468300 -0.01665400 0.02075000
v -0.00468300 -0.01665400 0.02075000
v -0.00468300 -0.01665400 0.02075000
v -0.00564000 -0.01469100 0.02075000
v -0.00564000 -0.01469100 0.02075000
v -0.00564000 -0.01469100 0.02075000
v -0.00163400 -0.01722300 0.02075000
v -0.00163400 -0.01722300 0.02075000
v -0.00457900 -0.01412700 0.02075000
v -0.00457900 -0.01412700 0.02075000
v -0.00457900 -0.01412700 0.02075000
v -0.00386900 -0.01315800 0.02075000
v -0.00386900 -0.01315800 0.02075000
v -0.00386900 -0.01315800 0.02075000
v -0.00364800 -0.01197700 0.02075000
v -0.00364800 -0.01197700 0.02075000
v -0.00819000 0.00427500 0.02075000
v -0.00819000 0.00427500 0.02075000
v -0.00819000 0.00427500 0.02075000
v -0.00819000 0.00427500 0.02075000
v -0.00819000 0.00427500 0.02075000
v -0.00819000 0.00427500 0.02075000
v -0.00819000 0.00427500 0.02075000
v -0.00445000 0.00473800 0.02075000
v -0.00445000 0.00473800 0.02075000
v -0.00560400 0.00329200 0.02075000
v -0.00560400 0.00329200 0.02075000
v -0.00615800 -0.00208000 0.02075000
v -0.00615800 -0.00208000 0.02075000
v -0.00782200 -0.00491700 0.02075000
v -0.00782200 -0.00491700 0.02075000
v -0.00782200 -0.00491700 0.02075000
v -0.00782200 -0.00491700 0.02075000
v -0.00782200 -0.00491700 0.02075000
v -0.00782200 -0.00491700 0.02075000
v -0.00782200 -0.00491700 0.02075000
v -0.00649500 -0.00026000 0.02075000
v -0.00649500 -0.00026000 0.02075000
v -0.00630500 0.00158000 0.02075000
v -0.00630500 0.00158000 0.02075000
v -0.00293500 0.00580000 0.02075000
v -0.00293500 0.00580000 0.02075000
v -0.00118200 0.00639200 0.02075000
v -0.00118200 0.00639200 0.02075000
v 0.00066700 0.00646600 0.02075000
v 0.00066700 0.00646600 0.02075000
v 0.00246100 0.00601600 0.02075000
v 0.00246100 0.00601600 0.02075000
v 0.00246100 0.00601600 0.02075000
v 0.00405600 0.00507900 0.02075000
v 0.00405600 0.00507900 0.02075000
v 0.00743500 0.00490200 0.02075000
v 0.00743500 0.00490200 0.02075000
v 0.00743500 0.00490200 0.02075000
v 0.00743500 0.00490200 0.02075000
v 0.00743500 0.00490200 0.02075000
v 0.00743500 0.00490200 0.02075000
v 0.00532300 0.00373000 0.02075000
v 0.00532300 0.00373000 0.02075000
v 0.00560400 -0.00329200 0.02075000
v 0.00560400 -0.00329200 0.02075000
v 0.00630500 -0.00158000 0.02075000
v 0.00630500 -0.00158000 0.02075000
v 0.00780300 -0.00429100 0.02075000
v 0.00780300 -0.00429100 0.02075000
v 0.00780300 -0.00429100 0.02075000
v 0.00780300 -0.00429100 0.02075000
v 0.00780300 -0.00429100 0.02075000
v 0.00780300 -0.00429100 0.02075000
v 0.00649500 0.00026000 0.02075000
v 0.00649500 0.00026000 0.02075000
v 0.00649500 0.00026000 0.02075000
v 0.00615800 0.00208000 0.02075000
v 0.00615800 0.00208000 0.02075000
v 0.00793200 -0.00749900 0.02075000
v 0.00793200 -0.00749900 0.02075000
v 0.00793200 -0.00749900 0.02075000
v 0.00793200 -0.00749900 0.02075000
v 0.00793200 -0.00749900 0.02075000
v 0.00793200 -0.00749900 0.02075000
v 0.00293500 -0.00580000 0.02075000
v 0.00293500 -0.00580000 0.02075000
v 0.00293500 -0.00580000 0.02075000
v 0.00445000 -0.00473800 0.02075000
v -0.00532300 -0.00373000 0.02075000
v -0.00532300 -0.00373000 0.02075000
v -0.00405600 -0.00507900 0.02075000
v -0.00405600 -0.00507900 0.02075000
v -0.00405600 -0.00507900 0.02075000
v -0.00246100 -0.00601600 0.02075000
v -0.00246100 -0.00601600 0.02075000
v -0.00246100 -0.00601600 0.02075000
v -0.00066700 -0.00646600 0.02075000
v -0.00066700 -0.00646600 0.02075000
v 0.00118200 -0.00639200 0.02075000
v 0.00118200 -0.00639200 0.02075000
v 0.00118200 -0.00639200 0.02075000
v -0.01440700 0.00050600 0.02075000
v -0.01440700 0.00050600 0.02075000
v -0.01503800 0.00064800 0.02075000
v -0.01503800 0.00064800 0.02075000
v -0.01503800 0.00064800 0.02075000
v -0.01642700 0.00542500 0.02075000
v -0.01642700 0.00542500 0.02075000
v -0.01713200 0.00240500 0.02075000
v -0.01713200 0.00240500 0.02075000
v -0.01713200 0.00240500 0.02075000
v -0.01713200 0.00240500 0.02075000
v -0.01493800 -0.00185000 0.02075000
v -0.01493800 -0.00185000 0.02075000
v -0.01493800 -0.00185000 0.02075000
v -0.01594000 -0.00672200 0.02075000
v -0.01594000 -0.00672200 0.02075000
v -0.01594000 -0.00672200 0.02075000
v -0.01556900 -0.00170700 0.02075000
v -0.01556900 -0.00170700 0.02075000
v -0.01556900 -0.00170700 0.02075000
v -0.01688500 -0.00376800 0.02075000
v -0.01688500 -0.00376800 0.02075000
v -0.01688500 -0.00376800 0.02075000
v -0.01565600 0.00045600 0.02075000
v -0.01565600 0.00045600 0.02075000
v -0.01609500 -0.00002000 0.02075000
v -0.01609500 -0.00002000 0.02075000
v -0.01609500 -0.00002000 0.02075000
v -0.01728600 -0.00069300 0.02075000
v -0.01728600 -0.00069300 0.02075000
v -0.01728600 -0.00069300 0.02075000
v -0.01623700 -0.00065100 0.02075000
v -0.01623700 -0.00065100 0.02075000
v -0.01623700 -0.00065100 0.02075000
v -0.01604500 -0.00126900 0.02075000
v -0.01604500 -0.00126900 0.02075000
v -0.01432000 -0.00165700 0.02075000
v -0.01432000 -0.00165700 0.02075000
v -0.01388100 -0.00118200 0.02075000
v -0.01388100 -0.00118200 0.02075000
v -0.01144400 -0.00506200 0.02075000
v -0.01144400 -0.00506200 0.02075000
v -0.01144400 -0.00506200 0.02075000
v -0.01144400 -0.00506200 0.02075000
v -0.01144400 -0.00506200 0.02075000
v -0.01144400 -0.00506200 0.02075000
v -0.01373900 -0.00055100 0.02075000
v -0.01373900 -0.00055100 0.02075000
v -0.01373900 -0.00055100 0.02075000
v -0.01181200 0.00413000 0.02075000
v -0.01181200 0.00413000 0.02075000
v -0.01181200 0.00413000 0.02075000
v -0.01181200 0.00413000 0.02075000
v -0.01181200 0.00413000 0.02075000
v -0.01181200 0.00413000 0.02075000
v -0.01393100 0.00006700 0.02075000
v -0.01393100 0.00006700 0.02075000
v -0.01256200 -0.01189500 0.02075000
v -0.01256200 -0.01189500 0.02075000
v -0.01448400 -0.00946100 0.02075000
v -0.01448400 -0.00946100 0.02075000
v -0.01448400 -0.00946100 0.02075000
v -0.01131500 -0.00827000 0.02075000
v -0.01131500 -0.00827000 0.02075000
v -0.01131500 -0.00827000 0.02075000
v -0.01131500 -0.00827000 0.02075000
v 0.01204100 -0.00163000 0.02075000
v 0.01204100 -0.00163000 0.02075000
v 0.01314400 -0.00210800 0.02075000
v 0.01314400 -0.00210800 0.02075000
v 0.01314400 -0.00210800 0.02075000
v 0.01002600 -0.00420200 0.02075000
v 0.01002600 -0.00420200 0.02075000
v 0.01002600 -0.00420200 0.02075000
v 0.01002600 -0.00420200 0.02075000
v 0.01002600 -0.00420200 0.02075000
v 0.01684700 -0.00393100 0.02075000
v 0.01684700 -0.00393100 0.02075000
v 0.01684700 -0.00393100 0.02075000
v 0.01587500 -0.00687600 0.02075000
v 0.01587500 -0.00687600 0.02075000
v 0.01015500 -0.00741000 0.02075000
v 0.01015500 -0.00741000 0.02075000
v 0.01015500 -0.00741000 0.02075000
v 0.01439200 -0.00960000 0.02075000
v 0.01439200 -0.00960000 0.02075000
v 0.01244600 -0.01201600 0.02075000
v 0.01293300 0.00315300 0.02075000
v 0.01293300 0.00315300 0.02075000
v 0.01187200 0.00258800 0.02075000
v 0.01187200 0.00258800 0.02075000
v 0.00965800 0.00499100 0.02075000
v 0.00965800 0.00499100 0.02075000
v 0.00965800 0.00499100 0.02075000
v 0.00965800 0.00499100 0.02075000
v 0.00965800 0.00499100 0.02075000
v 0.00965800 0.00499100 0.02075000
v 0.01434500 -0.00205900 0.02075000
v 0.01434500 -0.00205900 0.02075000
v 0.01540600 -0.00149500 0.02075000
v 0.01540600 -0.00149500 0.02075000
v 0.01727900 -0.00085900 0.02075000
v 0.01727900 -0.00085900 0.02075000
v 0.01727900 -0.00085900 0.02075000
v 0.01611700 -0.00052700 0.02075000
v 0.01611700 -0.00052700 0.02075000
v 0.01633700 0.00065500 0.02075000
v 0.01633700 0.00065500 0.02075000
v 0.01633700 0.00065500 0.02075000
v 0.01715400 0.00224000 0.02075000
v 0.01715400 0.00224000 0.02075000
v 0.01715400 0.00224000 0.02075000
v 0.01602300 0.00181500 0.02075000
v 0.01602300 0.00181500 0.02075000
v 0.01602300 0.00181500 0.02075000
v 0.01647900 0.00526700 0.02075000
v 0.01647900 0.00526700 0.02075000
v 0.01647900 0.00526700 0.02075000
v 0.01647900 0.00526700 0.02075000
v 0.01523600 0.00272300 0.02075000
v 0.01523600 0.00272300 0.02075000
v 0.01413400 0.00320100 0.02075000
v 0.01116100 0.00162000 0.02075000
v 0.01116100 0.00162000 0.02075000
v 0.01094100 0.00043900 0.02075000
v 0.01094100 0.00043900 0.02075000
v 0.01094100 0.00043900 0.02075000
v 0.01125500 -0.00072100 0.02075000
v 0.01125500 -0.00072100 0.02075000
v 0.01357700 0.01072100 0.02075000
v 0.01527400 0.00812400 0.02075000
v 0.01527400 0.00812400 0.02075000
v 0.01144500 0.01297300 0.02075000
v 0.00008300 0.01730000 0.02075000
v 0.00008300 0.01730000 0.02075000
v 0.00317100 0.01700700 0.02075000
v 0.00317100 0.01700700 0.02075000
v 0.00317100 0.01700700 0.02075000
v 0.00615700 0.01616700 0.02075000
v 0.00615700 0.01616700 0.02075000
v -0.01519400 0.00827100 0.02075000
v -0.01347300 0.01085100 0.02075000
v -0.01347300 0.01085100 0.02075000
v 0.00833200 -0.00561800 0.03275000
v 0.00149900 -0.00993600 0.03275000
v 0.01084000 -0.00900900 0.03275000
v 0.01084000 -0.00900900 0.03275000
v 0.01084000 -0.00900900 0.03275000
v 0.01084000 -0.00900900 0.03275000
v 0.01084000 -0.00900900 0.03275000
v 0.01084000 -0.00900900 0.03275000
v 0.01084000 -0.00900900 0.03275000
v -0.00903100 -0.00440700 0.03275000
v -0.00903300 -0.00434000 0.03275000
v -0.00903300 -0.00434000 0.03275000
v -0.01030300 -0.00439100 0.03275000
v -0.01030300 -0.00439100 0.03275000
v -0.01030300 -0.00439100 0.03275000
v -0.01030300 -0.00439100 0.03275000
v -0.01030300 -0.00439100 0.03275000
v -0.01030300 -0.00439100 0.03275000
v -0.01030300 -0.00439100 0.03275000
v 0.01330100 0.01566400 0.03275000
v 0.01423700 0.01421700 0.03275000
v 0.01423700 0.01421700 0.03275000
v 0.01569800 0.01326100 0.03275000
v 0.01569800 0.01326100 0.03275000
v -0.00978600 0.01807000 0.03275000
v -0.00959200 0.01803000 0.03275000
v -0.00959200 0.01803000 0.03275000
v -0.00959200 0.01803000 0.03275000
v -0.00959200 0.01803000 0.03275000
v -0.00961900 0.01816000 0.03275000
v -0.00961900 0.01816000 0.03275000
v -0.01845000 0.00904900 0.03275000
v -0.01845000 0.00904900 0.03275000
v -0.01845000 0.00904900 0.03275000
v -0.01845000 0.00904900 0.03275000
v -0.01845000 0.00904900 0.03275000
v -0.01845000 0.00904900 0.03275000
v -0.01394800 0.00803000 0.03275000
v -0.01394800 0.00803000 0.03275000
v -0.01333000 0.00822300 0.03275000
v -0.01333000 0.00822300 0.03275000
v -0.01333000 0.00822300 0.03275000
v -0.01261200 0.00591700 0.03275000
v -0.01261200 0.00591700 0.03275000
v -0.01323000 0.00572500 0.03275000
v -0.01062100 0.00355200 0.03275000
v -0.01062100 0.00355200 0.03275000
v -0.01062100 0.00355200 0.03275000
v -0.01062100 0.00355200 0.03275000
v -0.01062100 0.00355200 0.03275000
v -0.01062100 0.00355200 0.03275000
v -0.01062100 0.00355200 0.03275000
v -0.01062100 0.00355200 0.03275000
v -0.01062100 0.00355200 0.03275000
v -0.02038900 0.00256800 0.03275000
v -0.02038900 0.00256800 0.03275000
v -0.02038900 0.00256800 0.03275000
v -0.02053300 -0.00082300 0.03275000
v -0.02053300 -0.00082300 0.03275000
v -0.02053300 -0.00082300 0.03275000
v -0.01269900 0.00808000 0.03275000
v -0.01269900 0.00808000 0.03275000
v -0.01222400 0.00764200 0.03275000
v -0.01222400 0.00764200 0.03275000
v -0.01084000 0.00900900 0.03275000
v -0.01084000 0.00900900 0.03275000
v -0.01084000 0.00900900 0.03275000
v -0.01084000 0.00900900 0.03275000
v -0.01084000 0.00900900 0.03275000
v -0.01084000 0.00900900 0.03275000
v -0.01084000 0.00900900 0.03275000
v -0.01084000 0.00900900 0.03275000
v -0.01203100 0.00702400 0.03275000
v -0.01203100 0.00702400 0.03275000
v -0.01203100 0.00702400 0.03275000
v -0.01217400 0.00639300 0.03275000
v -0.01217400 0.00639300 0.03275000
v -0.01386100 0.00586700 0.03275000
v -0.01386100 0.00586700 0.03275000
v -0.01433700 0.00630600 0.03275000
v -0.01433700 0.00630600 0.03275000
v -0.01433700 0.00630600 0.03275000
v -0.01968800 0.00588900 0.03275000
v -0.01968800 0.00588900 0.03275000
v -0.01968800 0.00588900 0.03275000
v -0.01452900 0.00692400 0.03275000
v -0.01452900 0.00692400 0.03275000
v -0.01452900 0.00692400 0.03275000
v -0.01438700 0.00755500 0.03275000
v -0.01438700 0.00755500 0.03275000
v -0.01192000 0.01674000 0.03275000
v -0.01451200 0.01455000 0.03275000
v -0.01100800 0.01320500 0.03275000
v -0.01100800 0.01320500 0.03275000
v -0.01100800 0.01320500 0.03275000
v -0.01670900 0.01196300 0.03275000
v -0.01093800 0.01147300 0.03275000
v -0.01093800 0.01147300 0.03275000
v -0.00900200 0.01847300 0.03275000
v -0.00392200 0.01825800 0.03275000
v -0.00392200 0.01825800 0.03275000
v -0.00392200 0.01825800 0.03275000
v -0.00392200 0.01825800 0.03275000
v -0.00392200 0.01825800 0.03275000
v -0.00392200 0.01825800 0.03275000
v -0.00392200 0.01825800 0.03275000
v -0.00583800 0.01970300 0.03275000
v -0.00583800 0.01970300 0.03275000
v 0.00424300 0.02010700 0.03275000
v 0.00424300 0.02010700 0.03275000
v 0.00087500 0.02053100 0.03275000
v 0.00087500 0.02053100 0.03275000
v -0.00251600 0.02039500 0.03275000
v -0.00251600 0.02039500 0.03275000
v 0.00749500 0.01913500 0.03275000
v 0.00749500 0.01913500 0.03275000
v 0.00749500 0.01913500 0.03275000
v 0.00749500 0.01913500 0.03275000
v -0.00065100 0.01623700 0.03275000
v -0.00065100 0.01623700 0.03275000
v -0.00065100 0.01623700 0.03275000
v -0.00002000 0.01609500 0.03275000
v -0.00002000 0.01609500 0.03275000
v -0.00185000 0.01493800 0.03275000
v -0.00185000 0.01493800 0.03275000
v -0.00170700 0.01556900 0.03275000
v -0.00170700 0.01556900 0.03275000
v -0.00126900 0.01604500 0.03275000
v -0.00126900 0.01604500 0.03275000
v 0.00991600 0.01404400 0.03275000
v 0.00991600 0.01404400 0.03275000
v 0.00991600 0.01404400 0.03275000
v 0.00991600 0.01404400 0.03275000
v 0.00991600 0.01404400 0.03275000
v 0.00991600 0.01404400 0.03275000
v 0.01054200 0.01764000 0.03275000
v -0.00055100 0.01373900 0.03275000
v -0.00055100 0.01373900 0.03275000
v -0.00055100 0.01373900 0.03275000
v -0.00118200 0.01388100 0.03275000
v -0.00118200 0.01388100 0.03275000
v -0.00373100 0.01349700 0.03275000
v -0.00373100 0.01349700 0.03275000
v -0.00373100 0.01349700 0.03275000
v -0.00373100 0.01349700 0.03275000
v -0.00373100 0.01349700 0.03275000
v -0.00373100 0.01349700 0.03275000
v -0.00373100 0.01349700 0.03275000
v -0.00373100 0.01349700 0.03275000
v -0.00373100 0.01349700 0.03275000
v -0.00373100 0.01349700 0.03275000
v -0.00165700 0.01432000 0.03275000
v -0.00165700 0.01432000 0.03275000
v 0.00045600 0.01565600 0.03275000
v 0.00045600 0.01565600 0.03275000
v 0.00064800 0.01503800 0.03275000
v 0.00064800 0.01503800 0.03275000
v 0.00064800 0.01503800 0.03275000
v 0.00050600 0.01440700 0.03275000
v 0.00050600 0.01440700 0.03275000
v 0.00006700 0.01393100 0.03275000
v 0.00006700 0.01393100 0.03275000
v 0.01430700 0.01248500 0.03275000
v 0.01430700 0.01248500 0.03275000
v 0.01430700 0.01248500 0.03275000
v 0.01430700 0.01248500 0.03275000
v 0.01440500 0.01002000 0.03275000
v 0.01440500 0.01002000 0.03275000
v 0.01440500 0.01002000 0.03275000
v 0.01440500 0.01002000 0.03275000
v 0.01440500 0.01002000 0.03275000
v 0.01440500 0.01002000 0.03275000
v 0.01766700 0.01049700 0.03275000
v 0.01915400 0.00744500 0.03275000
v 0.01462400 0.00456400 0.03275000
v 0.01462400 0.00456400 0.03275000
v 0.01462400 0.00456400 0.03275000
v 0.01462400 0.00456400 0.03275000
v 0.01462400 0.00456400 0.03275000
v 0.01462400 0.00456400 0.03275000
v 0.02011800 0.00419100 0.03275000
v 0.02011800 0.00419100 0.03275000
v 0.02038900 -0.00256800 0.03275000
v 0.02038900 -0.00256800 0.03275000
v 0.02038900 -0.00256800 0.03275000
v 0.02038900 -0.00256800 0.03275000
v 0.01494200 -0.00337900 0.03275000
v 0.01494200 -0.00337900 0.03275000
v 0.01494200 -0.00337900 0.03275000
v 0.01494200 -0.00337900 0.03275000
v 0.01494200 -0.00337900 0.03275000
v 0.01494200 -0.00337900 0.03275000
v 0.01494200 -0.00337900 0.03275000
v 0.01494200 -0.00337900 0.03275000
v 0.01494200 -0.00337900 0.03275000
v 0.01494200 -0.00337900 0.03275000
v 0.01968800 -0.00588900 0.03275000
v 0.01968800 -0.00588900 0.03275000
v 0.01516100 -0.00883600 0.03275000
v 0.01516100 -0.00883600 0.03275000
v 0.01516100 -0.00883600 0.03275000
v 0.01516100 -0.00883600 0.03275000
v 0.01845000 -0.00904900 0.03275000
v 0.01845000 -0.00904900 0.03275000
v 0.01845000 -0.00904900 0.03275000
v 0.01526000 -0.01130000 0.03275000
v 0.01526000 -0.01130000 0.03275000
v 0.01526000 -0.01130000 0.03275000
v 0.01526000 -0.01130000 0.03275000
v 0.01526000 -0.01130000 0.03275000
v 0.01670900 -0.01196200 0.03275000
v 0.01670900 -0.01196200 0.03275000
v 0.01670900 -0.01196200 0.03275000
v 0.01532900 -0.01303200 0.03275000
v 0.01532900 -0.01303200 0.03275000
v 0.01532900 -0.01303200 0.03275000
v 0.01532900 -0.01303200 0.03275000
v 0.01532900 -0.01303200 0.03275000
v 0.01451200 -0.01455000 0.03275000
v 0.01451200 -0.01455000 0.03275000
v 0.01451200 -0.01455000 0.03275000
v 0.00055100 -0.01373900 0.03275000
v 0.00055100 -0.01373900 0.03275000
v 0.00118200 -0.01388100 0.03275000
v 0.00118200 -0.01388100 0.03275000
v 0.01100800 -0.01320500 0.03275000
v 0.01100800 -0.01320500 0.03275000
v 0.01100800 -0.01320500 0.03275000
v 0.01100800 -0.01320500 0.03275000
v 0.01100800 -0.01320500 0.03275000
v 0.01100800 -0.01320500 0.03275000
v 0.01100800 -0.01320500 0.03275000
v 0.01100800 -0.01320500 0.03275000
v 0.00065100 -0.01623700 0.03275000
v 0.00065100 -0.01623700 0.03275000
v 0.00002000 -0.01609500 0.03275000
v 0.00002000 -0.01609500 0.03275000
v 0.00002000 -0.01609500 0.03275000
v -0.00087500 -0.02053100 0.03275000
v -0.00087500 -0.02053100 0.03275000
v -0.00050600 -0.01440700 0.03275000
v -0.00050600 -0.01440700 0.03275000
v -0.00006700 -0.01393100 0.03275000
v -0.00263900 -0.01375200 0.03275000
v -0.00263900 -0.01375200 0.03275000
v -0.00263900 -0.01375200 0.03275000
v -0.00263900 -0.01375200 0.03275000
v -0.00263900 -0.01375200 0.03275000
v -0.00263900 -0.01375200 0.03275000
v -0.00263900 -0.01375200 0.03275000
v -0.00263900 -0.01375200 0.03275000
v 0.00900200 -0.01847300 0.03275000
v 0.00900200 -0.01847300 0.03275000
v 0.00900200 -0.01847300 0.03275000
v 0.01192000 -0.01674000 0.03275000
v 0.00170700 -0.01556900 0.03275000
v 0.00170700 -0.01556900 0.03275000
v 0.00170700 -0.01556900 0.03275000
v 0.00170700 -0.01556900 0.03275000
v 0.00185000 -0.01493800 0.03275000
v 0.00185000 -0.01493800 0.03275000
v 0.00185000 -0.01493800 0.03275000
v 0.00165700 -0.01432000 0.03275000
v 0.00165700 -0.01432000 0.03275000
v -0.00424300 -0.02010700 0.03275000
v -0.00424300 -0.02010700 0.03275000
v -0.00424300 -0.02010700 0.03275000
v -0.00045600 -0.01565600 0.03275000
v -0.00045600 -0.01565600 0.03275000
v -0.00045600 -0.01565600 0.03275000
v -0.00064800 -0.01503800 0.03275000
v -0.00064800 -0.01503800 0.03275000
v 0.00126900 -0.01604500 0.03275000
v 0.00126900 -0.01604500 0.03275000
v 0.00251600 -0.02039500 0.03275000
v 0.00251600 -0.02039500 0.03275000
v 0.00251600 -0.02039500 0.03275000
v 0.00583800 -0.01970300 0.03275000
v 0.00583800 -0.01970300 0.03275000
v -0.01054200 -0.01764000 0.03275000
v -0.01054200 -0.01764000 0.03275000
v -0.00991600 -0.01404400 0.03275000
v -0.00991600 -0.01404400 0.03275000
v -0.00991600 -0.01404400 0.03275000
v -0.01330100 -0.01566400 0.03275000
v -0.01330100 -0.01566400 0.03275000
v -0.01569800 -0.01326100 0.03275000
v -0.01569800 -0.01326100 0.03275000
v -0.01157300 -0.00859500 0.03275000
v -0.01157300 -0.00859500 0.03275000
v -0.01201200 -0.00907100 0.03275000
v -0.01201200 -0.00907100 0.03275000
v -0.01008400 -0.00984700 0.03275000
v -0.01008400 -0.00984700 0.03275000
v -0.01008400 -0.00984700 0.03275000
v -0.01008400 -0.00984700 0.03275000
v -0.01008400 -0.00984700 0.03275000
v -0.01008400 -0.00984700 0.03275000
v -0.01008400 -0.00984700 0.03275000
v -0.01008400 -0.00984700 0.03275000
v -0.01008400 -0.00984700 0.03275000
v -0.01008400 -0.00984700 0.03275000
v -0.01263000 -0.00926300 0.03275000
v -0.01263000 -0.00926300 0.03275000
v -0.01263000 -0.00926300 0.03275000
v -0.02011800 -0.00419100 0.03275000
v -0.02011800 -0.00419100 0.03275000
v -0.02011800 -0.00419100 0.03275000
v -0.02011800 -0.00419100 0.03275000
v -0.01334700 -0.00695700 0.03275000
v -0.01334700 -0.00695700 0.03275000
v -0.01334700 -0.00695700 0.03275000
v -0.01273000 -0.00676500 0.03275000
v -0.01273000 -0.00676500 0.03275000
v -0.00998500 -0.01231200 0.03275000
v -0.00998500 -0.01231200 0.03275000
v -0.01766700 -0.01049700 0.03275000
v -0.01766700 -0.01049700 0.03275000
v -0.01766700 -0.01049700 0.03275000
v -0.01766700 -0.01049700 0.03275000
v -0.01209800 -0.00690700 0.03275000
v -0.01209800 -0.00690700 0.03275000
v -0.01162300 -0.00734600 0.03275000
v -0.01162300 -0.00734600 0.03275000
v -0.01162300 -0.00734600 0.03275000
v -0.01143100 -0.00796400 0.03275000
v -0.01143100 -0.00796400 0.03275000
v -0.01326100 -0.00912100 0.03275000
v -0.01326100 -0.00912100 0.03275000
v -0.01373600 -0.00868200 0.03275000
v -0.01373600 -0.00868200 0.03275000
v -0.01373600 -0.00868200 0.03275000
v -0.01915400 -0.00744500 0.03275000
v -0.01915400 -0.00744500 0.03275000
v -0.01392900 -0.00806400 0.03275000
v -0.01392900 -0.00806400 0.03275000
v -0.01392900 -0.00806400 0.03275000
v -0.02011800 -0.00419100 0.03275000
v -0.01378600 -0.00743300 0.03275000
v -0.01378600 -0.00743300 0.03275000
v -0.00923300 0.00907300 0.03275000
v -0.00923300 0.00907300 0.03275000
v -0.00923300 0.00907300 0.03275000
v -0.00923300 0.00907300 0.03275000
v -0.00923300 0.00907300 0.03275000
v -0.00923300 0.00907300 0.03275000
v -0.00923300 0.00907300 0.03275000
v -0.00356300 0.00930000 0.03275000
v -0.00356300 0.00930000 0.03275000
v -0.00356300 0.00930000 0.03275000
v -0.00356300 0.00930000 0.03275000
v -0.00722500 0.00984000 0.03275000
v -0.00722500 0.00984000 0.03275000
v -0.00722500 0.00984000 0.03275000
v -0.00638500 0.01010100 0.03275000
v -0.00808300 0.01003300 0.03275000
v -0.00808300 0.01003300 0.03275000
v -0.00873000 0.01063000 0.03275000
v -0.00873000 0.01063000 0.03275000
v -0.00933200 0.01153800 0.03275000
v -0.00933200 0.01153800 0.03275000
v -0.00933200 0.01153800 0.03275000
v -0.00933200 0.01153800 0.03275000
v -0.00933200 0.01153800 0.03275000
v -0.00899200 0.01147000 0.03275000
v -0.00899200 0.01147000 0.03275000
v -0.00899200 0.01147000 0.03275000
v -0.00940100 0.01327000 0.03275000
v -0.00940100 0.01327000 0.03275000
v -0.00940100 0.01327000 0.03275000
v -0.00940100 0.01327000 0.03275000
v -0.00940100 0.01327000 0.03275000
v -0.00940100 0.01327000 0.03275000
v -0.00940100 0.01327000 0.03275000
v -0.00879800 0.01232900 0.03275000
v -0.00820100 0.01297500 0.03275000
v -0.00820100 0.01297500 0.03275000
v -0.00736100 0.01323700 0.03275000
v -0.00736100 0.01323700 0.03275000
v -0.00736100 0.01323700 0.03275000
v -0.00650200 0.01304400 0.03275000
v -0.00650200 0.01304400 0.03275000
v -0.00585600 0.01244700 0.03275000
v -0.00585600 0.01244700 0.03275000
v -0.00585600 0.01244700 0.03275000
v -0.00366200 0.01176500 0.03275000
v -0.00366200 0.01176500 0.03275000
v -0.00366200 0.01176500 0.03275000
v -0.00366200 0.01176500 0.03275000
v -0.00366200 0.01176500 0.03275000
v -0.00366200 0.01176500 0.03275000
v -0.00366200 0.01176500 0.03275000
v -0.00366200 0.01176500 0.03275000
v -0.00559400 0.01160600 0.03275000
v -0.00559400 0.01160600 0.03275000
v -0.00559400 0.01160600 0.03275000
v -0.00578800 0.01074800 0.03275000
v -0.00578800 0.01074800 0.03275000
v -0.00725400 -0.01064800 0.03275000
v -0.00725400 -0.01064800 0.03275000
v -0.00641400 -0.01038600 0.03275000
v -0.00641400 -0.01038600 0.03275000
v -0.00641400 -0.01038600 0.03275000
v -0.00847700 -0.00978300 0.03275000
v -0.00847700 -0.00978300 0.03275000
v -0.00847700 -0.00978300 0.03275000
v -0.00847700 -0.00978300 0.03275000
v -0.00847700 -0.00978300 0.03275000
v -0.00847700 -0.00978300 0.03275000
v -0.00280700 -0.00955600 0.03275000
v -0.00280700 -0.00955600 0.03275000
v -0.00280700 -0.00955600 0.03275000
v -0.00280700 -0.00955600 0.03275000
v -0.00280700 -0.00955600 0.03275000
v -0.00280700 -0.00955600 0.03275000
v -0.00555600 -0.01058000 0.03275000
v -0.00555600 -0.01058000 0.03275000
v -0.00490900 -0.01117700 0.03275000
v -0.00490900 -0.01117700 0.03275000
v -0.00490900 -0.01117700 0.03275000
v -0.00270800 -0.01202000 0.03275000
v -0.00270800 -0.01202000 0.03275000
v -0.00270800 -0.01202000 0.03275000
v -0.00270800 -0.01202000 0.03275000
v -0.00270800 -0.01202000 0.03275000
v -0.00270800 -0.01202000 0.03275000
v -0.00270800 -0.01202000 0.03275000
v -0.00464700 -0.01201700 0.03275000
v -0.00464700 -0.01201700 0.03275000
v -0.00464700 -0.01201700 0.03275000
v -0.00484100 -0.01287500 0.03275000
v -0.00484100 -0.01287500 0.03275000
v -0.00543800 -0.01352200 0.03275000
v -0.00543800 -0.01352200 0.03275000
v -0.00749500 -0.01913500 0.03275000
v -0.00749500 -0.01913500 0.03275000
v -0.00830900 -0.01398000 0.03275000
v -0.00830900 -0.01398000 0.03275000
v -0.00830900 -0.01398000 0.03275000
v -0.00830900 -0.01398000 0.03275000
v -0.00627800 -0.01378400 0.03275000
v -0.00627800 -0.01378400 0.03275000
v -0.00627800 -0.01378400 0.03275000
v -0.00713700 -0.01359000 0.03275000
v -0.00713700 -0.01359000 0.03275000
v -0.00778300 -0.01299300 0.03275000
v -0.00778300 -0.01299300 0.03275000
v -0.00837900 -0.01224700 0.03275000
v -0.00837900 -0.01224700 0.03275000
v -0.00804500 -0.01215300 0.03275000
v -0.00804500 -0.01215300 0.03275000
v -0.00785100 -0.01129500 0.03275000
v 0.01273100 0.00198400 0.03275000
v 0.01273100 0.00198400 0.03275000
v 0.01273100 0.00198400 0.03275000
v 0.01357100 0.00224500 0.03275000
v 0.01357100 0.00224500 0.03275000
v 0.01442900 0.00205200 0.03275000
v 0.01442900 0.00205200 0.03275000
v 0.01507600 0.00145500 0.03275000
v 0.01507600 0.00145500 0.03275000
v 0.01507600 0.00145500 0.03275000
v 0.02053300 0.00082300 0.03275000
v 0.02053300 0.00082300 0.03275000
v 0.02053300 0.00082300 0.03275000
v 0.01533800 0.00061500 0.03275000
v 0.01533800 0.00061500 0.03275000
v 0.01533800 0.00061500 0.03275000
v 0.01514400 -0.00024400 0.03275000
v 0.01514400 -0.00024400 0.03275000
v 0.01514400 -0.00024400 0.03275000
v 0.01454700 -0.00089000 0.03275000
v 0.01454700 -0.00089000 0.03275000
v 0.01370700 -0.00115200 0.03275000
v 0.01370700 -0.00115200 0.03275000
v 0.01370700 -0.00115200 0.03275000
v 0.01284900 -0.00095800 0.03275000
v 0.01284900 -0.00095800 0.03275000
v 0.01062100 -0.00355200 0.03275000
v 0.01062100 -0.00355200 0.03275000
v 0.01062100 -0.00355200 0.03275000
v 0.01062100 -0.00355200 0.03275000
v 0.01062100 -0.00355200 0.03275000
v 0.01062100 -0.00355200 0.03275000
v 0.01062100 -0.00355200 0.03275000
v 0.01062100 -0.00355200 0.03275000
v 0.01062100 -0.00355200 0.03275000
v 0.01062100 -0.00355200 0.03275000
v 0.01062100 -0.00355200 0.03275000
v 0.01062100 -0.00355200 0.03275000
v 0.01213400 0.00133700 0.03275000
v 0.01030300 0.00439100 0.03275000
v 0.01030300 0.00439100 0.03275000
v 0.01030300 0.00439100 0.03275000
v 0.01030300 0.00439100 0.03275000
v 0.01030300 0.00439100 0.03275000
v 0.01030300 0.00439100 0.03275000
v 0.01030300 0.00439100 0.03275000
v 0.01030300 0.00439100 0.03275000
v 0.01030300 0.00439100 0.03275000
v 0.01194000 0.00047900 0.03275000
v 0.01194000 0.00047900 0.03275000
v 0.01220200 -0.00036200 0.03275000
v 0.01220200 -0.00036200 0.03275000
v -0.00935200 0.00360300 0.03275000
v -0.00935200 0.00360300 0.03275000
v -0.00886800 -0.00515300 0.03275000
v -0.00886800 -0.00515300 0.03275000
v -0.00886800 -0.00515300 0.03275000
v -0.00846000 -0.00579900 0.03275000
v -0.00846000 -0.00579900 0.03275000
v -0.00846000 -0.00579900 0.03275000
v 0.01093800 -0.01147300 0.03275000
v 0.01093800 -0.01147300 0.03275000
v 0.01093800 -0.01147300 0.03275000
v 0.01093800 -0.01147300 0.03275000
v 0.00079200 -0.01022600 0.03275000
v 0.00079200 -0.01022600 0.03275000
v 0.00002900 -0.01025600 0.03275000
v 0.00002900 -0.01025600 0.03275000
v -0.00069900 -0.01002400 0.03275000
v -0.00069900 -0.01002400 0.03275000
v -0.00069900 -0.01002400 0.03275000
v -0.00785500 -0.00626600 0.03275000
v -0.00785500 -0.00626600 0.03275000
v -0.00785500 -0.00626600 0.03275000
v 0.00935400 -0.00367000 0.03275000
v 0.00935400 -0.00367000 0.03275000
v 0.00925200 -0.00442700 0.03275000
v 0.00925200 -0.00442700 0.03275000
v 0.00889700 -0.00510300 0.03275000
v 0.00886800 0.00515300 0.03275000
v 0.00886800 0.00515300 0.03275000
v 0.00903100 0.00440700 0.03275000
v 0.00903100 0.00440700 0.03275000
v 0.00903300 0.00434000 0.03275000
v 0.00903300 0.00434000 0.03275000
v 0.00903300 0.00434000 0.03275000
v 0.00935200 -0.00360300 0.03275000
v 0.00935200 -0.00360300 0.03275000
v 0.00846000 0.00579900 0.03275000
v 0.00846000 0.00579900 0.03275000
v 0.00846000 0.00579900 0.03275000
v 0.01008400 0.00984700 0.03275000
v 0.01008400 0.00984700 0.03275000
v 0.01008400 0.00984700 0.03275000
v 0.01008400 0.00984700 0.03275000
v 0.01008400 0.00984700 0.03275000
v 0.01008400 0.00984700 0.03275000
v 0.01008400 0.00984700 0.03275000
v 0.00785500 0.00626600 0.03275000
v 0.00785500 0.00626600 0.03275000
v 0.00069900 0.01002400 0.03275000
v 0.00069900 0.01002400 0.03275000
v 0.00998500 0.01231200 0.03275000
v 0.00998500 0.01231200 0.03275000
v 0.00998500 0.01231200 0.03275000
v 0.00998500 0.01231200 0.03275000
v 0.00998500 0.01231200 0.03275000
v 0.00998500 0.01231200 0.03275000
v -0.00002900 0.01025700 0.03275000
v -0.00002900 0.01025700 0.03275000
v -0.00002900 0.01025700 0.03275000
v -0.00925200 0.00442700 0.03275000
v -0.00925200 0.00442700 0.03275000
v -0.00925200 0.00442700 0.03275000
v -0.00925200 0.00442700 0.03275000
v -0.00889700 0.00510300 0.03275000
v -0.00889700 0.00510300 0.03275000
v -0.00833200 0.00561800 0.03275000
v -0.00833200 0.00561800 0.03275000
v -0.00149900 0.00993600 0.03275000
v -0.00149900 0.00993600 0.03275000
v -0.00079200 0.01022600 0.03275000
v -0.00079200 0.01022600 0.03275000
v 0.01323000 -0.00572500 0.03275000
v 0.01323000 -0.00572500 0.03275000
v 0.01386100 -0.00586700 0.03275000
v 0.01386100 -0.00586700 0.03275000
v 0.01333000 -0.00822300 0.03275000
v 0.01333000 -0.00822300 0.03275000
v 0.01269900 -0.00808000 0.03275000
v 0.01269900 -0.00808000 0.03275000
v 0.01261200 -0.00591700 0.03275000
v 0.01261200 -0.00591700 0.03275000
v 0.01261200 -0.00591700 0.03275000
v 0.01394800 -0.00803000 0.03275000
v 0.01433700 -0.00630600 0.03275000
v 0.01433700 -0.00630600 0.03275000
v 0.01452900 -0.00692400 0.03275000
v 0.01452900 -0.00692400 0.03275000
v 0.01452900 -0.00692400 0.03275000
v 0.01438700 -0.00755500 0.03275000
v 0.01222400 -0.00764200 0.03275000
v 0.01222400 -0.00764200 0.03275000
v 0.01203100 -0.00702400 0.03275000
v 0.01203100 -0.00702400 0.03275000
v 0.01203100 -0.00702400 0.03275000
v 0.01217400 -0.00639300 0.03275000
v 0.01217400 -0.00639300 0.03275000
v 0.01263000 0.00926300 0.03275000
v 0.01263000 0.00926300 0.03275000
v 0.01326100 0.00912100 0.03275000
v 0.01326100 0.00912100 0.03275000
v 0.01157300 0.00859500 0.03275000
v 0.01157300 0.00859500 0.03275000
v 0.01201200 0.00907100 0.03275000
v 0.01334700 0.00695700 0.03275000
v 0.01334700 0.00695700 0.03275000
v 0.01273000 0.00676500 0.03275000
v 0.01273000 0.00676500 0.03275000
v 0.01273000 0.00676500 0.03275000
v 0.01373600 0.00868200 0.03275000
v 0.01373600 0.00868200 0.03275000
v 0.01392900 0.00806400 0.03275000
v 0.01392900 0.00806400 0.03275000
v 0.01392900 0.00806400 0.03275000
v 0.01378600 0.00743300 0.03275000
v 0.01209800 0.00690700 0.03275000
v 0.01209800 0.00690700 0.03275000
v 0.01162300 0.00734600 0.03275000
v 0.01162300 0.00734600 0.03275000
v 0.01162300 0.00734600 0.03275000
v 0.01143100 0.00796400 0.03275000
v 0.01143100 0.00796400 0.03275000
v -0.00935400 0.00367000 0.03275000
v -0.00935400 0.00367000 0.03275000
v -0.00978600 0.01807000 0.03275000
v -0.00978600 0.01807000 0.03275000
v -0.00978600 0.01807000 0.03275000
v -0.01119500 0.01723300 0.03275000
v -0.01119500 0.01723300 0.03275000
v -0.00061200 0.00496200 0.02475000
v -0.00061200 0.00496200 0.02475000
v -0.00061200 0.00496200 0.02475000
v 0.00020800 0.00599600 0.02475000
v 0.00020800 0.00599600 0.02475000
v 0.00103200 0.00489200 0.02475000
v 0.00103200 0.00489200 0.02475000
v 0.00103200 0.00489200 0.02475000
v 0.00196700 0.00566800 0.02475000
v 0.00196700 0.00566800 0.02475000
v 0.00256500 0.00429200 0.02475000
v 0.00256500 0.00429200 0.02475000
v 0.00256500 0.00429200 0.02475000
v 0.00355000 0.00483700 0.02475000
v 0.00355000 0.00483700 0.02475000
v 0.00381900 0.00322700 0.02475000
v 0.00381900 0.00322700 0.02475000
v 0.00481800 0.00357600 0.02475000
v 0.00481800 0.00357600 0.02475000
v 0.00466000 0.00181200 0.02475000
v 0.00466000 0.00181200 0.02475000
v 0.00565800 0.00199700 0.02475000
v 0.00565800 0.00199700 0.02475000
v 0.00565800 0.00199700 0.02475000
v 0.00499600 0.00020000 0.02475000
v 0.00499600 0.00020000 0.02475000
v 0.00599500 0.00024000 0.02475000
v 0.00599500 0.00024000 0.02475000
v 0.00599500 0.00024000 0.02475000
v 0.00479000 -0.00143300 0.02475000
v 0.00479000 -0.00143300 0.02475000
v 0.00479000 -0.00143300 0.02475000
v 0.00580000 -0.00153800 0.02475000
v 0.00580000 -0.00153800 0.02475000
v 0.00580000 -0.00153800 0.02475000
v 0.00406500 -0.00291100 0.02475000
v 0.00406500 -0.00291100 0.02475000
v 0.00406500 -0.00291100 0.02475000
v 0.00508900 -0.00317900 0.02475000
v 0.00508900 -0.00317900 0.02475000
v 0.00508900 -0.00317900 0.02475000
v 0.00290000 -0.00407300 0.02475000
v 0.00290000 -0.00407300 0.02475000
v 0.00290000 -0.00407300 0.02475000
v 0.00392600 -0.00453700 0.02475000
v 0.00392600 -0.00453700 0.02475000
v 0.00392600 -0.00453700 0.02475000
v 0.00142100 -0.00479400 0.02475000
v 0.00142100 -0.00479400 0.02475000
v 0.00142100 -0.00479400 0.02475000
v 0.00241400 -0.00549300 0.02475000
v 0.00241400 -0.00549300 0.02475000
v 0.00241400 -0.00549300 0.02475000
v -0.00021300 -0.00499500 0.02475000
v -0.00021300 -0.00499500 0.02475000
v -0.00021300 -0.00499500 0.02475000
v -0.00021300 -0.00499500 0.02475000
v 0.00068800 -0.00596000 0.02475000
v 0.00068800 -0.00596000 0.02475000
v -0.00110000 -0.00589800 0.02475000
v -0.00110000 -0.00589800 0.02475000
v -0.00110000 -0.00589800 0.02475000
v -0.00182300 -0.00465600 0.02475000
v -0.00182300 -0.00465600 0.02475000
v -0.00182300 -0.00465600 0.02475000
v -0.00278900 -0.00531200 0.02475000
v -0.00278900 -0.00531200 0.02475000
v -0.00278900 -0.00531200 0.02475000
v -0.00323600 -0.00381100 0.02475000
v -0.00323600 -0.00381100 0.02475000
v -0.00323600 -0.00381100 0.02475000
v -0.00423100 -0.00425400 0.02475000
v -0.00423100 -0.00425400 0.02475000
v -0.00429800 -0.00255400 0.02475000
v -0.00429800 -0.00255400 0.02475000
v -0.00529700 -0.00281800 0.02475000
v -0.00529700 -0.00281800 0.02475000
v -0.00489500 -0.00102000 0.02475000
v -0.00489500 -0.00102000 0.02475000
v -0.00589200 -0.00113100 0.02475000
v -0.00589200 -0.00113100 0.02475000
v -0.00589200 -0.00113100 0.02475000
v -0.00496100 0.00062500 0.02475000
v -0.00496100 0.00062500 0.02475000
v -0.00596400 0.00065600 0.02475000
v -0.00596400 0.00065600 0.02475000
v -0.00448900 0.00220200 0.02475000
v -0.00550600 0.00238500 0.02475000
v -0.00353100 0.00354000 0.02475000
v -0.00353100 0.00354000 0.02475000
v -0.00455800 0.00390200 0.02475000
v -0.00455800 0.00390200 0.02475000
v -0.00219000 0.00449500 0.02475000
v -0.00219000 0.00449500 0.02475000
v -0.00320600 0.00507200 0.02475000
v -0.00320600 0.00507200 0.02475000
v -0.00156800 0.00579100 0.02475000
v -0.00156800 0.00579100 0.02475000
v 0.00582000 -0.00145800 0.02125000
v 0.00580000 -0.00153800 0.02475000
v 0.00599500 0.00024000 0.02475000
v 0.00580000 -0.00153800 0.02125000
v 0.00517300 -0.00303900 0.02125000
v 0.00508900 -0.00317900 0.02475000
v 0.00508900 -0.00317900 0.02125000
v 0.00410800 -0.00437300 0.02125000
v 0.00392600 -0.00453700 0.02475000
v 0.00392600 -0.00453700 0.02125000
v 0.00270900 -0.00535400 0.02125000
v 0.00241400 -0.00549300 0.02475000
v 0.00241400 -0.00549300 0.02125000
v 0.00109100 -0.00590000 0.02125000
v 0.00068800 -0.00596000 0.02475000
v 0.00068800 -0.00596000 0.02125000
v -0.00061500 -0.00596800 0.02125000
v -0.00110000 -0.00589800 0.02475000
v -0.00110000 -0.00589800 0.02125000
v -0.00227200 -0.00555300 0.02125000
v -0.00278900 -0.00531200 0.02475000
v -0.00278900 -0.00531200 0.02125000
v -0.00374400 -0.00468800 0.02125000
v -0.00423100 -0.00425400 0.02475000
v -0.00423100 -0.00425400 0.02125000
v -0.00491400 -0.00344300 0.02125000
v -0.00529700 -0.00281800 0.02475000
v -0.00529700 -0.00281800 0.02125000
v -0.00568500 -0.00192000 0.02125000
v -0.00589200 -0.00113100 0.02475000
v -0.00589200 -0.00113100 0.02125000
v -0.00599500 -0.00024000 0.02125000
v -0.00596400 0.00065600 0.02475000
v -0.00596400 0.00065600 0.02125000
v -0.00582000 0.00145800 0.02125000
v -0.00550600 0.00238500 0.02475000
v -0.00550600 0.00238500 0.02125000
v -0.00517300 0.00303900 0.02125000
v -0.00455800 0.00390200 0.02475000
v -0.00455800 0.00390200 0.02125000
v -0.00410800 0.00437300 0.02125000
v -0.00320600 0.00507200 0.02475000
v -0.00320600 0.00507200 0.02125000
v -0.00270900 0.00535400 0.02125000
v -0.00156800 0.00579100 0.02475000
v -0.00156800 0.00579100 0.02125000
v -0.00109100 0.00590000 0.02125000
v 0.00020800 0.00599600 0.02475000
v 0.00020800 0.00599600 0.02125000
v 0.00061500 0.00596800 0.02125000
v 0.00196700 0.00566800 0.02475000
v 0.00196700 0.00566800 0.02125000
v 0.00227200 0.00555300 0.02125000
v 0.00355000 0.00483700 0.02475000
v 0.00355000 0.00483700 0.02125000
v 0.00374400 0.00468800 0.02125000
v 0.00481800 0.00357600 0.02475000
v 0.00481800 0.00357600 0.02125000
v 0.00491400 0.00344300 0.02125000
v 0.00565800 0.00199700 0.02475000
v 0.00565800 0.00199700 0.02125000
v 0.00568500 0.00192000 0.02125000
v 0.00599500 0.00024000 0.02125000
v 0.00532300 0.00373000 0.02075000
v 0.00615800 0.00208000 0.02075000
v 0.00565800 0.00199700 0.02125000
v 0.00491400 0.00344300 0.02125000
v 0.00481800 0.00357600 0.02125000
v 0.00405600 0.00507900 0.02075000
v 0.00374400 0.00468800 0.02125000
v 0.00355000 0.00483700 0.02125000
v 0.00246100 0.00601600 0.02075000
v 0.00227200 0.00555300 0.02125000
v 0.00196700 0.00566800 0.02125000
v 0.00066700 0.00646600 0.02075000
v 0.00061500 0.00596800 0.02125000
v 0.00020800 0.00599600 0.02125000
v -0.00118200 0.00639200 0.02075000
v -0.00109100 0.00590000 0.02125000
v -0.00156800 0.00579100 0.02125000
v -0.00293500 0.00580000 0.02075000
v -0.00270900 0.00535400 0.02125000
v -0.00320600 0.00507200 0.02125000
v -0.00445000 0.00473800 0.02075000
v -0.00410800 0.00437300 0.02125000
v -0.00455800 0.00390200 0.02125000
v -0.00560400 0.00329200 0.02075000
v -0.00517300 0.00303900 0.02125000
v -0.00550600 0.00238500 0.02125000
v -0.00630500 0.00158000 0.02075000
v -0.00582000 0.00145800 0.02125000
v -0.00596400 0.00065600 0.02125000
v -0.00649500 -0.00026000 0.02075000
v -0.00599500 -0.00024000 0.02125000
v -0.00615800 -0.00208000 0.02075000
v -0.00589200 -0.00113100 0.02125000
v -0.00568500 -0.00192000 0.02125000
v -0.00532300 -0.00373000 0.02075000
v -0.00529700 -0.00281800 0.02125000
v -0.00491400 -0.00344300 0.02125000
v -0.00405600 -0.00507900 0.02075000
v -0.00423100 -0.00425400 0.02125000
v -0.00374400 -0.00468800 0.02125000
v -0.00246100 -0.00601600 0.02075000
v -0.00278900 -0.00531200 0.02125000
v -0.00227200 -0.00555300 0.02125000
v -0.00066700 -0.00646600 0.02075000
v -0.00110000 -0.00589800 0.02125000
v -0.00061500 -0.00596800 0.02125000
v 0.00118200 -0.00639200 0.02075000
v 0.00068800 -0.00596000 0.02125000
v 0.00109100 -0.00590000 0.02125000
v 0.00293500 -0.00580000 0.02075000
v 0.00241400 -0.00549300 0.02125000
v 0.00270900 -0.00535400 0.02125000
v 0.00445000 -0.00473800 0.02075000
v 0.00392600 -0.00453700 0.02125000
v 0.00392600 -0.00453700 0.02125000
v 0.00445000 -0.00473800 0.02075000
v 0.00410800 -0.00437300 0.02125000
v 0.00560400 -0.00329200 0.02075000
v 0.00508900 -0.00317900 0.02125000
v 0.00517300 -0.00303900 0.02125000
v 0.00630500 -0.00158000 0.02075000
v 0.00580000 -0.00153800 0.02125000
v 0.00582000 -0.00145800 0.02125000
v 0.00649500 0.00026000 0.02075000
v 0.00599500 0.00024000 0.02125000
v 0.00568500 0.00192000 0.02125000
v -0.00384800 -0.01198500 0.02575000
v -0.00384800 -0.01198500 0.02095000
v -0.00384800 -0.01198500 0.02095000
v -0.00405200 -0.01307900 0.02575000
v -0.00405200 -0.01307900 0.02575000
v -0.00405200 -0.01307900 0.02095000
v -0.00405200 -0.01307900 0.02575000
v -0.00405200 -0.01307900 0.02095000
v -0.00405200 -0.01307900 0.02095000
v -0.00471000 -0.01397600 0.02575000
v -0.00471000 -0.01397600 0.02575000
v -0.00471000 -0.01397600 0.02095000
v -0.00471000 -0.01397600 0.02575000
v -0.00471000 -0.01397600 0.02095000
v -0.00569300 -0.01449800 0.02575000
v -0.00569300 -0.01449800 0.02095000
v -0.00569300 -0.01449800 0.02575000
v -0.00569300 -0.01449800 0.02095000
v -0.00569300 -0.01449800 0.02095000
v -0.00680400 -0.01454300 0.02575000
v -0.00680400 -0.01454300 0.02575000
v -0.00680400 -0.01454300 0.02095000
v -0.00680400 -0.01454300 0.02575000
v -0.00680400 -0.01454300 0.02095000
v -0.00680400 -0.01454300 0.02095000
v -0.00782500 -0.01410000 0.02575000
v -0.00782500 -0.01410000 0.02575000
v -0.00782500 -0.01410000 0.02095000
v -0.00782500 -0.01410000 0.02575000
v -0.00782500 -0.01410000 0.02095000
v -0.00782500 -0.01410000 0.02095000
v -0.00855300 -0.01325900 0.02575000
v -0.00855300 -0.01325900 0.02575000
v -0.00855300 -0.01325900 0.02095000
v -0.00855300 -0.01325900 0.02575000
v -0.00855300 -0.01325900 0.02095000
v -0.00855300 -0.01325900 0.02095000
v -0.00884400 -0.01218500 0.02575000
v -0.00884400 -0.01218500 0.02575000
v -0.00884400 -0.01218500 0.02095000
v -0.00884400 -0.01218500 0.02575000
v -0.00884400 -0.01218500 0.02095000
v -0.00884400 -0.01218500 0.02095000
v -0.00864000 -0.01109100 0.02575000
v -0.00864000 -0.01109100 0.02575000
v -0.00864000 -0.01109100 0.02095000
v -0.00864000 -0.01109100 0.02575000
v -0.00864000 -0.01109100 0.02095000
v -0.00864000 -0.01109100 0.02095000
v -0.00798200 -0.01019400 0.02575000
v -0.00798200 -0.01019400 0.02575000
v -0.00798200 -0.01019400 0.02095000
v -0.00798200 -0.01019400 0.02575000
v -0.00798200 -0.01019400 0.02095000
v -0.00798200 -0.01019400 0.02095000
v -0.00700000 -0.00967200 0.02575000
v -0.00700000 -0.00967200 0.02575000
v -0.00700000 -0.00967200 0.02095000
v -0.00700000 -0.00967200 0.02575000
v -0.00700000 -0.00967200 0.02095000
v -0.00700000 -0.00967200 0.02095000
v -0.00588800 -0.00962700 0.02575000
v -0.00588800 -0.00962700 0.02575000
v -0.00588800 -0.00962700 0.02095000
v -0.00588800 -0.00962700 0.02575000
v -0.00588800 -0.00962700 0.02095000
v -0.00588800 -0.00962700 0.02095000
v -0.00486700 -0.01007000 0.02575000
v -0.00486700 -0.01007000 0.02575000
v -0.00486700 -0.01007000 0.02095000
v -0.00486700 -0.01007000 0.02575000
v -0.00486700 -0.01007000 0.02095000
v -0.00413900 -0.01091100 0.02575000
v -0.00413900 -0.01091100 0.02095000
v -0.00413900 -0.01091100 0.02575000
v -0.00413900 -0.01091100 0.02095000
v -0.00413900 -0.01091100 0.02095000
v -0.00384800 -0.01198500 0.02575000
v -0.00384800 -0.01198500 0.02575000
v -0.00384800 -0.01198500 0.02095000
v -0.00640600 -0.01058600 0.02575000
v -0.00640600 -0.01058600 0.02575000
v -0.00640600 -0.01058600 0.02575000
v -0.00588800 -0.00962700 0.02575000
v -0.00588800 -0.00962700 0.02575000
v -0.00564900 -0.01075700 0.02575000
v -0.00564900 -0.01075700 0.02575000
v -0.00486700 -0.01007000 0.02575000
v -0.00486700 -0.01007000 0.02575000
v -0.00507800 -0.01128400 0.02575000
v -0.00413900 -0.01091100 0.02575000
v -0.00413900 -0.01091100 0.02575000
v -0.00484700 -0.01202500 0.02575000
v -0.00484700 -0.01202500 0.02575000
v -0.00484700 -0.01202500 0.02575000
v -0.00384800 -0.01198500 0.02575000
v -0.00384800 -0.01198500 0.02575000
v -0.00384800 -0.01198500 0.02575000
v -0.00501800 -0.01278200 0.02575000
v -0.00501800 -0.01278200 0.02575000
v -0.00501800 -0.01278200 0.02575000
v -0.00405200 -0.01307900 0.02575000
v -0.00405200 -0.01307900 0.02575000
v -0.00405200 -0.01307900 0.02575000
v -0.00554500 -0.01335300 0.02575000
v -0.00554500 -0.01335300 0.02575000
v -0.00554500 -0.01335300 0.02575000
v -0.00471000 -0.01397600 0.02575000
v -0.00471000 -0.01397600 0.02575000
v -0.00628600 -0.01358400 0.02575000
v -0.00628600 -0.01358400 0.02575000
v -0.00569300 -0.01449800 0.02575000
v -0.00680400 -0.01454300 0.02575000
v -0.00680400 -0.01454300 0.02575000
v -0.00680400 -0.01454300 0.02575000
v -0.00704300 -0.01341300 0.02575000
v -0.00704300 -0.01341300 0.02575000
v -0.00704300 -0.01341300 0.02575000
v -0.00782500 -0.01410000 0.02575000
v -0.00782500 -0.01410000 0.02575000
v -0.00782500 -0.01410000 0.02575000
v -0.00761400 -0.01288600 0.02575000
v -0.00761400 -0.01288600 0.02575000
v -0.00761400 -0.01288600 0.02575000
v -0.00855300 -0.01325900 0.02575000
v -0.00855300 -0.01325900 0.02575000
v -0.00855300 -0.01325900 0.02575000
v -0.00784500 -0.01214500 0.02575000
v -0.00784500 -0.01214500 0.02575000
v -0.00884400 -0.01218500 0.02575000
v -0.00884400 -0.01218500 0.02575000
v -0.00884400 -0.01218500 0.02575000
v -0.00767400 -0.01138800 0.02575000
v -0.00767400 -0.01138800 0.02575000
v -0.00864000 -0.01109100 0.02575000
v -0.00864000 -0.01109100 0.02575000
v -0.00864000 -0.01109100 0.02575000
v -0.00714800 -0.01081700 0.02575000
v -0.00714800 -0.01081700 0.02575000
v -0.00798200 -0.01019400 0.02575000
v -0.00798200 -0.01019400 0.02575000
v -0.00798200 -0.01019400 0.02575000
v -0.00700000 -0.00967200 0.02575000
v -0.00700000 -0.00967200 0.02575000
v -0.00588800 -0.00962700 0.02575000
v -0.00479500 0.01163900 0.02575000
v -0.00479500 0.01163900 0.02095000
v -0.00479500 0.01163900 0.02095000
v -0.00499900 0.01054500 0.02575000
v -0.00499900 0.01054500 0.02575000
v -0.00499900 0.01054500 0.02095000
v -0.00499900 0.01054500 0.02575000
v -0.00499900 0.01054500 0.02095000
v -0.00499900 0.01054500 0.02095000
v -0.00565700 0.00964800 0.02575000
v -0.00565700 0.00964800 0.02575000
v -0.00565700 0.00964800 0.02095000
v -0.00565700 0.00964800 0.02575000
v -0.00565700 0.00964800 0.02095000
v -0.00663900 0.00912500 0.02575000
v -0.00663900 0.00912500 0.02095000
v -0.00663900 0.00912500 0.02575000
v -0.00663900 0.00912500 0.02095000
v -0.00663900 0.00912500 0.02095000
v -0.00775100 0.00908100 0.02575000
v -0.00775100 0.00908100 0.02575000
v -0.00775100 0.00908100 0.02095000
v -0.00775100 0.00908100 0.02575000
v -0.00775100 0.00908100 0.02095000
v -0.00775100 0.00908100 0.02095000
v -0.00877200 0.00952300 0.02575000
v -0.00877200 0.00952300 0.02575000
v -0.00877200 0.00952300 0.02095000
v -0.00877200 0.00952300 0.02575000
v -0.00877200 0.00952300 0.02095000
v -0.00950000 0.01036400 0.02575000
v -0.00950000 0.01036400 0.02095000
v -0.00950000 0.01036400 0.02575000
v -0.00950000 0.01036400 0.02095000
v -0.00979100 0.01143800 0.02575000
v -0.00979100 0.01143800 0.02095000
v -0.00979100 0.01143800 0.02575000
v -0.00979100 0.01143800 0.02095000
v -0.00979100 0.01143800 0.02095000
v -0.00958700 0.01253200 0.02575000
v -0.00958700 0.01253200 0.02575000
v -0.00958700 0.01253200 0.02095000
v -0.00958700 0.01253200 0.02575000
v -0.00958700 0.01253200 0.02095000
v -0.00958700 0.01253200 0.02095000
v -0.00892900 0.01342900 0.02575000
v -0.00892900 0.01342900 0.02575000
v -0.00892900 0.01342900 0.02095000
v -0.00892900 0.01342900 0.02575000
v -0.00892900 0.01342900 0.02095000
v -0.00892900 0.01342900 0.02095000
v -0.00794600 0.01395200 0.02575000
v -0.00794600 0.01395200 0.02575000
v -0.00794600 0.01395200 0.02095000
v -0.00794600 0.01395200 0.02575000
v -0.00794600 0.01395200 0.02095000
v -0.00794600 0.01395200 0.02095000
v -0.00683500 0.01399600 0.02575000
v -0.00683500 0.01399600 0.02575000
v -0.00683500 0.01399600 0.02095000
v -0.00683500 0.01399600 0.02575000
v -0.00683500 0.01399600 0.02095000
v -0.00683500 0.01399600 0.02095000
v -0.00581400 0.01355400 0.02575000
v -0.00581400 0.01355400 0.02575000
v -0.00581400 0.01355400 0.02095000
v -0.00581400 0.01355400 0.02575000
v -0.00581400 0.01355400 0.02095000
v -0.00581400 0.01355400 0.02095000
v -0.00508600 0.01271200 0.02575000
v -0.00508600 0.01271200 0.02575000
v -0.00508600 0.01271200 0.02095000
v -0.00508600 0.01271200 0.02575000
v -0.00508600 0.01271200 0.02095000
v -0.00508600 0.01271200 0.02095000
v -0.00479500 0.01163900 0.02575000
v -0.00479500 0.01163900 0.02575000
v -0.00479500 0.01163900 0.02095000
v -0.00735300 0.01303700 0.02575000
v -0.00735300 0.01303700 0.02575000
v -0.00735300 0.01303700 0.02575000
v -0.00683500 0.01399600 0.02575000
v -0.00683500 0.01399600 0.02575000
v -0.00659600 0.01286600 0.02575000
v -0.00659600 0.01286600 0.02575000
v -0.00659600 0.01286600 0.02575000
v -0.00581400 0.01355400 0.02575000
v -0.00581400 0.01355400 0.02575000
v -0.00581400 0.01355400 0.02575000
v -0.00602500 0.01234000 0.02575000
v -0.00602500 0.01234000 0.02575000
v -0.00602500 0.01234000 0.02575000
v -0.00508600 0.01271200 0.02575000
v -0.00508600 0.01271200 0.02575000
v -0.00508600 0.01271200 0.02575000
v -0.00579400 0.01159800 0.02575000
v -0.00579400 0.01159800 0.02575000
v -0.00579400 0.01159800 0.02575000
v -0.00479500 0.01163900 0.02575000
v -0.00479500 0.01163900 0.02575000
v -0.00479500 0.01163900 0.02575000
v -0.00596500 0.01084100 0.02575000
v -0.00596500 0.01084100 0.02575000
v -0.00596500 0.01084100 0.02575000
v -0.00499900 0.01054500 0.02575000
v -0.00499900 0.01054500 0.02575000
v -0.00499900 0.01054500 0.02575000
v -0.00649100 0.01027000 0.02575000
v -0.00649100 0.01027000 0.02575000
v -0.00649100 0.01027000 0.02575000
v -0.00565700 0.00964800 0.02575000
v -0.00565700 0.00964800 0.02575000
v -0.00565700 0.00964800 0.02575000
v -0.00723300 0.01004000 0.02575000
v -0.00723300 0.01004000 0.02575000
v -0.00723300 0.01004000 0.02575000
v -0.00663900 0.00912500 0.02575000
v -0.00663900 0.00912500 0.02575000
v -0.00775100 0.00908100 0.02575000
v -0.00775100 0.00908100 0.02575000
v -0.00775100 0.00908100 0.02575000
v -0.00799000 0.01021000 0.02575000
v -0.00799000 0.01021000 0.02575000
v -0.00877200 0.00952300 0.02575000
v -0.00877200 0.00952300 0.02575000
v -0.00877200 0.00952300 0.02575000
v -0.00856100 0.01073700 0.02575000
v -0.00856100 0.01073700 0.02575000
v -0.00950000 0.01036400 0.02575000
v -0.00950000 0.01036400 0.02575000
v -0.00950000 0.01036400 0.02575000
v -0.00879200 0.01147800 0.02575000
v -0.00879200 0.01147800 0.02575000
v -0.00979100 0.01143800 0.02575000
v -0.00979100 0.01143800 0.02575000
v -0.00862100 0.01223600 0.02575000
v -0.00862100 0.01223600 0.02575000
v -0.00958700 0.01253200 0.02575000
v -0.00958700 0.01253200 0.02575000
v -0.00958700 0.01253200 0.02575000
v -0.00809400 0.01280600 0.02575000
v -0.00809400 0.01280600 0.02575000
v -0.00809400 0.01280600 0.02575000
v -0.00892900 0.01342900 0.02575000
v -0.00892900 0.01342900 0.02575000
v -0.00892900 0.01342900 0.02575000
v -0.00794600 0.01395200 0.02575000
v -0.00794600 0.01395200 0.02575000
v -0.00683500 0.01399600 0.02575000
v 0.01613700 0.00064700 0.02575000
v 0.01613700 0.00064700 0.02095000
v 0.01613700 0.00064700 0.02095000
v 0.01593300 -0.00044700 0.02575000
v 0.01593300 -0.00044700 0.02575000
v 0.01593300 -0.00044700 0.02095000
v 0.01593300 -0.00044700 0.02575000
v 0.01593300 -0.00044700 0.02095000
v 0.01593300 -0.00044700 0.02095000
v 0.01527500 -0.00134400 0.02575000
v 0.01527500 -0.00134400 0.02575000
v 0.01527500 -0.00134400 0.02095000
v 0.01527500 -0.00134400 0.02575000
v 0.01527500 -0.00134400 0.02095000
v 0.01429300 -0.00186600 0.02575000
v 0.01429300 -0.00186600 0.02095000
v 0.01429300 -0.00186600 0.02575000
v 0.01429300 -0.00186600 0.02095000
v 0.01429300 -0.00186600 0.02095000
v 0.01318100 -0.00191100 0.02575000
v 0.01318100 -0.00191100 0.02575000
v 0.01318100 -0.00191100 0.02095000
v 0.01318100 -0.00191100 0.02575000
v 0.01318100 -0.00191100 0.02095000
v 0.01216000 -0.00146900 0.02575000
v 0.01216000 -0.00146900 0.02095000
v 0.01216000 -0.00146900 0.02575000
v 0.01216000 -0.00146900 0.02095000
v 0.01216000 -0.00146900 0.02095000
v 0.01143200 -0.00062700 0.02575000
v 0.01143200 -0.00062700 0.02575000
v 0.01143200 -0.00062700 0.02095000
v 0.01143200 -0.00062700 0.02575000
v 0.01143200 -0.00062700 0.02095000
v 0.01114100 0.00044700 0.02575000
v 0.01114100 0.00044700 0.02095000
v 0.01114100 0.00044700 0.02575000
v 0.01114100 0.00044700 0.02095000
v 0.01114100 0.00044700 0.02095000
v 0.01134500 0.00154000 0.02575000
v 0.01134500 0.00154000 0.02575000
v 0.01134500 0.00154000 0.02095000
v 0.01134500 0.00154000 0.02575000
v 0.01134500 0.00154000 0.02095000
v 0.01200300 0.00243700 0.02575000
v 0.01200300 0.00243700 0.02095000
v 0.01200300 0.00243700 0.02575000
v 0.01200300 0.00243700 0.02095000
v 0.01200300 0.00243700 0.02095000
v 0.01298600 0.00296000 0.02575000
v 0.01298600 0.00296000 0.02575000
v 0.01298600 0.00296000 0.02095000
v 0.01298600 0.00296000 0.02575000
v 0.01298600 0.00296000 0.02095000
v 0.01298600 0.00296000 0.02095000
v 0.01409700 0.00300400 0.02575000
v 0.01409700 0.00300400 0.02575000
v 0.01409700 0.00300400 0.02095000
v 0.01409700 0.00300400 0.02575000
v 0.01409700 0.00300400 0.02095000
v 0.01409700 0.00300400 0.02095000
v 0.01511800 0.00256200 0.02575000
v 0.01511800 0.00256200 0.02575000
v 0.01511800 0.00256200 0.02095000
v 0.01511800 0.00256200 0.02575000
v 0.01511800 0.00256200 0.02095000
v 0.01511800 0.00256200 0.02095000
v 0.01584600 0.00172100 0.02575000
v 0.01584600 0.00172100 0.02575000
v 0.01584600 0.00172100 0.02095000
v 0.01584600 0.00172100 0.02575000
v 0.01584600 0.00172100 0.02095000
v 0.01584600 0.00172100 0.02095000
v 0.01613700 0.00064700 0.02575000
v 0.01613700 0.00064700 0.02575000
v 0.01613700 0.00064700 0.02095000
v 0.01357900 0.00204500 0.02575000
v 0.01357900 0.00204500 0.02575000
v 0.01409700 0.00300400 0.02575000
v 0.01409700 0.00300400 0.02575000
v 0.01433600 0.00187500 0.02575000
v 0.01433600 0.00187500 0.02575000
v 0.01511800 0.00256200 0.02575000
v 0.01511800 0.00256200 0.02575000
v 0.01490700 0.00134800 0.02575000
v 0.01584600 0.00172100 0.02575000
v 0.01584600 0.00172100 0.02575000
v 0.01513800 0.00060700 0.02575000
v 0.01513800 0.00060700 0.02575000
v 0.01513800 0.00060700 0.02575000
v 0.01613700 0.00064700 0.02575000
v 0.01613700 0.00064700 0.02575000
v 0.01613700 0.00064700 0.02575000
v 0.01496700 -0.00015100 0.02575000
v 0.01496700 -0.00015100 0.02575000
v 0.01496700 -0.00015100 0.02575000
v 0.01593300 -0.00044700 0.02575000
v 0.01593300 -0.00044700 0.02575000
v 0.01593300 -0.00044700 0.02575000
v 0.01444000 -0.00072100 0.02575000
v 0.01444000 -0.00072100 0.02575000
v 0.01444000 -0.00072100 0.02575000
v 0.01527500 -0.00134400 0.02575000
v 0.01527500 -0.00134400 0.02575000
v 0.01369900 -0.00095200 0.02575000
v 0.01369900 -0.00095200 0.02575000
v 0.01429300 -0.00186600 0.02575000
v 0.01318100 -0.00191100 0.02575000
v 0.01318100 -0.00191100 0.02575000
v 0.01318100 -0.00191100 0.02575000
v 0.01294200 -0.00078100 0.02575000
v 0.01294200 -0.00078100 0.02575000
v 0.01216000 -0.00146900 0.02575000
v 0.01216000 -0.00146900 0.02575000
v 0.01237100 -0.00025500 0.02575000
v 0.01143200 -0.00062700 0.02575000
v 0.01143200 -0.00062700 0.02575000
v 0.01143200 -0.00062700 0.02575000
v 0.01214000 0.00048700 0.02575000
v 0.01214000 0.00048700 0.02575000
v 0.01114100 0.00044700 0.02575000
v 0.01114100 0.00044700 0.02575000
v 0.01231100 0.00124400 0.02575000
v 0.01134500 0.00154000 0.02575000
v 0.01134500 0.00154000 0.02575000
v 0.01134500 0.00154000 0.02575000
v 0.01283800 0.00181500 0.02575000
v 0.01283800 0.00181500 0.02575000
v 0.01200300 0.00243700 0.02575000
v 0.01200300 0.00243700 0.02575000
v 0.01200300 0.00243700 0.02575000
v 0.01298600 0.00296000 0.02575000
v 0.01409700 0.00300400 0.02575000
v 0.01593300 -0.00044700 0.02095000
v 0.01611700 -0.00052700 0.02075000
v 0.01527500 -0.00134400 0.02095000
v 0.01540600 -0.00149500 0.02075000
v 0.01429300 -0.00186600 0.02095000
v 0.01434500 -0.00205900 0.02075000
v 0.01318100 -0.00191100 0.02095000
v 0.01314400 -0.00210800 0.02075000
v 0.01216000 -0.00146900 0.02095000
v 0.01216000 -0.00146900 0.02095000
v 0.01204100 -0.00163000 0.02075000
v 0.01204100 -0.00163000 0.02075000
v 0.01143200 -0.00062700 0.02095000
v 0.01125500 -0.00072100 0.02075000
v 0.01114100 0.00044700 0.02095000
v 0.01094100 0.00043900 0.02075000
v 0.01134500 0.00154000 0.02095000
v 0.01116100 0.00162000 0.02075000
v 0.01200300 0.00243700 0.02095000
v 0.01187200 0.00258800 0.02075000
v 0.01298600 0.00296000 0.02095000
v 0.01298600 0.00296000 0.02095000
v 0.01293300 0.00315300 0.02075000
v 0.01293300 0.00315300 0.02075000
v 0.01409700 0.00300400 0.02095000
v 0.01413400 0.00320100 0.02075000
v 0.01511800 0.00256200 0.02095000
v 0.01523600 0.00272300 0.02075000
v 0.01584600 0.00172100 0.02095000
v 0.01602300 0.00181500 0.02075000
v 0.01613700 0.00064700 0.02095000
v 0.01633700 0.00065500 0.02075000
v -0.00499900 0.01054500 0.02095000
v -0.00481500 0.01046500 0.02075000
v -0.00565700 0.00964800 0.02095000
v -0.00552600 0.00949700 0.02075000
v -0.00663900 0.00912500 0.02095000
v -0.00658700 0.00893200 0.02075000
v -0.00775100 0.00908100 0.02095000
v -0.00778800 0.00888400 0.02075000
v -0.00877200 0.00952300 0.02095000
v -0.00889000 0.00936200 0.02075000
v -0.00950000 0.01036400 0.02095000
v -0.00967700 0.01027000 0.02075000
v -0.00979100 0.01143800 0.02095000
v -0.00999100 0.01143000 0.02075000
v -0.00958700 0.01253200 0.02095000
v -0.00977000 0.01261100 0.02075000
v -0.00892900 0.01342900 0.02095000
v -0.00906000 0.01358000 0.02075000
v -0.00794600 0.01395200 0.02095000
v -0.00799900 0.01414500 0.02075000
v -0.00683500 0.01399600 0.02095000
v -0.00679800 0.01419300 0.02075000
v -0.00581400 0.01355400 0.02095000
v -0.00569500 0.01371500 0.02075000
v -0.00508600 0.01271200 0.02095000
v -0.00490900 0.01280600 0.02075000
v -0.00479500 0.01163900 0.02095000
v -0.00459500 0.01164700 0.02075000
v -0.00405200 -0.01307900 0.02095000
v -0.00386900 -0.01315800 0.02075000
v -0.00471000 -0.01397600 0.02095000
v -0.00457900 -0.01412700 0.02075000
v -0.00569300 -0.01449800 0.02095000
v -0.00564000 -0.01469100 0.02075000
v -0.00680400 -0.01454300 0.02095000
v -0.00684100 -0.01473900 0.02075000
v -0.00782500 -0.01410000 0.02095000
v -0.00794400 -0.01426200 0.02075000
v -0.00855300 -0.01325900 0.02095000
v -0.00873000 -0.01335300 0.02075000
v -0.00884400 -0.01218500 0.02095000
v -0.00904400 -0.01219300 0.02075000
v -0.00864000 -0.01109100 0.02095000
v -0.00864000 -0.01109100 0.02095000
v -0.00882400 -0.01101200 0.02075000
v -0.00882400 -0.01101200 0.02075000
v -0.00798200 -0.01019400 0.02095000
v -0.00811300 -0.01004300 0.02075000
v -0.00700000 -0.00967200 0.02095000
v -0.00705200 -0.00947900 0.02075000
v -0.00588800 -0.00962700 0.02095000
v -0.00585100 -0.00943100 0.02075000
v -0.00486700 -0.01007000 0.02095000
v -0.00474900 -0.00990800 0.02075000
v -0.00413900 -0.01091100 0.02095000
v -0.00396200 -0.01081700 0.02075000
v -0.00384800 -0.01198500 0.02095000
v -0.00364800 -0.01197700 0.02075000
v -0.00579400 0.01159800 0.03255000
v -0.00579400 0.01159800 0.02575000
v -0.00596500 0.01084100 0.03255000
v -0.00596500 0.01084100 0.02575000
v -0.00596500 0.01084100 0.03255000
v -0.00596500 0.01084100 0.02575000
v -0.00596500 0.01084100 0.02575000
v -0.00649100 0.01027000 0.03255000
v -0.00649100 0.01027000 0.03255000
v -0.00649100 0.01027000 0.02575000
v -0.00649100 0.01027000 0.03255000
v -0.00649100 0.01027000 0.02575000
v -0.00649100 0.01027000 0.02575000
v -0.00723300 0.01004000 0.03255000
v -0.00723300 0.01004000 0.03255000
v -0.00723300 0.01004000 0.02575000
v -0.00723300 0.01004000 0.03255000
v -0.00723300 0.01004000 0.02575000
v -0.00723300 0.01004000 0.02575000
v -0.00799000 0.01021000 0.03255000
v -0.00799000 0.01021000 0.03255000
v -0.00799000 0.01021000 0.02575000
v -0.00799000 0.01021000 0.03255000
v -0.00799000 0.01021000 0.02575000
v -0.00799000 0.01021000 0.02575000
v -0.00856100 0.01073700 0.03255000
v -0.00856100 0.01073700 0.03255000
v -0.00856100 0.01073700 0.02575000
v -0.00856100 0.01073700 0.03255000
v -0.00856100 0.01073700 0.02575000
v -0.00856100 0.01073700 0.02575000
v -0.00879200 0.01147800 0.03255000
v -0.00879200 0.01147800 0.03255000
v -0.00879200 0.01147800 0.02575000
v -0.00879200 0.01147800 0.03255000
v -0.00879200 0.01147800 0.02575000
v -0.00879200 0.01147800 0.02575000
v -0.00862100 0.01223600 0.03255000
v -0.00862100 0.01223600 0.03255000
v -0.00862100 0.01223600 0.02575000
v -0.00862100 0.01223600 0.03255000
v -0.00862100 0.01223600 0.02575000
v -0.00862100 0.01223600 0.02575000
v -0.00809400 0.01280600 0.03255000
v -0.00809400 0.01280600 0.03255000
v -0.00809400 0.01280600 0.02575000
v -0.00809400 0.01280600 0.03255000
v -0.00809400 0.01280600 0.02575000
v -0.00809400 0.01280600 0.02575000
v -0.00735300 0.01303700 0.03255000
v -0.00735300 0.01303700 0.03255000
v -0.00735300 0.01303700 0.02575000
v -0.00735300 0.01303700 0.03255000
v -0.00735300 0.01303700 0.02575000
v -0.00735300 0.01303700 0.02575000
v -0.00659600 0.01286600 0.03255000
v -0.00659600 0.01286600 0.03255000
v -0.00659600 0.01286600 0.02575000
v -0.00659600 0.01286600 0.03255000
v -0.00659600 0.01286600 0.02575000
v -0.00659600 0.01286600 0.02575000
v -0.00602500 0.01234000 0.03255000
v -0.00602500 0.01234000 0.03255000
v -0.00602500 0.01234000 0.02575000
v -0.00602500 0.01234000 0.03255000
v -0.00602500 0.01234000 0.02575000
v -0.00579400 0.01159800 0.03255000
v -0.00579400 0.01159800 0.02575000
v 0.01513800 0.00060700 0.03255000
v 0.01513800 0.00060700 0.02575000
v 0.01513800 0.00060700 0.02575000
v 0.01496700 -0.00015100 0.03255000
v 0.01496700 -0.00015100 0.03255000
v 0.01496700 -0.00015100 0.02575000
v 0.01496700 -0.00015100 0.03255000
v 0.01496700 -0.00015100 0.02575000
v 0.01496700 -0.00015100 0.02575000
v 0.01444000 -0.00072100 0.03255000
v 0.01444000 -0.00072100 0.03255000
v 0.01444000 -0.00072100 0.02575000
v 0.01444000 -0.00072100 0.03255000
v 0.01444000 -0.00072100 0.02575000
v 0.01444000 -0.00072100 0.02575000
v 0.01369900 -0.00095200 0.03255000
v 0.01369900 -0.00095200 0.03255000
v 0.01369900 -0.00095200 0.02575000
v 0.01369900 -0.00095200 0.03255000
v 0.01369900 -0.00095200 0.02575000
v 0.01369900 -0.00095200 0.02575000
v 0.01294200 -0.00078100 0.03255000
v 0.01294200 -0.00078100 0.03255000
v 0.01294200 -0.00078100 0.02575000
v 0.01294200 -0.00078100 0.03255000
v 0.01294200 -0.00078100 0.02575000
v 0.01294200 -0.00078100 0.02575000
v 0.01237100 -0.00025500 0.03255000
v 0.01237100 -0.00025500 0.03255000
v 0.01237100 -0.00025500 0.02575000
v 0.01237100 -0.00025500 0.03255000
v 0.01237100 -0.00025500 0.02575000
v 0.01237100 -0.00025500 0.02575000
v 0.01214000 0.00048700 0.03255000
v 0.01214000 0.00048700 0.03255000
v 0.01214000 0.00048700 0.02575000
v 0.01214000 0.00048700 0.03255000
v 0.01214000 0.00048700 0.02575000
v 0.01231100 0.00124400 0.03255000
v 0.01231100 0.00124400 0.02575000
v 0.01231100 0.00124400 0.03255000
v 0.01231100 0.00124400 0.02575000
v 0.01231100 0.00124400 0.02575000
v 0.01283800 0.00181500 0.03255000
v 0.01283800 0.00181500 0.03255000
v 0.01283800 0.00181500 0.02575000
v 0.01283800 0.00181500 0.03255000
v 0.01283800 0.00181500 0.02575000
v 0.01283800 0.00181500 0.02575000
v 0.01357900 0.00204500 0.03255000
v 0.01357900 0.00204500 0.03255000
v 0.01357900 0.00204500 0.02575000
v 0.01357900 0.00204500 0.03255000
v 0.01357900 0.00204500 0.02575000
v 0.01357900 0.00204500 0.02575000
v 0.01433600 0.00187500 0.03255000
v 0.01433600 0.00187500 0.03255000
v 0.01433600 0.00187500 0.02575000
v 0.01433600 0.00187500 0.03255000
v 0.01433600 0.00187500 0.02575000
v 0.01433600 0.00187500 0.02575000
v 0.01490700 0.00134800 0.03255000
v 0.01490700 0.00134800 0.03255000
v 0.01490700 0.00134800 0.02575000
v 0.01490700 0.00134800 0.03255000
v 0.01490700 0.00134800 0.02575000
v 0.01490700 0.00134800 0.02575000
v 0.01513800 0.00060700 0.03255000
v 0.01513800 0.00060700 0.03255000
v 0.01513800 0.00060700 0.02575000
v -0.00484700 -0.01202500 0.03255000
v -0.00484700 -0.01202500 0.02575000
v -0.00484700 -0.01202500 0.02575000
v -0.00501800 -0.01278200 0.03255000
v -0.00501800 -0.01278200 0.03255000
v -0.00501800 -0.01278200 0.02575000
v -0.00501800 -0.01278200 0.03255000
v -0.00501800 -0.01278200 0.02575000
v -0.00501800 -0.01278200 0.02575000
v -0.00554500 -0.01335300 0.03255000
v -0.00554500 -0.01335300 0.03255000
v -0.00554500 -0.01335300 0.02575000
v -0.00554500 -0.01335300 0.03255000
v -0.00554500 -0.01335300 0.02575000
v -0.00554500 -0.01335300 0.02575000
v -0.00628600 -0.01358400 0.03255000
v -0.00628600 -0.01358400 0.03255000
v -0.00628600 -0.01358400 0.02575000
v -0.00628600 -0.01358400 0.03255000
v -0.00628600 -0.01358400 0.02575000
v -0.00628600 -0.01358400 0.02575000
v -0.00704300 -0.01341300 0.03255000
v -0.00704300 -0.01341300 0.03255000
v -0.00704300 -0.01341300 0.02575000
v -0.00704300 -0.01341300 0.03255000
v -0.00704300 -0.01341300 0.02575000
v -0.00704300 -0.01341300 0.02575000
v -0.00761400 -0.01288600 0.03255000
v -0.00761400 -0.01288600 0.03255000
v -0.00761400 -0.01288600 0.02575000
v -0.00761400 -0.01288600 0.03255000
v -0.00761400 -0.01288600 0.02575000
v -0.00761400 -0.01288600 0.02575000
v -0.00784500 -0.01214500 0.03255000
v -0.00784500 -0.01214500 0.03255000
v -0.00784500 -0.01214500 0.02575000
v -0.00784500 -0.01214500 0.03255000
v -0.00784500 -0.01214500 0.02575000
v -0.00767400 -0.01138800 0.03255000
v -0.00767400 -0.01138800 0.02575000
v -0.00767400 -0.01138800 0.03255000
v -0.00767400 -0.01138800 0.02575000
v -0.00767400 -0.01138800 0.02575000
v -0.00714800 -0.01081700 0.03255000
v -0.00714800 -0.01081700 0.03255000
v -0.00714800 -0.01081700 0.02575000
v -0.00714800 -0.01081700 0.03255000
v -0.00714800 -0.01081700 0.02575000
v -0.00714800 -0.01081700 0.02575000
v -0.00640600 -0.01058600 0.03255000
v -0.00640600 -0.01058600 0.03255000
v -0.00640600 -0.01058600 0.02575000
v -0.00640600 -0.01058600 0.03255000
v -0.00640600 -0.01058600 0.02575000
v -0.00640600 -0.01058600 0.02575000
v -0.00564900 -0.01075700 0.03255000
v -0.00564900 -0.01075700 0.03255000
v -0.00564900 -0.01075700 0.02575000
v -0.00564900 -0.01075700 0.03255000
v -0.00564900 -0.01075700 0.02575000
v -0.00564900 -0.01075700 0.02575000
v -0.00507800 -0.01128400 0.03255000
v -0.00507800 -0.01128400 0.03255000
v -0.00507800 -0.01128400 0.02575000
v -0.00507800 -0.01128400 0.03255000
v -0.00507800 -0.01128400 0.02575000
v -0.00507800 -0.01128400 0.02575000
v -0.00484700 -0.01202500 0.03255000
v -0.00484700 -0.01202500 0.03255000
v -0.00484700 -0.01202500 0.02575000
v 0.01328000 -0.00697400 0.02599900
v 0.01222400 -0.00764200 0.02675000
v 0.01269900 -0.00808000 0.02675000
v 0.01203100 -0.00702400 0.02675000
v 0.01394800 -0.00803000 0.02675000
v 0.01438700 -0.00755500 0.02675000
v 0.01333000 -0.00822300 0.02675000
v 0.01433700 -0.00630600 0.02675000
v 0.01386100 -0.00586700 0.02675000
v 0.01452900 -0.00692400 0.02675000
v 0.01261200 -0.00591700 0.02675000
v 0.01217400 -0.00639300 0.02675000
v 0.01323000 -0.00572500 0.02675000
v 0.01203100 -0.00702400 0.02675000
v 0.01203100 -0.00702400 0.03275000
v 0.01203100 -0.00702400 0.03275000
v 0.01222400 -0.00764200 0.02675000
v 0.01222400 -0.00764200 0.02675000
v 0.01222400 -0.00764200 0.03275000
v 0.01222400 -0.00764200 0.02675000
v 0.01222400 -0.00764200 0.03275000
v 0.01222400 -0.00764200 0.03275000
v 0.01269900 -0.00808000 0.02675000
v 0.01269900 -0.00808000 0.02675000
v 0.01269900 -0.00808000 0.03275000
v 0.01269900 -0.00808000 0.02675000
v 0.01269900 -0.00808000 0.03275000
v 0.01269900 -0.00808000 0.03275000
v 0.01333000 -0.00822300 0.02675000
v 0.01333000 -0.00822300 0.02675000
v 0.01333000 -0.00822300 0.03275000
v 0.01333000 -0.00822300 0.02675000
v 0.01333000 -0.00822300 0.03275000
v 0.01333000 -0.00822300 0.03275000
v 0.01394800 -0.00803000 0.02675000
v 0.01394800 -0.00803000 0.02675000
v 0.01394800 -0.00803000 0.03275000
v 0.01394800 -0.00803000 0.02675000
v 0.01394800 -0.00803000 0.03275000
v 0.01394800 -0.00803000 0.03275000
v 0.01438700 -0.00755500 0.02675000
v 0.01438700 -0.00755500 0.02675000
v 0.01438700 -0.00755500 0.03275000
v 0.01438700 -0.00755500 0.02675000
v 0.01438700 -0.00755500 0.03275000
v 0.01438700 -0.00755500 0.03275000
v 0.01452900 -0.00692400 0.02675000
v 0.01452900 -0.00692400 0.02675000
v 0.01452900 -0.00692400 0.03275000
v 0.01452900 -0.00692400 0.02675000
v 0.01452900 -0.00692400 0.03275000
v 0.01452900 -0.00692400 0.03275000
v 0.01433700 -0.00630600 0.02675000
v 0.01433700 -0.00630600 0.02675000
v 0.01433700 -0.00630600 0.03275000
v 0.01433700 -0.00630600 0.02675000
v 0.01433700 -0.00630600 0.03275000
v 0.01433700 -0.00630600 0.03275000
v 0.01386100 -0.00586700 0.02675000
v 0.01386100 -0.00586700 0.02675000
v 0.01386100 -0.00586700 0.03275000
v 0.01386100 -0.00586700 0.02675000
v 0.01386100 -0.00586700 0.03275000
v 0.01386100 -0.00586700 0.03275000
v 0.01323000 -0.00572500 0.02675000
v 0.01323000 -0.00572500 0.02675000
v 0.01323000 -0.00572500 0.03275000
v 0.01323000 -0.00572500 0.02675000
v 0.01323000 -0.00572500 0.03275000
v 0.01323000 -0.00572500 0.03275000
v 0.01261200 -0.00591700 0.02675000
v 0.01261200 -0.00591700 0.02675000
v 0.01261200 -0.00591700 0.03275000
v 0.01261200 -0.00591700 0.02675000
v 0.01261200 -0.00591700 0.03275000
v 0.01261200 -0.00591700 0.03275000
v 0.01217400 -0.00639300 0.02675000
v 0.01217400 -0.00639300 0.02675000
v 0.01217400 -0.00639300 0.03275000
v 0.01217400 -0.00639300 0.02675000
v 0.01217400 -0.00639300 0.03275000
v 0.01217400 -0.00639300 0.03275000
v 0.01203100 -0.00702400 0.02675000
v 0.01203100 -0.00702400 0.02675000
v 0.01203100 -0.00702400 0.03275000
v 0.01268000 0.00801400 0.02599900
v 0.01162300 0.00734600 0.02675000
v 0.01209800 0.00690700 0.02675000
v 0.01143100 0.00796400 0.02675000
v 0.01334700 0.00695700 0.02675000
v 0.01378600 0.00743300 0.02675000
v 0.01273000 0.00676500 0.02675000
v 0.01373600 0.00868200 0.02675000
v 0.01326100 0.00912100 0.02675000
v 0.01392900 0.00806400 0.02675000
v 0.01201200 0.00907100 0.02675000
v 0.01157300 0.00859500 0.02675000
v 0.01263000 0.00926300 0.02675000
v 0.01143100 0.00796400 0.02675000
v 0.01143100 0.00796400 0.03275000
v 0.01143100 0.00796400 0.03275000
v 0.01162300 0.00734600 0.02675000
v 0.01162300 0.00734600 0.02675000
v 0.01162300 0.00734600 0.03275000
v 0.01162300 0.00734600 0.02675000
v 0.01162300 0.00734600 0.03275000
v 0.01162300 0.00734600 0.03275000
v 0.01209800 0.00690700 0.02675000
v 0.01209800 0.00690700 0.02675000
v 0.01209800 0.00690700 0.03275000
v 0.01209800 0.00690700 0.02675000
v 0.01209800 0.00690700 0.03275000
v 0.01209800 0.00690700 0.03275000
v 0.01273000 0.00676500 0.02675000
v 0.01273000 0.00676500 0.02675000
v 0.01273000 0.00676500 0.03275000
v 0.01273000 0.00676500 0.02675000
v 0.01273000 0.00676500 0.03275000
v 0.01334700 0.00695700 0.02675000
v 0.01334700 0.00695700 0.03275000
v 0.01334700 0.00695700 0.02675000
v 0.01334700 0.00695700 0.03275000
v 0.01334700 0.00695700 0.03275000
v 0.01378600 0.00743300 0.02675000
v 0.01378600 0.00743300 0.02675000
v 0.01378600 0.00743300 0.03275000
v 0.01378600 0.00743300 0.02675000
v 0.01378600 0.00743300 0.03275000
v 0.01378600 0.00743300 0.03275000
v 0.01392900 0.00806400 0.02675000
v 0.01392900 0.00806400 0.02675000
v 0.01392900 0.00806400 0.03275000
v 0.01392900 0.00806400 0.02675000
v 0.01392900 0.00806400 0.03275000
v 0.01392900 0.00806400 0.03275000
v 0.01373600 0.00868200 0.02675000
v 0.01373600 0.00868200 0.02675000
v 0.01373600 0.00868200 0.03275000
v 0.01373600 0.00868200 0.02675000
v 0.01373600 0.00868200 0.03275000
v 0.01326100 0.00912100 0.02675000
v 0.01326100 0.00912100 0.03275000
v 0.01326100 0.00912100 0.02675000
v 0.01326100 0.00912100 0.03275000
v 0.01326100 0.00912100 0.03275000
v 0.01263000 0.00926300 0.02675000
v 0.01263000 0.00926300 0.02675000
v 0.01263000 0.00926300 0.03275000
v 0.01263000 0.00926300 0.02675000
v 0.01263000 0.00926300 0.03275000
v 0.01263000 0.00926300 0.03275000
v 0.01201200 0.00907100 0.02675000
v 0.01201200 0.00907100 0.02675000
v 0.01201200 0.00907100 0.03275000
v 0.01201200 0.00907100 0.02675000
v 0.01201200 0.00907100 0.03275000
v 0.01201200 0.00907100 0.03275000
v 0.01157300 0.00859500 0.02675000
v 0.01157300 0.00859500 0.02675000
v 0.01157300 0.00859500 0.03275000
v 0.01157300 0.00859500 0.02675000
v 0.01157300 0.00859500 0.03275000
v 0.01157300 0.00859500 0.03275000
v 0.01143100 0.00796400 0.02675000
v 0.01143100 0.00796400 0.02675000
v 0.01143100 0.00796400 0.03275000
v -0.00060100 0.01498800 0.02599900
v -0.00165700 0.01432000 0.02675000
v -0.00118200 0.01388100 0.02675000
v -0.00185000 0.01493800 0.02675000
v 0.00006700 0.01393100 0.02675000
v 0.00050600 0.01440700 0.02675000
v -0.00055100 0.01373900 0.02675000
v 0.00045600 0.01565600 0.02675000
v -0.00002000 0.01609500 0.02675000
v 0.00064800 0.01503800 0.02675000
v -0.00126900 0.01604500 0.02675000
v -0.00170700 0.01556900 0.02675000
v -0.00065100 0.01623700 0.02675000
v -0.00185000 0.01493800 0.02675000
v -0.00185000 0.01493800 0.03275000
v -0.00185000 0.01493800 0.03275000
v -0.00165700 0.01432000 0.02675000
v -0.00165700 0.01432000 0.02675000
v -0.00165700 0.01432000 0.03275000
v -0.00165700 0.01432000 0.02675000
v -0.00165700 0.01432000 0.03275000
v -0.00165700 0.01432000 0.03275000
v -0.00118200 0.01388100 0.02675000
v -0.00118200 0.01388100 0.02675000
v -0.00118200 0.01388100 0.03275000
v -0.00118200 0.01388100 0.02675000
v -0.00118200 0.01388100 0.03275000
v -0.00118200 0.01388100 0.03275000
v -0.00055100 0.01373900 0.02675000
v -0.00055100 0.01373900 0.02675000
v -0.00055100 0.01373900 0.03275000
v -0.00055100 0.01373900 0.02675000
v -0.00055100 0.01373900 0.03275000
v -0.00055100 0.01373900 0.03275000
v 0.00006700 0.01393100 0.02675000
v 0.00006700 0.01393100 0.02675000
v 0.00006700 0.01393100 0.03275000
v 0.00006700 0.01393100 0.02675000
v 0.00006700 0.01393100 0.03275000
v 0.00006700 0.01393100 0.03275000
v 0.00050600 0.01440700 0.02675000
v 0.00050600 0.01440700 0.02675000
v 0.00050600 0.01440700 0.03275000
v 0.00050600 0.01440700 0.02675000
v 0.00050600 0.01440700 0.03275000
v 0.00050600 0.01440700 0.03275000
v 0.00064800 0.01503800 0.02675000
v 0.00064800 0.01503800 0.02675000
v 0.00064800 0.01503800 0.03275000
v 0.00064800 0.01503800 0.02675000
v 0.00064800 0.01503800 0.03275000
v 0.00045600 0.01565600 0.02675000
v 0.00045600 0.01565600 0.03275000
v 0.00045600 0.01565600 0.02675000
v 0.00045600 0.01565600 0.03275000
v 0.00045600 0.01565600 0.03275000
v -0.00002000 0.01609500 0.02675000
v -0.00002000 0.01609500 0.02675000
v -0.00002000 0.01609500 0.03275000
v -0.00002000 0.01609500 0.02675000
v -0.00002000 0.01609500 0.03275000
v -0.00065100 0.01623700 0.02675000
v -0.00065100 0.01623700 0.03275000
v -0.00065100 0.01623700 0.02675000
v -0.00065100 0.01623700 0.03275000
v -0.00065100 0.01623700 0.03275000
v -0.00126900 0.01604500 0.02675000
v -0.00126900 0.01604500 0.02675000
v -0.00126900 0.01604500 0.03275000
v -0.00126900 0.01604500 0.02675000
v -0.00126900 0.01604500 0.03275000
v -0.00126900 0.01604500 0.03275000
v -0.00170700 0.01556900 0.02675000
v -0.00170700 0.01556900 0.02675000
v -0.00170700 0.01556900 0.03275000
v -0.00170700 0.01556900 0.02675000
v -0.00170700 0.01556900 0.03275000
v -0.00170700 0.01556900 0.03275000
v -0.00185000 0.01493800 0.02675000
v -0.00185000 0.01493800 0.02675000
v -0.00185000 0.01493800 0.03275000
v -0.01328000 0.00697400 0.02599900
v -0.01433700 0.00630600 0.02675000
v -0.01386100 0.00586700 0.02675000
v -0.01452900 0.00692400 0.02675000
v -0.01261200 0.00591700 0.02675000
v -0.01217400 0.00639300 0.02675000
v -0.01323000 0.00572500 0.02675000
v -0.01222400 0.00764200 0.02675000
v -0.01269900 0.00808000 0.02675000
v -0.01203100 0.00702400 0.02675000
v -0.01394800 0.00803000 0.02675000
v -0.01438700 0.00755500 0.02675000
v -0.01333000 0.00822300 0.02675000
v -0.01452900 0.00692400 0.02675000
v -0.01452900 0.00692400 0.03275000
v -0.01452900 0.00692400 0.03275000
v -0.01433700 0.00630600 0.02675000
v -0.01433700 0.00630600 0.02675000
v -0.01433700 0.00630600 0.03275000
v -0.01433700 0.00630600 0.02675000
v -0.01433700 0.00630600 0.03275000
v -0.01386100 0.00586700 0.02675000
v -0.01386100 0.00586700 0.03275000
v -0.01386100 0.00586700 0.02675000
v -0.01386100 0.00586700 0.03275000
v -0.01386100 0.00586700 0.03275000
v -0.01323000 0.00572500 0.02675000
v -0.01323000 0.00572500 0.02675000
v -0.01323000 0.00572500 0.03275000
v -0.01323000 0.00572500 0.02675000
v -0.01323000 0.00572500 0.03275000
v -0.01323000 0.00572500 0.03275000
v -0.01261200 0.00591700 0.02675000
v -0.01261200 0.00591700 0.02675000
v -0.01261200 0.00591700 0.03275000
v -0.01261200 0.00591700 0.02675000
v -0.01261200 0.00591700 0.03275000
v -0.01261200 0.00591700 0.03275000
v -0.01217400 0.00639300 0.02675000
v -0.01217400 0.00639300 0.02675000
v -0.01217400 0.00639300 0.03275000
v -0.01217400 0.00639300 0.02675000
v -0.01217400 0.00639300 0.03275000
v -0.01217400 0.00639300 0.03275000
v -0.01203100 0.00702400 0.02675000
v -0.01203100 0.00702400 0.02675000
v -0.01203100 0.00702400 0.03275000
v -0.01203100 0.00702400 0.02675000
v -0.01203100 0.00702400 0.03275000
v -0.01203100 0.00702400 0.03275000
v -0.01222400 0.00764200 0.02675000
v -0.01222400 0.00764200 0.02675000
v -0.01222400 0.00764200 0.03275000
v -0.01222400 0.00764200 0.02675000
v -0.01222400 0.00764200 0.03275000
v -0.01222400 0.00764200 0.03275000
v -0.01269900 0.00808000 0.02675000
v -0.01269900 0.00808000 0.02675000
v -0.01269900 0.00808000 0.03275000
v -0.01269900 0.00808000 0.02675000
v -0.01269900 0.00808000 0.03275000
v -0.01269900 0.00808000 0.03275000
v -0.01333000 0.00822300 0.02675000
v -0.01333000 0.00822300 0.02675000
v -0.01333000 0.00822300 0.03275000
v -0.01333000 0.00822300 0.02675000
v -0.01333000 0.00822300 0.03275000
v -0.01333000 0.00822300 0.03275000
v -0.01394800 0.00803000 0.02675000
v -0.01394800 0.00803000 0.02675000
v -0.01394800 0.00803000 0.03275000
v -0.01394800 0.00803000 0.02675000
v -0.01394800 0.00803000 0.03275000
v -0.01394800 0.00803000 0.03275000
v -0.01438700 0.00755500 0.02675000
v -0.01438700 0.00755500 0.02675000
v -0.01438700 0.00755500 0.03275000
v -0.01438700 0.00755500 0.02675000
v -0.01438700 0.00755500 0.03275000
v -0.01438700 0.00755500 0.03275000
v -0.01452900 0.00692400 0.02675000
v -0.01452900 0.00692400 0.02675000
v -0.01452900 0.00692400 0.03275000
v -0.01268000 -0.00801400 0.02599900
v -0.01373600 -0.00868200 0.02675000
v -0.01326100 -0.00912100 0.02675000
v -0.01392900 -0.00806400 0.02675000
v -0.01201200 -0.00907100 0.02675000
v -0.01157300 -0.00859500 0.02675000
v -0.01263000 -0.00926300 0.02675000
v -0.01162300 -0.00734600 0.02675000
v -0.01209800 -0.00690700 0.02675000
v -0.01143100 -0.00796400 0.02675000
v -0.01334700 -0.00695700 0.02675000
v -0.01378600 -0.00743300 0.02675000
v -0.01273000 -0.00676500 0.02675000
v -0.01392900 -0.00806400 0.02675000
v -0.01392900 -0.00806400 0.03275000
v -0.01392900 -0.00806400 0.03275000
v -0.01373600 -0.00868200 0.02675000
v -0.01373600 -0.00868200 0.02675000
v -0.01373600 -0.00868200 0.03275000
v -0.01373600 -0.00868200 0.02675000
v -0.01373600 -0.00868200 0.03275000
v -0.01326100 -0.00912100 0.02675000
v -0.01326100 -0.00912100 0.03275000
v -0.01326100 -0.00912100 0.02675000
v -0.01326100 -0.00912100 0.03275000
v -0.01326100 -0.00912100 0.03275000
v -0.01263000 -0.00926300 0.02675000
v -0.01263000 -0.00926300 0.02675000
v -0.01263000 -0.00926300 0.03275000
v -0.01263000 -0.00926300 0.02675000
v -0.01263000 -0.00926300 0.03275000
v -0.01201200 -0.00907100 0.02675000
v -0.01201200 -0.00907100 0.03275000
v -0.01201200 -0.00907100 0.02675000
v -0.01201200 -0.00907100 0.03275000
v -0.01201200 -0.00907100 0.03275000
v -0.01157300 -0.00859500 0.02675000
v -0.01157300 -0.00859500 0.02675000
v -0.01157300 -0.00859500 0.03275000
v -0.01157300 -0.00859500 0.02675000
v -0.01157300 -0.00859500 0.03275000
v -0.01157300 -0.00859500 0.03275000
v -0.01143100 -0.00796400 0.02675000
v -0.01143100 -0.00796400 0.02675000
v -0.01143100 -0.00796400 0.03275000
v -0.01143100 -0.00796400 0.02675000
v -0.01143100 -0.00796400 0.03275000
v -0.01143100 -0.00796400 0.03275000
v -0.01162300 -0.00734600 0.02675000
v -0.01162300 -0.00734600 0.02675000
v -0.01162300 -0.00734600 0.03275000
v -0.01162300 -0.00734600 0.02675000
v -0.01162300 -0.00734600 0.03275000
v -0.01162300 -0.00734600 0.03275000
v -0.01209800 -0.00690700 0.02675000
v -0.01209800 -0.00690700 0.02675000
v -0.01209800 -0.00690700 0.03275000
v -0.01209800 -0.00690700 0.02675000
v -0.01209800 -0.00690700 0.03275000
v -0.01209800 -0.00690700 0.03275000
v -0.01273000 -0.00676500 0.02675000
v -0.01273000 -0.00676500 0.02675000
v -0.01273000 -0.00676500 0.03275000
v -0.01273000 -0.00676500 0.02675000
v -0.01273000 -0.00676500 0.03275000
v -0.01334700 -0.00695700 0.02675000
v -0.01334700 -0.00695700 0.03275000
v -0.01334700 -0.00695700 0.02675000
v -0.01334700 -0.00695700 0.03275000
v -0.01334700 -0.00695700 0.03275000
v -0.01378600 -0.00743300 0.02675000
v -0.01378600 -0.00743300 0.02675000
v -0.01378600 -0.00743300 0.03275000
v -0.01378600 -0.00743300 0.02675000
v -0.01378600 -0.00743300 0.03275000
v -0.01378600 -0.00743300 0.03275000
v -0.01392900 -0.00806400 0.02675000
v -0.01392900 -0.00806400 0.02675000
v -0.01392900 -0.00806400 0.03275000
v 0.00060100 -0.01498800 0.02599900
v -0.00045600 -0.01565600 0.02675000
v 0.00002000 -0.01609500 0.02675000
v -0.00064800 -0.01503800 0.02675000
v 0.00126900 -0.01604500 0.02675000
v 0.00170700 -0.01556900 0.02675000
v 0.00065100 -0.01623700 0.02675000
v 0.00165700 -0.01432000 0.02675000
v 0.00118200 -0.01388100 0.02675000
v 0.00185000 -0.01493800 0.02675000
v -0.00006700 -0.01393100 0.02675000
v -0.00050600 -0.01440700 0.02675000
v 0.00055100 -0.01373900 0.02675000
v -0.00064800 -0.01503800 0.02675000
v -0.00064800 -0.01503800 0.03275000
v -0.00064800 -0.01503800 0.03275000
v -0.00045600 -0.01565600 0.02675000
v -0.00045600 -0.01565600 0.02675000
v -0.00045600 -0.01565600 0.03275000
v -0.00045600 -0.01565600 0.02675000
v -0.00045600 -0.01565600 0.03275000
v 0.00002000 -0.01609500 0.02675000
v 0.00002000 -0.01609500 0.03275000
v 0.00002000 -0.01609500 0.02675000
v 0.00002000 -0.01609500 0.03275000
v 0.00002000 -0.01609500 0.03275000
v 0.00065100 -0.01623700 0.02675000
v 0.00065100 -0.01623700 0.02675000
v 0.00065100 -0.01623700 0.03275000
v 0.00065100 -0.01623700 0.02675000
v 0.00065100 -0.01623700 0.03275000
v 0.00065100 -0.01623700 0.03275000
v 0.00126900 -0.01604500 0.02675000
v 0.00126900 -0.01604500 0.02675000
v 0.00126900 -0.01604500 0.03275000
v 0.00126900 -0.01604500 0.02675000
v 0.00126900 -0.01604500 0.03275000
v 0.00126900 -0.01604500 0.03275000
v 0.00170700 -0.01556900 0.02675000
v 0.00170700 -0.01556900 0.02675000
v 0.00170700 -0.01556900 0.03275000
v 0.00170700 -0.01556900 0.02675000
v 0.00170700 -0.01556900 0.03275000
v 0.00170700 -0.01556900 0.03275000
v 0.00185000 -0.01493800 0.02675000
v 0.00185000 -0.01493800 0.02675000
v 0.00185000 -0.01493800 0.03275000
v 0.00185000 -0.01493800 0.02675000
v 0.00185000 -0.01493800 0.03275000
v 0.00185000 -0.01493800 0.03275000
v 0.00165700 -0.01432000 0.02675000
v 0.00165700 -0.01432000 0.02675000
v 0.00165700 -0.01432000 0.03275000
v 0.00165700 -0.01432000 0.02675000
v 0.00165700 -0.01432000 0.03275000
v 0.00165700 -0.01432000 0.03275000
v 0.00118200 -0.01388100 0.02675000
v 0.00118200 -0.01388100 0.02675000
v 0.00118200 -0.01388100 0.03275000
v 0.00118200 -0.01388100 0.02675000
v 0.00118200 -0.01388100 0.03275000
v 0.00118200 -0.01388100 0.03275000
v 0.00055100 -0.01373900 0.02675000
v 0.00055100 -0.01373900 0.02675000
v 0.00055100 -0.01373900 0.03275000
v 0.00055100 -0.01373900 0.02675000
v 0.00055100 -0.01373900 0.03275000
v 0.00055100 -0.01373900 0.03275000
v -0.00006700 -0.01393100 0.02675000
v -0.00006700 -0.01393100 0.02675000
v -0.00006700 -0.01393100 0.03275000
v -0.00006700 -0.01393100 0.02675000
v -0.00006700 -0.01393100 0.03275000
v -0.00006700 -0.01393100 0.03275000
v -0.00050600 -0.01440700 0.02675000
v -0.00050600 -0.01440700 0.02675000
v -0.00050600 -0.01440700 0.03275000
v -0.00050600 -0.01440700 0.02675000
v -0.00050600 -0.01440700 0.03275000
v -0.00050600 -0.01440700 0.03275000
v -0.00064800 -0.01503800 0.02675000
v -0.00064800 -0.01503800 0.02675000
v -0.00064800 -0.01503800 0.03275000
v 0.00697400 0.01328000 0.02750100
v 0.00808000 0.01269900 0.02675000
v 0.00764200 0.01222400 0.02675000
v 0.00822300 0.01333000 0.02675000
v 0.00639300 0.01217400 0.02675000
v 0.00591700 0.01261200 0.02675000
v 0.00702400 0.01203100 0.02675000
v 0.00586700 0.01386100 0.02675000
v 0.00630600 0.01433700 0.02675000
v 0.00572500 0.01323000 0.02675000
v 0.00755500 0.01438700 0.02675000
v 0.00803000 0.01394800 0.02675000
v 0.00692400 0.01452900 0.02675000
v 0.00822300 0.01333000 0.02675000
v 0.00822300 0.01333000 0.02075000
v 0.00822300 0.01333000 0.02075000
v 0.00808000 0.01269900 0.02675000
v 0.00808000 0.01269900 0.02675000
v 0.00808000 0.01269900 0.02075000
v 0.00808000 0.01269900 0.02675000
v 0.00808000 0.01269900 0.02075000
v 0.00764200 0.01222400 0.02675000
v 0.00764200 0.01222400 0.02075000
v 0.00764200 0.01222400 0.02675000
v 0.00764200 0.01222400 0.02075000
v 0.00764200 0.01222400 0.02075000
v 0.00702400 0.01203100 0.02675000
v 0.00702400 0.01203100 0.02675000
v 0.00702400 0.01203100 0.02075000
v 0.00702400 0.01203100 0.02675000
v 0.00702400 0.01203100 0.02075000
v 0.00702400 0.01203100 0.02075000
v 0.00639300 0.01217400 0.02675000
v 0.00639300 0.01217400 0.02675000
v 0.00639300 0.01217400 0.02075000
v 0.00639300 0.01217400 0.02675000
v 0.00639300 0.01217400 0.02075000
v 0.00639300 0.01217400 0.02075000
v 0.00591700 0.01261200 0.02675000
v 0.00591700 0.01261200 0.02675000
v 0.00591700 0.01261200 0.02075000
v 0.00591700 0.01261200 0.02675000
v 0.00591700 0.01261200 0.02075000
v 0.00591700 0.01261200 0.02075000
v 0.00572500 0.01323000 0.02675000
v 0.00572500 0.01323000 0.02675000
v 0.00572500 0.01323000 0.02075000
v 0.00572500 0.01323000 0.02675000
v 0.00572500 0.01323000 0.02075000
v 0.00572500 0.01323000 0.02075000
v 0.00586700 0.01386100 0.02675000
v 0.00586700 0.01386100 0.02675000
v 0.00586700 0.01386100 0.02075000
v 0.00586700 0.01386100 0.02675000
v 0.00586700 0.01386100 0.02075000
v 0.00630600 0.01433700 0.02675000
v 0.00630600 0.01433700 0.02075000
v 0.00630600 0.01433700 0.02675000
v 0.00630600 0.01433700 0.02075000
v 0.00630600 0.01433700 0.02075000
v 0.00692400 0.01452900 0.02675000
v 0.00692400 0.01452900 0.02675000
v 0.00692400 0.01452900 0.02075000
v 0.00692400 0.01452900 0.02675000
v 0.00692400 0.01452900 0.02075000
v 0.00692400 0.01452900 0.02075000
v 0.00755500 0.01438700 0.02675000
v 0.00755500 0.01438700 0.02675000
v 0.00755500 0.01438700 0.02075000
v 0.00755500 0.01438700 0.02675000
v 0.00755500 0.01438700 0.02075000
v 0.00755500 0.01438700 0.02075000
v 0.00803000 0.01394800 0.02675000
v 0.00803000 0.01394800 0.02675000
v 0.00803000 0.01394800 0.02075000
v 0.00803000 0.01394800 0.02675000
v 0.00803000 0.01394800 0.02075000
v 0.00803000 0.01394800 0.02075000
v 0.00822300 0.01333000 0.02675000
v 0.00822300 0.01333000 0.02675000
v 0.00822300 0.01333000 0.02075000
v 0.00801400 -0.01268000 0.02750100
v 0.00912100 -0.01326100 0.02675000
v 0.00868200 -0.01373600 0.02675000
v 0.00926300 -0.01263000 0.02675000
v 0.00743300 -0.01378600 0.02675000
v 0.00695700 -0.01334700 0.02675000
v 0.00806400 -0.01392900 0.02675000
v 0.00690700 -0.01209800 0.02675000
v 0.00734600 -0.01162300 0.02675000
v 0.00676500 -0.01273000 0.02675000
v 0.00859500 -0.01157300 0.02675000
v 0.00907100 -0.01201200 0.02675000
v 0.00796400 -0.01143100 0.02675000
v 0.00926300 -0.01263000 0.02675000
v 0.00926300 -0.01263000 0.02075000
v 0.00926300 -0.01263000 0.02075000
v 0.00912100 -0.01326100 0.02675000
v 0.00912100 -0.01326100 0.02675000
v 0.00912100 -0.01326100 0.02075000
v 0.00912100 -0.01326100 0.02675000
v 0.00912100 -0.01326100 0.02075000
v 0.00912100 -0.01326100 0.02075000
v 0.00868200 -0.01373600 0.02675000
v 0.00868200 -0.01373600 0.02675000
v 0.00868200 -0.01373600 0.02075000
v 0.00868200 -0.01373600 0.02675000
v 0.00868200 -0.01373600 0.02075000
v 0.00868200 -0.01373600 0.02075000
v 0.00806400 -0.01392900 0.02675000
v 0.00806400 -0.01392900 0.02675000
v 0.00806400 -0.01392900 0.02075000
v 0.00806400 -0.01392900 0.02675000
v 0.00806400 -0.01392900 0.02075000
v 0.00806400 -0.01392900 0.02075000
v 0.00743300 -0.01378600 0.02675000
v 0.00743300 -0.01378600 0.02675000
v 0.00743300 -0.01378600 0.02075000
v 0.00743300 -0.01378600 0.02675000
v 0.00743300 -0.01378600 0.02075000
v 0.00743300 -0.01378600 0.02075000
v 0.00695700 -0.01334700 0.02675000
v 0.00695700 -0.01334700 0.02675000
v 0.00695700 -0.01334700 0.02075000
v 0.00695700 -0.01334700 0.02675000
v 0.00695700 -0.01334700 0.02075000
v 0.00695700 -0.01334700 0.02075000
v 0.00676500 -0.01273000 0.02675000
v 0.00676500 -0.01273000 0.02675000
v 0.00676500 -0.01273000 0.02075000
v 0.00676500 -0.01273000 0.02675000
v 0.00676500 -0.01273000 0.02075000
v 0.00676500 -0.01273000 0.02075000
v 0.00690700 -0.01209800 0.02675000
v 0.00690700 -0.01209800 0.02675000
v 0.00690700 -0.01209800 0.02075000
v 0.00690700 -0.01209800 0.02675000
v 0.00690700 -0.01209800 0.02075000
v 0.00690700 -0.01209800 0.02075000
v 0.00734600 -0.01162300 0.02675000
v 0.00734600 -0.01162300 0.02675000
v 0.00734600 -0.01162300 0.02075000
v 0.00734600 -0.01162300 0.02675000
v 0.00734600 -0.01162300 0.02075000
v 0.00734600 -0.01162300 0.02075000
v 0.00796400 -0.01143100 0.02675000
v 0.00796400 -0.01143100 0.02675000
v 0.00796400 -0.01143100 0.02075000
v 0.00796400 -0.01143100 0.02675000
v 0.00796400 -0.01143100 0.02075000
v 0.00796400 -0.01143100 0.02075000
v 0.00859500 -0.01157300 0.02675000
v 0.00859500 -0.01157300 0.02675000
v 0.00859500 -0.01157300 0.02075000
v 0.00859500 -0.01157300 0.02675000
v 0.00859500 -0.01157300 0.02075000
v 0.00907100 -0.01201200 0.02675000
v 0.00907100 -0.01201200 0.02075000
v 0.00907100 -0.01201200 0.02675000
v 0.00907100 -0.01201200 0.02075000
v 0.00926300 -0.01263000 0.02675000
v 0.00926300 -0.01263000 0.02075000
v -0.01498800 -0.00060100 0.02750100
v -0.01388100 -0.00118200 0.02675000
v -0.01432000 -0.00165700 0.02675000
v -0.01373900 -0.00055100 0.02675000
v -0.01556900 -0.00170700 0.02675000
v -0.01604500 -0.00126900 0.02675000
v -0.01493800 -0.00185000 0.02675000
v -0.01609500 -0.00002000 0.02675000
v -0.01565600 0.00045600 0.02675000
v -0.01623700 -0.00065100 0.02675000
v -0.01440700 0.00050600 0.02675000
v -0.01393100 0.00006700 0.02675000
v -0.01503800 0.00064800 0.02675000
v -0.01373900 -0.00055100 0.02675000
v -0.01373900 -0.00055100 0.02075000
v -0.01388100 -0.00118200 0.02675000
v -0.01388100 -0.00118200 0.02075000
v -0.01388100 -0.00118200 0.02675000
v -0.01388100 -0.00118200 0.02075000
v -0.01388100 -0.00118200 0.02075000
v -0.01432000 -0.00165700 0.02675000
v -0.01432000 -0.00165700 0.02675000
v -0.01432000 -0.00165700 0.02075000
v -0.01432000 -0.00165700 0.02675000
v -0.01432000 -0.00165700 0.02075000
v -0.01432000 -0.00165700 0.02075000
v -0.01493800 -0.00185000 0.02675000
v -0.01493800 -0.00185000 0.02675000
v -0.01493800 -0.00185000 0.02075000
v -0.01493800 -0.00185000 0.02675000
v -0.01493800 -0.00185000 0.02075000
v -0.01493800 -0.00185000 0.02075000
v -0.01556900 -0.00170700 0.02675000
v -0.01556900 -0.00170700 0.02675000
v -0.01556900 -0.00170700 0.02075000
v -0.01556900 -0.00170700 0.02675000
v -0.01556900 -0.00170700 0.02075000
v -0.01556900 -0.00170700 0.02075000
v -0.01604500 -0.00126900 0.02675000
v -0.01604500 -0.00126900 0.02675000
v -0.01604500 -0.00126900 0.02075000
v -0.01604500 -0.00126900 0.02675000
v -0.01604500 -0.00126900 0.02075000
v -0.01604500 -0.00126900 0.02075000
v -0.01623700 -0.00065100 0.02675000
v -0.01623700 -0.00065100 0.02675000
v -0.01623700 -0.00065100 0.02075000
v -0.01623700 -0.00065100 0.02675000
v -0.01623700 -0.00065100 0.02075000
v -0.01609500 -0.00002000 0.02675000
v -0.01609500 -0.00002000 0.02075000
v -0.01609500 -0.00002000 0.02675000
v -0.01609500 -0.00002000 0.02075000
v -0.01609500 -0.00002000 0.02075000
v -0.01565600 0.00045600 0.02675000
v -0.01565600 0.00045600 0.02675000
v -0.01565600 0.00045600 0.02075000
v -0.01565600 0.00045600 0.02675000
v -0.01565600 0.00045600 0.02075000
v -0.01565600 0.00045600 0.02075000
v -0.01503800 0.00064800 0.02675000
v -0.01503800 0.00064800 0.02675000
v -0.01503800 0.00064800 0.02075000
v -0.01503800 0.00064800 0.02675000
v -0.01503800 0.00064800 0.02075000
v -0.01503800 0.00064800 0.02075000
v -0.01440700 0.00050600 0.02675000
v -0.01440700 0.00050600 0.02675000
v -0.01440700 0.00050600 0.02075000
v -0.01440700 0.00050600 0.02675000
v -0.01440700 0.00050600 0.02075000
v -0.01440700 0.00050600 0.02075000
v -0.01393100 0.00006700 0.02675000
v -0.01393100 0.00006700 0.02675000
v -0.01393100 0.00006700 0.02075000
v -0.01393100 0.00006700 0.02675000
v -0.01393100 0.00006700 0.02075000
v -0.01393100 0.00006700 0.02075000
v -0.01373900 -0.00055100 0.02675000
v -0.01373900 -0.00055100 0.02675000
v -0.01373900 -0.00055100 0.02075000
v 0.00836900 0.01593600 0.02575000
v 0.00836900 0.01593600 0.02575000
v 0.01100900 0.01424100 0.02575000
v 0.01100900 0.01424100 0.02575000
v 0.01157700 0.01312300 0.02575000
v 0.01157700 0.01312300 0.02575000
v 0.01157700 0.01312300 0.02575000
v 0.01331400 0.01211300 0.02575000
v 0.01331400 0.01211300 0.02575000
v 0.01373400 0.01084500 0.02575000
v 0.01373400 0.01084500 0.02575000
v 0.01373400 0.01084500 0.02575000
v 0.01521500 0.00961700 0.02575000
v 0.01521500 0.00961700 0.02575000
v 0.01545000 0.00821800 0.02575000
v 0.01545000 0.00821800 0.02575000
v 0.01545000 0.00821800 0.02575000
v 0.01665400 0.00682900 0.02575000
v 0.01665400 0.00682900 0.02575000
v 0.01666900 0.00532700 0.02575000
v 0.01666900 0.00532700 0.02575000
v 0.01758700 0.00383300 0.02575000
v 0.01758700 0.00383300 0.02575000
v 0.01735300 0.00226500 0.02575000
v 0.01735300 0.00226500 0.02575000
v 0.01735300 0.00226500 0.02575000
v 0.01798600 0.00072100 0.02575000
v 0.01798600 0.00072100 0.02575000
v 0.01798600 0.00072100 0.02575000
v 0.01747800 -0.00086900 0.02575000
v 0.01747800 -0.00086900 0.02575000
v 0.01747800 -0.00086900 0.02575000
v 0.01783700 -0.00241300 0.02575000
v 0.01783700 -0.00241300 0.02575000
v 0.01783700 -0.00241300 0.02575000
v 0.01704200 -0.00397600 0.02575000
v 0.01704200 -0.00397600 0.02575000
v 0.01714700 -0.00547400 0.02575000
v 0.01605800 -0.00695500 0.02575000
v 0.01605800 -0.00695500 0.02575000
v 0.01593600 -0.00836900 0.02575000
v 0.01593600 -0.00836900 0.02575000
v 0.01593600 -0.00836900 0.02575000
v 0.01455800 -0.00971100 0.02575000
v 0.01455800 -0.00971100 0.02575000
v 0.01455800 -0.00971100 0.02575000
v 0.01424100 -0.01100900 0.02575000
v 0.01424100 -0.01100900 0.02575000
v 0.01259000 -0.01215400 0.02575000
v 0.01259000 -0.01215400 0.02575000
v 0.01211300 -0.01331400 0.02575000
v 0.01211300 -0.01331400 0.02575000
v 0.01021800 -0.01420700 0.02575000
v 0.01021800 -0.01420700 0.02575000
v 0.00961700 -0.01521500 0.02575000
v 0.00751700 -0.01580300 0.02575000
v 0.00751700 -0.01580300 0.02575000
v 0.00682900 -0.01665400 0.02575000
v 0.00682900 -0.01665400 0.02575000
v 0.00457400 -0.01689200 0.02575000
v 0.00457400 -0.01689200 0.02575000
v 0.00457400 -0.01689200 0.02575000
v 0.00383300 -0.01758700 0.02575000
v 0.00383300 -0.01758700 0.02575000
v 0.00148500 -0.01743700 0.02575000
v 0.00148500 -0.01743700 0.02575000
v 0.00148500 -0.01743700 0.02575000
v 0.00072100 -0.01798600 0.02575000
v 0.00072100 -0.01798600 0.02575000
v -0.00165300 -0.01742200 0.02575000
v -0.00165300 -0.01742200 0.02575000
v -0.00241300 -0.01783700 0.02575000
v -0.00473700 -0.01684700 0.02575000
v -0.00547400 -0.01714700 0.02575000
v -0.00766900 -0.01573000 0.02575000
v -0.00836900 -0.01593600 0.02575000
v -0.01035400 -0.01410800 0.02575000
v -0.01100900 -0.01424100 0.02575000
v -0.01270700 -0.01203200 0.02575000
v -0.01331400 -0.01211300 0.02575000
v -0.01465100 -0.00957000 0.02575000
v -0.01465100 -0.00957000 0.02575000
v -0.01521500 -0.00961700 0.02575000
v -0.01521500 -0.00961700 0.02575000
v -0.01612500 -0.00680000 0.02575000
v -0.01612500 -0.00680000 0.02575000
v -0.01665400 -0.00682900 0.02575000
v -0.01708000 -0.00381200 0.02575000
v -0.01758700 -0.00383300 0.02575000
v -0.01758700 -0.00383300 0.02575000
v -0.01748600 -0.00070100 0.02575000
v -0.01748600 -0.00070100 0.02575000
v -0.01798600 -0.00072100 0.02575000
v -0.01798600 -0.00072100 0.02575000
v -0.01733000 0.00243300 0.02575000
v -0.01783700 0.00241300 0.02575000
v -0.01661700 0.00548800 0.02575000
v -0.01714700 0.00547400 0.02575000
v -0.01537000 0.00836700 0.02575000
v -0.01593600 0.00836900 0.02575000
v -0.01362900 0.01097700 0.02575000
v -0.01424100 0.01100900 0.02575000
v -0.01145000 0.01323400 0.02575000
v -0.01211300 0.01331400 0.02575000
v -0.00890300 0.01506600 0.02575000
v -0.00961700 0.01521500 0.02575000
v -0.00961700 0.01521500 0.02575000
v -0.00607000 0.01641400 0.02575000
v -0.00607000 0.01641400 0.02575000
v -0.00607000 0.01641400 0.02575000
v -0.00682900 0.01665400 0.02575000
v -0.00682900 0.01665400 0.02575000
v -0.00682900 0.01665400 0.02575000
v -0.00304200 0.01723400 0.02575000
v -0.00304200 0.01723400 0.02575000
v -0.00304200 0.01723400 0.02575000
v -0.00383300 0.01758700 0.02575000
v -0.00383300 0.01758700 0.02575000
v -0.00383300 0.01758700 0.02575000
v 0.00008400 0.01750000 0.02575000
v 0.00008400 0.01750000 0.02575000
v 0.00008400 0.01750000 0.02575000
v -0.00072100 0.01798600 0.02575000
v -0.00072100 0.01798600 0.02575000
v 0.00320800 0.01720300 0.02575000
v 0.00320800 0.01720300 0.02575000
v 0.00320800 0.01720300 0.02575000
v 0.00241300 0.01783700 0.02575000
v 0.00241300 0.01783700 0.02575000
v 0.00622800 0.01635400 0.02575000
v 0.00622800 0.01635400 0.02575000
v 0.00547400 0.01714700 0.02575000
v 0.00904800 0.01497900 0.02575000
v 0.00499600 0.00020000 0.02525000
v 0.00499600 0.00020000 0.02525000
v 0.00499600 0.00020000 0.02525000
v 0.00499600 0.00020000 0.02475000
v 0.00479000 -0.00143300 0.02525000
v 0.00479000 -0.00143300 0.02525000
v 0.00479000 -0.00143300 0.02475000
v 0.00479000 -0.00143300 0.02475000
v 0.00406500 -0.00291100 0.02525000
v 0.00406500 -0.00291100 0.02525000
v 0.00406500 -0.00291100 0.02475000
v 0.00406500 -0.00291100 0.02475000
v 0.00290000 -0.00407300 0.02525000
v 0.00290000 -0.00407300 0.02525000
v 0.00290000 -0.00407300 0.02475000
v 0.00290000 -0.00407300 0.02475000
v 0.00142100 -0.00479400 0.02525000
v 0.00142100 -0.00479400 0.02525000
v 0.00142100 -0.00479400 0.02475000
v 0.00142100 -0.00479400 0.02475000
v -0.00021300 -0.00499500 0.02525000
v -0.00021300 -0.00499500 0.02525000
v -0.00021300 -0.00499500 0.02475000
v -0.00021300 -0.00499500 0.02475000
v -0.00182300 -0.00465600 0.02525000
v -0.00182300 -0.00465600 0.02525000
v -0.00182300 -0.00465600 0.02475000
v -0.00182300 -0.00465600 0.02475000
v -0.00323600 -0.00381100 0.02525000
v -0.00323600 -0.00381100 0.02525000
v -0.00323600 -0.00381100 0.02475000
v -0.00323600 -0.00381100 0.02475000
v -0.00429800 -0.00255400 0.02525000
v -0.00429800 -0.00255400 0.02525000
v -0.00429800 -0.00255400 0.02475000
v -0.00429800 -0.00255400 0.02475000
v -0.00489500 -0.00102000 0.02525000
v -0.00489500 -0.00102000 0.02525000
v -0.00489500 -0.00102000 0.02475000
v -0.00489500 -0.00102000 0.02475000
v -0.00496100 0.00062500 0.02525000
v -0.00496100 0.00062500 0.02525000
v -0.00496100 0.00062500 0.02475000
v -0.00496100 0.00062500 0.02475000
v -0.00448900 0.00220200 0.02525000
v -0.00448900 0.00220200 0.02525000
v -0.00448900 0.00220200 0.02475000
v -0.00448900 0.00220200 0.02475000
v -0.00353100 0.00354000 0.02525000
v -0.00353100 0.00354000 0.02525000
v -0.00353100 0.00354000 0.02475000
v -0.00353100 0.00354000 0.02475000
v -0.00219000 0.00449500 0.02525000
v -0.00219000 0.00449500 0.02475000
v -0.00061200 0.00496200 0.02525000
v -0.00061200 0.00496200 0.02475000
v 0.00103200 0.00489200 0.02525000
v 0.00103200 0.00489200 0.02525000
v 0.00103200 0.00489200 0.02475000
v 0.00103200 0.00489200 0.02475000
v 0.00256500 0.00429200 0.02525000
v 0.00256500 0.00429200 0.02525000
v 0.00256500 0.00429200 0.02475000
v 0.00256500 0.00429200 0.02475000
v 0.00381900 0.00322700 0.02525000
v 0.00381900 0.00322700 0.02525000
v 0.00381900 0.00322700 0.02475000
v 0.00381900 0.00322700 0.02475000
v 0.00466000 0.00181200 0.02525000
v 0.00466000 0.00181200 0.02475000
v 0.00466000 0.00181200 0.02475000
v 0.00499600 0.00020000 0.02475000
v 0.00499600 0.00020000 0.02525000
v 0.00499600 0.00020000 0.02525000
v 0.00479000 -0.00143300 0.02525000
v 0.00000000 0.00000000 0.02525000
v 0.00000000 0.00000000 0.02525000
v 0.00000000 0.00000000 0.02525000
v 0.00000000 0.00000000 0.02525000
v 0.00000000 0.00000000 0.02525000
v 0.00000000 0.00000000 0.02525000
v 0.00000000 0.00000000 0.02525000
v 0.00000000 0.00000000 0.02525000
v 0.00000000 0.00000000 0.02525000
v 0.00000000 0.00000000 0.02525000
v 0.00256500 0.00429200 0.02525000
v 0.00381900 0.00322700 0.02525000
v 0.00381900 0.00322700 0.02525000
v 0.00466000 0.00181200 0.02525000
v 0.00466000 0.00181200 0.02525000
v -0.00219000 0.00449500 0.02525000
v -0.00219000 0.00449500 0.02525000
v -0.00061200 0.00496200 0.02525000
v -0.00061200 0.00496200 0.02525000
v 0.00103200 0.00489200 0.02525000
v -0.00496100 0.00062500 0.02525000
v -0.00496100 0.00062500 0.02525000
v -0.00448900 0.00220200 0.02525000
v -0.00448900 0.00220200 0.02525000
v -0.00353100 0.00354000 0.02525000
v -0.00353100 0.00354000 0.02525000
v -0.00323600 -0.00381100 0.02525000
v -0.00323600 -0.00381100 0.02525000
v -0.00429800 -0.00255400 0.02525000
v -0.00429800 -0.00255400 0.02525000
v -0.00489500 -0.00102000 0.02525000
v -0.00489500 -0.00102000 0.02525000
v 0.00142100 -0.00479400 0.02525000
v -0.00021300 -0.00499500 0.02525000
v -0.00182300 -0.00465600 0.02525000
v -0.00182300 -0.00465600 0.02525000
v 0.00406500 -0.00291100 0.02525000
v 0.00406500 -0.00291100 0.02525000
v 0.00290000 -0.00407300 0.02525000
v 0.00290000 -0.00407300 0.02525000
v 0.00547400 0.01714700 0.02975000
v 0.00556500 0.01743300 0.02975000
v 0.00836900 0.01593600 0.02975000
v 0.00850800 0.01620200 0.02975000
v 0.01100900 0.01424100 0.02975000
v 0.01119200 0.01447800 0.02975000
v 0.01331400 0.01211300 0.02975000
v 0.01353600 0.01231500 0.02975000
v 0.01521500 0.00961700 0.02975000
v 0.01546900 0.00977700 0.02975000
v 0.01665400 0.00682900 0.02975000
v 0.01665400 0.00682900 0.02975000
v 0.01693200 0.00694300 0.02975000
v 0.01693200 0.00694300 0.02975000
v 0.01758700 0.00383300 0.02975000
v 0.01758700 0.00383300 0.02975000
v 0.01788000 0.00389700 0.02975000
v 0.01788000 0.00389700 0.02975000
v 0.01798600 0.00072100 0.02975000
v 0.01798600 0.00072100 0.02975000
v 0.01828500 0.00073300 0.02975000
v 0.01828500 0.00073300 0.02975000
v 0.01828500 0.00073300 0.02975000
v 0.01783700 -0.00241300 0.02975000
v 0.01783700 -0.00241300 0.02975000
v 0.01783700 -0.00241300 0.02975000
v 0.01813500 -0.00245300 0.02975000
v 0.01813500 -0.00245300 0.02975000
v 0.01813500 -0.00245300 0.02975000
v 0.01714700 -0.00547400 0.02975000
v 0.01714700 -0.00547400 0.02975000
v 0.01714700 -0.00547400 0.02975000
v 0.01743300 -0.00556500 0.02975000
v 0.01743300 -0.00556500 0.02975000
v 0.01743300 -0.00556500 0.02975000
v 0.01593600 -0.00836900 0.02975000
v 0.01593600 -0.00836900 0.02975000
v 0.01593600 -0.00836900 0.02975000
v 0.01620200 -0.00850800 0.02975000
v 0.01620200 -0.00850800 0.02975000
v 0.01424100 -0.01100900 0.02975000
v 0.01424100 -0.01100900 0.02975000
v 0.01447800 -0.01119200 0.02975000
v 0.01211300 -0.01331400 0.02975000
v 0.01231500 -0.01353600 0.02975000
v 0.01231500 -0.01353600 0.02975000
v 0.00961700 -0.01521500 0.02975000
v 0.00961700 -0.01521500 0.02975000
v 0.00961700 -0.01521500 0.02975000
v 0.00977700 -0.01546900 0.02975000
v 0.00977700 -0.01546900 0.02975000
v 0.00977700 -0.01546900 0.02975000
v 0.00682900 -0.01665400 0.02975000
v 0.00682900 -0.01665400 0.02975000
v 0.00694300 -0.01693200 0.02975000
v 0.00383300 -0.01758700 0.02975000
v 0.00389700 -0.01788000 0.02975000
v 0.00389700 -0.01788000 0.02975000
v 0.00072100 -0.01798600 0.02975000
v 0.00072100 -0.01798600 0.02975000
v 0.00072100 -0.01798600 0.02975000
v 0.00073300 -0.01828500 0.02975000
v 0.00073300 -0.01828500 0.02975000
v 0.00073300 -0.01828500 0.02975000
v -0.00241300 -0.01783700 0.02975000
v -0.00241300 -0.01783700 0.02975000
v -0.00245300 -0.01813500 0.02975000
v -0.00547400 -0.01714700 0.02975000
v -0.00556500 -0.01743300 0.02975000
v -0.00836900 -0.01593600 0.02975000
v -0.00850800 -0.01620200 0.02975000
v -0.01100900 -0.01424100 0.02975000
v -0.01119200 -0.01447800 0.02975000
v -0.01331400 -0.01211300 0.02975000
v -0.01353600 -0.01231500 0.02975000
v -0.01521500 -0.00961700 0.02975000
v -0.01546900 -0.00977700 0.02975000
v -0.01665400 -0.00682900 0.02975000
v -0.01665400 -0.00682900 0.02975000
v -0.01693200 -0.00694300 0.02975000
v -0.01693200 -0.00694300 0.02975000
v -0.01758700 -0.00383300 0.02975000
v -0.01758700 -0.00383300 0.02975000
v -0.01788000 -0.00389700 0.02975000
v -0.01788000 -0.00389700 0.02975000
v -0.01798600 -0.00072100 0.02975000
v -0.01798600 -0.00072100 0.02975000
v -0.01828500 -0.00073300 0.02975000
v -0.01828500 -0.00073300 0.02975000
v -0.01828500 -0.00073300 0.02975000
v -0.01783700 0.00241300 0.02975000
v -0.01783700 0.00241300 0.02975000
v -0.01813500 0.00245300 0.02975000
v -0.01813500 0.00245300 0.02975000
v -0.01714700 0.00547400 0.02975000
v -0.01743300 0.00556500 0.02975000
v -0.01743300 0.00556500 0.02975000
v -0.01593600 0.00836900 0.02975000
v -0.01593600 0.00836900 0.02975000
v -0.01620200 0.00850800 0.02975000
v -0.01620200 0.00850800 0.02975000
v -0.01620200 0.00850800 0.02975000
v -0.01424100 0.01100900 0.02975000
v -0.01424100 0.01100900 0.02975000
v -0.01447800 0.01119200 0.02975000
v -0.01447800 0.01119200 0.02975000
v -0.01211300 0.01331400 0.02975000
v -0.01231500 0.01353600 0.02975000
v -0.01231500 0.01353600 0.02975000
v -0.00961700 0.01521500 0.02975000
v -0.00961700 0.01521500 0.02975000
v -0.00961700 0.01521500 0.02975000
v -0.00977700 0.01546900 0.02975000
v -0.00977700 0.01546900 0.02975000
v -0.00977700 0.01546900 0.02975000
v -0.00682900 0.01665400 0.02975000
v -0.00682900 0.01665400 0.02975000
v -0.00694300 0.01693200 0.02975000
v -0.00694300 0.01693200 0.02975000
v -0.00383300 0.01758700 0.02975000
v -0.00383300 0.01758700 0.02975000
v -0.00383300 0.01758700 0.02975000
v -0.00389700 0.01788000 0.02975000
v -0.00389700 0.01788000 0.02975000
v -0.00389700 0.01788000 0.02975000
v -0.00072100 0.01798600 0.02975000
v -0.00072100 0.01798600 0.02975000
v -0.00072100 0.01798600 0.02975000
v -0.00073300 0.01828500 0.02975000
v -0.00073300 0.01828500 0.02975000
v 0.00241300 0.01783700 0.02975000
v 0.00241300 0.01783700 0.02975000
v 0.00245300 0.01813500 0.02975000
v 0.00074100 -0.01848500 0.03175000
v 0.00074100 -0.01848500 0.03175000
v 0.00074100 -0.01848500 0.03175000
v -0.00088400 -0.02073100 0.03175000
v -0.00088400 -0.02073100 0.03175000
v -0.00088400 -0.02073100 0.03175000
v -0.00248000 -0.01833300 0.03175000
v -0.00248000 -0.01833300 0.03175000
v -0.00248000 -0.01833300 0.03175000
v -0.00428400 -0.02030300 0.03175000
v -0.00428400 -0.02030300 0.03175000
v -0.00562600 -0.01762400 0.03175000
v -0.00562600 -0.01762400 0.03175000
v -0.00562600 -0.01762400 0.03175000
v -0.00756800 -0.01932100 0.03175000
v -0.00756800 -0.01932100 0.03175000
v -0.00860100 -0.01637900 0.03175000
v -0.00860100 -0.01637900 0.03175000
v -0.00860100 -0.01637900 0.03175000
v -0.01064400 -0.01781200 0.03175000
v -0.01064400 -0.01781200 0.03175000
v -0.01131400 -0.01463700 0.03175000
v -0.01131400 -0.01463700 0.03175000
v -0.01131400 -0.01463700 0.03175000
v -0.01343100 -0.01581700 0.03175000
v -0.01343100 -0.01581700 0.03175000
v -0.01343100 -0.01581700 0.03175000
v -0.01368400 -0.01245000 0.03175000
v -0.01368400 -0.01245000 0.03175000
v -0.01368400 -0.01245000 0.03175000
v -0.01585100 -0.01339000 0.03175000
v -0.01585100 -0.01339000 0.03175000
v -0.01585100 -0.01339000 0.03175000
v -0.01563800 -0.00988400 0.03175000
v -0.01563800 -0.00988400 0.03175000
v -0.01563800 -0.00988400 0.03175000
v -0.01783900 -0.01059900 0.03175000
v -0.01783900 -0.01059900 0.03175000
v -0.01783900 -0.01059900 0.03175000
v -0.01711700 -0.00701800 0.03175000
v -0.01711700 -0.00701800 0.03175000
v -0.01711700 -0.00701800 0.03175000
v -0.01934000 -0.00751800 0.03175000
v -0.01934000 -0.00751800 0.03175000
v -0.01934000 -0.00751800 0.03175000
v -0.01807600 -0.00394000 0.03175000
v -0.01807600 -0.00394000 0.03175000
v -0.01807600 -0.00394000 0.03175000
v -0.02031400 -0.00423200 0.03175000
v -0.02031400 -0.00423200 0.03175000
v -0.02031400 -0.00423200 0.03175000
v -0.01848500 -0.00074100 0.03175000
v -0.01848500 -0.00074100 0.03175000
v -0.01848500 -0.00074100 0.03175000
v -0.02073300 -0.00083100 0.03175000
v -0.02073300 -0.00083100 0.03175000
v -0.01833300 0.00248000 0.03175000
v -0.02058700 0.00259300 0.03175000
v -0.01762400 0.00562600 0.03175000
v -0.01988000 0.00594600 0.03175000
v -0.01988000 0.00594600 0.03175000
v -0.01637900 0.00860100 0.03175000
v -0.01637900 0.00860100 0.03175000
v -0.01863000 0.00913700 0.03175000
v -0.01863000 0.00913700 0.03175000
v -0.01863000 0.00913700 0.03175000
v -0.01463700 0.01131400 0.03175000
v -0.01463700 0.01131400 0.03175000
v -0.01687200 0.01207900 0.03175000
v -0.01687200 0.01207900 0.03175000
v -0.01687200 0.01207900 0.03175000
v -0.01245000 0.01368400 0.03175000
v -0.01245000 0.01368400 0.03175000
v -0.01465400 0.01469100 0.03175000
v -0.01465400 0.01469100 0.03175000
v -0.00988400 0.01563800 0.03175000
v -0.00988400 0.01563800 0.03175000
v -0.01203600 0.01690300 0.03175000
v -0.01203600 0.01690300 0.03175000
v -0.01203600 0.01690300 0.03175000
v -0.00701800 0.01711700 0.03175000
v -0.00701800 0.01711700 0.03175000
v -0.00701800 0.01711700 0.03175000
v -0.00908900 0.01865300 0.03175000
v -0.00908900 0.01865300 0.03175000
v -0.00908900 0.01865300 0.03175000
v -0.00394000 0.01807600 0.03175000
v -0.00394000 0.01807600 0.03175000
v -0.00394000 0.01807600 0.03175000
v -0.00589500 0.01989500 0.03175000
v -0.00589500 0.01989500 0.03175000
v -0.00589500 0.01989500 0.03175000
v -0.00074100 0.01848500 0.03175000
v -0.00254000 0.02059400 0.03175000
v -0.00254000 0.02059400 0.03175000
v -0.00074100 0.01848500 0.03175000
v -0.00074100 0.01848500 0.03175000
v -0.00074100 0.01848500 0.03175000
v 0.00088400 0.02073100 0.03175000
v 0.00088400 0.02073100 0.03175000
v 0.00088400 0.02073100 0.03175000
v 0.00248000 0.01833300 0.03175000
v 0.00248000 0.01833300 0.03175000
v 0.00248000 0.01833300 0.03175000
v 0.00428400 0.02030300 0.03175000
v 0.00428400 0.02030300 0.03175000
v 0.00562600 0.01762400 0.03175000
v 0.00562600 0.01762400 0.03175000
v 0.00562600 0.01762400 0.03175000
v 0.00756800 0.01932100 0.03175000
v 0.00756800 0.01932100 0.03175000
v 0.00860100 0.01637900 0.03175000
v 0.00860100 0.01637900 0.03175000
v 0.00860100 0.01637900 0.03175000
v 0.01064400 0.01781200 0.03175000
v 0.01064400 0.01781200 0.03175000
v 0.01131400 0.01463700 0.03175000
v 0.01131400 0.01463700 0.03175000
v 0.01131400 0.01463700 0.03175000
v 0.01343100 0.01581700 0.03175000
v 0.01343100 0.01581700 0.03175000
v 0.01343100 0.01581700 0.03175000
v 0.01368400 0.01245000 0.03175000
v 0.01368400 0.01245000 0.03175000
v 0.01368400 0.01245000 0.03175000
v 0.01585100 0.01339000 0.03175000
v 0.01585100 0.01339000 0.03175000
v 0.01585100 0.01339000 0.03175000
v 0.01563800 0.00988400 0.03175000
v 0.01563800 0.00988400 0.03175000
v 0.01563800 0.00988400 0.03175000
v 0.01783900 0.01059900 0.03175000
v 0.01783900 0.01059900 0.03175000
v 0.01783900 0.01059900 0.03175000
v 0.01711700 0.00701800 0.03175000
v 0.01711700 0.00701800 0.03175000
v 0.01711700 0.00701800 0.03175000
v 0.01934000 0.00751800 0.03175000
v 0.01934000 0.00751800 0.03175000
v 0.01934000 0.00751800 0.03175000
v 0.01807600 0.00394000 0.03175000
v 0.01807600 0.00394000 0.03175000
v 0.01807600 0.00394000 0.03175000
v 0.02031400 0.00423200 0.03175000
v 0.02031400 0.00423200 0.03175000
v 0.02031400 0.00423200 0.03175000
v 0.01848500 0.00074100 0.03175000
v 0.01848500 0.00074100 0.03175000
v 0.01848500 0.00074100 0.03175000
v 0.02073300 0.00083100 0.03175000
v 0.02073300 0.00083100 0.03175000
v 0.01833300 -0.00248000 0.03175000
v 0.02058700 -0.00259300 0.03175000
v 0.01762400 -0.00562600 0.03175000
v 0.01988000 -0.00594600 0.03175000
v 0.01988000 -0.00594600 0.03175000
v 0.01637900 -0.00860100 0.03175000
v 0.01637900 -0.00860100 0.03175000
v 0.01863000 -0.00913700 0.03175000
v 0.01863000 -0.00913700 0.03175000
v 0.01863000 -0.00913700 0.03175000
v 0.01463700 -0.01131400 0.03175000
v 0.01463700 -0.01131400 0.03175000
v 0.01687200 -0.01207900 0.03175000
v 0.01687200 -0.01207900 0.03175000
v 0.01687200 -0.01207900 0.03175000
v 0.01245000 -0.01368400 0.03175000
v 0.01245000 -0.01368400 0.03175000
v 0.01465400 -0.01469100 0.03175000
v 0.01465400 -0.01469100 0.03175000
v 0.00988400 -0.01563800 0.03175000
v 0.00988400 -0.01563800 0.03175000
v 0.01203600 -0.01690300 0.03175000
v 0.01203600 -0.01690300 0.03175000
v 0.01203600 -0.01690300 0.03175000
v 0.00701800 -0.01711700 0.03175000
v 0.00701800 -0.01711700 0.03175000
v 0.00701800 -0.01711700 0.03175000
v 0.00908900 -0.01865300 0.03175000
v 0.00908900 -0.01865300 0.03175000
v 0.00908900 -0.01865300 0.03175000
v 0.00394000 -0.01807600 0.03175000
v 0.00394000 -0.01807600 0.03175000
v 0.00394000 -0.01807600 0.03175000
v 0.00589500 -0.01989500 0.03175000
v 0.00589500 -0.01989500 0.03175000
v 0.00589500 -0.01989500 0.03175000
v 0.00074100 -0.01848500 0.03175000
v 0.00254000 -0.02059400 0.03175000
v 0.00254000 -0.02059400 0.03175000
v -0.02073300 -0.00083100 0.03255000
v -0.02031400 -0.00423200 0.03175000
v -0.02031400 -0.00423200 0.03255000
v -0.01934000 -0.00751800 0.03175000
v -0.01934000 -0.00751800 0.03255000
v -0.01783900 -0.01059900 0.03175000
v -0.01783900 -0.01059900 0.03255000
v -0.01585100 -0.01339000 0.03175000
v -0.01585100 -0.01339000 0.03255000
v -0.01343100 -0.01581700 0.03175000
v -0.01343100 -0.01581700 0.03255000
v -0.01064400 -0.01781200 0.03175000
v -0.01064400 -0.01781200 0.03255000
v -0.00756800 -0.01932100 0.03175000
v -0.00756800 -0.01932100 0.03255000
v -0.00428400 -0.02030300 0.03175000
v -0.00428400 -0.02030300 0.03255000
v -0.00088400 -0.02073100 0.03175000
v -0.00088400 -0.02073100 0.03255000
v 0.00254000 -0.02059400 0.03175000
v 0.00254000 -0.02059400 0.03255000
v 0.00589500 -0.01989500 0.03175000
v 0.00589500 -0.01989500 0.03255000
v 0.00908900 -0.01865300 0.03175000
v 0.00908900 -0.01865300 0.03255000
v 0.01203600 -0.01690300 0.03175000
v 0.01203600 -0.01690300 0.03255000
v 0.01465400 -0.01469100 0.03175000
v 0.01465400 -0.01469100 0.03255000
v 0.01687200 -0.01207900 0.03175000
v 0.01687200 -0.01207900 0.03255000
v 0.01863000 -0.00913700 0.03175000
v 0.01863000 -0.00913700 0.03255000
v 0.01988000 -0.00594600 0.03175000
v 0.01988000 -0.00594600 0.03255000
v 0.02058700 -0.00259300 0.03175000
v 0.02058700 -0.00259300 0.03255000
v 0.02073300 0.00083100 0.03175000
v 0.02073300 0.00083100 0.03255000
v 0.02031400 0.00423200 0.03175000
v 0.02031400 0.00423200 0.03255000
v 0.01934000 0.00751800 0.03175000
v 0.01934000 0.00751800 0.03255000
v 0.01783900 0.01059900 0.03175000
v 0.01783900 0.01059900 0.03255000
v 0.01585100 0.01339000 0.03175000
v 0.01585100 0.01339000 0.03255000
v 0.01343100 0.01581700 0.03175000
v 0.01343100 0.01581700 0.03255000
v 0.01064400 0.01781200 0.03175000
v 0.01064400 0.01781200 0.03255000
v 0.00756800 0.01932100 0.03175000
v 0.00756800 0.01932100 0.03255000
v 0.00428400 0.02030300 0.03175000
v 0.00428400 0.02030300 0.03255000
v 0.00088400 0.02073100 0.03175000
v 0.00088400 0.02073100 0.03255000
v -0.00254000 0.02059400 0.03175000
v -0.00254000 0.02059400 0.03255000
v -0.00589500 0.01989500 0.03175000
v -0.00589500 0.01989500 0.03255000
v -0.00908900 0.01865300 0.03175000
v -0.00908900 0.01865300 0.03255000
v -0.01203600 0.01690300 0.03175000
v -0.01203600 0.01690300 0.03255000
v -0.01465400 0.01469100 0.03175000
v -0.01465400 0.01469100 0.03255000
v -0.01687200 0.01207900 0.03175000
v -0.01687200 0.01207900 0.03255000
v -0.01863000 0.00913700 0.03175000
v -0.01863000 0.00913700 0.03255000
v -0.01988000 0.00594600 0.03175000
v -0.01988000 0.00594600 0.03255000
v -0.02058700 0.00259300 0.03175000
v -0.02058700 0.00259300 0.03255000
v -0.02073300 -0.00083100 0.03175000
v 0.01237100 -0.00025500 0.03255000
v 0.01220200 -0.00036200 0.03275000
v 0.01294200 -0.00078100 0.03255000
v 0.01284900 -0.00095800 0.03275000
v 0.01369900 -0.00095200 0.03255000
v 0.01370700 -0.00115200 0.03275000
v 0.01444000 -0.00072100 0.03255000
v 0.01454700 -0.00089000 0.03275000
v 0.01496700 -0.00015100 0.03255000
v 0.01514400 -0.00024400 0.03275000
v 0.01513800 0.00060700 0.03255000
v 0.01533800 0.00061500 0.03275000
v 0.01490700 0.00134800 0.03255000
v 0.01507600 0.00145500 0.03275000
v 0.01433600 0.00187500 0.03255000
v 0.01442900 0.00205200 0.03275000
v 0.01357900 0.00204500 0.03255000
v 0.01357100 0.00224500 0.03275000
v 0.01283800 0.00181500 0.03255000
v 0.01273100 0.00198400 0.03275000
v 0.01231100 0.00124400 0.03255000
v 0.01213400 0.00133700 0.03275000
v 0.01214000 0.00048700 0.03255000
v 0.01214000 0.00048700 0.03255000
v 0.01213400 0.00133700 0.03275000
v 0.01194000 0.00047900 0.03275000
v -0.00761400 -0.01288600 0.03255000
v -0.00778300 -0.01299300 0.03275000
v -0.00704300 -0.01341300 0.03255000
v -0.00713700 -0.01359000 0.03275000
v -0.00628600 -0.01358400 0.03255000
v -0.00627800 -0.01378400 0.03275000
v -0.00554500 -0.01335300 0.03255000
v -0.00543800 -0.01352200 0.03275000
v -0.00501800 -0.01278200 0.03255000
v -0.00484100 -0.01287500 0.03275000
v -0.00484700 -0.01202500 0.03255000
v -0.00464700 -0.01201700 0.03275000
v -0.00507800 -0.01128400 0.03255000
v -0.00490900 -0.01117700 0.03275000
v -0.00564900 -0.01075700 0.03255000
v -0.00555600 -0.01058000 0.03275000
v -0.00640600 -0.01058600 0.03255000
v -0.00641400 -0.01038600 0.03275000
v -0.00714800 -0.01081700 0.03255000
v -0.00725400 -0.01064800 0.03275000
v -0.00767400 -0.01138800 0.03255000
v -0.00785100 -0.01129500 0.03275000
v -0.00784500 -0.01214500 0.03255000
v -0.00804500 -0.01215300 0.03275000
v -0.00856100 0.01073700 0.03255000
v -0.00873000 0.01063000 0.03275000
v -0.00799000 0.01021000 0.03255000
v -0.00808300 0.01003300 0.03275000
v -0.00723300 0.01004000 0.03255000
v -0.00722500 0.00984000 0.03275000
v -0.00649100 0.01027000 0.03255000
v -0.00638500 0.01010100 0.03275000
v -0.00596500 0.01084100 0.03255000
v -0.00578800 0.01074800 0.03275000
v -0.00579400 0.01159800 0.03255000
v -0.00559400 0.01160600 0.03275000
v -0.00602500 0.01234000 0.03255000
v -0.00585600 0.01244700 0.03275000
v -0.00659600 0.01286600 0.03255000
v -0.00650200 0.01304400 0.03275000
v -0.00735300 0.01303700 0.03255000
v -0.00736100 0.01323700 0.03275000
v -0.00809400 0.01280600 0.03255000
v -0.00820100 0.01297500 0.03275000
v -0.00862100 0.01223600 0.03255000
v -0.00879800 0.01232900 0.03275000
v -0.00879200 0.01147800 0.03255000
v -0.00899200 0.01147000 0.03275000
v -0.01203600 0.01690300 0.03255000
v -0.00978600 0.01807000 0.03275000
v -0.00908900 0.01865300 0.03255000
v -0.00961900 0.01816000 0.03275000
v -0.00900200 0.01847300 0.03275000
v -0.00583800 0.01970300 0.03275000
v -0.00589500 0.01989500 0.03255000
v -0.00589500 0.01989500 0.03255000
v -0.00583800 0.01970300 0.03275000
v -0.00251600 0.02039500 0.03275000
v -0.00254000 0.02059400 0.03255000
v 0.00087500 0.02053100 0.03275000
v 0.00088400 0.02073100 0.03255000
v 0.00424300 0.02010700 0.03275000
v 0.00428400 0.02030300 0.03255000
v 0.00749500 0.01913500 0.03275000
v 0.00756800 0.01932100 0.03255000
v 0.01054200 0.01764000 0.03275000
v 0.01064400 0.01781200 0.03255000
v 0.01330100 0.01566400 0.03275000
v 0.01343100 0.01581700 0.03255000
v 0.01569800 0.01326100 0.03275000
v 0.01585100 0.01339000 0.03255000
v 0.01585100 0.01339000 0.03255000
v 0.01569800 0.01326100 0.03275000
v 0.01766700 0.01049700 0.03275000
v 0.01783900 0.01059900 0.03255000
v 0.01783900 0.01059900 0.03255000
v 0.01766700 0.01049700 0.03275000
v 0.01915400 0.00744500 0.03275000
v 0.01934000 0.00751800 0.03255000
v 0.02011800 0.00419100 0.03275000
v 0.02031400 0.00423200 0.03255000
v 0.02031400 0.00423200 0.03255000
v 0.02011800 0.00419100 0.03275000
v 0.02053300 0.00082300 0.03275000
v 0.02073300 0.00083100 0.03255000
v 0.02038900 -0.00256800 0.03275000
v 0.02058700 -0.00259300 0.03255000
v 0.01968800 -0.00588900 0.03275000
v 0.01988000 -0.00594600 0.03255000
v 0.01988000 -0.00594600 0.03255000
v 0.01968800 -0.00588900 0.03275000
v 0.01845000 -0.00904900 0.03275000
v 0.01863000 -0.00913700 0.03255000
v 0.01863000 -0.00913700 0.03255000
v 0.01845000 -0.00904900 0.03275000
v 0.01670900 -0.01196200 0.03275000
v 0.01687200 -0.01207900 0.03255000
v 0.01687200 -0.01207900 0.03255000
v 0.01670900 -0.01196200 0.03275000
v 0.01451200 -0.01455000 0.03275000
v 0.01465400 -0.01469100 0.03255000
v 0.01465400 -0.01469100 0.03255000
v 0.01451200 -0.01455000 0.03275000
v 0.01192000 -0.01674000 0.03275000
v 0.01203600 -0.01690300 0.03255000
v 0.00900200 -0.01847300 0.03275000
v 0.00908900 -0.01865300 0.03255000
v 0.00583800 -0.01970300 0.03275000
v 0.00589500 -0.01989500 0.03255000
v 0.00251600 -0.02039500 0.03275000
v 0.00254000 -0.02059400 0.03255000
v -0.00087500 -0.02053100 0.03275000
v -0.00088400 -0.02073100 0.03255000
v -0.00424300 -0.02010700 0.03275000
v -0.00428400 -0.02030300 0.03255000
v -0.00749500 -0.01913500 0.03275000
v -0.00756800 -0.01932100 0.03255000
v -0.01054200 -0.01764000 0.03275000
v -0.01064400 -0.01781200 0.03255000
v -0.01330100 -0.01566400 0.03275000
v -0.01343100 -0.01581700 0.03255000
v -0.01343100 -0.01581700 0.03255000
v -0.01330100 -0.01566400 0.03275000
v -0.01569800 -0.01326100 0.03275000
v -0.01585100 -0.01339000 0.03255000
v -0.01766700 -0.01049700 0.03275000
v -0.01783900 -0.01059900 0.03255000
v -0.01783900 -0.01059900 0.03255000
v -0.01766700 -0.01049700 0.03275000
v -0.01915400 -0.00744500 0.03275000
v -0.01934000 -0.00751800 0.03255000
v -0.02011800 -0.00419100 0.03275000
v -0.02031400 -0.00423200 0.03255000
v -0.02053300 -0.00082300 0.03275000
v -0.02073300 -0.00083100 0.03255000
v -0.02038900 0.00256800 0.03275000
v -0.02058700 0.00259300 0.03255000
v -0.01968800 0.00588900 0.03275000
v -0.01988000 0.00594600 0.03255000
v -0.01845000 0.00904900 0.03275000
v -0.01863000 0.00913700 0.03255000
v -0.01670900 0.01196300 0.03275000
v -0.01687200 0.01207900 0.03255000
v -0.01451200 0.01455000 0.03275000
v -0.01465400 0.01469100 0.03255000
v -0.01192000 0.01674000 0.03275000
v -0.01192000 0.01674000 0.03275000
v -0.01203600 0.01690300 0.03255000
v -0.01119500 0.01723300 0.03275000
v -0.01848500 -0.00074100 0.02995000
v -0.01788000 -0.00389700 0.02975000
v -0.01807600 -0.00394000 0.02995000
v -0.01693200 -0.00694300 0.02975000
v -0.01711700 -0.00701800 0.02995000
v -0.01546900 -0.00977700 0.02975000
v -0.01563800 -0.00988400 0.02995000
v -0.01353600 -0.01231500 0.02975000
v -0.01368400 -0.01245000 0.02995000
v -0.01119200 -0.01447800 0.02975000
v -0.01131400 -0.01463700 0.02995000
v -0.00850800 -0.01620200 0.02975000
v -0.00860100 -0.01637900 0.02995000
v -0.00556500 -0.01743300 0.02975000
v -0.00562600 -0.01762400 0.02995000
v -0.00245300 -0.01813500 0.02975000
v -0.00248000 -0.01833300 0.02995000
v 0.00073300 -0.01828500 0.02975000
v 0.00074100 -0.01848500 0.02995000
v 0.00389700 -0.01788000 0.02975000
v 0.00394000 -0.01807600 0.02995000
v 0.00694300 -0.01693200 0.02975000
v 0.00701800 -0.01711700 0.02995000
v 0.00977700 -0.01546900 0.02975000
v 0.00988400 -0.01563800 0.02995000
v 0.01231500 -0.01353600 0.02975000
v 0.01245000 -0.01368400 0.02995000
v 0.01447800 -0.01119200 0.02975000
v 0.01463700 -0.01131400 0.02995000
v 0.01620200 -0.00850800 0.02975000
v 0.01637900 -0.00860100 0.02995000
v 0.01743300 -0.00556500 0.02975000
v 0.01762400 -0.00562600 0.02995000
v 0.01813500 -0.00245300 0.02975000
v 0.01833300 -0.00248000 0.02995000
v 0.01828500 0.00073300 0.02975000
v 0.01848500 0.00074100 0.02995000
v 0.01788000 0.00389700 0.02975000
v 0.01807600 0.00394000 0.02995000
v 0.01693200 0.00694300 0.02975000
v 0.01711700 0.00701800 0.02995000
v 0.01546900 0.00977700 0.02975000
v 0.01563800 0.00988400 0.02995000
v 0.01353600 0.01231500 0.02975000
v 0.01368400 0.01245000 0.02995000
v 0.01119200 0.01447800 0.02975000
v 0.01131400 0.01463700 0.02995000
v 0.00850800 0.01620200 0.02975000
v 0.00860100 0.01637900 0.02995000
v 0.00556500 0.01743300 0.02975000
v 0.00562600 0.01762400 0.02995000
v 0.00245300 0.01813500 0.02975000
v 0.00248000 0.01833300 0.02995000
v -0.00073300 0.01828500 0.02975000
v -0.00074100 0.01848500 0.02995000
v -0.00389700 0.01788000 0.02975000
v -0.00394000 0.01807600 0.02995000
v -0.00694300 0.01693200 0.02975000
v -0.00701800 0.01711700 0.02995000
v -0.00977700 0.01546900 0.02975000
v -0.00988400 0.01563800 0.02995000
v -0.01231500 0.01353600 0.02975000
v -0.01245000 0.01368400 0.02995000
v -0.01447800 0.01119200 0.02975000
v -0.01463700 0.01131400 0.02995000
v -0.01620200 0.00850800 0.02975000
v -0.01637900 0.00860100 0.02995000
v -0.01743300 0.00556500 0.02975000
v -0.01762400 0.00562600 0.02995000
v -0.01813500 0.00245300 0.02975000
v -0.01833300 0.00248000 0.02995000
v -0.01828500 -0.00073300 0.02975000
v -0.00600000 0.01622600 0.02075000
v -0.00862700 0.01499600 0.02075000
v -0.00890300 0.01506600 0.02095000
v -0.00880100 0.01489400 0.02075000
v -0.01131900 0.01308300 0.02075000
v -0.01145000 0.01323400 0.02095000
v -0.01347300 0.01085100 0.02075000
v -0.01362900 0.01097700 0.02095000
v -0.01519400 0.00827100 0.02075000
v -0.01537000 0.00836700 0.02095000
v -0.01642700 0.00542500 0.02075000
v -0.01661700 0.00548800 0.02095000
v -0.01713200 0.00240500 0.02075000
v -0.01733000 0.00243300 0.02095000
v -0.01728600 -0.00069300 0.02075000
v -0.01748600 -0.00070100 0.02095000
v -0.01688500 -0.00376800 0.02075000
v -0.01708000 -0.00381200 0.02095000
v -0.01594000 -0.00672200 0.02075000
v -0.01612500 -0.00680000 0.02095000
v -0.01448400 -0.00946100 0.02075000
v -0.01465100 -0.00957000 0.02095000
v -0.01256200 -0.01189500 0.02075000
v -0.01270700 -0.01203200 0.02095000
v -0.01023600 -0.01394700 0.02075000
v -0.01035400 -0.01410800 0.02095000
v -0.00758100 -0.01555000 0.02075000
v -0.00766900 -0.01573000 0.02095000
v -0.00468300 -0.01665400 0.02075000
v -0.00473700 -0.01684700 0.02095000
v -0.00163400 -0.01722300 0.02075000
v -0.00165300 -0.01742200 0.02095000
v 0.00146800 -0.01723800 0.02075000
v 0.00148500 -0.01743700 0.02095000
v 0.00452200 -0.01669900 0.02075000
v 0.00457400 -0.01689200 0.02095000
v 0.00743100 -0.01562300 0.02075000
v 0.00751700 -0.01580300 0.02095000
v 0.01010100 -0.01404500 0.02075000
v 0.01021800 -0.01420700 0.02095000
v 0.01244600 -0.01201600 0.02075000
v 0.01259000 -0.01215400 0.02095000
v 0.01439200 -0.00960000 0.02075000
v 0.01455800 -0.00971100 0.02095000
v 0.01587500 -0.00687600 0.02075000
v 0.01605800 -0.00695500 0.02095000
v 0.01684700 -0.00393100 0.02075000
v 0.01704200 -0.00397600 0.02095000
v 0.01727900 -0.00085900 0.02075000
v 0.01747800 -0.00086900 0.02095000
v 0.01715400 0.00224000 0.02075000
v 0.01735300 0.00226500 0.02095000
v 0.01647900 0.00526700 0.02075000
v 0.01666900 0.00532700 0.02095000
v 0.01527400 0.00812400 0.02075000
v 0.01545000 0.00821800 0.02095000
v 0.01357700 0.01072100 0.02075000
v 0.01373400 0.01084500 0.02095000
v 0.01144500 0.01297300 0.02075000
v 0.01157700 0.01312300 0.02095000
v 0.00894500 0.01480800 0.02075000
v 0.00904800 0.01497900 0.02095000
v 0.00615700 0.01616700 0.02075000
v 0.00622800 0.01635400 0.02095000
v 0.00317100 0.01700700 0.02075000
v 0.00320800 0.01720300 0.02095000
v 0.00008300 0.01730000 0.02075000
v 0.00008400 0.01750000 0.02095000
v -0.00300700 0.01703700 0.02075000
v -0.00304200 0.01723400 0.02095000
v -0.00607000 0.01641400 0.02095000
v -0.00883100 -0.00439900 0.03255000
v -0.00883100 -0.00439900 0.02875000
v -0.00915500 0.00367800 0.03255000
v -0.00915500 0.00367800 0.02875000
v -0.00822500 0.00544800 0.03255000
v -0.00822500 0.00544800 0.02875000
v -0.00139200 0.00976700 0.03255000
v -0.00139200 0.00976700 0.02875000
v 0.00060600 0.00984700 0.03255000
v 0.00060600 0.00984700 0.02875000
v 0.00776200 0.00608900 0.03255000
v 0.00776200 0.00608900 0.02875000
v 0.00883100 0.00439900 0.03255000
v 0.00883100 0.00439900 0.02875000
v 0.00915500 -0.00367800 0.03255000
v 0.00915500 -0.00367800 0.02875000
v 0.00822500 -0.00544800 0.03255000
v 0.00822500 -0.00544800 0.02875000
v 0.00139200 -0.00976700 0.03255000
v 0.00139200 -0.00976700 0.02875000
v -0.00060600 -0.00984700 0.03255000
v -0.00060600 -0.00984700 0.02875000
v -0.00776200 -0.00608900 0.03255000
v -0.00776200 -0.00608900 0.02875000
v -0.00060600 -0.00984700 0.02875000
v -0.00060600 -0.00984700 0.02875000
v -0.00060600 -0.00984700 0.02875000
v -0.00060600 -0.00984700 0.02875000
v -0.00060600 -0.00984700 0.02875000
v -0.00060600 -0.00984700 0.02875000
v -0.00060600 -0.00984700 0.02875000
v -0.00060600 -0.00984700 0.02875000
v 0.00776200 0.00608900 0.02875000
v 0.00776200 0.00608900 0.02875000
v 0.00060600 0.00984700 0.02875000
v 0.00060600 0.00984700 0.02875000
v 0.00915500 -0.00367800 0.02875000
v 0.00915500 -0.00367800 0.02875000
v 0.00883100 0.00439900 0.02875000
v 0.00883100 0.00439900 0.02875000
v -0.00139200 0.00976700 0.02875000
v -0.00139200 0.00976700 0.02875000
v -0.00822500 0.00544800 0.02875000
v -0.00873800 0.00498100 0.02875000
v -0.00873800 0.00498100 0.02875000
v -0.00906100 0.00436600 0.02875000
v -0.00906100 0.00436600 0.02875000
v -0.00915500 0.00367800 0.02875000
v -0.00060600 -0.00984700 0.02875000
v -0.00060600 -0.00984700 0.02875000
v -0.00883100 -0.00439900 0.02875000
v -0.00883100 -0.00439900 0.02875000
v -0.00776200 -0.00608900 0.02875000
v -0.00776200 -0.00608900 0.02875000
v -0.00852300 -0.00538700 0.02875000
v 0.00873800 -0.00498100 0.02875000
v 0.00906100 -0.00436600 0.02875000
v 0.00906100 -0.00436600 0.02875000
v 0.00822500 -0.00544800 0.02875000
v 0.00822500 -0.00544800 0.02875000
v 0.00822500 -0.00544800 0.02875000
v 0.00139200 -0.00976700 0.02875000
v 0.00075000 -0.01003100 0.02875000
v 0.00005600 -0.01005800 0.02875000
v 0.00868300 0.00507700 0.02875000
v 0.00868300 0.00507700 0.02875000
v 0.00831200 0.00566400 0.02875000
v 0.00831200 0.00566400 0.02875000
v -0.00005600 0.01005800 0.02875000
v -0.00005600 0.01005800 0.02875000
v -0.00075000 0.01003100 0.02875000
v -0.00075000 0.01003100 0.02875000
v -0.00831200 -0.00566400 0.03255000
v -0.00852300 -0.00538700 0.02875000
v -0.00852300 -0.00538700 0.03255000
v -0.00868300 -0.00507700 0.03255000
v 0.00075000 -0.01003100 0.03255000
v 0.00075000 -0.01003100 0.02875000
v 0.00005600 -0.01005800 0.03255000
v 0.00005600 -0.01005800 0.02875000
v 0.00831200 0.00566400 0.03255000
v 0.00831200 0.00566400 0.02875000
v 0.00868300 0.00507700 0.03255000
v 0.00868300 0.00507700 0.02875000
v -0.00075000 0.01003100 0.03255000
v -0.00075000 0.01003100 0.02875000
v -0.00005600 0.01005800 0.03255000
v -0.00005600 0.01005800 0.02875000
v -0.00906100 0.00436600 0.03255000
v -0.00906100 0.00436600 0.02875000
v -0.00873800 0.00498100 0.03255000
v -0.00873800 0.00498100 0.02875000
v 0.00906100 -0.00436600 0.03255000
v 0.00906100 -0.00436600 0.02875000
v 0.00873800 -0.00498100 0.03255000
v 0.00873800 -0.00498100 0.02875000
v 0.00833200 -0.00561800 0.03275000
v 0.00822500 -0.00544800 0.03255000
v 0.00822500 -0.00544800 0.03255000
v 0.00149900 -0.00993600 0.03275000
v 0.00139200 -0.00976700 0.03255000
v 0.00833200 -0.00561800 0.03275000
v 0.00873800 -0.00498100 0.03255000
v 0.00889700 -0.00510300 0.03275000
v 0.00906100 -0.00436600 0.03255000
v 0.00925200 -0.00442700 0.03275000
v 0.00925200 -0.00442700 0.03275000
v 0.00915500 -0.00367800 0.03255000
v 0.00915500 -0.00367800 0.03255000
v 0.00935400 -0.00367000 0.03275000
v -0.00060600 -0.00984700 0.03255000
v -0.00069900 -0.01002400 0.03275000
v 0.00005600 -0.01005800 0.03255000
v 0.00002900 -0.01025600 0.03275000
v 0.00075000 -0.01003100 0.03255000
v 0.00079200 -0.01022600 0.03275000
v 0.00903100 0.00440700 0.03275000
v 0.00883100 0.00439900 0.03255000
v 0.00903300 0.00434000 0.03275000
v 0.00935200 -0.00360300 0.03275000
v -0.00776200 -0.00608900 0.03255000
v -0.00785500 -0.00626600 0.03275000
v 0.00868300 0.00507700 0.03255000
v 0.00886800 0.00515300 0.03275000
v 0.00831200 0.00566400 0.03255000
v 0.00846000 0.00579900 0.03275000
v 0.00776200 0.00608900 0.03255000
v 0.00785500 0.00626600 0.03275000
v -0.00846000 -0.00579900 0.03275000
v -0.00883100 -0.00439900 0.03255000
v -0.00883100 -0.00439900 0.03255000
v -0.00903100 -0.00440700 0.03275000
v -0.00868300 -0.00507700 0.03255000
v -0.00886800 -0.00515300 0.03275000
v -0.00852300 -0.00538700 0.03255000
v -0.00852300 -0.00538700 0.03255000
v -0.00886800 -0.00515300 0.03275000
v -0.00831200 -0.00566400 0.03255000
v 0.00069900 0.01002400 0.03275000
v 0.00060600 0.00984700 0.03255000
v -0.00903300 -0.00434000 0.03275000
v -0.00903100 -0.00440700 0.03275000
v -0.00935200 0.00360300 0.03275000
v -0.00915500 0.00367800 0.03255000
v -0.00935400 0.00367000 0.03275000
v -0.00005600 0.01005800 0.03255000
v -0.00002900 0.01025700 0.03275000
v -0.00075000 0.01003100 0.03255000
v -0.00079200 0.01022600 0.03275000
v -0.00139200 0.00976700 0.03255000
v -0.00149900 0.00993600 0.03275000
v -0.00822500 0.00544800 0.03255000
v -0.00833200 0.00561800 0.03275000
v -0.00873800 0.00498100 0.03255000
v -0.00889700 0.00510300 0.03275000
v -0.00906100 0.00436600 0.03255000
v -0.00925200 0.00442700 0.03275000
v -0.00925200 0.00442700 0.03275000
v -0.00915500 0.00367800 0.03255000
vn -0.99760500 -0.06916300 0.00000000
vn -0.98285800 -0.18436500 0.00000000
vn -0.97044000 -0.24134300 -0.00001100
vn -0.93590900 -0.35224300 0.00000000
vn -0.91378500 -0.40619800 0.00000000
vn -0.86052300 -0.50941100 0.00001300
vn -0.82936700 -0.55870500 0.00000000
vn -0.75899600 -0.65109500 0.00000000
vn -0.71975300 -0.69423000 0.00000100
vn -0.63440500 -0.77300100 0.00001300
vn -0.58826800 -0.80866600 0.00000000
vn -0.49053700 -0.87142000 -0.00000100
vn -0.43890700 -0.89853200 -0.00001400
vn -0.33176300 -0.94336300 0.00000000
vn -0.27621000 -0.96109700 0.00000100
vn -0.16291000 -0.98664100 0.00001000
vn -0.10512200 -0.99445900 0.00000000
vn 0.01089500 -0.99994100 0.00001100
vn 0.06916300 -0.99760500 0.00000000
vn 0.18436500 -0.98285800 0.00000000
vn 0.24134300 -0.97044000 0.00000000
vn 0.35224200 -0.93590900 0.00001100
vn 0.40619800 -0.91378500 0.00000000
vn 0.50941200 -0.86052300 0.00001000
vn 0.55870500 -0.82936600 0.00000000
vn 0.65109600 -0.75899600 0.00000000
vn 0.69423000 -0.71975300 -0.00001000
vn 0.77300100 -0.63440500 0.00001300
vn 0.80866600 -0.58826700 -0.00001700
vn 0.87142100 -0.49053600 0.00000000
vn 0.89853300 -0.43890700 0.00000000
vn 0.94336300 -0.33176300 0.00000000
vn 0.96109700 -0.27621000 0.00000000
vn 0.98664100 -0.16291000 -0.00000100
vn 0.99445900 -0.10512200 0.00000000
vn 0.99994100 0.01089500 0.00000000
vn 0.99760500 0.06916300 0.00000000
vn 0.98285800 0.18436500 0.00000000
vn 0.97044000 0.24134300 -0.00001100
vn 0.93590900 0.35224200 0.00000000
vn 0.91378500 0.40619800 -0.00001100
vn 0.86052300 0.50941100 -0.00000100
vn 0.82936700 0.55870500 -0.00001100
vn 0.75899600 0.65109500 0.00000000
vn 0.71975300 0.69423000 0.00001000
vn 0.63440500 0.77300100 -0.00000100
vn 0.58826800 0.80866600 -0.00001400
vn 0.49053700 0.87142000 -0.00000100
vn 0.43890700 0.89853200 -0.00001400
vn 0.33176300 0.94336300 0.00001100
vn 0.27621000 0.96109700 0.00001000
vn 0.16291000 0.98664100 0.00001300
vn 0.10512200 0.99445900 -0.00001400
vn -0.01089500 0.99994100 0.00000000
vn -0.06916300 0.99760500 0.00000000
vn -0.18437400 0.98285600 0.00000000
vn -0.24135200 0.97043800 -0.00001100
vn -0.35224300 0.93590900 0.00000000
vn -0.40619900 0.91378500 0.00000000
vn -0.50940400 0.86052800 0.00001000
vn -0.55869800 0.82937100 0.00001000
vn -0.65109600 0.75899600 0.00000000
vn -0.69423000 0.71975300 -0.00001300
vn -0.77300100 0.63440500 -0.00000100
vn -0.80866600 0.58826700 -0.00000000
vn -0.87142100 0.49053600 0.00000000
vn -0.89853300 0.43890700 -0.00001400
vn -0.94336300 0.33176300 0.00000000
vn -0.96109700 0.27621000 -0.00001100
vn -0.98664100 0.16291000 -0.00000100
vn -0.99445900 0.10512200 0.00000000
vn -0.99994100 -0.01089500 0.00000000
vn -0.99760500 -0.06916700 -0.00001100
vn -0.98285700 -0.18437100 0.00001100
vn -0.97043800 -0.24135200 -0.00001100
vn -0.93591100 -0.35223500 0.00000000
vn -0.91378700 -0.40619500 -0.00001000
vn -0.86052900 -0.50940100 0.00000000
vn -0.82937100 -0.55869900 0.00000000
vn -0.75899900 -0.65109200 0.00001400
vn -0.71975300 -0.69423000 0.00000000
vn -0.63440800 -0.77299800 0.00000000
vn -0.58826900 -0.80866500 0.00000000
vn -0.49053400 -0.87142200 0.00000000
vn -0.43890000 -0.89853600 -0.00001400
vn -0.33175800 -0.94336500 -0.00000100
vn -0.27620100 -0.96110000 -0.00001000
vn -0.16291600 -0.98664000 0.00001000
vn -0.10512300 -0.99445900 0.00000000
vn 0.01089500 -0.99994100 0.00001300
vn 0.06916800 -0.99760500 0.00000000
vn 0.18436200 -0.98285800 0.00000000
vn 0.24134400 -0.97044000 0.00000000
vn 0.35222700 -0.93591500 0.00000000
vn 0.40618700 -0.91379000 -0.00001800
vn 0.50940900 -0.86052500 0.00000000
vn 0.55870600 -0.82936600 0.00000000
vn 0.65109900 -0.75899300 -0.00001100
vn 0.69423600 -0.71974700 0.00000000
vn 0.77300200 -0.63440300 0.00001400
vn 0.80867000 -0.58826300 -0.00000000
vn 0.87142200 -0.49053400 0.00001300
vn 0.89853500 -0.43890100 0.00000000
vn 0.94336200 -0.33176600 0.00000000
vn 0.96109800 -0.27620900 -0.00001700
vn 0.98664000 -0.16291600 0.00000000
vn 0.99445900 -0.10512300 0.00000000
vn 0.99994100 0.01089500 0.00000000
vn 0.99760500 0.06916800 0.00000000
vn 0.98285700 0.18437200 0.00000000
vn 0.97043700 0.24135300 0.00001100
vn 0.93591100 0.35223600 0.00000000
vn 0.91378600 0.40619500 0.00001000
vn 0.86052900 0.50940100 0.00000000
vn 0.82937100 0.55869900 -0.00001400
vn 0.75899900 0.65109200 0.00000000
vn 0.71975300 0.69423000 0.00000000
vn 0.63440300 0.77300200 0.00000000
vn 0.58826300 0.80867000 -0.00000000
vn 0.49054100 0.87141800 0.00001400
vn 0.43890900 0.89853200 -0.00001400
vn 0.33176500 0.94336200 0.00000000
vn 0.27620800 0.96109800 0.00000000
vn 0.16290700 0.98664100 0.00001100
vn 0.10511500 0.99446000 -0.00001100
vn -0.01089500 0.99994100 0.00001100
vn -0.06916800 0.99760500 -0.00001400
vn -0.18437200 0.98285700 0.00001100
vn -0.24135300 0.97043700 0.00000000
vn -0.35223600 0.93591100 0.00000000
vn -0.40619500 0.91378600 -0.00001000
vn -0.50940100 0.86052900 0.00000000
vn -0.55869900 0.82937100 -0.00001100
vn -0.65109200 0.75899900 0.00001000
vn -0.69423000 0.71975300 0.00000000
vn -0.77299800 0.63440800 0.00001400
vn -0.80866600 0.58826900 -0.00001300
vn -0.87142200 0.49053300 0.00000000
vn -0.89853600 0.43890000 -0.00001100
vn -0.94336400 0.33175800 -0.00000100
vn -0.96110000 0.27620200 0.00001000
vn -0.98664000 0.16291600 0.00001400
vn -0.99445900 0.10512300 -0.00001400
vn -0.99994100 -0.01089500 0.00000000
vn -0.99755000 -0.06996200 0.00000000
vn -0.98207500 -0.18849100 0.00001500
vn -0.96902600 -0.24696000 -0.00001900
vn -0.93264100 -0.36080600 0.00000000
vn -0.90934100 -0.41605100 -0.00001000
vn -0.85325300 -0.52149700 0.00000000
vn -0.82046600 -0.57169600 -0.00001100
vn -0.74638300 -0.66551600 0.00000000
vn -0.70519200 -0.70901600 0.00000000
vn -0.61556500 -0.78808600 0.00000000
vn -0.56726900 -0.82353300 0.00000000
vn -0.46495500 -0.88533400 -0.00000100
vn -0.41106000 -0.91160800 0.00000000
vn -0.29940100 -0.95412800 0.00000000
vn -0.24173000 -0.97034400 -0.00001400
vn -0.12421800 -0.99225500 0.00001000
vn -0.06457800 -0.99791300 0.00000000
vn 0.05490800 -0.99849100 0.00001300
vn 0.11469900 -0.99340000 0.00000100
vn 0.23234600 -0.97263300 0.00000000
vn 0.29017200 -0.95697500 0.00000000
vn 0.40228900 -0.91551300 -0.00000100
vn 0.45638900 -0.88978000 0.00000100
vn 0.55930200 -0.82896400 0.00000000
vn 0.60793700 -0.79398500 -0.00001100
vn 0.69832500 -0.71578000 0.00001100
vn 0.73993400 -0.67268000 -0.00001400
vn 0.81491300 -0.57958400 0.00000000
vn 0.84815600 -0.52974600 0.00000000
vn 0.90530600 -0.42476100 0.00000000
vn 0.92911600 -0.36978800 0.00000000
vn 0.96660100 -0.25628600 -0.00000100
vn 0.98022300 -0.19789700 -0.00001300
vn 0.99682800 -0.07958000 0.00000000
vn 0.99980500 -0.01974700 -0.00001100
vn 0.99501900 0.09968400 0.00001000
vn 0.98725600 0.15913700 -0.00001000
vn 0.96124000 0.27571200 0.00001000
vn 0.94297200 0.33287100 -0.00001500
vn 0.89653800 0.44296800 -0.00000100
vn 0.86840300 0.49585800 -0.00001000
vn 0.80303900 0.59592600 -0.00000100
vn 0.76591400 0.64294300 -0.00001000
vn 0.68376400 0.72970300 0.00000000
vn 0.63880400 0.76937000 -0.00001100
vn 0.54244300 0.84009200 0.00001400
vn 0.49116500 0.87106600 -0.00001300
vn 0.38372900 0.92344600 0.00000000
vn 0.32769700 0.94478300 0.00000000
vn 0.21266500 0.97712500 0.00001100
vn 0.15377100 0.98810600 0.00000000
vn 0.03477200 0.99939500 -0.00000100
vn -0.02518500 0.99968300 -0.00001100
vn -0.14423100 0.98954400 0.00000000
vn -0.20322800 0.97913200 0.00000100
vn -0.31860500 0.94788800 -0.00001000
vn -0.37479400 0.92710800 0.00000000
vn -0.48269400 0.87578900 0.00000000
vn -0.53435600 0.84526000 0.00000100
vn -0.63135400 0.77549400 0.00000000
vn -0.67665900 0.73629700 0.00000000
vn -0.75968100 0.65029600 0.00001700
vn -0.79725800 0.60363900 -0.00001100
vn -0.86358800 0.50419800 0.00000000
vn -0.89223000 0.45158100 -0.00001300
vn -0.93973400 0.34190700 0.00001400
vn -0.95853500 0.28497400 0.00000000
vn -0.98568100 0.16862000 -0.00000100
vn -0.99401000 0.10929300 -0.00001100
vn -0.99994900 -0.01005300 0.00000000
vn 0.00000000 -0.00000100 -1.00000000
vn 0.00000000 0.00000000 -1.00000000
vn 0.00000000 -0.00000100 -1.00000000
vn -0.00000100 0.00000300 -1.00000000
vn 0.00000000 0.00000000 -1.00000000
vn -0.00000100 0.00000300 -1.00000000
vn 0.00000000 -0.00000100 -1.00000000
vn -0.00000000 0.00000100 -1.00000000
vn 0.00000000 0.00000000 -1.00000000
vn 0.00000000 0.00000000 -1.00000000
vn -0.00000000 0.00000100 -1.00000000
vn -0.00000100 0.00000300 -1.00000000
vn -0.00000000 0.00000200 -1.00000000
vn -0.00000000 0.00000100 -1.00000000
vn -0.00000100 0.00000300 -1.00000000
vn 0.00000000 0.00000000 -1.00000000
vn 0.00000000 -0.00000200 -1.00000000
vn 0.00000000 0.00000000 -1.00000000
vn 0.00000000 0.00000000 -1.00000000
vn 0.00000000 0.00000000 -1.00000000
vn 0.00000000 -0.00000200 -1.00000000
vn -0.00000100 0.00000400 -1.00000000
vn 0.00000000 0.00000000 -1.00000000
vn 0.00000000 0.00000000 -1.00000000
vn 0.00000100 -0.00000400 -1.00000000
vn 0.00000000 0.00000000 -1.00000000
vn 0.00000100 -0.00000400 -1.00000000
vn -0.00000000 0.00000100 -1.00000000
vn -0.00000100 0.00000300 -1.00000000
vn 0.00000000 -0.00000200 -1.00000000
vn 0.00000000 -0.00000200 -1.00000000
vn -0.00000100 0.00000400 -1.00000000
vn 0.00000100 -0.00000400 -1.00000000
vn 0.00000000 0.00000000 -1.00000000
vn 0.00000100 -0.00000400 -1.00000000
vn 0.00000100 -0.00000400 -1.00000000
vn -0.00000100 0.00000500 -1.00000000
vn 0.00000000 0.00000000 -1.00000000
vn 0.00000100 -0.00000400 -1.00000000
vn -0.00000100 0.00000500 -1.00000000
vn 0.00000000 -0.00000000 -1.00000000
vn 0.00000000 0.00000000 -1.00000000
vn 0.00000000 -0.00000200 -1.00000000
vn 0.00000000 -0.00000200 -1.00000000
vn -0.00000100 0.00000300 -1.00000000
vn -0.00000100 0.00000500 -1.00000000
vn 0.00000000 -0.00000100 -1.00000000
vn 0.00000000 -0.00000200 -1.00000000
vn -0.00000100 0.00000300 -1.00000000
vn -0.00000100 0.00000300 -1.00000000
vn 0.00000000 -0.00000100 -1.00000000
vn -0.00000000 0.00000200 -1.00000000
vn -0.00000000 0.00000200 -1.00000000
vn 0.00000000 -0.00000100 -1.00000000
vn 0.00000000 -0.00000200 -1.00000000
vn 0.00000000 -0.00000200 -1.00000000
vn -0.00000000 0.00000200 -1.00000000
vn -0.00000100 0.00000400 -1.00000000
vn -0.00000100 0.00000400 -1.00000000
vn 0.00000000 0.00000000 -1.00000000
vn -0.00000000 0.00000100 -1.00000000
vn 0.00000000 0.00000000 -1.00000000
vn 0.00000000 0.00000000 -1.00000000
vn -0.00000000 0.00000000 -1.00000000
vn -0.00000000 0.00000100 -1.00000000
vn 0.00000000 -0.00000000 -1.00000000
vn -0.00000000 0.00000100 -1.00000000
vn 0.00000000 0.00000000 -1.00000000
vn 0.00000000 -0.00000100 -1.00000000
vn 0.00000000 0.00000000 -1.00000000
vn -0.00000000 0.00000000 -1.00000000
vn -0.00000000 0.00000000 -1.00000000
vn 0.00000000 -0.00000000 -1.00000000
vn -0.00000000 0.00000100 -1.00000000
vn 0.00000000 0.00000000 -1.00000000
vn 0.00000000 -0.00000000 -1.00000000
vn -0.00000000 0.00000000 -1.00000000
vn 0.00000000 -0.00000000 -1.00000000
vn 0.00000000 -0.00000200 -1.00000000
vn -0.00000000 0.00000100 -1.00000000
vn -0.00000100 0.00000300 -1.00000000
vn 0.00000000 0.00000000 -1.00000000
vn -0.00000000 0.00000000 -1.00000000
vn -0.00000100 0.00000300 -1.00000000
vn 0.00000000 -0.00000100 -1.00000000
vn -0.00000000 0.00000000 -1.00000000
vn 0.00000000 -0.00000100 -1.00000000
vn 0.00000000 -0.00000200 -1.00000000
vn 0.00000000 0.00000000 -1.00000000
vn -0.00000100 0.00000300 -1.00000000
vn 0.00000000 -0.00000200 -1.00000000
vn 0.00000000 0.00000000 -1.00000000
vn -0.00000000 0.00000000 -1.00000000
vn 0.00000000 -0.00000200 -1.00000000
vn 0.00000000 0.00000000 -1.00000000
vn 0.00000000 0.00000000 -1.00000000
vn 0.00000000 -0.00000200 -1.00000000
vn 0.00000600 -0.00003100 -1.00000000
vn -0.00000000 0.00000100 -1.00000000
vn 0.00000000 -0.00000200 -1.00000000
vn 0.00000000 0.00000000 -1.00000000
vn -0.00000100 0.00000500 -1.00000000
vn 0.00000000 0.00000000 -1.00000000
vn 0.00000600 -0.00003100 -1.00000000
vn 0.00000000 -0.00000100 -1.00000000
vn -0.00000000 0.00000100 -1.00000000
vn 0.00000000 -0.00000200 -1.00000000
vn -0.00000000 0.00000100 -1.00000000
vn 0.00000600 -0.00003100 -1.00000000
vn -0.00000100 0.00000500 -1.00000000
vn -0.00000100 0.00000300 -1.00000000
vn 0.00000000 0.00000000 -1.00000000
vn 0.00000000 -0.00000000 -1.00000000
vn -0.00000000 0.00000100 -1.00000000
vn 0.00000000 0.00000000 -1.00000000
vn -0.00000100 0.00000500 -1.00000000
vn -0.00000000 0.00000100 -1.00000000
vn 0.00000000 0.00000000 -1.00000000
vn -0.00000000 0.00000000 -1.00000000
vn -0.00000000 0.00000100 -1.00000000
vn 0.00000000 0.00000000 -1.00000000
vn -0.00000000 0.00000000 -1.00000000
vn -0.00000100 0.00000300 -1.00000000
vn 0.00000000 0.00000000 -1.00000000
vn -0.00000000 0.00000100 -1.00000000
vn -0.00000100 0.00000300 -1.00000000
vn 0.00000000 -0.00000200 -1.00000000
vn 0.00000000 -0.00000200 -1.00000000
vn 0.00000000 -0.00000100 -1.00000000
vn 0.00000000 0.00000000 -1.00000000
vn -0.00000000 0.00000100 -1.00000000
vn 0.00000000 -0.00000100 -1.00000000
vn 0.00000000 -0.00000100 -1.00000000
vn 0.00000000 0.00000000 -1.00000000
vn -0.00000000 0.00000100 -1.00000000
vn 0.00000000 -0.00000200 -1.00000000
vn 0.00000000 0.00000000 -1.00000000
vn 0.00000000 0.00000000 -1.00000000
vn 0.00000000 -0.00000200 -1.00000000
vn 0.00000000 0.00000000 -1.00000000
vn 0.00000000 0.00000000 -1.00000000
vn 0.00000000 0.00000000 -1.00000000
vn 0.00000000 -0.00000100 -1.00000000
vn 0.00000000 0.00000000 -1.00000000
vn -0.00000000 0.00000100 -1.00000000
vn 0.00000000 -0.00000100 -1.00000000
vn 0.00000000 -0.00000200 -1.00000000
vn 0.00000000 -0.00000200 -1.00000000
vn 0.00000000 -0.00000200 -1.00000000
vn 0.00000000 0.00000000 -1.00000000
vn -0.00000000 0.00000100 -1.00000000
vn 0.00000000 -0.00000200 -1.00000000
vn 0.00000000 -0.00000100 -1.00000000
vn 0.00000000 -0.00000100 -1.00000000
vn 0.00000000 -0.00000200 -1.00000000
vn 0.00000000 0.00000000 -1.00000000
vn 0.00000000 0.00000000 -1.00000000
vn 0.00000000 0.00000000 -1.00000000
vn 0.00000000 -0.00000200 -1.00000000
vn 0.00000000 -0.00000200 -1.00000000
vn 0.00000000 -0.00000000 -1.00000000
vn 0.00000000 0.00000000 -1.00000000
vn 0.00000000 -0.00000100 -1.00000000
vn 0.00000000 -0.00000100 -1.00000000
vn 0.00000000 0.00000000 -1.00000000
vn -0.00000100 0.00000300 -1.00000000
vn -0.00000100 0.00000300 -1.00000000
vn 0.00000000 -0.00000000 -1.00000000
vn 0.00000000 -0.00000200 -1.00000000
vn -0.00000000 0.00000100 -1.00000000
vn 0.00000000 0.00000000 -1.00000000
vn -0.00000000 0.00000100 -1.00000000
vn 0.00000100 -0.00000400 -1.00000000
vn 0.00000000 0.00000000 -1.00000000
vn -0.00000000 0.00000100 -1.00000000
vn 0.00000100 -0.00000400 -1.00000000
vn -0.00000000 0.00000100 -1.00000000
vn 0.00000000 0.00000000 -1.00000000
vn 0.00000000 0.00000000 -1.00000000
vn -0.00000000 0.00000100 -1.00000000
vn 0.00000100 -0.00000400 -1.00000000
vn 0.00000000 -0.00000100 -1.00000000
vn -0.00000000 0.00000100 -1.00000000
vn 0.00000000 0.00000000 -1.00000000
vn -0.00000000 0.00000100 -1.00000000
vn -0.00000000 0.00000100 -1.00000000
vn 0.00000000 0.00000000 -1.00000000
vn -0.00000000 0.00000000 -1.00000000
vn -0.00000000 0.00000100 -1.00000000
vn 0.00000000 0.00000000 -1.00000000
vn -0.00000100 0.00000500 -1.00000000
vn -0.00000000 0.00000200 -1.00000000
vn 0.00000000 -0.00000200 -1.00000000
vn -0.00000000 0.00000200 -1.00000000
vn 0.00000000 0.00000000 -1.00000000
vn 0.00000000 -0.00000200 -1.00000000
vn -0.00000000 0.00000100 -1.00000000
vn 0.00000000 0.00000000 -1.00000000
vn -0.00000000 0.00000200 -1.00000000
vn 0.00000000 -0.00000200 -1.00000000
vn -0.00000000 0.00000200 -1.00000000
vn 0.00000000 0.00000000 -1.00000000
vn 0.00000000 -0.00000100 -1.00000000
vn -0.00000000 0.00000100 -1.00000000
vn 0.00000000 -0.00000200 -1.00000000
vn 0.00000000 0.00000000 -1.00000000
vn 0.00000000 -0.00000000 -1.00000000
vn 0.00000000 -0.00000200 -1.00000000
vn 0.00000000 0.00000000 -1.00000000
vn 0.00000000 0.00000000 -1.00000000
vn -0.00000000 0.00000100 -1.00000000
vn -0.00000000 0.00000100 -1.00000000
vn 0.00000000 0.00000000 -1.00000000
vn 0.00000000 0.00000000 -1.00000000
vn -0.00000000 0.00000100 -1.00000000
vn 0.00000000 -0.00000200 -1.00000000
vn 0.00000000 0.00000000 -1.00000000
vn -0.00000000 0.00000100 -1.00000000
vn 0.00000000 -0.00000200 -1.00000000
vn 0.00000000 0.00000000 -1.00000000
vn 0.00000000 -0.00000100 -1.00000000
vn -0.00000000 0.00000100 -1.00000000
vn 0.00000000 -0.00000100 -1.00000000
vn 0.00000000 0.00000000 -1.00000000
vn 0.00000000 -0.00000000 -1.00000000
vn 0.00000000 0.00000000 -1.00000000
vn 0.00000000 -0.00000100 -1.00000000
vn 0.00000000 -0.00000000 -1.00000000
vn 0.00000000 0.00000000 -1.00000000
vn -0.00000100 0.00000400 -1.00000000
vn 0.00000000 -0.00000200 -1.00000000
vn -0.00000100 0.00000400 -1.00000000
vn 0.00000000 -0.00000100 -1.00000000
vn 0.00000000 -0.00000100 -1.00000000
vn -0.00000000 0.00000000 -1.00000000
vn 0.00000000 0.00000000 -1.00000000
vn 0.00000000 -0.00000100 -1.00000000
vn -0.00000000 0.00000100 -1.00000000
vn -0.00000000 0.00000100 -1.00000000
vn -0.00000000 0.00000100 -1.00000000
vn 0.00000000 0.00000000 -1.00000000
vn -0.00000000 0.00000100 -1.00000000
vn 0.00000000 -0.00000100 -1.00000000
vn -0.00000000 0.00000200 -1.00000000
vn 0.00000000 -0.00000100 -1.00000000
vn 0.00000000 -0.00000100 -1.00000000
vn -0.00000000 0.00000100 -1.00000000
vn 0.00000000 -0.00000100 -1.00000000
vn 0.00000000 -0.00000000 -1.00000000
vn -0.00000000 0.00000000 -1.00000000
vn -0.00000000 0.00000200 -1.00000000
vn 0.00000000 0.00000000 -1.00000000
vn -0.00000000 0.00000200 -1.00000000
vn 0.00000000 0.00000000 -1.00000000
vn 0.00000000 -0.00000100 -1.00000000
vn 0.00000000 0.00000000 -1.00000000
vn 0.00000000 0.00000000 -1.00000000
vn 0.00000000 -0.00000100 -1.00000000
vn 0.00000000 0.00000000 -1.00000000
vn -0.00000100 0.00000300 -1.00000000
vn -0.00000100 0.00000300 -1.00000000
vn 0.00000000 -0.00000100 -1.00000000
vn 0.00000000 0.00000000 -1.00000000
vn 0.00000000 -0.00000200 -1.00000000
vn 0.00000000 -0.00000100 -1.00000000
vn -0.00000000 0.00000100 -1.00000000
vn 0.00000000 0.00000000 -1.00000000
vn 0.00000000 -0.00000000 -1.00000000
vn 0.00000000 -0.00000000 -1.00000000
vn -0.00000000 0.00000100 -1.00000000
vn 0.00000000 -0.00000100 -1.00000000
vn 0.00000000 0.00000000 -1.00000000
vn -0.00000000 0.00000000 -1.00000000
vn 0.00000000 -0.00000100 -1.00000000
vn 0.00000000 0.00000000 -1.00000000
vn 0.00000000 0.00000000 -1.00000000
vn 0.00000000 -0.00000100 -1.00000000
vn 0.00000000 -0.00000100 -1.00000000
vn -0.00000000 0.00000100 -1.00000000
vn -0.00000000 0.00000000 -1.00000000
vn -0.00000000 0.00000000 -1.00000000
vn -0.00000000 0.00000100 -1.00000000
vn -0.00000000 0.00000100 -1.00000000
vn 0.00000000 -0.00000100 -1.00000000
vn 0.00000000 0.00000000 -1.00000000
vn 0.00000000 0.00000000 -1.00000000
vn -0.00000000 0.00000100 -1.00000000
vn 0.00000000 -0.00000000 -1.00000000
vn 0.00000000 -0.00000100 -1.00000000
vn 0.00000000 -0.00000000 -1.00000000
vn -0.00000000 0.00000200 -1.00000000
vn -0.00000000 0.00000100 -1.00000000
vn 0.00000000 0.00000000 -1.00000000
vn 0.00000000 -0.00000200 -1.00000000
vn -0.00000000 0.00000000 -1.00000000
vn -0.00000000 0.00000000 -1.00000000
vn -0.00000000 0.00000100 -1.00000000
vn 0.00000000 0.00000000 -1.00000000
vn 0.00000000 -0.00000200 -1.00000000
vn 0.00000000 0.00000000 -1.00000000
vn 0.00000000 -0.00000100 -1.00000000
vn 0.00000000 -0.00000100 -1.00000000
vn 0.00000000 -0.00000100 -1.00000000
vn 0.00000000 -0.00000100 -1.00000000
vn 0.00000000 0.00000000 -1.00000000
vn 0.00000000 -0.00000100 -1.00000000
vn -0.00000100 0.00000500 -1.00000000
vn 0.00000000 0.00000000 -1.00000000
vn -0.00000100 0.00000500 -1.00000000
vn 0.00000000 0.00000000 -1.00000000
vn 0.00000000 0.00000000 -1.00000000
vn -0.00000000 0.00000000 -1.00000000
vn 0.00000000 -0.00000200 -1.00000000
vn 0.00000000 -0.00000200 -1.00000000
vn 0.00000000 0.00000000 -1.00000000
vn -0.00000000 0.00000200 -1.00000000
vn 0.00000000 -0.00000100 -1.00000000
vn 0.00000000 0.00000000 -1.00000000
vn 0.00000000 0.00000000 -1.00000000
vn 0.00000000 -0.00000100 -1.00000000
vn 0.00000000 -0.00000100 -1.00000000
vn -0.00000000 0.00000100 -1.00000000
vn -0.00000000 0.00000200 -1.00000000
vn 0.00000000 0.00000000 -1.00000000
vn 0.00000000 0.00000000 -1.00000000
vn 0.00000000 -0.00000100 -1.00000000
vn -0.00000000 0.00000100 -1.00000000
vn -0.00000000 0.00000100 -1.00000000
vn -0.00000000 0.00000000 -1.00000000
vn 0.00000000 0.00000000 -1.00000000
vn -0.00000000 0.00000100 -1.00000000
vn 0.00000000 0.00000000 -1.00000000
vn 0.00000000 -0.00000100 -1.00000000
vn 0.00000000 0.00000000 -1.00000000
vn 0.00000000 -0.00000100 -1.00000000
vn -0.00000000 0.00000100 -1.00000000
vn -0.00000000 0.00000200 -1.00000000
vn 0.00000000 0.00000000 -1.00000000
vn 0.00000100 -0.00000300 -1.00000000
vn -0.00000000 0.00000100 -1.00000000
vn 0.00000000 0.00000000 -1.00000000
vn 0.00000100 -0.00000300 -1.00000000
vn 0.00000000 0.00000000 -1.00000000
vn -0.00000000 0.00000100 -1.00000000
vn 0.00000100 -0.00000300 -1.00000000
vn -0.00000000 0.00000100 -1.00000000
vn 0.00000000 0.00000000 -1.00000000
vn 0.00000000 -0.00000100 -1.00000000
vn -0.00000000 0.00000100 -1.00000000
vn 0.00000000 0.00000000 -1.00000000
vn 0.00000000 -0.00000100 -1.00000000
vn 0.00000000 0.00000000 -1.00000000
vn 0.00000000 -0.00000000 -1.00000000
vn 0.00000000 0.00000000 -1.00000000
vn 0.00000000 -0.00000000 -1.00000000
vn -0.00000000 0.00000100 -1.00000000
vn 0.00000000 -0.00000000 -1.00000000
vn 0.00000000 -0.00000100 -1.00000000
vn 0.00000000 -0.00000000 -1.00000000
vn -0.00000000 0.00000200 -1.00000000
vn 0.00000000 -0.00000000 -1.00000000
vn 0.00000000 0.00000000 -1.00000000
vn 0.00000000 -0.00000200 -1.00000000
vn -0.00000000 0.00000000 -1.00000000
vn 0.00000000 -0.00000100 -1.00000000
vn -0.00000000 0.00000200 -1.00000000
vn 0.00000000 -0.00000000 -1.00000000
vn 0.00000000 0.00000000 -1.00000000
vn -0.00000000 0.00000200 -1.00000000
vn 0.00000000 -0.00000200 -1.00000000
vn 0.00000000 -0.00000100 -1.00000000
vn -0.00000000 0.00000100 -1.00000000
vn 0.00000000 0.00000000 -1.00000000
vn 0.00000000 -0.00000100 -1.00000000
vn -0.00000000 0.00000000 -1.00000000
vn -0.00000000 0.00000100 -1.00000000
vn 0.00000000 0.00000000 -1.00000000
vn 0.00000000 -0.00000000 -1.00000000
vn -0.00000000 0.00000000 -1.00000000
vn 0.00000100 -0.00000400 -1.00000000
vn -0.00000000 0.00000000 -1.00000000
vn -0.00000100 0.00000600 -1.00000000
vn 0.00000000 0.00000000 -1.00000000
vn 0.00000100 -0.00000400 -1.00000000
vn -0.00000000 0.00000000 -1.00000000
vn 0.00000000 0.00000000 -1.00000000
vn -0.00000000 0.00000000 -1.00000000
vn 0.00000000 -0.00000000 -1.00000000
vn 0.00000100 -0.00000400 -1.00000000
vn 0.00000000 -0.00000100 -1.00000000
vn 0.00000000 0.00000000 -1.00000000
vn -0.00000100 0.00000600 -1.00000000
vn 0.00000000 -0.00000000 -1.00000000
vn 0.00000000 0.00000000 -1.00000000
vn 0.00000000 -0.00000000 -1.00000000
vn 0.00000000 0.00000000 -1.00000000
vn -0.00000000 0.00000000 -1.00000000
vn 0.00000000 0.00000000 -1.00000000
vn 0.00000000 -0.00000000 -1.00000000
vn 0.00000000 0.00000000 -1.00000000
vn 0.00000000 0.00000000 -1.00000000
vn 0.00000000 -0.00000200 -1.00000000
vn -0.00000000 0.00000100 -1.00000000
vn 0.00000000 -0.00000200 -1.00000000
vn 0.00000000 -0.00000100 -1.00000000
vn 0.00000000 0.00000000 -1.00000000
vn -0.00000000 0.00000100 -1.00000000
vn -0.00000000 0.00000100 -1.00000000
vn 0.00000000 -0.00000000 -1.00000000
vn 0.00000000 -0.00000200 -1.00000000
vn -0.00000100 0.00000600 -1.00000000
vn 0.00000000 -0.00000100 -1.00000000
vn 0.00000000 0.00000000 -1.00000000
vn 0.00000000 -0.00000100 -1.00000000
vn -0.00000000 0.00000100 -1.00000000
vn -0.00000000 0.00000100 -1.00000000
vn 0.00000000 0.00000000 -1.00000000
vn 0.00000000 0.00000000 -1.00000000
vn -0.00000000 0.00000100 -1.00000000
vn -0.00000000 0.00000100 -1.00000000
vn 0.00000000 -0.00000200 -1.00000000
vn -0.00000000 0.00000100 -1.00000000
vn -0.00000000 0.00000100 -1.00000000
vn 0.00000000 0.00000000 -1.00000000
vn 0.00000000 -0.00000200 -1.00000000
vn 0.00000000 0.00000000 -1.00000000
vn 0.00000000 -0.00000200 -1.00000000
vn -0.00000000 0.00000100 -1.00000000
vn -0.00000000 0.00000100 -1.00000000
vn 0.00000000 0.00000000 -1.00000000
vn 0.00000000 -0.00000100 -1.00000000
vn -0.00000000 0.00000100 -1.00000000
vn 0.00000000 0.00000000 -1.00000000
vn -0.00000000 0.00000100 -1.00000000
vn 0.00000000 0.00000000 -1.00000000
vn -0.00000000 0.00000100 -1.00000000
vn -0.00000000 0.00000100 -1.00000000
vn -0.00000000 0.00000100 -1.00000000
vn 0.00000000 -0.00000000 -1.00000000
vn 0.00000000 0.00000000 -1.00000000
vn -0.00000000 0.00000000 -1.00000000
vn 0.00000000 -0.00000000 -1.00000000
vn 0.00000000 0.00000000 -1.00000000
vn 0.00000000 0.00000000 -1.00000000
vn -0.00000000 0.00000100 -1.00000000
vn 0.00000000 0.00000000 -1.00000000
vn -0.00000000 0.00000100 -1.00000000
vn 0.00000000 0.00000000 -1.00000000
vn 0.00000000 0.00000000 -1.00000000
vn 0.00000000 -0.00000200 -1.00000000
vn -0.00000000 0.00000100 -1.00000000
vn 0.00000000 -0.00000200 -1.00000000
vn 0.00000000 0.00000000 -1.00000000
vn 0.00000000 0.00000000 -1.00000000
vn 0.00000000 0.00000000 -1.00000000
vn -0.00000000 0.00000100 -1.00000000
vn 0.00000000 0.00000000 1.00000000
vn 0.00000000 0.00000000 1.00000000
vn 0.00000000 0.00000000 1.00000000
vn 0.00000000 -0.00000000 1.00000000
vn -0.00000000 0.00000100 1.00000000
vn 0.00000300 -0.00001700 1.00000000
vn -0.00000100 0.00000600 1.00000000
vn 0.00000000 -0.00000100 1.00000000
vn -0.00000000 0.00000100 1.00000000
vn 0.00000000 0.00000000 1.00000000
vn -0.00000000 0.00000100 1.00000000
vn 0.00000000 0.00000000 1.00000000
vn 0.00000000 0.00000000 1.00000000
vn -0.00000100 0.00000400 1.00000000
vn 0.00000000 -0.00000200 1.00000000
vn -0.00000000 0.00000000 1.00000000
vn -0.00000000 0.00000000 1.00000000
vn 0.00000000 -0.00000100 1.00000000
vn -0.00000000 0.00000100 1.00000000
vn 0.00000000 0.00000000 1.00000000
vn -0.00000000 0.00000000 1.00000000
vn 0.00000000 0.00000000 1.00000000
vn 0.00000000 0.00000000 1.00000000
vn 0.00000000 -0.00000100 1.00000000
vn 0.00000300 -0.00001400 1.00000000
vn -0.00000000 0.00000100 1.00000000
vn 0.00000000 0.00000000 1.00000000
vn 0.00000300 -0.00001400 1.00000000
vn 0.00000000 -0.00000100 1.00000000
vn 0.00000000 0.00000000 1.00000000
vn 0.00000300 -0.00001400 1.00000000
vn 0.00000100 -0.00000500 1.00000000
vn -0.00000000 0.00000100 1.00000000
vn -0.00000100 0.00000500 1.00000000
vn 0.00000000 0.00000000 1.00000000
vn 0.00000000 -0.00000100 1.00000000
vn 0.00000000 -0.00000100 1.00000000
vn 0.00000000 -0.00000100 1.00000000
vn -0.00000100 0.00000500 1.00000000
vn 0.00000100 -0.00000500 1.00000000
vn -0.00000200 0.00001300 1.00000000
vn -0.00000100 0.00000500 1.00000000
vn 0.00000000 0.00000000 1.00000000
vn -0.00000000 0.00000200 1.00000000
vn 0.00000000 0.00000000 1.00000000
vn 0.00000000 0.00000000 1.00000000
vn -0.00000000 0.00000000 1.00000000
vn -0.00000000 0.00000100 1.00000000
vn -0.00000000 0.00000100 1.00000000
vn 0.00000000 -0.00000100 1.00000000
vn 0.00000000 -0.00000100 1.00000000
vn 0.00000000 -0.00000200 1.00000000
vn -0.00000000 0.00000000 1.00000000
vn -0.00000000 0.00000200 1.00000000
vn 0.00000000 -0.00000100 1.00000000
vn 0.00000000 -0.00000100 1.00000000
vn 0.00000000 0.00000000 1.00000000
vn 0.00000000 0.00000000 1.00000000
vn -0.00000000 0.00000000 1.00000000
vn 0.00000000 -0.00000100 1.00000000
vn -0.00000200 0.00001300 1.00000000
vn 0.00000100 -0.00000600 1.00000000
vn 0.00000100 -0.00000600 1.00000000
vn 0.00000000 -0.00000100 1.00000000
vn 0.00000100 -0.00000500 1.00000000
vn -0.00000000 0.00000000 1.00000000
vn -0.00000200 0.00001300 1.00000000
vn 0.00000000 0.00000000 1.00000000
vn -0.00000000 0.00000000 1.00000000
vn -0.00000000 0.00000100 1.00000000
vn 0.00000000 -0.00000100 1.00000000
vn 0.00000100 -0.00000600 1.00000000
vn 0.00000000 -0.00000100 1.00000000
vn -0.00000000 0.00000100 1.00000000
vn 0.00000000 -0.00000100 1.00000000
vn 0.00000000 -0.00000100 1.00000000
vn -0.00000000 0.00000200 1.00000000
vn 0.00000000 -0.00000100 1.00000000
vn 0.00000000 0.00000000 1.00000000
vn 0.00000000 0.00000000 1.00000000
vn 0.00000000 -0.00000100 1.00000000
vn 0.00000000 -0.00000200 1.00000000
vn 0.00000000 0.00000000 1.00000000
vn -0.00000000 0.00000100 1.00000000
vn 0.00000000 -0.00000200 1.00000000
vn 0.00000000 -0.00000100 1.00000000
vn 0.00000000 -0.00000200 1.00000000
vn -0.00000000 0.00000100 1.00000000
vn 0.00000000 -0.00000100 1.00000000
vn 0.00000000 -0.00000100 1.00000000
vn 0.00000000 0.00000000 1.00000000
vn 0.00000000 0.00000000 1.00000000
vn 0.00000000 0.00000000 1.00000000
vn 0.00000000 -0.00000100 1.00000000
vn -0.00000000 0.00000100 1.00000000
vn 0.00000000 0.00000000 1.00000000
vn 0.00000000 -0.00000000 1.00000000
vn 0.00000000 0.00000000 1.00000000
vn 0.00000000 0.00000000 1.00000000
vn -0.00000000 0.00000200 1.00000000
vn -0.00000100 0.00000300 1.00000000
vn -0.00000000 0.00000200 1.00000000
vn 0.00000100 -0.00000600 1.00000000
vn -0.00000000 0.00000200 1.00000000
vn 0.00000000 0.00000000 1.00000000
vn -0.00000000 0.00000200 1.00000000
vn -0.00000000 0.00000200 1.00000000
vn 0.00000000 0.00000000 1.00000000
vn 0.00000000 0.00000000 1.00000000
vn 0.00000100 -0.00000600 1.00000000
vn -0.00000000 0.00000200 1.00000000
vn 0.00000100 -0.00000600 1.00000000
vn -0.00000000 0.00000200 1.00000000
vn -0.00000000 0.00000200 1.00000000
vn -0.00000000 0.00000200 1.00000000
vn -0.00000200 0.00000800 1.00000000
vn 0.00000000 0.00000000 1.00000000
vn -0.00000000 0.00000100 1.00000000
vn -0.00000000 0.00000200 1.00000000
vn -0.00000200 0.00000800 1.00000000
vn -0.00000000 0.00000200 1.00000000
vn 0.00000000 0.00000000 1.00000000
vn -0.00000200 0.00000800 1.00000000
vn 0.00000100 -0.00000300 1.00000000
vn 0.00000000 0.00000000 1.00000000
vn 0.00000000 0.00000000 1.00000000
vn -0.00000100 0.00000300 1.00000000
vn -0.00000100 0.00000300 1.00000000
vn -0.00000000 0.00000200 1.00000000
vn 0.00000000 -0.00000100 1.00000000
vn 0.00000000 -0.00000100 1.00000000
vn 0.00000600 -0.00003100 1.00000000
vn -0.00000100 0.00000400 1.00000000
vn -0.00000000 0.00000000 1.00000000
vn 0.00000000 0.00000000 1.00000000
vn 0.00000000 0.00000000 1.00000000
vn 0.00000600 -0.00003100 1.00000000
vn 0.00000000 0.00000000 1.00000000
vn -0.00000500 0.00002400 1.00000000
vn 0.00000000 0.00000000 1.00000000
vn -0.00000500 0.00002400 1.00000000
vn 0.00000000 -0.00000100 1.00000000
vn -0.00000000 0.00000200 1.00000000
vn 0.00000000 -0.00000100 1.00000000
vn -0.00000400 0.00002200 1.00000000
vn -0.00000300 0.00001500 1.00000000
vn 0.00000100 -0.00000600 1.00000000
vn -0.00000100 0.00000400 1.00000000
vn 0.00000000 0.00000000 1.00000000
vn 0.00000100 -0.00000300 1.00000000
vn -0.00000500 0.00002400 1.00000000
vn 0.00000000 0.00000000 1.00000000
vn 0.00000100 -0.00000300 1.00000000
vn 0.00000000 0.00000000 1.00000000
vn -0.00000000 0.00000100 1.00000000
vn -0.00000000 0.00000100 1.00000000
vn -0.00000100 0.00000400 1.00000000
vn 0.00000000 0.00000000 1.00000000
vn -0.00000100 0.00000400 1.00000000
vn 0.00000000 -0.00000100 1.00000000
vn 0.00000000 -0.00000100 1.00000000
vn 0.00000600 -0.00003100 1.00000000
vn 0.00000000 -0.00000100 1.00000000
vn -0.00000000 0.00000000 1.00000000
vn -0.00000000 0.00000000 1.00000000
vn 0.00000000 0.00000000 1.00000000
vn 0.00000000 -0.00000100 1.00000000
vn -0.00000100 0.00000400 1.00000000
vn 0.00000000 -0.00000100 1.00000000
vn -0.00000000 0.00000000 1.00000000
vn -0.00000100 0.00000500 1.00000000
vn 0.00000000 0.00000000 1.00000000
vn 0.00000000 0.00000000 1.00000000
vn 0.00000000 0.00000000 1.00000000
vn -0.00000000 0.00000100 1.00000000
vn 0.00000000 -0.00000100 1.00000000
vn 0.00000000 -0.00000100 1.00000000
vn 0.00000000 0.00000000 1.00000000
vn -0.00000100 0.00000400 1.00000000
vn 0.00000100 -0.00000400 1.00000000
vn 0.00000100 -0.00000400 1.00000000
vn 0.00000000 0.00000000 1.00000000
vn -0.00000000 0.00000200 1.00000000
vn 0.00000000 -0.00000000 1.00000000
vn 0.00000000 -0.00000000 1.00000000
vn 0.00000000 0.00000000 1.00000000
vn 0.00000000 -0.00000200 1.00000000
vn 0.00000000 -0.00000000 1.00000000
vn -0.00000000 0.00000000 1.00000000
vn -0.00000000 0.00000100 1.00000000
vn -0.00000000 0.00000200 1.00000000
vn -0.00000000 0.00000100 1.00000000
vn 0.00000100 -0.00000400 1.00000000
vn -0.00000100 0.00000400 1.00000000
vn 0.00000000 0.00000000 1.00000000
vn 0.00000100 -0.00000600 1.00000000
vn -0.00000000 0.00000000 1.00000000
vn 0.00000000 0.00000000 1.00000000
vn 0.00000000 -0.00000100 1.00000000
vn -0.00000000 0.00000100 1.00000000
vn 0.00000000 0.00000000 1.00000000
vn -0.00000000 0.00000000 1.00000000
vn 0.00000000 -0.00000100 1.00000000
vn 0.00000000 0.00000000 1.00000000
vn -0.00000000 0.00000100 1.00000000
vn -0.00000000 0.00000100 1.00000000
vn -0.00000000 0.00000100 1.00000000
vn 0.00000000 -0.00000100 1.00000000
vn -0.00000000 0.00000100 1.00000000
vn 0.00000000 0.00000000 1.00000000
vn -0.00000000 0.00000100 1.00000000
vn 0.00000100 -0.00000600 1.00000000
vn -0.00000000 0.00000100 1.00000000
vn 0.00000000 0.00000000 1.00000000
vn 0.00000100 -0.00000600 1.00000000
vn -0.00000000 0.00000100 1.00000000
vn 0.00000000 -0.00000200 1.00000000
vn -0.00000000 0.00000000 1.00000000
vn 0.00000000 0.00000000 1.00000000
vn 0.00000000 -0.00000200 1.00000000
vn 0.00000100 -0.00000600 1.00000000
vn 0.00000000 0.00000000 1.00000000
vn -0.00000600 0.00003100 1.00000000
vn -0.00000600 0.00003100 1.00000000
vn -0.00000200 0.00001200 1.00000000
vn 0.00000000 0.00000000 1.00000000
vn -0.00000600 0.00003100 1.00000000
vn 0.00000000 -0.00000200 1.00000000
vn -0.00000000 0.00000000 1.00000000
vn 0.00000000 -0.00000200 1.00000000
vn -0.00000100 0.00000400 1.00000000
vn -0.00000200 0.00001200 1.00000000
vn 0.00000200 -0.00001000 1.00000000
vn -0.00000100 0.00000500 1.00000000
vn 0.00000000 0.00000000 1.00000000
vn 0.00000000 0.00000000 1.00000000
vn -0.00000100 0.00000500 1.00000000
vn 0.00000000 -0.00000100 1.00000000
vn 0.00000000 0.00000000 1.00000000
vn -0.00000100 0.00000500 1.00000000
vn 0.00000000 -0.00000100 1.00000000
vn 0.00000000 0.00000000 1.00000000
vn 0.00000000 0.00000000 1.00000000
vn 0.00000000 0.00000000 1.00000000
vn 0.00000000 -0.00000100 1.00000000
vn 0.00000000 -0.00000200 1.00000000
vn -0.00000300 0.00001500 1.00000000
vn 0.00000000 -0.00000000 1.00000000
vn -0.00000000 0.00000100 1.00000000
vn 0.00000400 -0.00002200 1.00000000
vn 0.00000000 -0.00000200 1.00000000
vn 0.00000000 0.00000000 1.00000000
vn -0.00000100 0.00000600 1.00000000
vn 0.00000000 -0.00000100 1.00000000
vn 0.00000000 0.00000000 1.00000000
vn 0.00000000 -0.00000100 1.00000000
vn -0.00000000 0.00000000 1.00000000
vn -0.00000100 0.00000600 1.00000000
vn 0.00000000 -0.00000100 1.00000000
vn 0.00000200 -0.00001000 1.00000000
vn -0.00000100 0.00000600 1.00000000
vn 0.00000000 0.00000000 1.00000000
vn -0.00000200 0.00001200 1.00000000
vn 0.00000200 -0.00001000 1.00000000
vn 0.00000000 0.00000000 1.00000000
vn 0.00000000 -0.00000100 1.00000000
vn -0.00000000 0.00000100 1.00000000
vn -0.00000000 0.00000100 1.00000000
vn 0.00000000 -0.00000100 1.00000000
vn 0.00000000 -0.00000000 1.00000000
vn 0.00000000 -0.00000000 1.00000000
vn 0.00000000 -0.00000100 1.00000000
vn -0.00000000 0.00000000 1.00000000
vn 0.00000000 0.00000000 1.00000000
vn 0.00000000 0.00000000 1.00000000
vn -0.00000000 0.00000000 1.00000000
vn 0.00000000 -0.00000100 1.00000000
vn 0.00000000 -0.00000100 1.00000000
vn 0.00000000 -0.00000100 1.00000000
vn 0.00000000 0.00000000 1.00000000
vn -0.00000000 0.00000100 1.00000000
vn 0.00000000 0.00000000 1.00000000
vn 0.00000000 0.00000000 1.00000000
vn -0.00000000 0.00000100 1.00000000
vn -0.00000000 0.00000100 1.00000000
vn 0.00000000 0.00000000 1.00000000
vn 0.00000000 0.00000000 1.00000000
vn -0.00000000 0.00000100 1.00000000
vn -0.00000000 0.00000200 1.00000000
vn 0.00000000 0.00000000 1.00000000
vn 0.00000000 0.00000000 1.00000000
vn -0.00000100 0.00000400 1.00000000
vn 0.00000000 -0.00000100 1.00000000
vn -0.00000100 0.00000700 1.00000000
vn -0.00000000 0.00000000 1.00000000
vn 0.00000000 0.00000000 1.00000000
vn 0.00000000 -0.00000200 1.00000000
vn -0.00000000 0.00000100 1.00000000
vn -0.00000000 0.00000200 1.00000000
vn -0.00000100 0.00000400 1.00000000
vn -0.00000000 0.00000100 1.00000000
vn 0.00000100 -0.00000500 1.00000000
vn -0.00000100 0.00000400 1.00000000
vn -0.00000400 0.00001900 1.00000000
vn 0.00000000 -0.00000200 1.00000000
vn 0.00000000 0.00000000 1.00000000
vn -0.00000000 0.00000200 1.00000000
vn -0.00000000 0.00000100 1.00000000
vn -0.00000000 0.00000100 1.00000000
vn -0.00000000 0.00000200 1.00000000
vn -0.00000100 0.00000400 1.00000000
vn -0.00000000 0.00000100 1.00000000
vn -0.00000100 0.00000400 1.00000000
vn 0.00000000 0.00000000 1.00000000
vn -0.00000000 0.00000100 1.00000000
vn 0.00000000 0.00000000 1.00000000
vn -0.00000400 0.00001900 1.00000000
vn 0.00000000 -0.00000100 1.00000000
vn 0.00000000 -0.00000200 1.00000000
vn 0.00000000 0.00000000 1.00000000
vn 0.00000000 -0.00000200 1.00000000
vn 0.00000000 0.00000000 1.00000000
vn 0.00000000 -0.00000100 1.00000000
vn 0.00000000 -0.00000200 1.00000000
vn -0.00000100 0.00000700 1.00000000
vn -0.00000100 0.00000700 1.00000000
vn -0.00000000 0.00000200 1.00000000
vn 0.00000000 -0.00000100 1.00000000
vn -0.00000400 0.00001900 1.00000000
vn 0.00000000 -0.00000100 1.00000000
vn 0.00000000 0.00000000 1.00000000
vn 0.00000000 -0.00000200 1.00000000
vn 0.00000000 -0.00000200 1.00000000
vn 0.00000000 0.00000000 1.00000000
vn 0.00000000 -0.00000200 1.00000000
vn -0.00000000 0.00000100 1.00000000
vn 0.00000000 0.00000000 1.00000000
vn 0.00000000 0.00000000 1.00000000
vn -0.00000000 0.00000100 1.00000000
vn -0.00000000 0.00000200 1.00000000
vn 0.00000000 0.00000000 1.00000000
vn -0.00000000 0.00000100 1.00000000
vn 0.00000100 -0.00000700 1.00000000
vn 0.00000100 -0.00000400 1.00000000
vn 0.00000000 -0.00000100 1.00000000
vn -0.00000000 0.00000000 1.00000000
vn 0.00000000 -0.00000000 1.00000000
vn 0.00000000 0.00000000 1.00000000
vn 0.00000000 -0.00000100 1.00000000
vn 0.00000100 -0.00000400 1.00000000
vn -0.00000000 0.00000100 1.00000000
vn 0.00000100 -0.00000400 1.00000000
vn 0.00000100 -0.00000700 1.00000000
vn 0.00000000 0.00000000 1.00000000
vn 0.00000000 0.00000000 1.00000000
vn 0.00000000 0.00000000 1.00000000
vn 0.00000100 -0.00000700 1.00000000
vn 0.00000000 0.00000000 1.00000000
vn -0.00000000 0.00000200 1.00000000
vn 0.00000000 0.00000000 1.00000000
vn -0.00000000 0.00000200 1.00000000
vn -0.00000000 0.00000100 1.00000000
vn 0.00000000 -0.00000000 1.00000000
vn 0.00000000 -0.00000100 1.00000000
vn -0.00000000 0.00000100 1.00000000
vn 0.00000000 0.00000000 1.00000000
vn -0.00000000 0.00000200 1.00000000
vn -0.00000000 0.00000100 1.00000000
vn 0.00000000 -0.00000100 1.00000000
vn 0.00000200 -0.00001300 1.00000000
vn -0.00000400 0.00002200 1.00000000
vn -0.00000000 0.00000100 1.00000000
vn 0.00000000 0.00000000 1.00000000
vn 0.00000000 -0.00000100 1.00000000
vn 0.00000000 0.00000000 1.00000000
vn 0.00000200 -0.00001300 1.00000000
vn 0.00000000 0.00000000 1.00000000
vn -0.00000300 0.00001500 1.00000000
vn -0.00000400 0.00002200 1.00000000
vn 0.00000200 -0.00001300 1.00000000
vn -0.00000300 0.00001500 1.00000000
vn 0.00000100 -0.00000600 1.00000000
vn -0.00000100 0.00000400 1.00000000
vn -0.00000100 0.00000500 1.00000000
vn 0.00000100 -0.00000600 1.00000000
vn 0.00000000 0.00000000 1.00000000
vn 0.00000200 -0.00001100 1.00000000
vn 0.00000000 -0.00000300 1.00000000
vn 0.00000000 -0.00000100 1.00000000
vn -0.00000100 0.00000400 1.00000000
vn -0.00000000 0.00000200 1.00000000
vn -0.00000100 0.00000400 1.00000000
vn -0.00000100 0.00000500 1.00000000
vn -0.00000100 0.00000500 1.00000000
vn 0.00000000 -0.00000100 1.00000000
vn -0.00000000 0.00000100 1.00000000
vn -0.00000000 0.00000100 1.00000000
vn 0.00000000 0.00000000 1.00000000
vn 0.00000000 0.00000000 1.00000000
vn 0.00000300 -0.00001400 1.00000000
vn -0.00000100 0.00000400 1.00000000
vn 0.00000300 -0.00001400 1.00000000
vn 0.00000000 0.00000000 1.00000000
vn -0.00000000 0.00000100 1.00000000
vn 0.00000300 -0.00001400 1.00000000
vn 0.00000000 -0.00000100 1.00000000
vn -0.00000100 0.00000400 1.00000000
vn 0.00000000 -0.00000000 1.00000000
vn 0.00000000 0.00000000 1.00000000
vn -0.00000100 0.00000400 1.00000000
vn 0.00000100 -0.00000600 1.00000000
vn 0.00000000 -0.00000000 1.00000000
vn 0.00000000 0.00000000 1.00000000
vn 0.00000100 -0.00000300 1.00000000
vn -0.00000000 0.00000200 1.00000000
vn -0.00000000 0.00000200 1.00000000
vn 0.00000000 0.00000000 1.00000000
vn 0.00000100 -0.00000300 1.00000000
vn -0.00000100 0.00000500 1.00000000
vn -0.00000000 0.00000200 1.00000000
vn -0.00000100 0.00000400 1.00000000
vn 0.00000000 -0.00000200 1.00000000
vn 0.00000200 -0.00001100 1.00000000
vn -0.00000100 0.00000700 1.00000000
vn -0.00000100 0.00000500 1.00000000
vn 0.00000100 -0.00000300 1.00000000
vn 0.00000000 0.00000000 1.00000000
vn 0.00000000 0.00000000 1.00000000
vn 0.00000000 -0.00000200 1.00000000
vn -0.00000100 0.00000500 1.00000000
vn 0.00000000 0.00000000 1.00000000
vn 0.00000000 -0.00000200 1.00000000
vn 0.00000000 0.00000000 1.00000000
vn -0.00000300 0.00001500 1.00000000
vn 0.00000000 0.00000000 1.00000000
vn 0.00000000 0.00000000 1.00000000
vn -0.00000100 0.00000400 1.00000000
vn 0.00000000 0.00000000 1.00000000
vn 0.00000400 -0.00002200 1.00000000
vn 0.00000000 0.00000000 1.00000000
vn 0.00000000 0.00000000 1.00000000
vn -0.00000300 0.00001500 1.00000000
vn 0.00000400 -0.00002200 1.00000000
vn 0.00000000 0.00000000 1.00000000
vn -0.00000100 0.00000400 1.00000000
vn -0.00000100 0.00000400 1.00000000
vn 0.00000000 0.00000000 1.00000000
vn 0.00000000 0.00000000 1.00000000
vn 0.00000000 -0.00000100 1.00000000
vn 0.00000000 -0.00000100 1.00000000
vn 0.00000000 0.00000000 1.00000000
vn 0.00000000 0.00000000 1.00000000
vn 0.00000000 0.00000000 1.00000000
vn -0.00000100 0.00000400 1.00000000
vn 0.00000000 -0.00000100 1.00000000
vn -0.00000100 0.00000400 1.00000000
vn 0.00000000 0.00000000 1.00000000
vn 0.00000000 0.00000000 1.00000000
vn 0.00000100 -0.00000400 1.00000000
vn 0.00000000 0.00000000 1.00000000
vn 0.00000100 -0.00000300 1.00000000
vn 0.00000100 -0.00000400 1.00000000
vn -0.00000000 0.00000200 1.00000000
vn 0.00000100 -0.00000300 1.00000000
vn 0.00000000 0.00000000 1.00000000
vn 0.00000000 -0.00000000 1.00000000
vn -0.00000000 0.00000200 1.00000000
vn 0.00000100 -0.00000300 1.00000000
vn -0.00000000 0.00000200 1.00000000
vn 0.00000000 -0.00000000 1.00000000
vn 0.00000000 -0.00000000 1.00000000
vn 0.00000000 -0.00000200 1.00000000
vn -0.00000000 0.00000200 1.00000000
vn 0.00000000 -0.00000200 1.00000000
vn 0.00000000 0.00000000 1.00000000
vn 0.00000100 -0.00000500 1.00000000
vn -0.00000100 0.00000500 1.00000000
vn 0.00000100 -0.00000500 1.00000000
vn 0.00000100 -0.00000500 1.00000000
vn 0.00000000 -0.00000000 1.00000000
vn -0.00000000 0.00000100 1.00000000
vn 0.00000000 0.00000000 1.00000000
vn 0.00000000 -0.00000200 1.00000000
vn -0.00000000 0.00000100 1.00000000
vn 0.00000000 -0.00000100 1.00000000
vn -0.00000100 0.00000500 1.00000000
vn 0.00000100 -0.00000700 1.00000000
vn 0.00000000 -0.00000100 1.00000000
vn 0.00000000 0.00000000 1.00000000
vn -0.00000700 0.00003400 1.00000000
vn 0.00000000 0.00000000 1.00000000
vn -0.00000200 0.00001200 1.00000000
vn 0.00000300 -0.00001800 1.00000000
vn -0.00000000 0.00000000 1.00000000
vn -0.00000000 0.00000100 1.00000000
vn 0.00000000 0.00000000 1.00000000
vn -0.00000000 0.00000200 1.00000000
vn -0.00000000 0.00000100 1.00000000
vn 0.00000000 0.00000000 1.00000000
vn 0.00000000 -0.00000100 1.00000000
vn 0.00000000 0.00000000 1.00000000
vn 0.00000100 -0.00000700 1.00000000
vn -0.00000100 0.00000500 1.00000000
vn 0.00000100 -0.00000700 1.00000000
vn -0.00000000 0.00000100 1.00000000
vn 0.00000000 0.00000000 1.00000000
vn 0.00000100 -0.00000500 1.00000000
vn -0.00000000 0.00000000 1.00000000
vn 0.00000000 0.00000000 1.00000000
vn 0.00000100 -0.00000500 1.00000000
vn -0.00000000 0.00000100 1.00000000
vn 0.00000000 0.00000000 1.00000000
vn -0.00000000 0.00000100 1.00000000
vn 0.00000000 0.00000000 1.00000000
vn -0.00000000 0.00000000 1.00000000
vn -0.00000100 0.00000400 1.00000000
vn 0.00000000 0.00000000 1.00000000
vn 0.00000200 -0.00001100 1.00000000
vn 0.00000200 -0.00001100 1.00000000
vn -0.00000100 0.00000700 1.00000000
vn -0.00000100 0.00000700 1.00000000
vn 0.00000000 0.00000000 1.00000000
vn 0.00000100 -0.00000600 1.00000000
vn 0.00000000 -0.00000000 1.00000000
vn 0.00000100 -0.00000600 1.00000000
vn 0.00000000 0.00000000 1.00000000
vn -0.00000700 0.00003400 1.00000000
vn 0.00000000 0.00000000 1.00000000
vn 0.00000000 0.00000000 1.00000000
vn 0.00000000 -0.00000000 1.00000000
vn 0.00000000 0.00000000 1.00000000
vn -0.00000200 0.00001200 1.00000000
vn 0.00000000 0.00000000 1.00000000
vn 0.00000000 0.00000000 1.00000000
vn 0.00000300 -0.00001800 1.00000000
vn 0.00000000 0.00000000 1.00000000
vn 0.00000000 -0.00000100 1.00000000
vn 0.00000300 -0.00001800 1.00000000
vn 0.00000000 -0.00000100 1.00000000
vn -0.00000700 0.00003400 1.00000000
vn -0.00000000 0.00000000 1.00000000
vn 0.00000100 -0.00000400 1.00000000
vn -0.00000200 0.00001200 1.00000000
vn -0.00000000 0.00000200 1.00000000
vn 0.00000100 -0.00000700 1.00000000
vn -0.00000000 0.00000000 1.00000000
vn 0.00000100 -0.00000400 1.00000000
vn 0.00000000 0.00000000 1.00000000
vn -0.00000000 0.00000100 1.00000000
vn -0.00000000 0.00000200 1.00000000
vn 0.00000100 -0.00000400 1.00000000
vn 0.00000000 0.00000000 1.00000000
vn -0.00000000 0.00000200 1.00000000
vn 0.00000000 0.00000000 1.00000000
vn 0.00000000 0.00000000 1.00000000
vn -0.00000000 0.00000200 1.00000000
vn 0.00000000 -0.00000100 1.00000000
vn 0.00000000 -0.00000300 1.00000000
vn -0.00000000 0.00000200 1.00000000
vn -0.00000000 0.00000000 1.00000000
vn 0.00000200 -0.00001100 1.00000000
vn 0.00000000 0.00000000 1.00000000
vn 0.00000000 -0.00000300 1.00000000
vn 0.00000000 -0.00000200 1.00000000
vn 0.00000000 -0.00000100 1.00000000
vn -0.00000000 0.00000000 1.00000000
vn -0.00000000 0.00000000 1.00000000
vn 0.00000000 -0.00000100 1.00000000
vn -0.00000000 0.00000100 1.00000000
vn -0.00000000 0.00000100 1.00000000
vn 0.00000000 0.00000000 1.00000000
vn 0.00000000 0.00000000 1.00000000
vn -0.00000100 0.00000400 1.00000000
vn -0.00000100 0.00000400 1.00000000
vn 0.00000200 -0.00001100 1.00000000
vn 0.00000100 -0.00000600 1.00000000
vn -0.00000100 0.00000400 1.00000000
vn -0.00000100 0.00000400 1.00000000
vn 0.00000000 0.00000000 1.00000000
vn 0.00000000 0.00000000 1.00000000
vn 0.00000300 -0.00001700 1.00000000
vn 0.00000300 -0.00001700 1.00000000
vn -0.00000100 0.00000600 1.00000000
vn 0.00000100 -0.00000600 1.00000000
vn 0.00000000 -0.00000200 1.00000000
vn -0.00000000 0.00000100 1.00000000
vn 0.00000000 0.00000000 1.00000000
vn 0.00000100 -0.00000400 1.00000000
vn 0.00000000 0.00000000 1.00000000
vn 0.00000100 -0.00000400 1.00000000
vn -0.00000000 0.00000100 1.00000000
vn 0.00000000 0.00000000 1.00000000
vn 0.00000000 0.00000000 1.00000000
vn -0.00000000 0.00000100 1.00000000
vn -0.00000100 0.00000600 1.00000000
vn -0.00000000 0.00000100 1.00000000
vn 0.00000000 -0.00000100 1.00000000
vn -0.00000000 0.00000100 1.00000000
vn 0.00000000 -0.00000200 1.00000000
vn -0.00000000 0.00000100 1.00000000
vn 0.00000000 0.00000000 1.00000000
vn -0.00000100 0.00000500 1.00000000
vn -0.00000100 0.00000500 1.00000000
vn 0.00000000 0.00000000 1.00000000
vn -0.00000000 0.00000200 1.00000000
vn 0.00000000 0.00000000 1.00000000
vn 0.00000000 0.00000000 1.00000000
vn 0.00000000 0.00000000 1.00000000
vn 0.00000100 -0.00000400 1.00000000
vn 0.00000100 -0.00000400 1.00000000
vn 0.00000000 0.00000000 1.00000000
vn -0.00000000 0.00000100 1.00000000
vn 0.00000000 0.00000000 1.00000000
vn -0.00000100 0.00000400 1.00000000
vn -0.00000100 0.00000400 1.00000000
vn 0.00000000 -0.00000100 1.00000000
vn 0.00000000 0.00000000 1.00000000
vn 0.00000000 0.00000000 1.00000000
vn 0.00000000 0.00000000 1.00000000
vn -0.00000000 0.00000200 1.00000000
vn -0.00000000 0.00000200 1.00000000
vn -0.00000000 0.00000100 1.00000000
vn 0.00000100 -0.00000700 1.00000000
vn -0.00000000 0.00000200 1.00000000
vn 0.00000100 -0.00000700 1.00000000
vn 0.00000000 -0.00000200 1.00000000
vn 0.00000000 0.00000000 1.00000000
vn 0.00000000 0.00000000 1.00000000
vn -0.00000000 0.00000100 1.00000000
vn -0.00000000 0.00000100 1.00000000
vn -0.00000000 0.00000100 1.00000000
vn 0.00000000 0.00000000 1.00000000
vn 0.00000000 0.00000000 -1.00000000
vn -0.00000000 0.00000200 -1.00000000
vn -0.00000100 0.00000300 -1.00000000
vn -0.00000000 0.00000200 -1.00000000
vn 0.00000000 0.00000000 -1.00000000
vn -0.00000000 0.00000200 -1.00000000
vn 0.00000000 -0.00000100 -1.00000000
vn 0.00000000 0.00000000 -1.00000000
vn 0.00000000 -0.00000100 -1.00000000
vn 0.00000000 0.00000000 -1.00000000
vn 0.00000000 -0.00000100 -1.00000000
vn 0.00000000 -0.00000200 -1.00000000
vn 0.00000000 0.00000000 -1.00000000
vn 0.00000000 0.00000000 -1.00000000
vn 0.00000000 -0.00000200 -1.00000000
vn 0.00000000 -0.00000200 -1.00000000
vn 0.00000000 0.00000000 -1.00000000
vn 0.00000000 0.00000000 -1.00000000
vn -0.00000000 0.00000100 -1.00000000
vn -0.00000000 0.00000100 -1.00000000
vn 0.00000000 0.00000000 -1.00000000
vn -0.00000000 0.00000100 -1.00000000
vn -0.00000000 0.00000000 -1.00000000
vn 0.00000000 0.00000000 -1.00000000
vn -0.00000000 0.00000000 -1.00000000
vn 0.00000000 0.00000000 -1.00000000
vn 0.00000000 0.00000000 -1.00000000
vn 0.00000000 -0.00000100 -1.00000000
vn -0.00000000 0.00000000 -1.00000000
vn 0.00000000 -0.00000100 -1.00000000
vn 0.00000000 0.00000000 -1.00000000
vn -0.00000100 0.00000500 -1.00000000
vn 0.00000000 0.00000000 -1.00000000
vn -0.00000100 0.00000500 -1.00000000
vn 0.00000000 -0.00000100 -1.00000000
vn -0.00000100 0.00000500 -1.00000000
vn 0.00000000 0.00000000 -1.00000000
vn 0.00000100 -0.00000500 -1.00000000
vn 0.00000100 -0.00000500 -1.00000000
vn -0.00000100 0.00000400 -1.00000000
vn 0.00000000 0.00000000 -1.00000000
vn 0.00000100 -0.00000500 -1.00000000
vn -0.00000100 0.00000400 -1.00000000
vn 0.00000000 0.00000000 -1.00000000
vn -0.00000100 0.00000400 -1.00000000
vn -0.00000100 0.00000400 -1.00000000
vn 0.00000000 0.00000000 -1.00000000
vn 0.00000000 0.00000000 -1.00000000
vn -0.00000100 0.00000400 -1.00000000
vn 0.00000200 -0.00001100 -1.00000000
vn -0.00000100 0.00000400 -1.00000000
vn 0.00000200 -0.00001100 -1.00000000
vn -0.00000100 0.00000300 -1.00000000
vn -0.00000100 0.00000300 -1.00000000
vn 0.00000100 -0.00000400 -1.00000000
vn 0.00000200 -0.00001100 -1.00000000
vn 0.00000000 0.00000000 -1.00000000
vn -0.00000100 0.00000300 -1.00000000
vn 0.00000100 -0.00000400 -1.00000000
vn 0.00000000 0.00000000 -1.00000000
vn 0.00000100 -0.00000400 -1.00000000
vn 0.00000100 -0.00000400 -1.00000000
vn 0.00000000 0.00000000 -1.00000000
vn 0.00000100 -0.00000400 -1.00000000
vn -0.00000000 0.00000000 -1.00000000
vn -0.00000000 0.00000000 -1.00000000
vn 0.00000100 -0.00000400 -1.00000000
vn 0.00000000 0.00000000 -1.00000000
vn -0.00000000 0.00000000 -1.00000000
vn 0.00000000 0.00000000 -1.00000000
vn -0.00000000 0.00000100 -1.00000000
vn -0.00000000 0.00000100 -1.00000000
vn 0.00000000 0.00000000 -1.00000000
vn 0.00000000 0.00000000 -1.00000000
vn -0.00000000 0.00000100 -1.00000000
vn -0.00000000 0.00000100 -1.00000000
vn 0.00000000 0.00000000 -1.00000000
vn -0.00000000 0.00000100 -1.00000000
vn 0.00000000 0.00000000 -1.00000000
vn -0.00000000 0.00000100 -1.00000000
vn -0.00000000 0.00000000 -1.00000000
vn 0.00000000 0.00000000 -1.00000000
vn -0.00000000 0.00000000 -1.00000000
vn 0.00000000 0.00000000 -1.00000000
vn 0.00000000 0.00000000 -1.00000000
vn -0.00000000 0.00000000 -1.00000000
vn 0.00000000 0.00000000 -1.00000000
vn 0.00000000 0.00000000 -1.00000000
vn -0.00000100 0.00000500 -1.00000000
vn 0.00000000 0.00000000 -1.00000000
vn -0.00000100 0.00000500 -1.00000000
vn 0.00000000 0.00000000 -1.00000000
vn 0.00000000 0.00000000 -1.00000000
vn -0.00000100 0.00000500 -1.00000000
vn -0.00000100 0.00000300 -1.00000000
vn 0.00000000 0.00000000 -1.00000000
vn 0.00000000 0.00000000 -1.00000000
vn -0.00000100 0.00000300 -1.00000000
vn -0.98803200 0.15424300 -0.00110900
vn -0.95778800 0.28746400 -0.00243000
vn -0.99919600 -0.04004600 -0.00170500
vn -0.94809800 0.31797800 0.00000000
vn -0.90065800 0.43452300 -0.00211100
vn -0.83240000 0.55416200 -0.00385900
vn -0.81608200 0.57793600 0.00000000
vn -0.73564200 0.67736400 -0.00300500
vn -0.63472900 0.77271800 -0.00513700
vn -0.61494000 0.78857400 0.00000000
vn -0.50719000 0.86182600 -0.00380100
vn -0.38189700 0.92418400 -0.00625600
vn -0.36147100 0.93238300 0.00000000
vn -0.23504000 0.97197500 -0.00448600
vn -0.09590700 0.99536400 -0.00720400
vn -0.07738700 0.99700100 0.00000000
vn 0.05735500 0.99834100 -0.00507000
vn 0.19835800 0.98009700 -0.00801100
vn 0.21327500 0.97699200 0.00000000
vn 0.34485800 0.93863900 -0.00553700
vn 0.47542200 0.87971500 -0.00865900
vn 0.48587300 0.87402900 0.00000000
vn 0.60259000 0.79802900 -0.00590300
vn 0.71121900 0.70291100 -0.00912400
vn 0.71717600 0.69689200 0.00000000
vn 0.80837800 0.58863100 -0.00617300
vn 0.88521800 0.46508000 -0.00945900
vn 0.88761400 0.46058700 0.00000000
vn 0.94448700 0.32848800 -0.00631500
vn 0.98234400 0.18683900 -0.00961000
vn 0.98270800 0.18516300 0.00000000
vn 0.99917700 0.04005200 -0.00636300
vn 0.99414500 -0.10762200 -0.00960600
vn 0.99437500 -0.10591900 0.00000000
vn 0.96775300 -0.25182400 -0.00627200
vn 0.91959700 -0.39275000 -0.00946400
vn 0.92162600 -0.38808000 0.00000000
vn 0.85290200 -0.52203400 -0.00615500
vn 0.76519000 -0.64374000 -0.00912900
vn 0.77064400 -0.63726600 0.00000000
vn 0.66453600 -0.74723300 -0.00590000
vn 0.54434600 -0.83881600 -0.00862900
vn 0.55423900 -0.83235700 0.00000000
vn 0.41882400 -0.90805000 -0.00555100
vn 0.27616000 -0.96107800 -0.00801200
vn 0.29080500 -0.95678200 0.00000000
vn 0.13704400 -0.99055200 -0.00507600
vn -0.01596000 -0.99984700 -0.00721200
vn 0.00264200 -0.99999700 0.00000000
vn -0.15649600 -0.98766800 -0.00448900
vn -0.30672300 -0.95177800 -0.00625400
vn -0.28565700 -0.95833200 0.00000000
vn -0.43660900 -0.89964300 -0.00380000
vn -0.57086400 -0.82102900 -0.00514100
vn -0.54982200 -0.83528200 0.00000000
vn -0.67907000 -0.73406700 -0.00300900
vn -0.78537800 -0.61900400 -0.00386300
vn -0.76718100 -0.64143100 0.00000000
vn -0.86298500 -0.50522600 -0.00211100
vn -0.93172300 -0.36316100 -0.00243000
vn -0.91950900 -0.39306800 0.00000000
vn -0.97252900 -0.23278100 -0.00110900
vn -0.99919800 -0.04003400 0.00000000
vn -0.59601600 -0.39144900 -0.70109400
vn -0.67928500 -0.20416600 -0.70490200
vn -0.64783200 -0.29371000 -0.70288600
vn -0.60342100 -0.36989800 -0.70644100
vn -0.53842300 -0.46841800 -0.70048900
vn -0.46190100 -0.54773200 -0.69759400
vn -0.47106400 -0.52805700 -0.70657900
vn -0.38306700 -0.60469200 -0.69828900
vn -0.28785200 -0.65947600 -0.69443000
vn -0.29883800 -0.64130600 -0.70669800
vn -0.19456600 -0.69084500 -0.69633200
vn -0.08827600 -0.71682800 -0.69163900
vn -0.10145500 -0.70009400 -0.70680600
vn 0.01123100 -0.71927300 -0.69463600
vn 0.12000500 -0.71453200 -0.68923300
vn 0.10473800 -0.69953200 -0.70688400
vn 0.21691600 -0.68735700 -0.69317200
vn 0.31945200 -0.65242200 -0.68723700
vn 0.30172400 -0.63965100 -0.70697200
vn 0.40507000 -0.59752800 -0.69201100
vn 0.49309000 -0.53548100 -0.68565500
vn 0.47314000 -0.52554800 -0.70706300
vn 0.55969500 -0.45725500 -0.69112900
vn 0.62611800 -0.37335800 -0.68452900
vn 0.60459300 -0.36672900 -0.70709000
vn 0.66760200 -0.27830800 -0.69054500
vn 0.70713800 -0.17966500 -0.68386900
vn 0.68467300 -0.17670700 -0.70710500
vn 0.71959700 -0.07580400 -0.69024200
vn 0.72241500 0.00912700 -0.69140000
vn 0.73753300 0.06580200 -0.67209800
vn 0.70812100 0.18182900 -0.68227800
vn 0.74345000 0.13666300 -0.65467900
vn 0.68462500 0.27270200 -0.67596000
vn 0.62449100 0.37507600 -0.68507600
vn 0.66771100 0.34305700 -0.66066100
vn 0.57534200 0.45504600 -0.67964400
vn 0.48967000 0.53588100 -0.68779000
vn 0.53660700 0.51764200 -0.66640800
vn 0.41922500 0.59785000 -0.68324600
vn 0.31524400 0.65110900 -0.69041900
vn 0.36188100 0.64611200 -0.67199800
vn 0.22971600 0.68962400 -0.68676700
vn 0.11588000 0.71157500 -0.69298800
vn 0.15890100 0.71824300 -0.67740500
vn 0.02279200 0.72329900 -0.69015900
vn -0.09174300 0.71266500 -0.69547900
vn -0.05483800 0.72870900 -0.68262500
vn -0.18423800 0.69659800 -0.69340300
vn -0.29037600 0.65470900 -0.69788100
vn -0.26115200 0.67744400 -0.68765500
vn -0.37409300 0.61222100 -0.69659100
vn -0.40931800 0.59718100 -0.68980700
vn -0.44277700 0.56950100 -0.69254400
vn -0.44274800 0.56954100 -0.69252900
vn -0.51530900 0.48517200 -0.70644500
vn -0.53133100 0.47764700 -0.69967200
vn -0.59742000 0.38674800 -0.70250700
vn -0.58460600 0.41484300 -0.69723800
vn -0.64302700 0.30457700 -0.70267300
vn -0.68082400 0.19958100 -0.70473200
vn -0.67521700 0.22705100 -0.70180500
vn -0.70041400 0.10763300 -0.70557400
vn -0.70748700 0.00553500 -0.70670500
vn -0.70477800 -0.06214400 -0.70670100
vn -0.68458400 -0.18030300 -0.70628200
vn -0.98305700 0.18329900 0.00000000
vn -0.98305700 0.18329900 0.00000000
vn -0.98305700 0.18329900 0.00000000
vn -0.98305700 0.18329900 0.00000000
vn -0.98305700 0.18329900 0.00000000
vn -0.98305700 0.18329900 0.00000000
vn -0.80618400 0.59166500 0.00000000
vn -0.80618500 0.59166400 0.00000000
vn -0.80618400 0.59166500 0.00000000
vn -0.80618500 0.59166400 0.00000000
vn -0.80618400 0.59166500 0.00000000
vn -0.80618500 0.59166400 0.00000000
vn -0.46959300 0.88288300 0.00000000
vn -0.46959300 0.88288300 0.00000000
vn -0.46959300 0.88288300 0.00000000
vn -0.46959300 0.88288300 0.00000000
vn -0.04005000 0.99919800 0.00000000
vn -0.04005000 0.99919800 0.00000000
vn -0.04005000 0.99919800 0.00000000
vn -0.04005000 0.99919800 0.00000000
vn -0.04005000 0.99919800 0.00000000
vn -0.04005000 0.99919800 0.00000000
vn 0.39743700 0.91762900 0.00000000
vn 0.39743700 0.91762900 0.00000000
vn 0.39743800 0.91762900 0.00000000
vn 0.39743700 0.91762900 0.00000000
vn 0.39743800 0.91762900 0.00000000
vn 0.39743800 0.91762900 0.00000000
vn 0.75624800 0.65428500 0.00000000
vn 0.75624900 0.65428400 0.00000000
vn 0.75624800 0.65428500 0.00000000
vn 0.75624900 0.65428400 0.00000000
vn 0.75624800 0.65428500 0.00000000
vn 0.75624900 0.65428400 0.00000000
vn 0.96522900 0.26140800 0.00000000
vn 0.96522900 0.26140800 0.00000000
vn 0.96522900 0.26140800 0.00000000
vn 0.96522900 0.26140800 0.00000000
vn 0.96522900 0.26140800 0.00000000
vn 0.96522900 0.26140800 0.00000000
vn 0.98305700 -0.18330300 0.00000000
vn 0.98305700 -0.18330300 0.00000000
vn 0.98305700 -0.18330200 0.00000000
vn 0.98305700 -0.18330300 0.00000000
vn 0.98305700 -0.18330200 0.00000000
vn 0.98305700 -0.18330200 0.00000000
vn 0.80616300 -0.59169300 0.00000000
vn 0.80616300 -0.59169300 0.00000000
vn 0.80616300 -0.59169300 0.00000000
vn 0.80616300 -0.59169300 0.00000000
vn 0.80616300 -0.59169300 0.00000000
vn 0.80616300 -0.59169300 0.00000000
vn 0.46963900 -0.88285900 0.00000000
vn 0.46964000 -0.88285800 0.00000000
vn 0.46963900 -0.88285900 0.00000000
vn 0.46963900 -0.88285900 0.00000000
vn 0.46964000 -0.88285800 0.00000000
vn 0.46964000 -0.88285800 0.00000000
vn 0.04004800 -0.99919800 0.00000000
vn 0.04004800 -0.99919800 0.00000000
vn 0.04004600 -0.99919800 0.00000000
vn 0.04004600 -0.99919800 0.00000000
vn 0.04004800 -0.99919800 0.00000000
vn 0.04004600 -0.99919800 0.00000000
vn -0.39743500 -0.91763100 0.00000000
vn -0.39743500 -0.91763100 0.00000000
vn -0.39743600 -0.91763000 0.00000000
vn -0.39743500 -0.91763100 0.00000000
vn -0.39743600 -0.91763000 0.00000000
vn -0.39743600 -0.91763000 0.00000000
vn -0.75626400 -0.65426600 0.00000000
vn -0.75626400 -0.65426600 0.00000000
vn -0.75626400 -0.65426600 0.00000000
vn -0.75626400 -0.65426600 0.00000000
vn -0.96522800 -0.26140800 0.00000000
vn -0.96522800 -0.26140800 0.00000000
vn -0.96522800 -0.26140800 0.00000000
vn -0.96522800 -0.26140800 0.00000000
vn -0.96522800 -0.26140800 0.00000000
vn -0.96522800 -0.26140800 0.00000000
vn -0.00000000 0.00000000 -1.00000000
vn 0.00000000 0.00000000 -1.00000000
vn 0.00000100 -0.00000300 -1.00000000
vn -0.00000000 0.00000000 -1.00000000
vn 0.00000000 0.00000000 -1.00000000
vn -0.00000000 0.00000000 -1.00000000
vn 0.00000000 0.00000000 -1.00000000
vn 0.00000000 0.00000000 -1.00000000
vn 0.00000000 0.00000000 -1.00000000
vn 0.00000000 0.00000000 -1.00000000
vn 0.00000000 0.00000000 -1.00000000
vn -0.00000000 0.00000200 -1.00000000
vn 0.00000200 -0.00001000 -1.00000000
vn 0.00000000 0.00000000 -1.00000000
vn -0.00000000 0.00000200 -1.00000000
vn -0.00000000 0.00000200 -1.00000000
vn 0.00000200 -0.00001000 -1.00000000
vn -0.00000000 0.00000200 -1.00000000
vn -0.00000000 0.00000200 -1.00000000
vn 0.00000200 -0.00001000 -1.00000000
vn -0.00000200 0.00001000 -1.00000000
vn -0.00000000 0.00000200 -1.00000000
vn 0.00000100 -0.00000300 -1.00000000
vn -0.00000200 0.00001000 -1.00000000
vn 0.00000100 -0.00000300 -1.00000000
vn 0.00000000 0.00000000 -1.00000000
vn -0.00000200 0.00001000 -1.00000000
vn 0.00000100 -0.00000300 -1.00000000
vn 0.00000000 0.00000000 -1.00000000
vn 0.00000100 -0.00000300 -1.00000000
vn 0.00000000 0.00000000 -1.00000000
vn 0.00000000 0.00000000 -1.00000000
vn 0.00000000 0.00000000 -1.00000000
vn 0.00000000 0.00000000 -1.00000000
vn 0.00000100 -0.00000300 -1.00000000
vn 0.00000100 -0.00000300 -1.00000000
vn 0.00000000 0.00000000 -1.00000000
vn -0.00000000 0.00000200 -1.00000000
vn 0.00000000 0.00000000 -1.00000000
vn -0.00000000 0.00000200 -1.00000000
vn 0.00000000 0.00000000 -1.00000000
vn 0.00000100 -0.00000500 -1.00000000
vn -0.00000000 0.00000200 -1.00000000
vn 0.00000000 0.00000000 -1.00000000
vn 0.00000000 0.00000000 -1.00000000
vn 0.00000000 0.00000000 -1.00000000
vn 0.00000100 -0.00000500 -1.00000000
vn 0.00000100 -0.00000500 -1.00000000
vn 0.00000000 0.00000000 -1.00000000
vn 0.00000000 0.00000000 -1.00000000
vn 0.00000000 0.00000000 -1.00000000
vn -0.00000100 0.00000300 -1.00000000
vn -0.00000100 0.00000300 -1.00000000
vn 0.00000000 0.00000000 -1.00000000
vn -0.00000100 0.00000300 -1.00000000
vn 0.00000000 0.00000000 -1.00000000
vn -0.00000100 0.00000300 -1.00000000
vn -0.00000100 0.00000300 -1.00000000
vn 0.00000000 0.00000000 -1.00000000
vn -0.00000100 0.00000300 -1.00000000
vn 0.00000000 0.00000000 -1.00000000
vn 0.00000100 -0.00000300 -1.00000000
vn 0.00000000 0.00000000 -1.00000000
vn 0.00000100 -0.00000300 -1.00000000
vn 0.00000000 0.00000000 -1.00000000
vn -0.98306100 0.18327800 0.00000000
vn -0.98306100 0.18327800 0.00000000
vn -0.98306100 0.18327800 0.00000000
vn -0.98306100 0.18327800 0.00000000
vn -0.98306100 0.18327800 0.00000000
vn -0.98306100 0.18327800 0.00000000
vn -0.80615900 0.59169800 0.00000000
vn -0.80615900 0.59169800 0.00000000
vn -0.80616000 0.59169700 0.00000000
vn -0.80616000 0.59169700 0.00000000
vn -0.80615900 0.59169800 0.00000000
vn -0.80616000 0.59169700 0.00000000
vn -0.46963800 0.88285900 0.00000000
vn -0.46963800 0.88285900 0.00000000
vn -0.46963800 0.88285900 0.00000000
vn -0.46963800 0.88285900 0.00000000
vn -0.04005700 0.99919700 0.00000000
vn -0.04005700 0.99919700 0.00000000
vn -0.04005800 0.99919700 0.00000000
vn -0.04005800 0.99919700 0.00000000
vn -0.04005700 0.99919700 0.00000000
vn -0.04005800 0.99919700 0.00000000
vn 0.39746400 0.91761800 0.00000000
vn 0.39746500 0.91761800 0.00000000
vn 0.39746400 0.91761800 0.00000000
vn 0.39746500 0.91761800 0.00000000
vn 0.39746400 0.91761800 0.00000000
vn 0.39746500 0.91761800 0.00000000
vn 0.75626400 0.65426600 0.00000000
vn 0.75626400 0.65426600 0.00000000
vn 0.75626400 0.65426600 0.00000000
vn 0.75626400 0.65426600 0.00000000
vn 0.96522800 0.26140900 0.00000000
vn 0.96522800 0.26140900 0.00000000
vn 0.96522800 0.26140900 0.00000000
vn 0.96522800 0.26140900 0.00000000
vn 0.98305700 -0.18330100 0.00000000
vn 0.98305700 -0.18330100 0.00000000
vn 0.98305700 -0.18330200 0.00000000
vn 0.98305700 -0.18330100 0.00000000
vn 0.98305700 -0.18330200 0.00000000
vn 0.98305700 -0.18330200 0.00000000
vn 0.80618700 -0.59166000 0.00000000
vn 0.80618700 -0.59166000 0.00000000
vn 0.80618800 -0.59166000 0.00000000
vn 0.80618800 -0.59166000 0.00000000
vn 0.80618700 -0.59166000 0.00000000
vn 0.80618800 -0.59166000 0.00000000
vn 0.46964100 -0.88285700 0.00000000
vn 0.46964100 -0.88285700 0.00000000
vn 0.46963700 -0.88286000 0.00000000
vn 0.46964100 -0.88285700 0.00000000
vn 0.46963700 -0.88286000 0.00000000
vn 0.46963700 -0.88286000 0.00000000
vn 0.03999600 -0.99920000 0.00000000
vn 0.03999600 -0.99920000 0.00000000
vn 0.03999900 -0.99920000 0.00000000
vn 0.03999600 -0.99920000 0.00000000
vn 0.03999900 -0.99920000 0.00000000
vn 0.03999900 -0.99920000 0.00000000
vn -0.39743700 -0.91763000 0.00000000
vn -0.39743700 -0.91763000 0.00000000
vn -0.39743700 -0.91762900 0.00000000
vn -0.39743700 -0.91763000 0.00000000
vn -0.39743700 -0.91762900 0.00000000
vn -0.39743700 -0.91762900 0.00000000
vn -0.75624700 -0.65428600 0.00000000
vn -0.75624600 -0.65428800 0.00000000
vn -0.75624700 -0.65428600 0.00000000
vn -0.75624700 -0.65428600 0.00000000
vn -0.75624600 -0.65428800 0.00000000
vn -0.75624600 -0.65428800 0.00000000
vn -0.96522900 -0.26140800 0.00000000
vn -0.96522900 -0.26140800 0.00000000
vn -0.96522800 -0.26140800 0.00000000
vn -0.96522900 -0.26140800 0.00000000
vn -0.96522800 -0.26140800 0.00000000
vn -0.96522800 -0.26140800 0.00000000
vn 0.00000000 0.00000000 -1.00000000
vn -0.00000000 0.00000200 -1.00000000
vn 0.00000100 -0.00000300 -1.00000000
vn -0.00000000 0.00000200 -1.00000000
vn 0.00000000 0.00000000 -1.00000000
vn 0.00000000 0.00000000 -1.00000000
vn -0.00000000 0.00000200 -1.00000000
vn -0.00000000 0.00000200 -1.00000000
vn 0.00000000 0.00000000 -1.00000000
vn -0.00000000 0.00000200 -1.00000000
vn 0.00000000 -0.00000200 -1.00000000
vn 0.00000000 -0.00000200 -1.00000000
vn -0.00000000 0.00000200 -1.00000000
vn 0.00000000 0.00000000 -1.00000000
vn 0.00000000 -0.00000200 -1.00000000
vn -0.00000000 0.00000200 -1.00000000
vn 0.00000000 0.00000000 -1.00000000
vn -0.00000000 0.00000200 -1.00000000
vn 0.00000200 -0.00001000 -1.00000000
vn 0.00000000 0.00000000 -1.00000000
vn 0.00000200 -0.00001000 -1.00000000
vn -0.00000000 0.00000200 -1.00000000
vn -0.00000000 0.00000200 -1.00000000
vn -0.00000200 0.00001000 -1.00000000
vn -0.00000000 0.00000200 -1.00000000
vn 0.00000200 -0.00001000 -1.00000000
vn -0.00000000 0.00000200 -1.00000000
vn 0.00000100 -0.00000300 -1.00000000
vn -0.00000200 0.00001000 -1.00000000
vn 0.00000100 -0.00000300 -1.00000000
vn 0.00000000 0.00000000 -1.00000000
vn -0.00000200 0.00001000 -1.00000000
vn 0.00000100 -0.00000300 -1.00000000
vn 0.00000000 -0.00000100 -1.00000000
vn 0.00000000 0.00000000 -1.00000000
vn 0.00000000 -0.00000100 -1.00000000
vn 0.00000000 0.00000000 -1.00000000
vn -0.00000000 0.00000100 -1.00000000
vn 0.00000000 -0.00000100 -1.00000000
vn 0.00000000 0.00000000 -1.00000000
vn 0.00000000 0.00000000 -1.00000000
vn 0.00000000 0.00000000 -1.00000000
vn -0.00000000 0.00000100 -1.00000000
vn -0.00000000 0.00000100 -1.00000000
vn 0.00000000 0.00000000 -1.00000000
vn 0.00000000 0.00000000 -1.00000000
vn 0.00000000 0.00000000 -1.00000000
vn -0.00000000 0.00000200 -1.00000000
vn -0.00000000 0.00000200 -1.00000000
vn 0.00000000 0.00000000 -1.00000000
vn -0.00000000 0.00000200 -1.00000000
vn -0.00000000 0.00000000 -1.00000000
vn 0.00000000 0.00000000 -1.00000000
vn 0.00000000 0.00000000 -1.00000000
vn -0.00000000 0.00000000 -1.00000000
vn -0.00000000 0.00000000 -1.00000000
vn 0.00000000 0.00000000 -1.00000000
vn 0.00000000 0.00000000 -1.00000000
vn 0.00000200 -0.00001000 -1.00000000
vn 0.00000000 0.00000000 -1.00000000
vn -0.00000100 0.00000300 -1.00000000
vn 0.00000200 -0.00001000 -1.00000000
vn -0.00000100 0.00000300 -1.00000000
vn 0.00000000 0.00000000 -1.00000000
vn 0.00000200 -0.00001000 -1.00000000
vn -0.00000100 0.00000300 -1.00000000
vn 0.00000000 0.00000000 -1.00000000
vn 0.00000100 -0.00000300 -1.00000000
vn 0.00000000 0.00000000 -1.00000000
vn 0.00000100 -0.00000300 -1.00000000
vn 0.00000000 0.00000000 -1.00000000
vn -0.98305700 0.18330200 0.00000000
vn -0.98305700 0.18330200 0.00000000
vn -0.98305700 0.18330200 0.00000000
vn -0.98305700 0.18330200 0.00000000
vn -0.98305700 0.18330200 0.00000000
vn -0.98305700 0.18330200 0.00000000
vn -0.80616100 0.59169600 0.00000000
vn -0.80616100 0.59169600 0.00000000
vn -0.80616100 0.59169600 0.00000000
vn -0.80616100 0.59169600 0.00000000
vn -0.80616100 0.59169600 0.00000000
vn -0.80616100 0.59169600 0.00000000
vn -0.46965400 0.88285100 0.00000000
vn -0.46965400 0.88285100 0.00000000
vn -0.46965400 0.88285100 0.00000000
vn -0.46965400 0.88285100 0.00000000
vn -0.04005600 0.99919700 0.00000000
vn -0.04005600 0.99919700 0.00000000
vn -0.04005500 0.99919700 0.00000000
vn -0.04005600 0.99919700 0.00000000
vn -0.04005500 0.99919700 0.00000000
vn -0.04005500 0.99919700 0.00000000
vn 0.39746400 0.91761800 0.00000000
vn 0.39746400 0.91761800 0.00000000
vn 0.39746400 0.91761800 0.00000000
vn 0.39746400 0.91761800 0.00000000
vn 0.75621900 0.65431900 0.00000000
vn 0.75621900 0.65431800 0.00000000
vn 0.75621900 0.65431900 0.00000000
vn 0.75621900 0.65431900 0.00000000
vn 0.75621900 0.65431800 0.00000000
vn 0.75621900 0.65431800 0.00000000
vn 0.96524200 0.26135700 0.00000000
vn 0.96524200 0.26135700 0.00000000
vn 0.96524200 0.26135700 0.00000000
vn 0.96524200 0.26135700 0.00000000
vn 0.98305500 -0.18331100 0.00000000
vn 0.98305500 -0.18331100 0.00000000
vn 0.98305500 -0.18331100 0.00000000
vn 0.98305500 -0.18331100 0.00000000
vn 0.98305500 -0.18331100 0.00000000
vn 0.98305500 -0.18331100 0.00000000
vn 0.80617200 -0.59168200 0.00000000
vn 0.80617200 -0.59168200 0.00000000
vn 0.80617200 -0.59168200 0.00000000
vn 0.80617200 -0.59168200 0.00000000
vn 0.46961000 -0.88287400 0.00000000
vn 0.46961000 -0.88287400 0.00000000
vn 0.46961000 -0.88287400 0.00000000
vn 0.46961000 -0.88287400 0.00000000
vn 0.46961000 -0.88287400 0.00000000
vn 0.46961000 -0.88287400 0.00000000
vn 0.04004800 -0.99919800 0.00000000
vn 0.04004800 -0.99919800 0.00000000
vn 0.04004700 -0.99919800 0.00000000
vn 0.04004700 -0.99919800 0.00000000
vn 0.04004800 -0.99919800 0.00000000
vn 0.04004700 -0.99919800 0.00000000
vn -0.39746300 -0.91761800 0.00000000
vn -0.39746300 -0.91761800 0.00000000
vn -0.39746300 -0.91761800 0.00000000
vn -0.39746300 -0.91761800 0.00000000
vn -0.39746300 -0.91761800 0.00000000
vn -0.39746300 -0.91761800 0.00000000
vn -0.75622300 -0.65431400 0.00000000
vn -0.75622300 -0.65431400 0.00000000
vn -0.75622300 -0.65431400 0.00000000
vn -0.75622300 -0.65431400 0.00000000
vn -0.75622300 -0.65431400 0.00000000
vn -0.75622300 -0.65431400 0.00000000
vn -0.96524100 -0.26136000 0.00000000
vn -0.96524100 -0.26136000 0.00000000
vn -0.96524100 -0.26136000 0.00000000
vn -0.96524100 -0.26136000 0.00000000
vn -0.96524100 -0.26136000 0.00000000
vn -0.96524100 -0.26136000 0.00000000
vn -0.00000000 0.00000100 -1.00000000
vn 0.00000000 0.00000000 -1.00000000
vn -0.00000000 0.00000100 -1.00000000
vn 0.00000000 0.00000000 -1.00000000
vn -0.00000000 0.00000100 -1.00000000
vn 0.00000000 0.00000000 -1.00000000
vn 0.00000000 0.00000000 -1.00000000
vn 0.00000000 0.00000000 -1.00000000
vn 0.00000000 0.00000000 -1.00000000
vn 0.00000000 0.00000000 -1.00000000
vn 0.00000000 -0.00000200 -1.00000000
vn -0.00000200 0.00001000 -1.00000000
vn 0.00000000 0.00000000 -1.00000000
vn 0.00000000 -0.00000200 -1.00000000
vn 0.00000100 -0.00000500 -1.00000000
vn 0.00000000 -0.00000200 -1.00000000
vn -0.00000200 0.00001000 -1.00000000
vn 0.00000100 -0.00000500 -1.00000000
vn -0.00000200 0.00001000 -1.00000000
vn -0.00000200 0.00001000 -1.00000000
vn 0.00000100 -0.00000500 -1.00000000
vn -0.00000200 0.00001000 -1.00000000
vn 0.00000100 -0.00000300 -1.00000000
vn -0.00000200 0.00001000 -1.00000000
vn 0.00000100 -0.00000300 -1.00000000
vn 0.00000000 0.00000000 -1.00000000
vn 0.00000100 -0.00000300 -1.00000000
vn 0.00000000 0.00000000 -1.00000000
vn 0.00000000 -0.00000000 -1.00000000
vn 0.00000000 0.00000000 -1.00000000
vn 0.00000000 0.00000000 -1.00000000
vn 0.00000000 0.00000000 -1.00000000
vn 0.00000000 0.00000000 -1.00000000
vn 0.00000000 -0.00000000 -1.00000000
vn 0.00000000 -0.00000000 -1.00000000
vn 0.00000000 0.00000000 -1.00000000
vn 0.00000000 0.00000000 -1.00000000
vn 0.00000000 0.00000000 -1.00000000
vn 0.00000000 0.00000000 -1.00000000
vn 0.00000000 0.00000000 -1.00000000
vn 0.00000000 0.00000000 -1.00000000
vn 0.00000000 -0.00000100 -1.00000000
vn 0.00000000 0.00000000 -1.00000000
vn 0.00000000 -0.00000100 -1.00000000
vn 0.00000000 -0.00000100 -1.00000000
vn 0.00000000 0.00000000 -1.00000000
vn 0.00000000 0.00000000 -1.00000000
vn 0.00000000 0.00000000 -1.00000000
vn 0.00000000 0.00000000 -1.00000000
vn 0.00000100 -0.00000300 -1.00000000
vn 0.00000000 0.00000000 -1.00000000
vn 0.00000100 -0.00000300 -1.00000000
vn 0.00000000 0.00000000 -1.00000000
vn 0.00000100 -0.00000300 -1.00000000
vn 0.00000000 0.00000000 -1.00000000
vn 0.00000000 0.00000000 -1.00000000
vn 0.00000000 0.00000000 -1.00000000
vn -0.66926800 0.23133500 -0.70609000
vn -0.62659700 0.32988100 -0.70608400
vn -0.50259900 0.49884300 -0.70608100
vn -0.42139100 0.56910200 -0.70608300
vn -0.23640100 0.66751500 -0.70607300
vn -0.13275900 0.69557600 -0.70608000
vn 0.07661600 0.70397400 -0.70608200
vn 0.18221300 0.68427700 -0.70609100
vn 0.37452600 0.60097200 -0.70609000
vn 0.37440100 0.60106400 -0.70607800
vn 0.28458200 0.65704000 -0.69807700
vn 0.54145800 0.46849400 -0.69809500
vn 0.59816900 0.37897700 -0.70609500
vn 0.64858000 0.28420800 -0.70609500
vn 0.70337400 0.08191400 -0.70608500
vn 0.70767800 -0.02537900 -0.70607900
vn 0.66927200 -0.23134700 -0.70608300
vn 0.62660400 -0.32987700 -0.70608000
vn 0.50262300 -0.49883400 -0.70607000
vn 0.42138700 -0.56910500 -0.70608300
vn 0.23647900 -0.66746000 -0.70609800
vn 0.23633600 -0.66750600 -0.70610300
vn 0.33622500 -0.63206700 -0.69817200
vn 0.02866800 -0.71536200 -0.69816600
vn -0.07662000 -0.70395900 -0.70609600
vn -0.18221900 -0.68428400 -0.70608200
vn -0.37446200 -0.60101700 -0.70608500
vn -0.46104900 -0.53745500 -0.70609900
vn -0.59814600 -0.37901700 -0.70609300
vn -0.64857800 -0.28418900 -0.70610400
vn -0.70335100 -0.08195000 -0.70610300
vn -0.70766000 0.02534300 -0.70609800
vn -0.66925100 0.23140200 -0.70608500
vn -0.62658600 0.32990700 -0.70608200
vn -0.50260000 0.49884000 -0.70608200
vn -0.42139600 0.56910200 -0.70607900
vn -0.23641700 0.66750700 -0.70607500
vn -0.13273500 0.69558300 -0.70607800
vn 0.07661200 0.70397700 -0.70607800
vn 0.18221100 0.68428000 -0.70608800
vn 0.37447400 0.60100600 -0.70608800
vn 0.46104200 0.53746700 -0.70609500
vn 0.59814200 0.37901900 -0.70609500
vn 0.64858100 0.28419100 -0.70610000
vn 0.70335800 0.08192400 -0.70609900
vn 0.70765700 -0.02537300 -0.70610000
vn 0.66925900 -0.23136400 -0.70609000
vn 0.62657100 -0.32990500 -0.70609600
vn 0.50258400 -0.49881200 -0.70611300
vn 0.42138100 -0.56907600 -0.70610900
vn 0.23638900 -0.66749300 -0.70609700
vn 0.13276100 -0.69557300 -0.70608300
vn -0.07667500 -0.70396300 -0.70608600
vn -0.18221600 -0.68427800 -0.70608800
vn -0.37447600 -0.60100300 -0.70609000
vn -0.46105900 -0.53745200 -0.70609500
vn -0.59815800 -0.37899500 -0.70609500
vn -0.64858000 -0.28421100 -0.70609400
vn -0.70337200 -0.08193300 -0.70608500
vn -0.70767900 0.02536600 -0.70607900
vn -0.66925900 0.23136100 -0.70609100
vn -0.62658100 0.32990800 -0.70608500
vn -0.50260200 0.49883500 -0.70608500
vn -0.42138700 0.56910700 -0.70608100
vn -0.23641300 0.66750700 -0.70607600
vn -0.13273600 0.69558600 -0.70607500
vn 0.07661200 0.70397300 -0.70608200
vn 0.18220400 0.68429100 -0.70607900
vn 0.37452500 0.60099600 -0.70607000
vn 0.46106500 0.53749200 -0.70606000
vn 0.59819500 0.37897100 -0.70607600
vn 0.64860700 0.28418300 -0.70607900
vn 0.70337800 0.08188100 -0.70608400
vn 0.70768100 -0.02537100 -0.70607700
vn 0.66925200 -0.23142500 -0.70607700
vn 0.66930200 -0.23129200 -0.70607300
vn 0.70381900 -0.13124200 -0.69815100
vn 0.57715900 -0.42360200 -0.69817500
vn 0.50259900 -0.49881700 -0.70609900
vn 0.42137600 -0.56909000 -0.70610100
vn 0.23641200 -0.66749300 -0.70609000
vn 0.13272700 -0.69558100 -0.70608100
vn -0.07662200 -0.70397900 -0.70607500
vn -0.18218200 -0.68430500 -0.70607100
vn -0.37448100 -0.60103600 -0.70606000
vn -0.46108300 -0.53746600 -0.70606900
vn -0.59815300 -0.37902200 -0.70608500
vn -0.64858200 -0.28419100 -0.70609900
vn -0.70335400 -0.08194400 -0.70610000
vn -0.70766400 0.02535300 -0.70609500
vn -0.97551900 0.21991500 0.00000000
vn -0.97551900 0.21991500 0.00000000
vn -0.97551900 0.21991500 0.00000000
vn -0.97551900 0.21991500 0.00000000
vn -0.73483000 0.67825200 0.00000000
vn -0.73482900 0.67825200 0.00000000
vn -0.73483000 0.67825200 0.00000000
vn -0.73482900 0.67825200 0.00000000
vn -0.73483000 0.67825200 0.00000000
vn -0.73482900 0.67825200 0.00000000
vn -0.29727100 0.95479300 0.00000000
vn -0.29727600 0.95479200 0.00000000
vn -0.29727100 0.95479300 0.00000000
vn -0.29727600 0.95479200 0.00000000
vn -0.29727100 0.95479300 0.00000000
vn -0.29727600 0.95479200 0.00000000
vn 0.21987400 0.97552800 0.00000000
vn 0.21987400 0.97552800 0.00000000
vn 0.21987600 0.97552800 0.00000000
vn 0.21987600 0.97552800 0.00000000
vn 0.21987400 0.97552800 0.00000000
vn 0.21987600 0.97552800 0.00000000
vn 0.67825200 0.73483000 0.00000000
vn 0.67825200 0.73483000 0.00000000
vn 0.67825200 0.73483000 0.00000000
vn 0.67825200 0.73483000 0.00000000
vn 0.67825200 0.73483000 0.00000000
vn 0.67825200 0.73483000 0.00000000
vn 0.95477200 0.29734000 0.00000000
vn 0.95477200 0.29734000 0.00000000
vn 0.95477100 0.29734100 0.00000000
vn 0.95477100 0.29734100 0.00000000
vn 0.95477200 0.29734000 0.00000000
vn 0.95477100 0.29734100 0.00000000
vn 0.97552000 -0.21991000 0.00000000
vn 0.97552000 -0.21991000 0.00000000
vn 0.97552000 -0.21991000 0.00000000
vn 0.97552000 -0.21991000 0.00000000
vn 0.97552000 -0.21991000 0.00000000
vn 0.97552000 -0.21991000 0.00000000
vn 0.73482900 -0.67825200 0.00000000
vn 0.73483000 -0.67825100 0.00000000
vn 0.73482900 -0.67825200 0.00000000
vn 0.73483000 -0.67825100 0.00000000
vn 0.73482900 -0.67825200 0.00000000
vn 0.73483000 -0.67825100 0.00000000
vn 0.29726000 -0.95479600 0.00000000
vn 0.29726000 -0.95479600 0.00000000
vn 0.29726000 -0.95479600 0.00000000
vn 0.29726000 -0.95479600 0.00000000
vn 0.29726000 -0.95479600 0.00000000
vn 0.29726000 -0.95479600 0.00000000
vn -0.21994400 -0.97551300 0.00000000
vn -0.21994400 -0.97551300 0.00000000
vn -0.21994600 -0.97551200 0.00000000
vn -0.21994600 -0.97551200 0.00000000
vn -0.21994400 -0.97551300 0.00000000
vn -0.21994600 -0.97551200 0.00000000
vn -0.67821700 -0.73486100 0.00000000
vn -0.67821700 -0.73486100 0.00000000
vn -0.67821700 -0.73486100 0.00000000
vn -0.67821700 -0.73486100 0.00000000
vn -0.67821700 -0.73486100 0.00000000
vn -0.67821700 -0.73486100 0.00000000
vn -0.95477100 -0.29734100 0.00000000
vn -0.95477100 -0.29734100 0.00000000
vn -0.95477100 -0.29734100 0.00000000
vn -0.95477100 -0.29734100 0.00000000
vn -0.97550400 0.21998300 0.00000000
vn -0.97550400 0.21998300 0.00000000
vn -0.97550400 0.21998300 0.00000000
vn -0.97550400 0.21998300 0.00000000
vn -0.97550400 0.21998300 0.00000000
vn -0.97550400 0.21998300 0.00000000
vn -0.73486100 0.67821800 0.00000000
vn -0.73486100 0.67821800 0.00000000
vn -0.73486100 0.67821800 0.00000000
vn -0.73486100 0.67821800 0.00000000
vn -0.73486100 0.67821800 0.00000000
vn -0.73486100 0.67821800 0.00000000
vn -0.29726700 0.95479400 0.00000000
vn -0.29726700 0.95479400 0.00000000
vn -0.29726700 0.95479400 0.00000000
vn -0.29726700 0.95479400 0.00000000
vn -0.29726700 0.95479400 0.00000000
vn -0.29726700 0.95479400 0.00000000
vn 0.21991500 0.97551900 0.00000000
vn 0.21991500 0.97551900 0.00000000
vn 0.21991400 0.97551900 0.00000000
vn 0.21991500 0.97551900 0.00000000
vn 0.21991400 0.97551900 0.00000000
vn 0.21991400 0.97551900 0.00000000
vn 0.67821900 0.73486000 0.00000000
vn 0.67821900 0.73486000 0.00000000
vn 0.67821900 0.73486000 0.00000000
vn 0.67821900 0.73486000 0.00000000
vn 0.67821900 0.73486000 0.00000000
vn 0.67821900 0.73486000 0.00000000
vn 0.95479500 0.29726500 0.00000000
vn 0.95479500 0.29726500 0.00000000
vn 0.95479500 0.29726500 0.00000000
vn 0.95479500 0.29726500 0.00000000
vn 0.95479500 0.29726500 0.00000000
vn 0.95479500 0.29726500 0.00000000
vn 0.97551900 -0.21991400 0.00000000
vn 0.97551900 -0.21991400 0.00000000
vn 0.97551900 -0.21991400 0.00000000
vn 0.97551900 -0.21991400 0.00000000
vn 0.73482800 -0.67825400 0.00000000
vn 0.73482700 -0.67825400 0.00000000
vn 0.73482800 -0.67825400 0.00000000
vn 0.73482700 -0.67825400 0.00000000
vn 0.73482800 -0.67825400 0.00000000
vn 0.73482700 -0.67825400 0.00000000
vn 0.29729200 -0.95478700 0.00000000
vn 0.29729200 -0.95478700 0.00000000
vn 0.29729200 -0.95478700 0.00000000
vn 0.29729200 -0.95478700 0.00000000
vn 0.29729200 -0.95478700 0.00000000
vn 0.29729200 -0.95478700 0.00000000
vn -0.21992800 -0.97551600 0.00000000
vn -0.21992800 -0.97551600 0.00000000
vn -0.21992800 -0.97551600 0.00000000
vn -0.21992800 -0.97551600 0.00000000
vn -0.21992800 -0.97551600 0.00000000
vn -0.21992800 -0.97551600 0.00000000
vn -0.67819500 -0.73488200 0.00000000
vn -0.67819400 -0.73488200 0.00000000
vn -0.67819500 -0.73488200 0.00000000
vn -0.67819400 -0.73488200 0.00000000
vn -0.67819500 -0.73488200 0.00000000
vn -0.67819400 -0.73488200 0.00000000
vn -0.95477600 -0.29732500 0.00000000
vn -0.95477600 -0.29732500 0.00000000
vn -0.95477600 -0.29732500 0.00000000
vn -0.95477600 -0.29732500 0.00000000
vn -0.95477600 -0.29732500 0.00000000
vn -0.95477600 -0.29732500 0.00000000
vn -0.97551300 0.21994000 0.00000000
vn -0.97551300 0.21994000 0.00000000
vn -0.97551300 0.21994100 0.00000000
vn -0.97551300 0.21994100 0.00000000
vn -0.97551300 0.21994000 0.00000000
vn -0.97551300 0.21994100 0.00000000
vn -0.73486200 0.67821700 0.00000000
vn -0.73486200 0.67821700 0.00000000
vn -0.73486000 0.67821900 0.00000000
vn -0.73486200 0.67821700 0.00000000
vn -0.73486000 0.67821900 0.00000000
vn -0.73486000 0.67821900 0.00000000
vn -0.29733900 0.95477200 0.00000000
vn -0.29733900 0.95477200 0.00000000
vn -0.29733600 0.95477300 0.00000000
vn -0.29733600 0.95477300 0.00000000
vn -0.29733900 0.95477200 0.00000000
vn -0.29733600 0.95477300 0.00000000
vn 0.21994300 0.97551300 0.00000000
vn 0.21994300 0.97551300 0.00000000
vn 0.21994300 0.97551300 0.00000000
vn 0.21994300 0.97551300 0.00000000
vn 0.21994300 0.97551300 0.00000000
vn 0.21994300 0.97551300 0.00000000
vn 0.67820600 0.73487200 0.00000000
vn 0.67820700 0.73487100 0.00000000
vn 0.67820600 0.73487200 0.00000000
vn 0.67820600 0.73487200 0.00000000
vn 0.67820700 0.73487100 0.00000000
vn 0.67820700 0.73487100 0.00000000
vn 0.95479800 0.29725600 0.00000000
vn 0.95479800 0.29725600 0.00000000
vn 0.95479800 0.29725700 0.00000000
vn 0.95479800 0.29725600 0.00000000
vn 0.95479800 0.29725700 0.00000000
vn 0.95479800 0.29725700 0.00000000
vn 0.97552200 -0.21990100 0.00000000
vn 0.97552200 -0.21990100 0.00000000
vn 0.97552200 -0.21990100 0.00000000
vn 0.97552200 -0.21990100 0.00000000
vn 0.73486000 -0.67821900 0.00000000
vn 0.73486000 -0.67821900 0.00000000
vn 0.73486000 -0.67821900 0.00000000
vn 0.73486000 -0.67821900 0.00000000
vn 0.73486000 -0.67821900 0.00000000
vn 0.73486000 -0.67821900 0.00000000
vn 0.29726000 -0.95479700 0.00000000
vn 0.29726000 -0.95479700 0.00000000
vn 0.29726300 -0.95479600 0.00000000
vn 0.29726000 -0.95479700 0.00000000
vn 0.29726300 -0.95479600 0.00000000
vn 0.29726300 -0.95479600 0.00000000
vn -0.21994400 -0.97551300 0.00000000
vn -0.21994300 -0.97551300 0.00000000
vn -0.21994400 -0.97551300 0.00000000
vn -0.21994400 -0.97551300 0.00000000
vn -0.21994300 -0.97551300 0.00000000
vn -0.21994300 -0.97551300 0.00000000
vn -0.67816900 -0.73490600 0.00000000
vn -0.67816900 -0.73490600 0.00000000
vn -0.67816800 -0.73490700 0.00000000
vn -0.67816800 -0.73490700 0.00000000
vn -0.67816900 -0.73490600 0.00000000
vn -0.67816800 -0.73490700 0.00000000
vn -0.95479600 -0.29726100 0.00000000
vn -0.95479600 -0.29726100 0.00000000
vn -0.95479600 -0.29726100 0.00000000
vn -0.95479600 -0.29726100 0.00000000
vn -0.95479600 -0.29726100 0.00000000
vn -0.95479600 -0.29726100 0.00000000
vn -0.00000300 0.00000300 1.00000000
vn 0.43536700 0.27515900 0.85717200
vn 0.23944300 0.45598200 0.85717400
vn 0.51462200 0.02062900 0.85716900
vn -0.27517000 0.43537800 0.85716200
vn -0.45597200 0.23946000 0.85717400
vn -0.02064600 0.51462200 0.85716900
vn -0.43537600 -0.27517000 0.85716400
vn -0.23945900 -0.45597100 0.85717600
vn -0.51461700 -0.02064600 0.85717100
vn 0.27515800 -0.43536400 0.85717300
vn 0.45598200 -0.23944100 0.85717500
vn 0.02062500 -0.51461900 0.85717100
vn 0.95479400 0.29726900 0.00000000
vn 0.95479400 0.29726900 0.00000000
vn 0.95479400 0.29726900 0.00000000
vn 0.95479400 0.29726900 0.00000000
vn 0.95479400 0.29726900 0.00000000
vn 0.95479400 0.29726900 0.00000000
vn 0.67823900 0.73484100 0.00000000
vn 0.67824000 0.73484100 0.00000000
vn 0.67823900 0.73484100 0.00000000
vn 0.67823900 0.73484100 0.00000000
vn 0.67824000 0.73484100 0.00000000
vn 0.67824000 0.73484100 0.00000000
vn 0.21989100 0.97552500 0.00000000
vn 0.21989100 0.97552500 0.00000000
vn 0.21989400 0.97552400 0.00000000
vn 0.21989400 0.97552400 0.00000000
vn 0.21989100 0.97552500 0.00000000
vn 0.21989400 0.97552400 0.00000000
vn -0.29734200 0.95477100 0.00000000
vn -0.29734500 0.95477000 0.00000000
vn -0.29734200 0.95477100 0.00000000
vn -0.29734500 0.95477000 0.00000000
vn -0.29734200 0.95477100 0.00000000
vn -0.29734500 0.95477000 0.00000000
vn -0.73478700 0.67829800 0.00000000
vn -0.73478700 0.67829800 0.00000000
vn -0.73478900 0.67829600 0.00000000
vn -0.73478900 0.67829600 0.00000000
vn -0.73478700 0.67829800 0.00000000
vn -0.73478900 0.67829600 0.00000000
vn -0.97552100 0.21990700 0.00000000
vn -0.97552100 0.21990700 0.00000000
vn -0.97552100 0.21990700 0.00000000
vn -0.97552100 0.21990700 0.00000000
vn -0.97552100 0.21990700 0.00000000
vn -0.97552100 0.21990700 0.00000000
vn -0.95476700 -0.29735700 0.00000000
vn -0.95476700 -0.29735600 0.00000000
vn -0.95476700 -0.29735700 0.00000000
vn -0.95476700 -0.29735600 0.00000000
vn -0.95476700 -0.29735700 0.00000000
vn -0.95476700 -0.29735600 0.00000000
vn -0.67829600 -0.73478900 0.00000000
vn -0.67829600 -0.73478900 0.00000000
vn -0.67829600 -0.73478900 0.00000000
vn -0.67829600 -0.73478900 0.00000000
vn -0.67829600 -0.73478900 0.00000000
vn -0.67829600 -0.73478900 0.00000000
vn -0.21989800 -0.97552300 0.00000000
vn -0.21989800 -0.97552300 0.00000000
vn -0.21990000 -0.97552200 0.00000000
vn -0.21989800 -0.97552300 0.00000000
vn -0.21990000 -0.97552200 0.00000000
vn -0.21990000 -0.97552200 0.00000000
vn 0.29726700 -0.95479400 0.00000000
vn 0.29726300 -0.95479600 0.00000000
vn 0.29726700 -0.95479400 0.00000000
vn 0.29726700 -0.95479400 0.00000000
vn 0.29726300 -0.95479600 0.00000000
vn 0.29726300 -0.95479600 0.00000000
vn 0.73484100 -0.67824000 0.00000000
vn 0.73484100 -0.67824000 0.00000000
vn 0.73483900 -0.67824200 0.00000000
vn 0.73484100 -0.67824000 0.00000000
vn 0.73483900 -0.67824200 0.00000000
vn 0.73483900 -0.67824200 0.00000000
vn 0.97552400 -0.21989200 0.00000000
vn 0.97552400 -0.21989200 0.00000000
vn 0.97552400 -0.21989300 0.00000000
vn 0.97552400 -0.21989300 0.00000000
vn 0.97552400 -0.21989200 0.00000000
vn 0.97552400 -0.21989300 0.00000000
vn 0.00000700 -0.00000700 1.00000000
vn 0.43535700 0.27519400 0.85716500
vn 0.23944400 0.45599400 0.85716700
vn 0.51462200 0.02063900 0.85716900
vn -0.27515900 0.43536600 0.85717200
vn -0.45598000 0.23944500 0.85717400
vn -0.02061800 0.51462000 0.85717000
vn -0.43535800 -0.27516900 0.85717300
vn -0.23944200 -0.45599700 0.85716700
vn -0.51461800 -0.02062600 0.85717100
vn 0.27516800 -0.43538200 0.85716100
vn 0.45598800 -0.23945500 0.85716800
vn 0.02062600 -0.51463800 0.85716000
vn 0.95477000 0.29734700 0.00000000
vn 0.95477000 0.29734700 0.00000000
vn 0.95477000 0.29734700 0.00000000
vn 0.95477000 0.29734700 0.00000000
vn 0.95477000 0.29734700 0.00000000
vn 0.95477000 0.29734700 0.00000000
vn 0.67820100 0.73487600 0.00000000
vn 0.67820100 0.73487600 0.00000000
vn 0.67820200 0.73487600 0.00000000
vn 0.67820200 0.73487600 0.00000000
vn 0.67820100 0.73487600 0.00000000
vn 0.67820200 0.73487600 0.00000000
vn 0.21993600 0.97551400 0.00000000
vn 0.21993500 0.97551400 0.00000000
vn 0.21993600 0.97551400 0.00000000
vn 0.21993600 0.97551400 0.00000000
vn 0.21993500 0.97551400 0.00000000
vn 0.21993500 0.97551400 0.00000000
vn -0.29726800 0.95479400 0.00000000
vn -0.29726800 0.95479400 0.00000000
vn -0.29726800 0.95479400 0.00000000
vn -0.29726800 0.95479400 0.00000000
vn -0.73483900 0.67824200 0.00000000
vn -0.73483900 0.67824200 0.00000000
vn -0.73483900 0.67824200 0.00000000
vn -0.73483900 0.67824200 0.00000000
vn -0.73483900 0.67824200 0.00000000
vn -0.73483900 0.67824200 0.00000000
vn -0.97552100 0.21990800 0.00000000
vn -0.97552100 0.21990700 0.00000000
vn -0.97552100 0.21990800 0.00000000
vn -0.97552100 0.21990800 0.00000000
vn -0.97552100 0.21990700 0.00000000
vn -0.97552100 0.21990700 0.00000000
vn -0.95479400 -0.29726900 0.00000000
vn -0.95479400 -0.29726900 0.00000000
vn -0.95479400 -0.29726900 0.00000000
vn -0.95479400 -0.29726900 0.00000000
vn -0.95479400 -0.29726900 0.00000000
vn -0.95479400 -0.29726900 0.00000000
vn -0.67820100 -0.73487600 0.00000000
vn -0.67820100 -0.73487600 0.00000000
vn -0.67820100 -0.73487600 0.00000000
vn -0.67820100 -0.73487600 0.00000000
vn -0.21989900 -0.97552300 0.00000000
vn -0.21989900 -0.97552300 0.00000000
vn -0.21990100 -0.97552200 0.00000000
vn -0.21989900 -0.97552300 0.00000000
vn -0.21990100 -0.97552200 0.00000000
vn -0.21990100 -0.97552200 0.00000000
vn 0.29727000 -0.95479300 0.00000000
vn 0.29727000 -0.95479300 0.00000000
vn 0.29726900 -0.95479400 0.00000000
vn 0.29727000 -0.95479300 0.00000000
vn 0.29726900 -0.95479400 0.00000000
vn 0.29726900 -0.95479400 0.00000000
vn 0.73483200 -0.67824900 0.00000000
vn 0.73483200 -0.67824900 0.00000000
vn 0.73483200 -0.67824900 0.00000000
vn 0.73483200 -0.67824900 0.00000000
vn 0.73483200 -0.67824900 0.00000000
vn 0.73483200 -0.67824900 0.00000000
vn 0.97551600 -0.21992900 0.00000000
vn 0.97551600 -0.21992900 0.00000000
vn 0.97551600 -0.21992900 0.00000000
vn 0.97551600 -0.21992900 0.00000000
vn 0.97551600 -0.21992900 0.00000000
vn 0.97551600 -0.21992900 0.00000000
vn -0.00000200 0.00000000 1.00000000
vn 0.43536600 0.27515700 0.85717300
vn 0.23944600 0.45598000 0.85717500
vn 0.51462000 0.02062600 0.85717000
vn -0.27516900 0.43535900 0.85717300
vn -0.45598900 0.23945600 0.85716700
vn -0.02062400 0.51461700 0.85717200
vn -0.43536600 -0.27515700 0.85717300
vn -0.23944300 -0.45598300 0.85717400
vn -0.51462000 -0.02060600 0.85717100
vn 0.27516000 -0.43536500 0.85717200
vn 0.45598200 -0.23944200 0.85717400
vn 0.02062800 -0.51462000 0.85717000
vn 0.95479400 0.29726900 0.00000000
vn 0.95479400 0.29726900 0.00000000
vn 0.95479400 0.29726900 0.00000000
vn 0.95479400 0.29726900 0.00000000
vn 0.95479400 0.29726900 0.00000000
vn 0.95479400 0.29726900 0.00000000
vn 0.67824100 0.73483900 0.00000000
vn 0.67824100 0.73483900 0.00000000
vn 0.67824300 0.73483700 0.00000000
vn 0.67824100 0.73483900 0.00000000
vn 0.67824300 0.73483700 0.00000000
vn 0.67824300 0.73483700 0.00000000
vn 0.21990400 0.97552200 0.00000000
vn 0.21990800 0.97552100 0.00000000
vn 0.21990400 0.97552200 0.00000000
vn 0.21990400 0.97552200 0.00000000
vn 0.21990800 0.97552100 0.00000000
vn 0.21990800 0.97552100 0.00000000
vn -0.29726600 0.95479500 0.00000000
vn -0.29727000 0.95479400 0.00000000
vn -0.29726600 0.95479500 0.00000000
vn -0.29727000 0.95479400 0.00000000
vn -0.29726600 0.95479500 0.00000000
vn -0.29727000 0.95479400 0.00000000
vn -0.73487500 0.67820300 0.00000000
vn -0.73487700 0.67820000 0.00000000
vn -0.73487500 0.67820300 0.00000000
vn -0.73487700 0.67820000 0.00000000
vn -0.73487500 0.67820300 0.00000000
vn -0.73487700 0.67820000 0.00000000
vn -0.97550400 0.21998200 0.00000000
vn -0.97550400 0.21998200 0.00000000
vn -0.97550400 0.21998100 0.00000000
vn -0.97550400 0.21998200 0.00000000
vn -0.97550400 0.21998100 0.00000000
vn -0.97550400 0.21998100 0.00000000
vn -0.95479400 -0.29726700 0.00000000
vn -0.95479400 -0.29726700 0.00000000
vn -0.95479400 -0.29726700 0.00000000
vn -0.95479400 -0.29726700 0.00000000
vn -0.67824100 -0.73483900 0.00000000
vn -0.67824100 -0.73483900 0.00000000
vn -0.67824200 -0.73483900 0.00000000
vn -0.67824100 -0.73483900 0.00000000
vn -0.67824200 -0.73483900 0.00000000
vn -0.67824200 -0.73483900 0.00000000
vn -0.21989400 -0.97552400 0.00000000
vn -0.21989400 -0.97552400 0.00000000
vn -0.21989400 -0.97552400 0.00000000
vn -0.21989400 -0.97552400 0.00000000
vn 0.29727300 -0.95479200 0.00000000
vn 0.29726600 -0.95479500 0.00000000
vn 0.29727300 -0.95479200 0.00000000
vn 0.29727300 -0.95479200 0.00000000
vn 0.29726600 -0.95479500 0.00000000
vn 0.29726600 -0.95479500 0.00000000
vn 0.73483800 -0.67824300 0.00000000
vn 0.73483800 -0.67824300 0.00000000
vn 0.73483800 -0.67824300 0.00000000
vn 0.73483800 -0.67824300 0.00000000
vn 0.73483800 -0.67824300 0.00000000
vn 0.73483800 -0.67824300 0.00000000
vn 0.97552200 -0.21990000 0.00000000
vn 0.97552300 -0.21989800 0.00000000
vn 0.97552200 -0.21990000 0.00000000
vn 0.97552300 -0.21989800 0.00000000
vn 0.97552200 -0.21990000 0.00000000
vn 0.97552300 -0.21989800 0.00000000
vn 0.00000300 -0.00000900 1.00000000
vn 0.43536400 0.27515800 0.85717400
vn 0.23944400 0.45597900 0.85717500
vn 0.51461900 0.02059900 0.85717100
vn -0.27515800 0.43536400 0.85717300
vn -0.45598200 0.23944100 0.85717500
vn -0.02062500 0.51461900 0.85717100
vn -0.43536000 -0.27517000 0.85717100
vn -0.23945800 -0.45599100 0.85716500
vn -0.51462200 -0.02062900 0.85716900
vn 0.27519500 -0.43536300 0.85716200
vn 0.45599600 -0.23947000 0.85715900
vn 0.02062600 -0.51462300 0.85716900
vn 0.95479400 0.29726900 0.00000000
vn 0.95479400 0.29726900 0.00000000
vn 0.95479400 0.29726900 0.00000000
vn 0.95479400 0.29726900 0.00000000
vn 0.95479400 0.29726900 0.00000000
vn 0.95479400 0.29726900 0.00000000
vn 0.67824100 0.73483900 0.00000000
vn 0.67824100 0.73483900 0.00000000
vn 0.67824100 0.73483900 0.00000000
vn 0.67824100 0.73483900 0.00000000
vn 0.21989800 0.97552300 0.00000000
vn 0.21990000 0.97552200 0.00000000
vn 0.21989800 0.97552300 0.00000000
vn 0.21990000 0.97552200 0.00000000
vn 0.21989800 0.97552300 0.00000000
vn 0.21990000 0.97552200 0.00000000
vn -0.29726700 0.95479400 0.00000000
vn -0.29726300 0.95479600 0.00000000
vn -0.29726700 0.95479400 0.00000000
vn -0.29726300 0.95479600 0.00000000
vn -0.29726700 0.95479400 0.00000000
vn -0.29726300 0.95479600 0.00000000
vn -0.73484100 0.67824000 0.00000000
vn -0.73483900 0.67824200 0.00000000
vn -0.73484100 0.67824000 0.00000000
vn -0.73483900 0.67824200 0.00000000
vn -0.73484100 0.67824000 0.00000000
vn -0.73483900 0.67824200 0.00000000
vn -0.97552400 0.21989200 0.00000000
vn -0.97552400 0.21989200 0.00000000
vn -0.97552400 0.21989300 0.00000000
vn -0.97552400 0.21989300 0.00000000
vn -0.97552400 0.21989200 0.00000000
vn -0.97552400 0.21989300 0.00000000
vn -0.95479400 -0.29726900 0.00000000
vn -0.95479400 -0.29726900 0.00000000
vn -0.95479400 -0.29726900 0.00000000
vn -0.95479400 -0.29726900 0.00000000
vn -0.95479400 -0.29726900 0.00000000
vn -0.95479400 -0.29726900 0.00000000
vn -0.67819900 -0.73487900 0.00000000
vn -0.67819900 -0.73487800 0.00000000
vn -0.67819900 -0.73487900 0.00000000
vn -0.67819900 -0.73487900 0.00000000
vn -0.67819900 -0.73487800 0.00000000
vn -0.67819900 -0.73487800 0.00000000
vn -0.21997800 -0.97550500 0.00000000
vn -0.21997500 -0.97550600 0.00000000
vn -0.21997800 -0.97550500 0.00000000
vn -0.21997800 -0.97550500 0.00000000
vn -0.21997500 -0.97550600 0.00000000
vn -0.21997500 -0.97550600 0.00000000
vn 0.29734200 -0.95477100 0.00000000
vn 0.29734500 -0.95477000 0.00000000
vn 0.29734200 -0.95477100 0.00000000
vn 0.29734200 -0.95477100 0.00000000
vn 0.29734500 -0.95477000 0.00000000
vn 0.29734500 -0.95477000 0.00000000
vn 0.73487600 -0.67820100 0.00000000
vn 0.73487600 -0.67820100 0.00000000
vn 0.73487600 -0.67820100 0.00000000
vn 0.73487600 -0.67820100 0.00000000
vn 0.73487600 -0.67820100 0.00000000
vn 0.73487600 -0.67820100 0.00000000
vn 0.97549400 -0.22002700 0.00000000
vn 0.97549400 -0.22002700 0.00000000
vn 0.97549400 -0.22002700 0.00000000
vn 0.97549400 -0.22002700 0.00000000
vn 0.97549400 -0.22002700 0.00000000
vn 0.97549400 -0.22002700 0.00000000
vn -0.00000300 -0.00001800 1.00000000
vn 0.43535100 0.27516700 0.85717700
vn 0.23945000 0.45597600 0.85717500
vn 0.51462100 0.02062900 0.85717000
vn -0.27517200 0.43536000 0.85717100
vn -0.45597000 0.23947000 0.85717300
vn -0.02062700 0.51460200 0.85718100
vn -0.43536400 -0.27519600 0.85716100
vn -0.23945300 -0.45600500 0.85715900
vn -0.51461900 -0.02062500 0.85717100
vn 0.27516900 -0.43538000 0.85716200
vn 0.45599100 -0.23944900 0.85716800
vn 0.02061800 -0.51463800 0.85716000
vn 0.95479400 0.29726900 0.00000000
vn 0.95479400 0.29726900 0.00000000
vn 0.95479400 0.29726900 0.00000000
vn 0.95479400 0.29726900 0.00000000
vn 0.95479400 0.29726900 0.00000000
vn 0.95479400 0.29726900 0.00000000
vn 0.67820100 0.73487600 0.00000000
vn 0.67820100 0.73487600 0.00000000
vn 0.67820100 0.73487600 0.00000000
vn 0.67820100 0.73487600 0.00000000
vn 0.21998100 0.97550400 0.00000000
vn 0.21998100 0.97550400 0.00000000
vn 0.21998100 0.97550400 0.00000000
vn 0.21998100 0.97550400 0.00000000
vn 0.21998100 0.97550400 0.00000000
vn 0.21998100 0.97550400 0.00000000
vn -0.29735600 0.95476700 0.00000000
vn -0.29735600 0.95476700 0.00000000
vn -0.29735600 0.95476700 0.00000000
vn -0.29735600 0.95476700 0.00000000
vn -0.73481900 0.67826300 0.00000000
vn -0.73481900 0.67826300 0.00000000
vn -0.73481900 0.67826300 0.00000000
vn -0.73481900 0.67826300 0.00000000
vn -0.73481900 0.67826300 0.00000000
vn -0.73481900 0.67826300 0.00000000
vn -0.97550500 0.21997500 0.00000000
vn -0.97550500 0.21997500 0.00000000
vn -0.97550500 0.21997500 0.00000000
vn -0.97550500 0.21997500 0.00000000
vn -0.97550500 0.21997500 0.00000000
vn -0.97550500 0.21997500 0.00000000
vn -0.95477000 -0.29734700 0.00000000
vn -0.95477000 -0.29734700 0.00000000
vn -0.95477000 -0.29734700 0.00000000
vn -0.95477000 -0.29734700 0.00000000
vn -0.95477000 -0.29734700 0.00000000
vn -0.95477000 -0.29734700 0.00000000
vn -0.67820100 -0.73487600 0.00000000
vn -0.67820100 -0.73487600 0.00000000
vn -0.67820200 -0.73487600 0.00000000
vn -0.67820100 -0.73487600 0.00000000
vn -0.67820200 -0.73487600 0.00000000
vn -0.67820200 -0.73487600 0.00000000
vn -0.21993600 -0.97551400 0.00000000
vn -0.21993500 -0.97551400 0.00000000
vn -0.21993600 -0.97551400 0.00000000
vn -0.21993500 -0.97551400 0.00000000
vn -0.21993600 -0.97551400 0.00000000
vn -0.21993500 -0.97551400 0.00000000
vn 0.29726800 -0.95479400 0.00000000
vn 0.29726800 -0.95479400 0.00000000
vn 0.29726800 -0.95479400 0.00000000
vn 0.29726800 -0.95479400 0.00000000
vn 0.73483900 -0.67824200 0.00000000
vn 0.73483900 -0.67824200 0.00000000
vn 0.73483900 -0.67824200 0.00000000
vn 0.73483900 -0.67824200 0.00000000
vn 0.73483900 -0.67824200 0.00000000
vn 0.73483900 -0.67824200 0.00000000
vn 0.97552100 -0.21990800 0.00000000
vn 0.97552100 -0.21990700 0.00000000
vn 0.97552100 -0.21990800 0.00000000
vn 0.97552100 -0.21990800 0.00000000
vn 0.97552100 -0.21990700 0.00000000
vn 0.97552100 -0.21990700 0.00000000
vn 0.00000600 0.00000300 1.00000000
vn 0.43536900 0.27518400 0.85716300
vn 0.23945400 0.45599000 0.85716700
vn 0.51462000 0.02062600 0.85717000
vn -0.27516000 0.43536500 0.85717200
vn -0.45598200 0.23944200 0.85717400
vn -0.02061900 0.51461900 0.85717100
vn -0.43536600 -0.27515700 0.85717300
vn -0.23944600 -0.45598000 0.85717500
vn -0.51462000 -0.02062600 0.85717000
vn 0.27516900 -0.43535900 0.85717300
vn 0.45598900 -0.23945600 0.85716700
vn 0.02062400 -0.51461700 0.85717200
vn 0.95476700 0.29735400 0.00000000
vn 0.95476700 0.29735400 0.00000000
vn 0.95476700 0.29735400 0.00000000
vn 0.95476700 0.29735400 0.00000000
vn 0.95476700 0.29735400 0.00000000
vn 0.95476700 0.29735400 0.00000000
vn 0.67824100 0.73484000 0.00000000
vn 0.67824100 0.73484000 0.00000000
vn 0.67824100 0.73484000 0.00000000
vn 0.67824100 0.73484000 0.00000000
vn 0.21993000 0.97551600 0.00000000
vn 0.21993100 0.97551500 0.00000000
vn 0.21993000 0.97551600 0.00000000
vn 0.21993100 0.97551500 0.00000000
vn 0.21993000 0.97551600 0.00000000
vn 0.21993100 0.97551500 0.00000000
vn -0.29727300 0.95479200 0.00000000
vn -0.29727300 0.95479200 0.00000000
vn -0.29726600 0.95479500 0.00000000
vn -0.29727300 0.95479200 0.00000000
vn -0.29726600 0.95479500 0.00000000
vn -0.29726600 0.95479500 0.00000000
vn -0.73483800 0.67824300 0.00000000
vn -0.73483800 0.67824300 0.00000000
vn -0.73483800 0.67824300 0.00000000
vn -0.73483800 0.67824300 0.00000000
vn -0.73483800 0.67824300 0.00000000
vn -0.73483800 0.67824300 0.00000000
vn -0.97552200 0.21990000 0.00000000
vn -0.97552200 0.21990000 0.00000000
vn -0.97552300 0.21989800 0.00000000
vn -0.97552200 0.21990000 0.00000000
vn -0.97552300 0.21989800 0.00000000
vn -0.97552300 0.21989800 0.00000000
vn -0.95479400 -0.29726900 0.00000000
vn -0.95479400 -0.29726900 0.00000000
vn -0.95479400 -0.29726900 0.00000000
vn -0.95479400 -0.29726900 0.00000000
vn -0.95479400 -0.29726900 0.00000000
vn -0.95479400 -0.29726900 0.00000000
vn -0.67824100 -0.73483900 0.00000000
vn -0.67824300 -0.73483700 0.00000000
vn -0.67824100 -0.73483900 0.00000000
vn -0.67824100 -0.73483900 0.00000000
vn -0.67824300 -0.73483700 0.00000000
vn -0.67824300 -0.73483700 0.00000000
vn -0.21990400 -0.97552200 0.00000000
vn -0.21990800 -0.97552100 0.00000000
vn -0.21990400 -0.97552200 0.00000000
vn -0.21990400 -0.97552200 0.00000000
vn -0.21990800 -0.97552100 0.00000000
vn -0.21990800 -0.97552100 0.00000000
vn 0.29726600 -0.95479500 0.00000000
vn 0.29727000 -0.95479400 0.00000000
vn 0.29726600 -0.95479500 0.00000000
vn 0.29727000 -0.95479400 0.00000000
vn 0.29726600 -0.95479500 0.00000000
vn 0.29727000 -0.95479400 0.00000000
vn 0.73487500 -0.67820300 0.00000000
vn 0.73487700 -0.67820000 0.00000000
vn 0.73487500 -0.67820300 0.00000000
vn 0.73487700 -0.67820000 0.00000000
vn 0.73487500 -0.67820300 0.00000000
vn 0.73487700 -0.67820000 0.00000000
vn 0.97550400 -0.21998200 0.00000000
vn 0.97550400 -0.21998200 0.00000000
vn 0.97550400 -0.21998100 0.00000000
vn 0.97550400 -0.21998100 0.00000000
vn 0.97550400 -0.21998200 0.00000000
vn 0.97550400 -0.21998100 0.00000000
vn -0.00000300 -0.00000100 -1.00000000
vn -0.45599700 0.23946000 -0.85716100
vn -0.27517500 0.43536400 -0.85716800
vn -0.51463000 -0.02060500 -0.85716500
vn 0.23943500 0.45599400 -0.85717000
vn 0.43535800 0.27517100 -0.85717200
vn -0.02062900 0.51462800 -0.85716500
vn 0.45597800 -0.23946400 -0.85717100
vn 0.27517600 -0.43538200 -0.85715900
vn 0.51462600 0.02062200 -0.85716700
vn -0.23944800 -0.45598700 -0.85717000
vn -0.43537100 -0.27516000 -0.85716900
vn 0.02064600 -0.51462500 -0.85716700
vn -0.97550500 0.21997700 0.00000000
vn -0.97550500 0.21997600 0.00000000
vn -0.97550500 0.21997700 0.00000000
vn -0.97550500 0.21997600 0.00000000
vn -0.97550500 0.21997700 0.00000000
vn -0.97550500 0.21997600 0.00000000
vn -0.73487900 0.67819900 0.00000000
vn -0.73487900 0.67819900 0.00000000
vn -0.73487900 0.67819900 0.00000000
vn -0.73487900 0.67819900 0.00000000
vn -0.29726700 0.95479500 0.00000000
vn -0.29726700 0.95479500 0.00000000
vn -0.29727000 0.95479300 0.00000000
vn -0.29726700 0.95479500 0.00000000
vn -0.29727000 0.95479300 0.00000000
vn -0.29727000 0.95479300 0.00000000
vn 0.21989200 0.97552400 0.00000000
vn 0.21989500 0.97552400 0.00000000
vn 0.21989200 0.97552400 0.00000000
vn 0.21989200 0.97552400 0.00000000
vn 0.21989500 0.97552400 0.00000000
vn 0.21989500 0.97552400 0.00000000
vn 0.67820000 0.73487700 0.00000000
vn 0.67820000 0.73487700 0.00000000
vn 0.67820000 0.73487700 0.00000000
vn 0.67820000 0.73487700 0.00000000
vn 0.67820000 0.73487700 0.00000000
vn 0.67820000 0.73487700 0.00000000
vn 0.95479800 0.29725600 0.00000000
vn 0.95479800 0.29725500 0.00000000
vn 0.95479800 0.29725600 0.00000000
vn 0.95479800 0.29725500 0.00000000
vn 0.95479800 0.29725600 0.00000000
vn 0.95479800 0.29725500 0.00000000
vn 0.97552300 -0.21989700 0.00000000
vn 0.97552300 -0.21989700 0.00000000
vn 0.97552200 -0.21990000 0.00000000
vn 0.97552300 -0.21989700 0.00000000
vn 0.97552200 -0.21990000 0.00000000
vn 0.97552200 -0.21990000 0.00000000
vn 0.73479000 -0.67829500 0.00000000
vn 0.73479000 -0.67829500 0.00000000
vn 0.73479000 -0.67829500 0.00000000
vn 0.73479000 -0.67829500 0.00000000
vn 0.29735200 -0.95476800 0.00000000
vn 0.29735900 -0.95476600 0.00000000
vn 0.29735200 -0.95476800 0.00000000
vn 0.29735200 -0.95476800 0.00000000
vn 0.29735900 -0.95476600 0.00000000
vn 0.29735900 -0.95476600 0.00000000
vn -0.21990500 -0.97552100 0.00000000
vn -0.21990800 -0.97552100 0.00000000
vn -0.21990500 -0.97552100 0.00000000
vn -0.21990800 -0.97552100 0.00000000
vn -0.21990500 -0.97552100 0.00000000
vn -0.21990800 -0.97552100 0.00000000
vn -0.67823900 -0.73484100 0.00000000
vn -0.67824300 -0.73483800 0.00000000
vn -0.67823900 -0.73484100 0.00000000
vn -0.67823900 -0.73484100 0.00000000
vn -0.67824300 -0.73483800 0.00000000
vn -0.67824300 -0.73483800 0.00000000
vn -0.95479800 -0.29725500 0.00000000
vn -0.95479800 -0.29725400 0.00000000
vn -0.95479800 -0.29725500 0.00000000
vn -0.95479800 -0.29725500 0.00000000
vn -0.95479800 -0.29725400 0.00000000
vn -0.95479800 -0.29725400 0.00000000
vn -0.00001100 -0.00000400 -1.00000000
vn -0.45600300 0.23944400 -0.85716200
vn -0.27517300 0.43536400 -0.85716900
vn -0.51464300 -0.02062700 -0.85715600
vn 0.23943700 0.45599100 -0.85717100
vn 0.43535600 0.27517300 -0.85717300
vn -0.02062500 0.51462600 -0.85716700
vn 0.45599400 -0.23943800 -0.85716900
vn 0.27517200 -0.43535900 -0.85717100
vn 0.51462600 0.02062700 -0.85716700
vn -0.23945100 -0.45599800 -0.85716300
vn -0.43538600 -0.27517100 -0.85715800
vn 0.02063100 -0.51463100 -0.85716400
vn -0.97552300 0.21989900 0.00000000
vn -0.97552200 0.21990100 0.00000000
vn -0.97552300 0.21989900 0.00000000
vn -0.97552300 0.21989900 0.00000000
vn -0.97552200 0.21990100 0.00000000
vn -0.97552200 0.21990100 0.00000000
vn -0.73487800 0.67819900 0.00000000
vn -0.73487800 0.67819900 0.00000000
vn -0.73487600 0.67820200 0.00000000
vn -0.73487600 0.67820200 0.00000000
vn -0.73487800 0.67819900 0.00000000
vn -0.73487600 0.67820200 0.00000000
vn -0.29726600 0.95479500 0.00000000
vn -0.29727000 0.95479300 0.00000000
vn -0.29726600 0.95479500 0.00000000
vn -0.29726600 0.95479500 0.00000000
vn -0.29727000 0.95479300 0.00000000
vn -0.29727000 0.95479300 0.00000000
vn 0.21990500 0.97552100 0.00000000
vn 0.21990800 0.97552100 0.00000000
vn 0.21990500 0.97552100 0.00000000
vn 0.21990800 0.97552100 0.00000000
vn 0.21990500 0.97552100 0.00000000
vn 0.21990800 0.97552100 0.00000000
vn 0.67820100 0.73487700 0.00000000
vn 0.67820100 0.73487700 0.00000000
vn 0.67820200 0.73487500 0.00000000
vn 0.67820100 0.73487700 0.00000000
vn 0.67820200 0.73487500 0.00000000
vn 0.67820200 0.73487500 0.00000000
vn 0.95479700 0.29725800 0.00000000
vn 0.95479700 0.29725800 0.00000000
vn 0.95479700 0.29725800 0.00000000
vn 0.95479700 0.29725800 0.00000000
vn 0.95479700 0.29725800 0.00000000
vn 0.95479700 0.29725800 0.00000000
vn 0.97552300 -0.21989900 0.00000000
vn 0.97552300 -0.21989800 0.00000000
vn 0.97552300 -0.21989900 0.00000000
vn 0.97552300 -0.21989900 0.00000000
vn 0.97552300 -0.21989800 0.00000000
vn 0.97552300 -0.21989800 0.00000000
vn 0.73487600 -0.67820200 0.00000000
vn 0.73487600 -0.67820200 0.00000000
vn 0.73487600 -0.67820200 0.00000000
vn 0.73487600 -0.67820200 0.00000000
vn 0.73487600 -0.67820200 0.00000000
vn 0.73487600 -0.67820200 0.00000000
vn 0.29727000 -0.95479400 0.00000000
vn 0.29726600 -0.95479500 0.00000000
vn 0.29727000 -0.95479400 0.00000000
vn 0.29726600 -0.95479500 0.00000000
vn 0.29727000 -0.95479400 0.00000000
vn 0.29726600 -0.95479500 0.00000000
vn -0.21989200 -0.97552400 0.00000000
vn -0.21989200 -0.97552400 0.00000000
vn -0.21989500 -0.97552300 0.00000000
vn -0.21989500 -0.97552300 0.00000000
vn -0.21989200 -0.97552400 0.00000000
vn -0.21989500 -0.97552300 0.00000000
vn -0.67824900 -0.73483200 0.00000000
vn -0.67824900 -0.73483200 0.00000000
vn -0.67824900 -0.73483200 0.00000000
vn -0.67824900 -0.73483200 0.00000000
vn -0.95479400 -0.29726900 0.00000000
vn -0.95479400 -0.29726900 0.00000000
vn -0.95479400 -0.29726900 0.00000000
vn -0.95479400 -0.29726900 0.00000000
vn 0.00000100 -0.00000000 -1.00000000
vn -0.45598500 0.23944900 -0.85717100
vn -0.27516200 0.43537200 -0.85716800
vn -0.51462400 -0.02062500 -0.85716800
vn 0.23943600 0.45599300 -0.85717000
vn 0.43535900 0.27517200 -0.85717100
vn -0.02062700 0.51462600 -0.85716700
vn 0.45598700 -0.23944700 -0.85717000
vn 0.27516200 -0.43537200 -0.85716800
vn 0.51462700 0.02062600 -0.85716600
vn -0.23944700 -0.45598500 -0.85717100
vn -0.43536900 -0.27516100 -0.85717000
vn 0.02062600 -0.51462600 -0.85716600
vn -0.97552100 0.21990700 0.00000000
vn -0.97552100 0.21990700 0.00000000
vn -0.97552100 0.21990700 0.00000000
vn -0.97552100 0.21990700 0.00000000
vn -0.73483900 0.67824200 0.00000000
vn -0.73483900 0.67824200 0.00000000
vn -0.73483900 0.67824200 0.00000000
vn -0.73483900 0.67824200 0.00000000
vn -0.73483900 0.67824200 0.00000000
vn -0.73483900 0.67824200 0.00000000
vn -0.29726900 0.95479400 0.00000000
vn -0.29726900 0.95479400 0.00000000
vn -0.29726900 0.95479400 0.00000000
vn -0.29726900 0.95479400 0.00000000
vn -0.29726900 0.95479400 0.00000000
vn -0.29726900 0.95479400 0.00000000
vn 0.21990000 0.97552200 0.00000000
vn 0.21989900 0.97552300 0.00000000
vn 0.21990000 0.97552200 0.00000000
vn 0.21990000 0.97552200 0.00000000
vn 0.21989900 0.97552300 0.00000000
vn 0.21989900 0.97552300 0.00000000
vn 0.67820300 0.73487500 0.00000000
vn 0.67820300 0.73487500 0.00000000
vn 0.67820200 0.73487600 0.00000000
vn 0.67820300 0.73487500 0.00000000
vn 0.67820200 0.73487600 0.00000000
vn 0.67820200 0.73487600 0.00000000
vn 0.95479600 0.29726100 0.00000000
vn 0.95479600 0.29726100 0.00000000
vn 0.95479600 0.29726100 0.00000000
vn 0.95479600 0.29726100 0.00000000
vn 0.95479600 0.29726100 0.00000000
vn 0.95479600 0.29726100 0.00000000
vn 0.97552400 -0.21989400 0.00000000
vn 0.97552400 -0.21989400 0.00000000
vn 0.97552400 -0.21989400 0.00000000
vn 0.97552400 -0.21989400 0.00000000
vn 0.73483800 -0.67824200 0.00000000
vn 0.73483800 -0.67824200 0.00000000
vn 0.73483900 -0.67824200 0.00000000
vn 0.73483900 -0.67824200 0.00000000
vn 0.73483800 -0.67824200 0.00000000
vn 0.73483900 -0.67824200 0.00000000
vn 0.29726700 -0.95479400 0.00000000
vn 0.29726700 -0.95479400 0.00000000
vn 0.29726700 -0.95479400 0.00000000
vn 0.29726700 -0.95479400 0.00000000
vn 0.29726700 -0.95479400 0.00000000
vn 0.29726700 -0.95479400 0.00000000
vn -0.21989900 -0.97552300 0.00000000
vn -0.21990000 -0.97552200 0.00000000
vn -0.21989900 -0.97552300 0.00000000
vn -0.21989900 -0.97552300 0.00000000
vn -0.21990000 -0.97552200 0.00000000
vn -0.21990000 -0.97552200 0.00000000
vn -0.67824100 -0.73484000 0.00000000
vn -0.67824100 -0.73483900 0.00000000
vn -0.67824100 -0.73484000 0.00000000
vn -0.67824100 -0.73484000 0.00000000
vn -0.67824100 -0.73483900 0.00000000
vn -0.67824100 -0.73483900 0.00000000
vn -0.95479400 -0.29726700 0.00000000
vn -0.95479400 -0.29726700 0.00000000
vn -0.95479400 -0.29726700 0.00000000
vn -0.95479400 -0.29726700 0.00000000
vn -0.95479400 -0.29726700 0.00000000
vn -0.95479400 -0.29726700 0.00000000
vn 0.00000000 0.00000000 -1.00000000
vn -0.00000000 0.00000100 -1.00000000
vn -0.00000000 0.00000100 -1.00000000
vn 0.00000000 0.00000000 -1.00000000
vn 0.00000000 0.00000000 -1.00000000
vn -0.00000000 0.00000100 -1.00000000
vn 0.00000000 -0.00000100 -1.00000000
vn 0.00000000 -0.00000100 -1.00000000
vn 0.00000000 0.00000000 -1.00000000
vn 0.00000000 -0.00000100 -1.00000000
vn 0.00000000 0.00000000 -1.00000000
vn 0.00000000 0.00000000 -1.00000000
vn 0.00000000 0.00000000 -1.00000000
vn 0.00000000 0.00000000 -1.00000000
vn 0.00000000 0.00000000 -1.00000000
vn -0.00000000 0.00000100 -1.00000000
vn 0.00000000 0.00000000 -1.00000000
vn -0.00000000 0.00000100 -1.00000000
vn 0.00000000 0.00000000 -1.00000000
vn 0.00000000 0.00000000 -1.00000000
vn -0.00000000 0.00000100 -1.00000000
vn -0.00000000 0.00000100 -1.00000000
vn 0.00000000 0.00000000 -1.00000000
vn 0.00000000 -0.00000200 -1.00000000
vn 0.00000000 0.00000000 -1.00000000
vn -0.00000000 0.00000100 -1.00000000
vn 0.00000000 -0.00000200 -1.00000000
vn -0.00000100 0.00000300 -1.00000000
vn -0.00000000 0.00000100 -1.00000000
vn 0.00000000 -0.00000200 -1.00000000
vn 0.00000000 -0.00000200 -1.00000000
vn -0.00000100 0.00000300 -1.00000000
vn -0.00000100 0.00000300 -1.00000000
vn 0.00000000 -0.00000200 -1.00000000
vn 0.00000000 0.00000000 -1.00000000
vn 0.00000000 0.00000000 -1.00000000
vn 0.00000000 -0.00000200 -1.00000000
vn 0.00000000 0.00000000 -1.00000000
vn 0.00000000 0.00000000 -1.00000000
vn 0.00000100 -0.00000400 -1.00000000
vn -0.00000100 0.00000500 -1.00000000
vn 0.00000000 0.00000000 -1.00000000
vn 0.00000100 -0.00000400 -1.00000000
vn 0.00000000 0.00000000 -1.00000000
vn -0.00000100 0.00000500 -1.00000000
vn 0.00000100 -0.00000400 -1.00000000
vn -0.00000100 0.00000500 -1.00000000
vn 0.00000000 0.00000000 -1.00000000
vn 0.00000000 0.00000000 -1.00000000
vn 0.00000100 -0.00000400 -1.00000000
vn 0.00000100 -0.00000400 -1.00000000
vn 0.00000000 0.00000000 -1.00000000
vn 0.00000000 0.00000000 -1.00000000
vn 0.00000100 -0.00000400 -1.00000000
vn 0.00000000 0.00000000 -1.00000000
vn 0.00000200 -0.00000800 -1.00000000
vn 0.00000000 0.00000000 -1.00000000
vn 0.00000200 -0.00000800 -1.00000000
vn 0.00000000 0.00000000 -1.00000000
vn 0.00000000 0.00000000 -1.00000000
vn 0.00000200 -0.00000800 -1.00000000
vn -0.00000100 0.00000400 -1.00000000
vn -0.00000100 0.00000400 -1.00000000
vn 0.00000000 0.00000000 -1.00000000
vn 0.00000000 0.00000000 -1.00000000
vn -0.00000100 0.00000400 -1.00000000
vn 0.00000100 -0.00000400 -1.00000000
vn 0.00000000 0.00000000 -1.00000000
vn 0.00000100 -0.00000400 -1.00000000
vn 0.00000100 -0.00000400 -1.00000000
vn 0.00000000 0.00000000 -1.00000000
vn 0.00000000 0.00000000 -1.00000000
vn 0.00000000 0.00000000 -1.00000000
vn 0.00000000 0.00000000 -1.00000000
vn 0.00000000 0.00000000 -1.00000000
vn 0.00000000 0.00000000 -1.00000000
vn 0.00000000 0.00000000 -1.00000000
vn 0.00000000 0.00000000 -1.00000000
vn 0.00000000 0.00000000 -1.00000000
vn 0.00000000 0.00000000 -1.00000000
vn 0.00000000 0.00000000 -1.00000000
vn 0.00000000 -0.00000100 -1.00000000
vn 0.00000000 -0.00000100 -1.00000000
vn 0.00000000 0.00000000 -1.00000000
vn 0.00000000 0.00000000 -1.00000000
vn 0.00000000 -0.00000100 -1.00000000
vn 0.00000000 0.00000000 -1.00000000
vn 0.00000000 0.00000000 -1.00000000
vn -0.00000000 0.00000100 -1.00000000
vn 0.00000000 0.00000000 -1.00000000
vn 0.00000000 0.00000000 -1.00000000
vn -0.00000000 0.00000100 -1.00000000
vn -0.00000000 0.00000100 -1.00000000
vn 0.00000000 0.00000000 -1.00000000
vn 0.00000000 0.00000000 -1.00000000
vn 0.00000000 0.00000000 -1.00000000
vn 0.00000000 0.00000000 -1.00000000
vn 0.00000000 0.00000000 -1.00000000
vn 0.00000000 0.00000000 -1.00000000
vn 0.00000000 0.00000000 -1.00000000
vn 0.00000000 0.00000000 -1.00000000
vn 0.00000000 0.00000000 -1.00000000
vn 0.00000000 0.00000000 -1.00000000
vn 0.00000000 0.00000000 -1.00000000
vn 0.00000000 0.00000000 -1.00000000
vn 0.00000200 -0.00000800 -1.00000000
vn 0.00000000 0.00000000 -1.00000000
vn 0.00000000 0.00000000 -1.00000000
vn 0.00000200 -0.00000800 -1.00000000
vn 0.00000200 -0.00001100 -1.00000000
vn 0.00000200 -0.00000800 -1.00000000
vn 0.00000200 -0.00000800 -1.00000000
vn 0.00000200 -0.00001100 -1.00000000
vn 0.00000200 -0.00001100 -1.00000000
vn -0.00000200 0.00001100 -1.00000000
vn 0.00000200 -0.00000800 -1.00000000
vn 0.00000200 -0.00000800 -1.00000000
vn 0.00000000 0.00000000 -1.00000000
vn -0.00000200 0.00001100 -1.00000000
vn -0.00000200 0.00001100 -1.00000000
vn 0.00000000 0.00000000 -1.00000000
vn -0.00000200 0.00001100 -1.00000000
vn -0.00000200 0.00001100 -1.00000000
vn 0.00000000 0.00000000 -1.00000000
vn -0.00000200 0.00001100 -1.00000000
vn -0.00000200 0.00001200 -1.00000000
vn 0.00000000 0.00000000 -1.00000000
vn 0.00000000 0.00000000 -1.00000000
vn -0.00000200 0.00001200 -1.00000000
vn -0.00000200 0.00001200 -1.00000000
vn 0.00000000 0.00000000 -1.00000000
vn 0.00000000 0.00000000 -1.00000000
vn 0.00000000 0.00000000 -1.00000000
vn -0.99544200 -0.09536500 0.00000000
vn -0.99542400 -0.09555700 0.00000400
vn -0.99542400 -0.09555700 0.00000000
vn -0.99216100 0.12496600 0.00000000
vn -0.97247800 0.23299600 0.00000000
vn -0.97252000 0.23281900 0.00000000
vn -0.99216100 0.12496400 0.00000000
vn -0.89783800 0.44032600 0.00000000
vn -0.84419200 0.53604100 0.00000000
vn -0.84414000 0.53612200 0.00000000
vn -0.89783800 0.44032600 0.00000000
vn -0.70619400 0.70801900 0.00000000
vn -0.62431100 0.78117600 0.00000000
vn -0.62444800 0.78106600 0.00000000
vn -0.70619400 0.70801900 0.00000000
vn -0.43806500 0.89894300 0.00000000
vn -0.33693900 0.94152600 0.00000000
vn -0.33685700 0.94155600 0.00000000
vn -0.43806300 0.89894400 0.00000000
vn -0.12241700 0.99247900 0.00000000
vn -0.01284700 0.99991700 0.00000000
vn -0.01304200 0.99991500 0.00000000
vn -0.12241800 0.99247900 0.00000000
vn 0.20646100 0.97845500 0.00000000
vn 0.31241400 0.94994600 0.00000000
vn 0.31253800 0.94990500 0.00000000
vn 0.20645800 0.97845500 0.00000000
vn 0.51299200 0.85839300 0.00000000
vn 0.60401200 0.79697500 0.00000000
vn 0.60386900 0.79708300 0.00000000
vn 0.51298800 0.85839600 0.00000000
vn 0.76389700 0.64533800 0.00000000
vn 0.83008000 0.55764400 0.00000000
vn 0.83000100 0.55776200 0.00000000
vn 0.76389700 0.64533800 0.00000000
vn 0.93205900 0.36230600 0.00000000
vn 0.96616700 0.25791800 0.00000000
vn 0.96611700 0.25810300 0.00000000
vn 0.93205900 0.36230700 0.00000000
vn 0.99919800 0.04005200 0.00000000
vn 0.99757400 -0.06961200 0.00000000
vn 0.99756200 -0.06978100 0.00000000
vn 0.99919800 0.04005300 0.00000000
vn 0.95806000 -0.28656700 0.00000000
vn 0.92085800 -0.38989900 0.00000000
vn 0.92093400 -0.38971800 0.00000000
vn 0.95806000 -0.28656700 0.00000000
vn 0.81310700 -0.58211400 0.00000000
vn 0.74438900 -0.66774700 0.00000000
vn 0.74446900 -0.66765700 0.00000000
vn 0.81310700 -0.58211400 0.00000000
vn 0.58003100 -0.81459400 0.00000000
vn 0.48729000 -0.87324000 0.00000000
vn 0.38743700 -0.92189600 0.00000000
vn 0.17732100 -0.98415300 -0.00002700
vn 0.06712200 -0.99774500 0.00002100
vn -0.15188500 -0.98839800 0.00000000
vn -0.15177300 -0.98841500 0.00000000
vn -0.04257000 -0.99909300 0.00000000
vn -0.36471500 -0.93111900 0.00000000
vn -0.46461300 -0.88551400 0.00000000
vn -0.46444700 -0.88560100 0.00000000
vn -0.36471500 -0.93111900 0.00000000
vn -0.64727300 -0.76225800 0.00000000
vn -0.72695800 -0.68668200 0.00000000
vn -0.72682300 -0.68682500 0.00000000
vn -0.64727300 -0.76225800 0.00000000
vn -0.85970200 -0.51079600 0.00000000
vn -0.91049600 -0.41351700 0.00000000
vn -0.93205500 -0.36231800 -0.00000100
vn -0.97898200 -0.20394500 0.00000000
vn -0.97898200 -0.20394500 0.00000000
vn 0.00000000 -0.00000100 -1.00000000
vn 0.00000000 0.00000000 -1.00000000
vn 0.00000000 0.00000000 -1.00000000
vn -0.00000000 0.00000000 -1.00000000
vn 0.00000000 -0.00000000 -1.00000000
vn -0.00000000 0.00000100 -1.00000000
vn 0.00000000 -0.00000100 -1.00000000
vn -0.00000000 0.00000200 -1.00000000
vn -0.00000000 0.00000100 -1.00000000
vn -0.00000000 0.00000200 -1.00000000
vn 0.00000000 -0.00000200 -1.00000000
vn -0.00000000 0.00000100 -1.00000000
vn 0.00000000 0.00000000 -1.00000000
vn 0.00000000 0.00000000 -1.00000000
vn 0.00000000 0.00000000 -1.00000000
vn -0.00000000 0.00000200 -1.00000000
vn 0.00000000 -0.00000100 -1.00000000
vn -0.00000000 0.00000200 -1.00000000
vn -0.00000000 0.00000100 -1.00000000
vn -0.00000000 0.00000000 -1.00000000
vn -0.00000000 0.00000000 -1.00000000
vn 0.00000000 0.00000000 -1.00000000
vn 0.00000000 0.00000000 -1.00000000
vn -0.00000000 0.00000200 -1.00000000
vn 0.00000000 0.00000000 -1.00000000
vn 0.00000000 -0.00000000 -1.00000000
vn 0.00000000 0.00000000 -1.00000000
vn 0.00000000 -0.00000000 -1.00000000
vn -0.00000000 0.00000100 -1.00000000
vn 0.00000000 0.00000000 -1.00000000
vn -0.00000000 0.00000100 -1.00000000
vn 0.00000000 -0.00000200 -1.00000000
vn 0.00000000 0.00000000 -1.00000000
vn 0.00000000 -0.00000200 -1.00000000
vn -0.00000000 0.00000200 -1.00000000
vn 0.00000000 0.00000000 -1.00000000
vn 0.00000000 0.00000000 -1.00000000
vn 0.00000000 0.00000000 -1.00000000
vn -0.00000000 0.00000100 -1.00000000
vn -0.00000000 0.00000100 -1.00000000
vn 0.00000000 0.00000000 -1.00000000
vn 0.00000000 0.00000000 -1.00000000
vn -0.00000000 0.00000100 -1.00000000
vn 0.00000000 0.00000000 -1.00000000
vn 0.00000000 0.00000000 -1.00000000
vn 0.00000000 0.00000000 -1.00000000
vn 0.00000000 0.00000000 -1.00000000
vn 0.00000000 0.00000000 -1.00000000
vn 0.00000000 0.00000000 -1.00000000
vn 0.00000000 0.00000000 -1.00000000
vn 0.00000000 0.00000000 -1.00000000
vn 0.00000000 0.00000000 -1.00000000
vn 0.00000000 0.00000000 -1.00000000
vn 0.00000000 0.00000000 -1.00000000
vn 0.00000000 -0.00000000 -1.00000000
vn 0.00000000 -0.00000000 -1.00000000
vn 0.00000000 0.00000000 -1.00000000
vn 0.00000000 -0.00000000 -1.00000000
vn 0.00000000 0.00000000 -1.00000000
vn -0.00000000 0.00000100 -1.00000000
vn 0.00000000 0.00000000 -1.00000000
vn 0.00000000 0.00000000 -1.00000000
vn -0.00000000 0.00000100 -1.00000000
vn 0.00000000 0.00000000 -1.00000000
vn -0.00000100 0.00000400 -1.00000000
vn -0.00000000 0.00000100 -1.00000000
vn -0.00000100 0.00000400 -1.00000000
vn 0.00000000 0.00000000 -1.00000000
vn 0.00000100 -0.00000800 -1.00000000
vn -0.00000100 0.00000400 -1.00000000
vn -0.00000100 0.00000700 -1.00000000
vn 0.00000100 -0.00000800 -1.00000000
vn -0.00000100 0.00000700 -1.00000000
vn 0.00000100 -0.00000800 -1.00000000
vn 0.00000100 -0.00000800 -1.00000000
vn 0.00000000 0.00000000 -1.00000000
vn -0.00000100 0.00000700 -1.00000000
vn 0.00000100 -0.00000800 -1.00000000
vn 0.00000100 -0.00000800 -1.00000000
vn 0.00000300 -0.00001500 -1.00000000
vn 0.00000000 0.00000000 -1.00000000
vn 0.00000000 0.00000000 -1.00000000
vn 0.00000300 -0.00001500 -1.00000000
vn 0.00000300 -0.00001500 -1.00000000
vn 0.00000000 0.00000000 -1.00000000
vn 0.00000000 0.00000000 -1.00000000
vn 0.00000000 0.00000000 -1.00000000
vn 0.00000000 0.00000000 -1.00000000
vn -0.00000300 0.00001500 -1.00000000
vn -0.00000300 0.00001500 -1.00000000
vn 0.00000000 0.00000000 -1.00000000
vn 0.00000300 -0.00001500 -1.00000000
vn 0.00000000 0.00000000 -1.00000000
vn -0.00000300 0.00001500 -1.00000000
vn 0.00000300 -0.00001500 -1.00000000
vn 0.00000300 -0.00001500 -1.00000000
vn 0.00000000 0.00000000 -1.00000000
vn 0.00000000 0.00000000 -1.00000000
vn 0.00000000 0.00000000 -1.00000000
vn 0.00000000 0.00000000 -1.00000000
vn 0.00000300 -0.00001500 -1.00000000
vn -0.00000300 0.00001500 -1.00000000
vn 0.00000000 0.00000000 -1.00000000
vn 0.00000300 -0.00001500 -1.00000000
vn 0.00000300 -0.00001500 -1.00000000
vn -0.00000300 0.00001500 -1.00000000
vn 0.00000000 0.00000000 -1.00000000
vn -0.00000300 0.00001500 -1.00000000
vn 0.00000000 0.00000000 -1.00000000
vn 0.00000000 0.00000000 -1.00000000
vn 0.00000000 0.00000000 -1.00000000
vn 0.00000000 0.00000000 -1.00000000
vn 0.00000000 0.00000000 -1.00000000
vn 0.00000000 0.00000000 -1.00000000
vn 0.00000000 0.00000000 -1.00000000
vn 0.00000000 0.00000000 -1.00000000
vn 0.00000000 0.00000000 -1.00000000
vn 0.00000000 0.00000000 -1.00000000
vn 0.00000000 0.00000000 -1.00000000
vn 0.00000000 0.00000000 -1.00000000
vn 0.00000000 0.00000000 -1.00000000
vn -0.00000000 0.00000000 -1.00000000
vn -0.00000000 0.00000000 -1.00000000
vn 0.00000000 0.00000000 -1.00000000
vn 0.00000000 0.00000000 -1.00000000
vn -0.00000000 0.00000000 -1.00000000
vn 0.00000000 0.00000000 -1.00000000
vn 0.00000000 -0.00000100 -1.00000000
vn 0.00000000 -0.00000100 -1.00000000
vn 0.00000000 0.00000000 -1.00000000
vn 0.00000000 -0.00000100 -1.00000000
vn 0.00000000 0.00000000 -1.00000000
vn 0.00000100 -0.00000400 -1.00000000
vn 0.00000100 -0.00000400 -1.00000000
vn 0.00000000 0.00000000 -1.00000000
vn 0.00000000 0.00000000 -1.00000000
vn 0.00000100 -0.00000400 -1.00000000
vn 0.00000000 0.00000000 -1.00000000
vn 0.00000000 0.00000000 -1.00000000
vn -0.00000100 0.00000700 -1.00000000
vn 0.00000000 0.00000000 -1.00000000
vn -0.00000100 0.00000700 -1.00000000
vn 0.00000000 0.00000000 -1.00000000
vn -0.00000100 0.00000700 -1.00000000
vn 0.00000300 -0.00001500 -1.00000000
vn 0.00000300 -0.00001500 -1.00000000
vn 0.00000000 0.00000000 -1.00000000
vn 0.00000300 -0.00001500 -1.00000000
vn 0.00000000 0.00000000 -1.00000000
vn 0.00000000 0.00000000 -1.00000000
vn 0.00000300 -0.00001500 -1.00000000
vn 0.00000000 0.00000000 -1.00000000
vn -0.00000300 0.00001500 -1.00000000
vn 0.00000000 0.00000000 -1.00000000
vn 0.00000300 -0.00001500 -1.00000000
vn 0.00000300 -0.00001500 -1.00000000
vn 0.00000000 0.00000000 -1.00000000
vn -0.00000300 0.00001500 -1.00000000
vn 0.00000000 0.00000000 -1.00000000
vn -0.00000300 0.00001500 -1.00000000
vn 0.00000000 0.00000000 -1.00000000
vn -0.00000300 0.00001500 -1.00000000
vn 0.00000300 -0.00001500 -1.00000000
vn -0.00000300 0.00001500 -1.00000000
vn 0.00000000 0.00000000 -1.00000000
vn -0.00000300 0.00001500 -1.00000000
vn 0.00000300 -0.00001500 -1.00000000
vn 0.00000000 0.00000000 -1.00000000
vn 0.00000000 0.00000000 -1.00000000
vn 0.00000300 -0.00001500 -1.00000000
vn 0.00000300 -0.00001500 -1.00000000
vn 0.00000000 0.00000000 -1.00000000
vn 0.00000300 -0.00001500 -1.00000000
vn 0.00000300 -0.00001500 -1.00000000
vn 0.00000000 0.00000000 -1.00000000
vn 0.00000000 0.00000000 -1.00000000
vn -0.00000000 0.00000100 -1.00000000
vn -0.00000000 0.00000200 -1.00000000
vn -0.00000000 0.00000200 -1.00000000
vn -0.00000000 0.00000100 -1.00000000
vn -0.00000000 0.00000200 -1.00000000
vn 0.00000000 0.00000000 -1.00000000
vn 0.00000000 -0.00000200 -1.00000000
vn 0.00000000 0.00000000 -1.00000000
vn -0.00000000 0.00000100 -1.00000000
vn 0.00000000 0.00000000 -1.00000000
vn 0.00000000 -0.00000200 -1.00000000
vn -0.00000000 0.00000200 -1.00000000
vn 0.00000000 0.00000000 -1.00000000
vn 0.00000000 -0.00000200 -1.00000000
vn 0.00000000 0.00000000 -1.00000000
vn -0.00000000 0.00000200 -1.00000000
vn 0.00000000 0.00000000 -1.00000000
vn 0.00000000 0.00000000 -1.00000000
vn -0.00000000 0.00000200 -1.00000000
vn 0.00000000 0.00000000 -1.00000000
vn 0.00000000 0.00000000 -1.00000000
vn 0.00000000 0.00000000 -1.00000000
vn 0.00000000 0.00000000 -1.00000000
vn -0.00000000 0.00000100 -1.00000000
vn -0.00000000 0.00000100 -1.00000000
vn 0.00000000 -0.00000100 -1.00000000
vn 0.00000000 0.00000000 -1.00000000
vn -0.00000000 0.00000000 -1.00000000
vn 0.00000000 -0.00000100 -1.00000000
vn -0.00000000 0.00000100 -1.00000000
vn 0.00000000 0.00000000 -1.00000000
vn -0.00000000 0.00000000 -1.00000000
vn 0.00000000 -0.00000100 -1.00000000
vn 0.00000000 0.00000000 -1.00000000
vn 0.00000000 -0.00000100 -1.00000000
vn -0.00000000 0.00000000 -1.00000000
vn -0.00000000 0.00000100 -1.00000000
vn 0.00000000 -0.00000100 -1.00000000
vn 0.00000000 0.00000000 -1.00000000
vn 0.00000000 0.00000000 -1.00000000
vn 0.00000000 -0.00000100 -1.00000000
vn -0.00000000 0.00000100 -1.00000000
vn 0.00000000 0.00000000 -1.00000000
vn -0.00000000 0.00000000 -1.00000000
vn -0.00000000 0.00000100 -1.00000000
vn 0.00000000 0.00000000 -1.00000000
vn -0.00000000 0.00000000 -1.00000000
vn 0.00000000 -0.00000200 -1.00000000
vn -0.00000000 0.00000000 -1.00000000
vn 0.00000000 0.00000000 -1.00000000
vn 0.00000000 -0.00000200 -1.00000000
vn 0.00000000 0.00000000 -1.00000000
vn 0.00000000 -0.00000200 -1.00000000
vn 0.00000000 0.00000000 -1.00000000
vn 0.00000000 0.00000000 -1.00000000
vn 0.00000000 0.00000000 -1.00000000
vn 0.00000000 0.00000000 -1.00000000
vn 0.00000000 0.00000000 -1.00000000
vn 0.00000000 0.00000000 -1.00000000
vn 0.00000000 0.00000000 -1.00000000
vn -0.00000000 0.00000100 -1.00000000
vn -0.00000000 0.00000100 -1.00000000
vn 0.00000000 0.00000000 -1.00000000
vn -0.00000000 0.00000100 -1.00000000
vn 0.00000000 -0.00000200 -1.00000000
vn 0.00000000 0.00000000 -1.00000000
vn 0.00000000 0.00000000 -1.00000000
vn 0.00000000 -0.00000200 -1.00000000
vn 0.00000000 -0.00000200 -1.00000000
vn 0.00000000 0.00000000 -1.00000000
vn 0.00000000 -0.00000200 -1.00000000
vn 0.00000000 -0.00000200 -1.00000000
vn 0.00000000 0.00000000 -1.00000000
vn 0.00000000 -0.00000200 -1.00000000
vn 0.00000000 0.00000000 -1.00000000
vn 0.00000000 0.00000000 -1.00000000
vn 0.00000100 -0.00000400 -1.00000000
vn -0.00000100 0.00000400 -1.00000000
vn 0.00000100 -0.00000400 -1.00000000
vn 0.00000000 0.00000000 -1.00000000
vn -0.00000100 0.00000400 -1.00000000
vn 0.00000100 -0.00000400 -1.00000000
vn 0.00000000 0.00000000 -1.00000000
vn -0.00000100 0.00000400 -1.00000000
vn 0.00000000 -0.00000200 -1.00000000
vn 0.00000000 0.00000000 -1.00000000
vn 0.00000000 -0.00000200 -1.00000000
vn -0.00000100 0.00000400 -1.00000000
vn 0.00000000 0.00000000 -1.00000000
vn 0.00000000 -0.00000200 -1.00000000
vn 0.00000000 -0.00000100 -1.00000000
vn -0.00000100 0.00000400 -1.00000000
vn -0.00000100 0.00000400 -1.00000000
vn 0.00000000 -0.00000100 -1.00000000
vn 0.00000000 -0.00000200 -1.00000000
vn 0.00000000 -0.00000100 -1.00000000
vn 0.00000000 -0.00000200 -1.00000000
vn 0.00000000 -0.00000100 -1.00000000
vn 0.00000000 0.00000000 -1.00000000
vn 0.00000000 -0.00000100 -1.00000000
vn 0.00000000 -0.00000200 -1.00000000
vn 0.00000000 0.00000000 -1.00000000
vn -0.00000000 0.00000100 -1.00000000
vn 0.00000000 -0.00000100 -1.00000000
vn 0.00000000 0.00000000 -1.00000000
vn -0.00000000 0.00000100 -1.00000000
vn -0.00000000 0.00000100 -1.00000000
vn 0.00000000 -0.00000200 -1.00000000
vn 0.00000000 0.00000000 -1.00000000
vn 0.00000000 0.00000000 -1.00000000
vn 0.00000000 -0.00000200 -1.00000000
vn 0.00000000 0.00000000 -1.00000000
vn 0.00000000 0.00000000 -1.00000000
vn 0.00000000 -0.00000200 -1.00000000
vn 0.00000000 0.00000000 -1.00000000
vn 0.00000000 0.00000000 -1.00000000
vn 0.00000000 0.00000000 -1.00000000
vn 0.00000000 -0.00000100 -1.00000000
vn 0.00000000 0.00000000 -1.00000000
vn 0.00000000 0.00000000 -1.00000000
vn 0.00000000 -0.00000100 -1.00000000
vn -0.00000000 0.00000100 -1.00000000
vn 0.00000000 -0.00000100 -1.00000000
vn -0.00000000 0.00000100 -1.00000000
vn 0.00000000 -0.00000000 -1.00000000
vn 0.00000000 -0.00000000 -1.00000000
vn -0.00000000 0.00000100 -1.00000000
vn 0.00000000 0.00000000 -1.00000000
vn -0.00000000 0.00000100 -1.00000000
vn 0.00000000 0.00000000 -1.00000000
vn 0.00000000 -0.00000000 -1.00000000
vn 0.00000000 -0.00000100 -1.00000000
vn 0.00000000 0.00000000 -1.00000000
vn -0.00000000 0.00000100 -1.00000000
vn -0.00000000 0.00000100 -1.00000000
vn 0.00000000 -0.00000100 -1.00000000
vn 0.00000000 0.00000000 -1.00000000
vn 0.00000000 -0.00000100 -1.00000000
vn 0.00000000 0.00000000 -1.00000000
vn 0.00000000 -0.00000000 -1.00000000
vn 0.00000000 -0.00000000 -1.00000000
vn -0.00000000 0.00000200 -1.00000000
vn 0.00000000 0.00000000 -1.00000000
vn 0.00000000 -0.00000000 -1.00000000
vn 0.00000000 0.00000000 -1.00000000
vn -0.00000000 0.00000200 -1.00000000
vn -0.00000000 0.00000200 -1.00000000
vn 0.00000000 0.00000000 -1.00000000
vn 0.00000000 0.00000000 -1.00000000
vn 0.00000000 0.00000000 -1.00000000
vn 0.00000000 0.00000000 -1.00000000
vn 0.00000000 0.00000000 -1.00000000
vn 0.00000000 0.00000000 -1.00000000
vn 0.00000000 0.00000000 -1.00000000
vn 0.00000000 0.00000000 -1.00000000
vn 0.00000000 -0.00000100 -1.00000000
vn 0.00000000 -0.00000100 -1.00000000
vn 0.00000000 0.00000000 -1.00000000
vn 0.00000000 -0.00000100 -1.00000000
vn -0.00000000 0.00000200 -1.00000000
vn 0.00000000 0.00000000 -1.00000000
vn -0.00000000 0.00000200 -1.00000000
vn 0.00000000 0.00000000 -1.00000000
vn -0.00000000 0.00000200 -1.00000000
vn 0.00000000 0.00000000 -1.00000000
vn -0.00000000 0.00000200 -1.00000000
vn -0.00000000 0.00000200 -1.00000000
vn 0.00000000 0.00000000 -1.00000000
vn 0.00000000 0.00000000 -1.00000000
vn -0.00000000 0.00000200 -1.00000000
vn -0.00000100 0.00000400 -1.00000000
vn 0.00000000 0.00000000 -1.00000000
vn 0.00000100 -0.00000400 -1.00000000
vn -0.00000100 0.00000400 -1.00000000
vn 0.00000000 0.00000000 -1.00000000
vn 0.00000100 -0.00000400 -1.00000000
vn 0.00000100 -0.00000400 -1.00000000
vn -0.00000100 0.00000400 -1.00000000
vn -0.00000000 0.00000200 -1.00000000
vn 0.00000100 -0.00000400 -1.00000000
vn 0.00000100 -0.00000400 -1.00000000
vn 0.00000000 0.00000000 -1.00000000
vn -0.00000000 0.00000200 -1.00000000
vn 0.00000100 -0.00000400 -1.00000000
vn 0.00000000 0.00000000 -1.00000000
vn -0.00000000 0.00000200 -1.00000000
vn -0.00000000 0.00000200 -1.00000000
vn 0.00000000 0.00000000 -1.00000000
vn -0.00000000 0.00000200 -1.00000000
vn -0.00000000 0.00000200 -1.00000000
vn -0.99771200 -0.06760100 -0.00001100
vn -0.98423300 -0.17687800 0.00000000
vn -0.97297700 -0.23090100 0.00000000
vn -0.94169900 -0.33645600 0.00000000
vn -0.92170600 -0.38789000 -0.00001100
vn -0.87347800 -0.48686400 0.00000000
vn -0.84529100 -0.53430600 -0.00001100
vn -0.78142500 -0.62399900 0.00000000
vn -0.74581400 -0.66615400 0.00000000
vn -0.66806100 -0.74410700 0.00000000
vn -0.62599700 -0.77982600 0.00000000
vn -0.53646900 -0.84392000 0.00001300
vn -0.48910000 -0.87222800 0.00000000
vn -0.39025000 -0.92070900 0.00000000
vn -0.33886700 -0.94083400 0.00000000
vn -0.23338400 -0.97238500 0.00000000
vn -0.17939000 -0.98377800 0.00000000
vn -0.07016000 -0.99753600 0.00000000
vn -0.01502700 -0.99988700 -0.00001100
vn 0.09498600 -0.99547900 0.00001300
vn 0.14975400 -0.98872300 -0.00001200
vn 0.25755500 -0.96626400 0.00000000
vn 0.31046400 -0.95058500 0.00000000
vn 0.41308100 -0.91069400 0.00000000
vn 0.46268800 -0.88652100 0.00000000
vn 0.55733800 -0.83028600 0.00000000
vn 0.60228900 -0.79827800 0.00000000
vn 0.68639200 -0.72723100 0.00001100
vn 0.72546200 -0.68826200 0.00000000
vn 0.79673000 -0.60433500 0.00001100
vn 0.82885300 -0.55946700 -0.00001300
vn 0.88533700 -0.46495000 0.00000000
vn 0.90963600 -0.41540600 0.00000000
vn 0.94979100 -0.31288400 -0.00000100
vn 0.96560400 -0.26001600 0.00000000
vn 0.98833600 -0.15229200 0.00000000
vn 0.99523100 -0.09754200 -0.00001100
vn 0.99992200 0.01246200 0.00001000
vn 0.99771200 0.06760100 -0.00001100
vn 0.98423300 0.17687700 0.00000000
vn 0.97297800 0.23090000 -0.00001000
vn 0.94169900 0.33645700 0.00000000
vn 0.92170500 0.38789100 0.00000000
vn 0.87347700 0.48686600 0.00001000
vn 0.84529000 0.53430800 -0.00001000
vn 0.78142200 0.62400300 0.00001100
vn 0.74581100 0.66615800 0.00000100
vn 0.66806100 0.74410600 0.00001100
vn 0.62599800 0.77982500 0.00000000
vn 0.53647500 0.84391700 0.00000000
vn 0.48910500 0.87222500 0.00000000
vn 0.39025400 0.92070700 0.00000000
vn 0.33887200 0.94083300 0.00000000
vn 0.23339400 0.97238200 0.00001100
vn 0.17939900 0.98377600 0.00000000
vn 0.07014900 0.99753700 0.00000000
vn 0.01501500 0.99988700 0.00000000
vn -0.09499500 0.99547800 0.00001000
vn -0.14976300 0.98872200 0.00000000
vn -0.25754700 0.96626600 0.00000000
vn -0.31045600 0.95058800 0.00000000
vn -0.41308100 0.91069400 0.00001300
vn -0.46268800 0.88652100 -0.00001300
vn -0.55733800 0.83028600 0.00001100
vn -0.60228900 0.79827800 0.00000000
vn -0.68639200 0.72723100 0.00000000
vn -0.72546200 0.68826200 -0.00001300
vn -0.79673000 0.60433500 -0.00001100
vn -0.82885300 0.55946700 -0.00001300
vn -0.88533700 0.46495000 0.00000000
vn -0.90963600 0.41540600 0.00000000
vn -0.94979100 0.31288400 0.00001000
vn -0.96560400 0.26001600 0.00000000
vn -0.98833600 0.15229200 0.00000000
vn -0.99523100 0.09754200 0.00000000
vn -0.99992200 -0.01246200 -0.00000100
vn 0.63016800 0.32379500 0.70572300
vn 0.56286300 0.43029600 0.70571200
vn 0.38386100 0.59552000 0.70569500
vn 0.27231400 0.65409900 0.70569100
vn 0.03466200 0.70766500 0.70569800
vn -0.09120100 0.70262000 0.70569600
vn -0.32382400 0.63018700 0.70569300
vn -0.43028900 0.56289300 0.70569300
vn -0.59551000 0.38386400 0.70570300
vn -0.65408600 0.27230200 0.70570700
vn -0.70765500 0.03465300 0.70570700
vn -0.70262100 -0.09119000 0.70569700
vn -0.63021000 -0.32377600 0.70569400
vn -0.56288200 -0.43029100 0.70570100
vn -0.38385400 -0.59552200 0.70569800
vn -0.27232700 -0.65408000 0.70570300
vn -0.03468400 -0.70766200 0.70569900
vn 0.09121700 -0.70262000 0.70569400
vn 0.32379300 -0.63019800 0.70569700
vn 0.43029000 -0.56288400 0.70570000
vn 0.59551100 -0.38385700 0.70570600
vn 0.62601500 -0.32878700 0.70711000
vn 0.70765200 -0.03475600 0.70570600
vn 0.70764700 -0.03465500 0.70571600
vn 0.70158800 -0.15815600 0.69481000
vn 0.70259000 0.09122100 0.70572300
vn 0.63017800 0.32378600 0.70571800
vn 0.56287300 0.43028400 0.70571300
vn 0.38385200 0.59551700 0.70570300
vn 0.27233300 0.65407300 0.70570700
vn 0.03467400 0.70763500 0.70572700
vn -0.09122000 0.70258400 0.70573000
vn -0.32381700 0.63017300 0.70570800
vn -0.43030900 0.56288100 0.70569000
vn -0.59551900 0.38385300 0.70570100
vn -0.65407100 0.27233600 0.70570900
vn -0.70765300 0.03471400 0.70570600
vn -0.70261600 -0.09119500 0.70570100
vn -0.63020100 -0.32379300 0.70569500
vn -0.56289200 -0.43027900 0.70570000
vn -0.38387700 -0.59550400 0.70570100
vn -0.27232500 -0.65408400 0.70570000
vn -0.03466500 -0.70766300 0.70569900
vn 0.09120900 -0.70261600 0.70569900
vn 0.32381100 -0.63018700 0.70569900
vn 0.43031100 -0.56287700 0.70569200
vn 0.59552300 -0.38385700 0.70569500
vn 0.65409200 -0.27230200 0.70570100
vn 0.70765000 -0.03468300 0.70571100
vn 0.70259300 0.09118900 0.70572500
vn 0.63017200 0.32381000 0.70571300
vn 0.56285800 0.43029900 0.70571500
vn 0.38386200 0.59550200 0.70571000
vn 0.27230900 0.65407200 0.70571800
vn 0.03466500 0.70762900 0.70573300
vn -0.09121000 0.70258300 0.70573300
vn -0.32381700 0.63016400 0.70571700
vn -0.43029400 0.56288100 0.70570000
vn -0.59550900 0.38385700 0.70570800
vn -0.65407900 0.27230000 0.70571500
vn -0.70763900 0.03468000 0.70572300
vn -0.70259300 -0.09121400 0.70572200
vn -0.63018200 -0.32377300 0.70572100
vn -0.56285400 -0.43028600 0.70572600
vn -0.38382900 -0.59549000 0.70573900
vn -0.27231300 -0.65405500 0.70573200
vn -0.03464500 -0.70764500 0.70571800
vn 0.09122300 -0.70261700 0.70569600
vn 0.32380400 -0.63019000 0.70569900
vn 0.43027900 -0.56289700 0.70569700
vn 0.59550700 -0.38385600 0.70571000
vn 0.65408700 -0.27230500 0.70570500
vn 0.70765700 -0.03467100 0.70570500
vn 0.70260800 0.09122300 0.70570600
vn -0.40918000 0.66020900 0.62983800
vn -0.39154200 0.68023400 0.61965800
vn -0.31965500 0.66065500 0.67923200
vn -0.33354700 0.63885700 0.69325900
vn -0.28871400 0.64569200 0.70691300
vn -0.25662500 0.66015500 0.70593100
vn -0.18211100 0.68338300 0.70698100
vn -0.18214400 0.68337600 0.70698000
vn -0.14446000 0.69338600 0.70593800
vn -0.10590800 0.69924800 0.70699000
vn -0.06718300 0.70402700 0.70698900
vn 0.01062000 0.70715300 0.70698100
vn 0.04960500 0.70550200 0.70696900
vn 0.12687300 0.69577100 0.70697000
vn 0.16506000 0.68771700 0.70696600
vn 0.23966100 0.66540700 0.70696300
vn 0.27600500 0.65116900 0.70696500
vn 0.34591100 0.61687500 0.70697300
vn 0.37940500 0.59685600 0.70697600
vn 0.44273300 0.55152500 0.70697100
vn 0.47248000 0.52626300 0.70697200
vn 0.50140700 0.50014200 0.70600900
vn 0.55262600 0.44135500 0.70697300
vn 0.55269800 0.44125700 0.70697800
vn 0.57689000 0.41078100 0.70601500
vn 0.57693800 0.41080600 0.70596100
vn 0.61777400 0.34431200 0.70696900
vn 0.61774600 0.34436900 0.70696600
vn 0.63669300 0.31025700 0.70594800
vn 0.65186900 0.27433000 0.70697200
vn 0.66600400 0.23796400 0.70697400
vn 0.67911800 0.20123000 0.70590800
vn 0.69609900 0.12506400 0.70696900
vn 0.69608700 0.12513000 0.70697000
vn 0.70297500 0.08671800 0.70590800
vn 0.70563000 0.04781300 0.70696600
vn 0.70719200 0.00882000 0.70696700
vn 0.70387400 -0.06898500 0.70696700
vn 0.69899200 -0.10770200 0.70697300
vn 0.69302300 -0.14623200 0.70592900
vn 0.67173000 -0.22128700 0.70697300
vn 0.67171200 -0.22131600 0.70698100
vn 0.65948700 -0.25830600 0.70594200
vn 0.65949000 -0.25829900 0.70594200
vn 0.62611700 -0.32885700 0.70698700
vn 0.62613300 -0.32882400 0.70698800
vn 0.60796700 -0.36332900 0.70595200
vn 0.60796700 -0.36331400 0.70596000
vn 0.56347600 -0.42740000 0.70698300
vn 0.56345700 -0.42742200 0.70698400
vn 0.53985600 -0.45841800 0.70598100
vn 0.53988500 -0.45845500 0.70593400
vn 0.48545900 -0.51435300 0.70694400
vn 0.48541500 -0.51439400 0.70694500
vn 0.45707700 -0.54105600 0.70593200
vn 0.42598900 -0.56460700 0.70693200
vn 0.39419000 -0.58724500 0.70693600
vn 0.32723800 -0.62700200 0.70695400
vn 0.29214900 -0.64408000 0.70697200
vn 0.21956700 -0.67229500 0.70697200
vn 0.18215100 -0.68337100 0.70698300
vn 0.10591300 -0.69924800 0.70699000
vn 0.06718900 -0.70402500 0.70699000
vn -0.01063000 -0.70715300 0.70698100
vn -0.04961800 -0.70550000 0.70697100
vn -0.12687700 -0.69577300 0.70696600
vn -0.16505000 -0.68772300 0.70696200
vn -0.23966100 -0.66540800 0.70696200
vn -0.27600400 -0.65116700 0.70696800
vn -0.34591000 -0.61687400 0.70697500
vn -0.37940800 -0.59686200 0.70697000
vn -0.41239700 -0.57606800 0.70574400
vn -0.47245700 -0.52629500 0.70696400
vn -0.47250600 -0.52625300 0.70696200
vn -0.50143900 -0.50016200 0.70597200
vn -0.52747300 -0.47113400 0.70696900
vn -0.55264900 -0.44132400 0.70697400
vn -0.57693800 -0.41080600 0.70596100
vn -0.61775300 -0.34437300 0.70695800
vn -0.61780200 -0.34427300 0.70696300
vn -0.63669300 -0.31025700 0.70594800
vn -0.65187700 -0.27434100 0.70696100
vn -0.66601700 -0.23796000 0.70696300
vn -0.68813600 -0.16329900 0.70696700
vn -0.69609200 -0.12509800 0.70696900
vn -0.70562900 -0.04781300 0.70696700
vn -0.70719000 -0.00882000 0.70696900
vn -0.70386700 0.06898100 0.70697400
vn -0.69899300 0.10770000 0.70697300
vn -0.68291800 0.18390000 0.70696800
vn -0.67173900 0.22128500 0.70696500
vn -0.64333900 0.29378300 0.70697000
vn -0.62615700 0.32883300 0.70696300
vn -0.58621800 0.39568200 0.70695400
vn -0.56350500 0.42741800 0.70694800
vn -0.51309300 0.48677800 0.70695300
vn -0.48545800 0.51432300 0.70696700
vn -0.43758500 0.55596200 0.70670000
vn -0.43757100 0.55597400 0.70670000
vn -0.45712100 0.54113000 0.70584600
vn -0.40670600 0.64187800 0.65006400
vn -0.70557500 -0.04891800 -0.70694500
vn -0.69514600 -0.13039000 -0.70694400
vn -0.68635800 -0.17069200 -0.70694900
vn -0.66193200 -0.24911800 -0.70695500
vn -0.64627400 -0.28727700 -0.70696600
vn -0.60858400 -0.36030700 -0.70696900
vn -0.58656500 -0.39514300 -0.70696700
vn -0.53679500 -0.46049600 -0.70696100
vn -0.50905000 -0.49100600 -0.70695200
vn -0.44870000 -0.54671300 -0.70694700
vn -0.41605900 -0.57194700 -0.70694500
vn -0.34694900 -0.61632000 -0.70694800
vn -0.31041800 -0.63550000 -0.70695200
vn -0.23464700 -0.66720300 -0.70695200
vn -0.19535400 -0.67974500 -0.70695400
vn -0.11522000 -0.69780900 -0.70695600
vn -0.07433800 -0.70332200 -0.70697400
vn 0.00770100 -0.70718400 -0.70698800
vn 0.04891700 -0.70552800 -0.70699200
vn 0.13038400 -0.69511000 -0.70698100
vn 0.17069100 -0.68633900 -0.70696800
vn 0.24911400 -0.66192300 -0.70696500
vn 0.28727900 -0.64628300 -0.70695700
vn 0.36028500 -0.60861700 -0.70695100
vn 0.39515000 -0.58658200 -0.70694900
vn 0.46049000 -0.53681300 -0.70695200
vn 0.49100500 -0.50905200 -0.70695100
vn 0.54672000 -0.44869300 -0.70694500
vn 0.57194900 -0.41606300 -0.70694100
vn 0.61633000 -0.34695100 -0.70693900
vn 0.63550400 -0.31041900 -0.70694800
vn 0.66719900 -0.23464800 -0.70695500
vn 0.67973700 -0.19535500 -0.70696100
vn 0.69780700 -0.11522400 -0.70695700
vn 0.70334400 -0.07434500 -0.70695100
vn 0.70722100 0.00770300 -0.70695100
vn 0.70557200 0.04891800 -0.70694800
vn 0.69514500 0.13038900 -0.70694600
vn 0.68635700 0.17069200 -0.70695000
vn 0.66193300 0.24911900 -0.70695400
vn 0.64627800 0.28727800 -0.70696200
vn 0.60861000 0.36026900 -0.70696500
vn 0.58656600 0.39514700 -0.70696500
vn 0.53680400 0.46048900 -0.70695900
vn 0.50904100 0.49100100 -0.70696200
vn 0.44868500 0.54669200 -0.70697200
vn 0.41604600 0.57193100 -0.70696600
vn 0.34694700 0.61631600 -0.70695300
vn 0.31042000 0.63550300 -0.70694800
vn 0.23464600 0.66720000 -0.70695500
vn 0.19535200 0.67973900 -0.70696000
vn 0.11522000 0.69780900 -0.70695600
vn 0.07434100 0.70334500 -0.70695100
vn -0.00770300 0.70722300 -0.70694900
vn -0.04891800 0.70556500 -0.70695500
vn -0.13038800 0.69512800 -0.70696300
vn -0.17069100 0.68633800 -0.70696900
vn -0.24912000 0.66192100 -0.70696500
vn -0.28728800 0.64627900 -0.70695800
vn -0.36027100 0.60862400 -0.70695200
vn -0.39514700 0.58657700 -0.70695600
vn -0.46048500 0.53680100 -0.70696400
vn -0.49099800 0.50903800 -0.70696700
vn -0.54669200 0.44869700 -0.70696500
vn -0.57192600 0.41605500 -0.70696400
vn -0.61630700 0.34694000 -0.70696500
vn -0.63548900 0.31041000 -0.70696500
vn -0.66719500 0.23463600 -0.70696300
vn -0.67973700 0.19534500 -0.70696400
vn -0.69780700 0.11518500 -0.70696400
vn -0.70333600 0.07435200 -0.70695900
vn -0.70721900 -0.00770200 -0.70695200
vn -0.24786900 0.67123400 -0.69857500
vn -0.33565600 0.64174500 -0.68956400
vn -0.36120600 0.61568500 -0.70033000
vn -0.38511700 0.59339500 -0.70680100
vn -0.44652700 0.54849000 -0.70694600
vn -0.47858500 0.52076400 -0.70693800
vn -0.53730100 0.45994600 -0.70693500
vn -0.56388200 0.42694700 -0.70693200
vn -0.61079200 0.35661500 -0.70693600
vn -0.63105100 0.31939600 -0.70693800
vn -0.66465700 0.24181400 -0.70693500
vn -0.67793800 0.20158800 -0.70693900
vn -0.69714300 0.11926100 -0.70694300
vn -0.70303200 0.07730200 -0.70694500
vn -0.70723600 -0.00714000 -0.70694200
vn -0.70554100 -0.04947400 -0.70694000
vn -0.69459100 -0.13330400 -0.70694600
vn -0.68535700 -0.17466300 -0.70695000
vn -0.65962200 -0.25518700 -0.70695100
vn -0.64315700 -0.29423000 -0.70694900
vn -0.60346100 -0.36885700 -0.70695100
vn -0.58028900 -0.40434300 -0.70694500
vn -0.52789800 -0.47070300 -0.70693800
vn -0.49876400 -0.50146900 -0.70693900
vn -0.43537800 -0.55738200 -0.70694500
vn -0.40120800 -0.58244900 -0.70695500
vn -0.32884200 -0.62615600 -0.70695900
vn -0.29071700 -0.64475200 -0.70695000
vn -0.21175400 -0.67483200 -0.70693900
vn -0.17097000 -0.68630000 -0.70693800
vn -0.08785700 -0.70178500 -0.70695100
vn -0.04568200 -0.70577600 -0.70696000
vn 0.03885800 -0.70618600 -0.70695900
vn 0.08108500 -0.70260100 -0.70694900
vn 0.16433800 -0.68791400 -0.70694200
vn 0.20523900 -0.67684600 -0.70693500
vn 0.28452300 -0.64752200 -0.70693800
vn 0.32278800 -0.62931800 -0.70694200
vn 0.39558200 -0.58630000 -0.70694200
vn 0.42997700 -0.56157000 -0.70693700
vn 0.49394000 -0.50623500 -0.70692900
vn 0.52334100 -0.47577200 -0.70693300
vn 0.57636000 -0.40992300 -0.70694500
vn 0.59985700 -0.37465900 -0.70696700
vn 0.64026200 -0.30041300 -0.70697700
vn 0.65711100 -0.26154200 -0.70696600
vn 0.68364500 -0.18126900 -0.70694500
vn 0.69329200 -0.13999800 -0.70692800
vn 0.70503600 -0.05629000 -0.70693400
vn 0.70713100 -0.01396900 -0.70694400
vn 0.70374100 0.07050200 -0.70695000
vn 0.69825800 0.11252500 -0.70694700
vn 0.67984900 0.19503300 -0.70694300
vn 0.66695100 0.23539200 -0.70694200
vn 0.63408800 0.31329900 -0.70694800
vn 0.61418500 0.35069000 -0.70696100
vn 0.56795500 0.42146100 -0.70696300
vn 0.54170400 0.45472400 -0.70695400
vn 0.48358100 0.51611700 -0.70694600
vn 0.45181600 0.54415500 -0.70693500
vn 0.38365600 0.59417700 -0.70693800
vn 0.34738600 0.61607200 -0.70695000
vn 0.27138900 0.65311200 -0.70696000
vn 0.23180100 0.66818800 -0.70696100
vn 0.15041200 0.69108400 -0.70695100
vn 0.10875800 0.69886100 -0.70694100
vn 0.02458900 0.70684500 -0.70694100
vn -0.01776700 0.70703900 -0.70695200
vn -0.10200700 0.69985400 -0.70696400
vn -0.14373300 0.69248500 -0.70696900
vn -0.24522300 0.66310300 -0.70722000
vn 0.99190800 0.12696100 0.00000000
vn 0.98889700 0.14854600 0.00401400
vn 0.99983700 -0.01803600 0.00000000
vn 0.99708700 -0.07627600 0.00001700
vn 0.62883600 -0.77753800 0.00000000
vn 0.58248900 -0.81283800 0.00001100
vn 0.48423600 -0.87493700 -0.00001400
vn 0.43250500 -0.90163100 -0.00001100
vn -0.35893600 -0.93336200 0.00000000
vn -0.41272300 -0.91085700 0.00000000
vn -0.51554400 -0.85686300 -0.00001400
vn -0.56460400 -0.82536200 0.00001000
vn -0.98778600 -0.15581400 0.00000000
vn -0.99518400 -0.09802700 0.00000000
vn -0.99983700 0.01803600 -0.00001100
vn -0.99708700 0.07627600 0.00000000
vn -0.62886100 0.77751800 0.00000000
vn -0.58248000 0.81284500 0.00000000
vn -0.48427400 0.87491600 -0.00001300
vn -0.43250300 0.90163300 0.00000000
vn 0.35893600 0.93336200 -0.00001400
vn 0.41272300 0.91085700 0.00000000
vn 0.51554600 0.85686200 0.00000000
vn 0.58837400 0.80857100 0.00534300
vn 0.00000000 0.00000000 1.00000000
vn 0.00000000 -0.00000000 1.00000000
vn 0.00000000 -0.00000100 1.00000000
vn 0.00000000 -0.00000000 1.00000000
vn 0.00000000 -0.00000000 1.00000000
vn 0.00000000 -0.00000000 1.00000000
vn -0.00000100 0.00000700 1.00000000
vn -0.00000000 0.00000100 1.00000000
vn 0.00000000 -0.00000000 1.00000000
vn 0.00000000 -0.00000000 1.00000000
vn 0.00000000 -0.00000000 1.00000000
vn 0.00000000 0.00000000 1.00000000
vn 0.00000000 0.00000000 1.00000000
vn 0.00000000 -0.00000200 1.00000000
vn 0.00000000 0.00000000 1.00000000
vn -0.00000100 0.00000700 1.00000000
vn -0.00000000 0.00000100 1.00000000
vn 0.00000000 0.00000000 1.00000000
vn 0.00000000 0.00000000 1.00000000
vn 0.00000000 0.00000000 1.00000000
vn 0.00000000 -0.00000000 1.00000000
vn 0.00000000 -0.00000000 1.00000000
vn 0.00000000 0.00000000 1.00000000
vn 0.00000000 0.00000000 1.00000000
vn -0.00000000 0.00000000 1.00000000
vn 0.00000000 0.00000000 1.00000000
vn -0.00000000 0.00000000 1.00000000
vn 0.00000000 0.00000000 1.00000000
vn 0.00000000 0.00000000 1.00000000
vn -0.00000000 0.00000000 1.00000000
vn 0.00000000 0.00000000 1.00000000
vn 0.00000400 -0.00002200 1.00000000
vn 0.00000000 -0.00000200 1.00000000
vn 0.00000400 -0.00002200 1.00000000
vn 0.00000000 -0.00000200 1.00000000
vn 0.00000400 -0.00002200 1.00000000
vn 0.00000000 0.00000000 1.00000000
vn 0.00000000 0.00000000 1.00000000
vn 0.00000000 0.00000000 1.00000000
vn 0.00000000 0.00000000 1.00000000
vn -0.00000100 0.00000700 1.00000000
vn 0.00000000 -0.00000000 1.00000000
vn 0.00000000 -0.00000000 1.00000000
vn 0.00000000 -0.00000000 1.00000000
vn 0.00000000 -0.00000100 1.00000000
vn 0.00000000 0.00000000 1.00000000
vn -0.00000000 0.00000100 1.00000000
vn 0.00000000 -0.00000100 1.00000000
vn 0.69922500 0.71488100 0.00534200
vn 0.84527700 0.53426600 0.00813700
vn 0.84527900 0.53432500 0.00000000
vn 0.94574500 0.32486500 0.00533700
vn -0.26989600 0.96288900 0.00000000
vn -0.15529100 0.98786900 0.00000000
vn 0.07573500 0.99712800 -0.00002000
vn 0.19193200 0.98140800 0.00000000
vn -0.69894500 -0.71517500 0.00000000
vn -0.77788000 -0.62841300 0.00002200
vn -0.90140500 -0.43297600 0.00000000
vn -0.94588900 -0.32449100 0.00000000
vn 0.26989600 -0.96288900 0.00000000
vn 0.15529000 -0.98786900 0.00000000
vn -0.07573500 -0.99712800 -0.00002000
vn -0.19193200 -0.98140800 0.00000000
vn 0.96883300 -0.24771400 0.00000000
vn 0.93316200 -0.35945500 0.00000000
vn 0.82566900 -0.56415500 -0.00003400
vn 0.75395900 -0.65692100 0.00000000
vn -0.96882200 0.24775800 0.00000000
vn -0.93316200 0.35945500 0.00000000
vn -0.82569000 0.56412400 0.00000000
vn -0.75395300 0.65692800 0.00002800
vn -0.37778500 0.59770500 0.70712600
vn -0.41244100 0.57511600 0.70649400
vn -0.41238200 0.57512200 0.70652400
vn -0.34255400 0.61929000 0.70649600
vn -0.30668900 0.63980700 0.70469000
vn -0.47947200 0.52698400 0.70170900
vn -0.53356400 0.46494000 0.70649800
vn -0.58434200 0.39924100 0.70650600
vn -0.66040700 0.25438800 0.70650500
vn -0.68567500 0.17526500 0.70649200
vn -0.68564700 0.17535400 0.70649800
vn -0.70603100 0.09551100 0.70171100
vn -0.70744800 0.00264900 0.70676100
vn -0.70766600 0.03365100 0.70574600
vn 0.29185000 0.64474700 0.70648700
vn 0.25448100 0.66233800 0.70466200
vn 0.13582300 0.69459800 0.70646000
vn 0.05359500 0.70571100 0.70647000
vn -0.10987600 0.69914300 0.70648900
vn -0.19098900 0.68144800 0.70650700
vn -0.70081900 -0.11077400 0.70468600
vn -0.70428400 -0.06960800 0.70649700
vn -0.70650000 -0.02824000 0.70714900
vn -0.70646500 -0.02823600 0.70718500
vn 0.40075500 0.58550000 0.70468800
vn 0.36505100 0.60630000 0.70649700
vn -0.66942800 -0.22962200 0.70649800
vn -0.63793900 -0.30643600 0.70649200
vn -0.55050900 -0.44476500 0.70648700
vn -0.49466600 -0.50614000 0.70649000
vn -0.40075100 -0.58548900 0.70470000
vn -0.36504400 -0.60628200 0.70651600
vn 0.52487500 0.49534000 0.69220300
vn 0.70496800 0.05928100 0.70675800
vn 0.70492600 0.05922800 0.70680400
vn 0.69612100 0.15170300 0.70171400
vn 0.67654500 0.21027000 0.70574300
vn 0.66573800 0.23931700 0.70676800
vn 0.61559100 0.38910900 0.68530500
vn 0.61557400 0.38908500 0.68533300
vn 0.64955900 0.41054100 0.63994500
vn 0.50188400 0.49859800 0.70676200
vn -0.25447500 -0.66231300 0.70468700
vn -0.29184100 -0.64473000 0.70650700
vn 0.70650500 0.02828100 0.70714300
vn 0.70650400 0.02823600 0.70714500
vn 0.70646700 0.02823500 0.70718300
vn 0.70760000 -0.01302800 0.70649300
vn 0.70767000 -0.03355700 0.70574600
vn -0.13584400 -0.69455500 0.70649800
vn -0.05360200 -0.70567400 0.70650600
vn 0.10989400 -0.69911900 0.70650900
vn 0.19101300 -0.68144000 0.70650800
vn 0.30669400 -0.63980200 0.70469300
vn 0.34251900 -0.61930900 0.70649600
vn 0.41239400 -0.57515100 0.70649400
vn 0.44634200 -0.55154700 0.70468000
vn 0.53358300 -0.46493300 0.70648900
vn 0.58435600 -0.39925900 0.70648500
vn 0.66042100 -0.25441100 0.70648400
vn 0.68566300 -0.17533400 0.70648700
vn 0.68568500 -0.17526800 0.70648200
vn 0.70603100 -0.09551100 0.70171100
f 1//1 2//2 3//3
f 3//3 2//2 4//4
f 3//3 4//4 5//5
f 5//5 4//4 6//6
f 5//5 6//6 7//7
f 7//7 6//6 8//8
f 7//7 8//8 9//9
f 9//9 8//8 10//10
f 9//9 10//10 11//11
f 11//11 10//10 12//12
f 11//11 12//12 13//13
f 13//13 12//12 14//14
f 13//13 14//14 15//15
f 15//15 14//14 16//16
f 15//15 16//16 17//17
f 17//17 16//16 18//18
f 17//17 18//18 19//19
f 19//19 18//18 20//20
f 19//19 20//20 21//21
f 21//21 20//20 22//22
f 21//21 22//22 23//23
f 23//23 22//22 24//24
f 23//23 24//24 25//25
f 25//25 24//24 26//26
f 25//25 26//26 27//27
f 27//27 26//26 28//28
f 27//27 28//28 29//29
f 29//29 28//28 30//30
f 29//29 30//30 31//31
f 31//31 30//30 32//32
f 31//31 32//32 33//33
f 33//33 32//32 34//34
f 33//33 34//34 35//35
f 35//35 34//34 36//36
f 35//35 36//36 37//37
f 37//37 36//36 38//38
f 37//37 38//38 39//39
f 39//39 38//38 40//40
f 39//39 40//40 41//41
f 41//41 40//40 42//42
f 41//41 42//42 43//43
f 43//43 42//42 44//44
f 43//43 44//44 45//45
f 45//45 44//44 46//46
f 45//45 46//46 47//47
f 47//47 46//46 48//48
f 47//47 48//48 49//49
f 49//49 48//48 50//50
f 49//49 50//50 51//51
f 51//51 50//50 52//52
f 51//51 52//52 53//53
f 53//53 52//52 54//54
f 53//53 54//54 55//55
f 55//55 54//54 56//56
f 55//55 56//56 57//57
f 57//57 56//56 58//58
f 57//57 58//58 59//59
f 59//59 58//58 60//60
f 59//59 60//60 61//61
f 61//61 60//60 62//62
f 61//61 62//62 63//63
f 63//63 62//62 64//64
f 63//63 64//64 65//65
f 65//65 64//64 66//66
f 65//65 66//66 67//67
f 67//67 66//66 68//68
f 67//67 68//68 69//69
f 69//69 68//68 70//70
f 69//69 70//70 71//71
f 71//71 70//70 72//72
f 71//71 72//72 1//1
f 1//1 72//72 2//2
f 73//73 74//74 75//75
f 75//75 74//74 76//76
f 75//75 76//76 77//77
f 77//77 76//76 78//78
f 77//77 78//78 79//79
f 79//79 78//78 80//80
f 79//79 80//80 81//81
f 81//81 80//80 82//82
f 81//81 82//82 83//83
f 83//83 82//82 84//84
f 83//83 84//84 85//85
f 85//85 84//84 86//86
f 85//85 86//86 87//87
f 87//87 86//86 88//88
f 87//87 88//88 89//89
f 89//89 88//88 90//90
f 89//89 90//90 91//91
f 91//91 90//90 92//92
f 91//91 92//92 93//93
f 93//93 92//92 94//94
f 93//93 94//94 95//95
f 95//95 94//94 96//96
f 95//95 96//96 97//97
f 97//97 96//96 98//98
f 97//97 98//98 99//99
f 99//99 98//98 100//100
f 99//99 100//100 101//101
f 101//101 100//100 102//102
f 101//101 102//102 103//103
f 103//103 102//102 104//104
f 103//103 104//104 105//105
f 105//105 104//104 106//106
f 105//105 106//106 107//107
f 107//107 106//106 108//108
f 107//107 108//108 109//109
f 109//109 108//108 110//110
f 109//109 110//110 111//111
f 111//111 110//110 112//112
f 111//111 112//112 113//113
f 113//113 112//112 114//114
f 113//113 114//114 115//115
f 115//115 114//114 116//116
f 115//115 116//116 117//117
f 117//117 116//116 118//118
f 117//117 118//118 119//119
f 119//119 118//118 120//120
f 119//119 120//120 121//121
f 121//121 120//120 122//122
f 121//121 122//122 123//123
f 123//123 122//122 124//124
f 123//123 124//124 125//125
f 125//125 124//124 126//126
f 125//125 126//126 127//127
f 127//127 126//126 128//128
f 127//127 128//128 129//129
f 129//129 128//128 130//130
f 129//129 130//130 131//131
f 131//131 130//130 132//132
f 131//131 132//132 133//133
f 133//133 132//132 134//134
f 133//133 134//134 135//135
f 135//135 134//134 136//136
f 135//135 136//136 137//137
f 137//137 136//136 138//138
f 137//137 138//138 139//139
f 139//139 138//138 140//140
f 139//139 140//140 141//141
f 141//141 140//140 142//142
f 141//141 142//142 143//143
f 143//143 142//142 144//144
f 143//143 144//144 73//73
f 73//73 144//144 74//74
f 145//145 146//146 147//147
f 147//147 146//146 148//148
f 147//147 148//148 149//149
f 149//149 148//148 150//150
f 149//149 150//150 151//151
f 151//151 150//150 152//152
f 151//151 152//152 153//153
f 153//153 152//152 154//154
f 153//153 154//154 155//155
f 155//155 154//154 156//156
f 155//155 156//156 157//157
f 157//157 156//156 158//158
f 157//157 158//158 159//159
f 159//159 158//158 160//160
f 159//159 160//160 161//161
f 161//161 160//160 162//162
f 161//161 162//162 163//163
f 163//163 162//162 164//164
f 163//163 164//164 165//165
f 165//165 164//164 166//166
f 165//165 166//166 167//167
f 167//167 166//166 168//168
f 167//167 168//168 169//169
f 169//169 168//168 170//170
f 169//169 170//170 171//171
f 171//171 170//170 172//172
f 171//171 172//172 173//173
f 173//173 172//172 174//174
f 173//173 174//174 175//175
f 175//175 174//174 176//176
f 175//175 176//176 177//177
f 177//177 176//176 178//178
f 177//177 178//178 179//179
f 179//179 178//178 180//180
f 179//179 180//180 181//181
f 181//181 180//180 182//182
f 181//181 182//182 183//183
f 183//183 182//182 184//184
f 183//183 184//184 185//185
f 185//185 184//184 186//186
f 185//185 186//186 187//187
f 187//187 186//186 188//188
f 187//187 188//188 189//189
f 189//189 188//188 190//190
f 189//189 190//190 191//191
f 191//191 190//190 192//192
f 191//191 192//192 193//193
f 193//193 192//192 194//194
f 193//193 194//194 195//195
f 195//195 194//194 196//196
f 195//195 196//196 197//197
f 197//197 196//196 198//198
f 197//197 198//198 199//199
f 199//199 198//198 200//200
f 199//199 200//200 201//201
f 201//201 200//200 202//202
f 201//201 202//202 203//203
f 203//203 202//202 204//204
f 203//203 204//204 205//205
f 205//205 204//204 206//206
f 205//205 206//206 207//207
f 207//207 206//206 208//208
f 207//207 208//208 209//209
f 209//209 208//208 210//210
f 209//209 210//210 211//211
f 211//211 210//210 212//212
f 211//211 212//212 213//213
f 213//213 212//212 214//214
f 213//213 214//214 145//145
f 145//145 214//214 146//146
f 215//215 217//217 221//221
f 222//222 225//225 228//228
f 232//232 223//223 233//233
f 232//232 233//233 234//234
f 234//234 233//233 237//237
f 234//234 237//237 238//238
f 224//224 240//240 248//248
f 239//239 249//249 241//241
f 247//247 250//250 253//253
f 248//248 252//252 256//256
f 254//254 251//251 260//260
f 257//257 258//258 262//262
f 263//263 259//259 264//264
f 261//261 265//265 268//268
f 267//267 266//266 271//271
f 269//269 270//270 235//235
f 236//236 272//272 273//273
f 237//237 274//274 238//238
f 276//276 277//277 282//282
f 282//282 277//277 284//284
f 286//286 291//291 297//297
f 296//296 289//289 303//303
f 284//284 306//306 309//309
f 308//308 305//305 311//311
f 309//309 310//310 315//315
f 315//315 310//310 317//317
f 312//312 318//318 323//323
f 324//324 316//316 330//330
f 329//329 332//332 326//326
f 322//322 331//331 334//334
f 326//326 335//335 303//303
f 300//300 333//333 336//336
f 304//304 337//337 295//295
f 220//220 218//218 340//340
f 344//344 348//348 351//351
f 351//351 348//348 338//338
f 350//350 341//341 353//353
f 352//352 338//338 354//354
f 354//354 338//338 219//219
f 354//354 219//219 355//355
f 355//355 219//219 216//216
f 355//355 216//216 356//356
f 357//357 360//360 319//319
f 361//361 363//363 366//366
f 370//370 364//364 371//371
f 370//370 371//371 303//303
f 216//216 358//358 356//356
f 356//356 358//358 326//326
f 356//356 326//326 372//372
f 373//373 321//321 374//374
f 371//371 376//376 303//303
f 299//299 377//377 378//378
f 303//303 379//379 326//326
f 325//325 380//380 381//381
f 327//327 382//382 375//375
f 385//385 388//388 392//392
f 390//390 387//387 395//395
f 394//394 389//389 400//400
f 393//393 398//398 401//401
f 403//403 242//242 411//411
f 409//409 412//412 404//404
f 406//406 413//413 415//415
f 404//404 416//416 420//420
f 419//419 414//414 422//422
f 420//420 423//423 424//424
f 391//391 426//426 384//384
f 385//385 427//427 428//428
f 383//383 430//430 433//433
f 432//432 429//429 436//436
f 431//431 434//434 438//438
f 437//437 435//435 441//441
f 438//438 440//440 256//256
f 255//255 439//439 442//442
f 256//256 443//443 248//248
f 246//246 444//444 446//446
f 245//245 445//445 410//410
f 452//452 454//454 456//456
f 458//458 465//465 467//467
f 468//468 466//466 450//450
f 468//468 450//450 470//470
f 469//469 451//451 457//457
f 455//455 450//450 471//471
f 472//472 448//448 368//368
f 471//471 370//370 473//473
f 473//473 370//370 303//303
f 474//474 298//298 475//475
f 476//476 301//301 479//479
f 478//478 302//302 293//293
f 477//477 289//289 481//481
f 480//480 294//294 484//484
f 481//481 486//486 489//489
f 491//491 492//492 498//498
f 496//496 493//493 501//501
f 499//499 500//500 486//486
f 482//482 502//502 504//504
f 485//485 503//503 488//488
f 506//506 511//511 497//497
f 499//499 512//512 514//514
f 499//499 514//514 490//490
f 459//459 515//515 460//460
f 462//462 516//516 518//518
f 466//466 519//519 420//420
f 417//417 517//517 520//520
f 420//420 522//522 404//404
f 405//405 521//521 523//523
f 404//404 524//524 525//525
f 529//529 532//532 533//533
f 534//534 531//531 535//535
f 541//541 542//542 545//545
f 546//546 544//544 548//548
f 530//530 551//551 537//537
f 538//538 552//552 555//555
f 536//536 554//554 558//558
f 556//556 553//553 559//559
f 557//557 561//561 548//548
f 550//550 560//560 563//563
f 549//549 562//562 547//547
f 564//564 566//566 568//568
f 573//573 567//567 575//575
f 568//568 576//576 582//582
f 580//580 574//574 583//583
f 577//577 584//584 528//528
f 386//386 586//586 397//397
f 396//396 585//585 588//588
f 398//398 587//587 591//591
f 593//593 589//589 543//543
f 591//591 544//544 568//568
f 568//568 544//544 539//539
f 572//572 540//540 565//565
f 594//594 598//598 603//603
f 597//597 605//605 600//600
f 600//600 605//605 608//608
f 600//600 608//608 610//610
f 609//609 607//607 613//613
f 610//610 612//612 233//233
f 233//233 612//612 614//614
f 233//233 614//614 237//237
f 616//616 618//618 624//624
f 596//596 625//625 606//606
f 604//604 626//626 628//628
f 605//605 627//627 631//631
f 627//627 632//632 631//631
f 630//630 633//633 634//634
f 629//629 636//636 637//637
f 639//639 635//635 641//641
f 638//638 640//640 644//644
f 643//643 642//642 648//648
f 644//644 647//647 649//649
f 617//617 650//650 621//621
f 622//622 651//651 652//652
f 620//620 654//654 600//600
f 602//602 653//653 656//656
f 599//599 655//655 595//595
f 657//657 658//658 282//282
f 281//281 659//659 646//646
f 283//283 645//645 619//619
f 620//620 644//644 649//649
f 620//620 649//649 615//615
f 285//285 307//307 278//278
f 282//282 309//309 660//660
f 282//282 660//660 657//657
f 359//359 661//661 320//320
f 326//326 662//662 663//663
f 328//328 665//665 313//313
f 314//314 664//664 666//666
f 315//315 667//667 309//309
f 529//529 533//533 582//582
f 582//582 533//533 668//668
f 582//582 668//668 348//348
f 348//348 668//668 669//669
f 345//345 670//670 339//339
f 401//401 398//398 424//424
f 425//425 399//399 590//590
f 424//424 591//591 420//420
f 421//421 592//592 571//571
f 418//418 570//570 461//461
f 463//463 569//569 581//581
f 464//464 578//578 449//449
f 447//447 579//579 346//346
f 453//453 349//349 365//365
f 367//367 347//347 343//343
f 369//369 342//342 362//362
f 226//226 243//243 229//229
f 231//231 244//244 407//407
f 227//227 408//408 505//505
f 509//509 402//402 526//526
f 508//508 527//527 513//513
f 223//223 230//230 233//233
f 233//233 230//230 507//507
f 233//233 507//507 610//610
f 611//611 510//510 494//494
f 610//610 499//499 600//600
f 601//601 495//495 487//487
f 600//600 486//486 620//620
f 623//623 483//483 292//292
f 620//620 289//289 282//282
f 280//280 290//290 287//287
f 279//279 288//288 275//275
f 671//671 672//672 673//673
f 680//680 682//682 683//683
f 690//690 692//692 693//693
f 695//695 698//698 701//701
f 704//704 709//709 712//712
f 713//713 715//715 716//716
f 716//716 715//715 727//727
f 721//721 725//725 730//730
f 732//732 733//733 742//742
f 741//741 734//734 743//743
f 740//740 744//744 719//719
f 720//720 745//745 746//746
f 724//724 747//747 714//714
f 715//715 749//749 727//727
f 726//726 748//748 751//751
f 727//727 750//750 753//753
f 755//755 752//752 757//757
f 754//754 758//758 703//703
f 707//707 756//756 760//760
f 706//706 759//759 708//708
f 761//761 762//762 763//763
f 763//763 762//762 766//766
f 763//763 766//766 768//768
f 768//768 766//766 705//705
f 768//768 705//705 738//738
f 735//735 702//702 710//710
f 737//737 711//711 731//731
f 700//700 697//697 769//769
f 769//769 697//697 775//775
f 769//769 775//775 778//778
f 780//780 782//782 773//773
f 776//776 781//781 784//784
f 774//774 783//783 777//777
f 779//779 775//775 787//787
f 785//785 772//772 789//789
f 786//786 790//790 793//793
f 795//795 796//796 775//775
f 771//771 797//797 798//798
f 770//770 799//799 791//791
f 805//805 806//806 787//787
f 809//809 811//811 821//821
f 819//819 810//810 822//822
f 820//820 823//823 794//794
f 792//792 824//824 787//787
f 788//788 825//825 826//826
f 787//787 828//828 805//805
f 803//803 827//827 829//829
f 800//800 830//830 831//831
f 692//692 836//836 693//693
f 694//694 833//833 839//839
f 693//693 842//842 843//843
f 843//843 842//842 844//844
f 844//844 842//842 848//848
f 844//844 848//848 852//852
f 856//856 865//865 868//868
f 867//867 859//859 872//872
f 868//868 871//871 874//874
f 873//873 869//869 878//878
f 875//875 876//876 881//881
f 883//883 879//879 886//886
f 882//882 885//885 891//891
f 893//893 894//894 897//897
f 904//904 907//907 910//910
f 912//912 913//913 914//914
f 922//922 925//925 896//896
f 928//928 923//923 931//931
f 932//932 922//922 896//896
f 930//930 903//903 934//934
f 933//933 902//902 895//895
f 909//909 906//906 935//935
f 936//936 908//908 939//939
f 937//937 938//938 919//919
f 918//918 940//940 941//941
f 915//915 942//942 911//911
f 905//905 909//909 944//944
f 944//944 909//909 945//945
f 943//943 946//946 927//927
f 926//926 947//947 948//948
f 929//929 949//949 924//924
f 951//951 954//954 955//955
f 956//956 952//952 957//957
f 960//960 961//961 966//966
f 970//970 962//962 973//973
f 728//728 976//976 683//683
f 689//689 979//979 982//982
f 684//684 981//981 983//983
f 952//952 986//986 957//957
f 958//958 985//985 968//968
f 957//957 966//966 990//990
f 989//989 967//967 975//975
f 984//984 992//992 683//683
f 685//685 991//991 994//994
f 688//688 993//993 963//963
f 964//964 995//995 996//996
f 969//969 997//997 959//959
f 974//974 999//999 987//987
f 988//988 998//998 1000//1000
f 990//990 1001//1001 1004//1004
f 1003//1003 1002//1002 1005//1005
f 1004//1004 1007//1007 1008//1008
f 978//978 1006//1006 1009//1009
f 977//977 1010//1010 980//980
f 1014//1014 1020//1020 1022//1022
f 1024//1024 1018//1018 1025//1025
f 1023//1023 1027//1027 1013//1013
f 1011//1011 1026//1026 1028//1028
f 1011//1011 1028//1028 1030//1030
f 1031//1031 1029//1029 1037//1037
f 1032//1032 1035//1035 1038//1038
f 1043//1043 1036//1036 1045//1045
f 1045//1045 1047//1047 1043//1043
f 1040//1040 1046//1046 1050//1050
f 1041//1041 1049//1049 815//815
f 1048//1048 1051//1051 816//816
f 817//817 1052//1052 1055//1055
f 818//818 1053//1053 1060//1060
f 1063//1063 1054//1054 1064//1064
f 1059//1059 1065//1065 1019//1019
f 1021//1021 1066//1066 1067//1067
f 1018//1018 1068//1068 1025//1025
f 1070//1070 1072//1072 1075//1075
f 1077//1077 1071//1071 1080//1080
f 1073//1073 1087//1087 1083//1083
f 1085//1085 1086//1086 1090//1090
f 1084//1084 1088//1088 1096//1096
f 1095//1095 1089//1089 1100//1100
f 1097//1097 1098//1098 914//914
f 916//916 1099//1099 1102//1102
f 914//914 1101//1101 1103//1103
f 1105//1105 935//935 1108//1108
f 1108//1108 935//935 914//914
f 1109//1109 920//920 1113//1113
f 1112//1112 917//917 1104//1104
f 1111//1111 1114//1114 1108//1108
f 1107//1107 1115//1115 1116//1116
f 1108//1108 1117//1117 1118//1118
f 1118//1118 1117//1117 1121//1121
f 1119//1119 1120//1120 1076//1076
f 1079//1079 1121//1121 1122//1122
f 1079//1079 1122//1122 1069//1069
f 1124//1124 1126//1126 849//849
f 848//848 1127//1127 1128//1128
f 848//848 1128//1128 852//852
f 851//851 1129//1129 1132//1132
f 852//852 1130//1130 1135//1135
f 1134//1134 1131//1131 1138//1138
f 1133//1133 1137//1137 853//853
f 854//854 1136//1136 1141//1141
f 855//855 1140//1140 858//858
f 861//861 1139//1139 1143//1143
f 857//857 1142//1142 1144//1144
f 1146//1146 1148//1148 1149//1149
f 1161//1161 1166//1166 1171//1171
f 1171//1171 1166//1166 1152//1152
f 1172//1172 1157//1157 1174//1174
f 1173//1173 1156//1156 1147//1147
f 729//729 686//686 717//717
f 716//716 683//683 682//682
f 718//718 681//681 1175//1175
f 680//680 683//683 1179//1179
f 1178//1178 687//687 965//965
f 1177//1177 972//972 1180//1180
f 673//673 672//672 1184//1184
f 1188//1188 1189//1189 1093//1093
f 1094//1094 1190//1190 1191//1191
f 1097//1097 1192//1192 1083//1083
f 1081//1081 1193//1193 1195//1195
f 1082//1082 1194//1194 1078//1078
f 1198//1198 1199//1199 1152//1152
f 1150//1150 1200//1200 674//674
f 673//673 1199//1199 1201//1201
f 673//673 1201//1201 671//671
f 1203//1203 1204//1204 1166//1166
f 1163//1163 1205//1205 1208//1208
f 1169//1169 1206//1206 1159//1159
f 1158//1158 1207//1207 1209//1209
f 1160//1160 1210//1210 1197//1197
f 1202//1202 1162//1162 1213//1213
f 1211//1211 1164//1164 1216//1216
f 1212//1212 1217//1217 1221//1221
f 1222//1222 1218//1218 1224//1224
f 1223//1223 1214//1214 1226//1226
f 1224//1224 1225//1225 1232//1232
f 1235//1235 1238//1238 1015//1015
f 1012//1012 1239//1239 1240//1240
f 1011//1011 1241//1241 1018//1018
f 1018//1018 1241//1241 1242//1242
f 1018//1018 1242//1242 1056//1056
f 1062//1062 1243//1243 1244//1244
f 913//913 892//892 914//914
f 914//914 892//892 896//896
f 921//921 900//900 1092//1092
f 1091//1091 901//901 1186//1186
f 1097//1097 1184//1184 1187//1187
f 1187//1187 1184//1184 672//672
f 950//950 1105//1105 952//952
f 953//953 1106//1106 1110//1110
f 952//952 1108//1108 986//986
f 986//986 1108//1108 1118//1118
f 986//986 1118//1118 966//966
f 966//966 1118//1118 1079//1079
f 971//971 1074//1074 1181//1181
f 1182//1182 1079//1079 1196//1196
f 864//864 1247//1247 1248//1248
f 1251//1251 1252//1252 676//676
f 1145//1145 1152//1152 865//865
f 860//860 1151//1151 1256//1256
f 866//866 1254//1254 1246//1246
f 1257//1257 1250//1250 871//871
f 871//871 1250//1250 673//673
f 871//871 673//673 880//880
f 877//877 675//675 1183//1183
f 880//880 1184//1184 884//884
f 888//888 1185//1185 899//899
f 887//887 898//898 890//890
f 889//889 896//896 925//925
f 1249//1249 1259//1259 865//865
f 863//863 1258//1258 1260//1260
f 862//862 1261//1261 870//870
f 871//871 1262//1262 1263//1263
f 871//871 1263//1263 1257//1257
f 1253//1253 1265//1265 677//677
f 679//679 1264//1264 1268//1268
f 678//678 1267//1267 1155//1155
f 1154//1154 1266//1266 1270//1270
f 1153//1153 1269//1269 1255//1255
f 841//841 1272//1272 1273//1273
f 1276//1276 1277//1277 1218//1218
f 1279//1279 1280//1280 850//850
f 845//845 1282//1282 1165//1165
f 846//846 1170//1170 1125//1125
f 1123//1123 1166//1166 1161//1161
f 1274//1274 1283//1283 842//842
f 838//838 1284//1284 1285//1285
f 837//837 1286//1286 847//847
f 848//848 1287//1287 1288//1288
f 848//848 1288//1288 1278//1278
f 1281//1281 1289//1289 1166//1166
f 1167//1167 1290//1290 1291//1291
f 1168//1168 1292//1292 1219//1219
f 1215//1215 1293//1293 1295//1295
f 1220//1220 1294//1294 1275//1275
f 1176//1176 1297//1297 716//716
f 722//722 1296//1296 1234//1234
f 723//723 1236//1236 736//736
f 739//739 1237//1237 1016//1016
f 738//738 1011//1011 768//768
f 767//767 1017//1017 1033//1033
f 768//768 1030//1030 763//763
f 764//764 1034//1034 1039//1039
f 1245//1245 1231//1231 1057//1057
f 1058//1058 1233//1233 1228//1228
f 1061//1061 1229//1229 813//813
f 814//814 1227//1227 801//801
f 819//819 805//805 808//808
f 807//807 802//802 832//832
f 1277//1277 1271//1271 1218//1218
f 1218//1218 1271//1271 842//842
f 1218//1218 842//842 1225//1225
f 1230//1230 840//840 834//834
f 1225//1225 836//836 805//805
f 804//804 835//835 691//691
f 805//805 692//692 806//806
f 806//806 692//692 690//690
f 795//795 775//775 819//819
f 819//819 775//775 697//697
f 812//812 699//699 1044//1044
f 1042//1042 696//696 1300//1300
f 1043//1043 1298//1298 763//763
f 765//765 1299//1299 1301//1301
f 763//763 1302//1302 761//761
f 1304//1304 1306//1306 1308//1308
f 1310//1310 1307//1307 1312//1312
f 1309//1309 1311//1311 1313//1313
f 1315//1315 1312//1312 1316//1316
f 1314//1314 1317//1317 1318//1318
f 1319//1319 1316//1316 1320//1320
f 1319//1319 1320//1320 1323//1323
f 1322//1322 1321//1321 1324//1324
f 1323//1323 1326//1326 1328//1328
f 1327//1327 1325//1325 1331//1331
f 1328//1328 1329//1329 1333//1333
f 1332//1332 1330//1330 1337//1337
f 1334//1334 1336//1336 1338//1338
f 1339//1339 1335//1335 1343//1343
f 1340//1340 1341//1341 1344//1344
f 1345//1345 1342//1342 1347//1347
f 1346//1346 1349//1349 1350//1350
f 1351//1351 1348//1348 1353//1353
f 1352//1352 1354//1354 1358//1358
f 1355//1355 1360//1360 1356//1356
f 1357//1357 1361//1361 1363//1363
f 1359//1359 1362//1362 1365//1365
f 1366//1366 1364//1364 1369//1369
f 1367//1367 1368//1368 1371//1371
f 1372//1372 1370//1370 1375//1375
f 1373//1373 1374//1374 1377//1377
f 1376//1376 1375//1375 1379//1379
f 1376//1376 1379//1379 1381//1381
f 1380//1380 1378//1378 1382//1382
f 1381//1381 1384//1384 1386//1386
f 1385//1385 1383//1383 1388//1388
f 1386//1386 1387//1387 1389//1389
f 1389//1389 1387//1387 1390//1390
f 1389//1389 1390//1390 1392//1392
f 1392//1392 1390//1390 1394//1394
f 1391//1391 1393//1393 1396//1396
f 1395//1395 1394//1394 1398//1398
f 1395//1395 1398//1398 1303//1303
f 1305//1305 1397//1397 1400//1400
f 1303//1303 1399//1399 1307//1307
f 1401//1401 1402//1402 1403//1403
f 1401//1401 1404//1404 1402//1402
f 1402//1402 1404//1404 1405//1405
f 1402//1402 1405//1405 1406//1406
f 1405//1405 1407//1407 1406//1406
f 1406//1406 1407//1407 1408//1408
f 1406//1406 1408//1408 1409//1409
f 1408//1408 1410//1410 1409//1409
f 1409//1409 1410//1410 1411//1411
f 1409//1409 1411//1411 1412//1412
f 1411//1411 1413//1413 1412//1412
f 1412//1412 1413//1413 1414//1414
f 1412//1412 1414//1414 1415//1415
f 1414//1414 1416//1416 1415//1415
f 1415//1415 1416//1416 1417//1417
f 1415//1415 1417//1417 1418//1418
f 1417//1417 1419//1419 1418//1418
f 1418//1418 1419//1419 1420//1420
f 1418//1418 1420//1420 1421//1421
f 1420//1420 1422//1422 1421//1421
f 1421//1421 1422//1422 1423//1423
f 1421//1421 1423//1423 1424//1424
f 1423//1423 1425//1425 1424//1424
f 1424//1424 1425//1425 1426//1426
f 1424//1424 1426//1426 1427//1427
f 1426//1426 1428//1428 1427//1427
f 1427//1427 1428//1428 1429//1429
f 1427//1427 1429//1429 1430//1430
f 1429//1429 1431//1431 1430//1430
f 1430//1430 1431//1431 1432//1432
f 1430//1430 1432//1432 1433//1433
f 1432//1432 1434//1434 1433//1433
f 1433//1433 1434//1434 1435//1435
f 1433//1433 1435//1435 1436//1436
f 1435//1435 1437//1437 1436//1436
f 1436//1436 1437//1437 1438//1438
f 1436//1436 1438//1438 1439//1439
f 1438//1438 1440//1440 1439//1439
f 1439//1439 1440//1440 1441//1441
f 1439//1439 1441//1441 1442//1442
f 1441//1441 1443//1443 1442//1442
f 1442//1442 1443//1443 1444//1444
f 1442//1442 1444//1444 1445//1445
f 1444//1444 1446//1446 1445//1445
f 1445//1445 1446//1446 1447//1447
f 1445//1445 1447//1447 1448//1448
f 1447//1447 1449//1449 1448//1448
f 1448//1448 1449//1449 1450//1450
f 1448//1448 1450//1450 1451//1451
f 1450//1450 1452//1452 1451//1451
f 1451//1451 1452//1452 1453//1453
f 1451//1451 1453//1453 1454//1454
f 1453//1453 1455//1455 1454//1454
f 1454//1454 1455//1455 1456//1456
f 1454//1454 1456//1456 1457//1457
f 1456//1456 1458//1458 1457//1457
f 1457//1457 1458//1458 1459//1459
f 1457//1457 1459//1459 1460//1460
f 1459//1459 1461//1461 1460//1460
f 1460//1460 1461//1461 1462//1462
f 1460//1460 1462//1462 1403//1403
f 1403//1403 1462//1462 1463//1463
f 1403//1403 1463//1463 1401//1401
f 1464//1464 1465//1465 1466//1466
f 1466//1466 1467//1467 1464//1464
f 1464//1464 1467//1467 1468//1468
f 1464//1464 1468//1468 1469//1469
f 1468//1468 1470//1470 1469//1469
f 1469//1469 1470//1470 1471//1471
f 1469//1469 1471//1471 1472//1472
f 1471//1471 1473//1473 1472//1472
f 1472//1472 1473//1473 1474//1474
f 1472//1472 1474//1474 1475//1475
f 1474//1474 1476//1476 1475//1475
f 1475//1475 1476//1476 1477//1477
f 1475//1475 1477//1477 1478//1478
f 1477//1477 1479//1479 1478//1478
f 1478//1478 1479//1479 1480//1480
f 1478//1478 1480//1480 1481//1481
f 1480//1480 1482//1482 1481//1481
f 1481//1481 1482//1482 1483//1483
f 1481//1481 1483//1483 1484//1484
f 1483//1483 1485//1485 1484//1484
f 1484//1484 1485//1485 1486//1486
f 1484//1484 1486//1486 1487//1487
f 1486//1486 1488//1488 1487//1487
f 1487//1487 1488//1488 1489//1489
f 1487//1487 1489//1489 1490//1490
f 1489//1489 1491//1491 1490//1490
f 1490//1490 1491//1491 1492//1492
f 1490//1490 1492//1492 1493//1493
f 1493//1493 1492//1492 1494//1494
f 1493//1493 1494//1494 1495//1495
f 1494//1494 1496//1496 1495//1495
f 1495//1495 1496//1496 1497//1497
f 1495//1495 1497//1497 1498//1498
f 1497//1497 1499//1499 1498//1498
f 1498//1498 1499//1499 1500//1500
f 1498//1498 1500//1500 1501//1501
f 1500//1500 1502//1502 1501//1501
f 1501//1501 1502//1502 1503//1503
f 1501//1501 1503//1503 1504//1504
f 1503//1503 1505//1505 1504//1504
f 1504//1504 1505//1505 1506//1506
f 1504//1504 1506//1506 1507//1507
f 1506//1506 1508//1508 1507//1507
f 1507//1507 1508//1508 1509//1509
f 1507//1507 1509//1509 1510//1510
f 1509//1509 1511//1511 1510//1510
f 1510//1510 1511//1511 1512//1512
f 1510//1510 1512//1512 1513//1513
f 1512//1512 1514//1514 1513//1513
f 1513//1513 1514//1514 1515//1515
f 1513//1513 1515//1515 1516//1516
f 1515//1515 1518//1518 1516//1516
f 1519//1519 1517//1517 1520//1520
f 1519//1519 1520//1520 1521//1521
f 1520//1520 1522//1522 1521//1521
f 1521//1521 1522//1522 1523//1523
f 1521//1521 1523//1523 1524//1524
f 1523//1523 1525//1525 1524//1524
f 1524//1524 1525//1525 1526//1526
f 1524//1524 1526//1526 1527//1527
f 1527//1527 1526//1526 1528//1528
f 1527//1527 1528//1528 1465//1465
f 1465//1465 1528//1528 1529//1529
f 1465//1465 1529//1529 1466//1466
f 1530//1530 1532//1532 1534//1534
f 1533//1533 1531//1531 1535//1535
f 1536//1536 1538//1538 1540//1540
f 1539//1539 1537//1537 1541//1541
f 1542//1542 1543//1543 1544//1544
f 1544//1544 1543//1543 1545//1545
f 1546//1546 1548//1548 1549//1549
f 1550//1550 1547//1547 1551//1551
f 1552//1552 1553//1553 1555//1555
f 1556//1556 1554//1554 1557//1557
f 1558//1558 1560//1560 1562//1562
f 1561//1561 1559//1559 1563//1563
f 1564//1564 1565//1565 1568//1568
f 1567//1567 1566//1566 1569//1569
f 1570//1570 1571//1571 1573//1573
f 1574//1574 1572//1572 1575//1575
f 1576//1576 1577//1577 1579//1579
f 1580//1580 1578//1578 1581//1581
f 1582//1582 1584//1584 1585//1585
f 1586//1586 1583//1583 1587//1587
f 1588//1588 1589//1589 1592//1592
f 1591//1591 1590//1590 1593//1593
f 1594//1594 1595//1595 1597//1597
f 1598//1598 1596//1596 1599//1599
f 1600//1600 1601//1601 1602//1602
f 1602//1602 1601//1601 1603//1603
f 1604//1604 1605//1605 1608//1608
f 1607//1607 1606//1606 1609//1609
f 1610//1610 1613//1613 1615//1615
f 1616//1616 1614//1614 1617//1617
f 1616//1616 1618//1618 1619//1619
f 1619//1619 1618//1618 1620//1620
f 1619//1619 1620//1620 1623//1623
f 1624//1624 1621//1621 1625//1625
f 1622//1622 1626//1626 1629//1629
f 1628//1628 1627//1627 1631//1631
f 1630//1630 1633//1633 1636//1636
f 1634//1634 1632//1632 1637//1637
f 1635//1635 1638//1638 1640//1640
f 1638//1638 1641//1641 1640//1640
f 1640//1640 1641//1641 1642//1642
f 1639//1639 1644//1644 1645//1645
f 1646//1646 1643//1643 1648//1648
f 1647//1647 1649//1649 1652//1652
f 1653//1653 1650//1650 1654//1654
f 1651//1651 1656//1656 1657//1657
f 1658//1658 1655//1655 1659//1659
f 1658//1658 1660//1660 1663//1663
f 1662//1662 1661//1661 1664//1664
f 1663//1663 1665//1665 1668//1668
f 1667//1667 1666//1666 1669//1669
f 1668//1668 1670//1670 1611//1611
f 1612//1612 1671//1671 1673//1673
f 1611//1611 1672//1672 1674//1674
f 1675//1675 1677//1677 1679//1679
f 1678//1678 1676//1676 1680//1680
f 1681//1681 1682//1682 1685//1685
f 1684//1684 1683//1683 1686//1686
f 1687//1687 1688//1688 1689//1689
f 1689//1689 1688//1688 1690//1690
f 1691//1691 1692//1692 1695//1695
f 1694//1694 1693//1693 1696//1696
f 1697//1697 1699//1699 1701//1701
f 1700//1700 1698//1698 1702//1702
f 1703//1703 1704//1704 1705//1705
f 1705//1705 1704//1704 1706//1706
f 1707//1707 1708//1708 1709//1709
f 1709//1709 1708//1708 1710//1710
f 1711//1711 1712//1712 1714//1714
f 1715//1715 1713//1713 1716//1716
f 1717//1717 1718//1718 1721//1721
f 1720//1720 1719//1719 1722//1722
f 1723//1723 1724//1724 1726//1726
f 1727//1727 1725//1725 1728//1728
f 1729//1729 1730//1730 1732//1732
f 1733//1733 1731//1731 1734//1734
f 1735//1735 1736//1736 1738//1738
f 1739//1739 1737//1737 1740//1740
f 1741//1741 1743//1743 1744//1744
f 1745//1745 1742//1742 1746//1746
f 1747//1747 1748//1748 1750//1750
f 1751//1751 1749//1749 1752//1752
f 1754//1754 1756//1756 1759//1759
f 1758//1758 1757//1757 1761//1761
f 1760//1760 1762//1762 1765//1765
f 1764//1764 1763//1763 1767//1767
f 1766//1766 1769//1769 1772//1772
f 1770//1770 1768//1768 1774//1774
f 1771//1771 1773//1773 1778//1778
f 1777//1777 1775//1775 1779//1779
f 1776//1776 1781//1781 1784//1784
f 1782//1782 1780//1780 1785//1785
f 1783//1783 1787//1787 1789//1789
f 1786//1786 1791//1791 1788//1788
f 1789//1789 1792//1792 1793//1793
f 1790//1790 1795//1795 1796//1796
f 1797//1797 1794//1794 1798//1798
f 1797//1797 1799//1799 1802//1802
f 1801//1801 1800//1800 1803//1803
f 1802//1802 1805//1805 1806//1806
f 1807//1807 1804//1804 1808//1808
f 1806//1806 1809//1809 1810//1810
f 1810//1810 1809//1809 1812//1812
f 1811//1811 1814//1814 1817//1817
f 1815//1815 1813//1813 1818//1818
f 1816//1816 1819//1819 1753//1753
f 1755//1755 1820//1820 1822//1822
f 1753//1753 1821//1821 1823//1823
f 1824//1824 1826//1826 1827//1827
f 1828//1828 1825//1825 1829//1829
f 1830//1830 1831//1831 1834//1834
f 1833//1833 1832//1832 1835//1835
f 1836//1836 1837//1837 1838//1838
f 1838//1838 1837//1837 1839//1839
f 1840//1840 1841//1841 1843//1843
f 1844//1844 1842//1842 1845//1845
f 1846//1846 1847//1847 1848//1848
f 1848//1848 1847//1847 1849//1849
f 1850//1850 1852//1852 1853//1853
f 1854//1854 1851//1851 1855//1855
f 1856//1856 1857//1857 1858//1858
f 1858//1858 1857//1857 1859//1859
f 1860//1860 1861//1861 1863//1863
f 1864//1864 1862//1862 1865//1865
f 1866//1866 1867//1867 1868//1868
f 1868//1868 1867//1867 1869//1869
f 1870//1870 1871//1871 1874//1874
f 1873//1873 1872//1872 1875//1875
f 1876//1876 1877//1877 1880//1880
f 1879//1879 1878//1878 1881//1881
f 1882//1882 1884//1884 1885//1885
f 1886//1886 1883//1883 1887//1887
f 1888//1888 1889//1889 1892//1892
f 1891//1891 1890//1890 1893//1893
f 1894//1894 1896//1896 1897//1897
f 1898//1898 1895//1895 1899//1899
f 1900//1900 1902//1902 1904//1904
f 1905//1905 1903//1903 1906//1906
f 1905//1905 1907//1907 1908//1908
f 1908//1908 1907//1907 1909//1909
f 1908//1908 1909//1909 1912//1912
f 1913//1913 1910//1910 1915//1915
f 1911//1911 1916//1916 1918//1918
f 1917//1917 1914//1914 1920//1920
f 1919//1919 1921//1921 1923//1923
f 1924//1924 1922//1922 1926//1926
f 1925//1925 1927//1927 1929//1929
f 1927//1927 1930//1930 1929//1929
f 1929//1929 1930//1930 1931//1931
f 1928//1928 1933//1933 1934//1934
f 1935//1935 1932//1932 1936//1936
f 1935//1935 1937//1937 1938//1938
f 1938//1938 1937//1937 1939//1939
f 1938//1938 1940//1940 1942//1942
f 1943//1943 1941//1941 1944//1944
f 1942//1942 1945//1945 1946//1946
f 1946//1946 1945//1945 1947//1947
f 1946//1946 1948//1948 1950//1950
f 1951//1951 1949//1949 1953//1953
f 1950//1950 1952//1952 1901//1901
f 1901//1901 1954//1954 1955//1955
f 1901//1901 1955//1955 1956//1956
f 1957//1957 1958//1958 1959//1959
f 1959//1959 1958//1958 1960//1960
f 1959//1959 1960//1960 1961//1961
f 1961//1961 1960//1960 1962//1962
f 1961//1961 1962//1962 1963//1963
f 1963//1963 1962//1962 1964//1964
f 1963//1963 1964//1964 1966//1966
f 1966//1966 1964//1964 1967//1967
f 1965//1965 1968//1968 1969//1969
f 1969//1969 1968//1968 1970//1970
f 1969//1969 1970//1970 1971//1971
f 1971//1971 1970//1970 1972//1972
f 1971//1971 1972//1972 1973//1973
f 1973//1973 1972//1972 1974//1974
f 1973//1973 1974//1974 1975//1975
f 1975//1975 1974//1974 1976//1976
f 1975//1975 1976//1976 1977//1977
f 1977//1977 1976//1976 1979//1979
f 1978//1978 1980//1980 1981//1981
f 1981//1981 1980//1980 1982//1982
f 1981//1981 1982//1982 1983//1983
f 1983//1983 1982//1982 1984//1984
f 1983//1983 1984//1984 1985//1985
f 1985//1985 1984//1984 1986//1986
f 1985//1985 1986//1986 1987//1987
f 1987//1987 1986//1986 1988//1988
f 1987//1987 1988//1988 1957//1957
f 1957//1957 1988//1988 1958//1958
f 1989//1989 1990//1990 1991//1991
f 1991//1991 1990//1990 1992//1992
f 1991//1991 1992//1992 1993//1993
f 1993//1993 1992//1992 1994//1994
f 1993//1993 1994//1994 1995//1995
f 1995//1995 1994//1994 1996//1996
f 1995//1995 1996//1996 1997//1997
f 1997//1997 1996//1996 1998//1998
f 1997//1997 1998//1998 1999//1999
f 1999//1999 1998//1998 2000//2000
f 1999//1999 2000//2000 2001//2001
f 2001//2001 2000//2000 2002//2002
f 2001//2001 2002//2002 2003//2003
f 2003//2003 2002//2002 2004//2004
f 2003//2003 2004//2004 2005//2005
f 2005//2005 2004//2004 2006//2006
f 2005//2005 2006//2006 2007//2007
f 2007//2007 2006//2006 2008//2008
f 2007//2007 2008//2008 2009//2009
f 2009//2009 2008//2008 2010//2010
f 2009//2009 2010//2010 2011//2011
f 2011//2011 2010//2010 2012//2012
f 2011//2011 2012//2012 2013//2013
f 2013//2013 2012//2012 2014//2014
f 2013//2013 2014//2014 2015//2015
f 2015//2015 2014//2014 2016//2016
f 2015//2015 2016//2016 1989//1989
f 1989//1989 2016//2016 1990//1990
f 2017//2017 2018//2018 2019//2019
f 2019//2019 2018//2018 2020//2020
f 2019//2019 2020//2020 2021//2021
f 2021//2021 2020//2020 2022//2022
f 2021//2021 2022//2022 2023//2023
f 2023//2023 2022//2022 2024//2024
f 2023//2023 2024//2024 2025//2025
f 2025//2025 2024//2024 2026//2026
f 2025//2025 2026//2026 2027//2027
f 2027//2027 2026//2026 2028//2028
f 2027//2027 2028//2028 2029//2029
f 2029//2029 2028//2028 2030//2030
f 2029//2029 2030//2030 2032//2032
f 2032//2032 2030//2030 2033//2033
f 2031//2031 2034//2034 2035//2035
f 2035//2035 2034//2034 2036//2036
f 2035//2035 2036//2036 2037//2037
f 2037//2037 2036//2036 2038//2038
f 2037//2037 2038//2038 2039//2039
f 2039//2039 2038//2038 2040//2040
f 2039//2039 2040//2040 2041//2041
f 2041//2041 2040//2040 2042//2042
f 2041//2041 2042//2042 2043//2043
f 2043//2043 2042//2042 2044//2044
f 2043//2043 2044//2044 2045//2045
f 2045//2045 2044//2044 2046//2046
f 2045//2045 2046//2046 2017//2017
f 2017//2017 2046//2046 2018//2018
f 2047//2047 2048//2048 2049//2049
f 2049//2049 2048//2048 2050//2050
f 2051//2051 2053//2053 2055//2055
f 2054//2054 2052//2052 2056//2056
f 2057//2057 2059//2059 2061//2061
f 2060//2060 2058//2058 2062//2062
f 2063//2063 2064//2064 2067//2067
f 2066//2066 2065//2065 2068//2068
f 2069//2069 2070//2070 2072//2072
f 2073//2073 2071//2071 2074//2074
f 2075//2075 2076//2076 2079//2079
f 2078//2078 2077//2077 2080//2080
f 2081//2081 2082//2082 2084//2084
f 2085//2085 2083//2083 2086//2086
f 2087//2087 2089//2089 2091//2091
f 2090//2090 2088//2088 2092//2092
f 2093//2093 2094//2094 2097//2097
f 2096//2096 2095//2095 2098//2098
f 2099//2099 2100//2100 2103//2103
f 2102//2102 2101//2101 2104//2104
f 2105//2105 2106//2106 2108//2108
f 2109//2109 2107//2107 2110//2110
f 2111//2111 2112//2112 2113//2113
f 2113//2113 2112//2112 2114//2114
f 2115//2115 2117//2117 2118//2118
f 2119//2119 2116//2116 2120//2120
f 2121//2121 2122//2122 2125//2125
f 2124//2124 2123//2123 2126//2126
f 2127//2127 2128//2128 2131//2131
f 2130//2130 2129//2129 2132//2132
f 2133//2133 2134//2134 2136//2136
f 2137//2137 2135//2135 2138//2138
f 2139//2139 2141//2141 2142//2142
f 2143//2143 2140//2140 2144//2144
f 2145//2145 2147//2147 2149//2149
f 2148//2148 2146//2146 2150//2150
f 2151//2151 2152//2152 2153//2153
f 2153//2153 2152//2152 2154//2154
f 2155//2155 2157//2157 2159//2159
f 2158//2158 2156//2156 2160//2160
f 2161//2161 2163//2163 2164//2164
f 2165//2165 2162//2162 2166//2166
f 2167//2167 2169//2169 2171//2171
f 2170//2170 2168//2168 2172//2172
f 2173//2173 2175//2175 2177//2177
f 2176//2176 2174//2174 2178//2178
f 2179//2179 2181//2181 2182//2182
f 2183//2183 2180//2180 2184//2184
f 2185//2185 2186//2186 2189//2189
f 2188//2188 2187//2187 2190//2190
f 2191//2191 2192//2192 2194//2194
f 2195//2195 2193//2193 2196//2196
f 2197//2197 2198//2198 2201//2201
f 2200//2200 2199//2199 2202//2202
f 2203//2203 2204//2204 2206//2206
f 2207//2207 2205//2205 2208//2208
f 2209//2209 2211//2211 2212//2212
f 2213//2213 2210//2210 2214//2214
f 2215//2215 2216//2216 2218//2218
f 2219//2219 2217//2217 2220//2220
f 2221//2221 2222//2222 2223//2223
f 2223//2223 2222//2222 2224//2224
f 2225//2225 2227//2227 2228//2228
f 2229//2229 2226//2226 2230//2230
f 2231//2231 2232//2232 2234//2234
f 2235//2235 2233//2233 2236//2236
f 2237//2237 2239//2239 2240//2240
f 2241//2241 2238//2238 2242//2242
f 2243//2243 2244//2244 2247//2247
f 2246//2246 2245//2245 2248//2248
f 2249//2249 2251//2251 2253//2253
f 2252//2252 2250//2250 2254//2254
f 2255//2255 2256//2256 2257//2257
f 2258//2258 2256//2256 2255//2255
f 2255//2255 2259//2259 2260//2260
f 2261//2261 2259//2259 2255//2255
f 2257//2257 2261//2261 2255//2255
f 2255//2255 2262//2262 2263//2263
f 2264//2264 2262//2262 2255//2255
f 2260//2260 2264//2264 2255//2255
f 2255//2255 2265//2265 2266//2266
f 2267//2267 2265//2265 2255//2255
f 2263//2263 2267//2267 2255//2255
f 2266//2266 2258//2258 2255//2255
f 2268//2268 2269//2269 2271//2271
f 2272//2272 2270//2270 2273//2273
f 2274//2274 2276//2276 2277//2277
f 2278//2278 2275//2275 2279//2279
f 2280//2280 2281//2281 2284//2284
f 2283//2283 2282//2282 2285//2285
f 2286//2286 2288//2288 2290//2290
f 2289//2289 2287//2287 2291//2291
f 2292//2292 2293//2293 2296//2296
f 2295//2295 2294//2294 2297//2297
f 2298//2298 2299//2299 2302//2302
f 2301//2301 2300//2300 2303//2303
f 2304//2304 2306//2306 2308//2308
f 2307//2307 2305//2305 2309//2309
f 2310//2310 2311//2311 2313//2313
f 2314//2314 2312//2312 2315//2315
f 2316//2316 2317//2317 2319//2319
f 2320//2320 2318//2318 2321//2321
f 2322//2322 2324//2324 2325//2325
f 2326//2326 2323//2323 2327//2327
f 2328//2328 2329//2329 2331//2331
f 2332//2332 2330//2330 2333//2333
f 2334//2334 2335//2335 2338//2338
f 2337//2337 2336//2336 2339//2339
f 2340//2340 2341//2341 2342//2342
f 2343//2343 2341//2341 2340//2340
f 2340//2340 2344//2344 2345//2345
f 2346//2346 2344//2344 2340//2340
f 2342//2342 2346//2346 2340//2340
f 2340//2340 2347//2347 2348//2348
f 2349//2349 2347//2347 2340//2340
f 2345//2345 2349//2349 2340//2340
f 2340//2340 2350//2350 2351//2351
f 2352//2352 2350//2350 2340//2340
f 2348//2348 2352//2352 2340//2340
f 2351//2351 2343//2343 2340//2340
f 2353//2353 2354//2354 2356//2356
f 2357//2357 2355//2355 2358//2358
f 2359//2359 2360//2360 2363//2363
f 2362//2362 2361//2361 2364//2364
f 2365//2365 2367//2367 2368//2368
f 2369//2369 2366//2366 2370//2370
f 2371//2371 2372//2372 2373//2373
f 2373//2373 2372//2372 2374//2374
f 2375//2375 2376//2376 2379//2379
f 2378//2378 2377//2377 2380//2380
f 2381//2381 2383//2383 2384//2384
f 2385//2385 2382//2382 2386//2386
f 2387//2387 2389//2389 2390//2390
f 2391//2391 2388//2388 2392//2392
f 2393//2393 2394//2394 2395//2395
f 2395//2395 2394//2394 2396//2396
f 2397//2397 2398//2398 2400//2400
f 2401//2401 2399//2399 2402//2402
f 2403//2403 2404//2404 2406//2406
f 2407//2407 2405//2405 2408//2408
f 2409//2409 2411//2411 2412//2412
f 2413//2413 2410//2410 2414//2414
f 2415//2415 2416//2416 2418//2418
f 2419//2419 2417//2417 2420//2420
f 2421//2421 2422//2422 2423//2423
f 2424//2424 2422//2422 2421//2421
f 2421//2421 2425//2425 2426//2426
f 2427//2427 2425//2425 2421//2421
f 2423//2423 2427//2427 2421//2421
f 2421//2421 2428//2428 2429//2429
f 2430//2430 2428//2428 2421//2421
f 2426//2426 2430//2430 2421//2421
f 2421//2421 2431//2431 2432//2432
f 2433//2433 2431//2431 2421//2421
f 2429//2429 2433//2433 2421//2421
f 2432//2432 2424//2424 2421//2421
f 2434//2434 2435//2435 2437//2437
f 2438//2438 2436//2436 2439//2439
f 2440//2440 2441//2441 2443//2443
f 2444//2444 2442//2442 2445//2445
f 2446//2446 2448//2448 2449//2449
f 2450//2450 2447//2447 2451//2451
f 2452//2452 2454//2454 2456//2456
f 2455//2455 2453//2453 2457//2457
f 2458//2458 2460//2460 2462//2462
f 2461//2461 2459//2459 2463//2463
f 2464//2464 2465//2465 2467//2467
f 2468//2468 2466//2466 2469//2469
f 2470//2470 2471//2471 2472//2472
f 2472//2472 2471//2471 2473//2473
f 2474//2474 2475//2475 2477//2477
f 2478//2478 2476//2476 2479//2479
f 2480//2480 2481//2481 2482//2482
f 2482//2482 2481//2481 2483//2483
f 2484//2484 2486//2486 2487//2487
f 2488//2488 2485//2485 2489//2489
f 2490//2490 2492//2492 2494//2494
f 2493//2493 2491//2491 2495//2495
f 2496//2496 2498//2498 2500//2500
f 2499//2499 2497//2497 2501//2501
f 2502//2502 2503//2503 2504//2504
f 2505//2505 2503//2503 2502//2502
f 2502//2502 2506//2506 2507//2507
f 2508//2508 2506//2506 2502//2502
f 2504//2504 2508//2508 2502//2502
f 2502//2502 2509//2509 2510//2510
f 2511//2511 2509//2509 2502//2502
f 2507//2507 2511//2511 2502//2502
f 2502//2502 2512//2512 2513//2513
f 2514//2514 2512//2512 2502//2502
f 2510//2510 2514//2514 2502//2502
f 2513//2513 2505//2505 2502//2502
f 2515//2515 2517//2517 2518//2518
f 2519//2519 2516//2516 2520//2520
f 2521//2521 2522//2522 2523//2523
f 2523//2523 2522//2522 2524//2524
f 2525//2525 2527//2527 2529//2529
f 2528//2528 2526//2526 2530//2530
f 2531//2531 2533//2533 2535//2535
f 2534//2534 2532//2532 2536//2536
f 2537//2537 2539//2539 2541//2541
f 2540//2540 2538//2538 2542//2542
f 2543//2543 2544//2544 2547//2547
f 2546//2546 2545//2545 2548//2548
f 2549//2549 2550//2550 2553//2553
f 2552//2552 2551//2551 2554//2554
f 2555//2555 2557//2557 2558//2558
f 2559//2559 2556//2556 2560//2560
f 2561//2561 2563//2563 2564//2564
f 2565//2565 2562//2562 2566//2566
f 2567//2567 2569//2569 2570//2570
f 2571//2571 2568//2568 2572//2572
f 2573//2573 2575//2575 2576//2576
f 2577//2577 2574//2574 2578//2578
f 2579//2579 2580//2580 2583//2583
f 2582//2582 2581//2581 2584//2584
f 2585//2585 2586//2586 2587//2587
f 2588//2588 2586//2586 2585//2585
f 2585//2585 2589//2589 2590//2590
f 2591//2591 2589//2589 2585//2585
f 2587//2587 2591//2591 2585//2585
f 2585//2585 2592//2592 2593//2593
f 2594//2594 2592//2592 2585//2585
f 2590//2590 2594//2594 2585//2585
f 2585//2585 2595//2595 2596//2596
f 2597//2597 2595//2595 2585//2585
f 2593//2593 2597//2597 2585//2585
f 2596//2596 2588//2588 2585//2585
f 2598//2598 2600//2600 2602//2602
f 2601//2601 2599//2599 2603//2603
f 2604//2604 2605//2605 2606//2606
f 2606//2606 2605//2605 2607//2607
f 2608//2608 2610//2610 2612//2612
f 2611//2611 2609//2609 2613//2613
f 2614//2614 2615//2615 2616//2616
f 2616//2616 2615//2615 2617//2617
f 2618//2618 2619//2619 2622//2622
f 2621//2621 2620//2620 2623//2623
f 2624//2624 2626//2626 2627//2627
f 2628//2628 2625//2625 2629//2629
f 2630//2630 2632//2632 2633//2633
f 2634//2634 2631//2631 2635//2635
f 2636//2636 2637//2637 2639//2639
f 2640//2640 2638//2638 2641//2641
f 2642//2642 2644//2644 2646//2646
f 2645//2645 2643//2643 2647//2647
f 2648//2648 2649//2649 2650//2650
f 2650//2650 2649//2649 2651//2651
f 2652//2652 2653//2653 2656//2656
f 2655//2655 2654//2654 2657//2657
f 2658//2658 2660//2660 2661//2661
f 2662//2662 2659//2659 2663//2663
f 2664//2664 2665//2665 2666//2666
f 2667//2667 2665//2665 2664//2664
f 2664//2664 2668//2668 2669//2669
f 2670//2670 2668//2668 2664//2664
f 2666//2666 2670//2670 2664//2664
f 2664//2664 2671//2671 2672//2672
f 2673//2673 2671//2671 2664//2664
f 2669//2669 2673//2673 2664//2664
f 2664//2664 2674//2674 2675//2675
f 2676//2676 2674//2674 2664//2664
f 2672//2672 2676//2676 2664//2664
f 2675//2675 2667//2667 2664//2664
f 2677//2677 2678//2678 2680//2680
f 2681//2681 2679//2679 2682//2682
f 2683//2683 2684//2684 2685//2685
f 2685//2685 2684//2684 2686//2686
f 2687//2687 2689//2689 2691//2691
f 2690//2690 2688//2688 2692//2692
f 2693//2693 2694//2694 2696//2696
f 2697//2697 2695//2695 2698//2698
f 2699//2699 2701//2701 2703//2703
f 2702//2702 2700//2700 2704//2704
f 2705//2705 2706//2706 2708//2708
f 2709//2709 2707//2707 2710//2710
f 2711//2711 2713//2713 2715//2715
f 2714//2714 2712//2712 2716//2716
f 2717//2717 2719//2719 2720//2720
f 2721//2721 2718//2718 2722//2722
f 2723//2723 2725//2725 2726//2726
f 2727//2727 2724//2724 2728//2728
f 2729//2729 2731//2731 2733//2733
f 2732//2732 2730//2730 2734//2734
f 2735//2735 2737//2737 2739//2739
f 2738//2738 2736//2736 2740//2740
f 2741//2741 2742//2742 2745//2745
f 2744//2744 2743//2743 2746//2746
f 2747//2747 2748//2748 2749//2749
f 2750//2750 2748//2748 2747//2747
f 2747//2747 2751//2751 2752//2752
f 2753//2753 2751//2751 2747//2747
f 2749//2749 2753//2753 2747//2747
f 2747//2747 2754//2754 2755//2755
f 2756//2756 2754//2754 2747//2747
f 2752//2752 2756//2756 2747//2747
f 2747//2747 2757//2757 2758//2758
f 2759//2759 2757//2757 2747//2747
f 2755//2755 2759//2759 2747//2747
f 2758//2758 2750//2750 2747//2747
f 2760//2760 2762//2762 2764//2764
f 2763//2763 2761//2761 2765//2765
f 2766//2766 2767//2767 2768//2768
f 2768//2768 2767//2767 2769//2769
f 2770//2770 2771//2771 2773//2773
f 2774//2774 2772//2772 2775//2775
f 2776//2776 2778//2778 2779//2779
f 2780//2780 2777//2777 2781//2781
f 2782//2782 2784//2784 2785//2785
f 2786//2786 2783//2783 2787//2787
f 2788//2788 2790//2790 2792//2792
f 2791//2791 2789//2789 2793//2793
f 2794//2794 2795//2795 2797//2797
f 2798//2798 2796//2796 2799//2799
f 2800//2800 2801//2801 2802//2802
f 2802//2802 2801//2801 2803//2803
f 2804//2804 2806//2806 2807//2807
f 2808//2808 2805//2805 2809//2809
f 2810//2810 2812//2812 2814//2814
f 2813//2813 2811//2811 2815//2815
f 2816//2816 2818//2818 2819//2819
f 2820//2820 2817//2817 2821//2821
f 2822//2822 2824//2824 2825//2825
f 2826//2826 2823//2823 2827//2827
f 2828//2828 2829//2829 2830//2830
f 2831//2831 2829//2829 2828//2828
f 2828//2828 2832//2832 2833//2833
f 2834//2834 2832//2832 2828//2828
f 2830//2830 2834//2834 2828//2828
f 2828//2828 2835//2835 2836//2836
f 2837//2837 2835//2835 2828//2828
f 2833//2833 2837//2837 2828//2828
f 2828//2828 2838//2838 2839//2839
f 2840//2840 2838//2838 2828//2828
f 2836//2836 2840//2840 2828//2828
f 2839//2839 2831//2831 2828//2828
f 2841//2841 2843//2843 2844//2844
f 2845//2845 2842//2842 2846//2846
f 2847//2847 2848//2848 2851//2851
f 2850//2850 2849//2849 2852//2852
f 2853//2853 2855//2855 2856//2856
f 2857//2857 2854//2854 2858//2858
f 2859//2859 2861//2861 2863//2863
f 2862//2862 2860//2860 2864//2864
f 2865//2865 2866//2866 2868//2868
f 2869//2869 2867//2867 2870//2870
f 2871//2871 2872//2872 2874//2874
f 2875//2875 2873//2873 2876//2876
f 2877//2877 2879//2879 2880//2880
f 2881//2881 2878//2878 2882//2882
f 2883//2883 2885//2885 2886//2886
f 2887//2887 2884//2884 2888//2888
f 2889//2889 2891//2891 2893//2893
f 2892//2892 2890//2890 2894//2894
f 2895//2895 2896//2896 2899//2899
f 2898//2898 2897//2897 2900//2900
f 2901//2901 2902//2902 2903//2903
f 2903//2903 2902//2902 2904//2904
f 2905//2905 2906//2906 2907//2907
f 2907//2907 2906//2906 2908//2908
f 2909//2909 2910//2910 2911//2911
f 2912//2912 2910//2910 2909//2909
f 2909//2909 2913//2913 2914//2914
f 2915//2915 2913//2913 2909//2909
f 2911//2911 2915//2915 2909//2909
f 2909//2909 2916//2916 2917//2917
f 2918//2918 2916//2916 2909//2909
f 2914//2914 2918//2918 2909//2909
f 2909//2909 2919//2919 2920//2920
f 2921//2921 2919//2919 2909//2909
f 2917//2917 2921//2921 2909//2909
f 2920//2920 2912//2912 2909//2909
f 2922//2922 2923//2923 2924//2924
f 2924//2924 2923//2923 2925//2925
f 2926//2926 2928//2928 2929//2929
f 2930//2930 2927//2927 2931//2931
f 2932//2932 2934//2934 2935//2935
f 2936//2936 2933//2933 2937//2937
f 2938//2938 2940//2940 2941//2941
f 2942//2942 2939//2939 2943//2943
f 2944//2944 2945//2945 2947//2947
f 2948//2948 2946//2946 2949//2949
f 2950//2950 2952//2952 2953//2953
f 2954//2954 2951//2951 2955//2955
f 2956//2956 2957//2957 2958//2958
f 2958//2958 2957//2957 2959//2959
f 2960//2960 2961//2961 2964//2964
f 2963//2963 2962//2962 2965//2965
f 2966//2966 2968//2968 2969//2969
f 2970//2970 2967//2967 2971//2971
f 2972//2972 2974//2974 2975//2975
f 2976//2976 2973//2973 2977//2977
f 2978//2978 2980//2980 2981//2981
f 2982//2982 2979//2979 2983//2983
f 2984//2984 2985//2985 2987//2987
f 2988//2988 2986//2986 2989//2989
f 2991//2991 2992//2992 2995//2995
f 2994//2994 2993//2993 2998//2998
f 2996//2996 2997//2997 2999//2999
f 3000//3000 2998//2998 3002//3002
f 3001//3001 3003//3003 3004//3004
f 3006//3006 3002//3002 3008//3008
f 3005//3005 3007//3007 3010//3010
f 3009//3009 3008//3008 3012//3012
f 3009//3009 3012//3012 3014//3014
f 3015//3015 3011//3011 3018//3018
f 3013//3013 3016//3016 3019//3019
f 3021//3021 3017//3017 3022//3022
f 3020//3020 3023//3023 3026//3026
f 3025//3025 3024//3024 3027//3027
f 3025//3025 3027//3027 3028//3028
f 3028//3028 3027//3027 3031//3031
f 3029//3029 3032//3032 3035//3035
f 3034//3034 3030//3030 3036//3036
f 3033//3033 3037//3037 3038//3038
f 3038//3038 3037//3037 3041//3041
f 3039//3039 3040//3040 3043//3043
f 3042//3042 3041//3041 3044//3044
f 3042//3042 3044//3044 3046//3046
f 3046//3046 3044//3044 3048//3048
f 3045//3045 3047//3047 3050//3050
f 3049//3049 3048//3048 3053//3053
f 3051//3051 3052//3052 3055//3055
f 3054//3054 3053//3053 3057//3057
f 3056//3056 3058//3058 3059//3059
f 3060//3060 3057//3057 3061//3061
f 3060//3060 3061//3061 3062//3062
f 3062//3062 3061//3061 3063//3063
f 3062//3062 3063//3063 3064//3064
f 3064//3064 3063//3063 3065//3065
f 3064//3064 3065//3065 3066//3066
f 3066//3066 3065//3065 3067//3067
f 3066//3066 3067//3067 3068//3068
f 3068//3068 3067//3067 3069//3069
f 3068//3068 3069//3069 3070//3070
f 3070//3070 3069//3069 3073//3073
f 3071//3071 3072//3072 3075//3075
f 3074//3074 3073//3073 3076//3076
f 3074//3074 3076//3076 3077//3077
f 3077//3077 3076//3076 3079//3079
f 3077//3077 3079//3079 3080//3080
f 3081//3081 3078//3078 3082//3082
f 3080//3080 3083//3083 3084//3084
f 3084//3084 3083//3083 3085//3085
f 3084//3084 3085//3085 3086//3086
f 3086//3086 3085//3085 3087//3087
f 3086//3086 3087//3087 3088//3088
f 3088//3088 3087//3087 3089//3089
f 3088//3088 3089//3089 3090//3090
f 3090//3090 3089//3089 3091//3091
f 3090//3090 3091//3091 3092//3092
f 3092//3092 3091//3091 3093//3093
f 3092//3092 3093//3093 3094//3094
f 3094//3094 3093//3093 3096//3096
f 3094//3094 3096//3096 3097//3097
f 3098//3098 3095//3095 3100//3100
f 3099//3099 3102//3102 3103//3103
f 3105//3105 3101//3101 3106//3106
f 3104//3104 3108//3108 3109//3109
f 3110//3110 3107//3107 3113//3113
f 3111//3111 3112//3112 3114//3114
f 3116//3116 3113//3113 3117//3117
f 3115//3115 3118//3118 3119//3119
f 3120//3120 3117//3117 3121//3121
f 3120//3120 3121//3121 3122//3122
f 3122//3122 3121//3121 2990//2990
f 3122//3122 2990//2990 2994//2994
f 3123//3123 3126//3126 3128//3128
f 3128//3128 3126//3126 3129//3129
f 3127//3127 3130//3130 3131//3131
f 3131//3131 3130//3130 3133//3133
f 3132//3132 3134//3134 3136//3136
f 3136//3136 3134//3134 3137//3137
f 3135//3135 3138//3138 3139//3139
f 3139//3139 3138//3138 3141//3141
f 3140//3140 3142//3142 3144//3144
f 3144//3144 3142//3142 3145//3145
f 3143//3143 3146//3146 3147//3147
f 3147//3147 3146//3146 3149//3149
f 3148//3148 3150//3150 3152//3152
f 3152//3152 3150//3150 3153//3153
f 3151//3151 3154//3154 3156//3156
f 3156//3156 3154//3154 3157//3157
f 3155//3155 3158//3158 3160//3160
f 3160//3160 3158//3158 3161//3161
f 3159//3159 3162//3162 3163//3163
f 3163//3163 3162//3162 3165//3165
f 3164//3164 3166//3166 3168//3168
f 3168//3168 3166//3166 3169//3169
f 3167//3167 3170//3170 3172//3172
f 3172//3172 3170//3170 3173//3173
f 3171//3171 3174//3174 3175//3175
f 3175//3175 3174//3174 3176//3176
f 3175//3175 3176//3176 3177//3177
f 3177//3177 3176//3176 3178//3178
f 3177//3177 3178//3178 3180//3180
f 3180//3180 3178//3178 3181//3181
f 3179//3179 3182//3182 3184//3184
f 3184//3184 3182//3182 3185//3185
f 3183//3183 3186//3186 3188//3188
f 3188//3188 3186//3186 3189//3189
f 3187//3187 3190//3190 3191//3191
f 3191//3191 3190//3190 3192//3192
f 3191//3191 3192//3192 3125//3125
f 3124//3124 3193//3193 3194//3194
f 3196//3196 3197//3197 3207//3207
f 3208//3208 3209//3209 3207//3207
f 3202//3202 3210//3210 3212//3212
f 3201//3201 3211//3211 3195//3195
f 3214//3214 3215//3215 3198//3198
f 3207//3207 3216//3216 3217//3217
f 3207//3207 3217//3217 3208//3208
f 3219//3219 3221//3221 3207//3207
f 3199//3199 3220//3220 3222//3222
f 3206//3206 3223//3223 3213//3213
f 3224//3224 3227//3227 3207//3207
f 3205//3205 3226//3226 3228//3228
f 3204//3204 3229//3229 3218//3218
f 3230//3230 3231//3231 3207//3207
f 3207//3207 3231//3231 3232//3232
f 3203//3203 3233//3233 3225//3225
f 3197//3197 3235//3235 3207//3207
f 3200//3200 3234//3234 3237//3237
f 3207//3207 3236//3236 3230//3230
f 3238//3238 3239//3239 3240//3240
f 3240//3240 3239//3239 3241//3241
f 3240//3240 3241//3241 3242//3242
f 3242//3242 3241//3241 3243//3243
f 3242//3242 3243//3243 3244//3244
f 3244//3244 3243//3243 3245//3245
f 3244//3244 3245//3245 3246//3246
f 3246//3246 3245//3245 3247//3247
f 3246//3246 3247//3247 3248//3248
f 3248//3248 3247//3247 3251//3251
f 3249//3249 3250//3250 3252//3252
f 3253//3253 3251//3251 3255//3255
f 3253//3253 3255//3255 3256//3256
f 3257//3257 3254//3254 3260//3260
f 3256//3256 3258//3258 3262//3262
f 3261//3261 3259//3259 3264//3264
f 3263//3263 3266//3266 3269//3269
f 3267//3267 3265//3265 3271//3271
f 3268//3268 3272//3272 3273//3273
f 3275//3275 3270//3270 3276//3276
f 3274//3274 3277//3277 3278//3278
f 3279//3279 3276//3276 3280//3280
f 3279//3279 3280//3280 3281//3281
f 3281//3281 3280//3280 3282//3282
f 3281//3281 3282//3282 3285//3285
f 3284//3284 3283//3283 3288//3288
f 3286//3286 3289//3289 3290//3290
f 3291//3291 3287//3287 3292//3292
f 3291//3291 3292//3292 3293//3293
f 3293//3293 3292//3292 3294//3294
f 3293//3293 3294//3294 3297//3297
f 3298//3298 3295//3295 3299//3299
f 3296//3296 3300//3300 3302//3302
f 3303//3303 3301//3301 3304//3304
f 3303//3303 3304//3304 3305//3305
f 3305//3305 3304//3304 3306//3306
f 3305//3305 3306//3306 3307//3307
f 3307//3307 3306//3306 3308//3308
f 3307//3307 3308//3308 3309//3309
f 3309//3309 3308//3308 3310//3310
f 3309//3309 3310//3310 3311//3311
f 3311//3311 3310//3310 3312//3312
f 3311//3311 3312//3312 3313//3313
f 3313//3313 3312//3312 3314//3314
f 3313//3313 3314//3314 3315//3315
f 3315//3315 3314//3314 3318//3318
f 3316//3316 3317//3317 3320//3320
f 3319//3319 3318//3318 3321//3321
f 3319//3319 3321//3321 3324//3324
f 3323//3323 3322//3322 3325//3325
f 3324//3324 3326//3326 3329//3329
f 3328//3328 3327//3327 3331//3331
f 3329//3329 3330//3330 3332//3332
f 3332//3332 3330//3330 3333//3333
f 3332//3332 3333//3333 3335//3335
f 3336//3336 3334//3334 3338//3338
f 3335//3335 3337//3337 3341//3341
f 3340//3340 3339//3339 3342//3342
f 3341//3341 3343//3343 3344//3344
f 3344//3344 3343//3343 3346//3346
f 3344//3344 3346//3346 3348//3348
f 3349//3349 3345//3345 3350//3350
f 3347//3347 3352//3352 3354//3354
f 3353//3353 3351//3351 3355//3355
f 3353//3353 3355//3355 3359//3359
f 3358//3358 3356//3356 3360//3360
f 3357//3357 3361//3361 3364//3364
f 3363//3363 3362//3362 3366//3366
f 3365//3365 3367//3367 3368//3368
f 3369//3369 3366//3366 3370//3370
f 3369//3369 3370//3370 3238//3238
f 3238//3238 3370//3370 3239//3239
f 3371//3371 3374//3374 3379//3379
f 3378//3378 3376//3376 3380//3380
f 3377//3377 3381//3381 3384//3384
f 3383//3383 3380//3380 3385//3385
f 3382//3382 3386//3386 3389//3389
f 3387//3387 3385//3385 3390//3390
f 3388//3388 3391//3391 3392//3392
f 3393//3393 3390//3390 3397//3397
f 3394//3394 3395//3395 3400//3400
f 3399//3399 3396//3396 3403//3403
f 3398//3398 3402//3402 3406//3406
f 3404//3404 3401//3401 3409//3409
f 3405//3405 3408//3408 3411//3411
f 3412//3412 3407//3407 3415//3415
f 3410//3410 3413//3413 3416//3416
f 3417//3417 3414//3414 3419//3419
f 3418//3418 3421//3421 3423//3423
f 3422//3422 3420//3420 3426//3426
f 3424//3424 3425//3425 3427//3427
f 3427//3427 3425//3425 3428//3428
f 3427//3427 3428//3428 3429//3429
f 3429//3429 3428//3428 3430//3430
f 3429//3429 3430//3430 3433//3433
f 3432//3432 3431//3431 3434//3434
f 3433//3433 3436//3436 3437//3437
f 3438//3438 3435//3435 3441//3441
f 3437//3437 3440//3440 3443//3443
f 3442//3442 3439//3439 3444//3444
f 3443//3443 3445//3445 3446//3446
f 3446//3446 3445//3445 3450//3450
f 3447//3447 3449//3449 3452//3452
f 3451//3451 3448//3448 3454//3454
f 3453//3453 3456//3456 3459//3459
f 3457//3457 3455//3455 3460//3460
f 3458//3458 3462//3462 3463//3463
f 3461//3461 3464//3464 3468//3468
f 3467//3467 3465//3465 3471//3471
f 3466//3466 3470//3470 3474//3474
f 3472//3472 3469//3469 3475//3475
f 3473//3473 3476//3476 3477//3477
f 3479//3479 3475//3475 3480//3480
f 3478//3478 3481//3481 3484//3484
f 3482//3482 3480//3480 3485//3485
f 3483//3483 3486//3486 3487//3487
f 3489//3489 3485//3485 3490//3490
f 3488//3488 3491//3491 3493//3493
f 3494//3494 3492//3492 3497//3497
f 3495//3495 3496//3496 3501//3501
f 3500//3500 3498//3498 3503//3503
f 3499//3499 3504//3504 3505//3505
f 3506//3506 3502//3502 3508//3508
f 3507//3507 3509//3509 3513//3513
f 3511//3511 3510//3510 3514//3514
f 3512//3512 3516//3516 3517//3517
f 3518//3518 3515//3515 3520//3520
f 3519//3519 3521//3521 3522//3522
f 3522//3522 3521//3521 3523//3523
f 3522//3522 3523//3523 3524//3524
f 3524//3524 3523//3523 3525//3525
f 3524//3524 3525//3525 3528//3528
f 3527//3527 3526//3526 3529//3529
f 3528//3528 3531//3531 3533//3533
f 3532//3532 3530//3530 3536//3536
f 3533//3533 3535//3535 3538//3538
f 3537//3537 3534//3534 3540//3540
f 3538//3538 3539//3539 3542//3542
f 3542//3542 3539//3539 3545//3545
f 3541//3541 3544//3544 3548//3548
f 3547//3547 3543//3543 3551//3551
f 3546//3546 3550//3550 3554//3554
f 3553//3553 3549//3549 3556//3556
f 3552//3552 3555//3555 3558//3558
f 3372//3372 3557//3557 3559//3559
f 3373//3373 3560//3560 3375//3375
f 3561//3561 3562//3562 3563//3563
f 3563//3563 3562//3562 3564//3564
f 3563//3563 3564//3564 3565//3565
f 3565//3565 3564//3564 3566//3566
f 3565//3565 3566//3566 3567//3567
f 3567//3567 3566//3566 3568//3568
f 3567//3567 3568//3568 3569//3569
f 3569//3569 3568//3568 3570//3570
f 3569//3569 3570//3570 3571//3571
f 3571//3571 3570//3570 3572//3572
f 3571//3571 3572//3572 3573//3573
f 3573//3573 3572//3572 3574//3574
f 3573//3573 3574//3574 3575//3575
f 3575//3575 3574//3574 3576//3576
f 3575//3575 3576//3576 3577//3577
f 3577//3577 3576//3576 3578//3578
f 3577//3577 3578//3578 3579//3579
f 3579//3579 3578//3578 3580//3580
f 3579//3579 3580//3580 3581//3581
f 3581//3581 3580//3580 3582//3582
f 3581//3581 3582//3582 3583//3583
f 3583//3583 3582//3582 3584//3584
f 3583//3583 3584//3584 3585//3585
f 3585//3585 3584//3584 3586//3586
f 3585//3585 3586//3586 3587//3587
f 3587//3587 3586//3586 3588//3588
f 3587//3587 3588//3588 3589//3589
f 3589//3589 3588//3588 3590//3590
f 3589//3589 3590//3590 3591//3591
f 3591//3591 3590//3590 3592//3592
f 3591//3591 3592//3592 3593//3593
f 3593//3593 3592//3592 3594//3594
f 3593//3593 3594//3594 3595//3595
f 3595//3595 3594//3594 3596//3596
f 3595//3595 3596//3596 3597//3597
f 3597//3597 3596//3596 3598//3598
f 3597//3597 3598//3598 3599//3599
f 3599//3599 3598//3598 3600//3600
f 3599//3599 3600//3600 3601//3601
f 3601//3601 3600//3600 3602//3602
f 3601//3601 3602//3602 3603//3603
f 3603//3603 3602//3602 3604//3604
f 3603//3603 3604//3604 3605//3605
f 3605//3605 3604//3604 3606//3606
f 3605//3605 3606//3606 3607//3607
f 3607//3607 3606//3606 3608//3608
f 3607//3607 3608//3608 3609//3609
f 3609//3609 3608//3608 3610//3610
f 3609//3609 3610//3610 3611//3611
f 3611//3611 3610//3610 3612//3612
f 3611//3611 3612//3612 3613//3613
f 3613//3613 3612//3612 3614//3614
f 3613//3613 3614//3614 3615//3615
f 3615//3615 3614//3614 3616//3616
f 3615//3615 3616//3616 3617//3617
f 3617//3617 3616//3616 3618//3618
f 3617//3617 3618//3618 3619//3619
f 3619//3619 3618//3618 3620//3620
f 3619//3619 3620//3620 3621//3621
f 3621//3621 3620//3620 3622//3622
f 3621//3621 3622//3622 3623//3623
f 3623//3623 3622//3622 3624//3624
f 3623//3623 3624//3624 3625//3625
f 3625//3625 3624//3624 3626//3626
f 3625//3625 3626//3626 3627//3627
f 3627//3627 3626//3626 3628//3628
f 3627//3627 3628//3628 3629//3629
f 3629//3629 3628//3628 3630//3630
f 3629//3629 3630//3630 3631//3631
f 3631//3631 3630//3630 3632//3632
f 3631//3631 3632//3632 3633//3633
f 3633//3633 3632//3632 3634//3634
f 3633//3633 3634//3634 3635//3635
f 3635//3635 3634//3634 3636//3636
f 3635//3635 3636//3636 3561//3561
f 3561//3561 3636//3636 3562//3562
f 3637//3637 3638//3638 3639//3639
f 3639//3639 3638//3638 3640//3640
f 3639//3639 3640//3640 3641//3641
f 3641//3641 3640//3640 3642//3642
f 3641//3641 3642//3642 3643//3643
f 3643//3643 3642//3642 3644//3644
f 3643//3643 3644//3644 3645//3645
f 3645//3645 3644//3644 3646//3646
f 3645//3645 3646//3646 3647//3647
f 3647//3647 3646//3646 3648//3648
f 3647//3647 3648//3648 3649//3649
f 3649//3649 3648//3648 3650//3650
f 3649//3649 3650//3650 3651//3651
f 3651//3651 3650//3650 3652//3652
f 3651//3651 3652//3652 3653//3653
f 3653//3653 3652//3652 3654//3654
f 3653//3653 3654//3654 3655//3655
f 3655//3655 3654//3654 3656//3656
f 3655//3655 3656//3656 3657//3657
f 3657//3657 3656//3656 3658//3658
f 3657//3657 3658//3658 3659//3659
f 3660//3660 3661//3661 3662//3662
f 3660//3660 3662//3662 3637//3637
f 3637//3637 3662//3662 3638//3638
f 3663//3663 3664//3664 3665//3665
f 3665//3665 3664//3664 3666//3666
f 3665//3665 3666//3666 3667//3667
f 3667//3667 3666//3666 3668//3668
f 3667//3667 3668//3668 3669//3669
f 3669//3669 3668//3668 3670//3670
f 3669//3669 3670//3670 3671//3671
f 3671//3671 3670//3670 3672//3672
f 3671//3671 3672//3672 3673//3673
f 3673//3673 3672//3672 3674//3674
f 3673//3673 3674//3674 3675//3675
f 3675//3675 3674//3674 3676//3676
f 3675//3675 3676//3676 3677//3677
f 3677//3677 3676//3676 3678//3678
f 3677//3677 3678//3678 3679//3679
f 3679//3679 3678//3678 3680//3680
f 3679//3679 3680//3680 3681//3681
f 3681//3681 3680//3680 3682//3682
f 3681//3681 3682//3682 3683//3683
f 3683//3683 3682//3682 3684//3684
f 3683//3683 3684//3684 3685//3685
f 3685//3685 3684//3684 3686//3686
f 3685//3685 3686//3686 3663//3663
f 3663//3663 3686//3686 3664//3664
f 3687//3687 3688//3688 3689//3689
f 3689//3689 3688//3688 3690//3690
f 3689//3689 3690//3690 3691//3691
f 3691//3691 3690//3690 3692//3692
f 3691//3691 3692//3692 3693//3693
f 3693//3693 3692//3692 3694//3694
f 3693//3693 3694//3694 3695//3695
f 3695//3695 3694//3694 3696//3696
f 3695//3695 3696//3696 3697//3697
f 3697//3697 3696//3696 3698//3698
f 3697//3697 3698//3698 3699//3699
f 3699//3699 3698//3698 3700//3700
f 3699//3699 3700//3700 3701//3701
f 3701//3701 3700//3700 3702//3702
f 3701//3701 3702//3702 3703//3703
f 3703//3703 3702//3702 3704//3704
f 3703//3703 3704//3704 3705//3705
f 3705//3705 3704//3704 3706//3706
f 3705//3705 3706//3706 3707//3707
f 3707//3707 3706//3706 3708//3708
f 3707//3707 3708//3708 3709//3709
f 3709//3709 3708//3708 3710//3710
f 3709//3709 3710//3710 3687//3687
f 3687//3687 3710//3710 3688//3688
f 3711//3711 3712//3712 3713//3713
f 3713//3713 3712//3712 3714//3714
f 3714//3714 3715//3715 3713//3713
f 3713//3713 3715//3715 3716//3716
f 3713//3713 3716//3716 3718//3718
f 3717//3717 3719//3719 3720//3720
f 3717//3717 3720//3720 3721//3721
f 3721//3721 3720//3720 3722//3722
f 3721//3721 3722//3722 3723//3723
f 3723//3723 3722//3722 3724//3724
f 3723//3723 3724//3724 3725//3725
f 3725//3725 3724//3724 3726//3726
f 3725//3725 3726//3726 3727//3727
f 3727//3727 3726//3726 3728//3728
f 3727//3727 3728//3728 3729//3729
f 3729//3729 3728//3728 3730//3730
f 3729//3729 3730//3730 3731//3731
f 3731//3731 3730//3730 3732//3732
f 3731//3731 3732//3732 3733//3733
f 3734//3734 3735//3735 3736//3736
f 3734//3734 3736//3736 3738//3738
f 3737//3737 3739//3739 3740//3740
f 3737//3737 3740//3740 3741//3741
f 3741//3741 3740//3740 3742//3742
f 3741//3741 3742//3742 3744//3744
f 3743//3743 3745//3745 3746//3746
f 3743//3743 3746//3746 3747//3747
f 3747//3747 3746//3746 3748//3748
f 3747//3747 3748//3748 3749//3749
f 3749//3749 3748//3748 3750//3750
f 3749//3749 3750//3750 3751//3751
f 3752//3752 3753//3753 3754//3754
f 3752//3752 3754//3754 3756//3756
f 3755//3755 3757//3757 3758//3758
f 3755//3755 3758//3758 3759//3759
f 3760//3760 3761//3761 3762//3762
f 3760//3760 3762//3762 3763//3763
f 3764//3764 3765//3765 3766//3766
f 3764//3764 3766//3766 3767//3767
f 3767//3767 3766//3766 3768//3768
f 3767//3767 3768//3768 3769//3769
f 3769//3769 3768//3768 3770//3770
f 3769//3769 3770//3770 3771//3771
f 3771//3771 3770//3770 3772//3772
f 3771//3771 3772//3772 3773//3773
f 3773//3773 3772//3772 3774//3774
f 3773//3773 3774//3774 3775//3775
f 3775//3775 3774//3774 3776//3776
f 3775//3775 3776//3776 3777//3777
f 3777//3777 3776//3776 3778//3778
f 3777//3777 3778//3778 3779//3779
f 3779//3779 3778//3778 3780//3780
f 3779//3779 3780//3780 3781//3781
f 3781//3781 3780//3780 3782//3782
f 3781//3781 3782//3782 3783//3783
f 3784//3784 3785//3785 3786//3786
f 3784//3784 3786//3786 3787//3787
f 3787//3787 3786//3786 3788//3788
f 3787//3787 3788//3788 3789//3789
f 3790//3790 3791//3791 3792//3792
f 3790//3790 3792//3792 3793//3793
f 3793//3793 3792//3792 3794//3794
f 3793//3793 3794//3794 3795//3795
f 3795//3795 3794//3794 3796//3796
f 3795//3795 3796//3796 3797//3797
f 3797//3797 3796//3796 3798//3798
f 3797//3797 3798//3798 3799//3799
f 3799//3799 3798//3798 3800//3800
f 3799//3799 3800//3800 3801//3801
f 3801//3801 3800//3800 3802//3802
f 3801//3801 3802//3802 3803//3803
f 3803//3803 3802//3802 3804//3804
f 3803//3803 3804//3804 3805//3805
f 3805//3805 3804//3804 3806//3806
f 3805//3805 3806//3806 3807//3807
f 3807//3807 3806//3806 3808//3808
f 3807//3807 3808//3808 3810//3810
f 3711//3711 3809//3809 3811//3811
f 3711//3711 3811//3811 3712//3712
f 3812//3812 3813//3813 3814//3814
f 3814//3814 3813//3813 3815//3815
f 3814//3814 3815//3815 3816//3816
f 3816//3816 3815//3815 3817//3817
f 3816//3816 3817//3817 3818//3818
f 3818//3818 3817//3817 3819//3819
f 3818//3818 3819//3819 3820//3820
f 3820//3820 3819//3819 3821//3821
f 3820//3820 3821//3821 3822//3822
f 3822//3822 3821//3821 3823//3823
f 3822//3822 3823//3823 3824//3824
f 3824//3824 3823//3823 3825//3825
f 3824//3824 3825//3825 3826//3826
f 3826//3826 3825//3825 3827//3827
f 3826//3826 3827//3827 3828//3828
f 3828//3828 3827//3827 3829//3829
f 3828//3828 3829//3829 3830//3830
f 3830//3830 3829//3829 3831//3831
f 3830//3830 3831//3831 3832//3832
f 3832//3832 3831//3831 3833//3833
f 3832//3832 3833//3833 3834//3834
f 3834//3834 3833//3833 3835//3835
f 3834//3834 3835//3835 3836//3836
f 3836//3836 3835//3835 3837//3837
f 3836//3836 3837//3837 3838//3838
f 3838//3838 3837//3837 3839//3839
f 3838//3838 3839//3839 3840//3840
f 3840//3840 3839//3839 3841//3841
f 3840//3840 3841//3841 3842//3842
f 3842//3842 3841//3841 3843//3843
f 3842//3842 3843//3843 3844//3844
f 3844//3844 3843//3843 3845//3845
f 3844//3844 3845//3845 3846//3846
f 3846//3846 3845//3845 3847//3847
f 3846//3846 3847//3847 3848//3848
f 3848//3848 3847//3847 3849//3849
f 3848//3848 3849//3849 3850//3850
f 3850//3850 3849//3849 3851//3851
f 3850//3850 3851//3851 3852//3852
f 3852//3852 3851//3851 3853//3853
f 3852//3852 3853//3853 3854//3854
f 3854//3854 3853//3853 3855//3855
f 3854//3854 3855//3855 3856//3856
f 3856//3856 3855//3855 3857//3857
f 3856//3856 3857//3857 3858//3858
f 3858//3858 3857//3857 3859//3859
f 3858//3858 3859//3859 3860//3860
f 3860//3860 3859//3859 3861//3861
f 3860//3860 3861//3861 3862//3862
f 3862//3862 3861//3861 3863//3863
f 3862//3862 3863//3863 3864//3864
f 3864//3864 3863//3863 3865//3865
f 3864//3864 3865//3865 3866//3866
f 3866//3866 3865//3865 3867//3867
f 3866//3866 3867//3867 3868//3868
f 3868//3868 3867//3867 3869//3869
f 3868//3868 3869//3869 3870//3870
f 3870//3870 3869//3869 3871//3871
f 3870//3870 3871//3871 3872//3872
f 3872//3872 3871//3871 3873//3873
f 3872//3872 3873//3873 3874//3874
f 3874//3874 3873//3873 3875//3875
f 3874//3874 3875//3875 3876//3876
f 3876//3876 3875//3875 3877//3877
f 3876//3876 3877//3877 3878//3878
f 3878//3878 3877//3877 3879//3879
f 3878//3878 3879//3879 3880//3880
f 3880//3880 3879//3879 3881//3881
f 3880//3880 3881//3881 3882//3882
f 3882//3882 3881//3881 3883//3883
f 3882//3882 3883//3883 3812//3812
f 3812//3812 3883//3883 3813//3813
f 3884//3884 3885//3885 3886//3886
f 3885//3885 3887//3887 3886//3886
f 3886//3886 3887//3887 3888//3888
f 3886//3886 3888//3888 3889//3889
f 3889//3889 3888//3888 3890//3890
f 3889//3889 3890//3890 3891//3891
f 3891//3891 3890//3890 3892//3892
f 3891//3891 3892//3892 3893//3893
f 3893//3893 3892//3892 3894//3894
f 3893//3893 3894//3894 3895//3895
f 3895//3895 3894//3894 3896//3896
f 3895//3895 3896//3896 3897//3897
f 3897//3897 3896//3896 3898//3898
f 3897//3897 3898//3898 3899//3899
f 3899//3899 3898//3898 3900//3900
f 3899//3899 3900//3900 3901//3901
f 3901//3901 3900//3900 3902//3902
f 3901//3901 3902//3902 3903//3903
f 3903//3903 3902//3902 3904//3904
f 3903//3903 3904//3904 3905//3905
f 3905//3905 3904//3904 3906//3906
f 3905//3905 3906//3906 3907//3907
f 3907//3907 3906//3906 3908//3908
f 3907//3907 3908//3908 3909//3909
f 3909//3909 3908//3908 3910//3910
f 3909//3909 3910//3910 3911//3911
f 3911//3911 3910//3910 3912//3912
f 3911//3911 3912//3912 3913//3913
f 3913//3913 3912//3912 3914//3914
f 3913//3913 3914//3914 3915//3915
f 3915//3915 3914//3914 3916//3916
f 3915//3915 3916//3916 3917//3917
f 3917//3917 3916//3916 3918//3918
f 3917//3917 3918//3918 3919//3919
f 3919//3919 3918//3918 3920//3920
f 3919//3919 3920//3920 3921//3921
f 3921//3921 3920//3920 3922//3922
f 3921//3921 3922//3922 3923//3923
f 3923//3923 3922//3922 3924//3924
f 3923//3923 3924//3924 3925//3925
f 3925//3925 3924//3924 3926//3926
f 3925//3925 3926//3926 3927//3927
f 3927//3927 3926//3926 3928//3928
f 3927//3927 3928//3928 3929//3929
f 3929//3929 3928//3928 3930//3930
f 3929//3929 3930//3930 3931//3931
f 3931//3931 3930//3930 3932//3932
f 3931//3931 3932//3932 3933//3933
f 3933//3933 3932//3932 3934//3934
f 3933//3933 3934//3934 3935//3935
f 3935//3935 3934//3934 3936//3936
f 3935//3935 3936//3936 3937//3937
f 3937//3937 3936//3936 3938//3938
f 3937//3937 3938//3938 3939//3939
f 3939//3939 3938//3938 3940//3940
f 3939//3939 3940//3940 3941//3941
f 3941//3941 3940//3940 3942//3942
f 3941//3941 3942//3942 3943//3943
f 3943//3943 3942//3942 3944//3944
f 3943//3943 3944//3944 3945//3945
f 3945//3945 3944//3944 3946//3946
f 3945//3945 3946//3946 3947//3947
f 3947//3947 3946//3946 3948//3948
f 3947//3947 3948//3948 3949//3949
f 3949//3949 3948//3948 3950//3950
f 3949//3949 3950//3950 3951//3951
f 3951//3951 3950//3950 3952//3952
f 3951//3951 3952//3952 3953//3953
f 3953//3953 3952//3952 3884//3884
f 3953//3953 3884//3884 3954//3954
f 3954//3954 3884//3884 3886//3886
f 3955//3955 3956//3956 3957//3957
f 3957//3957 3956//3956 3958//3958
f 3959//3959 3960//3960 3961//3961
f 3961//3961 3960//3960 3962//3962
f 3963//3963 3964//3964 3965//3965
f 3965//3965 3964//3964 3966//3966
f 3967//3967 3968//3968 3969//3969
f 3969//3969 3968//3968 3970//3970
f 3971//3971 3972//3972 3973//3973
f 3973//3973 3972//3972 3974//3974
f 3975//3975 3976//3976 3977//3977
f 3977//3977 3976//3976 3978//3978
f 3983//3983 3987//3987 3989//3989
f 3979//3979 3991//3991 3993//3993
f 3996//3996 3997//3997 3979//3979
f 3979//3979 3997//3997 3998//3998
f 3982//3982 3999//3999 4000//4000
f 4001//4001 4002//4002 3979//3979
f 4004//4004 4002//4002 4006//4006
f 4003//4003 4005//4005 4008//4008
f 4007//4007 4006//4006 4009//4009
f 4010//4010 4012//4012 4014//4014
f 4013//4013 4011//4011 3992//3992
f 4015//4015 3991//3991 4016//4016
f 4016//4016 3991//3991 3979//3979
f 4016//4016 3979//3979 4017//4017
f 4017//4017 3979//3979 4018//4018
f 3994//3994 4019//4019 3985//3985
f 3984//3984 4020//4020 4021//4021
f 3980//3980 4022//4022 3988//3988
f 3990//3990 4024//4024 3979//3979
f 3981//3981 4023//4023 4026//4026
f 3986//3986 4025//4025 3995//3995
f 3977//3977 3978//3978 4027//4027
f 4027//4027 3978//3978 4028//4028
f 4027//4027 4028//4028 4029//4029
f 4029//4029 4028//4028 4030//4030
f 4030//4030 4028//4028 3956//3956
f 4030//4030 3956//3956 3955//3955
f 3973//3973 3974//3974 4031//4031
f 4031//4031 3974//3974 4032//4032
f 4031//4031 4032//4032 4033//4033
f 4033//4033 4032//4032 4034//4034
f 4033//4033 4034//4034 3975//3975
f 3975//3975 4034//4034 3976//3976
f 3965//3965 3966//3966 4035//4035
f 4035//4035 3966//3966 4036//4036
f 4035//4035 4036//4036 4037//4037
f 4037//4037 4036//4036 4038//4038
f 4037//4037 4038//4038 3967//3967
f 3967//3967 4038//4038 3968//3968
f 3961//3961 3962//3962 4039//4039
f 4039//4039 3962//3962 4040//4040
f 4039//4039 4040//4040 4041//4041
f 4041//4041 4040//4040 4042//4042
f 4041//4041 4042//4042 3963//3963
f 3963//3963 4042//4042 3964//3964
f 3957//3957 3958//3958 4043//4043
f 4043//4043 3958//3958 4044//4044
f 4043//4043 4044//4044 4045//4045
f 4045//4045 4044//4044 4046//4046
f 4045//4045 4046//4046 3959//3959
f 3959//3959 4046//4046 3960//3960
f 3969//3969 3970//3970 4047//4047
f 4047//4047 3970//3970 4048//4048
f 4047//4047 4048//4048 4049//4049
f 4049//4049 4048//4048 4050//4050
f 4049//4049 4050//4050 3971//3971
f 3971//3971 4050//4050 3972//3972
f 4051//4051 4053//4053 4054//4054
f 4054//4054 4053//4053 4055//4055
f 4052//4052 4056//4056 4057//4057
f 4057//4057 4056//4056 4058//4058
f 4057//4057 4058//4058 4059//4059
f 4059//4059 4058//4058 4061//4061
f 4059//4059 4061//4061 4062//4062
f 4063//4063 4060//4060 4064//4064
f 4065//4065 4066//4066 4067//4067
f 4067//4067 4066//4066 4068//4068
f 4067//4067 4068//4068 4069//4069
f 4069//4069 4068//4068 4070//4070
f 4069//4069 4070//4070 4055//4055
f 4055//4055 4070//4070 4054//4054
f 4071//4071 4072//4072 4073//4073
f 4073//4073 4072//4072 4063//4063
f 4073//4073 4063//4063 4074//4074
f 4074//4074 4063//4063 4064//4064
f 4075//4075 4076//4076 4065//4065
f 4065//4065 4076//4076 4066//4066
f 4072//4072 4071//4071 4077//4077
f 4077//4077 4071//4071 4078//4078
f 4077//4077 4078//4078 4079//4079
f 4079//4079 4078//4078 4080//4080
f 4079//4079 4080//4080 4081//4081
f 4081//4081 4080//4080 4082//4082
f 4083//4083 4076//4076 4075//4075
f 4084//4084 4086//4086 4087//4087
f 4087//4087 4086//4086 4088//4088
f 4087//4087 4088//4088 4090//4090
f 4089//4089 4091//4091 4083//4083
f 4089//4089 4083//4083 4092//4092
f 4092//4092 4083//4083 4075//4075
f 4093//4093 4094//4094 4082//4082
f 4082//4082 4094//4094 4081//4081
f 4095//4095 4096//4096 4085//4085
f 4095//4095 4085//4085 4097//4097
f 4097//4097 4085//4085 4098//4098
f 4097//4097 4098//4098 4099//4099
f 4094//4094 4093//4093 4100//4100
f 4100//4100 4093//4093 4101//4101
f 4100//4100 4101//4101 4102//4102
f 4102//4102 4101//4101 4103//4103
f 4102//4102 4103//4103 4104//4104
f 4104//4104 4103//4103 4105//4105
f 4106//4106 4107//4107 4108//4108
f 4108//4108 4107//4107 4109//4109
f 4108//4108 4109//4109 4110//4110
f 4110//4110 4109//4109 4111//4111
f 4110//4110 4111//4111 4113//4113
f 4098//4098 4112//4112 4099//4099
f 4107//4107 4106//4106 4105//4105
f 4105//4105 4106//4106 4104//4104

