# https://github.com/mikedh/trimesh
v -0.01375600 0.00526900 -0.04700000
v -0.01504100 0.00439600 -0.04700000
v -0.01746200 0.00707300 -0.04700000
v -0.01850600 0.00353000 -0.04700000
v -0.01571700 0.00299800 -0.04700000
v -0.01883900 -0.00014800 -0.04700000
v -0.01560300 0.00144900 -0.04700000
v -0.01844800 -0.00382000 -0.04700000
v -0.01473000 0.00016500 -0.04700000
v -0.01734900 -0.00734600 -0.04700000
v -0.01333200 -0.00051100 -0.04700000
v -0.01558200 -0.01059000 -0.04700000
v -0.01321700 -0.01342600 -0.04700000
v -0.01178300 -0.00039700 -0.04700000
v -0.01034300 -0.01574600 -0.04700000
v -0.01049900 0.00047600 -0.04700000
v 0.00734600 -0.01734900 -0.04700000
v 0.00382000 -0.01844800 -0.04700000
v 0.00707300 0.01746200 -0.04700000
v 0.01034300 0.01574600 -0.04700000
v -0.00993700 0.00342300 -0.04700000
v 0.01321700 0.01342600 -0.04700000
v -0.01574600 0.01034300 -0.04700000
v -0.01342600 0.01321700 -0.04700000
v -0.01220800 0.00538300 -0.04700000
v -0.01059000 0.01558200 -0.04700000
v -0.01080900 0.00470700 -0.04700000
v -0.00734600 0.01734900 -0.04700000
v 0.00014800 -0.01883900 -0.04700000
v -0.00353000 -0.01850600 -0.04700000
v -0.00707300 -0.01746200 -0.04700000
v 0.01883900 0.00014800 -0.04700000
v 0.01850600 -0.00353000 -0.04700000
v -0.00982300 0.00187400 -0.04700000
v 0.01746200 -0.00707300 -0.04700000
v 0.01558200 0.01059000 -0.04700000
v 0.01734900 0.00734600 -0.04700000
v 0.01844800 0.00382000 -0.04700000
v -0.00382000 0.01844800 -0.04700000
v -0.00014800 0.01883900 -0.04700000
v 0.00353000 0.01850600 -0.04700000
v 0.01574600 -0.01034300 -0.04700000
v 0.01342600 -0.01321700 -0.04700000
v 0.01059000 -0.01558200 -0.04700000
v 0.01933600 -0.00368900 -0.04718700
v 0.01824500 -0.00739000 -0.04718700
v 0.01645300 -0.01080800 -0.04718700
v 0.01402800 -0.01381000 -0.04718700
v 0.01106500 -0.01628100 -0.04718700
v 0.00767600 -0.01812700 -0.04718700
v 0.00399200 -0.01927600 -0.04718700
v 0.00015500 -0.01968400 -0.04718700
v -0.00368900 -0.01933600 -0.04718700
v -0.00739000 -0.01824500 -0.04718700
v -0.01080800 -0.01645300 -0.04718700
v -0.01381000 -0.01402800 -0.04718700
v -0.01628100 -0.01106500 -0.04718700
v -0.01812700 -0.00767600 -0.04718700
v -0.01927600 -0.00399200 -0.04718700
v -0.01968400 -0.00015500 -0.04718700
v -0.01933600 0.00368900 -0.04718700
v -0.01824500 0.00739000 -0.04718700
v -0.01645300 0.01080800 -0.04718700
v -0.01402800 0.01381000 -0.04718700
v -0.01106500 0.01628100 -0.04718700
v -0.00767600 0.01812700 -0.04718700
v -0.00399200 0.01927600 -0.04718700
v -0.00015500 0.01968400 -0.04718700
v 0.00368900 0.01933600 -0.04718700
v 0.00739000 0.01824500 -0.04718700
v 0.01080800 0.01645300 -0.04718700
v 0.01381000 0.01402800 -0.04718700
v 0.01628100 0.01106500 -0.04718700
v 0.01812700 0.00767600 -0.04718700
v 0.01927600 0.00399200 -0.04718700
v 0.01968400 0.00015500 -0.04718700
v 0.02048200 -0.00829600 -0.04831300
v 0.01847000 -0.01213200 -0.04831300
v 0.01574800 -0.01550300 -0.04831300
v 0.01242100 -0.01827700 -0.04831300
v 0.00861700 -0.02034900 -0.04831300
v 0.00448100 -0.02163900 -0.04831300
v 0.00017400 -0.02209700 -0.04831300
v -0.00414100 -0.02170700 -0.04831300
v -0.00829600 -0.02048200 -0.04831300
v -0.01213200 -0.01847000 -0.04831300
v -0.01550300 -0.01574800 -0.04831300
v -0.01827700 -0.01242100 -0.04831300
v -0.02034900 -0.00861700 -0.04831300
v -0.02163900 -0.00448100 -0.04831300
v -0.02209700 -0.00017400 -0.04831300
v -0.02170700 0.00414100 -0.04831300
v -0.02048200 0.00829600 -0.04831300
v -0.01847000 0.01213200 -0.04831300
v -0.01574800 0.01550300 -0.04831300
v -0.01242100 0.01827700 -0.04831300
v -0.00861700 0.02034900 -0.04831300
v -0.00448100 0.02163900 -0.04831300
v -0.00017400 0.02209700 -0.04831300
v 0.00414100 0.02170700 -0.04831300
v 0.00829600 0.02048200 -0.04831300
v 0.01213200 0.01847000 -0.04831300
v 0.01550300 0.01574800 -0.04831300
v 0.01827700 0.01242100 -0.04831300
v 0.02034900 0.00861700 -0.04831300
v 0.02163900 0.00448100 -0.04831300
v 0.02209700 0.00017400 -0.04831300
v 0.02170700 -0.00414100 -0.04831300
v 0.02126500 -0.00861300 -0.04850000
v 0.01917600 -0.01259600 -0.04850000
v 0.01635000 -0.01609500 -0.04850000
v 0.01289600 -0.01897600 -0.04850000
v 0.00894600 -0.02112700 -0.04850000
v 0.00465300 -0.02246700 -0.04850000
v 0.00018000 -0.02294300 -0.04850000
v -0.00429900 -0.02253700 -0.04850000
v -0.00861300 -0.02126500 -0.04850000
v -0.01259600 -0.01917600 -0.04850000
v -0.01609500 -0.01635000 -0.04850000
v -0.01897600 -0.01289600 -0.04850000
v -0.02112700 -0.00894600 -0.04850000
v -0.02246700 -0.00465300 -0.04850000
v -0.02294300 -0.00018000 -0.04850000
v -0.02253700 0.00429900 -0.04850000
v -0.02126500 0.00861300 -0.04850000
v -0.01917600 0.01259600 -0.04850000
v -0.01635000 0.01609500 -0.04850000
v -0.01289600 0.01897600 -0.04850000
v -0.00894600 0.02112700 -0.04850000
v -0.00465300 0.02246700 -0.04850000
v -0.00018000 0.02294300 -0.04850000
v 0.00429900 0.02253700 -0.04850000
v 0.00861300 0.02126500 -0.04850000
v 0.01259600 0.01917600 -0.04850000
v 0.01609500 0.01635000 -0.04850000
v 0.01897600 0.01289600 -0.04850000
v 0.02112700 0.00894600 -0.04850000
v 0.02246700 0.00465300 -0.04850000
v 0.02294300 0.00018000 -0.04850000
v 0.02253700 -0.00429900 -0.04850000
v -0.02189800 -0.01223800 -0.04850000
v -0.02369000 -0.00825000 -0.04850000
v -0.02476300 -0.00401100 -0.04850000
v -0.02508300 0.00035000 -0.04850000
v -0.02464100 0.00470100 -0.04850000
v -0.02345100 0.00890800 -0.04850000
v -0.02154800 0.01284500 -0.04850000
v -0.01899000 0.01639200 -0.04850000
v -0.01585500 0.01944000 -0.04850000
v -0.01223800 0.02189800 -0.04850000
v -0.00825000 0.02369000 -0.04850000
v -0.00401100 0.02476300 -0.04850000
v 0.00035000 0.02508300 -0.04850000
v 0.00470100 0.02464100 -0.04850000
v 0.00890800 0.02345100 -0.04850000
v 0.01284500 0.02154800 -0.04850000
v 0.01639200 0.01899000 -0.04850000
v 0.01223800 -0.02189800 -0.04850000
v 0.00825000 -0.02369000 -0.04850000
v 0.00401100 -0.02476300 -0.04850000
v -0.00035000 -0.02508300 -0.04850000
v -0.00470100 -0.02464100 -0.04850000
v -0.00890800 -0.02345100 -0.04850000
v -0.01284500 -0.02154800 -0.04850000
v -0.01639200 -0.01899000 -0.04850000
v -0.01944000 -0.01585500 -0.04850000
v 0.01944000 0.01585500 -0.04850000
v 0.02189800 0.01223800 -0.04850000
v 0.02369000 0.00825000 -0.04850000
v 0.02476300 0.00401100 -0.04850000
v 0.02508300 -0.00035000 -0.04850000
v 0.02464100 -0.00470100 -0.04850000
v 0.02345100 -0.00890800 -0.04850000
v 0.02154800 -0.01284500 -0.04850000
v 0.01899000 -0.01639200 -0.04850000
v 0.01585500 -0.01944000 -0.04850000
v 0.02380900 -0.00904400 -0.04842400
v 0.02187600 -0.01304100 -0.04842400
v 0.01927900 -0.01664200 -0.04842400
v 0.01609700 -0.01973700 -0.04842400
v 0.01242500 -0.02223200 -0.04842400
v 0.00837600 -0.02405200 -0.04842400
v 0.00407200 -0.02514100 -0.04842400
v -0.00035600 -0.02546600 -0.04842400
v -0.00477200 -0.02501700 -0.04842400
v -0.00904400 -0.02380900 -0.04842400
v -0.01304100 -0.02187600 -0.04842400
v -0.01664200 -0.01927900 -0.04842400
v -0.01973700 -0.01609700 -0.04842400
v -0.02223200 -0.01242500 -0.04842400
v -0.02405200 -0.00837600 -0.04842400
v -0.02514100 -0.00407200 -0.04842400
v -0.02546600 0.00035600 -0.04842400
v -0.02501700 0.00477200 -0.04842400
v -0.02380900 0.00904400 -0.04842400
v -0.02187600 0.01304100 -0.04842400
v -0.01927900 0.01664200 -0.04842400
v -0.01609700 0.01973700 -0.04842400
v -0.01242500 0.02223200 -0.04842400
v -0.00837600 0.02405200 -0.04842400
v -0.00407200 0.02514100 -0.04842400
v 0.00035600 0.02546600 -0.04842400
v 0.00477200 0.02501700 -0.04842400
v 0.00904400 0.02380900 -0.04842400
v 0.01304100 0.02187600 -0.04842400
v 0.01664200 0.01927900 -0.04842400
v 0.01973700 0.01609700 -0.04842400
v 0.02223200 0.01242500 -0.04842400
v 0.02405200 0.00837600 -0.04842400
v 0.02514100 0.00407200 -0.04842400
v 0.02546600 -0.00035600 -0.04842400
v 0.02501700 -0.00477200 -0.04842400
v 0.03339700 0.00205800 -0.04700000
v 0.03339700 0.00205800 -0.04700000
v 0.03340400 0.00202500 -0.04700000
v 0.03340400 0.00202500 -0.04700000
v 0.03221900 0.00222000 -0.04700000
v 0.03221900 0.00222000 -0.04700000
v 0.03221900 0.00222000 -0.04700000
v 0.03221900 0.00222000 -0.04700000
v 0.03221900 0.00222000 -0.04700000
v 0.03221900 0.00222000 -0.04700000
v 0.03342400 0.00200000 -0.04700000
v 0.03342400 0.00200000 -0.04700000
v 0.03342400 0.00200000 -0.04700000
v 0.03499200 0.00070400 -0.04700000
v 0.03499200 0.00070400 -0.04700000
v 0.03499200 0.00070400 -0.04700000
v 0.03499200 0.00070400 -0.04700000
v 0.03496200 0.00078700 -0.04700000
v 0.03496200 0.00078700 -0.04700000
v 0.03496200 0.00078700 -0.04700000
v 0.03499300 0.00073200 -0.04700000
v 0.03499300 0.00073200 -0.04700000
v 0.03498700 0.00075500 -0.04700000
v 0.03482000 0.00020400 -0.04700000
v 0.03482000 0.00020400 -0.04700000
v 0.03478400 0.00022000 -0.04700000
v 0.03490900 0.00026800 -0.04700000
v 0.03490900 0.00026800 -0.04700000
v 0.03490900 0.00026800 -0.04700000
v 0.03490900 0.00026800 -0.04700000
v 0.03490900 0.00026800 -0.04700000
v 0.03344900 0.00212300 -0.04700000
v 0.03344900 0.00212300 -0.04700000
v 0.03224700 0.00236200 -0.04700000
v 0.03224700 0.00236200 -0.04700000
v 0.03224700 0.00236200 -0.04700000
v 0.03531900 0.00266500 -0.04700000
v 0.03531900 0.00266500 -0.04700000
v 0.03531900 0.00266500 -0.04700000
v 0.03537600 0.00327200 -0.04700000
v 0.03537600 0.00327200 -0.04700000
v 0.03340700 0.00209100 -0.04700000
v 0.03340700 0.00209100 -0.04700000
v 0.03340700 0.00209100 -0.04700000
v 0.03340700 0.00209100 -0.04700000
v 0.03340700 0.00209100 -0.04700000
v 0.03340700 0.00209100 -0.04700000
v 0.03218900 0.00227300 -0.04700000
v 0.03218900 0.00227300 -0.04700000
v 0.03219300 0.00231200 -0.04700000
v 0.03219300 0.00231200 -0.04700000
v 0.03219400 0.00225100 -0.04700000
v 0.03219400 0.00225100 -0.04700000
v 0.03341800 0.00210500 -0.04700000
v 0.03341800 0.00210500 -0.04700000
v 0.03221500 0.00234500 -0.04700000
v 0.03489300 0.00023200 -0.04700000
v 0.03488700 0.00022600 -0.04700000
v 0.03488700 0.00022600 -0.04700000
v 0.03488700 0.00022600 -0.04700000
v 0.03544900 0.00325100 -0.04700000
v 0.03546600 0.00322100 -0.04700000
v 0.03546600 0.00322100 -0.04700000
v 0.03542000 0.00327100 -0.04700000
v 0.03542000 0.00327100 -0.04700000
v 0.03546700 0.00318900 -0.04700000
v 0.03546700 0.00318900 -0.04700000
v 0.03541100 0.00327300 -0.04700000
v 0.03541100 0.00327300 -0.04700000
v 0.03536100 0.00269300 -0.04700000
v 0.03535000 0.00268200 -0.04700000
v 0.03535000 0.00268200 -0.04700000
v 0.03537900 0.00273300 -0.04700000
v 0.03537900 0.00273300 -0.04700000
v 0.03486000 0.00020900 -0.04700000
v 0.03388100 -0.00445200 -0.04700000
v 0.03388100 -0.00445200 -0.04700000
v 0.03103400 -0.00390800 -0.04700000
v 0.03103400 -0.00390800 -0.04700000
v 0.03103400 -0.00390800 -0.04700000
v 0.03113900 -0.00335800 -0.04700000
v 0.03113900 -0.00335800 -0.04700000
v 0.03097700 -0.00388200 -0.04700000
v 0.03093900 -0.00383200 -0.04700000
v 0.03093900 -0.00383200 -0.04700000
v 0.03098600 -0.00346200 -0.04700000
v 0.03098600 -0.00346200 -0.04700000
v 0.03101300 -0.00340400 -0.04700000
v 0.03106300 -0.00336600 -0.04700000
v 0.03106300 -0.00336600 -0.04700000
v 0.03092800 -0.00377100 -0.04700000
v 0.03092800 -0.00377100 -0.04700000
v 0.03093000 -0.00375500 -0.04700000
v 0.03093000 -0.00375500 -0.04700000
v 0.03112300 -0.00335600 -0.04700000
v 0.03112300 -0.00335600 -0.04700000
v 0.03404400 -0.00392700 -0.04700000
v 0.03408200 -0.00397700 -0.04700000
v 0.03398600 -0.00390100 -0.04700000
v 0.03398600 -0.00390100 -0.04700000
v 0.03398600 -0.00390100 -0.04700000
v 0.03409300 -0.00403800 -0.04700000
v 0.03409300 -0.00403800 -0.04700000
v 0.03409000 -0.00405400 -0.04700000
v 0.03409000 -0.00405400 -0.04700000
v 0.03409000 -0.00405400 -0.04700000
v 0.03403400 -0.00434800 -0.04700000
v 0.03400800 -0.00440400 -0.04700000
v 0.03395800 -0.00444300 -0.04700000
v 0.03395800 -0.00444300 -0.04700000
v 0.03389800 -0.00445400 -0.04700000
v 0.03389800 -0.00445400 -0.04700000
v 0.03403400 -0.00434800 -0.04700000
v 0.03403400 -0.00434800 -0.04700000
v 0.03058400 -0.00864600 -0.04700000
v 0.03058400 -0.00864600 -0.04700000
v 0.03058400 -0.00864600 -0.04700000
v 0.03010600 -0.00814000 -0.04700000
v 0.03010600 -0.00814000 -0.04700000
v 0.03010600 -0.00814000 -0.04700000
v 0.03010600 -0.00814000 -0.04700000
v 0.03014400 -0.00806000 -0.04700000
v 0.03014400 -0.00806000 -0.04700000
v 0.03021300 -0.00800800 -0.04700000
v 0.03021300 -0.00800800 -0.04700000
v 0.03029600 -0.00799300 -0.04700000
v 0.03029600 -0.00799300 -0.04700000
v 0.03029600 -0.00799300 -0.04700000
v 0.03061000 -0.00863000 -0.04700000
v 0.03061000 -0.00863000 -0.04700000
v 0.03031800 -0.00799600 -0.04700000
v 0.03031800 -0.00799600 -0.04700000
v 0.03031800 -0.00799600 -0.04700000
v 0.03031800 -0.00799600 -0.04700000
v 0.03064200 -0.00862900 -0.04700000
v 0.03064200 -0.00862900 -0.04700000
v 0.03056900 -0.00867200 -0.04700000
v 0.03056900 -0.00867200 -0.04700000
v 0.03056700 -0.00867900 -0.04700000
v 0.03056700 -0.00867900 -0.04700000
v 0.03056700 -0.00867900 -0.04700000
v 0.02975200 -0.01000900 -0.04700000
v 0.02975200 -0.01000900 -0.04700000
v 0.03028000 -0.01018200 -0.04700000
v 0.03028000 -0.01018200 -0.04700000
v 0.03028000 -0.01018200 -0.04700000
v 0.03028000 -0.01018200 -0.04700000
v 0.03319600 -0.00874400 -0.04700000
v 0.03319600 -0.00874400 -0.04700000
v 0.03319600 -0.00874400 -0.04700000
v 0.03319600 -0.00874400 -0.04700000
v 0.03284100 -0.01060400 -0.04700000
v 0.03284100 -0.01060400 -0.04700000
v 0.03284100 -0.01060400 -0.04700000
v 0.03284100 -0.01060400 -0.04700000
v 0.03284100 -0.01060400 -0.04700000
v 0.03229000 -0.01054700 -0.04700000
v 0.03229000 -0.01054700 -0.04700000
v 0.03229000 -0.01054700 -0.04700000
v 0.03229000 -0.01054700 -0.04700000
v 0.03229000 -0.01054700 -0.04700000
v 0.03129000 -0.00878600 -0.04700000
v 0.03129000 -0.00878600 -0.04700000
v 0.03129000 -0.00878600 -0.04700000
v 0.03129000 -0.00878600 -0.04700000
v 0.03183600 -0.00891300 -0.04700000
v 0.03183600 -0.00891300 -0.04700000
v 0.03183600 -0.00891300 -0.04700000
v 0.03129200 -0.00881700 -0.04700000
v 0.03129200 -0.00881700 -0.04700000
v 0.03183400 -0.00892100 -0.04700000
v 0.03183400 -0.00892100 -0.04700000
v 0.03100600 -0.01031700 -0.04700000
v 0.03100600 -0.01031700 -0.04700000
v 0.03129000 -0.00878600 -0.04700000
v 0.03127400 -0.00876000 -0.04700000
v 0.03127400 -0.00876000 -0.04700000
v 0.03304000 -0.00851600 -0.04700000
v 0.03304000 -0.00851600 -0.04700000
v 0.03304000 -0.00851600 -0.04700000
v 0.03304000 -0.00851600 -0.04700000
v 0.03304000 -0.00851600 -0.04700000
v 0.03304000 -0.00851600 -0.04700000
v 0.03304000 -0.00851600 -0.04700000
v 0.03304000 -0.00851600 -0.04700000
v 0.03124900 -0.00874500 -0.04700000
v 0.03124900 -0.00874500 -0.04700000
v 0.03124900 -0.00874500 -0.04700000
v 0.03124100 -0.00874300 -0.04700000
v 0.03124100 -0.00874300 -0.04700000
v 0.03025900 -0.01022800 -0.04700000
v 0.03021800 -0.01026000 -0.04700000
v 0.03021800 -0.01026000 -0.04700000
v 0.03280600 -0.01067900 -0.04700000
v 0.03274100 -0.01072900 -0.04700000
v 0.03274100 -0.01072900 -0.04700000
v 0.03257300 -0.00906200 -0.04700000
v 0.03257300 -0.00906200 -0.04700000
v 0.03257200 -0.00903100 -0.04700000
v 0.03257200 -0.00903100 -0.04700000
v 0.03257200 -0.00903100 -0.04700000
v 0.03319900 -0.00872000 -0.04700000
v 0.03319900 -0.00872000 -0.04700000
v 0.03319900 -0.00872000 -0.04700000
v 0.03255600 -0.00900500 -0.04700000
v 0.03255600 -0.00900500 -0.04700000
v 0.03255600 -0.00900500 -0.04700000
v 0.03255600 -0.00900500 -0.04700000
v 0.03318300 -0.00863000 -0.04700000
v 0.03318300 -0.00863000 -0.04700000
v 0.03312700 -0.00855500 -0.04700000
v 0.03253000 -0.00898900 -0.04700000
v 0.03253000 -0.00898900 -0.04700000
v 0.03252200 -0.00898700 -0.04700000
v 0.03252200 -0.00898700 -0.04700000
v 0.03190900 -0.00887000 -0.04700000
v 0.03190900 -0.00887000 -0.04700000
v 0.03187700 -0.00887200 -0.04700000
v 0.03187700 -0.00887200 -0.04700000
v 0.03187700 -0.00887200 -0.04700000
v 0.03185100 -0.00888800 -0.04700000
v 0.03185100 -0.00888800 -0.04700000
v 0.02989300 -0.01021700 -0.04700000
v 0.02989300 -0.01021700 -0.04700000
v 0.02981400 -0.01018000 -0.04700000
v 0.02976300 -0.01011300 -0.04700000
v 0.02976300 -0.01011300 -0.04700000
v 0.03238900 -0.01069300 -0.04700000
v 0.03238900 -0.01069300 -0.04700000
v 0.03238900 -0.01069300 -0.04700000
v 0.03233400 -0.01066700 -0.04700000
v 0.03229800 -0.01062000 -0.04700000
v 0.03016900 -0.01026900 -0.04700000
v 0.03016900 -0.01026900 -0.04700000
v 0.03015600 -0.01026700 -0.04700000
v 0.03015600 -0.01026700 -0.04700000
v 0.02974900 -0.01003100 -0.04700000
v 0.02974900 -0.01003100 -0.04700000
v 0.03266100 -0.01074300 -0.04700000
v 0.03266100 -0.01074300 -0.04700000
v 0.03264000 -0.01074100 -0.04700000
v 0.03264000 -0.01074100 -0.04700000
v 0.03264000 -0.01074100 -0.04700000
v 0.03228800 -0.01056200 -0.04700000
v 0.03228800 -0.01056200 -0.04700000
v 0.03152500 -0.01046000 -0.04700000
v 0.03147700 -0.01049700 -0.04700000
v 0.03147700 -0.01049700 -0.04700000
v 0.03155100 -0.01040400 -0.04700000
v 0.03155100 -0.01040400 -0.04700000
v 0.03155100 -0.01040400 -0.04700000
v 0.03141800 -0.01050700 -0.04700000
v 0.03141800 -0.01050700 -0.04700000
v 0.03140300 -0.01050500 -0.04700000
v 0.03140300 -0.01050500 -0.04700000
v 0.03109400 -0.01044600 -0.04700000
v 0.03104500 -0.01042300 -0.04700000
v 0.03101300 -0.01038100 -0.04700000
v 0.03100400 -0.01033000 -0.04700000
v 0.03100400 -0.01033000 -0.04700000
v 0.03109400 -0.01044600 -0.04700000
v 0.03109400 -0.01044600 -0.04700000
v 0.03140300 -0.01050500 -0.04700000
v 0.03110400 -0.01186800 -0.04700000
v 0.03110400 -0.01186800 -0.04700000
v 0.03118000 -0.01197900 -0.04700000
v 0.03118000 -0.01197900 -0.04700000
v 0.03093600 -0.01206400 -0.04700000
v 0.03093600 -0.01206400 -0.04700000
v 0.03093600 -0.01206400 -0.04700000
v 0.03093600 -0.01206400 -0.04700000
v 0.03093600 -0.01206400 -0.04700000
v 0.03093600 -0.01206400 -0.04700000
v 0.03093600 -0.01206400 -0.04700000
v 0.03119000 -0.01211200 -0.04700000
v 0.03119000 -0.01211200 -0.04700000
v 0.03113100 -0.01223300 -0.04700000
v 0.03113100 -0.01223300 -0.04700000
v 0.03074000 -0.01189500 -0.04700000
v 0.03085100 -0.01181900 -0.04700000
v 0.03085100 -0.01181900 -0.04700000
v 0.03098400 -0.01181000 -0.04700000
v 0.03098400 -0.01181000 -0.04700000
v 0.03076700 -0.01225900 -0.04700000
v 0.03076700 -0.01225900 -0.04700000
v 0.03069100 -0.01214900 -0.04700000
v 0.03069100 -0.01214900 -0.04700000
v 0.03068100 -0.01201500 -0.04700000
v 0.03102100 -0.01230800 -0.04700000
v 0.03102100 -0.01230800 -0.04700000
v 0.03088700 -0.01231800 -0.04700000
v 0.03088700 -0.01231800 -0.04700000
v 0.03092900 -0.01447800 -0.04700000
v 0.03092900 -0.01447800 -0.04700000
v 0.03010200 -0.01431100 -0.04700000
v 0.03010200 -0.01431100 -0.04700000
v 0.03058500 -0.01402200 -0.04700000
v 0.03058500 -0.01402200 -0.04700000
v 0.02924300 -0.01321300 -0.04700000
v 0.02924300 -0.01321300 -0.04700000
v 0.02924300 -0.01321300 -0.04700000
v 0.03224200 -0.01364400 -0.04700000
v 0.03224200 -0.01364400 -0.04700000
v 0.03215100 -0.01374600 -0.04700000
v 0.03215100 -0.01374600 -0.04700000
v 0.03215100 -0.01374600 -0.04700000
v 0.03202600 -0.01322700 -0.04700000
v 0.03202600 -0.01322700 -0.04700000
v 0.03202600 -0.01322700 -0.04700000
v 0.03150900 -0.01603100 -0.04700000
v 0.03150900 -0.01603100 -0.04700000
v 0.03139900 -0.01598400 -0.04700000
v 0.03130900 -0.01588000 -0.04700000
v 0.03130900 -0.01588000 -0.04700000
v 0.03044600 -0.01476800 -0.04700000
v 0.03044600 -0.01476800 -0.04700000
v 0.02918000 -0.01552800 -0.04700000
v 0.02918000 -0.01552800 -0.04700000
v 0.02889600 -0.01503400 -0.04700000
v 0.02889600 -0.01503400 -0.04700000
v 0.02906000 -0.01556400 -0.04700000
v 0.02906000 -0.01556400 -0.04700000
v 0.02882100 -0.01509800 -0.04700000
v 0.02882100 -0.01509800 -0.04700000
v 0.03213600 -0.01375600 -0.04700000
v 0.03185200 -0.01326200 -0.04700000
v 0.03185200 -0.01326200 -0.04700000
v 0.03198200 -0.01322500 -0.04700000
v 0.03198200 -0.01322500 -0.04700000
v 0.03154100 -0.01603500 -0.04700000
v 0.03154100 -0.01603500 -0.04700000
v 0.03154100 -0.01603500 -0.04700000
v 0.03178900 -0.01557600 -0.04700000
v 0.03178900 -0.01557600 -0.04700000
v 0.02918800 -0.01298700 -0.04700000
v 0.02918800 -0.01298700 -0.04700000
v 0.02918800 -0.01298700 -0.04700000
v 0.02924900 -0.01285700 -0.04700000
v 0.02935800 -0.01277600 -0.04700000
v 0.02935800 -0.01277600 -0.04700000
v 0.02876900 -0.01536300 -0.04700000
v 0.02876200 -0.01522200 -0.04700000
v 0.02876200 -0.01522200 -0.04700000
v 0.02884000 -0.01548100 -0.04700000
v 0.02884000 -0.01548100 -0.04700000
v 0.02895900 -0.01555200 -0.04700000
v 0.02949400 -0.01275500 -0.04700000
v 0.02949400 -0.01275500 -0.04700000
v 0.02961800 -0.01279600 -0.04700000
v 0.02961800 -0.01279600 -0.04700000
v 0.02961800 -0.01279600 -0.04700000
v 0.02919100 -0.01310600 -0.04700000
v 0.02919100 -0.01310600 -0.04700000
v 0.02970500 -0.01288000 -0.04700000
v 0.02970500 -0.01288000 -0.04700000
v 0.02970500 -0.01288000 -0.04700000
v 0.02972200 -0.01290900 -0.04700000
v 0.02972200 -0.01290900 -0.04700000
v 0.03215400 -0.01327700 -0.04700000
v 0.03224400 -0.01338000 -0.04700000
v 0.03227600 -0.01351900 -0.04700000
v 0.03227600 -0.01351900 -0.04700000
v 0.03178200 -0.01593300 -0.04700000
v 0.03167300 -0.01601400 -0.04700000
v 0.03167300 -0.01601400 -0.04700000
v 0.03184300 -0.01580400 -0.04700000
v 0.03184300 -0.01580400 -0.04700000
v 0.03184300 -0.01580400 -0.04700000
v 0.03184000 -0.01568300 -0.04700000
v 0.03375800 -0.00579700 -0.04700000
v 0.03375800 -0.00579700 -0.04700000
v 0.03375800 -0.00579700 -0.04700000
v 0.03375800 -0.00579700 -0.04700000
v 0.03341600 -0.00759000 -0.04700000
v 0.03341600 -0.00759000 -0.04700000
v 0.03341600 -0.00759000 -0.04700000
v 0.03287800 -0.00748800 -0.04700000
v 0.03287800 -0.00748800 -0.04700000
v 0.03287800 -0.00748800 -0.04700000
v 0.03287800 -0.00748800 -0.04700000
v 0.03306300 -0.00607000 -0.04700000
v 0.03306300 -0.00607000 -0.04700000
v 0.03306300 -0.00607000 -0.04700000
v 0.03360300 -0.00556800 -0.04700000
v 0.03360300 -0.00556800 -0.04700000
v 0.03360300 -0.00556800 -0.04700000
v 0.03360300 -0.00556800 -0.04700000
v 0.03368900 -0.00560800 -0.04700000
v 0.03368900 -0.00560800 -0.04700000
v 0.03298600 -0.00602300 -0.04700000
v 0.03298600 -0.00602300 -0.04700000
v 0.03296300 -0.00601700 -0.04700000
v 0.03296300 -0.00601700 -0.04700000
v 0.03080800 -0.00503500 -0.04700000
v 0.03080800 -0.00503500 -0.04700000
v 0.03080800 -0.00503500 -0.04700000
v 0.03080800 -0.00503500 -0.04700000
v 0.03338500 -0.00765600 -0.04700000
v 0.03332900 -0.00769900 -0.04700000
v 0.03311600 -0.00624200 -0.04700000
v 0.03311600 -0.00624200 -0.04700000
v 0.03311100 -0.00614800 -0.04700000
v 0.03311100 -0.00614800 -0.04700000
v 0.03311100 -0.00614800 -0.04700000
v 0.03376100 -0.00577300 -0.04700000
v 0.03376100 -0.00577300 -0.04700000
v 0.03374500 -0.00568300 -0.04700000
v 0.03299800 -0.00766200 -0.04700000
v 0.03299800 -0.00766200 -0.04700000
v 0.03293100 -0.00763100 -0.04700000
v 0.03288800 -0.00757500 -0.04700000
v 0.03325900 -0.00771100 -0.04700000
v 0.03325900 -0.00771100 -0.04700000
v 0.03324100 -0.00770900 -0.04700000
v 0.03324100 -0.00770900 -0.04700000
v 0.03324100 -0.00770900 -0.04700000
v 0.03287600 -0.00750600 -0.04700000
v 0.03065000 -0.00556100 -0.04700000
v 0.03061500 -0.00551600 -0.04700000
v 0.03061500 -0.00551600 -0.04700000
v 0.03070300 -0.00558600 -0.04700000
v 0.03070300 -0.00558600 -0.04700000
v 0.03070300 -0.00558600 -0.04700000
v 0.03070300 -0.00558600 -0.04700000
v 0.03060600 -0.00546000 -0.04700000
v 0.03060600 -0.00546000 -0.04700000
v 0.03060800 -0.00544600 -0.04700000
v 0.03060800 -0.00544600 -0.04700000
v 0.03060800 -0.00544600 -0.04700000
v 0.03066800 -0.00513100 -0.04700000
v 0.03069200 -0.00507800 -0.04700000
v 0.03073800 -0.00504300 -0.04700000
v 0.03079300 -0.00503300 -0.04700000
v 0.03079300 -0.00503300 -0.04700000
v 0.03066800 -0.00513100 -0.04700000
v 0.03066800 -0.00513100 -0.04700000
v 0.03060800 -0.00544600 -0.04700000
v 0.03296300 -0.00601700 -0.04700000
v 0.03296300 -0.00601700 -0.04700000
v 0.03455500 -0.00145600 -0.04700000
v 0.03452700 -0.00168300 -0.04700000
v 0.03452700 -0.00168300 -0.04700000
v 0.03405500 -0.00158400 -0.04700000
v 0.03405500 -0.00158400 -0.04700000
v 0.03405500 -0.00158400 -0.04700000
v 0.03145300 -0.00109700 -0.04700000
v 0.03145300 -0.00109700 -0.04700000
v 0.03178400 -0.00036800 -0.04700000
v 0.03178400 -0.00036800 -0.04700000
v 0.03178400 -0.00036800 -0.04700000
v 0.03224300 -0.00056200 -0.04700000
v 0.03224300 -0.00056200 -0.04700000
v 0.03390100 -0.00198200 -0.04700000
v 0.03390100 -0.00198200 -0.04700000
v 0.03390100 -0.00198200 -0.04700000
v 0.03425400 -0.00233300 -0.04700000
v 0.03425400 -0.00233300 -0.04700000
v 0.03362800 -0.00228500 -0.04700000
v 0.03362800 -0.00228500 -0.04700000
v 0.03362800 -0.00228500 -0.04700000
v 0.03376200 -0.00279200 -0.04700000
v 0.03376200 -0.00279200 -0.04700000
v 0.03376200 -0.00279200 -0.04700000
v 0.03359500 -0.00230200 -0.04700000
v 0.03359500 -0.00230200 -0.04700000
v 0.03359500 -0.00230200 -0.04700000
v 0.03360800 -0.00284000 -0.04700000
v 0.03360800 -0.00284000 -0.04700000
v 0.03360800 -0.00284000 -0.04700000
v 0.03353100 -0.00230600 -0.04700000
v 0.03353100 -0.00230600 -0.04700000
v 0.03353100 -0.00230600 -0.04700000
v 0.03352400 -0.00283400 -0.04700000
v 0.03352400 -0.00283400 -0.04700000
v 0.03352400 -0.00283400 -0.04700000
v 0.03268400 -0.00214500 -0.04700000
v 0.03268400 -0.00214500 -0.04700000
v 0.03268400 -0.00214500 -0.04700000
v 0.03441300 -0.00068400 -0.04700000
v 0.03441300 -0.00068400 -0.04700000
v 0.03441300 -0.00068400 -0.04700000
v 0.03402600 -0.00102400 -0.04700000
v 0.03402600 -0.00102400 -0.04700000
v 0.03402600 -0.00102400 -0.04700000
v 0.03395000 -0.00008800 -0.04700000
v 0.03395000 -0.00008800 -0.04700000
v 0.03375100 -0.00056100 -0.04700000
v 0.03375100 -0.00056100 -0.04700000
v 0.03329500 0.00021100 -0.04700000
v 0.03329500 0.00021100 -0.04700000
v 0.03329500 0.00021100 -0.04700000
v 0.03329500 0.00021100 -0.04700000
v 0.03332700 -0.00029900 -0.04700000
v 0.03332700 -0.00029900 -0.04700000
v 0.03319800 -0.00026600 -0.04700000
v 0.03319800 -0.00026600 -0.04700000
v 0.03319800 -0.00026600 -0.04700000
v 0.03319800 -0.00026600 -0.04700000
v 0.03269300 -0.00029300 -0.04700000
v 0.03269300 -0.00029300 -0.04700000
v 0.03269300 -0.00029300 -0.04700000
v 0.03239600 0.00010700 -0.04700000
v 0.03239600 0.00010700 -0.04700000
v 0.03239600 0.00010700 -0.04700000
v 0.03310000 0.00023600 -0.04700000
v 0.03310000 0.00023600 -0.04700000
v 0.03255100 -0.00263700 -0.04700000
v 0.03252200 -0.00259900 -0.04700000
v 0.03259400 -0.00265700 -0.04700000
v 0.03259400 -0.00265700 -0.04700000
v 0.03251400 -0.00255400 -0.04700000
v 0.03251400 -0.00255400 -0.04700000
v 0.03251500 -0.00254200 -0.04700000
v 0.03251500 -0.00254200 -0.04700000
v 0.03257700 -0.00221700 -0.04700000
v 0.03259600 -0.00217700 -0.04700000
v 0.03263100 -0.00215100 -0.04700000
v 0.03263100 -0.00215100 -0.04700000
v 0.03190900 -0.00158100 -0.04700000
v 0.03144300 -0.00167500 -0.04700000
v 0.03144300 -0.00167500 -0.04700000
v 0.03144300 -0.00167500 -0.04700000
v 0.03144300 -0.00167500 -0.04700000
v 0.03191600 -0.00117600 -0.04700000
v 0.03195400 -0.00102700 -0.04700000
v 0.03267300 -0.00214300 -0.04700000
v 0.03267300 -0.00214300 -0.04700000
v 0.03257700 -0.00221700 -0.04700000
v 0.03257700 -0.00221700 -0.04700000
v 0.03251500 -0.00254200 -0.04700000
v 0.03178400 -0.00224700 -0.04700000
v 0.03178400 -0.00224700 -0.04700000
v 0.03178400 -0.00224700 -0.04700000
v 0.03178400 -0.00224700 -0.04700000
v 0.03172800 -0.00226200 -0.04700000
v 0.03167100 -0.00225000 -0.04700000
v 0.03167100 -0.00225000 -0.04700000
v 0.03203400 -0.00194700 -0.04700000
v 0.03203400 -0.00194700 -0.04700000
v 0.03205200 -0.00201500 -0.04700000
v 0.03205200 -0.00201500 -0.04700000
v 0.03203700 -0.00207800 -0.04700000
v 0.03199500 -0.00212500 -0.04700000
v 0.03199500 -0.00212500 -0.04700000
v 0.03198400 -0.00213200 -0.04700000
v 0.03198400 -0.00213200 -0.04700000
v 0.03198400 -0.00213200 -0.04700000
v 0.03161900 -0.00219900 -0.04700000
v 0.03161900 -0.00219900 -0.04700000
v 0.03161900 -0.00219900 -0.04700000
v 0.03162800 -0.00221300 -0.04700000
v 0.03162800 -0.00221300 -0.04700000
v 0.03221900 0.00222000 -0.04700000
v 0.03478400 0.00022000 -0.04700000
v 0.03221900 0.00222000 -0.04670000
v 0.03221900 0.00222000 -0.04670000
v 0.03478400 0.00022000 -0.04700000
v 0.03478400 0.00022000 -0.04670000
v 0.03219400 0.00225100 -0.04670000
v 0.03219400 0.00225100 -0.04700000
v 0.03482000 0.00020400 -0.04700000
v 0.03482000 0.00020400 -0.04670000
v 0.03219400 0.00225100 -0.04700000
v 0.03219400 0.00225100 -0.04670000
v 0.03218900 0.00227300 -0.04670000
v 0.03218900 0.00227300 -0.04700000
v 0.03219300 0.00231200 -0.04670000
v 0.03219300 0.00231200 -0.04700000
v 0.03219300 0.00231200 -0.04700000
v 0.03219300 0.00231200 -0.04700000
v 0.03219300 0.00231200 -0.04670000
v 0.03221500 0.00234500 -0.04670000
v 0.03221500 0.00234500 -0.04670000
v 0.03221500 0.00234500 -0.04700000
v 0.03221500 0.00234500 -0.04700000
v 0.03221500 0.00234500 -0.04670000
v 0.03224700 0.00236200 -0.04670000
v 0.03224700 0.00236200 -0.04700000
v 0.03537600 0.00327200 -0.04700000
v 0.03537600 0.00327200 -0.04670000
v 0.03541100 0.00327300 -0.04670000
v 0.03541100 0.00327300 -0.04700000
v 0.03542000 0.00327100 -0.04670000
v 0.03542000 0.00327100 -0.04700000
v 0.03544900 0.00325100 -0.04670000
v 0.03544900 0.00325100 -0.04700000
v 0.03544900 0.00325100 -0.04700000
v 0.03544900 0.00325100 -0.04700000
v 0.03544900 0.00325100 -0.04670000
v 0.03546600 0.00322100 -0.04670000
v 0.03546600 0.00322100 -0.04670000
v 0.03546600 0.00322100 -0.04700000
v 0.03546600 0.00322100 -0.04700000
v 0.03546600 0.00322100 -0.04670000
v 0.03546700 0.00318900 -0.04670000
v 0.03546700 0.00318900 -0.04700000
v 0.03537900 0.00273300 -0.04700000
v 0.03537900 0.00273300 -0.04670000
v 0.03536100 0.00269300 -0.04670000
v 0.03536100 0.00269300 -0.04700000
v 0.03535000 0.00268200 -0.04670000
v 0.03535000 0.00268200 -0.04670000
v 0.03535000 0.00268200 -0.04700000
v 0.03535000 0.00268200 -0.04700000
v 0.03531900 0.00266500 -0.04670000
v 0.03531900 0.00266500 -0.04700000
v 0.03344900 0.00212300 -0.04700000
v 0.03344900 0.00212300 -0.04670000
v 0.03341800 0.00210500 -0.04670000
v 0.03341800 0.00210500 -0.04700000
v 0.03340700 0.00209100 -0.04670000
v 0.03340700 0.00209100 -0.04700000
v 0.03339700 0.00205800 -0.04670000
v 0.03339700 0.00205800 -0.04700000
v 0.03339700 0.00205800 -0.04700000
v 0.03339700 0.00205800 -0.04700000
v 0.03339700 0.00205800 -0.04670000
v 0.03340400 0.00202500 -0.04670000
v 0.03340400 0.00202500 -0.04670000
v 0.03340400 0.00202500 -0.04700000
v 0.03340400 0.00202500 -0.04700000
v 0.03340400 0.00202500 -0.04670000
v 0.03342400 0.00200000 -0.04670000
v 0.03342400 0.00200000 -0.04700000
v 0.03496200 0.00078700 -0.04700000
v 0.03496200 0.00078700 -0.04670000
v 0.03498700 0.00075500 -0.04670000
v 0.03498700 0.00075500 -0.04700000
v 0.03499300 0.00073200 -0.04670000
v 0.03499300 0.00073200 -0.04700000
v 0.03499200 0.00070400 -0.04670000
v 0.03499200 0.00070400 -0.04700000
v 0.03490900 0.00026800 -0.04700000
v 0.03490900 0.00026800 -0.04670000
v 0.03489300 0.00023200 -0.04670000
v 0.03489300 0.00023200 -0.04700000
v 0.03488700 0.00022600 -0.04670000
v 0.03488700 0.00022600 -0.04700000
v 0.03486000 0.00020900 -0.04670000
v 0.03486000 0.00020900 -0.04700000
v 0.03486000 0.00020900 -0.04700000
v 0.03486000 0.00020900 -0.04700000
v 0.03486000 0.00020900 -0.04670000
v 0.03482000 0.00020400 -0.04670000
v 0.03482000 0.00020400 -0.04670000
v 0.03482000 0.00020400 -0.04700000
v 0.03103400 -0.00390800 -0.04700000
v 0.03388100 -0.00445200 -0.04700000
v 0.03103400 -0.00390800 -0.04670000
v 0.03103400 -0.00390800 -0.04670000
v 0.03388100 -0.00445200 -0.04700000
v 0.03388100 -0.00445200 -0.04670000
v 0.03388100 -0.00445200 -0.04670000
v 0.03097700 -0.00388200 -0.04670000
v 0.03097700 -0.00388200 -0.04700000
v 0.03395800 -0.00444300 -0.04700000
v 0.03395800 -0.00444300 -0.04670000
v 0.03389800 -0.00445400 -0.04670000
v 0.03389800 -0.00445400 -0.04700000
v 0.03389800 -0.00445400 -0.04700000
v 0.03097700 -0.00388200 -0.04700000
v 0.03097700 -0.00388200 -0.04700000
v 0.03097700 -0.00388200 -0.04670000
v 0.03093900 -0.00383200 -0.04670000
v 0.03093900 -0.00383200 -0.04670000
v 0.03093900 -0.00383200 -0.04700000
v 0.03093900 -0.00383200 -0.04700000
v 0.03093900 -0.00383200 -0.04670000
v 0.03092800 -0.00377100 -0.04670000
v 0.03092800 -0.00377100 -0.04700000
v 0.03093000 -0.00375500 -0.04670000
v 0.03093000 -0.00375500 -0.04700000
v 0.03098600 -0.00346200 -0.04700000
v 0.03098600 -0.00346200 -0.04670000
v 0.03101300 -0.00340400 -0.04670000
v 0.03101300 -0.00340400 -0.04700000
v 0.03101300 -0.00340400 -0.04700000
v 0.03101300 -0.00340400 -0.04670000
v 0.03106300 -0.00336600 -0.04670000
v 0.03106300 -0.00336600 -0.04700000
v 0.03106300 -0.00336600 -0.04700000
v 0.03106300 -0.00336600 -0.04670000
v 0.03112300 -0.00335600 -0.04670000
v 0.03112300 -0.00335600 -0.04670000
v 0.03112300 -0.00335600 -0.04700000
v 0.03112300 -0.00335600 -0.04700000
v 0.03113900 -0.00335800 -0.04670000
v 0.03113900 -0.00335800 -0.04700000
v 0.03398600 -0.00390100 -0.04700000
v 0.03398600 -0.00390100 -0.04670000
v 0.03404400 -0.00392700 -0.04670000
v 0.03404400 -0.00392700 -0.04700000
v 0.03404400 -0.00392700 -0.04700000
v 0.03404400 -0.00392700 -0.04700000
v 0.03404400 -0.00392700 -0.04670000
v 0.03408200 -0.00397700 -0.04670000
v 0.03408200 -0.00397700 -0.04670000
v 0.03408200 -0.00397700 -0.04700000
v 0.03408200 -0.00397700 -0.04700000
v 0.03408200 -0.00397700 -0.04670000
v 0.03409300 -0.00403800 -0.04670000
v 0.03409300 -0.00403800 -0.04700000
v 0.03409000 -0.00405400 -0.04670000
v 0.03409000 -0.00405400 -0.04700000
v 0.03403400 -0.00434800 -0.04700000
v 0.03403400 -0.00434800 -0.04670000
v 0.03400800 -0.00440400 -0.04670000
v 0.03400800 -0.00440400 -0.04700000
v 0.03400800 -0.00440400 -0.04700000
v 0.03400800 -0.00440400 -0.04700000
v 0.03400800 -0.00440400 -0.04670000
v 0.03395800 -0.00444300 -0.04670000
v 0.03395800 -0.00444300 -0.04670000
v 0.03395800 -0.00444300 -0.04700000
v 0.03190900 -0.00887000 -0.04700000
v 0.03252200 -0.00898700 -0.04700000
v 0.03190900 -0.00887000 -0.04670000
v 0.03252200 -0.00898700 -0.04670000
v 0.03187700 -0.00887200 -0.04670000
v 0.03187700 -0.00887200 -0.04700000
v 0.03255600 -0.00900500 -0.04700000
v 0.03255600 -0.00900500 -0.04670000
v 0.03253000 -0.00898900 -0.04670000
v 0.03253000 -0.00898900 -0.04700000
v 0.03187700 -0.00887200 -0.04700000
v 0.03187700 -0.00887200 -0.04700000
v 0.03187700 -0.00887200 -0.04670000
v 0.03185100 -0.00888800 -0.04670000
v 0.03185100 -0.00888800 -0.04670000
v 0.03185100 -0.00888800 -0.04700000
v 0.03185100 -0.00888800 -0.04700000
v 0.03185100 -0.00888800 -0.04670000
v 0.03183600 -0.00891300 -0.04670000
v 0.03183600 -0.00891300 -0.04700000
v 0.03183400 -0.00892100 -0.04670000
v 0.03183400 -0.00892100 -0.04700000
v 0.03155100 -0.01040400 -0.04700000
v 0.03155100 -0.01040400 -0.04670000
v 0.03152500 -0.01046000 -0.04670000
v 0.03152500 -0.01046000 -0.04700000
v 0.03152500 -0.01046000 -0.04700000
v 0.03152500 -0.01046000 -0.04700000
v 0.03152500 -0.01046000 -0.04670000
v 0.03147700 -0.01049700 -0.04670000
v 0.03147700 -0.01049700 -0.04670000
v 0.03147700 -0.01049700 -0.04700000
v 0.03147700 -0.01049700 -0.04700000
v 0.03147700 -0.01049700 -0.04670000
v 0.03141800 -0.01050700 -0.04670000
v 0.03141800 -0.01050700 -0.04700000
v 0.03140300 -0.01050500 -0.04670000
v 0.03140300 -0.01050500 -0.04700000
v 0.03109400 -0.01044600 -0.04700000
v 0.03109400 -0.01044600 -0.04670000
v 0.03104500 -0.01042300 -0.04670000
v 0.03104500 -0.01042300 -0.04700000
v 0.03104500 -0.01042300 -0.04700000
v 0.03104500 -0.01042300 -0.04700000
v 0.03104500 -0.01042300 -0.04670000
v 0.03101300 -0.01038100 -0.04670000
v 0.03101300 -0.01038100 -0.04670000
v 0.03101300 -0.01038100 -0.04700000
v 0.03101300 -0.01038100 -0.04700000
v 0.03101300 -0.01038100 -0.04670000
v 0.03100400 -0.01033000 -0.04670000
v 0.03100400 -0.01033000 -0.04670000
v 0.03100400 -0.01033000 -0.04700000
v 0.03100400 -0.01033000 -0.04700000
v 0.03100600 -0.01031700 -0.04670000
v 0.03100600 -0.01031700 -0.04700000
v 0.03129200 -0.00881700 -0.04700000
v 0.03129200 -0.00881700 -0.04670000
v 0.03129000 -0.00878600 -0.04670000
v 0.03129000 -0.00878600 -0.04700000
v 0.03129000 -0.00878600 -0.04700000
v 0.03129000 -0.00878600 -0.04700000
v 0.03129000 -0.00878600 -0.04670000
v 0.03127400 -0.00876000 -0.04670000
v 0.03127400 -0.00876000 -0.04670000
v 0.03127400 -0.00876000 -0.04700000
v 0.03127400 -0.00876000 -0.04700000
v 0.03127400 -0.00876000 -0.04670000
v 0.03124900 -0.00874500 -0.04670000
v 0.03124900 -0.00874500 -0.04700000
v 0.03124100 -0.00874300 -0.04670000
v 0.03124100 -0.00874300 -0.04700000
v 0.03064200 -0.00862900 -0.04700000
v 0.03064200 -0.00862900 -0.04670000
v 0.03061000 -0.00863000 -0.04670000
v 0.03061000 -0.00863000 -0.04700000
v 0.03061000 -0.00863000 -0.04700000
v 0.03061000 -0.00863000 -0.04700000
v 0.03061000 -0.00863000 -0.04670000
v 0.03058400 -0.00864600 -0.04670000
v 0.03058400 -0.00864600 -0.04670000
v 0.03058400 -0.00864600 -0.04700000
v 0.03058400 -0.00864600 -0.04700000
v 0.03058400 -0.00864600 -0.04670000
v 0.03056900 -0.00867200 -0.04670000
v 0.03056900 -0.00867200 -0.04700000
v 0.03056700 -0.00867900 -0.04670000
v 0.03056700 -0.00867900 -0.04700000
v 0.03028000 -0.01018200 -0.04700000
v 0.03028000 -0.01018200 -0.04670000
v 0.03025900 -0.01022800 -0.04670000
v 0.03025900 -0.01022800 -0.04700000
v 0.03025900 -0.01022800 -0.04700000
v 0.03025900 -0.01022800 -0.04700000
v 0.03025900 -0.01022800 -0.04670000
v 0.03021800 -0.01026000 -0.04670000
v 0.03021800 -0.01026000 -0.04670000
v 0.03021800 -0.01026000 -0.04700000
v 0.03021800 -0.01026000 -0.04700000
v 0.03021800 -0.01026000 -0.04670000
v 0.03016900 -0.01026900 -0.04670000
v 0.03016900 -0.01026900 -0.04700000
v 0.03015600 -0.01026700 -0.04670000
v 0.03015600 -0.01026700 -0.04700000
v 0.02989300 -0.01021700 -0.04700000
v 0.02989300 -0.01021700 -0.04670000
v 0.02981400 -0.01018000 -0.04670000
v 0.02981400 -0.01018000 -0.04700000
v 0.02981400 -0.01018000 -0.04700000
v 0.02981400 -0.01018000 -0.04700000
v 0.02981400 -0.01018000 -0.04670000
v 0.02976300 -0.01011300 -0.04670000
v 0.02976300 -0.01011300 -0.04670000
v 0.02976300 -0.01011300 -0.04700000
v 0.02976300 -0.01011300 -0.04700000
v 0.02976300 -0.01011300 -0.04670000
v 0.02974900 -0.01003100 -0.04670000
v 0.02974900 -0.01003100 -0.04670000
v 0.02974900 -0.01003100 -0.04700000
v 0.02974900 -0.01003100 -0.04700000
v 0.02975200 -0.01000900 -0.04670000
v 0.02975200 -0.01000900 -0.04700000
v 0.03010600 -0.00814000 -0.04700000
v 0.03010600 -0.00814000 -0.04670000
v 0.03014400 -0.00806000 -0.04670000
v 0.03014400 -0.00806000 -0.04700000
v 0.03014400 -0.00806000 -0.04700000
v 0.03014400 -0.00806000 -0.04670000
v 0.03021300 -0.00800800 -0.04670000
v 0.03021300 -0.00800800 -0.04700000
v 0.03021300 -0.00800800 -0.04700000
v 0.03021300 -0.00800800 -0.04670000
v 0.03029600 -0.00799300 -0.04670000
v 0.03029600 -0.00799300 -0.04700000
v 0.03031800 -0.00799600 -0.04670000
v 0.03031800 -0.00799600 -0.04700000
v 0.03304000 -0.00851600 -0.04700000
v 0.03304000 -0.00851600 -0.04670000
v 0.03312700 -0.00855500 -0.04670000
v 0.03312700 -0.00855500 -0.04700000
v 0.03312700 -0.00855500 -0.04700000
v 0.03312700 -0.00855500 -0.04670000
v 0.03318300 -0.00863000 -0.04670000
v 0.03318300 -0.00863000 -0.04700000
v 0.03318300 -0.00863000 -0.04700000
v 0.03318300 -0.00863000 -0.04670000
v 0.03319900 -0.00872000 -0.04670000
v 0.03319900 -0.00872000 -0.04700000
v 0.03319600 -0.00874400 -0.04670000
v 0.03319600 -0.00874400 -0.04700000
v 0.03284100 -0.01060400 -0.04700000
v 0.03284100 -0.01060400 -0.04670000
v 0.03280600 -0.01067900 -0.04670000
v 0.03280600 -0.01067900 -0.04700000
v 0.03280600 -0.01067900 -0.04700000
v 0.03280600 -0.01067900 -0.04700000
v 0.03280600 -0.01067900 -0.04670000
v 0.03274100 -0.01072900 -0.04670000
v 0.03274100 -0.01072900 -0.04670000
v 0.03274100 -0.01072900 -0.04700000
v 0.03274100 -0.01072900 -0.04700000
v 0.03274100 -0.01072900 -0.04670000
v 0.03266100 -0.01074300 -0.04670000
v 0.03266100 -0.01074300 -0.04700000
v 0.03264000 -0.01074100 -0.04670000
v 0.03264000 -0.01074100 -0.04700000
v 0.03238900 -0.01069300 -0.04700000
v 0.03238900 -0.01069300 -0.04670000
v 0.03233400 -0.01066700 -0.04670000
v 0.03233400 -0.01066700 -0.04700000
v 0.03233400 -0.01066700 -0.04700000
v 0.03233400 -0.01066700 -0.04700000
v 0.03233400 -0.01066700 -0.04670000
v 0.03229800 -0.01062000 -0.04670000
v 0.03229800 -0.01062000 -0.04670000
v 0.03229800 -0.01062000 -0.04700000
v 0.03229800 -0.01062000 -0.04700000
v 0.03229800 -0.01062000 -0.04670000
v 0.03228800 -0.01056200 -0.04670000
v 0.03228800 -0.01056200 -0.04670000
v 0.03228800 -0.01056200 -0.04700000
v 0.03228800 -0.01056200 -0.04700000
v 0.03229000 -0.01054700 -0.04670000
v 0.03229000 -0.01054700 -0.04700000
v 0.03257300 -0.00906200 -0.04700000
v 0.03257300 -0.00906200 -0.04670000
v 0.03257200 -0.00903100 -0.04670000
v 0.03257200 -0.00903100 -0.04700000
v 0.03257200 -0.00903100 -0.04700000
v 0.03257200 -0.00903100 -0.04700000
v 0.03257200 -0.00903100 -0.04670000
v 0.03255600 -0.00900500 -0.04670000
v 0.03255600 -0.00900500 -0.04670000
v 0.03255600 -0.00900500 -0.04700000
v 0.03068100 -0.01201500 -0.04670000
v 0.03068100 -0.01201500 -0.04670000
v 0.03069100 -0.01214900 -0.04700000
v 0.03069100 -0.01214900 -0.04700000
v 0.03069100 -0.01214900 -0.04670000
v 0.03068100 -0.01201500 -0.04700000
v 0.03069100 -0.01214900 -0.04670000
v 0.03069100 -0.01214900 -0.04670000
v 0.03069100 -0.01214900 -0.04700000
v 0.03076700 -0.01225900 -0.04700000
v 0.03076700 -0.01225900 -0.04700000
v 0.03076700 -0.01225900 -0.04670000
v 0.03076700 -0.01225900 -0.04670000
v 0.03076700 -0.01225900 -0.04670000
v 0.03076700 -0.01225900 -0.04700000
v 0.03088700 -0.01231800 -0.04700000
v 0.03088700 -0.01231800 -0.04700000
v 0.03088700 -0.01231800 -0.04670000
v 0.03088700 -0.01231800 -0.04670000
v 0.03088700 -0.01231800 -0.04670000
v 0.03088700 -0.01231800 -0.04700000
v 0.03102100 -0.01230800 -0.04700000
v 0.03102100 -0.01230800 -0.04700000
v 0.03102100 -0.01230800 -0.04670000
v 0.03102100 -0.01230800 -0.04670000
v 0.03102100 -0.01230800 -0.04670000
v 0.03102100 -0.01230800 -0.04700000
v 0.03113100 -0.01223300 -0.04700000
v 0.03113100 -0.01223300 -0.04700000
v 0.03113100 -0.01223300 -0.04670000
v 0.03113100 -0.01223300 -0.04670000
v 0.03113100 -0.01223300 -0.04670000
v 0.03113100 -0.01223300 -0.04700000
v 0.03119000 -0.01211200 -0.04700000
v 0.03119000 -0.01211200 -0.04700000
v 0.03119000 -0.01211200 -0.04670000
v 0.03119000 -0.01211200 -0.04670000
v 0.03119000 -0.01211200 -0.04670000
v 0.03119000 -0.01211200 -0.04700000
v 0.03118000 -0.01197900 -0.04700000
v 0.03118000 -0.01197900 -0.04700000
v 0.03118000 -0.01197900 -0.04670000
v 0.03118000 -0.01197900 -0.04670000
v 0.03118000 -0.01197900 -0.04670000
v 0.03118000 -0.01197900 -0.04700000
v 0.03110400 -0.01186800 -0.04700000
v 0.03110400 -0.01186800 -0.04700000
v 0.03110400 -0.01186800 -0.04670000
v 0.03110400 -0.01186800 -0.04670000
v 0.03110400 -0.01186800 -0.04670000
v 0.03110400 -0.01186800 -0.04700000
v 0.03098400 -0.01181000 -0.04700000
v 0.03098400 -0.01181000 -0.04700000
v 0.03098400 -0.01181000 -0.04670000
v 0.03098400 -0.01181000 -0.04670000
v 0.03098400 -0.01181000 -0.04670000
v 0.03098400 -0.01181000 -0.04700000
v 0.03085100 -0.01181900 -0.04700000
v 0.03085100 -0.01181900 -0.04700000
v 0.03085100 -0.01181900 -0.04670000
v 0.03085100 -0.01181900 -0.04670000
v 0.03085100 -0.01181900 -0.04670000
v 0.03085100 -0.01181900 -0.04700000
v 0.03074000 -0.01189500 -0.04700000
v 0.03074000 -0.01189500 -0.04700000
v 0.03074000 -0.01189500 -0.04670000
v 0.03074000 -0.01189500 -0.04670000
v 0.03074000 -0.01189500 -0.04670000
v 0.03074000 -0.01189500 -0.04700000
v 0.03068100 -0.01201500 -0.04700000
v 0.03068100 -0.01201500 -0.04700000
v 0.03068100 -0.01201500 -0.04670000
v 0.03092900 -0.01447800 -0.04700000
v 0.03213600 -0.01375600 -0.04700000
v 0.03092900 -0.01447800 -0.04670000
v 0.03092900 -0.01447800 -0.04670000
v 0.03213600 -0.01375600 -0.04700000
v 0.03213600 -0.01375600 -0.04670000
v 0.03224200 -0.01364400 -0.04700000
v 0.03224200 -0.01364400 -0.04670000
v 0.03215100 -0.01374600 -0.04670000
v 0.03215100 -0.01374600 -0.04700000
v 0.03178900 -0.01557600 -0.04700000
v 0.03092900 -0.01447800 -0.04700000
v 0.03178900 -0.01557600 -0.04670000
v 0.03092900 -0.01447800 -0.04670000
v 0.03184000 -0.01568300 -0.04670000
v 0.03184000 -0.01568300 -0.04700000
v 0.03184000 -0.01568300 -0.04700000
v 0.03184000 -0.01568300 -0.04700000
v 0.03184000 -0.01568300 -0.04670000
v 0.03184300 -0.01580400 -0.04670000
v 0.03184300 -0.01580400 -0.04670000
v 0.03184300 -0.01580400 -0.04700000
v 0.03184300 -0.01580400 -0.04700000
v 0.03184300 -0.01580400 -0.04700000
v 0.03184300 -0.01580400 -0.04670000
v 0.03178200 -0.01593300 -0.04670000
v 0.03178200 -0.01593300 -0.04670000
v 0.03178200 -0.01593300 -0.04700000
v 0.03178200 -0.01593300 -0.04700000
v 0.03178200 -0.01593300 -0.04700000
v 0.03178200 -0.01593300 -0.04670000
v 0.03167300 -0.01601400 -0.04670000
v 0.03167300 -0.01601400 -0.04670000
v 0.03167300 -0.01601400 -0.04700000
v 0.03167300 -0.01601400 -0.04700000
v 0.03167300 -0.01601400 -0.04670000
v 0.03154100 -0.01603500 -0.04670000
v 0.03154100 -0.01603500 -0.04700000
v 0.03150900 -0.01603100 -0.04670000
v 0.03150900 -0.01603100 -0.04700000
v 0.03139900 -0.01598400 -0.04670000
v 0.03139900 -0.01598400 -0.04700000
v 0.03139900 -0.01598400 -0.04700000
v 0.03139900 -0.01598400 -0.04670000
v 0.03130900 -0.01588000 -0.04670000
v 0.03130900 -0.01588000 -0.04700000
v 0.03044600 -0.01476800 -0.04700000
v 0.03044600 -0.01476800 -0.04670000
v 0.02918000 -0.01552800 -0.04700000
v 0.03044600 -0.01476800 -0.04700000
v 0.02918000 -0.01552800 -0.04670000
v 0.03044600 -0.01476800 -0.04670000
v 0.02906000 -0.01556400 -0.04670000
v 0.02906000 -0.01556400 -0.04700000
v 0.02906000 -0.01556400 -0.04700000
v 0.02906000 -0.01556400 -0.04700000
v 0.02906000 -0.01556400 -0.04670000
v 0.02895900 -0.01555200 -0.04670000
v 0.02895900 -0.01555200 -0.04670000
v 0.02895900 -0.01555200 -0.04700000
v 0.02895900 -0.01555200 -0.04700000
v 0.02895900 -0.01555200 -0.04700000
v 0.02895900 -0.01555200 -0.04670000
v 0.02884000 -0.01548100 -0.04670000
v 0.02884000 -0.01548100 -0.04670000
v 0.02884000 -0.01548100 -0.04700000
v 0.02884000 -0.01548100 -0.04700000
v 0.02884000 -0.01548100 -0.04700000
v 0.02884000 -0.01548100 -0.04670000
v 0.02876900 -0.01536300 -0.04670000
v 0.02876900 -0.01536300 -0.04670000
v 0.02876900 -0.01536300 -0.04700000
v 0.02876900 -0.01536300 -0.04700000
v 0.02876900 -0.01536300 -0.04700000
v 0.02876900 -0.01536300 -0.04670000
v 0.02876200 -0.01522200 -0.04670000
v 0.02876200 -0.01522200 -0.04670000
v 0.02876200 -0.01522200 -0.04700000
v 0.02876200 -0.01522200 -0.04700000
v 0.02876200 -0.01522200 -0.04700000
v 0.02876200 -0.01522200 -0.04670000
v 0.02882100 -0.01509800 -0.04670000
v 0.02882100 -0.01509800 -0.04670000
v 0.02882100 -0.01509800 -0.04700000
v 0.02882100 -0.01509800 -0.04700000
v 0.02882100 -0.01509800 -0.04670000
v 0.02889600 -0.01503400 -0.04670000
v 0.02889600 -0.01503400 -0.04700000
v 0.03010200 -0.01431100 -0.04700000
v 0.03010200 -0.01431100 -0.04670000
v 0.02924300 -0.01321300 -0.04700000
v 0.03010200 -0.01431100 -0.04700000
v 0.02924300 -0.01321300 -0.04670000
v 0.03010200 -0.01431100 -0.04670000
v 0.02919100 -0.01310600 -0.04670000
v 0.02919100 -0.01310600 -0.04700000
v 0.02919100 -0.01310600 -0.04700000
v 0.02919100 -0.01310600 -0.04700000
v 0.02919100 -0.01310600 -0.04670000
v 0.02918800 -0.01298700 -0.04670000
v 0.02918800 -0.01298700 -0.04670000
v 0.02918800 -0.01298700 -0.04700000
v 0.02918800 -0.01298700 -0.04700000
v 0.02918800 -0.01298700 -0.04700000
v 0.02918800 -0.01298700 -0.04670000
v 0.02924900 -0.01285700 -0.04670000
v 0.02924900 -0.01285700 -0.04670000
v 0.02924900 -0.01285700 -0.04700000
v 0.02924900 -0.01285700 -0.04700000
v 0.02924900 -0.01285700 -0.04700000
v 0.02924900 -0.01285700 -0.04670000
v 0.02935800 -0.01277600 -0.04670000
v 0.02935800 -0.01277600 -0.04670000
v 0.02935800 -0.01277600 -0.04700000
v 0.02935800 -0.01277600 -0.04700000
v 0.02935800 -0.01277600 -0.04700000
v 0.02935800 -0.01277600 -0.04670000
v 0.02949400 -0.01275500 -0.04670000
v 0.02949400 -0.01275500 -0.04670000
v 0.02949400 -0.01275500 -0.04700000
v 0.02949400 -0.01275500 -0.04700000
v 0.02949400 -0.01275500 -0.04700000
v 0.02949400 -0.01275500 -0.04670000
v 0.02961800 -0.01279600 -0.04670000
v 0.02961800 -0.01279600 -0.04670000
v 0.02961800 -0.01279600 -0.04700000
v 0.02961800 -0.01279600 -0.04700000
v 0.02961800 -0.01279600 -0.04670000
v 0.02970500 -0.01288000 -0.04670000
v 0.02970500 -0.01288000 -0.04700000
v 0.02972200 -0.01290900 -0.04670000
v 0.02972200 -0.01290900 -0.04670000
v 0.02972200 -0.01290900 -0.04700000
v 0.03058500 -0.01402200 -0.04700000
v 0.02972200 -0.01290900 -0.04700000
v 0.02972200 -0.01290900 -0.04700000
v 0.03058500 -0.01402200 -0.04670000
v 0.03058500 -0.01402200 -0.04670000
v 0.03185200 -0.01326200 -0.04700000
v 0.03058500 -0.01402200 -0.04700000
v 0.03185200 -0.01326200 -0.04670000
v 0.03058500 -0.01402200 -0.04670000
v 0.03198200 -0.01322500 -0.04670000
v 0.03198200 -0.01322500 -0.04700000
v 0.03202600 -0.01322700 -0.04670000
v 0.03202600 -0.01322700 -0.04700000
v 0.03215400 -0.01327700 -0.04670000
v 0.03215400 -0.01327700 -0.04700000
v 0.03215400 -0.01327700 -0.04700000
v 0.03215400 -0.01327700 -0.04700000
v 0.03215400 -0.01327700 -0.04670000
v 0.03224400 -0.01338000 -0.04670000
v 0.03224400 -0.01338000 -0.04670000
v 0.03224400 -0.01338000 -0.04700000
v 0.03224400 -0.01338000 -0.04700000
v 0.03224400 -0.01338000 -0.04700000
v 0.03224400 -0.01338000 -0.04670000
v 0.03227600 -0.01351900 -0.04670000
v 0.03227600 -0.01351900 -0.04670000
v 0.03227600 -0.01351900 -0.04700000
v 0.03227600 -0.01351900 -0.04700000
v 0.03227600 -0.01351900 -0.04700000
v 0.03227600 -0.01351900 -0.04670000
v 0.03224200 -0.01364400 -0.04670000
v 0.03224200 -0.01364400 -0.04670000
v 0.03224200 -0.01364400 -0.04700000
v 0.03070300 -0.00558600 -0.04700000
v 0.03296300 -0.00601700 -0.04700000
v 0.03070300 -0.00558600 -0.04670000
v 0.03296300 -0.00601700 -0.04670000
v 0.03065000 -0.00556100 -0.04670000
v 0.03065000 -0.00556100 -0.04700000
v 0.03306300 -0.00607000 -0.04700000
v 0.03306300 -0.00607000 -0.04670000
v 0.03298600 -0.00602300 -0.04670000
v 0.03298600 -0.00602300 -0.04700000
v 0.03065000 -0.00556100 -0.04700000
v 0.03065000 -0.00556100 -0.04700000
v 0.03065000 -0.00556100 -0.04670000
v 0.03061500 -0.00551600 -0.04670000
v 0.03061500 -0.00551600 -0.04670000
v 0.03061500 -0.00551600 -0.04700000
v 0.03061500 -0.00551600 -0.04700000
v 0.03061500 -0.00551600 -0.04670000
v 0.03060600 -0.00546000 -0.04670000
v 0.03060600 -0.00546000 -0.04700000
v 0.03060800 -0.00544600 -0.04670000
v 0.03060800 -0.00544600 -0.04700000
v 0.03066800 -0.00513100 -0.04700000
v 0.03066800 -0.00513100 -0.04670000
v 0.03069200 -0.00507800 -0.04670000
v 0.03069200 -0.00507800 -0.04700000
v 0.03069200 -0.00507800 -0.04700000
v 0.03069200 -0.00507800 -0.04700000
v 0.03069200 -0.00507800 -0.04670000
v 0.03073800 -0.00504300 -0.04670000
v 0.03073800 -0.00504300 -0.04670000
v 0.03073800 -0.00504300 -0.04700000
v 0.03073800 -0.00504300 -0.04700000
v 0.03073800 -0.00504300 -0.04670000
v 0.03079300 -0.00503300 -0.04670000
v 0.03079300 -0.00503300 -0.04670000
v 0.03079300 -0.00503300 -0.04700000
v 0.03079300 -0.00503300 -0.04700000
v 0.03080800 -0.00503500 -0.04670000
v 0.03080800 -0.00503500 -0.04700000
v 0.03360300 -0.00556800 -0.04700000
v 0.03360300 -0.00556800 -0.04670000
v 0.03368900 -0.00560800 -0.04670000
v 0.03368900 -0.00560800 -0.04700000
v 0.03368900 -0.00560800 -0.04700000
v 0.03368900 -0.00560800 -0.04700000
v 0.03368900 -0.00560800 -0.04670000
v 0.03374500 -0.00568300 -0.04670000
v 0.03374500 -0.00568300 -0.04670000
v 0.03374500 -0.00568300 -0.04700000
v 0.03374500 -0.00568300 -0.04700000
v 0.03374500 -0.00568300 -0.04670000
v 0.03376100 -0.00577300 -0.04670000
v 0.03376100 -0.00577300 -0.04700000
v 0.03375800 -0.00579700 -0.04670000
v 0.03375800 -0.00579700 -0.04700000
v 0.03341600 -0.00759000 -0.04700000
v 0.03341600 -0.00759000 -0.04670000
v 0.03338500 -0.00765600 -0.04670000
v 0.03338500 -0.00765600 -0.04700000
v 0.03338500 -0.00765600 -0.04700000
v 0.03338500 -0.00765600 -0.04700000
v 0.03338500 -0.00765600 -0.04670000
v 0.03332900 -0.00769900 -0.04670000
v 0.03332900 -0.00769900 -0.04670000
v 0.03332900 -0.00769900 -0.04700000
v 0.03332900 -0.00769900 -0.04700000
v 0.03332900 -0.00769900 -0.04670000
v 0.03325900 -0.00771100 -0.04670000
v 0.03325900 -0.00771100 -0.04700000
v 0.03324100 -0.00770900 -0.04670000
v 0.03324100 -0.00770900 -0.04700000
v 0.03299800 -0.00766200 -0.04700000
v 0.03299800 -0.00766200 -0.04670000
v 0.03293100 -0.00763100 -0.04670000
v 0.03293100 -0.00763100 -0.04700000
v 0.03293100 -0.00763100 -0.04700000
v 0.03293100 -0.00763100 -0.04700000
v 0.03293100 -0.00763100 -0.04670000
v 0.03288800 -0.00757500 -0.04670000
v 0.03288800 -0.00757500 -0.04670000
v 0.03288800 -0.00757500 -0.04700000
v 0.03288800 -0.00757500 -0.04700000
v 0.03288800 -0.00757500 -0.04670000
v 0.03287600 -0.00750600 -0.04670000
v 0.03287600 -0.00750600 -0.04670000
v 0.03287600 -0.00750600 -0.04700000
v 0.03287600 -0.00750600 -0.04700000
v 0.03287800 -0.00748800 -0.04670000
v 0.03287800 -0.00748800 -0.04700000
v 0.03311600 -0.00624200 -0.04700000
v 0.03311600 -0.00624200 -0.04670000
v 0.03311100 -0.00614800 -0.04670000
v 0.03311100 -0.00614800 -0.04700000
v 0.03311100 -0.00614800 -0.04700000
v 0.03311100 -0.00614800 -0.04700000
v 0.03311100 -0.00614800 -0.04670000
v 0.03306300 -0.00607000 -0.04670000
v 0.03306300 -0.00607000 -0.04670000
v 0.03306300 -0.00607000 -0.04700000
v 0.03353100 -0.00230600 -0.04700000
v 0.03268400 -0.00214500 -0.04700000
v 0.03353100 -0.00230600 -0.04670000
v 0.03353100 -0.00230600 -0.04670000
v 0.03268400 -0.00214500 -0.04700000
v 0.03268400 -0.00214500 -0.04670000
v 0.03268400 -0.00214500 -0.04670000
v 0.03359500 -0.00230200 -0.04670000
v 0.03359500 -0.00230200 -0.04700000
v 0.03263100 -0.00215100 -0.04700000
v 0.03263100 -0.00215100 -0.04670000
v 0.03267300 -0.00214300 -0.04670000
v 0.03267300 -0.00214300 -0.04700000
v 0.03267300 -0.00214300 -0.04700000
v 0.03359500 -0.00230200 -0.04700000
v 0.03359500 -0.00230200 -0.04670000
v 0.03362800 -0.00228500 -0.04670000
v 0.03362800 -0.00228500 -0.04700000
v 0.03390100 -0.00198200 -0.04670000
v 0.03390100 -0.00198200 -0.04700000
v 0.03405500 -0.00158400 -0.04670000
v 0.03405500 -0.00158400 -0.04700000
v 0.03405500 -0.00158400 -0.04700000
v 0.03405500 -0.00158400 -0.04700000
v 0.03405500 -0.00158400 -0.04670000
v 0.03402600 -0.00102400 -0.04670000
v 0.03402600 -0.00102400 -0.04670000
v 0.03402600 -0.00102400 -0.04700000
v 0.03402600 -0.00102400 -0.04700000
v 0.03402600 -0.00102400 -0.04700000
v 0.03402600 -0.00102400 -0.04670000
v 0.03375100 -0.00056100 -0.04670000
v 0.03375100 -0.00056100 -0.04670000
v 0.03375100 -0.00056100 -0.04700000
v 0.03375100 -0.00056100 -0.04700000
v 0.03375100 -0.00056100 -0.04670000
v 0.03332700 -0.00029900 -0.04670000
v 0.03332700 -0.00029900 -0.04700000
v 0.03319800 -0.00026600 -0.04670000
v 0.03319800 -0.00026600 -0.04700000
v 0.03269300 -0.00029300 -0.04670000
v 0.03269300 -0.00029300 -0.04700000
v 0.03269300 -0.00029300 -0.04700000
v 0.03269300 -0.00029300 -0.04700000
v 0.03269300 -0.00029300 -0.04670000
v 0.03224300 -0.00056200 -0.04670000
v 0.03224300 -0.00056200 -0.04670000
v 0.03224300 -0.00056200 -0.04700000
v 0.03224300 -0.00056200 -0.04700000
v 0.03224300 -0.00056200 -0.04670000
v 0.03195400 -0.00102700 -0.04670000
v 0.03195400 -0.00102700 -0.04700000
v 0.03191600 -0.00117600 -0.04670000
v 0.03191600 -0.00117600 -0.04700000
v 0.03190900 -0.00158100 -0.04670000
v 0.03190900 -0.00158100 -0.04700000
v 0.03203400 -0.00194700 -0.04670000
v 0.03203400 -0.00194700 -0.04700000
v 0.03205200 -0.00201500 -0.04670000
v 0.03205200 -0.00201500 -0.04700000
v 0.03205200 -0.00201500 -0.04700000
v 0.03205200 -0.00201500 -0.04700000
v 0.03205200 -0.00201500 -0.04670000
v 0.03203700 -0.00207800 -0.04670000
v 0.03203700 -0.00207800 -0.04670000
v 0.03203700 -0.00207800 -0.04700000
v 0.03203700 -0.00207800 -0.04700000
v 0.03203700 -0.00207800 -0.04670000
v 0.03199500 -0.00212500 -0.04670000
v 0.03199500 -0.00212500 -0.04700000
v 0.03198400 -0.00213200 -0.04670000
v 0.03198400 -0.00213200 -0.04700000
v 0.03178400 -0.00224700 -0.04700000
v 0.03178400 -0.00224700 -0.04670000
v 0.03172800 -0.00226200 -0.04670000
v 0.03172800 -0.00226200 -0.04700000
v 0.03172800 -0.00226200 -0.04700000
v 0.03172800 -0.00226200 -0.04700000
v 0.03172800 -0.00226200 -0.04670000
v 0.03167100 -0.00225000 -0.04670000
v 0.03167100 -0.00225000 -0.04670000
v 0.03167100 -0.00225000 -0.04700000
v 0.03167100 -0.00225000 -0.04700000
v 0.03167100 -0.00225000 -0.04670000
v 0.03162800 -0.00221300 -0.04670000
v 0.03162800 -0.00221300 -0.04700000
v 0.03161900 -0.00219900 -0.04670000
v 0.03161900 -0.00219900 -0.04700000
v 0.03144300 -0.00167500 -0.04670000
v 0.03144300 -0.00167500 -0.04700000
v 0.03145300 -0.00109700 -0.04670000
v 0.03145300 -0.00109700 -0.04700000
v 0.03145300 -0.00109700 -0.04700000
v 0.03145300 -0.00109700 -0.04700000
v 0.03145300 -0.00109700 -0.04670000
v 0.03178400 -0.00036800 -0.04670000
v 0.03178400 -0.00036800 -0.04670000
v 0.03178400 -0.00036800 -0.04700000
v 0.03178400 -0.00036800 -0.04700000
v 0.03178400 -0.00036800 -0.04700000
v 0.03178400 -0.00036800 -0.04670000
v 0.03239600 0.00010700 -0.04670000
v 0.03239600 0.00010700 -0.04670000
v 0.03239600 0.00010700 -0.04700000
v 0.03239600 0.00010700 -0.04700000
v 0.03239600 0.00010700 -0.04670000
v 0.03310000 0.00023600 -0.04670000
v 0.03310000 0.00023600 -0.04670000
v 0.03310000 0.00023600 -0.04700000
v 0.03310000 0.00023600 -0.04700000
v 0.03329500 0.00021100 -0.04670000
v 0.03329500 0.00021100 -0.04700000
v 0.03395000 -0.00008800 -0.04670000
v 0.03395000 -0.00008800 -0.04700000
v 0.03395000 -0.00008800 -0.04700000
v 0.03395000 -0.00008800 -0.04700000
v 0.03395000 -0.00008800 -0.04670000
v 0.03441300 -0.00068400 -0.04670000
v 0.03441300 -0.00068400 -0.04670000
v 0.03441300 -0.00068400 -0.04700000
v 0.03441300 -0.00068400 -0.04700000
v 0.03441300 -0.00068400 -0.04670000
v 0.03455500 -0.00145600 -0.04670000
v 0.03455500 -0.00145600 -0.04700000
v 0.03452700 -0.00168300 -0.04670000
v 0.03452700 -0.00168300 -0.04700000
v 0.03425400 -0.00233300 -0.04670000
v 0.03425400 -0.00233300 -0.04700000
v 0.03425400 -0.00233300 -0.04700000
v 0.03425400 -0.00233300 -0.04700000
v 0.03425400 -0.00233300 -0.04670000
v 0.03376200 -0.00279200 -0.04670000
v 0.03376200 -0.00279200 -0.04670000
v 0.03376200 -0.00279200 -0.04700000
v 0.03376200 -0.00279200 -0.04700000
v 0.03376200 -0.00279200 -0.04670000
v 0.03360800 -0.00284000 -0.04670000
v 0.03360800 -0.00284000 -0.04700000
v 0.03352400 -0.00283400 -0.04670000
v 0.03352400 -0.00283400 -0.04700000
v 0.03259400 -0.00265700 -0.04700000
v 0.03259400 -0.00265700 -0.04670000
v 0.03255100 -0.00263700 -0.04670000
v 0.03255100 -0.00263700 -0.04700000
v 0.03255100 -0.00263700 -0.04700000
v 0.03255100 -0.00263700 -0.04700000
v 0.03255100 -0.00263700 -0.04670000
v 0.03252200 -0.00259900 -0.04670000
v 0.03252200 -0.00259900 -0.04670000
v 0.03252200 -0.00259900 -0.04700000
v 0.03252200 -0.00259900 -0.04700000
v 0.03252200 -0.00259900 -0.04670000
v 0.03251400 -0.00255400 -0.04670000
v 0.03251400 -0.00255400 -0.04700000
v 0.03251500 -0.00254200 -0.04670000
v 0.03251500 -0.00254200 -0.04700000
v 0.03257700 -0.00221700 -0.04700000
v 0.03257700 -0.00221700 -0.04670000
v 0.03259600 -0.00217700 -0.04670000
v 0.03259600 -0.00217700 -0.04700000
v 0.03259600 -0.00217700 -0.04700000
v 0.03259600 -0.00217700 -0.04700000
v 0.03259600 -0.00217700 -0.04670000
v 0.03263100 -0.00215100 -0.04670000
v 0.03263100 -0.00215100 -0.04670000
v 0.03263100 -0.00215100 -0.04700000
v 0.03338500 -0.00765600 -0.04670000
v 0.03341600 -0.00759000 -0.04670000
v 0.03341600 -0.00759000 -0.04670000
v 0.03341600 -0.00759000 -0.04670000
v 0.03330800 -0.00814400 -0.04670000
v 0.03330800 -0.00814400 -0.04670000
v 0.03330800 -0.00814400 -0.04670000
v 0.03330800 -0.00814400 -0.04670000
v 0.03330800 -0.00814400 -0.04670000
v 0.03330800 -0.00814400 -0.04670000
v 0.03330800 -0.00814400 -0.04670000
v 0.03330800 -0.00814400 -0.04670000
v 0.03330800 -0.00814400 -0.04670000
v 0.03330800 -0.00814400 -0.04670000
v 0.03280600 -0.01067900 -0.04670000
v 0.03284100 -0.01060400 -0.04670000
v 0.03284100 -0.01060400 -0.04670000
v 0.03284100 -0.01060400 -0.04670000
v 0.03267900 -0.01144100 -0.04670000
v 0.03267900 -0.01144100 -0.04670000
v 0.03267900 -0.01144100 -0.04670000
v 0.03267900 -0.01144100 -0.04670000
v 0.03267900 -0.01144100 -0.04670000
v 0.03267900 -0.01144100 -0.04670000
v 0.03267900 -0.01144100 -0.04670000
v 0.03267900 -0.01144100 -0.04670000
v 0.03267900 -0.01144100 -0.04670000
v 0.03267900 -0.01144100 -0.04670000
v 0.03267900 -0.01144100 -0.04670000
v 0.03106300 -0.00336600 -0.04670000
v 0.03106300 -0.00336600 -0.04670000
v 0.03101300 -0.00340400 -0.04670000
v 0.03101300 -0.00340400 -0.04670000
v 0.03101300 -0.00340400 -0.04670000
v 0.03111400 -0.00286400 -0.04670000
v 0.03111400 -0.00286400 -0.04670000
v 0.03111400 -0.00286400 -0.04670000
v 0.03111400 -0.00286400 -0.04670000
v 0.03111400 -0.00286400 -0.04670000
v 0.03111400 -0.00286400 -0.04670000
v 0.03111400 -0.00286400 -0.04670000
v 0.03111400 -0.00286400 -0.04670000
v 0.03111400 -0.00286400 -0.04670000
v 0.03111400 -0.00286400 -0.04670000
v 0.03111400 -0.00286400 -0.04670000
v 0.03111400 -0.00286400 -0.04670000
v 0.03111400 -0.00286400 -0.04670000
v 0.03111400 -0.00286400 -0.04670000
v 0.03111400 -0.00286400 -0.04670000
v 0.03111400 -0.00286400 -0.04670000
v 0.03111400 -0.00286400 -0.04670000
v 0.03111400 -0.00286400 -0.04670000
v 0.03395800 -0.00444300 -0.04670000
v 0.03395800 -0.00444300 -0.04670000
v 0.03400800 -0.00440400 -0.04670000
v 0.03390000 -0.00504000 -0.04670000
v 0.03390000 -0.00504000 -0.04670000
v 0.03390000 -0.00504000 -0.04670000
v 0.03390000 -0.00504000 -0.04670000
v 0.03390000 -0.00504000 -0.04670000
v 0.03390000 -0.00504000 -0.04670000
v 0.03390000 -0.00504000 -0.04670000
v 0.03389800 -0.00445400 -0.04670000
v 0.03389800 -0.00445400 -0.04670000
v 0.03081200 -0.00445100 -0.04670000
v 0.03081200 -0.00445100 -0.04670000
v 0.03081200 -0.00445100 -0.04670000
v 0.03081200 -0.00445100 -0.04670000
v 0.03081200 -0.00445100 -0.04670000
v 0.03081200 -0.00445100 -0.04670000
v 0.03081200 -0.00445100 -0.04670000
v 0.03081200 -0.00445100 -0.04670000
v 0.03081200 -0.00445100 -0.04670000
v 0.03097700 -0.00388200 -0.04670000
v 0.03097700 -0.00388200 -0.04670000
v 0.03103400 -0.00390800 -0.04670000
v 0.03103400 -0.00390800 -0.04670000
v 0.03103400 -0.00390800 -0.04670000
v 0.03388100 -0.00445200 -0.04670000
v 0.03388100 -0.00445200 -0.04670000
v 0.03098600 -0.00346200 -0.04670000
v 0.03098600 -0.00346200 -0.04670000
v 0.03098600 -0.00346200 -0.04670000
v 0.02938800 -0.00253500 -0.04670000
v 0.02938800 -0.00253500 -0.04670000
v 0.02938800 -0.00253500 -0.04670000
v 0.02938800 -0.00253500 -0.04670000
v 0.02908600 -0.00412200 -0.04670000
v 0.02908600 -0.00412200 -0.04670000
v 0.03093000 -0.00375500 -0.04670000
v 0.03093000 -0.00375500 -0.04670000
v 0.02908600 -0.00412200 -0.04670000
v 0.02908600 -0.00412200 -0.04670000
v 0.02908600 -0.00412200 -0.04670000
v 0.02908600 -0.00412200 -0.04670000
v 0.02908600 -0.00412200 -0.04670000
v 0.02908600 -0.00412200 -0.04670000
v 0.03092800 -0.00377100 -0.04670000
v 0.03092800 -0.00377100 -0.04670000
v 0.03092800 -0.00377100 -0.04670000
v 0.03093900 -0.00383200 -0.04670000
v 0.03093900 -0.00383200 -0.04670000
v 0.03112300 -0.00335600 -0.04670000
v 0.03112300 -0.00335600 -0.04670000
v 0.03408200 -0.00397700 -0.04670000
v 0.03408200 -0.00397700 -0.04670000
v 0.03404400 -0.00392700 -0.04670000
v 0.03404400 -0.00392700 -0.04670000
v 0.03420300 -0.00345300 -0.04670000
v 0.03420300 -0.00345300 -0.04670000
v 0.03420300 -0.00345300 -0.04670000
v 0.03420300 -0.00345300 -0.04670000
v 0.03420300 -0.00345300 -0.04670000
v 0.03420300 -0.00345300 -0.04670000
v 0.03420300 -0.00345300 -0.04670000
v 0.03420300 -0.00345300 -0.04670000
v 0.03420300 -0.00345300 -0.04670000
v 0.03398600 -0.00390100 -0.04670000
v 0.03398600 -0.00390100 -0.04670000
v 0.03398600 -0.00390100 -0.04670000
v 0.03113900 -0.00335800 -0.04670000
v 0.03113900 -0.00335800 -0.04670000
v 0.03560900 -0.00536600 -0.04670000
v 0.03560900 -0.00536600 -0.04670000
v 0.03403400 -0.00434800 -0.04670000
v 0.03403400 -0.00434800 -0.04670000
v 0.03403400 -0.00434800 -0.04670000
v 0.03591200 -0.00377900 -0.04670000
v 0.03591200 -0.00377900 -0.04670000
v 0.03409000 -0.00405400 -0.04670000
v 0.03409000 -0.00405400 -0.04670000
v 0.03591200 -0.00377900 -0.04670000
v 0.03591200 -0.00377900 -0.04670000
v 0.03591200 -0.00377900 -0.04670000
v 0.03591200 -0.00377900 -0.04670000
v 0.03409300 -0.00403800 -0.04670000
v 0.03409300 -0.00403800 -0.04670000
v 0.03409300 -0.00403800 -0.04670000
v 0.03274100 -0.01072900 -0.04670000
v 0.03274100 -0.01072900 -0.04670000
v 0.03147700 -0.01049700 -0.04670000
v 0.03147700 -0.01049700 -0.04670000
v 0.03152500 -0.01046000 -0.04670000
v 0.03152500 -0.01046000 -0.04670000
v 0.03152500 -0.01046000 -0.04670000
v 0.03233400 -0.01066700 -0.04670000
v 0.03233400 -0.01066700 -0.04670000
v 0.03233400 -0.01066700 -0.04670000
v 0.03155100 -0.01040400 -0.04670000
v 0.03155100 -0.01040400 -0.04670000
v 0.03155100 -0.01040400 -0.04670000
v 0.03155100 -0.01040400 -0.04670000
v 0.03228800 -0.01056200 -0.04670000
v 0.03228800 -0.01056200 -0.04670000
v 0.03228800 -0.01056200 -0.04670000
v 0.03229800 -0.01062000 -0.04670000
v 0.03229800 -0.01062000 -0.04670000
v 0.03238900 -0.01069300 -0.04670000
v 0.03238900 -0.01069300 -0.04670000
v 0.03264000 -0.01074100 -0.04670000
v 0.03264000 -0.01074100 -0.04670000
v 0.03266100 -0.01074300 -0.04670000
v 0.03266100 -0.01074300 -0.04670000
v 0.02974900 -0.01003100 -0.04670000
v 0.02974900 -0.01003100 -0.04670000
v 0.02976300 -0.01011300 -0.04670000
v 0.02976300 -0.01011300 -0.04670000
v 0.02959100 -0.01085100 -0.04670000
v 0.02959100 -0.01085100 -0.04670000
v 0.02959100 -0.01085100 -0.04670000
v 0.02959100 -0.01085100 -0.04670000
v 0.02959100 -0.01085100 -0.04670000
v 0.02959100 -0.01085100 -0.04670000
v 0.02959100 -0.01085100 -0.04670000
v 0.02959100 -0.01085100 -0.04670000
v 0.02959100 -0.01085100 -0.04670000
v 0.02959100 -0.01085100 -0.04670000
v 0.02959100 -0.01085100 -0.04670000
v 0.02959100 -0.01085100 -0.04670000
v 0.02981400 -0.01018000 -0.04670000
v 0.02981400 -0.01018000 -0.04670000
v 0.02989300 -0.01021700 -0.04670000
v 0.02989300 -0.01021700 -0.04670000
v 0.03028000 -0.01018200 -0.04670000
v 0.03028000 -0.01018200 -0.04670000
v 0.03100400 -0.01033000 -0.04670000
v 0.03100400 -0.01033000 -0.04670000
v 0.03100400 -0.01033000 -0.04670000
v 0.03025900 -0.01022800 -0.04670000
v 0.03025900 -0.01022800 -0.04670000
v 0.03025900 -0.01022800 -0.04670000
v 0.03025900 -0.01022800 -0.04670000
v 0.03101300 -0.01038100 -0.04670000
v 0.03101300 -0.01038100 -0.04670000
v 0.03104500 -0.01042300 -0.04670000
v 0.03104500 -0.01042300 -0.04670000
v 0.03104500 -0.01042300 -0.04670000
v 0.03104500 -0.01042300 -0.04670000
v 0.03104500 -0.01042300 -0.04670000
v 0.03015600 -0.01026700 -0.04670000
v 0.03015600 -0.01026700 -0.04670000
v 0.03016900 -0.01026900 -0.04670000
v 0.03016900 -0.01026900 -0.04670000
v 0.03016900 -0.01026900 -0.04670000
v 0.03021800 -0.01026000 -0.04670000
v 0.03021800 -0.01026000 -0.04670000
v 0.03109400 -0.01044600 -0.04670000
v 0.03109400 -0.01044600 -0.04670000
v 0.03140300 -0.01050500 -0.04670000
v 0.03140300 -0.01050500 -0.04670000
v 0.03141800 -0.01050700 -0.04670000
v 0.03141800 -0.01050700 -0.04670000
v 0.03141800 -0.01050700 -0.04670000
v 0.03255600 -0.00900500 -0.04670000
v 0.03257200 -0.00903100 -0.04670000
v 0.03257200 -0.00903100 -0.04670000
v 0.03253000 -0.00898900 -0.04670000
v 0.03253000 -0.00898900 -0.04670000
v 0.03257300 -0.00906200 -0.04670000
v 0.03257300 -0.00906200 -0.04670000
v 0.03257300 -0.00906200 -0.04670000
v 0.03257300 -0.00906200 -0.04670000
v 0.03257300 -0.00906200 -0.04670000
v 0.03252200 -0.00898700 -0.04670000
v 0.03252200 -0.00898700 -0.04670000
v 0.03190900 -0.00887000 -0.04670000
v 0.03190900 -0.00887000 -0.04670000
v 0.03190900 -0.00887000 -0.04670000
v 0.03190900 -0.00887000 -0.04670000
v 0.03185100 -0.00888800 -0.04670000
v 0.03187700 -0.00887200 -0.04670000
v 0.03187700 -0.00887200 -0.04670000
v 0.03183600 -0.00891300 -0.04670000
v 0.03183600 -0.00891300 -0.04670000
v 0.03183600 -0.00891300 -0.04670000
v 0.03183400 -0.00892100 -0.04670000
v 0.03183400 -0.00892100 -0.04670000
v 0.03183400 -0.00892100 -0.04670000
v 0.03229000 -0.01054700 -0.04670000
v 0.03229000 -0.01054700 -0.04670000
v 0.03127400 -0.00876000 -0.04670000
v 0.03129000 -0.00878600 -0.04670000
v 0.03129000 -0.00878600 -0.04670000
v 0.03124900 -0.00874500 -0.04670000
v 0.03124900 -0.00874500 -0.04670000
v 0.03129200 -0.00881700 -0.04670000
v 0.03129200 -0.00881700 -0.04670000
v 0.03129200 -0.00881700 -0.04670000
v 0.03124100 -0.00874300 -0.04670000
v 0.03124100 -0.00874300 -0.04670000
v 0.03064200 -0.00862900 -0.04670000
v 0.03064200 -0.00862900 -0.04670000
v 0.03064200 -0.00862900 -0.04670000
v 0.03064200 -0.00862900 -0.04670000
v 0.03058400 -0.00864600 -0.04670000
v 0.03061000 -0.00863000 -0.04670000
v 0.03061000 -0.00863000 -0.04670000
v 0.03056900 -0.00867200 -0.04670000
v 0.03056900 -0.00867200 -0.04670000
v 0.03056700 -0.00867900 -0.04670000
v 0.03056700 -0.00867900 -0.04670000
v 0.03100600 -0.01031700 -0.04670000
v 0.03021900 -0.00755500 -0.04670000
v 0.03021900 -0.00755500 -0.04670000
v 0.03021900 -0.00755500 -0.04670000
v 0.03021900 -0.00755500 -0.04670000
v 0.03021900 -0.00755500 -0.04670000
v 0.03021900 -0.00755500 -0.04670000
v 0.03021900 -0.00755500 -0.04670000
v 0.03021900 -0.00755500 -0.04670000
v 0.03021900 -0.00755500 -0.04670000
v 0.03021900 -0.00755500 -0.04670000
v 0.03021900 -0.00755500 -0.04670000
v 0.03021900 -0.00755500 -0.04670000
v 0.03021900 -0.00755500 -0.04670000
v 0.03021900 -0.00755500 -0.04670000
v 0.03010600 -0.00814000 -0.04670000
v 0.03010600 -0.00814000 -0.04670000
v 0.02849400 -0.00722600 -0.04670000
v 0.02849400 -0.00722600 -0.04670000
v 0.02849400 -0.00722600 -0.04670000
v 0.02849400 -0.00722600 -0.04670000
v 0.02975200 -0.01000900 -0.04670000
v 0.02975200 -0.01000900 -0.04670000
v 0.02975200 -0.01000900 -0.04670000
v 0.02786500 -0.01052200 -0.04670000
v 0.02786500 -0.01052200 -0.04670000
v 0.03029600 -0.00799300 -0.04670000
v 0.03029600 -0.00799300 -0.04670000
v 0.03021300 -0.00800800 -0.04670000
v 0.03021300 -0.00800800 -0.04670000
v 0.03014400 -0.00806000 -0.04670000
v 0.03014400 -0.00806000 -0.04670000
v 0.03318300 -0.00863000 -0.04670000
v 0.03318300 -0.00863000 -0.04670000
v 0.03312700 -0.00855500 -0.04670000
v 0.03312700 -0.00855500 -0.04670000
v 0.03304000 -0.00851600 -0.04670000
v 0.03304000 -0.00851600 -0.04670000
v 0.03304000 -0.00851600 -0.04670000
v 0.03031800 -0.00799600 -0.04670000
v 0.03031800 -0.00799600 -0.04670000
v 0.03501700 -0.00847000 -0.04670000
v 0.03501700 -0.00847000 -0.04670000
v 0.03501700 -0.00847000 -0.04670000
v 0.03319600 -0.00874400 -0.04670000
v 0.03319600 -0.00874400 -0.04670000
v 0.03319900 -0.00872000 -0.04670000
v 0.03319900 -0.00872000 -0.04670000
v 0.03319900 -0.00872000 -0.04670000
v 0.03348700 -0.01649200 -0.04670000
v 0.03348700 -0.01649200 -0.04670000
v 0.03326700 -0.01703400 -0.04670000
v 0.03173200 -0.01768400 -0.04670000
v 0.03173200 -0.01768400 -0.04670000
v 0.03173200 -0.01768400 -0.04670000
v 0.03173200 -0.01768400 -0.04670000
v 0.03285600 -0.01745100 -0.04670000
v 0.03285600 -0.01745100 -0.04670000
v 0.03231800 -0.01767900 -0.04670000
v 0.03563100 0.00403300 -0.04670000
v 0.03563100 0.00403300 -0.04670000
v 0.03563100 0.00403300 -0.04670000
v 0.03563100 0.00403300 -0.04670000
v 0.03563100 0.00403300 -0.04670000
v 0.03563100 0.00403300 -0.04670000
v 0.03563100 0.00403300 -0.04670000
v 0.03720200 0.00359200 -0.04670000
v 0.03720600 0.00300600 -0.04670000
v 0.03720600 0.00300600 -0.04670000
v 0.03487200 0.00005200 -0.04670000
v 0.03487200 0.00005200 -0.04670000
v 0.03487200 0.00005200 -0.04670000
v 0.03487200 0.00005200 -0.04670000
v 0.03487200 0.00005200 -0.04670000
v 0.03487200 0.00005200 -0.04670000
v 0.03487200 0.00005200 -0.04670000
v 0.03487200 0.00005200 -0.04670000
v 0.03487200 0.00005200 -0.04670000
v 0.03487200 0.00005200 -0.04670000
v 0.03487200 0.00005200 -0.04670000
v 0.03487200 0.00005200 -0.04670000
v 0.03487200 0.00005200 -0.04670000
v 0.03577800 0.00480600 -0.04670000
v 0.03577800 0.00480600 -0.04670000
v 0.03601400 0.00476100 -0.04670000
v 0.03601400 0.00476100 -0.04670000
v 0.03655600 0.00454100 -0.04670000
v 0.03655600 0.00454100 -0.04670000
v 0.03697300 0.00413100 -0.04670000
v 0.02815600 -0.01700200 -0.04670000
v 0.02815600 -0.01700200 -0.04670000
v 0.02745700 -0.01666400 -0.04670000
v 0.02702000 -0.01602200 -0.04670000
v 0.03324100 -0.00770900 -0.04670000
v 0.03324100 -0.00770900 -0.04670000
v 0.03325900 -0.00771100 -0.04670000
v 0.03325900 -0.00771100 -0.04670000
v 0.03332900 -0.00769900 -0.04670000
v 0.03332900 -0.00769900 -0.04670000
v 0.03287800 -0.00748800 -0.04670000
v 0.03287800 -0.00748800 -0.04670000
v 0.03287800 -0.00748800 -0.04670000
v 0.03287800 -0.00748800 -0.04670000
v 0.03287600 -0.00750600 -0.04670000
v 0.03287600 -0.00750600 -0.04670000
v 0.03288800 -0.00757500 -0.04670000
v 0.03288800 -0.00757500 -0.04670000
v 0.03293100 -0.00763100 -0.04670000
v 0.03293100 -0.00763100 -0.04670000
v 0.03293100 -0.00763100 -0.04670000
v 0.03299800 -0.00766200 -0.04670000
v 0.03299800 -0.00766200 -0.04670000
v 0.03306300 -0.00607000 -0.04670000
v 0.03311100 -0.00614800 -0.04670000
v 0.03298600 -0.00602300 -0.04670000
v 0.03298600 -0.00602300 -0.04670000
v 0.03311600 -0.00624200 -0.04670000
v 0.03311600 -0.00624200 -0.04670000
v 0.03311600 -0.00624200 -0.04670000
v 0.03296300 -0.00601700 -0.04670000
v 0.03296300 -0.00601700 -0.04670000
v 0.03296300 -0.00601700 -0.04670000
v 0.03070300 -0.00558600 -0.04670000
v 0.03070300 -0.00558600 -0.04670000
v 0.03070300 -0.00558600 -0.04670000
v 0.03065000 -0.00556100 -0.04670000
v 0.03065000 -0.00556100 -0.04670000
v 0.03060800 -0.00544600 -0.04670000
v 0.03060800 -0.00544600 -0.04670000
v 0.03060800 -0.00544600 -0.04670000
v 0.03060600 -0.00546000 -0.04670000
v 0.03060600 -0.00546000 -0.04670000
v 0.03060600 -0.00546000 -0.04670000
v 0.03061500 -0.00551600 -0.04670000
v 0.03061500 -0.00551600 -0.04670000
v 0.03376100 -0.00577300 -0.04670000
v 0.03376100 -0.00577300 -0.04670000
v 0.03374500 -0.00568300 -0.04670000
v 0.03374500 -0.00568300 -0.04670000
v 0.03079300 -0.00503300 -0.04670000
v 0.03079300 -0.00503300 -0.04670000
v 0.03073800 -0.00504300 -0.04670000
v 0.03073800 -0.00504300 -0.04670000
v 0.03069200 -0.00507800 -0.04670000
v 0.03069200 -0.00507800 -0.04670000
v 0.03069200 -0.00507800 -0.04670000
v 0.03066800 -0.00513100 -0.04670000
v 0.03066800 -0.00513100 -0.04670000
v 0.03368900 -0.00560800 -0.04670000
v 0.03368900 -0.00560800 -0.04670000
v 0.03360300 -0.00556800 -0.04670000
v 0.03360300 -0.00556800 -0.04670000
v 0.03360300 -0.00556800 -0.04670000
v 0.03080800 -0.00503500 -0.04670000
v 0.03080800 -0.00503500 -0.04670000
v 0.03560900 -0.00536600 -0.04670000
v 0.03560900 -0.00536600 -0.04670000
v 0.03375800 -0.00579700 -0.04670000
v 0.03375800 -0.00579700 -0.04670000
v 0.03269000 0.00539500 -0.04670000
v 0.03269000 0.00539500 -0.04670000
v 0.03254200 0.00462200 -0.04670000
v 0.03254200 0.00462200 -0.04670000
v 0.03254200 0.00462200 -0.04670000
v 0.03254200 0.00462200 -0.04670000
v 0.03254200 0.00462200 -0.04670000
v 0.03254200 0.00462200 -0.04670000
v 0.03243700 0.00544300 -0.04670000
v 0.03243700 0.00544300 -0.04670000
v 0.03131300 0.00521000 -0.04670000
v 0.03131300 0.00521000 -0.04670000
v 0.03185200 0.00543800 -0.04670000
v 0.03546600 0.00322100 -0.04670000
v 0.03546600 0.00322100 -0.04670000
v 0.03544900 0.00325100 -0.04670000
v 0.03544900 0.00325100 -0.04670000
v 0.03542000 0.00327100 -0.04670000
v 0.03542000 0.00327100 -0.04670000
v 0.03536100 0.00269300 -0.04670000
v 0.03537900 0.00273300 -0.04670000
v 0.03537900 0.00273300 -0.04670000
v 0.03498700 0.00075500 -0.04670000
v 0.03498700 0.00075500 -0.04670000
v 0.03541100 0.00327300 -0.04670000
v 0.03541100 0.00327300 -0.04670000
v 0.03537600 0.00327200 -0.04670000
v 0.03537600 0.00327200 -0.04670000
v 0.03537600 0.00327200 -0.04670000
v 0.03224700 0.00236200 -0.04670000
v 0.03224700 0.00236200 -0.04670000
v 0.03218900 0.00227300 -0.04670000
v 0.03218900 0.00227300 -0.04670000
v 0.03178300 0.00064200 -0.04670000
v 0.03178300 0.00064200 -0.04670000
v 0.03178300 0.00064200 -0.04670000
v 0.03178300 0.00064200 -0.04670000
v 0.03178300 0.00064200 -0.04670000
v 0.03178300 0.00064200 -0.04670000
v 0.03178300 0.00064200 -0.04670000
v 0.03178300 0.00064200 -0.04670000
v 0.03178300 0.00064200 -0.04670000
v 0.03219300 0.00231200 -0.04670000
v 0.03219300 0.00231200 -0.04670000
v 0.03221500 0.00234500 -0.04670000
v 0.03221500 0.00234500 -0.04670000
v 0.03482000 0.00020400 -0.04670000
v 0.03482000 0.00020400 -0.04670000
v 0.03486000 0.00020900 -0.04670000
v 0.03486000 0.00020900 -0.04670000
v 0.03488700 0.00022600 -0.04670000
v 0.03488700 0.00022600 -0.04670000
v 0.03499300 0.00073200 -0.04670000
v 0.03499300 0.00073200 -0.04670000
v 0.03219400 0.00225100 -0.04670000
v 0.03219400 0.00225100 -0.04670000
v 0.03221900 0.00222000 -0.04670000
v 0.03221900 0.00222000 -0.04670000
v 0.03478400 0.00022000 -0.04670000
v 0.03478400 0.00022000 -0.04670000
v 0.03489300 0.00023200 -0.04670000
v 0.03489300 0.00023200 -0.04670000
v 0.03490900 0.00026800 -0.04670000
v 0.03490900 0.00026800 -0.04670000
v 0.03499200 0.00070400 -0.04670000
v 0.03499200 0.00070400 -0.04670000
v 0.03499200 0.00070400 -0.04670000
v 0.03546700 0.00318900 -0.04670000
v 0.03546700 0.00318900 -0.04670000
v 0.03340400 0.00202500 -0.04670000
v 0.03339700 0.00205800 -0.04670000
v 0.03339700 0.00205800 -0.04670000
v 0.03342400 0.00200000 -0.04670000
v 0.03342400 0.00200000 -0.04670000
v 0.03342400 0.00200000 -0.04670000
v 0.03340700 0.00209100 -0.04670000
v 0.03340700 0.00209100 -0.04670000
v 0.03535000 0.00268200 -0.04670000
v 0.03535000 0.00268200 -0.04670000
v 0.03496200 0.00078700 -0.04670000
v 0.03496200 0.00078700 -0.04670000
v 0.03496200 0.00078700 -0.04670000
v 0.03531900 0.00266500 -0.04670000
v 0.03531900 0.00266500 -0.04670000
v 0.03344900 0.00212300 -0.04670000
v 0.03341800 0.00210500 -0.04670000
v 0.03005700 0.00097100 -0.04670000
v 0.03005700 0.00097100 -0.04670000
v 0.03005700 0.00097100 -0.04670000
v 0.03068300 0.00425100 -0.04670000
v 0.03068300 0.00425100 -0.04670000
v 0.03090300 0.00479300 -0.04670000
v 0.03390100 -0.00198200 -0.04670000
v 0.03390100 -0.00198200 -0.04670000
v 0.03390100 -0.00198200 -0.04670000
v 0.03205200 -0.00201500 -0.04670000
v 0.03205200 -0.00201500 -0.04670000
v 0.03205200 -0.00201500 -0.04670000
v 0.03205200 -0.00201500 -0.04670000
v 0.03405500 -0.00158400 -0.04670000
v 0.03405500 -0.00158400 -0.04670000
v 0.03405500 -0.00158400 -0.04670000
v 0.03405500 -0.00158400 -0.04670000
v 0.03203400 -0.00194700 -0.04670000
v 0.03203400 -0.00194700 -0.04670000
v 0.03190900 -0.00158100 -0.04670000
v 0.03191600 -0.00117600 -0.04670000
v 0.03195400 -0.00102700 -0.04670000
v 0.03195400 -0.00102700 -0.04670000
v 0.03195400 -0.00102700 -0.04670000
v 0.03195400 -0.00102700 -0.04670000
v 0.03195400 -0.00102700 -0.04670000
v 0.03360800 -0.00284000 -0.04670000
v 0.03360800 -0.00284000 -0.04670000
v 0.03376200 -0.00279200 -0.04670000
v 0.03441300 -0.00068400 -0.04670000
v 0.03441300 -0.00068400 -0.04670000
v 0.03395000 -0.00008800 -0.04670000
v 0.03395000 -0.00008800 -0.04670000
v 0.03329500 0.00021100 -0.04670000
v 0.03329500 0.00021100 -0.04670000
v 0.03329500 0.00021100 -0.04670000
v 0.03310000 0.00023600 -0.04670000
v 0.03310000 0.00023600 -0.04670000
v 0.03239600 0.00010700 -0.04670000
v 0.03239600 0.00010700 -0.04670000
v 0.03172800 -0.00226200 -0.04670000
v 0.03172800 -0.00226200 -0.04670000
v 0.03172800 -0.00226200 -0.04670000
v 0.03172800 -0.00226200 -0.04670000
v 0.03172800 -0.00226200 -0.04670000
v 0.03178400 -0.00224700 -0.04670000
v 0.03178400 -0.00224700 -0.04670000
v 0.03259600 -0.00217700 -0.04670000
v 0.03259600 -0.00217700 -0.04670000
v 0.03259600 -0.00217700 -0.04670000
v 0.03259600 -0.00217700 -0.04670000
v 0.03198400 -0.00213200 -0.04670000
v 0.03224300 -0.00056200 -0.04670000
v 0.03269300 -0.00029300 -0.04670000
v 0.03269300 -0.00029300 -0.04670000
v 0.03319800 -0.00026600 -0.04670000
v 0.03319800 -0.00026600 -0.04670000
v 0.03402600 -0.00102400 -0.04670000
v 0.03375100 -0.00056100 -0.04670000
v 0.03375100 -0.00056100 -0.04670000
v 0.03375100 -0.00056100 -0.04670000
v 0.03332700 -0.00029900 -0.04670000
v 0.03332700 -0.00029900 -0.04670000
v 0.03199500 -0.00212500 -0.04670000
v 0.03203700 -0.00207800 -0.04670000
v 0.03203700 -0.00207800 -0.04670000
v 0.03203700 -0.00207800 -0.04670000
v 0.03263100 -0.00215100 -0.04670000
v 0.03263100 -0.00215100 -0.04670000
v 0.03263100 -0.00215100 -0.04670000
v 0.03267300 -0.00214300 -0.04670000
v 0.03267300 -0.00214300 -0.04670000
v 0.03268400 -0.00214500 -0.04670000
v 0.03268400 -0.00214500 -0.04670000
v 0.03161900 -0.00219900 -0.04670000
v 0.03161900 -0.00219900 -0.04670000
v 0.03162800 -0.00221300 -0.04670000
v 0.03162800 -0.00221300 -0.04670000
v 0.03167100 -0.00225000 -0.04670000
v 0.03167100 -0.00225000 -0.04670000
v 0.03362800 -0.00228500 -0.04670000
v 0.03359500 -0.00230200 -0.04670000
v 0.03359500 -0.00230200 -0.04670000
v 0.03353100 -0.00230600 -0.04670000
v 0.03353100 -0.00230600 -0.04670000
v 0.03178400 -0.00036800 -0.04670000
v 0.03145300 -0.00109700 -0.04670000
v 0.03145300 -0.00109700 -0.04670000
v 0.03144300 -0.00167500 -0.04670000
v 0.03144300 -0.00167500 -0.04670000
v 0.03252200 -0.00259900 -0.04670000
v 0.03252200 -0.00259900 -0.04670000
v 0.03255100 -0.00263700 -0.04670000
v 0.03255100 -0.00263700 -0.04670000
v 0.03259400 -0.00265700 -0.04670000
v 0.03259400 -0.00265700 -0.04670000
v 0.03259400 -0.00265700 -0.04670000
v 0.03352400 -0.00283400 -0.04670000
v 0.03352400 -0.00283400 -0.04670000
v 0.03425400 -0.00233300 -0.04670000
v 0.03452700 -0.00168300 -0.04670000
v 0.03452700 -0.00168300 -0.04670000
v 0.03455500 -0.00145600 -0.04670000
v 0.03455500 -0.00145600 -0.04670000
v 0.03257700 -0.00221700 -0.04670000
v 0.03257700 -0.00221700 -0.04670000
v 0.03251500 -0.00254200 -0.04670000
v 0.03251500 -0.00254200 -0.04670000
v 0.03251500 -0.00254200 -0.04670000
v 0.03251400 -0.00255400 -0.04670000
v 0.03251400 -0.00255400 -0.04670000
v 0.03658100 -0.00027400 -0.04670000
v 0.03658100 -0.00027400 -0.04670000
v 0.02696300 -0.01524700 -0.04670000
v 0.02696300 -0.01524700 -0.04670000
v 0.02757700 -0.01203200 -0.04670000
v 0.02757700 -0.01203200 -0.04670000
v 0.02930300 -0.01236100 -0.04670000
v 0.02930300 -0.01236100 -0.04670000
v 0.02930300 -0.01236100 -0.04670000
v 0.02930300 -0.01236100 -0.04670000
v 0.02930300 -0.01236100 -0.04670000
v 0.02930300 -0.01236100 -0.04670000
v 0.02930300 -0.01236100 -0.04670000
v 0.02930300 -0.01236100 -0.04670000
v 0.02930300 -0.01236100 -0.04670000
v 0.02930300 -0.01236100 -0.04670000
v 0.02930300 -0.01236100 -0.04670000
v 0.03098400 -0.01181000 -0.04670000
v 0.03098400 -0.01181000 -0.04670000
v 0.03085100 -0.01181900 -0.04670000
v 0.03085100 -0.01181900 -0.04670000
v 0.03074000 -0.01189500 -0.04670000
v 0.03074000 -0.01189500 -0.04670000
v 0.03074000 -0.01189500 -0.04670000
v 0.03068100 -0.01201500 -0.04670000
v 0.03068100 -0.01201500 -0.04670000
v 0.03069100 -0.01214900 -0.04670000
v 0.03069100 -0.01214900 -0.04670000
v 0.03102100 -0.01230800 -0.04670000
v 0.03102100 -0.01230800 -0.04670000
v 0.03239100 -0.01295000 -0.04670000
v 0.03239100 -0.01295000 -0.04670000
v 0.03239100 -0.01295000 -0.04670000
v 0.03239100 -0.01295000 -0.04670000
v 0.03239100 -0.01295000 -0.04670000
v 0.03239100 -0.01295000 -0.04670000
v 0.03239100 -0.01295000 -0.04670000
v 0.03239100 -0.01295000 -0.04670000
v 0.03239100 -0.01295000 -0.04670000
v 0.03239100 -0.01295000 -0.04670000
v 0.03239100 -0.01295000 -0.04670000
v 0.03239100 -0.01295000 -0.04670000
v 0.03239100 -0.01295000 -0.04670000
v 0.03088700 -0.01231800 -0.04670000
v 0.03088700 -0.01231800 -0.04670000
v 0.03088700 -0.01231800 -0.04670000
v 0.03076700 -0.01225900 -0.04670000
v 0.03113100 -0.01223300 -0.04670000
v 0.03113100 -0.01223300 -0.04670000
v 0.03119000 -0.01211200 -0.04670000
v 0.03119000 -0.01211200 -0.04670000
v 0.03119000 -0.01211200 -0.04670000
v 0.03118000 -0.01197900 -0.04670000
v 0.03118000 -0.01197900 -0.04670000
v 0.03110400 -0.01186800 -0.04670000
v 0.03110400 -0.01186800 -0.04670000
v 0.03501700 -0.00847000 -0.04670000
v 0.03501700 -0.00847000 -0.04670000
v 0.03438800 -0.01176700 -0.04670000
v 0.03438800 -0.01176700 -0.04670000
v 0.03438800 -0.01176700 -0.04670000
v 0.03410000 -0.01327600 -0.04670000
v 0.03410000 -0.01327600 -0.04670000
v 0.03410000 -0.01327600 -0.04670000
v 0.02949400 -0.01275500 -0.04670000
v 0.02949400 -0.01275500 -0.04670000
v 0.02935800 -0.01277600 -0.04670000
v 0.02935800 -0.01277600 -0.04670000
v 0.02840800 -0.01705000 -0.04670000
v 0.02840800 -0.01705000 -0.04670000
v 0.02840800 -0.01705000 -0.04670000
v 0.02840800 -0.01705000 -0.04670000
v 0.02840800 -0.01705000 -0.04670000
v 0.02840800 -0.01705000 -0.04670000
v 0.02840800 -0.01705000 -0.04670000
v 0.02840800 -0.01705000 -0.04670000
v 0.02876200 -0.01522200 -0.04670000
v 0.02876200 -0.01522200 -0.04670000
v 0.02876200 -0.01522200 -0.04670000
v 0.02876200 -0.01522200 -0.04670000
v 0.03227600 -0.01351900 -0.04670000
v 0.03227600 -0.01351900 -0.04670000
v 0.03227600 -0.01351900 -0.04670000
v 0.03227600 -0.01351900 -0.04670000
v 0.03224400 -0.01338000 -0.04670000
v 0.03224400 -0.01338000 -0.04670000
v 0.03215400 -0.01327700 -0.04670000
v 0.03215400 -0.01327700 -0.04670000
v 0.02876900 -0.01536300 -0.04670000
v 0.02876900 -0.01536300 -0.04670000
v 0.02884000 -0.01548100 -0.04670000
v 0.02884000 -0.01548100 -0.04670000
v 0.02895900 -0.01555200 -0.04670000
v 0.02895900 -0.01555200 -0.04670000
v 0.03154100 -0.01603500 -0.04670000
v 0.03154100 -0.01603500 -0.04670000
v 0.03167300 -0.01601400 -0.04670000
v 0.03167300 -0.01601400 -0.04670000
v 0.03149700 -0.01763900 -0.04670000
v 0.03149700 -0.01763900 -0.04670000
v 0.03149700 -0.01763900 -0.04670000
v 0.03149700 -0.01763900 -0.04670000
v 0.03178200 -0.01593300 -0.04670000
v 0.03178200 -0.01593300 -0.04670000
v 0.03149700 -0.01763900 -0.04670000
v 0.03149700 -0.01763900 -0.04670000
v 0.03149700 -0.01763900 -0.04670000
v 0.03149700 -0.01763900 -0.04670000
v 0.03184300 -0.01580400 -0.04670000
v 0.03184300 -0.01580400 -0.04670000
v 0.03184300 -0.01580400 -0.04670000
v 0.03184300 -0.01580400 -0.04670000
v 0.02961800 -0.01279600 -0.04670000
v 0.02961800 -0.01279600 -0.04670000
v 0.02970500 -0.01288000 -0.04670000
v 0.02970500 -0.01288000 -0.04670000
v 0.02970500 -0.01288000 -0.04670000
v 0.02924900 -0.01285700 -0.04670000
v 0.02924900 -0.01285700 -0.04670000
v 0.02918800 -0.01298700 -0.04670000
v 0.02918800 -0.01298700 -0.04670000
v 0.02918800 -0.01298700 -0.04670000
v 0.02919100 -0.01310600 -0.04670000
v 0.02919100 -0.01310600 -0.04670000
v 0.02919100 -0.01310600 -0.04670000
v 0.02882100 -0.01509800 -0.04670000
v 0.02882100 -0.01509800 -0.04670000
v 0.02924300 -0.01321300 -0.04670000
v 0.02924300 -0.01321300 -0.04670000
v 0.02924300 -0.01321300 -0.04670000
v 0.02889600 -0.01503400 -0.04670000
v 0.02889600 -0.01503400 -0.04670000
v 0.03010200 -0.01431100 -0.04670000
v 0.02906000 -0.01556400 -0.04670000
v 0.02906000 -0.01556400 -0.04670000
v 0.02918000 -0.01552800 -0.04670000
v 0.02918000 -0.01552800 -0.04670000
v 0.03044600 -0.01476800 -0.04670000
v 0.03044600 -0.01476800 -0.04670000
v 0.03092900 -0.01447800 -0.04670000
v 0.03213600 -0.01375600 -0.04670000
v 0.03213600 -0.01375600 -0.04670000
v 0.03178900 -0.01557600 -0.04670000
v 0.03178900 -0.01557600 -0.04670000
v 0.03178900 -0.01557600 -0.04670000
v 0.03215100 -0.01374600 -0.04670000
v 0.03215100 -0.01374600 -0.04670000
v 0.03215100 -0.01374600 -0.04670000
v 0.03184000 -0.01568300 -0.04670000
v 0.03184000 -0.01568300 -0.04670000
v 0.03184000 -0.01568300 -0.04670000
v 0.03224200 -0.01364400 -0.04670000
v 0.03224200 -0.01364400 -0.04670000
v 0.03224200 -0.01364400 -0.04670000
v 0.03410000 -0.01327600 -0.04670000
v 0.03130900 -0.01588000 -0.04670000
v 0.03130900 -0.01588000 -0.04670000
v 0.03139900 -0.01598400 -0.04670000
v 0.03139900 -0.01598400 -0.04670000
v 0.03139900 -0.01598400 -0.04670000
v 0.03150900 -0.01603100 -0.04670000
v 0.03150900 -0.01603100 -0.04670000
v 0.03202600 -0.01322700 -0.04670000
v 0.03202600 -0.01322700 -0.04670000
v 0.03198200 -0.01322500 -0.04670000
v 0.03198200 -0.01322500 -0.04670000
v 0.03198200 -0.01322500 -0.04670000
v 0.03185200 -0.01326200 -0.04670000
v 0.03185200 -0.01326200 -0.04670000
v 0.02972200 -0.01290900 -0.04670000
v 0.03058500 -0.01402200 -0.04670000
v 0.02696300 -0.01524700 -0.04670000
v 0.02647200 -0.01515400 -0.04720000
v 0.02757700 -0.01203200 -0.04670000
v 0.02786500 -0.01052200 -0.04670000
v 0.03019200 0.00434400 -0.04720000
v 0.03068300 0.00425100 -0.04670000
v 0.03005700 0.00097100 -0.04670000
v 0.03005700 0.00097100 -0.04670000
v 0.02938800 -0.00253500 -0.04670000
v 0.02938800 -0.00253500 -0.04670000
v 0.03019200 0.00434400 -0.04720000
v 0.03019200 0.00434400 -0.04720000
v 0.03019200 0.00434400 -0.04720000
v 0.02908600 -0.00412200 -0.04670000
v 0.02908600 -0.00412200 -0.04670000
v 0.02849400 -0.00722600 -0.04670000
v 0.03090300 0.00479300 -0.04670000
v 0.03048500 0.00506800 -0.04720000
v 0.03131300 0.00521000 -0.04670000
v 0.03103200 0.00562400 -0.04720000
v 0.03103200 0.00562400 -0.04720000
v 0.03185200 0.00543800 -0.04670000
v 0.03185200 0.00543800 -0.04670000
v 0.03175100 0.00592800 -0.04720000
v 0.03243700 0.00544300 -0.04670000
v 0.03253100 0.00593400 -0.04720000
v 0.03269000 0.00539500 -0.04670000
v 0.03577800 0.00480600 -0.04670000
v 0.03610800 0.00525200 -0.04720000
v 0.03601400 0.00476100 -0.04670000
v 0.03655600 0.00454100 -0.04670000
v 0.03683100 0.00495900 -0.04720000
v 0.03697300 0.00413100 -0.04670000
v 0.03738700 0.00441200 -0.04720000
v 0.03720200 0.00359200 -0.04670000
v 0.03769100 0.00369300 -0.04720000
v 0.03720600 0.00300600 -0.04670000
v 0.03769700 0.00291300 -0.04720000
v 0.03658100 -0.00027400 -0.04670000
v 0.03438800 -0.01176700 -0.04670000
v 0.03397800 -0.01658500 -0.04720000
v 0.03410000 -0.01327600 -0.04670000
v 0.03348700 -0.01649200 -0.04670000
v 0.03501700 -0.00847000 -0.04670000
v 0.03501700 -0.00847000 -0.04670000
v 0.03397800 -0.01658500 -0.04720000
v 0.03397800 -0.01658500 -0.04720000
v 0.03560900 -0.00536600 -0.04670000
v 0.03560900 -0.00536600 -0.04670000
v 0.03591200 -0.00377900 -0.04670000
v 0.03326700 -0.01703400 -0.04670000
v 0.03368500 -0.01730900 -0.04720000
v 0.03285600 -0.01745100 -0.04670000
v 0.03313800 -0.01786500 -0.04720000
v 0.03313800 -0.01786500 -0.04720000
v 0.03231800 -0.01767900 -0.04670000
v 0.03231800 -0.01767900 -0.04670000
v 0.03241900 -0.01816900 -0.04720000
v 0.03173200 -0.01768400 -0.04670000
v 0.03163900 -0.01817500 -0.04720000
v 0.03149700 -0.01763900 -0.04670000
v 0.02840800 -0.01705000 -0.04670000
v 0.02840800 -0.01705000 -0.04670000
v 0.03163900 -0.01817500 -0.04720000
v 0.02806200 -0.01749300 -0.04720000
v 0.02815600 -0.01700200 -0.04670000
v 0.02745700 -0.01666400 -0.04670000
v 0.02713000 -0.01704200 -0.04720000
v 0.02702000 -0.01602200 -0.04670000
v 0.02654800 -0.01618600 -0.04720000
v 0.01430200 -0.02315300 -0.04720000
v 0.01720000 -0.02108900 -0.04720000
v 0.01459600 -0.02308000 -0.04720000
v 0.02017900 -0.02205600 -0.04720000
v 0.02337600 -0.01393500 -0.04720000
v 0.02647200 -0.01515400 -0.04720000
v 0.02060100 -0.01778200 -0.04720000
v 0.02654800 -0.01618600 -0.04720000
v 0.02713000 -0.01704200 -0.04720000
v 0.02182100 0.01626200 -0.04720000
v 0.02206700 0.01608700 -0.04720000
v 0.02375600 0.01327700 -0.04720000
v 0.02688100 0.01307900 -0.04720000
v 0.02570000 0.00895000 -0.04720000
v 0.03610800 0.00525200 -0.04720000
v 0.03253100 0.00593400 -0.04720000
v 0.03201000 0.01064800 -0.04720000
v 0.03175100 0.00592800 -0.04720000
v 0.03103200 0.00562400 -0.04720000
v 0.03048500 0.00506800 -0.04720000
v 0.02686400 0.00435100 -0.04720000
v 0.03019200 0.00434400 -0.04720000
v 0.03738500 0.00882400 -0.04720000
v 0.03836100 0.00834200 -0.04720000
v 0.03683100 0.00495900 -0.04720000
v 0.03908800 0.00753300 -0.04720000
v 0.03738700 0.00441200 -0.04720000
v 0.03946500 0.00651200 -0.04720000
v 0.03769100 0.00369300 -0.04720000
v 0.03769700 0.00291300 -0.04720000
v 0.02584300 -0.02168400 -0.04720000
v 0.02806200 -0.01749300 -0.04720000
v 0.03151200 -0.02196700 -0.04720000
v 0.03163900 -0.01817500 -0.04720000
v 0.03259600 -0.02187800 -0.04720000
v 0.03241900 -0.01816900 -0.04720000
v 0.03357000 -0.02139300 -0.04720000
v 0.03429600 -0.02058300 -0.04720000
v 0.02544100 -0.00966400 -0.04720000
v 0.02673200 -0.00509900 -0.04720000
v 0.02721200 -0.00038000 -0.04720000
v 0.03313800 -0.01786500 -0.04720000
v 0.03368500 -0.01730900 -0.04720000
v 0.03647000 -0.01642600 -0.04720000
v 0.03397800 -0.01658500 -0.04720000
v 0.03814200 -0.01204300 -0.04720000
v 0.03995600 0.00184700 -0.04720000
v 0.03989700 -0.00284400 -0.04720000
v 0.03929000 -0.00749500 -0.04720000
v 0.03143600 -0.02267000 -0.04690700
v 0.03147000 -0.02234700 -0.04712400
v 0.03269900 -0.02224600 -0.04712400
v 0.03147000 -0.02234700 -0.04712400
v 0.03269900 -0.02224600 -0.04712400
v 0.03380200 -0.02169800 -0.04712400
v 0.03462400 -0.02078000 -0.04712400
v 0.03278600 -0.02255900 -0.04690700
v 0.03380200 -0.02169800 -0.04712400
v 0.03399900 -0.02195600 -0.04690700
v 0.03462400 -0.02078000 -0.04712400
v 0.03490300 -0.02094600 -0.04690700
v 0.01468600 -0.02345200 -0.04712400
v 0.01187400 -0.02423500 -0.04712100
v 0.00941400 -0.02540500 -0.04690700
v 0.00944100 -0.02539100 -0.04691000
v 0.01476300 -0.02376700 -0.04690700
v 0.01074200 -0.02476500 -0.04703700
v 0.01187400 -0.02423500 -0.04712100
v 0.01468600 -0.02345200 -0.04712400
v 0.02022600 -0.02243600 -0.04712400
v 0.02026600 -0.02275800 -0.04690700
v 0.02584600 -0.02206600 -0.04712400
v 0.02584800 -0.02239100 -0.04690700
v 0.02022600 -0.02243600 -0.04712400
v 0.02584600 -0.02206600 -0.04712400
v 0.00944000 -0.02539000 -0.04691200
v 0.01068800 -0.02469700 -0.04709800
v 0.00943900 -0.02538900 -0.04691300
v 0.01063600 -0.02463400 -0.04716700
v 0.01068800 -0.02469700 -0.04709800
v 0.01393100 -0.02255100 -0.04749300
v 0.01410100 -0.02282700 -0.04727600
v 0.02151400 0.01603300 -0.04727600
v 0.02342200 0.01309000 -0.04727600
v 0.02533900 0.00882400 -0.04727600
v 0.02648600 0.00429000 -0.04727600
v 0.02682900 -0.00037500 -0.04727600
v 0.02635600 -0.00502800 -0.04727600
v 0.02508300 -0.00952800 -0.04727600
v 0.02304700 -0.01373900 -0.04727600
v 0.02031100 -0.01753200 -0.04727600
v 0.01695800 -0.02079300 -0.04727600
v 0.02125400 0.01583900 -0.04749300
v 0.02151400 0.01603300 -0.04727600
v 0.02313900 0.01293200 -0.04749300
v 0.02342200 0.01309000 -0.04727600
v 0.02503300 0.00871700 -0.04749300
v 0.02533900 0.00882400 -0.04727600
v 0.02616600 0.00423800 -0.04749300
v 0.02648600 0.00429000 -0.04727600
v 0.02650400 -0.00037000 -0.04749300
v 0.02682900 -0.00037500 -0.04727600
v 0.02603800 -0.00496700 -0.04749300
v 0.02635600 -0.00502800 -0.04727600
v 0.02478000 -0.00941300 -0.04749300
v 0.02508300 -0.00952800 -0.04727600
v 0.02276900 -0.01357300 -0.04749300
v 0.02304700 -0.01373900 -0.04727600
v 0.02006600 -0.01732000 -0.04749300
v 0.02031100 -0.01753200 -0.04727600
v 0.01675300 -0.02054200 -0.04749300
v 0.01695800 -0.02079300 -0.04727600
v 0.01810500 0.02015500 -0.04690700
v 0.01812600 0.02013300 -0.04691000
v 0.01812400 0.02013200 -0.04691200
v 0.01910500 0.01907200 -0.04703700
v 0.01902900 0.01902800 -0.04709800
v 0.01996200 0.01816200 -0.04712100
v 0.01902900 0.01902800 -0.04709800
v 0.01996200 0.01816200 -0.04712100
v 0.01812300 0.02013100 -0.04691300
v 0.01895800 0.01898900 -0.04716700
v 0.02501700 -0.00477200 -0.04842400
v 0.02411200 -0.00915900 -0.04820700
v 0.02380900 -0.00904400 -0.04842400
v 0.02215500 -0.01320700 -0.04820700
v 0.02187600 -0.01304100 -0.04842400
v 0.01952500 -0.01685400 -0.04820700
v 0.01927900 -0.01664200 -0.04842400
v 0.01630200 -0.01998800 -0.04820700
v 0.01609700 -0.01973700 -0.04842400
v 0.01258300 -0.02251500 -0.04820700
v 0.01242500 -0.02223200 -0.04842400
v 0.00848200 -0.02435800 -0.04820700
v 0.00837600 -0.02405200 -0.04842400
v 0.00412400 -0.02546100 -0.04820700
v 0.00407200 -0.02514100 -0.04842400
v -0.00036000 -0.02579000 -0.04820700
v -0.00035600 -0.02546600 -0.04842400
v -0.00483300 -0.02533600 -0.04820700
v -0.00477200 -0.02501700 -0.04842400
v -0.00915900 -0.02411200 -0.04820700
v -0.00904400 -0.02380900 -0.04842400
v -0.01320700 -0.02215500 -0.04820700
v -0.01304100 -0.02187600 -0.04842400
v -0.01685400 -0.01952500 -0.04820700
v -0.01664200 -0.01927900 -0.04842400
v -0.01998800 -0.01630200 -0.04820700
v -0.01973700 -0.01609700 -0.04842400
v -0.02251500 -0.01258300 -0.04820700
v -0.02223200 -0.01242500 -0.04842400
v -0.02435800 -0.00848200 -0.04820700
v -0.02405200 -0.00837600 -0.04842400
v -0.02546100 -0.00412400 -0.04820700
v -0.02514100 -0.00407200 -0.04842400
v -0.02579000 0.00036000 -0.04820700
v -0.02546600 0.00035600 -0.04842400
v -0.02533600 0.00483300 -0.04820700
v -0.02501700 0.00477200 -0.04842400
v -0.02411200 0.00915900 -0.04820700
v -0.02380900 0.00904400 -0.04842400
v -0.02215500 0.01320700 -0.04820700
v -0.02187600 0.01304100 -0.04842400
v -0.01952500 0.01685400 -0.04820700
v -0.01927900 0.01664200 -0.04842400
v -0.01630200 0.01998800 -0.04820700
v -0.01609700 0.01973700 -0.04842400
v -0.01258300 0.02251500 -0.04820700
v -0.01242500 0.02223200 -0.04842400
v -0.00848200 0.02435800 -0.04820700
v -0.00837600 0.02405200 -0.04842400
v -0.00412400 0.02546100 -0.04820700
v -0.00407200 0.02514100 -0.04842400
v 0.00036000 0.02579000 -0.04820700
v 0.00035600 0.02546600 -0.04842400
v 0.00483300 0.02533600 -0.04820700
v 0.00477200 0.02501700 -0.04842400
v 0.00915900 0.02411200 -0.04820700
v 0.00904400 0.02380900 -0.04842400
v 0.01320700 0.02215500 -0.04820700
v 0.01304100 0.02187600 -0.04842400
v 0.01685400 0.01952500 -0.04820700
v 0.01664200 0.01927900 -0.04842400
v 0.01998800 0.01630200 -0.04820700
v 0.01973700 0.01609700 -0.04842400
v 0.02251500 0.01258300 -0.04820700
v 0.02223200 0.01242500 -0.04842400
v 0.02435800 0.00848200 -0.04820700
v 0.02405200 0.00837600 -0.04842400
v 0.02546100 0.00412400 -0.04820700
v 0.02514100 0.00407200 -0.04842400
v 0.02579000 -0.00036000 -0.04820700
v 0.02546600 -0.00035600 -0.04842400
v 0.02533600 -0.00483300 -0.04820700
v 0.02228800 0.01639900 -0.04712400
v 0.02247600 0.01666400 -0.04690700
v 0.02228800 0.01639900 -0.04712400
v 0.02722000 0.01370000 -0.04690700
v 0.02706500 0.01341500 -0.04712400
v 0.03227600 0.01130300 -0.04690700
v 0.03215400 0.01100200 -0.04712400
v 0.03757300 0.00950500 -0.04690700
v 0.03748700 0.00919300 -0.04712400
v 0.02706500 0.01341500 -0.04712400
v 0.03215400 0.01100200 -0.04712400
v 0.03748700 0.00919300 -0.04712400
v 0.04016200 0.00662700 -0.04690700
v 0.03984200 0.00657400 -0.04712400
v 0.03941600 0.00773000 -0.04712400
v 0.03984200 0.00657400 -0.04712400
v 0.03941600 0.00773000 -0.04712400
v 0.03859200 0.00864700 -0.04712400
v 0.03969400 0.00789800 -0.04690700
v 0.03859200 0.00864700 -0.04712400
v 0.03878800 0.00890500 -0.04690700
v 0.03681900 -0.01658300 -0.04712400
v 0.03681900 -0.01658300 -0.04712400
v 0.03850700 -0.01215800 -0.04712400
v 0.03966600 -0.00756700 -0.04712400
v 0.04027900 -0.00287100 -0.04712400
v 0.04033800 0.00186500 -0.04712400
v 0.03711500 -0.01671600 -0.04690700
v 0.03850700 -0.01215800 -0.04712400
v 0.03881700 -0.01225600 -0.04690700
v 0.03966600 -0.00756700 -0.04712400
v 0.03998500 -0.00762700 -0.04690700
v 0.04027900 -0.00287100 -0.04712400
v 0.04060300 -0.00289400 -0.04690700
v 0.04033800 0.00186500 -0.04712400
v 0.04066200 0.00188000 -0.04690700
v 0.03585800 -0.02152000 -0.04579300
v 0.03467400 -0.02284200 -0.04579300
v 0.03308500 -0.02363200 -0.04579300
v 0.03131600 -0.02377700 -0.04579300
v 0.00980100 -0.02645000 -0.04579300
v 0.01502700 -0.02485000 -0.04579300
v 0.02040300 -0.02386400 -0.04579300
v 0.02585700 -0.02350500 -0.04579300
v 0.00927600 -0.02663800 -0.04579300
v 0.00083500 -0.02819500 -0.04579300
v -0.00039400 -0.02820400 -0.04579300
v 0.00538900 -0.02768700 -0.04579300
v -0.01641000 -0.02294200 -0.04579300
v -0.00374100 -0.02795800 -0.04579300
v -0.00821800 -0.02698300 -0.04579300
v -0.01001600 -0.02636900 -0.04579300
v -0.01247900 -0.02529700 -0.04579300
v -0.01843100 -0.02135300 -0.04579300
v -0.01990800 -0.01998300 -0.04579300
v -0.02288100 -0.01649600 -0.04579300
v -0.02462200 -0.01376100 -0.04579300
v -0.02525000 -0.01257300 -0.04579300
v -0.02695200 -0.00831900 -0.04579300
v -0.02456600 0.01386200 -0.04579300
v -0.02422900 0.01444300 -0.04579300
v -0.02784400 -0.00451000 -0.04579300
v -0.02794400 -0.00384500 -0.04579300
v -0.02819800 0.00073000 -0.04579300
v -0.02770700 0.00528500 -0.04579300
v -0.02648600 0.00970200 -0.04579300
v -0.01115400 0.02590800 -0.04579300
v -0.02199700 0.01765700 -0.04579300
v -0.01884800 0.02098500 -0.04579300
v -0.01782800 0.02185900 -0.04579300
v -0.01520200 0.02376000 -0.04579300
v -0.00927600 0.02663800 -0.04579300
v -0.00681200 0.02737200 -0.04579300
v -0.00229000 0.02811400 -0.04579300
v 0.00039400 0.02820400 -0.04579300
v 0.00229200 0.02811400 -0.04579300
v 0.00681400 0.02737200 -0.04579300
v 0.01884900 0.02098400 -0.04579300
v 0.01843100 0.02135300 -0.04579300
v 0.01520300 0.02375900 -0.04579300
v 0.01115600 0.02590700 -0.04579300
v 0.01001600 0.02636900 -0.04579300
v 0.03787000 0.01058000 -0.04579300
v 0.03269400 0.01233600 -0.04579300
v 0.02775500 0.01467700 -0.04579300
v 0.02312000 0.01757300 -0.04579300
v 0.03946100 0.00979300 -0.04579300
v 0.04064800 0.00847400 -0.04579300
v 0.04126200 0.00680800 -0.04579300
v 0.04177500 0.00193100 -0.04579300
v 0.04171400 -0.00297300 -0.04579300
v 0.04107900 -0.00783600 -0.04579300
v 0.03987900 -0.01259200 -0.04579300
v 0.03813100 -0.01717400 -0.04579300
v 0.03604400 -0.02163100 -0.04546800
v 0.03480500 -0.02301500 -0.04546800
v 0.03610900 -0.02167100 -0.04508600
v 0.03485200 -0.02307500 -0.04508600
v 0.03316300 -0.02391400 -0.04508600
v 0.03314300 -0.02384100 -0.04546800
v 0.03128400 -0.02406900 -0.04508600
v 0.03129200 -0.02399300 -0.04546800
v 0.02585900 -0.02372200 -0.04546800
v 0.02585900 -0.02379800 -0.04508600
v 0.02043900 -0.02415500 -0.04508600
v 0.02043000 -0.02407900 -0.04546800
v 0.01509700 -0.02513400 -0.04508600
v 0.01507800 -0.02506000 -0.04546800
v 0.00990300 -0.02672400 -0.04508600
v 0.00987600 -0.02665300 -0.04546800
v 0.00543000 -0.02790000 -0.04546800
v 0.00084100 -0.02841100 -0.04546800
v 0.00544500 -0.02797500 -0.04508600
v -0.00828100 -0.02719100 -0.04546800
v -0.00377000 -0.02817300 -0.04546800
v -0.01653600 -0.02311900 -0.04546800
v -0.01257500 -0.02549100 -0.04546800
v -0.02305700 -0.01662200 -0.04546800
v -0.02006100 -0.02013600 -0.04546800
v -0.02715900 -0.00838300 -0.04546800
v -0.02544400 -0.01267000 -0.04546800
v -0.02475500 0.01396900 -0.04546800
v -0.02669000 0.00977600 -0.04546800
v -0.02792000 0.00532600 -0.04546800
v -0.02841400 0.00073500 -0.04546800
v -0.02815800 -0.00387500 -0.04546800
v -0.02216600 0.01779200 -0.04546800
v -0.01899300 0.02114700 -0.04546800
v -0.01531800 0.02394300 -0.04546800
v -0.01124000 0.02610700 -0.04546800
v -0.00686400 0.02758300 -0.04546800
v -0.00230800 0.02833000 -0.04546800
v 0.00231000 0.02833000 -0.04546800
v 0.00686600 0.02758200 -0.04546800
v 0.01124100 0.02610600 -0.04546800
v 0.01532000 0.02394200 -0.04546800
v 0.00084400 -0.02848800 -0.04508600
v -0.00378000 -0.02824800 -0.04508600
v -0.00830400 -0.02726300 -0.04508600
v -0.01260800 -0.02555900 -0.04508600
v -0.01658000 -0.02318100 -0.04508600
v -0.02011500 -0.02019000 -0.04508600
v -0.02311800 -0.01666700 -0.04508600
v -0.02551200 -0.01270400 -0.04508600
v -0.02723200 -0.00840600 -0.04508600
v -0.02823400 -0.00388600 -0.04508600
v -0.02849000 0.00073700 -0.04508600
v -0.02799500 0.00534000 -0.04508600
v -0.02676100 0.00980300 -0.04508600
v -0.02482100 0.01400600 -0.04508600
v -0.02222600 0.01784000 -0.04508600
v -0.01904400 0.02120300 -0.04508600
v -0.01535900 0.02400700 -0.04508600
v -0.01127000 0.02617700 -0.04508600
v -0.00688300 0.02765600 -0.04508600
v -0.00231400 0.02840600 -0.04508600
v 0.00231600 0.02840600 -0.04508600
v 0.00688400 0.02765600 -0.04508600
v 0.01127100 0.02617600 -0.04508600
v 0.01536100 0.02400600 -0.04508600
v 0.01904500 0.02120200 -0.04508600
v 0.01899400 0.02114500 -0.04546800
v 0.02324500 0.01775000 -0.04546800
v 0.02328900 0.01781200 -0.04508600
v 0.02789600 0.01493400 -0.04508600
v 0.02785900 0.01486700 -0.04546800
v 0.03280400 0.01260700 -0.04508600
v 0.03277500 0.01253700 -0.04546800
v 0.03794800 0.01086200 -0.04508600
v 0.03792700 0.01078900 -0.04546800
v 0.03959200 0.00996600 -0.04546800
v 0.03963800 0.01002700 -0.04508600
v 0.04089900 0.00862500 -0.04508600
v 0.04083400 0.00858600 -0.04546800
v 0.04155100 0.00685600 -0.04508600
v 0.04147600 0.00684400 -0.04546800
v 0.04199200 0.00194100 -0.04546800
v 0.04206800 0.00194400 -0.04508600
v 0.04200600 -0.00299400 -0.04508600
v 0.04193000 -0.00298900 -0.04546800
v 0.04136700 -0.00789100 -0.04508600
v 0.04129200 -0.00787700 -0.04546800
v 0.04015800 -0.01268000 -0.04508600
v 0.04008600 -0.01265700 -0.04546800
v 0.03839800 -0.01729400 -0.04508600
v 0.03832800 -0.01726300 -0.04546800
v 0.04155100 0.00685600 -0.04420000
v 0.04200600 -0.00299400 -0.04420000
v 0.04015800 -0.01268000 -0.04420000
v 0.03610900 -0.02167100 -0.04420000
v 0.03794800 0.01086200 -0.04420000
v 0.03963800 0.01002700 -0.04420000
v 0.04089900 0.00862500 -0.04420000
v 0.01904500 0.02120200 -0.04420000
v 0.02789600 0.01493400 -0.04420000
v 0.00990300 -0.02672400 -0.04420000
v 0.00084400 -0.02848800 -0.04420000
v -0.00830400 -0.02726300 -0.04420000
v -0.01658000 -0.02318100 -0.04420000
v -0.02311800 -0.01666700 -0.04420000
v -0.02723200 -0.00840600 -0.04420000
v -0.02849000 0.00073700 -0.04420000
v -0.02676100 0.00980300 -0.04420000
v -0.02222600 0.01784000 -0.04420000
v -0.01535900 0.02400700 -0.04420000
v -0.00688300 0.02765600 -0.04420000
v 0.00231600 0.02840600 -0.04420000
v 0.01127100 0.02617600 -0.04420000
v 0.03128400 -0.02406900 -0.04420000
v 0.02043900 -0.02415500 -0.04420000
v 0.03485200 -0.02307500 -0.04420000
v 0.03316300 -0.02391400 -0.04420000
v -0.00982300 0.00187400 -0.04400000
v -0.00982300 0.00187400 -0.04700000
v -0.00982300 0.00187400 -0.04700000
v -0.01049900 0.00047600 -0.04400000
v -0.01049900 0.00047600 -0.04400000
v -0.01049900 0.00047600 -0.04700000
v -0.01049900 0.00047600 -0.04400000
v -0.01049900 0.00047600 -0.04700000
v -0.01049900 0.00047600 -0.04700000
v -0.01178300 -0.00039700 -0.04400000
v -0.01178300 -0.00039700 -0.04400000
v -0.01178300 -0.00039700 -0.04700000
v -0.01178300 -0.00039700 -0.04400000
v -0.01178300 -0.00039700 -0.04700000
v -0.01178300 -0.00039700 -0.04700000
v -0.01333200 -0.00051100 -0.04400000
v -0.01333200 -0.00051100 -0.04400000
v -0.01333200 -0.00051100 -0.04700000
v -0.01333200 -0.00051100 -0.04400000
v -0.01333200 -0.00051100 -0.04700000
v -0.01333200 -0.00051100 -0.04700000
v -0.01473000 0.00016500 -0.04400000
v -0.01473000 0.00016500 -0.04400000
v -0.01473000 0.00016500 -0.04700000
v -0.01473000 0.00016500 -0.04400000
v -0.01473000 0.00016500 -0.04700000
v -0.01473000 0.00016500 -0.04700000
v -0.01560300 0.00144900 -0.04400000
v -0.01560300 0.00144900 -0.04400000
v -0.01560300 0.00144900 -0.04700000
v -0.01560300 0.00144900 -0.04400000
v -0.01560300 0.00144900 -0.04700000
v -0.01560300 0.00144900 -0.04700000
v -0.01571700 0.00299800 -0.04400000
v -0.01571700 0.00299800 -0.04400000
v -0.01571700 0.00299800 -0.04700000
v -0.01571700 0.00299800 -0.04400000
v -0.01571700 0.00299800 -0.04700000
v -0.01571700 0.00299800 -0.04700000
v -0.01504100 0.00439600 -0.04400000
v -0.01504100 0.00439600 -0.04400000
v -0.01504100 0.00439600 -0.04700000
v -0.01504100 0.00439600 -0.04400000
v -0.01504100 0.00439600 -0.04700000
v -0.01504100 0.00439600 -0.04700000
v -0.01375600 0.00526900 -0.04400000
v -0.01375600 0.00526900 -0.04400000
v -0.01375600 0.00526900 -0.04700000
v -0.01375600 0.00526900 -0.04400000
v -0.01375600 0.00526900 -0.04700000
v -0.01375600 0.00526900 -0.04700000
v -0.01220800 0.00538300 -0.04400000
v -0.01220800 0.00538300 -0.04400000
v -0.01220800 0.00538300 -0.04700000
v -0.01220800 0.00538300 -0.04400000
v -0.01220800 0.00538300 -0.04700000
v -0.01220800 0.00538300 -0.04700000
v -0.01080900 0.00470700 -0.04400000
v -0.01080900 0.00470700 -0.04400000
v -0.01080900 0.00470700 -0.04700000
v -0.01080900 0.00470700 -0.04400000
v -0.01080900 0.00470700 -0.04700000
v -0.01080900 0.00470700 -0.04700000
v -0.00993700 0.00342300 -0.04400000
v -0.00993700 0.00342300 -0.04400000
v -0.00993700 0.00342300 -0.04700000
v -0.00993700 0.00342300 -0.04400000
v -0.00993700 0.00342300 -0.04700000
v -0.00993700 0.00342300 -0.04700000
v -0.00982300 0.00187400 -0.04400000
v -0.00982300 0.00187400 -0.04400000
v -0.00982300 0.00187400 -0.04700000
vn -0.00000100 0.00000000 -1.00000000
vn 0.00000100 -0.00000000 -1.00000000
vn 0.10221200 -0.03752800 -0.99405500
vn 0.10760700 -0.01689500 -0.99405000
vn 0.00000000 0.00000000 -1.00000000
vn 0.10881000 0.00443700 -0.99405300
vn 0.00000300 -0.00000000 -1.00000000
vn 0.10589000 0.02556900 -0.99404900
vn 0.00000200 -0.00000000 -1.00000000
vn 0.09887300 0.04573500 -0.99404800
vn 0.00000000 -0.00000000 -1.00000000
vn 0.10559000 0.07693400 -0.99142900
vn 0.07384300 0.08009000 -0.99404900
vn 0.00000000 -0.00000000 -1.00000000
vn 0.06811700 0.11151100 -0.99142600
vn 0.00000000 0.00000000 -1.00000000
vn -0.05486100 0.11857300 -0.99142900
vn -0.03067400 0.12699700 -0.99142900
vn -0.04505300 -0.12263300 -0.99142900
vn -0.06810900 -0.11148300 -0.99143000
vn 0.00000000 0.00000000 -1.00000000
vn -0.08855100 -0.09605500 -0.99142900
vn 0.11150300 -0.06811400 -0.99142700
vn 0.08008900 -0.07384000 -0.99404900
vn 0.00000000 0.00000000 -1.00000000
vn 0.06414500 -0.08805200 -0.99404800
vn 0.00000000 0.00000000 -1.00000000
vn 0.05485400 -0.11856200 -0.99143000
vn -0.00530900 0.13053900 -0.99142900
vn 0.01691200 0.10762700 -0.99404700
vn 0.04505100 0.12265400 -0.99142700
vn -0.13055700 -0.00531500 -0.99142700
vn -0.12908300 0.02026200 -0.99142700
vn 0.00000000 0.00000000 -1.00000000
vn -0.12265000 0.04505800 -0.99142700
vn -0.10558400 -0.07693200 -0.99143000
vn -0.09887500 -0.04573400 -0.99404800
vn -0.12702000 -0.03068400 -0.99142500
vn 0.03068600 -0.12702400 -0.99142500
vn 0.00441500 -0.10885100 -0.99404800
vn -0.02026000 -0.12907500 -0.99142800
vn -0.11150900 0.06811800 -0.99142600
vn -0.08007600 0.07379800 -0.99405300
vn -0.07693000 0.10558600 -0.99143000
vn -0.31639400 0.05692200 -0.94691800
vn -0.29918200 0.11751700 -0.94693200
vn -0.27050600 0.17362800 -0.94693200
vn -0.23143800 0.22307100 -0.94693000
vn -0.18347100 0.26393400 -0.94693000
vn -0.12845400 0.29465900 -0.94693000
vn -0.06850200 0.31405300 -0.94693100
vn -0.00589900 0.32141800 -0.94691900
vn 0.05692400 0.31639600 -0.94691800
vn 0.11751700 0.29918100 -0.94693200
vn 0.17362700 0.27050700 -0.94693200
vn 0.22307300 0.23143800 -0.94692900
vn 0.26393500 0.18347200 -0.94693000
vn 0.29465700 0.12845500 -0.94693000
vn 0.31405200 0.06850300 -0.94693100
vn 0.32137900 0.00592000 -0.94693200
vn 0.31639400 -0.05692300 -0.94691900
vn 0.29920800 -0.11755200 -0.94691900
vn 0.27048600 -0.17358900 -0.94694500
vn 0.23143600 -0.22307100 -0.94693000
vn 0.18347100 -0.26393400 -0.94693000
vn 0.12845400 -0.29465900 -0.94693000
vn 0.06850100 -0.31405300 -0.94693100
vn 0.00591700 -0.32138200 -0.94693100
vn -0.05689600 -0.31636300 -0.94693100
vn -0.11751700 -0.29918100 -0.94693200
vn -0.17362700 -0.27050700 -0.94693200
vn -0.22307300 -0.23143800 -0.94692900
vn -0.26393500 -0.18347200 -0.94693000
vn -0.29465700 -0.12845400 -0.94693000
vn -0.31405200 -0.06850300 -0.94693100
vn -0.32141800 -0.00589900 -0.94691900
vn -0.29392100 0.13044900 -0.94688600
vn -0.26282700 0.18528300 -0.94688600
vn -0.22162800 0.23299700 -0.94688600
vn -0.17191600 0.27175800 -0.94688600
vn -0.11562500 0.30003400 -0.94689500
vn -0.05486800 0.31682900 -0.94689400
vn 0.00799700 0.32144600 -0.94689400
vn 0.07055500 0.31370900 -0.94689400
vn 0.13040000 0.29391600 -0.94689500
vn 0.18523600 0.26282900 -0.94689400
vn 0.23299800 0.22162800 -0.94688600
vn 0.27175800 0.17191600 -0.94688600
vn 0.30003500 0.11562600 -0.94689500
vn 0.31682800 0.05486800 -0.94689500
vn 0.32144700 -0.00800000 -0.94689400
vn 0.31370800 -0.07055500 -0.94689500
vn 0.29392200 -0.13044800 -0.94688600
vn 0.26282700 -0.18528300 -0.94688600
vn 0.22164000 -0.23295100 -0.94689500
vn 0.17193500 -0.27171400 -0.94689500
vn 0.11562500 -0.30003400 -0.94689500
vn 0.05483300 -0.31686200 -0.94688500
vn -0.00803900 -0.32147000 -0.94688600
vn -0.07059900 -0.31372500 -0.94688600
vn -0.13044700 -0.29392400 -0.94688500
vn -0.18528400 -0.26282400 -0.94688600
vn -0.23295100 -0.22164100 -0.94689500
vn -0.27175700 -0.17191400 -0.94688600
vn -0.30007200 -0.11559500 -0.94688700
vn -0.31686000 -0.05483200 -0.94688600
vn -0.32144700 0.00800000 -0.94689400
vn -0.31370800 0.07055500 -0.94689500
vn -0.10226500 0.03755200 -0.99404800
vn -0.09291600 0.05677500 -0.99405400
vn -0.08008400 0.07381900 -0.99405100
vn -0.05497700 0.07546300 -0.99563200
vn -0.04568500 0.09880400 -0.99405800
vn -0.02556800 0.10586100 -0.99405200
vn -0.00442300 0.10881500 -0.99405200
vn 0.01689100 0.10758400 -0.99405200
vn 0.03755100 0.10226300 -0.99404800
vn 0.05677400 0.09291500 -0.99405400
vn 0.07382000 0.08008400 -0.99405100
vn 0.07546400 0.05497700 -0.99563200
vn 0.09880400 0.04568400 -0.99405800
vn 0.10585900 0.02556600 -0.99405200
vn 0.10881600 0.00442500 -0.99405200
vn 0.10753600 -0.01690500 -0.99405700
vn 0.10226500 -0.03755000 -0.99404800
vn 0.09296400 -0.05677900 -0.99404900
vn 0.08008400 -0.07381900 -0.99405100
vn 0.05497700 -0.07546300 -0.99563200
vn 0.04572300 -0.09883500 -0.99405300
vn 0.02559900 -0.10589800 -0.99404700
vn 0.00444400 -0.10885200 -0.99404800
vn -0.01689100 -0.10758400 -0.99405300
vn -0.03755100 -0.10226300 -0.99404800
vn -0.05677300 -0.09291500 -0.99405400
vn -0.07381900 -0.08008500 -0.99405100
vn -0.07546400 -0.05497700 -0.99563200
vn -0.09883400 -0.04572300 -0.99405300
vn -0.10585900 -0.02556600 -0.99405200
vn -0.10881600 -0.00442500 -0.99405200
vn -0.10753600 0.01690500 -0.99405700
vn -0.08696900 -0.04534700 -0.99517800
vn -0.09351900 -0.02955400 -0.99517900
vn -0.09722400 -0.01285900 -0.99517900
vn -0.09798400 0.00421600 -0.99517900
vn -0.09576200 0.02116700 -0.99517900
vn -0.09063400 0.03747300 -0.99517900
vn -0.08280000 0.05264600 -0.99517500
vn -0.07231700 0.06620400 -0.99518200
vn -0.07164500 0.09325300 -0.99306100
vn -0.04530800 0.08694200 -0.99518300
vn -0.02955100 0.09351600 -0.99517900
vn -0.01286200 0.09722500 -0.99517900
vn 0.00423800 0.09794000 -0.99518300
vn 0.02116700 0.09576100 -0.99517900
vn 0.03747300 0.09063000 -0.99517900
vn 0.05264400 0.08275400 -0.99517900
vn 0.06621700 0.07237100 -0.99517700
vn 0.04530800 -0.08694300 -0.99518200
vn 0.02955100 -0.09351600 -0.99517900
vn 0.01286100 -0.09722600 -0.99517900
vn -0.00423800 -0.09794000 -0.99518300
vn -0.02116700 -0.09576100 -0.99517900
vn -0.03747300 -0.09063000 -0.99517900
vn -0.05264300 -0.08275500 -0.99517900
vn -0.06621800 -0.07237100 -0.99517700
vn -0.09325000 -0.07164400 -0.99306200
vn 0.09325100 0.07164200 -0.99306200
vn 0.08696500 0.04534300 -0.99517900
vn 0.09351700 0.02955300 -0.99517900
vn 0.09718400 0.01283100 -0.99518400
vn 0.09798400 -0.00421600 -0.99517900
vn 0.09576200 -0.02116700 -0.99517900
vn 0.09063400 -0.03747400 -0.99517900
vn 0.08275100 -0.05264300 -0.99517900
vn 0.07232700 -0.06620600 -0.99518100
vn 0.07164500 -0.09325300 -0.99306100
vn 0.18438500 -0.06399300 -0.98076900
vn 0.17047000 -0.09504300 -0.98076900
vn 0.15141100 -0.12316000 -0.98076800
vn 0.12772700 -0.14758000 -0.98076800
vn 0.10015200 -0.16752100 -0.98076800
vn 0.06949500 -0.18238200 -0.98076900
vn 0.03682000 -0.19167000 -0.98076800
vn 0.00292900 -0.19515000 -0.98076900
vn -0.03095500 -0.19270400 -0.98076900
vn -0.06394800 -0.18440100 -0.98076900
vn -0.09499500 -0.17049600 -0.98076900
vn -0.12319900 -0.15137700 -0.98076900
vn -0.14761500 -0.12768300 -0.98076900
vn -0.16754000 -0.10011800 -0.98076800
vn -0.18238500 -0.06949000 -0.98076900
vn -0.19167900 -0.03677200 -0.98076900
vn -0.19515300 -0.00292800 -0.98076800
vn -0.19270500 0.03095700 -0.98076800
vn -0.18438500 0.06399300 -0.98076900
vn -0.17049500 0.09500200 -0.98076800
vn -0.15137700 0.12319900 -0.98076900
vn -0.12765400 0.14764200 -0.98076800
vn -0.10015300 0.16752200 -0.98076800
vn -0.06949600 0.18238400 -0.98076800
vn -0.03677200 0.19167700 -0.98076900
vn -0.00288100 0.19515000 -0.98076900
vn 0.03100300 0.19269400 -0.98076900
vn 0.06399300 0.18438200 -0.98076900
vn 0.09503700 0.17047200 -0.98076900
vn 0.12323700 0.15134700 -0.98076900
vn 0.14761700 0.12768500 -0.98076800
vn 0.16751800 0.10015400 -0.98076900
vn 0.18238300 0.06949400 -0.98076900
vn 0.19167900 0.03677200 -0.98076900
vn 0.19515300 0.00292800 -0.98076800
vn 0.19270500 -0.03095700 -0.98076800
vn 0.00000000 0.00000000 -1.00000000
vn 0.00000100 -0.00000000 -1.00000000
vn 0.00000900 -0.00000100 -1.00000000
vn 0.00000000 0.00000000 -1.00000000
vn -0.00000500 0.00000100 -1.00000000
vn 0.00000700 -0.00000100 -1.00000000
vn 0.00000100 -0.00000000 -1.00000000
vn 0.00000900 -0.00000100 -1.00000000
vn 0.00000000 0.00000000 -1.00000000
vn -0.00000100 0.00000000 -1.00000000
vn 0.00000900 -0.00000100 -1.00000000
vn 0.00007900 -0.00000800 -1.00000000
vn -0.00000100 0.00000000 -1.00000000
vn -0.00000100 0.00000000 -1.00000000
vn 0.00000900 -0.00000100 -1.00000000
vn 0.00007900 -0.00000800 -1.00000000
vn -0.00000500 0.00000100 -1.00000000
vn 0.00000900 -0.00000100 -1.00000000
vn -0.00007500 0.00000800 -1.00000000
vn 0.00007900 -0.00000800 -1.00000000
vn 0.00000900 -0.00000100 -1.00000000
vn -0.00007500 0.00000800 -1.00000000
vn -0.00007500 0.00000800 -1.00000000
vn 0.00000000 0.00000000 -1.00000000
vn -0.00013600 0.00001400 -1.00000000
vn 0.00000000 0.00000000 -1.00000000
vn 0.00000000 0.00000000 -1.00000000
vn -0.00013600 0.00001400 -1.00000000
vn -0.00000300 0.00000000 -1.00000000
vn -0.00000500 0.00000100 -1.00000000
vn 0.00000000 0.00000000 -1.00000000
vn 0.00000300 -0.00000000 -1.00000000
vn 0.00000000 0.00000000 -1.00000000
vn 0.00001200 -0.00000100 -1.00000000
vn 0.00000300 -0.00000000 -1.00000000
vn 0.00000000 0.00000000 -1.00000000
vn 0.00021400 -0.00002200 -1.00000000
vn 0.00000300 -0.00000000 -1.00000000
vn 0.00000000 0.00000000 -1.00000000
vn 0.00000000 0.00000000 -1.00000000
vn 0.00000900 -0.00000100 -1.00000000
vn 0.00001200 -0.00000100 -1.00000000
vn -0.00000900 0.00000100 -1.00000000
vn 0.00000700 -0.00000100 -1.00000000
vn 0.00000000 0.00000000 -1.00000000
vn 0.00000500 -0.00000000 -1.00000000
vn 0.00000100 -0.00000000 -1.00000000
vn -0.00000900 0.00000100 -1.00000000
vn 0.00000500 -0.00000000 -1.00000000
vn 0.00000000 0.00000000 -1.00000000
vn 0.00000500 -0.00000000 -1.00000000
vn 0.00000700 -0.00000100 -1.00000000
vn -0.00000900 0.00000100 -1.00000000
vn 0.00001200 -0.00000100 -1.00000000
vn 0.00000000 0.00000000 -1.00000000
vn 0.00000000 0.00000000 -1.00000000
vn -0.00000200 0.00000000 -1.00000000
vn -0.00013600 0.00001400 -1.00000000
vn -0.00000100 0.00000000 -1.00000000
vn 0.00000000 0.00000000 -1.00000000
vn -0.00003700 0.00000400 -1.00000000
vn 0.00000000 0.00000000 -1.00000000
vn -0.00003700 0.00000400 -1.00000000
vn -0.00003600 0.00000400 -1.00000000
vn 0.00000000 0.00000000 -1.00000000
vn 0.00000000 0.00000000 -1.00000000
vn 0.00000900 -0.00000100 -1.00000000
vn 0.00000900 -0.00000100 -1.00000000
vn 0.00000000 0.00000000 -1.00000000
vn 0.00000000 0.00000000 -1.00000000
vn 0.00000000 0.00000000 -1.00000000
vn 0.00021400 -0.00002200 -1.00000000
vn 0.00021400 -0.00002200 -1.00000000
vn 0.00000000 0.00000000 -1.00000000
vn 0.00000000 0.00000000 -1.00000000
vn 0.00000000 0.00000000 -1.00000000
vn 0.00038100 -0.00003900 -1.00000000
vn 0.00000000 0.00000000 -1.00000000
vn -0.00024400 0.00002500 -1.00000000
vn 0.00016400 -0.00001700 -1.00000000
vn 0.00000000 0.00000000 -1.00000000
vn -0.00000500 0.00000000 -1.00000000
vn -0.00024400 0.00002500 -1.00000000
vn -0.00024400 0.00002500 -1.00000000
vn 0.00000000 0.00000000 -1.00000000
vn 0.00000000 0.00000000 -1.00000000
vn 0.00018100 -0.00001800 -1.00000000
vn 0.00000000 0.00000000 -1.00000000
vn 0.00000000 0.00000000 -1.00000000
vn 0.00018100 -0.00001800 -1.00000000
vn 0.00000000 0.00000000 -1.00000000
vn 0.00016400 -0.00001700 -1.00000000
vn 0.00016400 -0.00001700 -1.00000000
vn 0.00000000 0.00000000 -1.00000000
vn 0.00018100 -0.00001800 -1.00000000
vn 0.00000000 0.00000000 -1.00000000
vn 0.00000000 0.00000000 -1.00000000
vn 0.00000000 0.00000000 -1.00000000
vn -0.00000500 0.00000000 -1.00000000
vn -0.00022400 0.00002300 -1.00000000
vn 0.00000000 0.00000000 -1.00000000
vn -0.00022400 0.00002300 -1.00000000
vn 0.00000000 0.00000000 -1.00000000
vn 0.00000000 0.00000000 -1.00000000
vn -0.00022400 0.00002300 -1.00000000
vn -0.00000500 0.00000000 -1.00000000
vn -0.00008800 0.00000900 -1.00000000
vn -0.00008800 0.00000900 -1.00000000
vn -0.00008800 0.00000900 -1.00000000
vn 0.00000000 0.00000000 -1.00000000
vn 0.00038100 -0.00003900 -1.00000000
vn 0.00000000 0.00000000 -1.00000000
vn 0.00038100 -0.00003900 -1.00000000
vn 0.00000000 0.00000000 -1.00000000
vn 0.00000000 0.00000000 -1.00000000
vn -0.00001600 0.00000200 -1.00000000
vn 0.00001500 -0.00000200 -1.00000000
vn -0.00001600 0.00000200 -1.00000000
vn 0.00001400 -0.00000100 -1.00000000
vn 0.00029400 -0.00003000 -1.00000000
vn 0.00000000 0.00000000 -1.00000000
vn 0.00000000 0.00000000 -1.00000000
vn -0.00001600 0.00000200 -1.00000000
vn 0.00001500 -0.00000200 -1.00000000
vn 0.00000000 0.00000000 -1.00000000
vn 0.00000000 0.00000000 -1.00000000
vn 0.00001200 -0.00000100 -1.00000000
vn 0.00001500 -0.00000200 -1.00000000
vn 0.00001200 -0.00000100 -1.00000000
vn 0.00000000 0.00000000 -1.00000000
vn 0.00001500 -0.00000100 -1.00000000
vn 0.00001200 -0.00000100 -1.00000000
vn 0.00000000 0.00000000 -1.00000000
vn -0.00014200 0.00001400 -1.00000000
vn 0.00001500 -0.00000100 -1.00000000
vn 0.00000000 0.00000000 -1.00000000
vn 0.00029400 -0.00003000 -1.00000000
vn 0.00000000 0.00000000 -1.00000000
vn 0.00001400 -0.00000100 -1.00000000
vn 0.00000000 0.00000000 -1.00000000
vn 0.00029400 -0.00003000 -1.00000000
vn 0.00001400 -0.00000100 -1.00000000
vn 0.00000000 0.00000000 -1.00000000
vn 0.00019800 -0.00002000 -1.00000000
vn 0.00000000 0.00000000 -1.00000000
vn -0.00018700 0.00001900 -1.00000000
vn 0.00002900 -0.00000300 -1.00000000
vn -0.00005800 0.00000600 -1.00000000
vn 0.00000000 0.00000000 -1.00000000
vn 0.00000600 -0.00000100 -1.00000000
vn 0.00000400 -0.00000000 -1.00000000
vn 0.00014200 -0.00001400 -1.00000000
vn 0.00000600 -0.00000100 -1.00000000
vn -0.00010600 0.00001100 -1.00000000
vn -0.00005100 0.00000500 -1.00000000
vn 0.00001000 -0.00000100 -1.00000000
vn 0.00001000 -0.00000100 -1.00000000
vn -0.00001400 0.00000100 -1.00000000
vn -0.00006300 0.00000600 -1.00000000
vn 0.00000400 -0.00000000 -1.00000000
vn 0.00000600 -0.00000100 -1.00000000
vn 0.00001000 -0.00000100 -1.00000000
vn 0.00000000 0.00000000 -1.00000000
vn -0.00000100 0.00000000 -1.00000000
vn -0.00001400 0.00000100 -1.00000000
vn -0.00001400 0.00000100 -1.00000000
vn 0.00002700 -0.00000300 -1.00000000
vn 0.00000000 0.00000000 -1.00000000
vn 0.00002700 -0.00000300 -1.00000000
vn 0.00000000 0.00000000 -1.00000000
vn 0.00000000 0.00000000 -1.00000000
vn 0.00002700 -0.00000300 -1.00000000
vn 0.00000000 0.00000000 -1.00000000
vn 0.00015800 -0.00001600 -1.00000000
vn 0.00007300 -0.00000700 -1.00000000
vn -0.00004700 0.00000500 -1.00000000
vn 0.00007300 -0.00000700 -1.00000000
vn 0.00000000 0.00000000 -1.00000000
vn -0.00004700 0.00000500 -1.00000000
vn 0.00007300 -0.00000700 -1.00000000
vn 0.00002200 -0.00000200 -1.00000000
vn -0.00004100 0.00000400 -1.00000000
vn -0.00001000 0.00000100 -1.00000000
vn 0.00004400 -0.00000400 -1.00000000
vn -0.00000100 0.00000000 -1.00000000
vn -0.00014200 0.00001400 -1.00000000
vn 0.00000000 0.00000000 -1.00000000
vn -0.00004700 0.00000500 -1.00000000
vn -0.00014200 0.00001400 -1.00000000
vn 0.00001500 -0.00000100 -1.00000000
vn -0.00018700 0.00001900 -1.00000000
vn -0.00018700 0.00001900 -1.00000000
vn 0.00019800 -0.00002000 -1.00000000
vn 0.00014200 -0.00001400 -1.00000000
vn 0.00014200 -0.00001400 -1.00000000
vn -0.00010600 0.00001100 -1.00000000
vn 0.00000400 -0.00000000 -1.00000000
vn -0.00005800 0.00000600 -1.00000000
vn -0.00005800 0.00000600 -1.00000000
vn 0.00004200 -0.00000400 -1.00000000
vn 0.00000000 0.00000000 -1.00000000
vn 0.00000000 0.00000000 -1.00000000
vn -0.00005800 0.00000600 -1.00000000
vn 0.00004200 -0.00000400 -1.00000000
vn -0.00005800 0.00000600 -1.00000000
vn 0.00004400 -0.00000400 -1.00000000
vn 0.00004200 -0.00000400 -1.00000000
vn 0.00000000 0.00000000 -1.00000000
vn 0.00000000 0.00000000 -1.00000000
vn -0.00005800 0.00000600 -1.00000000
vn 0.00000000 0.00000000 -1.00000000
vn -0.00004100 0.00000400 -1.00000000
vn 0.00004400 -0.00000400 -1.00000000
vn -0.00001000 0.00000100 -1.00000000
vn -0.00004100 0.00000400 -1.00000000
vn 0.00002200 -0.00000200 -1.00000000
vn -0.00001000 0.00000100 -1.00000000
vn 0.00001000 -0.00000100 -1.00000000
vn 0.00002200 -0.00000200 -1.00000000
vn -0.00000100 0.00000000 -1.00000000
vn 0.00001000 -0.00000100 -1.00000000
vn -0.00001400 0.00000100 -1.00000000
vn 0.00009900 -0.00001000 -1.00000000
vn 0.00000000 0.00000000 -1.00000000
vn 0.00000000 0.00000000 -1.00000000
vn 0.00000000 0.00000000 -1.00000000
vn 0.00009900 -0.00001000 -1.00000000
vn -0.00006300 0.00000600 -1.00000000
vn 0.00000000 0.00000000 -1.00000000
vn -0.00001400 0.00000100 -1.00000000
vn 0.00000000 0.00000000 -1.00000000
vn 0.00000000 0.00000000 -1.00000000
vn 0.00002900 -0.00000300 -1.00000000
vn 0.00019800 -0.00002000 -1.00000000
vn 0.00000000 0.00000000 -1.00000000
vn 0.00002900 -0.00000300 -1.00000000
vn 0.00009900 -0.00001000 -1.00000000
vn 0.00000000 0.00000000 -1.00000000
vn -0.00005100 0.00000500 -1.00000000
vn -0.00010600 0.00001100 -1.00000000
vn -0.00001400 0.00000100 -1.00000000
vn -0.00005100 0.00000500 -1.00000000
vn 0.00001000 -0.00000100 -1.00000000
vn -0.00006300 0.00000600 -1.00000000
vn 0.00000000 0.00000000 -1.00000000
vn 0.00000000 0.00000000 -1.00000000
vn 0.00000000 0.00000000 -1.00000000
vn 0.00033400 -0.00003400 -1.00000000
vn 0.00033400 -0.00003400 -1.00000000
vn 0.00000000 0.00000000 -1.00000000
vn -0.00021800 0.00002200 -1.00000000
vn -0.00021800 0.00002200 -1.00000000
vn 0.00033400 -0.00003400 -1.00000000
vn -0.00021800 0.00002200 -1.00000000
vn 0.00000000 0.00000000 -1.00000000
vn 0.00000000 0.00000000 -1.00000000
vn 0.00000000 0.00000000 -1.00000000
vn 0.00000000 0.00000000 -1.00000000
vn 0.00015800 -0.00001600 -1.00000000
vn 0.00000000 0.00000000 -1.00000000
vn 0.00000000 0.00000000 -1.00000000
vn 0.00015800 -0.00001600 -1.00000000
vn 0.00000000 0.00000000 -1.00000000
vn 0.00000000 0.00000000 -1.00000000
vn -0.00002700 0.00000300 -1.00000000
vn -0.00002700 0.00000300 -1.00000000
vn 0.00000000 0.00000000 -1.00000000
vn -0.00002700 0.00000300 -1.00000000
vn -0.00003400 0.00000300 -1.00000000
vn 0.00005400 -0.00000500 -1.00000000
vn -0.00002700 0.00000300 -1.00000000
vn 0.00003400 -0.00000300 -1.00000000
vn 0.00002700 -0.00000300 -1.00000000
vn 0.00000000 0.00000000 -1.00000000
vn 0.00000000 0.00000000 -1.00000000
vn -0.00002700 0.00000300 -1.00000000
vn 0.00005400 -0.00000500 -1.00000000
vn -0.00002700 0.00000300 -1.00000000
vn 0.00000000 0.00000000 -1.00000000
vn 0.00003400 -0.00000300 -1.00000000
vn 0.00000000 0.00000000 -1.00000000
vn 0.00000000 0.00000000 -1.00000000
vn 0.00003400 -0.00000300 -1.00000000
vn 0.00000000 0.00000000 -1.00000000
vn 0.00002700 -0.00000300 -1.00000000
vn 0.00002700 -0.00000300 -1.00000000
vn 0.00000000 0.00000000 -1.00000000
vn 0.00000000 0.00000000 -1.00000000
vn -0.00003400 0.00000300 -1.00000000
vn 0.00005400 -0.00000500 -1.00000000
vn 0.00000000 0.00000000 -1.00000000
vn -0.00003400 0.00000300 -1.00000000
vn 0.00000000 0.00000000 -1.00000000
vn -0.00000900 0.00000100 -1.00000000
vn -0.00000900 0.00000100 -1.00000000
vn 0.00000000 0.00000000 -1.00000000
vn 0.00000000 0.00000000 -1.00000000
vn -0.00000900 0.00000100 -1.00000000
vn 0.00008300 -0.00000800 -1.00000000
vn 0.00000000 0.00000000 -1.00000000
vn -0.00000900 0.00000100 -1.00000000
vn 0.00000000 0.00000000 -1.00000000
vn -0.00002200 0.00000200 -1.00000000
vn -0.00004200 0.00000400 -1.00000000
vn 0.00000000 0.00000000 -1.00000000
vn 0.00001800 -0.00000200 -1.00000000
vn -0.00002200 0.00000200 -1.00000000
vn 0.00000000 0.00000000 -1.00000000
vn -0.00004200 0.00000400 -1.00000000
vn 0.00000000 0.00000000 -1.00000000
vn 0.00023500 -0.00002400 -1.00000000
vn 0.00000000 0.00000000 -1.00000000
vn -0.00000900 0.00000100 -1.00000000
vn 0.00000000 0.00000000 -1.00000000
vn 0.00000000 0.00000000 -1.00000000
vn -0.00000900 0.00000100 -1.00000000
vn 0.00001300 -0.00000100 -1.00000000
vn 0.00000000 0.00000000 -1.00000000
vn 0.00001300 -0.00000100 -1.00000000
vn 0.00000000 0.00000000 -1.00000000
vn 0.00000000 0.00000000 -1.00000000
vn 0.00001300 -0.00000100 -1.00000000
vn 0.00003600 -0.00000400 -1.00000000
vn 0.00000000 0.00000000 -1.00000000
vn 0.00000000 0.00000000 -1.00000000
vn 0.00000000 0.00000000 -1.00000000
vn 0.00001800 -0.00000200 -1.00000000
vn -0.00004200 0.00000400 -1.00000000
vn 0.00001800 -0.00000200 -1.00000000
vn 0.00023500 -0.00002400 -1.00000000
vn 0.00000000 0.00000000 -1.00000000
vn -0.00004700 0.00000500 -1.00000000
vn 0.00000000 0.00000000 -1.00000000
vn 0.00023500 -0.00002400 -1.00000000
vn -0.00000500 0.00000100 -1.00000000
vn 0.00009800 -0.00001000 -1.00000000
vn 0.00000000 0.00000000 -1.00000000
vn 0.00009800 -0.00001000 -1.00000000
vn 0.00009800 -0.00001000 -1.00000000
vn 0.00000000 0.00000000 -1.00000000
vn 0.00000000 0.00000000 -1.00000000
vn 0.00000000 0.00000000 -1.00000000
vn 0.00003600 -0.00000400 -1.00000000
vn 0.00003600 -0.00000400 -1.00000000
vn 0.00000000 0.00000000 -1.00000000
vn 0.00000000 0.00000000 -1.00000000
vn -0.00000500 0.00000100 -1.00000000
vn 0.00000000 0.00000000 -1.00000000
vn 0.00000000 0.00000000 -1.00000000
vn -0.00000500 0.00000100 -1.00000000
vn -0.00000700 0.00000100 -1.00000000
vn 0.00000000 0.00000000 -1.00000000
vn -0.00000700 0.00000100 -1.00000000
vn -0.00000700 0.00000100 -1.00000000
vn 0.00008300 -0.00000800 -1.00000000
vn 0.00000000 0.00000000 -1.00000000
vn 0.00000000 0.00000000 -1.00000000
vn 0.00008300 -0.00000800 -1.00000000
vn 0.00000000 0.00000000 -1.00000000
vn 0.00000000 0.00000000 -1.00000000
vn 0.00000000 0.00000000 -1.00000000
vn -0.00002200 0.00000200 -1.00000000
vn 0.00019600 -0.00002000 -1.00000000
vn 0.00019600 -0.00002000 -1.00000000
vn -0.00004700 0.00000500 -1.00000000
vn 0.00000000 0.00000000 -1.00000000
vn 0.00019600 -0.00002000 -1.00000000
vn -0.00004700 0.00000500 -1.00000000
vn 0.00000000 0.00000000 -1.00000000
vn 0.00000000 0.00000000 -1.00000000
vn -0.00001200 0.00000100 -1.00000000
vn 0.00000500 -0.00000100 -1.00000000
vn -0.00001400 0.00000100 -1.00000000
vn 0.00002200 -0.00000200 -1.00000000
vn 0.00000000 0.00000000 -1.00000000
vn -0.00001200 0.00000100 -1.00000000
vn -0.00001200 0.00000100 -1.00000000
vn -0.00000600 0.00000100 -1.00000000
vn 0.00000000 0.00000000 -1.00000000
vn 0.00000500 -0.00000100 -1.00000000
vn 0.00001400 -0.00000100 -1.00000000
vn -0.00002000 0.00000200 -1.00000000
vn 0.00000000 0.00000000 -1.00000000
vn 0.00001400 -0.00000100 -1.00000000
vn 0.00000000 0.00000000 -1.00000000
vn -0.00011700 0.00001200 -1.00000000
vn 0.00000500 -0.00000000 -1.00000000
vn 0.00000000 0.00000000 -1.00000000
vn 0.00001400 -0.00000100 -1.00000000
vn -0.00011700 0.00001200 -1.00000000
vn 0.00000000 0.00000000 -1.00000000
vn 0.00000500 -0.00000000 -1.00000000
vn -0.00011700 0.00001200 -1.00000000
vn 0.00027800 -0.00002800 -1.00000000
vn 0.00000500 -0.00000000 -1.00000000
vn -0.00000700 0.00000100 -1.00000000
vn 0.00000000 0.00000000 -1.00000000
vn 0.00000000 0.00000000 -1.00000000
vn 0.00000000 0.00000000 -1.00000000
vn 0.00000500 -0.00000100 -1.00000000
vn -0.00001400 0.00000100 -1.00000000
vn -0.00002000 0.00000200 -1.00000000
vn 0.00000000 0.00000000 -1.00000000
vn -0.00001400 0.00000100 -1.00000000
vn 0.00000000 0.00000000 -1.00000000
vn -0.00002000 0.00000200 -1.00000000
vn 0.00000000 0.00000000 -1.00000000
vn 0.00000000 0.00000000 -1.00000000
vn -0.00000600 0.00000100 -1.00000000
vn 0.00000000 0.00000000 -1.00000000
vn 0.00000000 0.00000000 -1.00000000
vn 0.00002200 -0.00000200 -1.00000000
vn 0.00000000 0.00000000 -1.00000000
vn 0.00002200 -0.00000200 -1.00000000
vn -0.00000600 0.00000100 -1.00000000
vn 0.00000000 0.00000000 -1.00000000
vn 0.00000000 0.00000000 -1.00000000
vn 0.00000000 0.00000000 -1.00000000
vn 0.00022500 -0.00002300 -1.00000000
vn 0.00000000 0.00000000 -1.00000000
vn 0.00000700 -0.00000100 -1.00000000
vn 0.00000000 0.00000000 -1.00000000
vn 0.00006800 -0.00000700 -1.00000000
vn 0.00022500 -0.00002300 -1.00000000
vn 0.00022600 -0.00002300 -1.00000000
vn 0.00006800 -0.00000700 -1.00000000
vn 0.00000700 -0.00000100 -1.00000000
vn 0.00006800 -0.00000700 -1.00000000
vn -0.00000700 0.00000100 -1.00000000
vn 0.00000000 0.00000000 -1.00000000
vn 0.00000000 0.00000000 -1.00000000
vn 0.00000000 0.00000000 -1.00000000
vn 0.00027800 -0.00002800 -1.00000000
vn 0.00000000 0.00000000 -1.00000000
vn 0.00000000 0.00000000 -1.00000000
vn 0.00027800 -0.00002800 -1.00000000
vn 0.00000000 0.00000000 -1.00000000
vn -0.00000700 0.00000100 -1.00000000
vn 0.00000700 -0.00000100 -1.00000000
vn 0.00000000 0.00000000 -1.00000000
vn -0.00001800 0.00000200 -1.00000000
vn 0.00000000 0.00000000 -1.00000000
vn -0.00001600 0.00000200 -1.00000000
vn -0.00001800 0.00000200 -1.00000000
vn 0.00000000 0.00000000 -1.00000000
vn 0.00000200 -0.00000000 -1.00000000
vn 0.00000000 0.00000000 -1.00000000
vn 0.00000900 -0.00000100 -1.00000000
vn 0.00000000 0.00000000 -1.00000000
vn 0.00000200 -0.00000000 -1.00000000
vn 0.00000000 0.00000000 -1.00000000
vn 0.00000200 -0.00000000 -1.00000000
vn -0.00001800 0.00000200 -1.00000000
vn 0.00000000 0.00000000 -1.00000000
vn 0.00000700 -0.00000100 -1.00000000
vn 0.00000700 -0.00000100 -1.00000000
vn 0.00000000 0.00000000 -1.00000000
vn -0.00014500 0.00001500 -1.00000000
vn 0.00000700 -0.00000100 -1.00000000
vn 0.00000000 0.00000000 -1.00000000
vn -0.00001600 0.00000200 -1.00000000
vn 0.00000000 0.00000000 -1.00000000
vn -0.00014500 0.00001500 -1.00000000
vn 0.00000000 0.00000000 -1.00000000
vn -0.00014500 0.00001500 -1.00000000
vn -0.00001600 0.00000200 -1.00000000
vn 0.00000000 0.00000000 -1.00000000
vn 0.00005000 -0.00000500 -1.00000000
vn -0.00001600 0.00000200 -1.00000000
vn -0.00000800 0.00000100 -1.00000000
vn 0.00005000 -0.00000500 -1.00000000
vn 0.00000000 0.00000000 -1.00000000
vn 0.00000000 0.00000000 -1.00000000
vn -0.00000800 0.00000100 -1.00000000
vn 0.00005000 -0.00000500 -1.00000000
vn 0.00000000 0.00000000 -1.00000000
vn 0.00008000 -0.00000800 -1.00000000
vn -0.00000800 0.00000100 -1.00000000
vn -0.00001600 0.00000200 -1.00000000
vn 0.00000000 0.00000000 -1.00000000
vn 0.00001900 -0.00000200 -1.00000000
vn 0.00001900 -0.00000200 -1.00000000
vn 0.00000000 0.00000000 -1.00000000
vn -0.00001600 0.00000200 -1.00000000
vn 0.00001900 -0.00000200 -1.00000000
vn 0.00000000 0.00000000 -1.00000000
vn 0.00000000 0.00000000 -1.00000000
vn 0.00000900 -0.00000100 -1.00000000
vn -0.00000400 0.00000000 -1.00000000
vn 0.00000000 0.00000000 -1.00000000
vn 0.00000900 -0.00000100 -1.00000000
vn -0.00004900 0.00000500 -1.00000000
vn 0.00000900 -0.00000100 -1.00000000
vn -0.00004900 0.00000500 -1.00000000
vn -0.00004900 0.00000500 -1.00000000
vn -0.00000900 0.00000100 -1.00000000
vn -0.00000400 0.00000000 -1.00000000
vn 0.00000500 -0.00000100 -1.00000000
vn 0.00000900 -0.00000100 -1.00000000
vn -0.00000900 0.00000100 -1.00000000
vn 0.00000000 0.00000000 -1.00000000
vn 0.00000900 -0.00000100 -1.00000000
vn -0.00000900 0.00000100 -1.00000000
vn 0.00000500 -0.00000100 -1.00000000
vn -0.00000400 0.00000000 -1.00000000
vn 0.00000500 -0.00000100 -1.00000000
vn 0.00000000 0.00000000 -1.00000000
vn 0.00000000 0.00000000 -1.00000000
vn -0.00020000 0.00002000 -1.00000000
vn 0.00000000 0.00000000 -1.00000000
vn 0.00000000 0.00000000 -1.00000000
vn -0.00020000 0.00002000 -1.00000000
vn 0.00000000 0.00000000 -1.00000000
vn -0.00020000 0.00002000 -1.00000000
vn -0.00024900 0.00002500 -1.00000000
vn -0.00024900 0.00002500 -1.00000000
vn -0.00024900 0.00002500 -1.00000000
vn 0.00000000 0.00000000 -1.00000000
vn 0.00000000 0.00000000 -1.00000000
vn -0.00005100 0.00000500 -1.00000000
vn 0.00000000 0.00000000 -1.00000000
vn 0.00000400 -0.00000000 -1.00000000
vn 0.00005100 -0.00000500 -1.00000000
vn 0.00000000 0.00000000 -1.00000000
vn 0.00000000 0.00000000 -1.00000000
vn 0.00000000 0.00000000 -1.00000000
vn 0.00008000 -0.00000800 -1.00000000
vn 0.00008000 -0.00000800 -1.00000000
vn 0.00000000 0.00000000 -1.00000000
vn 0.00000000 0.00000000 -1.00000000
vn 0.00000000 0.00000000 -1.00000000
vn -0.00002700 0.00000300 -1.00000000
vn -0.00003200 0.00000300 -1.00000000
vn 0.00003600 -0.00000400 -1.00000000
vn 0.00003600 -0.00000400 -1.00000000
vn 0.00003600 -0.00000400 -1.00000000
vn -0.00002700 0.00000300 -1.00000000
vn -0.00005100 0.00000500 -1.00000000
vn 0.00000000 0.00000000 -1.00000000
vn 0.00000000 0.00000000 -1.00000000
vn -0.00005100 0.00000500 -1.00000000
vn 0.00000000 0.00000000 -1.00000000
vn 0.00005100 -0.00000500 -1.00000000
vn 0.00000000 0.00000000 -1.00000000
vn -0.00003200 0.00000300 -1.00000000
vn 0.00000400 -0.00000000 -1.00000000
vn 0.00005100 -0.00000500 -1.00000000
vn -0.00003200 0.00000300 -1.00000000
vn 0.00000400 -0.00000000 -1.00000000
vn 0.00000000 0.00000000 -1.00000000
vn -0.00002700 0.00000300 -1.00000000
vn 0.00000000 0.00000000 -1.00000000
vn -0.73402700 -0.67912000 0.00000000
vn -0.61486300 -0.78863400 0.00000000
vn -0.67646600 -0.73647400 -0.00000000
vn -0.67648700 -0.73645400 -0.00002200
vn -0.51015600 -0.86008200 -0.00000100
vn -0.47311900 -0.88099900 0.00000000
vn -0.78667900 -0.61736300 0.00000000
vn -0.78652500 -0.61755800 0.00000000
vn -0.39714900 -0.91775400 0.00000000
vn -0.39724400 -0.91771300 0.00000000
vn -0.96380900 -0.26659400 0.00000000
vn -0.96378700 -0.26667200 0.00000000
vn -0.98969000 -0.14322400 0.00000000
vn -0.99987900 -0.01554200 -0.00000200
vn -0.99388200 0.11045100 0.00000000
vn -0.99389700 0.11031200 0.00000000
vn -0.82828500 0.56030800 0.00000000
vn -0.82831500 0.56026300 0.00000000
vn -0.82828500 0.56030800 0.00000000
vn -0.82831500 0.56026300 0.00000000
vn -0.82828500 0.56030800 0.00000000
vn -0.82831500 0.56026300 0.00000000
vn -0.47728800 0.87874700 0.00000000
vn -0.47737700 0.87869800 0.00000000
vn -0.41334600 0.91057400 0.00000100
vn -0.34697100 0.93787600 0.00000000
vn -0.12165000 0.99257300 -0.00000200
vn -0.20123200 0.97954400 -0.00001600
vn 0.06331000 0.99799400 0.00000000
vn 0.16874900 0.98565900 0.00000000
vn 0.36891600 0.92946300 -0.00001900
vn 0.46361400 0.88603700 0.00000000
vn 0.55260600 0.83344300 0.00000000
vn 0.55254300 0.83348400 0.00000000
vn 0.87781800 0.47899400 0.00000000
vn 0.87777300 0.47907700 0.00000000
vn 0.87777300 0.47907700 0.00000000
vn 0.87777300 0.47907700 0.00000000
vn 0.87781800 0.47899400 0.00000000
vn 0.87781800 0.47899400 0.00000000
vn 0.99958000 0.02896300 0.00000000
vn 0.99957700 0.02907800 -0.00000000
vn 0.99905900 -0.04336700 -0.00001400
vn 0.99326500 -0.11586500 0.00000000
vn 0.93813300 -0.34627500 0.00001800
vn 0.96354600 -0.26754300 0.00000000
vn 0.85228500 -0.52307800 0.00000000
vn 0.78609000 -0.61811200 0.00000000
vn 0.63815000 -0.76991200 -0.00000900
vn 0.63822600 -0.76984900 -0.00000500
vn 0.71033100 -0.70386700 0.00000000
vn 0.47571700 -0.87959800 0.00000000
vn 0.41194200 -0.91121000 0.00000100
vn 0.34600900 -0.93823100 0.00000000
vn 0.43191900 -0.90191200 0.00000000
vn 0.35623600 -0.93439600 0.00000000
vn 0.60914100 -0.79306200 0.00000000
vn 0.70567700 -0.70853300 0.00000000
vn 0.85824000 -0.51324800 0.00000000
vn 0.91504300 -0.40335700 0.00000000
vn 0.95733600 -0.28897600 0.00000000
vn 0.95734000 -0.28896500 0.00000000
vn 0.98171300 0.19036900 0.00000000
vn 0.98168200 0.19052600 0.00000000
vn 0.98168200 0.19052600 0.00000000
vn 0.98171300 0.19036900 0.00000000
vn 0.98168200 0.19052600 0.00000000
vn 0.98171300 0.19036900 0.00000000
vn 0.77711700 0.62935600 0.00000000
vn 0.77735100 0.62906700 0.00000000
vn 0.72841000 0.68514200 0.00000000
vn 0.67549400 0.73736600 0.00000000
vn 0.74057800 0.67197000 0.00000000
vn 0.68200400 0.73134800 0.00000000
vn 0.86304900 0.50512000 0.00000200
vn 0.91982900 0.39231900 0.00000100
vn 0.98408200 0.17771300 0.00000000
vn 0.99697600 0.07771000 0.00002000
vn 0.99699100 -0.07751300 0.00000100
vn 0.99115200 -0.13273000 0.00001000
vn 0.93827500 -0.34589100 0.00001600
vn 0.96361600 -0.26729000 0.00000000
vn 0.85935700 -0.51137600 -0.00002000
vn 0.80250800 -0.59664100 -0.00000200
vn 0.67648000 -0.73646100 -0.00001700
vn 0.60949600 -0.79278900 0.00001600
vn 0.53846600 -0.84264700 0.00000000
vn 0.53816200 -0.84284100 0.00000000
vn 0.10865700 -0.99407900 0.00000000
vn 0.10866100 -0.99407900 0.00000000
vn 0.10866100 -0.99407900 0.00000000
vn 0.10866100 -0.99407900 0.00000000
vn 0.10865700 -0.99407900 0.00000000
vn 0.10865700 -0.99407900 0.00000000
vn -0.34450500 -0.93878400 0.00002000
vn -0.18737900 -0.98228800 0.00000000
vn -0.26661100 -0.96380400 -0.00001500
vn -0.26653700 -0.96382500 -0.00000100
vn -0.15544900 -0.98784400 0.00000000
vn -0.14498200 -0.98943400 -0.00000100
vn -0.14492300 -0.98944300 -0.00000400
vn -0.41983300 -0.90760200 0.00000000
vn -0.41980800 -0.90761300 0.00000000
vn 0.17782000 -0.98406300 0.00000000
vn 0.17833900 -0.98396900 0.00000000
vn 0.07838000 -0.99692400 -0.00001900
vn 0.02769900 -0.99961600 -0.00006400
vn -0.12357800 -0.99233500 0.00000000
vn -0.79574000 -0.60563800 0.00000000
vn -0.79542900 -0.60604600 0.00000000
vn -0.79574000 -0.60563800 0.00000000
vn -0.79574000 -0.60563800 0.00000000
vn -0.79542900 -0.60604600 0.00000000
vn -0.79542900 -0.60604600 0.00000000
vn -0.98493900 -0.17290300 0.00000000
vn -0.98493800 -0.17291000 0.00000000
vn -0.99725900 -0.07399200 0.00000000
vn -0.99964400 0.02667200 0.00000000
vn -0.98918900 0.14664300 0.00000000
vn -0.98595100 0.16703300 0.00000300
vn -0.93858200 0.34505700 0.00002000
vn -0.96372700 0.26688900 0.00000000
vn -0.90722900 0.42063600 0.00000000
vn -0.90742800 0.42020800 0.00000000
vn -0.60343900 0.79740900 0.00000000
vn -0.60343900 0.79740900 0.00000000
vn -0.60343900 0.79740900 0.00000000
vn -0.60343900 0.79740900 0.00000000
vn -0.16814200 0.98576300 0.00000000
vn -0.16814200 0.98576300 0.00000000
vn -0.06994200 0.99755100 -0.00000500
vn -0.06983100 0.99755900 -0.00000900
vn -0.16814200 0.98576300 0.00000000
vn 0.12882900 0.99166700 0.00000000
vn 0.14842300 0.98892400 -0.00000400
vn 0.16791200 0.98580200 0.00000300
vn 0.34423100 0.93888500 0.00000000
vn 0.26645200 0.96384800 0.00000000
vn 0.41931800 0.90783900 0.00000000
vn 0.41928500 0.90785500 0.00000000
vn 0.79454100 0.60721100 0.00000000
vn 0.79463600 0.60708600 0.00000000
vn 0.79463600 0.60708600 0.00000000
vn 0.79463600 0.60708600 0.00000000
vn 0.79454100 0.60721100 0.00000000
vn 0.79454100 0.60721100 0.00000000
vn 0.98478000 0.17380300 0.00000000
vn 0.98484000 0.17346700 0.00000000
vn 0.99722900 0.07438800 0.00000000
vn 0.99965100 -0.02640900 0.00000000
vn 0.98920000 -0.14657100 0.00000000
vn 0.98595800 -0.16699100 0.00000300
vn 0.93905700 -0.34376000 0.00000000
vn 0.96391200 -0.26622000 -0.00001600
vn 0.90835700 -0.41819500 0.00000000
vn 0.90821100 -0.41851200 0.00000000
vn 0.60909400 -0.79309800 0.00000000
vn 0.60938700 -0.79287300 0.00000000
vn 0.60938700 -0.79287300 0.00000000
vn 0.60938700 -0.79287300 0.00000000
vn 0.60909400 -0.79309800 0.00000000
vn 0.60909400 -0.79309800 0.00000000
vn -0.02431400 -0.99970400 0.00000000
vn -0.20774200 -0.97818400 0.00000000
vn -0.10641200 -0.99432200 0.00000000
vn -0.22801100 -0.97365900 0.00000000
vn 0.05756500 -0.99834200 0.00000000
vn 0.05748900 -0.99834600 0.00000000
vn -0.52243600 -0.85267900 0.00000000
vn -0.52250400 -0.85263700 0.00000000
vn -0.43542400 -0.90022600 0.00000000
vn -0.34305600 -0.93931500 0.00000000
vn 0.52085800 -0.85364400 0.00000000
vn 0.52088400 -0.85362700 0.00000000
vn 0.52085800 -0.85364400 0.00000000
vn 0.52085800 -0.85364400 0.00000000
vn 0.52088400 -0.85362700 0.00000000
vn 0.52088400 -0.85362700 0.00000000
vn 0.85569600 -0.51747900 0.00000000
vn 0.85578400 -0.51733300 0.00000000
vn 0.90256300 -0.43055800 0.00000000
vn 0.94085600 -0.33880800 0.00000000
vn 0.97424200 -0.22550500 0.00000000
vn 0.97844500 -0.20650800 0.00000000
vn 0.93869800 -0.34474100 0.00001600
vn 0.96377200 -0.26672800 0.00000000
vn 0.90754500 -0.41995400 0.00000000
vn 0.90751100 -0.42002800 0.00000000
vn 0.60474600 -0.79641900 0.00000000
vn 0.60465200 -0.79649000 0.00000000
vn 0.60465200 -0.79649000 0.00000000
vn 0.60465200 -0.79649000 0.00000000
vn 0.60474600 -0.79641900 0.00000000
vn 0.60474600 -0.79641900 0.00000000
vn 0.17058400 -0.98534300 0.00000000
vn 0.17059000 -0.98534200 0.00000000
vn 0.07193300 -0.99740900 0.00000000
vn -0.02832700 -0.99959900 0.00002200
vn -0.14755100 -0.98905400 -0.00000500
vn -0.16747600 -0.98587600 -0.00000000
vn -0.34417700 -0.93890500 0.00001900
vn -0.26644100 -0.96385100 -0.00001600
vn -0.41941200 -0.90779600 0.00000000
vn -0.41940700 -0.90779800 0.00000000
vn -0.79415500 -0.60771500 0.00000000
vn -0.79411000 -0.60777400 0.00000000
vn -0.79411000 -0.60777400 0.00000000
vn -0.79411000 -0.60777400 0.00000000
vn -0.79415500 -0.60771500 0.00000000
vn -0.79415500 -0.60771500 0.00000000
vn -0.98451200 -0.17531800 0.00000000
vn -0.98451000 -0.17532700 0.00000000
vn -0.99711500 -0.07590300 -0.00000500
vn -0.99712500 -0.07577100 -0.00001000
vn -0.98449100 -0.17543600 0.00000000
vn -0.99217200 0.12488200 0.00000000
vn -0.98930000 0.14589200 -0.00000500
vn -0.98601700 0.16664300 0.00000400
vn -0.99970500 0.02428700 0.00000000
vn -0.99431700 0.10645500 0.00000000
vn -0.99833900 -0.05761900 0.00000000
vn -0.99834900 -0.05744500 0.00000000
vn -0.85362800 -0.52088400 0.00000000
vn -0.85386900 -0.52048700 0.00000000
vn -0.85362800 -0.52088400 0.00000000
vn -0.85362800 -0.52088400 0.00000000
vn -0.85386900 -0.52048700 0.00000000
vn -0.85386900 -0.52048700 0.00000000
vn -0.51717100 -0.85588200 0.00000000
vn -0.51712700 -0.85590900 0.00000000
vn -0.43064300 -0.90252300 0.00000000
vn -0.33908500 -0.94075600 0.00000000
vn -0.22586900 -0.97415800 0.00000000
vn -0.20670300 -0.97840400 0.00000000
vn -0.02444700 -0.99970100 0.00000000
vn -0.10647700 -0.99431500 0.00000000
vn 0.05725400 -0.99836000 0.00000000
vn 0.05728200 -0.99835800 0.00000000
vn 0.52039700 -0.85392500 0.00000000
vn 0.52048300 -0.85387200 0.00000000
vn 0.52039700 -0.85392500 0.00000000
vn 0.52039700 -0.85392500 0.00000000
vn 0.52048300 -0.85387200 0.00000000
vn 0.52048300 -0.85387200 0.00000000
vn 0.85569800 -0.51747500 0.00000000
vn 0.85568400 -0.51749800 -0.00000000
vn 0.90260700 -0.43046700 0.00000000
vn 0.94088800 -0.33871900 0.00000000
vn 0.97423700 -0.22552900 0.00000000
vn 0.97845000 -0.20648500 0.00000000
vn 0.93906100 -0.34375100 0.00001600
vn 0.96392100 -0.26618700 0.00000000
vn 0.90821800 -0.41849800 0.00000000
vn 0.90817500 -0.41859000 0.00000000
vn 0.60953700 -0.79275700 0.00000000
vn 0.60959300 -0.79271500 0.00000000
vn 0.60953700 -0.79275700 0.00000000
vn 0.60953700 -0.79275700 0.00000000
vn 0.60959300 -0.79271500 0.00000000
vn 0.60959300 -0.79271500 0.00000000
vn 0.17821800 -0.98399100 0.00000000
vn 0.17822500 -0.98399000 0.00000000
vn 0.07839600 -0.99692200 0.00000000
vn -0.02311000 -0.99973300 0.00000000
vn -0.14477900 -0.98946400 0.00000000
vn -0.16611100 -0.98610700 0.00000000
vn -0.34495700 -0.93861800 0.00000000
vn -0.26686200 -0.96373500 0.00000200
vn -0.42026700 -0.90740000 0.00000000
vn -0.42056500 -0.90726200 0.00000000
vn -0.79713700 -0.60379800 0.00000000
vn -0.79709800 -0.60385000 0.00000000
vn -0.79713700 -0.60379800 0.00000000
vn -0.79713700 -0.60379800 0.00000000
vn -0.79709800 -0.60385000 0.00000000
vn -0.79709800 -0.60385000 0.00000000
vn -0.98550700 -0.16963600 0.00000000
vn -0.98550700 -0.16963600 0.00000000
vn -0.99747800 -0.07097100 -0.00006600
vn -0.99746800 -0.07112000 -0.00000500
vn -0.98550700 -0.16963600 0.00000000
vn -0.99182600 0.12759900 0.00000000
vn -0.98906100 0.14750400 0.00000000
vn -0.98595100 0.16703700 0.00000000
vn -0.93876200 0.34456800 0.00000000
vn -0.96391500 0.26621200 0.00000000
vn -0.90748800 0.42007800 0.00000000
vn -0.90752400 0.41999900 0.00000000
vn -0.60443000 0.79665800 0.00000000
vn -0.60443000 0.79665800 0.00000000
vn -0.60443000 0.79665800 0.00000000
vn -0.60443000 0.79665800 0.00000000
vn -0.16926200 0.98557100 0.00000000
vn -0.16913400 0.98559300 0.00000000
vn -0.07092200 0.99748200 0.00000000
vn 0.02907200 0.99957700 0.00000000
vn 0.14780700 0.98901600 0.00000000
vn 0.16764300 0.98584800 0.00000000
vn 0.34463300 0.93873700 0.00000000
vn 0.26671200 0.96377600 0.00000000
vn 0.41990700 0.90756700 0.00000000
vn 0.42021100 0.90742600 0.00000000
vn 0.79590600 0.60542100 0.00000000
vn 0.79590600 0.60542100 0.00000000
vn 0.79590600 0.60542100 0.00000000
vn 0.79590600 0.60542100 0.00000000
vn 0.98524100 0.17117500 0.00000000
vn 0.98523200 0.17122600 0.00000000
vn 0.99736900 0.07249800 -0.00002400
vn 0.99961100 -0.02789500 0.00000000
vn 0.98910200 -0.14723000 0.00000000
vn 0.98589700 -0.16735100 0.00000400
vn 0.93888500 -0.34423200 0.00000000
vn 0.96383900 -0.26648500 0.00000000
vn 0.90785600 -0.41928200 0.00000000
vn 0.90771300 -0.41959100 0.00000000
vn 0.60720200 -0.79454700 0.00000000
vn 0.60722100 -0.79453300 0.00000000
vn 0.60720200 -0.79454700 0.00000000
vn 0.60720200 -0.79454700 0.00000000
vn 0.60722100 -0.79453300 0.00000000
vn 0.60722100 -0.79453300 0.00000000
vn 0.17446900 -0.98466300 0.00000000
vn 0.17411300 -0.98472600 0.00000000
vn 0.07516700 -0.99717100 0.00000000
vn -0.02564400 -0.99967100 0.00000000
vn -0.14613900 -0.98926400 0.00000000
vn -0.16675400 -0.98599900 0.00000000
vn -0.34509100 -0.93856900 0.00000000
vn -0.26689800 -0.96372500 -0.00001800
vn -0.42032200 -0.90737500 0.00000000
vn -0.42059200 -0.90725000 0.00000000
vn -0.79782300 -0.60289200 0.00000000
vn -0.79776700 -0.60296600 0.00000000
vn -0.79782300 -0.60289200 0.00000000
vn -0.79782300 -0.60289200 0.00000000
vn -0.79776700 -0.60296600 0.00000000
vn -0.79776700 -0.60296600 0.00000000
vn -0.98569100 -0.16856400 0.00000000
vn -0.98570600 -0.16847200 0.00000000
vn -0.99752400 -0.07033300 -0.00000900
vn -0.99751300 -0.07048000 -0.00000500
vn -0.98567200 -0.16867100 0.00000000
vn -0.99177400 0.12799800 0.00000000
vn -0.98900100 0.14790700 0.00000000
vn -0.98584700 0.16764500 0.00000000
vn -0.99968700 0.02500700 0.00000000
vn -0.99428400 0.10676300 0.00000000
vn -0.99840100 -0.05653300 0.00000000
vn -0.99842100 -0.05617200 0.00000000
vn -0.85573800 -0.51741000 0.00000000
vn -0.85554700 -0.51772600 0.00000000
vn -0.85554700 -0.51772600 0.00000000
vn -0.85554700 -0.51772600 0.00000000
vn -0.85573800 -0.51741000 0.00000000
vn -0.85573800 -0.51741000 0.00000000
vn -0.99731200 -0.07327200 0.00000000
vn -0.99731800 -0.07319100 0.00000000
vn -0.99731800 -0.07319100 0.00000000
vn -0.99731200 -0.07327200 0.00000000
vn -0.99731200 -0.07327200 0.00000000
vn -0.99731800 -0.07319100 0.00000000
vn -0.82709000 -0.56207000 0.00000000
vn -0.82709800 -0.56205800 0.00000000
vn -0.82709000 -0.56207000 0.00000000
vn -0.82709000 -0.56207000 0.00000000
vn -0.82709800 -0.56205800 0.00000000
vn -0.82709800 -0.56205800 0.00000000
vn -0.43525600 -0.90030700 0.00000000
vn -0.43526000 -0.90030500 0.00000000
vn -0.43526000 -0.90030500 0.00000000
vn -0.43526000 -0.90030500 0.00000000
vn -0.43525600 -0.90030700 0.00000000
vn -0.43525600 -0.90030700 0.00000000
vn 0.07320900 -0.99731700 0.00000000
vn 0.07321700 -0.99731600 0.00000000
vn 0.07320900 -0.99731700 0.00000000
vn 0.07321700 -0.99731600 0.00000000
vn 0.07320900 -0.99731700 0.00000000
vn 0.07321700 -0.99731600 0.00000000
vn 0.56204400 -0.82710800 0.00000000
vn 0.56205800 -0.82709800 0.00000000
vn 0.56204400 -0.82710800 0.00000000
vn 0.56204400 -0.82710800 0.00000000
vn 0.56205800 -0.82709800 0.00000000
vn 0.56205800 -0.82709800 0.00000000
vn 0.90032800 -0.43521300 0.00000000
vn 0.90028700 -0.43529700 0.00000000
vn 0.90028700 -0.43529700 0.00000000
vn 0.90032800 -0.43521300 0.00000000
vn 0.90028700 -0.43529700 0.00000000
vn 0.90032800 -0.43521300 0.00000000
vn 0.99731500 0.07323600 0.00000000
vn 0.99731200 0.07327200 0.00000000
vn 0.99731500 0.07323600 0.00000000
vn 0.99731500 0.07323600 0.00000000
vn 0.99731200 0.07327200 0.00000000
vn 0.99731200 0.07327200 0.00000000
vn 0.82707000 0.56209900 0.00000000
vn 0.82709800 0.56205800 0.00000000
vn 0.82707000 0.56209900 0.00000000
vn 0.82707000 0.56209900 0.00000000
vn 0.82709800 0.56205800 0.00000000
vn 0.82709800 0.56205800 0.00000000
vn 0.43527000 0.90030000 0.00000000
vn 0.43526000 0.90030500 0.00000000
vn 0.43526000 0.90030500 0.00000000
vn 0.43526000 0.90030500 0.00000000
vn 0.43527000 0.90030000 0.00000000
vn 0.43527000 0.90030000 0.00000000
vn -0.07321700 0.99731600 0.00000000
vn -0.07320900 0.99731700 0.00000000
vn -0.07321700 0.99731600 0.00000000
vn -0.07320900 0.99731700 0.00000000
vn -0.07321700 0.99731600 0.00000000
vn -0.07320900 0.99731700 0.00000000
vn -0.56205800 0.82709800 0.00000000
vn -0.56206800 0.82709100 0.00000000
vn -0.56206800 0.82709100 0.00000000
vn -0.56206800 0.82709100 0.00000000
vn -0.56205800 0.82709800 0.00000000
vn -0.56205800 0.82709800 0.00000000
vn -0.90032800 0.43521300 0.00000000
vn -0.90028700 0.43529700 0.00000000
vn -0.90028700 0.43529700 0.00000000
vn -0.90028700 0.43529700 0.00000000
vn -0.90032800 0.43521300 0.00000000
vn -0.90032800 0.43521300 0.00000000
vn 0.51362300 -0.85801600 0.00000000
vn 0.51362300 -0.85801600 0.00000000
vn 0.51362300 -0.85801600 0.00000000
vn 0.51363800 -0.85800700 0.00000000
vn 0.52473300 -0.85126700 0.00000000
vn 0.52835000 -0.84902700 0.00000000
vn 0.74531900 -0.66670800 0.00000000
vn 0.74532500 -0.66670100 0.00000000
vn 0.68119100 -0.73210600 0.00000000
vn 0.61078400 -0.79179800 0.00001800
vn 0.86737700 0.49765100 0.00000000
vn 0.78745100 0.61637700 0.00000000
vn 0.82945300 0.55857600 -0.00001700
vn 0.78745100 0.61637700 0.00000000
vn 0.90081000 0.43421300 0.00000000
vn 0.90081000 0.43421300 0.00000000
vn 0.99971700 0.02379800 0.00000000
vn 0.99972500 0.02346600 0.00000000
vn 0.99971700 0.02379800 0.00000000
vn 0.99971700 0.02379800 0.00000000
vn 0.99972500 0.02346600 0.00000000
vn 0.99972500 0.02346600 0.00000000
vn 0.90442300 -0.42663700 0.00000000
vn 0.90438900 -0.42671000 0.00000000
vn 0.90438900 -0.42671000 0.00000000
vn 0.90442300 -0.42663700 0.00000000
vn 0.90438900 -0.42671000 0.00000000
vn 0.90442300 -0.42663700 0.00000000
vn 0.59340300 -0.80490600 0.00000000
vn 0.59339200 -0.80491400 0.00000000
vn 0.59339200 -0.80491400 0.00000000
vn 0.59340300 -0.80490600 0.00000000
vn 0.59339200 -0.80491400 0.00000000
vn 0.59340300 -0.80490600 0.00000000
vn 0.15735500 -0.98754200 0.00000000
vn 0.15769400 -0.98748800 0.00000000
vn 0.06095400 -0.99814100 -0.00001700
vn -0.03694900 -0.99931700 0.00000000
vn -0.22091900 -0.97529200 -0.00002200
vn -0.30697500 -0.95171800 0.00000000
vn -0.39001600 -0.92080800 0.00000000
vn -0.39001600 -0.92080800 0.00000000
vn -0.75637000 -0.65414400 0.00000000
vn -0.75636300 -0.65415200 0.00000000
vn -0.76780100 -0.64068800 -0.00000300
vn -0.77905100 -0.62696000 0.00000000
vn -0.79004200 -0.61305300 0.00000000
vn -0.79004200 -0.61305200 0.00000000
vn 0.36481400 -0.93108000 0.00000000
vn 0.51467900 -0.85738300 0.00000000
vn 0.44153800 -0.89724300 -0.00002000
vn 0.51468000 -0.85738200 0.00000000
vn 0.28595500 -0.95824300 0.00000000
vn 0.28595500 -0.95824300 0.00000000
vn -0.11329000 -0.99356200 0.00000000
vn -0.11329000 -0.99356200 0.00000000
vn -0.11329000 -0.99356200 0.00000000
vn -0.11329000 -0.99356200 0.00000000
vn -0.11329000 -0.99356200 0.00000000
vn -0.11329000 -0.99356200 0.00000000
vn -0.51231800 -0.85879600 0.00000000
vn -0.51235100 -0.85877600 0.00000000
vn -0.51235100 -0.85877600 0.00000000
vn -0.51235100 -0.85877600 0.00000000
vn -0.51231800 -0.85879600 0.00000000
vn -0.51231800 -0.85879600 0.00000000
vn -0.85558600 -0.51766000 0.00000000
vn -0.85556800 -0.51769000 0.00000000
vn -0.85556800 -0.51769000 0.00000000
vn -0.85556800 -0.51769000 0.00000000
vn -0.85558600 -0.51766000 0.00000000
vn -0.85558600 -0.51766000 0.00000000
vn -0.99885800 -0.04778400 0.00000000
vn -0.99885800 -0.04778800 0.00000000
vn -0.99885800 -0.04778400 0.00000000
vn -0.99885800 -0.04778400 0.00000000
vn -0.99885800 -0.04778800 0.00000000
vn -0.99885800 -0.04778800 0.00000000
vn -0.90292700 0.42979300 0.00000000
vn -0.90291600 0.42981700 0.00000000
vn -0.90291600 0.42981700 0.00000000
vn -0.90291600 0.42981700 0.00000000
vn -0.90292700 0.42979300 0.00000000
vn -0.90292700 0.42979300 0.00000000
vn -0.64974200 0.76015500 0.00000000
vn -0.65000300 0.75993200 0.00000000
vn -0.60650700 0.79507800 -0.00001100
vn -0.56086500 0.82790700 0.00000000
vn -0.51364800 0.85800100 0.00000000
vn -0.51364900 0.85800000 0.00000000
vn -0.86737900 -0.49764700 0.00000000
vn -0.78746900 -0.61635500 0.00000000
vn -0.82946700 -0.55855500 0.00000100
vn -0.78746900 -0.61635500 0.00000000
vn -0.90072700 -0.43438500 0.00000000
vn -0.90071300 -0.43441500 0.00000000
vn -0.99966500 -0.02586800 0.00000000
vn -0.99966300 -0.02597100 0.00000000
vn -0.99966500 -0.02586800 0.00000000
vn -0.99966500 -0.02586800 0.00000000
vn -0.99966300 -0.02597100 0.00000000
vn -0.99966300 -0.02597100 0.00000000
vn -0.90614500 0.42296600 0.00000000
vn -0.90612800 0.42300300 0.00000000
vn -0.90612800 0.42300300 0.00000000
vn -0.90614500 0.42296600 0.00000000
vn -0.90612800 0.42300300 0.00000000
vn -0.90614500 0.42296600 0.00000000
vn -0.59721100 0.80208400 0.00000000
vn -0.59716300 0.80212000 0.00000000
vn -0.59716300 0.80212000 0.00000000
vn -0.59716300 0.80212000 0.00000000
vn -0.59721100 0.80208400 0.00000000
vn -0.59721100 0.80208400 0.00000000
vn -0.15405500 0.98806200 0.00000000
vn -0.15404400 0.98806400 0.00000000
vn -0.15405500 0.98806200 0.00000000
vn -0.15405500 0.98806200 0.00000000
vn -0.15404400 0.98806400 0.00000000
vn -0.15404400 0.98806400 0.00000000
vn 0.31524800 0.94900900 0.00000000
vn 0.31494400 0.94911000 0.00000000
vn 0.31494400 0.94911000 0.00000000
vn 0.31494400 0.94911000 0.00000000
vn 0.31524800 0.94900900 0.00000000
vn 0.31524800 0.94900900 0.00000000
vn 0.69524500 0.71877300 0.00000000
vn 0.69490500 0.71910100 0.00000000
vn 0.75730000 0.65306700 -0.00002200
vn 0.81360000 0.58142500 0.00000000
vn 0.84014900 0.54235600 0.00000000
vn 0.84013400 0.54237900 0.00000000
vn 0.86297800 0.50524200 0.00000000
vn 0.79005200 0.61304000 0.00000000
vn 0.79005200 0.61304000 0.00000000
vn 0.79005900 0.61303100 0.00000000
vn 0.79005900 0.61303100 0.00000000
vn 0.79005200 0.61304000 0.00000000
vn -0.35420100 0.93516900 0.00001700
vn -0.51465700 0.85739600 0.00000000
vn -0.43643100 0.89973800 -0.00002100
vn -0.51465900 0.85739500 0.00000000
vn -0.16564300 0.98618600 -0.00001900
vn -0.05859600 0.99828200 -0.00000200
vn 0.15401200 0.98806900 0.00000000
vn 0.25940300 0.96576900 0.00000000
vn 0.36082400 0.93263400 0.00000000
vn 0.36050800 0.93275600 0.00000000
vn 0.75538500 0.65528100 0.00000000
vn 0.75537500 0.65529300 0.00000000
vn 0.75538500 0.65528100 0.00000000
vn 0.75537500 0.65529300 0.00000000
vn 0.75538500 0.65528100 0.00000000
vn 0.75537500 0.65529300 0.00000000
vn 0.97560100 0.21955000 0.00000000
vn 0.97560000 0.21955700 0.00000000
vn 0.97560100 0.21955000 0.00000000
vn 0.97560100 0.21955000 0.00000000
vn 0.97560000 0.21955700 0.00000000
vn 0.97560000 0.21955700 0.00000000
vn 0.96693900 -0.25500900 0.00000000
vn 0.96693700 -0.25501600 0.00000000
vn 0.96693900 -0.25500900 0.00000000
vn 0.96693900 -0.25500900 0.00000000
vn 0.96693700 -0.25501600 0.00000000
vn 0.96693700 -0.25501600 0.00000000
vn -0.34474800 -0.93869500 0.00002000
vn -0.20716900 -0.97830500 0.00000000
vn -0.26673500 -0.96377000 0.00000000
vn -0.22682500 -0.97393600 0.00000000
vn -0.42022400 -0.90742000 0.00000000
vn -0.42019200 -0.90743500 0.00000000
vn -0.52077100 -0.85369700 0.00000000
vn -0.52036100 -0.85394600 -0.00000100
vn -0.43350600 -0.90115100 0.00000000
vn -0.34123700 -0.93997700 0.00000000
vn -0.79593400 -0.60538300 0.00000000
vn -0.79616700 -0.60507700 0.00000000
vn -0.79593400 -0.60538300 0.00000000
vn -0.79616700 -0.60507700 0.00000000
vn -0.79593400 -0.60538300 0.00000000
vn -0.79616700 -0.60507700 0.00000000
vn -0.98532100 -0.17071000 0.00000000
vn -0.98526400 -0.17104000 -0.00000000
vn -0.99739400 -0.07215300 -0.00001800
vn -0.99960500 0.02810900 0.00002200
vn -0.98909100 0.14730900 -0.00000500
vn -0.98589400 0.16737000 0.00000000
vn -0.93902400 0.34385100 0.00000000
vn -0.96389400 0.26628700 0.00000000
vn -0.90815500 0.41863300 0.00000000
vn -0.90818600 0.41856700 0.00000000
vn -0.60919000 0.79302500 0.00000000
vn -0.60918200 0.79303100 0.00000000
vn -0.60919000 0.79302500 0.00000000
vn -0.60918200 0.79303100 0.00000000
vn -0.60919000 0.79302500 0.00000000
vn -0.60918200 0.79303100 0.00000000
vn -0.17666300 0.98427100 0.00000000
vn -0.17660500 0.98428200 0.00000000
vn -0.07712000 0.99702200 -0.00000500
vn -0.07697800 0.99703300 -0.00001000
vn -0.17665800 0.98427200 0.00000000
vn 0.12429000 0.99224600 0.00000000
vn 0.14543200 0.98936800 0.00000000
vn 0.16643300 0.98605300 -0.00000400
vn 0.34469900 0.93871300 -0.00000200
vn 0.26668900 0.96378300 0.00000000
vn 0.41981000 0.90761200 0.00000000
vn 0.41979500 0.90761900 0.00000000
vn 0.79610300 0.60516100 0.00000000
vn 0.79587700 0.60545800 0.00000000
vn 0.79587700 0.60545800 0.00000000
vn 0.79587700 0.60545800 0.00000000
vn 0.79610300 0.60516100 0.00000000
vn 0.79610300 0.60516100 0.00000000
vn 0.98524300 0.17116300 0.00000000
vn 0.98524300 0.17116300 0.00000000
vn 0.99737300 0.07244300 -0.00002400
vn 0.99961200 -0.02785500 0.00002400
vn 0.98910400 -0.14721500 -0.00000400
vn 0.98590900 -0.16728400 0.00000400
vn 0.93857100 -0.34508500 0.00000000
vn 0.96371900 -0.26691700 0.00000000
vn 0.90729600 -0.42049200 0.00000000
vn 0.90718100 -0.42074100 0.00000000
vn 0.60308700 -0.79767500 0.00000000
vn 0.60344800 -0.79740200 0.00000000
vn 0.60344800 -0.79740200 -0.00000000
vn 0.60344800 -0.79740200 0.00000000
vn 0.60308700 -0.79767500 0.00000000
vn 0.60308700 -0.79767500 0.00000000
vn 0.16873400 -0.98566200 0.00000000
vn 0.16873400 -0.98566200 0.00000000
vn 0.07030900 -0.99752500 0.00000000
vn -0.02960600 -0.99956200 0.00000000
vn -0.14806000 -0.98897800 -0.00000400
vn -0.16770200 -0.98583800 0.00000400
vn -0.34500500 -0.93860100 0.00001600
vn -0.26686000 -0.96373500 -0.00001600
vn -0.42070800 -0.90719600 0.00000000
vn -0.42026600 -0.90740100 0.00000000
vn -0.79723700 -0.60366700 0.00000000
vn -0.79728300 -0.60360500 0.00000000
vn -0.79728300 -0.60360500 0.00000000
vn -0.79723700 -0.60366700 0.00000000
vn -0.79728300 -0.60360500 0.00000000
vn -0.79723700 -0.60366700 0.00000000
vn -0.98577700 -0.16805800 0.00000000
vn -0.98576700 -0.16811900 0.00000000
vn -0.99755000 -0.06995700 -0.00000500
vn -0.99756000 -0.06981300 -0.00000900
vn -0.98577900 -0.16804800 0.00000000
vn -0.99173100 0.12833700 0.00000000
vn -0.98896200 0.14817100 -0.00000300
vn -0.98582300 0.16778600 0.00000500
vn -0.99969000 0.02488900 0.00000000
vn -0.99428500 0.10675500 0.00000000
vn -0.99840200 -0.05650300 0.00000000
vn -0.99838300 -0.05684200 0.00000000
vn -0.85508700 -0.51848400 0.00000000
vn -0.85526100 -0.51819700 0.00000000
vn -0.85508700 -0.51848400 0.00000000
vn -0.85508700 -0.51848400 0.00000000
vn -0.85526100 -0.51819700 0.00000000
vn -0.85526100 -0.51819700 0.00000000
vn 0.01989300 0.99980200 0.00000000
vn 0.18738400 0.98228700 0.00000000
vn 0.10432000 0.99454400 -0.00000700
vn 0.10427500 0.99454900 0.00000000
vn 0.15728600 0.98755300 0.00000200
vn 0.14721200 0.98910500 0.00000000
vn 0.14723000 0.98910200 -0.00002000
vn -0.06389800 0.99795600 0.00000000
vn -0.06411400 0.99794300 0.00000000
vn -0.17251800 0.98500600 0.00000000
vn -0.17222900 0.98505700 0.00000000
vn -0.07327900 0.99731200 0.00000000
vn -0.02298600 0.99973600 -0.00000200
vn 0.12705000 0.99189600 0.00000000
vn -0.47143200 0.88190300 0.00000000
vn -0.47143700 0.88190000 0.00000000
vn -0.56945500 0.82202300 0.00000000
vn -0.66101300 0.75037500 0.00000000
vn -0.81779800 0.57550600 0.00000000
vn -0.88186400 0.47150300 0.00000000
vn -0.93216300 0.36204000 0.00000000
vn -0.93216400 0.36203800 0.00000000
vn -0.99864200 -0.05209700 0.00000000
vn -0.99864200 -0.05209000 0.00000000
vn -0.99864200 -0.05209000 0.00000000
vn -0.99864200 -0.05209000 0.00000000
vn -0.99864200 -0.05209700 0.00000000
vn -0.99864200 -0.05209700 0.00000000
vn -0.85938400 -0.51133100 0.00000000
vn -0.85938900 -0.51132300 0.00000000
vn -0.85938400 -0.51133100 0.00000000
vn -0.85938400 -0.51133100 0.00000000
vn -0.85938900 -0.51132300 0.00000000
vn -0.85938900 -0.51132300 0.00000000
vn -0.52601000 -0.85047900 0.00000000
vn -0.52601200 -0.85047700 0.00000000
vn -0.43802900 -0.89896100 0.00000000
vn -0.34478100 -0.93868300 0.00000000
vn -0.14952000 -0.98875900 0.00000000
vn -0.04753600 -0.99887000 0.00000000
vn 0.05390400 -0.99854600 0.00000000
vn 0.05390400 -0.99854600 0.00000000
vn 0.51273900 -0.85854500 0.00000000
vn 0.51275900 -0.85853300 0.00000000
vn 0.51275900 -0.85853300 0.00000000
vn 0.51273900 -0.85854500 0.00000000
vn 0.51275900 -0.85853300 0.00000000
vn 0.51273900 -0.85854500 0.00000000
vn 0.84968400 -0.52729300 0.00000000
vn 0.84968500 -0.52729000 0.00000000
vn 0.89830200 -0.43937800 0.00000000
vn 0.93815400 -0.34621800 0.00000000
vn 0.98489200 -0.17317100 0.00000000
vn 0.99552800 -0.09446800 0.00000000
vn 0.99513000 0.09857500 0.00000000
vn 0.97708300 0.21285800 0.00000000
vn 0.95411500 0.29944100 0.00000000
vn 0.96123200 0.27573900 0.00000000
vn 0.96780600 0.25169600 0.00000000
vn 0.96778600 0.25177500 0.00000000
vn 0.97212000 -0.23448400 0.00000000
vn 0.97212100 -0.23447800 0.00000000
vn 0.97212100 -0.23447800 0.00000000
vn 0.97212000 -0.23448400 0.00000000
vn 0.97212100 -0.23447800 0.00000000
vn 0.97212000 -0.23448400 0.00000000
vn 0.75330100 -0.65767600 0.00000000
vn 0.75335400 -0.65761600 0.00000000
vn 0.68797900 -0.72573100 0.00000000
vn 0.61597100 -0.78776900 0.00000000
vn 0.52432400 -0.85151900 0.00000000
vn 0.50944800 -0.86050200 0.00000300
vn 0.34452000 -0.93877900 0.00000000
vn 0.42114000 -0.90699600 0.00000000
vn 0.26629600 -0.96389100 0.00000000
vn 0.26600400 -0.96397200 0.00000000
vn -0.21532900 -0.97654100 0.00000000
vn -0.21533500 -0.97654000 0.00000000
vn -0.21532900 -0.97654100 0.00000000
vn -0.21533500 -0.97654000 0.00000000
vn -0.21532900 -0.97654100 0.00000000
vn -0.21533500 -0.97654000 0.00000000
vn -0.64072500 -0.76777100 0.00000000
vn -0.64047400 -0.76798000 0.00000000
vn -0.71583900 -0.69826500 0.00000000
vn -0.78422200 -0.62048000 0.00000000
vn -0.88423800 -0.46703600 0.00000000
vn -0.91920600 -0.39377600 0.00000000
vn -0.97789500 -0.20909600 0.00000000
vn -0.99539000 -0.09591300 0.00000000
vn -0.99985200 0.01718500 0.00000000
vn -0.99985200 0.01718500 0.00000000
vn -0.91009400 0.41440200 0.00000000
vn -0.91009300 0.41440500 0.00000000
vn -0.91009400 0.41440200 0.00000000
vn -0.91009400 0.41440200 0.00000000
vn -0.91009300 0.41440500 0.00000000
vn -0.91009300 0.41440500 0.00000000
vn -0.61376000 0.78949300 0.00000000
vn -0.61376800 0.78948600 0.00000000
vn -0.61376800 0.78948600 0.00000000
vn -0.61376800 0.78948600 0.00000000
vn -0.61376000 0.78949300 0.00000000
vn -0.61376000 0.78949300 0.00000000
vn -0.17954000 0.98375100 0.00000000
vn -0.17954200 0.98375000 0.00000000
vn -0.07942500 0.99684100 -0.00000500
vn -0.07931000 0.99685000 -0.00001000
vn -0.17953400 0.98375200 0.00000000
vn 0.12330900 0.99236800 0.00000000
vn 0.22310500 0.97479400 -0.00002000
vn 0.32147200 0.94691900 0.00002000
vn 0.41558000 0.90955700 0.00000000
vn 0.41557900 0.90955700 0.00000000
vn 0.79003400 0.61306300 0.00000000
vn 0.79002000 0.61308100 0.00000000
vn 0.79003400 0.61306300 0.00000000
vn 0.79002000 0.61308100 0.00000000
vn 0.79003400 0.61306300 0.00000000
vn 0.79002000 0.61308100 0.00000000
vn 0.98337400 0.18159300 0.00000000
vn 0.98337400 0.18159100 0.00000000
vn 0.99668700 0.08133000 0.00000000
vn 0.99978400 -0.02077200 0.00001800
vn 0.97718200 -0.21240600 -0.00001800
vn 0.95329100 -0.30205200 0.00000000
vn 0.92144200 -0.38851500 0.00000000
vn 0.92144200 -0.38851600 0.00000000
vn 0.68307600 -0.73034700 0.00000000
vn 0.68309300 -0.73033100 0.00000000
vn 0.68309300 -0.73033100 0.00000000
vn 0.68309300 -0.73033100 0.00000000
vn 0.68307600 -0.73034700 0.00000000
vn 0.68307600 -0.73034700 0.00000000
vn 0.29332000 -0.95601400 0.00000000
vn 0.29332100 -0.95601400 0.00000000
vn 0.17644700 -0.98431000 0.00000000
vn 0.05530200 -0.99847000 0.00000000
vn -0.10595500 -0.99437100 0.00000000
vn -0.14682300 -0.98916300 0.00000000
vn -0.34455800 -0.93876500 -0.00000200
vn -0.26662500 -0.96380000 0.00000000
vn -0.41976500 -0.90763300 0.00000000
vn -0.41969800 -0.90766400 0.00000000
vn -0.79562300 -0.60579200 0.00000000
vn -0.79548300 -0.60597500 0.00000000
vn -0.79548300 -0.60597500 0.00000000
vn -0.79562300 -0.60579200 0.00000000
vn -0.79548300 -0.60597500 0.00000000
vn -0.79562300 -0.60579200 0.00000000
vn -0.98513900 -0.17175800 0.00000000
vn -0.98513300 -0.17179400 0.00000000
vn -0.99732500 -0.07309600 0.00000000
vn -0.99962800 0.02728200 0.00001900
vn -0.98916200 0.14682500 -0.00000500
vn -0.98593200 0.16714700 0.00000400
vn -0.93877600 0.34452800 -0.00000200
vn -0.96380200 0.26661900 0.00000000
vn -0.90766100 0.41970500 0.00000000
vn -0.90785800 0.41927900 0.00000000
vn -0.60590800 0.79553400 0.00000000
vn -0.60603500 0.79543800 0.00000000
vn -0.60603500 0.79543800 0.00000000
vn -0.60590800 0.79553400 0.00000000
vn -0.60603500 0.79543800 0.00000000
vn -0.60590800 0.79553400 0.00000000
vn 0.00000000 0.00000000 -1.00000000
vn 0.00000000 0.00000000 -1.00000000
vn -0.00000300 0.00000000 -1.00000000
vn 0.00000500 -0.00000000 -1.00000000
vn 0.00000000 0.00000000 -1.00000000
vn 0.00004800 -0.00000500 -1.00000000
vn -0.00000300 0.00000000 -1.00000000
vn -0.00000200 0.00000000 -1.00000000
vn 0.00011000 -0.00001100 -1.00000000
vn 0.00000600 -0.00000100 -1.00000000
vn 0.00001100 -0.00000100 -1.00000000
vn -0.00009800 0.00001000 -1.00000000
vn 0.00001500 -0.00000100 -1.00000000
vn -0.00000300 0.00000000 -1.00000000
vn 0.00000000 0.00000000 -1.00000000
vn 0.00000000 0.00000000 -1.00000000
vn 0.00000400 -0.00000000 -1.00000000
vn -0.00000500 0.00000100 -1.00000000
vn 0.00000000 0.00000000 -1.00000000
vn -0.00004200 0.00000400 -1.00000000
vn 0.00001800 -0.00000200 -1.00000000
vn -0.00000100 0.00000000 -1.00000000
vn 0.00000400 -0.00000000 -1.00000000
vn -0.00001300 0.00000100 -1.00000000
vn -0.00005200 0.00000500 -1.00000000
vn 0.00021300 -0.00002200 -1.00000000
vn -0.00001600 0.00000200 -1.00000000
vn -0.00000300 0.00000000 -1.00000000
vn -0.00000400 0.00000000 -1.00000000
vn 0.00015700 -0.00001600 -1.00000000
vn -0.00024200 0.00002500 -1.00000000
vn 0.00015700 -0.00001600 -1.00000000
vn 0.00000300 -0.00000000 -1.00000000
vn 0.00000000 0.00000000 -1.00000000
vn 0.00000100 -0.00000000 -1.00000000
vn 0.00000000 0.00000000 -1.00000000
vn 0.00000500 -0.00000000 -1.00000000
vn 0.00000300 -0.00000000 -1.00000000
vn 0.00015700 -0.00001600 -1.00000000
vn 0.00000100 -0.00000000 -1.00000000
vn -0.00007200 0.00000700 -1.00000000
vn -0.00024200 0.00002500 -1.00000000
vn -0.00000500 0.00000000 -1.00000000
vn 0.00006400 -0.00000600 -1.00000000
vn -0.00002000 0.00000200 -1.00000000
vn -0.00000600 0.00000100 -1.00000000
vn 0.00000200 -0.00000000 -1.00000000
vn 0.00010300 -0.00001000 -1.00000000
vn 0.00000700 -0.00000100 -1.00000000
vn -0.00003200 0.00000300 -1.00000000
vn 0.00005800 -0.00000600 -1.00000000
vn -0.00000900 0.00000100 -1.00000000
vn -0.00010200 0.00001000 -1.00000000
vn 0.00000000 0.00000000 -1.00000000
vn 0.00000000 0.00000000 -1.00000000
vn -0.00007600 0.00000800 -1.00000000
vn 0.00000800 -0.00000100 -1.00000000
vn -0.00014600 0.00001500 -1.00000000
vn -0.00010200 0.00001000 -1.00000000
vn 0.00000100 -0.00000000 -1.00000000
vn 0.00000000 0.00000000 -1.00000000
vn 0.00012700 -0.00001300 -1.00000000
vn 0.00012700 -0.00001300 -1.00000000
vn -0.00010200 0.00001000 -1.00000000
vn 0.00002800 -0.00000300 -1.00000000
vn -0.00000600 0.00000100 -1.00000000
vn -0.00000100 0.00000000 -1.00000000
vn 0.00000000 0.00000000 -1.00000000
vn -0.00003000 0.00000300 -1.00000000
vn -0.00011100 0.00001100 -1.00000000
vn -0.00001200 0.00000100 -1.00000000
vn -0.00013900 0.00001400 -1.00000000
vn 0.00000600 -0.00000100 -1.00000000
vn -0.00003000 0.00000300 -1.00000000
vn -0.00001200 0.00000100 -1.00000000
vn -0.00001200 0.00000100 -1.00000000
vn 0.00000000 0.00000000 -1.00000000
vn 0.00000100 -0.00000000 -1.00000000
vn 0.00012700 -0.00001300 -1.00000000
vn 0.00000100 -0.00000000 -1.00000000
vn -0.00000700 0.00000100 -1.00000000
vn -0.00000300 0.00000000 -1.00000000
vn 0.00000000 0.00000000 -1.00000000
vn 0.00000500 -0.00000000 -1.00000000
vn 0.00000000 0.00000000 -1.00000000
vn -0.00000300 0.00000000 -1.00000000
vn 0.00000300 -0.00000000 -1.00000000
vn -0.00000300 0.00000000 -1.00000000
vn -0.00000700 0.00000100 -1.00000000
vn -0.00000700 0.00000100 -1.00000000
vn 0.00003500 -0.00000400 -1.00000000
vn 0.00000000 0.00000000 -1.00000000
vn -0.00000600 0.00000100 -1.00000000
vn -0.00004200 0.00000400 -1.00000000
vn 0.00003500 -0.00000400 -1.00000000
vn 0.00000600 -0.00000100 -1.00000000
vn 0.00000300 -0.00000000 -1.00000000
vn -0.00000600 0.00000100 -1.00000000
vn 0.00003500 -0.00000400 -1.00000000
vn -0.00011100 0.00001100 -1.00000000
vn -0.00011100 0.00001100 -1.00000000
vn -0.00003000 0.00000300 -1.00000000
vn -0.00024200 0.00002500 -1.00000000
vn -0.00007200 0.00000700 -1.00000000
vn -0.00013900 0.00001400 -1.00000000
vn 0.00000000 0.00000000 -1.00000000
vn 0.00007900 -0.00000800 -1.00000000
vn -0.00013900 0.00001400 -1.00000000
vn -0.00000500 0.00000000 -1.00000000
vn 0.00000100 -0.00000000 -1.00000000
vn 0.00000000 0.00000000 -1.00000000
vn 0.00000200 -0.00000000 -1.00000000
vn 0.00007900 -0.00000800 -1.00000000
vn -0.00013900 0.00001400 -1.00000000
vn 0.00000700 -0.00000100 -1.00000000
vn 0.00000200 -0.00000000 -1.00000000
vn 0.00000200 -0.00000000 -1.00000000
vn 0.00007900 -0.00000800 -1.00000000
vn -0.00000500 0.00000000 -1.00000000
vn 0.00000100 -0.00000000 -1.00000000
vn -0.00007200 0.00000700 -1.00000000
vn 0.00000100 -0.00000000 -1.00000000
vn -0.00000300 0.00000000 -1.00000000
vn 0.00000000 0.00000000 -1.00000000
vn -0.00000300 0.00000000 -1.00000000
vn 0.00000300 -0.00000000 -1.00000000
vn 0.00000000 0.00000000 -1.00000000
vn -0.00000300 0.00000000 -1.00000000
vn 0.00000300 -0.00000000 -1.00000000
vn 0.00000300 -0.00000000 -1.00000000
vn 0.00027600 -0.00002800 -1.00000000
vn 0.00000700 -0.00000100 -1.00000000
vn 0.00000100 -0.00000000 -1.00000000
vn 0.00000000 0.00000000 -1.00000000
vn 0.00027600 -0.00002800 -1.00000000
vn 0.00000000 0.00000000 -1.00000000
vn 0.00027600 -0.00002800 -1.00000000
vn 0.00000700 -0.00000100 -1.00000000
vn -0.00001600 0.00000200 -1.00000000
vn 0.00000000 0.00000000 -1.00000000
vn 0.00000000 0.00000000 -1.00000000
vn -0.00001800 0.00000200 -1.00000000
vn 0.00001100 -0.00000100 -1.00000000
vn 0.00000000 0.00000000 -1.00000000
vn 0.00000500 -0.00000100 -1.00000000
vn 0.00000000 0.00000000 -1.00000000
vn 0.00021300 -0.00002200 -1.00000000
vn -0.00001800 0.00000200 -1.00000000
vn -0.00001300 0.00000100 -1.00000000
vn -0.00004000 0.00000400 -1.00000000
vn 0.00001300 -0.00000100 -1.00000000
vn 0.00000500 -0.00000100 -1.00000000
vn 0.00001100 -0.00000100 -1.00000000
vn 0.00000500 -0.00000100 -1.00000000
vn -0.00004000 0.00000400 -1.00000000
vn 0.00001100 -0.00000100 -1.00000000
vn 0.00000000 0.00000000 -1.00000000
vn -0.00004200 0.00000400 -1.00000000
vn 0.00021300 -0.00002200 -1.00000000
vn -0.00005200 0.00000500 -1.00000000
vn -0.00004200 0.00000400 -1.00000000
vn -0.00001600 0.00000200 -1.00000000
vn -0.00005200 0.00000500 -1.00000000
vn 0.00001000 -0.00000100 -1.00000000
vn 0.00000000 0.00000000 -1.00000000
vn 0.00000000 0.00000000 -1.00000000
vn 0.00002800 -0.00000300 -1.00000000
vn 0.00003900 -0.00000400 -1.00000000
vn 0.00000200 -0.00000000 -1.00000000
vn 0.00001100 -0.00000100 -1.00000000
vn -0.00002000 0.00000200 -1.00000000
vn 0.00002800 -0.00000300 -1.00000000
vn -0.00000400 0.00000000 -1.00000000
vn -0.00018300 0.00001900 -1.00000000
vn 0.00000000 0.00000000 -1.00000000
vn -0.00000300 0.00000000 -1.00000000
vn -0.00000200 0.00000000 -1.00000000
vn -0.00000300 0.00000000 -1.00000000
vn 0.00000900 -0.00000100 -1.00000000
vn 0.00002800 -0.00000300 -1.00000000
vn -0.00000400 0.00000000 -1.00000000
vn -0.00000400 0.00000000 -1.00000000
vn -0.00002000 0.00000200 -1.00000000
vn 0.00000000 0.00000000 -1.00000000
vn 0.00000600 -0.00000100 -1.00000000
vn 0.00001200 -0.00000100 -1.00000000
vn 0.00000000 0.00000000 -1.00000000
vn 0.00000600 -0.00000100 -1.00000000
vn 0.00001200 -0.00000100 -1.00000000
vn 0.00001400 -0.00000100 -1.00000000
vn 0.00000600 -0.00000100 -1.00000000
vn -0.00001700 0.00000200 -1.00000000
vn 0.00001200 -0.00000100 -1.00000000
vn -0.00001700 0.00000200 -1.00000000
vn 0.00000000 0.00000000 -1.00000000
vn -0.00002200 0.00000200 -1.00000000
vn -0.00000200 0.00000000 -1.00000000
vn -0.00001700 0.00000200 -1.00000000
vn 0.00001400 -0.00000100 -1.00000000
vn -0.00018300 0.00001900 -1.00000000
vn -0.00002000 0.00000200 -1.00000000
vn -0.00002200 0.00000200 -1.00000000
vn -0.00018300 0.00001900 -1.00000000
vn -0.00000200 0.00000000 -1.00000000
vn -0.00002200 0.00000200 -1.00000000
vn 0.00001400 -0.00000100 -1.00000000
vn 0.00000000 0.00000000 -1.00000000
vn -0.00000300 0.00000000 -1.00000000
vn -0.00000300 0.00000000 -1.00000000
vn 0.00003900 -0.00000400 -1.00000000
vn 0.00003900 -0.00000400 -1.00000000
vn 0.00000000 0.00000000 -1.00000000
vn -0.00001800 0.00000200 -1.00000000
vn 0.00000000 0.00000000 -1.00000000
vn 0.00000000 0.00000000 -1.00000000
vn -0.00014700 0.00001500 -1.00000000
vn 0.00000000 0.00000000 -1.00000000
vn -0.00014700 0.00001500 -1.00000000
vn 0.00000000 0.00000000 -1.00000000
vn 0.00002300 -0.00000200 -1.00000000
vn -0.00001300 0.00000100 -1.00000000
vn -0.00014700 0.00001500 -1.00000000
vn 0.00001300 -0.00000100 -1.00000000
vn 0.00002300 -0.00000200 -1.00000000
vn 0.00000000 0.00000000 -1.00000000
vn 0.00002300 -0.00000200 -1.00000000
vn -0.00007400 0.00000800 -1.00000000
vn 0.00000000 0.00000000 -1.00000000
vn 0.00011500 -0.00001200 -1.00000000
vn 0.00000000 0.00000000 -1.00000000
vn 0.00000000 0.00000000 -1.00000000
vn 0.00011500 -0.00001200 -1.00000000
vn 0.00011500 -0.00001200 -1.00000000
vn 0.00000000 0.00000000 -1.00000000
vn -0.00007300 0.00000700 -1.00000000
vn -0.00001300 0.00000100 -1.00000000
vn -0.00007300 0.00000700 -1.00000000
vn 0.00000000 0.00000000 -1.00000000
vn -0.00004000 0.00000400 -1.00000000
vn 0.00001300 -0.00000100 -1.00000000
vn -0.00012900 0.00001300 -1.00000000
vn -0.00013000 0.00001300 -1.00000000
vn 0.00000000 0.00000000 -1.00000000
vn 0.00000000 0.00000000 -1.00000000
vn -0.00012900 0.00001300 -1.00000000
vn -0.00002300 0.00000200 -1.00000000
vn 0.00000000 0.00000000 -1.00000000
vn 0.00001900 -0.00000200 -1.00000000
vn 0.00000000 0.00000000 -1.00000000
vn -0.00002300 0.00000200 -1.00000000
vn 0.00000000 0.00000000 -1.00000000
vn -0.00002300 0.00000200 -1.00000000
vn 0.00011500 -0.00001200 -1.00000000
vn 0.00001900 -0.00000200 -1.00000000
vn 0.00000000 0.00000000 -1.00000000
vn 0.00011500 -0.00001200 -1.00000000
vn 0.00000000 0.00000000 -1.00000000
vn 0.00000000 0.00000000 -1.00000000
vn 0.00011500 -0.00001200 -1.00000000
vn 0.00001900 -0.00000200 -1.00000000
vn 0.00000000 0.00000000 -1.00000000
vn 0.00000000 0.00000000 -1.00000000
vn -0.00009700 0.00001000 -1.00000000
vn -0.00009800 0.00001000 -1.00000000
vn 0.00000000 0.00000000 -1.00000000
vn 0.00025200 -0.00002600 -1.00000000
vn -0.00000100 0.00000000 -1.00000000
vn -0.00020900 0.00002100 -1.00000000
vn 0.00003800 -0.00000400 -1.00000000
vn -0.00000300 0.00000000 -1.00000000
vn 0.00000300 -0.00000000 -1.00000000
vn 0.00007100 -0.00000700 -1.00000000
vn -0.00009600 0.00001000 -1.00000000
vn 0.00004400 -0.00000400 -1.00000000
vn -0.00000300 0.00000000 -1.00000000
vn 0.00000600 -0.00000100 -1.00000000
vn 0.00000000 0.00000000 -1.00000000
vn 0.00007100 -0.00000700 -1.00000000
vn -0.00009700 0.00001000 -1.00000000
vn 0.00000000 0.00000000 -1.00000000
vn 0.00000200 -0.00000000 -1.00000000
vn 0.00000000 0.00000000 -1.00000000
vn 0.00001000 -0.00000100 -1.00000000
vn 0.00000000 0.00000000 -1.00000000
vn 0.00000200 -0.00000000 -1.00000000
vn 0.00000200 -0.00000000 -1.00000000
vn 0.00000000 0.00000000 -1.00000000
vn 0.00025200 -0.00002600 -1.00000000
vn -0.00009600 0.00001000 -1.00000000
vn -0.00009600 0.00001000 -1.00000000
vn 0.00004400 -0.00000400 -1.00000000
vn 0.00007100 -0.00000700 -1.00000000
vn 0.00004400 -0.00000400 -1.00000000
vn -0.00009800 0.00001000 -1.00000000
vn 0.00004800 -0.00000500 -1.00000000
vn 0.00001100 -0.00000100 -1.00000000
vn -0.00009800 0.00001000 -1.00000000
vn -0.00000300 0.00000000 -1.00000000
vn 0.00000600 -0.00000100 -1.00000000
vn 0.00001100 -0.00000100 -1.00000000
vn 0.00025200 -0.00002600 -1.00000000
vn -0.00000300 0.00000000 -1.00000000
vn 0.00001100 -0.00000100 -1.00000000
vn 0.00000000 0.00000000 -1.00000000
vn -0.00000300 0.00000000 -1.00000000
vn 0.00001100 -0.00000100 -1.00000000
vn 0.00000000 0.00000000 -1.00000000
vn 0.00000000 0.00000000 -1.00000000
vn 0.00004800 -0.00000500 -1.00000000
vn 0.00001100 -0.00000100 -1.00000000
vn 0.00000000 0.00000000 -1.00000000
vn 0.00000600 -0.00000100 -1.00000000
vn 0.00000000 0.00000000 -1.00000000
vn 0.00001400 -0.00000100 -1.00000000
vn 0.00000000 0.00000000 -1.00000000
vn -0.00000200 0.00000000 -1.00000000
vn 0.00000600 -0.00000100 -1.00000000
vn 0.00000000 0.00000000 -1.00000000
vn 0.00001400 -0.00000100 -1.00000000
vn 0.00001400 -0.00000100 -1.00000000
vn -0.00000800 0.00000100 -1.00000000
vn 0.00000800 -0.00000100 -1.00000000
vn 0.00000000 0.00000000 -1.00000000
vn 0.00002600 -0.00000300 -1.00000000
vn 0.00000100 -0.00000000 -1.00000000
vn 0.00001400 -0.00000100 -1.00000000
vn 0.00001300 -0.00000100 -1.00000000
vn 0.00000000 0.00000000 -1.00000000
vn 0.00000000 0.00000000 -1.00000000
vn 0.00000200 -0.00000000 -1.00000000
vn 0.00010200 -0.00001000 -1.00000000
vn 0.00000200 -0.00000000 -1.00000000
vn 0.00024200 -0.00002500 -1.00000000
vn -0.00003700 0.00000400 -1.00000000
vn 0.00000000 0.00000000 -1.00000000
vn -0.00006700 0.00000700 -1.00000000
vn 0.00000100 -0.00000000 -1.00000000
vn 0.00022400 -0.00002300 -1.00000000
vn -0.00000400 0.00000000 -1.00000000
vn 0.00000500 -0.00000100 -1.00000000
vn -0.00000600 0.00000100 -1.00000000
vn 0.00008300 -0.00000800 -1.00000000
vn 0.00007100 -0.00000700 -1.00000000
vn 0.00000000 0.00000000 -1.00000000
vn 0.00001400 -0.00000100 -1.00000000
vn -0.00000800 0.00000100 -1.00000000
vn 0.00001400 -0.00000100 -1.00000000
vn 0.00000000 0.00000000 -1.00000000
vn -0.00000800 0.00000100 -1.00000000
vn 0.00000000 0.00000000 -1.00000000
vn -0.00002400 0.00000200 -1.00000000
vn 0.00000000 0.00000000 -1.00000000
vn 0.00000000 0.00000000 -1.00000000
vn 0.00000000 0.00000000 -1.00000000
vn -0.00000200 0.00000000 -1.00000000
vn 0.00000000 0.00000000 -1.00000000
vn 0.00000000 0.00000000 -1.00000000
vn 0.00001500 -0.00000100 -1.00000000
vn 0.00001500 -0.00000100 -1.00000000
vn 0.00000000 0.00000000 -1.00000000
vn 0.00000000 0.00000000 -1.00000000
vn 0.00003800 -0.00000400 -1.00000000
vn 0.00003000 -0.00000300 -1.00000000
vn -0.00000100 0.00000000 -1.00000000
vn 0.00003800 -0.00000400 -1.00000000
vn 0.00000000 0.00000000 -1.00000000
vn 0.00000000 0.00000000 -1.00000000
vn 0.00000300 -0.00000000 -1.00000000
vn -0.00000300 0.00000000 -1.00000000
vn 0.00000300 -0.00000000 -1.00000000
vn 0.00011000 -0.00001100 -1.00000000
vn 0.00011000 -0.00001100 -1.00000000
vn -0.00000200 0.00000000 -1.00000000
vn 0.00000000 0.00000000 -1.00000000
vn 0.00000000 0.00000000 -1.00000000
vn 0.00000000 0.00000000 -1.00000000
vn -0.00008900 0.00000900 -1.00000000
vn 0.00003000 -0.00000300 -1.00000000
vn -0.00008900 0.00000900 -1.00000000
vn 0.00000000 0.00000000 -1.00000000
vn 0.00003000 -0.00000300 -1.00000000
vn -0.00008900 0.00000900 -1.00000000
vn 0.00000000 0.00000000 -1.00000000
vn -0.00020900 0.00002100 -1.00000000
vn -0.00000100 0.00000000 -1.00000000
vn 0.00000000 0.00000000 -1.00000000
vn -0.00009700 0.00001000 -1.00000000
vn -0.00020900 0.00002100 -1.00000000
vn -0.00009700 0.00001000 -1.00000000
vn 0.00000300 -0.00000000 -1.00000000
vn 0.00000000 0.00000000 -1.00000000
vn 0.00000000 0.00000000 -1.00000000
vn -0.00009800 0.00001000 -1.00000000
vn -0.00009700 0.00001000 -1.00000000
vn -0.00009700 0.00001000 -1.00000000
vn -0.00009800 0.00001000 -1.00000000
vn 0.00000000 0.00000000 -1.00000000
vn -0.00014600 0.00001500 -1.00000000
vn -0.00007600 0.00000800 -1.00000000
vn -0.00014600 0.00001500 -1.00000000
vn 0.00000000 0.00000000 -1.00000000
vn -0.00013900 0.00001400 -1.00000000
vn 0.00000000 0.00000000 -1.00000000
vn 0.00002800 -0.00000300 -1.00000000
vn 0.00002800 -0.00000300 -1.00000000
vn -0.00004200 0.00000400 -1.00000000
vn 0.00000600 -0.00000100 -1.00000000
vn -0.00004200 0.00000400 -1.00000000
vn 0.00000300 -0.00000000 -1.00000000
vn 0.00000800 -0.00000100 -1.00000000
vn -0.00007600 0.00000800 -1.00000000
vn -0.00000100 0.00000000 -1.00000000
vn 0.00000000 0.00000000 -1.00000000
vn 0.00000800 -0.00000100 -1.00000000
vn -0.00000100 0.00000000 -1.00000000
vn -0.00013900 0.00001400 -1.00000000
vn 0.00000500 -0.00000000 -1.00000000
vn 0.00000000 0.00000000 -1.00000000
vn 0.00000000 0.00000000 -1.00000000
vn 0.00000500 -0.00000000 -1.00000000
vn 0.00000000 0.00000000 -1.00000000
vn 0.00000100 -0.00000000 -1.00000000
vn 0.00000000 0.00000000 -1.00000000
vn -0.00000400 0.00000000 -1.00000000
vn 0.00008000 -0.00000800 -1.00000000
vn -0.00021400 0.00002200 -1.00000000
vn 0.00000100 -0.00000000 -1.00000000
vn 0.00000100 -0.00000000 -1.00000000
vn -0.00001400 0.00000100 -1.00000000
vn 0.00000000 0.00000000 -1.00000000
vn 0.00000000 0.00000000 -1.00000000
vn -0.00001400 0.00000100 -1.00000000
vn -0.00001400 0.00000100 -1.00000000
vn 0.00000000 0.00000000 -1.00000000
vn 0.00001400 -0.00000100 -1.00000000
vn 0.00000000 0.00000000 -1.00000000
vn 0.00002600 -0.00000300 -1.00000000
vn 0.00002600 -0.00000300 -1.00000000
vn 0.00000000 0.00000000 -1.00000000
vn 0.00000000 0.00000000 -1.00000000
vn -0.00018500 0.00001900 -1.00000000
vn 0.00000000 0.00000000 -1.00000000
vn 0.00000000 0.00000000 -1.00000000
vn -0.00001900 0.00000200 -1.00000000
vn 0.00000800 -0.00000100 -1.00000000
vn 0.00000000 0.00000000 -1.00000000
vn 0.00000800 -0.00000100 -1.00000000
vn 0.00000100 -0.00000000 -1.00000000
vn 0.00000000 0.00000000 -1.00000000
vn 0.00000100 -0.00000000 -1.00000000
vn -0.00021400 0.00002200 -1.00000000
vn -0.00012300 0.00001200 -1.00000000
vn 0.00000000 0.00000000 -1.00000000
vn -0.00000400 0.00000000 -1.00000000
vn 0.00000100 -0.00000000 -1.00000000
vn 0.00000000 0.00000000 -1.00000000
vn 0.00001000 -0.00000100 -1.00000000
vn -0.00012300 0.00001200 -1.00000000
vn -0.00000400 0.00000000 -1.00000000
vn 0.00008600 -0.00000900 -1.00000000
vn -0.00000400 0.00000000 -1.00000000
vn 0.00008000 -0.00000800 -1.00000000
vn 0.00008000 -0.00000800 -1.00000000
vn 0.00000000 0.00000000 -1.00000000
vn -0.00021400 0.00002200 -1.00000000
vn 0.00000000 0.00000000 -1.00000000
vn 0.00007100 -0.00000700 -1.00000000
vn -0.00003700 0.00000400 -1.00000000
vn -0.00003700 0.00000400 -1.00000000
vn 0.00022400 -0.00002300 -1.00000000
vn 0.00022400 -0.00002300 -1.00000000
vn 0.00008400 -0.00000800 -1.00000000
vn 0.00000000 0.00000000 -1.00000000
vn -0.00018500 0.00001900 -1.00000000
vn 0.00008600 -0.00000900 -1.00000000
vn -0.00012300 0.00001200 -1.00000000
vn 0.00008600 -0.00000900 -1.00000000
vn 0.00000000 0.00000000 -1.00000000
vn 0.00007100 -0.00000700 -1.00000000
vn 0.00000000 0.00000000 -1.00000000
vn 0.00008200 -0.00000800 -1.00000000
vn 0.00010200 -0.00001000 -1.00000000
vn 0.00010200 -0.00001000 -1.00000000
vn -0.00006700 0.00000700 -1.00000000
vn -0.00006700 0.00000700 -1.00000000
vn 0.00000000 0.00000000 -1.00000000
vn -0.00018500 0.00001900 -1.00000000
vn 0.00000000 0.00000000 -1.00000000
vn 0.00001400 -0.00000100 -1.00000000
vn 0.00000000 0.00000000 -1.00000000
vn 0.00000000 0.00000000 -1.00000000
vn 0.00015400 -0.00001600 -1.00000000
vn 0.00015400 -0.00001600 -1.00000000
vn 0.00000200 -0.00000000 -1.00000000
vn 0.00000000 0.00000000 -1.00000000
vn 0.00015400 -0.00001600 -1.00000000
vn 0.00000000 0.00000000 -1.00000000
vn 0.00000000 0.00000000 -1.00000000
vn -0.00001900 0.00000200 -1.00000000
vn 0.00000200 -0.00000000 -1.00000000
vn 0.00000000 0.00000000 -1.00000000
vn -0.00001900 0.00000200 -1.00000000
vn 0.00000200 -0.00000000 -1.00000000
vn 0.00000000 0.00000000 -1.00000000
vn 0.00000000 0.00000000 -1.00000000
vn 0.00000000 0.00000000 -1.00000000
vn 0.00000500 -0.00000000 -1.00000000
vn 0.00000100 -0.00000000 -1.00000000
vn 0.00000000 0.00000000 -1.00000000
vn -0.00000400 0.00000000 -1.00000000
vn 0.00000000 0.00000000 -1.00000000
vn 0.00000000 0.00000000 -1.00000000
vn 0.00000000 0.00000000 -1.00000000
vn 0.00010700 -0.00001100 -1.00000000
vn -0.00000300 0.00000000 -1.00000000
vn 0.00000000 0.00000000 -1.00000000
vn 0.00004500 -0.00000500 -1.00000000
vn -0.00001200 0.00000100 -1.00000000
vn 0.00001600 -0.00000200 -1.00000000
vn 0.00000000 0.00000000 -1.00000000
vn -0.00000200 0.00000000 -1.00000000
vn 0.00005100 -0.00000500 -1.00000000
vn 0.00001600 -0.00000200 -1.00000000
vn 0.00000000 0.00000000 -1.00000000
vn 0.00001600 -0.00000200 -1.00000000
vn 0.00000000 0.00000000 -1.00000000
vn 0.00000000 0.00000000 -1.00000000
vn -0.00000200 0.00000000 -1.00000000
vn 0.00001100 -0.00000100 -1.00000000
vn 0.00000000 0.00000000 -1.00000000
vn -0.00000100 0.00000000 -1.00000000
vn -0.00005200 0.00000500 -1.00000000
vn 0.00000000 0.00000000 -1.00000000
vn 0.00000200 -0.00000000 -1.00000000
vn 0.00000000 0.00000000 -1.00000000
vn -0.00000600 0.00000100 -1.00000000
vn 0.00000000 0.00000000 -1.00000000
vn -0.00000600 0.00000100 -1.00000000
vn 0.00000500 -0.00000100 -1.00000000
vn 0.00000500 -0.00000100 -1.00000000
vn -0.00000400 0.00000000 -1.00000000
vn 0.00001000 -0.00000100 -1.00000000
vn 0.00001000 -0.00000100 -1.00000000
vn -0.00000400 0.00000000 -1.00000000
vn -0.00000400 0.00000000 -1.00000000
vn 0.00000000 0.00000000 -1.00000000
vn 0.00000000 0.00000000 -1.00000000
vn -0.00010400 0.00001100 -1.00000000
vn -0.00000600 0.00000100 -1.00000000
vn 0.00002700 -0.00000300 -1.00000000
vn 0.00006400 -0.00000600 -1.00000000
vn 0.00000000 0.00000000 -1.00000000
vn -0.00010400 0.00001100 -1.00000000
vn 0.00002700 -0.00000300 -1.00000000
vn -0.00000600 0.00000100 -1.00000000
vn -0.00010400 0.00001100 -1.00000000
vn 0.00000000 0.00000000 -1.00000000
vn 0.00000000 0.00000000 -1.00000000
vn 0.00000000 0.00000000 -1.00000000
vn -0.00000100 0.00000000 -1.00000000
vn 0.00000000 0.00000000 -1.00000000
vn -0.00005200 0.00000500 -1.00000000
vn -0.00000100 0.00000000 -1.00000000
vn 0.00005100 -0.00000500 -1.00000000
vn 0.00001100 -0.00000100 -1.00000000
vn 0.00005100 -0.00000500 -1.00000000
vn -0.00000200 0.00000000 -1.00000000
vn 0.00001100 -0.00000100 -1.00000000
vn -0.00005200 0.00000500 -1.00000000
vn 0.00000000 0.00000000 -1.00000000
vn -0.00001200 0.00000100 -1.00000000
vn 0.00000000 0.00000000 -1.00000000
vn -0.00000600 0.00000100 -1.00000000
vn 0.00004500 -0.00000500 -1.00000000
vn -0.00001200 0.00000100 -1.00000000
vn -0.00000600 0.00000100 -1.00000000
vn 0.00000000 0.00000000 -1.00000000
vn 0.00004500 -0.00000500 -1.00000000
vn -0.00000300 0.00000000 -1.00000000
vn 0.00000000 0.00000000 -1.00000000
vn 0.00000000 0.00000000 -1.00000000
vn -0.00000900 0.00000100 -1.00000000
vn 0.00005800 -0.00000600 -1.00000000
vn 0.00000000 0.00000000 -1.00000000
vn 0.00006400 -0.00000600 -1.00000000
vn 0.00005800 -0.00000600 -1.00000000
vn 0.00000000 0.00000000 -1.00000000
vn 0.00010700 -0.00001100 -1.00000000
vn 0.00000000 0.00000000 -1.00000000
vn 0.00010700 -0.00001100 -1.00000000
vn -0.00000300 0.00000000 -1.00000000
vn 0.00000000 0.00000000 -1.00000000
vn 0.00000000 0.00000000 -1.00000000
vn -0.00002000 0.00000200 -1.00000000
vn -0.00002000 0.00000200 -1.00000000
vn -0.00000900 0.00000100 -1.00000000
vn 0.00000000 0.00000000 -1.00000000
vn 0.00000700 -0.00000100 -1.00000000
vn -0.00003200 0.00000300 -1.00000000
vn 0.00000000 0.00000000 -1.00000000
vn 0.00000200 -0.00000000 -1.00000000
vn -0.00003200 0.00000300 -1.00000000
vn 0.00000200 -0.00000000 -1.00000000
vn 0.00000200 -0.00000000 -1.00000000
vn 0.00000200 -0.00000000 -1.00000000
vn 0.00000000 0.00000000 -1.00000000
vn 0.00000000 0.00000000 -1.00000000
vn 0.00024200 -0.00002500 -1.00000000
vn 0.00024200 -0.00002500 -1.00000000
vn 0.00000000 0.00000000 -1.00000000
vn 0.00000000 0.00000000 -1.00000000
vn 0.00002700 -0.00000300 -1.00000000
vn -0.00000600 0.00000100 -1.00000000
vn 0.00010300 -0.00001000 -1.00000000
vn 0.00000000 0.00000000 -1.00000000
vn 0.00010300 -0.00001000 -1.00000000
vn 0.00000700 -0.00000100 -1.00000000
vn 0.00000200 -0.00000000 -1.00000000
vn 0.00000000 0.00000000 -1.00000000
vn -0.00000300 0.00000000 -1.00000000
vn 0.00000000 0.00000000 -1.00000000
vn -0.00000300 0.00000000 -1.00000000
vn 0.00000000 0.00000000 -1.00000000
vn -0.00002700 0.00000300 -1.00000000
vn -0.00000600 0.00000100 -1.00000000
vn 0.00008800 -0.00000900 -1.00000000
vn 0.00029400 -0.00003000 -1.00000000
vn 0.00000000 0.00000000 -1.00000000
vn -0.00000500 0.00000000 -1.00000000
vn -0.00000300 0.00000000 -1.00000000
vn -0.00000200 0.00000000 -1.00000000
vn 0.00000900 -0.00000100 -1.00000000
vn -0.00002400 0.00000200 -1.00000000
vn 0.00000200 -0.00000000 -1.00000000
vn -0.00000300 0.00000000 -1.00000000
vn 0.00000000 0.00000000 -1.00000000
vn 0.00000900 -0.00000100 -1.00000000
vn 0.00000000 0.00000000 -1.00000000
vn 0.00000200 -0.00000000 -1.00000000
vn 0.00000900 -0.00000100 -1.00000000
vn -0.00000600 0.00000100 -1.00000000
vn -0.00000600 0.00000100 -1.00000000
vn -0.00000500 0.00000000 -1.00000000
vn -0.00000500 0.00000000 -1.00000000
vn 0.00000000 0.00000000 -1.00000000
vn 0.00003600 -0.00000400 -1.00000000
vn -0.00002100 0.00000200 -1.00000000
vn -0.00031300 0.00003200 -1.00000000
vn -0.00000200 0.00000000 -1.00000000
vn 0.00000100 -0.00000000 -1.00000000
vn -0.00003400 0.00000300 -1.00000000
vn 0.00003400 -0.00000300 -1.00000000
vn -0.00000100 0.00000000 -1.00000000
vn 0.00023600 -0.00002400 -1.00000000
vn 0.00002300 -0.00000200 -1.00000000
vn -0.00002100 0.00000200 -1.00000000
vn 0.00003600 -0.00000400 -1.00000000
vn 0.00000000 0.00000000 -1.00000000
vn -0.00000200 0.00000000 -1.00000000
vn -0.00000400 0.00000000 -1.00000000
vn 0.00000000 0.00000000 -1.00000000
vn -0.00000200 0.00000000 -1.00000000
vn 0.00003600 -0.00000400 -1.00000000
vn 0.00000000 0.00000000 -1.00000000
vn 0.00002300 -0.00000200 -1.00000000
vn -0.00002100 0.00000200 -1.00000000
vn -0.00000400 0.00000000 -1.00000000
vn 0.00002300 -0.00000200 -1.00000000
vn -0.00001300 0.00000100 -1.00000000
vn -0.00001300 0.00000100 -1.00000000
vn 0.00001800 -0.00000200 -1.00000000
vn 0.00000000 0.00000000 -1.00000000
vn 0.00001800 -0.00000200 -1.00000000
vn 0.00000000 0.00000000 -1.00000000
vn -0.00000500 0.00000100 -1.00000000
vn 0.00000000 0.00000000 -1.00000000
vn -0.00000500 0.00000100 -1.00000000
vn 0.00000400 -0.00000000 -1.00000000
vn -0.00000200 0.00000000 -1.00000000
vn 0.00000000 0.00000000 -1.00000000
vn -0.00000100 0.00000000 -1.00000000
vn -0.00002700 0.00000300 -1.00000000
vn 0.00008800 -0.00000900 -1.00000000
vn -0.00002700 0.00000300 -1.00000000
vn 0.00000000 0.00000000 -1.00000000
vn 0.00000000 0.00000000 -1.00000000
vn 0.00000800 -0.00000100 -1.00000000
vn -0.00002400 0.00000200 -1.00000000
vn 0.00004100 -0.00000400 -1.00000000
vn 0.00001600 -0.00000200 -1.00000000
vn 0.00024500 -0.00002500 -1.00000000
vn 0.00002800 -0.00000300 -1.00000000
vn -0.00000500 0.00000100 -1.00000000
vn 0.00000000 0.00000000 -1.00000000
vn 0.00024500 -0.00002500 -1.00000000
vn -0.00001600 0.00000200 -1.00000000
vn 0.00000900 -0.00000100 -1.00000000
vn 0.00002300 -0.00000200 -1.00000000
vn -0.00031300 0.00003200 -1.00000000
vn 0.00000000 0.00000000 -1.00000000
vn 0.00004200 -0.00000400 -1.00000000
vn -0.00003400 0.00000300 -1.00000000
vn 0.00000000 0.00000000 -1.00000000
vn -0.00003400 0.00000300 -1.00000000
vn 0.00003400 -0.00000300 -1.00000000
vn 0.00024500 -0.00002500 -1.00000000
vn 0.00002800 -0.00000300 -1.00000000
vn 0.00002800 -0.00000300 -1.00000000
vn 0.00000800 -0.00000100 -1.00000000
vn 0.00000000 0.00000000 -1.00000000
vn 0.00000800 -0.00000100 -1.00000000
vn 0.00006900 -0.00000700 -1.00000000
vn -0.00007500 0.00000800 -1.00000000
vn 0.00000000 0.00000000 -1.00000000
vn 0.00006900 -0.00000700 -1.00000000
vn 0.00006900 -0.00000700 -1.00000000
vn -0.00001500 0.00000200 -1.00000000
vn -0.00007500 0.00000800 -1.00000000
vn 0.00000000 0.00000000 -1.00000000
vn -0.00013500 0.00001400 -1.00000000
vn 0.00000000 0.00000000 -1.00000000
vn -0.00013500 0.00001400 -1.00000000
vn 0.00000000 0.00000000 -1.00000000
vn -0.00031300 0.00003200 -1.00000000
vn -0.00000000 0.00000100 -1.00000000
vn 0.00000000 0.00000000 -1.00000000
vn -0.00001200 0.00000200 -1.00000000
vn -0.00013500 0.00001400 -1.00000000
vn 0.00004200 -0.00000400 -1.00000000
vn 0.00000000 0.00000000 -1.00000000
vn 0.00008800 -0.00000900 -1.00000000
vn -0.00000400 0.00000000 -1.00000000
vn 0.00000000 0.00000000 -1.00000000
vn 0.00000100 -0.00000000 -1.00000000
vn 0.00000000 0.00000000 -1.00000000
vn 0.00029400 -0.00003000 -1.00000000
vn -0.00001600 0.00000200 -1.00000000
vn 0.00029400 -0.00003000 -1.00000000
vn 0.00000900 -0.00000100 -1.00000000
vn -0.00001600 0.00000200 -1.00000000
vn 0.00000000 0.00000000 -1.00000000
vn -0.00001300 0.00000100 -1.00000000
vn 0.00000000 0.00000000 -1.00000000
vn -0.00001300 0.00000100 -1.00000000
vn 0.00000000 0.00000000 -1.00000000
vn -0.00001300 0.00000100 -1.00000000
vn -0.00000400 0.00000000 -1.00000000
vn -0.00000400 0.00000000 -1.00000000
vn 0.00000000 0.00000000 -1.00000000
vn -0.00000400 0.00000000 -1.00000000
vn 0.00004100 -0.00000400 -1.00000000
vn 0.00000000 0.00000000 -1.00000000
vn 0.00004100 -0.00000400 -1.00000000
vn -0.00000500 0.00000100 -1.00000000
vn 0.00000000 0.00000000 -1.00000000
vn -0.00000500 0.00000100 -1.00000000
vn 0.00000700 -0.00000100 -1.00000000
vn -0.00002000 0.00000200 -1.00000000
vn 0.00000700 -0.00000100 -1.00000000
vn 0.00010900 -0.00001100 -1.00000000
vn 0.00000700 -0.00000100 -1.00000000
vn -0.00002000 0.00000200 -1.00000000
vn -0.00005600 0.00000600 -1.00000000
vn -0.00002000 0.00000200 -1.00000000
vn 0.00010900 -0.00001100 -1.00000000
vn -0.00005600 0.00000600 -1.00000000
vn 0.00000000 0.00000000 -1.00000000
vn 0.00010900 -0.00001100 -1.00000000
vn 0.00004200 -0.00000400 -1.00000000
vn 0.00000000 0.00000000 -1.00000000
vn -0.00005600 0.00000600 -1.00000000
vn 0.00000600 -0.00000100 -1.00000000
vn 0.00000000 0.00000000 -1.00000000
vn 0.00001600 -0.00000200 -1.00000000
vn 0.00001600 -0.00000200 -1.00000000
vn 0.00000000 0.00000000 -1.00000000
vn -0.00001500 0.00000200 -1.00000000
vn -0.00001500 0.00000200 -1.00000000
vn -0.00007500 0.00000800 -1.00000000
vn 0.00023600 -0.00002400 -1.00000000
vn 0.00003400 -0.00000300 -1.00000000
vn 0.00023600 -0.00002400 -1.00000000
vn -0.00000400 0.00000000 -1.00000000
vn 0.00000100 -0.00000000 -1.00000000
vn -0.00000400 0.00000000 -1.00000000
vn 0.00000000 0.00000000 -1.00000000
vn 0.00000000 0.00000000 -1.00000000
vn 0.00000000 0.00000000 -1.00000000
vn 0.71251300 -0.00910300 -0.70160000
vn 0.70008900 -0.10182400 -0.70675900
vn 0.69452800 -0.13248800 -0.70716200
vn 0.69453000 -0.13248700 -0.70716000
vn 0.67412800 -0.22334000 -0.70403800
vn 0.67981100 -0.20072800 -0.70538300
vn 0.69454100 -0.13248500 -0.70714900
vn 0.69449700 -0.13249000 -0.70719200
vn 0.69460700 -0.13249600 -0.70708200
vn 0.69449700 -0.13249000 -0.70719200
vn 0.69453400 -0.13248800 -0.70715600
vn 0.69449700 -0.13249000 -0.70719200
vn 0.69460700 -0.13249600 -0.70708200
vn 0.69453500 -0.13248900 -0.70715400
vn 0.69460700 -0.13249600 -0.70708200
vn 0.69460500 -0.13251200 -0.70708100
vn 0.61605400 -0.34866700 -0.70633500
vn 0.56465400 -0.42691700 -0.70633400
vn 0.43571300 -0.55789500 -0.70633400
vn 0.35831600 -0.61049800 -0.70633000
vn 0.35825600 -0.61053700 -0.70632700
vn 0.27831500 -0.65743000 -0.70023400
vn 0.14339700 -0.69240500 -0.70711500
vn 0.09738900 -0.70114200 -0.70634000
vn -0.04052800 -0.70900000 -0.70404300
vn -0.09814400 -0.70069900 -0.70667400
vn -0.13245300 -0.69456800 -0.70712900
vn -0.13253300 -0.69454600 -0.70713600
vn -0.20075600 -0.67980400 -0.70538100
vn -0.20074200 -0.67980600 -0.70538400
vn -0.34868000 -0.61604900 -0.70633300
vn -0.42692000 -0.56465500 -0.70633200
vn -0.55787300 -0.43574800 -0.70633000
vn -0.61049600 -0.35831800 -0.70633000
vn -0.68215600 -0.18909200 -0.70633300
vn -0.70114900 -0.09739700 -0.70633100
vn -0.70900100 0.04053600 -0.70404200
vn -0.69954600 0.10505000 -0.70682400
vn -0.69459000 0.13250800 -0.70709700
vn -0.69457400 0.13249200 -0.70711600
vn -0.68303500 0.18714500 -0.70600300
vn -0.69454900 0.13249500 -0.70714000
vn -0.67980900 0.20073900 -0.70538100
vn -0.69457500 0.13249200 -0.70711400
vn -0.69447800 0.13248600 -0.70721100
vn -0.69447800 0.13248600 -0.70721100
vn -0.69455600 0.13249400 -0.70713300
vn -0.69455500 0.13249300 -0.70713500
vn -0.69447800 0.13248600 -0.70721100
vn -0.69451000 0.13247300 -0.70718200
vn -0.61604200 0.34869500 -0.70633100
vn -0.56468000 0.42688800 -0.70633100
vn -0.43571200 0.55789500 -0.70633400
vn -0.35831800 0.61048600 -0.70633900
vn -0.35823300 0.61054400 -0.70633200
vn -0.27837900 0.65733400 -0.70029800
vn -0.14339500 0.69241100 -0.70711000
vn -0.09741700 0.70114300 -0.70633400
vn 0.04054900 0.70900200 -0.70404000
vn 0.08663400 0.70255100 -0.70634100
vn 0.13246900 0.69456800 -0.70712600
vn 0.13249900 0.69456600 -0.70712300
vn 0.13251300 0.69454500 -0.70714000
vn 0.13249100 0.69455300 -0.70713700
vn 0.22373200 0.67402600 -0.70401200
vn 0.22375200 0.67402100 -0.70401000
vn 0.41342200 0.57538100 -0.70570500
vn 0.50881200 0.49304300 -0.70570400
vn 0.64572600 0.29157700 -0.70570600
vn 0.68716000 0.17258700 -0.70570800
vn 0.05331800 -0.14616000 -0.98782300
vn 0.06083300 -0.07680300 -0.99518900
vn 0.02061900 -0.09588300 -0.99517900
vn 0.01196200 -0.08315800 -0.99646500
vn 0.09924500 -0.06315400 -0.99305700
vn 0.00000000 -0.00000000 -1.00000000
vn 0.05424900 -0.04965100 -0.99729200
vn 0.00000100 -0.00000000 -1.00000000
vn -0.00000100 0.00000000 -1.00000000
vn 0.11357400 0.11466500 -0.98689100
vn 0.06436300 0.09853300 -0.99305000
vn 0.08725600 0.04469300 -0.99518300
vn 0.03401900 0.06515200 -0.99729500
vn 0.08012600 0.02530700 -0.99646300
vn -0.00000000 0.00000000 -1.00000000
vn 0.00000100 -0.00000000 -1.00000000
vn 0.03004100 0.07846900 -0.99646400
vn 0.00000300 -0.00000000 -1.00000000
vn 0.00000200 -0.00000000 -1.00000000
vn 0.00000000 -0.00000000 -1.00000000
vn 0.09716400 0.01286100 -0.99518500
vn 0.00000100 -0.00000000 -1.00000000
vn 0.04796200 0.10872100 -0.99291500
vn 0.06419100 0.07432600 -0.99516600
vn 0.00000500 -0.00000100 -1.00000000
vn 0.08713400 0.04524700 -0.99516900
vn 0.00000400 -0.00000000 -1.00000000
vn 0.08253100 0.01573000 -0.99646400
vn -0.00001500 0.00000200 -1.00000000
vn -0.00000200 0.00000000 -1.00000000
vn 0.00266300 -0.09798900 -0.99518400
vn -0.00000200 0.00000000 -1.00000000
vn -0.00054400 -0.09851200 -0.99513600
vn -0.00000200 0.00000000 -1.00000000
vn 0.02026500 -0.09609400 -0.99516600
vn -0.00000200 0.00000000 -1.00000000
vn 0.06525100 -0.09809200 -0.99303600
vn 0.06730700 -0.05101200 -0.99642700
vn 0.10869300 -0.04495400 -0.99305800
vn 0.09570700 -0.02114900 -0.99518500
vn 0.11752000 -0.00506800 -0.99305800
vn -0.00000500 0.00000000 -1.00000000
vn -0.00000300 0.00000000 -1.00000000
vn 0.08856400 -0.04200300 -0.99518400
vn -0.00000200 0.00000000 -1.00000000
vn 0.11142300 -0.03758700 -0.99306200
vn 0.11756600 0.00312900 -0.99306000
vn 0.09764700 -0.00887600 -0.99518100
vn 0.11509100 -0.02429800 -0.99305800
vn 0.01758600 -0.62227800 -0.78259800
vn -0.00315100 -0.55756200 -0.83013000
vn 0.11472000 -0.54439400 -0.83094800
vn 0.00757300 -0.19697000 -0.98038000
vn 0.06436400 -0.18458000 -0.98070800
vn 0.12812500 -0.14763300 -0.98070800
vn 0.16479500 -0.10453100 -0.98077300
vn 0.16554800 -0.61230600 -0.77309500
vn 0.30818800 -0.46319100 -0.83094800
vn 0.38051600 -0.50747500 -0.77309500
vn 0.44464700 -0.33679400 -0.82997500
vn 0.53600300 -0.35980800 -0.76370100
vn 0.04206100 -0.18949600 -0.98098000
vn 0.05488100 -0.19366100 -0.97953200
vn 0.22358600 -0.64924200 -0.72697600
vn 0.20068100 -0.57713000 -0.79161100
vn 0.13997900 -0.57317200 -0.80739000
vn 0.16901900 -0.50824500 -0.84446400
vn 0.16176000 -0.50827300 -0.84586700
vn 0.12449700 -0.54151100 -0.83142400
vn 0.07910500 -0.54997900 -0.83142400
vn 0.06605700 -0.63099700 -0.77296800
vn 0.01511800 -0.55543400 -0.83142300
vn -0.00723800 -0.63441400 -0.77296000
vn 0.02035500 -0.19406300 -0.98077800
vn -0.00222100 -0.19511600 -0.98077800
vn 0.24924000 -0.65172900 -0.71633000
vn 0.22240400 -0.60083000 -0.76781500
vn 0.25240200 -0.65690700 -0.71046900
vn 0.27019800 -0.62133800 -0.73548100
vn 0.20235000 -0.44338100 -0.87319400
vn 0.31220500 -0.55042900 -0.77431000
vn 0.15237000 -0.28419200 -0.94658300
vn 0.13876100 0.14428700 -0.97975800
vn 0.16893800 0.09760500 -0.98078200
vn 0.18235500 0.06954100 -0.98077000
vn 0.19166100 0.03682000 -0.98077000
vn 0.19514300 0.00292800 -0.98077000
vn 0.19269500 -0.03095400 -0.98077000
vn 0.18437800 -0.06398400 -0.98077100
vn 0.17048800 -0.09499300 -0.98077000
vn 0.15137100 -0.12319200 -0.98077000
vn 0.12880800 -0.14668000 -0.98076200
vn 0.51901800 0.38737400 -0.76194600
vn 0.45841400 0.36026800 -0.81244300
vn 0.55803500 0.30170600 -0.77302700
vn 0.49475300 0.25329200 -0.83130100
vn 0.59973300 0.20655000 -0.77308300
vn 0.52991700 0.16741000 -0.83136200
vn 0.62652200 0.09925400 -0.77305800
vn 0.55093700 0.07283700 -0.83136200
vn 0.63425900 -0.01106300 -0.77304100
vn 0.55521500 -0.02393800 -0.83136300
vn 0.62267500 -0.12100400 -0.77306800
vn 0.54262400 -0.11998300 -0.83136200
vn 0.59223100 -0.22733200 -0.77303500
vn 0.51354300 -0.21239200 -0.83136300
vn 0.54374500 -0.32669400 -0.77305400
vn 0.46886000 -0.29833900 -0.83136300
vn 0.47876800 -0.41619600 -0.77302200
vn 0.40993300 -0.37522100 -0.83136300
vn 0.39793600 -0.48327000 -0.77980500
vn 0.34488400 -0.43560600 -0.83144600
vn 0.44759100 0.51682400 -0.72976400
vn 0.40026000 0.46727200 -0.78832100
vn 0.45667900 0.50792300 -0.73038200
vn 0.37123500 0.43402500 -0.82085700
vn 0.44027900 0.47148400 -0.76410600
vn 0.33752400 0.41303400 -0.84586100
vn 0.12914700 0.16539400 -0.97773500
vn 0.12233800 0.15987500 -0.97952700
vn 0.47222300 0.51454200 -0.71571800
vn 0.48005600 0.46583900 -0.74333000
vn 0.54262500 -0.11998600 -0.83136100
vn 0.59949200 -0.20792000 -0.77290300
vn 0.51354300 -0.21239200 -0.83136200
vn 0.55427800 -0.30886100 -0.77290400
vn 0.46886200 -0.29833900 -0.83136200
vn 0.49222600 -0.40041900 -0.77290300
vn 0.40993000 -0.37522300 -0.83136300
vn 0.41521700 -0.47980700 -0.77290300
vn 0.33854500 -0.44070500 -0.83136400
vn 0.32812400 -0.54760500 -0.76971600
vn 0.25687000 -0.49280200 -0.83136300
vn 0.23711900 -0.61599000 -0.75122000
vn 0.16740300 -0.52991900 -0.83136200
vn 0.11499200 -0.63270200 -0.76581000
vn 0.07283300 -0.55093700 -0.83136300
vn 0.00171500 -0.63232000 -0.77470500
vn -0.02393900 -0.55522100 -0.83135900
vn -0.10470000 -0.63333700 -0.76676100
vn -0.11998300 -0.54262700 -0.83136100
vn -0.21317600 -0.59472900 -0.77514700
vn -0.21239300 -0.51354200 -0.83136300
vn -0.31136000 -0.56012300 -0.76766900
vn -0.29833800 -0.46886400 -0.83136100
vn -0.41247400 -0.49003500 -0.76794000
vn -0.37522300 -0.40992700 -0.83136500
vn -0.48255500 -0.40741200 -0.77534300
vn -0.44070400 -0.33854700 -0.83136400
vn -0.55457800 -0.32182500 -0.76738000
vn -0.49280100 -0.25687200 -0.83136300
vn -0.59235400 -0.22064800 -0.77487500
vn -0.52991900 -0.16740300 -0.83136100
vn -0.63213000 -0.11531000 -0.76623400
vn -0.55093600 -0.07283900 -0.83136300
vn -0.63306900 -0.00754300 -0.77405900
vn -0.55521600 0.02394200 -0.83136100
vn -0.62564200 0.10128500 -0.77350700
vn -0.54262500 0.11998600 -0.83136100
vn -0.60529400 0.21988200 -0.76503000
vn -0.51354300 0.21239200 -0.83136200
vn -0.54855800 0.31607600 -0.77406700
vn -0.46886400 0.29834100 -0.83136000
vn -0.49500400 0.41018500 -0.76597600
vn -0.40993400 0.37522700 -0.83136000
vn -0.40788300 0.48301300 -0.77480900
vn -0.33854700 0.44070700 -0.83136200
vn -0.32730000 0.55199500 -0.76692600
vn -0.25687200 0.49280400 -0.83136100
vn -0.21627400 0.60290100 -0.76794200
vn -0.16740200 0.52991500 -0.83136400
vn -0.10919100 0.62185200 -0.77548600
vn -0.07283200 0.55093400 -0.83136400
vn 0.00057700 0.64058500 -0.76788700
vn 0.02393900 0.55521100 -0.83136500
vn 0.10730200 0.62242500 -0.77528900
vn 0.11998200 0.54262000 -0.83136500
vn 0.21765800 0.60330100 -0.76723700
vn 0.21239200 0.51354000 -0.83136400
vn 0.31162300 0.55012900 -0.77475700
vn 0.29833700 0.46886200 -0.83136300
vn 0.42294200 0.49843200 -0.75675900
vn 0.37522800 0.40993200 -0.83136000
vn 0.47877400 0.40471900 -0.77908800
vn 0.44070600 0.33854900 -0.83136200
vn 0.54053800 0.31964200 -0.77823400
vn 0.49280700 0.25687500 -0.83135800
vn 0.59288700 0.22607100 -0.77290100
vn 0.52991900 0.16740300 -0.83136100
vn 0.62314900 0.11963800 -0.77289800
vn 0.55093600 0.07283900 -0.83136300
vn 0.63445000 0.00965400 -0.77290300
vn 0.55521600 -0.02394200 -0.83136100
vn 0.62649000 -0.10066400 -0.77290200
vn 0.11059400 0.15929300 -0.98101700
vn 0.35535000 0.47654700 -0.80413200
vn 0.30820700 0.46242700 -0.83136600
vn 0.31514500 0.55064600 -0.77296400
vn 0.25720900 0.49252700 -0.83142100
vn 0.24949200 0.58332800 -0.77296900
vn 0.19866000 0.51890600 -0.83142700
vn 0.24331600 0.60016000 -0.76197400
vn 0.22581500 0.51210200 -0.82870900
vn 0.09689200 0.16937300 -0.98077800
vn 0.07669900 0.17942300 -0.98077700
vn 0.07119700 0.18269800 -0.98058800
vn 0.60087600 0.15480100 -0.78421000
vn 0.54588300 0.10391800 -0.83139200
vn 0.49375500 0.25638900 -0.83094500
vn 0.18901200 0.05258400 -0.98056600
vn 0.16058900 0.11145900 -0.98070800
vn 0.10789200 0.16300400 -0.98070800
vn 0.54555800 0.32356500 -0.77309200
vn 0.36370000 0.42100600 -0.83094900
vn 0.38695800 0.50257300 -0.77310000
vn 0.50206900 -0.23804100 -0.83142300
vn 0.17943000 -0.07668700 -0.98077700
vn 0.18717200 -0.05515800 -0.98077700
vn 0.19234300 -0.03286400 -0.98077700
vn 0.19486700 -0.01011900 -0.98077700
vn 0.19471000 0.01281200 -0.98077700
vn 0.58347300 -0.24918700 -0.77295900
vn 0.52648900 -0.17761600 -0.83142200
vn 0.60863400 -0.17916900 -0.77295800
vn 0.54365900 -0.11475500 -0.83142400
vn 0.62542300 -0.10668700 -0.77295800
vn 0.55335700 -0.05032200 -0.83142300
vn 0.63361300 -0.03272500 -0.77295800
vn 0.55544400 0.01480300 -0.83142200
vn 0.63308400 0.04167900 -0.77296000
vn 0.63418700 -0.46520800 -0.61756600
vn 0.46524200 -0.61722900 -0.63449000
vn 0.20360200 -0.74562800 -0.63449700
vn 0.00453300 -0.76603300 -0.64278500
vn 0.24396300 -0.73371400 -0.63415000
vn 0.19762500 -0.74737000 -0.63433600
vn 0.11006800 -0.76518300 -0.63433500
vn 0.02104100 -0.77277000 -0.63433700
vn 0.22611600 -0.72723400 -0.64807600
vn 0.04714500 -0.75856200 -0.64989400
vn -0.03683000 -0.78763900 -0.61503500
vn 0.15139000 -0.78905000 -0.59538400
vn -0.43346600 -0.62444200 -0.64975300
vn -0.12454800 -0.77437200 -0.62035200
vn -0.20447100 -0.73208100 -0.64980700
vn -0.29615600 -0.73450200 -0.61057300
vn -0.36833100 -0.69130900 -0.62163000
vn -0.52686000 -0.61794000 -0.58358200
vn -0.56297400 -0.52952400 -0.63455900
vn -0.61448900 -0.44756600 -0.64968300
vn -0.69664800 -0.40852300 -0.58973700
vn -0.70504200 -0.31658200 -0.63458000
vn -0.72743500 -0.22096900 -0.64962400
vn -0.67633400 0.34666600 -0.64992000
vn -0.64894100 0.42303500 -0.63238900
vn -0.78330600 -0.15534100 -0.60191400
vn -0.76977400 -0.06891100 -0.63458600
vn -0.77201900 0.04015700 -0.63433000
vn -0.75450100 0.16594100 -0.63497300
vn -0.73254400 0.28295100 -0.61912700
vn -0.31565400 0.69144100 -0.64982500
vn -0.62665300 0.50632600 -0.59240200
vn -0.52508800 0.54950000 -0.64987100
vn -0.47994100 0.62673100 -0.61389400
vn -0.40444000 0.67183000 -0.62054300
vn -0.26237100 0.76847400 -0.58361700
vn -0.16695200 0.75465200 -0.63452900
vn -0.07120500 0.75681500 -0.64973900
vn 0.00435900 0.81161400 -0.58417800
vn 0.08874300 0.76776200 -0.63456000
vn 0.18121700 0.73828300 -0.64969100
vn 0.49226200 0.59634200 -0.63407700
vn 0.49309700 0.60772100 -0.62252000
vn 0.41365600 0.63787400 -0.64961900
vn 0.33467000 0.69663200 -0.63458600
vn 0.26877100 0.76025700 -0.59141400
vn 0.31211600 0.72364400 -0.61556700
vn 0.27638100 0.72196300 -0.63433700
vn 0.35784900 0.68524600 -0.63433700
vn 0.43453200 0.63937100 -0.63433900
vn 0.47000100 0.61360600 -0.63449700
vn 0.66380200 0.39592500 -0.63451500
vn 0.74756700 0.15931400 -0.64479600
vn 0.77278900 0.02057600 -0.63433000
vn 0.76988200 -0.07004000 -0.63433100
vn 0.75638500 -0.15969700 -0.63433300
vn 0.73248900 -0.24714700 -0.63433200
vn 0.69851600 -0.33120700 -0.63433300
vn 0.75754800 -0.52894800 -0.38253700
vn 0.55596200 -0.73767100 -0.38307600
vn 0.81776800 -0.56714200 -0.09800800
vn 0.60262300 -0.79200200 -0.09787000
vn 0.26647400 -0.95885400 -0.09793000
vn 0.24326200 -0.89109900 -0.38310200
vn 0.02891800 -0.99278200 -0.11639700
vn 0.01326200 -0.92487900 -0.38002900
vn 0.00873000 -0.92378400 -0.38281500
vn -0.00168800 -0.98800300 -0.15442500
vn 0.11108300 -0.98683200 -0.11757000
vn 0.11530200 -0.91662300 -0.38276200
vn 0.22483600 -0.96208300 -0.15442200
vn 0.22031400 -0.89720100 -0.38274300
vn 0.28171400 -0.95229800 -0.11732900
vn 0.25947600 -0.87173700 -0.41562700
vn 0.16326300 -0.92403300 -0.34570000
vn 0.02194800 -0.92225700 -0.38595300
vn 0.20544200 -0.97157200 -0.11764600
vn -0.27621300 -0.88287100 -0.37979800
vn -0.12789400 -0.92577000 -0.35579900
vn -0.54515600 -0.74761800 -0.37930400
vn -0.41951200 -0.83815500 -0.34857600
vn -0.75447600 -0.53190500 -0.38450400
vn -0.66667200 -0.65913500 -0.34797900
vn -0.88103200 -0.26064300 -0.39477600
vn -0.84109300 -0.40881800 -0.35416100
vn -0.78622200 0.45904900 -0.41367800
vn -0.86676400 0.31969400 -0.38277500
vn -0.90710400 0.17512200 -0.38274700
vn -0.92347200 0.02596300 -0.38278600
vn -0.92324400 -0.11585900 -0.36632900
vn -0.72146600 0.59998700 -0.34569100
vn -0.61260000 0.69054400 -0.38453900
vn -0.50045000 0.79001800 -0.35415000
vn -0.35917500 0.85270700 -0.37932000
vn -0.22087900 0.91109800 -0.34801200
vn -0.06644300 0.92268500 -0.37978700
vn 0.08351600 0.93355200 -0.34857600
vn 0.23248800 0.89275600 -0.38592100
vn 0.37813700 0.85464500 -0.35580000
vn 0.50389200 0.76714600 -0.39696400
vn 0.04543400 -0.99202400 -0.11757700
vn -0.11578700 -0.98628400 -0.11763300
vn -0.27393900 -0.95453200 -0.11758400
vn -0.42488500 -0.89757100 -0.11764000
vn -0.56459500 -0.81694700 -0.11759900
vn -0.68942800 -0.71474100 -0.11762000
vn -0.79605500 -0.59369300 -0.11758500
vn -0.88167500 -0.45695600 -0.11764400
vn -0.94403300 -0.30818400 -0.11757900
vn -0.98147000 -0.15126300 -0.11762400
vn -0.99301900 0.00965700 -0.11756200
vn -0.97834500 0.17030100 -0.11763500
vn -0.93787000 0.32646300 -0.11756700
vn -0.87263700 0.47399700 -0.11760400
vn -0.78437700 0.60904000 -0.11757300
vn -0.67542000 0.72799600 -0.11759900
vn -0.54863400 0.82775400 -0.11757500
vn -0.40736300 0.90565800 -0.11763500
vn -0.25537200 0.95966500 -0.11759300
vn -0.09661800 0.98835000 -0.11760000
vn 0.06471200 0.99095600 -0.11754900
vn 0.22427900 0.96740300 -0.11760500
vn 0.37794900 0.91832900 -0.11758200
vn 0.52165700 0.84500800 -0.11762200
vn 0.60885700 0.78456700 -0.11725200
vn 0.57974700 0.72679500 -0.36832400
vn 0.53276200 0.75473300 -0.38280900
vn 0.57874100 0.80075700 -0.15442500
vn 0.48654700 0.86570900 -0.11755700
vn 0.44211700 0.81116700 -0.38280600
vn 0.37977400 0.91209700 -0.15443600
vn 0.34555200 0.85678400 -0.38277300
vn 0.38130200 0.91929400 -0.09750500
vn 0.35570300 0.85353000 -0.38073900
vn 0.56173100 0.73327700 -0.38309800
vn 0.60158800 0.79278100 -0.09793100
vn 0.85238400 0.51367200 -0.09788800
vn 0.79333300 0.47313700 -0.38309800
vn 0.96132200 0.24934400 -0.11699100
vn 0.90075300 0.20694600 -0.38186000
vn 0.92295300 0.04118600 -0.38270400
vn 0.99735900 0.05588000 -0.04639700
vn 0.99130500 -0.05905300 -0.11758500
vn 0.92145200 -0.06712200 -0.38264900
vn 0.98301300 -0.17757500 -0.04639700
vn 0.90726400 -0.17453100 -0.38263700
vn 0.95039800 -0.28795400 -0.11758300
vn 0.88053200 -0.27959100 -0.38274300
vn 0.91477300 -0.40129600 -0.04638400
vn 0.84177200 -0.38074100 -0.38269600
vn 0.97358500 0.21415000 0.07919900
vn 0.98495400 -0.07019900 0.15791900
vn 0.94163200 -0.29730700 0.15791700
vn 0.84934700 -0.51716300 0.10560400
vn 0.37814400 0.91883600 -0.11290400
vn 0.55196500 0.83386700 0.00000000
vn 0.82151200 0.57019200 0.00000000
vn 0.59937200 0.79248100 -0.11281200
vn 0.47293600 0.86453200 -0.17004800
vn 0.26554000 -0.95747700 -0.11281100
vn 0.02960800 -0.99956200 0.00000000
vn -0.29136300 -0.95661300 0.00000000
vn -0.58177100 -0.81335300 0.00000000
vn -0.81117300 -0.58480600 0.00000000
vn -0.95551800 -0.29493300 0.00000000
vn -0.99966600 0.02586300 0.00000000
vn -0.93898700 0.34395200 0.00000000
vn -0.77984700 0.62597100 0.00000000
vn -0.53892800 0.84235200 0.00000000
vn -0.24150400 0.97040000 0.00000000
vn 0.08125900 0.99669300 0.00000000
vn 0.39549100 0.91847000 0.00000000
vn 0.03068800 -0.99594900 -0.08452500
vn 0.12145700 -0.97792200 -0.17004900
vn 0.65547300 -0.75521900 0.00000000
vn 0.32921600 -0.94425500 -0.00003100
vn -0.90031700 0.43523500 0.00000000
vn -0.90031700 0.43523500 0.00000000
vn -0.90031700 0.43523500 0.00000000
vn -0.90031700 0.43523500 0.00000000
vn -0.90031700 0.43523500 0.00000000
vn -0.90031700 0.43523500 0.00000000
vn -0.56206500 0.82709300 0.00000000
vn -0.56206700 0.82709100 0.00000000
vn -0.56206500 0.82709300 0.00000000
vn -0.56206700 0.82709100 0.00000000
vn -0.56206500 0.82709300 0.00000000
vn -0.56206700 0.82709100 0.00000000
vn -0.07326800 0.99731200 0.00000000
vn -0.07326800 0.99731200 0.00000000
vn -0.07326800 0.99731200 0.00000000
vn -0.07326800 0.99731200 0.00000000
vn -0.07326800 0.99731200 0.00000000
vn -0.07326800 0.99731200 0.00000000
vn 0.43522800 0.90032000 0.00000000
vn 0.43522900 0.90032000 0.00000000
vn 0.43522800 0.90032000 0.00000000
vn 0.43522800 0.90032000 0.00000000
vn 0.43522900 0.90032000 0.00000000
vn 0.43522900 0.90032000 0.00000000
vn 0.82709100 0.56206800 0.00000000
vn 0.82709200 0.56206700 0.00000000
vn 0.82709100 0.56206800 0.00000000
vn 0.82709100 0.56206800 0.00000000
vn 0.82709200 0.56206700 0.00000000
vn 0.82709200 0.56206700 0.00000000
vn 0.99731200 0.07327200 0.00000000
vn 0.99731200 0.07327200 0.00000000
vn 0.99731200 0.07327500 0.00000000
vn 0.99731200 0.07327500 0.00000000
vn 0.99731200 0.07327200 0.00000000
vn 0.99731200 0.07327500 0.00000000
vn 0.90032000 -0.43522900 0.00000000
vn 0.90032000 -0.43522900 0.00000000
vn 0.90031900 -0.43523000 0.00000000
vn 0.90032000 -0.43522900 0.00000000
vn 0.90031900 -0.43523000 0.00000000
vn 0.90031900 -0.43523000 0.00000000
vn 0.56206500 -0.82709300 0.00000000
vn 0.56206400 -0.82709400 0.00000000
vn 0.56206500 -0.82709300 0.00000000
vn 0.56206400 -0.82709400 0.00000000
vn 0.56206500 -0.82709300 0.00000000
vn 0.56206400 -0.82709400 0.00000000
vn 0.07326900 -0.99731200 0.00000000
vn 0.07326900 -0.99731200 0.00000000
vn 0.07326900 -0.99731200 0.00000000
vn 0.07326900 -0.99731200 0.00000000
vn 0.07326900 -0.99731200 0.00000000
vn 0.07326900 -0.99731200 0.00000000
vn -0.43522800 -0.90032000 0.00000000
vn -0.43522800 -0.90032000 0.00000000
vn -0.43522900 -0.90032000 0.00000000
vn -0.43522900 -0.90032000 0.00000000
vn -0.43522800 -0.90032000 0.00000000
vn -0.43522900 -0.90032000 0.00000000
vn -0.82707600 -0.56209000 0.00000000
vn -0.82707600 -0.56209000 0.00000000
vn -0.82707600 -0.56209100 0.00000000
vn -0.82707600 -0.56209000 0.00000000
vn -0.82707600 -0.56209100 0.00000000
vn -0.82707600 -0.56209100 0.00000000
vn -0.99731500 -0.07322800 0.00000000
vn -0.99731500 -0.07322800 0.00000000
vn -0.99731500 -0.07323000 0.00000000
vn -0.99731500 -0.07322800 0.00000000
vn -0.99731500 -0.07323000 0.00000000
vn -0.99731500 -0.07323000 0.00000000
f 1//1 2//2 3//3
f 3//3 2//2 4//4
f 4//4 2//2 5//5
f 4//4 5//5 6//6
f 6//6 5//5 7//7
f 6//6 7//7 8//8
f 8//8 7//7 9//9
f 8//8 9//9 10//10
f 10//10 9//9 11//11
f 10//10 11//11 12//12
f 12//12 11//11 13//13
f 13//13 11//11 14//14
f 13//13 14//14 15//15
f 16//16 17//17 18//18
f 19//19 20//20 21//21
f 21//21 20//20 22//22
f 3//3 23//23 1//1
f 1//1 23//23 24//24
f 1//1 24//24 25//25
f 25//25 24//24 26//26
f 25//25 26//26 27//27
f 27//27 26//26 28//28
f 18//18 29//29 16//16
f 16//16 29//29 30//30
f 16//16 30//30 14//14
f 14//14 30//30 31//31
f 14//14 31//31 15//15
f 32//32 33//33 34//34
f 34//34 33//33 35//35
f 22//22 36//36 21//21
f 21//21 36//36 37//37
f 21//21 37//37 34//34
f 34//34 37//37 38//38
f 34//34 38//38 32//32
f 28//28 39//39 27//27
f 27//27 39//39 40//40
f 27//27 40//40 21//21
f 21//21 40//40 41//41
f 21//21 41//41 19//19
f 35//35 42//42 34//34
f 34//34 42//42 43//43
f 34//34 43//43 16//16
f 16//16 43//43 44//44
f 16//16 44//44 17//17
f 33//33 45//45 35//35
f 35//35 45//45 46//46
f 35//35 46//46 42//42
f 42//42 46//46 47//47
f 42//42 47//47 43//43
f 43//43 47//47 48//48
f 43//43 48//48 44//44
f 44//44 48//48 49//49
f 44//44 49//49 17//17
f 17//17 49//49 50//50
f 17//17 50//50 18//18
f 18//18 50//50 51//51
f 18//18 51//51 29//29
f 29//29 51//51 52//52
f 29//29 52//52 30//30
f 30//30 52//52 53//53
f 30//30 53//53 31//31
f 31//31 53//53 54//54
f 31//31 54//54 15//15
f 15//15 54//54 55//55
f 15//15 55//55 13//13
f 13//13 55//55 56//56
f 13//13 56//56 12//12
f 12//12 56//56 57//57
f 12//12 57//57 10//10
f 10//10 57//57 58//58
f 10//10 58//58 8//8
f 8//8 58//58 59//59
f 8//8 59//59 6//6
f 6//6 59//59 60//60
f 6//6 60//60 4//4
f 4//4 60//60 61//61
f 4//4 61//61 3//3
f 3//3 61//61 62//62
f 3//3 62//62 23//23
f 23//23 62//62 63//63
f 23//23 63//63 24//24
f 24//24 63//63 64//64
f 24//24 64//64 26//26
f 26//26 64//64 65//65
f 26//26 65//65 28//28
f 28//28 65//65 66//66
f 28//28 66//66 39//39
f 39//39 66//66 67//67
f 39//39 67//67 40//40
f 40//40 67//67 68//68
f 40//40 68//68 41//41
f 41//41 68//68 69//69
f 41//41 69//69 19//19
f 19//19 69//69 70//70
f 19//19 70//70 20//20
f 20//20 70//70 71//71
f 20//20 71//71 22//22
f 22//22 71//71 72//72
f 22//22 72//72 36//36
f 36//36 72//72 73//73
f 36//36 73//73 37//37
f 37//37 73//73 74//74
f 37//37 74//74 38//38
f 38//38 74//74 75//75
f 38//38 75//75 32//32
f 32//32 75//75 76//76
f 32//32 76//76 33//33
f 33//33 76//76 45//45
f 46//46 77//77 47//47
f 47//47 77//77 78//78
f 47//47 78//78 48//48
f 48//48 78//78 79//79
f 48//48 79//79 49//49
f 49//49 79//79 80//80
f 49//49 80//80 50//50
f 50//50 80//80 81//81
f 50//50 81//81 51//51
f 51//51 81//81 82//82
f 51//51 82//82 52//52
f 52//52 82//82 83//83
f 52//52 83//83 53//53
f 53//53 83//83 84//84
f 53//53 84//84 54//54
f 54//54 84//84 85//85
f 54//54 85//85 55//55
f 55//55 85//85 86//86
f 55//55 86//86 56//56
f 56//56 86//86 87//87
f 56//56 87//87 57//57
f 57//57 87//87 88//88
f 57//57 88//88 58//58
f 58//58 88//88 89//89
f 58//58 89//89 59//59
f 59//59 89//89 90//90
f 59//59 90//90 60//60
f 60//60 90//90 91//91
f 60//60 91//91 61//61
f 61//61 91//91 92//92
f 61//61 92//92 62//62
f 62//62 92//92 93//93
f 62//62 93//93 63//63
f 63//63 93//93 94//94
f 63//63 94//94 64//64
f 64//64 94//94 95//95
f 64//64 95//95 65//65
f 65//65 95//95 96//96
f 65//65 96//96 66//66
f 66//66 96//96 97//97
f 66//66 97//97 67//67
f 67//67 97//97 98//98
f 67//67 98//98 68//68
f 68//68 98//98 99//99
f 68//68 99//99 69//69
f 69//69 99//99 100//100
f 69//69 100//100 70//70
f 70//70 100//100 101//101
f 70//70 101//101 71//71
f 71//71 101//101 102//102
f 71//71 102//102 72//72
f 72//72 102//102 103//103
f 72//72 103//103 73//73
f 73//73 103//103 104//104
f 73//73 104//104 74//74
f 74//74 104//104 105//105
f 74//74 105//105 75//75
f 75//75 105//105 106//106
f 75//75 106//106 76//76
f 76//76 106//106 107//107
f 76//76 107//107 45//45
f 45//45 107//107 108//108
f 45//45 108//108 46//46
f 46//46 108//108 77//77
f 108//108 109//109 77//77
f 77//77 109//109 110//110
f 77//77 110//110 78//78
f 78//78 110//110 111//111
f 78//78 111//111 79//79
f 79//79 111//111 112//112
f 79//79 112//112 80//80
f 80//80 112//112 113//113
f 80//80 113//113 81//81
f 81//81 113//113 114//114
f 81//81 114//114 82//82
f 82//82 114//114 115//115
f 82//82 115//115 83//83
f 83//83 115//115 116//116
f 83//83 116//116 84//84
f 84//84 116//116 117//117
f 84//84 117//117 85//85
f 85//85 117//117 118//118
f 85//85 118//118 86//86
f 86//86 118//118 119//119
f 86//86 119//119 87//87
f 87//87 119//119 120//120
f 87//87 120//120 88//88
f 88//88 120//120 121//121
f 88//88 121//121 89//89
f 89//89 121//121 122//122
f 89//89 122//122 90//90
f 90//90 122//122 123//123
f 90//90 123//123 91//91
f 91//91 123//123 124//124
f 91//91 124//124 92//92
f 92//92 124//124 125//125
f 92//92 125//125 93//93
f 93//93 125//125 126//126
f 93//93 126//126 94//94
f 94//94 126//126 127//127
f 94//94 127//127 95//95
f 95//95 127//127 128//128
f 95//95 128//128 96//96
f 96//96 128//128 129//129
f 96//96 129//129 97//97
f 97//97 129//129 130//130
f 97//97 130//130 98//98
f 98//98 130//130 131//131
f 98//98 131//131 99//99
f 99//99 131//131 132//132
f 99//99 132//132 100//100
f 100//100 132//132 133//133
f 100//100 133//133 101//101
f 101//101 133//133 134//134
f 101//101 134//134 102//102
f 102//102 134//134 135//135
f 102//102 135//135 103//103
f 103//103 135//135 136//136
f 103//103 136//136 104//104
f 104//104 136//136 137//137
f 104//104 137//137 105//105
f 105//105 137//137 138//138
f 105//105 138//138 106//106
f 106//106 138//138 139//139
f 106//106 139//139 107//107
f 107//107 139//139 140//140
f 107//107 140//140 108//108
f 108//108 140//140 109//109
f 120//120 141//141 121//121
f 121//121 141//141 142//142
f 121//121 142//142 122//122
f 122//122 142//142 143//143
f 122//122 143//143 123//123
f 123//123 143//143 144//144
f 123//123 144//144 124//124
f 124//124 144//144 145//145
f 124//124 145//145 125//125
f 125//125 145//145 146//146
f 125//125 146//146 126//126
f 126//126 146//146 147//147
f 126//126 147//147 127//127
f 127//127 147//147 148//148
f 127//127 148//148 128//128
f 148//148 149//149 128//128
f 128//128 149//149 150//150
f 128//128 150//150 129//129
f 129//129 150//150 151//151
f 129//129 151//151 130//130
f 130//130 151//151 152//152
f 130//130 152//152 131//131
f 131//131 152//152 153//153
f 131//131 153//153 132//132
f 132//132 153//153 154//154
f 132//132 154//154 133//133
f 133//133 154//154 155//155
f 133//133 155//155 134//134
f 134//134 155//155 156//156
f 134//134 156//156 135//135
f 135//135 156//156 157//157
f 135//135 157//157 136//136
f 112//112 158//158 113//113
f 113//113 158//158 159//159
f 113//113 159//159 114//114
f 114//114 159//159 160//160
f 114//114 160//160 115//115
f 115//115 160//160 161//161
f 115//115 161//161 116//116
f 116//116 161//161 162//162
f 116//116 162//162 117//117
f 117//117 162//162 163//163
f 117//117 163//163 118//118
f 118//118 163//163 164//164
f 118//118 164//164 119//119
f 119//119 164//164 165//165
f 119//119 165//165 120//120
f 120//120 165//165 166//166
f 120//120 166//166 141//141
f 157//157 167//167 136//136
f 136//136 167//167 168//168
f 136//136 168//168 137//137
f 137//137 168//168 169//169
f 137//137 169//169 138//138
f 138//138 169//169 170//170
f 138//138 170//170 139//139
f 139//139 170//170 171//171
f 139//139 171//171 140//140
f 140//140 171//171 172//172
f 140//140 172//172 109//109
f 109//109 172//172 173//173
f 109//109 173//173 110//110
f 110//110 173//173 174//174
f 110//110 174//174 111//111
f 111//111 174//174 175//175
f 111//111 175//175 112//112
f 112//112 175//175 176//176
f 112//112 176//176 158//158
f 172//172 177//177 173//173
f 173//173 177//177 178//178
f 173//173 178//178 174//174
f 174//174 178//178 179//179
f 174//174 179//179 175//175
f 175//175 179//179 180//180
f 175//175 180//180 176//176
f 176//176 180//180 181//181
f 176//176 181//181 158//158
f 158//158 181//181 182//182
f 158//158 182//182 159//159
f 159//159 182//182 183//183
f 159//159 183//183 160//160
f 160//160 183//183 184//184
f 160//160 184//184 161//161
f 161//161 184//184 185//185
f 161//161 185//185 162//162
f 162//162 185//185 186//186
f 162//162 186//186 163//163
f 163//163 186//186 187//187
f 163//163 187//187 164//164
f 164//164 187//187 188//188
f 164//164 188//188 165//165
f 165//165 188//188 189//189
f 165//165 189//189 166//166
f 166//166 189//189 190//190
f 166//166 190//190 141//141
f 141//141 190//190 191//191
f 141//141 191//191 142//142
f 142//142 191//191 192//192
f 142//142 192//192 143//143
f 143//143 192//192 193//193
f 143//143 193//193 144//144
f 144//144 193//193 194//194
f 144//144 194//194 145//145
f 145//145 194//194 195//195
f 145//145 195//195 146//146
f 146//146 195//195 196//196
f 146//146 196//196 147//147
f 147//147 196//196 197//197
f 147//147 197//197 148//148
f 148//148 197//197 198//198
f 148//148 198//198 149//149
f 149//149 198//198 199//199
f 149//149 199//199 150//150
f 150//150 199//199 200//200
f 150//150 200//200 151//151
f 151//151 200//200 201//201
f 151//151 201//201 152//152
f 152//152 201//201 202//202
f 152//152 202//202 153//153
f 153//153 202//202 203//203
f 153//153 203//203 154//154
f 154//154 203//203 204//204
f 154//154 204//204 155//155
f 155//155 204//204 205//205
f 155//155 205//205 156//156
f 156//156 205//205 206//206
f 156//156 206//206 157//157
f 157//157 206//206 207//207
f 157//157 207//207 167//167
f 167//167 207//207 208//208
f 167//167 208//208 168//168
f 168//168 208//208 209//209
f 168//168 209//209 169//169
f 169//169 209//209 210//210
f 169//169 210//210 170//170
f 170//170 210//210 211//211
f 170//170 211//211 171//171
f 171//171 211//211 212//212
f 171//171 212//212 172//172
f 172//172 212//212 177//177
f 213//213 216//216 221//221
f 220//220 215//215 223//223
f 227//227 230//230 233//233
f 234//234 231//231 235//235
f 236//236 238//238 239//239
f 243//243 238//238 221//221
f 242//242 217//217 229//229
f 226//226 222//222 225//225
f 228//228 224//224 232//232
f 244//244 247//247 250//250
f 251//251 248//248 252//252
f 258//258 261//261 263//263
f 214//214 219//219 259//259
f 256//256 218//218 264//264
f 255//255 265//265 260//260
f 245//245 267//267 248//248
f 246//246 266//266 254//254
f 248//248 257//257 268//268
f 268//268 257//257 262//262
f 241//241 269//269 271//271
f 273//273 275//275 276//276
f 277//277 274//274 278//278
f 277//277 278//278 281//281
f 282//282 283//283 286//286
f 285//285 284//284 249//249
f 286//286 251//251 278//278
f 278//278 251//251 252//252
f 279//279 253//253 280//280
f 237//237 240//240 270//270
f 236//236 272//272 287//287
f 288//288 290//290 293//293
f 291//291 295//295 296//296
f 298//298 300//300 301//301
f 297//297 303//303 290//290
f 292//292 304//304 305//305
f 290//290 306//306 293//293
f 293//293 306//306 298//298
f 293//293 298//298 308//308
f 307//307 299//299 302//302
f 309//309 310//310 313//313
f 313//313 310//310 315//315
f 312//312 314//314 317//317
f 319//319 320//320 321//321
f 322//322 324//324 326//326
f 325//325 323//323 289//289
f 326//326 288//288 316//316
f 316//316 288//288 293//293
f 318//318 294//294 311//311
f 328//328 330//330 335//335
f 334//334 337//337 327//327
f 329//329 336//336 340//340
f 327//327 338//338 342//342
f 341//341 339//339 344//344
f 342//342 345//345 348//348
f 327//327 350//350 333//333
f 332//332 349//349 353//353
f 331//331 351//351 354//354
f 355//355 352//352 357//357
f 362//362 365//365 373//373
f 375//375 380//380 382//382
f 381//381 379//379 384//384
f 382//382 383//383 385//385
f 387//387 389//389 392//392
f 391//391 388//388 400//400
f 390//390 399//399 345//345
f 346//346 398//398 401//401
f 343//343 402//402 347//347
f 358//358 403//403 404//404
f 364//364 406//406 407//407
f 372//372 409//409 363//363
f 360//360 410//410 411//411
f 361//361 413//413 414//414
f 416//416 412//412 419//419
f 415//415 417//417 422//422
f 421//421 420//420 423//423
f 423//423 420//420 390//390
f 396//396 418//418 425//425
f 394//394 424//424 427//427
f 426//426 429//429 395//395
f 393//393 428//428 431//431
f 397//397 432//432 376//376
f 374//374 430//430 433//433
f 377//377 434//434 378//378
f 436//436 437//437 438//438
f 441//441 443//443 444//444
f 405//405 446//446 356//356
f 359//359 445//445 448//448
f 357//357 447//447 355//355
f 355//355 447//447 436//436
f 355//355 436//436 450//450
f 449//449 435//435 439//439
f 408//408 452//452 366//366
f 367//367 451//451 454//454
f 368//368 455//455 369//369
f 370//370 453//453 442//442
f 371//371 440//440 456//456
f 457//457 441//441 444//444
f 458//458 459//459 462//462
f 461//461 460//460 465//465
f 463//463 464//464 466//466
f 468//468 469//469 470//470
f 470//470 472//472 473//473
f 474//474 471//471 386//386
f 473//473 385//385 475//475
f 467//467 385//385 383//383
f 467//467 383//383 462//462
f 477//477 478//478 483//483
f 486//486 479//479 487//487
f 480//480 488//488 490//490
f 491//491 493//493 486//486
f 484//484 492//492 495//495
f 486//486 494//494 476//476
f 497//497 498//498 485//485
f 486//486 499//499 500//500
f 486//486 500//500 491//491
f 489//489 502//502 482//482
f 481//481 501//501 504//504
f 486//486 503//503 496//496
f 505//505 508//508 509//509
f 510//510 507//507 513//513
f 514//514 517//517 520//520
f 522//522 524//524 526//526
f 527//527 530//530 532//532
f 531//531 529//529 534//534
f 532//532 533//533 536//536
f 505//505 509//509 537//537
f 537//537 509//509 538//538
f 537//537 538//538 517//517
f 518//518 539//539 541//541
f 516//516 540//540 521//521
f 542//542 523//523 546//546
f 545//545 522//522 526//526
f 545//545 526//526 505//505
f 506//506 525//525 528//528
f 505//505 527//527 508//508
f 508//508 527//527 532//532
f 548//548 550//550 551//551
f 553//553 554//554 557//557
f 556//556 555//555 535//535
f 557//557 536//536 558//558
f 558//558 536//536 533//533
f 552//552 560//560 549//549
f 547//547 559//559 562//562
f 549//549 561//561 564//564
f 565//565 563//563 566//566
f 564//564 568//568 512//512
f 511//511 567//567 570//570
f 512//512 569//569 509//509
f 571//571 572//572 520//520
f 520//520 572//572 573//573
f 519//519 574//574 515//515
f 575//575 576//576 579//579
f 580//580 577//577 544//544
f 578//578 543//543 581//581
f 581//581 543//543 545//545
f 583//583 588//588 589//589
f 593//593 596//596 601//601
f 595//595 603//603 597//597
f 598//598 602//602 605//605
f 599//599 604//604 607//607
f 587//587 610//610 611//611
f 592//592 612//612 584//584
f 585//585 613//613 616//616
f 582//582 615//615 617//617
f 618//618 614//614 594//594
f 617//617 595//595 619//619
f 619//619 595//595 600//600
f 620//620 622//622 623//623
f 611//611 625//625 587//587
f 586//586 624//624 626//626
f 587//587 628//628 591//591
f 590//590 627//627 621//621
f 591//591 620//620 629//629
f 629//629 620//620 623//623
f 630//630 632//632 634//634
f 636//636 631//631 637//637
f 635//635 638//638 640//640
f 642//642 643//643 644//644
f 644//644 646//646 647//647
f 648//648 645//645 606//606
f 647//647 609//609 649//649
f 641//641 608//608 650//650
f 639//639 651//651 633//633
f 652//652 654//654 657//657
f 658//658 662//662 664//664
f 656//656 653//653 665//665
f 666//666 654//654 669//669
f 667//667 668//668 671//671
f 672//672 669//669 674//674
f 670//670 675//675 677//677
f 678//678 673//673 681//681
f 676//676 679//679 684//684
f 683//683 680//680 687//687
f 682//682 686//686 690//690
f 652//652 657//657 692//692
f 691//691 655//655 696//696
f 693//693 694//694 697//697
f 698//698 695//695 699//699
f 698//698 699//699 702//702
f 703//703 700//700 705//705
f 704//704 706//706 707//707
f 663//663 661//661 713//713
f 711//711 660//660 714//714
f 712//712 715//715 708//708
f 710//710 716//716 718//718
f 709//709 717//717 701//701
f 719//719 720//720 722//722
f 722//722 720//720 723//723
f 721//721 724//724 726//726
f 727//727 728//728 729//729
f 731//731 733//733 736//736
f 736//736 733//733 659//659
f 736//736 659//659 737//737
f 737//737 659//659 663//663
f 730//730 738//738 741//741
f 740//740 739//739 689//689
f 741//741 688//688 742//742
f 725//725 688//688 685//685
f 725//725 685//685 722//722
f 746//746 747//747 748//748
f 731//731 751//751 733//733
f 732//732 750//750 753//753
f 733//733 752//752 754//754
f 754//754 756//756 733//733
f 735//735 755//755 759//759
f 734//734 758//758 761//761
f 760//760 757//757 745//745
f 762//762 743//743 764//764
f 763//763 744//744 749//749
f 765//765 766//766 768//768
f 767//767 769//769 770//770
f 765//765 768//768 771//771
f 765//765 771//771 772//772
f 773//773 774//774 770//770
f 773//773 770//770 769//769
f 775//775 776//776 777//777
f 775//775 777//777 778//778
f 778//778 777//777 779//779
f 778//778 779//779 780//780
f 781//781 783//783 785//785
f 782//782 784//784 786//786
f 787//787 788//788 789//789
f 787//787 789//789 790//790
f 791//791 790//790 792//792
f 792//792 790//790 789//789
f 791//791 792//792 793//793
f 791//791 793//793 794//794
f 794//794 793//793 795//795
f 794//794 795//795 796//796
f 796//796 795//795 797//797
f 796//796 797//797 798//798
f 800//800 801//801 802//802
f 799//799 803//803 804//804
f 805//805 806//806 807//807
f 805//805 807//807 808//808
f 809//809 808//808 810//810
f 810//810 808//808 807//807
f 809//809 810//810 811//811
f 809//809 811//811 812//812
f 812//812 811//811 814//814
f 812//812 814//814 815//815
f 816//816 813//813 817//817
f 816//816 817//817 818//818
f 819//819 818//818 820//820
f 820//820 818//818 817//817
f 819//819 820//820 821//821
f 819//819 821//821 822//822
f 822//822 821//821 823//823
f 822//822 823//823 824//824
f 824//824 823//823 825//825
f 824//824 825//825 826//826
f 828//828 829//829 831//831
f 827//827 830//830 832//832
f 833//833 834//834 835//835
f 833//833 835//835 836//836
f 837//837 836//836 838//838
f 838//838 836//836 835//835
f 837//837 838//838 839//839
f 837//837 839//839 840//840
f 840//840 839//839 841//841
f 840//840 841//841 842//842
f 842//842 841//841 843//843
f 842//842 843//843 844//844
f 845//845 844//844 846//846
f 846//846 844//844 843//843
f 845//845 846//846 847//847
f 845//845 847//847 848//848
f 848//848 847//847 849//849
f 848//848 849//849 850//850
f 850//850 849//849 851//851
f 850//850 851//851 852//852
f 854//854 855//855 856//856
f 853//853 857//857 858//858
f 859//859 860//860 861//861
f 862//862 863//863 864//864
f 859//859 861//861 866//866
f 859//859 866//866 867//867
f 868//868 869//869 870//870
f 868//868 870//870 871//871
f 871//871 870//870 865//865
f 872//872 864//864 863//863
f 873//873 875//875 876//876
f 874//874 877//877 878//878
f 879//879 880//880 881//881
f 879//879 881//881 882//882
f 882//882 881//881 883//883
f 882//882 883//883 884//884
f 885//885 884//884 886//886
f 886//886 884//884 883//883
f 885//885 886//886 887//887
f 885//885 887//887 888//888
f 889//889 890//890 891//891
f 889//889 891//891 892//892
f 893//893 894//894 895//895
f 893//893 895//895 897//897
f 898//898 896//896 899//899
f 898//898 899//899 900//900
f 901//901 900//900 902//902
f 902//902 900//900 899//899
f 901//901 902//902 903//903
f 901//901 903//903 904//904
f 906//906 907//907 908//908
f 905//905 909//909 910//910
f 911//911 912//912 913//913
f 911//911 913//913 914//914
f 914//914 913//913 915//915
f 914//914 915//915 916//916
f 917//917 916//916 918//918
f 918//918 916//916 915//915
f 917//917 918//918 919//919
f 917//917 919//919 920//920
f 922//922 923//923 924//924
f 921//921 925//925 926//926
f 927//927 928//928 929//929
f 929//929 928//928 930//930
f 927//927 929//929 931//931
f 927//927 931//931 932//932
f 933//933 934//934 935//935
f 933//933 935//935 936//936
f 936//936 935//935 930//930
f 936//936 930//930 928//928
f 937//937 939//939 940//940
f 938//938 941//941 942//942
f 943//943 944//944 945//945
f 943//943 945//945 946//946
f 946//946 945//945 947//947
f 946//946 947//947 948//948
f 949//949 948//948 950//950
f 950//950 948//948 947//947
f 949//949 950//950 951//951
f 949//949 951//951 952//952
f 954//954 955//955 956//956
f 953//953 957//957 958//958
f 959//959 960//960 961//961
f 959//959 961//961 962//962
f 962//962 961//961 963//963
f 962//962 963//963 964//964
f 965//965 964//964 966//966
f 966//966 964//964 963//963
f 965//965 966//966 967//967
f 965//965 967//967 968//968
f 970//970 971//971 972//972
f 969//969 973//973 974//974
f 975//975 976//976 977//977
f 975//975 977//977 979//979
f 980//980 978//978 981//981
f 980//980 981//981 982//982
f 983//983 982//982 984//984
f 984//984 982//982 981//981
f 983//983 984//984 985//985
f 983//983 985//985 986//986
f 987//987 989//989 990//990
f 988//988 991//991 992//992
f 993//993 994//994 995//995
f 993//993 995//995 996//996
f 996//996 995//995 997//997
f 996//996 997//997 998//998
f 999//999 998//998 1000//1000
f 1000//1000 998//998 997//997
f 999//999 1000//1000 1001//1001
f 999//999 1001//1001 1002//1002
f 1003//1003 1005//1005 1006//1006
f 1004//1004 1007//1007 1008//1008
f 1009//1009 1010//1010 1011//1011
f 1009//1009 1011//1011 1012//1012
f 1012//1012 1011//1011 1013//1013
f 1012//1012 1013//1013 1014//1014
f 1015//1015 1014//1014 1016//1016
f 1016//1016 1014//1014 1013//1013
f 1015//1015 1016//1016 1017//1017
f 1015//1015 1017//1017 1018//1018
f 1019//1019 1021//1021 1022//1022
f 1020//1020 1023//1023 1024//1024
f 1025//1025 1026//1026 1027//1027
f 1025//1025 1027//1027 1028//1028
f 1028//1028 1027//1027 1029//1029
f 1028//1028 1029//1029 1030//1030
f 1031//1031 1030//1030 1032//1032
f 1032//1032 1030//1030 1029//1029
f 1031//1031 1032//1032 1033//1033
f 1031//1031 1033//1033 1034//1034
f 1035//1035 1037//1037 1038//1038
f 1036//1036 1039//1039 1040//1040
f 1041//1041 1042//1042 1044//1044
f 1041//1041 1044//1044 1045//1045
f 1046//1046 1043//1043 1047//1047
f 1046//1046 1047//1047 1048//1048
f 1049//1049 1048//1048 1050//1050
f 1050//1050 1048//1048 1047//1047
f 1049//1049 1050//1050 1051//1051
f 1049//1049 1051//1051 1052//1052
f 1053//1053 1054//1054 1055//1055
f 1053//1053 1055//1055 1056//1056
f 1057//1057 1058//1058 1059//1059
f 1057//1057 1059//1059 1060//1060
f 1060//1060 1059//1059 1061//1061
f 1060//1060 1061//1061 1062//1062
f 1063//1063 1062//1062 1064//1064
f 1064//1064 1062//1062 1061//1061
f 1063//1063 1064//1064 1065//1065
f 1063//1063 1065//1065 1066//1066
f 1067//1067 1068//1068 1069//1069
f 1067//1067 1069//1069 1070//1070
f 1071//1071 1072//1072 1073//1073
f 1071//1071 1073//1073 1074//1074
f 1074//1074 1073//1073 1075//1075
f 1074//1074 1075//1075 1076//1076
f 1077//1077 1076//1076 1078//1078
f 1078//1078 1076//1076 1075//1075
f 1077//1077 1078//1078 1079//1079
f 1077//1077 1079//1079 1080//1080
f 1081//1081 1083//1083 1084//1084
f 1082//1082 1085//1085 1086//1086
f 1087//1087 1088//1088 1089//1089
f 1087//1087 1089//1089 1090//1090
f 1090//1090 1089//1089 1091//1091
f 1090//1090 1091//1091 1092//1092
f 1093//1093 1092//1092 1094//1094
f 1094//1094 1092//1092 1091//1091
f 1093//1093 1094//1094 1095//1095
f 1093//1093 1095//1095 1096//1096
f 1097//1097 1099//1099 1100//1100
f 1098//1098 1101//1101 1102//1102
f 1103//1103 1104//1104 1106//1106
f 1103//1103 1106//1106 1107//1107
f 1108//1108 1105//1105 1109//1109
f 1108//1108 1109//1109 1110//1110
f 1111//1111 1110//1110 1112//1112
f 1112//1112 1110//1110 1109//1109
f 1111//1111 1112//1112 1113//1113
f 1111//1111 1113//1113 1114//1114
f 1116//1116 1117//1117 1118//1118
f 1115//1115 1119//1119 1120//1120
f 1121//1121 1124//1124 1125//1125
f 1122//1122 1126//1126 1123//1123
f 1127//1127 1129//1129 1130//1130
f 1128//1128 1131//1131 1132//1132
f 1134//1134 1135//1135 1136//1136
f 1133//1133 1137//1137 1138//1138
f 1139//1139 1141//1141 1143//1143
f 1140//1140 1142//1142 1144//1144
f 1145//1145 1147//1147 1148//1148
f 1146//1146 1149//1149 1150//1150
f 1152//1152 1153//1153 1155//1155
f 1151//1151 1154//1154 1156//1156
f 1157//1157 1159//1159 1160//1160
f 1158//1158 1161//1161 1162//1162
f 1163//1163 1165//1165 1166//1166
f 1164//1164 1167//1167 1168//1168
f 1170//1170 1171//1171 1172//1172
f 1169//1169 1173//1173 1174//1174
f 1175//1175 1177//1177 1179//1179
f 1176//1176 1178//1178 1180//1180
f 1182//1182 1183//1183 1184//1184
f 1181//1181 1185//1185 1186//1186
f 1188//1188 1189//1189 1190//1190
f 1187//1187 1191//1191 1192//1192
f 1193//1193 1194//1194 1195//1195
f 1196//1196 1197//1197 1198//1198
f 1199//1199 1200//1200 1201//1201
f 1199//1199 1201//1201 1202//1202
f 1202//1202 1201//1201 1198//1198
f 1202//1202 1198//1198 1197//1197
f 1203//1203 1204//1204 1205//1205
f 1205//1205 1204//1204 1206//1206
f 1203//1203 1205//1205 1207//1207
f 1203//1203 1207//1207 1208//1208
f 1209//1209 1211//1211 1212//1212
f 1210//1210 1213//1213 1214//1214
f 1216//1216 1217//1217 1219//1219
f 1215//1215 1218//1218 1220//1220
f 1222//1222 1223//1223 1225//1225
f 1221//1221 1224//1224 1226//1226
f 1227//1227 1228//1228 1229//1229
f 1227//1227 1229//1229 1230//1230
f 1230//1230 1229//1229 1231//1231
f 1230//1230 1231//1231 1232//1232
f 1232//1232 1231//1231 1233//1233
f 1232//1232 1233//1233 1234//1234
f 1235//1235 1236//1236 1237//1237
f 1235//1235 1237//1237 1238//1238
f 1239//1239 1238//1238 1240//1240
f 1240//1240 1238//1238 1237//1237
f 1241//1241 1242//1242 1243//1243
f 1243//1243 1242//1242 1244//1244
f 1241//1241 1243//1243 1245//1245
f 1241//1241 1245//1245 1246//1246
f 1247//1247 1249//1249 1250//1250
f 1248//1248 1251//1251 1252//1252
f 1254//1254 1255//1255 1256//1256
f 1253//1253 1257//1257 1258//1258
f 1260//1260 1261//1261 1262//1262
f 1259//1259 1263//1263 1264//1264
f 1265//1265 1267//1267 1268//1268
f 1266//1266 1269//1269 1270//1270
f 1272//1272 1273//1273 1274//1274
f 1271//1271 1275//1275 1276//1276
f 1277//1277 1278//1278 1279//1279
f 1277//1277 1279//1279 1280//1280
f 1281//1281 1280//1280 1282//1282
f 1282//1282 1280//1280 1279//1279
f 1283//1283 1284//1284 1285//1285
f 1285//1285 1284//1284 1286//1286
f 1283//1283 1285//1285 1287//1287
f 1283//1283 1287//1287 1288//1288
f 1289//1289 1291//1291 1292//1292
f 1290//1290 1293//1293 1294//1294
f 1296//1296 1297//1297 1299//1299
f 1295//1295 1298//1298 1300//1300
f 1302//1302 1303//1303 1304//1304
f 1301//1301 1305//1305 1306//1306
f 1307//1307 1309//1309 1310//1310
f 1308//1308 1311//1311 1312//1312
f 1314//1314 1315//1315 1316//1316
f 1313//1313 1317//1317 1318//1318
f 1319//1319 1320//1320 1321//1321
f 1319//1319 1321//1321 1322//1322
f 1322//1322 1321//1321 1323//1323
f 1322//1322 1323//1323 1325//1325
f 1326//1326 1327//1327 1330//1330
f 1329//1329 1328//1328 1324//1324
f 1331//1331 1332//1332 1333//1333
f 1333//1333 1332//1332 1334//1334
f 1331//1331 1333//1333 1335//1335
f 1331//1331 1335//1335 1336//1336
f 1336//1336 1335//1335 1337//1337
f 1336//1336 1337//1337 1338//1338
f 1338//1338 1337//1337 1339//1339
f 1338//1338 1339//1339 1340//1340
f 1341//1341 1343//1343 1345//1345
f 1342//1342 1344//1344 1346//1346
f 1347//1347 1349//1349 1350//1350
f 1348//1348 1351//1351 1352//1352
f 1353//1353 1355//1355 1356//1356
f 1354//1354 1357//1357 1358//1358
f 1359//1359 1360//1360 1361//1361
f 1361//1361 1360//1360 1362//1362
f 1359//1359 1361//1361 1363//1363
f 1359//1359 1363//1363 1364//1364
f 1365//1365 1366//1366 1367//1367
f 1365//1365 1367//1367 1368//1368
f 1368//1368 1367//1367 1362//1362
f 1368//1368 1362//1362 1360//1360
f 1369//1369 1371//1371 1373//1373
f 1370//1370 1372//1372 1374//1374
f 1375//1375 1376//1376 1377//1377
f 1375//1375 1377//1377 1378//1378
f 1378//1378 1377//1377 1379//1379
f 1378//1378 1379//1379 1380//1380
f 1381//1381 1380//1380 1382//1382
f 1382//1382 1380//1380 1379//1379
f 1381//1381 1382//1382 1383//1383
f 1381//1381 1383//1383 1384//1384
f 1385//1385 1387//1387 1389//1389
f 1386//1386 1388//1388 1390//1390
f 1391//1391 1392//1392 1393//1393
f 1391//1391 1393//1393 1395//1395
f 1396//1396 1394//1394 1397//1397
f 1396//1396 1397//1397 1398//1398
f 1399//1399 1398//1398 1400//1400
f 1400//1400 1398//1398 1397//1397
f 1399//1399 1400//1400 1401//1401
f 1399//1399 1401//1401 1402//1402
f 1404//1404 1405//1405 1406//1406
f 1403//1403 1407//1407 1408//1408
f 1409//1409 1410//1410 1411//1411
f 1409//1409 1411//1411 1412//1412
f 1412//1412 1411//1411 1413//1413
f 1412//1412 1413//1413 1414//1414
f 1415//1415 1414//1414 1416//1416
f 1416//1416 1414//1414 1413//1413
f 1415//1415 1416//1416 1417//1417
f 1415//1415 1417//1417 1418//1418
f 1420//1420 1421//1421 1422//1422
f 1419//1419 1423//1423 1424//1424
f 1425//1425 1426//1426 1427//1427
f 1425//1425 1427//1427 1428//1428
f 1428//1428 1427//1427 1429//1429
f 1428//1428 1429//1429 1430//1430
f 1431//1431 1430//1430 1432//1432
f 1432//1432 1430//1430 1429//1429
f 1431//1431 1432//1432 1433//1433
f 1431//1431 1433//1433 1434//1434
f 1436//1436 1437//1437 1439//1439
f 1435//1435 1438//1438 1440//1440
f 1441//1441 1442//1442 1443//1443
f 1441//1441 1443//1443 1445//1445
f 1446//1446 1444//1444 1447//1447
f 1446//1446 1447//1447 1448//1448
f 1449//1449 1448//1448 1450//1450
f 1450//1450 1448//1448 1447//1447
f 1449//1449 1450//1450 1451//1451
f 1449//1449 1451//1451 1452//1452
f 1453//1453 1455//1455 1456//1456
f 1454//1454 1457//1457 1458//1458
f 1459//1459 1460//1460 1462//1462
f 1461//1461 1463//1463 1465//1465
f 1459//1459 1462//1462 1466//1466
f 1459//1459 1466//1466 1467//1467
f 1468//1468 1469//1469 1470//1470
f 1468//1468 1470//1470 1471//1471
f 1471//1471 1470//1470 1464//1464
f 1472//1472 1465//1465 1463//1463
f 1473//1473 1474//1474 1475//1475
f 1473//1473 1475//1475 1476//1476
f 1476//1476 1475//1475 1477//1477
f 1476//1476 1477//1477 1478//1478
f 1478//1478 1477//1477 1479//1479
f 1478//1478 1479//1479 1480//1480
f 1482//1482 1483//1483 1484//1484
f 1481//1481 1485//1485 1486//1486
f 1487//1487 1489//1489 1490//1490
f 1488//1488 1491//1491 1492//1492
f 1493//1493 1494//1494 1495//1495
f 1493//1493 1495//1495 1496//1496
f 1496//1496 1495//1495 1497//1497
f 1496//1496 1497//1497 1498//1498
f 1498//1498 1497//1497 1499//1499
f 1498//1498 1499//1499 1500//1500
f 1502//1502 1503//1503 1505//1505
f 1501//1501 1504//1504 1506//1506
f 1507//1507 1508//1508 1509//1509
f 1507//1507 1509//1509 1510//1510
f 1510//1510 1509//1509 1511//1511
f 1510//1510 1511//1511 1512//1512
f 1512//1512 1511//1511 1513//1513
f 1512//1512 1513//1513 1514//1514
f 1514//1514 1513//1513 1515//1515
f 1514//1514 1515//1515 1516//1516
f 1516//1516 1515//1515 1517//1517
f 1516//1516 1517//1517 1518//1518
f 1520//1520 1521//1521 1523//1523
f 1519//1519 1522//1522 1524//1524
f 1525//1525 1526//1526 1527//1527
f 1525//1525 1527//1527 1528//1528
f 1528//1528 1527//1527 1529//1529
f 1528//1528 1529//1529 1530//1530
f 1531//1531 1530//1530 1532//1532
f 1532//1532 1530//1530 1529//1529
f 1531//1531 1532//1532 1533//1533
f 1531//1531 1533//1533 1534//1534
f 1535//1535 1537//1537 1539//1539
f 1536//1536 1538//1538 1540//1540
f 1541//1541 1542//1542 1543//1543
f 1541//1541 1543//1543 1544//1544
f 1544//1544 1543//1543 1545//1545
f 1544//1544 1545//1545 1546//1546
f 1546//1546 1545//1545 1547//1547
f 1546//1546 1547//1547 1548//1548
f 1548//1548 1547//1547 1549//1549
f 1548//1548 1549//1549 1550//1550
f 1551//1551 1553//1553 1554//1554
f 1552//1552 1555//1555 1556//1556
f 1558//1558 1559//1559 1560//1560
f 1557//1557 1561//1561 1562//1562
f 1563//1563 1564//1564 1565//1565
f 1563//1563 1565//1565 1567//1567
f 1568//1568 1566//1566 1569//1569
f 1568//1568 1569//1569 1570//1570
f 1570//1570 1569//1569 1571//1571
f 1570//1570 1571//1571 1572//1572
f 1573//1573 1575//1575 1577//1577
f 1574//1574 1576//1576 1578//1578
f 1579//1579 1580//1580 1581//1581
f 1579//1579 1581//1581 1582//1582
f 1582//1582 1581//1581 1583//1583
f 1582//1582 1583//1583 1584//1584
f 1584//1584 1583//1583 1585//1585
f 1584//1584 1585//1585 1586//1586
f 1588//1588 1589//1589 1590//1590
f 1587//1587 1591//1591 1592//1592
f 1593//1593 1594//1594 1595//1595
f 1593//1593 1595//1595 1596//1596
f 1596//1596 1595//1595 1597//1597
f 1596//1596 1597//1597 1598//1598
f 1599//1599 1598//1598 1600//1600
f 1600//1600 1598//1598 1597//1597
f 1599//1599 1600//1600 1601//1601
f 1599//1599 1601//1601 1602//1602
f 1604//1604 1605//1605 1607//1607
f 1603//1603 1606//1606 1608//1608
f 1609//1609 1610//1610 1611//1611
f 1609//1609 1611//1611 1612//1612
f 1612//1612 1611//1611 1613//1613
f 1612//1612 1613//1613 1614//1614
f 1615//1615 1614//1614 1616//1616
f 1616//1616 1614//1614 1613//1613
f 1615//1615 1616//1616 1617//1617
f 1615//1615 1617//1617 1618//1618
f 1620//1620 1621//1621 1623//1623
f 1619//1619 1622//1622 1624//1624
f 1625//1625 1626//1626 1629//1629
f 1639//1639 1640//1640 1643//1643
f 1654//1654 1656//1656 1663//1663
f 1678//1678 1679//1679 1685//1685
f 1677//1677 1683//1683 1688//1688
f 1695//1695 1699//1699 1700//1700
f 1692//1692 1701//1701 1685//1685
f 1684//1684 1702//1702 1704//1704
f 1686//1686 1703//1703 1687//1687
f 1658//1658 1707//1707 1709//1709
f 1710//1710 1706//1706 1712//1712
f 1705//1705 1714//1714 1713//1713
f 1719//1719 1715//1715 1723//1723
f 1717//1717 1722//1722 1690//1690
f 1694//1694 1724//1724 1725//1725
f 1693//1693 1726//1726 1698//1698
f 1655//1655 1666//1666 1727//1727
f 1729//1729 1732//1732 1738//1738
f 1737//1737 1731//1731 1742//1742
f 1733//1733 1743//1743 1667//1667
f 1664//1664 1744//1744 1746//1746
f 1665//1665 1745//1745 1728//1728
f 1747//1747 1749//1749 1752//1752
f 1753//1753 1750//1750 1754//1754
f 1759//1759 1755//1755 1761//1761
f 1639//1639 1643//1643 1764//1764
f 1765//1765 1768//1768 1770//1770
f 1776//1776 1778//1778 1769//1769
f 1767//1767 1777//1777 1780//1780
f 1768//1768 1781//1781 1770//1770
f 1771//1771 1783//1783 1650//1650
f 1782//1782 1785//1785 1644//1644
f 1649//1649 1784//1784 1787//1787
f 1651//1651 1786//1786 1763//1763
f 1789//1789 1790//1790 1799//1799
f 1796//1796 1791//1791 1804//1804
f 1797//1797 1805//1805 1806//1806
f 1809//1809 1812//1812 1815//1815
f 1813//1813 1810//1810 1817//1817
f 1816//1816 1818//1818 1822//1822
f 1807//1807 1825//1825 1795//1795
f 1798//1798 1824//1824 1827//1827
f 1801//1801 1828//1828 1821//1821
f 1820//1820 1826//1826 1829//1829
f 1823//1823 1830//1830 1814//1814
f 1819//1819 1831//1831 1799//1799
f 1800//1800 1832//1832 1833//1833
f 1792//1792 1834//1834 1835//1835
f 1838//1838 1839//1839 1841//1841
f 1842//1842 1840//1840 1846//1846
f 1841//1841 1843//1843 1849//1849
f 1848//1848 1844//1844 1850//1850
f 1854//1854 1855//1855 1858//1858
f 1857//1857 1856//1856 1853//1853
f 1859//1859 1851//1851 1861//1861
f 1862//1862 1852//1852 1843//1843
f 1860//1860 1845//1845 1773//1773
f 1775//1775 1847//1847 1864//1864
f 1774//1774 1863//1863 1779//1779
f 1865//1865 1866//1866 1869//1869
f 1868//1868 1867//1867 1871//1871
f 1868//1868 1871//1871 1873//1873
f 1874//1874 1870//1870 1876//1876
f 1879//1879 1881//1881 1882//1882
f 1883//1883 1880//1880 1877//1877
f 1882//1882 1875//1875 1885//1885
f 1884//1884 1878//1878 1872//1872
f 1885//1885 1871//1871 1808//1808
f 1808//1808 1871//1871 1886//1886
f 1808//1808 1886//1886 1811//1811
f 1889//1889 1901//1901 1904//1904
f 1906//1906 1901//1901 1908//1908
f 1905//1905 1909//1909 1910//1910
f 1913//1913 1914//1914 1897//1897
f 1898//1898 1915//1915 1917//1917
f 1896//1896 1916//1916 1902//1902
f 1918//1918 1921//1921 1636//1636
f 1635//1635 1920//1920 1924//1924
f 1634//1634 1923//1923 1900//1900
f 1899//1899 1922//1922 1926//1926
f 1890//1890 1925//1925 1912//1912
f 1927//1927 1930//1930 1934//1934
f 1935//1935 1937//1937 1939//1939
f 1939//1939 1937//1937 1942//1942
f 1938//1938 1943//1943 1944//1944
f 1947//1947 1952//1952 1953//1953
f 1947//1947 1953//1953 1959//1959
f 1950//1950 1969//1969 1971//1971
f 1970//1970 1973//1973 1945//1945
f 1947//1947 1972//1972 1974//1974
f 1947//1947 1974//1974 1952//1952
f 1976//1976 1977//1977 1978//1978
f 1980//1980 1981//1981 1629//1629
f 1637//1637 1982//1982 1983//1983
f 1629//1629 1984//1984 1625//1625
f 1986//1986 1989//1989 1893//1893
f 1990//1990 1991//1991 1889//1889
f 1895//1895 1992//1992 1994//1994
f 1894//1894 1993//1993 1638//1638
f 1633//1633 1995//1995 1996//1996
f 1632//1632 1997//1997 1979//1979
f 1998//1998 1999//1999 2000//2000
f 2000//2000 1999//1999 2004//2004
f 2001//2001 2003//2003 2006//2006
f 2005//2005 2002//2002 1987//1987
f 2007//2007 1985//1985 2010//2010
f 2009//2009 1988//1988 1891//1891
f 2008//2008 1892//1892 2012//2012
f 1716//1716 2015//2015 1904//1904
f 1903//1903 2013//2013 2018//2018
f 1904//1904 2016//2016 1889//1889
f 1888//1888 2017//2017 2020//2020
f 1887//1887 2019//2019 2011//2011
f 1682//1682 2022//2022 2024//2024
f 2025//2025 2027//2027 1692//1692
f 1689//1689 2028//2028 2029//2029
f 1697//1697 2031//2031 1720//1720
f 1718//1718 2030//2030 2032//2032
f 1721//1721 2033//2033 2014//2014
f 2023//2023 2035//2035 1680//1680
f 1681//1681 2034//2034 2038//2038
f 1685//1685 2037//2037 1692//1692
f 1691//1691 2036//2036 2039//2039
f 1696//1696 2040//2040 2026//2026
f 1679//1679 1751//1751 1685//1685
f 1685//1685 1751//1751 1748//1748
f 1685//1685 1748//1748 2021//2021
f 2021//2021 2042//2042 2043//2043
f 2044//2044 2041//2041 1628//1628
f 1626//1626 2042//2042 1928//1928
f 1627//1627 1929//1929 1631//1631
f 1629//1629 1928//1928 1932//1932
f 1630//1630 1933//1933 1919//1919
f 1968//1968 1947//1947 2045//2045
f 2046//2046 1949//1949 2052//2052
f 2045//2045 2047//2047 2054//2054
f 2054//2054 2047//2047 2055//2055
f 2053//2053 2056//2056 2057//2057
f 2058//2058 2060//2060 1947//1947
f 1948//1948 2061//2061 2062//2062
f 2064//2064 2066//2066 2067//2067
f 2063//2063 2070//2070 1947//1947
f 1946//1946 2069//2069 2071//2071
f 1947//1947 2073//2073 2047//2047
f 2051//2051 2072//2072 2074//2074
f 2077//2077 2080//2080 2088//2088
f 2087//2087 2086//2086 2049//2049
f 2088//2088 2047//2047 2090//2090
f 2089//2089 2050//2050 2075//2075
f 1958//1958 2092//2092 2093//2093
f 1962//1962 2094//2094 2095//2095
f 2067//2067 2066//2066 2097//2097
f 2076//2076 2100//2100 2082//2082
f 2084//2084 2099//2099 2101//2101
f 2080//2080 2102//2102 1959//1959
f 1959//1959 2102//2102 2104//2104
f 1967//1967 2103//2103 2091//2091
f 2096//2096 2105//2105 1966//1966
f 1955//1955 2106//2106 2107//2107
f 1960//1960 2108//2108 2109//2109
f 2059//2059 1951//1951 2113//2113
f 2112//2112 1947//1947 1959//1959
f 2112//2112 1959//1959 2066//2066
f 2066//2066 1959//1959 2110//2110
f 2065//2065 2111//2111 2098//2098
f 2114//2114 2115//2115 2119//2119
f 2117//2117 2116//2116 2120//2120
f 2064//2064 2067//2067 2122//2122
f 2123//2123 2068//2068 2126//2126
f 2122//2122 2125//2125 2128//2128
f 2127//2127 2124//2124 2118//2118
f 2128//2128 2119//2119 2129//2129
f 2129//2129 2119//2119 2121//2121
f 2129//2129 2121//2121 2130//2130
f 1657//1657 1711//1711 1662//1662
f 1661//1661 1708//1708 2131//2131
f 1659//1659 2132//2132 2079//2079
f 2080//2080 2133//2133 2135//2135
f 2083//2083 2134//2134 2048//2048
f 2047//2047 2135//2135 2136//2136
f 2047//2047 2136//2136 2055//2055
f 2137//2137 2140//2140 2144//2144
f 2147//2147 2143//2143 2149//2149
f 2148//2148 2150//2150 2144//2144
f 2144//2144 2150//2150 2151//2151
f 2144//2144 2151//2151 2154//2154
f 2157//2157 2159//2159 1735//1735
f 2160//2160 2162//2162 1965//1965
f 1964//1964 2163//2163 2164//2164
f 1963//1963 2165//2165 2078//2078
f 2081//2081 2166//2166 2167//2167
f 2085//2085 2168//2168 2169//2169
f 2172//2172 2177//2177 2180//2180
f 2181//2181 2176//2176 2182//2182
f 2183//2183 2185//2185 2154//2154
f 2155//2155 2184//2184 2187//2187
f 2188//2188 2146//2146 2190//2190
f 2191//2191 2145//2145 2152//2152
f 2189//2189 2153//2153 2192//2192
f 2193//2193 2156//2156 2186//2186
f 2182//2182 2194//2194 2181//2181
f 2181//2181 2194//2194 2196//2196
f 2179//2179 2197//2197 2200//2200
f 2199//2199 2195//2195 2142//2142
f 2198//2198 2141//2141 2202//2202
f 2201//2201 2140//2140 2137//2137
f 2201//2201 2137//2137 2204//2204
f 2205//2205 2208//2208 1660//1660
f 1675//1675 2207//2207 2210//2210
f 1668//1668 2209//2209 2175//2175
f 2211//2211 2213//2213 2137//2137
f 2138//2138 2212//2212 2214//2214
f 2139//2139 2215//2215 2203//2203
f 2170//2170 2216//2216 2080//2080
f 2080//2080 2216//2216 2217//2217
f 2080//2080 2217//2217 1660//1660
f 1669//1669 2218//2218 2219//2219
f 1676//1676 2220//2220 2206//2206
f 2221//2221 2224//2224 1660//1660
f 1674//1674 2223//2223 2226//2226
f 1671//1671 2227//2227 1736//1736
f 1741//1741 2225//2225 2228//2228
f 1740//1740 2229//2229 2158//2158
f 2159//2159 2230//2230 1735//1735
f 1735//1735 2230//2230 2231//2231
f 1735//1735 2231//2231 1959//1959
f 1957//1957 2232//2232 2233//2233
f 1959//1959 2234//2234 2161//2161
f 2178//2178 2236//2236 2174//2174
f 2171//2171 2235//2235 2239//2239
f 2173//2173 2237//2237 1670//1670
f 1672//1672 2238//2238 2240//2240
f 1673//1673 2241//2241 2222//2222
f 1954//1954 2242//2242 1956//1956
f 1959//1959 2243//2243 1758//1758
f 1961//1961 1757//1757 1734//1734
f 1739//1739 1756//1756 1762//1762
f 1735//1735 1760//1760 1730//1730
f 2244//2244 2246//2246 2254//2254
f 2252//2252 2247//2247 1911//1911
f 2252//2252 1911//1911 1799//1799
f 1799//1799 1911//1911 1908//1908
f 1794//1794 1907//1907 1788//1788
f 2260//2260 2262//2262 1799//1799
f 1803//1803 2261//2261 2264//2264
f 1793//1793 2263//2263 2258//2258
f 2249//2249 2265//2265 2266//2266
f 2253//2253 2267//2267 2268//2268
f 2270//2270 2281//2281 2287//2287
f 2286//2286 2283//2283 2255//2255
f 2285//2285 2252//2252 2288//2288
f 2288//2288 2252//2252 2269//2269
f 2271//2271 2290//2290 2280//2280
f 2279//2279 2289//2289 2292//2292
f 2284//2284 2291//2291 1653//1653
f 1648//1648 2293//2293 2294//2294
f 1645//1645 2295//2295 2297//2297
f 2296//2296 2260//2260 1643//1643
f 1652//1652 2259//2259 1802//1802
f 1643//1643 1799//1799 1770//1770
f 1770//1770 1799//1799 1836//1836
f 1772//1772 1837//1837 1766//1766
f 1931//1931 2298//2298 1640//1640
f 1642//1642 2299//2299 2301//2301
f 1641//1641 2302//2302 1647//1647
f 1643//1643 2300//2300 2304//2304
f 1646//1646 2305//2305 2277//2277
f 2248//2248 2306//2306 2308//2308
f 1978//1978 2245//2245 1976//1976
f 1976//1976 2245//2245 2252//2252
f 1975//1975 2257//2257 2312//2312
f 2310//2310 2252//2252 2318//2318
f 2324//2324 2327//2327 2282//2282
f 2275//2275 2326//2326 2328//2328
f 2319//2319 2330//2330 2315//2315
f 2316//2316 2331//2331 2332//2332
f 2311//2311 2333//2333 2335//2335
f 2336//2336 2339//2339 2340//2340
f 2343//2343 2338//2338 2345//2345
f 2346//2346 2344//2344 2352//2352
f 2307//2307 2250//2250 2355//2355
f 2354//2354 2252//2252 2282//2282
f 2354//2354 2282//2282 2357//2357
f 2309//2309 2359//2359 2252//2252
f 2251//2251 2360//2360 2362//2362
f 2256//2256 2363//2363 2321//2321
f 2320//2320 2361//2361 2364//2364
f 2318//2318 2365//2365 2367//2367
f 2368//2368 2366//2366 2370//2370
f 2367//2367 2369//2369 2373//2373
f 2372//2372 2371//2371 2374//2374
f 2334//2334 2376//2376 2310//2310
f 2313//2313 2375//2375 2377//2377
f 2317//2317 2378//2378 2380//2380
f 2381//2381 2383//2383 2385//2385
f 2386//2386 2382//2382 2388//2388
f 2384//2384 2389//2389 2392//2392
f 2390//2390 2387//2387 2395//2395
f 2391//2391 2394//2394 2350//2350
f 2353//2353 2393//2393 2325//2325
f 2351//2351 2322//2322 2349//2349
f 2348//2348 2323//2323 2272//2272
f 2347//2347 2282//2282 1939//1939
f 1940//1940 2273//2273 2303//2303
f 1941//1941 2396//2396 1936//1936
f 2379//2379 2397//2397 2310//2310
f 2314//2314 2398//2398 2399//2399
f 2310//2310 2400//2400 2343//2343
f 2341//2341 2401//2401 2402//2402
f 2342//2342 2403//2403 2337//2337
f 2329//2329 2405//2405 2276//2276
f 2278//2278 2404//2404 2406//2406
f 2274//2274 2408//2408 2358//2358
f 2356//2356 2407//2407 2409//2409
f 2357//2357 2410//2410 2411//2411
f 2411//2411 2410//2410 2412//2412
f 2413//2413 2414//2414 2415//2415
f 2415//2415 2414//2414 2416//2416
f 2417//2417 2418//2418 2419//2419
f 2420//2420 2422//2422 2424//2424
f 2425//2425 2421//2421 2427//2427
f 2423//2423 2426//2426 2414//2414
f 2414//2414 2426//2426 2428//2428
f 2414//2414 2428//2428 2416//2416
f 2418//2418 2417//2417 2429//2429
f 2429//2429 2417//2417 2430//2430
f 2429//2429 2430//2430 2431//2431
f 2431//2431 2430//2430 2432//2432
f 2431//2431 2432//2432 2434//2434
f 2435//2435 2433//2433 2436//2436
f 2435//2435 2436//2436 2437//2437
f 2437//2437 2436//2436 2438//2438
f 2439//2439 2437//2437 2438//2438
f 2439//2439 2438//2438 2440//2440
f 2440//2440 2438//2438 2441//2441
f 2440//2440 2441//2441 2442//2442
f 2442//2442 2441//2441 2443//2443
f 2443//2443 2441//2441 2444//2444
f 2443//2443 2444//2444 2445//2445
f 2445//2445 2444//2444 2446//2446
f 2445//2445 2446//2446 2447//2447
f 2447//2447 2446//2446 2448//2448
f 2447//2447 2448//2448 2449//2449
f 2449//2449 2448//2448 2450//2450
f 2451//2451 2449//2449 2450//2450
f 2452//2452 2453//2453 2454//2454
f 2454//2454 2453//2453 2455//2455
f 2452//2452 2456//2456 2453//2453
f 2458//2458 2457//2457 2461//2461
f 2459//2459 2460//2460 2450//2450
f 2450//2450 2460//2460 2462//2462
f 2450//2450 2462//2462 2451//2451
f 2455//2455 2453//2453 2463//2463
f 2463//2463 2453//2453 2464//2464
f 2463//2463 2464//2464 2465//2465
f 2465//2465 2464//2464 2466//2466
f 2465//2465 2466//2466 2468//2468
f 2469//2469 2467//2467 2470//2470
f 2469//2469 2470//2470 2471//2471
f 2471//2471 2470//2470 2472//2472
f 2473//2473 2471//2471 2472//2472
f 2473//2473 2472//2472 2474//2474
f 2475//2475 2476//2476 2477//2477
f 2475//2475 2477//2477 2478//2478
f 2478//2478 2477//2477 2479//2479
f 2479//2479 2477//2477 2480//2480
f 2479//2479 2480//2480 2481//2481
f 2481//2481 2480//2480 2482//2482
f 2481//2481 2482//2482 2413//2413
f 2413//2413 2482//2482 2414//2414
f 2483//2483 2484//2484 2485//2485
f 2485//2485 2484//2484 2486//2486
f 2487//2487 2488//2488 2489//2489
f 2489//2489 2488//2488 2490//2490
f 2489//2489 2490//2490 2491//2491
f 2492//2492 2493//2493 2494//2494
f 2494//2494 2493//2493 2495//2495
f 2494//2494 2495//2495 2496//2496
f 2497//2497 2498//2498 2499//2499
f 2499//2499 2498//2498 2500//2500
f 2499//2499 2500//2500 2495//2495
f 2495//2495 2500//2500 2501//2501
f 2495//2495 2501//2501 2496//2496
f 2496//2496 2501//2501 2502//2502
f 2496//2496 2502//2502 2503//2503
f 2503//2503 2502//2502 2504//2504
f 2499//2499 2505//2505 2497//2497
f 2497//2497 2505//2505 2506//2506
f 2497//2497 2506//2506 2507//2507
f 2507//2507 2506//2506 2508//2508
f 2507//2507 2508//2508 2509//2509
f 2509//2509 2508//2508 2510//2510
f 2509//2509 2510//2510 2511//2511
f 2511//2511 2510//2510 2512//2512
f 2484//2484 2489//2489 2486//2486
f 2486//2486 2489//2489 2491//2491
f 2486//2486 2491//2491 2513//2513
f 2513//2513 2491//2491 2514//2514
f 2513//2513 2514//2514 2515//2515
f 2515//2515 2514//2514 2516//2516
f 2515//2515 2516//2516 2517//2517
f 2517//2517 2516//2516 2518//2518
f 2517//2517 2518//2518 2519//2519
f 2519//2519 2518//2518 2520//2520
f 2487//2487 2521//2521 2488//2488
f 2488//2488 2521//2521 2522//2522
f 2488//2488 2522//2522 2504//2504
f 2504//2504 2522//2522 2523//2523
f 2504//2504 2523//2523 2503//2503
f 2518//2518 2524//2524 2520//2520
f 2520//2520 2524//2524 2525//2525
f 2520//2520 2525//2525 2526//2526
f 2526//2526 2525//2525 2527//2527
f 2526//2526 2527//2527 2528//2528
f 2510//2510 2529//2529 2512//2512
f 2512//2512 2529//2529 2530//2530
f 2512//2512 2530//2530 2527//2527
f 2527//2527 2530//2530 2531//2531
f 2527//2527 2531//2531 2528//2528
f 2532//2532 2533//2533 2534//2534
f 2535//2535 2515//2515 2517//2517
f 2535//2535 2517//2517 2536//2536
f 2536//2536 2517//2517 2519//2519
f 2536//2536 2519//2519 2537//2537
f 2537//2537 2519//2519 2520//2520
f 2537//2537 2520//2520 2538//2538
f 2532//2532 2534//2534 2539//2539
f 2539//2539 2534//2534 2540//2540
f 2539//2539 2540//2540 2541//2541
f 2541//2541 2540//2540 2542//2542
f 2541//2541 2542//2542 2543//2543
f 2544//2544 2545//2545 2483//2483
f 2546//2546 2547//2547 2548//2548
f 2548//2548 2547//2547 2549//2549
f 2548//2548 2549//2549 2550//2550
f 2550//2550 2551//2551 2548//2548
f 2548//2548 2551//2551 2552//2552
f 2548//2548 2552//2552 2553//2553
f 2553//2553 2552//2552 2554//2554
f 2553//2553 2554//2554 2555//2555
f 2555//2555 2554//2554 2533//2533
f 2555//2555 2533//2533 2532//2532
f 2483//2483 2485//2485 2544//2544
f 2544//2544 2485//2485 2486//2486
f 2544//2544 2486//2486 2556//2556
f 2556//2556 2486//2486 2513//2513
f 2556//2556 2513//2513 2557//2557
f 2557//2557 2513//2513 2515//2515
f 2557//2557 2515//2515 2535//2535
f 2546//2546 2558//2558 2547//2547
f 2547//2547 2558//2558 2559//2559
f 2547//2547 2559//2559 2549//2549
f 2546//2546 2560//2560 2558//2558
f 2558//2558 2560//2560 2561//2561
f 2558//2558 2561//2561 2559//2559
f 2562//2562 2561//2561 2563//2563
f 2562//2562 2563//2563 2564//2564
f 2549//2549 2559//2559 2550//2550
f 2545//2545 2562//2562 2564//2564
f 2545//2545 2564//2564 2483//2483
f 2565//2565 2492//2492 2566//2566
f 2566//2566 2492//2492 2494//2494
f 2566//2566 2494//2494 2567//2567
f 2567//2567 2494//2494 2496//2496
f 2567//2567 2496//2496 2568//2568
f 2568//2568 2496//2496 2503//2503
f 2568//2568 2503//2503 2569//2569
f 2569//2569 2503//2503 2523//2523
f 2569//2569 2523//2523 2570//2570
f 2570//2570 2523//2523 2522//2522
f 2570//2570 2522//2522 2571//2571
f 2571//2571 2522//2522 2521//2521
f 2571//2571 2521//2521 2572//2572
f 2572//2572 2521//2521 2487//2487
f 2572//2572 2487//2487 2573//2573
f 2573//2573 2487//2487 2489//2489
f 2573//2573 2489//2489 2574//2574
f 2574//2574 2489//2489 2484//2484
f 2574//2574 2484//2484 2564//2564
f 2564//2564 2484//2484 2483//2483
f 2575//2575 2576//2576 2577//2577
f 2577//2577 2576//2576 2578//2578
f 2577//2577 2578//2578 2579//2579
f 2579//2579 2578//2578 2580//2580
f 2579//2579 2580//2580 2581//2581
f 2581//2581 2580//2580 2582//2582
f 2581//2581 2582//2582 2583//2583
f 2583//2583 2582//2582 2584//2584
f 2583//2583 2584//2584 2585//2585
f 2585//2585 2584//2584 2586//2586
f 2585//2585 2586//2586 2587//2587
f 2587//2587 2586//2586 2588//2588
f 2587//2587 2588//2588 2589//2589
f 2589//2589 2588//2588 2590//2590
f 2589//2589 2590//2590 2591//2591
f 2591//2591 2590//2590 2592//2592
f 2591//2591 2592//2592 2593//2593
f 2593//2593 2592//2592 2594//2594
f 2593//2593 2594//2594 2563//2563
f 2563//2563 2594//2594 2564//2564
f 2595//2595 2596//2596 2597//2597
f 2597//2597 2596//2596 2598//2598
f 2597//2597 2598//2598 2599//2599
f 2599//2599 2598//2598 2600//2600
f 2601//2601 2602//2602 2565//2565
f 2565//2565 2602//2602 2492//2492
f 2595//2595 2597//2597 2603//2603
f 2603//2603 2597//2597 2599//2599
f 2603//2603 2599//2599 2604//2604
f 2604//2604 2599//2599 2576//2576
f 2604//2604 2576//2576 2575//2575
f 2605//2605 2606//2606 2607//2607
f 2607//2607 2606//2606 2608//2608
f 2607//2607 2608//2608 2609//2609
f 2609//2609 2608//2608 2610//2610
f 2609//2609 2610//2610 2611//2611
f 2611//2611 2610//2610 2612//2612
f 2611//2611 2612//2612 2613//2613
f 2613//2613 2612//2612 2614//2614
f 2613//2613 2614//2614 2615//2615
f 2615//2615 2614//2614 2616//2616
f 2615//2615 2616//2616 2617//2617
f 2617//2617 2616//2616 2618//2618
f 2617//2617 2618//2618 2619//2619
f 2619//2619 2618//2618 2620//2620
f 2619//2619 2620//2620 2621//2621
f 2621//2621 2620//2620 2622//2622
f 2621//2621 2622//2622 2623//2623
f 2623//2623 2622//2622 2624//2624
f 2623//2623 2624//2624 2625//2625
f 2625//2625 2624//2624 2626//2626
f 2625//2625 2626//2626 2627//2627
f 2627//2627 2626//2626 2628//2628
f 2627//2627 2628//2628 2629//2629
f 2629//2629 2628//2628 2630//2630
f 2629//2629 2630//2630 2631//2631
f 2631//2631 2630//2630 2632//2632
f 2631//2631 2632//2632 2633//2633
f 2633//2633 2632//2632 2634//2634
f 2633//2633 2634//2634 2635//2635
f 2635//2635 2634//2634 2636//2636
f 2635//2635 2636//2636 2637//2637
f 2637//2637 2636//2636 2638//2638
f 2637//2637 2638//2638 2639//2639
f 2639//2639 2638//2638 2640//2640
f 2639//2639 2640//2640 2641//2641
f 2641//2641 2640//2640 2642//2642
f 2641//2641 2642//2642 2643//2643
f 2643//2643 2642//2642 2644//2644
f 2643//2643 2644//2644 2645//2645
f 2645//2645 2644//2644 2646//2646
f 2645//2645 2646//2646 2647//2647
f 2647//2647 2646//2646 2648//2648
f 2647//2647 2648//2648 2649//2649
f 2649//2649 2648//2648 2650//2650
f 2649//2649 2650//2650 2651//2651
f 2651//2651 2650//2650 2652//2652
f 2651//2651 2652//2652 2653//2653
f 2653//2653 2652//2652 2654//2654
f 2653//2653 2654//2654 2655//2655
f 2655//2655 2654//2654 2656//2656
f 2655//2655 2656//2656 2657//2657
f 2657//2657 2656//2656 2658//2658
f 2657//2657 2658//2658 2659//2659
f 2659//2659 2658//2658 2660//2660
f 2659//2659 2660//2660 2661//2661
f 2661//2661 2660//2660 2662//2662
f 2661//2661 2662//2662 2663//2663
f 2663//2663 2662//2662 2664//2664
f 2663//2663 2664//2664 2665//2665
f 2665//2665 2664//2664 2666//2666
f 2665//2665 2666//2666 2667//2667
f 2667//2667 2666//2666 2668//2668
f 2667//2667 2668//2668 2669//2669
f 2669//2669 2668//2668 2670//2670
f 2669//2669 2670//2670 2671//2671
f 2671//2671 2670//2670 2672//2672
f 2671//2671 2672//2672 2673//2673
f 2673//2673 2672//2672 2674//2674
f 2673//2673 2674//2674 2675//2675
f 2675//2675 2674//2674 2676//2676
f 2675//2675 2676//2676 2605//2605
f 2605//2605 2676//2676 2606//2606
f 2492//2492 2602//2602 2677//2677
f 2600//2600 2598//2598 2678//2678
f 2678//2678 2598//2598 2596//2596
f 2678//2678 2596//2596 2595//2595
f 2600//2600 2678//2678 2679//2679
f 2679//2679 2678//2678 2680//2680
f 2679//2679 2680//2680 2681//2681
f 2681//2681 2680//2680 2682//2682
f 2681//2681 2682//2682 2683//2683
f 2683//2683 2682//2682 2684//2684
f 2683//2683 2684//2684 2685//2685
f 2492//2492 2677//2677 2493//2493
f 2493//2493 2677//2677 2686//2686
f 2493//2493 2686//2686 2495//2495
f 2495//2495 2686//2686 2687//2687
f 2495//2495 2687//2687 2499//2499
f 2499//2499 2687//2687 2688//2688
f 2499//2499 2688//2688 2505//2505
f 2689//2689 2690//2690 2691//2691
f 2692//2692 2510//2510 2508//2508
f 2692//2692 2508//2508 2693//2693
f 2693//2693 2508//2508 2506//2506
f 2693//2693 2506//2506 2694//2694
f 2694//2694 2506//2506 2505//2505
f 2694//2694 2505//2505 2688//2688
f 2689//2689 2691//2691 2695//2695
f 2695//2695 2691//2691 2696//2696
f 2695//2695 2696//2696 2697//2697
f 2697//2697 2696//2696 2685//2685
f 2697//2697 2685//2685 2684//2684
f 2543//2543 2542//2542 2698//2698
f 2538//2538 2520//2520 2526//2526
f 2538//2538 2526//2526 2699//2699
f 2699//2699 2526//2526 2528//2528
f 2699//2699 2528//2528 2700//2700
f 2700//2700 2528//2528 2531//2531
f 2700//2700 2531//2531 2701//2701
f 2701//2701 2531//2531 2530//2530
f 2701//2701 2530//2530 2702//2702
f 2702//2702 2530//2530 2529//2529
f 2702//2702 2529//2529 2703//2703
f 2703//2703 2529//2529 2510//2510
f 2703//2703 2510//2510 2692//2692
f 2543//2543 2698//2698 2704//2704
f 2704//2704 2698//2698 2705//2705
f 2704//2704 2705//2705 2706//2706
f 2706//2706 2705//2705 2707//2707
f 2706//2706 2707//2707 2708//2708
f 2708//2708 2707//2707 2709//2709
f 2708//2708 2709//2709 2710//2710
f 2710//2710 2709//2709 2711//2711
f 2710//2710 2711//2711 2712//2712
f 2712//2712 2711//2711 2690//2690
f 2712//2712 2690//2690 2689//2689
f 2543//2543 2713//2713 2714//2714
f 2543//2543 2714//2714 2541//2541
f 2541//2541 2714//2714 2715//2715
f 2541//2541 2715//2715 2539//2539
f 2539//2539 2715//2715 2716//2716
f 2539//2539 2716//2716 2532//2532
f 2717//2717 2546//2546 2718//2718
f 2718//2718 2546//2546 2548//2548
f 2718//2718 2548//2548 2719//2719
f 2719//2719 2548//2548 2553//2553
f 2719//2719 2553//2553 2720//2720
f 2720//2720 2553//2553 2555//2555
f 2720//2720 2555//2555 2716//2716
f 2716//2716 2555//2555 2532//2532
f 2546//2546 2717//2717 2721//2721
f 2595//2595 2603//2603 2664//2664
f 2664//2664 2603//2603 2604//2604
f 2664//2664 2604//2604 2666//2666
f 2666//2666 2604//2604 2575//2575
f 2666//2666 2575//2575 2668//2668
f 2668//2668 2575//2575 2577//2577
f 2668//2668 2577//2577 2670//2670
f 2670//2670 2577//2577 2579//2579
f 2670//2670 2579//2579 2672//2672
f 2672//2672 2579//2579 2581//2581
f 2672//2672 2581//2581 2674//2674
f 2674//2674 2581//2581 2583//2583
f 2674//2674 2583//2583 2676//2676
f 2676//2676 2583//2583 2585//2585
f 2676//2676 2585//2585 2606//2606
f 2606//2606 2585//2585 2587//2587
f 2606//2606 2587//2587 2608//2608
f 2608//2608 2587//2587 2589//2589
f 2608//2608 2589//2589 2610//2610
f 2610//2610 2589//2589 2591//2591
f 2610//2610 2591//2591 2612//2612
f 2612//2612 2591//2591 2593//2593
f 2612//2612 2593//2593 2614//2614
f 2614//2614 2593//2593 2563//2563
f 2614//2614 2563//2563 2616//2616
f 2616//2616 2563//2563 2561//2561
f 2616//2616 2561//2561 2560//2560
f 2618//2618 2722//2722 2620//2620
f 2620//2620 2722//2722 2723//2723
f 2620//2620 2723//2723 2622//2622
f 2560//2560 2546//2546 2616//2616
f 2616//2616 2546//2546 2721//2721
f 2616//2616 2721//2721 2618//2618
f 2618//2618 2721//2721 2724//2724
f 2618//2618 2724//2724 2722//2722
f 2628//2628 2626//2626 2725//2725
f 2723//2723 2726//2726 2622//2622
f 2622//2622 2726//2726 2727//2727
f 2622//2622 2727//2727 2624//2624
f 2624//2624 2727//2727 2728//2728
f 2624//2624 2728//2728 2626//2626
f 2626//2626 2728//2728 2729//2729
f 2626//2626 2729//2729 2725//2725
f 2725//2725 2730//2730 2628//2628
f 2628//2628 2730//2730 2731//2731
f 2628//2628 2731//2731 2630//2630
f 2630//2630 2731//2731 2732//2732
f 2630//2630 2732//2732 2632//2632
f 2732//2732 2733//2733 2632//2632
f 2632//2632 2733//2733 2734//2734
f 2632//2632 2734//2734 2634//2634
f 2634//2634 2734//2734 2735//2735
f 2634//2634 2735//2735 2636//2636
f 2642//2642 2736//2736 2644//2644
f 2644//2644 2736//2736 2737//2737
f 2644//2644 2737//2737 2646//2646
f 2735//2735 2738//2738 2636//2636
f 2636//2636 2738//2738 2739//2739
f 2636//2636 2739//2739 2638//2638
f 2638//2638 2739//2739 2740//2740
f 2638//2638 2740//2740 2640//2640
f 2640//2640 2740//2740 2741//2741
f 2640//2640 2741//2741 2642//2642
f 2642//2642 2741//2741 2742//2742
f 2642//2642 2742//2742 2736//2736
f 2743//2743 2652//2652 2650//2650
f 2737//2737 2744//2744 2646//2646
f 2646//2646 2744//2744 2745//2745
f 2646//2646 2745//2745 2648//2648
f 2648//2648 2745//2745 2746//2746
f 2648//2648 2746//2746 2650//2650
f 2650//2650 2746//2746 2747//2747
f 2650//2650 2747//2747 2743//2743
f 2743//2743 2748//2748 2652//2652
f 2652//2652 2748//2748 2749//2749
f 2652//2652 2749//2749 2654//2654
f 2654//2654 2749//2749 2750//2750
f 2654//2654 2750//2750 2656//2656
f 2750//2750 2751//2751 2656//2656
f 2656//2656 2751//2751 2752//2752
f 2656//2656 2752//2752 2658//2658
f 2658//2658 2752//2752 2753//2753
f 2658//2658 2753//2753 2660//2660
f 2754//2754 2595//2595 2755//2755
f 2755//2755 2595//2595 2664//2664
f 2755//2755 2664//2664 2756//2756
f 2756//2756 2664//2664 2662//2662
f 2756//2756 2662//2662 2757//2757
f 2757//2757 2662//2662 2660//2660
f 2757//2757 2660//2660 2758//2758
f 2758//2758 2660//2660 2753//2753
f 2759//2759 2684//2684 2760//2760
f 2760//2760 2684//2684 2682//2682
f 2760//2760 2682//2682 2761//2761
f 2761//2761 2682//2682 2680//2680
f 2761//2761 2680//2680 2762//2762
f 2762//2762 2680//2680 2678//2678
f 2762//2762 2678//2678 2754//2754
f 2754//2754 2678//2678 2595//2595
f 2684//2684 2759//2759 2763//2763
f 2684//2684 2763//2763 2697//2697
f 2697//2697 2763//2763 2764//2764
f 2697//2697 2764//2764 2695//2695
f 2695//2695 2764//2764 2765//2765
f 2695//2695 2765//2765 2689//2689
f 2689//2689 2765//2765 2712//2712
f 2712//2712 2765//2765 2766//2766
f 2712//2712 2766//2766 2710//2710
f 2710//2710 2766//2766 2767//2767
f 2710//2710 2767//2767 2708//2708
f 2708//2708 2767//2767 2768//2768
f 2708//2708 2768//2768 2706//2706
f 2706//2706 2768//2768 2769//2769
f 2706//2706 2769//2769 2704//2704
f 2704//2704 2769//2769 2770//2770
f 2704//2704 2770//2770 2543//2543
f 2543//2543 2770//2770 2713//2713
f 2713//2713 2771//2771 2772//2772
f 2771//2771 2773//2773 2774//2774
f 2771//2771 2774//2774 2772//2772
f 2772//2772 2774//2774 2775//2775
f 2772//2772 2775//2775 2776//2776
f 2776//2776 2775//2775 2777//2777
f 2776//2776 2777//2777 2778//2778
f 2713//2713 2772//2772 2714//2714
f 2714//2714 2772//2772 2776//2776
f 2714//2714 2776//2776 2715//2715
f 2715//2715 2776//2776 2778//2778
f 2715//2715 2778//2778 2716//2716
f 2716//2716 2778//2778 2779//2779
f 2778//2778 2777//2777 2780//2780
f 2778//2778 2780//2780 2779//2779
f 2779//2779 2780//2780 2781//2781
f 2779//2779 2781//2781 2782//2782
f 2782//2782 2781//2781 2783//2783
f 2782//2782 2783//2783 2784//2784
f 2784//2784 2783//2783 2785//2785
f 2784//2784 2785//2785 2786//2786
f 2716//2716 2779//2779 2720//2720
f 2720//2720 2779//2779 2782//2782
f 2720//2720 2782//2782 2719//2719
f 2719//2719 2782//2782 2784//2784
f 2719//2719 2784//2784 2718//2718
f 2718//2718 2784//2784 2786//2786
f 2718//2718 2786//2786 2717//2717
f 2724//2724 2787//2787 2788//2788
f 2786//2786 2785//2785 2789//2789
f 2787//2787 2724//2724 2786//2786
f 2786//2786 2724//2724 2721//2721
f 2786//2786 2721//2721 2717//2717
f 2790//2790 2726//2726 2791//2791
f 2791//2791 2726//2726 2723//2723
f 2791//2791 2723//2723 2788//2788
f 2788//2788 2723//2723 2722//2722
f 2788//2788 2722//2722 2724//2724
f 2792//2792 2729//2729 2793//2793
f 2793//2793 2729//2729 2728//2728
f 2793//2793 2728//2728 2790//2790
f 2790//2790 2728//2728 2727//2727
f 2790//2790 2727//2727 2726//2726
f 2794//2794 2731//2731 2795//2795
f 2795//2795 2731//2731 2730//2730
f 2795//2795 2730//2730 2792//2792
f 2792//2792 2730//2730 2725//2725
f 2792//2792 2725//2725 2729//2729
f 2796//2796 2734//2734 2797//2797
f 2797//2797 2734//2734 2733//2733
f 2797//2797 2733//2733 2794//2794
f 2794//2794 2733//2733 2732//2732
f 2794//2794 2732//2732 2731//2731
f 2798//2798 2742//2742 2799//2799
f 2799//2799 2742//2742 2741//2741
f 2799//2799 2741//2741 2800//2800
f 2800//2800 2741//2741 2740//2740
f 2800//2800 2740//2740 2801//2801
f 2801//2801 2740//2740 2739//2739
f 2801//2801 2739//2739 2802//2802
f 2802//2802 2739//2739 2738//2738
f 2802//2802 2738//2738 2796//2796
f 2796//2796 2738//2738 2735//2735
f 2796//2796 2735//2735 2734//2734
f 2744//2744 2737//2737 2798//2798
f 2798//2798 2737//2737 2736//2736
f 2798//2798 2736//2736 2742//2742
f 2798//2798 2803//2803 2744//2744
f 2744//2744 2803//2803 2804//2804
f 2744//2744 2804//2804 2745//2745
f 2745//2745 2804//2804 2746//2746
f 2746//2746 2804//2804 2805//2805
f 2746//2746 2805//2805 2747//2747
f 2747//2747 2805//2805 2806//2806
f 2747//2747 2806//2806 2743//2743
f 2743//2743 2806//2806 2748//2748
f 2748//2748 2806//2806 2807//2807
f 2748//2748 2807//2807 2749//2749
f 2749//2749 2807//2807 2808//2808
f 2749//2749 2808//2808 2750//2750
f 2750//2750 2808//2808 2751//2751
f 2751//2751 2808//2808 2809//2809
f 2751//2751 2809//2809 2752//2752
f 2752//2752 2809//2809 2810//2810
f 2752//2752 2810//2810 2753//2753
f 2753//2753 2810//2810 2758//2758
f 2758//2758 2810//2810 2811//2811
f 2758//2758 2811//2811 2757//2757
f 2757//2757 2811//2811 2812//2812
f 2757//2757 2812//2812 2756//2756
f 2786//2786 2789//2789 2787//2787
f 2787//2787 2789//2789 2813//2813
f 2787//2787 2813//2813 2788//2788
f 2788//2788 2813//2813 2814//2814
f 2788//2788 2814//2814 2791//2791
f 2791//2791 2814//2814 2815//2815
f 2791//2791 2815//2815 2790//2790
f 2790//2790 2815//2815 2816//2816
f 2790//2790 2816//2816 2793//2793
f 2793//2793 2816//2816 2817//2817
f 2793//2793 2817//2817 2792//2792
f 2792//2792 2817//2817 2818//2818
f 2792//2792 2818//2818 2795//2795
f 2795//2795 2818//2818 2819//2819
f 2795//2795 2819//2819 2794//2794
f 2794//2794 2819//2819 2820//2820
f 2794//2794 2820//2820 2797//2797
f 2797//2797 2820//2820 2821//2821
f 2797//2797 2821//2821 2796//2796
f 2796//2796 2821//2821 2822//2822
f 2796//2796 2822//2822 2802//2802
f 2802//2802 2822//2822 2823//2823
f 2802//2802 2823//2823 2801//2801
f 2801//2801 2823//2823 2824//2824
f 2801//2801 2824//2824 2800//2800
f 2800//2800 2824//2824 2825//2825
f 2800//2800 2825//2825 2799//2799
f 2799//2799 2825//2825 2826//2826
f 2799//2799 2826//2826 2798//2798
f 2798//2798 2826//2826 2827//2827
f 2798//2798 2827//2827 2803//2803
f 2803//2803 2827//2827 2828//2828
f 2803//2803 2828//2828 2804//2804
f 2804//2804 2828//2828 2829//2829
f 2804//2804 2829//2829 2805//2805
f 2805//2805 2829//2829 2830//2830
f 2805//2805 2830//2830 2806//2806
f 2806//2806 2830//2830 2831//2831
f 2806//2806 2831//2831 2807//2807
f 2807//2807 2831//2831 2832//2832
f 2807//2807 2832//2832 2808//2808
f 2808//2808 2832//2832 2833//2833
f 2808//2808 2833//2833 2809//2809
f 2809//2809 2833//2833 2834//2834
f 2809//2809 2834//2834 2810//2810
f 2810//2810 2834//2834 2835//2835
f 2810//2810 2835//2835 2811//2811
f 2811//2811 2835//2835 2836//2836
f 2811//2811 2836//2836 2812//2812
f 2812//2812 2836//2836 2837//2837
f 2812//2812 2837//2837 2838//2838
f 2756//2756 2812//2812 2755//2755
f 2755//2755 2812//2812 2838//2838
f 2755//2755 2838//2838 2754//2754
f 2754//2754 2838//2838 2839//2839
f 2838//2838 2837//2837 2840//2840
f 2838//2838 2840//2840 2839//2839
f 2839//2839 2840//2840 2841//2841
f 2839//2839 2841//2841 2842//2842
f 2842//2842 2841//2841 2843//2843
f 2842//2842 2843//2843 2844//2844
f 2844//2844 2843//2843 2845//2845
f 2844//2844 2845//2845 2846//2846
f 2754//2754 2839//2839 2762//2762
f 2762//2762 2839//2839 2842//2842
f 2762//2762 2842//2842 2761//2761
f 2761//2761 2842//2842 2844//2844
f 2761//2761 2844//2844 2760//2760
f 2760//2760 2844//2844 2846//2846
f 2760//2760 2846//2846 2759//2759
f 2759//2759 2846//2846 2847//2847
f 2846//2846 2845//2845 2848//2848
f 2846//2846 2848//2848 2847//2847
f 2847//2847 2848//2848 2849//2849
f 2847//2847 2849//2849 2850//2850
f 2850//2850 2849//2849 2851//2851
f 2850//2850 2851//2851 2852//2852
f 2759//2759 2847//2847 2763//2763
f 2763//2763 2847//2847 2850//2850
f 2763//2763 2850//2850 2764//2764
f 2764//2764 2850//2850 2852//2852
f 2764//2764 2852//2852 2765//2765
f 2765//2765 2852//2852 2853//2853
f 2852//2852 2851//2851 2854//2854
f 2852//2852 2854//2854 2853//2853
f 2853//2853 2854//2854 2855//2855
f 2853//2853 2855//2855 2856//2856
f 2856//2856 2855//2855 2857//2857
f 2856//2856 2857//2857 2858//2858
f 2858//2858 2857//2857 2859//2859
f 2858//2858 2859//2859 2860//2860
f 2860//2860 2859//2859 2861//2861
f 2860//2860 2861//2861 2862//2862
f 2862//2862 2861//2861 2773//2773
f 2862//2862 2773//2773 2771//2771
f 2765//2765 2853//2853 2766//2766
f 2766//2766 2853//2853 2856//2856
f 2766//2766 2856//2856 2767//2767
f 2767//2767 2856//2856 2858//2858
f 2767//2767 2858//2858 2768//2768
f 2768//2768 2858//2858 2860//2860
f 2768//2768 2860//2860 2769//2769
f 2769//2769 2860//2860 2862//2862
f 2769//2769 2862//2862 2770//2770
f 2770//2770 2862//2862 2771//2771
f 2770//2770 2771//2771 2713//2713
f 2851//2851 2863//2863 2854//2854
f 2854//2854 2863//2863 2864//2864
f 2854//2854 2864//2864 2855//2855
f 2855//2855 2864//2864 2857//2857
f 2857//2857 2864//2864 2865//2865
f 2857//2857 2865//2865 2859//2859
f 2859//2859 2865//2865 2861//2861
f 2861//2861 2865//2865 2866//2866
f 2861//2861 2866//2866 2773//2773
f 2845//2845 2867//2867 2868//2868
f 2845//2845 2868//2868 2848//2848
f 2848//2848 2868//2868 2869//2869
f 2848//2848 2869//2869 2849//2849
f 2849//2849 2869//2869 2863//2863
f 2849//2849 2863//2863 2851//2851
f 2837//2837 2870//2870 2840//2840
f 2840//2840 2870//2870 2871//2871
f 2840//2840 2871//2871 2841//2841
f 2841//2841 2871//2871 2843//2843
f 2843//2843 2871//2871 2867//2867
f 2843//2843 2867//2867 2845//2845
f 2785//2785 2872//2872 2789//2789
f 2789//2789 2873//2873 2813//2813
f 2813//2813 2873//2873 2814//2814
f 2814//2814 2874//2874 2815//2815
f 2815//2815 2874//2874 2816//2816
f 2816//2816 2875//2875 2817//2817
f 2817//2817 2875//2875 2818//2818
f 2818//2818 2876//2876 2819//2819
f 2819//2819 2876//2876 2820//2820
f 2820//2820 2877//2877 2821//2821
f 2821//2821 2877//2877 2822//2822
f 2822//2822 2878//2878 2823//2823
f 2823//2823 2878//2878 2824//2824
f 2824//2824 2879//2879 2825//2825
f 2825//2825 2879//2879 2826//2826
f 2826//2826 2880//2880 2827//2827
f 2827//2827 2880//2880 2828//2828
f 2828//2828 2881//2881 2829//2829
f 2829//2829 2881//2881 2830//2830
f 2830//2830 2882//2882 2831//2831
f 2831//2831 2882//2882 2832//2832
f 2832//2832 2883//2883 2833//2833
f 2833//2833 2883//2883 2834//2834
f 2834//2834 2884//2884 2835//2835
f 2835//2835 2884//2884 2836//2836
f 2836//2836 2870//2870 2837//2837
f 2777//2777 2885//2885 2780//2780
f 2780//2780 2885//2885 2886//2886
f 2780//2780 2886//2886 2781//2781
f 2781//2781 2886//2886 2783//2783
f 2783//2783 2886//2886 2872//2872
f 2783//2783 2872//2872 2785//2785
f 2773//2773 2866//2866 2887//2887
f 2773//2773 2887//2887 2774//2774
f 2774//2774 2887//2887 2888//2888
f 2774//2774 2888//2888 2775//2775
f 2775//2775 2888//2888 2885//2885
f 2775//2775 2885//2885 2777//2777
f 2889//2889 2891//2891 2893//2893
f 2892//2892 2890//2890 2894//2894
f 2895//2895 2897//2897 2899//2899
f 2898//2898 2896//2896 2900//2900
f 2901//2901 2902//2902 2904//2904
f 2905//2905 2903//2903 2906//2906
f 2907//2907 2909//2909 2910//2910
f 2911//2911 2908//2908 2912//2912
f 2913//2913 2915//2915 2916//2916
f 2917//2917 2914//2914 2918//2918
f 2919//2919 2920//2920 2923//2923
f 2922//2922 2921//2921 2924//2924
f 2925//2925 2926//2926 2928//2928
f 2929//2929 2927//2927 2930//2930
f 2931//2931 2933//2933 2935//2935
f 2934//2934 2932//2932 2936//2936
f 2937//2937 2939//2939 2941//2941
f 2940//2940 2938//2938 2942//2942
f 2943//2943 2944//2944 2947//2947
f 2946//2946 2945//2945 2948//2948
f 2949//2949 2950//2950 2952//2952
f 2953//2953 2951//2951 2954//2954
f 2955//2955 2956//2956 2958//2958
f 2959//2959 2957//2957 2960//2960

