# https://github.com/mikedh/trimesh
v -0.03151100 -0.17337200 -0.00198300
v -0.03143400 -0.17327100 -0.00204600
v -0.02134300 -0.17333400 0.01037100
v -0.02126700 -0.17323300 0.01030800
v -0.02770300 -0.17335700 0.01806600
v -0.02778000 -0.17325800 0.01812900
v -0.02778000 -0.17325800 0.01812900
v -0.04028500 -0.17340500 0.00277800
v -0.04028500 -0.17340500 0.00277800
v -0.04036300 -0.17330500 0.00284100
v -0.01869100 -0.17072300 -0.00401300
v -0.01869400 -0.16982400 -0.00401300
v -0.01861400 -0.17072300 -0.00323600
v -0.01852400 -0.16982300 -0.00299100
v -0.01852100 -0.17072300 -0.00299100
v -0.01824500 -0.17072200 -0.00254800
v -0.01786600 -0.16982000 -0.00219200
v -0.01786300 -0.17072000 -0.00219200
v -0.01689700 -0.16981700 -0.00182900
v -0.01689400 -0.17071700 -0.00182900
v -0.01764100 -0.17072000 -0.00205400
v -0.02667800 -0.16985400 0.02450800
v -0.02667800 -0.16985400 0.02450800
v -0.02619300 -0.16985200 0.02356100
v -0.02619300 -0.16985200 0.02356100
v -0.02665800 -0.17535300 0.02450800
v -0.02665800 -0.17535300 0.02450800
v -0.02665800 -0.17535300 0.02450800
v -0.02617300 -0.17535200 0.02356100
v -0.01944900 -0.17082600 -0.01689600
v -0.01944200 -0.17272600 -0.01689600
v -0.01866600 -0.17272300 -0.01697400
v -0.01867300 -0.17082300 -0.01697400
v -0.01867300 -0.17082300 -0.01697400
v -0.01867300 -0.17082300 -0.01697400
v -0.01866600 -0.17272300 -0.01697400
v -0.01797800 -0.17272100 -0.01734300
v -0.01797800 -0.17272100 -0.01734300
v -0.01798500 -0.17082100 -0.01734300
v -0.01798500 -0.17082100 -0.01734300
v -0.01797800 -0.17272100 -0.01734300
v -0.01748400 -0.17271900 -0.01794700
v -0.01749100 -0.17081900 -0.01794700
v -0.01725900 -0.17271800 -0.01869400
v -0.01725900 -0.17271800 -0.01869400
v -0.01726600 -0.17071800 -0.01869400
v -0.01742500 -0.17081900 -0.01808200
v -0.01994700 -0.17082800 -0.01694500
v -0.01994000 -0.17272800 -0.01694500
v -0.00221300 -0.17066100 -0.00040400
v -0.00220500 -0.17266100 -0.00040400
v -0.00284400 -0.17076400 -0.00036500
v -0.00298200 -0.17266400 -0.00032600
v -0.00323400 -0.17076500 -0.00023400
v -0.00322600 -0.17266500 -0.00023400
v -0.00366900 -0.17266700 0.00004300
v -0.00403300 -0.17076800 0.00042400
v -0.00438900 -0.17267000 0.00139300
v -0.00439600 -0.17077000 0.00139300
v -0.00416400 -0.17266900 0.00064700
v -0.00402600 -0.17266800 0.00042400
v 0.00270900 -0.16974300 -0.00022700
v 0.00273000 -0.17524300 -0.00022700
v 0.00247300 -0.17264400 -0.00012500
v 0.00248300 -0.17524400 -0.00012500
v 0.00218400 -0.16974500 -0.00005300
v 0.00164300 -0.17264700 -0.00003000
v 0.00163200 -0.16974700 -0.00003000
v 0.00206300 -0.17274500 0.00006700
v 0.00181000 -0.17274600 0.00025100
v 0.00182000 -0.17524600 0.00025100
v 0.00134500 -0.17524800 0.00084700
v 0.00133600 -0.17274800 0.00084700
v 0.00112900 -0.17524900 0.00157800
v 0.00111900 -0.17274900 0.00157800
v -0.00444400 -0.17077000 0.00189100
v -0.00443700 -0.17267000 0.00189100
v -0.02602500 -0.17535100 0.02333800
v -0.02603500 -0.17275100 0.02333800
v -0.02592200 -0.16985100 0.02308000
v -0.02579300 -0.16985000 0.02254200
v -0.02578200 -0.17275000 0.02254200
v -0.02778000 -0.17325800 0.01812900
v -0.02770300 -0.17335700 0.01806600
v -0.02763900 -0.17325700 0.01814300
v -0.01690300 -0.17081700 -0.00172900
v -0.01689400 -0.17071700 -0.00182900
v -0.00284400 -0.17076400 -0.00036500
v -0.00221300 -0.17066100 -0.00040400
v -0.01870900 -0.17082400 -0.00320700
v -0.01870900 -0.17082400 -0.00320700
v -0.01879000 -0.17082400 -0.00402200
v -0.01869100 -0.17072300 -0.00401300
v -0.01861400 -0.17072300 -0.00323600
v -0.01852100 -0.17072300 -0.00299100
v -0.01852100 -0.17072300 -0.00299100
v -0.01832100 -0.17082200 -0.00248500
v -0.01824500 -0.17072200 -0.00254800
v -0.01768700 -0.17082000 -0.00196600
v -0.01764100 -0.17072000 -0.00205400
v -0.01786300 -0.17072000 -0.00219200
v -0.01726600 -0.17071800 -0.01869400
v -0.01742500 -0.17081900 -0.01808200
v -0.02307000 -0.17084000 -0.00443800
v -0.02317000 -0.17074000 -0.00444700
v -0.02170500 -0.17083500 -0.01849700
v -0.02174500 -0.17073500 -0.01912800
v -0.02454800 -0.17084500 -0.00263200
v -0.02536300 -0.17084900 -0.00255100
v -0.02535400 -0.17074900 -0.00265000
v -0.02457700 -0.17074600 -0.00272800
v -0.02433300 -0.17074500 -0.00282000
v -0.02382600 -0.17084300 -0.00301900
v -0.02389000 -0.17074300 -0.00309600
v -0.02330700 -0.17084100 -0.00365300
v -0.02339500 -0.17074100 -0.00370000
v -0.02353300 -0.17074200 -0.00347800
v -0.03198600 -0.17087400 -0.00270500
v -0.02073300 -0.17083100 0.01096700
v -0.02126800 -0.17283300 0.01030800
v -0.02126800 -0.17283300 0.01030800
v -0.02072600 -0.17283100 0.01096700
v -0.03197900 -0.17277400 -0.00270500
v -0.03143600 -0.17277200 -0.00204600
v -0.03143600 -0.17277200 -0.00204600
v -0.03143400 -0.17327100 -0.00204600
v -0.02126700 -0.17323300 0.01030800
v -0.02576700 -0.17285000 0.02297200
v -0.02552900 -0.17534900 0.02276000
v -0.02553800 -0.17284900 0.02276000
v -0.02486200 -0.17284700 0.02240900
v -0.02485200 -0.17534700 0.02240900
v -0.02410300 -0.17284400 0.02233700
v -0.02409400 -0.17534400 0.02233700
v -0.04539800 -0.16992400 0.00022700
v -0.04642100 -0.16992800 0.00052100
v -0.04537800 -0.17542400 0.00022700
v -0.04640000 -0.17542800 0.00052100
v -0.03333700 -0.17077900 -0.00342500
v -0.03272500 -0.17087600 -0.00326500
v -0.03258300 -0.17277600 -0.00319900
v -0.03259000 -0.17087600 -0.00319900
v -0.03333000 -0.17277900 -0.00342500
v -0.03333000 -0.17277900 -0.00342500
v -0.03333700 -0.17077900 -0.00342500
v -0.03258300 -0.17277600 -0.00319900
v -0.03272500 -0.17087600 -0.00326500
v -0.03272500 -0.17087600 -0.00326500
v -0.02160300 -0.17333500 0.01304500
v -0.02160300 -0.17333500 0.01304500
v -0.02770300 -0.17335700 0.01806600
v -0.02770300 -0.17335700 0.01806600
v -0.02770300 -0.17335700 0.01806600
v -0.02134300 -0.17333400 0.01037100
v -0.02134300 -0.17333400 0.01037100
v -0.02134300 -0.17333400 0.01037100
v -0.02134300 -0.17333400 0.01037100
v -0.02134300 -0.17333400 0.01037100
v -0.03151100 -0.17337200 -0.00198300
v -0.03151100 -0.17337200 -0.00198300
v -0.03151100 -0.17337200 -0.00198300
v -0.03151100 -0.17337200 -0.00198300
v -0.03329000 -0.17337900 -0.00264900
v -0.03231100 -0.17337500 -0.00255400
v -0.03231100 -0.17337500 -0.00255400
v -0.03418600 -0.17338200 -0.00224200
v -0.03418600 -0.17338200 -0.00224200
v -0.03418600 -0.17338200 -0.00224200
v -0.04028500 -0.17340500 0.00277800
v -0.04028500 -0.17340500 0.00277800
v -0.02099300 -0.17333200 0.01102400
v -0.02091900 -0.17333200 0.01176200
v -0.02091900 -0.17333200 0.01176200
v -0.02113400 -0.17333300 0.01247200
v -0.02113400 -0.17333300 0.01247200
v -0.04028500 -0.17340500 0.00277800
v -0.04036300 -0.17330500 0.00284100
v -0.04034900 -0.17330500 0.00270100
v -0.04043900 -0.16990500 0.00276400
v -0.04042800 -0.17280500 0.00276400
v -0.04042800 -0.17280500 0.00276400
v -0.02773000 -0.16985800 0.01820700
v -0.02773000 -0.16985800 0.01820700
v -0.02773000 -0.16985800 0.01820700
v -0.02773000 -0.16985800 0.01820700
v -0.04036400 -0.17288800 0.00284100
v -0.04036400 -0.17288800 0.00284100
v -0.04036400 -0.17288800 0.00284100
v -0.04036400 -0.17288800 0.00284100
v -0.02771900 -0.17275800 0.01820700
v -0.02778200 -0.17284000 0.01812900
v -0.02778200 -0.17284000 0.01812900
v -0.02778200 -0.17284000 0.01812900
v -0.02778000 -0.17325800 0.01812900
v -0.02778000 -0.17325800 0.01812900
v -0.04036300 -0.17330500 0.00284100
v 0.00136400 -0.17124800 0.01468100
v 0.00137900 -0.17524800 0.01468100
v 0.00155900 -0.17124700 0.01506300
v 0.00157500 -0.17524700 0.01506300
v 0.00155900 -0.17124700 0.01506300
v 0.00157500 -0.17524700 0.01506300
v 0.00157500 -0.17524700 0.01506300
v 0.00157600 -0.17124700 0.01549200
v 0.00157600 -0.17124700 0.01549200
v 0.00159100 -0.17524700 0.01549200
v 0.00157600 -0.17124700 0.01549200
v 0.00159100 -0.17524700 0.01549200
v 0.00141200 -0.17124800 0.01588900
v 0.00142700 -0.17524800 0.01588900
v 0.00134000 -0.17124800 0.01465100
v 0.00135500 -0.17524800 0.01465100
v 0.00316400 -0.16974100 0.00533400
v 0.00316400 -0.16974100 0.00533400
v 0.00221700 -0.16974500 0.00484900
v 0.00221700 -0.16974500 0.00484900
v 0.00318400 -0.17524100 0.00533400
v 0.00318400 -0.17524100 0.00533400
v 0.00318400 -0.17524100 0.00533400
v 0.00223700 -0.17524500 0.00484900
v 0.00369100 -0.16973900 -0.00051600
v 0.00371200 -0.17523900 -0.00051600
v 0.00471200 -0.16973500 -0.00045900
v 0.00473300 -0.17523500 -0.00045900
v 0.00565500 -0.16973200 -0.00006200
v 0.00567600 -0.17523200 -0.00006200
v -0.00334200 -0.17041600 -0.02012500
v -0.00326400 -0.17051500 -0.02018900
v -0.00186300 -0.17041000 -0.01869600
v -0.00186300 -0.17041000 -0.01869600
v -0.00326400 -0.17051500 -0.02018900
v -0.00041700 -0.17050500 -0.01722200
v -0.00186300 -0.17041000 -0.01869600
v -0.00041700 -0.17050500 -0.01722200
v -0.00049500 -0.17040500 -0.01715800
v 0.00075200 -0.17040000 -0.01552000
v 0.00075200 -0.17040000 -0.01552000
v -0.00041700 -0.17050500 -0.01722200
v 0.00194700 -0.17049600 -0.01385800
v 0.00075200 -0.17040000 -0.01552000
v 0.00194700 -0.17049600 -0.01385800
v 0.00186900 -0.17039600 -0.01379300
v -0.01607000 -0.17531400 -0.02648400
v -0.01609100 -0.16981400 -0.02648400
v -0.01588300 -0.16981300 -0.02548200
v -0.01586200 -0.17531300 -0.02548200
v -0.01602300 -0.16981300 -0.02446900
v -0.01600200 -0.17531300 -0.02446900
v -0.01649500 -0.16981500 -0.02356100
v -0.01647500 -0.17531500 -0.02356100
v -0.01588300 -0.16981300 -0.02548200
v -0.01588300 -0.16981300 -0.02548200
v -0.01609100 -0.16981400 -0.02648400
v -0.01212800 -0.16979900 -0.02537800
v -0.01212800 -0.16979900 -0.02537800
v -0.01212800 -0.16979900 -0.02537800
v -0.01602300 -0.16981300 -0.02446900
v -0.01602300 -0.16981300 -0.02446900
v -0.01602300 -0.16981300 -0.02446900
v -0.01602300 -0.16981300 -0.02446900
v 0.00270900 -0.16974300 -0.00022700
v 0.00270900 -0.16974300 -0.00022700
v 0.00285100 -0.16974200 -0.01198300
v 0.00285100 -0.16974200 -0.01198300
v 0.00285100 -0.16974200 -0.01198300
v 0.00285100 -0.16974200 -0.01198300
v 0.00285100 -0.16974200 -0.01198300
v 0.00285100 -0.16974200 -0.01198300
v 0.00285100 -0.16974200 -0.01198300
v 0.00285100 -0.16974200 -0.01198300
v 0.00369100 -0.16973900 -0.00051600
v 0.00369100 -0.16973900 -0.00051600
v 0.00369100 -0.16973900 -0.00051600
v 0.00439000 -0.16973700 -0.00816800
v 0.00439000 -0.16973700 -0.00816800
v 0.00439000 -0.16973700 -0.00816800
v 0.00471200 -0.16973500 -0.00045900
v 0.00471200 -0.16973500 -0.00045900
v 0.00471200 -0.16973500 -0.00045900
v 0.00533200 -0.16973300 -0.00416300
v 0.00533200 -0.16973300 -0.00416300
v 0.00565500 -0.16973200 -0.00006200
v -0.00838000 -0.16978500 -0.02368300
v -0.00838000 -0.16978500 -0.02368300
v -0.00493200 -0.16977200 -0.02143900
v -0.00493200 -0.16977200 -0.02143900
v -0.00493200 -0.16977200 -0.02143900
v -0.01649500 -0.16981500 -0.02356100
v -0.01649500 -0.16981500 -0.02356100
v -0.01649500 -0.16981500 -0.02356100
v -0.01649500 -0.16981500 -0.02356100
v -0.01649500 -0.16981500 -0.02356100
v -0.00186500 -0.16976000 -0.01869600
v -0.00186500 -0.16976000 -0.01869600
v 0.00074900 -0.16975000 -0.01552000
v 0.00074900 -0.16975000 -0.01552000
v -0.01676700 -0.16981600 -0.02308000
v -0.01676700 -0.16981600 -0.02308000
v -0.01689600 -0.16981700 -0.02254200
v -0.01689600 -0.16981700 -0.02254200
v -0.01689600 -0.16981700 -0.02254200
v -0.01689600 -0.16981700 -0.02254200
v -0.01689700 -0.16981700 -0.00182900
v -0.01689700 -0.16981700 -0.00182900
v -0.01689700 -0.16981700 -0.00182900
v -0.01689700 -0.16981700 -0.00182900
v -0.01786600 -0.16982000 -0.00219200
v -0.01852400 -0.16982300 -0.00299100
v -0.01852400 -0.16982300 -0.00299100
v 0.00218400 -0.16974500 -0.00005300
v 0.00218400 -0.16974500 -0.00005300
v 0.00163200 -0.16974700 -0.00003000
v 0.00163200 -0.16974700 -0.00003000
v 0.00163200 -0.16974700 -0.00003000
v -0.01869400 -0.16982400 -0.00401300
v -0.01869400 -0.16982400 -0.00401300
v -0.02157200 -0.16983400 -0.02405400
v -0.02186500 -0.16983500 -0.02507600
v -0.02155100 -0.17533400 -0.02405400
v -0.02184500 -0.17533500 -0.02507600
v -0.03134000 -0.17537100 -0.02507300
v -0.03135500 -0.17137100 -0.02507300
v -0.03136400 -0.17537100 -0.02510300
v -0.03137900 -0.17137100 -0.02510300
v -0.03255600 -0.17137600 -0.02538200
v -0.03254100 -0.17537600 -0.02538200
v -0.03213500 -0.17137400 -0.02546700
v -0.03212000 -0.17537400 -0.02546700
v -0.03213500 -0.17137400 -0.02546700
v -0.03212000 -0.17537400 -0.02546700
v -0.03212000 -0.17537400 -0.02546700
v -0.03171700 -0.17137300 -0.02536800
v -0.03171700 -0.17137300 -0.02536800
v -0.03170200 -0.17537300 -0.02536800
v -0.03171700 -0.17137300 -0.02536800
v -0.03170200 -0.17537300 -0.02536800
v -0.01951600 -0.16982700 0.00444700
v -0.01951200 -0.17082700 0.00444700
v -0.01929000 -0.16982600 0.00370000
v -0.01928600 -0.17082600 0.00370000
v -0.01879600 -0.16982400 0.00309600
v -0.01879200 -0.17082400 0.00309600
v -0.01879600 -0.16982400 0.00309600
v -0.01879200 -0.17082400 0.00309600
v -0.01810800 -0.16982100 0.00272800
v -0.01810500 -0.17082100 0.00272800
v -0.01733200 -0.16981800 0.00265000
v -0.01732800 -0.17081800 0.00265000
v -0.02317300 -0.16984000 -0.00444700
v -0.02317000 -0.17074000 -0.00444700
v -0.02353700 -0.16984200 -0.00347800
v -0.02339500 -0.17074100 -0.00370000
v -0.02353300 -0.17074200 -0.00347800
v -0.02389000 -0.17074300 -0.00309600
v -0.02433600 -0.16984500 -0.00282000
v -0.02535400 -0.17074900 -0.00265000
v -0.02535700 -0.16984900 -0.00265000
v -0.02457700 -0.17074600 -0.00272800
v -0.02433300 -0.17074500 -0.00282000
v -0.04404200 -0.17141900 -0.01468100
v -0.04402700 -0.17541900 -0.01468100
v -0.04423700 -0.17142000 -0.01506300
v -0.04422200 -0.17542000 -0.01506300
v -0.04423700 -0.17142000 -0.01506300
v -0.04422200 -0.17542000 -0.01506300
v -0.04422200 -0.17542000 -0.01506300
v -0.04425400 -0.17142000 -0.01549200
v -0.04425400 -0.17142000 -0.01549200
v -0.04423900 -0.17542000 -0.01549200
v -0.04425400 -0.17142000 -0.01549200
v -0.04423900 -0.17542000 -0.01549200
v -0.04409000 -0.17141900 -0.01588900
v -0.04407500 -0.17541900 -0.01588900
v -0.04401800 -0.17141900 -0.01465100
v -0.04400300 -0.17541900 -0.01465100
v -0.04585300 -0.16992600 -0.00533400
v -0.04585300 -0.16992600 -0.00533400
v -0.04490600 -0.16992200 -0.00484900
v -0.04490600 -0.16992200 -0.00484900
v -0.04583200 -0.17542600 -0.00533400
v -0.04583200 -0.17542600 -0.00533400
v -0.04583200 -0.17542600 -0.00533400
v -0.04488500 -0.17542200 -0.00484900
v -0.04581100 -0.16992600 0.01141800
v -0.04581100 -0.16992600 0.01141800
v -0.04737600 -0.16993200 0.00716500
v -0.04737600 -0.16993200 0.00716500
v -0.04737600 -0.16993200 0.00716500
v -0.04737600 -0.16993200 0.00716500
v -0.04737600 -0.16993200 0.00716500
v -0.04737600 -0.16993200 0.00716500
v -0.04737600 -0.16993200 0.00716500
v -0.04737600 -0.16993200 0.00716500
v -0.04737600 -0.16993200 0.00716500
v -0.04043900 -0.16990500 0.00276400
v -0.04043900 -0.16990500 0.00276400
v -0.04043900 -0.16990500 0.00276400
v -0.04043900 -0.16990500 0.00276400
v -0.04043900 -0.16990500 0.00276400
v -0.04043900 -0.16990500 0.00276400
v -0.02558500 -0.16984900 0.02039400
v -0.02558500 -0.16984900 0.02039400
v -0.02558500 -0.16984900 0.02039400
v -0.02579300 -0.16985000 0.02254200
v -0.02579300 -0.16985000 0.02254200
v -0.03338300 -0.16987900 0.02416800
v -0.03338300 -0.16987900 0.02416800
v -0.03338300 -0.16987900 0.02416800
v -0.03338300 -0.16987900 0.02416800
v -0.03338300 -0.16987900 0.02416800
v -0.03338300 -0.16987900 0.02416800
v -0.03338300 -0.16987900 0.02416800
v -0.02592200 -0.16985100 0.02308000
v -0.02592200 -0.16985100 0.02308000
v -0.02667800 -0.16985400 0.02450800
v -0.02667800 -0.16985400 0.02450800
v -0.02667800 -0.16985400 0.02450800
v -0.02722500 -0.16985600 0.02538700
v -0.02813800 -0.16985900 0.02587400
v -0.02813800 -0.16985900 0.02587400
v -0.04487300 -0.16992200 0.00005300
v -0.04487300 -0.16992200 0.00005300
v -0.04432100 -0.16992000 0.00003000
v -0.04432100 -0.16992000 0.00003000
v -0.04217300 -0.16991200 0.00023900
v -0.04217300 -0.16991200 0.00023900
v -0.02619300 -0.16985200 0.02356100
v -0.02619300 -0.16985200 0.02356100
v -0.03338300 -0.16987900 0.02416800
v -0.03338300 -0.16987900 0.02416800
v -0.02667800 -0.16985400 0.02450800
v -0.02917200 -0.16986300 0.02584100
v -0.02917200 -0.16986300 0.02584100
v -0.04804200 -0.16993400 0.00169000
v -0.04738800 -0.16993200 0.00088800
v -0.04738800 -0.16993200 0.00088800
v -0.04820800 -0.16993500 0.00271100
v -0.04820800 -0.16993500 0.00271100
v -0.04820800 -0.16993500 0.00271100
v -0.04642100 -0.16992800 0.00052100
v -0.04642100 -0.16992800 0.00052100
v -0.04642100 -0.16992800 0.00052100
v -0.04539800 -0.16992400 0.00022700
v -0.04539800 -0.16992400 0.00022700
v -0.03725400 -0.16989300 0.02181400
v -0.03725400 -0.16989300 0.02181400
v -0.02773000 -0.16985800 0.01820700
v -0.02773000 -0.16985800 0.01820700
v -0.02773000 -0.16985800 0.01820700
v -0.04067800 -0.16990600 0.01884700
v -0.04067800 -0.16990600 0.01884700
v -0.04067800 -0.16990600 0.01884700
v -0.04355800 -0.16991700 0.01534800
v -0.04355800 -0.16991700 0.01534800
v -0.02568900 -0.16985000 0.01953500
v -0.02614700 -0.16985200 0.01880000
v -0.02614700 -0.16985200 0.01880000
v -0.02614700 -0.16985200 0.01880000
v -0.02687300 -0.16985400 0.01832800
v -0.02687300 -0.16985400 0.01832800
v -0.02773000 -0.16985800 0.01820700
v -0.04039400 -0.16990500 0.00190000
v -0.04071700 -0.16990600 0.00109700
v -0.04071700 -0.16990600 0.00109700
v -0.04071700 -0.16990600 0.00109700
v -0.04135000 -0.16990900 0.00050700
v -0.04135000 -0.16990900 0.00050700
v -0.02111700 -0.16983300 0.02405400
v -0.02082400 -0.16983200 0.02507600
v -0.02109700 -0.17533300 0.02405400
v -0.02080300 -0.17533200 0.02507600
v -0.01130800 -0.17529600 0.02507300
v -0.01132300 -0.17129600 0.02507300
v -0.01128300 -0.17529600 0.02510300
v -0.01129800 -0.17129600 0.02510300
v -0.01012200 -0.17129100 0.02538200
v -0.01010700 -0.17529100 0.02538200
v -0.01054300 -0.17129300 0.02546700
v -0.01052800 -0.17529300 0.02546700
v -0.01054300 -0.17129300 0.02546700
v -0.01052800 -0.17529300 0.02546700
v -0.01052800 -0.17529300 0.02546700
v -0.01096100 -0.17129400 0.02536800
v -0.01096100 -0.17129400 0.02536800
v -0.01094600 -0.17529400 0.02536800
v -0.01096100 -0.17129400 0.02536800
v -0.01094600 -0.17529400 0.02536800
v -0.02174500 -0.17073500 -0.01912800
v -0.02137500 -0.16983400 -0.02297600
v -0.02173700 -0.17273500 -0.01912800
v -0.02173700 -0.17273500 -0.01912800
v -0.02137500 -0.16983400 -0.02297600
v -0.02136400 -0.17273400 -0.02297600
v -0.02145900 -0.17273400 -0.02380600
v -0.02144900 -0.17533400 -0.02380600
v -0.02139800 -0.16983400 -0.02352900
v -0.01855400 -0.17532300 -0.02233700
v -0.01856300 -0.17282300 -0.02233700
v -0.01974600 -0.17532800 -0.02245300
v -0.01975600 -0.17282800 -0.02245300
v -0.01662300 -0.17531600 -0.02333800
v -0.01663200 -0.17271600 -0.02333800
v -0.01676700 -0.16981600 -0.02308000
v -0.01689600 -0.16981700 -0.02254200
v -0.01688500 -0.17271700 -0.02254200
v -0.01726600 -0.17071800 -0.01869400
v -0.02170500 -0.17083500 -0.01849700
v -0.02166000 -0.17273500 -0.01835200
v -0.02166700 -0.17083500 -0.01835200
v -0.02129100 -0.17273300 -0.01766400
v -0.02129800 -0.17083300 -0.01766400
v -0.02068700 -0.17273100 -0.01717000
v -0.02069400 -0.17083100 -0.01717000
v -0.02069400 -0.17083100 -0.01717000
v -0.02068700 -0.17273100 -0.01717000
v 0.00101300 -0.17524900 0.00277000
v 0.00100400 -0.17274900 0.00277000
v 0.00201400 -0.17524600 0.00470100
v 0.00200400 -0.17264600 0.00470100
v 0.00173500 -0.16974700 0.00457800
v 0.00119700 -0.16974900 0.00444900
v 0.00120800 -0.17264900 0.00444900
v 0.00120800 -0.17264900 0.00444900
v -0.00264700 -0.17076300 0.00407500
v -0.00264000 -0.17266300 0.00407500
v -0.00264700 -0.17076300 0.00407500
v -0.00436000 -0.17267000 0.00266800
v -0.00436700 -0.17077000 0.00266800
v -0.00399100 -0.17266800 0.00335500
v -0.00399800 -0.17076800 0.00335500
v -0.00399800 -0.17076800 0.00335500
v -0.00399100 -0.17266800 0.00335500
v -0.00338700 -0.17266600 0.00385000
v -0.00339400 -0.17076600 0.00385000
v -0.02558500 -0.16984900 0.02039400
v -0.02557400 -0.17274900 0.02039400
v -0.02773000 -0.16985800 0.01820700
v -0.02771900 -0.17275800 0.01820700
v -0.02691600 -0.17275500 0.01830900
v -0.02687300 -0.16985400 0.01832800
v -0.02687300 -0.16985400 0.01832800
v -0.02691600 -0.17275500 0.01830900
v -0.02616300 -0.17275200 0.01877300
v -0.02614700 -0.16985200 0.01880000
v -0.02614700 -0.16985200 0.01880000
v -0.02616300 -0.17275200 0.01877300
v -0.02568500 -0.17275000 0.01951700
v -0.02568900 -0.16985000 0.01953500
v -0.02568900 -0.16985000 0.01953500
v -0.02568500 -0.17275000 0.01951700
v -0.02160300 -0.17333500 0.01304500
v -0.02154000 -0.17323400 0.01312300
v -0.02770300 -0.17335700 0.01806600
v -0.02763900 -0.17325700 0.01814300
v -0.02778000 -0.17325800 0.01812900
v -0.02763900 -0.17325700 0.01814300
v -0.02763900 -0.17325700 0.01814300
v -0.02778200 -0.17284000 0.01812900
v -0.02778200 -0.17284000 0.01812900
v -0.02764100 -0.17281600 0.01814300
v -0.02093800 -0.17323200 0.01228000
v -0.02113400 -0.17333300 0.01247200
v -0.02082000 -0.17323200 0.01177200
v -0.02091900 -0.17333200 0.01176200
v -0.02083800 -0.17323200 0.01125000
v -0.02099300 -0.17333200 0.01102400
v -0.02089800 -0.17323200 0.01099500
v -0.02104600 -0.17323200 0.01251900
v -0.03259000 -0.17087600 -0.00319900
v -0.03259000 -0.17087600 -0.00319900
v -0.03272500 -0.17087600 -0.00326500
v -0.02536300 -0.17084900 -0.00255100
v -0.02536300 -0.17084900 -0.00255100
v -0.02536300 -0.17084900 -0.00255100
v -0.02536300 -0.17084900 -0.00255100
v -0.03198600 -0.17087400 -0.00270500
v -0.03198600 -0.17087400 -0.00270500
v -0.02382600 -0.17084300 -0.00301900
v -0.02382600 -0.17084300 -0.00301900
v -0.02382600 -0.17084300 -0.00301900
v -0.02382600 -0.17084300 -0.00301900
v -0.01879200 -0.17082400 0.00309600
v -0.01879200 -0.17082400 0.00309600
v -0.01879200 -0.17082400 0.00309600
v -0.01879200 -0.17082400 0.00309600
v -0.02454800 -0.17084500 -0.00263200
v -0.02454800 -0.17084500 -0.00263200
v -0.02454800 -0.17084500 -0.00263200
v -0.02454800 -0.17084500 -0.00263200
v -0.02454800 -0.17084500 -0.00263200
v -0.01879200 -0.17082400 0.00309600
v -0.01928600 -0.17082600 0.00370000
v -0.01928600 -0.17082600 0.00370000
v -0.01951200 -0.17082700 0.00444700
v -0.01951200 -0.17082700 0.00444700
v -0.01951200 -0.17082700 0.00444700
v -0.02073300 -0.17083100 0.01096700
v -0.02073300 -0.17083100 0.01096700
v -0.02073300 -0.17083100 0.01096700
v -0.02454800 -0.17084500 -0.00263200
v -0.02036400 -0.17083000 0.01165400
v -0.02036400 -0.17083000 0.01165400
v -0.02036400 -0.17083000 0.01165400
v -0.02028700 -0.17083000 0.01243100
v -0.02307000 -0.17084000 -0.00443800
v -0.02307000 -0.17084000 -0.00443800
v -0.02307000 -0.17084000 -0.00443800
v -0.02307000 -0.17084000 -0.00443800
v -0.02170500 -0.17083500 -0.01849700
v -0.02166700 -0.17083500 -0.01835200
v -0.02166700 -0.17083500 -0.01835200
v -0.02129800 -0.17083300 -0.01766400
v -0.02129800 -0.17083300 -0.01766400
v -0.02069400 -0.17083100 -0.01717000
v -0.02069400 -0.17083100 -0.01717000
v -0.01994700 -0.17082800 -0.01694500
v -0.01994700 -0.17082800 -0.01694500
v -0.01944900 -0.17082600 -0.01689600
v -0.01944900 -0.17082600 -0.01689600
v -0.02307000 -0.17084000 -0.00443800
v -0.02307000 -0.17084000 -0.00443800
v -0.02307000 -0.17084000 -0.00443800
v -0.01867300 -0.17082300 -0.01697400
v -0.01867300 -0.17082300 -0.01697400
v -0.01867300 -0.17082300 -0.01697400
v -0.02330700 -0.17084100 -0.00365300
v -0.02330700 -0.17084100 -0.00365300
v -0.02330700 -0.17084100 -0.00365300
v -0.02330700 -0.17084100 -0.00365300
v -0.02330700 -0.17084100 -0.00365300
v -0.02330700 -0.17084100 -0.00365300
v -0.01798500 -0.17082100 -0.01734300
v -0.01798500 -0.17082100 -0.01734300
v -0.01749100 -0.17081900 -0.01794700
v -0.01749100 -0.17081900 -0.01794700
v -0.01749100 -0.17081900 -0.01794700
v -0.00284400 -0.17076400 -0.00036500
v -0.00323400 -0.17076500 -0.00023400
v -0.00323400 -0.17076500 -0.00023400
v -0.01690300 -0.17081700 -0.00172900
v -0.01690300 -0.17081700 -0.00172900
v -0.01690300 -0.17081700 -0.00172900
v -0.01690300 -0.17081700 -0.00172900
v -0.01690300 -0.17081700 -0.00172900
v -0.01690300 -0.17081700 -0.00172900
v -0.00403300 -0.17076800 0.00042400
v -0.00403300 -0.17076800 0.00042400
v -0.00439600 -0.17077000 0.00139300
v -0.00439600 -0.17077000 0.00139300
v -0.01732800 -0.17081800 0.00265000
v -0.01732800 -0.17081800 0.00265000
v -0.01732800 -0.17081800 0.00265000
v -0.01810500 -0.17082100 0.00272800
v -0.01810500 -0.17082100 0.00272800
v -0.01768700 -0.17082000 -0.00196600
v -0.01768700 -0.17082000 -0.00196600
v -0.01768700 -0.17082000 -0.00196600
v -0.01768700 -0.17082000 -0.00196600
v -0.01768700 -0.17082000 -0.00196600
v -0.01768700 -0.17082000 -0.00196600
v -0.01768700 -0.17082000 -0.00196600
v -0.01832100 -0.17082200 -0.00248500
v -0.01832100 -0.17082200 -0.00248500
v -0.01832100 -0.17082200 -0.00248500
v -0.01870900 -0.17082400 -0.00320700
v -0.01870900 -0.17082400 -0.00320700
v -0.01870900 -0.17082400 -0.00320700
v -0.01879000 -0.17082400 -0.00402200
v -0.01879000 -0.17082400 -0.00402200
v -0.01879000 -0.17082400 -0.00402200
v -0.01742500 -0.17081900 -0.01808200
v -0.00444400 -0.17077000 0.00189100
v -0.00444400 -0.17077000 0.00189100
v -0.00436700 -0.17077000 0.00266800
v -0.00436700 -0.17077000 0.00266800
v -0.00436700 -0.17077000 0.00266800
v -0.00264700 -0.17076300 0.00407500
v -0.00339400 -0.17076600 0.00385000
v -0.00339400 -0.17076600 0.00385000
v -0.00339400 -0.17076600 0.00385000
v -0.00399800 -0.17076800 0.00335500
v -0.00399800 -0.17076800 0.00335500
v -0.02028700 -0.17083000 0.01243100
v -0.02027900 -0.17283000 0.01243100
v -0.02027900 -0.17283000 0.01243100
v -0.02035700 -0.17283000 0.01165400
v -0.02036400 -0.17083000 0.01165400
v -0.02119900 -0.17533300 0.02380600
v -0.02120800 -0.17283300 0.02380600
v -0.02130300 -0.17283300 0.02297600
v -0.02131400 -0.16983300 0.02297600
v -0.02128000 -0.17283300 0.02352900
v -0.02129100 -0.16983300 0.02352900
v -0.02291100 -0.17283900 0.02245300
v -0.02290100 -0.17533900 0.02245300
v -0.04217300 -0.16991200 0.00023900
v -0.04432100 -0.16992000 0.00003000
v -0.04216200 -0.17281200 0.00023900
v -0.04431000 -0.17282000 0.00003000
v -0.04514000 -0.17282300 0.00012500
v -0.04513000 -0.17542300 0.00012500
v -0.04487300 -0.16992200 0.00005300
v -0.04378600 -0.17291800 -0.00157800
v -0.04377600 -0.17541800 -0.00157800
v -0.04367000 -0.17291800 -0.00277000
v -0.04366100 -0.17541800 -0.00277000
v -0.04466200 -0.17542100 -0.00470100
v -0.04467100 -0.17282100 -0.00470100
v -0.04442400 -0.16992000 -0.00457800
v -0.04388600 -0.16991800 -0.00444900
v -0.04387500 -0.17281800 -0.00444900
v -0.03333700 -0.17077900 -0.00342500
v -0.03418600 -0.17338200 -0.00224200
v -0.03424900 -0.17328200 -0.00231900
v -0.03330700 -0.17327900 -0.00274800
v -0.03329000 -0.17337900 -0.00264900
v -0.03227700 -0.17327500 -0.00264800
v -0.03231100 -0.17337500 -0.00255400
v -0.04034900 -0.17330500 0.00270100
v -0.04028500 -0.17340500 0.00277800
v -0.04034900 -0.17330500 0.00270100
v -0.04036300 -0.17330500 0.00284100
v -0.04036300 -0.17330500 0.00284100
v -0.04035100 -0.17286400 0.00270100
v -0.04035100 -0.17286400 0.00270100
v -0.04036400 -0.17288800 0.00284100
v -0.04042800 -0.17280500 0.00276400
v -0.04043900 -0.16990500 0.00276400
v -0.04039400 -0.16990500 0.00190000
v -0.04037400 -0.17280500 0.00195700
v -0.04037400 -0.17280500 0.00195700
v -0.04039400 -0.16990500 0.00190000
v -0.04071700 -0.16990600 0.00109700
v -0.04068500 -0.17280600 0.00112900
v -0.04068500 -0.17280600 0.00112900
v -0.04071700 -0.16990600 0.00109700
v -0.04135000 -0.16990900 0.00050700
v -0.04132300 -0.17280900 0.00051700
v -0.04132300 -0.17280900 0.00051700
v -0.04135000 -0.16990900 0.00050700
v 0.00532400 -0.17413300 0.00400800
v 0.00532700 -0.17513300 0.00400800
v 0.00532700 -0.17513300 0.00400800
v 0.00438100 -0.17413700 0.00443600
v 0.00438100 -0.17413700 0.00443600
v 0.00438500 -0.17513700 0.00443600
v 0.00438100 -0.17413700 0.00443600
v 0.00438500 -0.17513700 0.00443600
v 0.00438500 -0.17513700 0.00443600
v 0.00335100 -0.17414000 0.00433600
v 0.00335100 -0.17414000 0.00433600
v 0.00335500 -0.17514100 0.00433600
v 0.00335100 -0.17414000 0.00433600
v 0.00335500 -0.17514100 0.00433600
v 0.00335500 -0.17514100 0.00433600
v 0.00250800 -0.17414400 0.00373500
v 0.00250800 -0.17414400 0.00373500
v 0.00251200 -0.17514400 0.00373500
v 0.00250800 -0.17414400 0.00373500
v 0.00251200 -0.17514400 0.00373500
v 0.00251200 -0.17514400 0.00373500
v 0.00208000 -0.17414500 0.00279200
v 0.00208000 -0.17414500 0.00279200
v 0.00208400 -0.17514500 0.00279200
v 0.00208000 -0.17414500 0.00279200
v 0.00208400 -0.17514500 0.00279200
v 0.00208400 -0.17514500 0.00279200
v 0.00218000 -0.17414500 0.00176200
v 0.00218000 -0.17414500 0.00176200
v 0.00218400 -0.17514500 0.00176200
v 0.00218000 -0.17414500 0.00176200
v 0.00218400 -0.17514500 0.00176200
v 0.00218400 -0.17514500 0.00176200
v 0.00278200 -0.17414300 0.00091900
v 0.00278200 -0.17414300 0.00091900
v 0.00278500 -0.17514300 0.00091900
v 0.00278200 -0.17414300 0.00091900
v 0.00278500 -0.17514300 0.00091900
v 0.00278500 -0.17514300 0.00091900
v 0.00372400 -0.17413900 0.00049100
v 0.00372400 -0.17413900 0.00049100
v 0.00372800 -0.17513900 0.00049100
v 0.00372400 -0.17413900 0.00049100
v 0.00372800 -0.17513900 0.00049100
v 0.00372800 -0.17513900 0.00049100
v 0.00475400 -0.17413500 0.00059100
v 0.00475400 -0.17413500 0.00059100
v 0.00475800 -0.17513500 0.00059100
v 0.00475400 -0.17413500 0.00059100
v 0.00475800 -0.17513500 0.00059100
v 0.00475800 -0.17513500 0.00059100
v 0.00559700 -0.17413200 0.00119300
v 0.00559700 -0.17413200 0.00119300
v 0.00560100 -0.17513200 0.00119300
v 0.00559700 -0.17413200 0.00119300
v 0.00560100 -0.17513200 0.00119300
v 0.00560100 -0.17513200 0.00119300
v 0.00602500 -0.17413000 0.00213500
v 0.00602500 -0.17413000 0.00213500
v 0.00602900 -0.17513000 0.00213500
v 0.00602500 -0.17413000 0.00213500
v 0.00602900 -0.17513000 0.00213500
v 0.00602900 -0.17513000 0.00213500
v 0.00592500 -0.17413100 0.00316500
v 0.00592500 -0.17413100 0.00316500
v 0.00592900 -0.17513100 0.00316500
v 0.00592500 -0.17413100 0.00316500
v 0.00592900 -0.17513100 0.00316500
v 0.00592900 -0.17513100 0.00316500
v 0.00532400 -0.17413300 0.00400800
v 0.00532400 -0.17413300 0.00400800
v 0.00532700 -0.17513300 0.00400800
v -0.01759300 -0.17421900 -0.02383600
v -0.01759000 -0.17521900 -0.02383600
v -0.01759000 -0.17521900 -0.02383600
v -0.01853600 -0.17422300 -0.02340800
v -0.01853600 -0.17422300 -0.02340800
v -0.01853200 -0.17522300 -0.02340800
v -0.01853600 -0.17422300 -0.02340800
v -0.01853200 -0.17522300 -0.02340800
v -0.01853200 -0.17522300 -0.02340800
v -0.01956600 -0.17422700 -0.02350800
v -0.01956600 -0.17422700 -0.02350800
v -0.01956200 -0.17522700 -0.02350800
v -0.01956600 -0.17422700 -0.02350800
v -0.01956200 -0.17522700 -0.02350800
v -0.01956200 -0.17522700 -0.02350800
v -0.02040800 -0.17423000 -0.02411000
v -0.02040800 -0.17423000 -0.02411000
v -0.02040500 -0.17523000 -0.02411000
v -0.02040800 -0.17423000 -0.02411000
v -0.02040500 -0.17523000 -0.02411000
v -0.02040500 -0.17523000 -0.02411000
v -0.02083700 -0.17423200 -0.02505200
v -0.02083700 -0.17423200 -0.02505200
v -0.02083300 -0.17523200 -0.02505200
v -0.02083700 -0.17423200 -0.02505200
v -0.02083300 -0.17523200 -0.02505200
v -0.02083300 -0.17523200 -0.02505200
v -0.02073700 -0.17423100 -0.02608300
v -0.02073700 -0.17423100 -0.02608300
v -0.02073300 -0.17523100 -0.02608300
v -0.02073700 -0.17423100 -0.02608300
v -0.02073300 -0.17523100 -0.02608300
v -0.02073300 -0.17523100 -0.02608300
v -0.02013500 -0.17422900 -0.02692500
v -0.02013500 -0.17422900 -0.02692500
v -0.02013100 -0.17522900 -0.02692500
v -0.02013500 -0.17422900 -0.02692500
v -0.02013100 -0.17522900 -0.02692500
v -0.02013100 -0.17522900 -0.02692500
v -0.01919300 -0.17422500 -0.02735400
v -0.01919300 -0.17422500 -0.02735400
v -0.01918900 -0.17522500 -0.02735400
v -0.01919300 -0.17422500 -0.02735400
v -0.01918900 -0.17522500 -0.02735400
v -0.01918900 -0.17522500 -0.02735400
v -0.01816200 -0.17422200 -0.02725300
v -0.01816200 -0.17422200 -0.02725300
v -0.01815900 -0.17522200 -0.02725300
v -0.01816200 -0.17422200 -0.02725300
v -0.01815900 -0.17522200 -0.02725300
v -0.01815900 -0.17522200 -0.02725300
v -0.01732000 -0.17421800 -0.02665200
v -0.01732000 -0.17421800 -0.02665200
v -0.01731600 -0.17521800 -0.02665200
v -0.01732000 -0.17421800 -0.02665200
v -0.01731600 -0.17521800 -0.02665200
v -0.01731600 -0.17521800 -0.02665200
v -0.01689100 -0.17421700 -0.02570900
v -0.01689100 -0.17421700 -0.02570900
v -0.01688800 -0.17521700 -0.02570900
v -0.01689100 -0.17421700 -0.02570900
v -0.01688800 -0.17521700 -0.02570900
v -0.01688800 -0.17521700 -0.02570900
v -0.01699200 -0.17421700 -0.02467900
v -0.01699200 -0.17421700 -0.02467900
v -0.01698800 -0.17521700 -0.02467900
v -0.01699200 -0.17421700 -0.02467900
v -0.01698800 -0.17521700 -0.02467900
v -0.01698800 -0.17521700 -0.02467900
v -0.01759300 -0.17421900 -0.02383600
v -0.01759300 -0.17421900 -0.02383600
v -0.01759000 -0.17521900 -0.02383600
v -0.04543800 -0.17432400 -0.00091900
v -0.04543400 -0.17532400 -0.00091900
v -0.04543400 -0.17532400 -0.00091900
v -0.04638000 -0.17432800 -0.00049100
v -0.04638000 -0.17432800 -0.00049100
v -0.04637600 -0.17532800 -0.00049100
v -0.04638000 -0.17432800 -0.00049100
v -0.04637600 -0.17532800 -0.00049100
v -0.04637600 -0.17532800 -0.00049100
v -0.04741000 -0.17433200 -0.00059100
v -0.04741000 -0.17433200 -0.00059100
v -0.04740700 -0.17533200 -0.00059100
v -0.04741000 -0.17433200 -0.00059100
v -0.04740700 -0.17533200 -0.00059100
v -0.04740700 -0.17533200 -0.00059100
v -0.04825300 -0.17433500 -0.00119300
v -0.04825300 -0.17433500 -0.00119300
v -0.04824900 -0.17533500 -0.00119300
v -0.04825300 -0.17433500 -0.00119300
v -0.04824900 -0.17533500 -0.00119300
v -0.04824900 -0.17533500 -0.00119300
v -0.04868100 -0.17433600 -0.00213500
v -0.04868100 -0.17433600 -0.00213500
v -0.04867800 -0.17533600 -0.00213500
v -0.04868100 -0.17433600 -0.00213500
v -0.04867800 -0.17533600 -0.00213500
v -0.04867800 -0.17533600 -0.00213500
v -0.04858100 -0.17433600 -0.00316500
v -0.04858100 -0.17433600 -0.00316500
v -0.04857800 -0.17533600 -0.00316500
v -0.04858100 -0.17433600 -0.00316500
v -0.04857800 -0.17533600 -0.00316500
v -0.04857800 -0.17533600 -0.00316500
v -0.04797900 -0.17433400 -0.00400800
v -0.04797900 -0.17433400 -0.00400800
v -0.04797600 -0.17533400 -0.00400800
v -0.04797900 -0.17433400 -0.00400800
v -0.04797600 -0.17533400 -0.00400800
v -0.04797600 -0.17533400 -0.00400800
v -0.04703700 -0.17433000 -0.00443600
v -0.04703700 -0.17433000 -0.00443600
v -0.04703300 -0.17533000 -0.00443600
v -0.04703700 -0.17433000 -0.00443600
v -0.04703300 -0.17533000 -0.00443600
v -0.04703300 -0.17533000 -0.00443600
v -0.04600700 -0.17432600 -0.00433600
v -0.04600700 -0.17432600 -0.00433600
v -0.04600300 -0.17532600 -0.00433600
v -0.04600700 -0.17432600 -0.00433600
v -0.04600300 -0.17532600 -0.00433600
v -0.04600300 -0.17532600 -0.00433600
v -0.04516400 -0.17432300 -0.00373500
v -0.04516400 -0.17432300 -0.00373500
v -0.04516000 -0.17532300 -0.00373500
v -0.04516400 -0.17432300 -0.00373500
v -0.04516000 -0.17532300 -0.00373500
v -0.04516000 -0.17532300 -0.00373500
v -0.04473600 -0.17432200 -0.00279200
v -0.04473600 -0.17432200 -0.00279200
v -0.04473200 -0.17532200 -0.00279200
v -0.04473600 -0.17432200 -0.00279200
v -0.04473200 -0.17532200 -0.00279200
v -0.04473200 -0.17532200 -0.00279200
v -0.04483600 -0.17432200 -0.00176200
v -0.04483600 -0.17432200 -0.00176200
v -0.04483200 -0.17532200 -0.00176200
v -0.04483600 -0.17432200 -0.00176200
v -0.04483200 -0.17532200 -0.00176200
v -0.04483200 -0.17532200 -0.00176200
v -0.04543800 -0.17432400 -0.00091900
v -0.04543800 -0.17432400 -0.00091900
v -0.04543400 -0.17532400 -0.00091900
v -0.02252100 -0.17423800 0.02692500
v -0.02251700 -0.17523800 0.02692500
v -0.02251700 -0.17523800 0.02692500
v -0.02346300 -0.17424100 0.02735400
v -0.02346300 -0.17424100 0.02735400
v -0.02345900 -0.17524200 0.02735400
v -0.02346300 -0.17424100 0.02735400
v -0.02345900 -0.17524200 0.02735400
v -0.02345900 -0.17524200 0.02735400
v -0.02449300 -0.17424500 0.02725300
v -0.02449300 -0.17424500 0.02725300
v -0.02449000 -0.17524500 0.02725300
v -0.02449300 -0.17424500 0.02725300
v -0.02449000 -0.17524500 0.02725300
v -0.02449000 -0.17524500 0.02725300
v -0.02533600 -0.17424800 0.02665200
v -0.02533600 -0.17424800 0.02665200
v -0.02533200 -0.17524900 0.02665200
v -0.02533600 -0.17424800 0.02665200
v -0.02533200 -0.17524900 0.02665200
v -0.02533200 -0.17524900 0.02665200
v -0.02576400 -0.17425000 0.02570900
v -0.02576400 -0.17425000 0.02570900
v -0.02576100 -0.17525000 0.02570900
v -0.02576400 -0.17425000 0.02570900
v -0.02576100 -0.17525000 0.02570900
v -0.02576100 -0.17525000 0.02570900
v -0.02566400 -0.17425000 0.02467900
v -0.02566400 -0.17425000 0.02467900
v -0.02566100 -0.17525000 0.02467900
v -0.02566400 -0.17425000 0.02467900
v -0.02566100 -0.17525000 0.02467900
v -0.02566100 -0.17525000 0.02467900
v -0.02506300 -0.17424700 0.02383600
v -0.02506300 -0.17424700 0.02383600
v -0.02505900 -0.17524800 0.02383600
v -0.02506300 -0.17424700 0.02383600
v -0.02505900 -0.17524800 0.02383600
v -0.02505900 -0.17524800 0.02383600
v -0.02412000 -0.17424400 0.02340800
v -0.02412000 -0.17424400 0.02340800
v -0.02411600 -0.17524400 0.02340800
v -0.02412000 -0.17424400 0.02340800
v -0.02411600 -0.17524400 0.02340800
v -0.02411600 -0.17524400 0.02340800
v -0.02309000 -0.17424000 0.02350800
v -0.02309000 -0.17424000 0.02350800
v -0.02308600 -0.17524000 0.02350800
v -0.02309000 -0.17424000 0.02350800
v -0.02308600 -0.17524000 0.02350800
v -0.02308600 -0.17524000 0.02350800
v -0.02224700 -0.17423700 0.02411000
v -0.02224700 -0.17423700 0.02411000
v -0.02224400 -0.17523700 0.02411000
v -0.02224700 -0.17423700 0.02411000
v -0.02224400 -0.17523700 0.02411000
v -0.02224400 -0.17523700 0.02411000
v -0.02181900 -0.17423500 0.02505200
v -0.02181900 -0.17423500 0.02505200
v -0.02181500 -0.17523500 0.02505200
v -0.02181900 -0.17423500 0.02505200
v -0.02181500 -0.17523500 0.02505200
v -0.02181500 -0.17523500 0.02505200
v -0.02191900 -0.17423600 0.02608300
v -0.02191900 -0.17423600 0.02608300
v -0.02191500 -0.17523600 0.02608300
v -0.02191900 -0.17423600 0.02608300
v -0.02191500 -0.17523600 0.02608300
v -0.02191500 -0.17523600 0.02608300
v -0.02252100 -0.17423800 0.02692500
v -0.02252100 -0.17423800 0.02692500
v -0.02251700 -0.17523800 0.02692500
v 0.00125100 -0.17124800 0.01611700
v 0.00126600 -0.17524800 0.01611700
v 0.00141200 -0.17124800 0.01588900
v 0.00141200 -0.17124800 0.01588900
v 0.00125100 -0.17124800 0.01611700
v 0.00075700 -0.17125000 0.01551700
v 0.00075700 -0.17125000 0.01551700
v 0.00075700 -0.17125000 0.01551700
v 0.00075700 -0.17125000 0.01551700
v 0.00075700 -0.17125000 0.01551700
v 0.00134000 -0.17124800 0.01465100
v 0.00136400 -0.17124800 0.01468100
v 0.00136400 -0.17124800 0.01468100
v 0.00155900 -0.17124700 0.01506300
v 0.00155900 -0.17124700 0.01506300
v 0.00157600 -0.17124700 0.01549200
v 0.00157600 -0.17124700 0.01549200
v 0.00438500 -0.17513700 0.00443600
v 0.00440200 -0.17523700 0.00453500
v 0.00335500 -0.17514100 0.00433600
v 0.00332000 -0.17524100 0.00443000
v 0.00251200 -0.17514400 0.00373500
v 0.00243500 -0.17524400 0.00379800
v 0.00208400 -0.17514500 0.00279200
v 0.00198500 -0.17524600 0.00280900
v 0.00218400 -0.17514500 0.00176200
v 0.00209000 -0.17524500 0.00172700
v 0.00278500 -0.17514300 0.00091900
v 0.00272200 -0.17524300 0.00084200
v 0.00372800 -0.17513900 0.00049100
v 0.00371200 -0.17523900 0.00039200
v 0.00475800 -0.17513500 0.00059100
v 0.00479400 -0.17523500 0.00049700
v 0.00560100 -0.17513200 0.00119300
v 0.00567800 -0.17523200 0.00112900
v 0.00602900 -0.17513000 0.00213500
v 0.00612800 -0.17523000 0.00211900
v 0.00592900 -0.17513100 0.00316500
v 0.00602300 -0.17523100 0.00320100
v 0.00532700 -0.17513300 0.00400800
v 0.00539100 -0.17523300 0.00408500
v 0.00075700 -0.17125000 0.01551700
v 0.00075100 -0.16975000 0.01551700
v 0.00134000 -0.17124800 0.01465100
v 0.00293000 -0.16974200 0.01182100
v 0.00135500 -0.17524800 0.01465100
v 0.00449600 -0.16973600 0.00782700
v 0.00451700 -0.17523600 0.00782700
v 0.00451700 -0.17523600 0.00782700
v 0.00293000 -0.16974200 0.01182100
v 0.00295100 -0.17524200 0.01182100
v 0.00404200 -0.16973800 0.00588100
v 0.00406200 -0.17523800 0.00588100
v 0.00404200 -0.16973800 0.00588100
v 0.00406200 -0.17523800 0.00588100
v 0.00406200 -0.17523800 0.00588100
v 0.00453000 -0.16973600 0.00679300
v 0.00453000 -0.16973600 0.00679300
v 0.00455000 -0.17523600 0.00679300
v 0.00453000 -0.16973600 0.00679300
v 0.00455000 -0.17523600 0.00679300
v -0.00326400 -0.17051500 -0.02018900
v -0.00224900 -0.17051200 -0.02102400
v -0.00224900 -0.17051200 -0.02102400
v -0.00041700 -0.17050500 -0.01722200
v -0.00041700 -0.17050500 -0.01722200
v -0.00041700 -0.17050500 -0.01722200
v 0.00058600 -0.17050100 -0.01804800
v 0.00058600 -0.17050100 -0.01804800
v 0.00058600 -0.17050100 -0.01804800
v 0.00194700 -0.17049600 -0.01385800
v 0.00194700 -0.17049600 -0.01385800
v 0.00296200 -0.17049200 -0.01469300
v -0.01853200 -0.17522300 -0.02340800
v -0.01851500 -0.17532300 -0.02330900
v -0.01956200 -0.17522700 -0.02350800
v -0.01959700 -0.17532700 -0.02341400
v -0.02040500 -0.17523000 -0.02411000
v -0.02048200 -0.17533000 -0.02404600
v -0.02083300 -0.17523200 -0.02505200
v -0.02093200 -0.17533200 -0.02503600
v -0.02073300 -0.17523100 -0.02608300
v -0.02082700 -0.17533200 -0.02611800
v -0.02013100 -0.17522900 -0.02692500
v -0.02019500 -0.17532900 -0.02700200
v -0.01918900 -0.17522500 -0.02735400
v -0.01920500 -0.17532600 -0.02745200
v -0.01815900 -0.17522200 -0.02725300
v -0.01812300 -0.17532100 -0.02734700
v -0.01731600 -0.17521800 -0.02665200
v -0.01723900 -0.17531800 -0.02671500
v -0.01688800 -0.17521700 -0.02570900
v -0.01678900 -0.17531600 -0.02572600
v -0.01698800 -0.17521700 -0.02467900
v -0.01689400 -0.17531700 -0.02464400
v -0.01759000 -0.17521900 -0.02383600
v -0.01752600 -0.17531900 -0.02375900
v 0.00186900 -0.17039600 -0.01379300
v 0.00188700 -0.17524600 -0.01379300
v 0.00287100 -0.17524200 -0.01198300
v 0.00074900 -0.16975000 -0.01552000
v -0.00186500 -0.16976000 -0.01869600
v -0.00186500 -0.16976000 -0.01869600
v -0.00049500 -0.17040500 -0.01715800
v -0.00049500 -0.17040500 -0.01715800
v -0.00186300 -0.17041000 -0.01869600
v -0.00334200 -0.17041600 -0.02012500
v -0.00493200 -0.16977200 -0.02143900
v -0.00332400 -0.17526600 -0.02012500
v 0.00567600 -0.17523200 -0.00006200
v 0.00565500 -0.16973200 -0.00006200
v 0.00535300 -0.17523300 -0.00416300
v 0.00533200 -0.16973300 -0.00416300
v 0.00441100 -0.17523600 -0.00816800
v 0.00439000 -0.16973700 -0.00816800
v 0.00285100 -0.16974200 -0.01198300
v 0.00075200 -0.17040000 -0.01552000
v -0.01609100 -0.16981400 -0.02648400
v -0.01607000 -0.17531400 -0.02648400
v -0.01212800 -0.16979900 -0.02537800
v -0.01210800 -0.17529900 -0.02537800
v -0.00838000 -0.16978500 -0.02368300
v -0.00835900 -0.17528500 -0.02368300
v -0.00835900 -0.17528500 -0.02368300
v -0.00493200 -0.16977200 -0.02143900
v -0.00491100 -0.17527200 -0.02143900
v -0.02221200 -0.17533700 -0.02604400
v -0.02223300 -0.16983700 -0.02604400
v -0.02221200 -0.17533700 -0.02604400
v -0.02223300 -0.16983700 -0.02604400
v -0.02223300 -0.16983700 -0.02604400
v -0.02301400 -0.17534000 -0.02669800
v -0.02301400 -0.17534000 -0.02669800
v -0.02303500 -0.16984000 -0.02669800
v -0.02301400 -0.17534000 -0.02669800
v -0.02303500 -0.16984000 -0.02669800
v -0.02403500 -0.17534400 -0.02686400
v -0.02405600 -0.16984400 -0.02686400
v -0.03135500 -0.17137100 -0.02507300
v -0.03134000 -0.17537100 -0.02507300
v -0.02825600 -0.17536000 -0.02609500
v -0.02827600 -0.16986000 -0.02609500
v -0.03232200 -0.16987500 -0.02466800
v -0.03231600 -0.17137500 -0.02466800
v -0.03137900 -0.17137100 -0.02510300
v -0.03137900 -0.17137100 -0.02510300
v -0.03137900 -0.17137100 -0.02510300
v -0.03135500 -0.17137100 -0.02507300
v -0.03231600 -0.17137500 -0.02466800
v -0.03231600 -0.17137500 -0.02466800
v -0.03171700 -0.17137300 -0.02536800
v -0.03213500 -0.17137400 -0.02546700
v -0.03213500 -0.17137400 -0.02546700
v -0.03213500 -0.17137400 -0.02546700
v -0.03231600 -0.17137500 -0.02466800
v -0.03231600 -0.17137500 -0.02466800
v -0.03255600 -0.17137600 -0.02538200
v -0.03255600 -0.17137600 -0.02538200
v -0.03281000 -0.17137700 -0.02526800
v -0.03281000 -0.17137700 -0.02526800
v -0.03279500 -0.17537700 -0.02526800
v 0.00293000 -0.16974200 0.01182100
v 0.00293000 -0.16974200 0.01182100
v 0.00075100 -0.16975000 0.01551700
v 0.00075100 -0.16975000 0.01551700
v 0.00075100 -0.16975000 0.01551700
v 0.00075100 -0.16975000 0.01551700
v 0.00075100 -0.16975000 0.01551700
v 0.00075100 -0.16975000 0.01551700
v 0.00075100 -0.16975000 0.01551700
v 0.00075100 -0.16975000 0.01551700
v 0.00075100 -0.16975000 0.01551700
v 0.00075100 -0.16975000 0.01551700
v 0.00075100 -0.16975000 0.01551700
v 0.00075100 -0.16975000 0.01551700
v 0.00316400 -0.16974100 0.00533400
v 0.00316400 -0.16974100 0.00533400
v 0.00316400 -0.16974100 0.00533400
v 0.00316400 -0.16974100 0.00533400
v 0.00316400 -0.16974100 0.00533400
v 0.00119700 -0.16974900 0.00444900
v 0.00119700 -0.16974900 0.00444900
v 0.00119700 -0.16974900 0.00444900
v 0.00119700 -0.16974900 0.00444900
v 0.00173500 -0.16974700 0.00457800
v 0.00173500 -0.16974700 0.00457800
v 0.00221700 -0.16974500 0.00484900
v 0.00221700 -0.16974500 0.00484900
v -0.02111700 -0.16983300 0.02405400
v -0.02111700 -0.16983300 0.02405400
v -0.02082400 -0.16983200 0.02507600
v -0.02082400 -0.16983200 0.02507600
v -0.02082400 -0.16983200 0.02507600
v -0.02082400 -0.16983200 0.02507600
v -0.02082400 -0.16983200 0.02507600
v -0.01036700 -0.16979200 0.02466800
v -0.01036700 -0.16979200 0.02466800
v -0.01036700 -0.16979200 0.02466800
v -0.01036700 -0.16979200 0.02466800
v -0.01036700 -0.16979200 0.02466800
v 0.00404200 -0.16973800 0.00588100
v 0.00453000 -0.16973600 0.00679300
v 0.00453000 -0.16973600 0.00679300
v 0.00449600 -0.16973600 0.00782700
v 0.00449600 -0.16973600 0.00782700
v 0.00167300 -0.16974700 0.01663600
v -0.00061300 -0.16975500 0.01941000
v -0.00061300 -0.16975500 0.01941000
v -0.00329700 -0.16976600 0.02192800
v -0.00329700 -0.16976600 0.02192800
v -0.00329700 -0.16976600 0.02192800
v -0.00628400 -0.16977700 0.02407800
v -0.00628400 -0.16977700 0.02407800
v -0.00944600 -0.16978900 0.02578700
v -0.01879600 -0.16982400 0.00309600
v -0.01810800 -0.16982100 0.00272800
v -0.01810800 -0.16982100 0.00272800
v -0.01929000 -0.16982600 0.00370000
v -0.01929000 -0.16982600 0.00370000
v -0.01929000 -0.16982600 0.00370000
v -0.01733200 -0.16981800 0.00265000
v -0.01733200 -0.16981800 0.00265000
v -0.01733200 -0.16981800 0.00265000
v -0.01951600 -0.16982700 0.00444700
v -0.01951600 -0.16982700 0.00444700
v -0.01951600 -0.16982700 0.00444700
v -0.02131400 -0.16983300 0.02297600
v -0.02131400 -0.16983300 0.02297600
v -0.02131400 -0.16983300 0.02297600
v -0.02129100 -0.16983300 0.02352900
v -0.02129100 -0.16983300 0.02352900
v -0.01965400 -0.16982700 0.02669800
v -0.02045600 -0.16983000 0.02604400
v -0.02045600 -0.16983000 0.02604400
v -0.01863300 -0.16982300 0.02686400
v -0.01863300 -0.16982300 0.02686400
v -0.01863300 -0.16982300 0.02686400
v -0.01441300 -0.16980700 0.02609500
v -0.01441300 -0.16980700 0.02609500
v -0.02535700 -0.16984900 -0.00265000
v -0.02535700 -0.16984900 -0.00265000
v -0.02535700 -0.16984900 -0.00265000
v -0.02535700 -0.16984900 -0.00265000
v -0.04388600 -0.16991800 -0.00444900
v -0.04388600 -0.16991800 -0.00444900
v -0.03232200 -0.16987500 -0.02466800
v -0.03232200 -0.16987500 -0.02466800
v -0.03232200 -0.16987500 -0.02466800
v -0.03232200 -0.16987500 -0.02466800
v -0.03232200 -0.16987500 -0.02466800
v -0.03232200 -0.16987500 -0.02466800
v -0.03232200 -0.16987500 -0.02466800
v -0.03232200 -0.16987500 -0.02466800
v -0.03232200 -0.16987500 -0.02466800
v -0.03232200 -0.16987500 -0.02466800
v -0.03232200 -0.16987500 -0.02466800
v -0.03232200 -0.16987500 -0.02466800
v -0.03232200 -0.16987500 -0.02466800
v -0.03232200 -0.16987500 -0.02466800
v -0.03640500 -0.16989000 -0.02407800
v -0.03640500 -0.16989000 -0.02407800
v -0.03324300 -0.16987800 -0.02578700
v -0.02186500 -0.16983500 -0.02507600
v -0.02186500 -0.16983500 -0.02507600
v -0.02186500 -0.16983500 -0.02507600
v -0.02186500 -0.16983500 -0.02507600
v -0.02157200 -0.16983400 -0.02405400
v -0.02157200 -0.16983400 -0.02405400
v -0.04344000 -0.16991700 -0.01551700
v -0.04344000 -0.16991700 -0.01551700
v -0.04344000 -0.16991700 -0.01551700
v -0.04344000 -0.16991700 -0.01551700
v -0.04436200 -0.16992000 -0.01663600
v -0.04207700 -0.16991200 -0.01941000
v -0.04207700 -0.16991200 -0.01941000
v -0.04442400 -0.16992000 -0.00457800
v -0.04442400 -0.16992000 -0.00457800
v -0.04490600 -0.16992200 -0.00484900
v -0.04490600 -0.16992200 -0.00484900
v -0.04585300 -0.16992600 -0.00533400
v -0.04585300 -0.16992600 -0.00533400
v -0.03939200 -0.16990100 -0.02192800
v -0.03939200 -0.16990100 -0.02192800
v -0.03939200 -0.16990100 -0.02192800
v -0.04585300 -0.16992600 -0.00533400
v -0.04585300 -0.16992600 -0.00533400
v -0.04585300 -0.16992600 -0.00533400
v -0.04673100 -0.16992900 -0.00588100
v -0.04721900 -0.16993100 -0.00679300
v -0.04721900 -0.16993100 -0.00679300
v -0.02303500 -0.16984000 -0.02669800
v -0.02223300 -0.16983700 -0.02604400
v -0.02223300 -0.16983700 -0.02604400
v -0.02405600 -0.16984400 -0.02686400
v -0.02405600 -0.16984400 -0.02686400
v -0.02405600 -0.16984400 -0.02686400
v -0.02827600 -0.16986000 -0.02609500
v -0.02827600 -0.16986000 -0.02609500
v -0.02353700 -0.16984200 -0.00347800
v -0.02433600 -0.16984500 -0.00282000
v -0.02433600 -0.16984500 -0.00282000
v -0.02317300 -0.16984000 -0.00444700
v -0.02317300 -0.16984000 -0.00444700
v -0.02317300 -0.16984000 -0.00444700
v -0.02137500 -0.16983400 -0.02297600
v -0.02137500 -0.16983400 -0.02297600
v -0.02137500 -0.16983400 -0.02297600
v -0.02139800 -0.16983400 -0.02352900
v -0.02139800 -0.16983400 -0.02352900
v -0.04561900 -0.16992500 -0.01182100
v -0.04561900 -0.16992500 -0.01182100
v -0.04561900 -0.16992500 -0.01182100
v -0.04718500 -0.16993100 -0.00782700
v -0.04718500 -0.16993100 -0.00782700
v -0.04392900 -0.17141900 -0.01611700
v -0.04391400 -0.17541900 -0.01611700
v -0.04409000 -0.17141900 -0.01588900
v -0.04409000 -0.17141900 -0.01588900
v -0.04392900 -0.17141900 -0.01611700
v -0.04343500 -0.17141700 -0.01551700
v -0.04343500 -0.17141700 -0.01551700
v -0.04343500 -0.17141700 -0.01551700
v -0.04343500 -0.17141700 -0.01551700
v -0.04343500 -0.17141700 -0.01551700
v -0.04401800 -0.17141900 -0.01465100
v -0.04404200 -0.17141900 -0.01468100
v -0.04404200 -0.17141900 -0.01468100
v -0.04423700 -0.17142000 -0.01506300
v -0.04423700 -0.17142000 -0.01506300
v -0.04425400 -0.17142000 -0.01549200
v -0.04425400 -0.17142000 -0.01549200
v -0.04473200 -0.17532200 -0.00279200
v -0.04463300 -0.17542100 -0.00280900
v -0.04483200 -0.17532200 -0.00176200
v -0.04473800 -0.17542200 -0.00172700
v -0.04543400 -0.17532400 -0.00091900
v -0.04537000 -0.17542400 -0.00084200
v -0.04637600 -0.17532800 -0.00049100
v -0.04635900 -0.17542800 -0.00039200
v -0.04740700 -0.17533200 -0.00059100
v -0.04744100 -0.17543200 -0.00049700
v -0.04824900 -0.17533500 -0.00119300
v -0.04832600 -0.17543500 -0.00112900
v -0.04867800 -0.17533600 -0.00213500
v -0.04877600 -0.17543700 -0.00211900
v -0.04857800 -0.17533600 -0.00316500
v -0.04867100 -0.17543600 -0.00320100
v -0.04797600 -0.17533400 -0.00400800
v -0.04803900 -0.17543400 -0.00408500
v -0.04703300 -0.17533000 -0.00443600
v -0.04704900 -0.17543000 -0.00453500
v -0.04600300 -0.17532600 -0.00433600
v -0.04596700 -0.17542600 -0.00443000
v -0.04516000 -0.17532300 -0.00373500
v -0.04508300 -0.17542300 -0.00379800
v -0.02181500 -0.17523500 0.02505200
v -0.02171600 -0.17533500 0.02503600
v -0.02191500 -0.17523600 0.02608300
v -0.02182100 -0.17533500 0.02611800
v -0.02251700 -0.17523800 0.02692500
v -0.02245300 -0.17533800 0.02700200
v -0.02345900 -0.17524200 0.02735400
v -0.02344200 -0.17534100 0.02745200
v -0.02449000 -0.17524500 0.02725300
v -0.02452400 -0.17534500 0.02734700
v -0.02533200 -0.17524900 0.02665200
v -0.02540900 -0.17534900 0.02671500
v -0.02576100 -0.17525000 0.02570900
v -0.02585900 -0.17535000 0.02572600
v -0.02566100 -0.17525000 0.02467900
v -0.02575400 -0.17535000 0.02464400
v -0.02505900 -0.17524800 0.02383600
v -0.02512200 -0.17534800 0.02375900
v -0.02411600 -0.17524400 0.02340800
v -0.02413200 -0.17534400 0.02330900
v -0.02308600 -0.17524000 0.02350800
v -0.02305100 -0.17534000 0.02341400
v -0.02224400 -0.17523700 0.02411000
v -0.02216600 -0.17533700 0.02404600
v -0.04343500 -0.17141700 -0.01551700
v -0.04344000 -0.16991700 -0.01551700
v -0.04401800 -0.17141900 -0.01465100
v -0.04561900 -0.16992500 -0.01182100
v -0.04400300 -0.17541900 -0.01465100
v -0.04718500 -0.16993100 -0.00782700
v -0.04716400 -0.17543100 -0.00782700
v -0.04716400 -0.17543100 -0.00782700
v -0.04561900 -0.16992500 -0.01182100
v -0.04559800 -0.17542500 -0.01182100
v -0.04673100 -0.16992900 -0.00588100
v -0.04671000 -0.17542900 -0.00588100
v -0.04673100 -0.16992900 -0.00588100
v -0.04671000 -0.17542900 -0.00588100
v -0.04671000 -0.17542900 -0.00588100
v -0.04721900 -0.16993100 -0.00679300
v -0.04721900 -0.16993100 -0.00679300
v -0.04719800 -0.17543100 -0.00679300
v -0.04721900 -0.16993100 -0.00679300
v -0.04719800 -0.17543100 -0.00679300
v -0.04736700 -0.17543200 0.00088800
v -0.04738800 -0.16993200 0.00088800
v -0.04736700 -0.17543200 0.00088800
v -0.04738800 -0.16993200 0.00088800
v -0.04738800 -0.16993200 0.00088800
v -0.04802100 -0.17543400 0.00169000
v -0.04802100 -0.17543400 0.00169000
v -0.04804200 -0.16993400 0.00169000
v -0.04802100 -0.17543400 0.00169000
v -0.04804200 -0.16993400 0.00169000
v -0.04818700 -0.17543500 0.00271100
v -0.04820800 -0.16993500 0.00271100
v -0.04735500 -0.17543200 0.00716500
v -0.04737600 -0.16993200 0.00716500
v -0.04579100 -0.17542600 0.01141800
v -0.04581100 -0.16992600 0.01141800
v -0.04353700 -0.17541700 0.01534800
v -0.04355800 -0.16991700 0.01534800
v -0.04065800 -0.17540600 0.01884700
v -0.04067800 -0.16990600 0.01884700
v -0.03723400 -0.17539300 0.02181400
v -0.03725400 -0.16989300 0.02181400
v -0.03336200 -0.17537900 0.02416800
v -0.03338300 -0.16987900 0.02416800
v -0.02915100 -0.17536300 0.02584100
v -0.02917200 -0.16986300 0.02584100
v -0.02722500 -0.16985600 0.02538700
v -0.02720400 -0.17535600 0.02538700
v -0.02722500 -0.16985600 0.02538700
v -0.02720400 -0.17535600 0.02538700
v -0.02720400 -0.17535600 0.02538700
v -0.02813800 -0.16985900 0.02587400
v -0.02813800 -0.16985900 0.02587400
v -0.02811700 -0.17535900 0.02587400
v -0.02813800 -0.16985900 0.02587400
v -0.02811700 -0.17535900 0.02587400
v -0.02043500 -0.17533000 0.02604400
v -0.02045600 -0.16983000 0.02604400
v -0.02043500 -0.17533000 0.02604400
v -0.02045600 -0.16983000 0.02604400
v -0.02045600 -0.16983000 0.02604400
v -0.01963400 -0.17532700 0.02669800
v -0.01963400 -0.17532700 0.02669800
v -0.01965400 -0.16982700 0.02669800
v -0.01963400 -0.17532700 0.02669800
v -0.01965400 -0.16982700 0.02669800
v -0.01861200 -0.17532300 0.02686400
v -0.01863300 -0.16982300 0.02686400
v -0.01132300 -0.17129600 0.02507300
v -0.01130800 -0.17529600 0.02507300
v -0.01439200 -0.17530700 0.02609500
v -0.01441300 -0.16980700 0.02609500
v -0.01036700 -0.16979200 0.02466800
v -0.01036100 -0.17129200 0.02466800
v -0.01129800 -0.17129600 0.02510300
v -0.01129800 -0.17129600 0.02510300
v -0.01129800 -0.17129600 0.02510300
v -0.01132300 -0.17129600 0.02507300
v -0.01036100 -0.17129200 0.02466800
v -0.01036100 -0.17129200 0.02466800
v -0.01096100 -0.17129400 0.02536800
v -0.01054300 -0.17129300 0.02546700
v -0.01054300 -0.17129300 0.02546700
v -0.01054300 -0.17129300 0.02546700
v -0.01036100 -0.17129200 0.02466800
v -0.01036100 -0.17129200 0.02466800
v -0.01012200 -0.17129100 0.02538200
v -0.01012200 -0.17129100 0.02538200
v -0.00986700 -0.17129000 0.02526800
v -0.00986700 -0.17129000 0.02526800
v -0.00985200 -0.17529000 0.02526800
v -0.02163800 -0.17283500 -0.01911900
v -0.02173700 -0.17273500 -0.01912800
v -0.02126400 -0.17283300 -0.02296700
v -0.02136400 -0.17273400 -0.02297600
v -0.02126600 -0.17283300 -0.02339600
v -0.02145900 -0.17273400 -0.02380600
v -0.02126600 -0.17283300 -0.02339600
v -0.02108200 -0.17283300 -0.02314400
v -0.02107300 -0.17533200 -0.02314400
v -0.02047700 -0.17533000 -0.02266900
v -0.02048600 -0.17283000 -0.02266900
v -0.01779500 -0.17532000 -0.02240900
v -0.01780500 -0.17282000 -0.02240900
v -0.01711900 -0.17531800 -0.02276000
v -0.01712800 -0.17281800 -0.02276000
v -0.01689900 -0.17281700 -0.02297200
v -0.01688500 -0.17271700 -0.02254200
v -0.01698400 -0.17281700 -0.02255100
v -0.01663200 -0.17271600 -0.02333800
v -0.01689900 -0.17281700 -0.02297200
v -0.01735800 -0.17281900 -0.01870300
v -0.01725900 -0.17271800 -0.01869400
v -0.01748400 -0.17271900 -0.01794700
v -0.01757200 -0.17281900 -0.01799400
v -0.01797800 -0.17272100 -0.01734300
v -0.01804100 -0.17282100 -0.01742000
v -0.01866600 -0.17272300 -0.01697400
v -0.01869500 -0.17282400 -0.01706900
v -0.01944200 -0.17272600 -0.01689600
v -0.01943200 -0.17282600 -0.01699600
v -0.01993000 -0.17282800 -0.01704400
v -0.01994000 -0.17272800 -0.01694500
v -0.02068700 -0.17273100 -0.01717000
v -0.02064000 -0.17283100 -0.01725800
v -0.02129100 -0.17273300 -0.01766400
v -0.02121300 -0.17283300 -0.01772800
v -0.02166000 -0.17273500 -0.01835200
v -0.02156400 -0.17283400 -0.01838100
v -0.00221400 -0.17276100 -0.00030400
v -0.00220500 -0.17266100 -0.00040400
v 0.00163300 -0.17274700 0.00006900
v 0.00164300 -0.17264700 -0.00003000
v 0.00206300 -0.17274500 0.00006700
v 0.00206300 -0.17274500 0.00006700
v 0.00164300 -0.17264700 -0.00003000
v 0.00247300 -0.17264400 -0.00012500
v 0.00108500 -0.17524900 0.00352800
v 0.00107600 -0.17274900 0.00352800
v 0.00143600 -0.17524800 0.00420500
v 0.00142600 -0.17274800 0.00420500
v 0.00163900 -0.17274700 0.00443400
v 0.00120800 -0.17264900 0.00444900
v 0.00121800 -0.17274900 0.00434900
v 0.00121800 -0.17274900 0.00434900
v 0.00200400 -0.17264600 0.00470100
v 0.00163900 -0.17274700 0.00443400
v 0.00120800 -0.17264900 0.00444900
v -0.00263000 -0.17276300 0.00397600
v -0.00264000 -0.17266300 0.00407500
v -0.00338700 -0.17266600 0.00385000
v -0.00334000 -0.17276600 0.00376100
v -0.00399100 -0.17266800 0.00335500
v -0.00391300 -0.17276800 0.00329200
v -0.00436000 -0.17267000 0.00266800
v -0.00426400 -0.17276900 0.00263900
v -0.00443700 -0.17267000 0.00189100
v -0.00443700 -0.17267000 0.00189100
v -0.00433700 -0.17276900 0.00190100
v -0.00428900 -0.17276900 0.00140300
v -0.00428900 -0.17276900 0.00140300
v -0.00438900 -0.17267000 0.00139300
v -0.00322600 -0.17266500 -0.00023400
v -0.00295200 -0.17276400 -0.00023100
v -0.00366900 -0.17266700 0.00004300
v -0.00360500 -0.17276700 0.00012000
v -0.00402600 -0.17266800 0.00042400
v -0.00407500 -0.17276800 0.00069400
v -0.00416400 -0.17266900 0.00064700
v -0.00298200 -0.17266400 -0.00032600
v -0.02578200 -0.17275000 0.02254200
v -0.02568200 -0.17285000 0.02255100
v -0.02603500 -0.17275100 0.02333800
v -0.02576700 -0.17285000 0.02297200
v -0.02557400 -0.17274900 0.02039400
v -0.02547400 -0.17284900 0.02040400
v -0.02547400 -0.17284900 0.02040400
v -0.02764100 -0.17281600 0.01814300
v -0.02759000 -0.17285700 0.01810100
v -0.02688300 -0.17285400 0.01821400
v -0.02557400 -0.17274900 0.02039400
v -0.02559100 -0.17285000 0.01948300
v -0.02568500 -0.17275000 0.01951700
v -0.02609300 -0.17285100 0.01870200
v -0.02616300 -0.17275200 0.01877300
v -0.02616300 -0.17275200 0.01877300
v -0.02688300 -0.17285400 0.01821400
v -0.02691600 -0.17275500 0.01830900
v -0.02771900 -0.17275800 0.01820700
v -0.02778200 -0.17284000 0.01812900
v -0.02154000 -0.17323400 0.01312300
v -0.02154100 -0.17283400 0.01312300
v -0.02763900 -0.17325700 0.01814300
v -0.02763900 -0.17325700 0.01814300
v -0.02759000 -0.17285700 0.01810100
v -0.02759000 -0.17285700 0.01810100
v -0.02764100 -0.17281600 0.01814300
v -0.02089800 -0.17323200 0.01099500
v -0.02084000 -0.17283200 0.01125000
v -0.02083800 -0.17323200 0.01125000
v -0.02082000 -0.17323200 0.01177200
v -0.02094000 -0.17283200 0.01228000
v -0.02093800 -0.17323200 0.01228000
v -0.02104600 -0.17323200 0.01251900
v -0.02131400 -0.16983300 0.02297600
v -0.02218000 -0.17283700 0.02266900
v -0.02217100 -0.17533700 0.02266900
v -0.02158400 -0.17283400 0.02314400
v -0.02157400 -0.17533400 0.02314400
v -0.04215200 -0.17291200 0.00013900
v -0.04216200 -0.17281200 0.00023900
v -0.04430000 -0.17292000 -0.00006900
v -0.04431000 -0.17282000 0.00003000
v -0.04472900 -0.17292200 -0.00006700
v -0.04514000 -0.17282300 0.00012500
v -0.04472900 -0.17292200 -0.00006700
v -0.04447700 -0.17292100 -0.00025100
v -0.04446700 -0.17542100 -0.00025100
v -0.04399300 -0.17541900 -0.00084700
v -0.04400200 -0.17291900 -0.00084700
v -0.04373300 -0.17541800 -0.00352800
v -0.04374200 -0.17291800 -0.00352800
v -0.04408300 -0.17541900 -0.00420500
v -0.04409300 -0.17291900 -0.00420500
v -0.04430600 -0.17292000 -0.00443400
v -0.04387500 -0.17281800 -0.00444900
v -0.04388400 -0.17291800 -0.00434900
v -0.04467100 -0.17282100 -0.00470100
v -0.04430600 -0.17292000 -0.00443400
v -0.03333900 -0.17287900 -0.00332500
v -0.03333000 -0.17277900 -0.00342500
v -0.03258300 -0.17277600 -0.00319900
v -0.03262900 -0.17287600 -0.00311100
v -0.03197900 -0.17277400 -0.00270500
v -0.03205500 -0.17287400 -0.00264200
v -0.03191000 -0.17287300 -0.00246500
v -0.03143600 -0.17277200 -0.00204600
v -0.03191000 -0.17287300 -0.00246500
v -0.03227700 -0.17327500 -0.00264800
v -0.03227800 -0.17287500 -0.00264800
v -0.03330700 -0.17327900 -0.00274800
v -0.03330900 -0.17287900 -0.00274800
v -0.03330900 -0.17287900 -0.00274800
v -0.03330700 -0.17327900 -0.00274800
v -0.03424900 -0.17328200 -0.00231900
v -0.03425100 -0.17288200 -0.00231900
v -0.04029900 -0.17290500 0.00265800
v -0.04029900 -0.17290500 0.00265800
v -0.04034900 -0.17330500 0.00270100
v -0.04034900 -0.17330500 0.00270100
v -0.04035100 -0.17286400 0.00270100
v -0.04036400 -0.17288800 0.00284100
v -0.04042800 -0.17280500 0.00276400
v -0.04035100 -0.17286400 0.00270100
v -0.04037400 -0.17280500 0.00195700
v -0.04029900 -0.17290500 0.00265800
v -0.04132300 -0.17280900 0.00051700
v -0.04127100 -0.17290900 0.00043100
v -0.04068500 -0.17280600 0.00112900
v -0.04060100 -0.17290600 0.00107400
v -0.04060100 -0.17290600 0.00107400
v -0.04037400 -0.17280500 0.00195700
v -0.04027500 -0.17290500 0.00194300
v 0.00527000 -0.17413300 0.00292000
v 0.00527000 -0.17413300 0.00292000
v 0.00527000 -0.17413300 0.00292000
v 0.00592500 -0.17413100 0.00316500
v 0.00592500 -0.17413100 0.00316500
v 0.00592500 -0.17413100 0.00316500
v 0.00487900 -0.17413500 0.00346700
v 0.00487900 -0.17413500 0.00346700
v 0.00487900 -0.17413500 0.00346700
v 0.00532400 -0.17413300 0.00400800
v 0.00532400 -0.17413300 0.00400800
v 0.00532400 -0.17413300 0.00400800
v 0.00426600 -0.17413700 0.00374600
v 0.00426600 -0.17413700 0.00374600
v 0.00426600 -0.17413700 0.00374600
v 0.00438100 -0.17413700 0.00443600
v 0.00438100 -0.17413700 0.00443600
v 0.00438100 -0.17413700 0.00443600
v 0.00359600 -0.17414000 0.00368100
v 0.00359600 -0.17414000 0.00368100
v 0.00359600 -0.17414000 0.00368100
v 0.00335100 -0.17414000 0.00433600
v 0.00335100 -0.17414000 0.00433600
v 0.00335100 -0.17414000 0.00433600
v 0.00304900 -0.17414200 0.00329000
v 0.00304900 -0.17414200 0.00329000
v 0.00304900 -0.17414200 0.00329000
v 0.00250800 -0.17414400 0.00373500
v 0.00250800 -0.17414400 0.00373500
v 0.00250800 -0.17414400 0.00373500
v 0.00277000 -0.17414300 0.00267700
v 0.00277000 -0.17414300 0.00267700
v 0.00277000 -0.17414300 0.00267700
v 0.00208000 -0.17414500 0.00279200
v 0.00208000 -0.17414500 0.00279200
v 0.00208000 -0.17414500 0.00279200
v 0.00283500 -0.17414200 0.00200700
v 0.00283500 -0.17414200 0.00200700
v 0.00283500 -0.17414200 0.00200700
v 0.00218000 -0.17414500 0.00176200
v 0.00218000 -0.17414500 0.00176200
v 0.00218000 -0.17414500 0.00176200
v 0.00322600 -0.17414100 0.00146000
v 0.00322600 -0.17414100 0.00146000
v 0.00322600 -0.17414100 0.00146000
v 0.00278200 -0.17414300 0.00091900
v 0.00278200 -0.17414300 0.00091900
v 0.00278200 -0.17414300 0.00091900
v 0.00383900 -0.17413900 0.00118100
v 0.00383900 -0.17413900 0.00118100
v 0.00383900 -0.17413900 0.00118100
v 0.00372400 -0.17413900 0.00049100
v 0.00372400 -0.17413900 0.00049100
v 0.00372400 -0.17413900 0.00049100
v 0.00450900 -0.17413600 0.00124600
v 0.00450900 -0.17413600 0.00124600
v 0.00450900 -0.17413600 0.00124600
v 0.00475400 -0.17413500 0.00059100
v 0.00475400 -0.17413500 0.00059100
v 0.00475400 -0.17413500 0.00059100
v 0.00505600 -0.17413400 0.00163700
v 0.00505600 -0.17413400 0.00163700
v 0.00505600 -0.17413400 0.00163700
v 0.00559700 -0.17413200 0.00119300
v 0.00559700 -0.17413200 0.00119300
v 0.00559700 -0.17413200 0.00119300
v 0.00533500 -0.17413300 0.00225000
v 0.00533500 -0.17413300 0.00225000
v 0.00533500 -0.17413300 0.00225000
v 0.00602500 -0.17413000 0.00213500
v 0.00602500 -0.17413000 0.00213500
v 0.00602500 -0.17413000 0.00213500
v -0.01932000 -0.17422600 -0.02416300
v -0.01932000 -0.17422600 -0.02416300
v -0.01932000 -0.17422600 -0.02416300
v -0.01956600 -0.17422700 -0.02350800
v -0.01956600 -0.17422700 -0.02350800
v -0.01986800 -0.17422800 -0.02455500
v -0.01986800 -0.17422800 -0.02455500
v -0.01986800 -0.17422800 -0.02455500
v -0.02040800 -0.17423000 -0.02411000
v -0.02040800 -0.17423000 -0.02411000
v -0.02040800 -0.17423000 -0.02411000
v -0.02014700 -0.17422900 -0.02516700
v -0.02014700 -0.17422900 -0.02516700
v -0.02014700 -0.17422900 -0.02516700
v -0.02083700 -0.17423200 -0.02505200
v -0.02083700 -0.17423200 -0.02505200
v -0.02083700 -0.17423200 -0.02505200
v -0.02008200 -0.17422900 -0.02583700
v -0.02008200 -0.17422900 -0.02583700
v -0.02008200 -0.17422900 -0.02583700
v -0.02073700 -0.17423100 -0.02608300
v -0.02073700 -0.17423100 -0.02608300
v -0.02073700 -0.17423100 -0.02608300
v -0.01969000 -0.17422700 -0.02638400
v -0.01969000 -0.17422700 -0.02638400
v -0.01969000 -0.17422700 -0.02638400
v -0.02013500 -0.17422900 -0.02692500
v -0.02013500 -0.17422900 -0.02692500
v -0.02013500 -0.17422900 -0.02692500
v -0.01907800 -0.17422500 -0.02666300
v -0.01907800 -0.17422500 -0.02666300
v -0.01907800 -0.17422500 -0.02666300
v -0.01919300 -0.17422500 -0.02735400
v -0.01919300 -0.17422500 -0.02735400
v -0.01919300 -0.17422500 -0.02735400
v -0.01840800 -0.17422300 -0.02659800
v -0.01840800 -0.17422300 -0.02659800
v -0.01840800 -0.17422300 -0.02659800
v -0.01816200 -0.17422200 -0.02725300
v -0.01816200 -0.17422200 -0.02725300
v -0.01816200 -0.17422200 -0.02725300
v -0.01786100 -0.17422000 -0.02620700
v -0.01786100 -0.17422000 -0.02620700
v -0.01786100 -0.17422000 -0.02620700
v -0.01732000 -0.17421800 -0.02665200
v -0.01732000 -0.17421800 -0.02665200
v -0.01732000 -0.17421800 -0.02665200
v -0.01758200 -0.17421900 -0.02559400
v -0.01758200 -0.17421900 -0.02559400
v -0.01758200 -0.17421900 -0.02559400
v -0.01689100 -0.17421700 -0.02570900
v -0.01689100 -0.17421700 -0.02570900
v -0.01689100 -0.17421700 -0.02570900
v -0.01764700 -0.17422000 -0.02492400
v -0.01764700 -0.17422000 -0.02492400
v -0.01764700 -0.17422000 -0.02492400
v -0.01699200 -0.17421700 -0.02467900
v -0.01699200 -0.17421700 -0.02467900
v -0.01699200 -0.17421700 -0.02467900
v -0.01803800 -0.17422100 -0.02437700
v -0.01803800 -0.17422100 -0.02437700
v -0.01803800 -0.17422100 -0.02437700
v -0.01759300 -0.17421900 -0.02383600
v -0.01759300 -0.17421900 -0.02383600
v -0.01759300 -0.17421900 -0.02383600
v -0.01865100 -0.17422300 -0.02409800
v -0.01865100 -0.17422300 -0.02409800
v -0.01865100 -0.17422300 -0.02409800
v -0.01853600 -0.17422300 -0.02340800
v -0.01853600 -0.17422300 -0.02340800
v -0.01853600 -0.17422300 -0.02340800
v -0.01956600 -0.17422700 -0.02350800
v -0.04549100 -0.17432400 -0.00200700
v -0.04549100 -0.17432400 -0.00200700
v -0.04549100 -0.17432400 -0.00200700
v -0.04483600 -0.17432200 -0.00176200
v -0.04483600 -0.17432200 -0.00176200
v -0.04483600 -0.17432200 -0.00176200
v -0.04588200 -0.17432600 -0.00146000
v -0.04588200 -0.17432600 -0.00146000
v -0.04588200 -0.17432600 -0.00146000
v -0.04543800 -0.17432400 -0.00091900
v -0.04543800 -0.17432400 -0.00091900
v -0.04543800 -0.17432400 -0.00091900
v -0.04649500 -0.17432800 -0.00118100
v -0.04649500 -0.17432800 -0.00118100
v -0.04649500 -0.17432800 -0.00118100
v -0.04638000 -0.17432800 -0.00049100
v -0.04638000 -0.17432800 -0.00049100
v -0.04638000 -0.17432800 -0.00049100
v -0.04716500 -0.17433100 -0.00124600
v -0.04716500 -0.17433100 -0.00124600
v -0.04716500 -0.17433100 -0.00124600
v -0.04741000 -0.17433200 -0.00059100
v -0.04741000 -0.17433200 -0.00059100
v -0.04741000 -0.17433200 -0.00059100
v -0.04771200 -0.17433300 -0.00163700
v -0.04771200 -0.17433300 -0.00163700
v -0.04771200 -0.17433300 -0.00163700
v -0.04825300 -0.17433500 -0.00119300
v -0.04825300 -0.17433500 -0.00119300
v -0.04825300 -0.17433500 -0.00119300
v -0.04799100 -0.17433400 -0.00225000
v -0.04799100 -0.17433400 -0.00225000
v -0.04799100 -0.17433400 -0.00225000
v -0.04868100 -0.17433600 -0.00213500
v -0.04868100 -0.17433600 -0.00213500
v -0.04868100 -0.17433600 -0.00213500
v -0.04792600 -0.17433400 -0.00292000
v -0.04792600 -0.17433400 -0.00292000
v -0.04792600 -0.17433400 -0.00292000
v -0.04858100 -0.17433600 -0.00316500
v -0.04858100 -0.17433600 -0.00316500
v -0.04858100 -0.17433600 -0.00316500
v -0.04753500 -0.17433200 -0.00346700
v -0.04753500 -0.17433200 -0.00346700
v -0.04753500 -0.17433200 -0.00346700
v -0.04797900 -0.17433400 -0.00400800
v -0.04797900 -0.17433400 -0.00400800
v -0.04797900 -0.17433400 -0.00400800
v -0.04692200 -0.17433000 -0.00374600
v -0.04692200 -0.17433000 -0.00374600
v -0.04692200 -0.17433000 -0.00374600
v -0.04703700 -0.17433000 -0.00443600
v -0.04703700 -0.17433000 -0.00443600
v -0.04703700 -0.17433000 -0.00443600
v -0.04625200 -0.17432700 -0.00368100
v -0.04625200 -0.17432700 -0.00368100
v -0.04625200 -0.17432700 -0.00368100
v -0.04600700 -0.17432600 -0.00433600
v -0.04600700 -0.17432600 -0.00433600
v -0.04600700 -0.17432600 -0.00433600
v -0.04570500 -0.17432500 -0.00329000
v -0.04570500 -0.17432500 -0.00329000
v -0.04570500 -0.17432500 -0.00329000
v -0.04516400 -0.17432300 -0.00373500
v -0.04516400 -0.17432300 -0.00373500
v -0.04516400 -0.17432300 -0.00373500
v -0.04542600 -0.17432400 -0.00267700
v -0.04542600 -0.17432400 -0.00267700
v -0.04542600 -0.17432400 -0.00267700
v -0.04473600 -0.17432200 -0.00279200
v -0.04473600 -0.17432200 -0.00279200
v -0.04473600 -0.17432200 -0.00279200
v -0.02500900 -0.17424700 0.02492400
v -0.02500900 -0.17424700 0.02492400
v -0.02500900 -0.17424700 0.02492400
v -0.02566400 -0.17425000 0.02467900
v -0.02566400 -0.17425000 0.02467900
v -0.02461800 -0.17424600 0.02437700
v -0.02461800 -0.17424600 0.02437700
v -0.02461800 -0.17424600 0.02437700
v -0.02506300 -0.17424700 0.02383600
v -0.02506300 -0.17424700 0.02383600
v -0.02506300 -0.17424700 0.02383600
v -0.02400500 -0.17424400 0.02409800
v -0.02400500 -0.17424400 0.02409800
v -0.02400500 -0.17424400 0.02409800
v -0.02412000 -0.17424400 0.02340800
v -0.02412000 -0.17424400 0.02340800
v -0.02412000 -0.17424400 0.02340800
v -0.02333500 -0.17424100 0.02416300
v -0.02333500 -0.17424100 0.02416300
v -0.02333500 -0.17424100 0.02416300
v -0.02309000 -0.17424000 0.02350800
v -0.02309000 -0.17424000 0.02350800
v -0.02309000 -0.17424000 0.02350800
v -0.02278800 -0.17423900 0.02455500
v -0.02278800 -0.17423900 0.02455500
v -0.02278800 -0.17423900 0.02455500
v -0.02224700 -0.17423700 0.02411000
v -0.02224700 -0.17423700 0.02411000
v -0.02224700 -0.17423700 0.02411000
v -0.02250900 -0.17423800 0.02516700
v -0.02250900 -0.17423800 0.02516700
v -0.02250900 -0.17423800 0.02516700
v -0.02181900 -0.17423500 0.02505200
v -0.02181900 -0.17423500 0.02505200
v -0.02181900 -0.17423500 0.02505200
v -0.02257400 -0.17423800 0.02583700
v -0.02257400 -0.17423800 0.02583700
v -0.02257400 -0.17423800 0.02583700
v -0.02191900 -0.17423600 0.02608300
v -0.02191900 -0.17423600 0.02608300
v -0.02191900 -0.17423600 0.02608300
v -0.02296500 -0.17424000 0.02638400
v -0.02296500 -0.17424000 0.02638400
v -0.02296500 -0.17424000 0.02638400
v -0.02252100 -0.17423800 0.02692500
v -0.02252100 -0.17423800 0.02692500
v -0.02252100 -0.17423800 0.02692500
v -0.02357800 -0.17424200 0.02666300
v -0.02357800 -0.17424200 0.02666300
v -0.02357800 -0.17424200 0.02666300
v -0.02346300 -0.17424100 0.02735400
v -0.02346300 -0.17424100 0.02735400
v -0.02346300 -0.17424100 0.02735400
v -0.02424800 -0.17424400 0.02659800
v -0.02424800 -0.17424400 0.02659800
v -0.02424800 -0.17424400 0.02659800
v -0.02449300 -0.17424500 0.02725300
v -0.02449300 -0.17424500 0.02725300
v -0.02449300 -0.17424500 0.02725300
v -0.02479500 -0.17424700 0.02620700
v -0.02479500 -0.17424700 0.02620700
v -0.02479500 -0.17424700 0.02620700
v -0.02533600 -0.17424800 0.02665200
v -0.02533600 -0.17424800 0.02665200
v -0.02533600 -0.17424800 0.02665200
v -0.02507400 -0.17424800 0.02559400
v -0.02507400 -0.17424800 0.02559400
v -0.02507400 -0.17424800 0.02559400
v -0.02576400 -0.17425000 0.02570900
v -0.02576400 -0.17425000 0.02570900
v -0.02576400 -0.17425000 0.02570900
v -0.02566400 -0.17425000 0.02467900
v 0.00125100 -0.17124800 0.01611700
v 0.00125100 -0.17124800 0.01611700
v 0.00125100 -0.17124800 0.01611700
v 0.00125100 -0.17124800 0.01611700
v 0.00126600 -0.17524800 0.01611700
v 0.00175900 -0.17524700 0.01671600
v 0.00175900 -0.17524700 0.01671600
v 0.00075100 -0.16975000 0.01551700
v 0.00075700 -0.17125000 0.01551700
v 0.00075700 -0.17125000 0.01551700
v 0.00167300 -0.16974700 0.01663600
v 0.00167300 -0.16974700 0.01663600
v 0.00167300 -0.16974700 0.01663600
v 0.00173800 -0.16964600 0.01671600
v 0.00173800 -0.16964600 0.01671600
v 0.00682500 -0.17522700 0.00446100
v 0.00682500 -0.17522700 0.00446100
v 0.00682500 -0.17522700 0.00446100
v 0.00682500 -0.17522700 0.00446100
v 0.00682500 -0.17522700 0.00446100
v 0.00567600 -0.17523200 -0.00006200
v 0.00567600 -0.17523200 -0.00006200
v 0.00567600 -0.17523200 -0.00006200
v 0.00567600 -0.17523200 -0.00006200
v 0.00567600 -0.17523200 -0.00006200
v 0.00717600 -0.17522600 -0.00011200
v 0.00717600 -0.17522600 -0.00011200
v 0.00717600 -0.17522600 -0.00011200
v 0.00535300 -0.17523300 -0.00416300
v 0.00535300 -0.17523300 -0.00416300
v 0.00535300 -0.17523300 -0.00416300
v 0.00535300 -0.17523300 -0.00416300
v 0.00201400 -0.17524600 0.00470100
v 0.00201400 -0.17524600 0.00470100
v 0.00143600 -0.17524800 0.00420500
v 0.00143600 -0.17524800 0.00420500
v 0.00243500 -0.17524400 0.00379800
v 0.00243500 -0.17524400 0.00379800
v 0.00243500 -0.17524400 0.00379800
v 0.00243500 -0.17524400 0.00379800
v 0.00243500 -0.17524400 0.00379800
v 0.00243500 -0.17524400 0.00379800
v 0.00108500 -0.17524900 0.00352800
v 0.00108500 -0.17524900 0.00352800
v 0.00108500 -0.17524900 0.00352800
v 0.00198500 -0.17524600 0.00280900
v 0.00198500 -0.17524600 0.00280900
v 0.00198500 -0.17524600 0.00280900
v 0.00101300 -0.17524900 0.00277000
v 0.00101300 -0.17524900 0.00277000
v 0.00101300 -0.17524900 0.00277000
v 0.00209000 -0.17524500 0.00172700
v 0.00209000 -0.17524500 0.00172700
v 0.00209000 -0.17524500 0.00172700
v 0.00209000 -0.17524500 0.00172700
v 0.00188700 -0.17524600 -0.01379300
v 0.00305800 -0.17524200 -0.01475700
v 0.00305800 -0.17524200 -0.01475700
v 0.00287100 -0.17524200 -0.01198300
v 0.00287100 -0.17524200 -0.01198300
v 0.00287100 -0.17524200 -0.01198300
v 0.00385900 -0.17523900 -0.01334400
v 0.00385900 -0.17523900 -0.01334400
v 0.00385900 -0.17523900 -0.01334400
v 0.00441100 -0.17523600 -0.00816800
v 0.00441100 -0.17523600 -0.00816800
v 0.00441100 -0.17523600 -0.00816800
v 0.00567400 -0.17523200 -0.00913100
v 0.00567400 -0.17523200 -0.00913100
v 0.00567400 -0.17523200 -0.00913100
v 0.00678900 -0.17522800 -0.00468200
v 0.00678900 -0.17522800 -0.00468200
v 0.00175900 -0.17524700 0.01671600
v 0.00175900 -0.17524700 0.01671600
v 0.00126600 -0.17524800 0.01611700
v 0.00142700 -0.17524800 0.01588900
v 0.00142700 -0.17524800 0.01588900
v 0.00142700 -0.17524800 0.01588900
v 0.00539100 -0.17523300 0.00408500
v 0.00539100 -0.17523300 0.00408500
v 0.00539100 -0.17523300 0.00408500
v 0.00539100 -0.17523300 0.00408500
v 0.00602300 -0.17523100 0.00320100
v 0.00602300 -0.17523100 0.00320100
v 0.00612800 -0.17523000 0.00211900
v 0.00612800 -0.17523000 0.00211900
v 0.00612800 -0.17523000 0.00211900
v 0.00567800 -0.17523200 0.00112900
v 0.00567800 -0.17523200 0.00112900
v 0.00567800 -0.17523200 0.00112900
v 0.00473300 -0.17523500 -0.00045900
v 0.00473300 -0.17523500 -0.00045900
v 0.00473300 -0.17523500 -0.00045900
v 0.00479400 -0.17523500 0.00049700
v 0.00479400 -0.17523500 0.00049700
v 0.00479400 -0.17523500 0.00049700
v 0.00371200 -0.17523900 -0.00051600
v 0.00371200 -0.17523900 -0.00051600
v 0.00371200 -0.17523900 -0.00051600
v 0.00371200 -0.17523900 0.00039200
v 0.00371200 -0.17523900 0.00039200
v 0.00371200 -0.17523900 0.00039200
v 0.00273000 -0.17524300 -0.00022700
v 0.00273000 -0.17524300 -0.00022700
v 0.00273000 -0.17524300 -0.00022700
v 0.00272200 -0.17524300 0.00084200
v 0.00272200 -0.17524300 0.00084200
v 0.00272200 -0.17524300 0.00084200
v 0.00272200 -0.17524300 0.00084200
v 0.00272200 -0.17524300 0.00084200
v 0.00248300 -0.17524400 -0.00012500
v 0.00248300 -0.17524400 -0.00012500
v 0.00112900 -0.17524900 0.00157800
v 0.00112900 -0.17524900 0.00157800
v 0.00134500 -0.17524800 0.00084700
v 0.00134500 -0.17524800 0.00084700
v 0.00134500 -0.17524800 0.00084700
v 0.00182000 -0.17524600 0.00025100
v 0.00182000 -0.17524600 0.00025100
v 0.00455000 -0.17523600 0.00679300
v 0.00455000 -0.17523600 0.00679300
v 0.00455000 -0.17523600 0.00679300
v 0.00455000 -0.17523600 0.00679300
v 0.00455000 -0.17523600 0.00679300
v 0.00406200 -0.17523800 0.00588100
v 0.00406200 -0.17523800 0.00588100
v 0.00332000 -0.17524100 0.00443000
v 0.00332000 -0.17524100 0.00443000
v 0.00332000 -0.17524100 0.00443000
v 0.00332000 -0.17524100 0.00443000
v 0.00318400 -0.17524100 0.00533400
v 0.00318400 -0.17524100 0.00533400
v 0.00318400 -0.17524100 0.00533400
v 0.00223700 -0.17524500 0.00484900
v 0.00223700 -0.17524500 0.00484900
v 0.00396300 -0.17523800 0.01314500
v 0.00396300 -0.17523800 0.01314500
v 0.00396300 -0.17523800 0.01314500
v 0.00159100 -0.17524700 0.01549200
v 0.00159100 -0.17524700 0.01549200
v 0.00157500 -0.17524700 0.01506300
v 0.00157500 -0.17524700 0.01506300
v 0.00396300 -0.17523800 0.01314500
v 0.00396300 -0.17523800 0.01314500
v 0.00396300 -0.17523800 0.01314500
v 0.00396300 -0.17523800 0.01314500
v 0.00137900 -0.17524800 0.01468100
v 0.00137900 -0.17524800 0.01468100
v 0.00574400 -0.17523100 0.00891900
v 0.00574400 -0.17523100 0.00891900
v 0.00574400 -0.17523100 0.00891900
v 0.00440200 -0.17523700 0.00453500
v 0.00440200 -0.17523700 0.00453500
v 0.00135500 -0.17524800 0.01465100
v 0.00135500 -0.17524800 0.01465100
v 0.00295100 -0.17524200 0.01182100
v 0.00295100 -0.17524200 0.01182100
v 0.00295100 -0.17524200 0.01182100
v 0.00574400 -0.17523100 0.00891900
v 0.00574400 -0.17523100 0.00891900
v 0.00451700 -0.17523600 0.00782700
v 0.00451700 -0.17523600 0.00782700
v 0.00296200 -0.17049200 -0.01469300
v 0.00296200 -0.17049200 -0.01469300
v 0.00304000 -0.17039200 -0.01475700
v 0.00305800 -0.17524200 -0.01475700
v 0.00305800 -0.17524200 -0.01475700
v 0.00305800 -0.17524200 -0.01475700
v 0.00194700 -0.17049600 -0.01385800
v 0.00194700 -0.17049600 -0.01385800
v 0.00194700 -0.17049600 -0.01385800
v 0.00188700 -0.17524600 -0.01379300
v 0.00188700 -0.17524600 -0.01379300
v 0.00186900 -0.17039600 -0.01379300
v 0.00304000 -0.17039200 -0.01475700
v 0.00296200 -0.17049200 -0.01469300
v 0.00137500 -0.17039800 -0.01721000
v 0.00058600 -0.17050100 -0.01804800
v 0.00066300 -0.17040100 -0.01811100
v -0.00168000 -0.17040900 -0.02063200
v -0.00224900 -0.17051200 -0.02102400
v -0.00217100 -0.17041100 -0.02108900
v -0.00215300 -0.17526100 -0.02108900
v -0.00215300 -0.17526100 -0.02108900
v -0.00217100 -0.17041100 -0.02108900
v -0.00224900 -0.17051200 -0.02102400
v -0.00224900 -0.17051200 -0.02102400
v -0.00224900 -0.17051200 -0.02102400
v -0.00332400 -0.17526600 -0.02012500
v -0.00332400 -0.17526600 -0.02012500
v -0.00332400 -0.17526600 -0.02012500
v -0.00326400 -0.17051500 -0.02018900
v -0.00326400 -0.17051500 -0.02018900
v -0.00334200 -0.17041600 -0.02012500
v -0.01752600 -0.17531900 -0.02375900
v -0.01752600 -0.17531900 -0.02375900
v -0.01752600 -0.17531900 -0.02375900
v -0.01752600 -0.17531900 -0.02375900
v -0.01752600 -0.17531900 -0.02375900
v -0.01752600 -0.17531900 -0.02375900
v -0.01779500 -0.17532000 -0.02240900
v -0.01779500 -0.17532000 -0.02240900
v -0.01779500 -0.17532000 -0.02240900
v -0.01851500 -0.17532300 -0.02330900
v -0.01851500 -0.17532300 -0.02330900
v -0.01851500 -0.17532300 -0.02330900
v -0.01855400 -0.17532300 -0.02233700
v -0.01855400 -0.17532300 -0.02233700
v -0.01855400 -0.17532300 -0.02233700
v -0.01959700 -0.17532700 -0.02341400
v -0.01959700 -0.17532700 -0.02341400
v -0.01959700 -0.17532700 -0.02341400
v -0.01959700 -0.17532700 -0.02341400
v -0.01647500 -0.17531500 -0.02356100
v -0.01647500 -0.17531500 -0.02356100
v -0.01662300 -0.17531600 -0.02333800
v -0.01662300 -0.17531600 -0.02333800
v -0.01711900 -0.17531800 -0.02276000
v -0.01711900 -0.17531800 -0.02276000
v -0.01600200 -0.17531300 -0.02446900
v -0.01600200 -0.17531300 -0.02446900
v -0.01600200 -0.17531300 -0.02446900
v -0.01689400 -0.17531700 -0.02464400
v -0.01689400 -0.17531700 -0.02464400
v -0.01689400 -0.17531700 -0.02464400
v -0.01586200 -0.17531300 -0.02548200
v -0.01586200 -0.17531300 -0.02548200
v -0.01586200 -0.17531300 -0.02548200
v -0.01678900 -0.17531600 -0.02572600
v -0.01678900 -0.17531600 -0.02572600
v -0.01678900 -0.17531600 -0.02572600
v -0.01607000 -0.17531400 -0.02648400
v -0.01607000 -0.17531400 -0.02648400
v -0.01607000 -0.17531400 -0.02648400
v -0.01607000 -0.17531400 -0.02648400
v -0.01723900 -0.17531800 -0.02671500
v -0.01723900 -0.17531800 -0.02671500
v -0.01723900 -0.17531800 -0.02671500
v -0.01800000 -0.17532100 -0.02830500
v -0.01800000 -0.17532100 -0.02830500
v -0.01800000 -0.17532100 -0.02830500
v -0.01800000 -0.17532100 -0.02830500
v -0.01800000 -0.17532100 -0.02830500
v -0.01800000 -0.17532100 -0.02830500
v -0.01210800 -0.17529900 -0.02537800
v -0.01210800 -0.17529900 -0.02537800
v -0.01210800 -0.17529900 -0.02537800
v -0.01350200 -0.17530400 -0.02740600
v -0.01350200 -0.17530400 -0.02740600
v -0.01350200 -0.17530400 -0.02740600
v -0.00835900 -0.17528500 -0.02368300
v -0.00835900 -0.17528500 -0.02368300
v -0.00835900 -0.17528500 -0.02368300
v -0.00920700 -0.17528800 -0.02579600
v -0.00920700 -0.17528800 -0.02579600
v -0.00920700 -0.17528800 -0.02579600
v -0.00491100 -0.17527200 -0.02143900
v -0.00491100 -0.17527200 -0.02143900
v -0.00491100 -0.17527200 -0.02143900
v -0.00522600 -0.17527300 -0.02351800
v -0.00522600 -0.17527300 -0.02351800
v -0.00522600 -0.17527300 -0.02351800
v -0.00332400 -0.17526600 -0.02012500
v -0.00332400 -0.17526600 -0.02012500
v -0.00215300 -0.17526100 -0.02108900
v -0.02107300 -0.17533200 -0.02314400
v -0.02107300 -0.17533200 -0.02314400
v -0.02048200 -0.17533000 -0.02404600
v -0.02048200 -0.17533000 -0.02404600
v -0.02048200 -0.17533000 -0.02404600
v -0.02047700 -0.17533000 -0.02266900
v -0.02047700 -0.17533000 -0.02266900
v -0.02047700 -0.17533000 -0.02266900
v -0.01974600 -0.17532800 -0.02245300
v -0.01974600 -0.17532800 -0.02245300
v -0.02144900 -0.17533400 -0.02380600
v -0.02144900 -0.17533400 -0.02380600
v -0.02048200 -0.17533000 -0.02404600
v -0.02048200 -0.17533000 -0.02404600
v -0.02155100 -0.17533400 -0.02405400
v -0.02155100 -0.17533400 -0.02405400
v -0.02155100 -0.17533400 -0.02405400
v -0.02093200 -0.17533200 -0.02503600
v -0.02093200 -0.17533200 -0.02503600
v -0.02093200 -0.17533200 -0.02503600
v -0.02184500 -0.17533500 -0.02507600
v -0.02184500 -0.17533500 -0.02507600
v -0.02184500 -0.17533500 -0.02507600
v -0.02082700 -0.17533200 -0.02611800
v -0.02082700 -0.17533200 -0.02611800
v -0.02082700 -0.17533200 -0.02611800
v -0.02082700 -0.17533200 -0.02611800
v -0.02082700 -0.17533200 -0.02611800
v -0.02221200 -0.17533700 -0.02604400
v -0.02221200 -0.17533700 -0.02604400
v -0.02301400 -0.17534000 -0.02669800
v -0.02301400 -0.17534000 -0.02669800
v -0.02301400 -0.17534000 -0.02669800
v -0.02403500 -0.17534400 -0.02686400
v -0.02403500 -0.17534400 -0.02686400
v -0.02713400 -0.17535500 -0.02790100
v -0.02713400 -0.17535500 -0.02790100
v -0.02713400 -0.17535500 -0.02790100
v -0.02713400 -0.17535500 -0.02790100
v -0.02713400 -0.17535500 -0.02790100
v -0.02019500 -0.17532900 -0.02700200
v -0.02019500 -0.17532900 -0.02700200
v -0.02019500 -0.17532900 -0.02700200
v -0.02258300 -0.17533800 -0.02847200
v -0.02258300 -0.17533800 -0.02847200
v -0.02258300 -0.17533800 -0.02847200
v -0.01920500 -0.17532600 -0.02745200
v -0.01920500 -0.17532600 -0.02745200
v -0.01920500 -0.17532600 -0.02745200
v -0.01812300 -0.17532100 -0.02734700
v -0.01812300 -0.17532100 -0.02734700
v -0.02825600 -0.17536000 -0.02609500
v -0.02825600 -0.17536000 -0.02609500
v -0.02825600 -0.17536000 -0.02609500
v -0.03134000 -0.17537100 -0.02507300
v -0.03136400 -0.17537100 -0.02510300
v -0.03153500 -0.17537200 -0.02660800
v -0.03153500 -0.17537200 -0.02660800
v -0.03153500 -0.17537200 -0.02660800
v -0.03153500 -0.17537200 -0.02660800
v -0.03212000 -0.17537400 -0.02546700
v -0.03212000 -0.17537400 -0.02546700
v -0.03212000 -0.17537400 -0.02546700
v -0.03328800 -0.17537900 -0.02586700
v -0.03328800 -0.17537900 -0.02586700
v -0.03328800 -0.17537900 -0.02586700
v -0.03254100 -0.17537600 -0.02538200
v -0.03254100 -0.17537600 -0.02538200
v -0.03279500 -0.17537700 -0.02526800
v -0.02713400 -0.17535500 -0.02790100
v -0.02713400 -0.17535500 -0.02790100
v -0.03136400 -0.17537100 -0.02510300
v -0.03136400 -0.17537100 -0.02510300
v -0.03136400 -0.17537100 -0.02510300
v -0.03170200 -0.17537300 -0.02536800
v -0.03170200 -0.17537300 -0.02536800
v -0.03281000 -0.17137700 -0.02526800
v -0.03281000 -0.17137700 -0.02526800
v -0.03281000 -0.17137700 -0.02526800
v -0.03281000 -0.17137700 -0.02526800
v -0.03231600 -0.17137500 -0.02466800
v -0.03232200 -0.16987500 -0.02466800
v -0.03232200 -0.16987500 -0.02466800
v -0.03328800 -0.17537900 -0.02586700
v -0.03279500 -0.17537700 -0.02526800
v -0.03279500 -0.17537700 -0.02526800
v -0.03330900 -0.16977900 -0.02586700
v -0.03330900 -0.16977900 -0.02586700
v -0.03330900 -0.16977900 -0.02586700
v -0.03324300 -0.16987800 -0.02578700
v -0.03324300 -0.16987800 -0.02578700
v 0.00167300 -0.16974700 0.01663600
v 0.00173800 -0.16964600 0.01671600
v 0.00150600 -0.16964700 0.01703100
v -0.00061300 -0.16975500 0.01941000
v -0.00054000 -0.16965500 0.01947800
v -0.00152200 -0.16965900 0.02047700
v -0.00329700 -0.16976600 0.02192800
v -0.00323400 -0.16966500 0.02200500
v -0.00506300 -0.16967200 0.02339100
v -0.00628400 -0.16977700 0.02407800
v -0.00623200 -0.16967700 0.02416300
v -0.00944600 -0.16978900 0.02578700
v -0.00902600 -0.16968700 0.02570000
v -0.00938000 -0.16968800 0.02586700
v -0.04207700 -0.16991200 -0.01941000
v -0.04436200 -0.16992000 -0.01663600
v -0.04275100 -0.16981400 -0.01881500
v -0.04442800 -0.16982000 -0.01671600
v -0.03330900 -0.16977900 -0.02586700
v -0.03324300 -0.16987800 -0.02578700
v -0.03569200 -0.16978800 -0.02462500
v -0.03640500 -0.16989000 -0.02407800
v -0.03645800 -0.16979000 -0.02416300
v -0.03939200 -0.16990100 -0.02192800
v -0.03945600 -0.16980200 -0.02200500
v -0.04215000 -0.16981200 -0.01947800
v -0.04392900 -0.17141900 -0.01611700
v -0.04392900 -0.17141900 -0.01611700
v -0.04392900 -0.17141900 -0.01611700
v -0.04392900 -0.17141900 -0.01611700
v -0.04391400 -0.17541900 -0.01611700
v -0.04440700 -0.17542000 -0.01671600
v -0.04440700 -0.17542000 -0.01671600
v -0.04344000 -0.16991700 -0.01551700
v -0.04343500 -0.17141700 -0.01551700
v -0.04343500 -0.17141700 -0.01551700
v -0.04436200 -0.16992000 -0.01663600
v -0.04436200 -0.16992000 -0.01663600
v -0.04436200 -0.16992000 -0.01663600
v -0.04442800 -0.16982000 -0.01671600
v -0.04442800 -0.16982000 -0.01671600
v -0.04377600 -0.17541800 -0.00157800
v -0.04377600 -0.17541800 -0.00157800
v -0.04473800 -0.17542200 -0.00172700
v -0.04473800 -0.17542200 -0.00172700
v -0.04473800 -0.17542200 -0.00172700
v -0.04473800 -0.17542200 -0.00172700
v -0.04473800 -0.17542200 -0.00172700
v -0.04366100 -0.17541800 -0.00277000
v -0.04366100 -0.17541800 -0.00277000
v -0.04366100 -0.17541800 -0.00277000
v -0.04463300 -0.17542100 -0.00280900
v -0.04463300 -0.17542100 -0.00280900
v -0.04463300 -0.17542100 -0.00280900
v -0.04373300 -0.17541800 -0.00352800
v -0.04373300 -0.17541800 -0.00352800
v -0.04373300 -0.17541800 -0.00352800
v -0.04508300 -0.17542300 -0.00379800
v -0.04508300 -0.17542300 -0.00379800
v -0.04508300 -0.17542300 -0.00379800
v -0.04508300 -0.17542300 -0.00379800
v -0.04508300 -0.17542300 -0.00379800
v -0.04508300 -0.17542300 -0.00379800
v -0.04408300 -0.17541900 -0.00420500
v -0.04408300 -0.17541900 -0.00420500
v -0.04466200 -0.17542100 -0.00470100
v -0.04466200 -0.17542100 -0.00470100
v -0.02602500 -0.17535100 0.02333800
v -0.02602500 -0.17535100 0.02333800
v -0.02552900 -0.17534900 0.02276000
v -0.02552900 -0.17534900 0.02276000
v -0.02512200 -0.17534800 0.02375900
v -0.02512200 -0.17534800 0.02375900
v -0.02512200 -0.17534800 0.02375900
v -0.02512200 -0.17534800 0.02375900
v -0.02512200 -0.17534800 0.02375900
v -0.02512200 -0.17534800 0.02375900
v -0.02485200 -0.17534700 0.02240900
v -0.02485200 -0.17534700 0.02240900
v -0.02485200 -0.17534700 0.02240900
v -0.02413200 -0.17534400 0.02330900
v -0.02413200 -0.17534400 0.02330900
v -0.02413200 -0.17534400 0.02330900
v -0.02409400 -0.17534400 0.02233700
v -0.02409400 -0.17534400 0.02233700
v -0.02409400 -0.17534400 0.02233700
v -0.02305100 -0.17534000 0.02341400
v -0.02305100 -0.17534000 0.02341400
v -0.02305100 -0.17534000 0.02341400
v -0.02305100 -0.17534000 0.02341400
v -0.04399300 -0.17541900 -0.00084700
v -0.04399300 -0.17541900 -0.00084700
v -0.04446700 -0.17542100 -0.00025100
v -0.04446700 -0.17542100 -0.00025100
v -0.04446700 -0.17542100 -0.00025100
v -0.04537000 -0.17542400 -0.00084200
v -0.04537000 -0.17542400 -0.00084200
v -0.04719800 -0.17543100 -0.00679300
v -0.04719800 -0.17543100 -0.00679300
v -0.04719800 -0.17543100 -0.00679300
v -0.04719800 -0.17543100 -0.00679300
v -0.04596700 -0.17542600 -0.00443000
v -0.04596700 -0.17542600 -0.00443000
v -0.04596700 -0.17542600 -0.00443000
v -0.04596700 -0.17542600 -0.00443000
v -0.04704900 -0.17543000 -0.00453500
v -0.04704900 -0.17543000 -0.00453500
v -0.04704900 -0.17543000 -0.00453500
v -0.04704900 -0.17543000 -0.00453500
v -0.02691500 -0.17535500 0.02794600
v -0.02691500 -0.17535500 0.02794600
v -0.02691500 -0.17535500 0.02794600
v -0.02691500 -0.17535500 0.02794600
v -0.03132500 -0.17537100 0.02668700
v -0.03132500 -0.17537100 0.02668700
v -0.03132500 -0.17537100 0.02668700
v -0.03132500 -0.17537100 0.02668700
v -0.02585900 -0.17535000 0.02572600
v -0.02585900 -0.17535000 0.02572600
v -0.02585900 -0.17535000 0.02572600
v -0.02585900 -0.17535000 0.02572600
v -0.02811700 -0.17535900 0.02587400
v -0.02811700 -0.17535900 0.02587400
v -0.02811700 -0.17535900 0.02587400
v -0.02811700 -0.17535900 0.02587400
v -0.02575400 -0.17535000 0.02464400
v -0.02575400 -0.17535000 0.02464400
v -0.02575400 -0.17535000 0.02464400
v -0.02575400 -0.17535000 0.02464400
v -0.02157400 -0.17533400 0.02314400
v -0.02157400 -0.17533400 0.02314400
v -0.02216600 -0.17533700 0.02404600
v -0.02216600 -0.17533700 0.02404600
v -0.02216600 -0.17533700 0.02404600
v -0.02217100 -0.17533700 0.02266900
v -0.02217100 -0.17533700 0.02266900
v -0.02217100 -0.17533700 0.02266900
v -0.02290100 -0.17533900 0.02245300
v -0.02290100 -0.17533900 0.02245300
v -0.04513000 -0.17542300 0.00012500
v -0.04513000 -0.17542300 0.00012500
v -0.04537000 -0.17542400 -0.00084200
v -0.04537000 -0.17542400 -0.00084200
v -0.04537800 -0.17542400 0.00022700
v -0.04537800 -0.17542400 0.00022700
v -0.04537800 -0.17542400 0.00022700
v -0.04635900 -0.17542800 -0.00039200
v -0.04635900 -0.17542800 -0.00039200
v -0.04635900 -0.17542800 -0.00039200
v -0.04640000 -0.17542800 0.00052100
v -0.04640000 -0.17542800 0.00052100
v -0.04640000 -0.17542800 0.00052100
v -0.04744100 -0.17543200 -0.00049700
v -0.04744100 -0.17543200 -0.00049700
v -0.04744100 -0.17543200 -0.00049700
v -0.04744100 -0.17543200 -0.00049700
v -0.04744100 -0.17543200 -0.00049700
v -0.01128300 -0.17529600 0.02510300
v -0.01128300 -0.17529600 0.02510300
v -0.01128300 -0.17529600 0.02510300
v -0.01094600 -0.17529400 0.02536800
v -0.01094600 -0.17529400 0.02536800
v -0.01328700 -0.17530300 0.02734300
v -0.01328700 -0.17530300 0.02734300
v -0.01328700 -0.17530300 0.02734300
v -0.01328700 -0.17530300 0.02734300
v -0.01328700 -0.17530300 0.02734300
v -0.01052800 -0.17529300 0.02546700
v -0.01052800 -0.17529300 0.02546700
v -0.01052800 -0.17529300 0.02546700
v -0.00935900 -0.17528800 0.02586700
v -0.00935900 -0.17528800 0.02586700
v -0.00935900 -0.17528800 0.02586700
v -0.01010700 -0.17529100 0.02538200
v -0.01010700 -0.17529100 0.02538200
v -0.00985200 -0.17529000 0.02526800
v -0.02119900 -0.17533300 0.02380600
v -0.02119900 -0.17533300 0.02380600
v -0.02216600 -0.17533700 0.02404600
v -0.02216600 -0.17533700 0.02404600
v -0.02109700 -0.17533300 0.02405400
v -0.02109700 -0.17533300 0.02405400
v -0.02109700 -0.17533300 0.02405400
v -0.02171600 -0.17533500 0.02503600
v -0.02171600 -0.17533500 0.02503600
v -0.02171600 -0.17533500 0.02503600
v -0.02080300 -0.17533200 0.02507600
v -0.02080300 -0.17533200 0.02507600
v -0.02080300 -0.17533200 0.02507600
v -0.02182100 -0.17533500 0.02611800
v -0.02182100 -0.17533500 0.02611800
v -0.02182100 -0.17533500 0.02611800
v -0.02182100 -0.17533500 0.02611800
v -0.02182100 -0.17533500 0.02611800
v -0.04902200 -0.17543800 -0.00671200
v -0.04902200 -0.17543800 -0.00671200
v -0.04902200 -0.17543800 -0.00671200
v -0.04902200 -0.17543800 -0.00671200
v -0.04867100 -0.17543600 -0.00320100
v -0.04867100 -0.17543600 -0.00320100
v -0.04867100 -0.17543600 -0.00320100
v -0.04974000 -0.17544000 -0.00218200
v -0.04974000 -0.17544000 -0.00218200
v -0.04974000 -0.17544000 -0.00218200
v -0.04877600 -0.17543700 -0.00211900
v -0.04877600 -0.17543700 -0.00211900
v -0.04877600 -0.17543700 -0.00211900
v -0.04972200 -0.17544000 0.00240500
v -0.04972200 -0.17544000 0.00240500
v -0.04832600 -0.17543500 -0.00112900
v -0.04832600 -0.17543500 -0.00112900
v -0.04972200 -0.17544000 0.00240500
v -0.04972200 -0.17544000 0.00240500
v -0.04972200 -0.17544000 0.00240500
v -0.04972200 -0.17544000 0.00240500
v -0.02540900 -0.17534900 0.02671500
v -0.02540900 -0.17534900 0.02671500
v -0.02452400 -0.17534500 0.02734700
v -0.02452400 -0.17534500 0.02734700
v -0.02452400 -0.17534500 0.02734700
v -0.02236000 -0.17533700 0.02848100
v -0.02236000 -0.17533700 0.02848100
v -0.02236000 -0.17533700 0.02848100
v -0.02344200 -0.17534100 0.02745200
v -0.02344200 -0.17534100 0.02745200
v -0.02344200 -0.17534100 0.02745200
v -0.01777700 -0.17532000 0.02827800
v -0.01777700 -0.17532000 0.02827800
v -0.02245300 -0.17533800 0.02700200
v -0.02245300 -0.17533800 0.02700200
v -0.01777700 -0.17532000 0.02827800
v -0.01777700 -0.17532000 0.02827800
v -0.01777700 -0.17532000 0.02827800
v -0.01777700 -0.17532000 0.02827800
v -0.02720400 -0.17535600 0.02538700
v -0.02720400 -0.17535600 0.02538700
v -0.02665800 -0.17535300 0.02450800
v -0.02665800 -0.17535300 0.02450800
v -0.02665800 -0.17535300 0.02450800
v -0.02617300 -0.17535200 0.02356100
v -0.02617300 -0.17535200 0.02356100
v -0.04671000 -0.17542900 -0.00588100
v -0.04671000 -0.17542900 -0.00588100
v -0.04583200 -0.17542600 -0.00533400
v -0.04583200 -0.17542600 -0.00533400
v -0.04583200 -0.17542600 -0.00533400
v -0.04488500 -0.17542200 -0.00484900
v -0.04488500 -0.17542200 -0.00484900
v -0.04440700 -0.17542000 -0.01671600
v -0.04440700 -0.17542000 -0.01671600
v -0.04391400 -0.17541900 -0.01611700
v -0.04407500 -0.17541900 -0.01588900
v -0.04407500 -0.17541900 -0.01588900
v -0.04407500 -0.17541900 -0.01588900
v -0.04716400 -0.17543100 -0.00782700
v -0.04716400 -0.17543100 -0.00782700
v -0.04758700 -0.17543200 -0.01106800
v -0.04758700 -0.17543200 -0.01106800
v -0.04758700 -0.17543200 -0.01106800
v -0.04758700 -0.17543200 -0.01106800
v -0.04758700 -0.17543200 -0.01106800
v -0.04758700 -0.17543200 -0.01106800
v -0.04758700 -0.17543200 -0.01106800
v -0.04803900 -0.17543400 -0.00408500
v -0.04803900 -0.17543400 -0.00408500
v -0.01130800 -0.17529600 0.02507300
v -0.01439200 -0.17530700 0.02609500
v -0.01439200 -0.17530700 0.02609500
v -0.01439200 -0.17530700 0.02609500
v -0.01861200 -0.17532300 0.02686400
v -0.01861200 -0.17532300 0.02686400
v -0.01861200 -0.17532300 0.02686400
v -0.01328700 -0.17530300 0.02734300
v -0.01963400 -0.17532700 0.02669800
v -0.01963400 -0.17532700 0.02669800
v -0.01963400 -0.17532700 0.02669800
v -0.02043500 -0.17533000 0.02604400
v -0.02043500 -0.17533000 0.02604400
v -0.04547100 -0.17542400 -0.01513800
v -0.04547100 -0.17542400 -0.01513800
v -0.04547100 -0.17542400 -0.01513800
v -0.04547100 -0.17542400 -0.01513800
v -0.04423900 -0.17542000 -0.01549200
v -0.04423900 -0.17542000 -0.01549200
v -0.04422200 -0.17542000 -0.01506300
v -0.04422200 -0.17542000 -0.01506300
v -0.04422200 -0.17542000 -0.01506300
v -0.04758700 -0.17543200 -0.01106800
v -0.04402700 -0.17541900 -0.01468100
v -0.04402700 -0.17541900 -0.01468100
v -0.04736700 -0.17543200 0.00088800
v -0.04736700 -0.17543200 0.00088800
v -0.04802100 -0.17543400 0.00169000
v -0.04802100 -0.17543400 0.00169000
v -0.04802100 -0.17543400 0.00169000
v -0.04818700 -0.17543500 0.00271100
v -0.04818700 -0.17543500 0.00271100
v -0.04818700 -0.17543500 0.00271100
v -0.04896800 -0.17543800 0.00692900
v -0.04896800 -0.17543800 0.00692900
v -0.04896800 -0.17543800 0.00692900
v -0.04735500 -0.17543200 0.00716500
v -0.04735500 -0.17543200 0.00716500
v -0.04735500 -0.17543200 0.00716500
v -0.04749900 -0.17543200 0.01127400
v -0.04749900 -0.17543200 0.01127400
v -0.04749900 -0.17543200 0.01127400
v -0.04579100 -0.17542600 0.01141800
v -0.04579100 -0.17542600 0.01141800
v -0.04579100 -0.17542600 0.01141800
v -0.04535200 -0.17542400 0.01532700
v -0.04535200 -0.17542400 0.01532700
v -0.04535200 -0.17542400 0.01532700
v -0.04353700 -0.17541700 0.01534800
v -0.04353700 -0.17541700 0.01534800
v -0.04353700 -0.17541700 0.01534800
v -0.04258200 -0.17541400 0.01898300
v -0.04258200 -0.17541400 0.01898300
v -0.04258200 -0.17541400 0.01898300
v -0.04065800 -0.17540600 0.01884700
v -0.04065800 -0.17540600 0.01884700
v -0.04065800 -0.17540600 0.01884700
v -0.03926200 -0.17540100 0.02214700
v -0.03926200 -0.17540100 0.02214700
v -0.03926200 -0.17540100 0.02214700
v -0.03723400 -0.17539300 0.02181400
v -0.03723400 -0.17539300 0.02181400
v -0.03723400 -0.17539300 0.02181400
v -0.03547700 -0.17538700 0.02473700
v -0.03547700 -0.17538700 0.02473700
v -0.03547700 -0.17538700 0.02473700
v -0.03336200 -0.17537900 0.02416800
v -0.03336200 -0.17537900 0.02416800
v -0.03336200 -0.17537900 0.02416800
v -0.03132500 -0.17537100 0.02668700
v -0.02915100 -0.17536300 0.02584100
v -0.02915100 -0.17536300 0.02584100
v -0.04400300 -0.17541900 -0.01465100
v -0.04400300 -0.17541900 -0.01465100
v -0.04559800 -0.17542500 -0.01182100
v -0.04559800 -0.17542500 -0.01182100
v -0.00986700 -0.17129000 0.02526800
v -0.00986700 -0.17129000 0.02526800
v -0.00986700 -0.17129000 0.02526800
v -0.00986700 -0.17129000 0.02526800
v -0.01036100 -0.17129200 0.02466800
v -0.01036700 -0.16979200 0.02466800
v -0.01036700 -0.16979200 0.02466800
v -0.00935900 -0.17528800 0.02586700
v -0.00985200 -0.17529000 0.02526800
v -0.00985200 -0.17529000 0.02526800
v -0.00938000 -0.16968800 0.02586700
v -0.00938000 -0.16968800 0.02586700
v -0.00938000 -0.16968800 0.02586700
v -0.00944600 -0.16978900 0.02578700
v -0.00944600 -0.16978900 0.02578700
v -0.01712800 -0.17281800 -0.02276000
v -0.01712800 -0.17281800 -0.02276000
v -0.01689900 -0.17281700 -0.02297200
v -0.01698400 -0.17281700 -0.02255100
v -0.01698400 -0.17281700 -0.02255100
v -0.01698400 -0.17281700 -0.02255100
v -0.01698400 -0.17281700 -0.02255100
v -0.01698400 -0.17281700 -0.02255100
v -0.01698400 -0.17281700 -0.02255100
v -0.02126400 -0.17283300 -0.02296700
v -0.02126400 -0.17283300 -0.02296700
v -0.02126400 -0.17283300 -0.02296700
v -0.02126400 -0.17283300 -0.02296700
v -0.02126600 -0.17283300 -0.02339600
v -0.02108200 -0.17283300 -0.02314400
v -0.02108200 -0.17283300 -0.02314400
v -0.01853200 -0.17282300 -0.01970500
v -0.01853200 -0.17282300 -0.01970500
v -0.01826500 -0.17282200 -0.01911600
v -0.01826500 -0.17282200 -0.01911600
v -0.01826500 -0.17282200 -0.01911600
v -0.01735800 -0.17281900 -0.01870300
v -0.01735800 -0.17281900 -0.01870300
v -0.01735800 -0.17281900 -0.01870300
v -0.01832700 -0.17282200 -0.01847200
v -0.01832700 -0.17282200 -0.01847200
v -0.01832700 -0.17282200 -0.01847200
v -0.01757200 -0.17281900 -0.01799400
v -0.01757200 -0.17281900 -0.01799400
v -0.01757200 -0.17281900 -0.01799400
v -0.01870300 -0.17282400 -0.01794600
v -0.01870300 -0.17282400 -0.01794600
v -0.01870300 -0.17282400 -0.01794600
v -0.01870300 -0.17282400 -0.01794600
v -0.01905900 -0.17282500 -0.02008200
v -0.01905900 -0.17282500 -0.02008200
v -0.01905900 -0.17282500 -0.02008200
v -0.01905900 -0.17282500 -0.02008200
v -0.01905900 -0.17282500 -0.02008200
v -0.01780500 -0.17282000 -0.02240900
v -0.01780500 -0.17282000 -0.02240900
v -0.01780500 -0.17282000 -0.02240900
v -0.02029200 -0.17283000 -0.01987600
v -0.02029200 -0.17283000 -0.01987600
v -0.02029200 -0.17283000 -0.01987600
v -0.02029200 -0.17283000 -0.01987600
v -0.02048600 -0.17283000 -0.02266900
v -0.02048600 -0.17283000 -0.02266900
v -0.02048600 -0.17283000 -0.02266900
v -0.02048600 -0.17283000 -0.02266900
v -0.01970300 -0.17282700 -0.02014400
v -0.01970300 -0.17282700 -0.02014400
v -0.01970300 -0.17282700 -0.02014400
v -0.01975600 -0.17282800 -0.02245300
v -0.01975600 -0.17282800 -0.02245300
v -0.01975600 -0.17282800 -0.02245300
v -0.01856300 -0.17282300 -0.02233700
v -0.01856300 -0.17282300 -0.02233700
v -0.02163800 -0.17283500 -0.01911900
v -0.02163800 -0.17283500 -0.01911900
v -0.02163800 -0.17283500 -0.01911900
v -0.02066800 -0.17283100 -0.01935000
v -0.02066800 -0.17283100 -0.01935000
v -0.02066800 -0.17283100 -0.01935000
v -0.02156400 -0.17283400 -0.01838100
v -0.02156400 -0.17283400 -0.01838100
v -0.02156400 -0.17283400 -0.01838100
v -0.02073100 -0.17283100 -0.01870600
v -0.02073100 -0.17283100 -0.01870600
v -0.02073100 -0.17283100 -0.01870600
v -0.02121300 -0.17283300 -0.01772800
v -0.02121300 -0.17283300 -0.01772800
v -0.02121300 -0.17283300 -0.01772800
v -0.02046300 -0.17283000 -0.01811700
v -0.02046300 -0.17283000 -0.01811700
v -0.02046300 -0.17283000 -0.01811700
v -0.02046300 -0.17283000 -0.01811700
v -0.01804100 -0.17282100 -0.01742000
v -0.01804100 -0.17282100 -0.01742000
v -0.01869500 -0.17282400 -0.01706900
v -0.01869500 -0.17282400 -0.01706900
v -0.01869500 -0.17282400 -0.01706900
v -0.01929200 -0.17282600 -0.01767800
v -0.01929200 -0.17282600 -0.01767800
v -0.01929200 -0.17282600 -0.01767800
v -0.01943200 -0.17282600 -0.01699600
v -0.01943200 -0.17282600 -0.01699600
v -0.01943200 -0.17282600 -0.01699600
v -0.01993600 -0.17282800 -0.01774100
v -0.01993600 -0.17282800 -0.01774100
v -0.01993600 -0.17282800 -0.01774100
v -0.01993000 -0.17282800 -0.01704400
v -0.01993000 -0.17282800 -0.01704400
v -0.01993000 -0.17282800 -0.01704400
v -0.02064000 -0.17283100 -0.01725800
v -0.02064000 -0.17283100 -0.01725800
v -0.00321700 -0.17276500 0.00087100
v -0.00321700 -0.17276500 0.00087100
v -0.00321700 -0.17276500 0.00087100
v -0.00321700 -0.17276500 0.00087100
v -0.00359300 -0.17276700 0.00139700
v -0.00359300 -0.17276700 0.00139700
v -0.00359300 -0.17276700 0.00139700
v -0.00428900 -0.17276900 0.00140300
v -0.00428900 -0.17276900 0.00140300
v -0.00428900 -0.17276900 0.00140300
v -0.00433700 -0.17276900 0.00190100
v -0.00433700 -0.17276900 0.00190100
v -0.00433700 -0.17276900 0.00190100
v -0.00365500 -0.17276700 0.00204100
v -0.00365500 -0.17276700 0.00204100
v -0.00365500 -0.17276700 0.00204100
v -0.00426400 -0.17276900 0.00263900
v -0.00426400 -0.17276900 0.00263900
v -0.00426400 -0.17276900 0.00263900
v -0.00338700 -0.17276600 0.00263000
v -0.00338700 -0.17276600 0.00263000
v -0.00338700 -0.17276600 0.00263000
v -0.00338700 -0.17276600 0.00263000
v -0.00391300 -0.17276800 0.00329200
v -0.00391300 -0.17276800 0.00329200
v 0.00163300 -0.17274700 0.00006900
v 0.00163300 -0.17274700 0.00006900
v 0.00163300 -0.17274700 0.00006900
v 0.00163300 -0.17274700 0.00006900
v 0.00206300 -0.17274500 0.00006700
v 0.00181000 -0.17274600 0.00025100
v 0.00181000 -0.17274600 0.00025100
v -0.00334000 -0.17276600 0.00376100
v -0.00334000 -0.17276600 0.00376100
v -0.00334000 -0.17276600 0.00376100
v -0.00286100 -0.17276400 0.00300600
v -0.00286100 -0.17276400 0.00300600
v -0.00286100 -0.17276400 0.00300600
v -0.00263000 -0.17276300 0.00397600
v -0.00263000 -0.17276300 0.00397600
v -0.00263000 -0.17276300 0.00397600
v -0.00221700 -0.17276200 0.00306900
v -0.00221700 -0.17276200 0.00306900
v -0.00221700 -0.17276200 0.00306900
v 0.00121800 -0.17274900 0.00434900
v 0.00121800 -0.17274900 0.00434900
v 0.00121800 -0.17274900 0.00434900
v 0.00121800 -0.17274900 0.00434900
v 0.00121800 -0.17274900 0.00434900
v 0.00121800 -0.17274900 0.00434900
v -0.00162800 -0.17275900 0.00280100
v -0.00162800 -0.17275900 0.00280100
v -0.00125200 -0.17275800 0.00227400
v -0.00125200 -0.17275800 0.00227400
v -0.00125200 -0.17275800 0.00227400
v -0.00125200 -0.17275800 0.00227400
v -0.00125200 -0.17275800 0.00227400
v -0.00145700 -0.17275900 0.00104100
v -0.00145700 -0.17275900 0.00104100
v -0.00145700 -0.17275900 0.00104100
v 0.00133600 -0.17274800 0.00084700
v 0.00133600 -0.17274800 0.00084700
v -0.00118900 -0.17275800 0.00163000
v -0.00118900 -0.17275800 0.00163000
v -0.00118900 -0.17275800 0.00163000
v 0.00111900 -0.17274900 0.00157800
v 0.00111900 -0.17274900 0.00157800
v 0.00133600 -0.17274800 0.00084700
v 0.00133600 -0.17274800 0.00084700
v -0.00221400 -0.17276100 -0.00030400
v -0.00221400 -0.17276100 -0.00030400
v -0.00221400 -0.17276100 -0.00030400
v -0.00145700 -0.17275900 0.00104100
v -0.00198400 -0.17276100 0.00066500
v -0.00198400 -0.17276100 0.00066500
v -0.00198400 -0.17276100 0.00066500
v -0.00295200 -0.17276400 -0.00023100
v -0.00295200 -0.17276400 -0.00023100
v -0.00295200 -0.17276400 -0.00023100
v -0.00262800 -0.17276300 0.00060300
v -0.00262800 -0.17276300 0.00060300
v -0.00262800 -0.17276300 0.00060300
v -0.00360500 -0.17276700 0.00012000
v -0.00360500 -0.17276700 0.00012000
v -0.00360500 -0.17276700 0.00012000
v -0.00407500 -0.17276800 0.00069400
v -0.00407500 -0.17276800 0.00069400
v 0.00111900 -0.17274900 0.00157800
v 0.00100400 -0.17274900 0.00277000
v 0.00100400 -0.17274900 0.00277000
v 0.00107600 -0.17274900 0.00352800
v 0.00107600 -0.17274900 0.00352800
v 0.00107600 -0.17274900 0.00352800
v 0.00142600 -0.17274800 0.00420500
v 0.00142600 -0.17274800 0.00420500
v 0.00163900 -0.17274700 0.00443400
v -0.02688300 -0.17285400 0.01821400
v -0.02688300 -0.17285400 0.01821400
v -0.02759000 -0.17285700 0.01810100
v -0.02759000 -0.17285700 0.01810100
v -0.02759000 -0.17285700 0.01810100
v -0.02759000 -0.17285700 0.01810100
v -0.02433900 -0.17284500 0.01847200
v -0.02433900 -0.17284500 0.01847200
v -0.02413400 -0.17284400 0.01970500
v -0.02413400 -0.17284400 0.01970500
v -0.02547400 -0.17284900 0.02040400
v -0.02547400 -0.17284900 0.02040400
v -0.02547400 -0.17284900 0.02040400
v -0.02547400 -0.17284900 0.02040400
v -0.02547400 -0.17284900 0.02040400
v -0.02440200 -0.17284500 0.01911600
v -0.02440200 -0.17284500 0.01911600
v -0.02440200 -0.17284500 0.01911600
v -0.02559100 -0.17285000 0.01948300
v -0.02559100 -0.17285000 0.01948300
v -0.02559100 -0.17285000 0.01948300
v -0.02433900 -0.17284500 0.01847200
v -0.02433900 -0.17284500 0.01847200
v -0.02433900 -0.17284500 0.01847200
v -0.02609300 -0.17285100 0.01870200
v -0.02609300 -0.17285100 0.01870200
v -0.02273000 -0.17283900 0.01774100
v -0.02273000 -0.17283900 0.01774100
v -0.02273000 -0.17283900 0.01774100
v -0.02035700 -0.17283000 0.01165400
v -0.02035700 -0.17283000 0.01165400
v -0.02035700 -0.17283000 0.01165400
v -0.02035700 -0.17283000 0.01165400
v -0.02035700 -0.17283000 0.01165400
v -0.02220400 -0.17283700 0.01811700
v -0.02220400 -0.17283700 0.01811700
v -0.02220400 -0.17283700 0.01811700
v -0.02027900 -0.17283000 0.01243100
v -0.02027900 -0.17283000 0.01243100
v -0.02027900 -0.17283000 0.01243100
v -0.02193600 -0.17283600 0.01870600
v -0.02193600 -0.17283600 0.01870600
v -0.02193600 -0.17283600 0.01870600
v -0.02130300 -0.17283300 0.02297600
v -0.02130300 -0.17283300 0.02297600
v -0.02130300 -0.17283300 0.02297600
v -0.02130300 -0.17283300 0.02297600
v -0.02130300 -0.17283300 0.02297600
v -0.02130300 -0.17283300 0.02297600
v -0.02199800 -0.17283600 0.01935000
v -0.02199800 -0.17283600 0.01935000
v -0.02360700 -0.17284200 0.02008200
v -0.02360700 -0.17284200 0.02008200
v -0.02360700 -0.17284200 0.02008200
v -0.02360700 -0.17284200 0.02008200
v -0.02360700 -0.17284200 0.02008200
v -0.02486200 -0.17284700 0.02240900
v -0.02486200 -0.17284700 0.02240900
v -0.02486200 -0.17284700 0.02240900
v -0.02486200 -0.17284700 0.02240900
v -0.02568200 -0.17285000 0.02255100
v -0.02568200 -0.17285000 0.02255100
v -0.02568200 -0.17285000 0.02255100
v -0.02553800 -0.17284900 0.02276000
v -0.02553800 -0.17284900 0.02276000
v -0.02576700 -0.17285000 0.02297200
v -0.02218000 -0.17283700 0.02266900
v -0.02218000 -0.17283700 0.02266900
v -0.02218000 -0.17283700 0.02266900
v -0.02218000 -0.17283700 0.02266900
v -0.02158400 -0.17283400 0.02314400
v -0.02158400 -0.17283400 0.02314400
v -0.02158400 -0.17283400 0.02314400
v -0.02128000 -0.17283300 0.02352900
v -0.02128000 -0.17283300 0.02352900
v -0.02120800 -0.17283300 0.02380600
v -0.02237400 -0.17283700 0.01987600
v -0.02237400 -0.17283700 0.01987600
v -0.02237400 -0.17283700 0.01987600
v -0.02296400 -0.17284000 0.02014400
v -0.02296400 -0.17284000 0.02014400
v -0.02296400 -0.17284000 0.02014400
v -0.02291100 -0.17283900 0.02245300
v -0.02291100 -0.17283900 0.02245300
v -0.02291100 -0.17283900 0.02245300
v -0.02410300 -0.17284400 0.02233700
v -0.02410300 -0.17284400 0.02233700
v -0.02126800 -0.17283300 0.01030800
v -0.02072600 -0.17283100 0.01096700
v -0.02072600 -0.17283100 0.01096700
v -0.02084000 -0.17283200 0.01125000
v -0.02084000 -0.17283200 0.01125000
v -0.02084000 -0.17283200 0.01125000
v -0.02094000 -0.17283200 0.01228000
v -0.02094000 -0.17283200 0.01228000
v -0.02094000 -0.17283200 0.01228000
v -0.02154100 -0.17283400 0.01312300
v -0.02154100 -0.17283400 0.01312300
v -0.02154100 -0.17283400 0.01312300
v -0.02273000 -0.17283900 0.01774100
v -0.02337400 -0.17284100 0.01767800
v -0.02337400 -0.17284100 0.01767800
v -0.02337400 -0.17284100 0.01767800
v -0.02396300 -0.17284300 0.01794600
v -0.02396300 -0.17284300 0.01794600
v -0.04430000 -0.17292000 -0.00006900
v -0.04430000 -0.17292000 -0.00006900
v -0.04472900 -0.17292200 -0.00006700
v -0.04447700 -0.17292100 -0.00025100
v -0.04447700 -0.17292100 -0.00025100
v -0.04447700 -0.17292100 -0.00025100
v -0.04215200 -0.17291200 0.00013900
v -0.04215200 -0.17291200 0.00013900
v -0.04215200 -0.17291200 0.00013900
v -0.04215200 -0.17291200 0.00013900
v -0.03901100 -0.17290000 -0.00204100
v -0.03901100 -0.17290000 -0.00204100
v -0.03901100 -0.17290000 -0.00204100
v -0.03901100 -0.17290000 -0.00204100
v -0.03927900 -0.17290100 -0.00263000
v -0.03927900 -0.17290100 -0.00263000
v -0.03333900 -0.17287900 -0.00332500
v -0.03333900 -0.17287900 -0.00332500
v -0.03333900 -0.17287900 -0.00332500
v -0.03333900 -0.17287900 -0.00332500
v -0.03980600 -0.17290300 -0.00300600
v -0.03980600 -0.17290300 -0.00300600
v -0.03980600 -0.17290300 -0.00300600
v -0.04388400 -0.17291800 -0.00434900
v -0.04388400 -0.17291800 -0.00434900
v -0.04388400 -0.17291800 -0.00434900
v -0.04388400 -0.17291800 -0.00434900
v -0.04388400 -0.17291800 -0.00434900
v -0.04388400 -0.17291800 -0.00434900
v -0.04388400 -0.17291800 -0.00434900
v -0.04120900 -0.17290800 -0.00104100
v -0.04120900 -0.17290800 -0.00104100
v -0.04120900 -0.17290800 -0.00104100
v -0.04120900 -0.17290800 -0.00104100
v -0.04400200 -0.17291900 -0.00084700
v -0.04400200 -0.17291900 -0.00084700
v -0.04400200 -0.17291900 -0.00084700
v -0.04400200 -0.17291900 -0.00084700
v -0.04147700 -0.17290900 -0.00163000
v -0.04147700 -0.17290900 -0.00163000
v -0.04147700 -0.17290900 -0.00163000
v -0.04378600 -0.17291800 -0.00157800
v -0.04378600 -0.17291800 -0.00157800
v -0.04378600 -0.17291800 -0.00157800
v -0.04141500 -0.17290900 -0.00227400
v -0.04141500 -0.17290900 -0.00227400
v -0.04141500 -0.17290900 -0.00227400
v -0.04141500 -0.17290900 -0.00227400
v -0.04141500 -0.17290900 -0.00227400
v -0.04127100 -0.17290900 0.00043100
v -0.04127100 -0.17290900 0.00043100
v -0.04127100 -0.17290900 0.00043100
v -0.04068300 -0.17290600 -0.00066500
v -0.04068300 -0.17290600 -0.00066500
v -0.04068300 -0.17290600 -0.00066500
v -0.04060100 -0.17290600 0.00107400
v -0.04060100 -0.17290600 0.00107400
v -0.04060100 -0.17290600 0.00107400
v -0.04003900 -0.17290400 -0.00060300
v -0.04003900 -0.17290400 -0.00060300
v -0.04003900 -0.17290400 -0.00060300
v -0.04003900 -0.17290400 -0.00060300
v -0.03330900 -0.17287900 -0.00274800
v -0.03330900 -0.17287900 -0.00274800
v -0.03330900 -0.17287900 -0.00274800
v -0.03330900 -0.17287900 -0.00274800
v -0.03262900 -0.17287600 -0.00311100
v -0.03262900 -0.17287600 -0.00311100
v -0.03262900 -0.17287600 -0.00311100
v -0.03262900 -0.17287600 -0.00311100
v -0.03227800 -0.17287500 -0.00264800
v -0.03227800 -0.17287500 -0.00264800
v -0.03227800 -0.17287500 -0.00264800
v -0.03205500 -0.17287400 -0.00264200
v -0.03205500 -0.17287400 -0.00264200
v -0.03191000 -0.17287300 -0.00246500
v -0.04045000 -0.17290500 -0.00306900
v -0.04045000 -0.17290500 -0.00306900
v -0.04103900 -0.17290800 -0.00280100
v -0.04103900 -0.17290800 -0.00280100
v -0.03907400 -0.17290000 -0.00139700
v -0.03907400 -0.17290000 -0.00139700
v -0.03907400 -0.17290000 -0.00139700
v -0.03425100 -0.17288200 -0.00231900
v -0.03425100 -0.17288200 -0.00231900
v -0.03425100 -0.17288200 -0.00231900
v -0.03945000 -0.17290200 -0.00087100
v -0.03945000 -0.17290200 -0.00087100
v -0.03945000 -0.17290200 -0.00087100
v -0.04029900 -0.17290500 0.00265800
v -0.04029900 -0.17290500 0.00265800
v -0.04029900 -0.17290500 0.00265800
v -0.04027500 -0.17290500 0.00194300
v -0.04027500 -0.17290500 0.00194300
v -0.04367000 -0.17291800 -0.00277000
v -0.04367000 -0.17291800 -0.00277000
v -0.04374200 -0.17291800 -0.00352800
v -0.04374200 -0.17291800 -0.00352800
v -0.04374200 -0.17291800 -0.00352800
v -0.04409300 -0.17291900 -0.00420500
v -0.04409300 -0.17291900 -0.00420500
v -0.04430600 -0.17292000 -0.00443400
v 0.00322600 -0.17414100 0.00146000
v 0.00321200 -0.17034100 0.00146000
v 0.00321200 -0.17034100 0.00146000
v 0.00283500 -0.17414200 0.00200700
v 0.00283500 -0.17414200 0.00200700
v 0.00282100 -0.17034300 0.00200700
v 0.00283500 -0.17414200 0.00200700
v 0.00282100 -0.17034300 0.00200700
v 0.00282100 -0.17034300 0.00200700
v 0.00277000 -0.17414300 0.00267700
v 0.00277000 -0.17414300 0.00267700
v 0.00275600 -0.17034300 0.00267700
v 0.00277000 -0.17414300 0.00267700
v 0.00275600 -0.17034300 0.00267700
v 0.00275600 -0.17034300 0.00267700
v 0.00304900 -0.17414200 0.00329000
v 0.00304900 -0.17414200 0.00329000
v 0.00303500 -0.17034200 0.00329000
v 0.00304900 -0.17414200 0.00329000
v 0.00303500 -0.17034200 0.00329000
v 0.00303500 -0.17034200 0.00329000
v 0.00359600 -0.17414000 0.00368100
v 0.00359600 -0.17414000 0.00368100
v 0.00358200 -0.17034000 0.00368100
v 0.00359600 -0.17414000 0.00368100
v 0.00358200 -0.17034000 0.00368100
v 0.00358200 -0.17034000 0.00368100
v 0.00426600 -0.17413700 0.00374600
v 0.00426600 -0.17413700 0.00374600
v 0.00425200 -0.17033700 0.00374600
v 0.00426600 -0.17413700 0.00374600
v 0.00425200 -0.17033700 0.00374600
v 0.00425200 -0.17033700 0.00374600
v 0.00487900 -0.17413500 0.00346700
v 0.00487900 -0.17413500 0.00346700
v 0.00486400 -0.17033500 0.00346700
v 0.00487900 -0.17413500 0.00346700
v 0.00486400 -0.17033500 0.00346700
v 0.00486400 -0.17033500 0.00346700
v 0.00527000 -0.17413300 0.00292000
v 0.00527000 -0.17413300 0.00292000
v 0.00525600 -0.17033300 0.00292000
v 0.00527000 -0.17413300 0.00292000
v 0.00525600 -0.17033300 0.00292000
v 0.00525600 -0.17033300 0.00292000
v 0.00533500 -0.17413300 0.00225000
v 0.00533500 -0.17413300 0.00225000
v 0.00532100 -0.17033300 0.00225000
v 0.00533500 -0.17413300 0.00225000
v 0.00532100 -0.17033300 0.00225000
v 0.00532100 -0.17033300 0.00225000
v 0.00505600 -0.17413400 0.00163700
v 0.00505600 -0.17413400 0.00163700
v 0.00504200 -0.17033400 0.00163700
v 0.00505600 -0.17413400 0.00163700
v 0.00504200 -0.17033400 0.00163700
v 0.00504200 -0.17033400 0.00163700
v 0.00450900 -0.17413600 0.00124600
v 0.00450900 -0.17413600 0.00124600
v 0.00449400 -0.17033600 0.00124600
v 0.00450900 -0.17413600 0.00124600
v 0.00449400 -0.17033600 0.00124600
v 0.00449400 -0.17033600 0.00124600
v 0.00383900 -0.17413900 0.00118100
v 0.00383900 -0.17413900 0.00118100
v 0.00382500 -0.17033900 0.00118100
v 0.00383900 -0.17413900 0.00118100
v 0.00382500 -0.17033900 0.00118100
v 0.00382500 -0.17033900 0.00118100
v 0.00322600 -0.17414100 0.00146000
v 0.00322600 -0.17414100 0.00146000
v 0.00321200 -0.17034100 0.00146000
v -0.01969000 -0.17422700 -0.02638400
v -0.01970500 -0.17042700 -0.02638400
v -0.01970500 -0.17042700 -0.02638400
v -0.02008200 -0.17422900 -0.02583700
v -0.02008200 -0.17422900 -0.02583700
v -0.02009600 -0.17042900 -0.02583700
v -0.02008200 -0.17422900 -0.02583700
v -0.02009600 -0.17042900 -0.02583700
v -0.02009600 -0.17042900 -0.02583700
v -0.02014700 -0.17422900 -0.02516700
v -0.02014700 -0.17422900 -0.02516700
v -0.02016100 -0.17042900 -0.02516700
v -0.02014700 -0.17422900 -0.02516700
v -0.02016100 -0.17042900 -0.02516700
v -0.02016100 -0.17042900 -0.02516700
v -0.01986800 -0.17422800 -0.02455500
v -0.01986800 -0.17422800 -0.02455500
v -0.01988200 -0.17042800 -0.02455500
v -0.01986800 -0.17422800 -0.02455500
v -0.01988200 -0.17042800 -0.02455500
v -0.01988200 -0.17042800 -0.02455500
v -0.01932000 -0.17422600 -0.02416300
v -0.01932000 -0.17422600 -0.02416300
v -0.01933500 -0.17042600 -0.02416300
v -0.01932000 -0.17422600 -0.02416300
v -0.01933500 -0.17042600 -0.02416300
v -0.01933500 -0.17042600 -0.02416300
v -0.01865100 -0.17422300 -0.02409800
v -0.01865100 -0.17422300 -0.02409800
v -0.01866500 -0.17042300 -0.02409800
v -0.01865100 -0.17422300 -0.02409800
v -0.01866500 -0.17042300 -0.02409800
v -0.01866500 -0.17042300 -0.02409800
v -0.01803800 -0.17422100 -0.02437700
v -0.01803800 -0.17422100 -0.02437700
v -0.01805200 -0.17042100 -0.02437700
v -0.01803800 -0.17422100 -0.02437700
v -0.01805200 -0.17042100 -0.02437700
v -0.01805200 -0.17042100 -0.02437700
v -0.01764700 -0.17422000 -0.02492400
v -0.01764700 -0.17422000 -0.02492400
v -0.01766100 -0.17042000 -0.02492400
v -0.01764700 -0.17422000 -0.02492400
v -0.01766100 -0.17042000 -0.02492400
v -0.01766100 -0.17042000 -0.02492400
v -0.01758200 -0.17421900 -0.02559400
v -0.01758200 -0.17421900 -0.02559400
v -0.01759600 -0.17041900 -0.02559400
v -0.01758200 -0.17421900 -0.02559400
v -0.01759600 -0.17041900 -0.02559400
v -0.01759600 -0.17041900 -0.02559400
v -0.01786100 -0.17422000 -0.02620700
v -0.01786100 -0.17422000 -0.02620700
v -0.01787500 -0.17042000 -0.02620700
v -0.01786100 -0.17422000 -0.02620700
v -0.01787500 -0.17042000 -0.02620700
v -0.01787500 -0.17042000 -0.02620700
v -0.01840800 -0.17422300 -0.02659800
v -0.01840800 -0.17422300 -0.02659800
v -0.01842200 -0.17042300 -0.02659800
v -0.01840800 -0.17422300 -0.02659800
v -0.01842200 -0.17042300 -0.02659800
v -0.01842200 -0.17042300 -0.02659800
v -0.01907800 -0.17422500 -0.02666300
v -0.01907800 -0.17422500 -0.02666300
v -0.01909200 -0.17042500 -0.02666300
v -0.01907800 -0.17422500 -0.02666300
v -0.01909200 -0.17042500 -0.02666300
v -0.01909200 -0.17042500 -0.02666300
v -0.01969000 -0.17422700 -0.02638400
v -0.01969000 -0.17422700 -0.02638400
v -0.01970500 -0.17042700 -0.02638400
v -0.04753500 -0.17433200 -0.00346700
v -0.04754900 -0.17053200 -0.00346700
v -0.04754900 -0.17053200 -0.00346700
v -0.04792600 -0.17433400 -0.00292000
v -0.04792600 -0.17433400 -0.00292000
v -0.04794000 -0.17053400 -0.00292000
v -0.04792600 -0.17433400 -0.00292000
v -0.04794000 -0.17053400 -0.00292000
v -0.04794000 -0.17053400 -0.00292000
v -0.04799100 -0.17433400 -0.00225000
v -0.04799100 -0.17433400 -0.00225000
v -0.04800500 -0.17053400 -0.00225000
v -0.04799100 -0.17433400 -0.00225000
v -0.04800500 -0.17053400 -0.00225000
v -0.04800500 -0.17053400 -0.00225000
v -0.04771200 -0.17433300 -0.00163700
v -0.04771200 -0.17433300 -0.00163700
v -0.04772700 -0.17053300 -0.00163700
v -0.04771200 -0.17433300 -0.00163700
v -0.04772700 -0.17053300 -0.00163700
v -0.04772700 -0.17053300 -0.00163700
v -0.04716500 -0.17433100 -0.00124600
v -0.04716500 -0.17433100 -0.00124600
v -0.04717900 -0.17053100 -0.00124600
v -0.04716500 -0.17433100 -0.00124600
v -0.04717900 -0.17053100 -0.00124600
v -0.04717900 -0.17053100 -0.00124600
v -0.04649500 -0.17432800 -0.00118100
v -0.04649500 -0.17432800 -0.00118100
v -0.04650900 -0.17052800 -0.00118100
v -0.04649500 -0.17432800 -0.00118100
v -0.04650900 -0.17052800 -0.00118100
v -0.04650900 -0.17052800 -0.00118100
v -0.04588200 -0.17432600 -0.00146000
v -0.04588200 -0.17432600 -0.00146000
v -0.04589700 -0.17052600 -0.00146000
v -0.04588200 -0.17432600 -0.00146000
v -0.04589700 -0.17052600 -0.00146000
v -0.04589700 -0.17052600 -0.00146000
v -0.04549100 -0.17432400 -0.00200700
v -0.04549100 -0.17432400 -0.00200700
v -0.04550500 -0.17052400 -0.00200700
v -0.04549100 -0.17432400 -0.00200700
v -0.04550500 -0.17052400 -0.00200700
v -0.04550500 -0.17052400 -0.00200700
v -0.04542600 -0.17432400 -0.00267700
v -0.04542600 -0.17432400 -0.00267700
v -0.04544000 -0.17052400 -0.00267700
v -0.04542600 -0.17432400 -0.00267700
v -0.04544000 -0.17052400 -0.00267700
v -0.04544000 -0.17052400 -0.00267700
v -0.04570500 -0.17432500 -0.00329000
v -0.04570500 -0.17432500 -0.00329000
v -0.04571900 -0.17052500 -0.00329000
v -0.04570500 -0.17432500 -0.00329000
v -0.04571900 -0.17052500 -0.00329000
v -0.04571900 -0.17052500 -0.00329000
v -0.04625200 -0.17432700 -0.00368100
v -0.04625200 -0.17432700 -0.00368100
v -0.04626700 -0.17052700 -0.00368100
v -0.04625200 -0.17432700 -0.00368100
v -0.04626700 -0.17052700 -0.00368100
v -0.04626700 -0.17052700 -0.00368100
v -0.04692200 -0.17433000 -0.00374600
v -0.04692200 -0.17433000 -0.00374600
v -0.04693600 -0.17053000 -0.00374600
v -0.04692200 -0.17433000 -0.00374600
v -0.04693600 -0.17053000 -0.00374600
v -0.04693600 -0.17053000 -0.00374600
v -0.04753500 -0.17433200 -0.00346700
v -0.04753500 -0.17433200 -0.00346700
v -0.04754900 -0.17053200 -0.00346700
v -0.02461800 -0.17424600 0.02437700
v -0.02463200 -0.17044600 0.02437700
v -0.02463200 -0.17044600 0.02437700
v -0.02500900 -0.17424700 0.02492400
v -0.02500900 -0.17424700 0.02492400
v -0.02502300 -0.17044700 0.02492400
v -0.02500900 -0.17424700 0.02492400
v -0.02502300 -0.17044700 0.02492400
v -0.02502300 -0.17044700 0.02492400
v -0.02507400 -0.17424800 0.02559400
v -0.02507400 -0.17424800 0.02559400
v -0.02508800 -0.17044800 0.02559400
v -0.02507400 -0.17424800 0.02559400
v -0.02508800 -0.17044800 0.02559400
v -0.02508800 -0.17044800 0.02559400
v -0.02479500 -0.17424700 0.02620700
v -0.02479500 -0.17424700 0.02620700
v -0.02481000 -0.17044700 0.02620700
v -0.02479500 -0.17424700 0.02620700
v -0.02481000 -0.17044700 0.02620700
v -0.02481000 -0.17044700 0.02620700
v -0.02424800 -0.17424400 0.02659800
v -0.02424800 -0.17424400 0.02659800
v -0.02426200 -0.17044400 0.02659800
v -0.02424800 -0.17424400 0.02659800
v -0.02426200 -0.17044400 0.02659800
v -0.02426200 -0.17044400 0.02659800
v -0.02357800 -0.17424200 0.02666300
v -0.02357800 -0.17424200 0.02666300
v -0.02359200 -0.17044200 0.02666300
v -0.02357800 -0.17424200 0.02666300
v -0.02359200 -0.17044200 0.02666300
v -0.02359200 -0.17044200 0.02666300
v -0.02296500 -0.17424000 0.02638400
v -0.02296500 -0.17424000 0.02638400
v -0.02298000 -0.17044000 0.02638400
v -0.02296500 -0.17424000 0.02638400
v -0.02298000 -0.17044000 0.02638400
v -0.02298000 -0.17044000 0.02638400
v -0.02257400 -0.17423800 0.02583700
v -0.02257400 -0.17423800 0.02583700
v -0.02258900 -0.17043800 0.02583700
v -0.02257400 -0.17423800 0.02583700
v -0.02258900 -0.17043800 0.02583700
v -0.02258900 -0.17043800 0.02583700
v -0.02250900 -0.17423800 0.02516700
v -0.02250900 -0.17423800 0.02516700
v -0.02252300 -0.17043800 0.02516700
v -0.02250900 -0.17423800 0.02516700
v -0.02252300 -0.17043800 0.02516700
v -0.02252300 -0.17043800 0.02516700
v -0.02278800 -0.17423900 0.02455500
v -0.02278800 -0.17423900 0.02455500
v -0.02280200 -0.17043900 0.02455500
v -0.02278800 -0.17423900 0.02455500
v -0.02280200 -0.17043900 0.02455500
v -0.02280200 -0.17043900 0.02455500
v -0.02333500 -0.17424100 0.02416300
v -0.02333500 -0.17424100 0.02416300
v -0.02335000 -0.17044100 0.02416300
v -0.02333500 -0.17424100 0.02416300
v -0.02335000 -0.17044100 0.02416300
v -0.02335000 -0.17044100 0.02416300
v -0.02400500 -0.17424400 0.02409800
v -0.02400500 -0.17424400 0.02409800
v -0.02401900 -0.17044400 0.02409800
v -0.02400500 -0.17424400 0.02409800
v -0.02401900 -0.17044400 0.02409800
v -0.02401900 -0.17044400 0.02409800
v -0.02461800 -0.17424600 0.02437700
v -0.02461800 -0.17424600 0.02437700
v -0.02463200 -0.17044600 0.02437700
v -0.04442800 -0.16982000 -0.01671600
v -0.04440700 -0.17542000 -0.01671600
v -0.04547100 -0.17542400 -0.01513800
v -0.03569200 -0.16978800 -0.02462500
v -0.03366700 -0.16898000 -0.02570000
v -0.03330900 -0.16977900 -0.02586700
v -0.03155900 -0.16897200 -0.02660800
v -0.03328800 -0.17537900 -0.02586700
v -0.00217100 -0.17041100 -0.02108900
v -0.00215300 -0.17526100 -0.02108900
v -0.00341000 -0.16886600 -0.02214700
v -0.00522600 -0.17527300 -0.02351800
v -0.00168000 -0.17040900 -0.02063200
v -0.00168600 -0.16885900 -0.02063200
v 0.00066300 -0.17040100 -0.01811100
v -0.00009000 -0.16885300 -0.01898300
v 0.00136900 -0.16884800 -0.01721000
v 0.00137500 -0.17039800 -0.01721000
v 0.00268000 -0.16884300 -0.01532700
v 0.00304000 -0.17039200 -0.01475700
v 0.00383500 -0.16883900 -0.01334400
v 0.00305800 -0.17524200 -0.01475700
v 0.00175900 -0.17524700 0.01671600
v 0.00396300 -0.17523800 0.01314500
v 0.00279900 -0.16884300 0.01513800
v -0.01328700 -0.17530300 0.02734300
v -0.00935900 -0.17528800 0.02586700
v -0.00935900 -0.17528800 0.02586700
v -0.01113700 -0.16889500 0.02660800
v -0.01113700 -0.16889500 0.02660800
v -0.00938000 -0.16968800 0.02586700
v -0.00902900 -0.16888700 0.02570000
v -0.00902600 -0.16968700 0.02570000
v -0.00700100 -0.16887900 0.02462500
v -0.00623200 -0.16967700 0.02416300
v -0.00506600 -0.16887200 0.02339100
v -0.00506300 -0.16967200 0.02339100
v -0.00323700 -0.16886500 0.02200500
v -0.00323400 -0.16966500 0.02200500
v -0.00152500 -0.16885900 0.02047700
v -0.00152200 -0.16965900 0.02047700
v 0.00005900 -0.16885300 0.01881500
v -0.00054000 -0.16965500 0.01947800
v 0.00150300 -0.16884700 0.01703100
v 0.00150600 -0.16964700 0.01703100
v 0.00173800 -0.16964600 0.01671600
v -0.03153500 -0.17537200 -0.02660800
v -0.02938400 -0.16896400 -0.02734300
v -0.02713400 -0.17535500 -0.02790100
v -0.02715800 -0.16895500 -0.02790100
v -0.02489400 -0.16894700 -0.02827800
v -0.02258300 -0.17533800 -0.02847200
v -0.02260700 -0.16893800 -0.02847200
v -0.02031200 -0.16893000 -0.02848100
v -0.01800000 -0.17532100 -0.02830500
v -0.01802400 -0.16892100 -0.02830500
v -0.01575700 -0.16891200 -0.02794600
v -0.01350200 -0.17530400 -0.02740600
v -0.01352600 -0.16890400 -0.02740600
v -0.01134600 -0.16889600 -0.02668700
v -0.00920700 -0.17528800 -0.02579600
v -0.00923100 -0.16888800 -0.02579600
v -0.00719500 -0.16888000 -0.02473700
v -0.00525000 -0.16887300 -0.02351800
v 0.00385900 -0.17523900 -0.01334400
v 0.00482700 -0.16883500 -0.01127400
v 0.00482700 -0.16883500 -0.01127400
v 0.00567400 -0.17523200 -0.00913100
v 0.00565000 -0.16883200 -0.00913100
v 0.00567400 -0.17523200 -0.00913100
v 0.00629700 -0.16882900 -0.00692900
v 0.00678900 -0.17522800 -0.00468200
v 0.00676500 -0.16882800 -0.00468200
v 0.00705000 -0.16882700 -0.00240500
v 0.00717600 -0.17522600 -0.00011200
v 0.00715200 -0.16882600 -0.00011200
v 0.00706800 -0.16882700 0.00218200
v 0.00682500 -0.17522700 0.00446100
v 0.00680100 -0.16882800 0.00446100
v 0.00635000 -0.16882900 0.00671200
v 0.00574400 -0.17523100 0.00891900
v 0.00572000 -0.16883200 0.00891900
v 0.00491500 -0.16883500 0.01106800
v 0.00393900 -0.16883800 0.01314500
v -0.01331100 -0.16890300 0.02734300
v -0.01553800 -0.16891200 0.02790100
v -0.01777700 -0.17532000 0.02827800
v -0.01780200 -0.16892000 0.02827800
v -0.02008800 -0.16892900 0.02847200
v -0.02236000 -0.17533700 0.02848100
v -0.02238400 -0.16893700 0.02848100
v -0.02467200 -0.16894600 0.02830500
v -0.02467200 -0.16894600 0.02830500
v -0.02691500 -0.17535500 0.02794600
v -0.02693900 -0.16895500 0.02794600
v -0.02691500 -0.17535500 0.02794600
v -0.02916900 -0.16896300 0.02740600
v -0.03132500 -0.17537100 0.02668700
v -0.03134900 -0.16897100 0.02668700
v -0.03346400 -0.16897900 0.02579600
v -0.03547700 -0.17538700 0.02473700
v -0.03550100 -0.16898700 0.02473700
v -0.03744500 -0.16899400 0.02351800
v -0.03926200 -0.17540100 0.02214700
v -0.03928600 -0.16900100 0.02214700
v -0.04101000 -0.16900800 0.02063200
v -0.04258200 -0.17541400 0.01898300
v -0.04260600 -0.16901400 0.01898300
v -0.04406400 -0.16901900 0.01721000
v -0.04535200 -0.17542400 0.01532700
v -0.04537600 -0.16902400 0.01532700
v -0.04653100 -0.16902800 0.01334400
v -0.04749900 -0.17543200 0.01127400
v -0.04752300 -0.16903200 0.01127400
v -0.04834500 -0.16903500 0.00913100
v -0.04896800 -0.17543800 0.00692900
v -0.04899300 -0.16903800 0.00692900
v -0.04946100 -0.16903900 0.00468200
v -0.04972200 -0.17544000 0.00240500
v -0.04974600 -0.16904000 0.00240500
v -0.04984700 -0.16904100 0.00011200
v -0.04974000 -0.17544000 -0.00218200
v -0.04976400 -0.16904000 -0.00218200
v -0.04949600 -0.16903900 -0.00446100
v -0.04902200 -0.17543800 -0.00671200
v -0.04904600 -0.16903800 -0.00671200
v -0.04841600 -0.16903500 -0.00891900
v -0.04758700 -0.17543200 -0.01106800
v -0.04761100 -0.16903200 -0.01106800
v -0.04663500 -0.16902900 -0.01314500
v -0.04549500 -0.16902400 -0.01513800
v -0.04419900 -0.16902000 -0.01703100
v -0.04275100 -0.16981400 -0.01881500
v -0.04275400 -0.16901400 -0.01881500
v -0.04215000 -0.16981200 -0.01947800
v -0.04117100 -0.16900800 -0.02047700
v -0.03945600 -0.16980200 -0.02200500
v -0.03945900 -0.16900200 -0.02200500
v -0.03645800 -0.16979000 -0.02416300
v -0.03763000 -0.16899500 -0.02339100
v -0.03569500 -0.16898800 -0.02462500
v -0.02029200 -0.17283000 -0.01987600
v -0.02030700 -0.16893000 -0.01987600
v -0.02030700 -0.16893000 -0.01987600
v -0.02066800 -0.17283100 -0.01935000
v -0.02066800 -0.17283100 -0.01935000
v -0.02068300 -0.16893100 -0.01935000
v -0.02066800 -0.17283100 -0.01935000
v -0.02068300 -0.16893100 -0.01935000
v -0.02068300 -0.16893100 -0.01935000
v -0.02073100 -0.17283100 -0.01870600
v -0.02073100 -0.17283100 -0.01870600
v -0.02074500 -0.16893100 -0.01870600
v -0.02073100 -0.17283100 -0.01870600
v -0.02074500 -0.16893100 -0.01870600
v -0.02074500 -0.16893100 -0.01870600
v -0.02046300 -0.17283000 -0.01811700
v -0.02046300 -0.17283000 -0.01811700
v -0.02047700 -0.16893000 -0.01811700
v -0.02046300 -0.17283000 -0.01811700
v -0.02047700 -0.16893000 -0.01811700
v -0.02047700 -0.16893000 -0.01811700
v -0.01993600 -0.17282800 -0.01774100
v -0.01993600 -0.17282800 -0.01774100
v -0.01995100 -0.16892800 -0.01774100
v -0.01993600 -0.17282800 -0.01774100
v -0.01995100 -0.16892800 -0.01774100
v -0.01995100 -0.16892800 -0.01774100
v -0.01929200 -0.17282600 -0.01767800
v -0.01929200 -0.17282600 -0.01767800
v -0.01930700 -0.16892600 -0.01767800
v -0.01929200 -0.17282600 -0.01767800
v -0.01930700 -0.16892600 -0.01767800
v -0.01930700 -0.16892600 -0.01767800
v -0.01870300 -0.17282400 -0.01794600
v -0.01870300 -0.17282400 -0.01794600
v -0.01871800 -0.16892400 -0.01794600
v -0.01870300 -0.17282400 -0.01794600
v -0.01871800 -0.16892400 -0.01794600
v -0.01871800 -0.16892400 -0.01794600
v -0.01832700 -0.17282200 -0.01847200
v -0.01832700 -0.17282200 -0.01847200
v -0.01834200 -0.16892200 -0.01847200
v -0.01832700 -0.17282200 -0.01847200
v -0.01834200 -0.16892200 -0.01847200
v -0.01834200 -0.16892200 -0.01847200
v -0.01826500 -0.17282200 -0.01911600
v -0.01826500 -0.17282200 -0.01911600
v -0.01827900 -0.16892200 -0.01911600
v -0.01826500 -0.17282200 -0.01911600
v -0.01827900 -0.16892200 -0.01911600
v -0.01827900 -0.16892200 -0.01911600
v -0.01853200 -0.17282300 -0.01970500
v -0.01853200 -0.17282300 -0.01970500
v -0.01854700 -0.16892300 -0.01970500
v -0.01853200 -0.17282300 -0.01970500
v -0.01854700 -0.16892300 -0.01970500
v -0.01854700 -0.16892300 -0.01970500
v -0.01905900 -0.17282500 -0.02008200
v -0.01905900 -0.17282500 -0.02008200
v -0.01907400 -0.16892500 -0.02008200
v -0.01905900 -0.17282500 -0.02008200
v -0.01907400 -0.16892500 -0.02008200
v -0.01907400 -0.16892500 -0.02008200
v -0.01970300 -0.17282700 -0.02014400
v -0.01970300 -0.17282700 -0.02014400
v -0.01971800 -0.16892700 -0.02014400
v -0.01970300 -0.17282700 -0.02014400
v -0.01971800 -0.16892700 -0.02014400
v -0.01971800 -0.16892700 -0.02014400
v -0.02029200 -0.17283000 -0.01987600
v -0.02029200 -0.17283000 -0.01987600
v -0.02030700 -0.16893000 -0.01987600
v -0.00321700 -0.17276500 0.00087100
v -0.00323100 -0.16886500 0.00087100
v -0.00323100 -0.16886500 0.00087100
v -0.00359300 -0.17276700 0.00139700
v -0.00359300 -0.17276700 0.00139700
v -0.00360700 -0.16886700 0.00139700
v -0.00359300 -0.17276700 0.00139700
v -0.00360700 -0.16886700 0.00139700
v -0.00360700 -0.16886700 0.00139700
v -0.00365500 -0.17276700 0.00204100
v -0.00365500 -0.17276700 0.00204100
v -0.00367000 -0.16886700 0.00204100
v -0.00365500 -0.17276700 0.00204100
v -0.00367000 -0.16886700 0.00204100
v -0.00367000 -0.16886700 0.00204100
v -0.00338700 -0.17276600 0.00263000
v -0.00338700 -0.17276600 0.00263000
v -0.00340200 -0.16886600 0.00263000
v -0.00338700 -0.17276600 0.00263000
v -0.00340200 -0.16886600 0.00263000
v -0.00340200 -0.16886600 0.00263000
v -0.00286100 -0.17276400 0.00300600
v -0.00286100 -0.17276400 0.00300600
v -0.00287600 -0.16886400 0.00300600
v -0.00286100 -0.17276400 0.00300600
v -0.00287600 -0.16886400 0.00300600
v -0.00287600 -0.16886400 0.00300600
v -0.00221700 -0.17276200 0.00306900
v -0.00221700 -0.17276200 0.00306900
v -0.00223200 -0.16886100 0.00306900
v -0.00221700 -0.17276200 0.00306900
v -0.00223200 -0.16886100 0.00306900
v -0.00223200 -0.16886100 0.00306900
v -0.00162800 -0.17275900 0.00280100
v -0.00162800 -0.17275900 0.00280100
v -0.00164300 -0.16885900 0.00280100
v -0.00162800 -0.17275900 0.00280100
v -0.00164300 -0.16885900 0.00280100
v -0.00164300 -0.16885900 0.00280100
v -0.00125200 -0.17275800 0.00227400
v -0.00125200 -0.17275800 0.00227400
v -0.00126600 -0.16885800 0.00227400
v -0.00125200 -0.17275800 0.00227400
v -0.00126600 -0.16885800 0.00227400
v -0.00126600 -0.16885800 0.00227400
v -0.00118900 -0.17275800 0.00163000
v -0.00118900 -0.17275800 0.00163000
v -0.00120400 -0.16885800 0.00163000
v -0.00118900 -0.17275800 0.00163000
v -0.00120400 -0.16885800 0.00163000
v -0.00120400 -0.16885800 0.00163000
v -0.00145700 -0.17275900 0.00104100
v -0.00145700 -0.17275900 0.00104100
v -0.00147200 -0.16885900 0.00104100
v -0.00145700 -0.17275900 0.00104100
v -0.00147200 -0.16885900 0.00104100
v -0.00147200 -0.16885900 0.00104100
v -0.00198400 -0.17276100 0.00066500
v -0.00198400 -0.17276100 0.00066500
v -0.00199800 -0.16886100 0.00066500
v -0.00198400 -0.17276100 0.00066500
v -0.00199800 -0.16886100 0.00066500
v -0.00199800 -0.16886100 0.00066500
v -0.00262800 -0.17276300 0.00060300
v -0.00262800 -0.17276300 0.00060300
v -0.00264200 -0.16886300 0.00060300
v -0.00262800 -0.17276300 0.00060300
v -0.00264200 -0.16886300 0.00060300
v -0.00264200 -0.16886300 0.00060300
v -0.00321700 -0.17276500 0.00087100
v -0.00321700 -0.17276500 0.00087100
v -0.00323100 -0.16886500 0.00087100
v -0.02396300 -0.17284300 0.01794600
v -0.02397800 -0.16894300 0.01794600
v -0.02397800 -0.16894300 0.01794600
v -0.02433900 -0.17284500 0.01847200
v -0.02433900 -0.17284500 0.01847200
v -0.02435400 -0.16894500 0.01847200
v -0.02433900 -0.17284500 0.01847200
v -0.02435400 -0.16894500 0.01847200
v -0.02435400 -0.16894500 0.01847200
v -0.02440200 -0.17284500 0.01911600
v -0.02440200 -0.17284500 0.01911600
v -0.02441600 -0.16894500 0.01911600
v -0.02440200 -0.17284500 0.01911600
v -0.02441600 -0.16894500 0.01911600
v -0.02441600 -0.16894500 0.01911600
v -0.02413400 -0.17284400 0.01970500
v -0.02413400 -0.17284400 0.01970500
v -0.02414900 -0.16894400 0.01970500
v -0.02413400 -0.17284400 0.01970500
v -0.02414900 -0.16894400 0.01970500
v -0.02414900 -0.16894400 0.01970500
v -0.02360700 -0.17284200 0.02008200
v -0.02360700 -0.17284200 0.02008200
v -0.02362200 -0.16894200 0.02008200
v -0.02360700 -0.17284200 0.02008200
v -0.02362200 -0.16894200 0.02008200
v -0.02362200 -0.16894200 0.02008200
v -0.02296400 -0.17284000 0.02014400
v -0.02296400 -0.17284000 0.02014400
v -0.02297800 -0.16894000 0.02014400
v -0.02296400 -0.17284000 0.02014400
v -0.02297800 -0.16894000 0.02014400
v -0.02297800 -0.16894000 0.02014400
v -0.02237400 -0.17283700 0.01987600
v -0.02237400 -0.17283700 0.01987600
v -0.02238900 -0.16893700 0.01987600
v -0.02237400 -0.17283700 0.01987600
v -0.02238900 -0.16893700 0.01987600
v -0.02238900 -0.16893700 0.01987600
v -0.02199800 -0.17283600 0.01935000
v -0.02199800 -0.17283600 0.01935000
v -0.02201300 -0.16893600 0.01935000
v -0.02199800 -0.17283600 0.01935000
v -0.02201300 -0.16893600 0.01935000
v -0.02201300 -0.16893600 0.01935000
v -0.02193600 -0.17283600 0.01870600
v -0.02193600 -0.17283600 0.01870600
v -0.02195100 -0.16893600 0.01870600
v -0.02193600 -0.17283600 0.01870600
v -0.02195100 -0.16893600 0.01870600
v -0.02195100 -0.16893600 0.01870600
v -0.02220400 -0.17283700 0.01811700
v -0.02220400 -0.17283700 0.01811700
v -0.02221800 -0.16893700 0.01811700
v -0.02220400 -0.17283700 0.01811700
v -0.02221800 -0.16893700 0.01811700
v -0.02221800 -0.16893700 0.01811700
v -0.02273000 -0.17283900 0.01774100
v -0.02273000 -0.17283900 0.01774100
v -0.02274500 -0.16893900 0.01774100
v -0.02273000 -0.17283900 0.01774100
v -0.02274500 -0.16893900 0.01774100
v -0.02274500 -0.16893900 0.01774100
v -0.02337400 -0.17284100 0.01767800
v -0.02337400 -0.17284100 0.01767800
v -0.02338900 -0.16894100 0.01767800
v -0.02337400 -0.17284100 0.01767800
v -0.02338900 -0.16894100 0.01767800
v -0.02338900 -0.16894100 0.01767800
v -0.02396300 -0.17284300 0.01794600
v -0.02396300 -0.17284300 0.01794600
v -0.02397800 -0.16894300 0.01794600
v -0.04103900 -0.17290800 -0.00280100
v -0.04105300 -0.16900800 -0.00280100
v -0.04105300 -0.16900800 -0.00280100
v -0.04141500 -0.17290900 -0.00227400
v -0.04141500 -0.17290900 -0.00227400
v -0.04142900 -0.16900900 -0.00227400
v -0.04141500 -0.17290900 -0.00227400
v -0.04142900 -0.16900900 -0.00227400
v -0.04142900 -0.16900900 -0.00227400
v -0.04147700 -0.17290900 -0.00163000
v -0.04147700 -0.17290900 -0.00163000
v -0.04149200 -0.16900900 -0.00163000
v -0.04147700 -0.17290900 -0.00163000
v -0.04149200 -0.16900900 -0.00163000
v -0.04149200 -0.16900900 -0.00163000
v -0.04120900 -0.17290800 -0.00104100
v -0.04120900 -0.17290800 -0.00104100
v -0.04122400 -0.16900800 -0.00104100
v -0.04120900 -0.17290800 -0.00104100
v -0.04122400 -0.16900800 -0.00104100
v -0.04122400 -0.16900800 -0.00104100
v -0.04068300 -0.17290600 -0.00066500
v -0.04068300 -0.17290600 -0.00066500
v -0.04069800 -0.16900600 -0.00066500
v -0.04068300 -0.17290600 -0.00066500
v -0.04069800 -0.16900600 -0.00066500
v -0.04069800 -0.16900600 -0.00066500
v -0.04003900 -0.17290400 -0.00060300
v -0.04003900 -0.17290400 -0.00060300
v -0.04005400 -0.16900400 -0.00060300
v -0.04003900 -0.17290400 -0.00060300
v -0.04005400 -0.16900400 -0.00060300
v -0.04005400 -0.16900400 -0.00060300
v -0.03945000 -0.17290200 -0.00087100
v -0.03945000 -0.17290200 -0.00087100
v -0.03946500 -0.16900200 -0.00087100
v -0.03945000 -0.17290200 -0.00087100
v -0.03946500 -0.16900200 -0.00087100
v -0.03946500 -0.16900200 -0.00087100
v -0.03907400 -0.17290000 -0.00139700
v -0.03907400 -0.17290000 -0.00139700
v -0.03908800 -0.16900000 -0.00139700
v -0.03907400 -0.17290000 -0.00139700
v -0.03908800 -0.16900000 -0.00139700
v -0.03908800 -0.16900000 -0.00139700
v -0.03901100 -0.17290000 -0.00204100
v -0.03901100 -0.17290000 -0.00204100
v -0.03902600 -0.16900000 -0.00204100
v -0.03901100 -0.17290000 -0.00204100
v -0.03902600 -0.16900000 -0.00204100
v -0.03902600 -0.16900000 -0.00204100
v -0.03927900 -0.17290100 -0.00263000
v -0.03927900 -0.17290100 -0.00263000
v -0.03929400 -0.16900100 -0.00263000
v -0.03927900 -0.17290100 -0.00263000
v -0.03929400 -0.16900100 -0.00263000
v -0.03929400 -0.16900100 -0.00263000
v -0.03980600 -0.17290300 -0.00300600
v -0.03980600 -0.17290300 -0.00300600
v -0.03982000 -0.16900300 -0.00300600
v -0.03980600 -0.17290300 -0.00300600
v -0.03982000 -0.16900300 -0.00300600
v -0.03982000 -0.16900300 -0.00300600
v -0.04045000 -0.17290500 -0.00306900
v -0.04045000 -0.17290500 -0.00306900
v -0.04046400 -0.16900600 -0.00306900
v -0.04045000 -0.17290500 -0.00306900
v -0.04046400 -0.16900600 -0.00306900
v -0.04046400 -0.16900600 -0.00306900
v -0.04103900 -0.17290800 -0.00280100
v -0.04103900 -0.17290800 -0.00280100
v -0.04105300 -0.16900800 -0.00280100
v 0.00282100 -0.17034300 0.00200700
v 0.00159900 -0.16904700 0.00155100
v 0.00275600 -0.17034300 0.00267700
v 0.00146900 -0.16904800 0.00289100
v 0.00303500 -0.17034200 0.00329000
v 0.00202600 -0.16904500 0.00411600
v 0.00358200 -0.17034000 0.00368100
v 0.00312100 -0.16904100 0.00489800
v 0.00425200 -0.17033700 0.00374600
v 0.00446000 -0.16903600 0.00502800
v 0.00486400 -0.17033500 0.00346700
v 0.00568600 -0.16903200 0.00447100
v 0.00525600 -0.17033300 0.00292000
v 0.00646800 -0.16902900 0.00337600
v 0.00532100 -0.17033300 0.00225000
v 0.00659800 -0.16902800 0.00203600
v 0.00504200 -0.17033400 0.00163700
v 0.00604100 -0.16903000 0.00081100
v 0.00449400 -0.17033600 0.00124600
v 0.00494600 -0.16903500 0.00002900
v 0.00382500 -0.17033900 0.00118100
v 0.00360600 -0.16904000 -0.00010100
v 0.00321200 -0.17034100 0.00146000
v 0.00238100 -0.16904400 0.00045600
v -0.02009600 -0.17042900 -0.02583700
v -0.02131800 -0.16913300 -0.02629300
v -0.02016100 -0.17042900 -0.02516700
v -0.02144800 -0.16913400 -0.02495400
v -0.01988200 -0.17042800 -0.02455500
v -0.02089100 -0.16913200 -0.02372800
v -0.01933500 -0.17042600 -0.02416300
v -0.01979600 -0.16912800 -0.02294600
v -0.01866500 -0.17042300 -0.02409800
v -0.01845600 -0.16912300 -0.02281600
v -0.01805200 -0.17042100 -0.02437700
v -0.01723100 -0.16911800 -0.02337300
v -0.01766100 -0.17042000 -0.02492400
v -0.01644900 -0.16911500 -0.02446800
v -0.01759600 -0.17041900 -0.02559400
v -0.01631900 -0.16911500 -0.02580800
v -0.01787500 -0.17042000 -0.02620700
v -0.01687600 -0.16911700 -0.02703300
v -0.01842200 -0.17042300 -0.02659800
v -0.01797100 -0.16912100 -0.02781500
v -0.01909200 -0.17042500 -0.02666300
v -0.01931100 -0.16912600 -0.02794500
v -0.01970500 -0.17042700 -0.02638400
v -0.02053600 -0.16913000 -0.02738800
v -0.04794000 -0.17053400 -0.00292000
v -0.04916200 -0.16923800 -0.00337600
v -0.04800500 -0.17053400 -0.00225000
v -0.04929200 -0.16923900 -0.00203600
v -0.04772700 -0.17053300 -0.00163700
v -0.04873500 -0.16923700 -0.00081100
v -0.04717900 -0.17053100 -0.00124600
v -0.04764000 -0.16923300 -0.00002900
v -0.04650900 -0.17052800 -0.00118100
v -0.04630100 -0.16922700 0.00010100
v -0.04589700 -0.17052600 -0.00146000
v -0.04507500 -0.16922300 -0.00045600
v -0.04550500 -0.17052400 -0.00200700
v -0.04429300 -0.16922000 -0.00155100
v -0.04544000 -0.17052400 -0.00267700
v -0.04416300 -0.16921900 -0.00289100
v -0.04571900 -0.17052500 -0.00329000
v -0.04472000 -0.16922100 -0.00411600
v -0.04626700 -0.17052700 -0.00368100
v -0.04581500 -0.16922600 -0.00489800
v -0.04693600 -0.17053000 -0.00374600
v -0.04715500 -0.16923100 -0.00502800
v -0.04754900 -0.17053200 -0.00346700
v -0.04838000 -0.16923500 -0.00447100
v -0.02502300 -0.17044700 0.02492400
v -0.02624500 -0.16915200 0.02446800
v -0.02508800 -0.17044800 0.02559400
v -0.02637500 -0.16915200 0.02580800
v -0.02481000 -0.17044700 0.02620700
v -0.02581800 -0.16915000 0.02703300
v -0.02426200 -0.17044400 0.02659800
v -0.02472300 -0.16914600 0.02781500
v -0.02359200 -0.17044200 0.02666300
v -0.02338400 -0.16914100 0.02794500
v -0.02298000 -0.17044000 0.02638400
v -0.02215800 -0.16913700 0.02738800
v -0.02258900 -0.17043800 0.02583700
v -0.02137600 -0.16913400 0.02629300
v -0.02252300 -0.17043800 0.02516700
v -0.02124600 -0.16913300 0.02495400
v -0.02280200 -0.17043900 0.02455500
v -0.02180300 -0.16913500 0.02372800
v -0.02335000 -0.17044100 0.02416300
v -0.02289800 -0.16913900 0.02294600
v -0.02401900 -0.17044400 0.02409800
v -0.02423800 -0.16914400 0.02281600
v -0.02463200 -0.17044600 0.02437700
v -0.02546300 -0.16914900 0.02337300
v -0.00001700 -0.16875300 0.01874900
v -0.00330100 -0.16876600 0.02192800
v -0.00152500 -0.16885900 0.02047700
v 0.00005900 -0.16885300 0.01881500
v 0.00150300 -0.16884700 0.01703100
v 0.00150300 -0.16884700 0.01703100
v 0.00271400 -0.16874300 0.01508400
v 0.00572000 -0.16883200 0.00891900
v 0.00625300 -0.16873000 0.00668800
v 0.00482200 -0.16873500 0.01102900
v 0.00279900 -0.16884300 0.01513800
v 0.00271400 -0.16874300 0.01508400
v 0.00393900 -0.16883800 0.01314500
v 0.00491500 -0.16883500 0.01106800
v 0.00635000 -0.16882900 0.00671200
v 0.00680100 -0.16882800 0.00446100
v 0.00696800 -0.16872700 0.00217400
v 0.00706800 -0.16882700 0.00218200
v 0.00715200 -0.16882600 -0.00011200
v 0.00695000 -0.16872700 -0.00239600
v 0.00705000 -0.16882700 -0.00240500
v 0.00682600 -0.16872700 -0.00357500
v 0.00676500 -0.16882800 -0.00468200
v 0.00619900 -0.16873000 -0.00690500
v 0.00383500 -0.16883900 -0.01334400
v 0.00259500 -0.16874300 -0.01527300
v 0.00473500 -0.16873500 -0.01123400
v 0.00629700 -0.16882900 -0.00692900
v 0.00565000 -0.16883200 -0.00913100
v 0.00482700 -0.16883500 -0.01127400
v 0.00268000 -0.16884300 -0.01532700
v 0.00136900 -0.16884800 -0.01721000
v -0.00016500 -0.16875400 -0.01891600
v -0.00009000 -0.16885300 -0.01898300
v -0.00168600 -0.16885900 -0.02063200
v -0.00168600 -0.16885900 -0.02063200
v -0.00347300 -0.16876600 -0.02206900
v -0.00341000 -0.16886600 -0.02214700
v -0.00347300 -0.16876600 -0.02206900
v -0.00525000 -0.16887300 -0.02351800
v -0.00724500 -0.16878000 -0.02465100
v -0.00719500 -0.16888000 -0.02473700
v -0.00923100 -0.16888800 -0.02579600
v -0.01138200 -0.16879600 -0.02659400
v -0.01134600 -0.16889600 -0.02668700
v -0.01352600 -0.16890400 -0.02740600
v -0.01577700 -0.16881300 -0.02784800
v -0.01575700 -0.16891200 -0.02794600
v -0.01802400 -0.16892100 -0.02830500
v -0.02031600 -0.16883000 -0.02838100
v -0.02031200 -0.16893000 -0.02848100
v -0.02260700 -0.16893800 -0.02847200
v -0.02488200 -0.16884700 -0.02817900
v -0.02489400 -0.16894700 -0.02827800
v -0.02715800 -0.16895500 -0.02790100
v -0.02935700 -0.16886400 -0.02724700
v -0.03569500 -0.16898800 -0.02462500
v -0.03757300 -0.16889500 -0.02330900
v -0.03362400 -0.16888000 -0.02561000
v -0.02938400 -0.16896400 -0.02734300
v -0.03155900 -0.16897200 -0.02660800
v -0.03155900 -0.16897200 -0.02660800
v -0.03362400 -0.16888000 -0.02561000
v -0.03366700 -0.16898000 -0.02570000
v -0.04275400 -0.16901400 -0.01881500
v -0.04411900 -0.16891900 -0.01697200
v -0.04110200 -0.16890800 -0.02040500
v -0.03763000 -0.16899500 -0.02339100
v -0.03945900 -0.16900200 -0.02200500
v -0.04117100 -0.16900800 -0.02047700
v -0.04761100 -0.16903200 -0.01106800
v -0.04832200 -0.16893500 -0.00888700
v -0.04654700 -0.16892800 -0.01309900
v -0.04419900 -0.16902000 -0.01703100
v -0.04549500 -0.16902400 -0.01513800
v -0.04663500 -0.16902900 -0.01314500
v -0.04976400 -0.16904000 -0.00218200
v -0.04974800 -0.16894000 0.00011200
v -0.04939800 -0.16893900 -0.00444500
v -0.04841600 -0.16903500 -0.00891900
v -0.04904600 -0.16903800 -0.00671200
v -0.04949600 -0.16903900 -0.00446100
v -0.04984700 -0.16904100 0.00011200
v -0.04974600 -0.16904000 0.00240500
v -0.04936200 -0.16893900 0.00466600
v -0.04752300 -0.16903200 0.01127400
v -0.04644300 -0.16892800 0.01329700
v -0.04825100 -0.16893500 0.00909900
v -0.04946100 -0.16903900 0.00468200
v -0.04899300 -0.16903800 0.00692900
v -0.04834500 -0.16903500 0.00913100
v -0.04260600 -0.16901400 0.01898300
v -0.04094100 -0.16890700 0.02055900
v -0.04398500 -0.16891900 0.01715000
v -0.04653100 -0.16902800 0.01334400
v -0.04537600 -0.16902400 0.01532700
v -0.04406400 -0.16901900 0.01721000
v -0.03550100 -0.16898700 0.02473700
v -0.03342200 -0.16887900 0.02570600
v -0.03738900 -0.16889400 0.02343600
v -0.04101000 -0.16900800 0.02063200
v -0.03928600 -0.16900100 0.02214700
v -0.03744500 -0.16899400 0.02351800
v -0.03346400 -0.16897900 0.02579600
v -0.03134900 -0.16897100 0.02668700
v -0.02914200 -0.16886300 0.02730900
v -0.02916900 -0.16896300 0.02740600
v -0.02693900 -0.16895500 0.02794600
v -0.02466100 -0.16884600 0.02820600
v -0.02467200 -0.16894600 0.02830500
v -0.02238400 -0.16893700 0.02848100
v -0.02009300 -0.16882900 0.02837200
v -0.02008800 -0.16892900 0.02847200
v -0.01778900 -0.16882000 0.02817600
v -0.01780200 -0.16892000 0.02827800
v -0.01555800 -0.16881200 0.02780300
v -0.01553800 -0.16891200 0.02790100
v -0.01331100 -0.16890300 0.02734300
v -0.01331100 -0.16890300 0.02734300
v -0.01117300 -0.16879500 0.02651500
v -0.01113700 -0.16889500 0.02660800
v -0.01117300 -0.16879500 0.02651500
v -0.00902900 -0.16888700 0.02570000
v -0.00705200 -0.16878000 0.02453900
v -0.00700100 -0.16887900 0.02462500
v -0.00506600 -0.16887200 0.02339100
v -0.00323700 -0.16886500 0.02200500
v -0.02068300 -0.16893100 -0.01935000
v -0.02077700 -0.16883100 -0.01938500
v -0.02074500 -0.16893100 -0.01870600
v -0.02084400 -0.16883200 -0.01868900
v -0.02047700 -0.16893000 -0.01811700
v -0.02055500 -0.16883000 -0.01805300
v -0.01995100 -0.16892800 -0.01774100
v -0.01998600 -0.16882800 -0.01764700
v -0.01930700 -0.16892600 -0.01767800
v -0.01929100 -0.16882600 -0.01757900
v -0.01871800 -0.16892400 -0.01794600
v -0.01865500 -0.16882300 -0.01786900
v -0.01834200 -0.16892200 -0.01847200
v -0.01824800 -0.16882200 -0.01843700
v -0.01827900 -0.16892200 -0.01911600
v -0.01818100 -0.16882200 -0.01913300
v -0.01854700 -0.16892300 -0.01970500
v -0.01847000 -0.16882300 -0.01976900
v -0.01907400 -0.16892500 -0.02008200
v -0.01903900 -0.16882500 -0.02017500
v -0.01971800 -0.16892700 -0.02014400
v -0.01973400 -0.16882700 -0.02024300
v -0.02030700 -0.16893000 -0.01987600
v -0.02037000 -0.16883000 -0.01995300
v -0.00360700 -0.16886700 0.00139700
v -0.00370100 -0.16876700 0.00136200
v -0.00367000 -0.16886700 0.00204100
v -0.00376900 -0.16876700 0.00205700
v -0.00340200 -0.16886600 0.00263000
v -0.00348000 -0.16876600 0.00269300
v -0.00287600 -0.16886400 0.00300600
v -0.00291100 -0.16876400 0.00310000
v -0.00223200 -0.16886100 0.00306900
v -0.00221600 -0.16876100 0.00316700
v -0.00164300 -0.16885900 0.00280100
v -0.00157900 -0.16875900 0.00287800
v -0.00126600 -0.16885800 0.00227400
v -0.00117300 -0.16875700 0.00230900
v -0.00120400 -0.16885800 0.00163000
v -0.00110600 -0.16875700 0.00161400
v -0.00147200 -0.16885900 0.00104100
v -0.00139500 -0.16875800 0.00097800
v -0.00199800 -0.16886100 0.00066500
v -0.00196300 -0.16876000 0.00057200
v -0.00264200 -0.16886300 0.00060300
v -0.00265900 -0.16876300 0.00050400
v -0.00323100 -0.16886500 0.00087100
v -0.00329500 -0.16876600 0.00079300
v -0.02435400 -0.16894500 0.01847200
v -0.02444800 -0.16884500 0.01843700
v -0.02441600 -0.16894500 0.01911600
v -0.02451600 -0.16884500 0.01913300
v -0.02414900 -0.16894400 0.01970500
v -0.02422600 -0.16884400 0.01976900
v -0.02362200 -0.16894200 0.02008200
v -0.02365800 -0.16884200 0.02017500
v -0.02297800 -0.16894000 0.02014400
v -0.02296200 -0.16884000 0.02024300
v -0.02238900 -0.16893700 0.01987600
v -0.02232600 -0.16883700 0.01995300
v -0.02201300 -0.16893600 0.01935000
v -0.02192000 -0.16883600 0.01938500
v -0.02195100 -0.16893600 0.01870600
v -0.02185200 -0.16883500 0.01868900
v -0.02221800 -0.16893700 0.01811700
v -0.02214200 -0.16883700 0.01805300
v -0.02274500 -0.16893900 0.01774100
v -0.02271000 -0.16883900 0.01764700
v -0.02338900 -0.16894100 0.01767800
v -0.02340600 -0.16884100 0.01757900
v -0.02397800 -0.16894300 0.01794600
v -0.02404200 -0.16884400 0.01786900
v -0.04142900 -0.16900900 -0.00227400
v -0.04152300 -0.16890900 -0.00230900
v -0.04149200 -0.16900900 -0.00163000
v -0.04159100 -0.16891000 -0.00161400
v -0.04122400 -0.16900800 -0.00104100
v -0.04130200 -0.16890900 -0.00097800
v -0.04069800 -0.16900600 -0.00066500
v -0.04073300 -0.16890700 -0.00057200
v -0.04005400 -0.16900400 -0.00060300
v -0.04003800 -0.16890400 -0.00050400
v -0.03946500 -0.16900200 -0.00087100
v -0.03940100 -0.16890100 -0.00079300
v -0.03908800 -0.16900000 -0.00139700
v -0.03899500 -0.16890000 -0.00136200
v -0.03902600 -0.16900000 -0.00204100
v -0.03892800 -0.16890000 -0.00205700
v -0.03929400 -0.16900100 -0.00263000
v -0.03921700 -0.16890100 -0.00269300
v -0.03982000 -0.16900300 -0.00300600
v -0.03978600 -0.16890300 -0.00310000
v -0.04046400 -0.16900600 -0.00306900
v -0.04048100 -0.16890600 -0.00316700
v -0.04105300 -0.16900800 -0.00280100
v -0.04111700 -0.16890800 -0.00287800
v 0.00238100 -0.16904400 0.00045600
v 0.00238000 -0.16874400 0.00045600
v 0.00238000 -0.16874400 0.00045600
v 0.00159900 -0.16904700 0.00155100
v 0.00159900 -0.16904700 0.00155100
v 0.00159800 -0.16874700 0.00155100
v 0.00159900 -0.16904700 0.00155100
v 0.00159800 -0.16874700 0.00155100
v 0.00159800 -0.16874700 0.00155100
v 0.00146900 -0.16904800 0.00289100
v 0.00146900 -0.16904800 0.00289100
v 0.00146800 -0.16874800 0.00289100
v 0.00146900 -0.16904800 0.00289100
v 0.00146800 -0.16874800 0.00289100
v 0.00146800 -0.16874800 0.00289100
v 0.00202600 -0.16904500 0.00411600
v 0.00202600 -0.16904500 0.00411600
v 0.00202500 -0.16874500 0.00411600
v 0.00202600 -0.16904500 0.00411600
v 0.00202500 -0.16874500 0.00411600
v 0.00312100 -0.16904100 0.00489800
v 0.00312000 -0.16874100 0.00489800
v 0.00312100 -0.16904100 0.00489800
v 0.00312000 -0.16874100 0.00489800
v 0.00312000 -0.16874100 0.00489800
v 0.00446000 -0.16903600 0.00502800
v 0.00446000 -0.16903600 0.00502800
v 0.00445900 -0.16873600 0.00502800
v 0.00446000 -0.16903600 0.00502800
v 0.00445900 -0.16873600 0.00502800
v 0.00445900 -0.16873600 0.00502800
v 0.00568600 -0.16903200 0.00447100
v 0.00568600 -0.16903200 0.00447100
v 0.00568400 -0.16873200 0.00447100
v 0.00568600 -0.16903200 0.00447100
v 0.00568400 -0.16873200 0.00447100
v 0.00568400 -0.16873200 0.00447100
v 0.00646800 -0.16902900 0.00337600
v 0.00646800 -0.16902900 0.00337600
v 0.00646700 -0.16872900 0.00337600
v 0.00646800 -0.16902900 0.00337600
v 0.00646700 -0.16872900 0.00337600
v 0.00646700 -0.16872900 0.00337600
v 0.00659800 -0.16902800 0.00203600
v 0.00659800 -0.16902800 0.00203600
v 0.00659700 -0.16872800 0.00203600
v 0.00659800 -0.16902800 0.00203600
v 0.00659700 -0.16872800 0.00203600
v 0.00659700 -0.16872800 0.00203600
v 0.00604100 -0.16903000 0.00081100
v 0.00604100 -0.16903000 0.00081100
v 0.00604000 -0.16873000 0.00081100
v 0.00604100 -0.16903000 0.00081100
v 0.00604000 -0.16873000 0.00081100
v 0.00604000 -0.16873000 0.00081100
v 0.00494600 -0.16903500 0.00002900
v 0.00494600 -0.16903500 0.00002900
v 0.00494500 -0.16873400 0.00002900
v 0.00494600 -0.16903500 0.00002900
v 0.00494500 -0.16873400 0.00002900
v 0.00494500 -0.16873400 0.00002900
v 0.00360600 -0.16904000 -0.00010100
v 0.00360600 -0.16904000 -0.00010100
v 0.00360500 -0.16874000 -0.00010100
v 0.00360600 -0.16904000 -0.00010100
v 0.00360500 -0.16874000 -0.00010100
v 0.00360500 -0.16874000 -0.00010100
v 0.00238100 -0.16904400 0.00045600
v 0.00238100 -0.16904400 0.00045600
v 0.00238000 -0.16874400 0.00045600
v -0.02053600 -0.16913000 -0.02738800
v -0.02053700 -0.16883000 -0.02738800
v -0.02053700 -0.16883000 -0.02738800
v -0.02131800 -0.16913300 -0.02629300
v -0.02131800 -0.16913300 -0.02629300
v -0.02131900 -0.16883300 -0.02629300
v -0.02131800 -0.16913300 -0.02629300
v -0.02131900 -0.16883300 -0.02629300
v -0.02131900 -0.16883300 -0.02629300
v -0.02144800 -0.16913400 -0.02495400
v -0.02144800 -0.16913400 -0.02495400
v -0.02144900 -0.16883400 -0.02495400
v -0.02144800 -0.16913400 -0.02495400
v -0.02144900 -0.16883400 -0.02495400
v -0.02144900 -0.16883400 -0.02495400
v -0.02089100 -0.16913200 -0.02372800
v -0.02089100 -0.16913200 -0.02372800
v -0.02089200 -0.16883200 -0.02372800
v -0.02089100 -0.16913200 -0.02372800
v -0.02089200 -0.16883200 -0.02372800
v -0.02089200 -0.16883200 -0.02372800
v -0.01979600 -0.16912800 -0.02294600
v -0.01979600 -0.16912800 -0.02294600
v -0.01979700 -0.16882800 -0.02294600
v -0.01979600 -0.16912800 -0.02294600
v -0.01979700 -0.16882800 -0.02294600
v -0.01979700 -0.16882800 -0.02294600
v -0.01845600 -0.16912300 -0.02281600
v -0.01845600 -0.16912300 -0.02281600
v -0.01845800 -0.16882300 -0.02281600
v -0.01845600 -0.16912300 -0.02281600
v -0.01845800 -0.16882300 -0.02281600
v -0.01845800 -0.16882300 -0.02281600
v -0.01723100 -0.16911800 -0.02337300
v -0.01723100 -0.16911800 -0.02337300
v -0.01723200 -0.16881800 -0.02337300
v -0.01723100 -0.16911800 -0.02337300
v -0.01723200 -0.16881800 -0.02337300
v -0.01723200 -0.16881800 -0.02337300
v -0.01644900 -0.16911500 -0.02446800
v -0.01644900 -0.16911500 -0.02446800
v -0.01645000 -0.16881500 -0.02446800
v -0.01644900 -0.16911500 -0.02446800
v -0.01645000 -0.16881500 -0.02446800
v -0.01645000 -0.16881500 -0.02446800
v -0.01631900 -0.16911500 -0.02580800
v -0.01631900 -0.16911500 -0.02580800
v -0.01632000 -0.16881500 -0.02580800
v -0.01631900 -0.16911500 -0.02580800
v -0.01632000 -0.16881500 -0.02580800
v -0.01632000 -0.16881500 -0.02580800
v -0.01687600 -0.16911700 -0.02703300
v -0.01687600 -0.16911700 -0.02703300
v -0.01687700 -0.16881700 -0.02703300
v -0.01687600 -0.16911700 -0.02703300
v -0.01687700 -0.16881700 -0.02703300
v -0.01687700 -0.16881700 -0.02703300
v -0.01797100 -0.16912100 -0.02781500
v -0.01797100 -0.16912100 -0.02781500
v -0.01797200 -0.16882100 -0.02781500
v -0.01797100 -0.16912100 -0.02781500
v -0.01797200 -0.16882100 -0.02781500
v -0.01797200 -0.16882100 -0.02781500
v -0.01931100 -0.16912600 -0.02794500
v -0.01931100 -0.16912600 -0.02794500
v -0.01931200 -0.16882600 -0.02794500
v -0.01931100 -0.16912600 -0.02794500
v -0.01931200 -0.16882600 -0.02794500
v -0.01931200 -0.16882600 -0.02794500
v -0.02053600 -0.16913000 -0.02738800
v -0.02053600 -0.16913000 -0.02738800
v -0.02053700 -0.16883000 -0.02738800
v -0.04838000 -0.16923500 -0.00447100
v -0.04838100 -0.16893500 -0.00447100
v -0.04838100 -0.16893500 -0.00447100
v -0.04916200 -0.16923800 -0.00337600
v -0.04916200 -0.16923800 -0.00337600
v -0.04916300 -0.16893800 -0.00337600
v -0.04916200 -0.16923800 -0.00337600
v -0.04916300 -0.16893800 -0.00337600
v -0.04916300 -0.16893800 -0.00337600
v -0.04929200 -0.16923900 -0.00203600
v -0.04929200 -0.16923900 -0.00203600
v -0.04929300 -0.16893900 -0.00203600
v -0.04929200 -0.16923900 -0.00203600
v -0.04929300 -0.16893900 -0.00203600
v -0.04929300 -0.16893900 -0.00203600
v -0.04873500 -0.16923700 -0.00081100
v -0.04873500 -0.16923700 -0.00081100
v -0.04873600 -0.16893700 -0.00081100
v -0.04873500 -0.16923700 -0.00081100
v -0.04873600 -0.16893700 -0.00081100
v -0.04873600 -0.16893700 -0.00081100
v -0.04764000 -0.16923300 -0.00002900
v -0.04764000 -0.16923300 -0.00002900
v -0.04764100 -0.16893300 -0.00002900
v -0.04764000 -0.16923300 -0.00002900
v -0.04764100 -0.16893300 -0.00002900
v -0.04764100 -0.16893300 -0.00002900
v -0.04630100 -0.16922700 0.00010100
v -0.04630100 -0.16922700 0.00010100
v -0.04630200 -0.16892700 0.00010100
v -0.04630100 -0.16922700 0.00010100
v -0.04630200 -0.16892700 0.00010100
v -0.04630200 -0.16892700 0.00010100
v -0.04507500 -0.16922300 -0.00045600
v -0.04507500 -0.16922300 -0.00045600
v -0.04507700 -0.16892300 -0.00045600
v -0.04507500 -0.16922300 -0.00045600
v -0.04507700 -0.16892300 -0.00045600
v -0.04507700 -0.16892300 -0.00045600
v -0.04429300 -0.16922000 -0.00155100
v -0.04429300 -0.16922000 -0.00155100
v -0.04429400 -0.16892000 -0.00155100
v -0.04429300 -0.16922000 -0.00155100
v -0.04429400 -0.16892000 -0.00155100
v -0.04429400 -0.16892000 -0.00155100
v -0.04416300 -0.16921900 -0.00289100
v -0.04416300 -0.16921900 -0.00289100
v -0.04416400 -0.16891900 -0.00289100
v -0.04416300 -0.16921900 -0.00289100
v -0.04416400 -0.16891900 -0.00289100
v -0.04416400 -0.16891900 -0.00289100
v -0.04472000 -0.16922100 -0.00411600
v -0.04472000 -0.16922100 -0.00411600
v -0.04472100 -0.16892200 -0.00411600
v -0.04472000 -0.16922100 -0.00411600
v -0.04472100 -0.16892200 -0.00411600
v -0.04472100 -0.16892200 -0.00411600
v -0.04581500 -0.16922600 -0.00489800
v -0.04581500 -0.16922600 -0.00489800
v -0.04581600 -0.16892600 -0.00489800
v -0.04581500 -0.16922600 -0.00489800
v -0.04581600 -0.16892600 -0.00489800
v -0.04581600 -0.16892600 -0.00489800
v -0.04715500 -0.16923100 -0.00502800
v -0.04715500 -0.16923100 -0.00502800
v -0.04715600 -0.16893100 -0.00502800
v -0.04715500 -0.16923100 -0.00502800
v -0.04715600 -0.16893100 -0.00502800
v -0.04715600 -0.16893100 -0.00502800
v -0.04838000 -0.16923500 -0.00447100
v -0.04838000 -0.16923500 -0.00447100
v -0.04838100 -0.16893500 -0.00447100
v -0.02546300 -0.16914900 0.02337300
v -0.02546400 -0.16884900 0.02337300
v -0.02546400 -0.16884900 0.02337300
v -0.02624500 -0.16915200 0.02446800
v -0.02624500 -0.16915200 0.02446800
v -0.02624700 -0.16885200 0.02446800
v -0.02624500 -0.16915200 0.02446800
v -0.02624700 -0.16885200 0.02446800
v -0.02624700 -0.16885200 0.02446800
v -0.02637500 -0.16915200 0.02580800
v -0.02637500 -0.16915200 0.02580800
v -0.02637700 -0.16885200 0.02580800
v -0.02637500 -0.16915200 0.02580800
v -0.02637700 -0.16885200 0.02580800
v -0.02637700 -0.16885200 0.02580800
v -0.02581800 -0.16915000 0.02703300
v -0.02581800 -0.16915000 0.02703300
v -0.02581900 -0.16885000 0.02703300
v -0.02581800 -0.16915000 0.02703300
v -0.02581900 -0.16885000 0.02703300
v -0.02581900 -0.16885000 0.02703300
v -0.02472300 -0.16914600 0.02781500
v -0.02472300 -0.16914600 0.02781500
v -0.02472400 -0.16884600 0.02781500
v -0.02472300 -0.16914600 0.02781500
v -0.02472400 -0.16884600 0.02781500
v -0.02472400 -0.16884600 0.02781500
v -0.02338400 -0.16914100 0.02794500
v -0.02338400 -0.16914100 0.02794500
v -0.02338500 -0.16884100 0.02794500
v -0.02338400 -0.16914100 0.02794500
v -0.02338500 -0.16884100 0.02794500
v -0.02338500 -0.16884100 0.02794500
v -0.02215800 -0.16913700 0.02738800
v -0.02215800 -0.16913700 0.02738800
v -0.02216000 -0.16883600 0.02738800
v -0.02215800 -0.16913700 0.02738800
v -0.02216000 -0.16883600 0.02738800
v -0.02216000 -0.16883600 0.02738800
v -0.02137600 -0.16913400 0.02629300
v -0.02137600 -0.16913400 0.02629300
v -0.02137700 -0.16883400 0.02629300
v -0.02137600 -0.16913400 0.02629300
v -0.02137700 -0.16883400 0.02629300
v -0.02137700 -0.16883400 0.02629300
v -0.02124600 -0.16913300 0.02495400
v -0.02124600 -0.16913300 0.02495400
v -0.02124700 -0.16883300 0.02495400
v -0.02124600 -0.16913300 0.02495400
v -0.02124700 -0.16883300 0.02495400
v -0.02124700 -0.16883300 0.02495400
v -0.02180300 -0.16913500 0.02372800
v -0.02180300 -0.16913500 0.02372800
v -0.02180400 -0.16883500 0.02372800
v -0.02180300 -0.16913500 0.02372800
v -0.02180400 -0.16883500 0.02372800
v -0.02180400 -0.16883500 0.02372800
v -0.02289800 -0.16913900 0.02294600
v -0.02289800 -0.16913900 0.02294600
v -0.02290000 -0.16883900 0.02294600
v -0.02289800 -0.16913900 0.02294600
v -0.02290000 -0.16883900 0.02294600
v -0.02290000 -0.16883900 0.02294600
v -0.02423800 -0.16914400 0.02281600
v -0.02423800 -0.16914400 0.02281600
v -0.02423900 -0.16884400 0.02281600
v -0.02423800 -0.16914400 0.02281600
v -0.02423900 -0.16884400 0.02281600
v -0.02423900 -0.16884400 0.02281600
v -0.02546300 -0.16914900 0.02337300
v -0.02546300 -0.16914900 0.02337300
v -0.02546400 -0.16884900 0.02337300
v -0.01174700 -0.16879700 0.01166500
v -0.01174700 -0.16879700 0.01166500
v -0.01174700 -0.16879700 0.01166500
v -0.01174700 -0.16879700 0.01166500
v -0.01174700 -0.16879700 0.01166500
v -0.01174700 -0.16879700 0.01166500
v -0.01174700 -0.16879700 0.01166500
v -0.01174700 -0.16879700 0.01166500
v -0.01174700 -0.16879700 0.01166500
v -0.01174700 -0.16879700 0.01166500
v -0.01174700 -0.16879700 0.01166500
v -0.01174700 -0.16879700 0.01166500
v -0.01174700 -0.16879700 0.01166500
v -0.01174700 -0.16879700 0.01166500
v -0.01174700 -0.16879700 0.01166500
v -0.01555800 -0.16881200 0.02780300
v -0.01555800 -0.16881200 0.02780300
v -0.01555800 -0.16881200 0.02780300
v -0.01555800 -0.16881200 0.02780300
v -0.00576900 -0.16877500 0.01892900
v -0.00576900 -0.16877500 0.01892900
v -0.00576900 -0.16877500 0.01892900
v -0.00576900 -0.16877500 0.01892900
v -0.00576900 -0.16877500 0.01892900
v -0.00576900 -0.16877500 0.01892900
v -0.00576900 -0.16877500 0.01892900
v -0.00576900 -0.16877500 0.01892900
v -0.01117300 -0.16879500 0.02651500
v -0.01117300 -0.16879500 0.02651500
v -0.02546400 -0.16884900 0.02337300
v -0.02546400 -0.16884900 0.02337300
v -0.02546400 -0.16884900 0.02337300
v -0.02423900 -0.16884400 0.02281600
v -0.02423900 -0.16884400 0.02281600
v -0.02341200 -0.16884100 0.02126600
v -0.02341200 -0.16884100 0.02126600
v -0.02341200 -0.16884100 0.02126600
v -0.02341200 -0.16884100 0.02126600
v -0.02341200 -0.16884100 0.02126600
v -0.02341200 -0.16884100 0.02126600
v -0.02341200 -0.16884100 0.02126600
v -0.02341200 -0.16884100 0.02126600
v -0.02341200 -0.16884100 0.02126600
v -0.02341200 -0.16884100 0.02126600
v -0.02341200 -0.16884100 0.02126600
v -0.02341200 -0.16884100 0.02126600
v -0.02341200 -0.16884100 0.02126600
v -0.02341200 -0.16884100 0.02126600
v -0.02009300 -0.16882900 0.02837200
v -0.02009300 -0.16882900 0.02837200
v -0.02009300 -0.16882900 0.02837200
v -0.02009300 -0.16882900 0.02837200
v -0.01778900 -0.16882000 0.02817600
v -0.01778900 -0.16882000 0.02817600
v -0.01778900 -0.16882000 0.02817600
v -0.01778900 -0.16882000 0.02817600
v -0.01778900 -0.16882000 0.02817600
v -0.02137700 -0.16883400 0.02629300
v -0.02137700 -0.16883400 0.02629300
v -0.02137700 -0.16883400 0.02629300
v -0.02290000 -0.16883900 0.02294600
v -0.02290000 -0.16883900 0.02294600
v -0.02180400 -0.16883500 0.02372800
v -0.02180400 -0.16883500 0.02372800
v -0.02180400 -0.16883500 0.02372800
v -0.02124700 -0.16883300 0.02495400
v -0.02124700 -0.16883300 0.02495400
v -0.02216000 -0.16883600 0.02738800
v -0.02216000 -0.16883600 0.02738800
v -0.02338500 -0.16884100 0.02794500
v -0.02338500 -0.16884100 0.02794500
v -0.02338500 -0.16884100 0.02794500
v -0.02466100 -0.16884600 0.02820600
v -0.02466100 -0.16884600 0.02820600
v -0.02466100 -0.16884600 0.02820600
v -0.02472400 -0.16884600 0.02781500
v -0.02472400 -0.16884600 0.02781500
v -0.02472400 -0.16884600 0.02781500
v -0.02914200 -0.16886300 0.02730900
v -0.02914200 -0.16886300 0.02730900
v -0.02914200 -0.16886300 0.02730900
v -0.02581900 -0.16885000 0.02703300
v -0.02581900 -0.16885000 0.02703300
v -0.02581900 -0.16885000 0.02703300
v -0.03342200 -0.16887900 0.02570600
v -0.03342200 -0.16887900 0.02570600
v -0.03342200 -0.16887900 0.02570600
v -0.03342200 -0.16887900 0.02570600
v -0.03342200 -0.16887900 0.02570600
v -0.03342200 -0.16887900 0.02570600
v -0.02637700 -0.16885200 0.02580800
v -0.02637700 -0.16885200 0.02580800
v -0.02624700 -0.16885200 0.02446800
v -0.02624700 -0.16885200 0.02446800
v -0.03738900 -0.16889400 0.02343600
v -0.03738900 -0.16889400 0.02343600
v -0.03738900 -0.16889400 0.02343600
v -0.03301300 -0.16887700 0.00960100
v -0.03301300 -0.16887700 0.00960100
v -0.03301300 -0.16887700 0.00960100
v -0.03301300 -0.16887700 0.00960100
v -0.03301300 -0.16887700 0.00960100
v -0.03301300 -0.16887700 0.00960100
v -0.03301300 -0.16887700 0.00960100
v -0.03301300 -0.16887700 0.00960100
v -0.03301300 -0.16887700 0.00960100
v -0.03301300 -0.16887700 0.00960100
v -0.03301300 -0.16887700 0.00960100
v -0.03301300 -0.16887700 0.00960100
v -0.03301300 -0.16887700 0.00960100
v -0.03301300 -0.16887700 0.00960100
v -0.03301300 -0.16887700 0.00960100
v -0.03301300 -0.16887700 0.00960100
v -0.03301300 -0.16887700 0.00960100
v -0.03301300 -0.16887700 0.00960100
v -0.04094100 -0.16890700 0.02055900
v -0.04094100 -0.16890700 0.02055900
v -0.04398500 -0.16891900 0.01715000
v -0.04398500 -0.16891900 0.01715000
v -0.04936200 -0.16893900 0.00466600
v -0.04936200 -0.16893900 0.00466600
v -0.04936200 -0.16893900 0.00466600
v -0.04936200 -0.16893900 0.00466600
v -0.04936200 -0.16893900 0.00466600
v -0.04936200 -0.16893900 0.00466600
v -0.04825100 -0.16893500 0.00909900
v -0.04825100 -0.16893500 0.00909900
v -0.04644300 -0.16892800 0.01329700
v -0.04644300 -0.16892800 0.01329700
v -0.04630200 -0.16892700 0.00010100
v -0.04630200 -0.16892700 0.00010100
v -0.04764100 -0.16893300 -0.00002900
v -0.04764100 -0.16893300 -0.00002900
v -0.04764100 -0.16893300 -0.00002900
v -0.04974800 -0.16894000 0.00011200
v -0.04974800 -0.16894000 0.00011200
v -0.04974800 -0.16894000 0.00011200
v -0.04974800 -0.16894000 0.00011200
v -0.04581600 -0.16892600 -0.00489800
v -0.04581600 -0.16892600 -0.00489800
v -0.04654700 -0.16892800 -0.01309900
v -0.04654700 -0.16892800 -0.01309900
v -0.04654700 -0.16892800 -0.01309900
v -0.04654700 -0.16892800 -0.01309900
v -0.04654700 -0.16892800 -0.01309900
v -0.04715600 -0.16893100 -0.00502800
v -0.04715600 -0.16893100 -0.00502800
v -0.04715600 -0.16893100 -0.00502800
v -0.04832200 -0.16893500 -0.00888700
v -0.04832200 -0.16893500 -0.00888700
v -0.04832200 -0.16893500 -0.00888700
v -0.04832200 -0.16893500 -0.00888700
v -0.04472100 -0.16892200 -0.00411600
v -0.04472100 -0.16892200 -0.00411600
v -0.04472100 -0.16892200 -0.00411600
v -0.04416400 -0.16891900 -0.00289100
v -0.04416400 -0.16891900 -0.00289100
v -0.04261400 -0.16891400 -0.00206400
v -0.04261400 -0.16891400 -0.00206400
v -0.04261400 -0.16891400 -0.00206400
v -0.04261400 -0.16891400 -0.00206400
v -0.04261400 -0.16891400 -0.00206400
v -0.04261400 -0.16891400 -0.00206400
v -0.04261400 -0.16891400 -0.00206400
v -0.04261400 -0.16891400 -0.00206400
v -0.04261400 -0.16891400 -0.00206400
v -0.04261400 -0.16891400 -0.00206400
v -0.04261400 -0.16891400 -0.00206400
v -0.04261400 -0.16891400 -0.00206400
v -0.04261400 -0.16891400 -0.00206400
v -0.04429400 -0.16892000 -0.00155100
v -0.04429400 -0.16892000 -0.00155100
v -0.04507700 -0.16892300 -0.00045600
v -0.04507700 -0.16892300 -0.00045600
v -0.04507700 -0.16892300 -0.00045600
v -0.04873600 -0.16893700 -0.00081100
v -0.04873600 -0.16893700 -0.00081100
v -0.04929300 -0.16893900 -0.00203600
v -0.04929300 -0.16893900 -0.00203600
v -0.04929300 -0.16893900 -0.00203600
v -0.04939800 -0.16893900 -0.00444500
v -0.04939800 -0.16893900 -0.00444500
v -0.04939800 -0.16893900 -0.00444500
v -0.04916300 -0.16893800 -0.00337600
v -0.04916300 -0.16893800 -0.00337600
v -0.04916300 -0.16893800 -0.00337600
v -0.04838100 -0.16893500 -0.00447100
v -0.04838100 -0.16893500 -0.00447100
v -0.04411900 -0.16891900 -0.01697200
v -0.04411900 -0.16891900 -0.01697200
v -0.04411900 -0.16891900 -0.01697200
v -0.03094900 -0.16887000 -0.01166500
v -0.03094900 -0.16887000 -0.01166500
v -0.03094900 -0.16887000 -0.01166500
v -0.03094900 -0.16887000 -0.01166500
v -0.03094900 -0.16887000 -0.01166500
v -0.03094900 -0.16887000 -0.01166500
v -0.03094900 -0.16887000 -0.01166500
v -0.03094900 -0.16887000 -0.01166500
v -0.03094900 -0.16887000 -0.01166500
v -0.03094900 -0.16887000 -0.01166500
v -0.03094900 -0.16887000 -0.01166500
v -0.03094900 -0.16887000 -0.01166500
v -0.03094900 -0.16887000 -0.01166500
v -0.03094900 -0.16887000 -0.01166500
v -0.03094900 -0.16887000 -0.01166500
v -0.03094900 -0.16887000 -0.01166500
v -0.03094900 -0.16887000 -0.01166500
v -0.04110200 -0.16890800 -0.02040500
v -0.04110200 -0.16890800 -0.02040500
v -0.02935700 -0.16886400 -0.02724700
v -0.02935700 -0.16886400 -0.02724700
v -0.02935700 -0.16886400 -0.02724700
v -0.02935700 -0.16886400 -0.02724700
v -0.02935700 -0.16886400 -0.02724700
v -0.03362400 -0.16888000 -0.02561000
v -0.03362400 -0.16888000 -0.02561000
v -0.03757300 -0.16889500 -0.02330900
v -0.03757300 -0.16889500 -0.02330900
v -0.02031600 -0.16883000 -0.02838100
v -0.02031600 -0.16883000 -0.02838100
v -0.02031600 -0.16883000 -0.02838100
v -0.02031600 -0.16883000 -0.02838100
v -0.02488200 -0.16884700 -0.02817900
v -0.02488200 -0.16884700 -0.02817900
v -0.02488200 -0.16884700 -0.02817900
v -0.02488200 -0.16884700 -0.02817900
v -0.02053700 -0.16883000 -0.02738800
v -0.02053700 -0.16883000 -0.02738800
v -0.02053700 -0.16883000 -0.02738800
v -0.01645000 -0.16881500 -0.02446800
v -0.01645000 -0.16881500 -0.02446800
v -0.01723200 -0.16881800 -0.02337300
v -0.01723200 -0.16881800 -0.02337300
v -0.01723200 -0.16881800 -0.02337300
v -0.01138200 -0.16879600 -0.02659400
v -0.01138200 -0.16879600 -0.02659400
v -0.01138200 -0.16879600 -0.02659400
v -0.01138200 -0.16879600 -0.02659400
v -0.01138200 -0.16879600 -0.02659400
v -0.01138200 -0.16879600 -0.02659400
v -0.01138200 -0.16879600 -0.02659400
v -0.01138200 -0.16879600 -0.02659400
v -0.01928400 -0.16882600 -0.02126600
v -0.01928400 -0.16882600 -0.02126600
v -0.01928400 -0.16882600 -0.02126600
v -0.01928400 -0.16882600 -0.02126600
v -0.01928400 -0.16882600 -0.02126600
v -0.01928400 -0.16882600 -0.02126600
v -0.01928400 -0.16882600 -0.02126600
v -0.01928400 -0.16882600 -0.02126600
v -0.01928400 -0.16882600 -0.02126600
v -0.01928400 -0.16882600 -0.02126600
v -0.01928400 -0.16882600 -0.02126600
v -0.01928400 -0.16882600 -0.02126600
v -0.00968300 -0.16879000 -0.00960100
v -0.00968300 -0.16879000 -0.00960100
v -0.00968300 -0.16879000 -0.00960100
v -0.00968300 -0.16879000 -0.00960100
v -0.00968300 -0.16879000 -0.00960100
v -0.00968300 -0.16879000 -0.00960100
v -0.00968300 -0.16879000 -0.00960100
v -0.00968300 -0.16879000 -0.00960100
v -0.00968300 -0.16879000 -0.00960100
v -0.00968300 -0.16879000 -0.00960100
v -0.00968300 -0.16879000 -0.00960100
v -0.00968300 -0.16879000 -0.00960100
v -0.00968300 -0.16879000 -0.00960100
v -0.00968300 -0.16879000 -0.00960100
v -0.00968300 -0.16879000 -0.00960100
v -0.01931200 -0.16882600 -0.02794500
v -0.01931200 -0.16882600 -0.02794500
v -0.01797200 -0.16882100 -0.02781500
v -0.01797200 -0.16882100 -0.02781500
v -0.01797200 -0.16882100 -0.02781500
v -0.01577700 -0.16881300 -0.02784800
v -0.01577700 -0.16881300 -0.02784800
v -0.01577700 -0.16881300 -0.02784800
v -0.01687700 -0.16881700 -0.02703300
v -0.01687700 -0.16881700 -0.02703300
v -0.01687700 -0.16881700 -0.02703300
v -0.01632000 -0.16881500 -0.02580800
v -0.01632000 -0.16881500 -0.02580800
v -0.01845800 -0.16882300 -0.02281600
v -0.01845800 -0.16882300 -0.02281600
v -0.01979700 -0.16882800 -0.02294600
v -0.01979700 -0.16882800 -0.02294600
v -0.02089200 -0.16883200 -0.02372800
v -0.02089200 -0.16883200 -0.02372800
v -0.02089200 -0.16883200 -0.02372800
v -0.02144900 -0.16883400 -0.02495400
v -0.02144900 -0.16883400 -0.02495400
v -0.02144900 -0.16883400 -0.02495400
v -0.02131900 -0.16883300 -0.02629300
v -0.02131900 -0.16883300 -0.02629300
v -0.00242000 -0.16876200 -0.01557900
v -0.00242000 -0.16876200 -0.01557900
v -0.00242000 -0.16876200 -0.01557900
v -0.00242000 -0.16876200 -0.01557900
v -0.00242000 -0.16876200 -0.01557900
v -0.00242000 -0.16876200 -0.01557900
v -0.00242000 -0.16876200 -0.01557900
v -0.00242000 -0.16876200 -0.01557900
v -0.00347300 -0.16876600 -0.02206900
v -0.00347300 -0.16876600 -0.02206900
v -0.00724500 -0.16878000 -0.02465100
v -0.00724500 -0.16878000 -0.02465100
v 0.00619900 -0.16873000 -0.00690500
v 0.00619900 -0.16873000 -0.00690500
v 0.00619900 -0.16873000 -0.00690500
v 0.00619900 -0.16873000 -0.00690500
v 0.00473500 -0.16873500 -0.01123400
v 0.00473500 -0.16873500 -0.01123400
v 0.00259500 -0.16874300 -0.01527300
v 0.00259500 -0.16874300 -0.01527300
v -0.00016500 -0.16875400 -0.01891600
v -0.00016500 -0.16875400 -0.01891600
v -0.00008200 -0.16875300 0.00206400
v -0.00008200 -0.16875300 0.00206400
v -0.00008200 -0.16875300 0.00206400
v -0.00008200 -0.16875300 0.00206400
v -0.00008200 -0.16875300 0.00206400
v -0.00008200 -0.16875300 0.00206400
v -0.00008200 -0.16875300 0.00206400
v -0.00008200 -0.16875300 0.00206400
v -0.00008200 -0.16875300 0.00206400
v -0.00008200 -0.16875300 0.00206400
v -0.00008200 -0.16875300 0.00206400
v -0.00008200 -0.16875300 0.00206400
v -0.00008200 -0.16875300 0.00206400
v 0.00159800 -0.16874700 0.00155100
v 0.00159800 -0.16874700 0.00155100
v 0.00238000 -0.16874400 0.00045600
v 0.00238000 -0.16874400 0.00045600
v 0.00238000 -0.16874400 0.00045600
v 0.00682600 -0.16872700 -0.00357500
v 0.00682600 -0.16872700 -0.00357500
v 0.00682600 -0.16872700 -0.00357500
v 0.00682600 -0.16872700 -0.00357500
v 0.00682600 -0.16872700 -0.00357500
v 0.00445900 -0.16873600 0.00502800
v 0.00445900 -0.16873600 0.00502800
v 0.00482200 -0.16873500 0.01102900
v 0.00482200 -0.16873500 0.01102900
v 0.00482200 -0.16873500 0.01102900
v 0.00482200 -0.16873500 0.01102900
v 0.00482200 -0.16873500 0.01102900
v 0.00482200 -0.16873500 0.01102900
v 0.00482200 -0.16873500 0.01102900
v 0.00482200 -0.16873500 0.01102900
v 0.00568400 -0.16873200 0.00447100
v 0.00568400 -0.16873200 0.00447100
v 0.00568400 -0.16873200 0.00447100
v 0.00625300 -0.16873000 0.00668800
v 0.00625300 -0.16873000 0.00668800
v 0.00625300 -0.16873000 0.00668800
v 0.00646700 -0.16872900 0.00337600
v 0.00646700 -0.16872900 0.00337600
v 0.00646700 -0.16872900 0.00337600
v 0.00696800 -0.16872700 0.00217400
v 0.00696800 -0.16872700 0.00217400
v 0.00696800 -0.16872700 0.00217400
v 0.00696800 -0.16872700 0.00217400
v 0.00312000 -0.16874100 0.00489800
v 0.00312000 -0.16874100 0.00489800
v 0.00202500 -0.16874500 0.00411600
v 0.00202500 -0.16874500 0.00411600
v 0.00202500 -0.16874500 0.00411600
v 0.00146800 -0.16874800 0.00289100
v 0.00146800 -0.16874800 0.00289100
v 0.00360500 -0.16874000 -0.00010100
v 0.00360500 -0.16874000 -0.00010100
v 0.00494500 -0.16873400 0.00002900
v 0.00494500 -0.16873400 0.00002900
v 0.00494500 -0.16873400 0.00002900
v 0.00695000 -0.16872700 -0.00239600
v 0.00695000 -0.16872700 -0.00239600
v 0.00695000 -0.16872700 -0.00239600
v 0.00604000 -0.16873000 0.00081100
v 0.00604000 -0.16873000 0.00081100
v 0.00604000 -0.16873000 0.00081100
v 0.00659700 -0.16872800 0.00203600
v 0.00659700 -0.16872800 0.00203600
v -0.00705200 -0.16878000 0.02453900
v -0.00705200 -0.16878000 0.02453900
v -0.00330100 -0.16876600 0.02192800
v -0.00330100 -0.16876600 0.02192800
v -0.00001700 -0.16875300 0.01874900
v -0.00001700 -0.16875300 0.01874900
v -0.02134800 -0.16883300 0.00000000
v -0.02134800 -0.16883300 0.00000000
v -0.02134800 -0.16883300 0.00000000
v -0.02134800 -0.16883300 0.00000000
v -0.02134800 -0.16883300 0.00000000
v -0.02134800 -0.16883300 0.00000000
v -0.02134800 -0.16883300 0.00000000
v -0.02134800 -0.16883300 0.00000000
v -0.02134800 -0.16883300 0.00000000
v -0.02134800 -0.16883300 0.00000000
v -0.02134800 -0.16883300 0.00000000
v -0.02134800 -0.16883300 0.00000000
v -0.02134800 -0.16883300 0.00000000
v -0.02134800 -0.16883300 0.00000000
v -0.02134800 -0.16883300 0.00000000
v -0.02134800 -0.16883300 0.00000000
v -0.03892800 -0.16890000 -0.00205700
v -0.03892800 -0.16890000 -0.00205700
v -0.03899500 -0.16890000 -0.00136200
v -0.03899500 -0.16890000 -0.00136200
v -0.03899500 -0.16890000 -0.00136200
v -0.03921700 -0.16890100 -0.00269300
v -0.03921700 -0.16890100 -0.00269300
v -0.03921700 -0.16890100 -0.00269300
v -0.03978600 -0.16890300 -0.00310000
v -0.03978600 -0.16890300 -0.00310000
v -0.04130200 -0.16890900 -0.00097800
v -0.04130200 -0.16890900 -0.00097800
v -0.04130200 -0.16890900 -0.00097800
v -0.04159100 -0.16891000 -0.00161400
v -0.04159100 -0.16891000 -0.00161400
v -0.03940100 -0.16890100 -0.00079300
v -0.03940100 -0.16890100 -0.00079300
v -0.04003800 -0.16890400 -0.00050400
v -0.04003800 -0.16890400 -0.00050400
v -0.04073300 -0.16890700 -0.00057200
v -0.04073300 -0.16890700 -0.00057200
v -0.04152300 -0.16890900 -0.00230900
v -0.04152300 -0.16890900 -0.00230900
v -0.04111700 -0.16890800 -0.00287800
v -0.04111700 -0.16890800 -0.00287800
v -0.04111700 -0.16890800 -0.00287800
v -0.04048100 -0.16890600 -0.00316700
v -0.04048100 -0.16890600 -0.00316700
v -0.02444800 -0.16884500 0.01843700
v -0.02444800 -0.16884500 0.01843700
v -0.02404200 -0.16884400 0.01786900
v -0.02404200 -0.16884400 0.01786900
v -0.02404200 -0.16884400 0.01786900
v -0.02271000 -0.16883900 0.01764700
v -0.02271000 -0.16883900 0.01764700
v -0.02271000 -0.16883900 0.01764700
v -0.02214200 -0.16883700 0.01805300
v -0.02214200 -0.16883700 0.01805300
v -0.02185200 -0.16883500 0.01868900
v -0.02185200 -0.16883500 0.01868900
v -0.02192000 -0.16883600 0.01938500
v -0.02192000 -0.16883600 0.01938500
v -0.02232600 -0.16883700 0.01995300
v -0.02232600 -0.16883700 0.01995300
v -0.02232600 -0.16883700 0.01995300
v -0.02296200 -0.16884000 0.02024300
v -0.02296200 -0.16884000 0.02024300
v -0.02340600 -0.16884100 0.01757900
v -0.02340600 -0.16884100 0.01757900
v -0.02365800 -0.16884200 0.02017500
v -0.02365800 -0.16884200 0.02017500
v -0.02422600 -0.16884400 0.01976900
v -0.02422600 -0.16884400 0.01976900
v -0.02422600 -0.16884400 0.01976900
v -0.02451600 -0.16884500 0.01913300
v -0.02451600 -0.16884500 0.01913300
v -0.01824800 -0.16882200 -0.01843700
v -0.01824800 -0.16882200 -0.01843700
v -0.01865500 -0.16882300 -0.01786900
v -0.01865500 -0.16882300 -0.01786900
v -0.01865500 -0.16882300 -0.01786900
v -0.02037000 -0.16883000 -0.01995300
v -0.02037000 -0.16883000 -0.01995300
v -0.02037000 -0.16883000 -0.01995300
v -0.01973400 -0.16882700 -0.02024300
v -0.01973400 -0.16882700 -0.02024300
v -0.02084400 -0.16883200 -0.01868900
v -0.02084400 -0.16883200 -0.01868900
v -0.02077700 -0.16883100 -0.01938500
v -0.02077700 -0.16883100 -0.01938500
v -0.01903900 -0.16882500 -0.02017500
v -0.01903900 -0.16882500 -0.02017500
v -0.01847000 -0.16882300 -0.01976900
v -0.01847000 -0.16882300 -0.01976900
v -0.01847000 -0.16882300 -0.01976900
v -0.01818100 -0.16882200 -0.01913300
v -0.01818100 -0.16882200 -0.01913300
v -0.01929100 -0.16882600 -0.01757900
v -0.01929100 -0.16882600 -0.01757900
v -0.01998600 -0.16882800 -0.01764700
v -0.01998600 -0.16882800 -0.01764700
v -0.01998600 -0.16882800 -0.01764700
v -0.02055500 -0.16883000 -0.01805300
v -0.02055500 -0.16883000 -0.01805300
v -0.00157900 -0.16875900 0.00287800
v -0.00157900 -0.16875900 0.00287800
v -0.00157900 -0.16875900 0.00287800
v -0.00221600 -0.16876100 0.00316700
v -0.00221600 -0.16876100 0.00316700
v -0.00291100 -0.16876400 0.00310000
v -0.00291100 -0.16876400 0.00310000
v -0.00348000 -0.16876600 0.00269300
v -0.00348000 -0.16876600 0.00269300
v -0.00348000 -0.16876600 0.00269300
v -0.00117300 -0.16875700 0.00230900
v -0.00117300 -0.16875700 0.00230900
v 0.00271400 -0.16874300 0.01508400
v 0.00271400 -0.16874300 0.01508400
v -0.00376900 -0.16876700 0.00205700
v -0.00376900 -0.16876700 0.00205700
v -0.00370100 -0.16876700 0.00136200
v -0.00370100 -0.16876700 0.00136200
v -0.00370100 -0.16876700 0.00136200
v -0.00329500 -0.16876600 0.00079300
v -0.00329500 -0.16876600 0.00079300
v -0.00265900 -0.16876300 0.00050400
v -0.00265900 -0.16876300 0.00050400
v -0.00196300 -0.16876000 0.00057200
v -0.00196300 -0.16876000 0.00057200
v -0.00139500 -0.16875800 0.00097800
v -0.00139500 -0.16875800 0.00097800
v -0.00139500 -0.16875800 0.00097800
v -0.00110600 -0.16875700 0.00161400
v -0.00110600 -0.16875700 0.00161400
vn 0.48678100 -0.70217400 -0.51961100
vn 0.48681800 -0.70217500 -0.51957500
vn 0.59168800 -0.70313900 -0.39433500
vn 0.59164500 -0.70315500 -0.39437200
vn -0.54319300 -0.70917400 0.44945900
vn -0.54319300 -0.70917400 0.44945900
vn -0.54321300 -0.70915300 0.44946800
vn -0.54321300 -0.70915300 0.44946800
vn -0.54319300 -0.70917400 0.44945900
vn -0.54345800 -0.70902400 0.44937600
vn 0.99999200 0.00378600 -0.00138300
vn 0.99979000 -0.01045800 -0.01764500
vn 0.97821700 -0.01531300 -0.20701700
vn 0.90291400 -0.03030200 -0.42875200
vn 0.89621800 0.00341400 -0.44360000
vn 0.77197500 -0.02234200 -0.63526000
vn 0.53759200 -0.02888300 -0.84271000
vn 0.60762300 0.00230300 -0.79422200
vn 0.18280500 0.00071100 -0.98314900
vn 0.24699500 -0.02424700 -0.96871300
vn 0.41144000 -0.03631500 -0.91071300
vn -0.87026000 -0.00327800 -0.49258200
vn -0.87025400 -0.00327600 -0.49259200
vn -0.87224700 -0.00493700 -0.48904100
vn -0.87221500 -0.00502200 -0.48909600
vn -0.87025500 -0.00327900 -0.49259100
vn -0.87025700 -0.00328400 -0.49258700
vn -0.87026000 -0.00327400 -0.49258200
vn -0.85383300 -0.00321300 -0.52053700
vn 0.03418000 0.00011700 0.99941600
vn -0.03138000 -0.00011800 0.99950800
vn 0.09938000 0.00037100 0.99505000
vn 0.09938100 0.00037300 0.99504900
vn 0.47264300 0.00177700 0.88125200
vn 0.47263200 0.00177300 0.88125800
vn 0.47263200 0.00177300 0.88125800
vn 0.47264300 0.00177700 0.88125200
vn 0.47263200 0.00177300 0.88125800
vn 0.47264300 0.00177700 0.88125200
vn 0.77392100 0.00290000 0.63327600
vn 0.77392600 0.00290600 0.63326900
vn 0.88982200 0.00017300 0.45630800
vn 0.84249800 0.00315500 0.53869000
vn 0.98104000 0.00369600 0.19376800
vn 0.98106100 0.00368100 0.19366600
vn 0.96293900 -0.00418800 0.26968600
vn 0.93851800 -0.00431600 0.34520400
vn -0.16145300 -0.00059200 0.98688000
vn -0.22577500 -0.00085100 0.97417900
vn 0.05714400 0.00021700 -0.99836600
vn 0.00797800 -0.00311700 -0.99996300
vn -0.16093700 -0.00306000 -0.98696000
vn -0.25875800 -0.00343800 -0.96593600
vn -0.46420100 0.00862200 -0.88568800
vn -0.44354200 -0.00167500 -0.89625200
vn -0.63548100 0.00960900 -0.77205700
vn -0.80386600 0.01296600 -0.59466900
vn -0.98104800 -0.00368700 -0.19372800
vn -0.97776800 0.00307300 -0.20966900
vn -0.92023200 0.00553800 -0.39133300
vn -0.79421300 -0.00300900 -0.60763300
vn -0.32623300 -0.00343700 -0.94528300
vn -0.33242300 -0.00125100 -0.94313000
vn -0.32485400 0.00028100 -0.94576400
vn -0.47344000 -0.01043700 -0.88076400
vn -0.15751300 0.00176700 -0.98751500
vn -0.01964500 0.00449700 -0.99979700
vn 0.06208100 0.00023300 -0.99807100
vn -0.50824500 -0.01924600 -0.86099700
vn -0.67117300 -0.01127700 -0.74121500
vn -0.64982000 -0.00244400 -0.76008400
vn -0.85529800 -0.00322000 -0.51812700
vn -0.91489400 -0.00342200 -0.40367900
vn -0.98150600 -0.00369500 -0.19139400
vn -0.98150400 -0.00369500 -0.19140400
vn -0.99940700 -0.00377200 0.03422800
vn -0.99950000 -0.00376900 -0.03138200
vn -0.80110400 -0.00777900 -0.59847500
vn -0.88870600 -0.00097700 -0.45847700
vn -0.93078800 0.00356700 -0.36554200
vn -0.97736300 0.00322300 -0.21154600
vn -0.98611700 -0.00372700 -0.16601300
vn -0.07644600 -0.57765700 0.81269200
vn -0.07644600 -0.57765700 0.81269200
vn -0.07644600 -0.57765700 0.81269200
vn 0.16326300 -0.70345200 -0.69173700
vn 0.11720300 -0.70594000 -0.69850700
vn 0.07097300 -0.70694900 -0.70369400
vn 0.07097300 -0.70695100 -0.70369300
vn 0.71769700 -0.66700100 -0.20005300
vn 0.71772600 -0.66694200 -0.20014300
vn 0.71144100 -0.70274500 -0.00132800
vn 0.71145700 -0.70272800 -0.00139300
vn 0.69185300 -0.70377800 -0.16135800
vn 0.66482800 -0.70383900 -0.25022800
vn 0.67891600 -0.62247100 -0.38936200
vn 0.60947800 -0.65399900 -0.44813200
vn 0.57194200 -0.61606600 -0.54161300
vn 0.42413800 -0.64190800 -0.63879600
vn 0.26555700 -0.70396100 -0.65872500
vn 0.50887100 -0.56933600 -0.64568300
vn 0.70688200 -0.70402300 0.06832800
vn 0.70623700 -0.70467100 0.06832000
vn -0.68911100 -0.70662300 -0.16065600
vn -0.69585600 -0.70898200 -0.11458000
vn -0.70128300 -0.70960000 -0.06833400
vn -0.70094500 -0.70993600 -0.06831100
vn -0.19757300 -0.67037000 -0.71524000
vn 0.00131700 -0.70538600 -0.70882200
vn 0.00125800 -0.70537000 -0.70883800
vn -0.15863700 -0.70689600 -0.68929900
vn -0.34136600 -0.65541800 -0.67371800
vn -0.44565700 -0.65797500 -0.60700700
vn -0.53925800 -0.62030400 -0.56958200
vn -0.63635200 -0.64590000 -0.42174500
vn -0.65608200 -0.70741400 -0.26291000
vn -0.64351100 -0.57366900 -0.50675200
vn 0.71988600 0.00271000 -0.69408700
vn 0.81197200 0.00304800 -0.58368900
vn 0.81153200 0.02124100 -0.58392100
vn 0.81158900 0.02126400 -0.58384200
vn 0.84849400 0.00319100 -0.52919500
vn 0.70611700 0.00267400 -0.70809100
vn 0.77212500 0.00291200 -0.63546400
vn 0.71927500 0.00271800 -0.69472000
vn 0.70116100 -0.03778200 -0.71200100
vn 0.83067400 0.00307500 -0.55675100
vn -0.75115900 -0.00756400 -0.66007800
vn -0.59828200 -0.00584000 -0.80126400
vn -0.57542200 -0.00216500 -0.81785400
vn -0.34396900 -0.00129700 -0.93898000
vn -0.22019900 -0.00083000 -0.97545500
vn 0.00092100 0.00000400 -1.00000000
vn 0.00091700 0.00000300 -1.00000000
vn 0.32408500 -0.00098700 0.94602700
vn 0.31600800 0.00119100 0.94875600
vn 0.32918300 0.00123900 0.94426500
vn 0.31600200 0.00119200 0.94875800
vn 0.07095600 -0.70688000 -0.70376500
vn 0.07095600 -0.70687800 -0.70376700
vn 0.57125800 0.00214600 -0.82076800
vn 0.53856200 0.00202000 -0.84258300
vn 0.19379900 0.00073400 -0.98104100
vn 0.19361500 0.00076400 -0.98107700
vn 0.26970600 -0.00680400 -0.96291900
vn 0.26972900 -0.00679500 -0.96291200
vn 0.34532700 -0.00654100 -0.93846000
vn 0.34520500 -0.00654000 -0.93850500
vn 0.00366700 -0.99999300 -0.00000100
vn 0.00377000 -0.99999300 0.00001200
vn 0.00377000 -0.99999300 0.00001200
vn 0.00376600 -0.99999300 -0.00000000
vn 0.00376400 -0.99999300 -0.00000100
vn 0.00366700 -0.99999300 -0.00000100
vn 0.00377000 -0.99999300 0.00001200
vn 0.00415900 -0.99999100 -0.00003000
vn 0.00402400 -0.99999200 -0.00003600
vn 0.00376600 -0.99999300 -0.00000000
vn 0.00376400 -0.99999300 -0.00000100
vn 0.00377800 -0.99999300 -0.00013800
vn 0.00376600 -0.99999300 -0.00000000
vn 0.00376000 -0.99999300 0.00000400
vn 0.00382700 -0.99999300 0.00005300
vn 0.00382700 -0.99999300 0.00005300
vn 0.00377800 -0.99999300 -0.00013800
vn 0.00377800 -0.99999300 -0.00013800
vn 0.00376000 -0.99999300 0.00000400
vn 0.00382700 -0.99999300 0.00005300
vn 0.00376400 -0.99999300 -0.00000100
vn 0.00376000 -0.99999300 0.00000400
vn 0.00415900 -0.99999100 -0.00003000
vn 0.00415900 -0.99999100 -0.00003000
vn 0.00402400 -0.99999200 -0.00003600
vn 0.00402400 -0.99999200 -0.00003600
vn 0.00366700 -0.99999300 -0.00000100
vn -0.81053500 -0.58036100 -0.07883200
vn -0.81053500 -0.58036100 -0.07883200
vn -0.81053500 -0.58036100 -0.07883200
vn -0.77210800 -0.00290300 0.63548400
vn -0.77210800 -0.00290300 0.63548400
vn -0.77213000 -0.00317100 0.63545700
vn -0.77213000 -0.00289900 0.63545800
vn -0.77210800 -0.00290300 0.63548400
vn -0.77213000 -0.00317100 0.63545700
vn -0.77210900 -0.00290100 0.63548400
vn -0.77210900 -0.00290100 0.63548400
vn -0.77213000 -0.00317100 0.63545700
vn -0.77212700 -0.00288900 0.63546200
vn -0.77210200 -0.00290700 0.63549200
vn -0.77213000 -0.00289900 0.63545800
vn -0.77210900 -0.00290100 0.63548400
vn -0.77213000 -0.00289900 0.63545800
vn -0.77212700 -0.00288900 0.63546200
vn -0.77212700 -0.00288900 0.63546200
vn -0.77210200 -0.00290700 0.63549200
vn -0.77210200 -0.00290700 0.63549200
vn -0.81583900 -0.00306300 0.57827100
vn -0.85554900 -0.00323300 0.51771100
vn -0.89056300 -0.00334900 0.45484700
vn -0.89049200 -0.00336500 0.45498600
vn -0.99920900 -0.00377400 0.03958400
vn -0.99920900 -0.00377400 0.03958400
vn -0.99920400 -0.00377400 0.03972000
vn -0.99920900 -0.00377400 0.03958400
vn -0.99920400 -0.00377400 0.03972000
vn -0.99920400 -0.00377400 0.03972000
vn -0.92364400 -0.00347200 -0.38323500
vn -0.92364200 -0.00347200 -0.38324000
vn -0.89293400 -0.00337700 -0.45017400
vn -0.85719000 -0.00322800 -0.51499100
vn -0.77220500 -0.00290800 0.63536700
vn -0.77217700 -0.00290000 0.63540100
vn -0.49260200 -0.00185500 0.87025300
vn -0.49254700 -0.00185500 0.87028400
vn -0.48904200 -0.00349600 0.87225300
vn -0.48906900 -0.00353600 0.87223800
vn -0.49254700 -0.00185100 0.87028400
vn -0.49260100 -0.00185200 0.87025400
vn -0.49256400 -0.00185400 0.87027400
vn -0.52054300 -0.00196000 0.85383300
vn -0.17205400 -0.00062400 -0.98508700
vn -0.05769900 -0.00021200 -0.99833400
vn 0.16899800 0.00063800 -0.98561600
vn 0.28115900 0.00107800 -0.95966100
vn 0.38828800 0.00146600 -0.92153700
vn 0.38828700 0.00146500 -0.92153700
vn -0.48701100 -0.71085600 0.50744800
vn -0.48701100 -0.71085600 0.50744800
vn -0.48701100 -0.71085600 0.50744800
vn -0.70424900 -0.21675300 0.67605600
vn -0.70424900 -0.21675300 0.67605600
vn -0.70424900 -0.21675300 0.67605600
vn -0.52586000 -0.70888000 0.47006500
vn -0.54322800 -0.70919500 0.44938400
vn -0.54322500 -0.70919500 0.44938800
vn -0.56019700 -0.70899300 0.42837900
vn -0.79828500 -0.21742000 0.56166600
vn -0.79828500 -0.21742000 0.56166600
vn -0.79828500 -0.21742000 0.56166600
vn -0.58926900 -0.71140000 0.38297800
vn -0.58926900 -0.71140000 0.38297800
vn -0.58926900 -0.71140000 0.38297800
vn 0.97900200 0.00369300 -0.20381700
vn 0.97901200 0.00368200 -0.20376800
vn 0.99581500 0.00375300 -0.09131200
vn 0.99971200 0.00376900 0.02368700
vn 0.96858900 0.00362300 0.24863900
vn 0.93360300 0.00353000 0.35829100
vn 0.87055100 0.00162100 0.49207600
vn 0.85262600 0.00320900 0.52251100
vn 0.00375000 -0.99999300 0.00001400
vn 0.00375900 -0.99999300 -0.00003000
vn 0.00375000 -0.99999300 0.00001400
vn 0.00375900 -0.99999300 -0.00003000
vn 0.00375000 -0.99999300 0.00001400
vn 0.00376500 -0.99999300 0.00001900
vn 0.00377200 -0.99999300 -0.00002900
vn 0.00375900 -0.99999300 -0.00003000
vn 0.00377400 -0.99999300 0.00000100
vn 0.00376500 -0.99999300 0.00001900
vn 0.00373300 -0.99999300 -0.00000900
vn 0.00376000 -0.99999300 -0.00000800
vn 0.00370900 -0.99999300 0.00010200
vn 0.00378200 -0.99999300 -0.00000600
vn 0.00377700 -0.99999300 0.00000100
vn 0.00376500 -0.99999300 -0.00000200
vn 0.00373300 -0.99999300 -0.00000900
vn 0.00372600 -0.99999300 -0.00000500
vn 0.00374200 -0.99999300 0.00002600
vn 0.00376000 -0.99999300 -0.00000800
vn 0.00381500 -0.99999300 -0.00000300
vn 0.00378200 -0.99999300 -0.00000600
vn 0.00376000 -0.99999300 -0.00000800
vn 0.00366300 -0.99999300 0.00000400
vn 0.00378200 -0.99999300 -0.00000600
vn 0.00381500 -0.99999300 -0.00000300
vn 0.00381500 -0.99999300 -0.00000300
vn 0.00366300 -0.99999300 0.00000400
vn 0.00377100 -0.99999300 0.00002300
vn 0.00366300 -0.99999300 0.00000400
vn 0.00377100 -0.99999300 0.00002300
vn 0.00377100 -0.99999300 0.00002300
vn 0.00377400 -0.99999300 0.00000100
vn 0.00376500 -0.99999300 0.00001900
vn 0.00377200 -0.99999300 -0.00002900
vn 0.00377400 -0.99999300 0.00000100
vn 0.00377000 -0.99999300 -0.00000300
vn 0.00374200 -0.99999300 0.00002600
vn 0.00377200 -0.99999300 -0.00002900
vn 0.00377000 -0.99999300 -0.00000300
vn 0.00377700 -0.99999300 0.00000100
vn 0.00377100 -0.99999300 -0.00001300
vn 0.00377100 -0.99999300 -0.00001300
vn 0.00377000 -0.99999300 -0.00000300
vn 0.00377700 -0.99999300 0.00000100
vn 0.00377100 -0.99999300 -0.00001300
vn 0.00370900 -0.99999300 0.00010200
vn 0.00374200 -0.99999300 0.00002600
vn 0.00370900 -0.99999300 0.00010200
vn 0.00376500 -0.99999300 -0.00000200
vn 0.00376800 -0.99999300 -0.00000100
vn 0.00376600 -0.99999300 -0.00000100
vn 0.00368200 -0.99999300 0.00002000
vn 0.00376600 -0.99999300 -0.00000100
vn 0.00376800 -0.99999300 -0.00000100
vn 0.00374400 -0.99999300 0.00002900
vn 0.00368200 -0.99999300 0.00002000
vn 0.00368200 -0.99999300 0.00002000
vn 0.00374400 -0.99999300 0.00002900
vn 0.00373300 -0.99999300 -0.00000900
vn 0.00372600 -0.99999300 -0.00000500
vn 0.00376800 -0.99999300 -0.00000100
vn 0.00376500 -0.99999300 -0.00000200
vn 0.00372600 -0.99999300 -0.00000500
vn 0.00374400 -0.99999300 0.00002900
vn 0.00376600 -0.99999300 -0.00000100
vn -0.94601000 -0.00577200 0.32408700
vn -0.94874300 -0.00357100 0.31602700
vn -0.94428600 -0.00355600 0.32910600
vn -0.94873600 -0.00357100 0.31604900
vn -0.77223700 -0.00292800 0.63532800
vn -0.77220100 -0.00289000 0.63537200
vn -0.72436400 -0.00273600 0.68941200
vn -0.67270800 -0.00252900 0.73990400
vn 0.34050400 0.00127600 0.94024200
vn 0.27003200 0.00103400 0.96285100
vn 0.19835700 0.00074500 0.98013000
vn 0.19834400 0.00074900 0.98013200
vn -0.23085100 -0.00087000 0.97298900
vn -0.23082300 -0.00087200 0.97299500
vn -0.23085100 -0.00087000 0.97298900
vn -0.23082300 -0.00087200 0.97299500
vn -0.23085100 -0.00087000 0.97298900
vn -0.23082300 -0.00087200 0.97299500
vn -0.61765700 -0.00233500 0.78644400
vn -0.61772500 -0.00232300 0.78639100
vn 0.98687900 0.00371800 0.16141700
vn 0.97416700 0.00365900 0.22579900
vn 0.91173100 0.00342900 0.41077400
vn 0.84955200 0.00320700 0.52749600
vn 0.77392100 0.00289200 0.63327600
vn 0.77389200 0.00291800 0.63331000
vn 0.47262900 0.00178100 0.88126000
vn 0.47262900 0.00178000 0.88126000
vn 0.35421500 0.00133200 0.93516300
vn 0.22775400 0.00082300 0.97371800
vn 0.00138300 0.00000700 0.99999900
vn 0.00139000 0.00000500 0.99999900
vn -0.98313900 -0.00370300 -0.18282100
vn -0.96861000 -0.02882600 -0.24690900
vn -0.84258800 -0.03408200 -0.53747900
vn -0.91055700 -0.04128900 -0.41131500
vn -0.79424600 -0.00301100 -0.60758800
vn -0.63518600 -0.02768100 -0.77186300
vn -0.42863100 -0.03530900 -0.90278900
vn -0.00138300 -0.00000500 -0.99999900
vn -0.01763200 -0.01432700 -0.99974200
vn -0.20692900 -0.01977800 -0.97815600
vn -0.44355700 -0.00167800 -0.89624500
vn 0.81581600 0.00307500 -0.57830400
vn 0.85549800 0.00323300 -0.51779600
vn 0.89057700 0.00336500 -0.45482000
vn 0.89051600 0.00335200 -0.45494000
vn 0.99921500 0.00376400 -0.03944800
vn 0.99921400 0.00376400 -0.03944900
vn 0.99921500 0.00376400 -0.03944800
vn 0.99921400 0.00376400 -0.03944900
vn 0.99921500 0.00376400 -0.03944800
vn 0.99921400 0.00376400 -0.03944900
vn 0.92363500 0.00347800 0.38325800
vn 0.92364800 0.00347800 0.38322600
vn 0.89292200 0.00338000 0.45019900
vn 0.85720400 0.00321400 0.51496700
vn 0.77196500 0.00291200 -0.63565800
vn 0.77207100 0.00291500 -0.63553000
vn 0.49260500 0.00185600 -0.87025100
vn 0.49258200 0.00185600 -0.87026400
vn 0.48906900 0.00019100 -0.87224500
vn 0.48904700 0.00018300 -0.87225700
vn 0.49256300 0.00185400 -0.87027500
vn 0.49258200 0.00186000 -0.87026400
vn 0.49257300 0.00185500 -0.87026900
vn 0.52054000 0.00196900 -0.85383500
vn 0.00377300 -0.99999300 -0.00000000
vn 0.00376000 -0.99999300 -0.00000400
vn 0.00369500 -0.99999300 0.00000500
vn 0.00399000 -0.99999200 0.00004000
vn 0.00377900 -0.99999300 0.00000400
vn 0.00382900 -0.99999300 0.00005800
vn 0.00377300 -0.99999300 -0.00000500
vn 0.00375500 -0.99999300 -0.00001200
vn 0.00371900 -0.99999300 -0.00001100
vn 0.00375300 -0.99999300 0.00000100
vn 0.00376000 -0.99999300 -0.00000400
vn 0.00376600 -0.99999300 -0.00000300
vn 0.00377300 -0.99999300 -0.00000500
vn 0.00376000 -0.99999300 -0.00000400
vn 0.00377000 -0.99999300 -0.00000300
vn 0.00390700 -0.99999200 -0.00008900
vn 0.00377300 -0.99999300 -0.00000000
vn 0.00382600 -0.99999300 0.00000600
vn 0.00375400 -0.99999300 -0.00000600
vn 0.00376600 -0.99999300 -0.00000700
vn 0.00378600 -0.99999300 0.00012000
vn 0.00376600 -0.99999300 -0.00000700
vn 0.00378800 -0.99999300 0.00001000
vn 0.00376400 -0.99999300 -0.00000900
vn 0.00378600 -0.99999300 0.00012000
vn 0.00376600 -0.99999300 -0.00000700
vn 0.00371100 -0.99999300 -0.00007300
vn 0.00380300 -0.99999300 0.00034000
vn 0.00375400 -0.99999300 -0.00000600
vn 0.00378600 -0.99999300 0.00012000
vn 0.00380300 -0.99999300 0.00034000
vn 0.00374800 -0.99999300 -0.00003000
vn 0.00382700 -0.99999300 0.00001700
vn 0.00377300 -0.99999300 -0.00002100
vn 0.00382700 -0.99999300 0.00001700
vn 0.00374800 -0.99999300 -0.00003000
vn 0.00382700 -0.99999300 0.00001700
vn 0.00371900 -0.99999300 -0.00001100
vn 0.00399000 -0.99999200 0.00004000
vn 0.00375300 -0.99999300 0.00000100
vn 0.00371900 -0.99999300 -0.00001100
vn 0.00375500 -0.99999300 -0.00001200
vn 0.00375300 -0.99999300 0.00000100
vn 0.00377300 -0.99999300 0.00006200
vn 0.00380300 -0.99999300 0.00034000
vn 0.00377300 -0.99999300 -0.00002100
vn 0.00377300 -0.99999300 0.00006200
vn 0.00377300 -0.99999300 0.00006200
vn 0.00374800 -0.99999300 -0.00003000
vn 0.00377300 -0.99999300 -0.00002100
vn 0.00404600 -0.99999200 0.00011600
vn 0.00373200 -0.99999300 -0.00003100
vn 0.00404600 -0.99999200 0.00011600
vn 0.00404600 -0.99999200 0.00011600
vn 0.00373200 -0.99999300 -0.00003100
vn 0.00377900 -0.99999300 0.00000400
vn 0.00373200 -0.99999300 -0.00003100
vn 0.00369500 -0.99999300 0.00000500
vn 0.00377900 -0.99999300 0.00000400
vn 0.00399000 -0.99999200 0.00004000
vn 0.00369500 -0.99999300 0.00000500
vn 0.00377000 -0.99999300 0.00000600
vn 0.00376400 -0.99999300 -0.00000900
vn 0.00377000 -0.99999300 0.00000600
vn 0.00376400 -0.99999300 -0.00000900
vn 0.00377000 -0.99999300 -0.00000300
vn 0.00376600 -0.99999300 -0.00000300
vn 0.00377000 -0.99999300 0.00000600
vn 0.00377000 -0.99999300 -0.00000300
vn 0.00377300 -0.99999300 -0.00000000
vn 0.00376600 -0.99999300 -0.00000300
vn 0.00382600 -0.99999300 0.00000600
vn 0.00375400 -0.99999300 -0.00000600
vn 0.00382600 -0.99999300 0.00000600
vn 0.00378800 -0.99999300 0.00001000
vn 0.00378800 -0.99999300 0.00001000
vn 0.00371100 -0.99999300 -0.00007300
vn 0.00371100 -0.99999300 -0.00007300
vn 0.00390700 -0.99999200 -0.00008900
vn 0.00377300 -0.99999300 -0.00000500
vn 0.00390700 -0.99999200 -0.00008900
vn 0.00382900 -0.99999300 0.00005800
vn 0.00375500 -0.99999300 -0.00001200
vn 0.00382900 -0.99999300 0.00005800
vn 0.94602800 0.00142800 -0.32408300
vn 0.94874700 0.00357100 -0.31601600
vn 0.94428600 0.00355200 -0.32910700
vn 0.94873700 0.00357000 -0.31604700
vn 0.77210100 0.00289800 -0.63549300
vn 0.77214800 0.00287600 -0.63543700
vn 0.72440800 0.00272500 -0.68936700
vn 0.67264800 0.00253200 -0.73995900
vn -0.34050400 -0.00127800 -0.94024200
vn -0.27002000 -0.00103800 -0.96285400
vn -0.19838000 -0.00074900 -0.98012500
vn -0.19835200 -0.00074800 -0.98013100
vn 0.23083100 0.00086900 -0.97299400
vn 0.23082300 0.00087100 -0.97299500
vn 0.23083100 0.00086900 -0.97299400
vn 0.23082300 0.00087100 -0.97299500
vn 0.23083100 0.00086900 -0.97299400
vn 0.23082300 0.00087100 -0.97299500
vn 0.61774100 0.00232500 -0.78637800
vn 0.61771200 0.00232200 -0.78640100
vn -0.99836200 -0.00376000 -0.05709800
vn -0.99531500 -0.00374600 -0.09660900
vn -0.99994400 -0.00690700 -0.00797400
vn -0.99994400 -0.00689700 -0.00803400
vn -0.99961800 -0.00375000 -0.02737100
vn -0.99980700 0.00080700 0.01962400
vn -0.94578300 -0.00213200 0.32479100
vn -0.88073400 -0.01196600 0.47346100
vn -0.98751500 -0.00136200 0.15752000
vn -0.00091600 -0.00000400 1.00000000
vn -0.00091800 -0.00000300 1.00000000
vn -0.19140400 -0.00072100 0.98151100
vn -0.19140700 -0.00072100 0.98151100
vn 0.80113900 -0.00176800 0.59847600
vn 0.88866000 0.00571300 0.45853200
vn 0.93075200 0.01058000 0.36549700
vn 0.98307600 0.00887800 0.18298200
vn 0.98611600 0.00370500 0.16601900
vn 0.99531500 0.00374700 0.09661400
vn -0.99019900 -0.00791100 0.13944200
vn -0.96011700 -0.00784000 0.27949000
vn -0.91533100 -0.00344300 0.40268900
vn -0.81243900 -0.00307200 0.58303800
vn -0.72842300 -0.00274900 0.68512200
vn -0.63329300 -0.00239800 0.77390900
vn -0.63327400 -0.00239500 0.77392400
vn -0.28894300 -0.00108500 0.95734600
vn -0.28896400 -0.00109300 0.95733900
vn -0.99999200 -0.00377000 -0.00092300
vn -0.99999200 -0.00376800 -0.00092500
vn -0.59844100 -0.00699500 0.80113600
vn -0.45855500 0.00063900 0.88866600
vn -0.36549700 0.00570300 0.93079500
vn -0.18295800 0.00449900 0.98311000
vn -0.16597300 -0.00062100 0.98613000
vn -0.16603400 -0.00061800 0.98612000
vn -0.09660800 -0.00034500 0.99532200
vn -0.22574900 -0.00085000 0.97418500
vn -0.19372500 -0.00073200 0.98105600
vn -0.97370600 -0.00365700 0.22778000
vn -0.93515200 -0.00352400 0.35423000
vn -0.88126400 -0.00332200 0.47261200
vn -0.88123700 -0.00330200 0.47266300
vn -0.63327800 -0.00239300 0.77392100
vn -0.63325000 -0.00237500 0.77394400
vn -0.52747400 -0.00196900 0.84956900
vn -0.41076300 -0.00150800 0.91174100
vn -0.99970100 -0.00377600 -0.02416600
vn -0.99872800 -0.00318300 0.05032100
vn -0.13334800 -0.00250900 0.99106600
vn -0.12620100 -0.00047400 0.99200500
vn -0.13328600 -0.00249300 0.99107500
vn -0.14041700 -0.00453500 0.99008200
vn -0.53555600 -0.00134300 0.84449900
vn -0.52546900 0.00210200 0.85081000
vn -0.53552300 -0.00133300 0.84451900
vn -0.54555900 -0.00477300 0.83805900
vn -0.84476200 -0.00248500 0.53513700
vn -0.84088300 -0.00036900 0.54121700
vn -0.84475200 -0.00248000 0.53515300
vn -0.84855800 -0.00459400 0.52908300
vn -0.99235600 -0.00303300 0.12337100
vn -0.99205400 -0.00230900 0.12579200
vn 0.50483400 -0.70349600 0.50023600
vn 0.50478500 -0.70350000 0.50028000
vn 0.45209200 -0.70533500 0.54600000
vn 0.45209400 -0.70533100 0.54600300
vn -0.09650800 -0.00035900 0.99533200
vn -0.09652200 -0.00036500 0.99533100
vn -0.09650800 -0.00035900 0.99533200
vn -0.09652200 -0.00036500 0.99533100
vn -0.09650800 -0.00035900 0.99533200
vn -0.09652200 -0.00036500 0.99533100
vn 0.60249500 -0.76993400 0.21024100
vn 0.60568200 -0.73316200 0.30923000
vn 0.65515700 -0.74832900 0.10379500
vn 0.67335400 -0.73817800 0.04107800
vn 0.67164200 -0.73629200 -0.08228500
vn 0.64767200 -0.73836600 -0.18798000
vn 0.65435500 -0.70246000 -0.27994500
vn 0.60407700 -0.70406500 0.37334100
vn 0.00375900 -0.99999300 -0.00002300
vn 0.00377700 -0.99999300 0.00011300
vn 0.00377700 -0.99999300 0.00011300
vn 0.00376300 -0.99999300 0.00000200
vn 0.00377700 -0.99999300 0.00011300
vn 0.00375900 -0.99999300 -0.00002300
vn 0.00378600 -0.99999300 -0.00002100
vn 0.00375900 -0.99999300 -0.00002300
vn 0.00376300 -0.99999300 0.00000200
vn 0.00375900 -0.99999300 0.00000000
vn 0.00380900 -0.99999300 0.00000000
vn 0.00376900 -0.99999300 0.00000100
vn 0.00376500 -0.99999300 0.00008700
vn 0.00364100 -0.99999300 0.00000700
vn 0.00376900 -0.99999300 0.00000100
vn 0.00380900 -0.99999300 0.00000000
vn 0.00369600 -0.99999300 -0.00000800
vn 0.00383800 -0.99999300 -0.00005900
vn 0.00380900 -0.99999300 0.00000000
vn 0.00370200 -0.99999300 0.00000900
vn 0.00376300 -0.99999300 -0.00000200
vn 0.00349400 -0.99999400 0.00000100
vn 0.00383800 -0.99999300 -0.00005900
vn 0.00383800 -0.99999300 -0.00005900
vn 0.00370200 -0.99999300 0.00000900
vn 0.00384700 -0.99999300 0.00001400
vn 0.00376300 -0.99999300 -0.00000200
vn 0.00370200 -0.99999300 0.00000900
vn 0.00378600 -0.99999300 -0.00002100
vn 0.00349400 -0.99999400 0.00000100
vn 0.00376300 -0.99999300 0.00000200
vn 0.00378600 -0.99999300 -0.00002100
vn 0.00349400 -0.99999400 0.00000100
vn 0.00384700 -0.99999300 0.00001400
vn 0.00376300 -0.99999300 -0.00000200
vn 0.00384700 -0.99999300 0.00001400
vn 0.00406400 -0.99999200 0.00003000
vn 0.00378300 -0.99999300 -0.00000300
vn 0.00365400 -0.99999300 -0.00002700
vn 0.00394800 -0.99999200 0.00001100
vn 0.00337300 -0.99999400 -0.00002900
vn 0.00337300 -0.99999400 -0.00002900
vn 0.00406400 -0.99999200 0.00003000
vn 0.00378300 -0.99999300 -0.00000300
vn 0.00406400 -0.99999200 0.00003000
vn 0.00365400 -0.99999300 -0.00002700
vn 0.00378300 -0.99999300 -0.00000300
vn 0.00373700 -0.99999300 0.00001300
vn 0.00365400 -0.99999300 -0.00002700
vn 0.00373700 -0.99999300 0.00001300
vn 0.00388600 -0.99999200 0.00003700
vn 0.00373700 -0.99999300 0.00001300
vn 0.00412400 -0.99999100 0.00004500
vn 0.00388600 -0.99999200 0.00003700
vn 0.00388600 -0.99999200 0.00003700
vn 0.00412400 -0.99999100 0.00004500
vn 0.00367200 -0.99999300 -0.00002200
vn 0.00365600 -0.99999300 -0.00005400
vn 0.00376200 -0.99999300 -0.00006900
vn 0.00367200 -0.99999300 -0.00002200
vn 0.00412400 -0.99999100 0.00004500
vn 0.00375900 -0.99999300 0.00000000
vn 0.00376600 -0.99999300 0.00000300
vn 0.00367200 -0.99999300 -0.00002200
vn 0.00365600 -0.99999300 -0.00005400
vn 0.00346200 -0.99999400 0.00000200
vn 0.00376600 -0.99999300 0.00000300
vn 0.00365600 -0.99999300 -0.00005400
vn 0.00375100 -0.99999300 -0.00013200
vn 0.00376100 -0.99999300 0.00005500
vn 0.00375200 -0.99999300 -0.00013200
vn 0.00375600 -0.99999300 0.00002200
vn 0.00390700 -0.99999200 -0.00032900
vn 0.00375200 -0.99999300 -0.00013200
vn 0.00376100 -0.99999300 0.00005500
vn 0.00380200 -0.99999300 -0.00006600
vn 0.00376200 -0.99999300 0.00001100
vn 0.00375600 -0.99999300 0.00002200
vn 0.00376100 -0.99999300 0.00005500
vn 0.00375600 -0.99999300 0.00002200
vn 0.00380200 -0.99999300 -0.00006600
vn 0.00376300 -0.99999300 0.00000700
vn 0.00377600 -0.99999300 -0.00007100
vn 0.00379000 -0.99999300 0.00000800
vn 0.00364100 -0.99999300 0.00000700
vn 0.00379000 -0.99999300 0.00000800
vn 0.00390700 -0.99999200 -0.00032900
vn 0.00376300 -0.99999300 0.00000700
vn 0.00374600 -0.99999300 0.00001800
vn 0.00369600 -0.99999300 -0.00000800
vn 0.00379000 -0.99999300 0.00000800
vn 0.00364100 -0.99999300 0.00000700
vn 0.00382900 -0.99999300 0.00000000
vn 0.00376500 -0.99999300 0.00008700
vn 0.00376900 -0.99999300 0.00000100
vn 0.00369600 -0.99999300 -0.00000800
vn 0.00376200 -0.99999300 -0.00006900
vn 0.00375900 -0.99999300 0.00000000
vn 0.00376500 -0.99999300 0.00008700
vn 0.00376600 -0.99999300 0.00000300
vn 0.00376200 -0.99999300 -0.00006900
vn 0.00394000 -0.99999200 -0.00003100
vn 0.00394000 -0.99999200 -0.00003100
vn 0.00376200 -0.99999300 0.00001100
vn 0.00380200 -0.99999300 -0.00006600
vn 0.00390700 -0.99999200 -0.00032900
vn 0.00374600 -0.99999300 0.00001800
vn 0.00376200 -0.99999300 0.00001100
vn 0.00377600 -0.99999300 -0.00007100
vn 0.00377600 -0.99999300 -0.00007100
vn 0.00376300 -0.99999300 0.00000700
vn 0.00382900 -0.99999300 0.00000000
vn 0.00374600 -0.99999300 0.00001800
vn 0.00382900 -0.99999300 0.00000000
vn 0.99982600 0.00375600 0.01827600
vn 0.99949900 0.00376000 0.03141900
vn 0.99950000 0.00376100 0.03140800
vn 0.97371300 0.00365300 -0.22774900
vn 0.93513900 0.00349100 -0.35426500
vn 0.89900800 0.00338100 -0.43792000
vn 0.92202400 0.00240600 -0.38712500
vn 0.99961700 0.00376100 0.02743200
vn 0.99998400 0.00376200 0.00429900
vn 0.99372800 0.00373900 -0.11175800
vn 0.97913500 0.00153800 -0.20320700
vn 0.19141300 0.00072000 -0.98150900
vn 0.19140900 0.00072100 -0.98151000
vn -0.24145600 -0.00031500 0.97041200
vn -0.05053300 -0.00018900 0.99872200
vn -0.17009400 -0.00063800 0.98542800
vn 0.01960900 0.00464600 0.99979700
vn 0.32478600 0.00264900 0.94578400
vn 0.47351500 -0.00687200 0.88075900
vn 0.15750300 0.00295400 0.98751400
vn 0.98150800 0.00370000 0.19138300
vn 0.98150500 0.00369600 0.19140200
vn 0.99999200 0.00376800 0.00092700
vn 0.99999200 0.00376600 0.00093200
vn 0.59849000 -0.00253000 -0.80112600
vn 0.45848100 0.00408800 -0.88869500
vn 0.36547800 0.00845100 -0.93078100
vn 0.18295100 0.00586800 -0.98310500
vn 0.16605600 0.00061900 -0.98611600
vn 0.09661000 0.00033700 -0.99532200
vn -0.37252100 -0.70544000 -0.60297900
vn -0.37254800 -0.70544900 -0.60295100
vn -0.17540300 -0.70637300 -0.68576300
vn -0.05113500 -0.70589000 -0.70647400
vn 0.19131400 -0.70496900 -0.68294700
vn 0.30929300 -0.70453000 -0.63872900
vn -0.44676600 -0.70876700 -0.54593900
vn -0.44676700 -0.70876700 -0.54593800
vn -0.99531200 -0.00378700 -0.09663700
vn -0.99532500 -0.00375200 -0.09650500
vn -0.99531200 -0.00378700 -0.09663700
vn -0.99532500 -0.00375200 -0.09650500
vn -0.99531200 -0.00378700 -0.09663700
vn -0.99532500 -0.00375200 -0.09650500
vn -0.99819400 -0.00590000 -0.05977500
vn -0.99860900 -0.00375600 -0.05259700
vn -0.99819600 -0.00589100 -0.05974300
vn -0.99772200 -0.00804500 -0.06697400
vn -0.93174200 -0.00275200 0.36310900
vn -0.92733500 0.00104500 0.37423000
vn -0.93173200 -0.00274400 0.36313700
vn -0.93597600 -0.00656400 0.35200200
vn -0.68763900 -0.00185300 0.72605000
vn -0.68239700 0.00040000 0.73098200
vn -0.68759800 -0.00183600 0.72608900
vn -0.69276500 -0.00408500 0.72115200
vn -0.31198900 -0.00045900 0.95008600
vn -0.30968400 0.00029400 0.95084000
vn -0.41401200 -0.00156100 -0.91027000
vn -0.41401200 -0.00156100 -0.91027000
vn -0.41401200 -0.00156100 -0.91027000
vn -0.41401200 -0.00156100 -0.91027000
vn -0.41401200 -0.00156100 -0.91027000
vn -0.41401200 -0.00156100 -0.91027000
vn 0.09661200 0.00036500 -0.99532200
vn 0.09660900 0.00036100 -0.99532200
vn 0.09661200 0.00036500 -0.99532200
vn 0.09661200 0.00036500 -0.99532200
vn 0.09660900 0.00036100 -0.99532200
vn 0.09660900 0.00036100 -0.99532200
vn 0.58132400 0.00217000 -0.81366900
vn 0.58132400 0.00217000 -0.81366900
vn 0.58131200 0.00216100 -0.81367800
vn 0.58132400 0.00217000 -0.81366900
vn 0.58131200 0.00216100 -0.81367800
vn 0.58131200 0.00216100 -0.81367800
vn 0.91027500 0.00339200 -0.41399100
vn 0.91029600 0.00344700 -0.41394400
vn 0.91027500 0.00339200 -0.41399100
vn 0.91029600 0.00344700 -0.41394400
vn 0.91027500 0.00339200 -0.41399100
vn 0.91029600 0.00344700 -0.41394400
vn 0.99531800 0.00377100 0.09658200
vn 0.99531800 0.00377100 0.09658200
vn 0.99531700 0.00376600 0.09658900
vn 0.99531800 0.00377100 0.09658200
vn 0.99531700 0.00376600 0.09658900
vn 0.99531700 0.00376600 0.09658900
vn 0.81363800 0.00307800 0.58136400
vn 0.81363800 0.00307800 0.58136400
vn 0.81364800 0.00308400 0.58134900
vn 0.81363800 0.00307800 0.58136400
vn 0.81364800 0.00308400 0.58134900
vn 0.81364800 0.00308400 0.58134900
vn 0.41397700 0.00156900 0.91028600
vn 0.41397700 0.00156900 0.91028600
vn 0.41397200 0.00156000 0.91028800
vn 0.41397700 0.00156900 0.91028600
vn 0.41397200 0.00156000 0.91028800
vn 0.41397200 0.00156000 0.91028800
vn -0.09661100 -0.00036400 0.99532200
vn -0.09661100 -0.00036400 0.99532200
vn -0.09661900 -0.00036500 0.99532100
vn -0.09661100 -0.00036400 0.99532200
vn -0.09661900 -0.00036500 0.99532100
vn -0.09661900 -0.00036500 0.99532100
vn -0.58129100 -0.00218900 0.81369300
vn -0.58129100 -0.00218900 0.81369300
vn -0.58129600 -0.00220200 0.81368900
vn -0.58129100 -0.00218900 0.81369300
vn -0.58129600 -0.00220200 0.81368900
vn -0.58129600 -0.00220200 0.81368900
vn -0.91026900 -0.00344700 0.41400200
vn -0.91026900 -0.00344700 0.41400200
vn -0.91027600 -0.00343300 0.41398800
vn -0.91027600 -0.00343300 0.41398800
vn -0.91026900 -0.00344700 0.41400200
vn -0.91027600 -0.00343300 0.41398800
vn -0.99531200 -0.00375200 -0.09664200
vn -0.99531200 -0.00375500 -0.09664500
vn -0.99531200 -0.00375200 -0.09664200
vn -0.99531200 -0.00375500 -0.09664500
vn -0.99531200 -0.00375200 -0.09664200
vn -0.99531200 -0.00375500 -0.09664500
vn -0.81364400 -0.00306600 -0.58135500
vn -0.81364400 -0.00306600 -0.58135500
vn -0.81365500 -0.00307300 -0.58134000
vn -0.81364400 -0.00306600 -0.58135500
vn -0.81365500 -0.00307300 -0.58134000
vn -0.81365500 -0.00307300 -0.58134000
vn -0.41396300 -0.00155800 -0.91029200
vn -0.41396900 -0.00156200 -0.91029000
vn -0.41396300 -0.00155800 -0.91029200
vn -0.41396900 -0.00156200 -0.91029000
vn -0.41396300 -0.00155800 -0.91029200
vn -0.41396900 -0.00156200 -0.91029000
vn 0.09661000 0.00036400 -0.99532200
vn 0.09661000 0.00036400 -0.99532200
vn 0.09661400 0.00036500 -0.99532200
vn 0.09661000 0.00036400 -0.99532200
vn 0.09661400 0.00036500 -0.99532200
vn 0.09661400 0.00036500 -0.99532200
vn 0.58135600 0.00219300 -0.81364600
vn 0.58132000 0.00215500 -0.81367200
vn 0.58135600 0.00219300 -0.81364600
vn 0.58132000 0.00215500 -0.81367200
vn 0.58135600 0.00219300 -0.81364600
vn 0.58132000 0.00215500 -0.81367200
vn 0.91026600 0.00337500 -0.41401100
vn 0.91028800 0.00343200 -0.41396100
vn 0.91026600 0.00337500 -0.41401100
vn 0.91028800 0.00343200 -0.41396100
vn 0.91026600 0.00337500 -0.41401100
vn 0.91028800 0.00343200 -0.41396100
vn 0.99531700 0.00374800 0.09659200
vn 0.99531700 0.00374800 0.09659200
vn 0.99531700 0.00377400 0.09659500
vn 0.99531700 0.00374800 0.09659200
vn 0.99531700 0.00377400 0.09659500
vn 0.99531700 0.00377400 0.09659500
vn 0.81364500 0.00308600 0.58135300
vn 0.81364300 0.00308200 0.58135700
vn 0.81364500 0.00308600 0.58135300
vn 0.81364300 0.00308200 0.58135700
vn 0.81364500 0.00308600 0.58135300
vn 0.81364300 0.00308200 0.58135700
vn 0.41403000 0.00157300 0.91026200
vn 0.41403000 0.00157300 0.91026200
vn 0.41401800 0.00156700 0.91026800
vn 0.41403000 0.00157300 0.91026200
vn 0.41401800 0.00156700 0.91026800
vn 0.41401800 0.00156700 0.91026800
vn -0.09660700 -0.00036600 0.99532300
vn -0.09660700 -0.00036600 0.99532300
vn -0.09660800 -0.00036200 0.99532200
vn -0.09660700 -0.00036600 0.99532300
vn -0.09660800 -0.00036200 0.99532200
vn -0.09660800 -0.00036200 0.99532200
vn -0.58132000 -0.00220400 0.81367200
vn -0.58132000 -0.00220400 0.81367200
vn -0.58131600 -0.00220400 0.81367500
vn -0.58132000 -0.00220400 0.81367200
vn -0.58131600 -0.00220400 0.81367500
vn -0.58131600 -0.00220400 0.81367500
vn -0.91026900 -0.00345300 0.41400300
vn -0.91026900 -0.00345300 0.41400300
vn -0.91028900 -0.00338000 0.41396000
vn -0.91026900 -0.00345300 0.41400300
vn -0.91028900 -0.00338000 0.41396000
vn -0.91028900 -0.00338000 0.41396000
vn -0.99531200 -0.00369300 -0.09664400
vn -0.99531700 -0.00374800 -0.09659100
vn -0.99531200 -0.00369300 -0.09664400
vn -0.99531700 -0.00374800 -0.09659100
vn -0.99531200 -0.00369300 -0.09664400
vn -0.99531700 -0.00374800 -0.09659100
vn -0.81366400 -0.00306600 -0.58132800
vn -0.81366400 -0.00306600 -0.58132800
vn -0.81367400 -0.00306600 -0.58131300
vn -0.81366400 -0.00306600 -0.58132800
vn -0.81367400 -0.00306600 -0.58131300
vn -0.81367400 -0.00306600 -0.58131300
vn -0.41399900 -0.00156200 -0.91027600
vn -0.41399900 -0.00156200 -0.91027600
vn -0.41396700 -0.00153500 -0.91029100
vn -0.41396700 -0.00153500 -0.91029100
vn -0.41399900 -0.00156200 -0.91027600
vn -0.41396700 -0.00153500 -0.91029100
vn 0.09660900 0.00035900 -0.99532200
vn 0.09661400 0.00036400 -0.99532200
vn 0.09660900 0.00035900 -0.99532200
vn 0.09660900 0.00035900 -0.99532200
vn 0.09661400 0.00036400 -0.99532200
vn 0.09661400 0.00036400 -0.99532200
vn 0.58129600 0.00219000 -0.81369000
vn 0.58129600 0.00219000 -0.81369000
vn 0.58129600 0.00219300 -0.81369000
vn 0.58129600 0.00219000 -0.81369000
vn 0.58129600 0.00219300 -0.81369000
vn 0.58129600 0.00219300 -0.81369000
vn 0.91027100 0.00343300 -0.41399900
vn 0.91027100 0.00343800 -0.41399800
vn 0.91027100 0.00343300 -0.41399900
vn 0.91027100 0.00343800 -0.41399800
vn 0.91027100 0.00343300 -0.41399900
vn 0.91027100 0.00343800 -0.41399800
vn 0.99531100 0.00375700 0.09665000
vn 0.99531200 0.00375200 0.09664300
vn 0.99531100 0.00375700 0.09665000
vn 0.99531200 0.00375200 0.09664300
vn 0.99531100 0.00375700 0.09665000
vn 0.99531200 0.00375200 0.09664300
vn 0.81364400 0.00306800 0.58135500
vn 0.81366000 0.00303600 0.58133400
vn 0.81364400 0.00306800 0.58135500
vn 0.81366000 0.00303600 0.58133400
vn 0.81364400 0.00306800 0.58135500
vn 0.81366000 0.00303600 0.58133400
vn 0.41401800 0.00154500 0.91026700
vn 0.41399600 0.00156900 0.91027700
vn 0.41401800 0.00154500 0.91026700
vn 0.41399600 0.00156900 0.91027700
vn 0.41401800 0.00154500 0.91026700
vn 0.41399600 0.00156900 0.91027700
vn -0.09660400 -0.00036700 0.99532300
vn -0.09660400 -0.00036700 0.99532300
vn -0.09661400 -0.00035900 0.99532200
vn -0.09660400 -0.00036700 0.99532300
vn -0.09661400 -0.00035900 0.99532200
vn -0.09661400 -0.00035900 0.99532200
vn -0.58132200 -0.00215300 0.81367100
vn -0.58128700 -0.00219100 0.81369500
vn -0.58132200 -0.00215300 0.81367100
vn -0.58132200 -0.00215300 0.81367100
vn -0.58128700 -0.00219100 0.81369500
vn -0.58128700 -0.00219100 0.81369500
vn -0.91029200 -0.00343300 0.41395200
vn -0.91028100 -0.00342800 0.41397700
vn -0.91029200 -0.00343300 0.41395200
vn -0.91028100 -0.00342800 0.41397700
vn -0.91029200 -0.00343300 0.41395200
vn -0.91028100 -0.00342800 0.41397700
vn -0.99531800 -0.00375700 -0.09658000
vn -0.99531800 -0.00375700 -0.09658000
vn -0.99531600 -0.00375000 -0.09660400
vn -0.99531800 -0.00375700 -0.09658000
vn -0.99531600 -0.00375000 -0.09660400
vn -0.99531600 -0.00375000 -0.09660400
vn -0.81365100 -0.00306400 -0.58134500
vn -0.81365100 -0.00306400 -0.58134500
vn -0.81364200 -0.00306900 -0.58135800
vn -0.81365100 -0.00306400 -0.58134500
vn -0.81364200 -0.00306900 -0.58135800
vn -0.81364200 -0.00306900 -0.58135800
vn -0.41401200 -0.00155900 -0.91027000
vn -0.41401200 -0.00155900 -0.91027000
vn -0.41401800 -0.00156700 -0.91026800
vn -0.41401800 -0.00156700 -0.91026800
vn -0.41401200 -0.00155900 -0.91027000
vn -0.41401800 -0.00156700 -0.91026800
vn 0.09660700 0.00036600 -0.99532300
vn 0.09661100 0.00036800 -0.99532200
vn 0.09660700 0.00036600 -0.99532300
vn 0.09660700 0.00036600 -0.99532300
vn 0.09661100 0.00036800 -0.99532200
vn 0.09661100 0.00036800 -0.99532200
vn 0.58131000 0.00219700 -0.81367900
vn 0.58131000 0.00219700 -0.81367900
vn 0.58131400 0.00220000 -0.81367600
vn 0.58131000 0.00219700 -0.81367900
vn 0.58131400 0.00220000 -0.81367600
vn 0.58131400 0.00220000 -0.81367600
vn 0.91029100 0.00344700 -0.41395600
vn 0.91029100 0.00344700 -0.41395600
vn 0.91027100 0.00339600 -0.41399900
vn 0.91029100 0.00344700 -0.41395600
vn 0.91027100 0.00339600 -0.41399900
vn 0.91027100 0.00339600 -0.41399900
vn 0.99531700 0.00371400 0.09659200
vn 0.99531300 0.00375700 0.09663300
vn 0.99531700 0.00371400 0.09659200
vn 0.99531700 0.00371400 0.09659200
vn 0.99531300 0.00375700 0.09663300
vn 0.99531300 0.00375700 0.09663300
vn 0.81368300 0.00307200 0.58130100
vn 0.81365600 0.00307900 0.58133900
vn 0.81368300 0.00307200 0.58130100
vn 0.81365600 0.00307900 0.58133900
vn 0.81368300 0.00307200 0.58130100
vn 0.81365600 0.00307900 0.58133900
vn 0.41396700 0.00156700 0.91029100
vn 0.41397100 0.00155900 0.91028900
vn 0.41396700 0.00156700 0.91029100
vn 0.41397100 0.00155900 0.91028900
vn 0.41396700 0.00156700 0.91029100
vn 0.41397100 0.00155900 0.91028900
vn -0.09661200 -0.00036500 0.99532200
vn -0.09661200 -0.00036500 0.99532200
vn -0.09660700 -0.00036400 0.99532300
vn -0.09660700 -0.00036400 0.99532300
vn -0.09661200 -0.00036500 0.99532200
vn -0.09660700 -0.00036400 0.99532300
vn -0.58132900 -0.00219600 0.81366500
vn -0.58132900 -0.00219600 0.81366500
vn -0.58130500 -0.00219400 0.81368300
vn -0.58132900 -0.00219600 0.81366500
vn -0.58130500 -0.00219400 0.81368300
vn -0.58130500 -0.00219400 0.81368300
vn -0.91026900 -0.00344600 0.41400200
vn -0.91029800 -0.00338000 0.41393900
vn -0.91026900 -0.00344600 0.41400200
vn -0.91029800 -0.00338000 0.41393900
vn -0.91026900 -0.00344600 0.41400200
vn -0.91029800 -0.00338000 0.41393900
vn -0.99531200 -0.00369500 -0.09664400
vn -0.99531200 -0.00369500 -0.09664400
vn -0.99531700 -0.00374800 -0.09658800
vn -0.99531200 -0.00369500 -0.09664400
vn -0.99531700 -0.00374800 -0.09658800
vn -0.99531700 -0.00374800 -0.09658800
vn -0.81364800 -0.00306800 -0.58135000
vn -0.81364800 -0.00306800 -0.58135000
vn -0.81363500 -0.00306100 -0.58136800
vn -0.81363500 -0.00306100 -0.58136800
vn -0.81364800 -0.00306800 -0.58135000
vn -0.81363500 -0.00306100 -0.58136800
vn -0.81691000 -0.00307100 -0.57675600
vn -0.81700400 -0.00308400 -0.57662300
vn 0.00386400 -0.99999300 -0.00002800
vn 0.00383100 -0.99999300 0.00004300
vn 0.00386400 -0.99999300 -0.00002800
vn 0.00383300 -0.99999300 -0.00010200
vn 0.00390300 -0.99999200 0.00008000
vn 0.00377500 -0.99999300 -0.00006100
vn 0.00383100 -0.99999300 0.00004300
vn 0.00386400 -0.99999300 -0.00002800
vn 0.00356400 -0.99999400 -0.00020800
vn 0.00390300 -0.99999200 0.00008000
vn 0.00417700 -0.99999100 -0.00017800
vn 0.00390300 -0.99999200 0.00008000
vn 0.00377500 -0.99999300 -0.00006100
vn 0.00383100 -0.99999300 0.00004300
vn 0.00377500 -0.99999300 -0.00006100
vn -0.17540300 -0.70636000 -0.68577700
vn -0.05113200 -0.70590600 -0.70645800
vn 0.19129800 -0.70501300 -0.68290700
vn 0.30925700 -0.70457200 -0.63870100
vn 0.50750100 -0.70381900 -0.49707300
vn 0.58757200 -0.70349900 -0.39981200
vn 0.68840800 -0.70312000 -0.17809100
vn 0.70909800 -0.70305400 -0.05380500
vn 0.68555200 -0.70315000 0.18867600
vn 0.64135700 -0.70331700 0.30660400
vn 0.49973700 -0.70384900 0.50483600
vn 0.40246400 -0.70420900 0.58490300
vn 0.18072500 -0.70503600 0.68575700
vn 0.05643700 -0.70549900 0.70646100
vn -0.18600600 -0.70640800 0.68292700
vn -0.30397700 -0.70684900 0.63872000
vn -0.50218900 -0.70759500 0.49710700
vn -0.58225900 -0.70789400 0.39982700
vn -0.68311600 -0.70826600 0.17807800
vn -0.70380600 -0.70835100 0.05380300
vn -0.68027400 -0.70826800 -0.18863600
vn -0.63604000 -0.70810900 -0.30665000
vn -0.49444300 -0.70756900 -0.50484800
vn -0.39715900 -0.70719700 -0.58492500
vn -0.82933400 -0.00316400 -0.55874400
vn -0.84549800 -0.02412700 -0.53343400
vn -0.85429800 -0.01717100 -0.51950000
vn -0.88536900 -0.01380900 -0.46468400
vn -0.87108000 -0.00328300 -0.49113100
vn -0.98938900 -0.00369300 -0.14524400
vn -0.96629000 -0.00363400 -0.25743100
vn -0.96625400 -0.00364700 -0.25756700
vn -0.93099300 -0.00349800 -0.36502100
vn -0.90324300 -0.00340700 -0.42911700
vn -0.52845800 -0.00198800 0.84895700
vn -0.52845600 -0.00198900 0.84895800
vn -0.88194200 -0.00332000 0.47134700
vn -0.88194200 -0.00332000 0.47134700
vn -0.88194200 -0.00331800 0.47134600
vn -0.88194200 -0.00332000 0.47134700
vn -0.88194200 -0.00331800 0.47134600
vn -0.88194200 -0.00331800 0.47134600
vn -0.99946500 -0.00376100 -0.03248700
vn -0.99946400 -0.00375700 -0.03251200
vn 0.00378800 -0.99999300 -0.00000300
vn 0.00378800 -0.99999300 -0.00000300
vn 0.00373200 -0.99999300 -0.00000400
vn 0.00377700 -0.99999300 0.00000600
vn 0.00378800 -0.99999300 -0.00000300
vn 0.00373200 -0.99999300 -0.00000400
vn 0.00377700 -0.99999300 0.00000600
vn 0.00376100 -0.99999300 0.00000900
vn 0.00373200 -0.99999300 -0.00000400
vn 0.00376100 -0.99999300 0.00000900
vn 0.00377700 -0.99999300 0.00000600
vn 0.00376100 -0.99999300 0.00000900
vn -0.17541700 -0.70636200 -0.68577100
vn -0.05113300 -0.70589100 -0.70647300
vn 0.19133600 -0.70497000 -0.68294100
vn 0.30933200 -0.70451200 -0.63873000
vn 0.50753300 -0.70375200 -0.49713500
vn 0.58758500 -0.70346400 -0.39985300
vn 0.68842200 -0.70310900 -0.17808100
vn 0.70910900 -0.70304400 -0.05378900
vn 0.68559600 -0.70311700 0.18863900
vn 0.64137700 -0.70327900 0.30665100
vn 0.49974300 -0.70382900 0.50485900
vn 0.40246300 -0.70421000 0.58490300
vn 0.18071000 -0.70503600 0.68576100
vn 0.05642900 -0.70549800 0.70646200
vn -0.18602200 -0.70640900 0.68292200
vn -0.30398100 -0.70684900 0.63871700
vn -0.50218600 -0.70760000 0.49710300
vn -0.58226200 -0.70789500 0.39981900
vn -0.68311800 -0.70827300 0.17804200
vn -0.70380100 -0.70835600 0.05381300
vn -0.68025100 -0.70827500 -0.18869100
vn -0.63605000 -0.70811900 -0.30660800
vn -0.49443700 -0.70757200 -0.50484900
vn -0.39715800 -0.70720100 -0.58492000
vn -0.86402000 -0.03330700 0.50235500
vn -0.87851900 -0.00330900 0.47769600
vn -0.90440100 -0.00340700 0.42667000
vn -0.81656800 -0.06320500 0.57377900
vn -0.71992200 -0.06283600 0.69120500
vn -0.71993800 -0.06289300 0.69118300
vn -0.78248400 -0.06302000 0.61947300
vn -0.74731800 -0.00280300 0.66446100
vn -0.72146400 -0.00270600 0.69244600
vn -0.66592900 -0.04255700 0.74480100
vn -0.62245400 -0.03238700 0.78198600
vn -0.63771200 -0.00240500 0.77027100
vn -0.99690900 -0.00376100 0.07847700
vn -0.99691000 -0.00375400 0.07846700
vn -0.99163700 -0.00374100 0.12900400
vn -0.98379200 -0.00370400 0.17927700
vn -0.96052500 -0.00361300 0.27817100
vn -0.94513200 -0.00356400 0.32667000
vn -0.88958800 -0.04345100 0.45469200
vn -0.81827700 -0.00304600 0.57481600
vn -0.26873700 -0.00101100 0.96321300
vn -0.26873600 -0.00101200 0.96321300
vn -0.31731200 -0.00119600 0.94832100
vn -0.36513600 -0.00137600 0.93095300
vn -0.45770600 -0.00172700 0.88910200
vn -0.50238300 -0.00189500 0.86464300
vn -0.50234900 -0.00189000 0.86466300
vn -0.54561400 -0.00205900 0.83803400
vn -0.59263300 -0.00223500 0.80546900
vn -0.93472200 -0.00351700 0.35536100
vn -0.93473200 -0.00351400 0.35533500
vn -0.63216600 -0.00237600 0.77483000
vn -0.63216600 -0.00237600 0.77483000
vn -0.63215900 -0.00238000 0.77483500
vn -0.63215900 -0.00238000 0.77483500
vn -0.63216600 -0.00237600 0.77483000
vn -0.63215900 -0.00238000 0.77483500
vn -0.16038200 -0.00060400 0.98705500
vn -0.16037500 -0.00060500 0.98705600
vn -0.04773100 -0.00014900 0.99886000
vn 0.06680000 0.00025200 0.99776600
vn 0.33890800 -0.05551500 0.93918000
vn 0.31442800 0.00118500 0.94928000
vn 0.24739200 0.00093300 0.96891500
vn 0.30432800 -0.04151000 0.95166200
vn 0.33270100 0.00125300 0.94303100
vn 0.35973000 -0.08373000 0.92929200
vn 0.00380100 -0.99999300 -0.00006500
vn 0.00373700 -0.99999300 0.00015500
vn 0.00364100 -0.99999300 0.00011800
vn 0.00407900 -0.99999200 0.00019700
vn 0.00372200 -0.99999300 0.00015900
vn 0.00380100 -0.99999300 -0.00006500
vn 0.00364100 -0.99999300 0.00011800
vn 0.00364100 -0.99999300 0.00011800
vn 0.00380100 -0.99999300 -0.00006500
vn 0.00355900 -0.99999400 -0.00010500
vn 0.00355900 -0.99999400 -0.00010500
vn 0.00387200 -0.99999200 -0.00021700
vn 0.00355900 -0.99999400 -0.00010500
vn 0.00387200 -0.99999200 -0.00021700
vn 0.00387200 -0.99999200 -0.00021700
vn 0.40880000 0.00154000 0.91262300
vn 0.40878600 0.00153800 0.91262900
vn 0.00374800 -0.99999300 -0.00000100
vn 0.00376600 -0.99999300 -0.00000200
vn 0.00372900 -0.99999300 -0.00010400
vn 0.00369900 -0.99999300 -0.00003700
vn 0.00375800 -0.99999300 -0.00002700
vn 0.00374500 -0.99999300 -0.00001900
vn 0.00374500 -0.99999300 -0.00003100
vn 0.00379900 -0.99999300 0.00005200
vn 0.00380700 -0.99999300 0.00000700
vn 0.00367600 -0.99999300 -0.00000100
vn 0.00376600 -0.99999300 -0.00000200
vn 0.00382400 -0.99999300 0.00001400
vn 0.00377100 -0.99999300 0.00000900
vn 0.00376600 -0.99999300 0.00000600
vn 0.00384100 -0.99999300 -0.00000100
vn 0.00382400 -0.99999300 0.00001400
vn 0.00374800 -0.99999300 -0.00000100
vn 0.00379700 -0.99999300 -0.00012800
vn 0.00376600 -0.99999300 -0.00000200
vn 0.00376600 -0.99999300 0.00000600
vn 0.00376700 -0.99999300 0.00000400
vn 0.00380700 -0.99999300 0.00000700
vn 0.00376400 -0.99999300 -0.00001000
vn 0.00380700 -0.99999300 0.00000700
vn 0.00367600 -0.99999300 -0.00000100
vn 0.00367600 -0.99999300 -0.00000100
vn 0.00382400 -0.99999300 0.00001400
vn 0.00374500 -0.99999300 -0.00003100
vn 0.00379900 -0.99999300 0.00005200
vn 0.00379900 -0.99999300 0.00005200
vn 0.00377000 -0.99999300 -0.00004200
vn 0.00377500 -0.99999300 -0.00002100
vn 0.00377100 -0.99999300 0.00000900
vn 0.00376300 -0.99999300 -0.00001300
vn 0.00372600 -0.99999300 -0.00004900
vn 0.00377100 -0.99999300 0.00000900
vn 0.00373700 -0.99999300 -0.00006000
vn 0.00374500 -0.99999300 -0.00001900
vn 0.00377000 -0.99999300 -0.00004200
vn 0.00379700 -0.99999300 -0.00012800
vn 0.00379700 -0.99999300 -0.00012800
vn 0.00384100 -0.99999300 -0.00000100
vn 0.00384100 -0.99999300 -0.00000100
vn 0.00374800 -0.99999300 -0.00000100
vn 0.00369900 -0.99999300 -0.00003700
vn 0.00375800 -0.99999300 -0.00002700
vn 0.00369900 -0.99999300 -0.00003700
vn 0.00375800 -0.99999300 -0.00002700
vn 0.00372600 -0.99999300 -0.00004900
vn 0.00374500 -0.99999300 -0.00001900
vn 0.00373700 -0.99999300 -0.00006000
vn 0.00372600 -0.99999300 -0.00004900
vn 0.00373700 -0.99999300 -0.00006000
vn 0.00379200 -0.99999300 0.00001800
vn 0.00379200 -0.99999300 0.00001800
vn 0.00378600 -0.99999300 -0.00004100
vn 0.00379200 -0.99999300 0.00001800
vn 0.00385400 -0.99999300 0.00002400
vn 0.00378600 -0.99999300 -0.00004100
vn 0.00378600 -0.99999300 -0.00004100
vn 0.00385400 -0.99999300 0.00002400
vn 0.00376400 -0.99999300 -0.00001000
vn 0.00376400 -0.99999300 -0.00001000
vn 0.00376700 -0.99999300 0.00000400
vn 0.00385400 -0.99999300 0.00002400
vn 0.00376600 -0.99999300 0.00000600
vn 0.00372900 -0.99999300 -0.00010400
vn 0.00376700 -0.99999300 0.00000400
vn 0.00372900 -0.99999300 -0.00010400
vn 0.00374500 -0.99999300 -0.00003100
vn 0.00376000 -0.99999300 0.00004800
vn 0.00376000 -0.99999300 0.00004800
vn 0.00377500 -0.99999300 -0.00002100
vn 0.00376300 -0.99999300 -0.00001300
vn 0.00376000 -0.99999300 0.00004800
vn 0.00377500 -0.99999300 -0.00002100
vn 0.00376300 -0.99999300 -0.00001300
vn 0.00377000 -0.99999300 -0.00004200
vn 0.00377100 -0.99999300 -0.00000200
vn 0.00373400 -0.99999300 0.00001200
vn 0.00376100 -0.99999300 0.00000100
vn 0.00372200 -0.99999300 -0.00000600
vn 0.00360700 -0.99999300 -0.00007500
vn 0.00377100 -0.99999300 -0.00000200
vn 0.00378300 -0.99999300 -0.00010900
vn 0.00374700 -0.99999300 0.00016300
vn 0.00377300 -0.99999300 0.00000100
vn 0.00376300 -0.99999300 0.00001100
vn 0.00371600 -0.99999300 -0.00002900
vn 0.00378500 -0.99999300 0.00001100
vn 0.00376300 -0.99999300 -0.00001000
vn 0.00375700 -0.99999300 -0.00003500
vn 0.00388200 -0.99999200 0.00005400
vn 0.00360700 -0.99999300 -0.00007500
vn 0.00377100 -0.99999300 -0.00000200
vn 0.00376600 -0.99999300 -0.00000600
vn 0.00372500 -0.99999300 -0.00002800
vn 0.00376100 -0.99999300 0.00000100
vn 0.00376600 -0.99999300 -0.00000600
vn 0.00376300 -0.99999300 -0.00001000
vn 0.00376300 -0.99999300 -0.00001000
vn 0.00376300 -0.99999300 0.00001100
vn 0.00376700 -0.99999300 -0.00000900
vn 0.00375100 -0.99999300 -0.00001400
vn 0.00375700 -0.99999300 -0.00003500
vn 0.00375700 -0.99999300 -0.00003500
vn 0.00374700 -0.99999300 0.00016300
vn 0.00383400 -0.99999300 0.00003000
vn 0.00378500 -0.99999300 0.00001100
vn 0.00371600 -0.99999300 -0.00002900
vn 0.00375000 -0.99999300 0.00000500
vn 0.00383400 -0.99999300 0.00003000
vn 0.00383400 -0.99999300 0.00003000
vn 0.00375000 -0.99999300 0.00000500
vn 0.00388200 -0.99999200 0.00005400
vn 0.00360700 -0.99999300 -0.00007500
vn 0.00388200 -0.99999200 0.00005400
vn 0.00372500 -0.99999300 -0.00002800
vn 0.00377300 -0.99999300 0.00000100
vn 0.00372500 -0.99999300 -0.00002800
vn 0.00378500 -0.99999300 0.00001100
vn 0.00375000 -0.99999300 0.00000500
vn 0.00376600 -0.99999300 -0.00000600
vn 0.00376700 -0.99999300 0.00000100
vn 0.00372300 -0.99999300 0.00001200
vn 0.00396500 -0.99999200 -0.00017900
vn 0.00396500 -0.99999200 -0.00017900
vn 0.00396500 -0.99999200 -0.00017900
vn 0.00372300 -0.99999300 0.00001200
vn 0.00377700 -0.99999300 0.00002700
vn 0.00377700 -0.99999300 0.00002700
vn 0.00375100 -0.99999300 -0.00001400
vn 0.00375100 -0.99999300 -0.00001400
vn 0.00377700 -0.99999300 0.00002700
vn 0.00376700 -0.99999300 -0.00000900
vn 0.00376300 -0.99999300 0.00001100
vn 0.00376700 -0.99999300 -0.00000900
vn 0.00382300 -0.99999300 0.00002400
vn 0.00382300 -0.99999300 0.00002400
vn 0.00373400 -0.99999300 0.00001200
vn 0.00373400 -0.99999300 0.00001200
vn 0.00382300 -0.99999300 0.00002400
vn 0.00372200 -0.99999300 -0.00000600
vn 0.00376100 -0.99999300 0.00000100
vn 0.00378300 -0.99999300 -0.00010900
vn 0.00372200 -0.99999300 -0.00000600
vn 0.00374700 -0.99999300 0.00016300
vn 0.00378300 -0.99999300 -0.00010900
vn 0.00377300 -0.99999300 0.00000100
vn 0.00371600 -0.99999300 -0.00002900
vn 0.00376700 -0.99999300 0.00000100
vn 0.00372300 -0.99999300 0.00001200
vn 0.00376700 -0.99999300 0.00000100
vn 0.81699500 0.00307100 0.57663600
vn 0.81702200 0.00308000 0.57659900
vn 0.00369700 -0.99999300 0.00000000
vn 0.00370500 -0.99999300 -0.00005700
vn 0.00370500 -0.99999300 -0.00005700
vn 0.00365300 -0.99999300 -0.00008300
vn 0.00354000 -0.99999400 -0.00005900
vn 0.00369700 -0.99999300 0.00000000
vn 0.00370500 -0.99999300 -0.00005700
vn 0.00376700 -0.99999300 0.00012000
vn 0.00354000 -0.99999400 -0.00005900
vn 0.00354000 -0.99999400 -0.00005900
vn 0.00376700 -0.99999300 0.00012000
vn 0.00376700 -0.99999300 0.00012000
vn 0.00365300 -0.99999300 -0.00008300
vn 0.00369700 -0.99999300 0.00000000
vn 0.00365300 -0.99999300 -0.00008300
vn -0.68312000 -0.70826200 0.17807700
vn -0.70384100 -0.70831600 0.05382000
vn -0.68030900 -0.70822300 -0.18867900
vn -0.63611200 -0.70804900 -0.30664000
vn -0.49446900 -0.70751700 -0.50489700
vn -0.39717400 -0.70716000 -0.58495900
vn -0.17546200 -0.70633600 -0.68578600
vn -0.05113500 -0.70590000 -0.70646400
vn 0.19129200 -0.70501000 -0.68291200
vn 0.30928100 -0.70456500 -0.63869700
vn 0.50751300 -0.70379000 -0.49710200
vn 0.58760100 -0.70346700 -0.39982400
vn 0.68845700 -0.70307900 -0.17806400
vn 0.70913700 -0.70301400 -0.05382000
vn 0.68559500 -0.70310400 0.18869200
vn 0.64138400 -0.70328600 0.30662000
vn 0.49974300 -0.70383000 0.50485700
vn 0.40248400 -0.70420200 0.58489800
vn 0.18076700 -0.70503900 0.68574300
vn 0.05645900 -0.70550000 0.70645700
vn -0.18600400 -0.70641000 0.68292600
vn -0.30397600 -0.70685000 0.63871900
vn -0.50220500 -0.70760200 0.49708200
vn -0.58228400 -0.70789200 0.39979400
vn -0.68313000 -0.70825500 0.17806800
vn -0.70382700 -0.70833300 0.05378100
vn -0.68028400 -0.70825000 -0.18866800
vn -0.63604700 -0.70809500 -0.30667000
vn -0.49446600 -0.70756300 -0.50483500
vn -0.39716800 -0.70719200 -0.58492400
vn -0.17544100 -0.70635000 -0.68577700
vn -0.05115000 -0.70589700 -0.70646500
vn 0.19134100 -0.70500900 -0.68289900
vn 0.30926000 -0.70456700 -0.63870500
vn 0.50749700 -0.70379300 -0.49711400
vn 0.58758000 -0.70346700 -0.39985500
vn 0.68845000 -0.70308200 -0.17807800
vn 0.70912400 -0.70302800 -0.05380700
vn 0.68557700 -0.70313400 0.18864200
vn 0.64134400 -0.70331900 0.30662800
vn 0.49976400 -0.70385000 0.50480800
vn 0.40245600 -0.70420500 0.58491400
vn 0.18072400 -0.70504400 0.68574900
vn 0.05647300 -0.70550300 0.70645400
vn -0.18600300 -0.70640400 0.68293200
vn -0.30397400 -0.70685000 0.63871900
vn -0.50218700 -0.70759400 0.49711100
vn -0.58228300 -0.70788100 0.39981300
vn 0.82933100 0.00312300 0.55875000
vn 0.84565300 -0.01774300 0.53343900
vn 0.85440300 -0.01072900 0.51950100
vn 0.88542700 -0.00715100 0.46472400
vn 0.87107700 0.00327600 0.49113600
vn 0.98939500 0.00373300 0.14520100
vn 0.96625400 0.00363500 0.25756600
vn 0.96629000 0.00365100 0.25743000
vn 0.93099400 0.00351400 0.36501700
vn 0.90324200 0.00339800 0.42911700
vn 0.52845700 0.00199300 -0.84895800
vn 0.52842600 0.00198700 -0.84897700
vn 0.88195000 0.00331700 -0.47133200
vn 0.88195000 0.00331700 -0.47133200
vn 0.88196600 0.00332700 -0.47130200
vn 0.88195000 0.00331700 -0.47133200
vn 0.88196600 0.00332700 -0.47130200
vn 0.88196600 0.00332700 -0.47130200
vn 0.99946500 0.00377000 0.03249700
vn 0.99946400 0.00377100 0.03250800
vn 0.35527700 0.00133900 0.93476000
vn 0.35528700 0.00133800 0.93475600
vn 0.77483700 0.00291700 0.63215400
vn 0.77483700 0.00291700 0.63215400
vn 0.77484300 0.00291300 0.63214600
vn 0.77484300 0.00291300 0.63214600
vn 0.77483700 0.00291700 0.63215400
vn 0.77484300 0.00291300 0.63214600
vn 0.98705800 0.00371100 0.16031900
vn 0.98705300 0.00371600 0.16034900
vn 0.99892000 0.00375600 0.04631300
vn 0.99755100 0.00375400 -0.06984600
vn 0.97119300 0.00366700 -0.23826500
vn 0.95631900 0.00360000 -0.29230400
vn 0.91769700 0.00344500 -0.39726500
vn 0.89397800 0.00337000 -0.44809800
vn 0.83831600 0.00315700 -0.54517500
vn 0.80645200 0.00305000 -0.59129100
vn 0.73534300 0.00278300 -0.67769000
vn 0.69621700 0.00261900 -0.71782600
vn 0.61166700 0.00231100 -0.79111200
vn 0.56638200 0.00213200 -0.82414000
vn 0.47076800 0.00177100 -0.88225500
vn 0.42059700 0.00158200 -0.90724600
vn 0.26038700 0.00100400 -0.96550400
vn 0.14665400 0.00053100 -0.98918800
vn -0.84896300 -0.00319500 -0.52844300
vn -0.84899100 -0.00320500 -0.52839700
vn -0.47130000 -0.00177800 -0.88197100
vn -0.47130000 -0.00177800 -0.88197100
vn -0.47128200 -0.00177500 -0.88198100
vn -0.47130000 -0.00177800 -0.88197100
vn -0.47128200 -0.00177500 -0.88198100
vn -0.47128200 -0.00177500 -0.88198100
vn 0.03248600 0.00012300 -0.99947200
vn 0.03248600 0.00012200 -0.99947200
vn 0.93473600 0.00351800 -0.35532600
vn 0.93474800 0.00352600 -0.35529300
vn 0.63214900 0.00238400 -0.77484300
vn 0.63214900 0.00238400 -0.77484300
vn 0.63213500 0.00238000 -0.77485500
vn 0.63214900 0.00238400 -0.77484300
vn 0.63213500 0.00238000 -0.77485500
vn 0.63213500 0.00238000 -0.77485500
vn 0.16038200 0.00060400 -0.98705500
vn 0.16038000 0.00060300 -0.98705500
vn 0.04777500 0.00020000 -0.99885800
vn -0.06679500 -0.00027900 -0.99776700
vn -0.33846400 -0.05801800 -0.93918900
vn -0.31442400 -0.00118300 -0.94928200
vn -0.24739200 -0.00093100 -0.96891500
vn -0.30400800 -0.04380400 -0.95166200
vn -0.33270700 -0.00126800 -0.94302900
vn -0.35909300 -0.08644600 -0.92928900
vn 0.00369600 -0.99999300 -0.00013100
vn 0.00384200 -0.99999300 0.00005600
vn 0.00362300 -0.99999300 0.00009800
vn 0.00360300 -0.99999300 -0.00035300
vn 0.00371700 -0.99999300 -0.00013800
vn 0.00384200 -0.99999300 0.00005600
vn 0.00362300 -0.99999300 0.00009800
vn 0.00384200 -0.99999300 0.00005600
vn 0.00380200 -0.99999300 0.00006000
vn 0.00362300 -0.99999300 0.00009800
vn 0.00380200 -0.99999300 0.00006000
vn 0.00372700 -0.99999300 0.00011700
vn 0.00380200 -0.99999300 0.00006000
vn 0.00372700 -0.99999300 0.00011700
vn 0.00372700 -0.99999300 0.00011700
vn -0.40877200 -0.00153800 -0.91263500
vn -0.40885700 -0.00154600 -0.91259700
vn -0.70618000 -0.70803100 0.00136000
vn -0.70617900 -0.70803300 0.00132600
vn -0.70328100 -0.70953800 -0.04417400
vn -0.66037900 -0.75093200 0.00009500
vn -0.63783200 -0.76940300 0.03449600
vn -0.56365500 -0.82347200 0.06470300
vn -0.86094600 -0.02056900 0.50827900
vn -0.74117300 -0.01154400 0.67121500
vn -0.76007900 -0.00286100 0.64982500
vn -0.51812600 -0.00194600 0.85530200
vn -0.40367500 -0.00151700 0.91490100
vn 0.22018100 0.00082300 0.97545900
vn 0.34395700 0.00129900 0.93898500
vn 0.59835200 -0.00134000 0.80123200
vn 0.57548100 0.00216500 0.81781200
vn 0.75119600 -0.00189900 0.66007600
vn 0.70080600 -0.70353900 0.11791500
vn 0.62472300 -0.77042600 0.12714600
vn 0.57975500 -0.79967500 0.15621800
vn 0.46063600 -0.88277500 0.09232600
vn 0.69802400 -0.70271600 0.13766900
vn 0.69802800 -0.70273400 0.13756000
vn 0.64805900 -0.70388200 0.29080800
vn 0.60404600 -0.70407200 0.37337800
vn 0.48765800 -0.70452200 0.51559600
vn 0.41536900 -0.70480100 0.57508700
vn 0.25342500 -0.70540000 0.66195700
vn 0.16391400 -0.70573700 0.68925100
vn 0.00394500 -0.70538600 0.70881200
vn 0.00401000 -0.70540200 0.70879600
vn -0.13502300 -0.70588100 0.69534200
vn -0.13494900 -0.70587600 0.69536200
vn -0.28811900 -0.70742900 0.64539200
vn -0.37073100 -0.70774600 0.60137700
vn -0.51297200 -0.70827400 0.48498200
vn -0.57245500 -0.70848500 0.41272700
vn -0.65931700 -0.70880900 0.25078300
vn -0.68663200 -0.70890500 0.16121300
vn 0.00126600 -0.70538000 -0.70882800
vn 0.00134500 -0.70539200 -0.70881600
vn 0.04687000 -0.70672900 -0.70593000
vn 0.03484400 -0.70651700 -0.70683800
vn -0.03162500 -0.76714100 -0.64069900
vn -0.03160000 -0.76705900 -0.64079800
vn -0.06151400 -0.82172400 -0.56655600
vn -0.06151400 -0.82172400 -0.56655600
vn -0.97544200 -0.00364600 0.22022400
vn -0.93897800 -0.00353700 0.34395900
vn -0.80122400 -0.00661000 0.59832800
vn -0.81783300 -0.00308100 0.57544700
vn -0.66006000 -0.00722200 0.75117800
vn -0.21354000 -0.69990400 0.68156800
vn -0.12426200 -0.77331700 0.62172300
vn -0.12422500 -0.77331600 0.62173200
vn -0.15319700 -0.80244600 0.57672500
vn -0.08914700 -0.88469800 0.45756200
vn -0.06564100 -0.70727800 0.70388100
vn -0.13498000 -0.70588200 0.69534900
vn -0.13497000 -0.70588000 0.69535400
vn -0.28810500 -0.70740300 0.64542700
vn -0.37073900 -0.70771600 0.60140700
vn -0.51298300 -0.70826200 0.48498700
vn -0.57243300 -0.70850500 0.41272500
vn -0.65931200 -0.70883600 0.25071800
vn -0.68658800 -0.70894000 0.16124900
vn -0.70614800 -0.70806400 0.00127500
vn -0.70615300 -0.70805800 0.00146000
vn -0.70616100 -0.70805000 0.00128400
vn -0.70109300 -0.70979100 -0.06830700
vn -0.68906000 -0.70667700 -0.16063400
vn -0.69263500 -0.70804600 -0.13757600
vn -0.27241400 -0.77321100 -0.57265700
vn -0.20487200 -0.73622000 -0.64498700
vn -0.38503900 -0.75225400 -0.53465800
vn -0.44232700 -0.74239700 -0.50318400
vn -0.52834000 -0.74082700 -0.41476800
vn -0.58606800 -0.74307100 -0.32306300
vn -0.65603100 -0.70747300 -0.26287900
vn -0.15872200 -0.70697600 -0.68919700
vn -0.69537900 -0.70890500 -0.11790500
vn -0.61880000 -0.77519400 -0.12712100
vn -0.57364600 -0.80407500 -0.15618600
vn -0.45406500 -0.88616400 -0.09240300
vn -0.70127400 -0.70960900 -0.06833700
vn -0.70521300 -0.70882600 -0.01548800
vn -0.70517600 -0.70886000 -0.01563600
vn -0.05623100 -0.74075600 0.66941700
vn -0.09757300 -0.77291300 0.62696500
vn -0.19278400 -0.73183900 0.65364100
vn -0.70762500 -0.70083100 0.09002200
vn -0.67907000 -0.70869300 0.19136000
vn -0.64263300 -0.70853100 0.29156000
vn -0.53001700 -0.70810000 0.46655800
vn -0.45390200 -0.70780700 0.54127900
vn -0.45385500 -0.70779900 0.54132800
vn -0.37351800 -0.69956800 0.60917000
vn -0.18585900 -0.73379600 0.65345200
vn -0.01258800 -0.74187900 0.67041600
vn 0.05143000 -0.70126400 0.71104500
vn 0.74406800 0.05888800 0.66550300
vn 0.70019700 0.00261400 0.71394500
vn 0.63549100 0.00247600 0.77210400
vn 0.63543800 0.00238500 0.77214800
vn 0.63549200 0.00247900 0.77210400
vn 0.63543800 0.00238500 0.77214800
vn 0.63543800 0.00238500 0.77214800
vn 0.92646400 0.04606800 -0.37355400
vn 0.98585900 0.07902100 -0.14777300
vn 0.99125900 0.00387100 -0.13187000
vn 0.99351400 0.06021900 0.09645500
vn 0.91416500 0.07233600 0.39883500
vn 0.94737300 0.00352200 0.32011200
vn 0.84705300 0.08764700 0.52423200
vn 0.99531500 0.00374700 0.09661200
vn 0.40368400 0.00152000 -0.91489700
vn 0.51812700 0.00195300 -0.85530100
vn 0.71658300 0.00271100 -0.69749600
vn 0.80041400 0.00301500 -0.59944000
vn -0.17058700 -0.70378600 0.68962700
vn -0.11822500 -0.70654700 0.69772100
vn -0.04156800 -0.70704300 0.70594800
vn 0.00290500 -0.74842400 0.66321500
vn 0.03739500 -0.76687400 0.64070700
vn 0.06777500 -0.82144700 0.56624300
vn 0.50830700 -0.01540100 0.86103800
vn 0.67123600 -0.00621900 0.74121700
vn 0.64982400 0.00244800 0.76008100
vn 0.85529100 0.00322400 0.51813800
vn 0.91489200 0.00343800 0.40368500
vn 0.97544200 0.00367200 -0.22022400
vn 0.93898400 0.00355900 -0.34394100
vn 0.80127700 -0.00056500 -0.59829300
vn 0.81781800 0.00307900 -0.57546900
vn 0.66009300 -0.00220000 -0.75118100
vn 0.12057900 -0.70577900 -0.69809500
vn 0.13004900 -0.77234000 -0.62175400
vn 0.15923700 -0.80128700 -0.57670000
vn 0.09559200 -0.88430200 -0.45702600
vn 0.14029300 -0.70486000 -0.69533500
vn 0.14024000 -0.70486100 -0.69534400
vn 0.29343600 -0.70522800 -0.64540600
vn 0.37606000 -0.70491600 -0.60139300
vn 0.50292200 -0.70348800 -0.50216900
vn 0.50293200 -0.70349300 -0.50215200
vn 0.54866600 -0.70502500 -0.44933800
vn 0.54858300 -0.70512400 -0.44928400
vn 0.56545800 -0.05185600 -0.82314500
vn 0.38226500 -0.05351500 -0.92250200
vn 0.21609800 0.00078200 -0.97637100
vn 0.09660800 0.00036100 -0.99532200
vn 0.09660900 0.00036200 -0.99532200
vn -0.41398500 -0.00155400 -0.91028300
vn -0.41397800 -0.00154200 -0.91028600
vn -0.52927600 -0.00203700 -0.84844700
vn -0.52928700 -0.00204300 -0.84844100
vn -0.63550100 -0.00247900 -0.77209600
vn -0.63575600 -0.00240600 -0.77188600
vn -0.63550100 -0.00248000 -0.77209600
vn -0.63575600 -0.00240600 -0.77188600
vn -0.63575600 -0.00240600 -0.77188600
vn -0.68571700 -0.70412800 -0.18438100
vn -0.65806200 -0.74431400 -0.11380100
vn -0.65265000 -0.75236400 -0.08942300
vn -0.66668400 -0.74444500 0.03652500
vn -0.67559100 -0.73655200 -0.03268000
vn -0.31622600 -0.70731700 0.63222100
vn -0.40751100 -0.70768500 0.57716300
vn -0.55761300 -0.70825000 0.43295600
vn -0.61631800 -0.70845900 0.34385700
vn -0.61628200 -0.70847500 0.34388900
vn -0.66766700 -0.70050100 0.25203000
vn -0.69514700 -0.70964600 0.11477200
vn 0.00374700 -0.99999300 -0.00002500
vn 0.00371700 -0.99999300 0.00002400
vn 0.00367300 -0.99999300 -0.00001800
vn 0.00368400 -0.99999300 -0.00006000
vn 0.00374700 -0.99999300 -0.00002500
vn 0.00367300 -0.99999300 -0.00001800
vn 0.00376100 -0.99999300 -0.00011000
vn 0.00367300 -0.99999300 -0.00001800
vn 0.00368400 -0.99999300 -0.00006000
vn 0.00370500 -0.99999300 0.00004700
vn 0.00376100 -0.99999300 -0.00011000
vn 0.00368400 -0.99999300 -0.00006000
vn 0.00370500 -0.99999300 0.00004700
vn 0.00378100 -0.99999300 0.00003200
vn 0.00376100 -0.99999300 -0.00011000
vn 0.00370500 -0.99999300 0.00004700
vn 0.00378100 -0.99999300 0.00003200
vn 0.00378100 -0.99999300 0.00006800
vn 0.00378100 -0.99999300 0.00003200
vn 0.00364500 -0.99999300 0.00002300
vn 0.00378100 -0.99999300 0.00006800
vn 0.00378100 -0.99999300 0.00006800
vn 0.00364500 -0.99999300 0.00002300
vn 0.00379200 -0.99999300 -0.00002200
vn 0.00382900 -0.99999300 0.00001200
vn 0.00379200 -0.99999300 -0.00002200
vn 0.00364500 -0.99999300 0.00002300
vn 0.00379200 -0.99999300 -0.00002200
vn 0.00382900 -0.99999300 0.00001200
vn 0.00370100 -0.99999300 -0.00001000
vn 0.00382900 -0.99999300 0.00001200
vn 0.00378300 -0.99999300 0.00004400
vn 0.00370100 -0.99999300 -0.00001000
vn 0.00370100 -0.99999300 -0.00001000
vn 0.00378300 -0.99999300 0.00004400
vn 0.00369900 -0.99999300 -0.00001500
vn 0.00369900 -0.99999300 -0.00001500
vn 0.00373500 -0.99999300 -0.00002400
vn 0.00378300 -0.99999300 0.00004400
vn 0.00369900 -0.99999300 -0.00001500
vn 0.00373500 -0.99999300 -0.00002400
vn 0.00368200 -0.99999300 -0.00005800
vn 0.00368200 -0.99999300 -0.00005800
vn 0.00373500 -0.99999300 -0.00002400
vn 0.00372900 -0.99999300 -0.00010400
vn 0.00368200 -0.99999300 -0.00005800
vn 0.00372900 -0.99999300 -0.00010400
vn 0.00374300 -0.99999300 0.00002600
vn 0.00374300 -0.99999300 0.00002600
vn 0.00372900 -0.99999300 -0.00010400
vn 0.00385300 -0.99999300 0.00000800
vn 0.00374300 -0.99999300 0.00002600
vn 0.00373200 -0.99999300 0.00006500
vn 0.00385300 -0.99999300 0.00000800
vn 0.00385300 -0.99999300 0.00000800
vn 0.00373200 -0.99999300 0.00006500
vn 0.00370100 -0.99999300 0.00002000
vn 0.00373200 -0.99999300 0.00006500
vn 0.00370100 -0.99999300 0.00002000
vn 0.00374600 -0.99999300 -0.00001700
vn 0.00370100 -0.99999300 0.00002000
vn 0.00374600 -0.99999300 -0.00001700
vn 0.00383100 -0.99999300 0.00002300
vn 0.00374600 -0.99999300 -0.00001700
vn 0.00378300 -0.99999300 0.00000600
vn 0.00383100 -0.99999300 0.00002300
vn 0.00371700 -0.99999300 0.00002400
vn 0.00383100 -0.99999300 0.00002300
vn 0.00378300 -0.99999300 0.00000600
vn 0.00371700 -0.99999300 0.00002400
vn 0.00378300 -0.99999300 0.00000600
vn 0.00374700 -0.99999300 -0.00002500
vn 0.00371900 -0.99999300 0.00000900
vn 0.00373000 -0.99999300 0.00004700
vn 0.00384100 -0.99999300 0.00001200
vn 0.00378600 -0.99999300 -0.00003400
vn 0.00371900 -0.99999300 0.00000900
vn 0.00378600 -0.99999300 -0.00003400
vn 0.00371900 -0.99999300 0.00000900
vn 0.00382900 -0.99999300 0.00001400
vn 0.00378600 -0.99999300 -0.00003400
vn 0.00378300 -0.99999300 -0.00000100
vn 0.00382900 -0.99999300 0.00001400
vn 0.00378300 -0.99999300 -0.00009000
vn 0.00382900 -0.99999300 0.00001400
vn 0.00378300 -0.99999300 -0.00000100
vn 0.00378300 -0.99999300 -0.00000100
vn 0.00378300 -0.99999300 -0.00009000
vn 0.00386500 -0.99999300 -0.00001600
vn 0.00386500 -0.99999300 -0.00001600
vn 0.00381600 -0.99999300 0.00003600
vn 0.00378300 -0.99999300 -0.00009000
vn 0.00386500 -0.99999300 -0.00001600
vn 0.00381400 -0.99999300 0.00002900
vn 0.00381600 -0.99999300 0.00003600
vn 0.00381600 -0.99999300 0.00003600
vn 0.00383400 -0.99999300 0.00003200
vn 0.00381400 -0.99999300 0.00002900
vn 0.00381400 -0.99999300 0.00002900
vn 0.00383000 -0.99999300 0.00002600
vn 0.00383400 -0.99999300 0.00003200
vn 0.00383000 -0.99999300 0.00002600
vn 0.00359000 -0.99999400 0.00005800
vn 0.00383400 -0.99999300 0.00003200
vn 0.00383000 -0.99999300 0.00002600
vn 0.00375700 -0.99999300 -0.00010700
vn 0.00359000 -0.99999400 0.00005800
vn 0.00391500 -0.99999200 -0.00005100
vn 0.00375700 -0.99999300 -0.00010700
vn 0.00359000 -0.99999400 0.00005800
vn 0.00375700 -0.99999300 -0.00010700
vn 0.00391500 -0.99999200 -0.00005100
vn 0.00381000 -0.99999300 -0.00001600
vn 0.00381000 -0.99999300 -0.00001600
vn 0.00386000 -0.99999300 0.00000900
vn 0.00391500 -0.99999200 -0.00005100
vn 0.00381000 -0.99999300 -0.00001600
vn 0.00386000 -0.99999300 0.00000900
vn 0.00366900 -0.99999300 -0.00003900
vn 0.00366900 -0.99999300 -0.00003900
vn 0.00386000 -0.99999300 0.00000900
vn 0.00365300 -0.99999300 -0.00012200
vn 0.00366900 -0.99999300 -0.00003900
vn 0.00366600 -0.99999300 -0.00002500
vn 0.00365300 -0.99999300 -0.00012200
vn 0.00374200 -0.99999300 -0.00001200
vn 0.00365300 -0.99999300 -0.00012200
vn 0.00366600 -0.99999300 -0.00002500
vn 0.00374200 -0.99999300 -0.00001200
vn 0.00365900 -0.99999300 -0.00008400
vn 0.00366600 -0.99999300 -0.00002500
vn 0.00377500 -0.99999300 -0.00012800
vn 0.00374200 -0.99999300 -0.00001200
vn 0.00365900 -0.99999300 -0.00008400
vn 0.00365900 -0.99999300 -0.00008400
vn 0.00377500 -0.99999300 -0.00012800
vn 0.00368300 -0.99999300 0.00002900
vn 0.00377500 -0.99999300 -0.00012800
vn 0.00368300 -0.99999300 0.00002900
vn 0.00384100 -0.99999300 0.00001200
vn 0.00384100 -0.99999300 0.00001200
vn 0.00368300 -0.99999300 0.00002900
vn 0.00373000 -0.99999300 0.00004700
vn 0.00373000 -0.99999300 0.00004700
vn 0.00365800 -0.99999300 -0.00001200
vn 0.00374400 -0.99999300 -0.00001500
vn 0.00372000 -0.99999300 0.00004000
vn 0.00365800 -0.99999300 -0.00001200
vn 0.00372100 -0.99999300 -0.00006500
vn 0.00374400 -0.99999300 -0.00001500
vn 0.00372100 -0.99999300 -0.00006500
vn 0.00365800 -0.99999300 -0.00001200
vn 0.00374600 -0.99999300 -0.00012000
vn 0.00372100 -0.99999300 -0.00006500
vn 0.00371800 -0.99999300 0.00006200
vn 0.00374600 -0.99999300 -0.00012000
vn 0.00374600 -0.99999300 -0.00012000
vn 0.00376800 -0.99999300 0.00005200
vn 0.00371800 -0.99999300 0.00006200
vn 0.00371800 -0.99999300 0.00006200
vn 0.00380800 -0.99999300 0.00004700
vn 0.00376800 -0.99999300 0.00005200
vn 0.00365000 -0.99999300 0.00000800
vn 0.00380800 -0.99999300 0.00004700
vn 0.00376800 -0.99999300 0.00005200
vn 0.00380800 -0.99999300 0.00004700
vn 0.00381500 -0.99999300 -0.00003400
vn 0.00365000 -0.99999300 0.00000800
vn 0.00385200 -0.99999300 0.00001800
vn 0.00381500 -0.99999300 -0.00003400
vn 0.00365000 -0.99999300 0.00000800
vn 0.00381500 -0.99999300 -0.00003400
vn 0.00374300 -0.99999300 -0.00000900
vn 0.00385200 -0.99999300 0.00001800
vn 0.00365500 -0.99999300 -0.00010800
vn 0.00374300 -0.99999300 -0.00000900
vn 0.00385200 -0.99999300 0.00001800
vn 0.00374300 -0.99999300 -0.00000900
vn 0.00382800 -0.99999300 -0.00001400
vn 0.00365500 -0.99999300 -0.00010800
vn 0.00381400 -0.99999300 0.00004000
vn 0.00382800 -0.99999300 -0.00001400
vn 0.00365500 -0.99999300 -0.00010800
vn 0.00382800 -0.99999300 -0.00001400
vn 0.00381400 -0.99999300 0.00004000
vn 0.00380700 -0.99999300 0.00002600
vn 0.00380700 -0.99999300 0.00002600
vn 0.00381400 -0.99999300 0.00004000
vn 0.00363600 -0.99999300 0.00014400
vn 0.00380700 -0.99999300 0.00002600
vn 0.00363600 -0.99999300 0.00014400
vn 0.00374600 -0.99999300 -0.00012700
vn 0.00363600 -0.99999300 0.00014400
vn 0.00374600 -0.99999300 -0.00012700
vn 0.00379400 -0.99999300 0.00019100
vn 0.00374600 -0.99999300 -0.00012700
vn 0.00379400 -0.99999300 0.00019100
vn 0.00368700 -0.99999300 0.00001600
vn 0.00365500 -0.99999300 0.00000600
vn 0.00379400 -0.99999300 0.00019100
vn 0.00368700 -0.99999300 0.00001600
vn 0.00368700 -0.99999300 0.00001600
vn 0.00365500 -0.99999300 0.00000600
vn 0.00380000 -0.99999300 -0.00003100
vn 0.00380000 -0.99999300 -0.00003100
vn 0.00365500 -0.99999300 0.00000600
vn 0.00378300 -0.99999300 0.00001500
vn 0.00380000 -0.99999300 -0.00003100
vn 0.00374100 -0.99999300 -0.00000300
vn 0.00378300 -0.99999300 0.00001500
vn 0.00372000 -0.99999300 0.00004000
vn 0.00378300 -0.99999300 0.00001500
vn 0.00374100 -0.99999300 -0.00000300
vn 0.00374100 -0.99999300 -0.00000300
vn 0.00372000 -0.99999300 0.00004000
vn 0.00374400 -0.99999300 -0.00001500
vn 0.00382500 -0.99999300 0.00009800
vn 0.00370000 -0.99999300 0.00002400
vn 0.00380500 -0.99999300 0.00006800
vn 0.00380500 -0.99999300 0.00006800
vn 0.00374000 -0.99999300 -0.00012300
vn 0.00377100 -0.99999300 -0.00012400
vn 0.00374000 -0.99999300 -0.00012300
vn 0.00380500 -0.99999300 0.00006800
vn 0.00374000 -0.99999300 -0.00012300
vn 0.00373100 -0.99999300 0.00006200
vn 0.00377100 -0.99999300 -0.00012400
vn 0.00377100 -0.99999300 -0.00012400
vn 0.00376200 -0.99999300 0.00005200
vn 0.00373100 -0.99999300 0.00006200
vn 0.00373100 -0.99999300 0.00006200
vn 0.00376200 -0.99999300 0.00005200
vn 0.00380500 -0.99999300 0.00005200
vn 0.00380500 -0.99999300 0.00005200
vn 0.00365500 -0.99999300 0.00000800
vn 0.00376200 -0.99999300 0.00005200
vn 0.00380500 -0.99999300 0.00005200
vn 0.00365500 -0.99999300 0.00000800
vn 0.00380300 -0.99999300 -0.00002900
vn 0.00380300 -0.99999300 -0.00002900
vn 0.00385600 -0.99999300 0.00002800
vn 0.00365500 -0.99999300 0.00000800
vn 0.00380300 -0.99999300 -0.00002900
vn 0.00385600 -0.99999300 0.00002800
vn 0.00374100 -0.99999300 0.00000500
vn 0.00374100 -0.99999300 0.00000500
vn 0.00385600 -0.99999300 0.00002800
vn 0.00371700 -0.99999300 0.00004800
vn 0.00374100 -0.99999300 0.00000500
vn 0.00371700 -0.99999300 0.00004800
vn 0.00370500 -0.99999300 -0.00002800
vn 0.00372100 -0.99999300 -0.00005600
vn 0.00370500 -0.99999300 -0.00002800
vn 0.00371700 -0.99999300 0.00004800
vn 0.00365100 -0.99999300 -0.00005800
vn 0.00370500 -0.99999300 -0.00002800
vn 0.00372100 -0.99999300 -0.00005600
vn 0.00372100 -0.99999300 -0.00005600
vn 0.00372700 -0.99999300 -0.00009600
vn 0.00365100 -0.99999300 -0.00005800
vn 0.00372100 -0.99999300 0.00002900
vn 0.00372700 -0.99999300 -0.00009600
vn 0.00365100 -0.99999300 -0.00005800
vn 0.00372700 -0.99999300 -0.00009600
vn 0.00372100 -0.99999300 0.00002900
vn 0.00386200 -0.99999300 0.00000400
vn 0.00372100 -0.99999300 0.00002900
vn 0.00386200 -0.99999300 0.00000400
vn 0.00387100 -0.99999300 -0.00004700
vn 0.00387100 -0.99999300 -0.00004700
vn 0.00391400 -0.99999200 -0.00004400
vn 0.00386200 -0.99999300 0.00000400
vn 0.00387100 -0.99999300 -0.00004700
vn 0.00391400 -0.99999200 -0.00004400
vn 0.00362900 -0.99999300 0.00002300
vn 0.00362900 -0.99999300 0.00002300
vn 0.00391400 -0.99999200 -0.00004400
vn 0.00361200 -0.99999300 -0.00003200
vn 0.00362900 -0.99999300 0.00002300
vn 0.00361200 -0.99999300 -0.00003200
vn 0.00377400 -0.99999300 0.00000100
vn 0.00361200 -0.99999300 -0.00003200
vn 0.00377400 -0.99999300 0.00000100
vn 0.00370000 -0.99999300 0.00002400
vn 0.00377400 -0.99999300 0.00000100
vn 0.00370000 -0.99999300 0.00002400
vn 0.00382500 -0.99999300 0.00009800
vn 0.00382500 -0.99999300 0.00009800
vn -0.77211600 -0.00290400 0.63547500
vn -0.77224300 -0.00288300 0.63532000
vn -0.77213700 -0.00289900 0.63544900
vn -0.77215800 -0.00291600 0.63542400
vn -0.77215800 -0.00291600 0.63542400
vn -0.77215800 -0.00291600 0.63542400
vn -0.77211600 -0.00290400 0.63547500
vn -0.77211800 -0.00294900 0.63547200
vn -0.77211800 -0.00294900 0.63547200
vn -0.77213700 -0.00289900 0.63544900
vn -0.77224300 -0.00288300 0.63532000
vn -0.77211800 -0.00294900 0.63547200
vn -0.77213700 -0.00289900 0.63544900
vn -0.77211600 -0.00290400 0.63547500
vn -0.77224300 -0.00288300 0.63532000
vn 0.00391500 -0.99999200 0.00002600
vn 0.00378400 -0.99999300 0.00005400
vn 0.00377500 -0.99999300 0.00000200
vn 0.00391000 -0.99999200 -0.00003000
vn 0.00376200 -0.99999300 -0.00000100
vn 0.00385200 -0.99999300 0.00001300
vn 0.00391500 -0.99999200 0.00002600
vn 0.00377000 -0.99999300 0.00001400
vn 0.00374700 -0.99999300 0.00000200
vn 0.00377500 -0.99999300 0.00000200
vn 0.00377500 -0.99999300 0.00000200
vn 0.00380900 -0.99999300 0.00000100
vn 0.00374700 -0.99999300 0.00000200
vn 0.00374700 -0.99999300 0.00000200
vn 0.00373500 -0.99999300 0.00000100
vn 0.00380900 -0.99999300 0.00000100
vn 0.00376900 -0.99999300 0.00000400
vn 0.00379700 -0.99999300 -0.00002200
vn 0.00350400 -0.99999400 -0.00000800
vn 0.00378100 -0.99999300 0.00000900
vn 0.00379700 -0.99999300 -0.00002200
vn 0.00379700 -0.99999300 -0.00002200
vn 0.00381300 -0.99999300 0.00000300
vn 0.00383900 -0.99999300 -0.00001700
vn 0.00378500 -0.99999300 -0.00007300
vn 0.00373100 -0.99999300 -0.00003000
vn 0.00378100 -0.99999300 0.00000900
vn 0.00381300 -0.99999300 0.00000300
vn 0.00380900 -0.99999300 0.00000900
vn 0.00378100 -0.99999300 0.00000900
vn 0.00380900 -0.99999300 0.00000900
vn 0.00381000 -0.99999300 0.00004500
vn 0.00381300 -0.99999300 0.00000300
vn 0.00380900 -0.99999300 0.00000900
vn 0.00371100 -0.99999300 -0.00005600
vn 0.00381000 -0.99999300 0.00004500
vn 0.00371100 -0.99999300 -0.00005600
vn 0.00377800 -0.99999300 -0.00003700
vn 0.00369000 -0.99999300 0.00005000
vn 0.00381000 -0.99999300 0.00004500
vn 0.00377400 -0.99999300 -0.00001200
vn 0.00371900 -0.99999300 -0.00001600
vn 0.00377400 -0.99999300 -0.00001200
vn 0.00372700 -0.99999300 0.00000600
vn 0.00377400 -0.99999300 -0.00001200
vn 0.00371900 -0.99999300 -0.00001600
vn 0.00371900 -0.99999300 -0.00001600
vn 0.00372700 -0.99999300 0.00000600
vn 0.00375300 -0.99999300 0.00000600
vn 0.00375300 -0.99999300 0.00000600
vn 0.00372700 -0.99999300 0.00000600
vn 0.00373500 -0.99999300 0.00000100
vn 0.00373500 -0.99999300 0.00000100
vn 0.00375300 -0.99999300 0.00000600
vn 0.00376900 -0.99999300 0.00000400
vn 0.00380900 -0.99999300 0.00000100
vn 0.00376900 -0.99999300 0.00000400
vn 0.00368300 -0.99999300 -0.00005900
vn 0.00369700 -0.99999300 -0.00004100
vn 0.00368300 -0.99999300 -0.00005900
vn 0.00370800 -0.99999300 0.00002000
vn 0.00368300 -0.99999300 -0.00005900
vn 0.00369700 -0.99999300 -0.00004100
vn 0.00376200 -0.99999300 -0.00000100
vn 0.00378400 -0.99999300 0.00005400
vn 0.00383700 -0.99999300 -0.00000600
vn 0.00379500 -0.99999300 -0.00001800
vn 0.00378400 -0.99999300 0.00005400
vn 0.00391000 -0.99999200 -0.00003000
vn 0.00377000 -0.99999300 0.00001400
vn 0.00391000 -0.99999200 -0.00003000
vn 0.00391500 -0.99999200 0.00002600
vn 0.00388400 -0.99999200 -0.00008000
vn 0.00385200 -0.99999300 0.00001300
vn 0.00377000 -0.99999300 0.00001400
vn 0.00373000 -0.99999300 -0.00006800
vn 0.00388400 -0.99999200 -0.00008000
vn 0.00385200 -0.99999300 0.00001300
vn 0.00373000 -0.99999300 -0.00006800
vn 0.00374400 -0.99999300 -0.00006300
vn 0.00388400 -0.99999200 -0.00008000
vn 0.00377200 -0.99999300 -0.00006300
vn 0.00373000 -0.99999300 -0.00006800
vn 0.00374400 -0.99999300 -0.00006300
vn 0.00370600 -0.99999300 0.00002500
vn 0.00374400 -0.99999300 -0.00006300
vn 0.00377200 -0.99999300 -0.00006300
vn 0.00370600 -0.99999300 0.00002500
vn 0.00355700 -0.99999400 -0.00000500
vn 0.00377200 -0.99999300 -0.00006300
vn 0.00379800 -0.99999300 -0.00005600
vn 0.00355700 -0.99999400 -0.00000500
vn 0.00377800 -0.99999300 -0.00003700
vn 0.00370600 -0.99999300 0.00002500
vn 0.00373600 -0.99999300 0.00008200
vn 0.00373600 -0.99999300 0.00008200
vn 0.00355700 -0.99999400 -0.00000500
vn 0.00369000 -0.99999300 0.00005000
vn 0.00371100 -0.99999300 -0.00005600
vn 0.00369000 -0.99999300 0.00005000
vn 0.00379800 -0.99999300 -0.00005600
vn 0.00377800 -0.99999300 -0.00003700
vn 0.00379800 -0.99999300 -0.00005600
vn 0.00373600 -0.99999300 0.00008200
vn 0.00370900 -0.99999300 -0.00001300
vn 0.00386400 -0.99999300 0.00002000
vn 0.00383700 -0.99999300 -0.00000600
vn 0.00364900 -0.99999300 0.00010800
vn 0.00379500 -0.99999300 -0.00001800
vn 0.00418400 -0.99999100 -0.00018800
vn 0.00390500 -0.99999200 0.00000100
vn 0.00386600 -0.99999300 0.00002100
vn 0.00370900 -0.99999300 -0.00001300
vn 0.00378500 -0.99999300 -0.00007300
vn 0.00387200 -0.99999300 -0.00006500
vn 0.00387200 -0.99999300 -0.00006500
vn 0.00373100 -0.99999300 -0.00003000
vn 0.00378500 -0.99999300 -0.00007300
vn 0.00373100 -0.99999300 -0.00003000
vn 0.00383900 -0.99999300 -0.00001700
vn 0.00370800 -0.99999300 0.00002000
vn 0.00384400 -0.99999300 0.00015200
vn 0.00369700 -0.99999300 -0.00004100
vn 0.00370800 -0.99999300 0.00002000
vn 0.00384400 -0.99999300 0.00015200
vn 0.00384400 -0.99999300 0.00015200
vn 0.00374000 -0.99999300 -0.00006900
vn 0.00375500 -0.99999300 -0.00001300
vn 0.00374300 -0.99999300 0.00000900
vn 0.00373900 -0.99999300 -0.00000100
vn 0.00374000 -0.99999300 -0.00006900
vn 0.00374400 -0.99999300 0.00000900
vn 0.00374000 -0.99999300 -0.00006900
vn 0.00383700 -0.99999300 -0.00000600
vn 0.00376200 -0.99999300 -0.00000100
vn 0.00364900 -0.99999300 0.00010800
vn 0.00370900 -0.99999300 -0.00001300
vn 0.00379500 -0.99999300 -0.00001800
vn 0.00374400 -0.99999300 0.00000900
vn 0.00373900 -0.99999300 -0.00000100
vn 0.00373900 -0.99999300 -0.00000100
vn 0.00374900 -0.99999300 -0.00002700
vn 0.00375500 -0.99999300 -0.00001300
vn 0.00374900 -0.99999300 -0.00002700
vn 0.00375500 -0.99999300 -0.00001300
vn 0.00374900 -0.99999300 -0.00002700
vn 0.00364900 -0.99999300 0.00010800
vn -0.63523300 -0.00239100 -0.77231700
vn -0.63548900 -0.00240100 -0.77210600
vn -0.63523300 -0.00239100 -0.77231700
vn -0.63523300 -0.00239100 -0.77231700
vn -0.63548900 -0.00240100 -0.77210600
vn -0.63547000 -0.00239500 -0.77212200
vn -0.63556700 -0.00238900 -0.77204200
vn -0.63548900 -0.00240100 -0.77210600
vn -0.63547000 -0.00239500 -0.77212200
vn -0.63556700 -0.00238900 -0.77204200
vn -0.63547000 -0.00239500 -0.77212200
vn -0.63556700 -0.00238900 -0.77204200
vn 0.58593000 -0.70714500 -0.39576700
vn 0.51427000 -0.78139900 -0.35347100
vn 0.52963100 -0.75710700 -0.38246500
vn 0.48696100 -0.77184600 -0.40880700
vn 0.53969000 -0.70497600 -0.46015700
vn 0.47716400 -0.74415700 -0.46748700
vn 0.45456800 -0.76293100 -0.45967700
vn 0.48392900 -0.70616100 -0.51686400
vn 0.63529400 0.00239000 0.77226700
vn 0.63549100 0.00238000 0.77210500
vn 0.63529400 0.00239000 0.77226700
vn 0.63546600 0.00239200 0.77212500
vn 0.63549100 0.00238000 0.77210500
vn 0.63529400 0.00239000 0.77226700
vn 0.63549100 0.00238000 0.77210500
vn 0.63546600 0.00239200 0.77212500
vn 0.63542000 0.00240000 0.77216300
vn 0.63542000 0.00240000 0.77216300
vn 0.63546600 0.00239200 0.77212500
vn 0.63542000 0.00240000 0.77216300
vn 0.00377600 -0.99999300 0.00006400
vn 0.00390600 -0.99999200 -0.00002900
vn 0.00368800 -0.99999300 -0.00007900
vn 0.00381200 -0.99999300 -0.00004300
vn 0.00365400 -0.99999300 0.00004700
vn 0.00381400 -0.99999300 -0.00021400
vn 0.00365800 -0.99999300 0.00004600
vn 0.00390600 -0.99999200 -0.00002900
vn 0.00381200 -0.99999300 -0.00004300
vn 0.00381200 -0.99999300 -0.00004300
vn 0.00371800 -0.99999300 0.00004700
vn 0.00365800 -0.99999300 0.00004600
vn 0.00365800 -0.99999300 0.00004600
vn 0.00374300 -0.99999300 0.00000900
vn 0.00371800 -0.99999300 0.00004700
vn 0.00376900 -0.99999300 0.00001300
vn 0.00372300 -0.99999300 0.00000600
vn 0.00371800 -0.99999300 0.00004700
vn 0.00374300 -0.99999300 0.00000900
vn 0.00381400 -0.99999300 -0.00021400
vn 0.00377600 -0.99999300 0.00006400
vn 0.00365400 -0.99999300 0.00004700
vn 0.00381400 -0.99999300 -0.00021400
vn 0.00365400 -0.99999300 0.00004700
vn 0.00390600 -0.99999200 -0.00002900
vn 0.00368000 -0.99999300 -0.00004700
vn 0.00368800 -0.99999300 -0.00007900
vn 0.00377600 -0.99999300 0.00006400
vn 0.00368800 -0.99999300 -0.00007900
vn 0.00368000 -0.99999300 -0.00004700
vn 0.00379900 -0.99999300 0.00005500
vn 0.00379900 -0.99999300 0.00005500
vn 0.00368000 -0.99999300 -0.00004700
vn 0.00377500 -0.99999300 0.00001900
vn 0.00377500 -0.99999300 0.00001900
vn 0.00379900 -0.99999300 0.00005500
vn 0.00374800 -0.99999300 -0.00000300
vn 0.00379900 -0.99999300 -0.00004100
vn 0.00377500 -0.99999300 0.00001900
vn 0.00374800 -0.99999300 -0.00000300
vn 0.00379100 -0.99999300 -0.00001600
vn 0.00375200 -0.99999300 -0.00002800
vn 0.00374800 -0.99999300 -0.00000300
vn 0.00379100 -0.99999300 -0.00001600
vn 0.00376000 -0.99999300 -0.00008700
vn 0.00380200 -0.99999300 -0.00002500
vn 0.00373000 -0.99999300 0.00008600
vn 0.00379900 -0.99999300 -0.00004100
vn 0.00375200 -0.99999300 -0.00002800
vn 0.00379100 -0.99999300 -0.00001600
vn 0.00371300 -0.99999300 0.00010600
vn 0.00379900 -0.99999300 -0.00004100
vn 0.00373000 -0.99999300 0.00008600
vn 0.00381000 -0.99999300 -0.00003800
vn 0.00371300 -0.99999300 0.00010600
vn 0.00373000 -0.99999300 0.00008600
vn 0.00378400 -0.99999300 -0.00002800
vn 0.00381000 -0.99999300 -0.00003800
vn 0.00371300 -0.99999300 0.00010600
vn 0.00381000 -0.99999300 -0.00003800
vn 0.00379000 -0.99999300 -0.00001900
vn 0.00378400 -0.99999300 -0.00002800
vn 0.00379000 -0.99999300 -0.00001900
vn 0.00379800 -0.99999300 -0.00001600
vn 0.00378400 -0.99999300 -0.00002800
vn 0.00375000 -0.99999300 -0.00001600
vn 0.00379000 -0.99999300 -0.00001900
vn 0.00379800 -0.99999300 -0.00001600
vn 0.00379800 -0.99999300 -0.00001600
vn 0.00375000 -0.99999300 -0.00001600
vn 0.00375000 -0.99999300 -0.00001600
vn 0.00371700 -0.99999300 0.00001500
vn 0.00377300 -0.99999300 0.00001500
vn 0.00377300 -0.99999300 0.00001500
vn 0.00371700 -0.99999300 0.00001500
vn 0.00376900 -0.99999300 0.00001300
vn 0.00376900 -0.99999300 0.00001300
vn 0.00371700 -0.99999300 0.00001500
vn 0.00372300 -0.99999300 0.00000600
vn 0.00372300 -0.99999300 0.00000600
vn 0.00374300 -0.99999300 0.00000900
vn 0.00375700 -0.99999300 -0.00002500
vn 0.00377300 -0.99999300 0.00001500
vn 0.00372400 -0.99999300 0.00002100
vn 0.00375700 -0.99999300 -0.00002500
vn 0.00383300 -0.99999300 0.00006100
vn 0.00375700 -0.99999300 -0.00002500
vn 0.00372400 -0.99999300 0.00002100
vn 0.00383300 -0.99999300 0.00006100
vn 0.00381500 -0.99999300 0.00004800
vn 0.00372400 -0.99999300 0.00002100
vn 0.00381500 -0.99999300 0.00004800
vn 0.00367900 -0.99999300 -0.00008200
vn 0.00383300 -0.99999300 0.00006100
vn 0.00381500 -0.99999300 0.00004800
vn 0.00385400 -0.99999300 -0.00011900
vn 0.00369700 -0.99999300 0.00022200
vn 0.00376600 -0.99999300 -0.00005600
vn 0.00367900 -0.99999300 -0.00008200
vn 0.00367900 -0.99999300 -0.00008200
vn 0.00369700 -0.99999300 0.00022200
vn 0.00385400 -0.99999300 -0.00011900
vn 0.00369700 -0.99999300 0.00022200
vn 0.00378500 -0.99999300 -0.00006700
vn 0.00378500 -0.99999300 -0.00006700
vn 0.00375100 -0.99999300 -0.00003600
vn 0.00376800 -0.99999300 -0.00003900
vn 0.00385400 -0.99999300 -0.00011900
vn 0.00378500 -0.99999300 -0.00006700
vn 0.00375100 -0.99999300 -0.00003600
vn 0.00376600 -0.99999300 -0.00005600
vn 0.00376600 -0.99999300 -0.00005600
vn 0.00376800 -0.99999300 -0.00003900
vn 0.00371000 -0.99999300 0.00003200
vn 0.00376800 -0.99999300 -0.00003900
vn 0.00376000 -0.99999300 -0.00008700
vn 0.00371000 -0.99999300 0.00003200
vn 0.00371000 -0.99999300 0.00003200
vn 0.00380200 -0.99999300 -0.00002500
vn 0.00376000 -0.99999300 -0.00008700
vn 0.00375200 -0.99999300 -0.00002800
vn 0.00380200 -0.99999300 -0.00002500
vn 0.00375100 -0.99999300 -0.00003600
vn 0.00374000 -0.99999300 -0.00005300
vn 0.00394000 -0.99999200 0.00005900
vn 0.00394000 -0.99999200 0.00005900
vn 0.00394000 -0.99999200 0.00005900
vn 0.00369500 -0.99999300 -0.00000500
vn 0.00370800 -0.99999300 -0.00001000
vn 0.00379400 -0.99999300 0.00004200
vn 0.00370700 -0.99999300 -0.00000300
vn 0.00370500 -0.99999300 0.00014300
vn 0.00370700 -0.99999300 -0.00000300
vn 0.00370800 -0.99999300 -0.00001000
vn 0.00370500 -0.99999300 0.00014300
vn 0.00370700 -0.99999300 -0.00000300
vn 0.00364800 -0.99999300 0.00006900
vn 0.00364800 -0.99999300 0.00006900
vn 0.00370500 -0.99999300 0.00014300
vn 0.00364800 -0.99999300 0.00006900
vn 0.00374000 -0.99999300 -0.00005300
vn 0.00379400 -0.99999300 0.00004200
vn 0.00374000 -0.99999300 -0.00005300
vn 0.00379400 -0.99999300 0.00004200
vn 0.00369500 -0.99999300 -0.00000500
vn 0.00369500 -0.99999300 -0.00000500
vn 0.00370800 -0.99999300 -0.00001000
vn -0.77210400 -0.00290300 0.63548900
vn -0.77207900 -0.00291000 0.63552000
vn -0.77215800 -0.00285900 0.63542400
vn -0.77209400 -0.00290900 0.63550100
vn -0.77207900 -0.00291000 0.63552000
vn -0.77210400 -0.00290300 0.63548900
vn -0.77207900 -0.00291000 0.63552000
vn -0.77212100 -0.00291200 0.63546900
vn -0.77212100 -0.00291200 0.63546900
vn -0.77209400 -0.00290900 0.63550100
vn -0.77215800 -0.00285900 0.63542400
vn -0.77209400 -0.00290900 0.63550100
vn -0.77212100 -0.00291200 0.63546900
vn -0.77210400 -0.00290300 0.63548900
vn -0.77215800 -0.00285900 0.63542400
vn 0.53148500 -0.74114500 0.41015600
vn 0.57194900 -0.70563600 0.41827300
vn 0.53636400 -0.72920500 0.42494000
vn 0.48070300 -0.75965100 0.43801400
vn 0.52621900 -0.70511800 0.47529100
vn 0.45332800 -0.75437500 0.47477600
vn 0.40106000 -0.77791300 0.48373800
vn 0.45193600 -0.70543500 0.54599900
vn 0.38214200 -0.75459200 0.53344100
vn 0.35198400 -0.75484700 0.55345500
vn 0.34532400 -0.73239100 0.58681800
vn 0.31560200 -0.73263000 0.60303300
vn 0.30354900 -0.74598400 0.59276200
vn 0.30357700 -0.70647400 0.63932400
vn -0.48288600 -0.73892700 -0.46990200
vn -0.49534000 -0.76929600 -0.40351200
vn -0.50443100 -0.74999000 -0.42786100
vn -0.54668000 -0.71322100 -0.43869900
vn -0.32210100 -0.71226500 -0.62364200
vn -0.29728800 -0.76852100 -0.56656400
vn -0.31948300 -0.74930600 -0.58006100
vn -0.34936700 -0.74818100 -0.56406400
vn -0.39492600 -0.70835100 -0.58504000
vn -0.43483000 -0.70867500 -0.55561000
vn -0.45845700 -0.70875800 -0.53617000
vn -0.50189100 -0.70872000 -0.49580400
vn 0.77215300 0.00290500 -0.63543000
vn 0.77185600 0.00281400 -0.63579100
vn 0.77213800 0.00290900 -0.63544900
vn 0.77209100 0.00285700 -0.63550600
vn 0.77213800 0.00290900 -0.63544900
vn 0.77213800 0.00290900 -0.63544900
vn 0.77215300 0.00290500 -0.63543000
vn 0.77213000 0.00290800 -0.63545800
vn 0.77209100 0.00285700 -0.63550600
vn 0.77213000 0.00290800 -0.63545800
vn 0.77185600 0.00281400 -0.63579100
vn 0.77209100 0.00285700 -0.63550600
vn 0.77213000 0.00290800 -0.63545800
vn 0.77215300 0.00290500 -0.63543000
vn 0.77185600 0.00281400 -0.63579100
vn 0.00378600 -0.99999300 -0.00003400
vn 0.00376900 -0.99999300 0.00007700
vn 0.00375900 -0.99999300 0.00003600
vn 0.00384800 -0.99999300 0.00000800
vn 0.00378600 -0.99999300 -0.00003400
vn 0.00378500 -0.99999300 -0.00004700
vn 0.00376900 -0.99999300 0.00007700
vn 0.00379200 -0.99999300 0.00001000
vn 0.00378600 -0.99999300 -0.00003400
vn 0.00378500 -0.99999300 -0.00004700
vn 0.00379000 -0.99999300 0.00000700
vn 0.00379200 -0.99999300 0.00001000
vn 0.00378500 -0.99999300 -0.00004700
vn 0.00378300 -0.99999300 -0.00001300
vn 0.00379200 -0.99999300 0.00001000
vn 0.00379000 -0.99999300 0.00000700
vn 0.00379000 -0.99999300 0.00000700
vn 0.00378300 -0.99999300 -0.00001300
vn 0.00377200 -0.99999300 -0.00001200
vn 0.00387000 -0.99999300 -0.00001700
vn 0.00378100 -0.99999300 0.00003100
vn 0.00381900 -0.99999300 -0.00002500
vn 0.00378300 -0.99999300 -0.00001300
vn 0.00381900 -0.99999300 -0.00002500
vn 0.00381900 -0.99999300 -0.00002500
vn 0.00387000 -0.99999300 -0.00001700
vn 0.00368500 -0.99999300 0.00013900
vn 0.00374700 -0.99999300 -0.00008200
vn 0.00374700 -0.99999300 -0.00008200
vn 0.00369300 -0.99999300 -0.00005400
vn 0.00374700 -0.99999300 -0.00008200
vn 0.00370300 -0.99999300 -0.00006000
vn 0.00379100 -0.99999300 0.00006600
vn 0.00368500 -0.99999300 0.00013900
vn 0.00377900 -0.99999300 -0.00003600
vn 0.00369300 -0.99999300 -0.00005400
vn 0.00369300 -0.99999300 -0.00005400
vn 0.00377900 -0.99999300 -0.00003600
vn 0.00387300 -0.99999300 -0.00005700
vn 0.00377900 -0.99999300 -0.00003600
vn 0.00387300 -0.99999300 -0.00005700
vn 0.00379900 -0.99999300 -0.00005700
vn 0.00387300 -0.99999300 -0.00005700
vn 0.00374100 -0.99999300 0.00002200
vn 0.00379900 -0.99999300 -0.00005700
vn 0.00368500 -0.99999300 0.00002300
vn 0.00374100 -0.99999300 0.00002200
vn 0.00377000 -0.99999300 0.00001600
vn 0.00379900 -0.99999300 -0.00005700
vn 0.00384800 -0.99999300 0.00000800
vn 0.00376900 -0.99999300 0.00007700
vn 0.00384800 -0.99999300 0.00000800
vn 0.00375900 -0.99999300 0.00003600
vn 0.00373500 -0.99999300 -0.00004400
vn 0.00375900 -0.99999300 0.00003600
vn 0.00373500 -0.99999300 -0.00004400
vn 0.00381600 -0.99999300 -0.00001800
vn 0.00376400 -0.99999300 -0.00005800
vn 0.00436400 -0.99999000 -0.00002600
vn 0.00398100 -0.99999200 0.00000100
vn 0.00369900 -0.99999300 0.00002700
vn 0.00381600 -0.99999300 -0.00001800
vn 0.00372100 -0.99999300 -0.00003600
vn 0.00378100 -0.99999300 0.00003100
vn 0.00381600 -0.99999300 -0.00001800
vn 0.00371900 -0.99999300 0.00000600
vn 0.00378900 -0.99999300 -0.00001400
vn 0.00371800 -0.99999300 -0.00000700
vn 0.00369700 -0.99999300 -0.00006100
vn 0.00381300 -0.99999300 0.00007800
vn 0.00376700 -0.99999300 -0.00003000
vn 0.00376300 -0.99999300 -0.00011100
vn 0.00377200 -0.99999300 0.00009700
vn 0.00379800 -0.99999300 0.00001500
vn 0.00379000 -0.99999300 0.00014600
vn 0.00376700 -0.99999300 -0.00003000
vn 0.00381400 -0.99999300 0.00004800
vn 0.00376700 -0.99999300 -0.00003000
vn 0.00377200 -0.99999300 0.00009700
vn 0.00369700 -0.99999300 -0.00006100
vn 0.00356900 -0.99999400 -0.00015700
vn 0.00381400 -0.99999300 0.00004800
vn 0.00377200 -0.99999300 0.00009700
vn 0.00379000 -0.99999300 0.00014600
vn 0.00379100 -0.99999300 0.00006600
vn 0.00377100 -0.99999300 0.00001600
vn 0.00356100 -0.99999400 -0.00020200
vn 0.00381400 -0.99999300 0.00004800
vn 0.00371900 -0.99999300 0.00001700
vn 0.00380200 -0.99999300 0.00003000
vn 0.00380200 -0.99999300 0.00003000
vn 0.00377000 -0.99999300 0.00001600
vn 0.00371900 -0.99999300 0.00001700
vn 0.00371900 -0.99999300 0.00001700
vn 0.00377000 -0.99999300 0.00001600
vn 0.00368500 -0.99999300 0.00002300
vn 0.00368500 -0.99999300 0.00002300
vn 0.00374100 -0.99999300 0.00002200
vn 0.00373500 -0.99999300 -0.00004400
vn 0.00359900 -0.99999400 0.00001200
vn 0.00359900 -0.99999400 0.00001200
vn 0.00382700 -0.99999300 0.00001400
vn 0.00359900 -0.99999400 0.00001200
vn 0.00375500 -0.99999300 0.00007900
vn 0.00382700 -0.99999300 0.00001400
vn 0.00375100 -0.99999300 0.00007700
vn 0.00375500 -0.99999300 0.00007900
vn 0.00382700 -0.99999300 0.00001400
vn 0.00375100 -0.99999300 0.00007700
vn 0.00375500 -0.99999300 0.00007900
vn 0.00381300 -0.99999300 -0.00003800
vn 0.00375100 -0.99999300 0.00007700
vn 0.00364900 -0.99999300 -0.00003400
vn 0.00378600 -0.99999300 -0.00001200
vn 0.00376900 -0.99999300 -0.00000400
vn 0.00381300 -0.99999300 -0.00003800
vn 0.00367100 -0.99999300 0.00007000
vn 0.00365700 -0.99999300 -0.00005600
vn 0.00379300 -0.99999300 -0.00000400
vn 0.00372300 -0.99999300 -0.00005300
vn 0.00365700 -0.99999300 -0.00005600
vn 0.00379300 -0.99999300 -0.00000400
vn 0.00376500 -0.99999300 0.00000800
vn 0.00365700 -0.99999300 -0.00005600
vn 0.00380900 -0.99999300 0.00004500
vn 0.00372300 -0.99999300 -0.00005300
vn 0.00380500 -0.99999300 -0.00014800
vn 0.00372300 -0.99999300 -0.00005300
vn 0.00380900 -0.99999300 0.00004500
vn 0.00392400 -0.99999200 -0.00014200
vn 0.00380500 -0.99999300 -0.00014800
vn 0.00380900 -0.99999300 0.00004500
vn 0.00392400 -0.99999200 -0.00014200
vn 0.00380500 -0.99999300 -0.00014800
vn 0.00392400 -0.99999200 -0.00014200
vn 0.00380200 -0.99999300 0.00003000
vn 0.00375500 -0.99999300 -0.00003000
vn 0.00375500 -0.99999300 -0.00003000
vn 0.00374900 -0.99999300 -0.00008100
vn 0.00386400 -0.99999300 -0.00003900
vn 0.00374900 -0.99999300 -0.00008100
vn 0.00375500 -0.99999300 -0.00003000
vn 0.00378500 -0.99999300 0.00004600
vn 0.00374900 -0.99999300 -0.00008100
vn 0.00386400 -0.99999300 -0.00003900
vn 0.00378500 -0.99999300 0.00004600
vn 0.00386400 -0.99999300 -0.00003900
vn 0.00378400 -0.99999300 -0.00000800
vn 0.00378500 -0.99999300 0.00004600
vn 0.00375300 -0.99999300 0.00003400
vn 0.00378400 -0.99999300 -0.00000800
vn 0.00377500 -0.99999300 -0.00000600
vn 0.00372600 -0.99999300 0.00005300
vn 0.00380400 -0.99999300 -0.00002600
vn 0.00371900 -0.99999300 0.00000600
vn 0.00371500 -0.99999300 -0.00001700
vn 0.00371800 -0.99999300 -0.00000700
vn 0.00371500 -0.99999300 -0.00001700
vn 0.00378900 -0.99999300 0.00005700
vn 0.00380400 -0.99999300 -0.00002600
vn 0.00371500 -0.99999300 -0.00001700
vn 0.00379200 -0.99999300 -0.00000500
vn 0.00378900 -0.99999300 0.00005700
vn 0.00378900 -0.99999300 0.00005700
vn 0.00379200 -0.99999300 -0.00000500
vn 0.00372400 -0.99999300 -0.00000100
vn 0.00379200 -0.99999300 -0.00000500
vn 0.00372400 -0.99999300 -0.00000100
vn 0.00372400 -0.99999300 -0.00000100
vn 0.00378600 -0.99999300 -0.00001200
vn 0.00372200 -0.99999300 -0.00000400
vn 0.00375200 -0.99999300 -0.00004400
vn 0.00376900 -0.99999300 -0.00000400
vn 0.00378600 -0.99999300 -0.00001200
vn 0.00369700 -0.99999300 -0.00006100
vn 0.00381300 -0.99999300 0.00007800
vn 0.00381300 -0.99999300 0.00007800
vn 0.00374000 -0.99999300 -0.00001800
vn 0.00376300 -0.99999300 -0.00011100
vn 0.00377300 -0.99999300 -0.00007400
vn 0.00374000 -0.99999300 -0.00001800
vn 0.00376300 -0.99999300 -0.00011100
vn 0.00374000 -0.99999300 -0.00001800
vn 0.00377300 -0.99999300 -0.00007400
vn 0.00377600 -0.99999300 -0.00010000
vn 0.00377300 -0.99999300 -0.00007400
vn 0.00377600 -0.99999300 -0.00010000
vn 0.00372600 -0.99999300 0.00005300
vn 0.00377600 -0.99999300 -0.00010000
vn 0.00375300 -0.99999300 0.00002200
vn 0.00372600 -0.99999300 0.00005300
vn 0.00376700 -0.99999300 0.00001400
vn 0.00375300 -0.99999300 0.00003400
vn 0.00348500 -0.99999400 -0.00029400
vn 0.00377100 -0.99999300 0.00001600
vn 0.00377100 -0.99999300 0.00001600
vn 0.00370300 -0.99999300 -0.00006000
vn 0.00379100 -0.99999300 0.00006600
vn 0.00370300 -0.99999300 -0.00006000
vn 0.00368500 -0.99999300 0.00013900
vn 0.00371200 -0.99999300 -0.00005600
vn 0.00369900 -0.99999300 0.00002700
vn 0.00377200 -0.99999300 -0.00001200
vn 0.00369900 -0.99999300 0.00002700
vn 0.00378100 -0.99999300 0.00003100
vn 0.00387000 -0.99999300 -0.00001700
vn 0.00377200 -0.99999300 -0.00001200
vn 0.00380400 -0.99999300 0.00004400
vn 0.00383600 -0.99999300 0.00002000
vn 0.00383600 -0.99999300 0.00002000
vn 0.00380400 -0.99999300 0.00004400
vn 0.00380200 -0.99999300 0.00005100
vn 0.00383600 -0.99999300 0.00002000
vn 0.00364600 -0.99999300 0.00000500
vn 0.00372500 -0.99999300 -0.00001000
vn 0.00386300 -0.99999300 0.00006700
vn 0.00371800 -0.99999300 -0.00000700
vn 0.00398100 -0.99999200 0.00000100
vn 0.00378900 -0.99999300 -0.00001400
vn 0.00370300 -0.99999300 -0.00005500
vn 0.00372500 -0.99999300 -0.00001000
vn 0.00387000 -0.99999300 0.00008000
vn 0.00371900 -0.99999300 0.00000600
vn 0.00380400 -0.99999300 -0.00002600
vn 0.00367100 -0.99999300 0.00007000
vn 0.00379300 -0.99999300 -0.00000400
vn 0.00376500 -0.99999300 0.00000800
vn 0.00367100 -0.99999300 0.00007000
vn 0.00375300 -0.99999300 0.00002200
vn 0.00376500 -0.99999300 0.00000800
vn 0.00376700 -0.99999300 0.00001400
vn 0.00376700 -0.99999300 0.00001400
vn 0.00375300 -0.99999300 0.00003400
vn 0.00375300 -0.99999300 0.00002200
vn 0.00377500 -0.99999300 -0.00000600
vn 0.00377500 -0.99999300 -0.00000600
vn 0.00378400 -0.99999300 -0.00000800
vn 0.00377300 -0.99999300 -0.00008700
vn 0.00380400 -0.99999300 0.00004400
vn 0.00380200 -0.99999300 0.00005100
vn 0.00377500 -0.99999300 0.00002200
vn 0.00380200 -0.99999300 0.00005100
vn 0.00377300 -0.99999300 -0.00008700
vn 0.00377300 -0.99999300 -0.00008700
vn 0.00387000 -0.99999300 0.00008000
vn 0.00377500 -0.99999300 0.00002200
vn 0.00377500 -0.99999300 0.00002200
vn 0.00387000 -0.99999300 0.00008000
vn 0.00386300 -0.99999300 0.00006700
vn 0.00364900 -0.99999300 -0.00003400
vn 0.00381300 -0.99999300 -0.00003800
vn 0.00376900 -0.99999300 -0.00000400
vn 0.00375200 -0.99999300 -0.00004400
vn 0.00364900 -0.99999300 -0.00003400
vn 0.00378700 -0.99999300 0.00000200
vn 0.00372200 -0.99999300 -0.00000400
vn 0.00375200 -0.99999300 -0.00004400
vn 0.00378500 -0.99999300 0.00001200
vn 0.00372200 -0.99999300 -0.00000400
vn 0.00378700 -0.99999300 0.00000200
vn 0.00378500 -0.99999300 0.00001200
vn 0.00373100 -0.99999300 0.00001100
vn 0.00378700 -0.99999300 0.00000200
vn 0.00378500 -0.99999300 0.00001200
vn 0.00373100 -0.99999300 0.00001100
vn 0.00370900 -0.99999300 0.00002500
vn 0.00373100 -0.99999300 0.00001100
vn 0.00374700 -0.99999300 0.00002400
vn 0.00370900 -0.99999300 0.00002500
vn 0.00370900 -0.99999300 0.00002500
vn 0.00374700 -0.99999300 0.00002400
vn 0.00373800 -0.99999300 0.00001000
vn 0.00379500 -0.99999300 -0.00000700
vn 0.00373800 -0.99999300 0.00001000
vn 0.00374700 -0.99999300 0.00002400
vn 0.00373800 -0.99999300 0.00001000
vn 0.00379500 -0.99999300 -0.00000700
vn 0.00380700 -0.99999300 -0.00001000
vn 0.00372800 -0.99999300 0.00001700
vn 0.00380700 -0.99999300 -0.00001000
vn 0.00379500 -0.99999300 -0.00000700
vn 0.00372800 -0.99999300 0.00001700
vn 0.00372700 -0.99999300 0.00001600
vn 0.00380700 -0.99999300 -0.00001000
vn 0.00372800 -0.99999300 0.00001700
vn 0.00376300 -0.99999300 -0.00000300
vn 0.00372700 -0.99999300 0.00001600
vn 0.00376300 -0.99999300 -0.00000300
vn 0.00376100 -0.99999300 0.00003200
vn 0.00372700 -0.99999300 0.00001600
vn 0.00379800 -0.99999300 0.00001500
vn 0.00376100 -0.99999300 0.00003200
vn 0.00376300 -0.99999300 -0.00000300
vn 0.00376100 -0.99999300 0.00003200
vn 0.00379800 -0.99999300 0.00001500
vn 0.00379000 -0.99999300 0.00014600
vn 0.00386300 -0.99999300 0.00006700
vn 0.00370300 -0.99999300 -0.00005500
vn 0.00370300 -0.99999300 -0.00005500
vn 0.00372500 -0.99999300 -0.00001000
vn 0.77203200 0.00297600 -0.63557700
vn 0.77213700 0.00293900 -0.63545000
vn 0.77208700 0.00290200 -0.63551100
vn 0.77208600 0.00290400 -0.63551100
vn 0.77213700 0.00293900 -0.63545000
vn 0.77208700 0.00290200 -0.63551100
vn 0.77213700 0.00293900 -0.63545000
vn 0.77209000 0.00290500 -0.63550700
vn 0.77209000 0.00290500 -0.63550700
vn 0.77208600 0.00290400 -0.63551100
vn 0.77209000 0.00290500 -0.63550700
vn 0.77203200 0.00297600 -0.63557700
vn 0.77208600 0.00290400 -0.63551100
vn 0.77208700 0.00290200 -0.63551100
vn 0.77203200 0.00297600 -0.63557700
vn 0.00387100 -0.99999200 0.00019000
vn 0.00394200 -0.99999200 0.00004400
vn 0.00394200 -0.99999200 0.00004400
vn 0.00364200 -0.99999300 -0.00007000
vn 0.00381200 -0.99999300 0.00003900
vn 0.00373500 -0.99999300 -0.00001900
vn 0.00394200 -0.99999200 0.00004400
vn 0.00387100 -0.99999200 0.00019000
vn 0.00380300 -0.99999300 0.00001000
vn 0.00369900 -0.99999300 0.00001000
vn 0.00378200 -0.99999300 0.00000100
vn 0.00379100 -0.99999300 0.00011600
vn 0.00360800 -0.99999300 0.00010400
vn 0.00379100 -0.99999300 0.00011600
vn 0.00360800 -0.99999300 0.00010400
vn 0.00379100 -0.99999300 0.00011600
vn 0.00380300 -0.99999300 0.00001000
vn 0.00364200 -0.99999300 -0.00007000
vn 0.00373500 -0.99999300 -0.00001900
vn 0.00376100 -0.99999300 0.00003000
vn 0.00364200 -0.99999300 -0.00007000
vn 0.00373500 -0.99999300 -0.00001900
vn 0.00381900 -0.99999300 0.00015900
vn 0.00376100 -0.99999300 0.00003000
vn 0.00376100 -0.99999300 0.00003000
vn 0.00381900 -0.99999300 0.00015900
vn 0.00382000 -0.99999300 0.00006600
vn 0.00382000 -0.99999300 0.00006600
vn 0.00384100 -0.99999300 -0.00000100
vn 0.00381900 -0.99999300 0.00015900
vn 0.00379600 -0.99999300 0.00000700
vn 0.00385500 -0.99999300 0.00000600
vn 0.00384100 -0.99999300 -0.00000100
vn 0.00382000 -0.99999300 0.00006600
vn 0.00381200 -0.99999300 0.00003900
vn 0.00374300 -0.99999300 0.00002600
vn 0.00370700 -0.99999300 0.00002300
vn 0.00380300 -0.99999300 0.00001000
vn 0.00385600 -0.99999300 0.00004600
vn 0.00385600 -0.99999300 0.00004600
vn 0.00381200 -0.99999300 0.00003900
vn 0.00387100 -0.99999200 0.00019000
vn 0.00369900 -0.99999300 0.00001000
vn 0.00374100 -0.99999300 0.00000500
vn 0.00378200 -0.99999300 0.00000100
vn 0.00376800 -0.99999300 0.00007400
vn 0.00369900 -0.99999300 0.00001000
vn 0.00378100 -0.99999300 0.00002400
vn 0.00374100 -0.99999300 0.00000500
vn 0.00360800 -0.99999300 0.00010400
vn 0.00378100 -0.99999300 0.00002400
vn 0.00374100 -0.99999300 0.00000500
vn 0.00370700 -0.99999300 0.00002300
vn 0.00374300 -0.99999300 0.00002600
vn 0.00370700 -0.99999300 0.00002300
vn 0.00378100 -0.99999300 0.00002400
vn 0.00374300 -0.99999300 0.00002600
vn 0.00385600 -0.99999300 0.00004600
vn 0.00374200 -0.99999300 -0.00000500
vn 0.00376800 -0.99999300 0.00007400
vn 0.00378200 -0.99999300 0.00000100
vn 0.00376800 -0.99999300 0.00007400
vn 0.00383200 -0.99999300 0.00000100
vn 0.00374200 -0.99999300 -0.00000500
vn 0.00376100 -0.99999300 -0.00004600
vn 0.00383200 -0.99999300 0.00000100
vn 0.00374200 -0.99999300 -0.00000500
vn 0.00383400 -0.99999300 -0.00000600
vn 0.00376100 -0.99999300 -0.00004600
vn 0.00383200 -0.99999300 0.00000100
vn 0.00383400 -0.99999300 -0.00000600
vn 0.00375200 -0.99999300 -0.00014400
vn 0.00376100 -0.99999300 -0.00004600
vn 0.00384500 -0.99999300 -0.00013400
vn 0.00354800 -0.99999400 -0.00003500
vn 0.00383400 -0.99999300 -0.00000600
vn 0.00375200 -0.99999300 -0.00014400
vn 0.00385500 -0.99999300 0.00000600
vn 0.00384100 -0.99999300 -0.00000100
vn 0.00385500 -0.99999300 0.00000600
vn 0.00379600 -0.99999300 0.00000700
vn 0.00379300 -0.99999300 -0.00002000
vn 0.00379600 -0.99999300 0.00000700
vn 0.00379300 -0.99999300 -0.00002000
vn 0.00383500 -0.99999300 -0.00002800
vn 0.00376300 -0.99999300 -0.00003700
vn 0.00383500 -0.99999300 -0.00002800
vn 0.00379300 -0.99999300 -0.00002000
vn 0.00376300 -0.99999300 -0.00003700
vn 0.00354800 -0.99999400 -0.00003500
vn 0.00383500 -0.99999300 -0.00002800
vn 0.00376300 -0.99999300 -0.00003700
vn 0.00384500 -0.99999300 -0.00013400
vn 0.00354800 -0.99999400 -0.00003500
vn 0.00384500 -0.99999300 -0.00013400
vn 0.00375200 -0.99999300 -0.00014400
vn 0.00379600 -0.99999300 0.00003100
vn 0.00371900 -0.99999300 0.00008200
vn 0.00386200 -0.99999300 0.00005700
vn 0.00380300 -0.99999300 0.00007000
vn 0.00374100 -0.99999300 -0.00015800
vn 0.00376800 -0.99999300 -0.00006800
vn 0.00380300 -0.99999300 0.00007000
vn 0.00379600 -0.99999300 0.00003100
vn 0.00380300 -0.99999300 0.00007000
vn 0.00376800 -0.99999300 -0.00006800
vn 0.00372000 -0.99999300 0.00012700
vn 0.00376800 -0.99999300 -0.00006800
vn 0.00374100 -0.99999300 -0.00015800
vn 0.00374100 -0.99999300 -0.00015800
vn 0.00372000 -0.99999300 0.00012700
vn 0.00363200 -0.99999300 0.00008700
vn 0.00362500 -0.99999300 0.00000400
vn 0.00372000 -0.99999300 0.00012700
vn 0.00363200 -0.99999300 0.00008700
vn 0.00367800 -0.99999300 0.00003800
vn 0.00363200 -0.99999300 0.00008700
vn 0.00362500 -0.99999300 0.00000400
vn 0.00374000 -0.99999300 0.00003400
vn 0.00362500 -0.99999300 0.00000400
vn 0.00367800 -0.99999300 0.00003800
vn 0.00374500 -0.99999300 -0.00010100
vn 0.00349200 -0.99999400 -0.00009700
vn 0.00375800 -0.99999300 0.00002700
vn 0.00367800 -0.99999300 -0.00004400
vn 0.00367800 -0.99999300 -0.00004400
vn 0.00349200 -0.99999400 -0.00009700
vn 0.00367800 -0.99999300 -0.00004400
vn 0.00374200 -0.99999300 0.00002600
vn 0.00367800 -0.99999300 0.00003800
vn 0.00374000 -0.99999300 0.00003400
vn 0.00378200 -0.99999300 0.00002400
vn 0.00374000 -0.99999300 0.00003400
vn 0.00374200 -0.99999300 0.00002600
vn 0.00376400 -0.99999300 0.00002500
vn 0.00374200 -0.99999300 0.00002600
vn 0.00378200 -0.99999300 0.00002400
vn 0.00378200 -0.99999300 0.00002400
vn 0.00376400 -0.99999300 0.00002500
vn 0.00376300 -0.99999300 -0.00004000
vn 0.00385500 -0.99999300 -0.00011600
vn 0.00364600 -0.99999300 -0.00008100
vn 0.00376300 -0.99999300 -0.00004000
vn 0.00376400 -0.99999300 0.00002500
vn 0.00372800 -0.99999300 0.00000600
vn 0.00377400 -0.99999300 0.00003800
vn 0.00377400 -0.99999300 0.00003800
vn 0.00376300 -0.99999300 -0.00004000
vn 0.00378800 -0.99999300 0.00000400
vn 0.00380200 -0.99999300 0.00004200
vn 0.00385500 -0.99999300 -0.00011600
vn 0.00378300 -0.99999300 0.00001000
vn 0.00377400 -0.99999300 0.00003800
vn 0.00375800 -0.99999300 0.00002700
vn 0.00374500 -0.99999300 -0.00010100
vn 0.00373100 -0.99999300 -0.00012900
vn 0.00379200 -0.99999300 0.00007700
vn 0.00373100 -0.99999300 -0.00012900
vn 0.00379200 -0.99999300 0.00007700
vn 0.00378800 -0.99999300 0.00000400
vn 0.00373100 -0.99999300 -0.00012900
vn 0.00379200 -0.99999300 0.00007700
vn 0.00378800 -0.99999300 0.00000400
vn 0.00349200 -0.99999400 -0.00009700
vn 0.00374500 -0.99999300 -0.00010100
vn 0.00395700 -0.99999200 -0.00000200
vn 0.00375800 -0.99999300 0.00002700
vn 0.00376100 -0.99999300 0.00000400
vn 0.00395700 -0.99999200 -0.00000200
vn 0.00374200 -0.99999300 0.00004900
vn 0.00376100 -0.99999300 0.00000400
vn 0.00395700 -0.99999200 -0.00000200
vn 0.00384200 -0.99999300 0.00001800
vn 0.00376100 -0.99999300 0.00000400
vn 0.00374200 -0.99999300 0.00004900
vn 0.00384200 -0.99999300 0.00001800
vn 0.00386200 -0.99999300 0.00005700
vn 0.00374200 -0.99999300 0.00004900
vn 0.00386200 -0.99999300 0.00005700
vn 0.00384200 -0.99999300 0.00001800
vn 0.00371900 -0.99999300 0.00008200
vn 0.00379600 -0.99999300 0.00003100
vn 0.00371900 -0.99999300 0.00008200
vn 0.00380200 -0.99999300 0.00004200
vn 0.00380200 -0.99999300 0.00004200
vn 0.00378300 -0.99999300 0.00001000
vn 0.00385500 -0.99999300 -0.00011600
vn 0.00378300 -0.99999300 0.00001000
vn 0.00364600 -0.99999300 -0.00008100
vn 0.00364600 -0.99999300 -0.00008100
vn 0.00372800 -0.99999300 0.00000600
vn 0.00372800 -0.99999300 0.00000600
vn 0.00375800 -0.99999300 -0.00003500
vn 0.00377000 -0.99999300 -0.00001100
vn 0.00377100 -0.99999300 -0.00001100
vn 0.00378200 -0.99999300 0.00001800
vn 0.00378000 -0.99999300 -0.00015300
vn 0.00378300 -0.99999300 0.00006800
vn 0.00378300 -0.99999300 -0.00010700
vn 0.00378000 -0.99999300 -0.00015300
vn 0.00377200 -0.99999300 0.00000000
vn 0.00379300 -0.99999300 0.00003400
vn 0.00381600 -0.99999300 0.00004200
vn 0.00375000 -0.99999300 -0.00003000
vn 0.00370400 -0.99999300 -0.00001200
vn 0.00379300 -0.99999300 0.00003400
vn 0.00377200 -0.99999300 0.00000000
vn 0.00379300 -0.99999300 0.00003400
vn 0.00379800 -0.99999300 0.00000700
vn 0.00381600 -0.99999300 0.00004200
vn 0.00377100 -0.99999300 0.00000000
vn 0.00379800 -0.99999300 0.00000700
vn 0.00381600 -0.99999300 0.00004200
vn 0.00375800 -0.99999300 -0.00003500
vn 0.00379800 -0.99999300 0.00000700
vn 0.00377100 -0.99999300 0.00000000
vn 0.00375800 -0.99999300 -0.00003500
vn 0.00377100 -0.99999300 0.00000000
vn 0.00352300 -0.99999400 -0.00008700
vn 0.00385700 -0.99999300 -0.00000200
vn 0.00373900 -0.99999300 0.00001100
vn 0.00346400 -0.99999400 0.00019900
vn 0.00352300 -0.99999400 -0.00008700
vn 0.00385800 -0.99999300 0.00001900
vn 0.00373900 -0.99999300 0.00001100
vn 0.00366800 -0.99999300 -0.00002400
vn 0.00383200 -0.99999300 0.00001400
vn 0.00385800 -0.99999300 0.00001900
vn 0.00373900 -0.99999300 0.00001100
vn 0.00371800 -0.99999300 -0.00000900
vn 0.00385800 -0.99999300 0.00001900
vn 0.00383200 -0.99999300 0.00001400
vn 0.00380200 -0.99999300 0.00003600
vn 0.00371800 -0.99999300 -0.00000900
vn 0.00383200 -0.99999300 0.00001400
vn 0.00371800 -0.99999300 -0.00000900
vn 0.00363100 -0.99999300 -0.00000900
vn 0.00369300 -0.99999300 -0.00005100
vn 0.00380200 -0.99999300 0.00003600
vn 0.00348700 -0.99999400 0.00030100
vn 0.00365700 -0.99999300 0.00001500
vn 0.00363100 -0.99999300 -0.00000900
vn 0.00380200 -0.99999300 0.00003600
vn 0.00375000 -0.99999300 -0.00003000
vn 0.00386100 -0.99999300 -0.00002900
vn 0.00377200 -0.99999300 0.00000000
vn 0.00380700 -0.99999300 -0.00000400
vn 0.00374600 -0.99999300 -0.00001800
vn 0.00365500 -0.99999300 -0.00007100
vn 0.00370400 -0.99999300 -0.00001200
vn 0.00375000 -0.99999300 -0.00003000
vn 0.00380700 -0.99999300 -0.00000400
vn 0.00363700 -0.99999300 -0.00003500
vn 0.00370400 -0.99999300 -0.00001200
vn 0.00365500 -0.99999300 -0.00007100
vn 0.00363700 -0.99999300 -0.00003500
vn 0.00365500 -0.99999300 -0.00007100
vn 0.00363700 -0.99999300 -0.00003500
vn 0.00377800 -0.99999300 0.00000600
vn 0.00365700 -0.99999300 0.00001500
vn 0.00348700 -0.99999400 0.00030100
vn 0.00386200 -0.99999300 -0.00003100
vn 0.00348700 -0.99999400 0.00030100
vn 0.00361700 -0.99999300 0.00003200
vn 0.00369300 -0.99999300 -0.00005100
vn 0.00369300 -0.99999300 -0.00005100
vn 0.00361700 -0.99999300 0.00003200
vn 0.00376100 -0.99999300 0.00001500
vn 0.00377800 -0.99999300 0.00000600
vn 0.00365700 -0.99999300 0.00001500
vn 0.00363100 -0.99999300 -0.00000900
vn 0.00386200 -0.99999300 -0.00003100
vn 0.00386100 -0.99999300 -0.00002900
vn 0.00377800 -0.99999300 0.00000600
vn 0.00386200 -0.99999300 -0.00003100
vn 0.00386100 -0.99999300 -0.00002900
vn 0.00374600 -0.99999300 -0.00001800
vn 0.00374600 -0.99999300 -0.00001800
vn 0.00380700 -0.99999300 -0.00000400
vn 0.00379000 -0.99999300 0.00004500
vn 0.00379000 -0.99999300 0.00004500
vn 0.00346400 -0.99999400 0.00019900
vn 0.00346400 -0.99999400 0.00019900
vn 0.00366800 -0.99999300 -0.00002400
vn 0.00379000 -0.99999300 0.00004600
vn 0.00352300 -0.99999400 -0.00008700
vn 0.00385700 -0.99999300 -0.00000200
vn 0.00366800 -0.99999300 -0.00002400
vn 0.00358300 -0.99999400 -0.00004400
vn 0.00385700 -0.99999300 -0.00000200
vn 0.00378200 -0.99999300 0.00001800
vn 0.00358300 -0.99999400 -0.00004400
vn 0.00378200 -0.99999300 0.00001800
vn 0.00378300 -0.99999300 0.00006800
vn 0.00358300 -0.99999400 -0.00004400
vn 0.00378300 -0.99999300 0.00006800
vn 0.00378000 -0.99999300 -0.00015300
vn 0.00377000 -0.99999300 -0.00022700
vn 0.00367900 -0.99999300 -0.00013300
vn 0.00367900 -0.99999300 -0.00013300
vn 0.00374400 -0.99999300 0.00007600
vn 0.00377000 -0.99999300 -0.00022700
vn 0.00367900 -0.99999300 -0.00013300
vn 0.00374400 -0.99999300 0.00007600
vn 0.00377700 -0.99999300 0.00001900
vn 0.00375900 -0.99999300 0.00000000
vn 0.00377000 -0.99999300 -0.00022700
vn 0.00377200 -0.99999300 0.00004700
vn 0.00377400 -0.99999300 0.00000400
vn 0.00376100 -0.99999300 -0.00002700
vn 0.00380000 -0.99999300 0.00028300
vn 0.00377200 -0.99999300 0.00004700
vn 0.00376700 -0.99999300 0.00003900
vn 0.00377200 -0.99999300 0.00004700
vn 0.00376700 -0.99999300 0.00003900
vn 0.00376100 -0.99999300 -0.00002700
vn 0.00376500 -0.99999300 -0.00006300
vn 0.00376700 -0.99999300 0.00003900
vn 0.00369400 -0.99999300 0.00001200
vn 0.00376500 -0.99999300 -0.00006300
vn 0.00382300 -0.99999300 -0.00011000
vn 0.00372300 -0.99999300 0.00027300
vn 0.00377700 -0.99999300 -0.00012500
vn 0.00371900 -0.99999300 0.00002100
vn 0.00377600 -0.99999300 -0.00007300
vn 0.00376500 -0.99999300 -0.00006300
vn 0.00369400 -0.99999300 0.00001200
vn 0.00374700 -0.99999300 0.00000300
vn 0.00377700 -0.99999300 0.00001900
vn 0.00375900 -0.99999300 0.00000000
vn 0.00377000 -0.99999300 0.00001300
vn 0.00377000 -0.99999300 0.00001300
vn 0.00377700 -0.99999300 0.00001900
vn 0.00374400 -0.99999300 0.00007600
vn 0.00372400 -0.99999300 -0.00007700
vn 0.00377000 -0.99999300 0.00001300
vn 0.00375000 -0.99999300 0.00000500
vn 0.00372400 -0.99999300 -0.00007700
vn 0.00375000 -0.99999300 0.00000500
vn 0.00375600 -0.99999300 0.00004000
vn 0.00372400 -0.99999300 -0.00007700
vn 0.00374900 -0.99999300 0.00003300
vn 0.00382300 -0.99999300 -0.00011000
vn 0.00371900 -0.99999300 0.00002100
vn 0.00375600 -0.99999300 0.00004000
vn 0.00375000 -0.99999300 0.00000500
vn 0.00375900 -0.99999300 0.00000000
vn 0.00374700 -0.99999300 0.00000300
vn 0.00383100 -0.99999300 -0.00002900
vn 0.00374700 -0.99999300 0.00000300
vn 0.00372500 -0.99999300 -0.00003300
vn 0.00383100 -0.99999300 -0.00002900
vn 0.00383100 -0.99999300 -0.00002900
vn 0.00383800 -0.99999300 0.00000300
vn 0.00372500 -0.99999300 -0.00003300
vn 0.00377000 -0.99999300 -0.00001300
vn 0.00372500 -0.99999300 -0.00003300
vn 0.00383800 -0.99999300 0.00000300
vn 0.00394100 -0.99999200 -0.00000500
vn 0.00377400 -0.99999300 0.00000400
vn 0.00380000 -0.99999300 0.00028300
vn 0.00378600 -0.99999300 0.00019100
vn 0.00373100 -0.99999300 -0.00010500
vn 0.00376100 -0.99999300 -0.00002700
vn 0.00380000 -0.99999300 0.00028300
vn 0.00378600 -0.99999300 0.00019100
vn 0.00382300 -0.99999300 0.00007200
vn 0.00378600 -0.99999300 0.00019100
vn 0.00359700 -0.99999300 0.00037800
vn 0.00382300 -0.99999300 0.00007200
vn 0.00359700 -0.99999300 0.00037800
vn 0.00382300 -0.99999300 0.00007200
vn 0.00359700 -0.99999300 0.00037800
vn 0.00369400 -0.99999300 0.00001200
vn 0.00377600 -0.99999300 -0.00007300
vn 0.00371900 -0.99999300 0.00002100
vn 0.00377600 -0.99999300 -0.00007300
vn 0.00377900 -0.99999300 0.00003300
vn 0.00377400 -0.99999300 0.00000400
vn 0.00373100 -0.99999300 -0.00010500
vn 0.00376100 -0.99999300 -0.00001200
vn 0.00373100 -0.99999300 -0.00010500
vn 0.00377900 -0.99999300 0.00003300
vn 0.00377900 -0.99999300 0.00003300
vn 0.00377000 -0.99999300 -0.00001300
vn 0.00376100 -0.99999300 -0.00001200
vn 0.00376100 -0.99999300 -0.00001200
vn 0.00394100 -0.99999200 -0.00000400
vn 0.00377000 -0.99999300 -0.00001300
vn 0.00383800 -0.99999300 0.00000300
vn 0.00394100 -0.99999200 -0.00000400
vn 0.00374900 -0.99999300 0.00003300
vn 0.00375600 -0.99999300 0.00004000
vn 0.00374900 -0.99999300 0.00003300
vn 0.00372300 -0.99999300 0.00027300
vn 0.00382300 -0.99999300 -0.00011000
vn 0.00372300 -0.99999300 0.00027300
vn 0.00377700 -0.99999300 -0.00012500
vn 0.00377700 -0.99999300 -0.00012500
vn 0.81368700 0.00306500 0.58129500
vn 0.81368700 0.00306500 0.58129500
vn 0.81369400 0.00306200 0.58128600
vn 0.81369400 0.00306200 0.58128600
vn 0.81368700 0.00306500 0.58129500
vn 0.81369400 0.00306200 0.58128600
vn 0.99531900 0.00374600 0.09656700
vn 0.99531800 0.00375000 0.09658700
vn 0.99531900 0.00374600 0.09656700
vn 0.99531800 0.00375000 0.09658700
vn 0.99531900 0.00374600 0.09656700
vn 0.99531800 0.00375000 0.09658700
vn 0.91029500 0.00343000 -0.41394600
vn 0.91027800 0.00342100 -0.41398400
vn 0.91029500 0.00343000 -0.41394600
vn 0.91029500 0.00343000 -0.41394600
vn 0.91027800 0.00342100 -0.41398400
vn 0.91027800 0.00342100 -0.41398400
vn 0.58130900 0.00218500 -0.81368000
vn 0.58130900 0.00218500 -0.81368000
vn 0.58132400 0.00218900 -0.81366900
vn 0.58130900 0.00218500 -0.81368000
vn 0.58132400 0.00218900 -0.81366900
vn 0.58132400 0.00218900 -0.81366900
vn 0.09663200 0.00036400 -0.99532000
vn 0.09663200 0.00036400 -0.99532000
vn 0.09663300 0.00036400 -0.99532000
vn 0.09663300 0.00036400 -0.99532000
vn 0.09663200 0.00036400 -0.99532000
vn 0.09663300 0.00036400 -0.99532000
vn -0.41401100 -0.00156000 -0.91027000
vn -0.41401100 -0.00156000 -0.91027000
vn -0.41401200 -0.00156000 -0.91027000
vn -0.41401100 -0.00156000 -0.91027000
vn -0.41401200 -0.00156000 -0.91027000
vn -0.41401200 -0.00156000 -0.91027000
vn -0.81369300 -0.00306400 -0.58128700
vn -0.81370000 -0.00306500 -0.58127800
vn -0.81369300 -0.00306400 -0.58128700
vn -0.81370000 -0.00306500 -0.58127800
vn -0.81369300 -0.00306400 -0.58128700
vn -0.81370000 -0.00306500 -0.58127800
vn -0.99530900 -0.00375000 -0.09667300
vn -0.99530800 -0.00374800 -0.09668200
vn -0.99530900 -0.00375000 -0.09667300
vn -0.99530800 -0.00374800 -0.09668200
vn -0.99530900 -0.00375000 -0.09667300
vn -0.99530800 -0.00374800 -0.09668200
vn -0.91028700 -0.00342900 0.41396300
vn -0.91029100 -0.00342700 0.41395500
vn -0.91028700 -0.00342900 0.41396300
vn -0.91029100 -0.00342700 0.41395500
vn -0.91028700 -0.00342900 0.41396300
vn -0.91029100 -0.00342700 0.41395500
vn -0.58130900 -0.00218800 0.81368000
vn -0.58130700 -0.00219000 0.81368200
vn -0.58130900 -0.00218800 0.81368000
vn -0.58130700 -0.00219000 0.81368200
vn -0.58130900 -0.00218800 0.81368000
vn -0.58130700 -0.00219000 0.81368200
vn -0.09654400 -0.00036400 0.99532900
vn -0.09654400 -0.00036300 0.99532900
vn -0.09654400 -0.00036400 0.99532900
vn -0.09654400 -0.00036400 0.99532900
vn -0.09654400 -0.00036300 0.99532900
vn -0.09654400 -0.00036300 0.99532900
vn 0.41390700 0.00155800 0.91031800
vn 0.41390400 0.00155900 0.91031900
vn 0.41390700 0.00155800 0.91031800
vn 0.41390400 0.00155900 0.91031900
vn 0.41390700 0.00155800 0.91031800
vn 0.41390400 0.00155900 0.91031900
vn 0.81366800 0.00306200 0.58132200
vn 0.81366800 0.00306200 0.58132200
vn 0.81366400 0.00306000 0.58132700
vn 0.81366800 0.00306200 0.58132200
vn 0.81366400 0.00306000 0.58132700
vn 0.81366400 0.00306000 0.58132700
vn 0.99532000 0.00374300 0.09656300
vn 0.99531700 0.00374900 0.09659200
vn 0.99532000 0.00374300 0.09656300
vn 0.99532000 0.00374300 0.09656300
vn 0.99531700 0.00374900 0.09659200
vn 0.99531700 0.00374900 0.09659200
vn 0.91028300 0.00342900 -0.41397200
vn 0.91028300 0.00342900 -0.41397200
vn 0.91028500 0.00342900 -0.41396800
vn 0.91028300 0.00342900 -0.41397200
vn 0.91028500 0.00342900 -0.41396800
vn 0.91028500 0.00342900 -0.41396800
vn 0.58131200 0.00218800 -0.81367800
vn 0.58131200 0.00218800 -0.81367800
vn 0.58131500 0.00219100 -0.81367600
vn 0.58131200 0.00218800 -0.81367800
vn 0.58131500 0.00219100 -0.81367600
vn 0.58131500 0.00219100 -0.81367600
vn 0.09663600 0.00036500 -0.99532000
vn 0.09663600 0.00036500 -0.99532000
vn 0.09663200 0.00036400 -0.99532000
vn 0.09663200 0.00036400 -0.99532000
vn 0.09663600 0.00036500 -0.99532000
vn 0.09663200 0.00036400 -0.99532000
vn -0.41400500 -0.00155800 -0.91027300
vn -0.41400500 -0.00155800 -0.91027300
vn -0.41400800 -0.00155900 -0.91027200
vn -0.41400800 -0.00155900 -0.91027200
vn -0.41400500 -0.00155800 -0.91027300
vn -0.41400800 -0.00155900 -0.91027200
vn -0.81367000 -0.00306400 -0.58131800
vn -0.81367000 -0.00306400 -0.58131800
vn -0.81366700 -0.00306300 -0.58132300
vn -0.81367000 -0.00306400 -0.58131800
vn -0.81366700 -0.00306300 -0.58132300
vn -0.81366700 -0.00306300 -0.58132300
vn -0.99531100 -0.00374700 -0.09665000
vn -0.99531100 -0.00374700 -0.09665000
vn -0.99531200 -0.00374500 -0.09664200
vn -0.99531100 -0.00374700 -0.09665000
vn -0.99531200 -0.00374500 -0.09664200
vn -0.99531200 -0.00374500 -0.09664200
vn -0.91026400 -0.00342500 0.41401400
vn -0.91024900 -0.00343000 0.41404800
vn -0.91026400 -0.00342500 0.41401400
vn -0.91026400 -0.00342500 0.41401400
vn -0.91024900 -0.00343000 0.41404800
vn -0.91024900 -0.00343000 0.41404800
vn -0.58137700 -0.00218900 0.81363200
vn -0.58137700 -0.00218900 0.81363200
vn -0.58138100 -0.00219000 0.81362900
vn -0.58138100 -0.00219000 0.81362900
vn -0.58137700 -0.00218900 0.81363200
vn -0.58138100 -0.00219000 0.81362900
vn -0.09655000 -0.00036400 0.99532800
vn -0.09655100 -0.00036400 0.99532800
vn -0.09655000 -0.00036400 0.99532800
vn -0.09655100 -0.00036400 0.99532800
vn -0.09655000 -0.00036400 0.99532800
vn -0.09655100 -0.00036400 0.99532800
vn 0.41397800 0.00155900 0.91028500
vn 0.41397400 0.00155500 0.91028700
vn 0.41397800 0.00155900 0.91028500
vn 0.41397400 0.00155500 0.91028700
vn 0.41397800 0.00155900 0.91028500
vn 0.41397400 0.00155500 0.91028700
vn 0.81369600 0.00306000 0.58128300
vn 0.81369500 0.00306000 0.58128400
vn 0.81369600 0.00306000 0.58128300
vn 0.81369600 0.00306000 0.58128300
vn 0.81369500 0.00306000 0.58128400
vn 0.81369500 0.00306000 0.58128400
vn 0.99531100 0.00374300 0.09665300
vn 0.99530800 0.00375200 0.09668700
vn 0.99531100 0.00374300 0.09665300
vn 0.99531100 0.00374300 0.09665300
vn 0.99530800 0.00375200 0.09668700
vn 0.99530800 0.00375200 0.09668700
vn 0.91025200 0.00343100 -0.41404100
vn 0.91029500 0.00343900 -0.41394700
vn 0.91025200 0.00343100 -0.41404100
vn 0.91029500 0.00343900 -0.41394700
vn 0.91025200 0.00343100 -0.41404100
vn 0.91029500 0.00343900 -0.41394700
vn 0.58130400 0.00219800 -0.81368400
vn 0.58127200 0.00218900 -0.81370700
vn 0.58130400 0.00219800 -0.81368400
vn 0.58130400 0.00219800 -0.81368400
vn 0.58127200 0.00218900 -0.81370700
vn 0.58127200 0.00218900 -0.81370700
vn 0.09655300 0.00036400 -0.99532800
vn 0.09655300 0.00036400 -0.99532800
vn 0.09655200 0.00036400 -0.99532800
vn 0.09655300 0.00036400 -0.99532800
vn 0.09655200 0.00036400 -0.99532800
vn 0.09655200 0.00036400 -0.99532800
vn -0.41389200 -0.00155800 -0.91032500
vn -0.41389200 -0.00155800 -0.91032500
vn -0.41391600 -0.00156000 -0.91031400
vn -0.41389200 -0.00155800 -0.91032500
vn -0.41391600 -0.00156000 -0.91031400
vn -0.41391600 -0.00156000 -0.91031400
vn -0.81368900 -0.00306400 -0.58129300
vn -0.81368900 -0.00306400 -0.58129300
vn -0.81370000 -0.00306400 -0.58127600
vn -0.81370000 -0.00306400 -0.58127600
vn -0.81368900 -0.00306400 -0.58129300
vn -0.81370000 -0.00306400 -0.58127600
vn -0.99531600 -0.00374800 -0.09660500
vn -0.99531600 -0.00374800 -0.09660500
vn -0.99532100 -0.00374800 -0.09654700
vn -0.99531600 -0.00374800 -0.09660500
vn -0.99532100 -0.00374800 -0.09654700
vn -0.99532100 -0.00374800 -0.09654700
vn -0.91029300 -0.00342900 0.41395100
vn -0.91029300 -0.00342900 0.41395100
vn -0.91028400 -0.00343000 0.41397100
vn -0.91028400 -0.00343000 0.41397100
vn -0.91029300 -0.00342900 0.41395100
vn -0.91028400 -0.00343000 0.41397100
vn -0.58132300 -0.00219200 0.81367000
vn -0.58131800 -0.00218900 0.81367300
vn -0.58132300 -0.00219200 0.81367000
vn -0.58131800 -0.00218900 0.81367300
vn -0.58132300 -0.00219200 0.81367000
vn -0.58131800 -0.00218900 0.81367300
vn -0.09663200 -0.00036400 0.99532000
vn -0.09663200 -0.00036400 0.99532000
vn -0.09663200 -0.00036400 0.99532000
vn -0.09663200 -0.00036400 0.99532000
vn -0.09663200 -0.00036400 0.99532000
vn -0.09663200 -0.00036400 0.99532000
vn 0.41400100 0.00155900 0.91027500
vn 0.41401200 0.00155700 0.91027000
vn 0.41400100 0.00155900 0.91027500
vn 0.41400100 0.00155900 0.91027500
vn 0.41401200 0.00155700 0.91027000
vn 0.41401200 0.00155700 0.91027000
vn 0.81367100 0.00306200 0.58131800
vn 0.81367100 0.00306200 0.58131800
vn 0.81366600 0.00306400 0.58132500
vn 0.81367100 0.00306200 0.58131800
vn 0.81366600 0.00306400 0.58132500
vn 0.81366600 0.00306400 0.58132500
vn 0.99531000 0.00374800 0.09666200
vn 0.99531000 0.00374800 0.09666200
vn 0.99531700 0.00373100 0.09658800
vn 0.99531000 0.00374800 0.09666200
vn 0.99531700 0.00373100 0.09658800
vn 0.99531700 0.00373100 0.09658800
vn 0.91024700 0.00341600 -0.41405100
vn 0.91024700 0.00341600 -0.41405100
vn 0.91028500 0.00342900 -0.41396700
vn 0.91028500 0.00342900 -0.41396700
vn 0.91024700 0.00341600 -0.41405100
vn 0.91028500 0.00342900 -0.41396700
vn 0.58138000 0.00219000 -0.81362900
vn 0.58138000 0.00219000 -0.81362900
vn 0.58136400 0.00218800 -0.81364100
vn 0.58138000 0.00219000 -0.81362900
vn 0.58136400 0.00218800 -0.81364100
vn 0.58136400 0.00218800 -0.81364100
vn 0.09654500 0.00036400 -0.99532900
vn 0.09654500 0.00036400 -0.99532900
vn 0.09655100 0.00036500 -0.99532800
vn 0.09655100 0.00036500 -0.99532800
vn 0.09654500 0.00036400 -0.99532900
vn 0.09655100 0.00036500 -0.99532800
vn -0.41401300 -0.00156600 -0.91027000
vn -0.41396600 -0.00155700 -0.91029100
vn -0.41401300 -0.00156600 -0.91027000
vn -0.41401300 -0.00156600 -0.91027000
vn -0.41396600 -0.00155700 -0.91029100
vn -0.41396600 -0.00155700 -0.91029100
vn -0.81366800 -0.00306200 -0.58132200
vn -0.81366800 -0.00306200 -0.58132200
vn -0.81366400 -0.00305900 -0.58132800
vn -0.81366800 -0.00306200 -0.58132200
vn -0.81366400 -0.00305900 -0.58132800
vn -0.81366400 -0.00305900 -0.58132800
vn -0.99531000 -0.00374300 -0.09666500
vn -0.99531200 -0.00374900 -0.09664600
vn -0.99531000 -0.00374300 -0.09666500
vn -0.99531000 -0.00374300 -0.09666500
vn -0.99531200 -0.00374900 -0.09664600
vn -0.99531200 -0.00374900 -0.09664600
vn -0.91025800 -0.00342900 0.41402800
vn -0.91024400 -0.00342700 0.41405800
vn -0.91025800 -0.00342900 0.41402800
vn -0.91025800 -0.00342900 0.41402800
vn -0.91024400 -0.00342700 0.41405800
vn -0.91024400 -0.00342700 0.41405800
vn -0.58131600 -0.00218900 0.81367500
vn -0.58131600 -0.00218900 0.81367500
vn -0.58133400 -0.00218600 0.81366200
vn -0.58131600 -0.00218900 0.81367500
vn -0.58133400 -0.00218600 0.81366200
vn -0.58133400 -0.00218600 0.81366200
vn -0.09664200 -0.00036300 0.99531900
vn -0.09664200 -0.00036300 0.99531900
vn -0.09664000 -0.00036500 0.99531900
vn -0.09664200 -0.00036300 0.99531900
vn -0.09664000 -0.00036500 0.99531900
vn -0.09664000 -0.00036500 0.99531900
vn 0.41397300 0.00155700 0.91028800
vn 0.41397600 0.00155900 0.91028600
vn 0.41397300 0.00155700 0.91028800
vn 0.41397600 0.00155900 0.91028600
vn 0.41397300 0.00155700 0.91028800
vn 0.41397600 0.00155900 0.91028600
vn -0.81665300 -0.00387900 -0.57711600
vn -0.82906800 -0.00311700 -0.55913800
vn -0.85435300 -0.00683500 -0.51964900
vn -0.49659600 0.01077300 -0.86791500
vn -0.44222700 -0.00281700 -0.89689900
vn -0.41591200 -0.00268400 -0.90940100
vn -0.37379800 0.00267600 -0.92750600
vn -0.38925900 -0.00146700 -0.92112700
vn 0.66637000 0.02387600 -0.74523900
vn 0.63587200 -0.00272600 -0.77179000
vn 0.64256300 0.00882100 -0.76618200
vn 0.56240500 -0.00407100 -0.82685200
vn 0.69179300 0.01667400 -0.72190400
vn 0.70428400 -0.01224000 -0.70981300
vn 0.75256600 -0.00461700 -0.65850000
vn 0.74588400 -0.01207900 -0.66596600
vn 0.79296400 0.00796400 -0.60921700
vn 0.81137000 -0.00274400 -0.58452700
vn 0.83796600 0.00144400 -0.54572000
vn 0.85434200 0.00152600 -0.51970900
vn 0.87684000 0.00638900 -0.48074100
vn 0.86991400 0.00327700 -0.49319300
vn 0.84015600 -0.00282600 0.54233700
vn 0.88807000 -0.00332600 0.45969700
vn 0.83630800 0.01984600 0.54790100
vn 0.28034600 -0.00561500 0.95988300
vn 0.37064000 -0.00459800 0.92876500
vn 0.37065800 -0.00458900 0.92875800
vn 0.33616400 -0.00471600 0.94179200
vn 0.39237000 0.00964300 0.91975700
vn 0.40364300 0.00697100 0.91489000
vn 0.43015900 0.00707400 0.90272600
vn 0.45891600 -0.01329500 0.88838000
vn 0.49630400 -0.00400800 0.86814000
vn 0.52393600 -0.00383200 0.85174900
vn 0.56453400 0.01127400 0.82533300
vn 0.58649200 0.00220900 0.80995200
vn 0.62505800 0.00237400 0.78057500
vn 0.64580000 0.00245400 0.76350300
vn 0.68586500 0.00260500 0.72772500
vn 0.70126700 0.01764200 0.71268000
vn 0.73867400 -0.00309700 0.67405600
vn 0.75305000 -0.00299100 0.65795700
vn 0.79040900 -0.01788000 0.61231800
vn 0.79949800 0.03482400 0.59965800
vn 0.81656000 0.05078400 0.57502300
vn -0.33088400 -0.00606400 -0.94365200
vn -0.28196500 -0.00578600 -0.95940700
vn -0.20383800 -0.00798200 -0.97897200
vn -0.20387000 -0.00076700 -0.97899800
vn -0.12441500 -0.00519200 -0.99221700
vn -0.04416100 -0.00742900 -0.99899700
vn -0.04418300 -0.00016600 -0.99902300
vn 0.03635800 -0.00458600 -0.99932800
vn 0.11666000 -0.00682100 -0.99314900
vn 0.11663100 0.00044000 -0.99317500
vn 0.19619000 -0.00398400 -0.98055800
vn 0.27446100 -0.00627800 -0.96157800
vn 0.27443500 0.00103400 -0.96160500
vn 0.35094100 -0.00340400 -0.93639100
vn 0.42515400 -0.00566300 -0.90510300
vn 0.42514200 0.00159900 -0.90512500
vn 0.49660400 -0.00275800 -0.86797300
vn 0.56482100 0.00212500 -0.82521100
vn 0.89760800 -0.00144000 -0.44079200
vn 0.91843600 -0.00135700 -0.39556700
vn 0.91844000 -0.00134900 -0.39555700
vn 0.91838400 -0.01098400 -0.39553700
vn 0.94727900 0.00356600 -0.32039000
vn 0.95556100 -0.00122800 -0.29479200
vn 0.96999500 -0.00097600 -0.24312400
vn 0.98640700 -0.00350200 -0.16428200
vn 0.98640700 0.00371300 -0.16427800
vn 0.99643300 -0.00097400 -0.08438100
vn 0.99998600 -0.00345000 -0.00392900
vn 0.99998500 0.00376200 -0.00393000
vn 0.99706500 -0.00092300 0.07655100
vn 0.98766700 -0.00354800 0.15653000
vn 0.98766600 0.00371600 0.15652800
vn 0.97187400 -0.00111700 0.23549700
vn 0.94976900 -0.00369000 0.31293100
vn 0.94976500 0.00357400 0.31294500
vn 0.92151300 -0.00130200 0.38834500
vn 0.88727000 0.00334300 0.46123800
vn 0.28198500 0.00106200 0.95941800
vn 0.20388800 -0.00410200 0.97898600
vn 0.12445800 -0.00679500 0.99220200
vn 0.12443100 0.00046900 0.99222800
vn 0.04420700 -0.00455700 0.99901200
vn -0.03631300 -0.00735400 0.99931300
vn -0.03633300 -0.00013700 0.99934000
vn -0.11661700 -0.00525700 0.99316300
vn -0.11663500 -0.00524800 0.99316100
vn -0.11656600 -0.01488400 0.99307100
vn -0.19617900 -0.00074100 0.98056800
vn -0.22240300 -0.00565400 0.97493900
vn -0.27442000 -0.00571000 0.96159300
vn -0.35089100 -0.00858700 0.93637700
vn -0.35092600 -0.00132200 0.93640200
vn -0.42511600 -0.00622800 0.90511700
vn -0.49655000 -0.00913700 0.86796000
vn -0.49659000 -0.00187000 0.86798300
vn -0.56479900 -0.00685100 0.82520000
vn -0.62934900 -0.00963600 0.77706300
vn -0.62939500 -0.00236700 0.77708200
vn -0.68985400 -0.00746800 0.72391000
vn -0.74584800 -0.01007500 0.66604000
vn -0.74589600 -0.00281000 0.66605700
vn -0.79704500 -0.00768000 0.60387100
vn -0.84302900 -0.01044000 0.53776600
vn -0.84308400 -0.00318000 0.53777300
vn -0.88359100 -0.00805300 0.46819100
vn -0.91837600 -0.01072100 0.39556500
vn -0.91842400 -0.00345900 0.39558100
vn -0.94725100 -0.00829000 0.32038600
vn -0.96993500 -0.01091700 0.24312100
vn -0.96998600 -0.00365100 0.24313500
vn -0.98637600 -0.00844300 0.16428800
vn -0.99637300 -0.01102000 0.08437900
vn -0.99642700 -0.00376100 0.08436900
vn -0.99995600 -0.00854200 0.00392700
vn -0.99700500 -0.01096800 -0.07654900
vn -0.99705800 -0.00375400 -0.07655300
vn -0.98763700 -0.00844200 -0.15653200
vn -0.97181500 -0.01087400 -0.23549300
vn -0.97187000 -0.00365800 -0.23548700
vn -0.94973700 -0.00834900 -0.31293800
vn -0.92145400 -0.01068900 -0.38834000
vn -0.92150500 -0.00347000 -0.38835200
vn -0.88724000 -0.00821200 -0.46123500
vn -0.84131500 0.00228300 -0.54054100
vn -0.79506200 -0.00408100 -0.60651500
vn -0.76661800 -0.00945200 -0.64203300
vn -0.74766300 0.00633800 -0.66404800
vn -0.71655800 -0.01696400 -0.69732100
vn -0.69165000 -0.01688200 -0.72203500
vn -0.64550200 -0.02592300 -0.76331900
vn -0.61808800 -0.03996900 -0.78509200
vn -0.56870400 -0.01630200 -0.82238100
vn -0.55324500 -0.01632100 -0.83285900
vn -0.50340300 -0.00191500 -0.86405000
vn 0.81366600 0.00306300 0.58132500
vn 0.81368100 0.00306100 0.58130400
vn 0.81366600 0.00306300 0.58132500
vn 0.81368100 0.00306100 0.58130400
vn 0.81366600 0.00306300 0.58132500
vn 0.81368100 0.00306100 0.58130400
vn 0.99531600 0.00374700 0.09660100
vn 0.99530800 0.00375900 0.09668800
vn 0.99531600 0.00374700 0.09660100
vn 0.99530800 0.00375900 0.09668800
vn 0.99531600 0.00374700 0.09660100
vn 0.99530800 0.00375900 0.09668800
vn 0.91030100 0.00344000 -0.41393200
vn 0.91026900 0.00342400 -0.41400300
vn 0.91030100 0.00344000 -0.41393200
vn 0.91026900 0.00342400 -0.41400300
vn 0.91030100 0.00344000 -0.41393200
vn 0.91026900 0.00342400 -0.41400300
vn 0.58126900 0.00218800 -0.81370800
vn 0.58127300 0.00218600 -0.81370600
vn 0.58126900 0.00218800 -0.81370800
vn 0.58126900 0.00218800 -0.81370800
vn 0.58127300 0.00218600 -0.81370600
vn 0.58127300 0.00218600 -0.81370600
vn 0.09662200 0.00036400 -0.99532100
vn 0.09662700 0.00036400 -0.99532100
vn 0.09662200 0.00036400 -0.99532100
vn 0.09662700 0.00036400 -0.99532100
vn 0.09662200 0.00036400 -0.99532100
vn 0.09662700 0.00036400 -0.99532100
vn -0.41398400 -0.00156000 -0.91028300
vn -0.41398200 -0.00156100 -0.91028400
vn -0.41398400 -0.00156000 -0.91028300
vn -0.41398200 -0.00156100 -0.91028400
vn -0.41398400 -0.00156000 -0.91028300
vn -0.41398200 -0.00156100 -0.91028400
vn -0.81363100 -0.00306400 -0.58137300
vn -0.81363100 -0.00306700 -0.58137300
vn -0.81363100 -0.00306400 -0.58137300
vn -0.81363100 -0.00306700 -0.58137300
vn -0.81363100 -0.00306400 -0.58137300
vn -0.81363100 -0.00306700 -0.58137300
vn -0.99531600 -0.00375100 -0.09659900
vn -0.99531600 -0.00375100 -0.09659900
vn -0.99531600 -0.00374900 -0.09660000
vn -0.99531600 -0.00374900 -0.09660000
vn -0.99531600 -0.00375100 -0.09659900
vn -0.99531600 -0.00374900 -0.09660000
vn -0.91025800 -0.00343000 0.41402800
vn -0.91025800 -0.00343000 0.41402800
vn -0.91026900 -0.00342600 0.41400300
vn -0.91025800 -0.00343000 0.41402800
vn -0.91026900 -0.00342600 0.41400300
vn -0.91026900 -0.00342600 0.41400300
vn -0.58127200 -0.00218900 0.81370600
vn -0.58127300 -0.00218600 0.81370600
vn -0.58127200 -0.00218900 0.81370600
vn -0.58127300 -0.00218600 0.81370600
vn -0.58127200 -0.00218900 0.81370600
vn -0.58127300 -0.00218600 0.81370600
vn -0.09663900 -0.00036500 0.99531900
vn -0.09663700 -0.00036300 0.99532000
vn -0.09663900 -0.00036500 0.99531900
vn -0.09663700 -0.00036300 0.99532000
vn -0.09663900 -0.00036500 0.99531900
vn -0.09663700 -0.00036300 0.99532000
vn 0.41397900 0.00155700 0.91028500
vn 0.41398400 0.00155800 0.91028300
vn 0.41397900 0.00155700 0.91028500
vn 0.41397900 0.00155700 0.91028500
vn 0.41398400 0.00155800 0.91028300
vn 0.41398400 0.00155800 0.91028300
vn 0.81364300 0.00306300 0.58135700
vn 0.81365400 0.00306100 0.58134100
vn 0.81364300 0.00306300 0.58135700
vn 0.81364300 0.00306300 0.58135700
vn 0.81365400 0.00306100 0.58134100
vn 0.81365400 0.00306100 0.58134100
vn 0.99532100 0.00374500 0.09655600
vn 0.99531600 0.00375000 0.09660400
vn 0.99532100 0.00374500 0.09655600
vn 0.99531600 0.00375000 0.09660400
vn 0.99532100 0.00374500 0.09655600
vn 0.99531600 0.00375000 0.09660400
vn 0.91030200 0.00343000 -0.41393000
vn 0.91030600 0.00343000 -0.41392100
vn 0.91030200 0.00343000 -0.41393000
vn 0.91030600 0.00343000 -0.41392100
vn 0.91030200 0.00343000 -0.41393000
vn 0.91030600 0.00343000 -0.41392100
vn 0.58127900 0.00219000 -0.81370200
vn 0.58127900 0.00219000 -0.81370200
vn 0.58126700 0.00218800 -0.81371000
vn 0.58126700 0.00218800 -0.81371000
vn 0.58127900 0.00219000 -0.81370200
vn 0.58126700 0.00218800 -0.81371000
vn 0.09663100 0.00036400 -0.99532000
vn 0.09663100 0.00036400 -0.99532000
vn 0.09663500 0.00036400 -0.99532000
vn 0.09663500 0.00036400 -0.99532000
vn 0.09663100 0.00036400 -0.99532000
vn 0.09663500 0.00036400 -0.99532000
vn -0.41395000 -0.00156000 -0.91029900
vn -0.41398600 -0.00156600 -0.91028200
vn -0.41395000 -0.00156000 -0.91029900
vn -0.41398600 -0.00156600 -0.91028200
vn -0.41395000 -0.00156000 -0.91029900
vn -0.41398600 -0.00156600 -0.91028200
vn -0.81366800 -0.00307800 -0.58132100
vn -0.81363200 -0.00306600 -0.58137200
vn -0.81366800 -0.00307800 -0.58132100
vn -0.81363200 -0.00306600 -0.58137200
vn -0.81366800 -0.00307800 -0.58132100
vn -0.81363200 -0.00306600 -0.58137200
vn -0.99531500 -0.00375100 -0.09661000
vn -0.99531500 -0.00375100 -0.09661000
vn -0.99531500 -0.00374900 -0.09661600
vn -0.99531500 -0.00375100 -0.09661000
vn -0.99531500 -0.00374900 -0.09661600
vn -0.99531500 -0.00374900 -0.09661600
vn -0.91027500 -0.00342900 0.41399100
vn -0.91025200 -0.00344000 0.41404100
vn -0.91027500 -0.00342900 0.41399100
vn -0.91027500 -0.00342900 0.41399100
vn -0.91025200 -0.00344000 0.41404100
vn -0.91025200 -0.00344000 0.41404100
vn -0.58126800 -0.00219500 0.81370900
vn -0.58132300 -0.00218900 0.81367000
vn -0.58126800 -0.00219500 0.81370900
vn -0.58132300 -0.00218900 0.81367000
vn -0.58126800 -0.00219500 0.81370900
vn -0.58132300 -0.00218900 0.81367000
vn -0.09661400 -0.00036400 0.99532200
vn -0.09661400 -0.00036400 0.99532200
vn -0.09661300 -0.00036400 0.99532200
vn -0.09661300 -0.00036400 0.99532200
vn -0.09661400 -0.00036400 0.99532200
vn -0.09661300 -0.00036400 0.99532200
vn 0.41399100 0.00155800 0.91027900
vn 0.41399400 0.00155900 0.91027800
vn 0.41399100 0.00155800 0.91027900
vn 0.41399400 0.00155900 0.91027800
vn 0.41399100 0.00155800 0.91027900
vn 0.41399400 0.00155900 0.91027800
vn 0.81364700 0.00305800 0.58135100
vn 0.81363100 0.00306100 0.58137400
vn 0.81364700 0.00305800 0.58135100
vn 0.81363100 0.00306100 0.58137400
vn 0.81364700 0.00305800 0.58135100
vn 0.81363100 0.00306100 0.58137400
vn 0.99531800 0.00374600 0.09657900
vn 0.99531700 0.00374500 0.09658900
vn 0.99531800 0.00374600 0.09657900
vn 0.99531700 0.00374500 0.09658900
vn 0.99531800 0.00374600 0.09657900
vn 0.99531700 0.00374500 0.09658900
vn 0.91027600 0.00342500 -0.41398800
vn 0.91027600 0.00342500 -0.41398800
vn 0.91027200 0.00342400 -0.41399600
vn 0.91027600 0.00342500 -0.41398800
vn 0.91027200 0.00342400 -0.41399600
vn 0.91027200 0.00342400 -0.41399600
vn 0.58126900 0.00218700 -0.81370900
vn 0.58126900 0.00218700 -0.81370900
vn 0.58127100 0.00218700 -0.81370700
vn 0.58127100 0.00218700 -0.81370700
vn 0.58126900 0.00218700 -0.81370900
vn 0.58127100 0.00218700 -0.81370700
vn 0.09663900 0.00036400 -0.99531900
vn 0.09663700 0.00036400 -0.99532000
vn 0.09663900 0.00036400 -0.99531900
vn 0.09663700 0.00036400 -0.99532000
vn 0.09663900 0.00036400 -0.99531900
vn 0.09663700 0.00036400 -0.99532000
vn -0.41397400 -0.00155700 -0.91028700
vn -0.41397400 -0.00155900 -0.91028700
vn -0.41397400 -0.00155700 -0.91028700
vn -0.41397400 -0.00155900 -0.91028700
vn -0.41397400 -0.00155700 -0.91028700
vn -0.41397400 -0.00155900 -0.91028700
vn -0.81368000 -0.00306100 -0.58130500
vn -0.81368000 -0.00306100 -0.58130500
vn -0.81369000 -0.00306400 -0.58129100
vn -0.81368000 -0.00306100 -0.58130500
vn -0.81369000 -0.00306400 -0.58129100
vn -0.81369000 -0.00306400 -0.58129100
vn -0.99531700 -0.00374600 -0.09659000
vn -0.99531700 -0.00374600 -0.09659000
vn -0.99531600 -0.00374500 -0.09660600
vn -0.99531700 -0.00374600 -0.09659000
vn -0.99531600 -0.00374500 -0.09660600
vn -0.99531600 -0.00374500 -0.09660600
vn -0.91030600 -0.00342500 0.41392100
vn -0.91029300 -0.00343100 0.41395000
vn -0.91030600 -0.00342500 0.41392100
vn -0.91029300 -0.00343100 0.41395000
vn -0.91030600 -0.00342500 0.41392100
vn -0.91029300 -0.00343100 0.41395000
vn -0.58128600 -0.00219000 0.81369600
vn -0.58128600 -0.00219000 0.81369600
vn -0.58129400 -0.00218700 0.81369100
vn -0.58128600 -0.00219000 0.81369600
vn -0.58129400 -0.00218700 0.81369100
vn -0.58129400 -0.00218700 0.81369100
vn -0.09662100 -0.00036500 0.99532100
vn -0.09662100 -0.00036500 0.99532100
vn -0.09662200 -0.00036200 0.99532100
vn -0.09662200 -0.00036200 0.99532100
vn -0.09662100 -0.00036500 0.99532100
vn -0.09662200 -0.00036200 0.99532100
vn 0.41398000 0.00155700 0.91028500
vn 0.41397400 0.00155400 0.91028700
vn 0.41398000 0.00155700 0.91028500
vn 0.41398000 0.00155700 0.91028500
vn 0.41397400 0.00155400 0.91028700
vn 0.41397400 0.00155400 0.91028700
vn 0.81368200 0.00306300 0.58130200
vn 0.81368200 0.00306300 0.58130200
vn 0.81367700 0.00306100 0.58131000
vn 0.81367700 0.00306100 0.58131000
vn 0.81368200 0.00306300 0.58130200
vn 0.81367700 0.00306100 0.58131000
vn 0.99531800 0.00374400 0.09657900
vn 0.99531600 0.00374600 0.09660100
vn 0.99531800 0.00374400 0.09657900
vn 0.99531600 0.00374600 0.09660100
vn 0.99531800 0.00374400 0.09657900
vn 0.99531600 0.00374600 0.09660100
vn 0.91025100 0.00342400 -0.41404300
vn 0.91025100 0.00342400 -0.41404300
vn 0.91029600 0.00344100 -0.41394300
vn 0.91029600 0.00344100 -0.41394300
vn 0.91025100 0.00342400 -0.41404300
vn 0.91029600 0.00344100 -0.41394300
vn 0.58131400 0.00219600 -0.81367600
vn 0.58131400 0.00219600 -0.81367600
vn 0.58131300 0.00219700 -0.81367700
vn 0.58131400 0.00219600 -0.81367600
vn 0.58131300 0.00219700 -0.81367700
vn 0.58131300 0.00219700 -0.81367700
vn 0.09661400 0.00036500 -0.99532200
vn 0.09661300 0.00036500 -0.99532200
vn 0.09661400 0.00036500 -0.99532200
vn 0.09661300 0.00036500 -0.99532200
vn 0.09661400 0.00036500 -0.99532200
vn 0.09661300 0.00036500 -0.99532200
vn -0.41398800 -0.00156400 -0.91028100
vn -0.41398800 -0.00156400 -0.91028100
vn -0.41396300 -0.00155800 -0.91029300
vn -0.41398800 -0.00156400 -0.91028100
vn -0.41396300 -0.00155800 -0.91029300
vn -0.41396300 -0.00155800 -0.91029300
vn -0.81364500 -0.00306200 -0.58135400
vn -0.81364500 -0.00306200 -0.58135400
vn -0.81367100 -0.00306400 -0.58131800
vn -0.81364500 -0.00306200 -0.58135400
vn -0.81367100 -0.00306400 -0.58131800
vn -0.81367100 -0.00306400 -0.58131800
vn -0.99531800 -0.00374800 -0.09657800
vn -0.99531400 -0.00374400 -0.09662000
vn -0.99531800 -0.00374800 -0.09657800
vn -0.99531800 -0.00374800 -0.09657800
vn -0.99531400 -0.00374400 -0.09662000
vn -0.99531400 -0.00374400 -0.09662000
vn -0.91026800 -0.00342500 0.41400500
vn -0.91026800 -0.00342500 0.41400500
vn -0.91027600 -0.00342400 0.41398800
vn -0.91026800 -0.00342500 0.41400500
vn -0.91027600 -0.00342400 0.41398800
vn -0.91027600 -0.00342400 0.41398800
vn -0.58128000 -0.00218700 0.81370100
vn -0.58128000 -0.00218700 0.81370100
vn -0.58130200 -0.00218100 0.81368500
vn -0.58128000 -0.00218700 0.81370100
vn -0.58130200 -0.00218100 0.81368500
vn -0.58130200 -0.00218100 0.81368500
vn -0.09664000 -0.00036200 0.99531900
vn -0.09664000 -0.00036200 0.99531900
vn -0.09662700 -0.00036500 0.99532100
vn -0.09664000 -0.00036200 0.99531900
vn -0.09662700 -0.00036500 0.99532100
vn -0.09662700 -0.00036500 0.99532100
vn 0.41395200 0.00156400 0.91029700
vn 0.41395200 0.00156400 0.91029700
vn 0.41397700 0.00155800 0.91028600
vn 0.41395200 0.00156400 0.91029700
vn 0.41397700 0.00155800 0.91028600
vn 0.41397700 0.00155800 0.91028600
vn 0.63604000 0.70810900 0.30665000
vn 0.68026800 0.70827300 0.18864000
vn 0.70379300 0.70836500 -0.05380200
vn 0.68309200 0.70828300 -0.17810200
vn 0.58223600 0.70790800 -0.39983400
vn 0.50216900 0.70760500 -0.49711300
vn 0.30397200 0.70685900 -0.63871100
vn 0.18599400 0.70641300 -0.68292500
vn -0.05647500 0.70550300 -0.70645400
vn -0.18076400 0.70503500 -0.68574800
vn -0.40244600 0.70419800 -0.58492900
vn -0.49977200 0.70382900 -0.50482900
vn -0.64135900 0.70329800 -0.30664600
vn -0.68557900 0.70312700 -0.18866600
vn -0.70911200 0.70304200 0.05378000
vn -0.68841900 0.70312100 0.17804700
vn -0.58755900 0.70350200 0.39982400
vn -0.50748200 0.70379800 0.49712200
vn -0.30928600 0.70455000 0.63871100
vn -0.19130300 0.70499000 0.68292900
vn 0.05112100 0.70590100 0.70646300
vn 0.17545000 0.70637100 0.68575300
vn 0.39714800 0.70720800 0.58491900
vn 0.49443000 0.70757300 0.50485500
vn 0.63605800 0.70810600 0.30662100
vn 0.68026900 0.70826800 0.18865200
vn 0.70379900 0.70836100 -0.05378300
vn 0.68310500 0.70828500 -0.17804200
vn 0.58225800 0.70790200 -0.39981300
vn 0.50217700 0.70759800 -0.49711400
vn 0.30397900 0.70685700 -0.63871000
vn 0.18599300 0.70641400 -0.68292500
vn -0.05648100 0.70549800 -0.70645800
vn -0.18072200 0.70503200 -0.68576200
vn -0.40244700 0.70419400 -0.58493300
vn -0.49975300 0.70382700 -0.50485000
vn -0.64136100 0.70329700 -0.30664200
vn -0.68557600 0.70313100 -0.18865900
vn -0.70911400 0.70304200 0.05376000
vn -0.68840700 0.70312600 0.17807300
vn -0.58755900 0.70350500 0.39981900
vn -0.50749600 0.70380500 0.49709800
vn -0.30928500 0.70454500 0.63871700
vn -0.19132300 0.70499100 0.68292200
vn 0.05110700 0.70590400 0.70646200
vn 0.17541300 0.70637200 0.68576100
vn 0.39714600 0.70720900 0.58491900
vn 0.49444700 0.70757300 0.50483900
vn 0.63605800 0.70810400 0.30662600
vn 0.68027100 0.70827000 0.18863700
vn 0.70380100 0.70835900 -0.05377100
vn 0.68310100 0.70828300 -0.17806700
vn 0.58225700 0.70790000 -0.39981800
vn 0.50216300 0.70759900 -0.49712800
vn 0.30397200 0.70685400 -0.63871600
vn 0.18599700 0.70641000 -0.68292800
vn -0.05644500 0.70550000 -0.70645800
vn -0.18076000 0.70503000 -0.68575400
vn -0.40248500 0.70420000 -0.58490100
vn -0.49974100 0.70383100 -0.50485700
vn -0.64136000 0.70329400 -0.30665100
vn -0.68557700 0.70313000 -0.18866000
vn -0.70911200 0.70304000 0.05381400
vn -0.68842000 0.70311900 0.17804700
vn -0.58758700 0.70349800 0.39978900
vn -0.50749900 0.70379900 0.49710300
vn -0.30929500 0.70454300 0.63871400
vn -0.19129100 0.70499400 0.68292900
vn 0.05117600 0.70590300 0.70645700
vn 0.17544800 0.70637200 0.68575200
vn 0.39714300 0.70720600 0.58492500
vn 0.49444700 0.70757300 0.50483900
vn 0.63605300 0.70811000 0.30662100
vn 0.68026000 0.70827600 0.18865700
vn 0.70379800 0.70836000 -0.05379400
vn 0.68309700 0.70828500 -0.17807500
vn 0.58225300 0.70790200 -0.39982000
vn 0.50219000 0.70760100 -0.49709800
vn 0.30398000 0.70685300 -0.63871300
vn 0.18600600 0.70640900 -0.68292700
vn -0.05644500 0.70550100 -0.70645800
vn -0.18071700 0.70503100 -0.68576400
vn -0.40248000 0.70419800 -0.58490600
vn -0.49977900 0.70382800 -0.50482400
vn -0.64136200 0.70329500 -0.30664500
vn -0.68556600 0.70312900 -0.18870000
vn -0.70911100 0.70304200 0.05379900
vn -0.68841900 0.70311800 0.17805600
vn -0.58756300 0.70349400 0.39983100
vn -0.50748400 0.70379700 0.49712200
vn -0.30928300 0.70454800 0.63871500
vn -0.19129200 0.70499400 0.68292800
vn 0.05110500 0.70590100 0.70646400
vn 0.17542600 0.70637300 0.68575800
vn 0.39714500 0.70720500 0.58492500
vn 0.49443000 0.70757000 0.50486000
vn 0.44077800 0.80842800 0.39007600
vn 0.37245900 0.80817300 0.45621300
vn 0.43649700 0.77681700 0.45390100
vn 0.52835500 0.70919800 0.46677500
vn 0.50366900 0.77703300 0.37754200
vn 0.50372000 0.77697100 0.37760200
vn 0.36694900 0.88834200 0.27603900
vn 0.59706500 0.77745300 0.19768900
vn 0.57118600 0.80894200 0.13914000
vn 0.54142900 0.80883200 0.22944500
vn 0.59650900 0.70930200 0.37559000
vn 0.53879400 0.77729400 0.32483100
vn 0.55762900 0.77727200 0.29137200
vn 0.64898600 0.70949800 0.27464300
vn 0.68445900 0.70978000 0.16651800
vn 0.62103700 0.77752000 0.09887300
vn 0.58604200 0.80901700 0.04522300
vn 0.70233800 0.70978300 0.05412000
vn 0.62884100 0.77753000 -0.00250600
vn 0.62778500 0.77754300 -0.03622200
vn 0.73119200 0.67875200 -0.06822600
vn 0.68618900 0.72138600 -0.09352700
vn 0.68251700 0.72144100 -0.11701900
vn 0.59446600 0.78989700 -0.15057600
vn 0.55529700 0.77727100 -0.29579600
vn 0.49510100 0.80863800 -0.31777200
vn 0.53957300 0.80884800 -0.23372100
vn 0.68325900 0.70965400 -0.17189900
vn 0.59551900 0.77742200 -0.20241700
vn 0.64655600 0.70974700 -0.27968700
vn 0.59353000 0.70926900 -0.38034200
vn 0.50067900 0.77700800 -0.38154800
vn 0.43768700 0.80841500 -0.39356700
vn 0.52496400 0.70889400 -0.47104400
vn 0.43293400 0.77677400 -0.45737300
vn 0.43300100 0.77669700 -0.45744100
vn 0.31523600 0.88815800 -0.33436700
vn 0.44234100 0.70880000 -0.54948800
vn 0.38485000 0.77668700 -0.49864600
vn 0.35392600 0.77646900 -0.52137600
vn 0.29036500 0.80788300 -0.51284800
vn 0.34851700 0.70850800 -0.61363900
vn 0.26566000 0.77616600 -0.57183100
vn 0.20429400 0.80756300 -0.55326900
vn 0.24553000 0.70797700 -0.66218100
vn 0.17045700 0.77582200 -0.60749000
vn 0.11286700 0.80720100 -0.57938500
vn 0.13605000 0.70761500 -0.69337700
vn 0.07076000 0.77541500 -0.62747500
vn 0.01842400 0.80686600 -0.59044700
vn 0.02302300 0.70714100 -0.70669700
vn -0.03086100 0.77505500 -0.63113900
vn -0.07657400 0.80648700 -0.58627200
vn -0.09064100 0.70687200 -0.70150900
vn -0.13172700 0.77466300 -0.61850200
vn -0.16966900 0.80614800 -0.56686600
vn -0.32094600 0.77395600 -0.54588000
vn -0.34058400 0.80552100 -0.48491100
vn -0.28714400 0.77422100 -0.56403100
vn -0.20208600 0.70634000 -0.67841300
vn -0.22932300 0.77420300 -0.58993300
vn -0.22929900 0.77428600 -0.58983300
vn -0.16880300 0.88627200 -0.43130800
vn -0.30816800 0.70615900 -0.63747300
vn -0.47745600 0.77336000 -0.41707300
vn -0.47680400 0.80496600 -0.35311000
vn -0.41401000 0.80522200 -0.42451500
vn -0.40667100 0.70560300 -0.58029600
vn -0.40442100 0.77362000 -0.48780700
vn -0.49456600 0.70520600 -0.50802400
vn -0.58506300 0.77299400 -0.24532000
vn -0.56414300 0.80471500 -0.18487100
vn -0.52725700 0.80482300 -0.27250800
vn -0.56996500 0.70457100 -0.42275100
vn -0.53817200 0.77317000 -0.33552900
vn -0.62987300 0.70496000 -0.32602400
vn -0.63282600 0.77278300 -0.04834200
vn -0.59392800 0.80451500 0.00232900
vn -0.58656800 0.80460300 -0.09247800
vn -0.67418100 0.70463300 -0.22129700
vn -0.61687500 0.77287600 -0.14875300
vn -0.70097400 0.70454600 -0.11068500
vn -0.70981800 0.70438000 0.00277200
vn -0.63245000 0.77276400 0.05331400
vn -0.58587900 0.80456100 0.09709000
vn -0.58313000 0.77298200 0.24991400
vn -0.52510000 0.80482100 0.27664500
vn -0.56274800 0.80465800 0.18931700
vn -0.70004800 0.70458300 0.11617100
vn -0.61572600 0.77284200 0.15361400
vn -0.67252100 0.70456600 0.22650000
vn -0.47412200 0.77340000 0.42078500
vn -0.41063800 0.80524500 0.42773400
vn -0.47397900 0.80500400 0.35680700
vn -0.62755200 0.70465700 0.33111500
vn -0.53553600 0.77315200 0.33976100
vn -0.56612200 0.70513700 0.42695200
vn -0.31663100 0.77395900 0.54839100
vn -0.25423900 0.80580100 0.53483300
vn -0.33676400 0.80551000 0.48758900
vn -0.49051600 0.70524200 0.51188600
vn -0.40055600 0.77364500 0.49094700
vn -0.40213100 0.70556900 0.58349200
vn -0.30333700 0.70597700 0.63998700
vn -0.22463600 0.77428500 0.59162600
vn -0.16519000 0.80614800 0.56818800
vn -0.19673300 0.70628200 0.68004500
vn -0.12685400 0.77468100 0.61949800
vn -0.07194400 0.80653200 0.58679700
vn -0.08514500 0.70671200 0.70235900
vn -0.02585600 0.77503900 0.63138400
vn 0.01259400 0.77530000 0.63146800
vn 0.03803800 0.70841800 0.70476700
vn 0.07622500 0.70729300 0.70279900
vn 0.09493600 0.70744000 0.70036800
vn 0.13229900 0.75852900 0.63806800
vn 0.14146800 0.70767000 0.69223600
vn 0.17528600 0.77573700 0.60622400
vn 0.17522600 0.77584600 0.60610100
vn 0.12686200 0.88742800 0.44314600
vn 0.25068900 0.70803500 0.66018300
vn 0.23501500 0.77613200 0.58513900
vn 0.27015900 0.77617700 0.56970400
vn 0.29439300 0.80789500 0.51052700
vn 0.35335800 0.70841700 0.61096900
vn 0.35801700 0.77650700 0.51851800
vn 0.44678300 0.70856300 0.54619000
vn 0.63598500 0.70815700 0.30665400
vn 0.68024000 0.70829700 0.18865000
vn 0.70379900 0.70835700 -0.05381900
vn 0.68312300 0.70826300 -0.17806200
vn 0.58225500 0.70789400 -0.39983100
vn 0.50220800 0.70759100 -0.49709300
vn 0.30398700 0.70682200 -0.63874500
vn 0.18601200 0.70637700 -0.68295700
vn -0.05642900 0.70548400 -0.70647600
vn -0.18072900 0.70504100 -0.68575100
vn -0.40245300 0.70419800 -0.58492500
vn -0.49974100 0.70384100 -0.50484300
vn -0.64134000 0.70330900 -0.30665800
vn -0.68553300 0.70316700 -0.18868200
vn -0.70905900 0.70309300 0.05380100
vn -0.68836500 0.70316600 0.17807800
vn -0.58754900 0.70352000 0.39980700
vn -0.50750200 0.70378900 0.49711500
vn -0.30926500 0.70453700 0.63873600
vn -0.19130800 0.70497100 0.68294800
vn 0.05114300 0.70589700 0.70646600
vn 0.17539400 0.70638000 0.68575800
vn 0.39716100 0.70723400 0.58487800
vn 0.49438600 0.70761500 0.50484000
vn 0.63603500 0.70812400 0.30662500
vn 0.68024400 0.70828000 0.18869900
vn 0.70378300 0.70837600 -0.05378200
vn 0.68308300 0.70830000 -0.17807300
vn 0.58225000 0.70791300 -0.39980600
vn 0.50217900 0.70760500 -0.49710300
vn 0.30400400 0.70685500 -0.63869900
vn 0.18602500 0.70641600 -0.68291300
vn -0.05644100 0.70550100 -0.70645800
vn -0.18072400 0.70504200 -0.68575200
vn -0.40245500 0.70422100 -0.58489500
vn -0.49972600 0.70384800 -0.50484800
vn -0.64136700 0.70329100 -0.30664300
vn -0.68560800 0.70309600 -0.18867400
vn -0.70914300 0.70300700 0.05382400
vn -0.68844100 0.70309100 0.17807800
vn -0.58757400 0.70348100 0.39983800
vn -0.50752200 0.70378500 0.49709900
vn -0.30930100 0.70453000 0.63872500
vn -0.19134200 0.70497300 0.68293600
vn 0.05116300 0.70588300 0.70647800
vn 0.17540500 0.70636700 0.68576900
vn 0.39716700 0.70722100 0.58489000
vn 0.49443700 0.70759700 0.50481400
vn 0.63599900 0.70815900 0.30662000
vn 0.68023900 0.70830100 0.18863700
vn 0.70380500 0.70835400 -0.05378900
vn 0.68312600 0.70825800 -0.17806900
vn 0.58223500 0.70789400 -0.39986000
vn 0.50218200 0.70760400 -0.49710100
vn 0.30397100 0.70685300 -0.63871800
vn 0.18600300 0.70641100 -0.68292500
vn -0.05645800 0.70549900 -0.70645800
vn -0.18071500 0.70504000 -0.68575500
vn -0.40244600 0.70421900 -0.58490500
vn -0.49971800 0.70385800 -0.50484200
vn -0.64134100 0.70332000 -0.30663000
vn -0.68556000 0.70314700 -0.18865800
vn -0.70909700 0.70305400 0.05382900
vn -0.68841400 0.70312200 0.17806100
vn -0.58757600 0.70350100 0.39980100
vn -0.50751900 0.70379800 0.49708400
vn -0.30931700 0.70453300 0.63871500
vn -0.19128800 0.70497000 0.68295400
vn 0.05113000 0.70588600 0.70647800
vn 0.17543100 0.70636700 0.68576200
vn 0.39712000 0.70722200 0.58492100
vn 0.49439600 0.70761400 0.50483100
vn 0.63611200 0.70804500 0.30664900
vn 0.68032100 0.70822300 0.18863700
vn 0.70384900 0.70831100 -0.05376900
vn 0.68312700 0.70825200 -0.17809100
vn 0.58226800 0.70788000 -0.39983800
vn 0.50221300 0.70757900 -0.49710600
vn 0.30400900 0.70684400 -0.63871000
vn 0.18602700 0.70640500 -0.68292500
vn -0.05644400 0.70550000 -0.70645900
vn -0.18077300 0.70502000 -0.68576100
vn -0.40249100 0.70417300 -0.58492800
vn -0.49978200 0.70380900 -0.50484700
vn -0.64135800 0.70329900 -0.30664400
vn -0.68556700 0.70313900 -0.18866000
vn -0.70911500 0.70303700 0.05380500
vn -0.68843200 0.70310800 0.17804700
vn -0.58759100 0.70349000 0.39979800
vn -0.50750400 0.70379200 0.49710800
vn -0.30930100 0.70453700 0.63871800
vn -0.19132100 0.70497800 0.68293600
vn 0.05116100 0.70588700 0.70647400
vn 0.17543700 0.70634400 0.68578400
vn 0.39717000 0.70716200 0.58496000
vn 0.49446000 0.70751800 0.50490400
vn 0.81364900 0.00305500 0.58134900
vn 0.81364900 0.00305500 0.58134900
vn 0.81366200 0.00321100 0.58132900
vn 0.81364900 0.00305500 0.58134900
vn 0.81366200 0.00321100 0.58132900
vn 0.81366200 0.00321100 0.58132900
vn 0.99531300 0.00359600 0.09663400
vn 0.99531300 0.00359600 0.09663500
vn 0.99531400 0.00390100 0.09661400
vn 0.99531400 0.00390100 0.09661400
vn 0.99531300 0.00359600 0.09663400
vn 0.99531400 0.00390100 0.09661400
vn 0.91026900 0.00353900 -0.41400200
vn 0.91026900 0.00353900 -0.41400200
vn 0.91026600 0.00337600 -0.41401000
vn 0.91026900 0.00353900 -0.41400200
vn 0.91026600 0.00337600 -0.41401000
vn 0.91026600 0.00337600 -0.41401000
vn 0.58135400 0.00217000 -0.81364800
vn 0.58135400 0.00217000 -0.81364800
vn 0.58135400 0.00217000 -0.81364800
vn 0.58135400 0.00217000 -0.81364800
vn 0.09663100 0.00035900 -0.99532000
vn 0.09664500 0.00036000 -0.99531900
vn 0.09663100 0.00035900 -0.99532000
vn 0.09663100 0.00035900 -0.99532000
vn 0.09664500 0.00036000 -0.99531900
vn 0.09664500 0.00036000 -0.99531900
vn -0.41394900 -0.00153000 -0.91029900
vn -0.41394900 -0.00153000 -0.91029900
vn -0.41398200 -0.00154400 -0.91028400
vn -0.41394900 -0.00153000 -0.91029900
vn -0.41398200 -0.00154400 -0.91028400
vn -0.41398200 -0.00154400 -0.91028400
vn -0.81367300 -0.00304600 -0.58131400
vn -0.81367300 -0.00304600 -0.58131400
vn -0.81363600 -0.00300200 -0.58136800
vn -0.81363600 -0.00300200 -0.58136800
vn -0.81367300 -0.00304600 -0.58131400
vn -0.81363600 -0.00300200 -0.58136800
vn -0.99531200 -0.00416600 -0.09662700
vn -0.99531200 -0.00416600 -0.09662700
vn -0.99531500 -0.00368000 -0.09661500
vn -0.99531500 -0.00368000 -0.09661500
vn -0.99531200 -0.00416600 -0.09662600
vn -0.99531500 -0.00368000 -0.09661500
vn -0.91025200 -0.00336900 0.41404000
vn -0.91025200 -0.00336900 0.41404000
vn -0.91025300 -0.00336800 0.41403800
vn -0.91025200 -0.00336900 0.41404000
vn -0.91025300 -0.00336800 0.41403800
vn -0.91025300 -0.00336800 0.41403800
vn -0.58131900 -0.00215300 0.81367300
vn -0.58131900 -0.00215300 0.81367300
vn -0.58136700 -0.00220700 0.81363900
vn -0.58131900 -0.00215300 0.81367300
vn -0.58136700 -0.00220700 0.81363900
vn -0.58136700 -0.00220700 0.81363900
vn -0.09661400 -0.00036500 0.99532200
vn -0.09661400 -0.00036500 0.99532200
vn -0.09662100 -0.00036300 0.99532100
vn -0.09661400 -0.00036500 0.99532200
vn -0.09662100 -0.00036300 0.99532100
vn -0.09662100 -0.00036300 0.99532100
vn 0.41396800 0.00154500 0.91029000
vn 0.41396800 0.00154500 0.91029000
vn 0.41401000 0.00156600 0.91027100
vn 0.41396800 0.00154500 0.91029000
vn 0.41401000 0.00156600 0.91027100
vn 0.41401000 0.00156600 0.91027100
vn 0.81368200 0.00301500 0.58130300
vn 0.81368100 0.00319600 0.58130200
vn 0.81368200 0.00301500 0.58130300
vn 0.81368200 0.00301500 0.58130300
vn 0.81368100 0.00319600 0.58130200
vn 0.81368100 0.00319600 0.58130200
vn 0.99531500 0.00390800 0.09660200
vn 0.99531500 0.00390800 0.09660200
vn 0.99531700 0.00345400 0.09660300
vn 0.99531500 0.00390800 0.09660200
vn 0.99531700 0.00345400 0.09660300
vn 0.99531700 0.00345400 0.09660300
vn 0.91026800 0.00356700 -0.41400400
vn 0.91026800 0.00356700 -0.41400400
vn 0.91027600 0.00341700 -0.41398800
vn 0.91027600 0.00341700 -0.41398800
vn 0.91026800 0.00356700 -0.41400400
vn 0.91027600 0.00341700 -0.41398800
vn 0.58131500 0.00217600 -0.81367600
vn 0.58131500 0.00217600 -0.81367600
vn 0.58130400 0.00215000 -0.81368400
vn 0.58130400 0.00215000 -0.81368400
vn 0.58131500 0.00217600 -0.81367600
vn 0.58130400 0.00215000 -0.81368400
vn 0.09663200 0.00036100 -0.99532000
vn 0.09663200 0.00036100 -0.99532000
vn 0.09662200 0.00035900 -0.99532100
vn 0.09663200 0.00036100 -0.99532000
vn 0.09662200 0.00035900 -0.99532100
vn 0.09662200 0.00035900 -0.99532100
vn -0.41396100 -0.00153700 -0.91029300
vn -0.41396100 -0.00153700 -0.91029300
vn -0.41398900 -0.00153500 -0.91028100
vn -0.41396100 -0.00153700 -0.91029300
vn -0.41398900 -0.00153500 -0.91028100
vn -0.41398900 -0.00153500 -0.91028100
vn -0.81366700 -0.00301500 -0.58132400
vn -0.81366700 -0.00301500 -0.58132400
vn -0.81363200 -0.00312000 -0.58137100
vn -0.81363200 -0.00312000 -0.58137100
vn -0.81366700 -0.00301500 -0.58132400
vn -0.81363200 -0.00312000 -0.58137100
vn -0.99531400 -0.00381900 -0.09662000
vn -0.99531500 -0.00388700 -0.09660900
vn -0.99531400 -0.00381900 -0.09662000
vn -0.99531400 -0.00381900 -0.09662000
vn -0.99531500 -0.00388700 -0.09660900
vn -0.99531500 -0.00388700 -0.09660900
vn -0.91028100 -0.00356300 0.41397500
vn -0.91028100 -0.00340400 0.41397600
vn -0.91028100 -0.00356300 0.41397500
vn -0.91028100 -0.00356300 0.41397500
vn -0.91028100 -0.00340400 0.41397600
vn -0.91028100 -0.00340400 0.41397600
vn -0.58160000 -0.00239000 0.81347100
vn -0.58160000 -0.00239000 0.81347200
vn -0.58130900 -0.00215900 0.81368000
vn -0.58130900 -0.00215900 0.81368000
vn -0.58160000 -0.00239000 0.81347100
vn -0.58130900 -0.00215900 0.81368000
vn -0.09658000 -0.00034200 0.99532500
vn -0.09658000 -0.00034200 0.99532500
vn -0.09658600 -0.00036100 0.99532500
vn -0.09658600 -0.00036100 0.99532500
vn -0.09658000 -0.00034200 0.99532500
vn -0.09658600 -0.00036100 0.99532500
vn 0.41393200 0.00153900 0.91030700
vn 0.41399200 0.00153500 0.91027900
vn 0.41393200 0.00153900 0.91030700
vn 0.41393200 0.00153900 0.91030700
vn 0.41399200 0.00153500 0.91027900
vn 0.41399200 0.00153500 0.91027900
vn 0.81367200 0.00318500 0.58131500
vn 0.81367200 0.00318500 0.58131500
vn 0.81369500 0.00298600 0.58128500
vn 0.81369500 0.00298600 0.58128500
vn 0.81367200 0.00318500 0.58131500
vn 0.81369500 0.00298600 0.58128500
vn 0.99531600 0.00364500 0.09661000
vn 0.99531300 0.00372400 0.09663200
vn 0.99531600 0.00364500 0.09661000
vn 0.99531600 0.00364500 0.09661000
vn 0.99531300 0.00372400 0.09663200
vn 0.99531300 0.00372400 0.09663200
vn 0.91026600 0.00341000 -0.41401000
vn 0.91025400 0.00339600 -0.41403700
vn 0.91026600 0.00341000 -0.41401000
vn 0.91026600 0.00341000 -0.41401000
vn 0.91025400 0.00339600 -0.41403700
vn 0.91025400 0.00339600 -0.41403700
vn 0.58136700 0.00218500 -0.81363900
vn 0.58137100 0.00228400 -0.81363500
vn 0.58136700 0.00218500 -0.81363900
vn 0.58136700 0.00218500 -0.81363900
vn 0.58137100 0.00228400 -0.81363500
vn 0.58137100 0.00228400 -0.81363500
vn 0.09660400 0.00037600 -0.99532300
vn 0.09660400 0.00037600 -0.99532300
vn 0.09662200 0.00036200 -0.99532100
vn 0.09660400 0.00037600 -0.99532300
vn 0.09662200 0.00036200 -0.99532100
vn 0.09662200 0.00036200 -0.99532100
vn -0.41395200 -0.00153500 -0.91029800
vn -0.41397900 -0.00153500 -0.91028500
vn -0.41395200 -0.00153500 -0.91029800
vn -0.41395200 -0.00153500 -0.91029800
vn -0.41397900 -0.00153500 -0.91028500
vn -0.41397900 -0.00153500 -0.91028500
vn -0.81365200 -0.00300600 -0.58134400
vn -0.81365200 -0.00301900 -0.58134400
vn -0.81365200 -0.00300600 -0.58134400
vn -0.81365200 -0.00301900 -0.58134400
vn -0.81365200 -0.00300600 -0.58134400
vn -0.81365200 -0.00301900 -0.58134400
vn -0.99531700 -0.00368600 -0.09659800
vn -0.99531400 -0.00366200 -0.09662400
vn -0.99531700 -0.00368600 -0.09659800
vn -0.99531400 -0.00366200 -0.09662400
vn -0.99531700 -0.00368600 -0.09659800
vn -0.99531400 -0.00366200 -0.09662400
vn -0.91028100 -0.00335800 0.41397600
vn -0.91028100 -0.00335800 0.41397600
vn -0.91026600 -0.00355800 0.41400900
vn -0.91028100 -0.00335800 0.41397600
vn -0.91026600 -0.00355800 0.41400900
vn -0.91026600 -0.00355800 0.41400900
vn -0.58135600 -0.00228500 0.81364600
vn -0.58138100 -0.00217500 0.81362900
vn -0.58135600 -0.00228500 0.81364600
vn -0.58138100 -0.00217500 0.81362900
vn -0.58135600 -0.00228500 0.81364600
vn -0.58138100 -0.00217500 0.81362900
vn -0.09664100 -0.00035800 0.99531900
vn -0.09664100 -0.00035800 0.99531900
vn -0.09663500 -0.00038000 0.99532000
vn -0.09664100 -0.00035800 0.99531900
vn -0.09663500 -0.00038000 0.99532000
vn -0.09663500 -0.00038000 0.99532000
vn 0.41396400 0.00161400 0.91029200
vn 0.41401200 0.00162100 0.91027000
vn 0.41396400 0.00161400 0.91029200
vn 0.41401200 0.00162100 0.91027000
vn 0.41396400 0.00161400 0.91029200
vn 0.41401200 0.00162100 0.91027000
vn 0.81364000 0.00304500 0.58136100
vn 0.81365800 0.00305900 0.58133600
vn 0.81364000 0.00304500 0.58136100
vn 0.81364000 0.00304500 0.58136100
vn 0.81365800 0.00305900 0.58133600
vn 0.81365800 0.00305900 0.58133600
vn 0.99531400 0.00373100 0.09662800
vn 0.99531400 0.00373100 0.09662800
vn 0.99531600 0.00362300 0.09660900
vn 0.99531600 0.00362300 0.09660900
vn 0.99531400 0.00373100 0.09662800
vn 0.99531600 0.00362300 0.09660900
vn 0.91022000 0.00379600 -0.41410900
vn 0.91022000 0.00379600 -0.41410900
vn 0.91025500 0.00335500 -0.41403400
vn 0.91025500 0.00335500 -0.41403400
vn 0.91022000 0.00379600 -0.41410900
vn 0.91025500 0.00335500 -0.41403400
vn 0.58131400 0.00215000 -0.81367600
vn 0.58131100 0.00217600 -0.81367900
vn 0.58131400 0.00215000 -0.81367600
vn 0.58131400 0.00215000 -0.81367600
vn 0.58131100 0.00217600 -0.81367900
vn 0.58131100 0.00217600 -0.81367900
vn 0.09658400 0.00036100 -0.99532500
vn 0.09658400 0.00036100 -0.99532500
vn 0.09659200 0.00036300 -0.99532400
vn 0.09658400 0.00036100 -0.99532500
vn 0.09659200 0.00036300 -0.99532400
vn 0.09659200 0.00036300 -0.99532400
vn -0.41393700 -0.00152100 -0.91030400
vn -0.41393700 -0.00152100 -0.91030400
vn -0.41393800 -0.00155700 -0.91030400
vn -0.41393700 -0.00152100 -0.91030400
vn -0.41393800 -0.00155700 -0.91030400
vn -0.41393800 -0.00155700 -0.91030400
vn -0.81368000 -0.00305500 -0.58130400
vn -0.81360100 -0.00290300 -0.58141600
vn -0.81368000 -0.00305500 -0.58130400
vn -0.81360100 -0.00290300 -0.58141600
vn -0.81368000 -0.00305500 -0.58130400
vn -0.81360100 -0.00290300 -0.58141600
vn -0.99531600 -0.00389600 -0.09659700
vn -0.99531600 -0.00389600 -0.09659700
vn -0.99531500 -0.00389600 -0.09661000
vn -0.99531600 -0.00389600 -0.09659700
vn -0.99531500 -0.00389600 -0.09661000
vn -0.99531500 -0.00389600 -0.09661000
vn -0.91028500 -0.00322800 0.41396900
vn -0.91026600 -0.00329200 0.41401100
vn -0.91028500 -0.00322800 0.41396900
vn -0.91026600 -0.00329200 0.41401100
vn -0.91028500 -0.00322800 0.41396900
vn -0.91026600 -0.00329200 0.41401100
vn -0.58135800 -0.00212300 0.81364500
vn -0.58130700 -0.00220800 0.81368100
vn -0.58135800 -0.00212300 0.81364500
vn -0.58135800 -0.00212300 0.81364500
vn -0.58130700 -0.00220800 0.81368100
vn -0.58130700 -0.00220800 0.81368100
vn -0.09662500 -0.00035700 0.99532100
vn -0.09663400 -0.00038900 0.99532000
vn -0.09662500 -0.00035700 0.99532100
vn -0.09663400 -0.00038900 0.99532000
vn -0.09662500 -0.00035700 0.99532100
vn -0.09663400 -0.00038900 0.99532000
vn 0.41397300 0.00160800 0.91028800
vn 0.41401100 0.00155300 0.91027000
vn 0.41397300 0.00160800 0.91028800
vn 0.41397300 0.00160800 0.91028800
vn 0.41401100 0.00155300 0.91027000
vn 0.41401100 0.00155300 0.91027000
vn -0.00375200 0.99999300 -0.00000300
vn -0.00375200 0.99999300 -0.00001600
vn -0.00384700 0.99999300 -0.00004600
vn -0.00374200 0.99999300 0.00003000
vn -0.00380100 0.99999300 -0.00006500
vn -0.00376100 0.99999300 -0.00000600
vn -0.00367100 0.99999300 0.00003500
vn -0.00376200 0.99999300 -0.00000400
vn -0.00377300 0.99999300 0.00000000
vn -0.00383600 0.99999300 -0.00003300
vn -0.00367300 0.99999300 0.00006700
vn -0.00376700 0.99999300 0.00000400
vn -0.00377300 0.99999300 0.00000400
vn -0.00364800 0.99999300 0.00013400
vn -0.00376200 0.99999300 -0.00000800
vn -0.00377300 0.99999300 0.00000400
vn -0.00376900 0.99999300 0.00000200
vn -0.00376700 0.99999300 0.00000400
vn -0.00379600 0.99999300 -0.00002200
vn -0.00377200 0.99999300 -0.00001300
vn -0.00375900 0.99999300 0.00000900
vn -0.00379600 0.99999300 -0.00002200
vn -0.00376100 0.99999300 0.00000500
vn -0.00377300 0.99999300 0.00000400
vn -0.00374700 0.99999300 0.00002900
vn -0.00376200 0.99999300 -0.00000400
vn -0.00375400 0.99999300 -0.00000600
vn -0.00379600 0.99999300 -0.00002200
vn -0.00375900 0.99999300 0.00000900
vn -0.00376000 0.99999300 0.00000000
vn -0.00379600 0.99999300 -0.00004800
vn -0.00375900 0.99999300 0.00000100
vn -0.00379600 0.99999300 -0.00004800
vn -0.00380600 0.99999300 -0.00004000
vn -0.00366100 0.99999300 -0.00009700
vn -0.00383600 0.99999300 -0.00003300
vn -0.00368900 0.99999300 0.00001300
vn -0.00379600 0.99999300 -0.00004800
vn -0.00380600 0.99999300 -0.00004000
vn -0.00381000 0.99999300 -0.00006100
vn -0.00375900 0.99999300 0.00000100
vn -0.00388700 0.99999200 0.00006000
vn -0.00376900 0.99999300 0.00000200
vn -0.00376700 0.99999300 0.00000400
vn -0.00368500 0.99999300 -0.00000200
vn -0.00377500 0.99999300 0.00000700
vn -0.00377200 0.99999300 -0.00003000
vn -0.00376500 0.99999300 0.00000500
vn -0.00374800 0.99999300 0.00000200
vn -0.00373600 0.99999300 -0.00012300
vn -0.00376400 0.99999300 0.00006200
vn -0.00376100 0.99999300 0.00002700
vn -0.00375700 0.99999300 -0.00006600
vn -0.00368900 0.99999300 0.00001300
vn -0.00376900 0.99999300 0.00000200
vn -0.00376100 0.99999300 0.00002700
vn -0.00377200 0.99999300 0.00001800
vn -0.00377200 0.99999300 0.00001800
vn -0.00376100 0.99999300 0.00002700
vn -0.00374800 0.99999300 0.00000200
vn -0.00366100 0.99999300 -0.00009700
vn -0.00380600 0.99999300 -0.00004000
vn -0.00368900 0.99999300 0.00001300
vn -0.00366100 0.99999300 -0.00009700
vn -0.00375700 0.99999300 -0.00006600
vn -0.00377200 0.99999300 0.00001800
vn -0.00375700 0.99999300 -0.00006600
vn -0.00376400 0.99999300 0.00006200
vn -0.00374800 0.99999300 0.00000200
vn -0.00376400 0.99999300 0.00006200
vn -0.00373600 0.99999300 -0.00012300
vn -0.00374300 0.99999300 -0.00002500
vn -0.00374500 0.99999300 -0.00002600
vn -0.00374300 0.99999300 -0.00002500
vn -0.00373600 0.99999300 -0.00012300
vn -0.00376400 0.99999300 0.00000300
vn -0.00374500 0.99999300 -0.00002600
vn -0.00374300 0.99999300 -0.00002500
vn -0.00374500 0.99999300 -0.00002600
vn -0.00376400 0.99999300 0.00000300
vn -0.00376100 0.99999300 -0.00000700
vn -0.00375300 0.99999300 -0.00006000
vn -0.00376100 0.99999300 -0.00000700
vn -0.00376400 0.99999300 0.00000300
vn -0.00375300 0.99999300 -0.00006000
vn -0.00376100 0.99999300 -0.00000700
vn -0.00376000 0.99999300 0.00000000
vn -0.00375100 0.99999300 0.00003000
vn -0.00377200 0.99999300 -0.00003000
vn -0.00375900 0.99999300 0.00000100
vn -0.00375300 0.99999300 -0.00006000
vn -0.00375100 0.99999300 0.00003000
vn -0.00375100 0.99999300 0.00003000
vn -0.00376000 0.99999300 0.00000000
vn -0.00377200 0.99999300 -0.00003000
vn -0.00376500 0.99999300 0.00000500
vn -0.00376500 0.99999300 0.00000800
vn -0.00378300 0.99999300 0.00002100
vn -0.00376200 0.99999300 -0.00001600
vn -0.00376800 0.99999300 -0.00000400
vn -0.00377200 0.99999300 -0.00000100
vn -0.00364900 0.99999300 -0.00007000
vn -0.00388700 0.99999200 0.00006000
vn -0.00386200 0.99999300 0.00003300
vn -0.00363100 0.99999300 -0.00013500
vn -0.00376800 0.99999300 -0.00000400
vn -0.00383700 0.99999300 0.00005700
vn -0.00376600 0.99999300 -0.00000000
vn -0.00381400 0.99999300 0.00004200
vn -0.00375300 0.99999300 0.00000200
vn -0.00376200 0.99999300 0.00000100
vn -0.00376900 0.99999300 -0.00000200
vn -0.00376500 0.99999300 0.00000500
vn -0.00376500 0.99999300 0.00000800
vn -0.00376600 0.99999300 0.00000400
vn -0.00376200 0.99999300 0.00000100
vn -0.00376500 0.99999300 0.00000800
vn -0.00377200 0.99999300 -0.00000100
vn -0.00376200 0.99999300 0.00000100
vn -0.00374600 0.99999300 0.00000600
vn -0.00380000 0.99999300 -0.00001300
vn -0.00376800 0.99999300 -0.00000400
vn -0.00368800 0.99999300 0.00008600
vn -0.00375200 0.99999300 -0.00001000
vn -0.00376900 0.99999300 -0.00000200
vn -0.00376800 0.99999300 -0.00000400
vn -0.00376600 0.99999300 0.00000400
vn -0.00376600 0.99999300 0.00000400
vn -0.00377200 0.99999300 -0.00000100
vn -0.00380000 0.99999300 -0.00001300
vn -0.00368800 0.99999300 0.00008600
vn -0.00380000 0.99999300 -0.00001300
vn -0.00378000 0.99999300 0.00000300
vn -0.00374600 0.99999300 0.00000600
vn -0.00370900 0.99999300 0.00001900
vn -0.00359400 0.99999400 0.00000400
vn -0.00378000 0.99999300 0.00000300
vn -0.00374600 0.99999300 0.00000600
vn -0.00375700 0.99999300 -0.00000800
vn -0.00379800 0.99999300 -0.00000200
vn -0.00379800 0.99999300 -0.00000200
vn -0.00373500 0.99999300 -0.00001000
vn -0.00375100 0.99999300 0.00000100
vn -0.00375700 0.99999300 -0.00000800
vn -0.00377400 0.99999300 0.00000300
vn -0.00375100 0.99999300 0.00000100
vn -0.00379800 0.99999300 -0.00000200
vn -0.00372500 0.99999300 -0.00001400
vn -0.00372500 0.99999300 -0.00001400
vn -0.00375100 0.99999300 0.00000100
vn -0.00377000 0.99999300 0.00000300
vn -0.00385800 0.99999300 -0.00001600
vn -0.00373500 0.99999300 -0.00001000
vn -0.00379100 0.99999300 0.00003300
vn -0.00375700 0.99999300 -0.00000800
vn -0.00379100 0.99999300 0.00003300
vn -0.00378400 0.99999300 0.00001800
vn -0.00382200 0.99999300 0.00000500
vn -0.00376300 0.99999300 0.00000200
vn -0.00376900 0.99999300 -0.00000200
vn -0.00385600 0.99999300 -0.00010100
vn -0.00371900 0.99999300 -0.00005200
vn -0.00378100 0.99999300 0.00003900
vn -0.00378400 0.99999300 0.00001800
vn -0.00379300 0.99999300 -0.00000600
vn -0.00386200 0.99999300 0.00003300
vn -0.00375200 0.99999300 -0.00001000
vn -0.00377400 0.99999300 0.00000300
vn -0.00373500 0.99999300 -0.00001000
vn -0.00379100 0.99999300 0.00003300
vn -0.00378400 0.99999300 0.00001800
vn -0.00379300 0.99999300 -0.00000600
vn -0.00368800 0.99999300 0.00008600
vn -0.00375200 0.99999300 -0.00001000
vn -0.00379300 0.99999300 -0.00000600
vn -0.00378000 0.99999300 0.00000300
vn -0.00370900 0.99999300 0.00001900
vn -0.00359400 0.99999400 0.00000400
vn -0.00378800 0.99999300 -0.00003000
vn -0.00370900 0.99999300 0.00001900
vn -0.00359400 0.99999400 0.00000300
vn -0.00378800 0.99999300 -0.00003000
vn -0.00377000 0.99999300 0.00000300
vn -0.00385800 0.99999300 -0.00001600
vn -0.00377000 0.99999300 0.00000300
vn -0.00378800 0.99999300 -0.00003000
vn -0.00372500 0.99999300 -0.00001400
vn -0.00385800 0.99999300 -0.00001600
vn -0.00376300 0.99999300 0.00000200
vn -0.00376500 0.99999300 0.00000000
vn -0.00377400 0.99999300 0.00000300
vn -0.00371400 0.99999300 0.00006400
vn -0.00376300 0.99999300 0.00000200
vn -0.00377000 0.99999300 -0.00000200
vn -0.00375800 0.99999300 -0.00000700
vn -0.00376600 0.99999300 0.00001200
vn -0.00379300 0.99999300 -0.00003200
vn -0.00388400 0.99999200 0.00003300
vn -0.00376700 0.99999300 0.00000200
vn -0.00372700 0.99999300 0.00005000
vn -0.00376500 0.99999300 0.00000000
vn -0.00376400 0.99999300 0.00000200
vn -0.00377900 0.99999300 0.00001700
vn -0.00385600 0.99999300 -0.00010100
vn -0.00376800 0.99999300 -0.00000100
vn -0.00372700 0.99999300 -0.00010100
vn -0.00376500 0.99999300 -0.00000200
vn -0.00388200 0.99999200 -0.00025000
vn -0.00376400 0.99999300 0.00000200
vn -0.00376500 0.99999300 0.00000000
vn -0.00379300 0.99999300 0.00005300
vn -0.00377000 0.99999300 -0.00000200
vn -0.00376100 0.99999300 0.00000400
vn -0.00376500 0.99999300 -0.00000200
vn -0.00377600 0.99999300 0.00000000
vn -0.00375800 0.99999300 -0.00000700
vn -0.00377000 0.99999300 -0.00000200
vn -0.00375800 0.99999300 -0.00000700
vn -0.00376400 0.99999300 0.00000200
vn -0.00378200 0.99999300 -0.00000300
vn -0.00369800 0.99999300 0.00001300
vn -0.00382900 0.99999300 0.00031300
vn -0.00373400 0.99999300 -0.00005200
vn -0.00380600 0.99999300 0.00001800
vn -0.00378200 0.99999300 -0.00000300
vn -0.00378100 0.99999300 -0.00001000
vn -0.00377600 0.99999300 0.00000000
vn -0.00369800 0.99999300 0.00001300
vn -0.00378100 0.99999300 -0.00001000
vn -0.00378200 0.99999300 -0.00000300
vn -0.00381000 0.99999300 -0.00002200
vn -0.00375000 0.99999300 0.00003100
vn -0.00374600 0.99999300 -0.00001200
vn -0.00369500 0.99999300 0.00008200
vn -0.00381000 0.99999300 -0.00002200
vn -0.00381000 0.99999300 -0.00002200
vn -0.00376600 0.99999300 -0.00000400
vn -0.00378100 0.99999300 0.00000700
vn -0.00376100 0.99999300 0.00003400
vn -0.00377200 0.99999300 -0.00000400
vn -0.00374600 0.99999300 -0.00001200
vn -0.00375000 0.99999300 0.00003100
vn -0.00374900 0.99999300 -0.00002600
vn -0.00369500 0.99999300 0.00008200
vn -0.00376500 0.99999300 -0.00000200
vn -0.00388200 0.99999200 -0.00025000
vn -0.00366300 0.99999300 -0.00000200
vn -0.00365900 0.99999300 -0.00011900
vn -0.00376100 0.99999300 0.00000400
vn -0.00374600 0.99999300 -0.00001200
vn -0.00377200 0.99999300 -0.00000400
vn -0.00364700 0.99999300 -0.00004000
vn -0.00376700 0.99999300 0.00001800
vn -0.00383900 0.99999300 0.00001600
vn -0.00366800 0.99999300 0.00002100
vn -0.00376600 0.99999300 0.00000000
vn -0.00378900 0.99999300 0.00001000
vn -0.00365900 0.99999300 -0.00011900
vn -0.00377200 0.99999300 -0.00000400
vn -0.00376500 0.99999300 0.00000700
vn -0.00388800 0.99999200 0.00019900
vn -0.00376600 0.99999300 -0.00000400
vn -0.00376500 0.99999300 -0.00000100
vn -0.00371300 0.99999300 -0.00007500
vn -0.00380500 0.99999300 0.00004200
vn -0.00377000 0.99999300 -0.00000300
vn -0.00379900 0.99999300 0.00002300
vn -0.00378600 0.99999300 -0.00005900
vn -0.00359400 0.99999400 -0.00012900
vn -0.00364600 0.99999300 -0.00007200
vn -0.00382900 0.99999300 0.00031300
vn -0.00369800 0.99999300 0.00001300
vn -0.00382900 0.99999300 0.00031300
vn -0.00376700 0.99999300 -0.00002000
vn -0.00373400 0.99999300 -0.00005200
vn -0.00374900 0.99999300 -0.00002600
vn -0.00376700 0.99999300 -0.00002000
vn -0.00373400 0.99999300 -0.00005200
vn -0.00376700 0.99999300 -0.00002000
vn -0.00374900 0.99999300 -0.00002600
vn -0.00376100 0.99999300 0.00003400
vn -0.00375000 0.99999300 0.00003100
vn -0.00376100 0.99999300 0.00003400
vn -0.00369500 0.99999300 0.00008200
vn -0.00376700 0.99999300 0.00001800
vn -0.00383900 0.99999300 0.00001600
vn -0.00376700 0.99999300 0.00001800
vn -0.00379300 0.99999300 0.00005300
vn -0.00376100 0.99999300 0.00000400
vn -0.00383900 0.99999300 0.00001600
vn -0.00377600 0.99999300 0.00000000
vn -0.00380600 0.99999300 0.00001800
vn -0.00379300 0.99999300 0.00005300
vn -0.00378100 0.99999300 -0.00001000
vn -0.00380600 0.99999300 0.00001800
vn -0.00376700 0.99999300 0.00000300
vn -0.00377000 0.99999300 -0.00000600
vn -0.00376400 0.99999300 -0.00000100
vn -0.00377000 0.99999300 0.00000000
vn -0.00377700 0.99999300 0.00000200
vn -0.00378100 0.99999300 0.00000700
vn -0.00376500 0.99999300 -0.00000100
vn -0.00376600 0.99999300 -0.00000400
vn -0.00377000 0.99999300 0.00000000
vn -0.00376400 0.99999300 -0.00000100
vn -0.00378100 0.99999300 0.00000700
vn -0.00377000 0.99999300 0.00000000
vn -0.00377700 0.99999300 0.00000200
vn -0.00376500 0.99999300 0.00000700
vn -0.00377300 0.99999300 0.00000900
vn -0.00376500 0.99999300 -0.00000100
vn -0.00376700 0.99999300 0.00000300
vn -0.00377700 0.99999300 0.00000200
vn -0.00377000 0.99999300 -0.00000600
vn -0.00376700 0.99999300 0.00000300
vn -0.00377000 0.99999300 -0.00000600
vn -0.00376400 0.99999300 -0.00000100
vn -0.00387000 0.99999300 0.00011400
vn -0.00400100 0.99999200 0.00005300
vn -0.00364800 0.99999300 0.00013400
vn -0.00376100 0.99999300 -0.00000600
vn -0.00377300 0.99999300 0.00000900
vn -0.00376500 0.99999300 0.00000700
vn -0.00397300 0.99999200 -0.00024600
vn -0.00379800 0.99999300 -0.00005000
vn -0.00375000 0.99999300 0.00008500
vn -0.00381300 0.99999300 0.00002300
vn -0.00369900 0.99999300 0.00005900
vn -0.00387300 0.99999200 0.00007400
vn -0.00359400 0.99999400 -0.00012900
vn -0.00375000 0.99999300 0.00008500
vn -0.00379800 0.99999300 -0.00005000
vn -0.00363900 0.99999300 0.00008400
vn -0.00375000 0.99999300 0.00008500
vn -0.00397300 0.99999200 -0.00024600
vn -0.00397300 0.99999200 -0.00024600
vn -0.00363900 0.99999300 0.00008400
vn -0.00380000 0.99999300 -0.00003500
vn -0.00377300 0.99999300 0.00000900
vn -0.00379000 0.99999300 -0.00002000
vn -0.00379400 0.99999300 0.00001400
vn -0.00369400 0.99999300 0.00000800
vn -0.00377200 0.99999300 -0.00001300
vn -0.00377600 0.99999300 0.00000300
vn -0.00381300 0.99999300 0.00002300
vn -0.00376100 0.99999300 -0.00000600
vn -0.00379400 0.99999300 0.00001400
vn -0.00376200 0.99999300 -0.00000400
vn -0.00369400 0.99999300 0.00000800
vn -0.00382400 0.99999300 -0.00000800
vn -0.00383400 0.99999300 -0.00001200
vn -0.00369400 0.99999300 0.00000800
vn -0.00382400 0.99999300 -0.00000800
vn -0.00383400 0.99999300 -0.00001200
vn -0.00382400 0.99999300 -0.00000800
vn -0.00376800 0.99999300 -0.00001100
vn -0.00383400 0.99999300 -0.00001200
vn -0.00376800 0.99999300 -0.00001100
vn -0.00368200 0.99999300 0.00002500
vn -0.00372100 0.99999300 -0.00000500
vn -0.00368200 0.99999300 0.00002500
vn -0.00376800 0.99999300 -0.00001100
vn -0.00375500 0.99999300 0.00000800
vn -0.00377600 0.99999300 0.00000300
vn -0.00379400 0.99999300 0.00001400
vn -0.00387300 0.99999200 0.00007400
vn -0.00377600 0.99999300 0.00000300
vn -0.00381300 0.99999300 0.00002300
vn -0.00387300 0.99999200 0.00007400
vn -0.00379800 0.99999300 -0.00005000
vn -0.00363900 0.99999300 0.00008400
vn -0.00380000 0.99999300 -0.00003500
vn -0.00379000 0.99999300 -0.00002000
vn -0.00380000 0.99999300 -0.00003500
vn -0.00373200 0.99999300 -0.00000700
vn -0.00379000 0.99999300 -0.00002000
vn -0.00373200 0.99999300 -0.00000700
vn -0.00375500 0.99999300 0.00000800
vn -0.00375500 0.99999300 0.00000800
vn -0.00373200 0.99999300 -0.00000700
vn -0.00372100 0.99999300 -0.00000500
vn -0.00372100 0.99999300 -0.00000500
vn -0.00368200 0.99999300 0.00002500
vn -0.00375900 0.99999300 0.00000900
vn -0.00376100 0.99999300 0.00000500
vn -0.00376100 0.99999300 0.00000500
vn -0.00375400 0.99999300 -0.00000600
vn -0.00375400 0.99999300 -0.00000600
vn -0.00374700 0.99999300 0.00002900
vn -0.00376700 0.99999300 0.00000200
vn -0.00373200 0.99999300 0.00000800
vn -0.00380400 0.99999300 -0.00000400
vn -0.00377100 0.99999300 0.00006400
vn -0.00375800 0.99999300 -0.00006900
vn -0.00376600 0.99999300 -0.00000000
vn -0.00375000 0.99999300 -0.00000700
vn -0.00376600 0.99999300 0.00000000
vn -0.00377000 0.99999300 -0.00000300
vn -0.00376800 0.99999300 -0.00000400
vn -0.00376800 0.99999300 -0.00000100
vn -0.00376200 0.99999300 -0.00000800
vn -0.00368700 0.99999300 0.00000600
vn -0.00377300 0.99999300 0.00000000
vn -0.00378000 0.99999300 0.00010400
vn -0.00377200 0.99999300 0.00006300
vn -0.00375800 0.99999300 -0.00006900
vn -0.00377100 0.99999300 0.00006400
vn -0.00377100 0.99999300 0.00006400
vn -0.00376800 0.99999300 -0.00000400
vn -0.00364900 0.99999300 -0.00007000
vn -0.00377900 0.99999300 0.00001700
vn -0.00376800 0.99999300 -0.00000100
vn -0.00375800 0.99999300 -0.00006900
vn -0.00371400 0.99999300 0.00006400
vn -0.00377900 0.99999300 0.00001700
vn -0.00376200 0.99999300 -0.00001600
vn -0.00386200 0.99999300 0.00003300
vn -0.00371900 0.99999300 -0.00005200
vn -0.00378100 0.99999300 0.00003900
vn -0.00371900 0.99999300 -0.00005200
vn -0.00378300 0.99999300 0.00002100
vn -0.00364900 0.99999300 -0.00007000
vn -0.00378300 0.99999300 0.00002100
vn -0.00381400 0.99999300 0.00004200
vn -0.00381400 0.99999300 0.00004200
vn -0.00376200 0.99999300 -0.00001600
vn -0.00382200 0.99999300 0.00000500
vn -0.00378100 0.99999300 0.00003900
vn -0.00382200 0.99999300 0.00000500
vn -0.00385600 0.99999300 -0.00010100
vn -0.00372700 0.99999300 -0.00010100
vn -0.00371400 0.99999300 0.00006400
vn -0.00372700 0.99999300 -0.00010100
vn -0.00375300 0.99999300 0.00000200
vn -0.00383700 0.99999300 0.00005700
vn -0.00375300 0.99999300 0.00000200
vn -0.00376600 0.99999300 -0.00000000
vn -0.00375000 0.99999300 -0.00000700
vn -0.00377300 0.99999300 0.00000000
vn -0.00374200 0.99999300 0.00003000
vn -0.00368700 0.99999300 0.00000600
vn -0.00374200 0.99999300 0.00003000
vn -0.00384700 0.99999300 -0.00004600
vn -0.00384700 0.99999300 -0.00004600
vn -0.00367300 0.99999300 0.00006700
vn -0.00367300 0.99999300 0.00006700
vn -0.00375200 0.99999300 -0.00001600
vn -0.00381000 0.99999300 -0.00006100
vn -0.00383600 0.99999300 -0.00003300
vn -0.00375200 0.99999300 -0.00001600
vn -0.00381000 0.99999300 -0.00006100
vn -0.00368500 0.99999300 -0.00000200
vn -0.00375000 0.99999300 -0.00000700
vn -0.00368700 0.99999300 0.00000600
vn -0.00377500 0.99999300 0.00000700
vn -0.00368500 0.99999300 -0.00000200
vn -0.00388700 0.99999200 0.00006000
vn -0.00377500 0.99999300 0.00000700
vn -0.00363100 0.99999300 -0.00013500
vn -0.00383700 0.99999300 0.00005700
vn -0.00363100 0.99999300 -0.00013500
vn -0.00371300 0.99999300 -0.00007500
vn -0.00378900 0.99999300 0.00001000
vn -0.00380400 0.99999300 -0.00000400
vn -0.00376600 0.99999300 0.00000000
vn -0.00378900 0.99999300 0.00001000
vn -0.00388400 0.99999200 0.00003300
vn -0.00366800 0.99999300 0.00002100
vn -0.00388200 0.99999200 -0.00025000
vn -0.00366300 0.99999300 -0.00000200
vn -0.00366800 0.99999300 0.00002100
vn -0.00372700 0.99999300 0.00005000
vn -0.00379300 0.99999300 -0.00003200
vn -0.00388400 0.99999200 0.00003300
vn -0.00372700 0.99999300 0.00005000
vn -0.00366300 0.99999300 -0.00000200
vn -0.00364700 0.99999300 -0.00004000
vn -0.00388800 0.99999200 0.00019900
vn -0.00365900 0.99999300 -0.00011900
vn -0.00364700 0.99999300 -0.00004000
vn -0.00371300 0.99999300 -0.00007500
vn -0.00388800 0.99999200 0.00019900
vn -0.00373200 0.99999300 0.00000800
vn -0.00380400 0.99999300 -0.00000400
vn -0.00376600 0.99999300 0.00001200
vn -0.00376700 0.99999300 0.00000200
vn -0.00373200 0.99999300 0.00000800
vn -0.00376600 0.99999300 0.00001200
vn -0.00379300 0.99999300 -0.00003200
vn -0.00364800 0.99999300 0.00013400
vn -0.00369900 0.99999300 0.00005900
vn -0.00367100 0.99999300 0.00003500
vn -0.00367100 0.99999300 0.00003500
vn -0.00380100 0.99999300 -0.00006500
vn -0.00380100 0.99999300 -0.00006500
vn -0.00375200 0.99999300 -0.00000300
vn -0.00378000 0.99999300 0.00010400
vn -0.00376200 0.99999300 -0.00000800
vn -0.00375200 0.99999300 -0.00000300
vn -0.00369900 0.99999300 0.00005900
vn -0.00400100 0.99999200 0.00005300
vn -0.00374700 0.99999300 0.00002900
vn -0.00377200 0.99999300 -0.00001300
vn -0.00377200 0.99999300 0.00006300
vn -0.00378000 0.99999300 0.00010400
vn -0.00377000 0.99999300 -0.00000300
vn -0.00364600 0.99999300 -0.00007200
vn -0.00377200 0.99999300 0.00006300
vn -0.00364600 0.99999300 -0.00007200
vn -0.00379900 0.99999300 0.00002300
vn -0.00379900 0.99999300 0.00002300
vn -0.00380500 0.99999300 0.00004200
vn -0.00380500 0.99999300 0.00004200
vn -0.00378600 0.99999300 -0.00005900
vn -0.00359400 0.99999400 -0.00012900
vn -0.00387000 0.99999300 0.00011400
vn -0.00378600 0.99999300 -0.00005900
vn -0.00387000 0.99999300 0.00011400
vn -0.00400100 0.99999200 0.00005300
f 1//1 2//2 3//3
f 3//3 2//2 4//4
f 5//5 6//6 9//9
f 8//8 7//7 10//10
f 11//11 12//12 13//13
f 13//13 12//12 14//14
f 13//13 14//14 15//15
f 15//15 14//14 16//16
f 16//16 14//14 17//17
f 16//16 17//17 18//18
f 19//19 20//20 17//17
f 17//17 20//20 21//21
f 17//17 21//21 18//18
f 22//22 24//24 28//28
f 26//26 25//25 29//29
f 30//30 31//31 32//32
f 30//30 32//32 33//33
f 35//35 36//36 38//38
f 34//34 37//37 39//39
f 40//40 41//41 42//42
f 40//40 42//42 43//43
f 44//44 46//46 42//42
f 42//42 46//46 47//47
f 42//42 47//47 43//43
f 30//30 48//48 31//31
f 31//31 48//48 49//49
f 50//50 51//51 52//52
f 52//52 51//51 53//53
f 52//52 53//53 54//54
f 53//53 55//55 54//54
f 54//54 55//55 56//56
f 54//54 56//56 57//57
f 58//58 59//59 60//60
f 60//60 59//59 57//57
f 60//60 57//57 61//61
f 61//61 57//57 56//56
f 62//62 63//63 64//64
f 64//64 63//63 65//65
f 62//62 64//64 66//66
f 66//66 64//64 67//67
f 66//66 67//67 68//68
f 69//69 64//64 65//65
f 69//69 65//65 70//70
f 65//65 71//71 70//70
f 70//70 71//71 72//72
f 70//70 72//72 73//73
f 73//73 72//72 74//74
f 73//73 74//74 75//75
f 76//76 59//59 77//77
f 77//77 59//59 58//58
f 78//78 29//29 79//79
f 79//79 29//29 25//25
f 25//25 80//80 79//79
f 79//79 80//80 81//81
f 79//79 81//81 82//82
f 83//83 84//84 85//85
f 86//86 87//87 88//88
f 88//88 87//87 89//89
f 90//90 92//92 93//93
f 93//93 94//94 90//90
f 90//90 94//94 95//95
f 91//91 96//96 97//97
f 97//97 96//96 98//98
f 97//97 98//98 99//99
f 87//87 86//86 100//100
f 100//100 86//86 99//99
f 100//100 99//99 101//101
f 101//101 99//99 98//98
f 102//102 93//93 103//103
f 103//103 93//93 92//92
f 104//104 105//105 106//106
f 106//106 105//105 107//107
f 108//108 109//109 110//110
f 110//110 111//111 108//108
f 108//108 111//111 112//112
f 108//108 112//112 113//113
f 113//113 112//112 114//114
f 113//113 114//114 115//115
f 105//105 104//104 116//116
f 116//116 104//104 115//115
f 116//116 115//115 117//117
f 117//117 115//115 114//114
f 118//118 119//119 120//120
f 120//120 119//119 122//122
f 123//123 118//118 124//124
f 124//124 118//118 120//120
f 125//125 121//121 126//126
f 126//126 121//121 127//127
f 78//78 79//79 128//128
f 78//78 128//128 129//129
f 128//128 130//130 129//129
f 129//129 130//130 131//131
f 129//129 131//131 132//132
f 132//132 131//131 133//133
f 132//132 133//133 134//134
f 135//135 136//136 137//137
f 137//137 136//136 138//138
f 139//139 110//110 140//140
f 140//140 110//110 109//109
f 123//123 141//141 118//118
f 118//118 141//141 142//142
f 143//143 145//145 146//146
f 146//146 145//145 148//148
f 141//141 147//147 142//142
f 150//150 151//151 155//155
f 158//158 152//152 161//161
f 163//163 164//164 168//168
f 166//166 165//165 160//160
f 167//167 162//162 170//170
f 169//169 159//159 153//153
f 171//171 172//172 156//156
f 157//157 173//173 174//174
f 154//154 175//175 149//149
f 176//176 177//177 178//178
f 179//179 180//180 183//183
f 184//184 181//181 187//187
f 190//190 182//182 192//192
f 191//191 185//185 186//186
f 193//193 188//188 194//194
f 195//195 189//189 196//196
f 197//197 198//198 199//199
f 199//199 198//198 200//200
f 201//201 202//202 204//204
f 205//205 203//203 206//206
f 207//207 208//208 209//209
f 209//209 208//208 210//210
f 211//211 212//212 197//197
f 197//197 212//212 198//198
f 214//214 215//215 217//217
f 219//219 216//216 220//220
f 63//63 62//62 221//221
f 63//63 221//221 222//222
f 222//222 221//221 223//223
f 222//222 223//223 224//224
f 224//224 223//223 225//225
f 224//224 225//225 226//226
f 227//227 228//228 229//229
f 230//230 231//231 232//232
f 233//233 234//234 235//235
f 235//235 234//234 236//236
f 237//237 238//238 239//239
f 240//240 241//241 242//242
f 243//243 244//244 245//245
f 243//243 245//245 246//246
f 246//246 245//245 247//247
f 246//246 247//247 248//248
f 248//248 247//247 249//249
f 248//248 249//249 250//250
f 251//251 253//253 255//255
f 252//252 254//254 258//258
f 262//262 270//270 273//273
f 272//272 264//264 275//275
f 271//271 276//276 277//277
f 278//278 274//274 280//280
f 279//279 281//281 282//282
f 256//256 284//284 260//260
f 259//259 283//283 286//286
f 257//257 285//285 289//289
f 290//290 287//287 294//294
f 293//293 296//296 292//292
f 291//291 295//295 265//265
f 288//288 269//269 298//298
f 297//297 263//263 299//299
f 303//303 307//307 308//308
f 261//261 310//310 267//267
f 268//268 311//311 314//314
f 266//266 313//313 300//300
f 301//301 312//312 305//305
f 302//302 304//304 316//316
f 315//315 306//306 309//309
f 317//317 318//318 319//319
f 319//319 318//318 320//320
f 321//321 322//322 323//323
f 323//323 322//322 324//324
f 325//325 326//326 327//327
f 327//327 326//326 328//328
f 329//329 331//331 333//333
f 332//332 330//330 334//334
f 335//335 336//336 324//324
f 324//324 336//336 323//323
f 337//337 338//338 339//339
f 339//339 338//338 340//340
f 339//339 340//340 341//341
f 341//341 340//340 342//342
f 343//343 344//344 345//345
f 345//345 344//344 346//346
f 345//345 346//346 347//347
f 347//347 346//346 348//348
f 349//349 350//350 351//351
f 351//351 350//350 352//352
f 352//352 353//353 351//351
f 351//351 353//353 354//354
f 351//351 354//354 355//355
f 356//356 357//357 358//358
f 358//358 357//357 355//355
f 358//358 355//355 359//359
f 359//359 355//355 354//354
f 360//360 361//361 362//362
f 362//362 361//361 363//363
f 364//364 366//366 368//368
f 367//367 365//365 369//369
f 370//370 371//371 372//372
f 372//372 371//371 373//373
f 374//374 375//375 360//360
f 360//360 375//375 361//361
f 377//377 379//379 381//381
f 380//380 378//378 383//383
f 385//385 394//394 397//397
f 403//403 405//405 409//409
f 408//408 404//404 413//413
f 416//416 418//418 420//420
f 421//421 424//424 392//392
f 393//393 423//423 426//426
f 414//414 428//428 411//411
f 430//430 427//427 431//431
f 429//429 417//417 433//433
f 432//432 415//415 419//419
f 434//434 436//436 437//437
f 438//438 435//435 440//440
f 439//439 442//442 388//388
f 386//386 441//441 444//444
f 387//387 443//443 422//422
f 407//407 446//446 448//448
f 447//447 445//445 451//451
f 449//449 452//452 398//398
f 395//395 450//450 454//454
f 400//400 453//453 384//384
f 455//455 401//401 457//457
f 456//456 402//402 412//412
f 458//458 406//406 459//459
f 460//460 410//410 461//461
f 462//462 399//399 464//464
f 463//463 396//396 390//390
f 465//465 389//389 467//467
f 466//466 391//391 425//425
f 468//468 469//469 470//470
f 470//470 469//469 471//471
f 472//472 473//473 474//474
f 474//474 473//473 475//475
f 476//476 477//477 478//478
f 478//478 477//477 479//479
f 480//480 482//482 484//484
f 483//483 481//481 485//485
f 486//486 487//487 475//475
f 475//475 487//487 474//474
f 350//350 349//349 488//488
f 488//488 349//349 489//489
f 488//488 489//489 490//490
f 491//491 492//492 493//493
f 317//317 319//319 494//494
f 494//494 319//319 495//495
f 317//317 494//494 496//496
f 496//496 494//494 493//493
f 496//496 493//493 492//492
f 497//497 498//498 499//499
f 499//499 498//498 500//500
f 501//501 250//250 502//502
f 502//502 250//250 249//249
f 249//249 503//503 502//502
f 502//502 503//503 504//504
f 502//502 504//504 505//505
f 12//12 11//11 506//506
f 45//45 505//505 506//506
f 506//506 505//505 504//504
f 506//506 504//504 12//12
f 488//488 490//490 507//507
f 507//507 490//490 508//508
f 507//507 508//508 509//509
f 509//509 508//508 510//510
f 509//509 510//510 511//511
f 511//511 510//510 512//512
f 511//511 512//512 513//513
f 514//514 515//515 49//49
f 514//514 49//49 48//48
f 20//20 19//19 50//50
f 50//50 19//19 68//68
f 50//50 68//68 51//51
f 51//51 68//68 67//67
f 516//516 517//517 74//74
f 74//74 517//517 75//75
f 518//518 220//220 519//519
f 519//519 220//220 216//216
f 216//216 520//520 519//519
f 519//519 520//520 521//521
f 519//519 521//521 523//523
f 347//347 348//348 524//524
f 525//525 522//522 526//526
f 524//524 523//523 521//521
f 524//524 521//521 347//347
f 76//76 77//77 527//527
f 76//76 527//527 528//528
f 528//528 527//527 529//529
f 528//528 529//529 530//530
f 531//531 532//532 533//533
f 531//531 533//533 534//534
f 534//534 533//533 525//525
f 534//534 525//525 526//526
f 81//81 535//535 82//82
f 82//82 535//535 536//536
f 537//537 538//538 539//539
f 537//537 539//539 540//540
f 541//541 542//542 543//543
f 541//541 543//543 544//544
f 545//545 546//546 547//547
f 545//545 547//547 548//548
f 549//549 550//550 536//536
f 549//549 536//536 535//535
f 551//551 552//552 553//553
f 553//553 552//552 554//554
f 555//555 557//557 559//559
f 558//558 556//556 560//560
f 561//561 562//562 563//563
f 563//563 562//562 564//564
f 563//563 564//564 565//565
f 565//565 564//564 566//566
f 565//565 566//566 567//567
f 567//567 566//566 3//3
f 567//567 3//3 4//4
f 561//561 568//568 562//562
f 562//562 568//568 552//552
f 562//562 552//552 551//551
f 570//570 571//571 573//573
f 569//569 574//574 576//576
f 579//579 584//584 587//587
f 586//586 591//591 592//592
f 588//588 593//593 596//596
f 577//577 572//572 599//599
f 597//597 575//575 600//600
f 598//598 590//590 601//601
f 603//603 589//589 595//595
f 602//602 594//594 604//604
f 608//608 609//609 610//610
f 611//611 613//613 605//605
f 606//606 612//612 615//615
f 607//607 614//614 617//617
f 616//616 618//618 620//620
f 622//622 619//619 623//623
f 621//621 624//624 629//629
f 628//628 625//625 632//632
f 626//626 633//633 636//636
f 637//637 639//639 642//642
f 643//643 638//638 647//647
f 640//640 646//646 648//648
f 652//652 654//654 659//659
f 660//660 653//653 582//582
f 658//658 585//585 664//664
f 663//663 583//583 580//580
f 662//662 581//581 667//667
f 666//666 578//578 630//630
f 665//665 627//627 669//669
f 668//668 631//631 635//635
f 670//670 634//634 671//671
f 649//649 673//673 644//644
f 645//645 672//672 676//676
f 641//641 674//674 655//655
f 677//677 651//651 678//678
f 679//679 650//650 656//656
f 680//680 661//661 682//682
f 681//681 657//657 675//675
f 683//683 685//685 686//686
f 683//683 686//686 687//687
f 687//687 686//686 122//122
f 687//687 122//122 119//119
f 470//470 688//688 689//689
f 690//690 691//691 692//692
f 692//692 691//691 693//693
f 692//692 693//693 689//689
f 689//689 693//693 468//468
f 689//689 468//468 470//470
f 694//694 695//695 133//133
f 133//133 695//695 134//134
f 696//696 697//697 698//698
f 698//698 697//697 699//699
f 135//135 137//137 700//700
f 700//700 137//137 701//701
f 135//135 700//700 702//702
f 702//702 700//700 699//699
f 702//702 699//699 697//697
f 703//703 704//704 705//705
f 705//705 704//704 706//706
f 707//707 383//383 708//708
f 708//708 383//383 378//378
f 378//378 709//709 708//708
f 708//708 709//709 710//710
f 708//708 710//710 711//711
f 357//357 356//356 712//712
f 144//144 711//711 712//712
f 712//712 711//711 710//710
f 712//712 710//710 357//357
f 713//713 714//714 715//715
f 713//713 715//715 716//716
f 716//716 715//715 717//717
f 716//716 717//717 718//718
f 718//718 717//717 2//2
f 718//718 2//2 1//1
f 714//714 713//713 719//719
f 719//719 713//713 720//720
f 721//721 723//723 725//725
f 724//724 722//722 726//726
f 727//727 728//728 729//729
f 727//727 729//729 730//730
f 731//731 732//732 733//733
f 731//731 733//733 734//734
f 735//735 736//736 737//737
f 735//735 737//737 738//738
f 739//739 740//740 696//696
f 739//739 696//696 698//698
f 741//741 742//742 745//745
f 744//744 743//743 746//746
f 747//747 749//749 750//750
f 751//751 748//748 752//752
f 753//753 754//754 756//756
f 757//757 755//755 758//758
f 759//759 761//761 763//763
f 762//762 760//760 764//764
f 765//765 766//766 768//768
f 769//769 767//767 770//770
f 771//771 772//772 774//774
f 775//775 773//773 776//776
f 777//777 778//778 780//780
f 781//781 779//779 782//782
f 783//783 784//784 786//786
f 787//787 785//785 788//788
f 789//789 790//790 792//792
f 793//793 791//791 794//794
f 795//795 796//796 799//799
f 798//798 797//797 800//800
f 801//801 803//803 805//805
f 804//804 802//802 806//806
f 807//807 808//808 810//810
f 811//811 809//809 812//812
f 813//813 815//815 817//817
f 816//816 814//814 818//818
f 819//819 820//820 822//822
f 823//823 821//821 824//824
f 825//825 827//827 829//829
f 828//828 826//826 830//830
f 831//831 833//833 835//835
f 834//834 832//832 836//836
f 837//837 838//838 840//840
f 841//841 839//839 842//842
f 843//843 845//845 847//847
f 846//846 844//844 848//848
f 849//849 850//850 852//852
f 853//853 851//851 854//854
f 855//855 856//856 858//858
f 859//859 857//857 860//860
f 861//861 862//862 864//864
f 865//865 863//863 866//866
f 867//867 868//868 870//870
f 871//871 869//869 872//872
f 873//873 875//875 877//877
f 876//876 874//874 878//878
f 879//879 880//880 882//882
f 883//883 881//881 884//884
f 885//885 886//886 889//889
f 888//888 887//887 890//890
f 891//891 893//893 894//894
f 895//895 892//892 896//896
f 897//897 898//898 900//900
f 901//901 899//899 902//902
f 903//903 905//905 907//907
f 906//906 904//904 908//908
f 909//909 911//911 913//913
f 912//912 910//910 914//914
f 915//915 917//917 919//919
f 918//918 916//916 920//920
f 921//921 923//923 925//925
f 924//924 922//922 926//926
f 927//927 928//928 930//930
f 931//931 929//929 932//932
f 933//933 935//935 936//936
f 937//937 934//934 938//938
f 939//939 941//941 943//943
f 942//942 940//940 944//944
f 945//945 946//946 948//948
f 949//949 947//947 950//950
f 951//951 952//952 954//954
f 955//955 953//953 956//956
f 957//957 958//958 961//961
f 960//960 959//959 962//962
f 963//963 965//965 966//966
f 967//967 964//964 968//968
f 969//969 970//970 972//972
f 973//973 971//971 974//974
f 975//975 976//976 978//978
f 979//979 977//977 980//980
f 981//981 983//983 984//984
f 985//985 982//982 986//986
f 987//987 989//989 991//991
f 990//990 988//988 992//992
f 993//993 995//995 997//997
f 996//996 994//994 998//998
f 999//999 1000//1000 1003//1003
f 1002//1002 1001//1001 1004//1004
f 1005//1005 1006//1006 1008//1008
f 1009//1009 1007//1007 1010//1010
f 1011//1011 1013//1013 1015//1015
f 1014//1014 1012//1012 1016//1016
f 1017//1017 1018//1018 1020//1020
f 1021//1021 1019//1019 1022//1022
f 1023//1023 1024//1024 1027//1027
f 1026//1026 1025//1025 1028//1028
f 209//209 210//210 1029//1029
f 1029//1029 210//210 1030//1030
f 1031//1031 1033//1033 1038//1038
f 1034//1034 1039//1039 1041//1041
f 1040//1040 1042//1042 1035//1035
f 1036//1036 1043//1043 1045//1045
f 1037//1037 1044//1044 1032//1032
f 1046//1046 1047//1047 1048//1048
f 1048//1048 1047//1047 1049//1049
f 1048//1048 1049//1049 1050//1050
f 1050//1050 1049//1049 1051//1051
f 1050//1050 1051//1051 1052//1052
f 1052//1052 1051//1051 1053//1053
f 1052//1052 1053//1053 1054//1054
f 1054//1054 1053//1053 1055//1055
f 1054//1054 1055//1055 1056//1056
f 1056//1056 1055//1055 1057//1057
f 1056//1056 1057//1057 1058//1058
f 1058//1058 1057//1057 1059//1059
f 1058//1058 1059//1059 1060//1060
f 1060//1060 1059//1059 1061//1061
f 1060//1060 1061//1061 1062//1062
f 1062//1062 1061//1061 1063//1063
f 1062//1062 1063//1063 1064//1064
f 1064//1064 1063//1063 1065//1065
f 1064//1064 1065//1065 1066//1066
f 1066//1066 1065//1065 1067//1067
f 1066//1066 1067//1067 1068//1068
f 1068//1068 1067//1067 1069//1069
f 1068//1068 1069//1069 1046//1046
f 1046//1046 1069//1069 1047//1047
f 1070//1070 1071//1071 1072//1072
f 1072//1072 1071//1071 1073//1073
f 1072//1072 1073//1073 1074//1074
f 1075//1075 1076//1076 1078//1078
f 1073//1073 1077//1077 1079//1079
f 1073//1073 1079//1079 1074//1074
f 213//213 218//218 1080//1080
f 1080//1080 218//218 1081//1081
f 1082//1082 1083//1083 1085//1085
f 1086//1086 1084//1084 1087//1087
f 1088//1088 1089//1089 1075//1075
f 1075//1075 1089//1089 1076//1076
f 1090//1090 1091//1091 1094//1094
f 1095//1095 1092//1092 1098//1098
f 1093//1093 1096//1096 1100//1100
f 1099//1099 1097//1097 1101//1101
f 1102//1102 1103//1103 1104//1104
f 1104//1104 1103//1103 1105//1105
f 1104//1104 1105//1105 1106//1106
f 1106//1106 1105//1105 1107//1107
f 1106//1106 1107//1107 1108//1108
f 1108//1108 1107//1107 1109//1109
f 1108//1108 1109//1109 1110//1110
f 1110//1110 1109//1109 1111//1111
f 1110//1110 1111//1111 1112//1112
f 1112//1112 1111//1111 1113//1113
f 1112//1112 1113//1113 1114//1114
f 1114//1114 1113//1113 1115//1115
f 1114//1114 1115//1115 1116//1116
f 1116//1116 1115//1115 1117//1117
f 1116//1116 1117//1117 1118//1118
f 1118//1118 1117//1117 1119//1119
f 1118//1118 1119//1119 1120//1120
f 1120//1120 1119//1119 1121//1121
f 1120//1120 1121//1121 1122//1122
f 1122//1122 1121//1121 1123//1123
f 1122//1122 1123//1123 1124//1124
f 1124//1124 1123//1123 1125//1125
f 1124//1124 1125//1125 1102//1102
f 1102//1102 1125//1125 1103//1103
f 1126//1126 1127//1127 1128//1128
f 1129//1129 1131//1131 1132//1132
f 1133//1133 1130//1130 1134//1134
f 1134//1134 1130//1130 1135//1135
f 1135//1135 1130//1130 1136//1136
f 1135//1135 1136//1136 1137//1137
f 1138//1138 1139//1139 1140//1140
f 1140//1140 1139//1139 1141//1141
f 1140//1140 1141//1141 1142//1142
f 1142//1142 1141//1141 1143//1143
f 1142//1142 1143//1143 1128//1128
f 1128//1128 1143//1143 1144//1144
f 1128//1128 1144//1144 1126//1126
f 1126//1126 1144//1144 1129//1129
f 1126//1126 1129//1129 1145//1145
f 1145//1145 1129//1129 1132//1132
f 1146//1146 1147//1147 1148//1148
f 1148//1148 1147//1147 1149//1149
f 1148//1148 1149//1149 1150//1150
f 1150//1150 1149//1149 1152//1152
f 1150//1150 1152//1152 1153//1153
f 1136//1136 1151//1151 1154//1154
f 1136//1136 1154//1154 1137//1137
f 320//320 318//318 1155//1155
f 1155//1155 318//318 1156//1156
f 1157//1157 1158//1158 1161//1161
f 1160//1160 1159//1159 1162//1162
f 1163//1163 1164//1164 1165//1165
f 1165//1165 1164//1164 1166//1166
f 1167//1167 1168//1168 1169//1169
f 1170//1170 1171//1171 1172//1172
f 1165//1165 1166//1166 1169//1169
f 1169//1169 1166//1166 1170//1170
f 1169//1169 1170//1170 1167//1167
f 1167//1167 1170//1170 1172//1172
f 1174//1174 1176//1176 1177//1177
f 1179//1179 1175//1175 1180//1180
f 1181//1181 1173//1173 1178//1178
f 1182//1182 1183//1183 1185//1185
f 1186//1186 1184//1184 1187//1187
f 1188//1188 1189//1189 325//325
f 325//325 1189//1189 326//326
f 1191//1191 1200//1200 1208//1208
f 1211//1211 1213//1213 1198//1198
f 1199//1199 1214//1214 1215//1215
f 1201//1201 1216//1216 1205//1205
f 1218//1218 1197//1197 1219//1219
f 1222//1222 1202//1202 1225//1225
f 1229//1229 1230//1230 1207//1207
f 1204//1204 1231//1231 1232//1232
f 1206//1206 1233//1233 1190//1190
f 1234//1234 1236//1236 1193//1193
f 1194//1194 1235//1235 1237//1237
f 1195//1195 1239//1239 1227//1227
f 1224//1224 1238//1238 1241//1241
f 1226//1226 1240//1240 1242//1242
f 1243//1243 1244//1244 1246//1246
f 1248//1248 1245//1245 1249//1249
f 1247//1247 1250//1250 1254//1254
f 1252//1252 1251//1251 1212//1212
f 1253//1253 1210//1210 1257//1257
f 1255//1255 1209//1209 1203//1203
f 1256//1256 1192//1192 1258//1258
f 1259//1259 1196//1196 1217//1217
f 1260//1260 1261//1261 1264//1264
f 1265//1265 1262//1262 1221//1221
f 1263//1263 1223//1223 1266//1266
f 1267//1267 1220//1220 1228//1228
f 1268//1268 1273//1273 1284//1284
f 1289//1289 1290//1290 1280//1280
f 1294//1294 1295//1295 1281//1281
f 1297//1297 1301//1301 1302//1302
f 1272//1272 1305//1305 1283//1283
f 1282//1282 1304//1304 1306//1306
f 1286//1286 1307//1307 1309//1309
f 1288//1288 1285//1285 1312//1312
f 1315//1315 1316//1316 1317//1317
f 1319//1319 1320//1320 1323//1323
f 1322//1322 1321//1321 1293//1293
f 1324//1324 1292//1292 1326//1326
f 1325//1325 1291//1291 1277//1277
f 1327//1327 1328//1328 1331//1331
f 1330//1330 1329//1329 1269//1269
f 1332//1332 1271//1271 1335//1335
f 1333//1333 1270//1270 1287//1287
f 1334//1334 1274//1274 1337//1337
f 1336//1336 1275//1275 1296//1296
f 1303//1303 1311//1311 1300//1300
f 1298//1298 1310//1310 1279//1279
f 1299//1299 1278//1278 1339//1339
f 1338//1338 1276//1276 1308//1308
f 1340//1340 1313//1313 1342//1342
f 1341//1341 1314//1314 1318//1318
f 372//372 373//373 1343//1343
f 1343//1343 373//373 1344//1344
f 1346//1346 1347//1347 1351//1351
f 1349//1349 1353//1353 1354//1354
f 1355//1355 1356//1356 1352//1352
f 1348//1348 1357//1357 1359//1359
f 1350//1350 1358//1358 1345//1345
f 1360//1360 1361//1361 1362//1362
f 1362//1362 1361//1361 1363//1363
f 1362//1362 1363//1363 1364//1364
f 1364//1364 1363//1363 1365//1365
f 1364//1364 1365//1365 1366//1366
f 1366//1366 1365//1365 1367//1367
f 1366//1366 1367//1367 1368//1368
f 1368//1368 1367//1367 1369//1369
f 1368//1368 1369//1369 1370//1370
f 1370//1370 1369//1369 1371//1371
f 1370//1370 1371//1371 1372//1372
f 1372//1372 1371//1371 1373//1373
f 1372//1372 1373//1373 1374//1374
f 1374//1374 1373//1373 1375//1375
f 1374//1374 1375//1375 1376//1376
f 1376//1376 1375//1375 1377//1377
f 1376//1376 1377//1377 1378//1378
f 1378//1378 1377//1377 1379//1379
f 1378//1378 1379//1379 1380//1380
f 1380//1380 1379//1379 1381//1381
f 1380//1380 1381//1381 1382//1382
f 1382//1382 1381//1381 1383//1383
f 1382//1382 1383//1383 1360//1360
f 1360//1360 1383//1383 1361//1361
f 1384//1384 1385//1385 1386//1386
f 1386//1386 1385//1385 1387//1387
f 1386//1386 1387//1387 1388//1388
f 1388//1388 1387//1387 1389//1389
f 1388//1388 1389//1389 1390//1390
f 1390//1390 1389//1389 1391//1391
f 1390//1390 1391//1391 1392//1392
f 1392//1392 1391//1391 1393//1393
f 1392//1392 1393//1393 1394//1394
f 1394//1394 1393//1393 1395//1395
f 1394//1394 1395//1395 1396//1396
f 1396//1396 1395//1395 1397//1397
f 1396//1396 1397//1397 1398//1398
f 1398//1398 1397//1397 1399//1399
f 1398//1398 1399//1399 1400//1400
f 1400//1400 1399//1399 1401//1401
f 1400//1400 1401//1401 1402//1402
f 1402//1402 1401//1401 1403//1403
f 1402//1402 1403//1403 1404//1404
f 1404//1404 1403//1403 1405//1405
f 1404//1404 1405//1405 1406//1406
f 1406//1406 1405//1405 1407//1407
f 1406//1406 1407//1407 1384//1384
f 1384//1384 1407//1407 1385//1385
f 1408//1408 1409//1409 1410//1410
f 1410//1410 1409//1409 1411//1411
f 1410//1410 1411//1411 1412//1412
f 1413//1413 1415//1415 1416//1416
f 1411//1411 1414//1414 1417//1417
f 1411//1411 1417//1417 1412//1412
f 376//376 382//382 1418//1418
f 1418//1418 382//382 1419//1419
f 1420//1420 1421//1421 1423//1423
f 1424//1424 1422//1422 1425//1425
f 1426//1426 1427//1427 1413//1413
f 1413//1413 1427//1427 1415//1415
f 138//138 136//136 1428//1428
f 1428//1428 136//136 1429//1429
f 1430//1430 1431//1431 1434//1434
f 1433//1433 1432//1432 1435//1435
f 1436//1436 1437//1437 1438//1438
f 1438//1438 1437//1437 1439//1439
f 1438//1438 1439//1439 1440//1440
f 1440//1440 1439//1439 1441//1441
f 1440//1440 1441//1441 1442//1442
f 1442//1442 1441//1441 1443//1443
f 1442//1442 1443//1443 1444//1444
f 1444//1444 1443//1443 1445//1445
f 1444//1444 1445//1445 1446//1446
f 1446//1446 1445//1445 1447//1447
f 1446//1446 1447//1447 1448//1448
f 1448//1448 1447//1447 1449//1449
f 1448//1448 1449//1449 1450//1450
f 1450//1450 1449//1449 1451//1451
f 1450//1450 1451//1451 1452//1452
f 1452//1452 1451//1451 1453//1453
f 23//23 27//27 1454//1454
f 1454//1454 27//27 1455//1455
f 1456//1456 1457//1457 1459//1459
f 1460//1460 1458//1458 1461//1461
f 1462//1462 1463//1463 1453//1453
f 1453//1453 1463//1463 1452//1452
f 471//471 469//469 1464//1464
f 1464//1464 469//469 1465//1465
f 1466//1466 1467//1467 1469//1469
f 1470//1470 1468//1468 1471//1471
f 1472//1472 1473//1473 1474//1474
f 1474//1474 1473//1473 1475//1475
f 1476//1476 1477//1477 1478//1478
f 1479//1479 1480//1480 1481//1481
f 1474//1474 1475//1475 1478//1478
f 1478//1478 1475//1475 1479//1479
f 1478//1478 1479//1479 1476//1476
f 1476//1476 1479//1479 1481//1481
f 1482//1482 1485//1485 1486//1486
f 1488//1488 1484//1484 1491//1491
f 1489//1489 1483//1483 1487//1487
f 1490//1490 1492//1492 1494//1494
f 1495//1495 1493//1493 1496//1496
f 1497//1497 1498//1498 476//476
f 476//476 1498//1498 477//477
f 1499//1499 1500//1500 1501//1501
f 1501//1501 1500//1500 1502//1502
f 1501//1501 1502//1502 1503//1503
f 1503//1503 1502//1502 1504//1504
f 1505//1505 494//494 495//495
f 1505//1505 495//495 1506//1506
f 495//495 1507//1507 1506//1506
f 1506//1506 1507//1507 1508//1508
f 1506//1506 1508//1508 1509//1509
f 1509//1509 1508//1508 499//499
f 1509//1509 499//499 500//500
f 498//498 497//497 1510//1510
f 498//498 1510//1510 1511//1511
f 1511//1511 1510//1510 1512//1512
f 1511//1511 1512//1512 1513//1513
f 1513//1513 1512//1512 1514//1514
f 1514//1514 1512//1512 501//501
f 1514//1514 501//501 502//502
f 1515//1515 1516//1516 1517//1517
f 1517//1517 1516//1516 1518//1518
f 1516//1516 1515//1515 1519//1519
f 1519//1519 1515//1515 1520//1520
f 1519//1519 1520//1520 1521//1521
f 1519//1519 1521//1521 1522//1522
f 1522//1522 1521//1521 1523//1523
f 1522//1522 1523//1523 1524//1524
f 1524//1524 1523//1523 1525//1525
f 1524//1524 1525//1525 1526//1526
f 1526//1526 1525//1525 1527//1527
f 1526//1526 1527//1527 1528//1528
f 1528//1528 1527//1527 1529//1529
f 1529//1529 1527//1527 1530//1530
f 1529//1529 1530//1530 1531//1531
f 1529//1529 1531//1531 1532//1532
f 1532//1532 1531//1531 1533//1533
f 1532//1532 1533//1533 1534//1534
f 1534//1534 1533//1533 1535//1535
f 1534//1534 1535//1535 1536//1536
f 1536//1536 1535//1535 1500//1500
f 1536//1536 1500//1500 1499//1499
f 1537//1537 1538//1538 1539//1539
f 1539//1539 1538//1538 1540//1540
f 1539//1539 1540//1540 1542//1542
f 1541//1541 1543//1543 1544//1544
f 517//517 516//516 1545//1545
f 517//517 1545//1545 1546//1546
f 1546//1546 1545//1545 1547//1547
f 1546//1546 1547//1547 1548//1548
f 1548//1548 1547//1547 1549//1549
f 1549//1549 1547//1547 518//518
f 1549//1549 518//518 519//519
f 1550//1550 1551//1551 1553//1553
f 1553//1553 1551//1551 1554//1554
f 1552//1552 1555//1555 1556//1556
f 1556//1556 1555//1555 1557//1557
f 1556//1556 1557//1557 1558//1558
f 1556//1556 1558//1558 1559//1559
f 1559//1559 1558//1558 1560//1560
f 1559//1559 1560//1560 1561//1561
f 1561//1561 1560//1560 1562//1562
f 1561//1561 1562//1562 1563//1563
f 1563//1563 1562//1562 1565//1565
f 1563//1563 1565//1565 1566//1566
f 1566//1566 1565//1565 1567//1567
f 1568//1568 1564//1564 1569//1569
f 1570//1570 1571//1571 1572//1572
f 1572//1572 1571//1571 1573//1573
f 1572//1572 1573//1573 1574//1574
f 1574//1574 1573//1573 1575//1575
f 1574//1574 1575//1575 1576//1576
f 1576//1576 1575//1575 1568//1568
f 1576//1576 1568//1568 1569//1569
f 1570//1570 1577//1577 1571//1571
f 1571//1571 1577//1577 1538//1538
f 1571//1571 1538//1538 1537//1537
f 1578//1578 1579//1579 1580//1580
f 1580//1580 1579//1579 1581//1581
f 1582//1582 1584//1584 1578//1578
f 1578//1578 1584//1584 1579//1579
f 1585//1585 1586//1586 1587//1587
f 1583//1583 1588//1588 1589//1589
f 1589//1589 1588//1588 1590//1590
f 1589//1589 1590//1590 1591//1591
f 1591//1591 1590//1590 1592//1592
f 1591//1591 1592//1592 1594//1594
f 1587//1587 1593//1593 1595//1595
f 1587//1587 1595//1595 1585//1585
f 1585//1585 1595//1595 1596//1596
f 1585//1585 1596//1596 1597//1597
f 1598//1598 1599//1599 1600//1600
f 1600//1600 1599//1599 1602//1602
f 1601//1601 1603//1603 1604//1604
f 127//127 121//121 1605//1605
f 1605//1605 121//121 1606//1606
f 1605//1605 1606//1606 1607//1607
f 1607//1607 1606//1606 1608//1608
f 1608//1608 1606//1606 1609//1609
f 1608//1608 1609//1609 1610//1610
f 1599//1599 1598//1598 1609//1609
f 1609//1609 1598//1598 1611//1611
f 1609//1609 1611//1611 1610//1610
f 338//338 337//337 683//683
f 683//683 337//337 1612//1612
f 683//683 1612//1612 685//685
f 684//684 691//691 690//690
f 695//695 694//694 1613//1613
f 695//695 1613//1613 1614//1614
f 1614//1614 1613//1613 1615//1615
f 1614//1614 1615//1615 1616//1616
f 1616//1616 1615//1615 689//689
f 1616//1616 689//689 688//688
f 1617//1617 1618//1618 1619//1619
f 1619//1619 1618//1618 1620//1620
f 1619//1619 1620//1620 1621//1621
f 1621//1621 1620//1620 1622//1622
f 1623//1623 700//700 701//701
f 1623//1623 701//701 1624//1624
f 701//701 1625//1625 1624//1624
f 1624//1624 1625//1625 1626//1626
f 1624//1624 1626//1626 1627//1627
f 1627//1627 1626//1626 704//704
f 1627//1627 704//704 703//703
f 705//705 706//706 1628//1628
f 705//705 1628//1628 1629//1629
f 1629//1629 1628//1628 1630//1630
f 1629//1629 1630//1630 1631//1631
f 1631//1631 1630//1630 1632//1632
f 1632//1632 1630//1630 707//707
f 1632//1632 707//707 708//708
f 1633//1633 1634//1634 1635//1635
f 1635//1635 1634//1634 1636//1636
f 1634//1634 1633//1633 1637//1637
f 1637//1637 1633//1633 1638//1638
f 1637//1637 1638//1638 1639//1639
f 1637//1637 1639//1639 1640//1640
f 1640//1640 1639//1639 1641//1641
f 1640//1640 1641//1641 1642//1642
f 1642//1642 1641//1641 1643//1643
f 1643//1643 1641//1641 1644//1644
f 125//125 126//126 1645//1645
f 1645//1645 126//126 1646//1646
f 1645//1645 1646//1646 1647//1647
f 1647//1647 1646//1646 1648//1648
f 1647//1647 1648//1648 1649//1649
f 1650//1650 1651//1651 1652//1652
f 1650//1650 1652//1652 1653//1653
f 1653//1653 1652//1652 1654//1654
f 1654//1654 1652//1652 1656//1656
f 1655//1655 1657//1657 1658//1658
f 1659//1659 1660//1660 1661//1661
f 1661//1661 1660//1660 1662//1662
f 1661//1661 1662//1662 1663//1663
f 1618//1618 1617//1617 1664//1664
f 1664//1664 1617//1617 1665//1665
f 1664//1664 1665//1665 1666//1666
f 1666//1666 1665//1665 1668//1668
f 1666//1666 1668//1668 1669//1669
f 1662//1662 1667//1667 1670//1670
f 1662//1662 1670//1670 1663//1663
f 1673//1673 1676//1676 1678//1678
f 1679//1679 1674//1674 1682//1682
f 1677//1677 1681//1681 1685//1685
f 1683//1683 1680//1680 1686//1686
f 1684//1684 1687//1687 1689//1689
f 1691//1691 1688//1688 1692//1692
f 1690//1690 1693//1693 1697//1697
f 1696//1696 1694//1694 1698//1698
f 1695//1695 1699//1699 1701//1701
f 1703//1703 1700//1700 1704//1704
f 1702//1702 1705//1705 1709//1709
f 1707//1707 1706//1706 1710//1710
f 1708//1708 1711//1711 1714//1714
f 1713//1713 1712//1712 1716//1716
f 1715//1715 1717//1717 1720//1720
f 1719//1719 1718//1718 1722//1722
f 1721//1721 1724//1724 1725//1725
f 1726//1726 1723//1723 1728//1728
f 1727//1727 1729//1729 1731//1731
f 1732//1732 1730//1730 1734//1734
f 1733//1733 1736//1736 1738//1738
f 1739//1739 1735//1735 1741//1741
f 1737//1737 1740//1740 1672//1672
f 1671//1671 1742//1742 1675//1675
f 1743//1743 1747//1747 1749//1749
f 1748//1748 1746//1746 1751//1751
f 1750//1750 1753//1753 1755//1755
f 1756//1756 1752//1752 1757//1757
f 1754//1754 1758//1758 1762//1762
f 1760//1760 1759//1759 1763//1763
f 1761//1761 1765//1765 1766//1766
f 1768//1768 1764//1764 1769//1769
f 1767//1767 1771//1771 1774//1774
f 1772//1772 1770//1770 1775//1775
f 1773//1773 1777//1777 1780//1780
f 1779//1779 1776//1776 1781//1781
f 1778//1778 1782//1782 1786//1786
f 1784//1784 1783//1783 1787//1787
f 1785//1785 1788//1788 1791//1791
f 1790//1790 1789//1789 1793//1793
f 1792//1792 1795//1795 1797//1797
f 1798//1798 1794//1794 1801//1801
f 1796//1796 1799//1799 1803//1803
f 1804//1804 1800//1800 1805//1805
f 1802//1802 1806//1806 1808//1808
f 1809//1809 1807//1807 1812//1812
f 1810//1810 1811//1811 1745//1745
f 1744//1744 1813//1813 1814//1814
f 1815//1815 1818//1818 1822//1822
f 1821//1821 1819//1819 1824//1824
f 1823//1823 1826//1826 1827//1827
f 1829//1829 1825//1825 1830//1830
f 1828//1828 1832//1832 1835//1835
f 1834//1834 1831//1831 1836//1836
f 1833//1833 1838//1838 1841//1841
f 1840//1840 1837//1837 1842//1842
f 1839//1839 1844//1844 1847//1847
f 1846//1846 1843//1843 1848//1848
f 1845//1845 1850//1850 1853//1853
f 1852//1852 1849//1849 1854//1854
f 1851//1851 1855//1855 1858//1858
f 1857//1857 1856//1856 1860//1860
f 1859//1859 1861//1861 1863//1863
f 1864//1864 1862//1862 1866//1866
f 1865//1865 1867//1867 1870//1870
f 1871//1871 1868//1868 1872//1872
f 1869//1869 1873//1873 1876//1876
f 1875//1875 1874//1874 1878//1878
f 1877//1877 1880//1880 1882//1882
f 1883//1883 1879//1879 1884//1884
f 1881//1881 1885//1885 1817//1817
f 1816//1816 1886//1886 1820//1820
f 1889//1889 1890//1890 1894//1894
f 1893//1893 1891//1891 1895//1895
f 1892//1892 1897//1897 1898//1898
f 1900//1900 1896//1896 1901//1901
f 1899//1899 1902//1902 1906//1906
f 1904//1904 1903//1903 1907//1907
f 1905//1905 1908//1908 1912//1912
f 1910//1910 1909//1909 1913//1913
f 1911//1911 1914//1914 1917//1917
f 1916//1916 1915//1915 1919//1919
f 1918//1918 1920//1920 1924//1924
f 1923//1923 1921//1921 1926//1926
f 1922//1922 1927//1927 1928//1928
f 1930//1930 1925//1925 1933//1933
f 1929//1929 1932//1932 1934//1934
f 1935//1935 1931//1931 1937//1937
f 1936//1936 1938//1938 1942//1942
f 1940//1940 1939//1939 1943//1943
f 1941//1941 1944//1944 1947//1947
f 1946//1946 1945//1945 1949//1949
f 1948//1948 1950//1950 1952//1952
f 1953//1953 1951//1951 1955//1955
f 1954//1954 1956//1956 1888//1888
f 1887//1887 1957//1957 1958//1958
f 1962//1962 1963//1963 1964//1964
f 1966//1966 1967//1967 1970//1970
f 1971//1971 1968//1968 1961//1961
f 1969//1969 1960//1960 1973//1973
f 1972//1972 1959//1959 1965//1965
f 1976//1976 1983//1983 1984//1984
f 1986//1986 1982//1982 1987//1987
f 1991//1991 1994//1994 1995//1995
f 2000//2000 1993//1993 2003//2003
f 1996//1996 2001//2001 2006//2006
f 2004//2004 2002//2002 2007//2007
f 2005//2005 2009//2009 2013//2013
f 2014//2014 2016//2016 2018//2018
f 2019//2019 2015//2015 2020//2020
f 2017//2017 2021//2021 2024//2024
f 2023//2023 2022//2022 2027//2027
f 2025//2025 2026//2026 1988//1988
f 1990//1990 2028//2028 2030//2030
f 1989//1989 2029//2029 1985//1985
f 2031//2031 2033//2033 2035//2035
f 2038//2038 2041//2041 1975//1975
f 1977//1977 2042//2042 2044//2044
f 1974//1974 2045//2045 1980//1980
f 1981//1981 2043//2043 2048//2048
f 1979//1979 2047//2047 2051//2051
f 2050//2050 2046//2046 2054//2054
f 2049//2049 2052//2052 2056//2056
f 2057//2057 2053//2053 2059//2059
f 2055//2055 2060//2060 2063//2063
f 2061//2061 2058//2058 2067//2067
f 2062//2062 2065//2065 2070//2070
f 2008//2008 2072//2072 2010//2010
f 2012//2012 2071//2071 2073//2073
f 2011//2011 2075//2075 2066//2066
f 2064//2064 2074//2074 2076//2076
f 2068//2068 2077//2077 2069//2069
f 2079//2079 2084//2084 2085//2085
f 2088//2088 2083//2083 2089//2089
f 2087//2087 2091//2091 1998//1998
f 1999//1999 2090//2090 2092//2092
f 1997//1997 2093//2093 1992//1992
f 2032//2032 2036//2036 2096//2096
f 2034//2034 2097//2097 2094//2094
f 2095//2095 2098//2098 2099//2099
f 2104//2104 2100//2100 2106//2106
f 1978//1978 2108//2108 2037//2037
f 2039//2039 2107//2107 2080//2080
f 2040//2040 2082//2082 2111//2111
f 2110//2110 2078//2078 2086//2086
f 2105//2105 2112//2112 2102//2102
f 2103//2103 2113//2113 2114//2114
f 2101//2101 2116//2116 2118//2118
f 2117//2117 2115//2115 2119//2119
f 2109//2109 2120//2120 2081//2081
f 2121//2121 2123//2123 2124//2124
f 2122//2122 2125//2125 2128//2128
f 2129//2129 2126//2126 2131//2131
f 2127//2127 2130//2130 2132//2132
f 2133//2133 2134//2134 2135//2135
f 2135//2135 2134//2134 2136//2136
f 2135//2135 2136//2136 2137//2137
f 2137//2137 2136//2136 2138//2138
f 2138//2138 2136//2136 2139//2139
f 2138//2138 2139//2139 2140//2140
f 2141//2141 2143//2143 2146//2146
f 2142//2142 2145//2145 2147//2147
f 2148//2148 2144//2144 2151//2151
f 2149//2149 2150//2150 2152//2152
f 2156//2156 2161//2161 2162//2162
f 2164//2164 2159//2159 2165//2165
f 2163//2163 2167//2167 2170//2170
f 2172//2172 2175//2175 2158//2158
f 2157//2157 2174//2174 2176//2176
f 2154//2154 2177//2177 2160//2160
f 2173//2173 2153//2153 2180//2180
f 2179//2179 2155//2155 2181//2181
f 2178//2178 2182//2182 2185//2185
f 2184//2184 2183//2183 2188//2188
f 2186//2186 2187//2187 2191//2191
f 2189//2189 2195//2195 2192//2192
f 2193//2193 2196//2196 2202//2202
f 2190//2190 2200//2200 2204//2204
f 2205//2205 2199//2199 2208//2208
f 2203//2203 2207//2207 2211//2211
f 2210//2210 2206//2206 2212//2212
f 2209//2209 2214//2214 2217//2217
f 2215//2215 2213//2213 2219//2219
f 2216//2216 2220//2220 2221//2221
f 2222//2222 2218//2218 2223//2223
f 2224//2224 2227//2227 2230//2230
f 2229//2229 2228//2228 2168//2168
f 2231//2231 2169//2169 2232//2232
f 2233//2233 2171//2171 2166//2166
f 2225//2225 2235//2235 2226//2226
f 2237//2237 2234//2234 2239//2239
f 2236//2236 2240//2240 2243//2243
f 2241//2241 2238//2238 2246//2246
f 2242//2242 2244//2244 2247//2247
f 2251//2251 2245//2245 2252//2252
f 2256//2256 2257//2257 2261//2261
f 2253//2253 2255//2255 2249//2249
f 2248//2248 2254//2254 2260//2260
f 2250//2250 2263//2263 2264//2264
f 2265//2265 2259//2259 2267//2267
f 2266//2266 2269//2269 2270//2270
f 2272//2272 2268//2268 2197//2197
f 2271//2271 2198//2198 2274//2274
f 2273//2273 2201//2201 2194//2194
f 2277//2277 2278//2278 2279//2279
f 2283//2283 2285//2285 2288//2288
f 2287//2287 2284//2284 2291//2291
f 2289//2289 2290//2290 2292//2292
f 2258//2258 2275//2275 2262//2262
f 2293//2293 2276//2276 2295//2295
f 2294//2294 2296//2296 2282//2282
f 2280//2280 2297//2297 2298//2298
f 2281//2281 2299//2299 2286//2286
f 2301//2301 2304//2304 2306//2306
f 2307//2307 2308//2308 2312//2312
f 2311//2311 2309//2309 2303//2303
f 2310//2310 2302//2302 2314//2314
f 2313//2313 2300//2300 2305//2305
f 2315//2315 2316//2316 2317//2317
f 2315//2315 2317//2317 2318//2318
f 2317//2317 2319//2319 2318//2318
f 2318//2318 2319//2319 2320//2320
f 2318//2318 2320//2320 2321//2321
f 2320//2320 2322//2322 2321//2321
f 2321//2321 2322//2322 2323//2323
f 2321//2321 2323//2323 2324//2324
f 2324//2324 2323//2323 2325//2325
f 2324//2324 2325//2325 2326//2326
f 2326//2326 2325//2325 2327//2327
f 2326//2326 2327//2327 2328//2328
f 2329//2329 2330//2330 2331//2331
f 2331//2331 2330//2330 2332//2332
f 2333//2333 2334//2334 2335//2335
f 2335//2335 2334//2334 2336//2336
f 2335//2335 2336//2336 2337//2337
f 2337//2337 2336//2336 2338//2338
f 2337//2337 2338//2338 2339//2339
f 2339//2339 2338//2338 2329//2329
f 2339//2339 2329//2329 2340//2340
f 2340//2340 2329//2329 2331//2331
f 2343//2343 2345//2345 2346//2346
f 2348//2348 2350//2350 2353//2353
f 2352//2352 2349//2349 2344//2344
f 2351//2351 2342//2342 2355//2355
f 2354//2354 2341//2341 2347//2347
f 2356//2356 2360//2360 2364//2364
f 2365//2365 2361//2361 2368//2368
f 2363//2363 2367//2367 2370//2370
f 2371//2371 2366//2366 2372//2372
f 2369//2369 2373//2373 2378//2378
f 2379//2379 2377//2377 2380//2380
f 2383//2383 2384//2384 2386//2386
f 2391//2391 2385//2385 2392//2392
f 2390//2390 2393//2393 2395//2395
f 2396//2396 2394//2394 2398//2398
f 2397//2397 2400//2400 2404//2404
f 2357//2357 2406//2406 2362//2362
f 2359//2359 2405//2405 2407//2407
f 2358//2358 2408//2408 2410//2410
f 2412//2412 2417//2417 2420//2420
f 2426//2426 2431//2431 2433//2433
f 2434//2434 2428//2428 2438//2438
f 2432//2432 2437//2437 2443//2443
f 2444//2444 2448//2448 2449//2449
f 2450//2450 2447//2447 2403//2403
f 2451//2451 2401//2401 2452//2452
f 2453//2453 2402//2402 2399//2399
f 2409//2409 2454//2454 2411//2411
f 2456//2456 2455//2455 2458//2458
f 2457//2457 2460//2460 2463//2463
f 2462//2462 2459//2459 2465//2465
f 2461//2461 2464//2464 2467//2467
f 2473//2473 2476//2476 2479//2479
f 2481//2481 2475//2475 2483//2483
f 2480//2480 2484//2484 2487//2487
f 2486//2486 2482//2482 2489//2489
f 2485//2485 2488//2488 2490//2490
f 2445//2445 2491//2491 2446//2446
f 2493//2493 2492//2492 2497//2497
f 2494//2494 2496//2496 2499//2499
f 2500//2500 2495//2495 2502//2502
f 2498//2498 2501//2501 2504//2504
f 2511//2511 2513//2513 2516//2516
f 2518//2518 2514//2514 2519//2519
f 2517//2517 2520//2520 2522//2522
f 2523//2523 2521//2521 2524//2524
f 2529//2529 2525//2525 2469//2469
f 2435//2435 2530//2530 2424//2424
f 2425//2425 2531//2531 2532//2532
f 2427//2427 2534//2534 2537//2537
f 2536//2536 2533//2533 2538//2538
f 2535//2535 2539//2539 2541//2541
f 2542//2542 2540//2540 2544//2544
f 2546//2546 2543//2543 2508//2508
f 2436//2436 2549//2549 2442//2442
f 2441//2441 2550//2550 2551//2551
f 2440//2440 2553//2553 2388//2388
f 2387//2387 2552//2552 2554//2554
f 2389//2389 2555//2555 2382//2382
f 2413//2413 2556//2556 2418//2418
f 2416//2416 2557//2557 2559//2559
f 2419//2419 2560//2560 2376//2376
f 2374//2374 2558//2558 2562//2562
f 2375//2375 2561//2561 2381//2381
f 2564//2564 2565//2565 2568//2568
f 2569//2569 2415//2415 2573//2573
f 2574//2574 2414//2414 2422//2422
f 2572//2572 2423//2423 2512//2512
f 2510//2510 2421//2421 2578//2578
f 2509//2509 2579//2579 2515//2515
f 2580//2580 2472//2472 2583//2583
f 2581//2581 2474//2474 2477//2477
f 2582//2582 2478//2478 2585//2585
f 2586//2586 2587//2587 2547//2547
f 2584//2584 2545//2545 2589//2589
f 2588//2588 2548//2548 2505//2505
f 2590//2590 2507//2507 2591//2591
f 2592//2592 2506//2506 2503//2503
f 2563//2563 2566//2566 2594//2594
f 2567//2567 2597//2597 2595//2595
f 2593//2593 2598//2598 2599//2599
f 2596//2596 2601//2601 2602//2602
f 2577//2577 2600//2600 2603//2603
f 2466//2466 2606//2606 2471//2471
f 2468//2468 2605//2605 2609//2609
f 2470//2470 2607//2607 2528//2528
f 2527//2527 2608//2608 2612//2612
f 2526//2526 2611//2611 2614//2614
f 2615//2615 2610//2610 2618//2618
f 2613//2613 2616//2616 2619//2619
f 2620//2620 2617//2617 2622//2622
f 2621//2621 2624//2624 2625//2625
f 2626//2626 2623//2623 2630//2630
f 2627//2627 2629//2629 2631//2631
f 2632//2632 2628//2628 2636//2636
f 2633//2633 2635//2635 2639//2639
f 2637//2637 2634//2634 2640//2640
f 2638//2638 2642//2642 2645//2645
f 2643//2643 2641//2641 2648//2648
f 2644//2644 2647//2647 2649//2649
f 2429//2429 2646//2646 2650//2650
f 2430//2430 2651//2651 2439//2439
f 2604//2604 2652//2652 2571//2571
f 2575//2575 2653//2653 2654//2654
f 2576//2576 2655//2655 2570//2570
f 2657//2657 2660//2660 2662//2662
f 2663//2663 2664//2664 2666//2666
f 2668//2668 2665//2665 2659//2659
f 2667//2667 2656//2656 2670//2670
f 2669//2669 2658//2658 2661//2661
f 2672//2672 2673//2673 2677//2677
f 2682//2682 2684//2684 2686//2686
f 2688//2688 2674//2674 2691//2691
f 2689//2689 2676//2676 2692//2692
f 2690//2690 2694//2694 2695//2695
f 2696//2696 2693//2693 2700//2700
f 2697//2697 2698//2698 2704//2704
f 2687//2687 2708//2708 2679//2679
f 2675//2675 2705//2705 2711//2711
f 2678//2678 2712//2712 2671//2671
f 2714//2714 2719//2719 2722//2722
f 2721//2721 2718//2718 2726//2726
f 2723//2723 2725//2725 2707//2707
f 2706//2706 2724//2724 2727//2727
f 2709//2709 2728//2728 2710//2710
f 2685//2685 2720//2720 2683//2683
f 2680//2680 2717//2717 2713//2713
f 2681//2681 2715//2715 2731//2731
f 2730//2730 2716//2716 2732//2732
f 2729//2729 2734//2734 2737//2737
f 2736//2736 2733//2733 2740//2740
f 2735//2735 2739//2739 2743//2743
f 2741//2741 2738//2738 2746//2746
f 2699//2699 2749//2749 2703//2703
f 2702//2702 2748//2748 2750//2750
f 2701//2701 2751//2751 2753//2753
f 2754//2754 2752//2752 2758//2758
f 2755//2755 2757//2757 2761//2761
f 2759//2759 2756//2756 2762//2762
f 2760//2760 2764//2764 2745//2745
f 2744//2744 2763//2763 2765//2765
f 2747//2747 2766//2766 2742//2742
f 2770//2770 2773//2773 2775//2775
f 2776//2776 2772//2772 2778//2778
f 2779//2779 2771//2771 2780//2780
f 2777//2777 2781//2781 2784//2784
f 2785//2785 2782//2782 2787//2787
f 2783//2783 2788//2788 2790//2790
f 2795//2795 2796//2796 2798//2798
f 2791//2791 2786//2786 2800//2800
f 2801//2801 2789//2789 2803//2803
f 2799//2799 2804//2804 2806//2806
f 2807//2807 2802//2802 2808//2808
f 2805//2805 2809//2809 2814//2814
f 2813//2813 2810//2810 2818//2818
f 2816//2816 2817//2817 2823//2823
f 2826//2826 2828//2828 2831//2831
f 2829//2829 2827//2827 2832//2832
f 2830//2830 2833//2833 2819//2819
f 2797//2797 2834//2834 2793//2793
f 2792//2792 2835//2835 2825//2825
f 2794//2794 2824//2824 2837//2837
f 2836//2836 2839//2839 2842//2842
f 2838//2838 2841//2841 2844//2844
f 2845//2845 2840//2840 2848//2848
f 2843//2843 2846//2846 2850//2850
f 2849//2849 2847//2847 2769//2769
f 2851//2851 2768//2768 2853//2853
f 2852//2852 2767//2767 2774//2774
f 2854//2854 2855//2855 2820//2820
f 2822//2822 2856//2856 2858//2858
f 2821//2821 2857//2857 2811//2811
f 2812//2812 2859//2859 2860//2860
f 2815//2815 2861//2861 2862//2862
f 2864//2864 2865//2865 2869//2869
f 2872//2872 2876//2876 2878//2878
f 2880//2880 2873//2873 2883//2883
f 2879//2879 2882//2882 2885//2885
f 2886//2886 2881//2881 2888//2888
f 2884//2884 2887//2887 2863//2863
f 2891//2891 2895//2895 2899//2899
f 2898//2898 2894//2894 2901//2901
f 2897//2897 2902//2902 2905//2905
f 2904//2904 2900//2900 2906//2906
f 2903//2903 2909//2909 2913//2913
f 2871//2871 2916//2916 2877//2877
f 2874//2874 2914//2914 2921//2921
f 2875//2875 2920//2920 2924//2924
f 2925//2925 2919//2919 2927//2927
f 2923//2923 2926//2926 2928//2928
f 2931//2931 2910//2910 2933//2933
f 2935//2935 2908//2908 2936//2936
f 2934//2934 2937//2937 2938//2938
f 2912//2912 2907//2907 2941//2941
f 2940//2940 2911//2911 2930//2930
f 2939//2939 2929//2929 2944//2944
f 2942//2942 2932//2932 2945//2945
f 2943//2943 2946//2946 2915//2915
f 2918//2918 2947//2947 2948//2948
f 2917//2917 2949//2949 2922//2922
f 2950//2950 2951//2951 2955//2955
f 2953//2953 2952//2952 2892//2892
f 2954//2954 2896//2896 2958//2958
f 2956//2956 2893//2893 2889//2889
f 2957//2957 2890//2890 2960//2960
f 2959//2959 2962//2962 2965//2965
f 2961//2961 2963//2963 2866//2866
f 2868//2868 2964//2964 2966//2966
f 2867//2867 2967//2967 2870//2870
f 2969//2969 2970//2970 2973//2973
f 2968//2968 2972//2972 2977//2977
f 2978//2978 2982//2982 2984//2984
f 2985//2985 2983//2983 2988//2988
f 2987//2987 2990//2990 2996//2996
f 3001//3001 3002//3002 3006//3006
f 3008//3008 3005//3005 3011//3011
f 3007//3007 3009//3009 3016//3016
f 2971//2971 3004//3004 2974//2974
f 2975//2975 3003//3003 2999//2999
f 2976//2976 3000//3000 3017//3017
f 3018//3018 2998//2998 3020//3020
f 3019//3019 3022//3022 3023//3023
f 3025//3025 3021//3021 3027//3027
f 3032//3032 3036//3036 3038//3038
f 3040//3040 3037//3037 3042//3042
f 3039//3039 3041//3041 3043//3043
f 2989//2989 3044//3044 2997//2997
f 2995//2995 3045//3045 3047//3047
f 2994//2994 3046//3046 3014//3014
f 2986//2986 3034//3034 2980//2980
f 2981//2981 3035//3035 3031//3031
f 2979//2979 3030//3030 3049//3049
f 3050//3050 3033//3033 3052//3052
f 3048//3048 3053//3053 3054//3054
f 3056//3056 3051//3051 3057//3057
f 3055//3055 3059//3059 3026//3026
f 3029//3029 3058//3058 3061//3061
f 3028//3028 3060//3060 3024//3024
f 3010//3010 3063//3063 3015//3015
f 3012//3012 3062//3062 3064//3064
f 3013//3013 3066//3066 2991//2991
f 2992//2992 3065//3065 3067//3067
f 2993//2993 3068//3068 3069//3069
f 3070//3070 3071//3071 3074//3074
f 3073//3073 3072//3072 3075//3075
f 3076//3076 3078//3078 3080//3080
f 3079//3079 3077//3077 3081//3081
f 3082//3082 3084//3084 3085//3085
f 3086//3086 3083//3083 3087//3087
f 3088//3088 3089//3089 3091//3091
f 3092//3092 3090//3090 3093//3093
f 3094//3094 3095//3095 3098//3098
f 3097//3097 3096//3096 3099//3099
f 3100//3100 3101//3101 3103//3103
f 3104//3104 3102//3102 3105//3105
f 3106//3106 3108//3108 3110//3110
f 3109//3109 3107//3107 3111//3111
f 3112//3112 3114//3114 3116//3116
f 3115//3115 3113//3113 3117//3117
f 3118//3118 3120//3120 3122//3122
f 3121//3121 3119//3119 3123//3123
f 3124//3124 3126//3126 3128//3128
f 3127//3127 3125//3125 3129//3129
f 3130//3130 3132//3132 3133//3133
f 3134//3134 3131//3131 3135//3135
f 3136//3136 3138//3138 3140//3140
f 3139//3139 3137//3137 3141//3141
f 3142//3142 3143//3143 3145//3145
f 3146//3146 3144//3144 3147//3147
f 3148//3148 3150//3150 3151//3151
f 3152//3152 3149//3149 3153//3153
f 3154//3154 3155//3155 3157//3157
f 3158//3158 3156//3156 3159//3159
f 3160//3160 3161//3161 3163//3163
f 3164//3164 3162//3162 3165//3165
f 3166//3166 3167//3167 3170//3170
f 3169//3169 3168//3168 3171//3171
f 3172//3172 3173//3173 3176//3176
f 3175//3175 3174//3174 3177//3177
f 3178//3178 3179//3179 3181//3181
f 3182//3182 3180//3180 3183//3183
f 3184//3184 3185//3185 3187//3187
f 3188//3188 3186//3186 3189//3189
f 3190//3190 3192//3192 3193//3193
f 3194//3194 3191//3191 3195//3195
f 3196//3196 3197//3197 3200//3200
f 3199//3199 3198//3198 3201//3201
f 3202//3202 3204//3204 3206//3206
f 3205//3205 3203//3203 3207//3207
f 3208//3208 3210//3210 3212//3212
f 3211//3211 3209//3209 3213//3213
f 3214//3214 3216//3216 3217//3217
f 3218//3218 3215//3215 3219//3219
f 3220//3220 3222//3222 3223//3223
f 3224//3224 3221//3221 3225//3225
f 3226//3226 3228//3228 3230//3230
f 3229//3229 3227//3227 3231//3231
f 3232//3232 3234//3234 3235//3235
f 3236//3236 3233//3233 3237//3237
f 3238//3238 3239//3239 3241//3241
f 3242//3242 3240//3240 3243//3243
f 3244//3244 3245//3245 3247//3247
f 3248//3248 3246//3246 3249//3249
f 3250//3250 3251//3251 3254//3254
f 3253//3253 3252//3252 3255//3255
f 3256//3256 3257//3257 3259//3259
f 3260//3260 3258//3258 3261//3261
f 3262//3262 3263//3263 3266//3266
f 3265//3265 3264//3264 3267//3267
f 3268//3268 3270//3270 3272//3272
f 3271//3271 3269//3269 3273//3273
f 3274//3274 3275//3275 3277//3277
f 3278//3278 3276//3276 3279//3279
f 3280//3280 3282//3282 3283//3283
f 3284//3284 3281//3281 3285//3285
f 3286//3286 3287//3287 3289//3289
f 3290//3290 3288//3288 3291//3291
f 3292//3292 3293//3293 3295//3295
f 3296//3296 3294//3294 3297//3297
f 3298//3298 3299//3299 3302//3302
f 3301//3301 3300//3300 3303//3303
f 3304//3304 3305//3305 3307//3307
f 3308//3308 3306//3306 3309//3309
f 3310//3310 3311//3311 3314//3314
f 3313//3313 3312//3312 3315//3315
f 3316//3316 3318//3318 3319//3319
f 3320//3320 3317//3317 3321//3321
f 3322//3322 3323//3323 3325//3325
f 3326//3326 3324//3324 3327//3327
f 3328//3328 3330//3330 3331//3331
f 3332//3332 3329//3329 3333//3333
f 3334//3334 3336//3336 3337//3337
f 3338//3338 3335//3335 3339//3339
f 3340//3340 3341//3341 3343//3343
f 3344//3344 3342//3342 3345//3345
f 3346//3346 3347//3347 3349//3349
f 3350//3350 3348//3348 3351//3351
f 3352//3352 3354//3354 3356//3356
f 3355//3355 3353//3353 3357//3357
f 3358//3358 3359//3359 3360//3360
f 3361//3361 3362//3362 3363//3363
f 3363//3363 3362//3362 3364//3364
f 3363//3363 3364//3364 3365//3365
f 3366//3366 3367//3367 3368//3368
f 3368//3368 3367//3367 3369//3369
f 3366//3366 3368//3368 3370//3370
f 3370//3370 3368//3368 3371//3371
f 3370//3370 3371//3371 3372//3372
f 3371//3371 3373//3373 3372//3372
f 3372//3372 3373//3373 3374//3374
f 3372//3372 3374//3374 3375//3375
f 3375//3375 3374//3374 3376//3376
f 3375//3375 3376//3376 3377//3377
f 3377//3377 3376//3376 3378//3378
f 3377//3377 3378//3378 3379//3379
f 3380//3380 3381//3381 3382//3382
f 3383//3383 3384//3384 3386//3386
f 3387//3387 3385//3385 3388//3388
f 3387//3387 3388//3388 3389//3389
f 3389//3389 3388//3388 3390//3390
f 3389//3389 3390//3390 3391//3391
f 3391//3391 3390//3390 3392//3392
f 3391//3391 3392//3392 3393//3393
f 3393//3393 3392//3392 3394//3394
f 3393//3393 3394//3394 3395//3395
f 3395//3395 3394//3394 3396//3396
f 3395//3395 3396//3396 3397//3397
f 3397//3397 3396//3396 3398//3398
f 3397//3397 3398//3398 3399//3399
f 3399//3399 3398//3398 3400//3400
f 3399//3399 3400//3400 3401//3401
f 3401//3401 3400//3400 3402//3402
f 3401//3401 3402//3402 3382//3382
f 3382//3382 3402//3402 3403//3403
f 3382//3382 3403//3403 3380//3380
f 3365//3365 3364//3364 3404//3404
f 3404//3404 3364//3364 3405//3405
f 3404//3404 3405//3405 3406//3406
f 3405//3405 3407//3407 3406//3406
f 3406//3406 3407//3407 3408//3408
f 3406//3406 3408//3408 3409//3409
f 3408//3408 3410//3410 3409//3409
f 3409//3409 3410//3410 3411//3411
f 3409//3409 3411//3411 3412//3412
f 3411//3411 3413//3413 3412//3412
f 3412//3412 3413//3413 3414//3414
f 3412//3412 3414//3414 3415//3415
f 3414//3414 3416//3416 3415//3415
f 3415//3415 3416//3416 3417//3417
f 3415//3415 3417//3417 3418//3418
f 3417//3417 3419//3419 3418//3418
f 3418//3418 3419//3419 3420//3420
f 3418//3418 3420//3420 3369//3369
f 3369//3369 3420//3420 3421//3421
f 3369//3369 3421//3421 3368//3368
f 3379//3379 3378//3378 3422//3422
f 3422//3422 3378//3378 3423//3423
f 3422//3422 3423//3423 3425//3425
f 3424//3424 3426//3426 3427//3427
f 3427//3427 3426//3426 3428//3428
f 3427//3427 3428//3428 3429//3429
f 3428//3428 3430//3430 3429//3429
f 3429//3429 3430//3430 3431//3431
f 3429//3429 3431//3431 3432//3432
f 3431//3431 3433//3433 3432//3432
f 3432//3432 3433//3433 3434//3434
f 3432//3432 3434//3434 3435//3435
f 3434//3434 3436//3436 3435//3435
f 3435//3435 3436//3436 3437//3437
f 3435//3435 3437//3437 3438//3438
f 3437//3437 3439//3439 3438//3438
f 3438//3438 3439//3439 3440//3440
f 3438//3438 3440//3440 3381//3381
f 3381//3381 3440//3440 3441//3441
f 3381//3381 3441//3441 3382//3382
f 3386//3386 3442//3442 3383//3383
f 3383//3383 3442//3442 3443//3443
f 3383//3383 3443//3443 3444//3444
f 3443//3443 3445//3445 3444//3444
f 3444//3444 3445//3445 3446//3446
f 3444//3444 3446//3446 3447//3447
f 3446//3446 3448//3448 3447//3447
f 3447//3447 3448//3448 3449//3449
f 3447//3447 3449//3449 3451//3451
f 3450//3450 3452//3452 3453//3453
f 3453//3453 3452//3452 3454//3454
f 3453//3453 3454//3454 3455//3455
f 3454//3454 3456//3456 3455//3455
f 3455//3455 3456//3456 3457//3457
f 3455//3455 3457//3457 3458//3458
f 3457//3457 3459//3459 3458//3458
f 3458//3458 3459//3459 3460//3460
f 3458//3458 3460//3460 3461//3461
f 3460//3460 3462//3462 3461//3461
f 3461//3461 3462//3462 3463//3463
f 3461//3461 3463//3463 3464//3464
f 3463//3463 3465//3465 3464//3464
f 3464//3464 3465//3465 3466//3466
f 3464//3464 3466//3466 3467//3467
f 3466//3466 3468//3468 3467//3467
f 3467//3467 3468//3468 3469//3469
f 3467//3467 3469//3469 3470//3470
f 3469//3469 3471//3471 3470//3470
f 3470//3470 3471//3471 3472//3472
f 3470//3470 3472//3472 3473//3473
f 3472//3472 3474//3474 3473//3473
f 3473//3473 3474//3474 3475//3475
f 3473//3473 3475//3475 3476//3476
f 3475//3475 3477//3477 3476//3476
f 3476//3476 3477//3477 3478//3478
f 3476//3476 3478//3478 3479//3479
f 3478//3478 3480//3480 3479//3479
f 3479//3479 3480//3480 3481//3481
f 3479//3479 3481//3481 3482//3482
f 3481//3481 3483//3483 3482//3482
f 3482//3482 3483//3483 3484//3484
f 3482//3482 3484//3484 3485//3485
f 3484//3484 3486//3486 3485//3485
f 3485//3485 3486//3486 3487//3487
f 3485//3485 3487//3487 3360//3360
f 3360//3360 3487//3487 3488//3488
f 3360//3360 3488//3488 3358//3358
f 3358//3358 3488//3488 3489//3489
f 3358//3358 3489//3489 3490//3490
f 3490//3490 3489//3489 3491//3491
f 3490//3490 3491//3491 3492//3492
f 3492//3492 3491//3491 3493//3493
f 3492//3492 3493//3493 3494//3494
f 3494//3494 3493//3493 3495//3495
f 3494//3494 3495//3495 3496//3496
f 3496//3496 3495//3495 3497//3497
f 3496//3496 3497//3497 3361//3361
f 3361//3361 3497//3497 3498//3498
f 3361//3361 3498//3498 3362//3362
f 3499//3499 3501//3501 3503//3503
f 3502//3502 3500//3500 3504//3504
f 3505//3505 3507//3507 3509//3509
f 3508//3508 3506//3506 3510//3510
f 3511//3511 3513//3513 3515//3515
f 3514//3514 3512//3512 3516//3516
f 3517//3517 3519//3519 3520//3520
f 3521//3521 3518//3518 3522//3522
f 3523//3523 3525//3525 3527//3527
f 3526//3526 3524//3524 3528//3528
f 3529//3529 3531//3531 3533//3533
f 3532//3532 3530//3530 3534//3534
f 3535//3535 3537//3537 3539//3539
f 3538//3538 3536//3536 3540//3540
f 3541//3541 3542//3542 3545//3545
f 3544//3544 3543//3543 3546//3546
f 3547//3547 3548//3548 3550//3550
f 3551//3551 3549//3549 3552//3552
f 3553//3553 3555//3555 3557//3557
f 3556//3556 3554//3554 3558//3558
f 3559//3559 3561//3561 3563//3563
f 3562//3562 3560//3560 3564//3564
f 3565//3565 3567//3567 3568//3568
f 3569//3569 3566//3566 3570//3570
f 3571//3571 3573//3573 3574//3574
f 3575//3575 3572//3572 3576//3576
f 3577//3577 3579//3579 3581//3581
f 3580//3580 3578//3578 3582//3582
f 3583//3583 3585//3585 3587//3587
f 3586//3586 3584//3584 3588//3588
f 3589//3589 3590//3590 3593//3593
f 3592//3592 3591//3591 3594//3594
f 3595//3595 3596//3596 3599//3599
f 3598//3598 3597//3597 3600//3600
f 3601//3601 3603//3603 3605//3605
f 3604//3604 3602//3602 3606//3606
f 3607//3607 3609//3609 3611//3611
f 3610//3610 3608//3608 3612//3612
f 3613//3613 3614//3614 3616//3616
f 3617//3617 3615//3615 3618//3618
f 3619//3619 3621//3621 3622//3622
f 3623//3623 3620//3620 3624//3624
f 3625//3625 3627//3627 3629//3629
f 3628//3628 3626//3626 3630//3630
f 3631//3631 3632//3632 3635//3635
f 3634//3634 3633//3633 3636//3636
f 3637//3637 3639//3639 3641//3641
f 3640//3640 3638//3638 3642//3642
f 3643//3643 3645//3645 3647//3647
f 3646//3646 3644//3644 3648//3648
f 3649//3649 3651//3651 3653//3653
f 3652//3652 3650//3650 3654//3654
f 3655//3655 3656//3656 3658//3658
f 3659//3659 3657//3657 3660//3660
f 3661//3661 3662//3662 3665//3665
f 3664//3664 3663//3663 3666//3666
f 3667//3667 3669//3669 3671//3671
f 3670//3670 3668//3668 3672//3672
f 3673//3673 3675//3675 3677//3677
f 3676//3676 3674//3674 3678//3678
f 3679//3679 3680//3680 3682//3682
f 3683//3683 3681//3681 3684//3684
f 3685//3685 3686//3686 3688//3688
f 3689//3689 3687//3687 3690//3690
f 3691//3691 3693//3693 3695//3695
f 3694//3694 3692//3692 3696//3696
f 3697//3697 3698//3698 3700//3700
f 3701//3701 3699//3699 3702//3702
f 3703//3703 3704//3704 3707//3707
f 3706//3706 3705//3705 3708//3708
f 3709//3709 3711//3711 3712//3712
f 3713//3713 3710//3710 3714//3714
f 3715//3715 3716//3716 3719//3719
f 3718//3718 3717//3717 3720//3720
f 3721//3721 3723//3723 3725//3725
f 3724//3724 3722//3722 3726//3726
f 3727//3727 3728//3728 3731//3731
f 3730//3730 3729//3729 3732//3732
f 3733//3733 3734//3734 3736//3736
f 3737//3737 3735//3735 3738//3738
f 3739//3739 3741//3741 3743//3743
f 3742//3742 3740//3740 3744//3744
f 3745//3745 3746//3746 3748//3748
f 3749//3749 3747//3747 3750//3750
f 3751//3751 3752//3752 3754//3754
f 3755//3755 3753//3753 3756//3756
f 3757//3757 3759//3759 3760//3760
f 3761//3761 3758//3758 3762//3762
f 3763//3763 3764//3764 3766//3766
f 3767//3767 3765//3765 3768//3768
f 3769//3769 3770//3770 3772//3772
f 3773//3773 3771//3771 3774//3774
f 3775//3775 3776//3776 3778//3778
f 3779//3779 3777//3777 3780//3780
f 3781//3781 3782//3782 3784//3784
f 3785//3785 3783//3783 3786//3786
f 3787//3787 3788//3788 3789//3789
f 3789//3789 3788//3788 3790//3790
f 3789//3789 3790//3790 3791//3791
f 3791//3791 3790//3790 3792//3792
f 3791//3791 3792//3792 3793//3793
f 3793//3793 3792//3792 3794//3794
f 3793//3793 3794//3794 3795//3795
f 3795//3795 3794//3794 3796//3796
f 3795//3795 3796//3796 3797//3797
f 3797//3797 3796//3796 3798//3798
f 3797//3797 3798//3798 3799//3799
f 3799//3799 3798//3798 3800//3800
f 3799//3799 3800//3800 3801//3801
f 3801//3801 3800//3800 3802//3802
f 3801//3801 3802//3802 3803//3803
f 3803//3803 3802//3802 3804//3804
f 3803//3803 3804//3804 3805//3805
f 3805//3805 3804//3804 3806//3806
f 3805//3805 3806//3806 3807//3807
f 3807//3807 3806//3806 3808//3808
f 3807//3807 3808//3808 3809//3809
f 3809//3809 3808//3808 3810//3810
f 3809//3809 3810//3810 3787//3787
f 3787//3787 3810//3810 3788//3788
f 3811//3811 3812//3812 3813//3813
f 3813//3813 3812//3812 3814//3814
f 3813//3813 3814//3814 3815//3815
f 3815//3815 3814//3814 3816//3816
f 3815//3815 3816//3816 3817//3817
f 3817//3817 3816//3816 3818//3818
f 3817//3817 3818//3818 3819//3819
f 3819//3819 3818//3818 3820//3820
f 3819//3819 3820//3820 3821//3821
f 3821//3821 3820//3820 3822//3822
f 3821//3821 3822//3822 3823//3823
f 3823//3823 3822//3822 3824//3824
f 3823//3823 3824//3824 3825//3825
f 3825//3825 3824//3824 3826//3826
f 3825//3825 3826//3826 3827//3827
f 3827//3827 3826//3826 3828//3828
f 3827//3827 3828//3828 3829//3829
f 3829//3829 3828//3828 3830//3830
f 3829//3829 3830//3830 3831//3831
f 3831//3831 3830//3830 3832//3832
f 3831//3831 3832//3832 3833//3833
f 3833//3833 3832//3832 3834//3834
f 3833//3833 3834//3834 3811//3811
f 3811//3811 3834//3834 3812//3812
f 3835//3835 3836//3836 3837//3837
f 3837//3837 3836//3836 3838//3838
f 3837//3837 3838//3838 3839//3839
f 3839//3839 3838//3838 3840//3840
f 3839//3839 3840//3840 3841//3841
f 3841//3841 3840//3840 3842//3842
f 3841//3841 3842//3842 3843//3843
f 3843//3843 3842//3842 3844//3844
f 3843//3843 3844//3844 3845//3845
f 3845//3845 3844//3844 3846//3846
f 3845//3845 3846//3846 3847//3847
f 3847//3847 3846//3846 3848//3848
f 3847//3847 3848//3848 3849//3849
f 3849//3849 3848//3848 3850//3850
f 3849//3849 3850//3850 3851//3851
f 3851//3851 3850//3850 3852//3852
f 3851//3851 3852//3852 3853//3853
f 3853//3853 3852//3852 3854//3854
f 3853//3853 3854//3854 3855//3855
f 3855//3855 3854//3854 3856//3856
f 3855//3855 3856//3856 3857//3857
f 3857//3857 3856//3856 3858//3858
f 3857//3857 3858//3858 3835//3835
f 3835//3835 3858//3858 3836//3836
f 3859//3859 3860//3860 3861//3861
f 3861//3861 3860//3860 3862//3862
f 3861//3861 3862//3862 3863//3863
f 3863//3863 3862//3862 3864//3864
f 3863//3863 3864//3864 3865//3865
f 3865//3865 3864//3864 3866//3866
f 3865//3865 3866//3866 3867//3867
f 3867//3867 3866//3866 3868//3868
f 3867//3867 3868//3868 3869//3869
f 3869//3869 3868//3868 3870//3870
f 3869//3869 3870//3870 3871//3871
f 3871//3871 3870//3870 3872//3872
f 3871//3871 3872//3872 3873//3873
f 3873//3873 3872//3872 3874//3874
f 3873//3873 3874//3874 3875//3875
f 3875//3875 3874//3874 3876//3876
f 3875//3875 3876//3876 3877//3877
f 3877//3877 3876//3876 3878//3878
f 3877//3877 3878//3878 3879//3879
f 3879//3879 3878//3878 3880//3880
f 3879//3879 3880//3880 3881//3881
f 3881//3881 3880//3880 3882//3882
f 3881//3881 3882//3882 3859//3859
f 3859//3859 3882//3882 3860//3860
f 3883//3883 3884//3884 3885//3885
f 3885//3885 3886//3886 3883//3883
f 3883//3883 3886//3886 3887//3887
f 3883//3883 3887//3887 3889//3889
f 3890//3890 3891//3891 3892//3892
f 3888//3888 3893//3893 3894//3894
f 3894//3894 3893//3893 3895//3895
f 3894//3894 3895//3895 3892//3892
f 3892//3892 3895//3895 3896//3896
f 3892//3892 3896//3896 3890//3890
f 3890//3890 3897//3897 3891//3891
f 3891//3891 3897//3897 3898//3898
f 3891//3891 3898//3898 3899//3899
f 3898//3898 3900//3900 3899//3899
f 3899//3899 3900//3900 3901//3901
f 3899//3899 3901//3901 3902//3902
f 3902//3902 3901//3901 3903//3903
f 3902//3902 3903//3903 3904//3904
f 3904//3904 3903//3903 3905//3905
f 3904//3904 3905//3905 3906//3906
f 3907//3907 3908//3908 3909//3909
f 3905//3905 3910//3910 3906//3906
f 3906//3906 3910//3910 3911//3911
f 3906//3906 3911//3911 3909//3909
f 3909//3909 3911//3911 3912//3912
f 3909//3909 3912//3912 3907//3907
f 3907//3907 3913//3913 3908//3908
f 3908//3908 3913//3913 3914//3914
f 3908//3908 3914//3914 3915//3915
f 3914//3914 3916//3916 3915//3915
f 3915//3915 3916//3916 3917//3917
f 3915//3915 3917//3917 3919//3919
f 3918//3918 3920//3920 3921//3921
f 3921//3921 3920//3920 3922//3922
f 3921//3921 3922//3922 3923//3923
f 3922//3922 3924//3924 3923//3923
f 3923//3923 3924//3924 3925//3925
f 3923//3923 3925//3925 3926//3926
f 3925//3925 3927//3927 3926//3926
f 3926//3926 3927//3927 3928//3928
f 3926//3926 3928//3928 3929//3929
f 3928//3928 3930//3930 3929//3929
f 3929//3929 3930//3930 3931//3931
f 3929//3929 3931//3931 3932//3932
f 3931//3931 3933//3933 3932//3932
f 3932//3932 3933//3933 3934//3934
f 3932//3932 3934//3934 3935//3935
f 3934//3934 3936//3936 3935//3935
f 3935//3935 3936//3936 3937//3937
f 3935//3935 3937//3937 3938//3938
f 3939//3939 3940//3940 3941//3941
f 3937//3937 3942//3942 3938//3938
f 3938//3938 3942//3942 3944//3944
f 3938//3938 3944//3944 3945//3945
f 3941//3941 3943//3943 3946//3946
f 3941//3941 3946//3946 3939//3939
f 3947//3947 3948//3948 3949//3949
f 3939//3939 3950//3950 3940//3940
f 3940//3940 3950//3950 3951//3951
f 3940//3940 3951//3951 3949//3949
f 3949//3949 3951//3951 3952//3952
f 3949//3949 3952//3952 3947//3947
f 3953//3953 3954//3954 3955//3955
f 3947//3947 3956//3956 3948//3948
f 3948//3948 3956//3956 3957//3957
f 3948//3948 3957//3957 3955//3955
f 3955//3955 3957//3957 3958//3958
f 3955//3955 3958//3958 3953//3953
f 3959//3959 3960//3960 3961//3961
f 3953//3953 3962//3962 3954//3954
f 3954//3954 3962//3962 3963//3963
f 3954//3954 3963//3963 3961//3961
f 3961//3961 3963//3963 3964//3964
f 3961//3961 3964//3964 3959//3959
f 3959//3959 3965//3965 3960//3960
f 3960//3960 3965//3965 3966//3966
f 3960//3960 3966//3966 3967//3967
f 3968//3968 3969//3969 3970//3970
f 3966//3966 3971//3971 3967//3967
f 3967//3967 3971//3971 3972//3972
f 3967//3967 3972//3972 3970//3970
f 3970//3970 3972//3972 3973//3973
f 3970//3970 3973//3973 3968//3968
f 3974//3974 3975//3975 3976//3976
f 3968//3968 3977//3977 3969//3969
f 3969//3969 3977//3977 3978//3978
f 3969//3969 3978//3978 3976//3976
f 3976//3976 3978//3978 3979//3979
f 3976//3976 3979//3979 3974//3974
f 3980//3980 3981//3981 3982//3982
f 3974//3974 3983//3983 3975//3975
f 3975//3975 3983//3983 3984//3984
f 3975//3975 3984//3984 3982//3982
f 3982//3982 3984//3984 3985//3985
f 3982//3982 3985//3985 3980//3980
f 3980//3980 3986//3986 3981//3981
f 3981//3981 3986//3986 3987//3987
f 3981//3981 3987//3987 3988//3988
f 3987//3987 3989//3989 3988//3988
f 3988//3988 3989//3989 3990//3990
f 3988//3988 3990//3990 3991//3991
f 3990//3990 3992//3992 3991//3991
f 3991//3991 3992//3992 3993//3993
f 3991//3991 3993//3993 3994//3994
f 3994//3994 3993//3993 3995//3995
f 3994//3994 3995//3995 3996//3996
f 3996//3996 3995//3995 3997//3997
f 3996//3996 3997//3997 3998//3998
f 3997//3997 3999//3999 3998//3998
f 3998//3998 3999//3999 4001//4001
f 3998//3998 4001//4001 4002//4002
f 4000//4000 4003//4003 4004//4004
f 4004//4004 4003//4003 4005//4005
f 4004//4004 4005//4005 4006//4006
f 4005//4005 4007//4007 4006//4006
f 4006//4006 4007//4007 4008//4008
f 4006//4006 4008//4008 3884//3884
f 3884//3884 4008//4008 4009//4009
f 3884//3884 4009//4009 3885//3885
f 4010//4010 4011//4011 4012//4012
f 4012//4012 4011//4011 4013//4013
f 4012//4012 4013//4013 4014//4014
f 4014//4014 4013//4013 4015//4015
f 4014//4014 4015//4015 4016//4016
f 4016//4016 4015//4015 4017//4017
f 4016//4016 4017//4017 4018//4018
f 4018//4018 4017//4017 4019//4019
f 4018//4018 4019//4019 4020//4020
f 4020//4020 4019//4019 4021//4021
f 4020//4020 4021//4021 4022//4022
f 4022//4022 4021//4021 4023//4023
f 4022//4022 4023//4023 4024//4024
f 4024//4024 4023//4023 4025//4025
f 4024//4024 4025//4025 4026//4026
f 4026//4026 4025//4025 4027//4027
f 4026//4026 4027//4027 4028//4028
f 4028//4028 4027//4027 4029//4029
f 4028//4028 4029//4029 4030//4030
f 4030//4030 4029//4029 4031//4031
f 4030//4030 4031//4031 4032//4032
f 4032//4032 4031//4031 4033//4033
f 4032//4032 4033//4033 4010//4010
f 4010//4010 4033//4033 4011//4011
f 4034//4034 4035//4035 4036//4036
f 4036//4036 4035//4035 4037//4037
f 4036//4036 4037//4037 4038//4038
f 4038//4038 4037//4037 4039//4039
f 4038//4038 4039//4039 4040//4040
f 4040//4040 4039//4039 4041//4041
f 4040//4040 4041//4041 4042//4042
f 4042//4042 4041//4041 4043//4043
f 4042//4042 4043//4043 4044//4044
f 4044//4044 4043//4043 4045//4045
f 4044//4044 4045//4045 4046//4046
f 4046//4046 4045//4045 4047//4047
f 4046//4046 4047//4047 4048//4048
f 4048//4048 4047//4047 4049//4049
f 4048//4048 4049//4049 4050//4050
f 4050//4050 4049//4049 4051//4051
f 4050//4050 4051//4051 4052//4052
f 4052//4052 4051//4051 4053//4053
f 4052//4052 4053//4053 4054//4054
f 4054//4054 4053//4053 4055//4055
f 4054//4054 4055//4055 4056//4056
f 4056//4056 4055//4055 4057//4057
f 4056//4056 4057//4057 4034//4034
f 4034//4034 4057//4057 4035//4035
f 4058//4058 4059//4059 4060//4060
f 4060//4060 4059//4059 4061//4061
f 4060//4060 4061//4061 4062//4062
f 4062//4062 4061//4061 4063//4063
f 4062//4062 4063//4063 4064//4064
f 4064//4064 4063//4063 4065//4065
f 4064//4064 4065//4065 4066//4066
f 4066//4066 4065//4065 4067//4067
f 4066//4066 4067//4067 4068//4068
f 4068//4068 4067//4067 4069//4069
f 4068//4068 4069//4069 4070//4070
f 4070//4070 4069//4069 4071//4071
f 4070//4070 4071//4071 4072//4072
f 4072//4072 4071//4071 4073//4073
f 4072//4072 4073//4073 4074//4074
f 4074//4074 4073//4073 4075//4075
f 4074//4074 4075//4075 4076//4076
f 4076//4076 4075//4075 4077//4077
f 4076//4076 4077//4077 4078//4078
f 4078//4078 4077//4077 4079//4079
f 4078//4078 4079//4079 4080//4080
f 4080//4080 4079//4079 4081//4081
f 4080//4080 4081//4081 4058//4058
f 4058//4058 4081//4081 4059//4059
f 4082//4082 4083//4083 4084//4084
f 4084//4084 4083//4083 4085//4085
f 4084//4084 4085//4085 4086//4086
f 4086//4086 4085//4085 4087//4087
f 4086//4086 4087//4087 4088//4088
f 4088//4088 4087//4087 4089//4089
f 4088//4088 4089//4089 4090//4090
f 4090//4090 4089//4089 4091//4091
f 4090//4090 4091//4091 4092//4092
f 4092//4092 4091//4091 4093//4093
f 4092//4092 4093//4093 4094//4094
f 4094//4094 4093//4093 4095//4095
f 4094//4094 4095//4095 4096//4096
f 4096//4096 4095//4095 4097//4097
f 4096//4096 4097//4097 4098//4098
f 4098//4098 4097//4097 4099//4099
f 4098//4098 4099//4099 4100//4100
f 4100//4100 4099//4099 4101//4101
f 4100//4100 4101//4101 4102//4102
f 4102//4102 4101//4101 4103//4103
f 4102//4102 4103//4103 4104//4104
f 4104//4104 4103//4103 4105//4105
f 4104//4104 4105//4105 4082//4082
f 4082//4082 4105//4105 4083//4083
f 4106//4106 4107//4107 4109//4109
f 4110//4110 4108//4108 4111//4111
f 4112//4112 4113//4113 4116//4116
f 4115//4115 4114//4114 4117//4117
f 4118//4118 4119//4119 4121//4121
f 4122//4122 4120//4120 4123//4123
f 4124//4124 4125//4125 4126//4126
f 4126//4126 4125//4125 4127//4127
f 4128//4128 4130//4130 4131//4131
f 4132//4132 4129//4129 4133//4133
f 4134//4134 4135//4135 4137//4137
f 4138//4138 4136//4136 4139//4139
f 4140//4140 4141//4141 4144//4144
f 4143//4143 4142//4142 4145//4145
f 4146//4146 4147//4147 4150//4150
f 4149//4149 4148//4148 4151//4151
f 4152//4152 4153//4153 4155//4155
f 4156//4156 4154//4154 4157//4157
f 4158//4158 4159//4159 4161//4161
f 4162//4162 4160//4160 4163//4163
f 4164//4164 4165//4165 4167//4167
f 4168//4168 4166//4166 4169//4169
f 4170//4170 4171//4171 4173//4173
f 4174//4174 4172//4172 4175//4175
f 4176//4176 4178//4178 4179//4179
f 4180//4180 4177//4177 4181//4181
f 4182//4182 4183//4183 4185//4185
f 4186//4186 4184//4184 4187//4187
f 4188//4188 4189//4189 4192//4192
f 4191//4191 4190//4190 4193//4193
f 4194//4194 4195//4195 4198//4198
f 4197//4197 4196//4196 4199//4199
f 4200//4200 4201//4201 4203//4203
f 4204//4204 4202//4202 4205//4205
f 4206//4206 4207//4207 4209//4209
f 4210//4210 4208//4208 4211//4211
f 4212//4212 4213//4213 4216//4216
f 4215//4215 4214//4214 4217//4217
f 4218//4218 4220//4220 4221//4221
f 4222//4222 4219//4219 4223//4223
f 4224//4224 4226//4226 4227//4227
f 4228//4228 4225//4225 4229//4229
f 4230//4230 4231//4231 4234//4234
f 4233//4233 4232//4232 4235//4235
f 4236//4236 4237//4237 4240//4240
f 4239//4239 4238//4238 4241//4241
f 4242//4242 4244//4244 4245//4245
f 4246//4246 4243//4243 4247//4247
f 4248//4248 4249//4249 4252//4252
f 4251//4251 4250//4250 4253//4253
f 4254//4254 4256//4256 4257//4257
f 4258//4258 4255//4255 4259//4259
f 4260//4260 4262//4262 4263//4263
f 4264//4264 4261//4261 4265//4265
f 4266//4266 4268//4268 4269//4269
f 4270//4270 4267//4267 4271//4271
f 4272//4272 4273//4273 4275//4275
f 4276//4276 4274//4274 4277//4277
f 4278//4278 4280//4280 4281//4281
f 4282//4282 4279//4279 4283//4283
f 4284//4284 4286//4286 4288//4288
f 4287//4287 4285//4285 4289//4289
f 4290//4290 4292//4292 4294//4294
f 4293//4293 4291//4291 4295//4295
f 4296//4296 4297//4297 4299//4299
f 4300//4300 4298//4298 4301//4301
f 4302//4302 4304//4304 4306//4306
f 4305//4305 4303//4303 4307//4307
f 4308//4308 4309//4309 4311//4311
f 4312//4312 4310//4310 4313//4313
f 4314//4314 4316//4316 4318//4318
f 4317//4317 4315//4315 4319//4319
f 4320//4320 4322//4322 4323//4323
f 4324//4324 4321//4321 4325//4325
f 4326//4326 4327//4327 4330//4330
f 4329//4329 4328//4328 4331//4331
f 4332//4332 4333//4333 4336//4336
f 4335//4335 4334//4334 4337//4337
f 4338//4338 4340//4340 4341//4341
f 4342//4342 4339//4339 4343//4343
f 4344//4344 4345//4345 4347//4347
f 4348//4348 4346//4346 4349//4349
f 4350//4350 4351//4351 4353//4353
f 4354//4354 4352//4352 4355//4355
f 4356//4356 4358//4358 4360//4360
f 4359//4359 4357//4357 4361//4361
f 4362//4362 4363//4363 4365//4365
f 4366//4366 4364//4364 4367//4367
f 4368//4368 4370//4370 4372//4372
f 4371//4371 4369//4369 4373//4373
f 4374//4374 4376//4376 4377//4377
f 4378//4378 4375//4375 4379//4379
f 4380//4380 4382//4382 4384//4384
f 4383//4383 4381//4381 4385//4385
f 4386//4386 4388//4388 4389//4389
f 4390//4390 4387//4387 4391//4391
f 4404//4404 4407//4407 4415//4415
f 4413//4413 4410//4410 4419//4419
f 4422//4422 4424//4424 4429//4429
f 4443//4443 4447//4447 4450//4450
f 4425//4425 4453//4453 4430//4430
f 4426//4426 4452//4452 4455//4455
f 4428//4428 4454//4454 4445//4445
f 4444//4444 4456//4456 4458//4458
f 4448//4448 4457//4457 4449//4449
f 4451//4451 4460//4460 4440//4440
f 4442//4442 4459//4459 4461//4461
f 4441//4441 4462//4462 4466//4466
f 4465//4465 4463//4463 4469//4469
f 4464//4464 4468//4468 4470//4470
f 4471//4471 4467//4467 4475//4475
f 4472//4472 4474//4474 4477//4477
f 4476//4476 4473//4473 4482//4482
f 4479//4479 4483//4483 4484//4484
f 4485//4485 4421//4421 4478//4478
f 4481//4481 4423//4423 4432//4432
f 4480//4480 4438//4438 4486//4486
f 4487//4487 4439//4439 4504//4504
f 4488//4488 4505//4505 4508//4508
f 4507//4507 4502//4502 4510//4510
f 4513//4513 4517//4517 4491//4491
f 4506//4506 4518//4518 4519//4519
f 4492//4492 4520//4520 4509//4509
f 4521//4521 4523//4523 4512//4512
f 4511//4511 4525//4525 4529//4529
f 4531//4531 4532//4532 4538//4538
f 4537//4537 4534//4534 4541//4541
f 4545//4545 4547//4547 4561//4561
f 4555//4555 4548//4548 4562//4562
f 4556//4556 4563//4563 4566//4566
f 4524//4524 4567//4567 4528//4528
f 4526//4526 4568//4568 4571//4571
f 4527//4527 4569//4569 4572//4572
f 4573//4573 4570//4570 4577//4577
f 4574//4574 4576//4576 4542//4542
f 4543//4543 4575//4575 4579//4579
f 4540//4540 4578//4578 4539//4539
f 4530//4530 4546//4546 4535//4535
f 4533//4533 4544//4544 4560//4560
f 4536//4536 4559//4559 4582//4582
f 4580//4580 4550//4550 4584//4584
f 4581//4581 4592//4592 4601//4601
f 4603//4603 4608//4608 4585//4585
f 4586//4586 4607//4607 4609//4609
f 4593//4593 4610//4610 4600//4600
f 4611//4611 4616//4616 4621//4621
f 4622//4622 4626//4626 4627//4627
f 4632//4632 4624//4624 4641//4641
f 4631//4631 4642//4642 4650//4650
f 4619//4619 4663//4663 4612//4612
f 4613//4613 4662//4662 4664//4664
f 4614//4614 4666//4666 4669//4669
f 4668//4668 4665//4665 4670//4670
f 4667//4667 4671//4671 4634//4634
f 4630//4630 4672//4672 4674//4674
f 4633//4633 4673//4673 4623//4623
f 4625//4625 4675//4675 4635//4635
f 4644//4644 4676//4676 4678//4678
f 4645//4645 4677//4677 4681//4681
f 4606//4606 4682//4682 4618//4618
f 4615//4615 4683//4683 4686//4686
f 4617//4617 4685//4685 4620//4620
f 4690//4690 4695//4695 4698//4698
f 4691//4691 4699//4699 4704//4704
f 4703//4703 4706//4706 4687//4687
f 4688//4688 4705//4705 4707//4707
f 4689//4689 4708//4708 4696//4696
f 4717//4717 4722//4722 4725//4725
f 4697//4697 4629//4629 4692//4692
f 4694//4694 4628//4628 4653//4653
f 4693//4693 4654//4654 4702//4702
f 4700//4700 4651//4651 4714//4714
f 4701//4701 4713//4713 4730//4730
f 4727//4727 4715//4715 4726//4726
f 4733//4733 4740//4740 4743//4743
f 4744//4744 4741//4741 4746//4746
f 4742//4742 4745//4745 4748//4748
f 4749//4749 4747//4747 4753//4753
f 4732//4732 4756//4756 4738//4738
f 4735//4735 4755//4755 4758//4758
f 4736//4736 4759//4759 4718//4718
f 4720//4720 4757//4757 4760//4760
f 4716//4716 4761//4761 4723//4723
f 4724//4724 4762//4762 4728//4728
f 4729//4729 4763//4763 4765//4765
f 4731//4731 4764//4764 4767//4767
f 4768//4768 4766//4766 4771//4771
f 4769//4769 4770//4770 4754//4754
f 4751//4751 4772//4772 4773//4773
f 4752//4752 4774//4774 4750//4750
f 4420//4420 4775//4775 4412//4412
f 4414//4414 4776//4776 4777//4777
f 4418//4418 4778//4778 4779//4779
f 4784//4784 4798//4798 4799//4799
f 4797//4797 4785//4785 4804//4804
f 4803//4803 4791//4791 4596//4596
f 4802//4802 4594//4594 4806//4806
f 4553//4553 4809//4809 4811//4811
f 4801//4801 4813//4813 4493//4493
f 4489//4489 4812//4812 4814//4814
f 4500//4500 4815//4815 4816//4816
f 4817//4817 4807//4807 4490//4490
f 4495//4495 4808//4808 4557//4557
f 4503//4503 4551//4551 4516//4516
f 4515//4515 4558//4558 4565//4565
f 4514//4514 4564//4564 4522//4522
f 4810//4810 4819//4819 4554//4554
f 4549//4549 4818//4818 4820//4820
f 4552//4552 4821//4821 4595//4595
f 4597//4597 4822//4822 4824//4824
f 4583//4583 4823//4823 4805//4805
f 4825//4825 4827//4827 4501//4501
f 4831//4831 4833//4833 4395//4395
f 4394//4394 4834//4834 4835//4835
f 4402//4402 4836//4836 4837//4837
f 4839//4839 4842//4842 4431//4431
f 4800//4800 4497//4497 4790//4790
f 4786//4786 4499//4499 4828//4828
f 4787//4787 4829//4829 4844//4844
f 4446//4446 4408//4408 4434//4434
f 4435//4435 4409//4409 4403//4403
f 4427//4427 4401//4401 4840//4840
f 4841//4841 4393//4393 4838//4838
f 4843//4843 4847//4847 4436//4436
f 4437//4437 4846//4846 4849//4849
f 4433//4433 4848//4848 4494//4494
f 4496//4496 4850//4850 4852//4852
f 4498//4498 4851//4851 4826//4826
f 4854//4854 4857//4857 4648//4648
f 4647//4647 4856//4856 4788//4788
f 4859//4859 4862//4862 4646//4646
f 4591//4591 4863//4863 4866//4866
f 4861//4861 4867//4867 4638//4638
f 4643//4643 4868//4868 4871//4871
f 4639//4639 4870//4870 4649//4649
f 4652//4652 4869//4869 4873//4873
f 4655//4655 4872//4872 4853//4853
f 4855//4855 4875//4875 4783//4783
f 4782//4782 4874//4874 4878//4878
f 4781//4781 4877//4877 4590//4590
f 4587//4587 4876//4876 4879//4879
f 4588//4588 4880//4880 4864//4864
f 4865//4865 4858//4858 4589//4589
f 4599//4599 4860//4860 4637//4637
f 4598//4598 4636//4636 4605//4605
f 4604//4604 4640//4640 4680//4680
f 4602//4602 4679//4679 4684//4684
f 4883//4883 4884//4884 4398//4398
f 4396//4396 4885//4885 4886//4886
f 4887//4887 4890//4890 4392//4392
f 4406//4406 4889//4889 4792//4792
f 4400//4400 4794//4794 4830//4830
f 4832//4832 4793//4793 4845//4845
f 4891//4891 4882//4882 4719//4719
f 4711//4711 4881//4881 4405//4405
f 4712//4712 4397//4397 4737//4737
f 4739//4739 4399//4399 4417//4417
f 4734//4734 4411//4411 4894//4894
f 4893//4893 4416//4416 4780//4780
f 4888//4888 4896//4896 4795//4795
f 4796//4796 4895//4895 4899//4899
f 4789//4789 4897//4897 4657//4657
f 4661//4661 4898//4898 4900//4900
f 4658//4658 4901//4901 4902//4902
f 4903//4903 4904//4904 4656//4656
f 4659//4659 4905//4905 4908//4908
f 4660//4660 4906//4906 4721//4721
f 4709//4709 4907//4907 4909//4909
f 4710//4710 4910//4910 4892//4892

