# https://github.com/mikedh/trimesh
v -0.01089900 -0.02059400 -0.02195000
v -0.01012200 -0.02098600 -0.02195000
v -0.01012200 -0.02098600 -0.02325000
v -0.01154100 0.02024100 -0.02325000
v -0.01154100 0.02024100 -0.02195000
v -0.01166600 0.02016900 -0.02195000
v -0.01427500 0.01841500 -0.02325000
v -0.01509900 0.01774600 -0.02195000
v -0.01509900 0.01774600 -0.02325000
v -0.00785500 0.02193600 -0.02195000
v -0.00758100 0.02203200 -0.02325000
v -0.00758100 0.02203200 -0.02195000
v -0.00378800 0.02299000 -0.02195000
v -0.00335800 0.02305700 -0.02325000
v -0.00335800 0.02305700 -0.02195000
v 0.00040200 0.02329600 -0.02195000
v 0.00098200 0.02327900 -0.02325000
v 0.00098200 0.02327900 -0.02195000
v 0.00457900 0.02284600 -0.02195000
v 0.00528800 0.02269200 -0.02325000
v 0.00528800 0.02269200 -0.02195000
v 0.00860700 0.02165200 -0.02195000
v 0.00941000 0.02131500 -0.02325000
v 0.00941000 0.02131500 -0.02195000
v 0.01235500 0.01975400 -0.02195000
v 0.01320400 0.01919700 -0.02325000
v 0.01320400 0.01919700 -0.02195000
v 0.01570200 0.01721500 -0.02195000
v 0.01653900 0.01641100 -0.02325000
v 0.01653900 0.01641100 -0.02195000
v 0.01853800 0.01411500 -0.02195000
v 0.01929900 0.01305500 -0.02325000
v 0.01929900 0.01305500 -0.02195000
v 0.02077100 0.01055700 -0.02195000
v 0.02138800 0.00924400 -0.02325000
v 0.02138800 0.00924400 -0.02195000
v 0.02232900 0.00665500 -0.02195000
v 0.02273200 0.00511100 -0.02325000
v 0.02273200 0.00511100 -0.02195000
v 0.02316100 0.00253700 -0.02195000
v 0.02327400 0.00109200 -0.02325000
v 0.02328600 0.00080100 -0.02195000
v 0.02328600 0.00080100 -0.02325000
v 0.02324000 -0.00166300 -0.02195000
v 0.02303000 -0.00353700 -0.02325000
v 0.02303000 -0.00353700 -0.02195000
v 0.02256400 -0.00581000 -0.02195000
v 0.02197300 -0.00775200 -0.02325000
v 0.02197300 -0.00775200 -0.02195000
v 0.02115400 -0.00976700 -0.02195000
v 0.02015100 -0.01169800 -0.02325000
v 0.02015100 -0.01169800 -0.02195000
v 0.01762800 -0.01523600 -0.02325000
v 0.01449200 -0.01824500 -0.02325000
v 0.01449200 -0.01824500 -0.02195000
v 0.01633900 -0.01661100 -0.02195000
v 0.01762800 -0.01523600 -0.02195000
v 0.01905600 -0.01340700 -0.02195000
v 0.01085200 -0.02061800 -0.02325000
v 0.00683500 -0.02227500 -0.02325000
v 0.00683500 -0.02227500 -0.02195000
v 0.00941600 -0.02131300 -0.02195000
v 0.01085200 -0.02061800 -0.02195000
v 0.01309000 -0.01927500 -0.02195000
v 0.00257900 -0.02315700 -0.02325000
v -0.00176600 -0.02323300 -0.02325000
v -0.00176600 -0.02323300 -0.02195000
v 0.00127800 -0.02326500 -0.02195000
v 0.00257900 -0.02315700 -0.02195000
v 0.00543500 -0.02265700 -0.02195000
v -0.00604900 -0.02250100 -0.02325000
v -0.00702400 -0.02221600 -0.02195000
v -0.00604900 -0.02250100 -0.02195000
v -0.00292000 -0.02311600 -0.02195000
v -0.01384300 -0.01874200 -0.02195000
v -0.01384300 -0.01874200 -0.02325000
v -0.01442000 -0.01830200 -0.02195000
v -0.01708300 -0.01584500 -0.02325000
v -0.01708300 -0.01584500 -0.02195000
v -0.01747200 -0.01541400 -0.02195000
v -0.01972800 -0.01239700 -0.02325000
v -0.01972800 -0.01239700 -0.02195000
v -0.01995600 -0.01202600 -0.02195000
v -0.02168700 -0.00851800 -0.02325000
v -0.02168700 -0.00851800 -0.02195000
v -0.02179200 -0.00824700 -0.02195000
v -0.02289200 -0.00434300 -0.02325000
v -0.02289200 -0.00434300 -0.02195000
v -0.02291800 -0.00420000 -0.02195000
v -0.02330000 -0.00001600 -0.02325000
v -0.02330000 -0.00001600 -0.02195000
v -0.00752700 0.01747500 -0.02325000
v -0.00752700 0.01747500 -0.02325000
v -0.00757600 0.01800400 -0.02325000
v -0.00757600 0.01800400 -0.02325000
v -0.00757600 0.01800400 -0.02325000
v -0.01427500 0.01841500 -0.02325000
v -0.01427500 0.01841500 -0.02325000
v 0.02138800 0.00924400 -0.02325000
v 0.02138800 0.00924400 -0.02325000
v 0.02138800 0.00924400 -0.02325000
v 0.01879100 0.00692000 -0.02325000
v 0.01879100 0.00692000 -0.02325000
v 0.01879100 0.00692000 -0.02325000
v 0.02273200 0.00511100 -0.02325000
v 0.02273200 0.00511100 -0.02325000
v 0.02273200 0.00511100 -0.02325000
v 0.01884000 0.00639100 -0.02325000
v 0.01884000 0.00639100 -0.02325000
v 0.01884000 0.00639100 -0.02325000
v 0.02327400 0.00109200 -0.02325000
v 0.02327400 0.00109200 -0.02325000
v 0.02327400 0.00109200 -0.02325000
v 0.02327400 0.00109200 -0.02325000
v 0.02327400 0.00109200 -0.02325000
v 0.02327400 0.00109200 -0.02325000
v 0.02327400 0.00109200 -0.02325000
v 0.02327400 0.00109200 -0.02325000
v 0.01861700 0.00591000 -0.02325000
v 0.01861700 0.00591000 -0.02325000
v 0.01818400 0.00560400 -0.02325000
v 0.01818400 0.00560400 -0.02325000
v 0.01818400 0.00560400 -0.02325000
v 0.01765500 0.00555500 -0.02325000
v 0.01765500 0.00555500 -0.02325000
v 0.01765500 0.00555500 -0.02325000
v 0.01765500 0.00555500 -0.02325000
v 0.01268200 -0.00285700 -0.02325000
v 0.01268200 -0.00285700 -0.02325000
v 0.01268200 -0.00285700 -0.02325000
v 0.01268200 -0.00285700 -0.02325000
v -0.01154100 0.02024100 -0.02325000
v -0.01154100 0.02024100 -0.02325000
v -0.01154100 0.02024100 -0.02325000
v -0.00735300 0.01848500 -0.02325000
v -0.00735300 0.01848500 -0.02325000
v -0.00735300 0.01848500 -0.02325000
v -0.00758100 0.02203200 -0.02325000
v -0.00758100 0.02203200 -0.02325000
v -0.00692000 0.01879100 -0.02325000
v -0.00692000 0.01879100 -0.02325000
v -0.00335800 0.02305700 -0.02325000
v -0.00335800 0.02305700 -0.02325000
v -0.00335800 0.02305700 -0.02325000
v -0.01427500 0.01841500 -0.02325000
v -0.01427500 0.01841500 -0.02325000
v -0.01427500 0.01841500 -0.02325000
v -0.00722100 0.01704200 -0.02325000
v -0.00722100 0.01704200 -0.02325000
v -0.01037800 0.00782900 -0.02325000
v -0.01037800 0.00782900 -0.02325000
v -0.01037800 0.00782900 -0.02325000
v -0.01037800 0.00782900 -0.02325000
v -0.01037800 0.00782900 -0.02325000
v -0.00674000 0.01681900 -0.02325000
v -0.00852600 0.00981300 -0.02325000
v -0.00621100 0.01686800 -0.02325000
v -0.00621100 0.01686800 -0.02325000
v -0.00593000 0.01156900 -0.02325000
v -0.00593000 0.01156900 -0.02325000
v -0.00577800 0.01717400 -0.02325000
v -0.00577800 0.01717400 -0.02325000
v -0.00577800 0.01717400 -0.02325000
v 0.01653900 0.01641100 -0.02325000
v 0.01747500 0.00752700 -0.02325000
v 0.01747500 0.00752700 -0.02325000
v 0.01929900 0.01305500 -0.02325000
v 0.01929900 0.01305500 -0.02325000
v 0.01800400 0.00757600 -0.02325000
v 0.01800400 0.00757600 -0.02325000
v 0.01800400 0.00757600 -0.02325000
v 0.01848500 0.00735300 -0.02325000
v 0.01848500 0.00735300 -0.02325000
v 0.01681900 0.00674000 -0.02325000
v 0.01681900 0.00674000 -0.02325000
v 0.01681900 0.00674000 -0.02325000
v 0.01077000 0.00728100 -0.02325000
v 0.01077000 0.00728100 -0.02325000
v 0.01077000 0.00728100 -0.02325000
v 0.01686800 0.00621100 -0.02325000
v 0.01686800 0.00621100 -0.02325000
v 0.01686800 0.00621100 -0.02325000
v 0.01219900 0.00449200 -0.02325000
v 0.01219900 0.00449200 -0.02325000
v 0.01219900 0.00449200 -0.02325000
v 0.01717400 0.00577800 -0.02325000
v 0.01717400 0.00577800 -0.02325000
v 0.01717400 0.00577800 -0.02325000
v 0.01292000 0.00144200 -0.02325000
v 0.01292000 0.00144200 -0.02325000
v 0.01292000 0.00144200 -0.02325000
v 0.01288900 -0.00169200 -0.02325000
v 0.01288900 -0.00169200 -0.02325000
v -0.00639100 0.01884000 -0.02325000
v -0.00639100 0.01884000 -0.02325000
v -0.00591000 0.01861700 -0.02325000
v -0.00591000 0.01861700 -0.02325000
v -0.00591000 0.01861700 -0.02325000
v 0.00098200 0.02327900 -0.02325000
v 0.00098200 0.02327900 -0.02325000
v -0.00560400 0.01818400 -0.02325000
v -0.00560400 0.01818400 -0.02325000
v -0.00560400 0.01818400 -0.02325000
v 0.00528800 0.02269200 -0.02325000
v 0.00941000 0.02131500 -0.02325000
v 0.00941000 0.02131500 -0.02325000
v -0.00555500 0.01765500 -0.02325000
v -0.00555500 0.01765500 -0.02325000
v 0.01320400 0.01919700 -0.02325000
v -0.00298900 0.01265200 -0.02325000
v 0.00012600 0.01299900 -0.02325000
v 0.00012600 0.01299900 -0.02325000
v 0.00012600 0.01299900 -0.02325000
v -0.00555500 0.01765500 -0.02325000
v -0.00555500 0.01765500 -0.02325000
v -0.00555500 0.01765500 -0.02325000
v -0.00555500 0.01765500 -0.02325000
v 0.00323300 0.01259200 -0.02325000
v 0.00323300 0.01259200 -0.02325000
v 0.00615200 0.01145200 -0.02325000
v 0.00615200 0.01145200 -0.02325000
v 0.01704200 0.00722100 -0.02325000
v 0.01704200 0.00722100 -0.02325000
v 0.00871400 0.00964700 -0.02325000
v 0.00871400 0.00964700 -0.02325000
v -0.01704200 -0.00722100 -0.02325000
v -0.01704200 -0.00722100 -0.02325000
v -0.01704200 -0.00722100 -0.02325000
v -0.01747500 -0.00752700 -0.02325000
v -0.01747500 -0.00752700 -0.02325000
v -0.01747500 -0.00752700 -0.02325000
v -0.01708300 -0.01584500 -0.02325000
v -0.01708300 -0.01584500 -0.02325000
v -0.01708300 -0.01584500 -0.02325000
v -0.01708300 -0.01584500 -0.02325000
v -0.01972800 -0.01239700 -0.02325000
v -0.01972800 -0.01239700 -0.02325000
v -0.01972800 -0.01239700 -0.02325000
v -0.01900900 0.00316300 -0.02325000
v -0.01900900 0.00316300 -0.02325000
v -0.01990000 0.00225800 -0.02325000
v -0.01990000 0.00225800 -0.02325000
v -0.01990000 0.00225800 -0.02325000
v -0.01765500 -0.00555500 -0.02325000
v -0.01765500 -0.00555500 -0.02325000
v -0.01765500 -0.00555500 -0.02325000
v -0.01765500 -0.00555500 -0.02325000
v -0.02350900 0.00201100 -0.02325000
v -0.02330000 -0.00001600 -0.02325000
v -0.02330000 -0.00001600 -0.02325000
v -0.02330000 -0.00001600 -0.02325000
v -0.02347200 0.00199300 -0.02325000
v -0.02232200 0.00164800 -0.02325000
v -0.02232200 0.00164800 -0.02325000
v -0.02232200 0.00164800 -0.02325000
v -0.01818400 -0.00560400 -0.02325000
v -0.01818400 -0.00560400 -0.02325000
v -0.01818400 -0.00560400 -0.02325000
v -0.01818400 -0.00560400 -0.02325000
v -0.01800400 -0.00757600 -0.02325000
v -0.01800400 -0.00757600 -0.02325000
v -0.01848500 -0.00735300 -0.02325000
v -0.01848500 -0.00735300 -0.02325000
v -0.01848500 -0.00735300 -0.02325000
v -0.02168700 -0.00851800 -0.02325000
v -0.02168700 -0.00851800 -0.02325000
v -0.01879100 -0.00692000 -0.02325000
v -0.01879100 -0.00692000 -0.02325000
v -0.01879100 -0.00692000 -0.02325000
v -0.02289200 -0.00434300 -0.02325000
v -0.02289200 -0.00434300 -0.02325000
v -0.02289200 -0.00434300 -0.02325000
v -0.01884000 -0.00639100 -0.02325000
v -0.01884000 -0.00639100 -0.02325000
v -0.01884000 -0.00639100 -0.02325000
v -0.01861700 -0.00591000 -0.02325000
v -0.01861700 -0.00591000 -0.02325000
v -0.01861700 -0.00591000 -0.02325000
v -0.02105500 0.00173000 -0.02325000
v -0.02105500 0.00173000 -0.02325000
v -0.00615200 -0.01145200 -0.02325000
v -0.00615200 -0.01145200 -0.02325000
v -0.00615200 -0.01145200 -0.02325000
v -0.00615200 -0.01145200 -0.02325000
v -0.00615200 -0.01145200 -0.02325000
v -0.00871400 -0.00964700 -0.02325000
v -0.00871400 -0.00964700 -0.02325000
v -0.01681900 -0.00674000 -0.02325000
v -0.01681900 -0.00674000 -0.02325000
v -0.01077000 -0.00728100 -0.02325000
v -0.01077000 -0.00728100 -0.02325000
v -0.01077000 -0.00728100 -0.02325000
v -0.01686800 -0.00621100 -0.02325000
v -0.01686800 -0.00621100 -0.02325000
v -0.01219900 -0.00449200 -0.02325000
v -0.01219900 -0.00449200 -0.02325000
v -0.01219900 -0.00449200 -0.02325000
v -0.01717400 -0.00577800 -0.02325000
v -0.01717400 -0.00577800 -0.02325000
v -0.01292000 -0.00144200 -0.02325000
v -0.01292000 -0.00144200 -0.02325000
v -0.01292000 -0.00144200 -0.02325000
v -0.01765500 -0.00555500 -0.02325000
v -0.01765500 -0.00555500 -0.02325000
v -0.01765500 -0.00555500 -0.02325000
v -0.01288900 0.00169200 -0.02325000
v -0.01288900 0.00169200 -0.02325000
v -0.01288900 0.00169200 -0.02325000
v -0.01473600 0.01241800 -0.02325000
v -0.01473600 0.01241800 -0.02325000
v -0.01473600 0.01241800 -0.02325000
v -0.01529200 0.01127600 -0.02325000
v -0.01529200 0.01127600 -0.02325000
v -0.01667200 0.00911200 -0.02325000
v -0.01774900 0.00678100 -0.02325000
v -0.01850100 0.00432700 -0.02325000
v -0.01850100 0.00432700 -0.02325000
v -0.01677700 0.01659000 -0.02325000
v -0.01674000 0.01657400 -0.02325000
v -0.01674000 0.01657400 -0.02325000
v -0.01509900 0.01774600 -0.02325000
v -0.01509900 0.01774600 -0.02325000
v -0.01573200 0.01592200 -0.02325000
v -0.01573200 0.01592200 -0.02325000
v -0.01497200 0.01490500 -0.02325000
v -0.01497200 0.01490500 -0.02325000
v -0.01497200 0.01490500 -0.02325000
v -0.01462400 0.01368300 -0.02325000
v -0.01462400 0.01368300 -0.02325000
v -0.01062700 0.00748800 -0.02325000
v -0.01211000 0.00472700 -0.02325000
v -0.01211000 0.00472700 -0.02325000
v -0.01384300 -0.01874200 -0.02325000
v -0.01384300 -0.01874200 -0.02325000
v -0.01012200 -0.02098600 -0.02325000
v -0.01012200 -0.02098600 -0.02325000
v -0.01012200 -0.02098600 -0.02325000
v -0.00323300 -0.01259200 -0.02325000
v -0.00323300 -0.01259200 -0.02325000
v -0.00323300 -0.01259200 -0.02325000
v -0.00323300 -0.01259200 -0.02325000
v -0.00323300 -0.01259200 -0.02325000
v -0.00604900 -0.02250100 -0.02325000
v -0.00604900 -0.02250100 -0.02325000
v -0.00176600 -0.02323300 -0.02325000
v -0.00176600 -0.02323300 -0.02325000
v -0.00176600 -0.02323300 -0.02325000
v -0.00176600 -0.02323300 -0.02325000
v 0.00683500 -0.02227500 -0.02325000
v 0.00683500 -0.02227500 -0.02325000
v 0.01085200 -0.02061800 -0.02325000
v 0.01085200 -0.02061800 -0.02325000
v 0.01085200 -0.02061800 -0.02325000
v 0.00735300 -0.01848500 -0.02325000
v 0.00735300 -0.01848500 -0.02325000
v 0.02303000 -0.00353700 -0.02325000
v 0.02303000 -0.00353700 -0.02325000
v 0.02328600 0.00080100 -0.02325000
v 0.02328600 0.00080100 -0.02325000
v 0.00722100 -0.01704200 -0.02325000
v 0.00722100 -0.01704200 -0.02325000
v 0.00722100 -0.01704200 -0.02325000
v 0.00722100 -0.01704200 -0.02325000
v 0.00757600 -0.01800400 -0.02325000
v 0.00757600 -0.01800400 -0.02325000
v 0.01449200 -0.01824500 -0.02325000
v 0.01449200 -0.01824500 -0.02325000
v 0.01449200 -0.01824500 -0.02325000
v 0.00752700 -0.01747500 -0.02325000
v 0.00752700 -0.01747500 -0.02325000
v 0.00752700 -0.01747500 -0.02325000
v 0.00577800 -0.01717400 -0.02325000
v 0.00577800 -0.01717400 -0.02325000
v 0.00577800 -0.01717400 -0.02325000
v 0.00577800 -0.01717400 -0.02325000
v -0.00012600 -0.01299900 -0.02325000
v -0.00012600 -0.01299900 -0.02325000
v -0.00012600 -0.01299900 -0.02325000
v 0.00555500 -0.01765500 -0.02325000
v 0.00555500 -0.01765500 -0.02325000
v 0.00555500 -0.01765500 -0.02325000
v 0.00560400 -0.01818400 -0.02325000
v 0.00560400 -0.01818400 -0.02325000
v 0.00560400 -0.01818400 -0.02325000
v 0.00591000 -0.01861700 -0.02325000
v 0.00591000 -0.01861700 -0.02325000
v 0.00591000 -0.01861700 -0.02325000
v 0.00257900 -0.02315700 -0.02325000
v 0.00257900 -0.02315700 -0.02325000
v 0.00639100 -0.01884000 -0.02325000
v 0.00692000 -0.01879100 -0.02325000
v 0.01211000 -0.00472700 -0.02325000
v 0.01211000 -0.00472700 -0.02325000
v 0.01062700 -0.00748800 -0.02325000
v 0.01062700 -0.00748800 -0.02325000
v 0.00674000 -0.01681900 -0.02325000
v 0.00852600 -0.00981300 -0.02325000
v 0.00621100 -0.01686800 -0.02325000
v 0.00621100 -0.01686800 -0.02325000
v 0.00593000 -0.01156900 -0.02325000
v 0.00593000 -0.01156900 -0.02325000
v 0.00298900 -0.01265200 -0.02325000
v 0.00298900 -0.01265200 -0.02325000
v 0.01762800 -0.01523600 -0.02325000
v 0.01762800 -0.01523600 -0.02325000
v 0.02015100 -0.01169800 -0.02325000
v 0.02015100 -0.01169800 -0.02325000
v 0.02015100 -0.01169800 -0.02325000
v 0.02197300 -0.00775200 -0.02325000
v 0.02197300 -0.00775200 -0.02325000
v 0.01560300 0.00745500 -0.02575000
v 0.01544600 0.00630600 -0.02575000
v 0.01544600 0.00630600 -0.02575000
v -0.00444400 0.01671200 -0.02575000
v -0.00444400 0.01671200 -0.02575000
v -0.00444400 0.01671200 -0.02575000
v -0.00444400 0.01671200 -0.02575000
v -0.00444400 0.01671200 -0.02575000
v -0.00295400 -0.02482500 -0.02575000
v -0.00295400 -0.02482500 -0.02575000
v -0.00295400 -0.02482500 -0.02575000
v -0.00295400 -0.02482500 -0.02575000
v -0.01628100 -0.00839700 -0.02575000
v -0.01628100 -0.00839700 -0.02575000
v -0.01628100 -0.00839700 -0.02575000
v -0.01628100 -0.00839700 -0.02575000
v -0.01560300 -0.00745500 -0.02575000
v -0.01560300 -0.00745500 -0.02575000
v -0.00745500 0.01560300 -0.02575000
v -0.00745500 0.01560300 -0.02575000
v -0.00745500 0.01560300 -0.02575000
v -0.00745500 0.01560300 -0.02575000
v -0.01584600 -0.00521700 -0.02575000
v -0.01584600 -0.00521700 -0.02575000
v -0.01671200 -0.00444400 -0.02575000
v -0.01671200 -0.00444400 -0.02575000
v 0.01716500 0.00860400 -0.02575000
v 0.01716500 0.00860400 -0.02575000
v 0.01669800 0.00860700 -0.02575000
v 0.01963600 0.01106600 -0.02575000
v -0.01716500 -0.00860400 -0.02575000
v -0.01716500 -0.00860400 -0.02575000
v -0.01669800 -0.00860700 -0.02575000
v -0.01963600 -0.01106600 -0.02575000
v 0.01995800 0.01225000 -0.02575000
v -0.01995800 -0.01225000 -0.02575000
v 0.00096500 -0.02498100 -0.02575000
v 0.00096500 -0.02498100 -0.02575000
v 0.00096500 -0.02498100 -0.02575000
v 0.00096500 -0.02498100 -0.02575000
v -0.00018000 -0.00849800 -0.02575000
v -0.00018000 -0.00849800 -0.02575000
v -0.00018000 -0.00849800 -0.02575000
v -0.01560300 -0.00745500 -0.02575000
v -0.01560300 -0.00745500 -0.02575000
v -0.01560300 -0.00745500 -0.02575000
v -0.01560300 -0.00745500 -0.02575000
v -0.01560300 -0.00745500 -0.02575000
v -0.00267700 -0.00806700 -0.02575000
v -0.00267700 -0.00806700 -0.02575000
v -0.00493600 -0.00692000 -0.02575000
v -0.00493600 -0.00692000 -0.02575000
v 0.02077900 -0.01390100 -0.02575000
v 0.02077900 -0.01390100 -0.02575000
v 0.02077900 -0.01390100 -0.02575000
v 0.00860700 -0.01669800 -0.02575000
v 0.00860700 -0.01669800 -0.02575000
v 0.00860700 -0.01669800 -0.02575000
v 0.00860700 -0.01669800 -0.02575000
v 0.02269700 -0.01048000 -0.02575000
v 0.02269700 -0.01048000 -0.02575000
v 0.00839700 -0.01628100 -0.02575000
v 0.00839700 -0.01628100 -0.02575000
v 0.00839700 -0.01628100 -0.02575000
v 0.00839700 -0.01628100 -0.02575000
v 0.00839700 -0.01628100 -0.02575000
v 0.00839700 -0.01628100 -0.02575000
v 0.02405700 -0.00680100 -0.02575000
v 0.02405700 -0.00680100 -0.02575000
v 0.02482500 -0.00295400 -0.02575000
v 0.02482500 -0.00295400 -0.02575000
v 0.02482500 -0.00295400 -0.02575000
v 0.02482500 -0.00295400 -0.02575000
v 0.02482500 -0.00295400 -0.02575000
v 0.02482500 -0.00295400 -0.02575000
v -0.01544600 -0.00630600 -0.02575000
v -0.01544600 -0.00630600 -0.02575000
v -0.01544600 -0.00630600 -0.02575000
v -0.00727000 0.00440500 -0.02575000
v -0.00727000 0.00440500 -0.02575000
v -0.00727000 0.00440500 -0.02575000
v -0.00824500 0.00206600 -0.02575000
v -0.00824500 0.00206600 -0.02575000
v -0.00848800 -0.00045600 -0.02575000
v -0.00848800 -0.00045600 -0.02575000
v -0.00797600 -0.00293700 -0.02575000
v -0.00797600 -0.00293700 -0.02575000
v -0.00797600 -0.00293700 -0.02575000
v -0.00675600 -0.00515800 -0.02575000
v -0.00675600 -0.00515800 -0.02575000
v -0.01569400 0.01157300 -0.02575000
v -0.01514200 0.01290800 -0.02575000
v -0.01514200 0.01290800 -0.02575000
v -0.01514200 0.01290800 -0.02575000
v -0.01514200 0.01290800 -0.02575000
v -0.00860400 0.01716500 -0.02575000
v -0.00860400 0.01716500 -0.02575000
v -0.00860700 0.01669800 -0.02575000
v -0.00860700 0.01669800 -0.02575000
v -0.00860700 0.01669800 -0.02575000
v -0.01527800 0.01434700 -0.02575000
v -0.01527800 0.01434700 -0.02575000
v -0.01527800 0.01434700 -0.02575000
v -0.01527800 0.01434700 -0.02575000
v -0.01527800 0.01434700 -0.02575000
v -0.01527800 0.01434700 -0.02575000
v -0.01527800 0.01434700 -0.02575000
v 0.00521700 -0.01584600 -0.02575000
v 0.00521700 -0.01584600 -0.02575000
v 0.00521700 -0.01584600 -0.02575000
v -0.00018000 -0.00849800 -0.02575000
v -0.00018000 -0.00849800 -0.02575000
v -0.00018000 -0.00849800 -0.02575000
v -0.00018000 -0.00849800 -0.02575000
v 0.00233300 -0.00817400 -0.02575000
v 0.00233300 -0.00817400 -0.02575000
v 0.00295400 0.02482500 -0.02575000
v 0.00295400 0.02482500 -0.02575000
v 0.00295400 0.02482500 -0.02575000
v 0.00295400 0.02482500 -0.02575000
v 0.00295400 0.02482500 -0.02575000
v 0.00680100 0.02405700 -0.02575000
v 0.01628100 0.00839700 -0.02575000
v 0.01628100 0.00839700 -0.02575000
v 0.01628100 0.00839700 -0.02575000
v 0.01048000 0.02269700 -0.02575000
v 0.01390100 0.02077900 -0.02575000
v 0.01068300 -0.01963800 -0.02575000
v 0.01068300 -0.01963800 -0.02575000
v 0.01068300 -0.01963800 -0.02575000
v 0.01068300 -0.01963800 -0.02575000
v 0.00976500 -0.01948400 -0.02575000
v 0.00901600 -0.01893000 -0.02575000
v 0.00901600 -0.01893000 -0.02575000
v 0.02212400 0.00431200 -0.02575000
v 0.02212400 0.00431200 -0.02575000
v 0.02212400 0.00431200 -0.02575000
v 0.02212400 0.00431200 -0.02575000
v 0.02313600 0.00361900 -0.02575000
v 0.02313600 0.00361900 -0.02575000
v 0.02313600 0.00361900 -0.02575000
v 0.02313600 0.00361900 -0.02575000
v -0.00680100 -0.02405700 -0.02575000
v -0.00680100 -0.02405700 -0.02575000
v -0.01048000 -0.02269700 -0.02575000
v -0.01048000 -0.02269700 -0.02575000
v -0.01390100 -0.02077900 -0.02575000
v -0.01607100 0.01555500 -0.02575000
v -0.01607100 0.01555500 -0.02575000
v -0.01225000 0.01995800 -0.02575000
v 0.00144400 0.00837600 -0.02575000
v 0.00144400 0.00837600 -0.02575000
v -0.00108900 0.00843000 -0.02575000
v -0.00108900 0.00843000 -0.02575000
v -0.00521700 0.01584600 -0.02575000
v -0.00521700 0.01584600 -0.02575000
v -0.00521700 0.01584600 -0.02575000
v -0.00521700 0.01584600 -0.02575000
v -0.00521700 0.01584600 -0.02575000
v -0.00541400 0.02025600 -0.02575000
v -0.00541400 0.02025600 -0.02575000
v -0.00520300 0.02116400 -0.02575000
v -0.00460400 0.02187700 -0.02575000
v -0.00460400 0.02187700 -0.02575000
v -0.00460400 0.02187700 -0.02575000
v -0.00431200 0.02212400 -0.02575000
v -0.00431200 0.02212400 -0.02575000
v -0.00431200 0.02212400 -0.02575000
v -0.00361900 0.02313600 -0.02575000
v -0.00361900 0.02313600 -0.02575000
v -0.00361900 0.02313600 -0.02575000
v 0.01446200 -0.02016100 -0.02575000
v 0.01333700 -0.02027100 -0.02575000
v 0.01333700 -0.02027100 -0.02575000
v 0.01546700 -0.01964100 -0.02575000
v 0.01546700 -0.01964100 -0.02575000
v 0.01225000 -0.01995800 -0.02575000
v 0.01225000 -0.01995800 -0.02575000
v 0.01225000 -0.01995800 -0.02575000
v 0.01225000 -0.01995800 -0.02575000
v 0.01834900 -0.01698000 -0.02575000
v 0.01834900 -0.01698000 -0.02575000
v 0.00859900 -0.01809700 -0.02575000
v 0.00859900 -0.01809700 -0.02575000
v 0.00860400 -0.01716500 -0.02575000
v 0.00860400 -0.01716500 -0.02575000
v 0.00860400 -0.01716500 -0.02575000
v 0.01106600 -0.01963600 -0.02575000
v 0.01106600 -0.01963600 -0.02575000
v 0.01106600 -0.01963600 -0.02575000
v 0.02408000 0.00299500 -0.02575000
v 0.02472500 0.00206700 -0.02575000
v 0.02472500 0.00206700 -0.02575000
v 0.02498100 0.00096500 -0.02575000
v 0.02498100 0.00096500 -0.02575000
v -0.01711100 0.00935200 -0.02575000
v -0.01711100 0.00935200 -0.02575000
v -0.00839700 0.01628100 -0.02575000
v -0.00839700 0.01628100 -0.02575000
v -0.00630600 0.01544600 -0.02575000
v -0.00630600 0.01544600 -0.02575000
v 0.00460400 -0.02187700 -0.02575000
v 0.00460400 -0.02187700 -0.02575000
v 0.00431200 -0.02212400 -0.02575000
v 0.00431200 -0.02212400 -0.02575000
v 0.00431200 -0.02212400 -0.02575000
v 0.00458300 -0.01864600 -0.02575000
v 0.00458300 -0.01864600 -0.02575000
v 0.02016100 0.01446200 -0.02575000
v 0.02027200 0.01333700 -0.02575000
v 0.01964100 0.01546700 -0.02575000
v 0.01698000 0.01834900 -0.02575000
v 0.01893000 0.00901600 -0.02575000
v 0.01809700 0.00859900 -0.02575000
v 0.01809700 0.00859900 -0.02575000
v 0.01948400 0.00976500 -0.02575000
v 0.01948400 0.00976500 -0.02575000
v 0.01963800 0.01068300 -0.02575000
v -0.00299500 0.02408000 -0.02575000
v -0.00206700 0.02472500 -0.02575000
v -0.00206700 0.02472500 -0.02575000
v -0.00096500 0.02498100 -0.02575000
v -0.00096500 0.02498100 -0.02575000
v -0.02016100 -0.01446200 -0.02575000
v -0.02027200 -0.01333700 -0.02575000
v -0.01964100 -0.01546700 -0.02575000
v -0.01698000 -0.01834900 -0.02575000
v -0.01893000 -0.00901600 -0.02575000
v -0.01809700 -0.00859900 -0.02575000
v -0.01809700 -0.00859900 -0.02575000
v -0.01948400 -0.00976500 -0.02575000
v -0.01948400 -0.00976500 -0.02575000
v -0.01963800 -0.01068300 -0.02575000
v -0.02313600 -0.00361900 -0.02575000
v -0.02313600 -0.00361900 -0.02575000
v -0.02408000 -0.00299500 -0.02575000
v -0.02408000 -0.00299500 -0.02575000
v -0.02226300 0.00214500 -0.02575000
v -0.02226300 0.00214500 -0.02575000
v -0.02226300 0.00214500 -0.02575000
v -0.02226300 0.00214500 -0.02575000
v -0.02226300 0.00214500 -0.02575000
v -0.02472500 -0.00206700 -0.02575000
v -0.02472500 -0.00206700 -0.02575000
v -0.02472500 -0.00206700 -0.02575000
v -0.02345500 0.00255300 -0.02575000
v -0.02345500 0.00255300 -0.02575000
v -0.02345500 0.00255300 -0.02575000
v -0.02498100 -0.00096500 -0.02575000
v -0.02498100 -0.00096500 -0.02575000
v -0.02437400 0.00341500 -0.02575000
v -0.02482500 0.00295400 -0.02575000
v -0.02468100 0.00397800 -0.02575000
v -0.01333700 0.02027200 -0.02575000
v -0.01446200 0.02016100 -0.02575000
v -0.01546700 0.01964100 -0.02575000
v -0.01546700 0.01964100 -0.02575000
v -0.01715500 0.01619800 -0.02575000
v -0.01715500 0.01619800 -0.02575000
v -0.01834900 0.01698000 -0.02575000
v -0.01840700 0.01633900 -0.02575000
v -0.01903500 0.01620700 -0.02575000
v -0.00745500 0.01560300 -0.02575000
v -0.00745500 0.01560300 -0.02575000
v -0.00564800 0.00635200 -0.02575000
v -0.00564800 0.00635200 -0.02575000
v -0.00564800 0.00635200 -0.02575000
v -0.00352500 0.00773500 -0.02575000
v -0.00352500 0.00773500 -0.02575000
v 0.00846100 -0.00081400 -0.02575000
v 0.00846100 -0.00081400 -0.02575000
v 0.00832500 0.00171600 -0.02575000
v 0.00832500 0.00171600 -0.02575000
v 0.01584600 0.00521700 -0.02575000
v 0.01584600 0.00521700 -0.02575000
v 0.01584600 0.00521700 -0.02575000
v 0.01584600 0.00521700 -0.02575000
v 0.01584600 0.00521700 -0.02575000
v 0.01584600 0.00521700 -0.02575000
v 0.01584600 0.00521700 -0.02575000
v 0.01584600 0.00521700 -0.02575000
v 0.00745000 0.00409300 -0.02575000
v 0.00745000 0.00409300 -0.02575000
v 0.00591200 0.00610700 -0.02575000
v 0.00591200 0.00610700 -0.02575000
v 0.00591200 0.00610700 -0.02575000
v 0.00591200 0.00610700 -0.02575000
v 0.00384900 0.00757800 -0.02575000
v 0.00384900 0.00757800 -0.02575000
v -0.00416700 0.01783800 -0.02575000
v -0.00416700 0.01783800 -0.02575000
v -0.00416700 0.01783800 -0.02575000
v -0.00427800 0.01829200 -0.02575000
v -0.00427800 0.01829200 -0.02575000
v -0.00427800 0.01829200 -0.02575000
v -0.00458300 0.01864600 -0.02575000
v -0.00458300 0.01864600 -0.02575000
v -0.00458300 0.01864600 -0.02575000
v -0.00519200 0.01935200 -0.02575000
v -0.00519200 0.01935200 -0.02575000
v -0.01829200 -0.00427800 -0.02575000
v -0.01829200 -0.00427800 -0.02575000
v -0.01864600 -0.00458300 -0.02575000
v -0.01864600 -0.00458300 -0.02575000
v -0.02082900 0.00232500 -0.02575000
v -0.02082900 0.00232500 -0.02575000
v -0.02082900 0.00232500 -0.02575000
v -0.02082900 0.00232500 -0.02575000
v -0.02082900 0.00232500 -0.02575000
v -0.01935200 -0.00519200 -0.02575000
v -0.02025600 -0.00541400 -0.02575000
v -0.02025600 -0.00541400 -0.02575000
v -0.02212400 -0.00431200 -0.02575000
v -0.02212400 -0.00431200 -0.02575000
v -0.02212400 -0.00431200 -0.02575000
v -0.02187700 -0.00460400 -0.02575000
v -0.02187700 -0.00460400 -0.02575000
v -0.02187700 -0.00460400 -0.02575000
v -0.02116400 -0.00520300 -0.02575000
v -0.01106600 0.01963600 -0.02575000
v -0.01106600 0.01963600 -0.02575000
v -0.01068300 0.01963800 -0.02575000
v -0.01068300 0.01963800 -0.02575000
v -0.00976500 0.01948400 -0.02575000
v -0.00976500 0.01948400 -0.02575000
v 0.00630600 -0.01544600 -0.02575000
v 0.00463800 -0.00712300 -0.02575000
v 0.00745500 -0.01560300 -0.02575000
v 0.00745500 -0.01560300 -0.02575000
v 0.00745500 -0.01560300 -0.02575000
v 0.00745500 -0.01560300 -0.02575000
v 0.00653200 -0.00543900 -0.02575000
v 0.00784500 -0.00327200 -0.02575000
v 0.00784500 -0.00327200 -0.02575000
v 0.00784500 -0.00327200 -0.02575000
v 0.00427800 -0.01829200 -0.02575000
v 0.00427800 -0.01829200 -0.02575000
v 0.00361900 -0.02313600 -0.02575000
v 0.00361900 -0.02313600 -0.02575000
v 0.00427800 -0.01829200 -0.02575000
v 0.00427800 -0.01829200 -0.02575000
v 0.00427800 -0.01829200 -0.02575000
v 0.00427800 -0.01829200 -0.02575000
v 0.00299500 -0.02408000 -0.02575000
v 0.00299500 -0.02408000 -0.02575000
v -0.01783800 -0.00416700 -0.02575000
v -0.01964600 0.00315400 -0.02575000
v -0.01898800 0.00444100 -0.02575000
v -0.01821600 0.00696000 -0.02575000
v -0.01821600 0.00696000 -0.02575000
v 0.02025600 0.00541400 -0.02575000
v 0.02116400 0.00520300 -0.02575000
v 0.02116400 0.00520300 -0.02575000
v 0.01935200 0.00519200 -0.02575000
v 0.01935200 0.00519200 -0.02575000
v 0.02187700 0.00460400 -0.02575000
v 0.02187700 0.00460400 -0.02575000
v 0.02187700 0.00460400 -0.02575000
v 0.01864600 0.00458300 -0.02575000
v 0.01864600 0.00458300 -0.02575000
v 0.01864600 0.00458300 -0.02575000
v 0.01829200 0.00427800 -0.02575000
v 0.01829200 0.00427800 -0.02575000
v 0.01829200 0.00427800 -0.02575000
v 0.01783800 0.00416700 -0.02575000
v 0.01783800 0.00416700 -0.02575000
v 0.01783800 0.00416700 -0.02575000
v 0.01671200 0.00444400 -0.02575000
v 0.01671200 0.00444400 -0.02575000
v 0.01671200 0.00444400 -0.02575000
v 0.00444400 -0.01671200 -0.02575000
v 0.00444400 -0.01671200 -0.02575000
v 0.00416700 -0.01783800 -0.02575000
v 0.00416700 -0.01783800 -0.02575000
v 0.00416700 -0.01783800 -0.02575000
v 0.00206700 -0.02472500 -0.02575000
v 0.00206700 -0.02472500 -0.02575000
v -0.00901600 0.01893000 -0.02575000
v -0.00901600 0.01893000 -0.02575000
v -0.00859900 0.01809700 -0.02575000
v -0.00859900 0.01809700 -0.02575000
v 0.00519200 -0.01935200 -0.02575000
v 0.00541400 -0.02025600 -0.02575000
v 0.00520300 -0.02116400 -0.02575000
v 0.01963800 0.01068300 -0.02775000
v 0.01963800 0.01068300 -0.02775000
v 0.01963800 0.01068300 -0.02575000
v 0.01963800 0.01068300 -0.02575000
v 0.01963600 0.01106600 -0.02575000
v 0.01981600 0.00985300 -0.03225000
v 0.01981600 0.00985300 -0.02775000
v 0.01963600 0.01106600 -0.03225000
v 0.01963600 0.01106600 -0.03225000
v 0.01995800 0.01225000 -0.02575000
v 0.01995800 0.01225000 -0.03225000
v 0.01068300 -0.01963800 -0.02775000
v 0.01068300 -0.01963800 -0.02575000
v 0.01106600 -0.01963600 -0.02575000
v 0.00985300 -0.01981600 -0.03225000
v 0.00985300 -0.01981600 -0.02775000
v 0.01106600 -0.01963600 -0.03225000
v 0.01225000 -0.01995800 -0.02575000
v 0.01225000 -0.01995800 -0.03225000
v -0.01963800 -0.01068300 -0.02775000
v -0.01963800 -0.01068300 -0.02775000
v -0.01963800 -0.01068300 -0.02575000
v -0.01963800 -0.01068300 -0.02575000
v -0.01963600 -0.01106600 -0.02575000
v -0.01981600 -0.00985300 -0.03225000
v -0.01981600 -0.00985300 -0.02775000
v -0.01963600 -0.01106600 -0.03225000
v -0.01963600 -0.01106600 -0.03225000
v -0.01995800 -0.01225000 -0.02575000
v -0.01995800 -0.01225000 -0.03225000
v -0.01068300 0.01963800 -0.02775000
v -0.01068300 0.01963800 -0.02575000
v -0.01106600 0.01963600 -0.02575000
v -0.00985300 0.01981600 -0.03225000
v -0.00985300 0.01981600 -0.02775000
v -0.01106600 0.01963600 -0.03225000
v -0.01225000 0.01995800 -0.02575000
v -0.01225000 0.01995800 -0.03225000
v -0.01882000 -0.02167500 -0.02875000
v -0.01882000 -0.02167500 -0.02875000
v -0.01882000 -0.02167500 -0.02875000
v -0.01882000 -0.02167500 -0.02875000
v -0.01820500 -0.02034400 -0.02875000
v -0.01945800 -0.01914800 -0.02875000
v -0.01945800 -0.01914800 -0.02875000
v 0.00079900 0.02728800 -0.02875000
v 0.00079900 0.02728800 -0.02875000
v 0.00367900 0.02705100 -0.02875000
v 0.00367900 0.02705100 -0.02875000
v -0.00119700 0.02997600 -0.02875000
v -0.00119700 0.02997600 -0.02875000
v -0.00119700 0.02997600 -0.02875000
v -0.00119700 0.02997600 -0.02875000
v -0.00119700 0.02997600 -0.02875000
v 0.00429300 0.02838200 -0.02875000
v 0.00429300 0.02838200 -0.02875000
v 0.00429300 0.02838200 -0.02875000
v 0.00429300 0.02838200 -0.02875000
v 0.00350200 0.02979500 -0.02875000
v 0.00350200 0.02979500 -0.02875000
v 0.00438500 0.02884100 -0.02875000
v 0.00425800 0.02929000 -0.02875000
v 0.00425800 0.02929000 -0.02875000
v 0.00394100 0.02963300 -0.02875000
v -0.01953400 -0.02223700 -0.02875000
v -0.01910900 -0.02204200 -0.02875000
v -0.01910900 -0.02204200 -0.02875000
v -0.02000100 -0.02221800 -0.02875000
v -0.02000100 -0.02221800 -0.02875000
v -0.02000100 -0.02221800 -0.02875000
v -0.02040800 -0.02198900 -0.02875000
v -0.02040800 -0.02198900 -0.02875000
v -0.02040800 -0.02198900 -0.02875000
v -0.01945800 -0.01914800 -0.02875000
v -0.02359300 -0.01853000 -0.02875000
v -0.02241500 -0.01558400 -0.02875000
v -0.02619900 -0.01461600 -0.02875000
v -0.02472600 -0.01157200 -0.02875000
v -0.02472600 -0.01157200 -0.02875000
v -0.02816100 -0.01034200 -0.02875000
v -0.02816100 -0.01034200 -0.02875000
v -0.02816100 -0.01034200 -0.02875000
v -0.02632600 -0.00722700 -0.02875000
v -0.02632600 -0.00722700 -0.02875000
v -0.02632600 -0.00722700 -0.02875000
v -0.02632600 -0.00722700 -0.02875000
v -0.00382500 0.02703100 -0.02875000
v -0.00382500 0.02703100 -0.02875000
v -0.00382500 0.02703100 -0.02875000
v -0.00586600 0.02942100 -0.02875000
v -0.00586600 0.02942100 -0.02875000
v -0.00586600 0.02942100 -0.02875000
v -0.00833800 0.02599500 -0.02875000
v -0.00833800 0.02599500 -0.02875000
v -0.00833800 0.02599500 -0.02875000
v -0.01039100 0.02814300 -0.02875000
v -0.01039100 0.02814300 -0.02875000
v -0.01039100 0.02814300 -0.02875000
v -0.01261100 0.02421200 -0.02875000
v -0.01261100 0.02421200 -0.02875000
v -0.01466100 0.02617300 -0.02875000
v -0.01652200 0.02173300 -0.02875000
v -0.01857100 0.02356100 -0.02875000
v -0.01995700 0.01862800 -0.02875000
v -0.02202500 0.02036900 -0.02875000
v -0.02281800 0.01498700 -0.02875000
v -0.02493700 0.01667800 -0.02875000
v -0.02493700 0.01667800 -0.02875000
v -0.02502300 0.01091600 -0.02875000
v -0.02502300 0.01091600 -0.02875000
v -0.02502300 0.01091600 -0.02875000
v -0.02723700 0.01257600 -0.02875000
v -0.02723700 0.01257600 -0.02875000
v -0.02723700 0.01257600 -0.02875000
v -0.02650800 0.00653000 -0.02875000
v -0.02650800 0.00653000 -0.02875000
v -0.02650800 0.00653000 -0.02875000
v -0.02886700 0.00816500 -0.02875000
v -0.02886700 0.00816500 -0.02875000
v -0.02723000 0.00195600 -0.02875000
v -0.02723000 0.00195600 -0.02875000
v -0.02978900 0.00355400 -0.02875000
v -0.02978900 0.00355400 -0.02875000
v -0.02716900 -0.00267400 -0.02875000
v -0.02716900 -0.00267400 -0.02875000
v -0.02997800 -0.00114400 -0.02875000
v -0.02997800 -0.00114400 -0.02875000
v -0.02997800 -0.00114400 -0.02875000
v -0.02943100 -0.00581500 -0.02875000
v -0.02943100 -0.00581500 -0.02875000
v -0.01045800 0.02340400 -0.03275000
v -0.01045800 0.02340400 -0.03275000
v -0.01117400 0.02373500 -0.03275000
v -0.01117400 0.02373500 -0.03275000
v -0.01117400 0.02373500 -0.03275000
v -0.01021800 0.02767400 -0.03275000
v -0.01021800 0.02767400 -0.03275000
v -0.01021800 0.02767400 -0.03275000
v -0.01441700 0.02573700 -0.03275000
v -0.01441700 0.02573700 -0.03275000
v -0.01441700 0.02573700 -0.03275000
v -0.01441700 0.02573700 -0.03275000
v -0.01002500 0.02028500 -0.03275000
v -0.01002500 0.02028500 -0.03275000
v -0.01103700 0.02013600 -0.03275000
v -0.01103700 0.02013600 -0.03275000
v -0.01103700 0.02013600 -0.03275000
v -0.01090600 0.02080100 -0.03275000
v -0.01090600 0.02080100 -0.03275000
v -0.01090600 0.02080100 -0.03275000
v -0.01169300 0.02072900 -0.03275000
v -0.01169300 0.02072900 -0.03275000
v -0.01169300 0.02072900 -0.03275000
v -0.01927400 -0.02146600 -0.03275000
v -0.01927400 -0.02146600 -0.03275000
v -0.01927400 -0.02146600 -0.03275000
v -0.01927400 -0.02146600 -0.03275000
v -0.01927400 -0.02146600 -0.03275000
v -0.01927400 -0.02146600 -0.03275000
v -0.01941800 -0.02164900 -0.03275000
v -0.01963100 -0.02174700 -0.03275000
v -0.01986400 -0.02173700 -0.03275000
v -0.01986400 -0.02173700 -0.03275000
v -0.02006800 -0.02162300 -0.03275000
v -0.02006800 -0.02162300 -0.03275000
v -0.02006800 -0.02162300 -0.03275000
v -0.02170500 -0.01286500 -0.03275000
v -0.02170500 -0.01286500 -0.03275000
v -0.02170500 -0.01286500 -0.03275000
v -0.02170500 -0.01286500 -0.03275000
v -0.02170500 -0.01286500 -0.03275000
v -0.02320000 -0.01822100 -0.03275000
v -0.02320000 -0.01822100 -0.03275000
v -0.02320000 -0.01822100 -0.03275000
v -0.02320000 -0.01822100 -0.03275000
v -0.02003400 -0.01577600 -0.03275000
v -0.02003400 -0.01577600 -0.03275000
v -0.01804300 -0.01802000 -0.03275000
v -0.01804300 -0.01802000 -0.03275000
v -0.02373500 -0.01117400 -0.03275000
v -0.02373500 -0.01117400 -0.03275000
v -0.02366300 -0.01196000 -0.03275000
v -0.02366300 -0.01196000 -0.03275000
v -0.02576200 -0.01437200 -0.03275000
v -0.02576200 -0.01437200 -0.03275000
v -0.02576200 -0.01437200 -0.03275000
v -0.02320800 -0.01260500 -0.03275000
v -0.02320800 -0.01260500 -0.03275000
v -0.02320800 -0.01260500 -0.03275000
v -0.02249100 -0.01293600 -0.03275000
v -0.02249100 -0.01293600 -0.03275000
v -0.00576800 0.02893100 -0.03275000
v -0.00576800 0.02893100 -0.03275000
v -0.00576800 0.02893100 -0.03275000
v -0.00576800 0.02893100 -0.03275000
v -0.00117700 0.02947600 -0.03275000
v -0.00117700 0.02947600 -0.03275000
v -0.00117700 0.02947600 -0.03275000
v -0.00117700 0.02947600 -0.03275000
v -0.00474000 0.02551000 -0.03275000
v -0.00474000 0.02551000 -0.03275000
v -0.00474000 0.02551000 -0.03275000
v -0.02340400 -0.01045800 -0.03275000
v -0.02340400 -0.01045800 -0.03275000
v -0.02459700 -0.00721800 -0.03275000
v -0.02459700 -0.00721800 -0.03275000
v -0.02275900 -0.01000200 -0.03275000
v -0.02275900 -0.01000200 -0.03275000
v -0.02275900 -0.01000200 -0.03275000
v -0.02381100 -0.00714700 -0.03275000
v -0.02381100 -0.00714700 -0.03275000
v -0.02381100 -0.00714700 -0.03275000
v -0.02197300 -0.00993100 -0.03275000
v -0.02197300 -0.00993100 -0.03275000
v -0.02197300 -0.00993100 -0.03275000
v -0.02316600 -0.00669100 -0.03275000
v -0.02316600 -0.00669100 -0.03275000
v -0.02316600 -0.00669100 -0.03275000
v -0.02125600 -0.01026200 -0.03275000
v -0.02125600 -0.01026200 -0.03275000
v -0.02125600 -0.01026200 -0.03275000
v -0.01793200 -0.01818800 -0.03275000
v -0.01789700 -0.01838600 -0.03275000
v -0.01794200 -0.01858300 -0.03275000
v -0.00552500 0.02194300 -0.03275000
v -0.00552500 0.02194300 -0.03275000
v -0.00552500 0.02194300 -0.03275000
v -0.00597500 0.02283500 -0.03275000
v -0.00597500 0.02283500 -0.03275000
v -0.00597500 0.02283500 -0.03275000
v -0.00597500 0.02283500 -0.03275000
v -0.00597500 0.02283500 -0.03275000
v -0.00465800 0.02248500 -0.03275000
v -0.00465800 0.02248500 -0.03275000
v -0.00465800 0.02248500 -0.03275000
v -0.00518800 0.02290700 -0.03275000
v -0.00518800 0.02290700 -0.03275000
v -0.00518800 0.02290700 -0.03275000
v -0.00408000 0.02332800 -0.03275000
v -0.00408000 0.02332800 -0.03275000
v -0.00408000 0.02332800 -0.03275000
v -0.00454400 0.02336200 -0.03275000
v -0.00454400 0.02336200 -0.03275000
v -0.00454400 0.02336200 -0.03275000
v -0.00335300 0.02442900 -0.03275000
v -0.00335300 0.02442900 -0.03275000
v -0.00335300 0.02442900 -0.03275000
v -0.00421300 0.02407900 -0.03275000
v -0.00421300 0.02407900 -0.03275000
v -0.00421300 0.02407900 -0.03275000
v -0.00226900 0.02518200 -0.03275000
v -0.00226900 0.02518200 -0.03275000
v -0.00226900 0.02518200 -0.03275000
v -0.00428400 0.02486500 -0.03275000
v -0.00428400 0.02486500 -0.03275000
v -0.00428400 0.02486500 -0.03275000
v -0.00428400 0.02486500 -0.03275000
v 0.00384000 0.02859200 -0.03275000
v 0.00384000 0.02859200 -0.03275000
v 0.00384000 0.02859200 -0.03275000
v -0.02064000 -0.01460400 -0.03275000
v -0.02064000 -0.01460400 -0.03275000
v -0.02064000 -0.01460400 -0.03275000
v -0.02076900 -0.01329100 -0.03275000
v -0.02076900 -0.01329100 -0.03275000
v -0.02106000 -0.01240900 -0.03275000
v -0.02106000 -0.01240900 -0.03275000
v -0.02040300 -0.01202300 -0.03275000
v -0.02072900 -0.01169300 -0.03275000
v -0.02072900 -0.01169300 -0.03275000
v -0.02013600 -0.01103700 -0.03275000
v -0.02013600 -0.01103700 -0.03275000
v -0.02080100 -0.01090600 -0.03275000
v -0.02080100 -0.01090600 -0.03275000
v -0.02080100 -0.01090600 -0.03275000
v -0.02028500 -0.01002500 -0.03275000
v -0.02028500 -0.01002500 -0.03275000
v -0.02459700 -0.00721800 -0.03275000
v -0.02459700 -0.00721800 -0.03275000
v -0.02531400 -0.00688700 -0.03275000
v -0.02769200 -0.01017000 -0.03275000
v -0.02576900 -0.00624200 -0.03275000
v -0.02576900 -0.00624200 -0.03275000
v -0.02894000 -0.00571800 -0.03275000
v -0.02894000 -0.00571800 -0.03275000
v -0.02894000 -0.00571800 -0.03275000
v -0.02894000 -0.00571800 -0.03275000
v -0.02584100 -0.00545600 -0.03275000
v -0.02584100 -0.00545600 -0.03275000
v 0.00344400 0.02929800 -0.03275000
v 0.00344400 0.02929800 -0.03275000
v 0.00366300 0.02921700 -0.03275000
v 0.00382200 0.02904600 -0.03275000
v -0.02194300 -0.00552500 -0.03275000
v -0.02194300 -0.00552500 -0.03275000
v -0.02283500 -0.00597500 -0.03275000
v -0.02283500 -0.00597500 -0.03275000
v -0.02283500 -0.00597500 -0.03275000
v -0.02248500 -0.00465800 -0.03275000
v -0.02248500 -0.00465800 -0.03275000
v -0.02248500 -0.00465800 -0.03275000
v -0.02290700 -0.00518800 -0.03275000
v -0.02290700 -0.00518800 -0.03275000
v -0.02290700 -0.00518800 -0.03275000
v -0.02332800 -0.00408000 -0.03275000
v -0.02332800 -0.00408000 -0.03275000
v -0.02332800 -0.00408000 -0.03275000
v -0.02336200 -0.00454400 -0.03275000
v -0.02336200 -0.00454400 -0.03275000
v -0.02336200 -0.00454400 -0.03275000
v -0.02442900 -0.00335300 -0.03275000
v -0.02442900 -0.00335300 -0.03275000
v -0.02442900 -0.00335300 -0.03275000
v -0.02407900 -0.00421300 -0.03275000
v -0.02407900 -0.00421300 -0.03275000
v -0.02407900 -0.00421300 -0.03275000
v -0.02518200 -0.00226900 -0.03275000
v -0.02518200 -0.00226900 -0.03275000
v -0.02518200 -0.00226900 -0.03275000
v -0.02518200 -0.00226900 -0.03275000
v -0.02486500 -0.00428400 -0.03275000
v -0.02486500 -0.00428400 -0.03275000
v -0.02486500 -0.00428400 -0.03275000
v 0.00388500 0.02882100 -0.03275000
v 0.00388500 0.02882100 -0.03275000
v -0.00545600 0.02584100 -0.03275000
v -0.00545600 0.02584100 -0.03275000
v -0.00624200 0.02576900 -0.03275000
v -0.00624200 0.02576900 -0.03275000
v -0.00624200 0.02576900 -0.03275000
v -0.00688700 0.02531400 -0.03275000
v -0.00688700 0.02531400 -0.03275000
v -0.00688700 0.02531400 -0.03275000
v -0.00721800 0.02459700 -0.03275000
v -0.00721800 0.02459700 -0.03275000
v -0.00721800 0.02459700 -0.03275000
v -0.01000200 0.02275900 -0.03275000
v -0.01000200 0.02275900 -0.03275000
v -0.00714700 0.02381100 -0.03275000
v -0.00714700 0.02381100 -0.03275000
v -0.00714700 0.02381100 -0.03275000
v -0.00993100 0.02197300 -0.03275000
v -0.00993100 0.02197300 -0.03275000
v -0.00993100 0.02197300 -0.03275000
v -0.00669100 0.02316600 -0.03275000
v -0.00669100 0.02316600 -0.03275000
v -0.00669100 0.02316600 -0.03275000
v -0.01026200 0.02125600 -0.03275000
v -0.01026200 0.02125600 -0.03275000
v -0.01026200 0.02125600 -0.03275000
v -0.01329100 0.02076900 -0.03275000
v -0.01329100 0.02076900 -0.03275000
v -0.01460400 0.02064000 -0.03275000
v -0.01460400 0.02064000 -0.03275000
v -0.01286500 0.02170500 -0.03275000
v -0.01286500 0.02170500 -0.03275000
v -0.02551000 -0.00474000 -0.03275000
v -0.02551000 -0.00474000 -0.03275000
v -0.02551000 -0.00474000 -0.03275000
v -0.02947800 -0.00112500 -0.03275000
v -0.02947800 -0.00112500 -0.03275000
v -0.01202300 0.02040300 -0.03275000
v -0.01202300 0.02040300 -0.03275000
v -0.01240900 0.02106000 -0.03275000
v -0.01240900 0.02106000 -0.03275000
v 0.00238900 0.02554700 -0.03275000
v 0.00221500 0.02544500 -0.03275000
v 0.00250800 0.02570900 -0.03275000
v 0.00201500 0.02542000 -0.03275000
v 0.00384000 0.02859200 -0.03275000
v 0.00384000 0.02859200 -0.03275000
v -0.00098400 0.02548100 -0.03275000
v -0.00098400 0.02548100 -0.03275000
v -0.02532100 0.00301400 -0.03275000
v -0.02532100 0.00301400 -0.03275000
v -0.02548100 -0.00098400 -0.03275000
v -0.02548100 -0.00098400 -0.03275000
v -0.02838600 0.00802900 -0.03275000
v -0.02838600 0.00802900 -0.03275000
v -0.02838600 0.00802900 -0.03275000
v -0.02929200 0.00349500 -0.03275000
v -0.01196000 0.02366300 -0.03275000
v -0.01196000 0.02366300 -0.03275000
v -0.01260500 0.02320800 -0.03275000
v -0.01260500 0.02320800 -0.03275000
v -0.01260500 0.02320800 -0.03275000
v -0.01826100 0.02316800 -0.03275000
v -0.01826100 0.02316800 -0.03275000
v -0.01826100 0.02316800 -0.03275000
v -0.01293600 0.02249100 -0.03275000
v -0.01293600 0.02249100 -0.03275000
v -0.01293600 0.02249100 -0.03275000
v -0.02165700 0.02003000 -0.03275000
v -0.02165700 0.02003000 -0.03275000
v -0.02452100 0.01640000 -0.03275000
v -0.02452100 0.01640000 -0.03275000
v -0.02452100 0.01640000 -0.03275000
v -0.01577600 0.02003400 -0.03275000
v -0.01577600 0.02003400 -0.03275000
v -0.01871600 0.01732000 -0.03275000
v -0.01871600 0.01732000 -0.03275000
v -0.02119400 0.01417900 -0.03275000
v -0.02119400 0.01417900 -0.03275000
v -0.02678300 0.01236600 -0.03275000
v -0.02678300 0.01236600 -0.03275000
v -0.02315100 0.01069000 -0.03275000
v -0.02315100 0.01069000 -0.03275000
v -0.02315100 0.01069000 -0.03275000
v -0.02838600 0.00802900 -0.03275000
v -0.02838600 0.00802900 -0.03275000
v -0.02838600 0.00802900 -0.03275000
v -0.02453800 0.00693700 -0.03275000
v -0.02453800 0.00693700 -0.03275000
v 0.00350200 0.02979500 -0.02875000
v 0.00350200 0.02979500 -0.03225000
v 0.00350200 0.02979500 -0.03225000
v -0.00119700 0.02997600 -0.03225000
v -0.00119700 0.02997600 -0.02875000
v -0.00586600 0.02942100 -0.03225000
v -0.00586600 0.02942100 -0.02875000
v -0.01039100 0.02814300 -0.03225000
v -0.01039100 0.02814300 -0.02875000
v -0.01466100 0.02617300 -0.03225000
v -0.01466100 0.02617300 -0.02875000
v -0.01857100 0.02356100 -0.03225000
v -0.01857100 0.02356100 -0.02875000
v -0.02202500 0.02036900 -0.03225000
v -0.02202500 0.02036900 -0.02875000
v -0.02493700 0.01667800 -0.03225000
v -0.02493700 0.01667800 -0.02875000
v -0.02723700 0.01257600 -0.03225000
v -0.02723700 0.01257600 -0.02875000
v -0.02886700 0.00816500 -0.03225000
v -0.02886700 0.00816500 -0.02875000
v -0.02978900 0.00355400 -0.03225000
v -0.02978900 0.00355400 -0.02875000
v -0.02997800 -0.00114400 -0.03225000
v -0.02997800 -0.00114400 -0.02875000
v -0.02943100 -0.00581500 -0.03225000
v -0.02943100 -0.00581500 -0.03225000
v -0.02943100 -0.00581500 -0.02875000
v -0.02943100 -0.00581500 -0.02875000
v -0.02816100 -0.01034200 -0.03225000
v -0.02816100 -0.01034200 -0.02875000
v -0.02619900 -0.01461600 -0.03225000
v -0.02619900 -0.01461600 -0.02875000
v -0.02359300 -0.01853000 -0.03225000
v -0.02359300 -0.01853000 -0.02875000
v -0.02040800 -0.02198900 -0.03225000
v -0.02040800 -0.02198900 -0.02875000
v 0.00628500 0.00494900 -0.02375000
v 0.00444800 0.00664900 -0.02375000
v 0.00444800 0.00664900 -0.02525000
v 0.00701100 0.00385200 -0.02525000
v 0.00750700 0.00276400 -0.02375000
v 0.00628500 0.00494900 -0.02525000
v 0.00556400 0.00574800 -0.02525000
v -0.00030900 0.00799400 -0.02375000
v 0.00136000 0.00788400 -0.02525000
v 0.00217600 0.00769800 -0.02375000
v 0.00217600 0.00769800 -0.02525000
v 0.00362300 0.00713300 -0.02525000
v -0.00276400 0.00750700 -0.02375000
v -0.00102500 0.00793400 -0.02525000
v -0.00030900 0.00799400 -0.02525000
v -0.00494900 0.00628500 -0.02375000
v -0.00331800 0.00728000 -0.02525000
v -0.00276400 0.00750700 -0.02525000
v -0.00664900 0.00444800 -0.02375000
v -0.00531600 0.00597800 -0.02525000
v -0.00494900 0.00628500 -0.02525000
v -0.00769800 0.00217600 -0.02375000
v -0.00684200 0.00414600 -0.02525000
v -0.00664900 0.00444800 -0.02525000
v -0.00799400 -0.00030900 -0.02375000
v -0.00776000 0.00194500 -0.02525000
v -0.00769800 0.00217600 -0.02525000
v -0.00750700 -0.00276400 -0.02375000
v -0.00798800 -0.00042900 -0.02525000
v -0.00799400 -0.00030900 -0.02525000
v -0.00628500 -0.00494900 -0.02375000
v -0.00635900 -0.00485400 -0.02525000
v -0.00750700 -0.00276400 -0.02525000
v -0.00444800 -0.00664900 -0.02375000
v -0.00464500 -0.00651300 -0.02525000
v -0.00628500 -0.00494900 -0.02525000
v -0.00217600 -0.00769800 -0.02375000
v -0.00251900 -0.00759300 -0.02525000
v -0.00444800 -0.00664900 -0.02525000
v 0.00030900 -0.00799400 -0.02375000
v -0.00016900 -0.00799800 -0.02525000
v -0.00217600 -0.00769800 -0.02525000
v 0.00276400 -0.00750700 -0.02375000
v 0.00219600 -0.00769300 -0.02525000
v 0.00030900 -0.00799400 -0.02525000
v 0.00494900 -0.00628500 -0.02375000
v 0.00436600 -0.00670400 -0.02525000
v 0.00276400 -0.00750700 -0.02525000
v 0.00664900 -0.00444800 -0.02375000
v 0.00614800 -0.00511900 -0.02525000
v 0.00494900 -0.00628500 -0.02525000
v 0.00769800 -0.00217600 -0.02375000
v 0.00738300 -0.00308000 -0.02525000
v 0.00664900 -0.00444800 -0.02525000
v 0.00799400 0.00030900 -0.02375000
v 0.00796300 -0.00076600 -0.02525000
v 0.00769800 -0.00217600 -0.02525000
v 0.00750700 0.00276400 -0.02525000
v 0.00783500 0.00161500 -0.02525000
v 0.00799400 0.00030900 -0.02525000
v -0.01062700 0.00748800 -0.01925000
v -0.01211000 0.00472700 -0.02325000
v -0.01211000 0.00472700 -0.01925000
v -0.01288900 0.00169200 -0.02325000
v -0.01288900 0.00169200 -0.01925000
v -0.01292000 -0.00144200 -0.02325000
v -0.01292000 -0.00144200 -0.01925000
v -0.01219900 -0.00449200 -0.02325000
v -0.01219900 -0.00449200 -0.01925000
v -0.01077000 -0.00728100 -0.02325000
v -0.01077000 -0.00728100 -0.01925000
v -0.00871400 -0.00964700 -0.02325000
v -0.00871400 -0.00964700 -0.01925000
v -0.00615200 -0.01145200 -0.02325000
v -0.00615200 -0.01145200 -0.01925000
v -0.00323300 -0.01259200 -0.02325000
v -0.00323300 -0.01259200 -0.01925000
v -0.00323300 -0.01259200 -0.01925000
v -0.00012600 -0.01299900 -0.02325000
v -0.00012600 -0.01299900 -0.02325000
v -0.00012600 -0.01299900 -0.01925000
v 0.00298900 -0.01265200 -0.02325000
v 0.00298900 -0.01265200 -0.01925000
v 0.00593000 -0.01156900 -0.02325000
v 0.00593000 -0.01156900 -0.01925000
v 0.00852600 -0.00981300 -0.02325000
v 0.00852600 -0.00981300 -0.01925000
v 0.01062700 -0.00748800 -0.02325000
v 0.01062700 -0.00748800 -0.01925000
v 0.01211000 -0.00472700 -0.02325000
v 0.01211000 -0.00472700 -0.01925000
v 0.01268200 -0.00285700 -0.02325000
v 0.01288900 -0.00169200 -0.01925000
v 0.01288900 -0.00169200 -0.02325000
v 0.01292000 0.00144200 -0.02325000
v 0.01292000 0.00144200 -0.01925000
v 0.01219900 0.00449200 -0.02325000
v 0.01219900 0.00449200 -0.01925000
v 0.01077000 0.00728100 -0.02325000
v 0.01077000 0.00728100 -0.01925000
v 0.00871400 0.00964700 -0.02325000
v 0.00871400 0.00964700 -0.01925000
v 0.00615200 0.01145200 -0.02325000
v 0.00615200 0.01145200 -0.01925000
v 0.00323300 0.01259200 -0.02325000
v 0.00323300 0.01259200 -0.01925000
v 0.00012600 0.01299900 -0.02325000
v 0.00012600 0.01299900 -0.01925000
v -0.00298900 0.01265200 -0.02325000
v -0.00298900 0.01265200 -0.01925000
v -0.00593000 0.01156900 -0.02325000
v -0.00593000 0.01156900 -0.01925000
v -0.00852600 0.00981300 -0.02325000
v -0.00852600 0.00981300 -0.01925000
v -0.01037800 0.00782900 -0.02325000
v -0.01062700 0.00748800 -0.02325000
v -0.00353400 -0.00935500 -0.01875000
v -0.00353400 -0.00935500 -0.01875000
v -0.00353400 -0.00935500 -0.01875000
v -0.00353400 -0.00935500 -0.01875000
v -0.00310800 -0.01210700 -0.01875000
v -0.00310800 -0.01210700 -0.01875000
v -0.00310800 -0.01210700 -0.01875000
v -0.00075500 -0.00997100 -0.01875000
v -0.00075500 -0.00997100 -0.01875000
v -0.00012100 -0.01249900 -0.01875000
v -0.00012100 -0.01249900 -0.01875000
v 0.00208500 -0.00978000 -0.01875000
v 0.00208500 -0.00978000 -0.01875000
v 0.00287400 -0.01216500 -0.01875000
v 0.00287400 -0.01216500 -0.01875000
v 0.00287400 -0.01216500 -0.01875000
v 0.00475600 -0.00879700 -0.01875000
v 0.00475600 -0.00879700 -0.01875000
v 0.00475600 -0.00879700 -0.01875000
v 0.00570200 -0.01112400 -0.01875000
v 0.00570200 -0.01112400 -0.01875000
v 0.00570200 -0.01112400 -0.01875000
v 0.00704100 -0.00710000 -0.01875000
v 0.00704100 -0.00710000 -0.01875000
v 0.00704100 -0.00710000 -0.01875000
v 0.00819800 -0.00943600 -0.01875000
v 0.00819800 -0.00943600 -0.01875000
v 0.00819800 -0.00943600 -0.01875000
v 0.00875700 -0.00482900 -0.01875000
v 0.00875700 -0.00482900 -0.01875000
v 0.00353400 0.00935500 -0.01875000
v 0.00353400 0.00935500 -0.01875000
v 0.00353400 0.00935500 -0.01875000
v 0.00353400 0.00935500 -0.01875000
v 0.00310800 0.01210700 -0.01875000
v 0.00310800 0.01210700 -0.01875000
v 0.00310800 0.01210700 -0.01875000
v 0.00075500 0.00997100 -0.01875000
v 0.00075500 0.00997100 -0.01875000
v 0.00075500 0.00997100 -0.01875000
v 0.00012100 0.01249900 -0.01875000
v 0.00012100 0.01249900 -0.01875000
v 0.00012100 0.01249900 -0.01875000
v -0.00208500 0.00978000 -0.01875000
v -0.00208500 0.00978000 -0.01875000
v -0.00208500 0.00978000 -0.01875000
v -0.00287400 0.01216500 -0.01875000
v -0.00287400 0.01216500 -0.01875000
v -0.00287400 0.01216500 -0.01875000
v -0.00475600 0.00879700 -0.01875000
v -0.00475600 0.00879700 -0.01875000
v -0.00475600 0.00879700 -0.01875000
v -0.00570200 0.01112400 -0.01875000
v -0.00570200 0.01112400 -0.01875000
v -0.00570200 0.01112400 -0.01875000
v -0.00704100 0.00710000 -0.01875000
v -0.00704100 0.00710000 -0.01875000
v -0.00704100 0.00710000 -0.01875000
v -0.00819800 0.00943600 -0.01875000
v -0.00819800 0.00943600 -0.01875000
v -0.00819800 0.00943600 -0.01875000
v -0.00875700 0.00482900 -0.01875000
v -0.00875700 0.00482900 -0.01875000
v 0.01021800 -0.00720000 -0.01875000
v 0.01164400 -0.00454500 -0.01875000
v 0.00976200 -0.00216600 -0.01875000
v 0.01239400 -0.00162600 -0.01875000
v 0.01239400 -0.00162600 -0.01875000
v 0.00997700 0.00067200 -0.01875000
v 0.00997700 0.00067200 -0.01875000
v 0.01242300 0.00138700 -0.01875000
v 0.01242300 0.00138700 -0.01875000
v 0.01242300 0.00138700 -0.01875000
v 0.00938400 0.00345600 -0.01875000
v 0.00938400 0.00345600 -0.01875000
v 0.01173000 0.00431900 -0.01875000
v 0.01173000 0.00431900 -0.01875000
v 0.00803000 0.00595900 -0.01875000
v 0.00803000 0.00595900 -0.01875000
v 0.01035500 0.00700100 -0.01875000
v 0.01035500 0.00700100 -0.01875000
v 0.01035500 0.00700100 -0.01875000
v 0.00602600 0.00798000 -0.01875000
v 0.00602600 0.00798000 -0.01875000
v 0.00602600 0.00798000 -0.01875000
v 0.00837900 0.00927600 -0.01875000
v 0.00837900 0.00927600 -0.01875000
v 0.00837900 0.00927600 -0.01875000
v 0.00591600 0.01101200 -0.01875000
v 0.00591600 0.01101200 -0.01875000
v -0.01021800 0.00720000 -0.01875000
v -0.01164400 0.00454500 -0.01875000
v -0.00976200 0.00216600 -0.01875000
v -0.01239400 0.00162600 -0.01875000
v -0.01239400 0.00162600 -0.01875000
v -0.00997700 -0.00067200 -0.01875000
v -0.00997700 -0.00067200 -0.01875000
v -0.01242300 -0.00138700 -0.01875000
v -0.01242300 -0.00138700 -0.01875000
v -0.01242300 -0.00138700 -0.01875000
v -0.00938400 -0.00345600 -0.01875000
v -0.00938400 -0.00345600 -0.01875000
v -0.01173000 -0.00431900 -0.01875000
v -0.01173000 -0.00431900 -0.01875000
v -0.00803000 -0.00595900 -0.01875000
v -0.00803000 -0.00595900 -0.01875000
v -0.01035500 -0.00700100 -0.01875000
v -0.01035500 -0.00700100 -0.01875000
v -0.01035500 -0.00700100 -0.01875000
v -0.00602600 -0.00798000 -0.01875000
v -0.00602600 -0.00798000 -0.01875000
v -0.00602600 -0.00798000 -0.01875000
v -0.00837900 -0.00927600 -0.01875000
v -0.00837900 -0.00927600 -0.01875000
v -0.00837900 -0.00927600 -0.01875000
v -0.00591600 -0.01101200 -0.01875000
v -0.00591600 -0.01101200 -0.01875000
v 0.01882000 0.02167500 -0.02875000
v 0.01820500 0.02034400 -0.02875000
v 0.02101200 0.01742900 -0.02875000
v 0.02101200 0.01742900 -0.02875000
v -0.00429300 -0.02838200 -0.02875000
v -0.00429300 -0.02838200 -0.02875000
v -0.00429300 -0.02838200 -0.02875000
v -0.00438500 -0.02884100 -0.02875000
v -0.00425800 -0.02929000 -0.02875000
v -0.00425800 -0.02929000 -0.02875000
v -0.00311000 -0.02712200 -0.02875000
v -0.00367900 -0.02705100 -0.02875000
v -0.00350200 -0.02979500 -0.02875000
v -0.00350200 -0.02979500 -0.02875000
v -0.00350200 -0.02979500 -0.02875000
v -0.00350200 -0.02979500 -0.02875000
v -0.00394100 -0.02963300 -0.02875000
v -0.00394100 -0.02963300 -0.02875000
v 0.02040800 0.02198900 -0.02875000
v 0.02040800 0.02198900 -0.02875000
v 0.02000100 0.02221800 -0.02875000
v 0.01953400 0.02223700 -0.02875000
v 0.01953400 0.02223700 -0.02875000
v 0.00151900 -0.02725800 -0.02875000
v 0.00151900 -0.02725800 -0.02875000
v 0.00119700 -0.02997600 -0.02875000
v 0.00119700 -0.02997600 -0.02875000
v 0.00119700 -0.02997600 -0.02875000
v 0.00610300 -0.02660900 -0.02875000
v 0.00610300 -0.02660900 -0.02875000
v 0.00586600 -0.02942100 -0.02875000
v 0.00586600 -0.02942100 -0.02875000
v 0.01051200 -0.02519500 -0.02875000
v 0.01039100 -0.02814300 -0.02875000
v 0.01461900 -0.02305600 -0.02875000
v 0.01466100 -0.02617300 -0.02875000
v 0.01830500 -0.02025300 -0.02875000
v 0.01857100 -0.02356100 -0.02875000
v 0.01857100 -0.02356100 -0.02875000
v 0.02146500 -0.01686900 -0.02875000
v 0.02146500 -0.01686900 -0.02875000
v 0.02146500 -0.01686900 -0.02875000
v 0.02202500 -0.02036900 -0.02875000
v 0.02202500 -0.02036900 -0.02875000
v 0.02493700 -0.01667800 -0.02875000
v 0.02493700 -0.01667800 -0.02875000
v 0.02400700 -0.01299800 -0.02875000
v 0.02400700 -0.01299800 -0.02875000
v 0.02400700 -0.01299800 -0.02875000
v 0.02723700 -0.01257600 -0.02875000
v 0.02723700 -0.01257600 -0.02875000
v 0.02585800 -0.00875400 -0.02875000
v 0.02585800 -0.00875400 -0.02875000
v 0.02585800 -0.00875400 -0.02875000
v 0.02886700 -0.00816500 -0.02875000
v 0.02886700 -0.00816500 -0.02875000
v 0.02696600 -0.00425800 -0.02875000
v 0.02696600 -0.00425800 -0.02875000
v 0.02696600 -0.00425800 -0.02875000
v 0.02978900 -0.00355400 -0.02875000
v 0.02978900 -0.00355400 -0.02875000
v 0.02729800 0.00036000 -0.02875000
v 0.02729800 0.00036000 -0.02875000
v 0.02729800 0.00036000 -0.02875000
v 0.02997800 0.00114400 -0.02875000
v 0.02997800 0.00114400 -0.02875000
v 0.02997800 0.00114400 -0.02875000
v 0.02684400 0.00496800 -0.02875000
v 0.02684400 0.00496800 -0.02875000
v 0.02684400 0.00496800 -0.02875000
v 0.02943100 0.00581500 -0.02875000
v 0.02943100 0.00581500 -0.02875000
v 0.02943100 0.00581500 -0.02875000
v 0.02561800 0.00943400 -0.02875000
v 0.02561800 0.00943400 -0.02875000
v 0.02561800 0.00943400 -0.02875000
v 0.02816100 0.01034200 -0.02875000
v 0.02816100 0.01034200 -0.02875000
v 0.02365500 0.01362700 -0.02875000
v 0.02619900 0.01461500 -0.02875000
v 0.02619900 0.01461500 -0.02875000
v 0.02359300 0.01853000 -0.02875000
v 0.02359300 0.01853000 -0.02875000
v 0.01910900 0.02204200 -0.02875000
v 0.01910900 0.02204200 -0.02875000
v -0.00367900 -0.02705100 -0.02625000
v -0.00367900 -0.02705100 -0.02625000
v -0.00367900 -0.02705100 -0.02625000
v -0.00367900 -0.02705100 -0.02875000
v -0.00311000 -0.02712200 -0.02875000
v 0.00367900 0.02705100 -0.02625000
v 0.00367900 0.02705100 -0.02625000
v 0.00367900 0.02705100 -0.02875000
v 0.00079900 0.02728800 -0.02875000
v -0.00833800 0.02599500 -0.02195000
v -0.00831100 0.02600400 -0.02463400
v -0.00871900 0.02587000 -0.02423800
v -0.00906400 0.02575100 -0.02407900
v -0.00943400 0.02561800 -0.02402500
v -0.01051200 0.02519500 -0.02195000
v -0.00980200 0.02548000 -0.02407900
v -0.01261100 0.02421200 -0.02195000
v -0.01014100 0.02534700 -0.02423800
v -0.01063700 0.02514200 -0.02480300
v -0.01063700 0.02514200 -0.02480300
v -0.01081300 0.02506700 -0.02555000
v -0.01063700 0.02514200 -0.02629700
v -0.01261100 0.02421200 -0.02875000
v -0.01042500 0.02523100 -0.02661400
v -0.01042500 0.02523100 -0.02661400
v -0.01014100 0.02534700 -0.02686100
v -0.01261100 0.02421200 -0.02875000
v -0.00980200 0.02548000 -0.02702000
v -0.00833800 0.02599500 -0.02875000
v -0.00943400 0.02561800 -0.02707500
v -0.00906400 0.02575100 -0.02702000
v -0.00906400 0.02575100 -0.02702000
v -0.00871900 0.02587000 -0.02686100
v -0.00833800 0.02599500 -0.02875000
v -0.00831100 0.02600400 -0.02646600
v -0.00382500 0.02703100 -0.02875000
v -0.00820900 0.02603700 -0.02629700
v -0.00802700 0.02609300 -0.02555000
v -0.00820900 0.02603700 -0.02480300
v -0.00610300 0.02660900 -0.02195000
v -0.00382500 0.02703100 -0.02195000
v -0.00382500 0.02703100 -0.02195000
v 0.01014100 -0.02534700 -0.02686100
v 0.01014100 -0.02534700 -0.02686100
v 0.00980200 -0.02548000 -0.02702000
v 0.01051200 -0.02519500 -0.02875000
v 0.00943400 -0.02561800 -0.02707500
v 0.00610300 -0.02660900 -0.02875000
v 0.00906300 -0.02575200 -0.02702000
v 0.00871900 -0.02587000 -0.02686100
v 0.00842800 -0.02596600 -0.02661400
v 0.00820900 -0.02603700 -0.02629700
v 0.00802600 -0.02609300 -0.02555000
v 0.00802600 -0.02609300 -0.02555000
v 0.00820900 -0.02603700 -0.02480300
v 0.00610300 -0.02660900 -0.02195000
v 0.00871900 -0.02587000 -0.02423800
v 0.00833800 -0.02599600 -0.02195000
v 0.00906400 -0.02575100 -0.02408000
v 0.01051200 -0.02519500 -0.02195000
v 0.00943400 -0.02561800 -0.02402500
v 0.00980200 -0.02548000 -0.02408000
v 0.01063700 -0.02514200 -0.02480300
v 0.01063700 -0.02514200 -0.02480300
v 0.01081300 -0.02506700 -0.02555000
v 0.01461900 -0.02305600 -0.02875000
v 0.01063700 -0.02514200 -0.02629700
v 0.01051200 -0.02519500 -0.02875000
v 0.01053800 -0.02518400 -0.02646600
v 0.02603700 0.00820900 -0.02629700
v 0.02609300 0.00802700 -0.02555000
v 0.02609300 0.00802700 -0.02555000
v 0.02684400 0.00496800 -0.02875000
v 0.02596600 0.00842800 -0.02661400
v 0.02561800 0.00943400 -0.02875000
v 0.02561800 0.00943400 -0.02707500
v 0.02561800 0.00943400 -0.02707500
v 0.02575200 0.00906300 -0.02702000
v 0.02587000 0.00871900 -0.02686100
v 0.02575100 0.00906400 -0.02408000
v 0.02561800 0.00943400 -0.02195000
v 0.02587000 0.00871900 -0.02423800
v 0.02632600 0.00722700 -0.02195000
v 0.02603700 0.00820900 -0.02480300
v 0.02684400 0.00496800 -0.02195000
v 0.02561800 0.00943400 -0.02402500
v 0.02548000 0.00980200 -0.02408000
v 0.02472600 0.01157200 -0.02195000
v 0.02534700 0.01014100 -0.02423800
v 0.02534700 0.01014100 -0.02423800
v 0.02365500 0.01362700 -0.02195000
v 0.02514200 0.01063700 -0.02480300
v 0.02506700 0.01081300 -0.02555000
v 0.02365500 0.01362700 -0.02875000
v 0.02514200 0.01063700 -0.02629700
v 0.02534700 0.01014100 -0.02686100
v 0.02561800 0.00943400 -0.02875000
v 0.02548000 0.00980200 -0.02702000
v -0.01594200 -0.02216100 -0.02625000
v -0.01776400 -0.02073000 -0.02195000
v -0.01820500 -0.02034400 -0.02625000
v -0.01945800 -0.01914800 -0.02195000
v -0.01820500 -0.02034400 -0.02875000
v 0.02101200 0.01742900 -0.02195000
v 0.01820500 0.02034400 -0.02625000
v 0.01945800 0.01914800 -0.02195000
v 0.01776400 0.02073000 -0.02625000
v 0.01776400 0.02073000 -0.02195000
v -0.00311000 -0.02712200 -0.02195000
v -0.00539900 -0.02676100 -0.02195000
v -0.00555400 -0.02672900 -0.02625000
v -0.00764900 -0.02620700 -0.02625000
v -0.00764900 -0.02620700 -0.02195000
v -0.00984400 -0.02546400 -0.02625000
v -0.00984400 -0.02546400 -0.02195000
v -0.01196800 -0.02453700 -0.02625000
v -0.01196800 -0.02453700 -0.02195000
v -0.01400500 -0.02343400 -0.02625000
v -0.01400500 -0.02343400 -0.02195000
v -0.01594200 -0.02216100 -0.02195000
v 0.02684400 0.00496800 -0.02875000
v 0.02716900 0.00267400 -0.02195000
v 0.02716900 0.00267400 -0.02195000
v 0.02729800 0.00036000 -0.02875000
v 0.02729800 0.00036000 -0.02195000
v 0.02729800 0.00036000 -0.02875000
v 0.02723000 -0.00195600 -0.02195000
v 0.02723000 -0.00195600 -0.02195000
v 0.02696600 -0.00425800 -0.02875000
v 0.02696600 -0.00425800 -0.02195000
v 0.02696600 -0.00425800 -0.02875000
v 0.02650800 -0.00653000 -0.02195000
v 0.02650800 -0.00653000 -0.02195000
v 0.02585800 -0.00875400 -0.02875000
v 0.02585800 -0.00875400 -0.02195000
v 0.02585800 -0.00875400 -0.02875000
v 0.02502300 -0.01091600 -0.02195000
v 0.02502300 -0.01091600 -0.02195000
v 0.02400700 -0.01299800 -0.02875000
v 0.02400700 -0.01299800 -0.02195000
v 0.02400700 -0.01299800 -0.02875000
v 0.02281800 -0.01498700 -0.02195000
v 0.02281800 -0.01498700 -0.02195000
v 0.02146500 -0.01686900 -0.02875000
v 0.02146500 -0.01686900 -0.02195000
v 0.02146500 -0.01686900 -0.02875000
v 0.01995700 -0.01862800 -0.02195000
v 0.01830500 -0.02025300 -0.02875000
v 0.01014100 -0.02534700 -0.02423800
v 0.01053800 -0.02518400 -0.02463400
v 0.01261100 -0.02421200 -0.02195000
v 0.01461900 -0.02305600 -0.02195000
v 0.01461900 -0.02305600 -0.02875000
v 0.01652200 -0.02173300 -0.02195000
v 0.01652200 -0.02173300 -0.02195000
v 0.01830500 -0.02025300 -0.02875000
v 0.01830500 -0.02025300 -0.02195000
v 0.00610300 -0.02660900 -0.02875000
v 0.00382500 -0.02703100 -0.02195000
v 0.00151900 -0.02725800 -0.02875000
v -0.00311000 -0.02712200 -0.02195000
v -0.00311000 -0.02712200 -0.02875000
v -0.00079900 -0.02728800 -0.02195000
v -0.00079900 -0.02728800 -0.02195000
v 0.00151900 -0.02725800 -0.02875000
v 0.00151900 -0.02725800 -0.02195000
v -0.01945800 -0.01914800 -0.02875000
v -0.02101200 -0.01742900 -0.02195000
v -0.02241500 -0.01558400 -0.02875000
v -0.02472600 -0.01157200 -0.02195000
v -0.02472600 -0.01157200 -0.02875000
v -0.02365500 -0.01362700 -0.02195000
v -0.02241500 -0.01558400 -0.02195000
v -0.02609300 -0.00802700 -0.02555000
v -0.02603700 -0.00820900 -0.02480300
v -0.02632600 -0.00722700 -0.02195000
v -0.02587000 -0.00871900 -0.02423800
v -0.02561800 -0.00943400 -0.02195000
v -0.02575100 -0.00906400 -0.02407900
v -0.02534700 -0.01014100 -0.02423800
v -0.02534700 -0.01014100 -0.02423800
v -0.02472600 -0.01157200 -0.02195000
v -0.02548000 -0.00980100 -0.02407900
v -0.02561800 -0.00943400 -0.02402500
v -0.02575100 -0.00906400 -0.02702000
v -0.02587000 -0.00871900 -0.02686100
v -0.02632600 -0.00722700 -0.02875000
v -0.02603700 -0.00820900 -0.02629700
v -0.02514200 -0.01063700 -0.02480300
v -0.02506700 -0.01081300 -0.02555000
v -0.02514200 -0.01063700 -0.02629700
v -0.02523100 -0.01042500 -0.02661400
v -0.02534700 -0.01014100 -0.02686100
v -0.02548000 -0.00980200 -0.02702000
v -0.02561800 -0.00943400 -0.02707500
v -0.02684400 -0.00496800 -0.02195000
v -0.02716900 -0.00267400 -0.02875000
v -0.02716900 -0.00267400 -0.02195000
v -0.02729800 -0.00036000 -0.02195000
v -0.02729800 -0.00036000 -0.02195000
v -0.02723000 0.00195600 -0.02875000
v -0.02723000 0.00195600 -0.02195000
v -0.02723000 0.00195600 -0.02875000
v -0.02696600 0.00425800 -0.02195000
v -0.02696600 0.00425800 -0.02195000
v -0.02650800 0.00653000 -0.02875000
v -0.02650800 0.00653000 -0.02195000
v -0.02650800 0.00653000 -0.02875000
v -0.02585800 0.00875400 -0.02195000
v -0.02585800 0.00875400 -0.02195000
v -0.02502300 0.01091600 -0.02875000
v -0.02502300 0.01091600 -0.02195000
v -0.02502300 0.01091600 -0.02875000
v -0.02400700 0.01299800 -0.02195000
v -0.02400700 0.01299800 -0.02195000
v -0.02281800 0.01498700 -0.02875000
v -0.02281800 0.01498700 -0.02195000
v -0.02281800 0.01498700 -0.02875000
v -0.02146500 0.01686900 -0.02195000
v -0.02146500 0.01686900 -0.02195000
v -0.01995700 0.01862800 -0.02875000
v -0.01995700 0.01862800 -0.02195000
v -0.01995700 0.01862800 -0.02875000
v -0.01830500 0.02025300 -0.02195000
v -0.01652200 0.02173300 -0.02875000
v -0.01261100 0.02421200 -0.02195000
v -0.01461900 0.02305600 -0.02195000
v -0.01461900 0.02305600 -0.02195000
v -0.01652200 0.02173300 -0.02875000
v -0.01652200 0.02173300 -0.02195000
v 0.01594200 0.02216100 -0.02195000
v 0.01594200 0.02216100 -0.02625000
v 0.01400500 0.02343400 -0.02195000
v 0.01400500 0.02343400 -0.02625000
v 0.01196800 0.02453700 -0.02195000
v 0.01196800 0.02453700 -0.02625000
v 0.00984400 0.02546400 -0.02195000
v 0.00984400 0.02546400 -0.02625000
v 0.00764900 0.02620600 -0.02195000
v 0.00764900 0.02620600 -0.02625000
v 0.00539900 0.02676100 -0.02195000
v 0.00539900 0.02676100 -0.02625000
v 0.00311000 0.02712200 -0.02195000
v 0.00079900 0.02728800 -0.02195000
v 0.00079900 0.02728800 -0.02875000
v -0.00151900 0.02725800 -0.02195000
v -0.00382500 0.02703100 -0.02875000
v 0.02365500 0.01362700 -0.02195000
v 0.02241500 0.01558400 -0.02195000
v 0.02101200 0.01742900 -0.02875000
v 0.01820500 0.02034400 -0.02875000
v 0.01441700 -0.02573700 -0.03275000
v 0.01441700 -0.02573700 -0.03275000
v 0.01441700 -0.02573700 -0.03275000
v 0.01441700 -0.02573700 -0.03275000
v 0.01021800 -0.02767400 -0.03275000
v 0.01021800 -0.02767400 -0.03275000
v 0.01117400 -0.02373500 -0.03275000
v 0.01117400 -0.02373500 -0.03275000
v 0.01117400 -0.02373500 -0.03275000
v 0.01045800 -0.02340400 -0.03275000
v 0.01045800 -0.02340400 -0.03275000
v 0.00576800 -0.02893100 -0.03275000
v 0.00576800 -0.02893100 -0.03275000
v 0.00576800 -0.02893100 -0.03275000
v 0.00117700 -0.02947600 -0.03275000
v 0.00117700 -0.02947600 -0.03275000
v 0.00117700 -0.02947600 -0.03275000
v 0.00117700 -0.02947600 -0.03275000
v 0.00474000 -0.02551000 -0.03275000
v 0.00474000 -0.02551000 -0.03275000
v 0.00474000 -0.02551000 -0.03275000
v 0.02894000 0.00571800 -0.03275000
v 0.02894000 0.00571800 -0.03275000
v 0.02894000 0.00571800 -0.03275000
v 0.02894000 0.00571800 -0.03275000
v 0.02584100 0.00545600 -0.03275000
v 0.02584100 0.00545600 -0.03275000
v 0.02576900 0.00624200 -0.03275000
v 0.02576900 0.00624200 -0.03275000
v 0.02551000 0.00474000 -0.03275000
v 0.02551000 0.00474000 -0.03275000
v 0.02551000 0.00474000 -0.03275000
v 0.02947800 0.00112500 -0.03275000
v 0.02947800 0.00112500 -0.03275000
v 0.02486500 0.00428400 -0.03275000
v 0.02486500 0.00428400 -0.03275000
v 0.02486500 0.00428400 -0.03275000
v 0.02381100 0.00714700 -0.03275000
v 0.02381100 0.00714700 -0.03275000
v 0.02125600 0.01026200 -0.03275000
v 0.02125600 0.01026200 -0.03275000
v 0.02125600 0.01026200 -0.03275000
v 0.02125600 0.01026200 -0.03275000
v 0.02459700 0.00721800 -0.03275000
v 0.02459700 0.00721800 -0.03275000
v 0.02197300 0.00993100 -0.03275000
v 0.02197300 0.00993100 -0.03275000
v 0.02531400 0.00688700 -0.03275000
v 0.02531400 0.00688700 -0.03275000
v 0.02275900 0.01000200 -0.03275000
v 0.02340400 0.01045800 -0.03275000
v 0.02340400 0.01045800 -0.03275000
v 0.00428400 -0.02486500 -0.03275000
v 0.00428400 -0.02486500 -0.03275000
v 0.00428400 -0.02486500 -0.03275000
v 0.00428400 -0.02486500 -0.03275000
v 0.02320000 0.01822100 -0.03275000
v 0.02320000 0.01822100 -0.03275000
v 0.02576200 0.01437200 -0.03275000
v 0.02576200 0.01437200 -0.03275000
v 0.02576200 0.01437200 -0.03275000
v 0.02320800 0.01260500 -0.03275000
v 0.02320800 0.01260500 -0.03275000
v 0.02320800 0.01260500 -0.03275000
v 0.01002500 -0.02028500 -0.03275000
v 0.01002500 -0.02028500 -0.03275000
v 0.01002500 -0.02028500 -0.03275000
v 0.01002500 -0.02028500 -0.03275000
v 0.00669100 -0.02316600 -0.03275000
v 0.00669100 -0.02316600 -0.03275000
v 0.00669100 -0.02316600 -0.03275000
v 0.00669100 -0.02316600 -0.03275000
v 0.00669100 -0.02316600 -0.03275000
v 0.00552500 -0.02194300 -0.03275000
v 0.00552500 -0.02194300 -0.03275000
v 0.00597500 -0.02283500 -0.03275000
v 0.00465800 -0.02248500 -0.03275000
v 0.00518800 -0.02290700 -0.03275000
v 0.00408000 -0.02332800 -0.03275000
v 0.00454400 -0.02336200 -0.03275000
v 0.00454400 -0.02336200 -0.03275000
v 0.00335300 -0.02442900 -0.03275000
v 0.00335300 -0.02442900 -0.03275000
v 0.00421300 -0.02407900 -0.03275000
v 0.00421300 -0.02407900 -0.03275000
v 0.00421300 -0.02407900 -0.03275000
v 0.00226900 -0.02518200 -0.03275000
v 0.00226900 -0.02518200 -0.03275000
v 0.00226900 -0.02518200 -0.03275000
v -0.00384000 -0.02859200 -0.03275000
v -0.00384000 -0.02859200 -0.03275000
v -0.00384000 -0.02859200 -0.03275000
v -0.00384000 -0.02859200 -0.03275000
v -0.00384000 -0.02859200 -0.03275000
v -0.00384000 -0.02859200 -0.03275000
v -0.00384000 -0.02859200 -0.03275000
v -0.00344400 -0.02929800 -0.03275000
v -0.00344400 -0.02929800 -0.03275000
v -0.00366300 -0.02921700 -0.03275000
v -0.00366300 -0.02921700 -0.03275000
v -0.00382200 -0.02904600 -0.03275000
v -0.00382200 -0.02904600 -0.03275000
v -0.00388500 -0.02882100 -0.03275000
v 0.01196000 -0.02366300 -0.03275000
v 0.01196000 -0.02366300 -0.03275000
v 0.01260500 -0.02320800 -0.03275000
v 0.01260500 -0.02320800 -0.03275000
v 0.01260500 -0.02320800 -0.03275000
v 0.01826100 -0.02316800 -0.03275000
v 0.01826100 -0.02316800 -0.03275000
v 0.01826100 -0.02316800 -0.03275000
v 0.01293600 -0.02249100 -0.03275000
v 0.01293600 -0.02249100 -0.03275000
v 0.01293600 -0.02249100 -0.03275000
v 0.02165700 -0.02003000 -0.03275000
v 0.02165700 -0.02003000 -0.03275000
v 0.01286500 -0.02170500 -0.03275000
v 0.01286500 -0.02170500 -0.03275000
v 0.01286500 -0.02170500 -0.03275000
v 0.02452100 -0.01640000 -0.03275000
v 0.02452100 -0.01640000 -0.03275000
v 0.02769200 0.01017000 -0.03275000
v 0.02769200 0.01017000 -0.03275000
v 0.02373500 0.01117400 -0.03275000
v 0.02373500 0.01117400 -0.03275000
v 0.02373500 0.01117400 -0.03275000
v 0.02366300 0.01196000 -0.03275000
v 0.02366300 0.01196000 -0.03275000
v 0.02518200 0.00226900 -0.03275000
v 0.02518200 0.00226900 -0.03275000
v 0.02518200 0.00226900 -0.03275000
v 0.02407900 0.00421300 -0.03275000
v 0.02407900 0.00421300 -0.03275000
v 0.02442900 0.00335300 -0.03275000
v 0.02336200 0.00454400 -0.03275000
v 0.02336200 0.00454400 -0.03275000
v 0.02332800 0.00408000 -0.03275000
v 0.02332800 0.00408000 -0.03275000
v 0.02290700 0.00518800 -0.03275000
v 0.02290700 0.00518800 -0.03275000
v 0.02290700 0.00518800 -0.03275000
v 0.02248500 0.00465800 -0.03275000
v 0.02248500 0.00465800 -0.03275000
v 0.02248500 0.00465800 -0.03275000
v 0.02283500 0.00597500 -0.03275000
v 0.02283500 0.00597500 -0.03275000
v 0.02283500 0.00597500 -0.03275000
v 0.02194300 0.00552500 -0.03275000
v 0.02194300 0.00552500 -0.03275000
v 0.02316600 0.00669100 -0.03275000
v 0.02316600 0.00669100 -0.03275000
v 0.02028500 0.01002500 -0.03275000
v 0.02028500 0.01002500 -0.03275000
v 0.02028500 0.01002500 -0.03275000
v 0.02532100 -0.00301400 -0.03275000
v 0.02532100 -0.00301400 -0.03275000
v 0.02548100 0.00098400 -0.03275000
v 0.02548100 0.00098400 -0.03275000
v 0.02838600 -0.00802900 -0.03275000
v 0.02838600 -0.00802900 -0.03275000
v 0.02838600 -0.00802900 -0.03275000
v 0.02838600 -0.00802900 -0.03275000
v 0.01963100 0.02174700 -0.03275000
v 0.01963100 0.02174700 -0.03275000
v 0.01963100 0.02174700 -0.03275000
v 0.01986400 0.02173700 -0.03275000
v 0.02006800 0.02162300 -0.03275000
v 0.02006800 0.02162300 -0.03275000
v 0.02006800 0.02162300 -0.03275000
v 0.02006800 0.02162300 -0.03275000
v -0.00238900 -0.02554700 -0.03275000
v -0.00221500 -0.02544500 -0.03275000
v -0.00250800 -0.02570900 -0.03275000
v -0.00201500 -0.02542000 -0.03275000
v -0.00201500 -0.02542000 -0.03275000
v 0.00098400 -0.02548100 -0.03275000
v 0.00098400 -0.02548100 -0.03275000
v 0.02929200 -0.00349500 -0.03275000
v 0.02838600 -0.00802900 -0.03275000
v 0.02838600 -0.00802900 -0.03275000
v 0.01577600 -0.02003400 -0.03275000
v 0.01577600 -0.02003400 -0.03275000
v 0.01460400 -0.02064000 -0.03275000
v 0.01329100 -0.02076900 -0.03275000
v 0.01329100 -0.02076900 -0.03275000
v 0.01240900 -0.02106000 -0.03275000
v 0.01240900 -0.02106000 -0.03275000
v 0.01240900 -0.02106000 -0.03275000
v 0.01202300 -0.02040300 -0.03275000
v 0.01202300 -0.02040300 -0.03275000
v 0.01202300 -0.02040300 -0.03275000
v 0.01169300 -0.02072900 -0.03275000
v 0.01169300 -0.02072900 -0.03275000
v 0.01169300 -0.02072900 -0.03275000
v 0.01103700 -0.02013600 -0.03275000
v 0.01103700 -0.02013600 -0.03275000
v 0.01103700 -0.02013600 -0.03275000
v 0.01090600 -0.02080100 -0.03275000
v 0.01090600 -0.02080100 -0.03275000
v 0.01026200 -0.02125600 -0.03275000
v 0.01026200 -0.02125600 -0.03275000
v 0.01026200 -0.02125600 -0.03275000
v 0.00993100 -0.02197300 -0.03275000
v 0.00993100 -0.02197300 -0.03275000
v 0.00993100 -0.02197300 -0.03275000
v 0.00714700 -0.02381100 -0.03275000
v 0.00714700 -0.02381100 -0.03275000
v 0.00714700 -0.02381100 -0.03275000
v 0.01000200 -0.02275900 -0.03275000
v 0.01000200 -0.02275900 -0.03275000
v 0.01000200 -0.02275900 -0.03275000
v 0.00721800 -0.02459700 -0.03275000
v 0.00721800 -0.02459700 -0.03275000
v 0.00688700 -0.02531400 -0.03275000
v 0.00624200 -0.02576900 -0.03275000
v 0.00545600 -0.02584100 -0.03275000
v 0.00545600 -0.02584100 -0.03275000
v 0.01941800 0.02164900 -0.03275000
v 0.01927400 0.02146600 -0.03275000
v 0.01927400 0.02146600 -0.03275000
v 0.01927400 0.02146600 -0.03275000
v 0.01927400 0.02146600 -0.03275000
v 0.01927400 0.02146600 -0.03275000
v 0.01927400 0.02146600 -0.03275000
v 0.01927400 0.02146600 -0.03275000
v 0.02170500 0.01286500 -0.03275000
v 0.02170500 0.01286500 -0.03275000
v 0.02170500 0.01286500 -0.03275000
v 0.02170500 0.01286500 -0.03275000
v 0.02170500 0.01286500 -0.03275000
v 0.02249100 0.01293600 -0.03275000
v 0.02249100 0.01293600 -0.03275000
v 0.02080100 0.01090600 -0.03275000
v 0.02080100 0.01090600 -0.03275000
v 0.02080100 0.01090600 -0.03275000
v 0.02013600 0.01103700 -0.03275000
v 0.02013600 0.01103700 -0.03275000
v 0.02072900 0.01169300 -0.03275000
v 0.02040300 0.01202300 -0.03275000
v 0.02040300 0.01202300 -0.03275000
v 0.02106000 0.01240900 -0.03275000
v 0.02106000 0.01240900 -0.03275000
v 0.02106000 0.01240900 -0.03275000
v 0.02076900 0.01329100 -0.03275000
v 0.02076900 0.01329100 -0.03275000
v 0.02076900 0.01329100 -0.03275000
v 0.02064000 0.01460400 -0.03275000
v 0.02064000 0.01460400 -0.03275000
v 0.02064000 0.01460400 -0.03275000
v 0.01804300 0.01802000 -0.03275000
v 0.01804300 0.01802000 -0.03275000
v 0.01804300 0.01802000 -0.03275000
v 0.01804300 0.01802000 -0.03275000
v 0.01793200 0.01818800 -0.03275000
v 0.01789700 0.01838600 -0.03275000
v 0.01789700 0.01838600 -0.03275000
v 0.02003400 0.01577600 -0.03275000
v 0.02003400 0.01577600 -0.03275000
v 0.01794200 0.01858300 -0.03275000
v 0.01794200 0.01858300 -0.03275000
v 0.01871600 -0.01732000 -0.03275000
v 0.01871600 -0.01732000 -0.03275000
v 0.02119400 -0.01417900 -0.03275000
v 0.02119400 -0.01417900 -0.03275000
v 0.02678300 -0.01236600 -0.03275000
v 0.02678300 -0.01236600 -0.03275000
v 0.02315100 -0.01069000 -0.03275000
v 0.02315100 -0.01069000 -0.03275000
v 0.02315100 -0.01069000 -0.03275000
v 0.02453800 -0.00693700 -0.03275000
v 0.02453800 -0.00693700 -0.03275000
v -0.00350200 -0.02979500 -0.02875000
v -0.00350200 -0.02979500 -0.03225000
v 0.00119700 -0.02997600 -0.03225000
v 0.00119700 -0.02997600 -0.02875000
v 0.00586600 -0.02942100 -0.03225000
v 0.00586600 -0.02942100 -0.02875000
v 0.01039100 -0.02814300 -0.03225000
v 0.01039100 -0.02814300 -0.02875000
v 0.01466100 -0.02617300 -0.03225000
v 0.01466100 -0.02617300 -0.02875000
v 0.01857100 -0.02356100 -0.03225000
v 0.01857100 -0.02356100 -0.02875000
v 0.02202500 -0.02036900 -0.03225000
v 0.02202500 -0.02036900 -0.02875000
v 0.02493700 -0.01667800 -0.03225000
v 0.02493700 -0.01667800 -0.02875000
v 0.02723700 -0.01257600 -0.03225000
v 0.02723700 -0.01257600 -0.02875000
v 0.02886700 -0.00816500 -0.03225000
v 0.02886700 -0.00816500 -0.02875000
v 0.02978900 -0.00355400 -0.03225000
v 0.02978900 -0.00355400 -0.02875000
v 0.02997800 0.00114400 -0.03225000
v 0.02997800 0.00114400 -0.02875000
v 0.02943100 0.00581500 -0.03225000
v 0.02943100 0.00581500 -0.02875000
v 0.02816100 0.01034200 -0.03225000
v 0.02816100 0.01034200 -0.02875000
v 0.02619900 0.01461500 -0.03225000
v 0.02619900 0.01461500 -0.02875000
v 0.02359300 0.01853000 -0.03225000
v 0.02359300 0.01853000 -0.02875000
v 0.02040800 0.02198900 -0.03225000
v 0.02040800 0.02198900 -0.02875000
v 0.00276400 -0.00750700 -0.02375000
v 0.00276400 -0.00750700 -0.02375000
v 0.00276400 -0.00750700 -0.02375000
v 0.00451800 -0.00835700 -0.02375000
v 0.00451800 -0.00835700 -0.02375000
v 0.00494900 -0.00628500 -0.02375000
v 0.00494900 -0.00628500 -0.02375000
v 0.00668900 -0.00674500 -0.02375000
v 0.00664900 -0.00444800 -0.02375000
v 0.00664900 -0.00444800 -0.02375000
v 0.00831900 -0.00458800 -0.02375000
v 0.00831900 -0.00458800 -0.02375000
v 0.00831900 -0.00458800 -0.02375000
v 0.00769800 -0.00217600 -0.02375000
v 0.00769800 -0.00217600 -0.02375000
v 0.00769800 -0.00217600 -0.02375000
v 0.00927400 -0.00205800 -0.02375000
v 0.00927400 -0.00205800 -0.02375000
v 0.00799400 0.00030900 -0.02375000
v 0.00799400 0.00030900 -0.02375000
v 0.00947800 0.00063800 -0.02375000
v 0.00947800 0.00063800 -0.02375000
v 0.00750700 0.00276400 -0.02375000
v 0.00750700 0.00276400 -0.02375000
v 0.00891500 0.00328300 -0.02375000
v 0.00891500 0.00328300 -0.02375000
v 0.00891500 0.00328300 -0.02375000
v 0.00628500 0.00494900 -0.02375000
v 0.00628500 0.00494900 -0.02375000
v 0.00762900 0.00566100 -0.02375000
v 0.00762900 0.00566100 -0.02375000
v 0.00444800 0.00664900 -0.02375000
v 0.00572500 0.00758100 -0.02375000
v 0.00217600 0.00769800 -0.02375000
v 0.00217600 0.00769800 -0.02375000
v 0.00335700 0.00888700 -0.02375000
v 0.00335700 0.00888700 -0.02375000
v 0.00335700 0.00888700 -0.02375000
v -0.00030900 0.00799400 -0.02375000
v -0.00030900 0.00799400 -0.02375000
v -0.00030900 0.00799400 -0.02375000
v 0.00071700 0.00947300 -0.02375000
v 0.00071700 0.00947300 -0.02375000
v -0.00276400 0.00750700 -0.02375000
v -0.00276400 0.00750700 -0.02375000
v -0.00276400 0.00750700 -0.02375000
v -0.00198100 0.00929100 -0.02375000
v -0.00198100 0.00929100 -0.02375000
v -0.00451800 0.00835700 -0.02375000
v -0.00451800 0.00835700 -0.02375000
v -0.00451800 0.00835700 -0.02375000
v -0.00494900 0.00628500 -0.02375000
v -0.00494900 0.00628500 -0.02375000
v -0.00494900 0.00628500 -0.02375000
v -0.00668900 0.00674500 -0.02375000
v -0.00668900 0.00674500 -0.02375000
v -0.00664900 0.00444800 -0.02375000
v -0.00664900 0.00444800 -0.02375000
v -0.00664900 0.00444800 -0.02375000
v -0.00831900 0.00458800 -0.02375000
v -0.00831900 0.00458800 -0.02375000
v -0.00831900 0.00458800 -0.02375000
v -0.00769800 0.00217600 -0.02375000
v -0.00769800 0.00217600 -0.02375000
v -0.00769800 0.00217600 -0.02375000
v -0.00927400 0.00205800 -0.02375000
v -0.00927400 0.00205800 -0.02375000
v -0.00799400 -0.00030900 -0.02375000
v -0.00947900 -0.00063800 -0.02375000
v -0.00947900 -0.00063800 -0.02375000
v -0.00750700 -0.00276400 -0.02375000
v -0.00750700 -0.00276400 -0.02375000
v -0.00891500 -0.00328300 -0.02375000
v -0.00891500 -0.00328300 -0.02375000
v -0.00891500 -0.00328300 -0.02375000
v -0.00628500 -0.00494900 -0.02375000
v -0.00628500 -0.00494900 -0.02375000
v -0.00762900 -0.00566100 -0.02375000
v -0.00762900 -0.00566100 -0.02375000
v -0.00444800 -0.00664900 -0.02375000
v -0.00444800 -0.00664900 -0.02375000
v -0.00572500 -0.00758100 -0.02375000
v -0.00572500 -0.00758100 -0.02375000
v -0.00572500 -0.00758100 -0.02375000
v -0.00217600 -0.00769800 -0.02375000
v -0.00217600 -0.00769800 -0.02375000
v -0.00217600 -0.00769800 -0.02375000
v -0.00335700 -0.00888700 -0.02375000
v -0.00335700 -0.00888700 -0.02375000
v -0.00335700 -0.00888700 -0.02375000
v 0.00030900 -0.00799400 -0.02375000
v 0.00030900 -0.00799400 -0.02375000
v 0.00030900 -0.00799400 -0.02375000
v -0.00071700 -0.00947300 -0.02375000
v -0.00071700 -0.00947300 -0.02375000
v -0.00071700 -0.00947300 -0.02375000
v 0.00198100 -0.00929100 -0.02375000
v 0.00198100 -0.00929100 -0.02375000
v 0.00891500 0.00328300 -0.02375000
v 0.00891500 0.00328300 -0.01925000
v 0.00762900 0.00566100 -0.02375000
v 0.00762900 0.00566100 -0.01925000
v 0.00572500 0.00758100 -0.02375000
v 0.00572500 0.00758100 -0.01925000
v 0.00335700 0.00888700 -0.02375000
v 0.00335700 0.00888700 -0.01925000
v 0.00071700 0.00947300 -0.02375000
v 0.00071700 0.00947300 -0.01925000
v -0.00198100 0.00929100 -0.02375000
v -0.00198100 0.00929100 -0.01925000
v -0.00451800 0.00835700 -0.02375000
v -0.00451800 0.00835700 -0.01925000
v -0.00668900 0.00674500 -0.02375000
v -0.00668900 0.00674500 -0.01925000
v -0.00831900 0.00458800 -0.02375000
v -0.00831900 0.00458800 -0.01925000
v -0.00927400 0.00205800 -0.02375000
v -0.00927400 0.00205800 -0.01925000
v -0.00947900 -0.00063800 -0.02375000
v -0.00947900 -0.00063800 -0.01925000
v -0.00891500 -0.00328300 -0.02375000
v -0.00891500 -0.00328300 -0.01925000
v -0.00762900 -0.00566100 -0.02375000
v -0.00762900 -0.00566100 -0.01925000
v -0.00572500 -0.00758100 -0.02375000
v -0.00572500 -0.00758100 -0.01925000
v -0.00335700 -0.00888700 -0.02375000
v -0.00335700 -0.00888700 -0.01925000
v -0.00071700 -0.00947300 -0.02375000
v -0.00071700 -0.00947300 -0.01925000
v 0.00198100 -0.00929100 -0.02375000
v 0.00198100 -0.00929100 -0.01925000
v 0.00451800 -0.00835700 -0.02375000
v 0.00451800 -0.00835700 -0.01925000
v 0.00668900 -0.00674500 -0.02375000
v 0.00668900 -0.00674500 -0.01925000
v 0.00831900 -0.00458800 -0.02375000
v 0.00831900 -0.00458800 -0.01925000
v 0.00927400 -0.00205800 -0.02375000
v 0.00927400 -0.00205800 -0.01925000
v 0.00947800 0.00063800 -0.02375000
v 0.00947800 0.00063800 -0.01925000
v -0.02012100 0.01483700 -0.02525000
v -0.02077900 0.01390100 -0.03225000
v -0.02077900 0.01390100 -0.03225000
v -0.01978800 0.01527900 -0.02530400
v -0.01945800 0.01569700 -0.02545400
v -0.01546700 0.01964100 -0.03225000
v -0.01546700 0.01964100 -0.02575000
v -0.01834900 0.01698000 -0.03225000
v -0.01834900 0.01698000 -0.02575000
v -0.01834900 0.01698000 -0.02575000
v -0.01903500 0.01620700 -0.02575000
v -0.02405700 0.00680100 -0.03225000
v -0.02434300 0.00569300 -0.02525000
v -0.02434300 0.00569300 -0.02525000
v -0.02446300 0.00515500 -0.02530400
v -0.02498100 -0.00096500 -0.02575000
v -0.02498100 -0.00096500 -0.03225000
v -0.02482500 0.00295400 -0.02575000
v -0.02482500 0.00295400 -0.03225000
v -0.02468100 0.00397800 -0.02575000
v -0.02456700 0.00463100 -0.02545400
v -0.02434300 0.00569300 -0.02195000
v -0.02405700 0.00680100 -0.02195000
v -0.02405700 0.00680100 -0.03225000
v -0.02335300 0.00892300 -0.02195000
v -0.02269700 0.01048000 -0.03225000
v -0.02269700 0.01048000 -0.02195000
v -0.02193700 0.01198900 -0.02195000
v -0.02077900 0.01390100 -0.02195000
v -0.02077900 0.01390100 -0.02195000
v -0.02012100 0.01483700 -0.02525000
v -0.02012100 0.01483700 -0.02195000
v -0.02147300 -0.00535200 -0.03225000
v -0.02147300 -0.00535200 -0.03225000
v -0.02147300 -0.00535200 -0.02775000
v -0.01698000 -0.01834900 -0.02575000
v -0.01698000 -0.01834900 -0.02625000
v -0.01768900 -0.01766600 -0.02625000
v -0.01768900 -0.01766600 -0.02625000
v -0.01768900 -0.01766600 -0.03225000
v -0.01964100 -0.01546700 -0.03225000
v -0.01964100 -0.01546700 -0.02575000
v -0.01554500 -0.01957900 -0.02625000
v -0.01390100 -0.02077900 -0.02575000
v -0.01390100 -0.02077900 -0.02625000
v -0.00680100 -0.02405700 -0.02575000
v -0.00770600 -0.02378300 -0.02625000
v -0.01048000 -0.02269700 -0.02575000
v -0.01048000 -0.02269700 -0.02625000
v -0.01310600 -0.02128900 -0.02625000
v -0.00295400 -0.02482500 -0.02575000
v -0.00482200 -0.02453100 -0.02625000
v -0.00680100 -0.02405700 -0.02625000
v 0.00096500 -0.02498100 -0.03225000
v 0.00096500 -0.02498100 -0.03225000
v -0.00197500 -0.02492200 -0.03225000
v 0.00096500 -0.02498100 -0.02575000
v -0.00197500 -0.02492200 -0.02625000
v -0.00295400 -0.02482500 -0.02625000
v 0.00535200 -0.02147300 -0.03225000
v 0.00535200 -0.02147300 -0.02775000
v 0.02498100 0.00096500 -0.02575000
v 0.02498100 0.00096500 -0.03225000
v 0.02498100 0.00096500 -0.03225000
v 0.02482500 -0.00295400 -0.02575000
v 0.02482500 -0.00295400 -0.03225000
v 0.02405700 -0.00680100 -0.02575000
v 0.02405700 -0.00680100 -0.03225000
v 0.02269700 -0.01048000 -0.02575000
v 0.02269700 -0.01048000 -0.03225000
v 0.02077900 -0.01390100 -0.02575000
v 0.02077900 -0.01390100 -0.03225000
v 0.01834900 -0.01698000 -0.02575000
v 0.01834900 -0.01698000 -0.03225000
v 0.01546700 -0.01964100 -0.02575000
v 0.01546700 -0.01964100 -0.03225000
v 0.02147300 0.00535200 -0.03225000
v 0.02147300 0.00535200 -0.03225000
v 0.02147300 0.00535200 -0.02775000
v 0.01768900 0.01766600 -0.03225000
v 0.01964100 0.01546700 -0.03225000
v 0.01768900 0.01766600 -0.02625000
v 0.01964100 0.01546700 -0.02575000
v 0.01698000 0.01834900 -0.02575000
v 0.01390100 0.02077900 -0.02575000
v 0.01548800 0.01962400 -0.02625000
v 0.01698000 0.01834900 -0.02625000
v 0.01048000 0.02269700 -0.02575000
v 0.01222800 0.02180500 -0.02625000
v 0.01390100 0.02077900 -0.02625000
v 0.00680100 0.02405700 -0.02575000
v 0.00866700 0.02344900 -0.02625000
v 0.01048000 0.02269700 -0.02625000
v 0.00295400 0.02482500 -0.02575000
v 0.00489300 0.02451700 -0.02625000
v 0.00680100 0.02405700 -0.02625000
v -0.00096500 0.02498100 -0.03225000
v -0.00096500 0.02498100 -0.03225000
v 0.00197500 0.02492200 -0.03225000
v -0.00096500 0.02498100 -0.02575000
v 0.00197500 0.02492200 -0.02625000
v 0.00295400 0.02482500 -0.02575000
v 0.00295400 0.02482500 -0.02625000
v -0.00535200 0.02147300 -0.03225000
v -0.00535200 0.02147300 -0.02775000
v 0.01446200 -0.02016100 -0.02575000
v 0.01446200 -0.02016100 -0.03225000
v 0.01333700 -0.02027100 -0.02575000
v 0.01333700 -0.02027100 -0.03225000
v 0.00361900 -0.02313600 -0.02575000
v 0.00361900 -0.02313600 -0.03225000
v 0.00299500 -0.02408000 -0.02575000
v 0.00299500 -0.02408000 -0.03225000
v 0.00299500 -0.02408000 -0.03225000
v 0.00206700 -0.02472500 -0.02575000
v 0.00206700 -0.02472500 -0.02575000
v 0.00206700 -0.02472500 -0.03225000
v 0.00096500 -0.02498100 -0.02575000
v 0.02016100 0.01446200 -0.02575000
v 0.02016100 0.01446200 -0.03225000
v 0.02016100 0.01446200 -0.03225000
v 0.02027200 0.01333700 -0.02575000
v 0.02027200 0.01333700 -0.02575000
v 0.02027200 0.01333700 -0.03225000
v 0.02313600 0.00361900 -0.02575000
v 0.02313600 0.00361900 -0.03225000
v 0.02408000 0.00299500 -0.02575000
v 0.02408000 0.00299500 -0.03225000
v 0.02472500 0.00206700 -0.02575000
v 0.02472500 0.00206700 -0.03225000
v 0.02498100 0.00096500 -0.02575000
v -0.02313600 -0.00361900 -0.02575000
v -0.02313600 -0.00361900 -0.03225000
v -0.02408000 -0.00299500 -0.02575000
v -0.02408000 -0.00299500 -0.03225000
v -0.02472500 -0.00206700 -0.02575000
v -0.02472500 -0.00206700 -0.03225000
v -0.02016100 -0.01446200 -0.02575000
v -0.02016100 -0.01446200 -0.03225000
v -0.02016100 -0.01446200 -0.03225000
v -0.02027200 -0.01333700 -0.02575000
v -0.02027200 -0.01333700 -0.02575000
v -0.02027200 -0.01333700 -0.03225000
v -0.00361900 0.02313600 -0.02575000
v -0.00361900 0.02313600 -0.03225000
v -0.00299500 0.02408000 -0.02575000
v -0.00299500 0.02408000 -0.03225000
v -0.00206700 0.02472500 -0.02575000
v -0.00206700 0.02472500 -0.03225000
v -0.00096500 0.02498100 -0.02575000
v -0.01446200 0.02016100 -0.02575000
v -0.01446200 0.02016100 -0.03225000
v -0.01333700 0.02027200 -0.02575000
v -0.01333700 0.02027200 -0.03225000
v -0.00431200 0.02212400 -0.02575000
v -0.00431200 0.02212400 -0.02575000
v -0.00460400 0.02187700 -0.02575000
v -0.00460400 0.02187700 -0.02775000
v -0.00460400 0.02187700 -0.02775000
v -0.00431200 0.02212400 -0.03225000
v -0.02212400 -0.00431200 -0.02575000
v -0.02187700 -0.00460400 -0.02575000
v -0.02187700 -0.00460400 -0.02775000
v -0.02187700 -0.00460400 -0.02775000
v -0.02187700 -0.00460400 -0.02775000
v -0.02212400 -0.00431200 -0.03225000
v -0.02212400 -0.00431200 -0.02575000
v 0.00431200 -0.02212400 -0.02575000
v 0.00431200 -0.02212400 -0.02575000
v 0.00460400 -0.02187700 -0.02575000
v 0.00460400 -0.02187700 -0.02775000
v 0.00460400 -0.02187700 -0.02775000
v 0.00431200 -0.02212400 -0.03225000
v 0.02212400 0.00431200 -0.02575000
v 0.02187700 0.00460400 -0.02575000
v 0.02187700 0.00460400 -0.02775000
v 0.02187700 0.00460400 -0.02775000
v 0.02187700 0.00460400 -0.02775000
v 0.02212400 0.00431200 -0.03225000
v -0.00416700 0.01783800 -0.02775000
v -0.00416700 0.01783800 -0.02575000
v -0.00444400 0.01671200 -0.02575000
v -0.00444400 0.01671200 -0.02775000
v -0.00444400 0.01671200 -0.02775000
v -0.00444400 0.01671200 -0.02775000
v -0.00444400 0.01671200 -0.02575000
v -0.00521700 0.01584600 -0.02575000
v -0.00521700 0.01584600 -0.02575000
v -0.00521700 0.01584600 -0.02775000
v -0.00521700 0.01584600 -0.02775000
v -0.00521700 0.01584600 -0.02775000
v -0.00521700 0.01584600 -0.02575000
v -0.00630600 0.01544600 -0.02575000
v -0.00630600 0.01544600 -0.02575000
v -0.00630600 0.01544600 -0.02775000
v -0.00630600 0.01544600 -0.02775000
v -0.00630600 0.01544600 -0.02775000
v -0.00630600 0.01544600 -0.02575000
v -0.00745500 0.01560300 -0.02575000
v -0.00745500 0.01560300 -0.02575000
v -0.00745500 0.01560300 -0.02775000
v -0.00745500 0.01560300 -0.02775000
v -0.00745500 0.01560300 -0.02575000
v -0.00839700 0.01628100 -0.02575000
v -0.00839700 0.01628100 -0.02775000
v -0.00738100 0.01685000 -0.02775000
v -0.00738100 0.01685000 -0.02775000
v -0.00738100 0.01685000 -0.02775000
v -0.00678200 0.01657300 -0.02775000
v -0.00678200 0.01657300 -0.02775000
v -0.00745500 0.01560300 -0.02775000
v -0.00745500 0.01560300 -0.02775000
v -0.00535200 0.02147300 -0.02775000
v -0.00535200 0.02147300 -0.02775000
v -0.00634900 0.01908600 -0.02775000
v -0.00634900 0.01908600 -0.02775000
v -0.00634900 0.01908600 -0.02775000
v -0.00634900 0.01908600 -0.02775000
v -0.00985300 0.01981600 -0.02775000
v -0.00985300 0.01981600 -0.02775000
v -0.00985300 0.01981600 -0.02775000
v -0.00700600 0.01902600 -0.02775000
v -0.00700600 0.01902600 -0.02775000
v -0.00754500 0.01864500 -0.02775000
v -0.00754500 0.01864500 -0.02775000
v -0.00754500 0.01864500 -0.02775000
v -0.00630600 0.01544600 -0.02775000
v -0.00630600 0.01544600 -0.02775000
v -0.00630600 0.01544600 -0.02775000
v -0.00612500 0.01663300 -0.02775000
v -0.00612500 0.01663300 -0.02775000
v -0.00612500 0.01663300 -0.02775000
v -0.00521700 0.01584600 -0.02775000
v -0.00521700 0.01584600 -0.02775000
v -0.00444400 0.01671200 -0.02775000
v -0.00444400 0.01671200 -0.02775000
v -0.00558600 0.01701400 -0.02775000
v -0.00558600 0.01701400 -0.02775000
v -0.00558600 0.01701400 -0.02775000
v -0.00416700 0.01783800 -0.02775000
v -0.00416700 0.01783800 -0.02775000
v -0.00530900 0.01761300 -0.02775000
v -0.00530900 0.01761300 -0.02775000
v -0.00530900 0.01761300 -0.02775000
v -0.00427800 0.01829200 -0.02775000
v -0.00427800 0.01829200 -0.02775000
v -0.00427800 0.01829200 -0.02775000
v -0.00536900 0.01827000 -0.02775000
v -0.00536900 0.01827000 -0.02775000
v -0.00536900 0.01827000 -0.02775000
v -0.00536900 0.01827000 -0.02775000
v -0.00458300 0.01864600 -0.02775000
v -0.00458300 0.01864600 -0.02775000
v -0.00519200 0.01935200 -0.02775000
v -0.00519200 0.01935200 -0.02775000
v -0.00575000 0.01880900 -0.02775000
v -0.00575000 0.01880900 -0.02775000
v -0.00541400 0.02025600 -0.02775000
v -0.00541400 0.02025600 -0.02775000
v -0.00520300 0.02116400 -0.02775000
v -0.00460400 0.02187700 -0.02775000
v -0.00839700 0.01628100 -0.02775000
v -0.00839700 0.01628100 -0.02775000
v -0.00860700 0.01669800 -0.02775000
v -0.00860700 0.01669800 -0.02775000
v -0.00860700 0.01669800 -0.02775000
v -0.00776200 0.01738900 -0.02775000
v -0.00776200 0.01738900 -0.02775000
v -0.00776200 0.01738900 -0.02775000
v -0.00860400 0.01716500 -0.02775000
v -0.00860400 0.01716500 -0.02775000
v -0.00860400 0.01716500 -0.02775000
v -0.00782200 0.01804600 -0.02775000
v -0.00782200 0.01804600 -0.02775000
v -0.00859900 0.01809700 -0.02775000
v -0.00859900 0.01809700 -0.02775000
v -0.00859900 0.01809700 -0.02775000
v -0.00901600 0.01893000 -0.02775000
v -0.00901600 0.01893000 -0.02775000
v -0.00985300 0.01981600 -0.02775000
v -0.00976500 0.01948400 -0.02775000
v -0.01068300 0.01963800 -0.02775000
v -0.01783800 -0.00416700 -0.02775000
v -0.01783800 -0.00416700 -0.02775000
v -0.01783800 -0.00416700 -0.02575000
v -0.01671200 -0.00444400 -0.02575000
v -0.01671200 -0.00444400 -0.02575000
v -0.01671200 -0.00444400 -0.02775000
v -0.01671200 -0.00444400 -0.02775000
v -0.01671200 -0.00444400 -0.02575000
v -0.01584600 -0.00521700 -0.02575000
v -0.01584600 -0.00521700 -0.02775000
v -0.01584600 -0.00521700 -0.02775000
v -0.01584600 -0.00521700 -0.02575000
v -0.01544600 -0.00630600 -0.02575000
v -0.01544600 -0.00630600 -0.02775000
v -0.01544600 -0.00630600 -0.02775000
v -0.01544600 -0.00630600 -0.02775000
v -0.01544600 -0.00630600 -0.02575000
v -0.01560300 -0.00745500 -0.02575000
v -0.01560300 -0.00745500 -0.02575000
v -0.01560300 -0.00745500 -0.02775000
v -0.01560300 -0.00745500 -0.02775000
v -0.01560300 -0.00745500 -0.02575000
v -0.01628100 -0.00839700 -0.02575000
v -0.01628100 -0.00839700 -0.02775000
v -0.01827000 -0.00536900 -0.02775000
v -0.01864600 -0.00458300 -0.02775000
v -0.01829200 -0.00427800 -0.02775000
v -0.01864500 -0.00754500 -0.02775000
v -0.01864500 -0.00754500 -0.02775000
v -0.01864500 -0.00754500 -0.02775000
v -0.01981600 -0.00985300 -0.02775000
v -0.01981600 -0.00985300 -0.02775000
v -0.01902600 -0.00700600 -0.02775000
v -0.01902600 -0.00700600 -0.02775000
v -0.01902600 -0.00700600 -0.02775000
v -0.02147300 -0.00535200 -0.02775000
v -0.02147300 -0.00535200 -0.02775000
v -0.02147300 -0.00535200 -0.02775000
v -0.01908600 -0.00634900 -0.02775000
v -0.01908600 -0.00634900 -0.02775000
v -0.01663300 -0.00612500 -0.02775000
v -0.01663300 -0.00612500 -0.02775000
v -0.01663300 -0.00612500 -0.02775000
v -0.01544600 -0.00630600 -0.02775000
v -0.01544600 -0.00630600 -0.02775000
v -0.01544600 -0.00630600 -0.02775000
v -0.01657300 -0.00678200 -0.02775000
v -0.01657300 -0.00678200 -0.02775000
v -0.01657300 -0.00678200 -0.02775000
v -0.01560300 -0.00745500 -0.02775000
v -0.01560300 -0.00745500 -0.02775000
v -0.01685000 -0.00738100 -0.02775000
v -0.01685000 -0.00738100 -0.02775000
v -0.01761300 -0.00530900 -0.02775000
v -0.01783800 -0.00416700 -0.02775000
v -0.01701400 -0.00558600 -0.02775000
v -0.01671200 -0.00444400 -0.02775000
v -0.01584600 -0.00521700 -0.02775000
v -0.01584600 -0.00521700 -0.02775000
v -0.01628100 -0.00839700 -0.02775000
v -0.01669800 -0.00860700 -0.02775000
v -0.01669800 -0.00860700 -0.02775000
v -0.01738900 -0.00776200 -0.02775000
v -0.01738900 -0.00776200 -0.02775000
v -0.01716500 -0.00860400 -0.02775000
v -0.01716500 -0.00860400 -0.02775000
v -0.01804600 -0.00782200 -0.02775000
v -0.01804600 -0.00782200 -0.02775000
v -0.01809700 -0.00859900 -0.02775000
v -0.01809700 -0.00859900 -0.02775000
v -0.01893000 -0.00901600 -0.02775000
v -0.01893000 -0.00901600 -0.02775000
v -0.01893000 -0.00901600 -0.02775000
v -0.01981600 -0.00985300 -0.02775000
v -0.01981600 -0.00985300 -0.02775000
v -0.01981600 -0.00985300 -0.02775000
v -0.01948400 -0.00976500 -0.02775000
v -0.01948400 -0.00976500 -0.02775000
v -0.01963800 -0.01068300 -0.02775000
v -0.01935200 -0.00519200 -0.02775000
v -0.01880900 -0.00575000 -0.02775000
v -0.01880900 -0.00575000 -0.02775000
v -0.02025600 -0.00541400 -0.02775000
v -0.02025600 -0.00541400 -0.02775000
v -0.02116400 -0.00520300 -0.02775000
v -0.02116400 -0.00520300 -0.02775000
v -0.02187700 -0.00460400 -0.02775000
v 0.00416700 -0.01783800 -0.02775000
v 0.00416700 -0.01783800 -0.02775000
v 0.00416700 -0.01783800 -0.02575000
v 0.00444400 -0.01671200 -0.02575000
v 0.00444400 -0.01671200 -0.02575000
v 0.00444400 -0.01671200 -0.02775000
v 0.00444400 -0.01671200 -0.02775000
v 0.00444400 -0.01671200 -0.02775000
v 0.00444400 -0.01671200 -0.02575000
v 0.00521700 -0.01584600 -0.02575000
v 0.00521700 -0.01584600 -0.02575000
v 0.00521700 -0.01584600 -0.02775000
v 0.00521700 -0.01584600 -0.02775000
v 0.00521700 -0.01584600 -0.02775000
v 0.00521700 -0.01584600 -0.02575000
v 0.00630600 -0.01544600 -0.02575000
v 0.00630600 -0.01544600 -0.02575000
v 0.00630600 -0.01544600 -0.02775000
v 0.00630600 -0.01544600 -0.02775000
v 0.00630600 -0.01544600 -0.02775000
v 0.00630600 -0.01544600 -0.02575000
v 0.00745500 -0.01560300 -0.02575000
v 0.00745500 -0.01560300 -0.02575000
v 0.00745500 -0.01560300 -0.02775000
v 0.00745500 -0.01560300 -0.02775000
v 0.00745500 -0.01560300 -0.02575000
v 0.00839700 -0.01628100 -0.02575000
v 0.00839700 -0.01628100 -0.02775000
v 0.00738100 -0.01685000 -0.02775000
v 0.00738100 -0.01685000 -0.02775000
v 0.00738100 -0.01685000 -0.02775000
v 0.00678200 -0.01657300 -0.02775000
v 0.00678200 -0.01657300 -0.02775000
v 0.00745500 -0.01560300 -0.02775000
v 0.00745500 -0.01560300 -0.02775000
v 0.00535200 -0.02147300 -0.02775000
v 0.00634900 -0.01908600 -0.02775000
v 0.00634900 -0.01908600 -0.02775000
v 0.00985300 -0.01981600 -0.02775000
v 0.00985300 -0.01981600 -0.02775000
v 0.00985300 -0.01981600 -0.02775000
v 0.00700600 -0.01902600 -0.02775000
v 0.00700600 -0.01902600 -0.02775000
v 0.00754500 -0.01864500 -0.02775000
v 0.00754500 -0.01864500 -0.02775000
v 0.00754500 -0.01864500 -0.02775000
v 0.00630600 -0.01544600 -0.02775000
v 0.00630600 -0.01544600 -0.02775000
v 0.00630600 -0.01544600 -0.02775000
v 0.00612500 -0.01663300 -0.02775000
v 0.00612500 -0.01663300 -0.02775000
v 0.00612500 -0.01663300 -0.02775000
v 0.00521700 -0.01584600 -0.02775000
v 0.00521700 -0.01584600 -0.02775000
v 0.00444400 -0.01671200 -0.02775000
v 0.00444400 -0.01671200 -0.02775000
v 0.00558600 -0.01701400 -0.02775000
v 0.00558600 -0.01701400 -0.02775000
v 0.00558600 -0.01701400 -0.02775000
v 0.00416700 -0.01783800 -0.02775000
v 0.00416700 -0.01783800 -0.02775000
v 0.00530900 -0.01761300 -0.02775000
v 0.00530900 -0.01761300 -0.02775000
v 0.00530900 -0.01761300 -0.02775000
v 0.00427800 -0.01829200 -0.02775000
v 0.00427800 -0.01829200 -0.02775000
v 0.00427800 -0.01829200 -0.02775000
v 0.00536900 -0.01827000 -0.02775000
v 0.00536900 -0.01827000 -0.02775000
v 0.00536900 -0.01827000 -0.02775000
v 0.00536900 -0.01827000 -0.02775000
v 0.00458300 -0.01864600 -0.02775000
v 0.00458300 -0.01864600 -0.02775000
v 0.00519200 -0.01935200 -0.02775000
v 0.00519200 -0.01935200 -0.02775000
v 0.00575000 -0.01880900 -0.02775000
v 0.00541400 -0.02025600 -0.02775000
v 0.00520300 -0.02116400 -0.02775000
v 0.00460400 -0.02187700 -0.02775000
v 0.00839700 -0.01628100 -0.02775000
v 0.00839700 -0.01628100 -0.02775000
v 0.00860700 -0.01669800 -0.02775000
v 0.00860700 -0.01669800 -0.02775000
v 0.00860700 -0.01669800 -0.02775000
v 0.00776200 -0.01738900 -0.02775000
v 0.00776200 -0.01738900 -0.02775000
v 0.00776200 -0.01738900 -0.02775000
v 0.00860400 -0.01716500 -0.02775000
v 0.00860400 -0.01716500 -0.02775000
v 0.00860400 -0.01716500 -0.02775000
v 0.00782200 -0.01804600 -0.02775000
v 0.00782200 -0.01804600 -0.02775000
v 0.00859900 -0.01809700 -0.02775000
v 0.00859900 -0.01809700 -0.02775000
v 0.00859900 -0.01809700 -0.02775000
v 0.00901600 -0.01893000 -0.02775000
v 0.00901600 -0.01893000 -0.02775000
v 0.00985300 -0.01981600 -0.02775000
v 0.00976500 -0.01948400 -0.02775000
v 0.01068300 -0.01963800 -0.02775000
v 0.01783800 0.00416700 -0.02775000
v 0.01783800 0.00416700 -0.02775000
v 0.01783800 0.00416700 -0.02575000
v 0.01671200 0.00444400 -0.02575000
v 0.01671200 0.00444400 -0.02575000
v 0.01671200 0.00444400 -0.02775000
v 0.01671200 0.00444400 -0.02775000
v 0.01671200 0.00444400 -0.02575000
v 0.01584600 0.00521700 -0.02575000
v 0.01584600 0.00521700 -0.02775000
v 0.01584600 0.00521700 -0.02775000
v 0.01584600 0.00521700 -0.02575000
v 0.01544600 0.00630600 -0.02575000
v 0.01544600 0.00630600 -0.02775000
v 0.01544600 0.00630600 -0.02775000
v 0.01544600 0.00630600 -0.02775000
v 0.01544600 0.00630600 -0.02575000
v 0.01560300 0.00745500 -0.02575000
v 0.01560300 0.00745500 -0.02575000
v 0.01560300 0.00745500 -0.02775000
v 0.01560300 0.00745500 -0.02775000
v 0.01560300 0.00745500 -0.02575000
v 0.01628100 0.00839700 -0.02575000
v 0.01628100 0.00839700 -0.02775000
v 0.01827000 0.00536900 -0.02775000
v 0.01864600 0.00458300 -0.02775000
v 0.01829200 0.00427800 -0.02775000
v 0.01864500 0.00754500 -0.02775000
v 0.01864500 0.00754500 -0.02775000
v 0.01864500 0.00754500 -0.02775000
v 0.01981600 0.00985300 -0.02775000
v 0.01981600 0.00985300 -0.02775000
v 0.01902600 0.00700600 -0.02775000
v 0.01902600 0.00700600 -0.02775000
v 0.01902600 0.00700600 -0.02775000
v 0.02147300 0.00535200 -0.02775000
v 0.02147300 0.00535200 -0.02775000
v 0.02147300 0.00535200 -0.02775000
v 0.01908600 0.00634900 -0.02775000
v 0.01908600 0.00634900 -0.02775000
v 0.01685000 0.00738100 -0.02775000
v 0.01685000 0.00738100 -0.02775000
v 0.01669800 0.00860700 -0.02775000
v 0.01669800 0.00860700 -0.02775000
v 0.01738900 0.00776200 -0.02775000
v 0.01738900 0.00776200 -0.02775000
v 0.01716500 0.00860400 -0.02775000
v 0.01716500 0.00860400 -0.02775000
v 0.01804600 0.00782200 -0.02775000
v 0.01804600 0.00782200 -0.02775000
v 0.01809700 0.00859900 -0.02775000
v 0.01809700 0.00859900 -0.02775000
v 0.01893000 0.00901600 -0.02775000
v 0.01893000 0.00901600 -0.02775000
v 0.01893000 0.00901600 -0.02775000
v 0.01981600 0.00985300 -0.02775000
v 0.01981600 0.00985300 -0.02775000
v 0.01981600 0.00985300 -0.02775000
v 0.01948400 0.00976500 -0.02775000
v 0.01948400 0.00976500 -0.02775000
v 0.01963800 0.01068300 -0.02775000
v 0.01663300 0.00612500 -0.02775000
v 0.01663300 0.00612500 -0.02775000
v 0.01663300 0.00612500 -0.02775000
v 0.01544600 0.00630600 -0.02775000
v 0.01544600 0.00630600 -0.02775000
v 0.01544600 0.00630600 -0.02775000
v 0.01657300 0.00678200 -0.02775000
v 0.01657300 0.00678200 -0.02775000
v 0.01657300 0.00678200 -0.02775000
v 0.01560300 0.00745500 -0.02775000
v 0.01560300 0.00745500 -0.02775000
v 0.01628100 0.00839700 -0.02775000
v 0.01761300 0.00530900 -0.02775000
v 0.01783800 0.00416700 -0.02775000
v 0.01701400 0.00558600 -0.02775000
v 0.01671200 0.00444400 -0.02775000
v 0.01584600 0.00521700 -0.02775000
v 0.01584600 0.00521700 -0.02775000
v 0.01935200 0.00519200 -0.02775000
v 0.01880900 0.00575000 -0.02775000
v 0.01880900 0.00575000 -0.02775000
v 0.02025600 0.00541400 -0.02775000
v 0.02025600 0.00541400 -0.02775000
v 0.02116400 0.00520300 -0.02775000
v 0.02116400 0.00520300 -0.02775000
v 0.02187700 0.00460400 -0.02775000
v 0.02223200 0.01143300 -0.02649900
v 0.02100000 0.01164600 -0.02725000
v 0.02127200 0.01223300 -0.02725000
v 0.02105900 0.01100200 -0.02725000
v 0.02244500 0.01266500 -0.02725000
v 0.02303200 0.01239400 -0.02725000
v 0.02180000 0.01260700 -0.02725000
v 0.02346400 0.01122100 -0.02725000
v 0.02319300 0.01063400 -0.02725000
v 0.02340500 0.01186500 -0.02725000
v 0.02202000 0.01020200 -0.02725000
v 0.02143200 0.01047300 -0.02725000
v 0.02266400 0.01026100 -0.02725000
v 0.02105900 0.01100200 -0.02725000
v 0.02105900 0.01100200 -0.03247500
v 0.02105900 0.01100200 -0.03247500
v 0.02100000 0.01164600 -0.02725000
v 0.02100000 0.01164600 -0.02725000
v 0.02100000 0.01164600 -0.03247500
v 0.02100000 0.01164600 -0.02725000
v 0.02100000 0.01164600 -0.03247500
v 0.02100000 0.01164600 -0.03247500
v 0.02127200 0.01223300 -0.02725000
v 0.02127200 0.01223300 -0.02725000
v 0.02127200 0.01223300 -0.03247500
v 0.02127200 0.01223300 -0.02725000
v 0.02127200 0.01223300 -0.03247500
v 0.02127200 0.01223300 -0.03247500
v 0.02180000 0.01260700 -0.02725000
v 0.02180000 0.01260700 -0.02725000
v 0.02180000 0.01260700 -0.03247500
v 0.02180000 0.01260700 -0.02725000
v 0.02180000 0.01260700 -0.03247500
v 0.02180000 0.01260700 -0.03247500
v 0.02244500 0.01266500 -0.02725000
v 0.02244500 0.01266500 -0.02725000
v 0.02244500 0.01266500 -0.03247500
v 0.02244500 0.01266500 -0.02725000
v 0.02244500 0.01266500 -0.03247500
v 0.02244500 0.01266500 -0.03247500
v 0.02303200 0.01239400 -0.02725000
v 0.02303200 0.01239400 -0.02725000
v 0.02303200 0.01239400 -0.03247500
v 0.02303200 0.01239400 -0.02725000
v 0.02303200 0.01239400 -0.03247500
v 0.02303200 0.01239400 -0.03247500
v 0.02340500 0.01186500 -0.02725000
v 0.02340500 0.01186500 -0.02725000
v 0.02340500 0.01186500 -0.03247500
v 0.02340500 0.01186500 -0.02725000
v 0.02340500 0.01186500 -0.03247500
v 0.02340500 0.01186500 -0.03247500
v 0.02346400 0.01122100 -0.02725000
v 0.02346400 0.01122100 -0.02725000
v 0.02346400 0.01122100 -0.03247500
v 0.02346400 0.01122100 -0.02725000
v 0.02346400 0.01122100 -0.03247500
v 0.02346400 0.01122100 -0.03247500
v 0.02319300 0.01063400 -0.02725000
v 0.02319300 0.01063400 -0.02725000
v 0.02319300 0.01063400 -0.03247500
v 0.02319300 0.01063400 -0.02725000
v 0.02319300 0.01063400 -0.03247500
v 0.02319300 0.01063400 -0.03247500
v 0.02266400 0.01026100 -0.02725000
v 0.02266400 0.01026100 -0.02725000
v 0.02266400 0.01026100 -0.03247500
v 0.02266400 0.01026100 -0.02725000
v 0.02266400 0.01026100 -0.03247500
v 0.02266400 0.01026100 -0.03247500
v 0.02202000 0.01020200 -0.02725000
v 0.02202000 0.01020200 -0.02725000
v 0.02202000 0.01020200 -0.03247500
v 0.02202000 0.01020200 -0.02725000
v 0.02202000 0.01020200 -0.03247500
v 0.02202000 0.01020200 -0.03247500
v 0.02143200 0.01047300 -0.02725000
v 0.02143200 0.01047300 -0.02725000
v 0.02143200 0.01047300 -0.03247500
v 0.02143200 0.01047300 -0.02725000
v 0.02143200 0.01047300 -0.03247500
v 0.02143200 0.01047300 -0.03247500
v 0.02105900 0.01100200 -0.02725000
v 0.02105900 0.01100200 -0.02725000
v 0.02105900 0.01100200 -0.03247500
v 0.02100000 0.01164600 -0.03247500
v 0.02100000 0.01164600 -0.03247500
v 0.02072900 0.01169300 -0.03275000
v 0.02127200 0.01223300 -0.03247500
v 0.02106000 0.01240900 -0.03275000
v 0.02180000 0.01260700 -0.03247500
v 0.02170500 0.01286500 -0.03275000
v 0.02244500 0.01266500 -0.03247500
v 0.02249100 0.01293600 -0.03275000
v 0.02303200 0.01239400 -0.03247500
v 0.02320800 0.01260500 -0.03275000
v 0.02340500 0.01186500 -0.03247500
v 0.02366300 0.01196000 -0.03275000
v 0.02346400 0.01122100 -0.03247500
v 0.02373500 0.01117400 -0.03275000
v 0.02319300 0.01063400 -0.03247500
v 0.02340400 0.01045800 -0.03275000
v 0.02266400 0.01026100 -0.03247500
v 0.02275900 0.01000200 -0.03275000
v 0.02202000 0.01020200 -0.03247500
v 0.02197300 0.00993100 -0.03275000
v 0.02143200 0.01047300 -0.03247500
v 0.02125600 0.01026200 -0.03275000
v 0.02105900 0.01100200 -0.03247500
v 0.02105900 0.01100200 -0.03247500
v 0.02080100 0.01090600 -0.03275000
v 0.02080100 0.01090600 -0.03275000
v 0.02072900 0.01169300 -0.03275000
v 0.02433800 0.00571500 -0.02649900
v 0.02310600 0.00592800 -0.02725000
v 0.02337700 0.00651500 -0.02725000
v 0.02316500 0.00528400 -0.02725000
v 0.02455000 0.00694700 -0.02725000
v 0.02513800 0.00667600 -0.02725000
v 0.02390600 0.00688800 -0.02725000
v 0.02557000 0.00550300 -0.02725000
v 0.02529800 0.00491600 -0.02725000
v 0.02551100 0.00614700 -0.02725000
v 0.02412500 0.00448400 -0.02725000
v 0.02353800 0.00475500 -0.02725000
v 0.02477000 0.00454200 -0.02725000
v 0.02316500 0.00528400 -0.02725000
v 0.02316500 0.00528400 -0.03247500
v 0.02316500 0.00528400 -0.03247500
v 0.02310600 0.00592800 -0.02725000
v 0.02310600 0.00592800 -0.02725000
v 0.02310600 0.00592800 -0.03247500
v 0.02310600 0.00592800 -0.02725000
v 0.02310600 0.00592800 -0.03247500
v 0.02310600 0.00592800 -0.03247500
v 0.02337700 0.00651500 -0.02725000
v 0.02337700 0.00651500 -0.02725000
v 0.02337700 0.00651500 -0.03247500
v 0.02337700 0.00651500 -0.02725000
v 0.02337700 0.00651500 -0.03247500
v 0.02337700 0.00651500 -0.03247500
v 0.02390600 0.00688800 -0.02725000
v 0.02390600 0.00688800 -0.02725000
v 0.02390600 0.00688800 -0.03247500
v 0.02390600 0.00688800 -0.02725000
v 0.02390600 0.00688800 -0.03247500
v 0.02390600 0.00688800 -0.03247500
v 0.02455000 0.00694700 -0.02725000
v 0.02455000 0.00694700 -0.02725000
v 0.02455000 0.00694700 -0.03247500
v 0.02455000 0.00694700 -0.02725000
v 0.02455000 0.00694700 -0.03247500
v 0.02513800 0.00667600 -0.02725000
v 0.02513800 0.00667600 -0.03247500
v 0.02513800 0.00667600 -0.02725000
v 0.02513800 0.00667600 -0.03247500
v 0.02513800 0.00667600 -0.03247500
v 0.02551100 0.00614700 -0.02725000
v 0.02551100 0.00614700 -0.02725000
v 0.02551100 0.00614700 -0.03247500
v 0.02551100 0.00614700 -0.02725000
v 0.02551100 0.00614700 -0.03247500
v 0.02551100 0.00614700 -0.03247500
v 0.02557000 0.00550300 -0.02725000
v 0.02557000 0.00550300 -0.02725000
v 0.02557000 0.00550300 -0.03247500
v 0.02557000 0.00550300 -0.02725000
v 0.02557000 0.00550300 -0.03247500
v 0.02557000 0.00550300 -0.03247500
v 0.02529800 0.00491600 -0.02725000
v 0.02529800 0.00491600 -0.02725000
v 0.02529800 0.00491600 -0.03247500
v 0.02529800 0.00491600 -0.02725000
v 0.02529800 0.00491600 -0.03247500
v 0.02477000 0.00454200 -0.02725000
v 0.02477000 0.00454200 -0.03247500
v 0.02477000 0.00454200 -0.02725000
v 0.02477000 0.00454200 -0.03247500
v 0.02412500 0.00448400 -0.02725000
v 0.02412500 0.00448400 -0.03247500
v 0.02412500 0.00448400 -0.02725000
v 0.02412500 0.00448400 -0.03247500
v 0.02412500 0.00448400 -0.03247500
v 0.02353800 0.00475500 -0.02725000
v 0.02353800 0.00475500 -0.02725000
v 0.02353800 0.00475500 -0.03247500
v 0.02353800 0.00475500 -0.02725000
v 0.02353800 0.00475500 -0.03247500
v 0.02353800 0.00475500 -0.03247500
v 0.02316500 0.00528400 -0.02725000
v 0.02316500 0.00528400 -0.02725000
v 0.02316500 0.00528400 -0.03247500
v 0.02310600 0.00592800 -0.03247500
v 0.02310600 0.00592800 -0.03247500
v 0.02283500 0.00597500 -0.03275000
v 0.02337700 0.00651500 -0.03247500
v 0.02316600 0.00669100 -0.03275000
v 0.02390600 0.00688800 -0.03247500
v 0.02381100 0.00714700 -0.03275000
v 0.02455000 0.00694700 -0.03247500
v 0.02455000 0.00694700 -0.03247500
v 0.02459700 0.00721800 -0.03275000
v 0.02459700 0.00721800 -0.03275000
v 0.02513800 0.00667600 -0.03247500
v 0.02531400 0.00688700 -0.03275000
v 0.02551100 0.00614700 -0.03247500
v 0.02576900 0.00624200 -0.03275000
v 0.02557000 0.00550300 -0.03247500
v 0.02584100 0.00545600 -0.03275000
v 0.02529800 0.00491600 -0.03247500
v 0.02551000 0.00474000 -0.03275000
v 0.02477000 0.00454200 -0.03247500
v 0.02477000 0.00454200 -0.03247500
v 0.02486500 0.00428400 -0.03275000
v 0.02486500 0.00428400 -0.03275000
v 0.02412500 0.00448400 -0.03247500
v 0.02412500 0.00448400 -0.03247500
v 0.02407900 0.00421300 -0.03275000
v 0.02407900 0.00421300 -0.03275000
v 0.02353800 0.00475500 -0.03247500
v 0.02336200 0.00454400 -0.03275000
v 0.02316500 0.00528400 -0.03247500
v 0.02316500 0.00528400 -0.03247500
v 0.02316500 0.00528400 -0.03247500
v 0.02336200 0.00454400 -0.03275000
v 0.02290700 0.00518800 -0.03275000
v 0.02290700 0.00518800 -0.03275000
v 0.02283500 0.00597500 -0.03275000
v 0.01143300 -0.02223200 -0.02649900
v 0.01020200 -0.02202000 -0.02725000
v 0.01047300 -0.02143200 -0.02725000
v 0.01026100 -0.02266400 -0.02725000
v 0.01164600 -0.02100000 -0.02725000
v 0.01223300 -0.02127200 -0.02725000
v 0.01100200 -0.02105900 -0.02725000
v 0.01266500 -0.02244500 -0.02725000
v 0.01239400 -0.02303200 -0.02725000
v 0.01260600 -0.02180000 -0.02725000
v 0.01122100 -0.02346400 -0.02725000
v 0.01063400 -0.02319300 -0.02725000
v 0.01186500 -0.02340500 -0.02725000
v 0.01026100 -0.02266400 -0.02725000
v 0.01026100 -0.02266400 -0.03247500
v 0.01020200 -0.02202000 -0.02725000
v 0.01020200 -0.02202000 -0.03247500
v 0.01020200 -0.02202000 -0.02725000
v 0.01020200 -0.02202000 -0.03247500
v 0.01020200 -0.02202000 -0.03247500
v 0.01047300 -0.02143200 -0.02725000
v 0.01047300 -0.02143200 -0.02725000
v 0.01047300 -0.02143200 -0.03247500
v 0.01047300 -0.02143200 -0.02725000
v 0.01047300 -0.02143200 -0.03247500
v 0.01047300 -0.02143200 -0.03247500
v 0.01100200 -0.02105900 -0.02725000
v 0.01100200 -0.02105900 -0.02725000
v 0.01100200 -0.02105900 -0.03247500
v 0.01100200 -0.02105900 -0.02725000
v 0.01100200 -0.02105900 -0.03247500
v 0.01164600 -0.02100000 -0.02725000
v 0.01164600 -0.02100000 -0.03247500
v 0.01164600 -0.02100000 -0.02725000
v 0.01164600 -0.02100000 -0.03247500
v 0.01164600 -0.02100000 -0.03247500
v 0.01223300 -0.02127200 -0.02725000
v 0.01223300 -0.02127200 -0.02725000
v 0.01223300 -0.02127200 -0.03247500
v 0.01223300 -0.02127200 -0.02725000
v 0.01223300 -0.02127200 -0.03247500
v 0.01223300 -0.02127200 -0.03247500
v 0.01260600 -0.02180000 -0.02725000
v 0.01260600 -0.02180000 -0.02725000
v 0.01260600 -0.02180000 -0.03247500
v 0.01260600 -0.02180000 -0.02725000
v 0.01260600 -0.02180000 -0.03247500
v 0.01260600 -0.02180000 -0.03247500
v 0.01266500 -0.02244500 -0.02725000
v 0.01266500 -0.02244500 -0.02725000
v 0.01266500 -0.02244500 -0.03247500
v 0.01266500 -0.02244500 -0.02725000
v 0.01266500 -0.02244500 -0.03247500
v 0.01266500 -0.02244500 -0.03247500
v 0.01239400 -0.02303200 -0.02725000
v 0.01239400 -0.02303200 -0.02725000
v 0.01239400 -0.02303200 -0.03247500
v 0.01239400 -0.02303200 -0.02725000
v 0.01239400 -0.02303200 -0.03247500
v 0.01239400 -0.02303200 -0.03247500
v 0.01186500 -0.02340500 -0.02725000
v 0.01186500 -0.02340500 -0.02725000
v 0.01186500 -0.02340500 -0.03247500
v 0.01186500 -0.02340500 -0.02725000
v 0.01186500 -0.02340500 -0.03247500
v 0.01186500 -0.02340500 -0.03247500
v 0.01122100 -0.02346400 -0.02725000
v 0.01122100 -0.02346400 -0.02725000
v 0.01122100 -0.02346400 -0.03247500
v 0.01122100 -0.02346400 -0.02725000
v 0.01122100 -0.02346400 -0.03247500
v 0.01122100 -0.02346400 -0.03247500
v 0.01063400 -0.02319300 -0.02725000
v 0.01063400 -0.02319300 -0.02725000
v 0.01063400 -0.02319300 -0.03247500
v 0.01063400 -0.02319300 -0.02725000
v 0.01063400 -0.02319300 -0.03247500
v 0.01063400 -0.02319300 -0.03247500
v 0.01026100 -0.02266400 -0.02725000
v 0.01026100 -0.02266400 -0.02725000
v 0.01026100 -0.02266400 -0.03247500
v 0.01020200 -0.02202000 -0.03247500
v 0.00993100 -0.02197300 -0.03275000
v 0.01047300 -0.02143200 -0.03247500
v 0.01026200 -0.02125600 -0.03275000
v 0.01100200 -0.02105900 -0.03247500
v 0.01090600 -0.02080100 -0.03275000
v 0.01164600 -0.02100000 -0.03247500
v 0.01169300 -0.02072900 -0.03275000
v 0.01223300 -0.02127200 -0.03247500
v 0.01240900 -0.02106000 -0.03275000
v 0.01260600 -0.02180000 -0.03247500
v 0.01286500 -0.02170500 -0.03275000
v 0.01266500 -0.02244500 -0.03247500
v 0.01293600 -0.02249100 -0.03275000
v 0.01239400 -0.02303200 -0.03247500
v 0.01260500 -0.02320800 -0.03275000
v 0.01186500 -0.02340500 -0.03247500
v 0.01196000 -0.02366300 -0.03275000
v 0.01122100 -0.02346400 -0.03247500
v 0.01117400 -0.02373500 -0.03275000
v 0.01063400 -0.02319300 -0.03247500
v 0.01045800 -0.02340400 -0.03275000
v 0.01026100 -0.02266400 -0.03247500
v 0.01026100 -0.02266400 -0.03247500
v 0.01000200 -0.02275900 -0.03275000
v 0.01000200 -0.02275900 -0.03275000
v 0.00571500 -0.02433800 -0.02649900
v 0.00448400 -0.02412500 -0.02725000
v 0.00475500 -0.02353800 -0.02725000
v 0.00454200 -0.02477000 -0.02725000
v 0.00592800 -0.02310600 -0.02725000
v 0.00651500 -0.02337700 -0.02725000
v 0.00528400 -0.02316500 -0.02725000
v 0.00694700 -0.02455000 -0.02725000
v 0.00667600 -0.02513800 -0.02725000
v 0.00688800 -0.02390600 -0.02725000
v 0.00550300 -0.02557000 -0.02725000
v 0.00491600 -0.02529800 -0.02725000
v 0.00614700 -0.02551100 -0.02725000
v 0.00454200 -0.02477000 -0.02725000
v 0.00454200 -0.02477000 -0.03247500
v 0.00454200 -0.02477000 -0.03247500
v 0.00448400 -0.02412500 -0.02725000
v 0.00448400 -0.02412500 -0.02725000
v 0.00448400 -0.02412500 -0.03247500
v 0.00448400 -0.02412500 -0.02725000
v 0.00448400 -0.02412500 -0.03247500
v 0.00448400 -0.02412500 -0.03247500
v 0.00475500 -0.02353800 -0.02725000
v 0.00475500 -0.02353800 -0.02725000
v 0.00475500 -0.02353800 -0.03247500
v 0.00475500 -0.02353800 -0.02725000
v 0.00475500 -0.02353800 -0.03247500
v 0.00528400 -0.02316500 -0.02725000
v 0.00528400 -0.02316500 -0.03247500
v 0.00528400 -0.02316500 -0.02725000
v 0.00528400 -0.02316500 -0.03247500
v 0.00592800 -0.02310600 -0.02725000
v 0.00592800 -0.02310600 -0.03247500
v 0.00592800 -0.02310600 -0.02725000
v 0.00592800 -0.02310600 -0.03247500
v 0.00651500 -0.02337700 -0.02725000
v 0.00651500 -0.02337700 -0.03247500
v 0.00651500 -0.02337700 -0.02725000
v 0.00651500 -0.02337700 -0.03247500
v 0.00651500 -0.02337700 -0.03247500
v 0.00688800 -0.02390600 -0.02725000
v 0.00688800 -0.02390600 -0.02725000
v 0.00688800 -0.02390600 -0.03247500
v 0.00688800 -0.02390600 -0.02725000
v 0.00688800 -0.02390600 -0.03247500
v 0.00694700 -0.02455000 -0.02725000
v 0.00694700 -0.02455000 -0.03247500
v 0.00694700 -0.02455000 -0.02725000
v 0.00694700 -0.02455000 -0.03247500
v 0.00694700 -0.02455000 -0.03247500
v 0.00667600 -0.02513800 -0.02725000
v 0.00667600 -0.02513800 -0.02725000
v 0.00667600 -0.02513800 -0.03247500
v 0.00667600 -0.02513800 -0.02725000
v 0.00667600 -0.02513800 -0.03247500
v 0.00667600 -0.02513800 -0.03247500
v 0.00614700 -0.02551100 -0.02725000
v 0.00614700 -0.02551100 -0.02725000
v 0.00614700 -0.02551100 -0.03247500
v 0.00614700 -0.02551100 -0.02725000
v 0.00614700 -0.02551100 -0.03247500
v 0.00614700 -0.02551100 -0.03247500
v 0.00550300 -0.02557000 -0.02725000
v 0.00550300 -0.02557000 -0.02725000
v 0.00550300 -0.02557000 -0.03247500
v 0.00550300 -0.02557000 -0.02725000
v 0.00550300 -0.02557000 -0.03247500
v 0.00550300 -0.02557000 -0.03247500
v 0.00491600 -0.02529800 -0.02725000
v 0.00491600 -0.02529800 -0.02725000
v 0.00491600 -0.02529800 -0.03247500
v 0.00491600 -0.02529800 -0.02725000
v 0.00491600 -0.02529800 -0.03247500
v 0.00491600 -0.02529800 -0.03247500
v 0.00454200 -0.02477000 -0.02725000
v 0.00454200 -0.02477000 -0.02725000
v 0.00454200 -0.02477000 -0.03247500
v 0.00448400 -0.02412500 -0.03247500
v 0.00421300 -0.02407900 -0.03275000
v 0.00475500 -0.02353800 -0.03247500
v 0.00454400 -0.02336200 -0.03275000
v 0.00528400 -0.02316500 -0.03247500
v 0.00518800 -0.02290700 -0.03275000
v 0.00592800 -0.02310600 -0.03247500
v 0.00597500 -0.02283500 -0.03275000
v 0.00651500 -0.02337700 -0.03247500
v 0.00669100 -0.02316600 -0.03275000
v 0.00688800 -0.02390600 -0.03247500
v 0.00688800 -0.02390600 -0.03247500
v 0.00714700 -0.02381100 -0.03275000
v 0.00714700 -0.02381100 -0.03275000
v 0.00694700 -0.02455000 -0.03247500
v 0.00721800 -0.02459700 -0.03275000
v 0.00667600 -0.02513800 -0.03247500
v 0.00688700 -0.02531400 -0.03275000
v 0.00614700 -0.02551100 -0.03247500
v 0.00624200 -0.02576900 -0.03275000
v 0.00550300 -0.02557000 -0.03247500
v 0.00545600 -0.02584100 -0.03275000
v 0.00491600 -0.02529800 -0.03247500
v 0.00474000 -0.02551000 -0.03275000
v 0.00454200 -0.02477000 -0.03247500
v 0.00428400 -0.02486500 -0.03275000
v -0.02223200 -0.01143300 -0.02649900
v -0.02346400 -0.01122100 -0.02725000
v -0.02319300 -0.01063400 -0.02725000
v -0.02340500 -0.01186500 -0.02725000
v -0.02202000 -0.01020200 -0.02725000
v -0.02143200 -0.01047300 -0.02725000
v -0.02266400 -0.01026100 -0.02725000
v -0.02100000 -0.01164600 -0.02725000
v -0.02127200 -0.01223300 -0.02725000
v -0.02105900 -0.01100200 -0.02725000
v -0.02244500 -0.01266500 -0.02725000
v -0.02303200 -0.01239400 -0.02725000
v -0.02180000 -0.01260700 -0.02725000
v -0.02340500 -0.01186500 -0.02725000
v -0.02340500 -0.01186500 -0.03247500
v -0.02340500 -0.01186500 -0.03247500
v -0.02346400 -0.01122100 -0.02725000
v -0.02346400 -0.01122100 -0.02725000
v -0.02346400 -0.01122100 -0.03247500
v -0.02346400 -0.01122100 -0.02725000
v -0.02346400 -0.01122100 -0.03247500
v -0.02346400 -0.01122100 -0.03247500
v -0.02319300 -0.01063400 -0.02725000
v -0.02319300 -0.01063400 -0.02725000
v -0.02319300 -0.01063400 -0.03247500
v -0.02319300 -0.01063400 -0.02725000
v -0.02319300 -0.01063400 -0.03247500
v -0.02319300 -0.01063400 -0.03247500
v -0.02266400 -0.01026100 -0.02725000
v -0.02266400 -0.01026100 -0.02725000
v -0.02266400 -0.01026100 -0.03247500
v -0.02266400 -0.01026100 -0.02725000
v -0.02266400 -0.01026100 -0.03247500
v -0.02266400 -0.01026100 -0.03247500
v -0.02202000 -0.01020200 -0.02725000
v -0.02202000 -0.01020200 -0.02725000
v -0.02202000 -0.01020200 -0.03247500
v -0.02202000 -0.01020200 -0.02725000
v -0.02202000 -0.01020200 -0.03247500
v -0.02202000 -0.01020200 -0.03247500
v -0.02143200 -0.01047300 -0.02725000
v -0.02143200 -0.01047300 -0.02725000
v -0.02143200 -0.01047300 -0.03247500
v -0.02143200 -0.01047300 -0.02725000
v -0.02143200 -0.01047300 -0.03247500
v -0.02143200 -0.01047300 -0.03247500
v -0.02105900 -0.01100200 -0.02725000
v -0.02105900 -0.01100200 -0.02725000
v -0.02105900 -0.01100200 -0.03247500
v -0.02105900 -0.01100200 -0.02725000
v -0.02105900 -0.01100200 -0.03247500
v -0.02105900 -0.01100200 -0.03247500
v -0.02100000 -0.01164600 -0.02725000
v -0.02100000 -0.01164600 -0.02725000
v -0.02100000 -0.01164600 -0.03247500
v -0.02100000 -0.01164600 -0.02725000
v -0.02100000 -0.01164600 -0.03247500
v -0.02100000 -0.01164600 -0.03247500
v -0.02127200 -0.01223300 -0.02725000
v -0.02127200 -0.01223300 -0.02725000
v -0.02127200 -0.01223300 -0.03247500
v -0.02127200 -0.01223300 -0.02725000
v -0.02127200 -0.01223300 -0.03247500
v -0.02127200 -0.01223300 -0.03247500
v -0.02180000 -0.01260700 -0.02725000
v -0.02180000 -0.01260700 -0.02725000
v -0.02180000 -0.01260700 -0.03247500
v -0.02180000 -0.01260700 -0.02725000
v -0.02180000 -0.01260700 -0.03247500
v -0.02180000 -0.01260700 -0.03247500
v -0.02244500 -0.01266500 -0.02725000
v -0.02244500 -0.01266500 -0.02725000
v -0.02244500 -0.01266500 -0.03247500
v -0.02244500 -0.01266500 -0.02725000
v -0.02244500 -0.01266500 -0.03247500
v -0.02244500 -0.01266500 -0.03247500
v -0.02303200 -0.01239400 -0.02725000
v -0.02303200 -0.01239400 -0.02725000
v -0.02303200 -0.01239400 -0.03247500
v -0.02303200 -0.01239400 -0.02725000
v -0.02303200 -0.01239400 -0.03247500
v -0.02303200 -0.01239400 -0.03247500
v -0.02340500 -0.01186500 -0.02725000
v -0.02340500 -0.01186500 -0.02725000
v -0.02340500 -0.01186500 -0.03247500
v -0.02346400 -0.01122100 -0.03247500
v -0.02346400 -0.01122100 -0.03247500
v -0.02373500 -0.01117400 -0.03275000
v -0.02319300 -0.01063400 -0.03247500
v -0.02319300 -0.01063400 -0.03247500
v -0.02340400 -0.01045800 -0.03275000
v -0.02340400 -0.01045800 -0.03275000
v -0.02266400 -0.01026100 -0.03247500
v -0.02266400 -0.01026100 -0.03247500
v -0.02275900 -0.01000200 -0.03275000
v -0.02275900 -0.01000200 -0.03275000
v -0.02202000 -0.01020200 -0.03247500
v -0.02202000 -0.01020200 -0.03247500
v -0.02197300 -0.00993100 -0.03275000
v -0.02197300 -0.00993100 -0.03275000
v -0.02143200 -0.01047300 -0.03247500
v -0.02143200 -0.01047300 -0.03247500
v -0.02125600 -0.01026200 -0.03275000
v -0.02125600 -0.01026200 -0.03275000
v -0.02105900 -0.01100200 -0.03247500
v -0.02080100 -0.01090600 -0.03275000
v -0.02100000 -0.01164600 -0.03247500
v -0.02072900 -0.01169300 -0.03275000
v -0.02127200 -0.01223300 -0.03247500
v -0.02106000 -0.01240900 -0.03275000
v -0.02180000 -0.01260700 -0.03247500
v -0.02170500 -0.01286500 -0.03275000
v -0.02244500 -0.01266500 -0.03247500
v -0.02249100 -0.01293600 -0.03275000
v -0.02303200 -0.01239400 -0.03247500
v -0.02320800 -0.01260500 -0.03275000
v -0.02340500 -0.01186500 -0.03247500
v -0.02366300 -0.01196000 -0.03275000
v -0.02373500 -0.01117400 -0.03275000
v -0.02433800 -0.00571500 -0.02649900
v -0.02557000 -0.00550300 -0.02725000
v -0.02529800 -0.00491600 -0.02725000
v -0.02551100 -0.00614700 -0.02725000
v -0.02412500 -0.00448400 -0.02725000
v -0.02353800 -0.00475500 -0.02725000
v -0.02477000 -0.00454200 -0.02725000
v -0.02310600 -0.00592800 -0.02725000
v -0.02337700 -0.00651500 -0.02725000
v -0.02316500 -0.00528400 -0.02725000
v -0.02455000 -0.00694700 -0.02725000
v -0.02513800 -0.00667600 -0.02725000
v -0.02390600 -0.00688800 -0.02725000
v -0.02551100 -0.00614700 -0.02725000
v -0.02551100 -0.00614700 -0.03247500
v -0.02551100 -0.00614700 -0.03247500
v -0.02557000 -0.00550300 -0.02725000
v -0.02557000 -0.00550300 -0.02725000
v -0.02557000 -0.00550300 -0.03247500
v -0.02557000 -0.00550300 -0.02725000
v -0.02557000 -0.00550300 -0.03247500
v -0.02557000 -0.00550300 -0.03247500
v -0.02529800 -0.00491600 -0.02725000
v -0.02529800 -0.00491600 -0.02725000
v -0.02529800 -0.00491600 -0.03247500
v -0.02529800 -0.00491600 -0.02725000
v -0.02529800 -0.00491600 -0.03247500
v -0.02529800 -0.00491600 -0.03247500
v -0.02477000 -0.00454200 -0.02725000
v -0.02477000 -0.00454200 -0.02725000
v -0.02477000 -0.00454200 -0.03247500
v -0.02477000 -0.00454200 -0.02725000
v -0.02477000 -0.00454200 -0.03247500
v -0.02412500 -0.00448400 -0.02725000
v -0.02412500 -0.00448400 -0.03247500
v -0.02412500 -0.00448400 -0.02725000
v -0.02412500 -0.00448400 -0.03247500
v -0.02412500 -0.00448400 -0.03247500
v -0.02353800 -0.00475500 -0.02725000
v -0.02353800 -0.00475500 -0.02725000
v -0.02353800 -0.00475500 -0.03247500
v -0.02353800 -0.00475500 -0.02725000
v -0.02353800 -0.00475500 -0.03247500
v -0.02353800 -0.00475500 -0.03247500
v -0.02316500 -0.00528400 -0.02725000
v -0.02316500 -0.00528400 -0.02725000
v -0.02316500 -0.00528400 -0.03247500
v -0.02316500 -0.00528400 -0.02725000
v -0.02316500 -0.00528400 -0.03247500
v -0.02316500 -0.00528400 -0.03247500
v -0.02310600 -0.00592800 -0.02725000
v -0.02310600 -0.00592800 -0.02725000
v -0.02310600 -0.00592800 -0.03247500
v -0.02310600 -0.00592800 -0.02725000
v -0.02310600 -0.00592800 -0.03247500
v -0.02310600 -0.00592800 -0.03247500
v -0.02337700 -0.00651500 -0.02725000
v -0.02337700 -0.00651500 -0.02725000
v -0.02337700 -0.00651500 -0.03247500
v -0.02337700 -0.00651500 -0.02725000
v -0.02337700 -0.00651500 -0.03247500
v -0.02337700 -0.00651500 -0.03247500
v -0.02390600 -0.00688800 -0.02725000
v -0.02390600 -0.00688800 -0.02725000
v -0.02390600 -0.00688800 -0.03247500
v -0.02390600 -0.00688800 -0.02725000
v -0.02390600 -0.00688800 -0.03247500
v -0.02390600 -0.00688800 -0.03247500
v -0.02455000 -0.00694700 -0.02725000
v -0.02455000 -0.00694700 -0.02725000
v -0.02455000 -0.00694700 -0.03247500
v -0.02455000 -0.00694700 -0.02725000
v -0.02455000 -0.00694700 -0.03247500
v -0.02513800 -0.00667600 -0.02725000
v -0.02513800 -0.00667600 -0.03247500
v -0.02513800 -0.00667600 -0.02725000
v -0.02513800 -0.00667600 -0.03247500
v -0.02513800 -0.00667600 -0.03247500
v -0.02551100 -0.00614700 -0.02725000
v -0.02551100 -0.00614700 -0.02725000
v -0.02551100 -0.00614700 -0.03247500
v -0.02557000 -0.00550300 -0.03247500
v -0.02557000 -0.00550300 -0.03247500
v -0.02584100 -0.00545600 -0.03275000
v -0.02529800 -0.00491600 -0.03247500
v -0.02551000 -0.00474000 -0.03275000
v -0.02477000 -0.00454200 -0.03247500
v -0.02486500 -0.00428400 -0.03275000
v -0.02412500 -0.00448400 -0.03247500
v -0.02407900 -0.00421300 -0.03275000
v -0.02353800 -0.00475500 -0.03247500
v -0.02336200 -0.00454400 -0.03275000
v -0.02316500 -0.00528400 -0.03247500
v -0.02290700 -0.00518800 -0.03275000
v -0.02310600 -0.00592800 -0.03247500
v -0.02283500 -0.00597500 -0.03275000
v -0.02337700 -0.00651500 -0.03247500
v -0.02316600 -0.00669100 -0.03275000
v -0.02390600 -0.00688800 -0.03247500
v -0.02381100 -0.00714700 -0.03275000
v -0.02455000 -0.00694700 -0.03247500
v -0.02459700 -0.00721800 -0.03275000
v -0.02513800 -0.00667600 -0.03247500
v -0.02531400 -0.00688700 -0.03275000
v -0.02551100 -0.00614700 -0.03247500
v -0.02551100 -0.00614700 -0.03247500
v -0.02576900 -0.00624200 -0.03275000
v -0.02576900 -0.00624200 -0.03275000
v -0.02584100 -0.00545600 -0.03275000
v -0.01143300 0.02223200 -0.02649900
v -0.01266500 0.02244500 -0.02725000
v -0.01239400 0.02303200 -0.02725000
v -0.01260600 0.02180000 -0.02725000
v -0.01122100 0.02346400 -0.02725000
v -0.01063400 0.02319300 -0.02725000
v -0.01186500 0.02340500 -0.02725000
v -0.01020200 0.02202000 -0.02725000
v -0.01047300 0.02143200 -0.02725000
v -0.01026100 0.02266400 -0.02725000
v -0.01164600 0.02100000 -0.02725000
v -0.01223300 0.02127200 -0.02725000
v -0.01100200 0.02105900 -0.02725000
v -0.01260600 0.02180000 -0.02725000
v -0.01260600 0.02180000 -0.03247500
v -0.01260600 0.02180000 -0.03247500
v -0.01266500 0.02244500 -0.02725000
v -0.01266500 0.02244500 -0.02725000
v -0.01266500 0.02244500 -0.03247500
v -0.01266500 0.02244500 -0.02725000
v -0.01266500 0.02244500 -0.03247500
v -0.01266500 0.02244500 -0.03247500
v -0.01239400 0.02303200 -0.02725000
v -0.01239400 0.02303200 -0.02725000
v -0.01239400 0.02303200 -0.03247500
v -0.01239400 0.02303200 -0.02725000
v -0.01239400 0.02303200 -0.03247500
v -0.01239400 0.02303200 -0.03247500
v -0.01186500 0.02340500 -0.02725000
v -0.01186500 0.02340500 -0.02725000
v -0.01186500 0.02340500 -0.03247500
v -0.01186500 0.02340500 -0.02725000
v -0.01186500 0.02340500 -0.03247500
v -0.01122100 0.02346400 -0.02725000
v -0.01122100 0.02346400 -0.03247500
v -0.01122100 0.02346400 -0.02725000
v -0.01122100 0.02346400 -0.03247500
v -0.01063400 0.02319300 -0.02725000
v -0.01063400 0.02319300 -0.03247500
v -0.01063400 0.02319300 -0.02725000
v -0.01063400 0.02319300 -0.03247500
v -0.01063400 0.02319300 -0.03247500
v -0.01026100 0.02266400 -0.02725000
v -0.01026100 0.02266400 -0.02725000
v -0.01026100 0.02266400 -0.03247500
v -0.01026100 0.02266400 -0.02725000
v -0.01026100 0.02266400 -0.03247500
v -0.01026100 0.02266400 -0.03247500
v -0.01020200 0.02202000 -0.02725000
v -0.01020200 0.02202000 -0.02725000
v -0.01020200 0.02202000 -0.03247500
v -0.01020200 0.02202000 -0.02725000
v -0.01020200 0.02202000 -0.03247500
v -0.01020200 0.02202000 -0.03247500
v -0.01047300 0.02143200 -0.02725000
v -0.01047300 0.02143200 -0.02725000
v -0.01047300 0.02143200 -0.03247500
v -0.01047300 0.02143200 -0.02725000
v -0.01047300 0.02143200 -0.03247500
v -0.01047300 0.02143200 -0.03247500
v -0.01100200 0.02105900 -0.02725000
v -0.01100200 0.02105900 -0.02725000
v -0.01100200 0.02105900 -0.03247500
v -0.01100200 0.02105900 -0.02725000
v -0.01100200 0.02105900 -0.03247500
v -0.01100200 0.02105900 -0.03247500
v -0.01164600 0.02100000 -0.02725000
v -0.01164600 0.02100000 -0.02725000
v -0.01164600 0.02100000 -0.03247500
v -0.01164600 0.02100000 -0.02725000
v -0.01164600 0.02100000 -0.03247500
v -0.01164600 0.02100000 -0.03247500
v -0.01223300 0.02127200 -0.02725000
v -0.01223300 0.02127200 -0.02725000
v -0.01223300 0.02127200 -0.03247500
v -0.01223300 0.02127200 -0.02725000
v -0.01223300 0.02127200 -0.03247500
v -0.01223300 0.02127200 -0.03247500
v -0.01260600 0.02180000 -0.02725000
v -0.01260600 0.02180000 -0.02725000
v -0.01260600 0.02180000 -0.03247500
v -0.01266500 0.02244500 -0.03247500
v -0.01293600 0.02249100 -0.03275000
v -0.01239400 0.02303200 -0.03247500
v -0.01260500 0.02320800 -0.03275000
v -0.01186500 0.02340500 -0.03247500
v -0.01196000 0.02366300 -0.03275000
v -0.01122100 0.02346400 -0.03247500
v -0.01117400 0.02373500 -0.03275000
v -0.01063400 0.02319300 -0.03247500
v -0.01063400 0.02319300 -0.03247500
v -0.01045800 0.02340400 -0.03275000
v -0.01045800 0.02340400 -0.03275000
v -0.01026100 0.02266400 -0.03247500
v -0.01026100 0.02266400 -0.03247500
v -0.01000200 0.02275900 -0.03275000
v -0.01000200 0.02275900 -0.03275000
v -0.01020200 0.02202000 -0.03247500
v -0.01020200 0.02202000 -0.03247500
v -0.00993100 0.02197300 -0.03275000
v -0.00993100 0.02197300 -0.03275000
v -0.01047300 0.02143200 -0.03247500
v -0.01026200 0.02125600 -0.03275000
v -0.01100200 0.02105900 -0.03247500
v -0.01090600 0.02080100 -0.03275000
v -0.01164600 0.02100000 -0.03247500
v -0.01169300 0.02072900 -0.03275000
v -0.01223300 0.02127200 -0.03247500
v -0.01240900 0.02106000 -0.03275000
v -0.01260600 0.02180000 -0.03247500
v -0.01286500 0.02170500 -0.03275000
v -0.00571500 0.02433800 -0.02649900
v -0.00694700 0.02455000 -0.02725000
v -0.00667600 0.02513800 -0.02725000
v -0.00688800 0.02390600 -0.02725000
v -0.00550300 0.02557000 -0.02725000
v -0.00491600 0.02529800 -0.02725000
v -0.00614700 0.02551100 -0.02725000
v -0.00448400 0.02412500 -0.02725000
v -0.00475500 0.02353800 -0.02725000
v -0.00454200 0.02477000 -0.02725000
v -0.00592800 0.02310600 -0.02725000
v -0.00651500 0.02337700 -0.02725000
v -0.00528400 0.02316500 -0.02725000
v -0.00688800 0.02390600 -0.02725000
v -0.00688800 0.02390600 -0.03247500
v -0.00694700 0.02455000 -0.02725000
v -0.00694700 0.02455000 -0.03247500
v -0.00694700 0.02455000 -0.02725000
v -0.00694700 0.02455000 -0.03247500
v -0.00694700 0.02455000 -0.03247500
v -0.00667600 0.02513800 -0.02725000
v -0.00667600 0.02513800 -0.02725000
v -0.00667600 0.02513800 -0.03247500
v -0.00667600 0.02513800 -0.02725000
v -0.00667600 0.02513800 -0.03247500
v -0.00667600 0.02513800 -0.03247500
v -0.00614700 0.02551100 -0.02725000
v -0.00614700 0.02551100 -0.02725000
v -0.00614700 0.02551100 -0.03247500
v -0.00614700 0.02551100 -0.02725000
v -0.00614700 0.02551100 -0.03247500
v -0.00614700 0.02551100 -0.03247500
v -0.00550300 0.02557000 -0.02725000
v -0.00550300 0.02557000 -0.02725000
v -0.00550300 0.02557000 -0.03247500
v -0.00550300 0.02557000 -0.02725000
v -0.00550300 0.02557000 -0.03247500
v -0.00550300 0.02557000 -0.03247500
v -0.00491600 0.02529800 -0.02725000
v -0.00491600 0.02529800 -0.02725000
v -0.00491600 0.02529800 -0.03247500
v -0.00491600 0.02529800 -0.02725000
v -0.00491600 0.02529800 -0.03247500
v -0.00491600 0.02529800 -0.03247500
v -0.00454200 0.02477000 -0.02725000
v -0.00454200 0.02477000 -0.02725000
v -0.00454200 0.02477000 -0.03247500
v -0.00454200 0.02477000 -0.02725000
v -0.00454200 0.02477000 -0.03247500
v -0.00454200 0.02477000 -0.03247500
v -0.00448400 0.02412500 -0.02725000
v -0.00448400 0.02412500 -0.02725000
v -0.00448400 0.02412500 -0.03247500
v -0.00448400 0.02412500 -0.02725000
v -0.00448400 0.02412500 -0.03247500
v -0.00448400 0.02412500 -0.03247500
v -0.00475500 0.02353800 -0.02725000
v -0.00475500 0.02353800 -0.02725000
v -0.00475500 0.02353800 -0.03247500
v -0.00475500 0.02353800 -0.02725000
v -0.00475500 0.02353800 -0.03247500
v -0.00475500 0.02353800 -0.03247500
v -0.00528400 0.02316500 -0.02725000
v -0.00528400 0.02316500 -0.02725000
v -0.00528400 0.02316500 -0.03247500
v -0.00528400 0.02316500 -0.02725000
v -0.00528400 0.02316500 -0.03247500
v -0.00528400 0.02316500 -0.03247500
v -0.00592800 0.02310600 -0.02725000
v -0.00592800 0.02310600 -0.02725000
v -0.00592800 0.02310600 -0.03247500
v -0.00592800 0.02310600 -0.02725000
v -0.00592800 0.02310600 -0.03247500
v -0.00592800 0.02310600 -0.03247500
v -0.00651500 0.02337700 -0.02725000
v -0.00651500 0.02337700 -0.02725000
v -0.00651500 0.02337700 -0.03247500
v -0.00651500 0.02337700 -0.02725000
v -0.00651500 0.02337700 -0.03247500
v -0.00651500 0.02337700 -0.03247500
v -0.00688800 0.02390600 -0.02725000
v -0.00688800 0.02390600 -0.02725000
v -0.00688800 0.02390600 -0.03247500
v -0.00694700 0.02455000 -0.03247500
v -0.00721800 0.02459700 -0.03275000
v -0.00667600 0.02513800 -0.03247500
v -0.00688700 0.02531400 -0.03275000
v -0.00614700 0.02551100 -0.03247500
v -0.00624200 0.02576900 -0.03275000
v -0.00550300 0.02557000 -0.03247500
v -0.00545600 0.02584100 -0.03275000
v -0.00491600 0.02529800 -0.03247500
v -0.00474000 0.02551000 -0.03275000
v -0.00454200 0.02477000 -0.03247500
v -0.00428400 0.02486500 -0.03275000
v -0.00448400 0.02412500 -0.03247500
v -0.00421300 0.02407900 -0.03275000
v -0.00475500 0.02353800 -0.03247500
v -0.00454400 0.02336200 -0.03275000
v -0.00528400 0.02316500 -0.03247500
v -0.00518800 0.02290700 -0.03275000
v -0.00592800 0.02310600 -0.03247500
v -0.00597500 0.02283500 -0.03275000
v -0.00651500 0.02337700 -0.03247500
v -0.00669100 0.02316600 -0.03275000
v -0.00688800 0.02390600 -0.03247500
v -0.00714700 0.02381100 -0.03275000
v 0.01686800 0.00621100 -0.02325000
v 0.01686800 0.00621100 -0.02750000
v 0.01686800 0.00621100 -0.02750000
v 0.01681900 0.00674000 -0.02325000
v 0.01681900 0.00674000 -0.02325000
v 0.01681900 0.00674000 -0.02750000
v 0.01681900 0.00674000 -0.02325000
v 0.01681900 0.00674000 -0.02750000
v 0.01681900 0.00674000 -0.02750000
v 0.01704200 0.00722100 -0.02325000
v 0.01704200 0.00722100 -0.02325000
v 0.01704200 0.00722100 -0.02750000
v 0.01704200 0.00722100 -0.02325000
v 0.01704200 0.00722100 -0.02750000
v 0.01704200 0.00722100 -0.02750000
v 0.01747500 0.00752700 -0.02325000
v 0.01747500 0.00752700 -0.02325000
v 0.01747500 0.00752700 -0.02750000
v 0.01747500 0.00752700 -0.02325000
v 0.01747500 0.00752700 -0.02750000
v 0.01747500 0.00752700 -0.02750000
v 0.01800400 0.00757600 -0.02325000
v 0.01800400 0.00757600 -0.02325000
v 0.01800400 0.00757600 -0.02750000
v 0.01800400 0.00757600 -0.02325000
v 0.01800400 0.00757600 -0.02750000
v 0.01848500 0.00735300 -0.02325000
v 0.01848500 0.00735300 -0.02750000
v 0.01848500 0.00735300 -0.02325000
v 0.01848500 0.00735300 -0.02750000
v 0.01848500 0.00735300 -0.02750000
v 0.01879100 0.00692000 -0.02325000
v 0.01879100 0.00692000 -0.02325000
v 0.01879100 0.00692000 -0.02750000
v 0.01879100 0.00692000 -0.02325000
v 0.01879100 0.00692000 -0.02750000
v 0.01879100 0.00692000 -0.02750000
v 0.01884000 0.00639100 -0.02325000
v 0.01884000 0.00639100 -0.02325000
v 0.01884000 0.00639100 -0.02750000
v 0.01884000 0.00639100 -0.02325000
v 0.01884000 0.00639100 -0.02750000
v 0.01884000 0.00639100 -0.02750000
v 0.01861700 0.00591000 -0.02325000
v 0.01861700 0.00591000 -0.02325000
v 0.01861700 0.00591000 -0.02750000
v 0.01861700 0.00591000 -0.02325000
v 0.01861700 0.00591000 -0.02750000
v 0.01818400 0.00560400 -0.02325000
v 0.01818400 0.00560400 -0.02750000
v 0.01818400 0.00560400 -0.02325000
v 0.01818400 0.00560400 -0.02750000
v 0.01765500 0.00555500 -0.02325000
v 0.01765500 0.00555500 -0.02750000
v 0.01765500 0.00555500 -0.02325000
v 0.01765500 0.00555500 -0.02750000
v 0.01717400 0.00577800 -0.02325000
v 0.01717400 0.00577800 -0.02750000
v 0.01717400 0.00577800 -0.02325000
v 0.01717400 0.00577800 -0.02750000
v 0.01717400 0.00577800 -0.02750000
v 0.01686800 0.00621100 -0.02325000
v 0.01686800 0.00621100 -0.02325000
v 0.01686800 0.00621100 -0.02750000
v 0.01681900 0.00674000 -0.02750000
v 0.01657300 0.00678200 -0.02775000
v 0.01704200 0.00722100 -0.02750000
v 0.01685000 0.00738100 -0.02775000
v 0.01747500 0.00752700 -0.02750000
v 0.01738900 0.00776200 -0.02775000
v 0.01800400 0.00757600 -0.02750000
v 0.01804600 0.00782200 -0.02775000
v 0.01848500 0.00735300 -0.02750000
v 0.01864500 0.00754500 -0.02775000
v 0.01879100 0.00692000 -0.02750000
v 0.01902600 0.00700600 -0.02775000
v 0.01884000 0.00639100 -0.02750000
v 0.01908600 0.00634900 -0.02775000
v 0.01861700 0.00591000 -0.02750000
v 0.01880900 0.00575000 -0.02775000
v 0.01818400 0.00560400 -0.02750000
v 0.01827000 0.00536900 -0.02775000
v 0.01765500 0.00555500 -0.02750000
v 0.01761300 0.00530900 -0.02775000
v 0.01717400 0.00577800 -0.02750000
v 0.01701400 0.00558600 -0.02775000
v 0.01686800 0.00621100 -0.02750000
v 0.01663300 0.00612500 -0.02775000
v 0.00560400 -0.01818400 -0.02325000
v 0.00560400 -0.01818400 -0.02750000
v 0.00560400 -0.01818400 -0.02750000
v 0.00555500 -0.01765500 -0.02325000
v 0.00555500 -0.01765500 -0.02325000
v 0.00555500 -0.01765500 -0.02750000
v 0.00555500 -0.01765500 -0.02325000
v 0.00555500 -0.01765500 -0.02750000
v 0.00577800 -0.01717400 -0.02325000
v 0.00577800 -0.01717400 -0.02750000
v 0.00577800 -0.01717400 -0.02325000
v 0.00577800 -0.01717400 -0.02750000
v 0.00577800 -0.01717400 -0.02750000
v 0.00621100 -0.01686800 -0.02325000
v 0.00621100 -0.01686800 -0.02325000
v 0.00621100 -0.01686800 -0.02750000
v 0.00621100 -0.01686800 -0.02325000
v 0.00621100 -0.01686800 -0.02750000
v 0.00621100 -0.01686800 -0.02750000
v 0.00674000 -0.01681900 -0.02325000
v 0.00674000 -0.01681900 -0.02325000
v 0.00674000 -0.01681900 -0.02750000
v 0.00674000 -0.01681900 -0.02325000
v 0.00674000 -0.01681900 -0.02750000
v 0.00722100 -0.01704200 -0.02325000
v 0.00722100 -0.01704200 -0.02750000
v 0.00722100 -0.01704200 -0.02325000
v 0.00722100 -0.01704200 -0.02750000
v 0.00752700 -0.01747500 -0.02325000
v 0.00752700 -0.01747500 -0.02750000
v 0.00752700 -0.01747500 -0.02325000
v 0.00752700 -0.01747500 -0.02750000
v 0.00752700 -0.01747500 -0.02750000
v 0.00757600 -0.01800400 -0.02325000
v 0.00757600 -0.01800400 -0.02325000
v 0.00757600 -0.01800400 -0.02750000
v 0.00757600 -0.01800400 -0.02325000
v 0.00757600 -0.01800400 -0.02750000
v 0.00735300 -0.01848500 -0.02325000
v 0.00735300 -0.01848500 -0.02750000
v 0.00735300 -0.01848500 -0.02325000
v 0.00735300 -0.01848500 -0.02750000
v 0.00735300 -0.01848500 -0.02750000
v 0.00692000 -0.01879100 -0.02325000
v 0.00692000 -0.01879100 -0.02325000
v 0.00692000 -0.01879100 -0.02750000
v 0.00692000 -0.01879100 -0.02325000
v 0.00692000 -0.01879100 -0.02750000
v 0.00692000 -0.01879100 -0.02750000
v 0.00639100 -0.01884000 -0.02325000
v 0.00639100 -0.01884000 -0.02325000
v 0.00639100 -0.01884000 -0.02750000
v 0.00639100 -0.01884000 -0.02325000
v 0.00639100 -0.01884000 -0.02750000
v 0.00639100 -0.01884000 -0.02750000
v 0.00591000 -0.01861700 -0.02325000
v 0.00591000 -0.01861700 -0.02325000
v 0.00591000 -0.01861700 -0.02750000
v 0.00591000 -0.01861700 -0.02325000
v 0.00591000 -0.01861700 -0.02750000
v 0.00560400 -0.01818400 -0.02325000
v 0.00560400 -0.01818400 -0.02750000
v 0.00555500 -0.01765500 -0.02750000
v 0.00530900 -0.01761300 -0.02775000
v 0.00577800 -0.01717400 -0.02750000
v 0.00558600 -0.01701400 -0.02775000
v 0.00621100 -0.01686800 -0.02750000
v 0.00612500 -0.01663300 -0.02775000
v 0.00674000 -0.01681900 -0.02750000
v 0.00678200 -0.01657300 -0.02775000
v 0.00722100 -0.01704200 -0.02750000
v 0.00738100 -0.01685000 -0.02775000
v 0.00752700 -0.01747500 -0.02750000
v 0.00776200 -0.01738900 -0.02775000
v 0.00757600 -0.01800400 -0.02750000
v 0.00782200 -0.01804600 -0.02775000
v 0.00735300 -0.01848500 -0.02750000
v 0.00754500 -0.01864500 -0.02775000
v 0.00692000 -0.01879100 -0.02750000
v 0.00700600 -0.01902600 -0.02775000
v 0.00639100 -0.01884000 -0.02750000
v 0.00634900 -0.01908600 -0.02775000
v 0.00591000 -0.01861700 -0.02750000
v 0.00575000 -0.01880900 -0.02775000
v 0.00560400 -0.01818400 -0.02750000
v 0.00536900 -0.01827000 -0.02775000
v -0.01879100 -0.00692000 -0.02325000
v -0.01879100 -0.00692000 -0.02750000
v -0.01879100 -0.00692000 -0.02750000
v -0.01884000 -0.00639100 -0.02325000
v -0.01884000 -0.00639100 -0.02325000
v -0.01884000 -0.00639100 -0.02750000
v -0.01884000 -0.00639100 -0.02325000
v -0.01884000 -0.00639100 -0.02750000
v -0.01884000 -0.00639100 -0.02750000
v -0.01861700 -0.00591000 -0.02325000
v -0.01861700 -0.00591000 -0.02325000
v -0.01861700 -0.00591000 -0.02750000
v -0.01861700 -0.00591000 -0.02325000
v -0.01861700 -0.00591000 -0.02750000
v -0.01861700 -0.00591000 -0.02750000
v -0.01818400 -0.00560400 -0.02325000
v -0.01818400 -0.00560400 -0.02325000
v -0.01818400 -0.00560400 -0.02750000
v -0.01818400 -0.00560400 -0.02325000
v -0.01818400 -0.00560400 -0.02750000
v -0.01818400 -0.00560400 -0.02750000
v -0.01765500 -0.00555500 -0.02325000
v -0.01765500 -0.00555500 -0.02325000
v -0.01765500 -0.00555500 -0.02750000
v -0.01765500 -0.00555500 -0.02325000
v -0.01765500 -0.00555500 -0.02750000
v -0.01717400 -0.00577800 -0.02325000
v -0.01717400 -0.00577800 -0.02750000
v -0.01717400 -0.00577800 -0.02325000
v -0.01717400 -0.00577800 -0.02750000
v -0.01717400 -0.00577800 -0.02750000
v -0.01686800 -0.00621100 -0.02325000
v -0.01686800 -0.00621100 -0.02325000
v -0.01686800 -0.00621100 -0.02750000
v -0.01686800 -0.00621100 -0.02325000
v -0.01686800 -0.00621100 -0.02750000
v -0.01686800 -0.00621100 -0.02750000
v -0.01681900 -0.00674000 -0.02325000
v -0.01681900 -0.00674000 -0.02325000
v -0.01681900 -0.00674000 -0.02750000
v -0.01681900 -0.00674000 -0.02325000
v -0.01681900 -0.00674000 -0.02750000
v -0.01681900 -0.00674000 -0.02750000
v -0.01704200 -0.00722100 -0.02325000
v -0.01704200 -0.00722100 -0.02325000
v -0.01704200 -0.00722100 -0.02750000
v -0.01704200 -0.00722100 -0.02325000
v -0.01704200 -0.00722100 -0.02750000
v -0.01704200 -0.00722100 -0.02750000
v -0.01747500 -0.00752700 -0.02325000
v -0.01747500 -0.00752700 -0.02325000
v -0.01747500 -0.00752700 -0.02750000
v -0.01747500 -0.00752700 -0.02325000
v -0.01747500 -0.00752700 -0.02750000
v -0.01800400 -0.00757600 -0.02325000
v -0.01800400 -0.00757600 -0.02750000
v -0.01800400 -0.00757600 -0.02325000
v -0.01800400 -0.00757600 -0.02750000
v -0.01848500 -0.00735300 -0.02325000
v -0.01848500 -0.00735300 -0.02750000
v -0.01848500 -0.00735300 -0.02325000
v -0.01848500 -0.00735300 -0.02750000
v -0.01848500 -0.00735300 -0.02750000
v -0.01879100 -0.00692000 -0.02325000
v -0.01879100 -0.00692000 -0.02325000
v -0.01879100 -0.00692000 -0.02750000
v -0.01884000 -0.00639100 -0.02750000
v -0.01908600 -0.00634900 -0.02775000
v -0.01861700 -0.00591000 -0.02750000
v -0.01880900 -0.00575000 -0.02775000
v -0.01818400 -0.00560400 -0.02750000
v -0.01827000 -0.00536900 -0.02775000
v -0.01765500 -0.00555500 -0.02750000
v -0.01761300 -0.00530900 -0.02775000
v -0.01717400 -0.00577800 -0.02750000
v -0.01701400 -0.00558600 -0.02775000
v -0.01686800 -0.00621100 -0.02750000
v -0.01663300 -0.00612500 -0.02775000
v -0.01681900 -0.00674000 -0.02750000
v -0.01657300 -0.00678200 -0.02775000
v -0.01704200 -0.00722100 -0.02750000
v -0.01685000 -0.00738100 -0.02775000
v -0.01747500 -0.00752700 -0.02750000
v -0.01738900 -0.00776200 -0.02775000
v -0.01800400 -0.00757600 -0.02750000
v -0.01804600 -0.00782200 -0.02775000
v -0.01848500 -0.00735300 -0.02750000
v -0.01864500 -0.00754500 -0.02775000
v -0.01879100 -0.00692000 -0.02750000
v -0.01902600 -0.00700600 -0.02775000
v -0.00752700 0.01747500 -0.02325000
v -0.00752700 0.01747500 -0.02750000
v -0.00752700 0.01747500 -0.02750000
v -0.00757600 0.01800400 -0.02325000
v -0.00757600 0.01800400 -0.02325000
v -0.00757600 0.01800400 -0.02750000
v -0.00757600 0.01800400 -0.02325000
v -0.00757600 0.01800400 -0.02750000
v -0.00757600 0.01800400 -0.02750000
v -0.00735300 0.01848500 -0.02325000
v -0.00735300 0.01848500 -0.02325000
v -0.00735300 0.01848500 -0.02750000
v -0.00735300 0.01848500 -0.02325000
v -0.00735300 0.01848500 -0.02750000
v -0.00735300 0.01848500 -0.02750000
v -0.00692000 0.01879100 -0.02325000
v -0.00692000 0.01879100 -0.02325000
v -0.00692000 0.01879100 -0.02750000
v -0.00692000 0.01879100 -0.02325000
v -0.00692000 0.01879100 -0.02750000
v -0.00692000 0.01879100 -0.02750000
v -0.00639100 0.01884000 -0.02325000
v -0.00639100 0.01884000 -0.02325000
v -0.00639100 0.01884000 -0.02750000
v -0.00639100 0.01884000 -0.02325000
v -0.00639100 0.01884000 -0.02750000
v -0.00639100 0.01884000 -0.02750000
v -0.00591000 0.01861700 -0.02325000
v -0.00591000 0.01861700 -0.02325000
v -0.00591000 0.01861700 -0.02750000
v -0.00591000 0.01861700 -0.02325000
v -0.00591000 0.01861700 -0.02750000
v -0.00591000 0.01861700 -0.02750000
v -0.00560400 0.01818400 -0.02325000
v -0.00560400 0.01818400 -0.02325000
v -0.00560400 0.01818400 -0.02750000
v -0.00560400 0.01818400 -0.02325000
v -0.00560400 0.01818400 -0.02750000
v -0.00560400 0.01818400 -0.02750000
v -0.00555500 0.01765500 -0.02325000
v -0.00555500 0.01765500 -0.02325000
v -0.00555500 0.01765500 -0.02750000
v -0.00555500 0.01765500 -0.02325000
v -0.00555500 0.01765500 -0.02750000
v -0.00577800 0.01717400 -0.02325000
v -0.00577800 0.01717400 -0.02750000
v -0.00577800 0.01717400 -0.02325000
v -0.00577800 0.01717400 -0.02750000
v -0.00577800 0.01717400 -0.02750000
v -0.00621100 0.01686800 -0.02325000
v -0.00621100 0.01686800 -0.02325000
v -0.00621100 0.01686800 -0.02750000
v -0.00621100 0.01686800 -0.02325000
v -0.00621100 0.01686800 -0.02750000
v -0.00621100 0.01686800 -0.02750000
v -0.00674000 0.01681900 -0.02325000
v -0.00674000 0.01681900 -0.02325000
v -0.00674000 0.01681900 -0.02750000
v -0.00674000 0.01681900 -0.02325000
v -0.00674000 0.01681900 -0.02750000
v -0.00674000 0.01681900 -0.02750000
v -0.00722100 0.01704200 -0.02325000
v -0.00722100 0.01704200 -0.02325000
v -0.00722100 0.01704200 -0.02750000
v -0.00722100 0.01704200 -0.02325000
v -0.00722100 0.01704200 -0.02750000
v -0.00752700 0.01747500 -0.02325000
v -0.00752700 0.01747500 -0.02750000
v -0.00757600 0.01800400 -0.02750000
v -0.00782200 0.01804600 -0.02775000
v -0.00735300 0.01848500 -0.02750000
v -0.00754500 0.01864500 -0.02775000
v -0.00692000 0.01879100 -0.02750000
v -0.00700600 0.01902600 -0.02775000
v -0.00639100 0.01884000 -0.02750000
v -0.00634900 0.01908600 -0.02775000
v -0.00591000 0.01861700 -0.02750000
v -0.00575000 0.01880900 -0.02775000
v -0.00560400 0.01818400 -0.02750000
v -0.00536900 0.01827000 -0.02775000
v -0.00555500 0.01765500 -0.02750000
v -0.00530900 0.01761300 -0.02775000
v -0.00577800 0.01717400 -0.02750000
v -0.00558600 0.01701400 -0.02775000
v -0.00621100 0.01686800 -0.02750000
v -0.00612500 0.01663300 -0.02775000
v -0.00674000 0.01681900 -0.02750000
v -0.00678200 0.01657300 -0.02775000
v -0.00722100 0.01704200 -0.02750000
v -0.00738100 0.01685000 -0.02775000
v -0.00752700 0.01747500 -0.02750000
v -0.00776200 0.01738900 -0.02775000
v -0.01609700 0.01187000 -0.02425000
v -0.01609700 0.01187000 -0.02525000
v -0.01755000 0.00959100 -0.02525000
v -0.01755000 0.00959100 -0.02425000
v -0.01868300 0.00713800 -0.02525000
v -0.01868300 0.00713800 -0.02425000
v -0.01947400 0.00455500 -0.02525000
v -0.01947400 0.00455500 -0.02425000
v -0.01641100 0.01518800 -0.02425000
v -0.01641100 0.01518800 -0.02525000
v -0.01586800 0.01446100 -0.02425000
v -0.01575000 0.01418100 -0.02525000
v -0.01575000 0.01418100 -0.02425000
v -0.01562000 0.01358900 -0.02425000
v -0.01563700 0.01298200 -0.02425000
v -0.01563700 0.01298200 -0.02525000
v -0.01570000 0.01268500 -0.02425000
v -0.01880300 0.01575500 -0.02425000
v -0.01935600 0.01552000 -0.02525000
v -0.01834400 0.01584200 -0.02425000
v -0.01835700 0.01584100 -0.02525000
v -0.01796600 0.01584900 -0.02425000
v -0.01731400 0.01572400 -0.02525000
v -0.01713100 0.01565400 -0.02425000
v -0.01953800 0.01540500 -0.02195000
v -0.01934000 0.01552900 -0.02195000
v -0.01934000 0.01552900 -0.02195000
v -0.01880300 0.01575500 -0.02425000
v -0.01880300 0.01575500 -0.02195000
v -0.02220400 0.00264100 -0.02425000
v -0.02220400 0.00264100 -0.02525000
v -0.02319700 0.00298200 -0.02525000
v -0.02396300 0.00369900 -0.02525000
v -0.02371600 0.00339600 -0.02425000
v -0.02302600 0.00288700 -0.02425000
v -0.02436300 0.00465000 -0.02195000
v -0.02418700 0.00409500 -0.02195000
v -0.02436700 0.00466800 -0.02525000
v -0.02418700 0.00409500 -0.02425000
v -0.02395600 0.00368900 -0.02425000
v -0.02439700 0.00488100 -0.02195000
v -0.01983800 0.00372300 -0.02425000
v -0.02002300 0.00348300 -0.02525000
v -0.02002300 0.00348300 -0.02425000
v -0.02047400 0.00307700 -0.02425000
v -0.02100900 0.00279100 -0.02525000
v -0.02100900 0.00279100 -0.02425000
v -0.02129900 0.00269900 -0.02425000
v -0.02220400 0.00264100 -0.02525000
v -0.02220400 0.00264100 -0.02425000
v -0.00727400 0.01975200 -0.02555000
v -0.00694700 0.02067300 -0.02446700
v -0.00651700 0.02083100 -0.02492500
v -0.00753300 0.02045700 -0.02430000
v -0.00651700 0.02083100 -0.02617500
v -0.00694700 0.02067300 -0.02663200
v -0.00636000 0.02088900 -0.02555000
v -0.00812000 0.02024100 -0.02663200
v -0.00854900 0.02008300 -0.02617500
v -0.00753300 0.02045700 -0.02680000
v -0.00854900 0.02008300 -0.02492500
v -0.00812000 0.02024100 -0.02446700
v -0.00870600 0.02002500 -0.02555000
v -0.00753300 0.02045700 -0.02430000
v -0.00933900 0.02536000 -0.02430000
v -0.00933900 0.02536000 -0.02430000
v -0.00694700 0.02067300 -0.02446700
v -0.00694700 0.02067300 -0.02446700
v -0.00875200 0.02557600 -0.02446700
v -0.00694700 0.02067300 -0.02446700
v -0.00875200 0.02557600 -0.02446700
v -0.00875200 0.02557600 -0.02446700
v -0.00651700 0.02083100 -0.02492500
v -0.00651700 0.02083100 -0.02492500
v -0.00832300 0.02573400 -0.02492500
v -0.00651700 0.02083100 -0.02492500
v -0.00832300 0.02573400 -0.02492500
v -0.00832300 0.02573400 -0.02492500
v -0.00636000 0.02088900 -0.02555000
v -0.00636000 0.02088900 -0.02555000
v -0.00816600 0.02579200 -0.02555000
v -0.00636000 0.02088900 -0.02555000
v -0.00816600 0.02579200 -0.02555000
v -0.00816600 0.02579200 -0.02555000
v -0.00651700 0.02083100 -0.02617500
v -0.00651700 0.02083100 -0.02617500
v -0.00832300 0.02573400 -0.02617500
v -0.00651700 0.02083100 -0.02617500
v -0.00832300 0.02573400 -0.02617500
v -0.00832300 0.02573400 -0.02617500
v -0.00694700 0.02067300 -0.02663200
v -0.00694700 0.02067300 -0.02663200
v -0.00875200 0.02557600 -0.02663200
v -0.00694700 0.02067300 -0.02663200
v -0.00875200 0.02557600 -0.02663200
v -0.00875200 0.02557600 -0.02663200
v -0.00753300 0.02045700 -0.02680000
v -0.00753300 0.02045700 -0.02680000
v -0.00933900 0.02536000 -0.02680000
v -0.00753300 0.02045700 -0.02680000
v -0.00933900 0.02536000 -0.02680000
v -0.00933900 0.02536000 -0.02680000
v -0.00812000 0.02024100 -0.02663200
v -0.00812000 0.02024100 -0.02663200
v -0.00992500 0.02514400 -0.02663200
v -0.00812000 0.02024100 -0.02663200
v -0.00992500 0.02514400 -0.02663200
v -0.00992500 0.02514400 -0.02663200
v -0.00854900 0.02008300 -0.02617500
v -0.00854900 0.02008300 -0.02617500
v -0.01035400 0.02498600 -0.02617500
v -0.00854900 0.02008300 -0.02617500
v -0.01035400 0.02498600 -0.02617500
v -0.01035400 0.02498600 -0.02617500
v -0.00870600 0.02002500 -0.02555000
v -0.00870600 0.02002500 -0.02555000
v -0.01051200 0.02492800 -0.02555000
v -0.00870600 0.02002500 -0.02555000
v -0.01051200 0.02492800 -0.02555000
v -0.01051200 0.02492800 -0.02555000
v -0.00854900 0.02008300 -0.02492500
v -0.00854900 0.02008300 -0.02492500
v -0.01035400 0.02498600 -0.02492500
v -0.00854900 0.02008300 -0.02492500
v -0.01035400 0.02498600 -0.02492500
v -0.01035400 0.02498600 -0.02492500
v -0.00812000 0.02024100 -0.02446700
v -0.00812000 0.02024100 -0.02446700
v -0.00992500 0.02514400 -0.02446700
v -0.00812000 0.02024100 -0.02446700
v -0.00992500 0.02514400 -0.02446700
v -0.00992500 0.02514400 -0.02446700
v -0.00753300 0.02045700 -0.02430000
v -0.00753300 0.02045700 -0.02430000
v -0.00933900 0.02536000 -0.02430000
v -0.00992500 0.02514400 -0.02663200
v -0.01014100 0.02534700 -0.02686100
v -0.01042500 0.02523100 -0.02661400
v -0.01035400 0.02498600 -0.02617500
v -0.00980200 0.02548000 -0.02702000
v -0.00933900 0.02536000 -0.02680000
v -0.00943400 0.02561800 -0.02707500
v -0.00832300 0.02573400 -0.02492500
v -0.00802700 0.02609300 -0.02555000
v -0.00816600 0.02579200 -0.02555000
v -0.00820900 0.02603700 -0.02629700
v -0.00832300 0.02573400 -0.02617500
v -0.00831100 0.02600400 -0.02646600
v -0.00875200 0.02557600 -0.02663200
v -0.00871900 0.02587000 -0.02686100
v -0.00906400 0.02575100 -0.02702000
v -0.00875200 0.02557600 -0.02446700
v -0.00831100 0.02600400 -0.02463400
v -0.00820900 0.02603700 -0.02480300
v -0.00933900 0.02536000 -0.02430000
v -0.00906400 0.02575100 -0.02407900
v -0.00871900 0.02587000 -0.02423800
v -0.01014100 0.02534700 -0.02423800
v -0.00980200 0.02548000 -0.02407900
v -0.00943400 0.02561800 -0.02402500
v -0.01063700 0.02514200 -0.02629700
v -0.01081300 0.02506700 -0.02555000
v -0.01051200 0.02492800 -0.02555000
v -0.01063700 0.02514200 -0.02480300
v -0.01035400 0.02498600 -0.02492500
v -0.00992500 0.02514400 -0.02446700
v -0.01975200 -0.00727400 -0.02555000
v -0.02067300 -0.00694700 -0.02446700
v -0.02083100 -0.00651700 -0.02492500
v -0.02045700 -0.00753300 -0.02430000
v -0.02083100 -0.00651700 -0.02617500
v -0.02067300 -0.00694700 -0.02663200
v -0.02088900 -0.00636000 -0.02555000
v -0.02024100 -0.00812000 -0.02663200
v -0.02008300 -0.00854900 -0.02617500
v -0.02045700 -0.00753300 -0.02680000
v -0.02008300 -0.00854900 -0.02492500
v -0.02024100 -0.00812000 -0.02446700
v -0.02002500 -0.00870600 -0.02555000
v -0.02045700 -0.00753300 -0.02430000
v -0.02536000 -0.00933900 -0.02430000
v -0.02536000 -0.00933900 -0.02430000
v -0.02067300 -0.00694700 -0.02446700
v -0.02067300 -0.00694700 -0.02446700
v -0.02557600 -0.00875200 -0.02446700
v -0.02067300 -0.00694700 -0.02446700
v -0.02557600 -0.00875200 -0.02446700
v -0.02557600 -0.00875200 -0.02446700
v -0.02083100 -0.00651700 -0.02492500
v -0.02083100 -0.00651700 -0.02492500
v -0.02573400 -0.00832300 -0.02492500
v -0.02083100 -0.00651700 -0.02492500
v -0.02573400 -0.00832300 -0.02492500
v -0.02573400 -0.00832300 -0.02492500
v -0.02088900 -0.00636000 -0.02555000
v -0.02088900 -0.00636000 -0.02555000
v -0.02579200 -0.00816600 -0.02555000
v -0.02088900 -0.00636000 -0.02555000
v -0.02579200 -0.00816600 -0.02555000
v -0.02579200 -0.00816600 -0.02555000
v -0.02083100 -0.00651700 -0.02617500
v -0.02083100 -0.00651700 -0.02617500
v -0.02573400 -0.00832300 -0.02617500
v -0.02083100 -0.00651700 -0.02617500
v -0.02573400 -0.00832300 -0.02617500
v -0.02573400 -0.00832300 -0.02617500
v -0.02067300 -0.00694700 -0.02663200
v -0.02067300 -0.00694700 -0.02663200
v -0.02557600 -0.00875200 -0.02663200
v -0.02067300 -0.00694700 -0.02663200
v -0.02557600 -0.00875200 -0.02663200
v -0.02557600 -0.00875200 -0.02663200
v -0.02045700 -0.00753300 -0.02680000
v -0.02045700 -0.00753300 -0.02680000
v -0.02536000 -0.00933900 -0.02680000
v -0.02045700 -0.00753300 -0.02680000
v -0.02536000 -0.00933900 -0.02680000
v -0.02536000 -0.00933900 -0.02680000
v -0.02024100 -0.00812000 -0.02663200
v -0.02024100 -0.00812000 -0.02663200
v -0.02514400 -0.00992500 -0.02663200
v -0.02024100 -0.00812000 -0.02663200
v -0.02514400 -0.00992500 -0.02663200
v -0.02514400 -0.00992500 -0.02663200
v -0.02008300 -0.00854900 -0.02617500
v -0.02008300 -0.00854900 -0.02617500
v -0.02498600 -0.01035400 -0.02617500
v -0.02008300 -0.00854900 -0.02617500
v -0.02498600 -0.01035400 -0.02617500
v -0.02498600 -0.01035400 -0.02617500
v -0.02002500 -0.00870600 -0.02555000
v -0.02002500 -0.00870600 -0.02555000
v -0.02492800 -0.01051200 -0.02555000
v -0.02002500 -0.00870600 -0.02555000
v -0.02492800 -0.01051200 -0.02555000
v -0.02492800 -0.01051200 -0.02555000
v -0.02008300 -0.00854900 -0.02492500
v -0.02008300 -0.00854900 -0.02492500
v -0.02498600 -0.01035400 -0.02492500
v -0.02008300 -0.00854900 -0.02492500
v -0.02498600 -0.01035400 -0.02492500
v -0.02498600 -0.01035400 -0.02492500
v -0.02024100 -0.00812000 -0.02446700
v -0.02024100 -0.00812000 -0.02446700
v -0.02514400 -0.00992500 -0.02446700
v -0.02024100 -0.00812000 -0.02446700
v -0.02514400 -0.00992500 -0.02446700
v -0.02514400 -0.00992500 -0.02446700
v -0.02045700 -0.00753300 -0.02430000
v -0.02045700 -0.00753300 -0.02430000
v -0.02536000 -0.00933900 -0.02430000
v -0.02498600 -0.01035400 -0.02617500
v -0.02514400 -0.00992500 -0.02663200
v -0.02523100 -0.01042500 -0.02661400
v -0.02536000 -0.00933900 -0.02680000
v -0.02548000 -0.00980200 -0.02702000
v -0.02534700 -0.01014100 -0.02686100
v -0.02587000 -0.00871900 -0.02686100
v -0.02587000 -0.00871900 -0.02686100
v -0.02575100 -0.00906400 -0.02702000
v -0.02561800 -0.00943400 -0.02707500
v -0.02557600 -0.00875200 -0.02446700
v -0.02603700 -0.00820900 -0.02480300
v -0.02573400 -0.00832300 -0.02492500
v -0.02609300 -0.00802700 -0.02555000
v -0.02579200 -0.00816600 -0.02555000
v -0.02603700 -0.00820900 -0.02629700
v -0.02573400 -0.00832300 -0.02617500
v -0.02557600 -0.00875200 -0.02663200
v -0.02536000 -0.00933900 -0.02680000
v -0.02536000 -0.00933900 -0.02430000
v -0.02575100 -0.00906400 -0.02407900
v -0.02587000 -0.00871900 -0.02423800
v -0.02534700 -0.01014100 -0.02423800
v -0.02548000 -0.00980100 -0.02407900
v -0.02548000 -0.00980100 -0.02407900
v -0.02536000 -0.00933900 -0.02430000
v -0.02561800 -0.00943400 -0.02402500
v -0.02514200 -0.01063700 -0.02629700
v -0.02506700 -0.01081300 -0.02555000
v -0.02492800 -0.01051200 -0.02555000
v -0.02514200 -0.01063700 -0.02480300
v -0.02498600 -0.01035400 -0.02492500
v -0.02514400 -0.00992500 -0.02446700
v 0.00727400 -0.01975200 -0.02555000
v 0.00812000 -0.02024100 -0.02663200
v 0.00854900 -0.02008300 -0.02617500
v 0.00753300 -0.02045700 -0.02680000
v 0.00854900 -0.02008300 -0.02492500
v 0.00812000 -0.02024100 -0.02446700
v 0.00870600 -0.02002500 -0.02555000
v 0.00694700 -0.02067300 -0.02446700
v 0.00651700 -0.02083100 -0.02492500
v 0.00753300 -0.02045700 -0.02430000
v 0.00651700 -0.02083100 -0.02617500
v 0.00694700 -0.02067300 -0.02663200
v 0.00636000 -0.02088900 -0.02555000
v 0.00753300 -0.02045700 -0.02680000
v 0.00933900 -0.02536000 -0.02680000
v 0.00933900 -0.02536000 -0.02680000
v 0.00812000 -0.02024100 -0.02663200
v 0.00812000 -0.02024100 -0.02663200
v 0.00992500 -0.02514400 -0.02663200
v 0.00812000 -0.02024100 -0.02663200
v 0.00992500 -0.02514400 -0.02663200
v 0.00992500 -0.02514400 -0.02663200
v 0.00854900 -0.02008300 -0.02617500
v 0.00854900 -0.02008300 -0.02617500
v 0.01035400 -0.02498600 -0.02617500
v 0.00854900 -0.02008300 -0.02617500
v 0.01035400 -0.02498600 -0.02617500
v 0.01035400 -0.02498600 -0.02617500
v 0.00870600 -0.02002500 -0.02555000
v 0.00870600 -0.02002500 -0.02555000
v 0.01051200 -0.02492800 -0.02555000
v 0.00870600 -0.02002500 -0.02555000
v 0.01051200 -0.02492800 -0.02555000
v 0.01051200 -0.02492800 -0.02555000
v 0.00854900 -0.02008300 -0.02492500
v 0.00854900 -0.02008300 -0.02492500
v 0.01035400 -0.02498600 -0.02492500
v 0.00854900 -0.02008300 -0.02492500
v 0.01035400 -0.02498600 -0.02492500
v 0.01035400 -0.02498600 -0.02492500
v 0.00812000 -0.02024100 -0.02446700
v 0.00812000 -0.02024100 -0.02446700
v 0.00992500 -0.02514400 -0.02446700
v 0.00812000 -0.02024100 -0.02446700
v 0.00992500 -0.02514400 -0.02446700
v 0.00992500 -0.02514400 -0.02446700
v 0.00753300 -0.02045700 -0.02430000
v 0.00753300 -0.02045700 -0.02430000
v 0.00933900 -0.02536000 -0.02430000
v 0.00753300 -0.02045700 -0.02430000
v 0.00933900 -0.02536000 -0.02430000
v 0.00933900 -0.02536000 -0.02430000
v 0.00694700 -0.02067300 -0.02446700
v 0.00694700 -0.02067300 -0.02446700
v 0.00875200 -0.02557600 -0.02446700
v 0.00694700 -0.02067300 -0.02446700
v 0.00875200 -0.02557600 -0.02446700
v 0.00875200 -0.02557600 -0.02446700
v 0.00651700 -0.02083100 -0.02492500
v 0.00651700 -0.02083100 -0.02492500
v 0.00832300 -0.02573400 -0.02492500
v 0.00651700 -0.02083100 -0.02492500
v 0.00832300 -0.02573400 -0.02492500
v 0.00832300 -0.02573400 -0.02492500
v 0.00636000 -0.02088900 -0.02555000
v 0.00636000 -0.02088900 -0.02555000
v 0.00816600 -0.02579200 -0.02555000
v 0.00636000 -0.02088900 -0.02555000
v 0.00816600 -0.02579200 -0.02555000
v 0.00816600 -0.02579200 -0.02555000
v 0.00651700 -0.02083100 -0.02617500
v 0.00651700 -0.02083100 -0.02617500
v 0.00832300 -0.02573400 -0.02617500
v 0.00651700 -0.02083100 -0.02617500
v 0.00832300 -0.02573400 -0.02617500
v 0.00832300 -0.02573400 -0.02617500
v 0.00694700 -0.02067300 -0.02663200
v 0.00694700 -0.02067300 -0.02663200
v 0.00875200 -0.02557600 -0.02663200
v 0.00694700 -0.02067300 -0.02663200
v 0.00875200 -0.02557600 -0.02663200
v 0.00875200 -0.02557600 -0.02663200
v 0.00753300 -0.02045700 -0.02680000
v 0.00753300 -0.02045700 -0.02680000
v 0.00933900 -0.02536000 -0.02680000
v 0.00875200 -0.02557600 -0.02446700
v 0.00820900 -0.02603700 -0.02480300
v 0.00832300 -0.02573400 -0.02492500
v 0.00802600 -0.02609300 -0.02555000
v 0.00816600 -0.02579200 -0.02555000
v 0.00820900 -0.02603700 -0.02629700
v 0.00832300 -0.02573400 -0.02617500
v 0.00875200 -0.02557600 -0.02663200
v 0.00980200 -0.02548000 -0.02408000
v 0.00943400 -0.02561800 -0.02402500
v 0.00933900 -0.02536000 -0.02430000
v 0.00906400 -0.02575100 -0.02408000
v 0.00871900 -0.02587000 -0.02423800
v 0.01014100 -0.02534700 -0.02423800
v 0.00992500 -0.02514400 -0.02446700
v 0.01053800 -0.02518400 -0.02463400
v 0.01035400 -0.02498600 -0.02492500
v 0.01063700 -0.02514200 -0.02480300
v 0.01051200 -0.02492800 -0.02555000
v 0.01081300 -0.02506700 -0.02555000
v 0.01035400 -0.02498600 -0.02617500
v 0.01063700 -0.02514200 -0.02629700
v 0.01053800 -0.02518400 -0.02646600
v 0.00992500 -0.02514400 -0.02663200
v 0.01014100 -0.02534700 -0.02686100
v 0.00980200 -0.02548000 -0.02702000
v 0.00933900 -0.02536000 -0.02680000
v 0.00943400 -0.02561800 -0.02707500
v 0.00842800 -0.02596600 -0.02661400
v 0.00871900 -0.02587000 -0.02686100
v 0.00906300 -0.02575200 -0.02702000
v 0.01975200 0.00727400 -0.02555000
v 0.02024100 0.00812000 -0.02663200
v 0.02008300 0.00854900 -0.02617500
v 0.02045700 0.00753300 -0.02680000
v 0.02008300 0.00854900 -0.02492500
v 0.02024100 0.00812000 -0.02446700
v 0.02002500 0.00870600 -0.02555000
v 0.02067300 0.00694700 -0.02446700
v 0.02083100 0.00651700 -0.02492500
v 0.02045700 0.00753300 -0.02430000
v 0.02083100 0.00651700 -0.02617500
v 0.02067300 0.00694700 -0.02663200
v 0.02088900 0.00636000 -0.02555000
v 0.02045700 0.00753300 -0.02680000
v 0.02536000 0.00933900 -0.02680000
v 0.02536000 0.00933900 -0.02680000
v 0.02024100 0.00812000 -0.02663200
v 0.02024100 0.00812000 -0.02663200
v 0.02514400 0.00992500 -0.02663200
v 0.02024100 0.00812000 -0.02663200
v 0.02514400 0.00992500 -0.02663200
v 0.02514400 0.00992500 -0.02663200
v 0.02008300 0.00854900 -0.02617500
v 0.02008300 0.00854900 -0.02617500
v 0.02498600 0.01035400 -0.02617500
v 0.02008300 0.00854900 -0.02617500
v 0.02498600 0.01035400 -0.02617500
v 0.02498600 0.01035400 -0.02617500
v 0.02002500 0.00870600 -0.02555000
v 0.02002500 0.00870600 -0.02555000
v 0.02492800 0.01051200 -0.02555000
v 0.02002500 0.00870600 -0.02555000
v 0.02492800 0.01051200 -0.02555000
v 0.02492800 0.01051200 -0.02555000
v 0.02008300 0.00854900 -0.02492500
v 0.02008300 0.00854900 -0.02492500
v 0.02498600 0.01035400 -0.02492500
v 0.02008300 0.00854900 -0.02492500
v 0.02498600 0.01035400 -0.02492500
v 0.02498600 0.01035400 -0.02492500
v 0.02024100 0.00812000 -0.02446700
v 0.02024100 0.00812000 -0.02446700
v 0.02514400 0.00992500 -0.02446700
v 0.02024100 0.00812000 -0.02446700
v 0.02514400 0.00992500 -0.02446700
v 0.02514400 0.00992500 -0.02446700
v 0.02045700 0.00753300 -0.02430000
v 0.02045700 0.00753300 -0.02430000
v 0.02536000 0.00933900 -0.02430000
v 0.02045700 0.00753300 -0.02430000
v 0.02536000 0.00933900 -0.02430000
v 0.02536000 0.00933900 -0.02430000
v 0.02067300 0.00694700 -0.02446700
v 0.02067300 0.00694700 -0.02446700
v 0.02557600 0.00875200 -0.02446700
v 0.02067300 0.00694700 -0.02446700
v 0.02557600 0.00875200 -0.02446700
v 0.02557600 0.00875200 -0.02446700
v 0.02083100 0.00651700 -0.02492500
v 0.02083100 0.00651700 -0.02492500
v 0.02573400 0.00832300 -0.02492500
v 0.02083100 0.00651700 -0.02492500
v 0.02573400 0.00832300 -0.02492500
v 0.02573400 0.00832300 -0.02492500
v 0.02088900 0.00636000 -0.02555000
v 0.02088900 0.00636000 -0.02555000
v 0.02579200 0.00816600 -0.02555000
v 0.02088900 0.00636000 -0.02555000
v 0.02579200 0.00816600 -0.02555000
v 0.02579200 0.00816600 -0.02555000
v 0.02083100 0.00651700 -0.02617500
v 0.02083100 0.00651700 -0.02617500
v 0.02573400 0.00832300 -0.02617500
v 0.02083100 0.00651700 -0.02617500
v 0.02573400 0.00832300 -0.02617500
v 0.02573400 0.00832300 -0.02617500
v 0.02067300 0.00694700 -0.02663200
v 0.02067300 0.00694700 -0.02663200
v 0.02557600 0.00875200 -0.02663200
v 0.02067300 0.00694700 -0.02663200
v 0.02557600 0.00875200 -0.02663200
v 0.02557600 0.00875200 -0.02663200
v 0.02045700 0.00753300 -0.02680000
v 0.02045700 0.00753300 -0.02680000
v 0.02536000 0.00933900 -0.02680000
v 0.02557600 0.00875200 -0.02446700
v 0.02603700 0.00820900 -0.02480300
v 0.02573400 0.00832300 -0.02492500
v 0.02609300 0.00802700 -0.02555000
v 0.02579200 0.00816600 -0.02555000
v 0.02603700 0.00820900 -0.02629700
v 0.02573400 0.00832300 -0.02617500
v 0.02557600 0.00875200 -0.02663200
v 0.02536000 0.00933900 -0.02430000
v 0.02575100 0.00906400 -0.02408000
v 0.02587000 0.00871900 -0.02423800
v 0.02534700 0.01014100 -0.02423800
v 0.02548000 0.00980200 -0.02408000
v 0.02561800 0.00943400 -0.02402500
v 0.02514400 0.00992500 -0.02446700
v 0.02498600 0.01035400 -0.02492500
v 0.02514200 0.01063700 -0.02480300
v 0.02492800 0.01051200 -0.02555000
v 0.02506700 0.01081300 -0.02555000
v 0.02498600 0.01035400 -0.02617500
v 0.02514200 0.01063700 -0.02629700
v 0.02514400 0.00992500 -0.02663200
v 0.02534700 0.01014100 -0.02686100
v 0.02548000 0.00980200 -0.02702000
v 0.02536000 0.00933900 -0.02680000
v 0.02561800 0.00943400 -0.02707500
v 0.02596600 0.00842800 -0.02661400
v 0.02587000 0.00871900 -0.02686100
v 0.02575200 0.00906300 -0.02702000
v -0.00493600 -0.00692000 -0.02575000
v -0.00675600 -0.00515800 -0.02575000
v -0.00628500 -0.00494900 -0.02525000
v -0.00464500 -0.00651300 -0.02525000
v -0.00444800 -0.00664900 -0.02525000
v -0.00267700 -0.00806700 -0.02575000
v -0.00251900 -0.00759300 -0.02525000
v -0.00217600 -0.00769800 -0.02525000
v -0.00018000 -0.00849800 -0.02575000
v -0.00016900 -0.00799800 -0.02525000
v 0.00030900 -0.00799400 -0.02525000
v 0.00233300 -0.00817400 -0.02575000
v 0.00219600 -0.00769300 -0.02525000
v 0.00276400 -0.00750700 -0.02525000
v 0.00463800 -0.00712300 -0.02575000
v 0.00436600 -0.00670400 -0.02525000
v 0.00494900 -0.00628500 -0.02525000
v 0.00653200 -0.00543900 -0.02575000
v 0.00614800 -0.00511900 -0.02525000
v 0.00664900 -0.00444800 -0.02525000
v 0.00784500 -0.00327200 -0.02575000
v 0.00738300 -0.00308000 -0.02525000
v 0.00738300 -0.00308000 -0.02525000
v 0.00784500 -0.00327200 -0.02575000
v 0.00769800 -0.00217600 -0.02525000
v 0.00846100 -0.00081400 -0.02575000
v 0.00796300 -0.00076600 -0.02525000
v 0.00799400 0.00030900 -0.02525000
v 0.00832500 0.00171600 -0.02575000
v 0.00783500 0.00161500 -0.02525000
v 0.00745000 0.00409300 -0.02575000
v 0.00750700 0.00276400 -0.02525000
v 0.00701100 0.00385200 -0.02525000
v 0.00591200 0.00610700 -0.02575000
v 0.00628500 0.00494900 -0.02525000
v 0.00556400 0.00574800 -0.02525000
v 0.00384900 0.00757800 -0.02575000
v 0.00444800 0.00664900 -0.02525000
v 0.00444800 0.00664900 -0.02525000
v 0.00384900 0.00757800 -0.02575000
v 0.00362300 0.00713300 -0.02525000
v 0.00144400 0.00837600 -0.02575000
v 0.00217600 0.00769800 -0.02525000
v 0.00136000 0.00788400 -0.02525000
v -0.00108900 0.00843000 -0.02575000
v -0.00030900 0.00799400 -0.02525000
v -0.00102500 0.00793400 -0.02525000
v -0.00352500 0.00773500 -0.02575000
v -0.00276400 0.00750700 -0.02525000
v -0.00331800 0.00728000 -0.02525000
v -0.00564800 0.00635200 -0.02575000
v -0.00494900 0.00628500 -0.02525000
v -0.00531600 0.00597800 -0.02525000
v -0.00727000 0.00440500 -0.02575000
v -0.00664900 0.00444800 -0.02525000
v -0.00684200 0.00414600 -0.02525000
v -0.00824500 0.00206600 -0.02575000
v -0.00769800 0.00217600 -0.02525000
v -0.00776000 0.00194500 -0.02525000
v -0.00848800 -0.00045600 -0.02575000
v -0.00799400 -0.00030900 -0.02525000
v -0.00798800 -0.00042900 -0.02525000
v -0.00797600 -0.00293700 -0.02575000
v -0.00750700 -0.00276400 -0.02525000
v -0.00635900 -0.00485400 -0.02525000
v 0.00762900 0.00566100 -0.01925000
v 0.00762900 0.00566100 -0.01925000
v 0.00803000 0.00595900 -0.01875000
v 0.00572500 0.00758100 -0.01925000
v 0.00602600 0.00798000 -0.01875000
v 0.00335700 0.00888700 -0.01925000
v 0.00353400 0.00935500 -0.01875000
v 0.00071700 0.00947300 -0.01925000
v 0.00071700 0.00947300 -0.01925000
v 0.00075500 0.00997100 -0.01875000
v 0.00075500 0.00997100 -0.01875000
v -0.00198100 0.00929100 -0.01925000
v -0.00198100 0.00929100 -0.01925000
v -0.00208500 0.00978000 -0.01875000
v -0.00208500 0.00978000 -0.01875000
v -0.00451800 0.00835700 -0.01925000
v -0.00451800 0.00835700 -0.01925000
v -0.00475600 0.00879700 -0.01875000
v -0.00475600 0.00879700 -0.01875000
v -0.00668900 0.00674500 -0.01925000
v -0.00668900 0.00674500 -0.01925000
v -0.00704100 0.00710000 -0.01875000
v -0.00704100 0.00710000 -0.01875000
v -0.00831900 0.00458800 -0.01925000
v -0.00831900 0.00458800 -0.01925000
v -0.00875700 0.00482900 -0.01875000
v -0.00875700 0.00482900 -0.01875000
v -0.00927400 0.00205800 -0.01925000
v -0.00927400 0.00205800 -0.01925000
v -0.00976200 0.00216600 -0.01875000
v -0.00976200 0.00216600 -0.01875000
v -0.00947900 -0.00063800 -0.01925000
v -0.00947900 -0.00063800 -0.01925000
v -0.00997700 -0.00067200 -0.01875000
v -0.00997700 -0.00067200 -0.01875000
v -0.00891500 -0.00328300 -0.01925000
v -0.00891500 -0.00328300 -0.01925000
v -0.00938400 -0.00345600 -0.01875000
v -0.00938400 -0.00345600 -0.01875000
v -0.00762900 -0.00566100 -0.01925000
v -0.00762900 -0.00566100 -0.01925000
v -0.00803000 -0.00595900 -0.01875000
v -0.00803000 -0.00595900 -0.01875000
v -0.00572500 -0.00758100 -0.01925000
v -0.00602600 -0.00798000 -0.01875000
v -0.00335700 -0.00888700 -0.01925000
v -0.00353400 -0.00935500 -0.01875000
v -0.00071700 -0.00947300 -0.01925000
v -0.00071700 -0.00947300 -0.01925000
v -0.00075500 -0.00997100 -0.01875000
v -0.00075500 -0.00997100 -0.01875000
v 0.00198100 -0.00929100 -0.01925000
v 0.00198100 -0.00929100 -0.01925000
v 0.00208500 -0.00978000 -0.01875000
v 0.00208500 -0.00978000 -0.01875000
v 0.00451800 -0.00835700 -0.01925000
v 0.00451800 -0.00835700 -0.01925000
v 0.00475600 -0.00879700 -0.01875000
v 0.00475600 -0.00879700 -0.01875000
v 0.00668900 -0.00674500 -0.01925000
v 0.00668900 -0.00674500 -0.01925000
v 0.00704100 -0.00710000 -0.01875000
v 0.00704100 -0.00710000 -0.01875000
v 0.00831900 -0.00458800 -0.01925000
v 0.00831900 -0.00458800 -0.01925000
v 0.00875700 -0.00482900 -0.01875000
v 0.00875700 -0.00482900 -0.01875000
v 0.00927400 -0.00205800 -0.01925000
v 0.00927400 -0.00205800 -0.01925000
v 0.00976200 -0.00216600 -0.01875000
v 0.00976200 -0.00216600 -0.01875000
v 0.00947800 0.00063800 -0.01925000
v 0.00997700 0.00067200 -0.01875000
v 0.00891500 0.00328300 -0.01925000
v 0.00891500 0.00328300 -0.01925000
v 0.00891500 0.00328300 -0.01925000
v 0.00997700 0.00067200 -0.01875000
v 0.00938400 0.00345600 -0.01875000
v 0.00938400 0.00345600 -0.01875000
v 0.00803000 0.00595900 -0.01875000
v -0.01219900 -0.00449200 -0.01925000
v -0.01242300 -0.00138700 -0.01875000
v -0.01292000 -0.00144200 -0.01925000
v -0.01239400 0.00162600 -0.01875000
v -0.01288900 0.00169200 -0.01925000
v -0.01164400 0.00454500 -0.01875000
v -0.01211000 0.00472700 -0.01925000
v -0.01021800 0.00720000 -0.01875000
v -0.01062700 0.00748800 -0.01925000
v -0.00819800 0.00943600 -0.01875000
v -0.00852600 0.00981300 -0.01925000
v -0.00570200 0.01112400 -0.01875000
v -0.00593000 0.01156900 -0.01925000
v -0.00287400 0.01216500 -0.01875000
v -0.00298900 0.01265200 -0.01925000
v 0.00012100 0.01249900 -0.01875000
v 0.00012600 0.01299900 -0.01925000
v 0.00310800 0.01210700 -0.01875000
v 0.00323300 0.01259200 -0.01925000
v 0.00591600 0.01101200 -0.01875000
v 0.00615200 0.01145200 -0.01925000
v 0.00837900 0.00927600 -0.01875000
v 0.00871400 0.00964700 -0.01925000
v 0.01035500 0.00700100 -0.01875000
v 0.01077000 0.00728100 -0.01925000
v 0.01173000 0.00431900 -0.01875000
v 0.01219900 0.00449200 -0.01925000
v 0.01242300 0.00138700 -0.01875000
v 0.01292000 0.00144200 -0.01925000
v 0.01239400 -0.00162600 -0.01875000
v 0.01288900 -0.00169200 -0.01925000
v 0.01164400 -0.00454500 -0.01875000
v 0.01211000 -0.00472700 -0.01925000
v 0.01021800 -0.00720000 -0.01875000
v 0.01062700 -0.00748800 -0.01925000
v 0.00819800 -0.00943600 -0.01875000
v 0.00852600 -0.00981300 -0.01925000
v 0.00570200 -0.01112400 -0.01875000
v 0.00593000 -0.01156900 -0.01925000
v 0.00287400 -0.01216500 -0.01875000
v 0.00298900 -0.01265200 -0.01925000
v -0.00012100 -0.01249900 -0.01875000
v -0.00012600 -0.01299900 -0.01925000
v -0.00310800 -0.01210700 -0.01875000
v -0.00323300 -0.01259200 -0.01925000
v -0.00591600 -0.01101200 -0.01875000
v -0.00615200 -0.01145200 -0.01925000
v -0.00837900 -0.00927600 -0.01875000
v -0.00871400 -0.00964700 -0.01925000
v -0.01035500 -0.00700100 -0.01875000
v -0.01077000 -0.00728100 -0.01925000
v -0.01173000 -0.00431900 -0.01875000
v 0.00286900 0.02533800 -0.02675000
v 0.00296200 0.02549900 -0.02675000
v 0.00301400 0.02532100 -0.02675000
v 0.00499100 0.02500700 -0.02675000
v 0.01565000 0.02175600 -0.02675000
v 0.01798500 0.01986800 -0.02675000
v 0.01748800 0.01879200 -0.02675000
v 0.00345900 0.02657600 -0.02675000
v 0.00530000 0.02627100 -0.02675000
v 0.00693700 0.02453800 -0.02675000
v 0.00750900 0.02572700 -0.02675000
v 0.00884100 0.02391800 -0.02675000
v 0.00966300 0.02499700 -0.02675000
v 0.01069000 0.02315100 -0.02675000
v 0.01174800 0.02408800 -0.02675000
v 0.01247300 0.02224100 -0.02675000
v 0.01374900 0.02300400 -0.02675000
v 0.01417900 0.02119400 -0.02675000
v 0.01579800 0.02001700 -0.02675000
v 0.01742700 0.01861600 -0.02675000
v 0.01882000 0.02167500 -0.02875000
v 0.01882000 0.02167500 -0.03225000
v 0.01820500 0.02034400 -0.02875000
v 0.01820500 0.02034400 -0.02875000
v 0.01820500 0.02034400 -0.02875000
v 0.01820500 0.02034400 -0.02875000
v 0.01820500 0.02034400 -0.02875000
v 0.01820500 0.02034400 -0.02875000
v 0.01820500 0.02034400 -0.02875000
v 0.01748800 0.01879200 -0.03225000
v 0.01820500 0.02034400 -0.02625000
v 0.01820200 0.02033600 -0.02633700
v 0.01820200 0.02033600 -0.02633700
v 0.01817600 0.02028200 -0.02649600
v 0.01817600 0.02028200 -0.02649600
v 0.01806100 0.02003200 -0.02672000
v 0.01806100 0.02003200 -0.02672000
v 0.01809500 0.02010600 -0.02668300
v 0.01809500 0.02010600 -0.02668300
v 0.01812800 0.02017600 -0.02663100
v 0.01812800 0.02017600 -0.02663100
v 0.01748800 0.01879200 -0.02675000
v 0.01798500 0.01986800 -0.02675000
v 0.01798500 0.01986800 -0.02675000
v 0.00296200 0.02549900 -0.03225000
v 0.00429300 0.02838200 -0.03225000
v 0.00429300 0.02838200 -0.02875000
v 0.00429300 0.02838200 -0.02875000
v 0.00367900 0.02705100 -0.02875000
v 0.00367900 0.02705100 -0.02875000
v 0.00367900 0.02705100 -0.02875000
v 0.00367900 0.02705100 -0.02875000
v 0.00367900 0.02705100 -0.02875000
v 0.00367900 0.02705100 -0.02875000
v 0.00367900 0.02705100 -0.02875000
v 0.00367900 0.02705100 -0.02875000
v 0.00367900 0.02705100 -0.02625000
v 0.00366700 0.02702600 -0.02641000
v 0.00366700 0.02702600 -0.02641000
v 0.00364900 0.02698700 -0.02650000
v 0.00364900 0.02698700 -0.02650000
v 0.00363400 0.02695500 -0.02655200
v 0.00363400 0.02695500 -0.02655200
v 0.00358300 0.02684300 -0.02666300
v 0.00358300 0.02684300 -0.02666300
v 0.00296200 0.02549900 -0.03225000
v 0.00345900 0.02657600 -0.02675000
v 0.00345900 0.02657600 -0.02675000
v 0.00296200 0.02549900 -0.02675000
v 0.00356900 0.02681300 -0.02668300
v 0.00356900 0.02681300 -0.02668300
v 0.00351700 0.02670000 -0.02673200
v 0.00351700 0.02670000 -0.02673200
v -0.01882000 -0.02167500 -0.02875000
v -0.01882000 -0.02167500 -0.03225000
v -0.01820500 -0.02034400 -0.02875000
v -0.01820500 -0.02034400 -0.02875000
v -0.01820500 -0.02034400 -0.02875000
v -0.01820500 -0.02034400 -0.02875000
v -0.01820500 -0.02034400 -0.02875000
v -0.01820500 -0.02034400 -0.02875000
v -0.01820500 -0.02034400 -0.02875000
v -0.01748800 -0.01879200 -0.03225000
v -0.01820500 -0.02034400 -0.02625000
v -0.01820200 -0.02033600 -0.02633700
v -0.01820200 -0.02033600 -0.02633700
v -0.01817600 -0.02028200 -0.02649600
v -0.01817600 -0.02028200 -0.02649600
v -0.01806100 -0.02003200 -0.02672000
v -0.01806100 -0.02003200 -0.02672000
v -0.01809500 -0.02010600 -0.02668300
v -0.01809500 -0.02010600 -0.02668300
v -0.01812800 -0.02017600 -0.02663100
v -0.01812800 -0.02017600 -0.02663100
v -0.01748800 -0.01879200 -0.02675000
v -0.01748800 -0.01879200 -0.02675000
v -0.01798500 -0.01986800 -0.02675000
v -0.01798500 -0.01986800 -0.02675000
v -0.00296200 -0.02549900 -0.03225000
v -0.00296200 -0.02549900 -0.03225000
v -0.00296200 -0.02549900 -0.03225000
v -0.00429300 -0.02838200 -0.03225000
v -0.00429300 -0.02838200 -0.02875000
v -0.00367900 -0.02705100 -0.02875000
v -0.00367900 -0.02705100 -0.02875000
v -0.00367900 -0.02705100 -0.02875000
v -0.00367900 -0.02705100 -0.02875000
v -0.00367900 -0.02705100 -0.02875000
v -0.00367900 -0.02705100 -0.02875000
v -0.00367900 -0.02705100 -0.02875000
v -0.00367900 -0.02705100 -0.02875000
v -0.00367900 -0.02705100 -0.02625000
v -0.00366700 -0.02702600 -0.02641000
v -0.00366700 -0.02702600 -0.02641000
v -0.00364900 -0.02698700 -0.02650000
v -0.00364900 -0.02698700 -0.02650000
v -0.00363400 -0.02695500 -0.02655200
v -0.00363400 -0.02695500 -0.02655200
v -0.00358300 -0.02684300 -0.02666300
v -0.00358300 -0.02684300 -0.02666300
v -0.00429300 -0.02838200 -0.02875000
v -0.00367900 -0.02705100 -0.02875000
v -0.00345900 -0.02657600 -0.02675000
v -0.00345900 -0.02657600 -0.02675000
v -0.00296200 -0.02549900 -0.02675000
v -0.00356900 -0.02681300 -0.02668300
v -0.00356900 -0.02681300 -0.02668300
v -0.00351700 -0.02670000 -0.02673200
v -0.00351700 -0.02670000 -0.02673200
v -0.00296200 -0.02549900 -0.02675000
v -0.00345900 -0.02657600 -0.02675000
v -0.00545300 -0.02623900 -0.02675000
v -0.01565000 -0.02175600 -0.02675000
v -0.01585600 -0.01997100 -0.02675000
v -0.01374900 -0.02300400 -0.02675000
v -0.01336800 -0.02171500 -0.02675000
v -0.01174800 -0.02408800 -0.02675000
v -0.01069000 -0.02315100 -0.02675000
v -0.00966300 -0.02499700 -0.02675000
v -0.00786000 -0.02425800 -0.02675000
v -0.01798500 -0.01986800 -0.02675000
v -0.01748800 -0.01879200 -0.02675000
v -0.01742700 -0.01861600 -0.02675000
v -0.00286900 -0.02533800 -0.02675000
v -0.00491800 -0.02502100 -0.02675000
v -0.00750900 -0.02572700 -0.02675000
v -0.01820200 -0.02033600 -0.02633700
v -0.01817600 -0.02028200 -0.02649600
v -0.01590300 -0.02210700 -0.02650000
v -0.01812800 -0.02017600 -0.02663100
v -0.01809500 -0.02010600 -0.02668300
v -0.01579600 -0.02195800 -0.02668300
v -0.01806100 -0.02003200 -0.02672000
v -0.00366700 -0.02702600 -0.02641000
v -0.00366700 -0.02702600 -0.02641000
v -0.00363400 -0.02695500 -0.02655200
v -0.00364900 -0.02698700 -0.02650000
v -0.00554100 -0.02666300 -0.02650000
v -0.00351700 -0.02670000 -0.02673200
v -0.00356900 -0.02681300 -0.02668300
v -0.00550300 -0.02648400 -0.02668300
v -0.00358300 -0.02684300 -0.02666300
v -0.00358300 -0.02684300 -0.02666300
v -0.00550300 -0.02648400 -0.02668300
v -0.00757900 -0.02596700 -0.02668300
v -0.00975400 -0.02523000 -0.02668300
v -0.01185800 -0.02431200 -0.02668300
v -0.01387700 -0.02321900 -0.02668300
v -0.00763000 -0.02614200 -0.02650000
v -0.00757900 -0.02596700 -0.02668300
v -0.00982000 -0.02540100 -0.02650000
v -0.00975400 -0.02523000 -0.02668300
v -0.01193800 -0.02447700 -0.02650000
v -0.01185800 -0.02431200 -0.02668300
v -0.01397100 -0.02337600 -0.02650000
v -0.01387700 -0.02321900 -0.02668300
v -0.01590300 -0.02210700 -0.02650000
v -0.01590300 -0.02210700 -0.02650000
v -0.01579600 -0.02195800 -0.02668300
v -0.01817600 -0.02028200 -0.02649600
v -0.00554100 -0.02666300 -0.02650000
v -0.00763000 -0.02614200 -0.02650000
v -0.00982000 -0.02540100 -0.02650000
v -0.01193800 -0.02447700 -0.02650000
v -0.01397100 -0.02337600 -0.02650000
v -0.00488100 -0.02483300 -0.02671200
v -0.00269800 -0.02515300 -0.02670700
v -0.00269800 -0.02515300 -0.02670700
v -0.00485000 -0.02467400 -0.02660300
v -0.00246400 -0.02500600 -0.02658400
v -0.00482900 -0.02456800 -0.02644100
v -0.00482900 -0.02456800 -0.02644100
v -0.00223900 -0.02493600 -0.02643700
v -0.00223900 -0.02493600 -0.02643700
v -0.00223900 -0.02493600 -0.02643700
v -0.00198000 -0.02492100 -0.02625400
v -0.00482900 -0.02456800 -0.02644100
v -0.01768500 -0.01767000 -0.02625400
v -0.01698000 -0.01834900 -0.02625000
v -0.01739600 -0.01836600 -0.02670700
v -0.01312500 -0.02132200 -0.02644100
v -0.01556900 -0.01960900 -0.02644100
v -0.01556900 -0.01960900 -0.02644100
v -0.01049600 -0.02273200 -0.02644100
v -0.00771700 -0.02381900 -0.02644100
v -0.00482900 -0.02456800 -0.02644100
v -0.00775100 -0.02392200 -0.02660300
v -0.00771700 -0.02381900 -0.02644100
v -0.01054100 -0.02283000 -0.02660300
v -0.01318200 -0.02141400 -0.02660300
v -0.01563600 -0.01969400 -0.02660300
v -0.01556900 -0.01960900 -0.02644100
v -0.01752900 -0.01787600 -0.02643700
v -0.01768500 -0.01767000 -0.02625400
v -0.00485000 -0.02467400 -0.02660300
v -0.00780100 -0.02407600 -0.02671200
v -0.00775100 -0.02392200 -0.02660300
v -0.01060900 -0.02297700 -0.02671200
v -0.01054100 -0.02283000 -0.02660300
v -0.01326700 -0.02155200 -0.02671200
v -0.01318200 -0.02141400 -0.02660300
v -0.01573700 -0.01982100 -0.02671200
v -0.01573700 -0.01982100 -0.02671200
v -0.01563600 -0.01969400 -0.02660300
v -0.01743600 -0.01809300 -0.02658400
v -0.00488100 -0.02483300 -0.02671200
v -0.00780100 -0.02407600 -0.02671200
v -0.01060900 -0.02297700 -0.02671200
v -0.01326700 -0.02155200 -0.02671200
v -0.01573700 -0.01982100 -0.02671200
v -0.01739600 -0.01836600 -0.02670700
v 0.01739700 0.01836600 -0.02670700
v 0.01740000 0.01829400 -0.02668100
v 0.01564300 0.01982000 -0.02668300
v 0.00269800 0.02515300 -0.02670700
v 0.00269800 0.02515300 -0.02670700
v 0.00246400 0.02500600 -0.02658400
v 0.00264100 0.02510900 -0.02668100
v 0.00298400 0.02507300 -0.02668300
v 0.00296200 0.02489100 -0.02650000
v 0.00296200 0.02489100 -0.02650000
v 0.00232600 0.02495600 -0.02649600
v 0.00232600 0.02495600 -0.02649600
v 0.00232600 0.02495600 -0.02649600
v 0.00198000 0.02492100 -0.02625400
v 0.01743600 0.01809300 -0.02658400
v 0.01748800 0.01795600 -0.02649600
v 0.01553000 0.01967700 -0.02650000
v 0.01768500 0.01767000 -0.02625400
v 0.01553000 0.01967700 -0.02650000
v 0.01768500 0.01767000 -0.02625400
v 0.01553000 0.01967700 -0.02650000
v 0.01393800 0.02083400 -0.02650000
v 0.01226100 0.02186400 -0.02650000
v 0.01050800 0.02275800 -0.02650000
v 0.00869000 0.02351200 -0.02650000
v 0.00681900 0.02412200 -0.02650000
v 0.00490600 0.02458200 -0.02650000
v 0.00494200 0.02476200 -0.02668300
v 0.00490600 0.02458200 -0.02650000
v 0.00686900 0.02429800 -0.02668300
v 0.00681900 0.02412200 -0.02650000
v 0.00875400 0.02368400 -0.02668300
v 0.00869000 0.02351200 -0.02650000
v 0.01058500 0.02292400 -0.02668300
v 0.01050800 0.02275800 -0.02650000
v 0.01235100 0.02202300 -0.02668300
v 0.01226100 0.02186400 -0.02650000
v 0.01404000 0.02098700 -0.02668300
v 0.01393800 0.02083400 -0.02650000
v 0.00298400 0.02507300 -0.02668300
v 0.00494200 0.02476200 -0.02668300
v 0.00686900 0.02429800 -0.02668300
v 0.00875400 0.02368400 -0.02668300
v 0.01058500 0.02292400 -0.02668300
v 0.01235100 0.02202300 -0.02668300
v 0.01404000 0.02098700 -0.02668300
v 0.01820200 0.02033600 -0.02633700
v 0.01817600 0.02028200 -0.02649600
v 0.01590300 0.02210700 -0.02650000
v 0.01812800 0.02017600 -0.02663100
v 0.01812800 0.02017600 -0.02663100
v 0.01809500 0.02010600 -0.02668300
v 0.01579600 0.02195800 -0.02668300
v 0.01806100 0.02003200 -0.02672000
v 0.00363400 0.02695500 -0.02655200
v 0.00364900 0.02698700 -0.02650000
v 0.00538500 0.02669500 -0.02650000
v 0.00366700 0.02702600 -0.02641000
v 0.00366700 0.02702600 -0.02641000
v 0.00351700 0.02670000 -0.02673200
v 0.00356900 0.02681300 -0.02668300
v 0.00534900 0.02651600 -0.02668300
v 0.00358300 0.02684300 -0.02666300
v 0.00757900 0.02596700 -0.02668300
v 0.00975400 0.02523000 -0.02668300
v 0.01185800 0.02431200 -0.02668300
v 0.01387700 0.02321900 -0.02668300
v 0.00763000 0.02614200 -0.02650000
v 0.00757900 0.02596700 -0.02668300
v 0.00982000 0.02540100 -0.02650000
v 0.00975400 0.02523000 -0.02668300
v 0.01193800 0.02447700 -0.02650000
v 0.01185800 0.02431200 -0.02668300
v 0.01397100 0.02337600 -0.02650000
v 0.01387700 0.02321900 -0.02668300
v 0.01590300 0.02210700 -0.02650000
v 0.01579600 0.02195800 -0.02668300
v 0.01817600 0.02028200 -0.02649600
v 0.01397100 0.02337600 -0.02650000
v 0.01193800 0.02447700 -0.02650000
v 0.00982000 0.02540100 -0.02650000
v 0.00763000 0.02614200 -0.02650000
v 0.00538500 0.02669500 -0.02650000
v -0.01748800 -0.01879200 -0.03225000
v -0.01742700 -0.01861600 -0.02675000
v -0.01739700 -0.01840000 -0.03225000
v -0.01739600 -0.01836600 -0.02670700
v -0.01746700 -0.01800300 -0.03225000
v -0.01743600 -0.01809300 -0.02658400
v -0.00246400 -0.02500600 -0.02658400
v -0.00197500 -0.02492200 -0.03225000
v -0.00237500 -0.02497200 -0.03225000
v -0.00246400 -0.02500600 -0.02658400
v -0.00237500 -0.02497200 -0.03225000
v -0.00272300 -0.02517500 -0.03225000
v -0.00269800 -0.02515300 -0.02670700
v -0.00286900 -0.02533800 -0.02675000
v -0.02000100 -0.02221800 -0.03225000
v -0.02000100 -0.02221800 -0.02875000
v -0.02000100 -0.02221800 -0.02875000
v -0.02000100 -0.02221800 -0.02875000
v -0.02000100 -0.02221800 -0.03225000
v -0.01953400 -0.02223700 -0.03225000
v -0.01953400 -0.02223700 -0.03225000
v -0.01953400 -0.02223700 -0.02875000
v -0.01953400 -0.02223700 -0.02875000
v -0.01953400 -0.02223700 -0.02875000
v -0.01953400 -0.02223700 -0.03225000
v -0.01910900 -0.02204200 -0.03225000
v -0.01910900 -0.02204200 -0.03225000
v -0.01910900 -0.02204200 -0.02875000
v -0.01910900 -0.02204200 -0.02875000
v -0.01910900 -0.02204200 -0.03225000
v -0.00438500 -0.02884100 -0.03225000
v -0.00438500 -0.02884100 -0.02875000
v -0.00438500 -0.02884100 -0.02875000
v -0.00438500 -0.02884100 -0.02875000
v -0.00438500 -0.02884100 -0.03225000
v -0.00425800 -0.02929000 -0.03225000
v -0.00425800 -0.02929000 -0.03225000
v -0.00425800 -0.02929000 -0.02875000
v -0.00425800 -0.02929000 -0.02875000
v -0.00425800 -0.02929000 -0.02875000
v -0.00425800 -0.02929000 -0.03225000
v -0.00394100 -0.02963300 -0.03225000
v -0.00394100 -0.02963300 -0.03225000
v -0.00394100 -0.02963300 -0.02875000
v -0.00394100 -0.02963300 -0.02875000
v -0.00394100 -0.02963300 -0.03225000
v 0.00246400 0.02500600 -0.02658400
v 0.00237500 0.02497200 -0.03225000
v 0.00197500 0.02492200 -0.03225000
v 0.00272300 0.02517500 -0.03225000
v 0.00286900 0.02533800 -0.02675000
v 0.00269800 0.02515300 -0.02670700
v 0.00264100 0.02510900 -0.02668100
v 0.00438500 0.02884100 -0.03225000
v 0.00438500 0.02884100 -0.02875000
v 0.00438500 0.02884100 -0.02875000
v 0.00438500 0.02884100 -0.02875000
v 0.00438500 0.02884100 -0.03225000
v 0.00425800 0.02929000 -0.03225000
v 0.00425800 0.02929000 -0.03225000
v 0.00425800 0.02929000 -0.02875000
v 0.00425800 0.02929000 -0.02875000
v 0.00425800 0.02929000 -0.02875000
v 0.00425800 0.02929000 -0.03225000
v 0.00394100 0.02963300 -0.03225000
v 0.00394100 0.02963300 -0.03225000
v 0.00394100 0.02963300 -0.02875000
v 0.00394100 0.02963300 -0.02875000
v 0.00394100 0.02963300 -0.03225000
v 0.00350200 0.02979500 -0.02875000
v 0.02000100 0.02221800 -0.03225000
v 0.02000100 0.02221800 -0.02875000
v 0.02000100 0.02221800 -0.02875000
v 0.02000100 0.02221800 -0.02875000
v 0.02000100 0.02221800 -0.03225000
v 0.01953400 0.02223700 -0.03225000
v 0.01953400 0.02223700 -0.03225000
v 0.01953400 0.02223700 -0.02875000
v 0.01953400 0.02223700 -0.02875000
v 0.01953400 0.02223700 -0.02875000
v 0.01953400 0.02223700 -0.03225000
v 0.01910900 0.02204200 -0.03225000
v 0.01910900 0.02204200 -0.03225000
v 0.01910900 0.02204200 -0.02875000
v 0.01910900 0.02204200 -0.02875000
v 0.01910900 0.02204200 -0.03225000
v 0.01742700 0.01861600 -0.02675000
v 0.01739700 0.01840000 -0.03225000
v 0.01746700 0.01800300 -0.03225000
v 0.01740000 0.01829400 -0.02668100
v 0.01739700 0.01836600 -0.02670700
v 0.01748800 0.01795600 -0.02649600
v 0.01743600 0.01809300 -0.02658400
v -0.02006800 -0.02162300 -0.03275000
v -0.02040800 -0.02198900 -0.03225000
v -0.02359300 -0.01853000 -0.03225000
v -0.02320000 -0.01822100 -0.03275000
v -0.02619900 -0.01461600 -0.03225000
v -0.02576200 -0.01437200 -0.03275000
v -0.02816100 -0.01034200 -0.03225000
v -0.02769200 -0.01017000 -0.03275000
v -0.02943100 -0.00581500 -0.03225000
v -0.02894000 -0.00571800 -0.03275000
v -0.02997800 -0.00114400 -0.03225000
v -0.02947800 -0.00112500 -0.03275000
v -0.02978900 0.00355400 -0.03225000
v -0.02929200 0.00349500 -0.03275000
v -0.02886700 0.00816500 -0.03225000
v -0.02838600 0.00802900 -0.03275000
v -0.02723700 0.01257600 -0.03225000
v -0.02678300 0.01236600 -0.03275000
v -0.02493700 0.01667800 -0.03225000
v -0.02452100 0.01640000 -0.03275000
v -0.02202500 0.02036900 -0.03225000
v -0.02165700 0.02003000 -0.03275000
v -0.01857100 0.02356100 -0.03225000
v -0.01826100 0.02316800 -0.03275000
v -0.01466100 0.02617300 -0.03225000
v -0.01441700 0.02573700 -0.03275000
v -0.01039100 0.02814300 -0.03225000
v -0.01021800 0.02767400 -0.03275000
v -0.00586600 0.02942100 -0.03225000
v -0.00576800 0.02893100 -0.03275000
v -0.00119700 0.02997600 -0.03225000
v -0.00117700 0.02947600 -0.03275000
v 0.00350200 0.02979500 -0.03225000
v 0.00344400 0.02929800 -0.03275000
v -0.01927400 -0.02146600 -0.03275000
v -0.01882000 -0.02167500 -0.03225000
v -0.01910900 -0.02204200 -0.03225000
v -0.01941800 -0.02164900 -0.03275000
v -0.01953400 -0.02223700 -0.03225000
v -0.01963100 -0.02174700 -0.03275000
v -0.02000100 -0.02221800 -0.03225000
v -0.01986400 -0.02173700 -0.03275000
v 0.00394100 0.02963300 -0.03225000
v 0.00366300 0.02921700 -0.03275000
v 0.00425800 0.02929000 -0.03225000
v 0.00382200 0.02904600 -0.03275000
v 0.00438500 0.02884100 -0.03225000
v 0.00388500 0.02882100 -0.03275000
v 0.00429300 0.02838200 -0.03225000
v 0.00384000 0.02859200 -0.03275000
v -0.01794200 -0.01858300 -0.03275000
v -0.01748800 -0.01879200 -0.03225000
v 0.00296200 0.02549900 -0.03225000
v 0.00250800 0.02570900 -0.03275000
v -0.01804300 -0.01802000 -0.03275000
v -0.01768900 -0.01766600 -0.03225000
v -0.01746700 -0.01800300 -0.03225000
v -0.01793200 -0.01818800 -0.03275000
v -0.01739700 -0.01840000 -0.03225000
v -0.01789700 -0.01838600 -0.03275000
v 0.00272300 0.02517500 -0.03225000
v 0.00238900 0.02554700 -0.03275000
v 0.00237500 0.02497200 -0.03225000
v 0.00221500 0.02544500 -0.03275000
v 0.00197500 0.02492200 -0.03225000
v 0.00201500 0.02542000 -0.03275000
v -0.01964100 -0.01546700 -0.03225000
v -0.02003400 -0.01577600 -0.03275000
v -0.00096500 0.02498100 -0.03225000
v -0.00098400 0.02548100 -0.03275000
v -0.02016100 -0.01446200 -0.03225000
v -0.02064000 -0.01460400 -0.03275000
v -0.02027200 -0.01333700 -0.03225000
v -0.02076900 -0.01329100 -0.03275000
v -0.01995800 -0.01225000 -0.03225000
v -0.02040300 -0.01202300 -0.03275000
v -0.00361900 0.02313600 -0.03225000
v -0.00408000 0.02332800 -0.03275000
v -0.00299500 0.02408000 -0.03225000
v -0.00335300 0.02442900 -0.03275000
v -0.00206700 0.02472500 -0.03225000
v -0.00226900 0.02518200 -0.03275000
v -0.02028500 -0.01002500 -0.03275000
v -0.01981600 -0.00985300 -0.03225000
v -0.01963600 -0.01106600 -0.03225000
v -0.02013600 -0.01103700 -0.03275000
v -0.00431200 0.02212400 -0.03225000
v -0.00465800 0.02248500 -0.03275000
v -0.00535200 0.02147300 -0.03225000
v -0.00552500 0.02194300 -0.03275000
v -0.02194300 -0.00552500 -0.03275000
v -0.02147300 -0.00535200 -0.03225000
v -0.00985300 0.01981600 -0.03225000
v -0.01002500 0.02028500 -0.03275000
v -0.02332800 -0.00408000 -0.03275000
v -0.02313600 -0.00361900 -0.03225000
v -0.02212400 -0.00431200 -0.03225000
v -0.02248500 -0.00465800 -0.03275000
v -0.01106600 0.01963600 -0.03225000
v -0.01103700 0.02013600 -0.03275000
v -0.01225000 0.01995800 -0.03225000
v -0.01202300 0.02040300 -0.03275000
v -0.02408000 -0.00299500 -0.03225000
v -0.02442900 -0.00335300 -0.03275000
v -0.02472500 -0.00206700 -0.03225000
v -0.02518200 -0.00226900 -0.03275000
v -0.02498100 -0.00096500 -0.03225000
v -0.02548100 -0.00098400 -0.03275000
v -0.01546700 0.01964100 -0.03225000
v -0.01577600 0.02003400 -0.03275000
v -0.01446200 0.02016100 -0.03225000
v -0.01460400 0.02064000 -0.03275000
v -0.01333700 0.02027200 -0.03225000
v -0.01329100 0.02076900 -0.03275000
v -0.02482500 0.00295400 -0.03225000
v -0.02532100 0.00301400 -0.03275000
v -0.02405700 0.00680100 -0.03225000
v -0.02453800 0.00693700 -0.03275000
v -0.02269700 0.01048000 -0.03225000
v -0.02315100 0.01069000 -0.03275000
v -0.02077900 0.01390100 -0.03225000
v -0.02119400 0.01417900 -0.03275000
v -0.01834900 0.01698000 -0.03225000
v -0.01871600 0.01732000 -0.03275000
v 0.02006800 0.02162300 -0.03275000
v 0.02040800 0.02198900 -0.03225000
v 0.02359300 0.01853000 -0.03225000
v 0.02320000 0.01822100 -0.03275000
v 0.02619900 0.01461500 -0.03225000
v 0.02576200 0.01437200 -0.03275000
v 0.02816100 0.01034200 -0.03225000
v 0.02769200 0.01017000 -0.03275000
v 0.02943100 0.00581500 -0.03225000
v 0.02894000 0.00571800 -0.03275000
v 0.02997800 0.00114400 -0.03225000
v 0.02947800 0.00112500 -0.03275000
v 0.02978900 -0.00355400 -0.03225000
v 0.02929200 -0.00349500 -0.03275000
v 0.02886700 -0.00816500 -0.03225000
v 0.02838600 -0.00802900 -0.03275000
v 0.02723700 -0.01257600 -0.03225000
v 0.02678300 -0.01236600 -0.03275000
v 0.02493700 -0.01667800 -0.03225000
v 0.02452100 -0.01640000 -0.03275000
v 0.02202500 -0.02036900 -0.03225000
v 0.02165700 -0.02003000 -0.03275000
v 0.01857100 -0.02356100 -0.03225000
v 0.01826100 -0.02316800 -0.03275000
v 0.01466100 -0.02617300 -0.03225000
v 0.01441700 -0.02573700 -0.03275000
v 0.01039100 -0.02814300 -0.03225000
v 0.01021800 -0.02767400 -0.03275000
v 0.00586600 -0.02942100 -0.03225000
v 0.00576800 -0.02893100 -0.03275000
v 0.00119700 -0.02997600 -0.03225000
v 0.00117700 -0.02947600 -0.03275000
v -0.00350200 -0.02979500 -0.03225000
v -0.00344400 -0.02929800 -0.03275000
v 0.01927400 0.02146600 -0.03275000
v 0.01882000 0.02167500 -0.03225000
v 0.01910900 0.02204200 -0.03225000
v 0.01941800 0.02164900 -0.03275000
v 0.01953400 0.02223700 -0.03225000
v 0.01963100 0.02174700 -0.03275000
v 0.02000100 0.02221800 -0.03225000
v 0.01986400 0.02173700 -0.03275000
v -0.00394100 -0.02963300 -0.03225000
v -0.00366300 -0.02921700 -0.03275000
v -0.00425800 -0.02929000 -0.03225000
v -0.00382200 -0.02904600 -0.03275000
v -0.00438500 -0.02884100 -0.03225000
v -0.00388500 -0.02882100 -0.03275000
v -0.00429300 -0.02838200 -0.03225000
v -0.00384000 -0.02859200 -0.03275000
v 0.01794200 0.01858300 -0.03275000
v 0.01748800 0.01879200 -0.03225000
v -0.00296200 -0.02549900 -0.03225000
v -0.00250800 -0.02570900 -0.03275000
v 0.01804300 0.01802000 -0.03275000
v 0.01768900 0.01766600 -0.03225000
v 0.01746700 0.01800300 -0.03225000
v 0.01793200 0.01818800 -0.03275000
v 0.01739700 0.01840000 -0.03225000
v 0.01789700 0.01838600 -0.03275000
v -0.00272300 -0.02517500 -0.03225000
v -0.00238900 -0.02554700 -0.03275000
v -0.00237500 -0.02497200 -0.03225000
v -0.00221500 -0.02544500 -0.03275000
v -0.00197500 -0.02492200 -0.03225000
v -0.00201500 -0.02542000 -0.03275000
v 0.01964100 0.01546700 -0.03225000
v 0.02003400 0.01577600 -0.03275000
v 0.00096500 -0.02498100 -0.03225000
v 0.00098400 -0.02548100 -0.03275000
v 0.02016100 0.01446200 -0.03225000
v 0.02064000 0.01460400 -0.03275000
v 0.02027200 0.01333700 -0.03225000
v 0.02076900 0.01329100 -0.03275000
v 0.01995800 0.01225000 -0.03225000
v 0.02040300 0.01202300 -0.03275000
v 0.00361900 -0.02313600 -0.03225000
v 0.00408000 -0.02332800 -0.03275000
v 0.00299500 -0.02408000 -0.03225000
v 0.00335300 -0.02442900 -0.03275000
v 0.00206700 -0.02472500 -0.03225000
v 0.00226900 -0.02518200 -0.03275000
v 0.02028500 0.01002500 -0.03275000
v 0.01981600 0.00985300 -0.03225000
v 0.01963600 0.01106600 -0.03225000
v 0.02013600 0.01103700 -0.03275000
v 0.00431200 -0.02212400 -0.03225000
v 0.00465800 -0.02248500 -0.03275000
v 0.00535200 -0.02147300 -0.03225000
v 0.00552500 -0.02194300 -0.03275000
v 0.02194300 0.00552500 -0.03275000
v 0.02147300 0.00535200 -0.03225000
v 0.00985300 -0.01981600 -0.03225000
v 0.01002500 -0.02028500 -0.03275000
v 0.02332800 0.00408000 -0.03275000
v 0.02313600 0.00361900 -0.03225000
v 0.02212400 0.00431200 -0.03225000
v 0.02248500 0.00465800 -0.03275000
v 0.01106600 -0.01963600 -0.03225000
v 0.01103700 -0.02013600 -0.03275000
v 0.01225000 -0.01995800 -0.03225000
v 0.01202300 -0.02040300 -0.03275000
v 0.02408000 0.00299500 -0.03225000
v 0.02442900 0.00335300 -0.03275000
v 0.02472500 0.00206700 -0.03225000
v 0.02518200 0.00226900 -0.03275000
v 0.02498100 0.00096500 -0.03225000
v 0.02548100 0.00098400 -0.03275000
v 0.01546700 -0.01964100 -0.03225000
v 0.01577600 -0.02003400 -0.03275000
v 0.01446200 -0.02016100 -0.03225000
v 0.01460400 -0.02064000 -0.03275000
v 0.01333700 -0.02027100 -0.03225000
v 0.01329100 -0.02076900 -0.03275000
v 0.02482500 -0.00295400 -0.03225000
v 0.02532100 -0.00301400 -0.03275000
v 0.02405700 -0.00680100 -0.03225000
v 0.02453800 -0.00693700 -0.03275000
v 0.02269700 -0.01048000 -0.03225000
v 0.02315100 -0.01069000 -0.03275000
v 0.02077900 -0.01390100 -0.03225000
v 0.02119400 -0.01417900 -0.03275000
v 0.01834900 -0.01698000 -0.03225000
v 0.01871600 -0.01732000 -0.03275000
v -0.02446300 0.00515500 -0.02530400
v -0.02434300 0.00569300 -0.02525000
v -0.02436700 0.00466800 -0.02525000
v -0.02396300 0.00369900 -0.02525000
v -0.02396300 0.00369900 -0.02525000
v -0.02468100 0.00397800 -0.02575000
v -0.02456700 0.00463100 -0.02545400
v -0.02220400 0.00264100 -0.02525000
v -0.02226300 0.00214500 -0.02575000
v -0.02319700 0.00298200 -0.02525000
v -0.02319700 0.00298200 -0.02525000
v -0.02345500 0.00255300 -0.02575000
v -0.02345500 0.00255300 -0.02575000
v -0.02437400 0.00341500 -0.02575000
v -0.02468100 0.00397800 -0.02575000
v -0.01947400 0.00455500 -0.02525000
v -0.01898800 0.00444100 -0.02575000
v -0.02002300 0.00348300 -0.02525000
v -0.01964600 0.00315400 -0.02575000
v -0.02100900 0.00279100 -0.02525000
v -0.02082900 0.00232500 -0.02575000
v -0.01868300 0.00713800 -0.02525000
v -0.01821600 0.00696000 -0.02575000
v -0.01755000 0.00959100 -0.02525000
v -0.01711100 0.00935200 -0.02575000
v -0.01609700 0.01187000 -0.02525000
v -0.01569400 0.01157300 -0.02575000
v -0.01641100 0.01518800 -0.02525000
v -0.01607100 0.01555500 -0.02575000
v -0.01575000 0.01418100 -0.02525000
v -0.01527800 0.01434700 -0.02575000
v -0.01563700 0.01298200 -0.02525000
v -0.01514200 0.01290800 -0.02575000
v -0.02012100 0.01483700 -0.02525000
v -0.01978800 0.01527900 -0.02530400
v -0.01935600 0.01552000 -0.02525000
v -0.01945800 0.01569700 -0.02545400
v -0.01835700 0.01584100 -0.02525000
v -0.01903500 0.01620700 -0.02575000
v -0.01840700 0.01633900 -0.02575000
v -0.01731400 0.01572400 -0.02525000
v -0.01715500 0.01619800 -0.02575000
v 0.01963800 0.01068300 -0.02775000
v 0.01963800 0.01068300 -0.02775000
v 0.01948400 0.00976500 -0.02575000
v 0.01948400 0.00976500 -0.02575000
v 0.01948400 0.00976500 -0.02775000
v 0.01948400 0.00976500 -0.02575000
v 0.01948400 0.00976500 -0.02775000
v 0.01893000 0.00901600 -0.02575000
v 0.01893000 0.00901600 -0.02775000
v 0.01893000 0.00901600 -0.02575000
v 0.01893000 0.00901600 -0.02775000
v 0.01893000 0.00901600 -0.02775000
v 0.01809700 0.00859900 -0.02575000
v 0.01809700 0.00859900 -0.02575000
v 0.01809700 0.00859900 -0.02775000
v 0.01809700 0.00859900 -0.02575000
v 0.01809700 0.00859900 -0.02775000
v 0.01716500 0.00860400 -0.02575000
v 0.01716500 0.00860400 -0.02575000
v 0.01716500 0.00860400 -0.02575000
v 0.01716500 0.00860400 -0.02575000
v 0.01716500 0.00860400 -0.02775000
v 0.01716500 0.00860400 -0.02775000
v 0.01864600 0.00458300 -0.02575000
v 0.01864600 0.00458300 -0.02575000
v 0.01864600 0.00458300 -0.02775000
v 0.01864600 0.00458300 -0.02775000
v 0.01864600 0.00458300 -0.02775000
v 0.01935200 0.00519200 -0.02575000
v 0.01935200 0.00519200 -0.02775000
v 0.01935200 0.00519200 -0.02575000
v 0.01935200 0.00519200 -0.02775000
v 0.02025600 0.00541400 -0.02575000
v 0.02025600 0.00541400 -0.02775000
v 0.02025600 0.00541400 -0.02575000
v 0.02025600 0.00541400 -0.02775000
v 0.02116400 0.00520300 -0.02575000
v 0.02116400 0.00520300 -0.02775000
v 0.02116400 0.00520300 -0.02575000
v 0.02116400 0.00520300 -0.02775000
v 0.02116400 0.00520300 -0.02775000
v 0.02187700 0.00460400 -0.02575000
v 0.02187700 0.00460400 -0.02575000
v 0.00458300 -0.01864600 -0.02575000
v 0.00458300 -0.01864600 -0.02575000
v 0.00458300 -0.01864600 -0.02775000
v 0.00458300 -0.01864600 -0.02775000
v 0.00458300 -0.01864600 -0.02775000
v 0.00519200 -0.01935200 -0.02575000
v 0.00458300 -0.01864600 -0.02775000
v 0.00519200 -0.01935200 -0.02775000
v 0.00519200 -0.01935200 -0.02575000
v 0.00519200 -0.01935200 -0.02775000
v 0.00519200 -0.01935200 -0.02775000
v 0.00541400 -0.02025600 -0.02575000
v 0.00541400 -0.02025600 -0.02575000
v 0.00541400 -0.02025600 -0.02775000
v 0.00541400 -0.02025600 -0.02575000
v 0.00541400 -0.02025600 -0.02775000
v 0.00541400 -0.02025600 -0.02775000
v 0.00520300 -0.02116400 -0.02575000
v 0.00520300 -0.02116400 -0.02575000
v 0.00520300 -0.02116400 -0.02775000
v 0.00520300 -0.02116400 -0.02575000
v 0.00520300 -0.02116400 -0.02775000
v 0.00976500 -0.01948400 -0.02575000
v 0.00976500 -0.01948400 -0.02775000
v 0.00976500 -0.01948400 -0.02575000
v 0.00976500 -0.01948400 -0.02775000
v 0.00976500 -0.01948400 -0.02775000
v 0.00901600 -0.01893000 -0.02575000
v 0.00901600 -0.01893000 -0.02575000
v 0.00901600 -0.01893000 -0.02775000
v 0.00901600 -0.01893000 -0.02575000
v 0.00901600 -0.01893000 -0.02775000
v 0.00901600 -0.01893000 -0.02775000
v 0.00859900 -0.01809700 -0.02575000
v 0.00859900 -0.01809700 -0.02575000
v 0.00859900 -0.01809700 -0.02775000
v 0.00859900 -0.01809700 -0.02575000
v 0.00859900 -0.01809700 -0.02775000
v 0.00859900 -0.01809700 -0.02775000
v 0.00860400 -0.01716500 -0.02575000
v 0.00860400 -0.01716500 -0.02575000
v 0.00860400 -0.01716500 -0.02775000
v 0.00860400 -0.01716500 -0.02775000
v -0.01963800 -0.01068300 -0.02775000
v -0.01963800 -0.01068300 -0.02775000
v -0.01948400 -0.00976500 -0.02575000
v -0.01948400 -0.00976500 -0.02575000
v -0.01948400 -0.00976500 -0.02775000
v -0.01948400 -0.00976500 -0.02575000
v -0.01948400 -0.00976500 -0.02775000
v -0.01893000 -0.00901600 -0.02575000
v -0.01893000 -0.00901600 -0.02775000
v -0.01893000 -0.00901600 -0.02575000
v -0.01893000 -0.00901600 -0.02775000
v -0.01893000 -0.00901600 -0.02775000
v -0.01809700 -0.00859900 -0.02575000
v -0.01809700 -0.00859900 -0.02575000
v -0.01809700 -0.00859900 -0.02775000
v -0.01809700 -0.00859900 -0.02575000
v -0.01809700 -0.00859900 -0.02775000
v -0.01716500 -0.00860400 -0.02575000
v -0.01716500 -0.00860400 -0.02575000
v -0.01716500 -0.00860400 -0.02575000
v -0.01716500 -0.00860400 -0.02575000
v -0.01716500 -0.00860400 -0.02775000
v -0.01716500 -0.00860400 -0.02775000
v -0.01864600 -0.00458300 -0.02575000
v -0.01864600 -0.00458300 -0.02575000
v -0.01864600 -0.00458300 -0.02775000
v -0.01864600 -0.00458300 -0.02775000
v -0.01864600 -0.00458300 -0.02775000
v -0.01864600 -0.00458300 -0.02775000
v -0.01935200 -0.00519200 -0.02575000
v -0.01935200 -0.00519200 -0.02575000
v -0.01935200 -0.00519200 -0.02775000
v -0.01935200 -0.00519200 -0.02575000
v -0.01935200 -0.00519200 -0.02775000
v -0.02025600 -0.00541400 -0.02575000
v -0.02025600 -0.00541400 -0.02775000
v -0.02025600 -0.00541400 -0.02575000
v -0.02025600 -0.00541400 -0.02775000
v -0.02116400 -0.00520300 -0.02575000
v -0.02116400 -0.00520300 -0.02775000
v -0.02116400 -0.00520300 -0.02575000
v -0.02116400 -0.00520300 -0.02775000
v -0.00976500 0.01948400 -0.02575000
v -0.00976500 0.01948400 -0.02775000
v -0.00976500 0.01948400 -0.02575000
v -0.00976500 0.01948400 -0.02775000
v -0.00976500 0.01948400 -0.02775000
v -0.00901600 0.01893000 -0.02575000
v -0.00901600 0.01893000 -0.02575000
v -0.00901600 0.01893000 -0.02775000
v -0.00901600 0.01893000 -0.02575000
v -0.00901600 0.01893000 -0.02775000
v -0.00901600 0.01893000 -0.02775000
v -0.00859900 0.01809700 -0.02575000
v -0.00859900 0.01809700 -0.02575000
v -0.00859900 0.01809700 -0.02775000
v -0.00859900 0.01809700 -0.02575000
v -0.00859900 0.01809700 -0.02775000
v -0.00859900 0.01809700 -0.02775000
v -0.00860400 0.01716500 -0.02575000
v -0.00860400 0.01716500 -0.02575000
v -0.00860400 0.01716500 -0.02575000
v -0.00860400 0.01716500 -0.02575000
v -0.00860400 0.01716500 -0.02775000
v -0.00860400 0.01716500 -0.02775000
v -0.00458300 0.01864600 -0.02575000
v -0.00458300 0.01864600 -0.02575000
v -0.00458300 0.01864600 -0.02775000
v -0.00458300 0.01864600 -0.02775000
v -0.00458300 0.01864600 -0.02775000
v -0.00519200 0.01935200 -0.02575000
v -0.00519200 0.01935200 -0.02775000
v -0.00519200 0.01935200 -0.02575000
v -0.00519200 0.01935200 -0.02775000
v -0.00519200 0.01935200 -0.02775000
v -0.00541400 0.02025600 -0.02575000
v -0.00541400 0.02025600 -0.02575000
v -0.00541400 0.02025600 -0.02775000
v -0.00541400 0.02025600 -0.02575000
v -0.00541400 0.02025600 -0.02775000
v -0.00541400 0.02025600 -0.02775000
v -0.00520300 0.02116400 -0.02575000
v -0.00520300 0.02116400 -0.02575000
v -0.00520300 0.02116400 -0.02775000
v -0.00520300 0.02116400 -0.02575000
v -0.00520300 0.02116400 -0.02775000
v 0.00839700 -0.01628100 -0.02775000
v 0.00839700 -0.01628100 -0.02775000
v 0.00839700 -0.01628100 -0.02575000
v 0.00860700 -0.01669800 -0.02575000
v 0.00860700 -0.01669800 -0.02575000
v 0.00860700 -0.01669800 -0.02775000
v 0.00860700 -0.01669800 -0.02775000
v 0.00860700 -0.01669800 -0.02775000
v 0.00860700 -0.01669800 -0.02575000
v 0.00860400 -0.01716500 -0.02575000
v 0.00860400 -0.01716500 -0.02575000
v 0.00416700 -0.01783800 -0.02575000
v 0.00416700 -0.01783800 -0.02575000
v 0.00416700 -0.01783800 -0.02775000
v 0.00427800 -0.01829200 -0.02775000
v 0.00427800 -0.01829200 -0.02775000
v 0.00427800 -0.01829200 -0.02575000
v 0.00427800 -0.01829200 -0.02575000
v 0.00427800 -0.01829200 -0.02575000
v 0.00427800 -0.01829200 -0.02775000
v 0.01628100 0.00839700 -0.02775000
v 0.01628100 0.00839700 -0.02775000
v 0.01628100 0.00839700 -0.02575000
v 0.01669800 0.00860700 -0.02575000
v 0.01669800 0.00860700 -0.02575000
v 0.01669800 0.00860700 -0.02775000
v 0.01669800 0.00860700 -0.02775000
v 0.01669800 0.00860700 -0.02775000
v 0.01669800 0.00860700 -0.02575000
v 0.01783800 0.00416700 -0.02575000
v 0.01783800 0.00416700 -0.02575000
v 0.01783800 0.00416700 -0.02775000
v 0.01829200 0.00427800 -0.02775000
v 0.01829200 0.00427800 -0.02775000
v 0.01829200 0.00427800 -0.02575000
v 0.01829200 0.00427800 -0.02575000
v 0.01829200 0.00427800 -0.02575000
v 0.01829200 0.00427800 -0.02775000
v -0.00839700 0.01628100 -0.02775000
v -0.00839700 0.01628100 -0.02775000
v -0.00839700 0.01628100 -0.02575000
v -0.00860700 0.01669800 -0.02575000
v -0.00860700 0.01669800 -0.02575000
v -0.00860700 0.01669800 -0.02775000
v -0.00860700 0.01669800 -0.02775000
v -0.00860700 0.01669800 -0.02775000
v -0.00860700 0.01669800 -0.02575000
v -0.00416700 0.01783800 -0.02575000
v -0.00416700 0.01783800 -0.02575000
v -0.00416700 0.01783800 -0.02775000
v -0.00427800 0.01829200 -0.02775000
v -0.00427800 0.01829200 -0.02775000
v -0.00427800 0.01829200 -0.02575000
v -0.00427800 0.01829200 -0.02575000
v -0.00427800 0.01829200 -0.02575000
v -0.00427800 0.01829200 -0.02775000
v -0.01783800 -0.00416700 -0.02575000
v -0.01783800 -0.00416700 -0.02575000
v -0.01783800 -0.00416700 -0.02775000
v -0.01829200 -0.00427800 -0.02775000
v -0.01829200 -0.00427800 -0.02775000
v -0.01829200 -0.00427800 -0.02575000
v -0.01829200 -0.00427800 -0.02575000
v -0.01829200 -0.00427800 -0.02575000
v -0.01829200 -0.00427800 -0.02775000
v -0.01628100 -0.00839700 -0.02775000
v -0.01628100 -0.00839700 -0.02775000
v -0.01628100 -0.00839700 -0.02575000
v -0.01669800 -0.00860700 -0.02575000
v -0.01669800 -0.00860700 -0.02575000
v -0.01669800 -0.00860700 -0.02775000
v -0.01669800 -0.00860700 -0.02775000
v -0.01669800 -0.00860700 -0.02775000
v -0.01669800 -0.00860700 -0.02575000
v 0.00130600 -0.02376400 -0.02145000
v -0.00078400 -0.02678800 -0.02145000
v 0.00375500 -0.02653600 -0.02145000
v -0.01894200 0.01623600 -0.02145000
v -0.01894200 0.01623600 -0.02145000
v -0.01797000 0.01988200 -0.02145000
v -0.01797000 0.01988200 -0.02145000
v -0.01982300 0.01581500 -0.02145000
v -0.01982300 0.01581500 -0.02145000
v -0.02107200 0.01656000 -0.02145000
v -0.02107200 0.01656000 -0.02145000
v -0.02107200 0.01656000 -0.02145000
v -0.02052300 0.01513400 -0.02145000
v -0.02052300 0.01513400 -0.02145000
v -0.02237600 0.01222900 -0.02145000
v -0.02237600 0.01222900 -0.02145000
v -0.02356700 0.01276000 -0.02145000
v -0.02356700 0.01276000 -0.02145000
v -0.02382100 0.00910100 -0.02145000
v -0.02382100 0.00910100 -0.02145000
v -0.02538500 0.00859400 -0.02145000
v -0.02538500 0.00859400 -0.02145000
v -0.02538500 0.00859400 -0.02145000
v -0.02483000 0.00580700 -0.02145000
v -0.02483000 0.00580700 -0.02145000
v -0.02483000 0.00580700 -0.02145000
v -0.02647200 0.00418000 -0.02145000
v -0.02647200 0.00418000 -0.02145000
v -0.02647200 0.00418000 -0.02145000
v -0.02489500 0.00483200 -0.02145000
v -0.02489500 0.00483200 -0.02145000
v 0.02280800 0.00679800 -0.02145000
v 0.02280800 0.00679800 -0.02145000
v 0.02280800 0.00679800 -0.02145000
v 0.02514900 0.00926100 -0.02145000
v 0.02514900 0.00926100 -0.02145000
v 0.02514900 0.00926100 -0.02145000
v 0.02121700 0.01078300 -0.02145000
v 0.02121700 0.01078300 -0.02145000
v 0.02427300 0.01136000 -0.02145000
v 0.02427300 0.01136000 -0.02145000
v 0.02427300 0.01136000 -0.02145000
v 0.01893600 0.01441800 -0.02145000
v 0.01893600 0.01441800 -0.02145000
v 0.02200400 0.01529900 -0.02145000
v 0.02200400 0.01529900 -0.02145000
v 0.01603900 0.01758400 -0.02145000
v 0.01910200 0.01879800 -0.02145000
v 0.01910200 0.01879800 -0.02145000
v 0.01262000 0.02017800 -0.02145000
v 0.01262000 0.02017800 -0.02145000
v 0.01565000 0.02175600 -0.02145000
v 0.01565000 0.02175600 -0.02145000
v 0.00879200 0.02211700 -0.02145000
v 0.00879200 0.02211700 -0.02145000
v 0.01174800 0.02408800 -0.02145000
v 0.01174800 0.02408800 -0.02145000
v 0.01174800 0.02408800 -0.02145000
v 0.00467700 0.02333600 -0.02145000
v 0.00467700 0.02333600 -0.02145000
v 0.00467700 0.02333600 -0.02145000
v -0.01708200 0.01699400 -0.02145000
v -0.01708200 0.01699400 -0.02145000
v -0.01542300 0.01812700 -0.02145000
v -0.01435100 0.02263300 -0.02145000
v -0.01435100 0.02263300 -0.02145000
v -0.01191700 0.02060200 -0.02145000
v -0.01191700 0.02060200 -0.02145000
v -0.01191700 0.02060200 -0.02145000
v -0.01032000 0.02473300 -0.02145000
v -0.01032000 0.02473300 -0.02145000
v -0.01032000 0.02473300 -0.02145000
v -0.00802400 0.02240700 -0.02145000
v -0.00802400 0.02240700 -0.02145000
v -0.00802400 0.02240700 -0.02145000
v -0.00599200 0.02612200 -0.02145000
v -0.00599200 0.02612200 -0.02145000
v -0.00386900 0.02348300 -0.02145000
v -0.00149100 0.02675800 -0.02145000
v -0.00149100 0.02675800 -0.02145000
v 0.00041000 0.02379600 -0.02145000
v 0.00041000 0.02379600 -0.02145000
v 0.00305300 0.02662600 -0.02145000
v 0.00305300 0.02662600 -0.02145000
v 0.00750900 0.02572700 -0.02145000
v 0.00750900 0.02572700 -0.02145000
v 0.00555200 -0.02314300 -0.02145000
v 0.00555200 -0.02314300 -0.02145000
v 0.00818500 -0.02551900 -0.02145000
v 0.00818500 -0.02551900 -0.02145000
v 0.00961800 -0.02177000 -0.02145000
v 0.00961800 -0.02177000 -0.02145000
v 0.00961800 -0.02177000 -0.02145000
v 0.01238000 -0.02376900 -0.02145000
v 0.01238000 -0.02376900 -0.02145000
v 0.01337100 -0.01968900 -0.02145000
v 0.01337100 -0.01968900 -0.02145000
v 0.01621900 -0.02133500 -0.02145000
v 0.01668900 -0.01696800 -0.02145000
v 0.01668900 -0.01696800 -0.02145000
v 0.01959100 -0.01828700 -0.02145000
v 0.01959100 -0.01828700 -0.02145000
v 0.01959100 -0.01828700 -0.02145000
v 0.01946500 -0.01369500 -0.02145000
v 0.01946500 -0.01369500 -0.02145000
v 0.01946500 -0.01369500 -0.02145000
v 0.02240000 -0.01471300 -0.02145000
v 0.02240000 -0.01471300 -0.02145000
v 0.02240000 -0.01471300 -0.02145000
v 0.02160800 -0.00997700 -0.02145000
v 0.02160800 -0.00997700 -0.02145000
v 0.02160800 -0.00997700 -0.02145000
v 0.02456400 -0.01071600 -0.02145000
v 0.02456400 -0.01071600 -0.02145000
v 0.02304800 -0.00593400 -0.02145000
v 0.02304800 -0.00593400 -0.02145000
v 0.02304800 -0.00593400 -0.02145000
v 0.02602200 -0.00641000 -0.02145000
v 0.02602200 -0.00641000 -0.02145000
v 0.02602200 -0.00641000 -0.02145000
v 0.02373900 -0.00169900 -0.02145000
v 0.02373900 -0.00169900 -0.02145000
v 0.02373900 -0.00169900 -0.02145000
v 0.02673100 -0.00192000 -0.02145000
v 0.02673100 -0.00192000 -0.02145000
v 0.02673100 -0.00192000 -0.02145000
v 0.02365800 0.00259200 -0.02145000
v 0.02365800 0.00259200 -0.02145000
v 0.02365800 0.00259200 -0.02145000
v 0.02667100 0.00262500 -0.02145000
v 0.02667100 0.00262500 -0.02145000
v 0.02667100 0.00262500 -0.02145000
v 0.02584400 0.00709500 -0.02145000
v 0.02584400 0.00709500 -0.02145000
v -0.00530000 -0.02627100 -0.02145000
v -0.00298300 -0.02361200 -0.02145000
v -0.00298300 -0.02361200 -0.02145000
v -0.00966300 -0.02499700 -0.02145000
v -0.00966300 -0.02499700 -0.02145000
v -0.00717500 -0.02269300 -0.02145000
v -0.00717500 -0.02269300 -0.02145000
v -0.01374900 -0.02300400 -0.02145000
v -0.01374900 -0.02300400 -0.02145000
v -0.01113300 -0.02103600 -0.02145000
v -0.01113300 -0.02103600 -0.02145000
v -0.01113300 -0.02103600 -0.02145000
v -0.01743900 -0.02035000 -0.02145000
v -0.01743900 -0.02035000 -0.02145000
v -0.01743900 -0.02035000 -0.02145000
v -0.01473000 -0.01869400 -0.02145000
v -0.01473000 -0.01869400 -0.02145000
v -0.01473000 -0.01869400 -0.02145000
v -0.02062700 -0.01711000 -0.02145000
v -0.02062700 -0.01711000 -0.02145000
v -0.02062700 -0.01711000 -0.02145000
v -0.01784700 -0.01574500 -0.02145000
v -0.01784700 -0.01574500 -0.02145000
v -0.01784700 -0.01574500 -0.02145000
v -0.02322200 -0.01337800 -0.02145000
v -0.02322200 -0.01337800 -0.02145000
v -0.02322200 -0.01337800 -0.02145000
v -0.02038400 -0.01228400 -0.02145000
v -0.02038400 -0.01228400 -0.02145000
v -0.02038400 -0.01228400 -0.02145000
v -0.02514900 -0.00926100 -0.02145000
v -0.02514900 -0.00926100 -0.02145000
v -0.02514900 -0.00926100 -0.02145000
v -0.02225900 -0.00842400 -0.02145000
v -0.02225900 -0.00842400 -0.02145000
v -0.02225900 -0.00842400 -0.02145000
v -0.02635200 -0.00487700 -0.02145000
v -0.02635200 -0.00487700 -0.02145000
v -0.02341000 -0.00429000 -0.02145000
v -0.02341000 -0.00429000 -0.02145000
v -0.02679800 -0.00035400 -0.02145000
v -0.02679800 -0.00035400 -0.02145000
v -0.02380000 -0.00001600 -0.02145000
v -0.02380000 -0.00001600 -0.02145000
v -0.02401400 0.00198100 -0.02145000
v -0.02401400 0.00198100 -0.02145000
v -0.02464300 0.00388900 -0.02145000
v -0.02464300 0.00388900 -0.02145000
v -0.02385500 0.00326300 -0.02405700
v -0.02352500 0.00208600 -0.02195000
v -0.02350900 0.00201100 -0.02325000
v -0.02352500 0.00208600 -0.02330900
v -0.02366600 0.00265700 -0.02372100
v -0.01684500 0.01655400 -0.02195000
v -0.01795500 0.01604200 -0.02405700
v -0.01737200 0.01629000 -0.02372200
v -0.01677700 0.01659000 -0.02325000
v -0.02352500 0.00208600 -0.02330900
v -0.02350900 0.00201100 -0.02325000
v -0.02347200 0.00199300 -0.02325000
v -0.02385500 0.00326300 -0.02405700
v -0.02366600 0.00265700 -0.02372100
v -0.02302600 0.00288700 -0.02425000
v -0.02302600 0.00288700 -0.02425000
v -0.02371600 0.00339600 -0.02425000
v -0.02385500 0.00326300 -0.02405700
v -0.02395600 0.00368900 -0.02425000
v -0.02418700 0.00409500 -0.02425000
v -0.02220400 0.00264100 -0.02425000
v -0.02232200 0.00164800 -0.02325000
v -0.01900900 0.00316300 -0.02325000
v -0.01850100 0.00432700 -0.02325000
v -0.01947400 0.00455500 -0.02425000
v -0.01947400 0.00455500 -0.02425000
v -0.01983800 0.00372300 -0.02425000
v -0.01900900 0.00316300 -0.02325000
v -0.02002300 0.00348300 -0.02425000
v -0.01990000 0.00225800 -0.02325000
v -0.02047400 0.00307700 -0.02425000
v -0.02105500 0.00173000 -0.02325000
v -0.02129900 0.00269900 -0.02425000
v -0.02100900 0.00279100 -0.02425000
v -0.01529200 0.01127600 -0.02325000
v -0.01609700 0.01187000 -0.02425000
v -0.01755000 0.00959100 -0.02425000
v -0.01667200 0.00911200 -0.02325000
v -0.01868300 0.00713800 -0.02425000
v -0.01774900 0.00678100 -0.02325000
v -0.01497200 0.01490500 -0.02325000
v -0.01573200 0.01592200 -0.02325000
v -0.01641100 0.01518800 -0.02425000
v -0.01586800 0.01446100 -0.02425000
v -0.01575000 0.01418100 -0.02425000
v -0.01462400 0.01368300 -0.02325000
v -0.01562000 0.01358900 -0.02425000
v -0.01473600 0.01241800 -0.02325000
v -0.01570000 0.01268500 -0.02425000
v -0.01563700 0.01298200 -0.02425000
v -0.01880300 0.01575500 -0.02425000
v -0.01834400 0.01584200 -0.02425000
v -0.01795500 0.01604200 -0.02405700
v -0.01796600 0.01584900 -0.02425000
v -0.01796600 0.01584900 -0.02425000
v -0.01737200 0.01629000 -0.02372200
v -0.01737200 0.01629000 -0.02372200
v -0.01713100 0.01565400 -0.02425000
v -0.01677700 0.01659000 -0.02325000
v -0.01674000 0.01657400 -0.02325000
v -0.01191700 0.02060200 -0.02145000
v -0.01542300 0.01812700 -0.02145000
v -0.01509900 0.01774600 -0.02195000
v -0.01166600 0.02016900 -0.02195000
v -0.01154100 0.02024100 -0.02195000
v -0.00802400 0.02240700 -0.02145000
v -0.00802400 0.02240700 -0.02145000
v -0.00785500 0.02193600 -0.02195000
v -0.00758100 0.02203200 -0.02195000
v -0.00758100 0.02203200 -0.02195000
v -0.00386900 0.02348300 -0.02145000
v -0.00386900 0.02348300 -0.02145000
v -0.00378800 0.02299000 -0.02195000
v -0.00335800 0.02305700 -0.02195000
v -0.00335800 0.02305700 -0.02195000
v 0.00041000 0.02379600 -0.02145000
v 0.00040200 0.02329600 -0.02195000
v 0.00098200 0.02327900 -0.02195000
v 0.00467700 0.02333600 -0.02145000
v 0.00467700 0.02333600 -0.02145000
v 0.00098200 0.02327900 -0.02195000
v 0.00457900 0.02284600 -0.02195000
v 0.00528800 0.02269200 -0.02195000
v 0.00879200 0.02211700 -0.02145000
v 0.00879200 0.02211700 -0.02145000
v 0.00528800 0.02269200 -0.02195000
v 0.00860700 0.02165200 -0.02195000
v 0.00941000 0.02131500 -0.02195000
v 0.01262000 0.02017800 -0.02145000
v 0.01262000 0.02017800 -0.02145000
v 0.00941000 0.02131500 -0.02195000
v 0.01235500 0.01975400 -0.02195000
v 0.01320400 0.01919700 -0.02195000
v 0.01603900 0.01758400 -0.02145000
v 0.01603900 0.01758400 -0.02145000
v 0.01320400 0.01919700 -0.02195000
v 0.01570200 0.01721500 -0.02195000
v 0.01653900 0.01641100 -0.02195000
v 0.01893600 0.01441800 -0.02145000
v 0.01893600 0.01441800 -0.02145000
v 0.01653900 0.01641100 -0.02195000
v 0.01853800 0.01411500 -0.02195000
v 0.01929900 0.01305500 -0.02195000
v 0.02121700 0.01078300 -0.02145000
v 0.02121700 0.01078300 -0.02145000
v 0.01929900 0.01305500 -0.02195000
v 0.02077100 0.01055700 -0.02195000
v 0.02138800 0.00924400 -0.02195000
v 0.02280800 0.00679800 -0.02145000
v 0.02280800 0.00679800 -0.02145000
v 0.02280800 0.00679800 -0.02145000
v 0.02138800 0.00924400 -0.02195000
v 0.02232900 0.00665500 -0.02195000
v 0.02273200 0.00511100 -0.02195000
v 0.02273200 0.00511100 -0.02195000
v 0.02365800 0.00259200 -0.02145000
v 0.02316100 0.00253700 -0.02195000
v 0.02328600 0.00080100 -0.02195000
v 0.02373900 -0.00169900 -0.02145000
v 0.02373900 -0.00169900 -0.02145000
v 0.02328600 0.00080100 -0.02195000
v 0.02324000 -0.00166300 -0.02195000
v 0.02303000 -0.00353700 -0.02195000
v 0.02304800 -0.00593400 -0.02145000
v 0.02304800 -0.00593400 -0.02145000
v 0.02015100 -0.01169800 -0.02195000
v 0.01946500 -0.01369500 -0.02145000
v 0.01946500 -0.01369500 -0.02145000
v 0.02160800 -0.00997700 -0.02145000
v 0.02160800 -0.00997700 -0.02145000
v 0.02303000 -0.00353700 -0.02195000
v 0.02256400 -0.00581000 -0.02195000
v 0.02197300 -0.00775200 -0.02195000
v 0.02197300 -0.00775200 -0.02195000
v 0.02115400 -0.00976700 -0.02195000
v 0.02015100 -0.01169800 -0.02195000
v 0.01905600 -0.01340700 -0.02195000
v 0.01762800 -0.01523600 -0.02195000
v 0.01668900 -0.01696800 -0.02145000
v 0.01633900 -0.01661100 -0.02195000
v 0.01633900 -0.01661100 -0.02195000
v 0.01337100 -0.01968900 -0.02145000
v 0.01449200 -0.01824500 -0.02195000
v 0.01337100 -0.01968900 -0.02145000
v 0.01309000 -0.01927500 -0.02195000
v 0.00961800 -0.02177000 -0.02145000
v 0.01085200 -0.02061800 -0.02195000
v 0.00941600 -0.02131300 -0.02195000
v 0.00941600 -0.02131300 -0.02195000
v 0.00555200 -0.02314300 -0.02145000
v 0.00683500 -0.02227500 -0.02195000
v 0.00555200 -0.02314300 -0.02145000
v 0.00543500 -0.02265700 -0.02195000
v 0.00130600 -0.02376400 -0.02145000
v 0.00257900 -0.02315700 -0.02195000
v 0.00127800 -0.02326500 -0.02195000
v 0.00127800 -0.02326500 -0.02195000
v -0.00298300 -0.02361200 -0.02145000
v -0.00176600 -0.02323300 -0.02195000
v -0.00298300 -0.02361200 -0.02145000
v -0.00292000 -0.02311600 -0.02195000
v -0.00717500 -0.02269300 -0.02145000
v -0.00604900 -0.02250100 -0.02195000
v -0.00702400 -0.02221600 -0.02195000
v -0.01113300 -0.02103600 -0.02145000
v -0.01113300 -0.02103600 -0.02145000
v -0.01012200 -0.02098600 -0.02195000
v -0.01089900 -0.02059400 -0.02195000
v -0.01089900 -0.02059400 -0.02195000
v -0.01473000 -0.01869400 -0.02145000
v -0.01473000 -0.01869400 -0.02145000
v -0.01384300 -0.01874200 -0.02195000
v -0.01442000 -0.01830200 -0.02195000
v -0.01442000 -0.01830200 -0.02195000
v -0.01784700 -0.01574500 -0.02145000
v -0.01708300 -0.01584500 -0.02195000
v -0.01747200 -0.01541400 -0.02195000
v -0.02038400 -0.01228400 -0.02145000
v -0.01972800 -0.01239700 -0.02195000
v -0.01995600 -0.01202600 -0.02195000
v -0.02225900 -0.00842400 -0.02145000
v -0.02168700 -0.00851800 -0.02195000
v -0.02179200 -0.00824700 -0.02195000
v -0.02341000 -0.00429000 -0.02145000
v -0.02330000 -0.00001600 -0.02195000
v -0.02380000 -0.00001600 -0.02145000
v -0.02291800 -0.00420000 -0.02195000
v -0.02289200 -0.00434300 -0.02195000
v -0.02352500 0.00208600 -0.02195000
v -0.02401400 0.00198100 -0.02145000
v -0.02418700 0.00409500 -0.02195000
v -0.02464300 0.00388900 -0.02145000
v -0.01894200 0.01623600 -0.02145000
v -0.01880300 0.01575500 -0.02195000
v -0.01684500 0.01655400 -0.02195000
v -0.01708200 0.01699400 -0.02145000
v -0.02489500 0.00483200 -0.02145000
v -0.02434300 0.00569300 -0.02195000
v -0.02483000 0.00580700 -0.02145000
v -0.02439700 0.00488100 -0.02195000
v -0.02439700 0.00488100 -0.02195000
v -0.02483000 0.00580700 -0.02145000
v -0.02436300 0.00465000 -0.02195000
v -0.01982300 0.01581500 -0.02145000
v -0.02052300 0.01513400 -0.02145000
v -0.02012100 0.01483700 -0.02195000
v -0.01934000 0.01552900 -0.02195000
v -0.01953800 0.01540500 -0.02195000
v -0.02405700 0.00680100 -0.02195000
v -0.02382100 0.00910100 -0.02145000
v -0.02335300 0.00892300 -0.02195000
v -0.02269700 0.01048000 -0.02195000
v -0.02237600 0.01222900 -0.02145000
v -0.02237600 0.01222900 -0.02145000
v -0.02269700 0.01048000 -0.02195000
v -0.02193700 0.01198900 -0.02195000
v -0.02077900 0.01390100 -0.02195000
v -0.02322200 -0.01337800 -0.02145000
v -0.02514900 -0.00926100 -0.02145000
v -0.02472600 -0.01157200 -0.02195000
v -0.02365500 -0.01362700 -0.02195000
v -0.02241500 -0.01558400 -0.02195000
v -0.02062700 -0.01711000 -0.02145000
v -0.02101200 -0.01742900 -0.02195000
v -0.01945800 -0.01914800 -0.02195000
v -0.01945800 -0.01914800 -0.02195000
v -0.01743900 -0.02035000 -0.02145000
v -0.01776400 -0.02073000 -0.02195000
v -0.01743900 -0.02035000 -0.02145000
v -0.01594200 -0.02216100 -0.02195000
v -0.01374900 -0.02300400 -0.02145000
v -0.01400500 -0.02343400 -0.02195000
v -0.00966300 -0.02499700 -0.02145000
v -0.01196800 -0.02453700 -0.02195000
v -0.00984400 -0.02546400 -0.02195000
v -0.00764900 -0.02620700 -0.02195000
v -0.00530000 -0.02627100 -0.02145000
v -0.00539900 -0.02676100 -0.02195000
v -0.00311000 -0.02712200 -0.02195000
v -0.00078400 -0.02678800 -0.02145000
v -0.00079900 -0.02728800 -0.02195000
v 0.00375500 -0.02653600 -0.02145000
v 0.00151900 -0.02725800 -0.02195000
v 0.00151900 -0.02725800 -0.02195000
v 0.00375500 -0.02653600 -0.02145000
v 0.00382500 -0.02703100 -0.02195000
v 0.00818500 -0.02551900 -0.02145000
v 0.00818500 -0.02551900 -0.02145000
v 0.00610300 -0.02660900 -0.02195000
v 0.00833800 -0.02599600 -0.02195000
v 0.01051200 -0.02519500 -0.02195000
v 0.01051200 -0.02519500 -0.02195000
v 0.01238000 -0.02376900 -0.02145000
v 0.01261100 -0.02421200 -0.02195000
v 0.01461900 -0.02305600 -0.02195000
v 0.01621900 -0.02133500 -0.02145000
v 0.01652200 -0.02173300 -0.02195000
v 0.01959100 -0.01828700 -0.02145000
v 0.01830500 -0.02025300 -0.02195000
v 0.01995700 -0.01862800 -0.02195000
v 0.01995700 -0.01862800 -0.02195000
v 0.01959100 -0.01828700 -0.02145000
v 0.02146500 -0.01686900 -0.02195000
v 0.02240000 -0.01471300 -0.02145000
v 0.02281800 -0.01498700 -0.02195000
v 0.02400700 -0.01299800 -0.02195000
v 0.02456400 -0.01071600 -0.02145000
v 0.02502300 -0.01091600 -0.02195000
v 0.02585800 -0.00875400 -0.02195000
v 0.02602200 -0.00641000 -0.02145000
v 0.02650800 -0.00653000 -0.02195000
v 0.02673100 -0.00192000 -0.02145000
v 0.02696600 -0.00425800 -0.02195000
v 0.02723000 -0.00195600 -0.02195000
v 0.02729800 0.00036000 -0.02195000
v 0.02667100 0.00262500 -0.02145000
v 0.02716900 0.00267400 -0.02195000
v 0.02584400 0.00709500 -0.02145000
v 0.02684400 0.00496800 -0.02195000
v 0.02632600 0.00722700 -0.02195000
v 0.02514900 0.00926100 -0.02145000
v 0.02561800 0.00943400 -0.02195000
v 0.02427300 0.01136000 -0.02145000
v 0.02472600 0.01157200 -0.02195000
v 0.02365500 0.01362700 -0.02195000
v 0.02200400 0.01529900 -0.02145000
v 0.02241500 0.01558400 -0.02195000
v 0.02101200 0.01742900 -0.02195000
v 0.01910200 0.01879800 -0.02145000
v 0.01910200 0.01879800 -0.02145000
v 0.01945800 0.01914800 -0.02195000
v 0.01945800 0.01914800 -0.02195000
v 0.01565000 0.02175600 -0.02145000
v 0.01565000 0.02175600 -0.02145000
v 0.01776400 0.02073000 -0.02195000
v 0.01594200 0.02216100 -0.02195000
v 0.01400500 0.02343400 -0.02195000
v 0.01400500 0.02343400 -0.02195000
v 0.01174800 0.02408800 -0.02145000
v 0.01174800 0.02408800 -0.02145000
v 0.01196800 0.02453700 -0.02195000
v 0.00984400 0.02546400 -0.02195000
v 0.00984400 0.02546400 -0.02195000
v 0.00750900 0.02572700 -0.02145000
v 0.00764900 0.02620600 -0.02195000
v 0.00539900 0.02676100 -0.02195000
v 0.00305300 0.02662600 -0.02145000
v 0.00305300 0.02662600 -0.02145000
v 0.00539900 0.02676100 -0.02195000
v 0.00311000 0.02712200 -0.02195000
v 0.00079900 0.02728800 -0.02195000
v -0.00149100 0.02675800 -0.02145000
v -0.00151900 0.02725800 -0.02195000
v -0.00599200 0.02612200 -0.02145000
v -0.00382500 0.02703100 -0.02195000
v -0.00610300 0.02660900 -0.02195000
v -0.00833800 0.02599500 -0.02195000
v -0.01032000 0.02473300 -0.02145000
v -0.01051200 0.02519500 -0.02195000
v -0.01435100 0.02263300 -0.02145000
v -0.01435100 0.02263300 -0.02145000
v -0.01051200 0.02519500 -0.02195000
v -0.01261100 0.02421200 -0.02195000
v -0.01461900 0.02305600 -0.02195000
v -0.01652200 0.02173300 -0.02195000
v -0.01797000 0.01988200 -0.02145000
v -0.01830500 0.02025300 -0.02195000
v -0.01995700 0.01862800 -0.02195000
v -0.02107200 0.01656000 -0.02145000
v -0.02146500 0.01686900 -0.02195000
v -0.02356700 0.01276000 -0.02145000
v -0.02281800 0.01498700 -0.02195000
v -0.02400700 0.01299800 -0.02195000
v -0.02502300 0.01091600 -0.02195000
v -0.02538500 0.00859400 -0.02145000
v -0.02585800 0.00875400 -0.02195000
v -0.02650800 0.00653000 -0.02195000
v -0.02647200 0.00418000 -0.02145000
v -0.02696600 0.00425800 -0.02195000
v -0.02679800 -0.00035400 -0.02145000
v -0.02723000 0.00195600 -0.02195000
v -0.02729800 -0.00036000 -0.02195000
v -0.02716900 -0.00267400 -0.02195000
v -0.02635200 -0.00487700 -0.02145000
v -0.02684400 -0.00496800 -0.02195000
v -0.02632600 -0.00722700 -0.02195000
v -0.02632600 -0.00722700 -0.02195000
v -0.02514900 -0.00926100 -0.02145000
v -0.02561800 -0.00943400 -0.02195000
vn 0.49208500 0.86998800 0.03120100
vn 0.38993200 0.92052500 0.02423000
vn 0.46360300 0.88590500 0.01562800
vn 0.47190800 -0.88162200 0.00675500
vn 0.45837000 -0.88876200 0.00000000
vn 0.54366400 -0.83915400 -0.01583600
vn 0.58791200 -0.80876900 -0.01587100
vn 0.59062600 -0.80673700 -0.01834500
vn 0.58758700 -0.80915900 0.00207900
vn 0.38742100 -0.92188000 0.00648000
vn 0.30686700 -0.95167800 0.01191400
vn 0.28830300 -0.95753900 0.00000000
vn 0.21151600 -0.97733000 0.00936900
vn 0.12638500 -0.99185100 0.01608200
vn 0.10864400 -0.99408100 0.00000000
vn 0.02838000 -0.99952400 0.01206800
vn -0.05849300 -0.99808900 0.01990800
vn -0.07475300 -0.99720200 0.00000000
vn -0.15564000 -0.98770800 0.01445500
vn -0.24124900 -0.97018200 0.02337500
vn -0.25561800 -0.96677800 0.00000000
vn -0.33439700 -0.94228400 0.01669200
vn -0.41581000 -0.90906500 0.02652400
vn -0.42793500 -0.90381000 0.00000000
vn -0.50174700 -0.86481300 0.01865300
vn -0.57605300 -0.81688800 0.02928600
vn -0.58578500 -0.81046600 0.00000000
vn -0.65202200 -0.75792700 0.02034800
vn -0.71659100 -0.69677200 0.03171400
vn -0.72395300 -0.68984900 0.00000000
vn -0.78010200 -0.62526900 0.02188000
vn -0.83260100 -0.55284100 0.03380700
vn -0.83777400 -0.54601700 0.00000000
vn -0.88164500 -0.47134700 0.02310400
vn -0.92011700 -0.39003000 0.03552100
vn -0.92340000 -0.38383800 0.00000000
vn -0.95319100 -0.30140200 0.02417400
vn -0.97593700 -0.21542100 0.03377700
vn -0.97797500 -0.20872400 0.00000000
vn -0.99219700 -0.12330000 0.01851400
vn -0.99646600 -0.08194500 0.01845100
vn -0.99950800 -0.03126500 -0.00232300
vn -0.99959900 0.01226100 0.02554000
vn -0.99768100 0.06309400 0.02552900
vn -0.98731500 0.15400200 0.03863200
vn -0.98769200 0.15641400 0.00000000
vn -0.96911400 0.24524800 0.02590500
vn -0.94205200 0.33319200 0.03899100
vn -0.94251100 0.33417500 0.00000000
vn -0.90758400 0.41906300 0.02601300
vn -0.85032100 0.52436700 0.04464000
vn -0.86562200 0.50069800 0.00000000
vn -0.72704800 0.68576000 0.03367800
vn -0.58834000 0.80801500 0.03112000
vn -0.64932600 0.75918800 0.04481700
vn -0.69533900 0.71552700 0.06725600
vn -0.77758000 0.62693400 0.04819500
vn -0.81405400 0.57626400 0.07236000
vn -0.42946300 0.90263300 0.02855800
vn -0.25589400 0.96635600 0.02598200
vn -0.33149500 0.94269200 0.03798200
vn -0.39217300 0.91812300 0.05701800
vn -0.49891800 0.86566000 0.04140100
vn -0.55311000 0.83078700 0.06215000
vn -0.07353500 0.99701800 0.02340500
vn 0.11138100 0.99356000 0.02081800
vn 0.03124000 0.99902700 0.03114300
vn -0.03628900 0.99824900 0.04671600
vn -0.15275600 0.98765900 0.03457000
vn -0.21791900 0.97458600 0.05189400
vn 0.29249400 0.95609400 0.01823000
vn 0.32483600 0.94507000 0.03638400
vn 0.21419000 0.97639900 0.02771800
vn 0.14672900 0.98830300 0.04157000
vn 0.55236800 0.83334100 0.02081000
vn 0.59823500 0.80119000 0.01449400
vn 0.65087200 0.75904900 0.01448100
vn 0.72181900 0.69179600 0.01990700
vn 0.71054600 0.70365100 0.00000000
vn 0.77923000 0.62662300 0.01206100
vn 0.83695800 0.54703000 0.01608100
vn 0.82708400 0.56207800 0.00000000
vn 0.88108400 0.47286600 0.00939000
vn 0.92341500 0.38361800 0.01191400
vn 0.91584300 0.40153500 0.00000000
vn 0.95297700 0.30297200 0.00647800
vn 0.97831300 0.20700200 0.00739400
vn 0.97379900 0.22741000 0.00000000
vn 0.99241800 0.12286500 0.00336200
vn 0.99513400 0.09844500 0.00406800
vn 0.99512400 0.09862800 0.00000000
vn 0.00000000 0.00000000 1.00000000
vn -0.00000200 0.00000800 1.00000000
vn -0.00000200 0.00000800 1.00000000
vn 0.00000000 -0.00000100 1.00000000
vn 0.00000000 -0.00000100 1.00000000
vn -0.00000200 0.00000800 1.00000000
vn 0.00000000 -0.00000100 1.00000000
vn 0.00000000 0.00000000 1.00000000
vn 0.00000100 -0.00000500 1.00000000
vn -0.00000000 0.00000200 1.00000000
vn -0.00000000 0.00000100 1.00000000
vn 0.00000000 0.00000000 1.00000000
vn 0.00000100 -0.00000500 1.00000000
vn 0.00000000 0.00000000 1.00000000
vn -0.00000000 0.00000100 1.00000000
vn -0.00000000 0.00000100 1.00000000
vn -0.00000000 0.00000100 1.00000000
vn 0.00000100 -0.00000300 1.00000000
vn -0.00000000 0.00000100 1.00000000
vn 0.00000000 -0.00000100 1.00000000
vn 0.00000000 0.00000000 1.00000000
vn -0.00000000 0.00000100 1.00000000
vn -0.00000200 0.00001200 1.00000000
vn 0.00000000 -0.00000100 1.00000000
vn 0.00000000 -0.00000100 1.00000000
vn 0.00000100 -0.00000300 1.00000000
vn -0.00000000 0.00000100 1.00000000
vn 0.00000000 -0.00000100 1.00000000
vn 0.00000100 -0.00000300 1.00000000
vn -0.00000000 0.00000100 1.00000000
vn 0.00000000 -0.00000100 1.00000000
vn 0.00000000 0.00000000 1.00000000
vn 0.00000000 -0.00000000 1.00000000
vn -0.00000200 0.00000900 1.00000000
vn 0.00000000 -0.00000100 1.00000000
vn 0.00000000 0.00000000 1.00000000
vn 0.00000000 -0.00000100 1.00000000
vn 0.00000000 0.00000000 1.00000000
vn 0.00000000 -0.00000000 1.00000000
vn -0.00000000 0.00000100 1.00000000
vn 0.00000000 -0.00000100 1.00000000
vn -0.00000000 0.00000100 1.00000000
vn 0.00000000 -0.00000100 1.00000000
vn -0.00000000 0.00000100 1.00000000
vn 0.00000000 -0.00000100 1.00000000
vn 0.00000000 0.00000000 1.00000000
vn 0.00000000 0.00000000 1.00000000
vn -0.00000000 0.00000100 1.00000000
vn 0.00000000 0.00000000 1.00000000
vn 0.00000100 -0.00000700 1.00000000
vn -0.00000000 0.00000200 1.00000000
vn 0.00000000 0.00000000 1.00000000
vn 0.00000100 -0.00000700 1.00000000
vn 0.00000000 0.00000000 1.00000000
vn -0.00000000 0.00000100 1.00000000
vn 0.00000000 0.00000000 1.00000000
vn 0.00000000 0.00000000 1.00000000
vn 0.00000000 0.00000000 1.00000000
vn 0.00000000 0.00000000 1.00000000
vn 0.00000000 -0.00000100 1.00000000
vn 0.00000000 0.00000000 1.00000000
vn -0.00000000 0.00000100 1.00000000
vn 0.00000000 0.00000000 1.00000000
vn 0.00000000 0.00000000 1.00000000
vn 0.00000000 0.00000000 1.00000000
vn 0.00000000 0.00000000 1.00000000
vn -0.00000000 0.00000100 1.00000000
vn -0.00000000 0.00000100 1.00000000
vn 0.00000000 0.00000000 1.00000000
vn -0.00000100 0.00000400 1.00000000
vn 0.00000000 0.00000000 1.00000000
vn -0.00000000 0.00000100 1.00000000
vn 0.00000000 0.00000000 1.00000000
vn 0.00000000 0.00000000 1.00000000
vn 0.00000000 -0.00000100 1.00000000
vn 0.00000000 0.00000000 1.00000000
vn 0.00000000 -0.00000100 1.00000000
vn -0.00000000 0.00000200 1.00000000
vn 0.00000000 0.00000000 1.00000000
vn 0.00000000 -0.00000100 1.00000000
vn 0.00000100 -0.00000500 1.00000000
vn -0.00000000 0.00000200 1.00000000
vn -0.00000200 0.00000900 1.00000000
vn 0.00000000 0.00000000 1.00000000
vn -0.00000000 0.00000100 1.00000000
vn 0.00000000 -0.00000100 1.00000000
vn -0.00000000 0.00000100 1.00000000
vn -0.00000200 0.00000900 1.00000000
vn 0.00000000 0.00000000 1.00000000
vn 0.00000000 -0.00000100 1.00000000
vn -0.00000200 0.00000900 1.00000000
vn 0.00000000 0.00000000 1.00000000
vn 0.00000000 -0.00000100 1.00000000
vn 0.00000000 -0.00000000 1.00000000
vn 0.00000000 -0.00000000 1.00000000
vn 0.00000000 0.00000000 1.00000000
vn -0.00000200 0.00000900 1.00000000
vn 0.00000000 -0.00000000 1.00000000
vn 0.00000000 -0.00000100 1.00000000
vn -0.00000200 0.00000900 1.00000000
vn 0.00000000 -0.00000100 1.00000000
vn 0.00000000 -0.00000000 1.00000000
vn -0.00000000 0.00000200 1.00000000
vn 0.00000100 -0.00000700 1.00000000
vn 0.00000100 -0.00000300 1.00000000
vn -0.00000000 0.00000200 1.00000000
vn 0.00000000 0.00000000 1.00000000
vn 0.00000100 -0.00000300 1.00000000
vn 0.00000000 0.00000000 1.00000000
vn -0.00000000 0.00000100 1.00000000
vn 0.00000100 -0.00000300 1.00000000
vn 0.00000000 0.00000000 1.00000000
vn 0.00000000 0.00000000 1.00000000
vn -0.00000000 0.00000100 1.00000000
vn 0.00000000 0.00000000 1.00000000
vn -0.00000000 0.00000100 1.00000000
vn 0.00000000 0.00000000 1.00000000
vn 0.00000000 0.00000000 1.00000000
vn 0.00000000 0.00000000 1.00000000
vn -0.00000100 0.00000400 1.00000000
vn 0.00000000 0.00000000 1.00000000
vn 0.00000000 -0.00000100 1.00000000
vn 0.00000000 -0.00000100 1.00000000
vn -0.00000100 0.00000400 1.00000000
vn 0.00000000 0.00000000 1.00000000
vn -0.00000000 0.00000200 1.00000000
vn 0.00000000 -0.00000100 1.00000000
vn 0.00000000 0.00000000 1.00000000
vn 0.00000000 0.00000000 1.00000000
vn -0.00000000 0.00000200 1.00000000
vn -0.00000000 0.00000200 1.00000000
vn 0.00000000 0.00000000 1.00000000
vn 0.00000000 0.00000000 1.00000000
vn -0.00000000 0.00000100 1.00000000
vn 0.00000000 0.00000000 1.00000000
vn 0.00000000 -0.00000000 1.00000000
vn -0.00000000 0.00000100 1.00000000
vn -0.00000000 0.00000100 1.00000000
vn -0.00000100 0.00000300 1.00000000
vn 0.00000000 0.00000000 1.00000000
vn -0.00000000 0.00000100 1.00000000
vn 0.00000000 -0.00000000 1.00000000
vn -0.00000000 0.00000100 1.00000000
vn 0.00000000 0.00000000 1.00000000
vn -0.00000100 0.00000300 1.00000000
vn 0.00000000 0.00000000 1.00000000
vn 0.00000000 -0.00000100 1.00000000
vn 0.00000000 -0.00000100 1.00000000
vn -0.00000000 0.00000000 1.00000000
vn -0.00000000 0.00000000 1.00000000
vn -0.00000000 0.00000000 1.00000000
vn 0.00000000 -0.00000000 1.00000000
vn 0.00000000 -0.00000000 1.00000000
vn 0.00000000 -0.00000100 1.00000000
vn -0.00000000 0.00000000 1.00000000
vn 0.00000000 0.00000000 1.00000000
vn 0.00000000 0.00000000 1.00000000
vn 0.00000000 -0.00000100 1.00000000
vn 0.00000000 0.00000000 1.00000000
vn -0.00000000 0.00000100 1.00000000
vn 0.00000000 0.00000000 1.00000000
vn 0.00000000 -0.00000100 1.00000000
vn 0.00000000 0.00000000 1.00000000
vn -0.00000000 0.00000100 1.00000000
vn 0.00000000 -0.00000100 1.00000000
vn 0.00000000 -0.00000000 1.00000000
vn -0.00000000 0.00000000 1.00000000
vn -0.00000000 0.00000100 1.00000000
vn 0.00000000 -0.00000100 1.00000000
vn -0.00000100 0.00000300 1.00000000
vn 0.00000000 0.00000000 1.00000000
vn 0.00000000 -0.00000100 1.00000000
vn 0.00000100 -0.00000300 1.00000000
vn 0.00000000 0.00000000 1.00000000
vn 0.00000100 -0.00000300 1.00000000
vn 0.00000100 -0.00000300 1.00000000
vn 0.00000000 0.00000000 1.00000000
vn 0.00000000 -0.00000100 1.00000000
vn -0.00000000 0.00000100 1.00000000
vn 0.00000000 0.00000000 1.00000000
vn 0.00000000 -0.00000100 1.00000000
vn 0.00000000 -0.00000100 1.00000000
vn -0.00000000 0.00000100 1.00000000
vn 0.00000000 -0.00000100 1.00000000
vn 0.00000000 -0.00000100 1.00000000
vn 0.00000000 -0.00000100 1.00000000
vn 0.00000000 0.00000000 1.00000000
vn -0.00000000 0.00000000 1.00000000
vn -0.00000000 0.00000100 1.00000000
vn 0.00000000 -0.00000100 1.00000000
vn -0.00000000 0.00000000 1.00000000
vn -0.00000000 0.00000100 1.00000000
vn 0.00000000 0.00000000 1.00000000
vn 0.00000000 -0.00000000 1.00000000
vn 0.00000000 -0.00000100 1.00000000
vn 0.00000000 0.00000000 1.00000000
vn 0.00000000 -0.00000100 1.00000000
vn 0.00000000 0.00000000 1.00000000
vn 0.00000000 0.00000000 1.00000000
vn 0.00000000 -0.00000100 1.00000000
vn 0.00000000 -0.00000100 1.00000000
vn 0.00000000 -0.00000100 1.00000000
vn 0.00000000 0.00000000 1.00000000
vn 0.00000000 0.00000000 1.00000000
vn 0.00000000 -0.00000100 1.00000000
vn 0.00000000 0.00000000 1.00000000
vn 0.00000000 0.00000000 1.00000000
vn 0.00000000 0.00000000 1.00000000
vn 0.00000000 0.00000000 1.00000000
vn 0.00000000 0.00000000 1.00000000
vn 0.00000000 -0.00000100 1.00000000
vn 0.00000000 -0.00000100 1.00000000
vn 0.00000000 -0.00000200 1.00000000
vn 0.00000000 0.00000000 1.00000000
vn 0.00000000 -0.00000100 1.00000000
vn 0.00000000 0.00000000 1.00000000
vn 0.00000000 0.00000000 1.00000000
vn 0.00000000 0.00000000 1.00000000
vn 0.00000000 0.00000000 1.00000000
vn 0.00000000 -0.00000200 1.00000000
vn 0.00000000 -0.00000200 1.00000000
vn 0.00000000 0.00000000 1.00000000
vn 0.00000000 0.00000000 1.00000000
vn 0.00000000 0.00000000 1.00000000
vn 0.00000000 0.00000000 1.00000000
vn 0.00000000 -0.00000100 1.00000000
vn 0.00000000 0.00000000 1.00000000
vn 0.00000000 0.00000000 1.00000000
vn 0.00000000 -0.00000200 1.00000000
vn 0.00000000 -0.00000200 1.00000000
vn 0.00000000 0.00000000 1.00000000
vn 0.00000000 0.00000000 1.00000000
vn 0.00000000 -0.00000200 1.00000000
vn -0.00000000 0.00000100 1.00000000
vn 0.00000000 0.00000000 1.00000000
vn 0.00000000 -0.00000100 1.00000000
vn 0.00000000 0.00000000 1.00000000
vn 0.00000000 -0.00000100 1.00000000
vn 0.00000000 0.00000000 1.00000000
vn 0.00000000 0.00000000 1.00000000
vn 0.00000000 0.00000000 1.00000000
vn -0.00000000 0.00000000 1.00000000
vn -0.00000000 0.00000100 1.00000000
vn -0.00000000 0.00000100 1.00000000
vn -0.00000000 0.00000000 1.00000000
vn 0.00000000 -0.00000100 1.00000000
vn -0.00000000 0.00000100 1.00000000
vn 0.00000000 -0.00000100 1.00000000
vn -0.00000000 0.00000000 1.00000000
vn 0.00000000 0.00000000 1.00000000
vn -0.00000000 0.00000100 1.00000000
vn -0.00000000 0.00000100 1.00000000
vn 0.00000000 0.00000000 1.00000000
vn -0.00000000 0.00000000 1.00000000
vn -0.00000000 0.00000100 1.00000000
vn 0.00000100 -0.00000600 1.00000000
vn 0.00000000 0.00000000 1.00000000
vn 0.00000000 0.00000000 1.00000000
vn -0.00000000 0.00000100 1.00000000
vn -0.00000000 0.00000100 1.00000000
vn 0.00000000 -0.00000100 1.00000000
vn 0.00000000 0.00000000 1.00000000
vn 0.00000000 0.00000000 1.00000000
vn -0.00000000 0.00000100 1.00000000
vn 0.00000000 0.00000000 1.00000000
vn 0.00000000 -0.00000100 1.00000000
vn 0.00000000 -0.00000100 1.00000000
vn -0.00000200 0.00001200 1.00000000
vn -0.00000200 0.00001200 1.00000000
vn -0.00000000 0.00000100 1.00000000
vn 0.00000000 -0.00000100 1.00000000
vn 0.00000000 0.00000000 1.00000000
vn 0.00000000 0.00000000 1.00000000
vn 0.00000000 -0.00000100 1.00000000
vn 0.00000000 0.00000000 1.00000000
vn 0.00000000 -0.00000100 1.00000000
vn -0.00000000 0.00000100 1.00000000
vn 0.00000000 -0.00000100 1.00000000
vn -0.00000000 0.00000100 1.00000000
vn 0.00000000 0.00000000 1.00000000
vn 0.00000100 -0.00000400 1.00000000
vn 0.00000000 -0.00000100 1.00000000
vn 0.00000000 -0.00000100 1.00000000
vn 0.00000000 0.00000000 1.00000000
vn 0.00000100 -0.00000400 1.00000000
vn -0.00000000 0.00000100 1.00000000
vn 0.00000000 -0.00000100 1.00000000
vn -0.00000000 0.00000100 1.00000000
vn 0.00000100 -0.00000400 1.00000000
vn 0.00000000 0.00000000 1.00000000
vn 0.00000100 -0.00000600 1.00000000
vn -0.00000000 0.00000000 1.00000000
vn 0.00000000 0.00000000 1.00000000
vn -0.00000000 0.00000100 1.00000000
vn 0.00000100 -0.00000600 1.00000000
vn 0.00000000 0.00000000 1.00000000
vn 0.00000000 0.00000000 1.00000000
vn -0.00000000 0.00000100 1.00000000
vn 0.00000000 0.00000000 1.00000000
vn 0.00000000 0.00000000 1.00000000
vn 0.00000000 -0.00000100 1.00000000
vn 0.00000000 -0.00000100 1.00000000
vn 0.00000000 -0.00000100 1.00000000
vn 0.00000000 0.00000000 1.00000000
vn 0.00000000 0.00000000 1.00000000
vn 0.00000000 0.00000000 1.00000000
vn 0.00000000 -0.00000100 1.00000000
vn 0.00000000 0.00000000 1.00000000
vn 0.00000000 -0.00000100 1.00000000
vn 0.00000000 0.00000000 1.00000000
vn 0.00000000 0.00000000 1.00000000
vn 0.00000000 -0.00000100 1.00000000
vn -0.00000000 0.00000100 1.00000000
vn 0.00000000 -0.00000100 1.00000000
vn 0.00000000 0.00000000 1.00000000
vn 0.00000000 -0.00000100 1.00000000
vn -0.00000000 0.00000100 1.00000000
vn 0.00000000 0.00000000 1.00000000
vn -0.00000000 0.00000100 1.00000000
vn 0.00000000 0.00000000 -1.00000000
vn -0.00000100 0.00000300 -1.00000000
vn 0.00000000 0.00000000 -1.00000000
vn -0.00000100 0.00000300 -1.00000000
vn -0.00000000 0.00000000 -1.00000000
vn -0.00000000 0.00000200 -1.00000000
vn 0.00000000 -0.00000100 -1.00000000
vn 0.00000000 0.00000000 -1.00000000
vn -0.00000000 0.00000000 -1.00000000
vn 0.00000000 0.00000000 -1.00000000
vn -0.00000000 0.00000100 -1.00000000
vn 0.00000000 0.00000000 -1.00000000
vn -0.00000000 0.00000100 -1.00000000
vn 0.00000000 -0.00000000 -1.00000000
vn -0.00000000 0.00000000 -1.00000000
vn 0.00000000 0.00000000 -1.00000000
vn 0.00000000 0.00000000 -1.00000000
vn -0.00000000 0.00000000 -1.00000000
vn 0.00000000 -0.00000200 -1.00000000
vn 0.00000000 0.00000000 -1.00000000
vn 0.00000000 -0.00000100 -1.00000000
vn 0.00000000 -0.00000000 -1.00000000
vn 0.00000000 0.00000000 -1.00000000
vn 0.00000000 -0.00000100 -1.00000000
vn 0.00000000 -0.00000100 -1.00000000
vn 0.00000000 0.00000000 -1.00000000
vn 0.00000000 0.00000000 -1.00000000
vn 0.00000100 -0.00000300 -1.00000000
vn 0.00000000 0.00000000 -1.00000000
vn 0.00000000 0.00000000 -1.00000000
vn -0.00000100 0.00000300 -1.00000000
vn 0.00000000 0.00000000 -1.00000000
vn 0.00000000 0.00000000 -1.00000000
vn 0.00000000 0.00000000 -1.00000000
vn 0.00000000 0.00000000 -1.00000000
vn 0.00000000 0.00000000 -1.00000000
vn 0.00000000 -0.00000000 -1.00000000
vn -0.00000000 0.00000200 -1.00000000
vn 0.00000000 0.00000000 -1.00000000
vn 0.00000100 -0.00000400 -1.00000000
vn 0.00000300 -0.00001400 -1.00000000
vn 0.00000000 0.00000000 -1.00000000
vn 0.00000000 0.00000000 -1.00000000
vn 0.00000300 -0.00001400 -1.00000000
vn 0.00000000 -0.00000000 -1.00000000
vn 0.00000000 -0.00000200 -1.00000000
vn 0.00000000 0.00000000 -1.00000000
vn -0.00000100 0.00000400 -1.00000000
vn 0.00000300 -0.00001400 -1.00000000
vn -0.00000100 0.00000400 -1.00000000
vn -0.00000100 0.00000400 -1.00000000
vn 0.00000000 -0.00000200 -1.00000000
vn 0.00000000 -0.00000100 -1.00000000
vn 0.00000000 0.00000000 -1.00000000
vn -0.00000000 0.00000100 -1.00000000
vn -0.00000100 0.00000300 -1.00000000
vn -0.00000000 0.00000100 -1.00000000
vn 0.00000200 -0.00000900 -1.00000000
vn 0.00000000 0.00000000 -1.00000000
vn 0.00000000 0.00000000 -1.00000000
vn 0.00000200 -0.00000900 -1.00000000
vn 0.00000000 0.00000000 -1.00000000
vn 0.00000200 -0.00000900 -1.00000000
vn 0.00000000 -0.00000100 -1.00000000
vn -0.00000000 0.00000000 -1.00000000
vn 0.00000000 -0.00000200 -1.00000000
vn -0.00000000 0.00000000 -1.00000000
vn 0.00000000 -0.00000100 -1.00000000
vn 0.00000000 0.00000000 -1.00000000
vn 0.00000000 0.00000000 -1.00000000
vn -0.00000000 0.00000000 -1.00000000
vn 0.00000000 -0.00000000 -1.00000000
vn -0.00000000 0.00000000 -1.00000000
vn 0.00000000 -0.00000100 -1.00000000
vn 0.00000000 -0.00000000 -1.00000000
vn 0.00000000 -0.00000200 -1.00000000
vn -0.00000000 0.00000100 -1.00000000
vn 0.00000000 0.00000000 -1.00000000
vn 0.00000000 -0.00000200 -1.00000000
vn 0.00000000 0.00000000 -1.00000000
vn 0.00000000 -0.00000000 -1.00000000
vn 0.00000000 -0.00000200 -1.00000000
vn 0.00000000 0.00000000 -1.00000000
vn 0.00000000 0.00000000 -1.00000000
vn -0.00000000 0.00000100 -1.00000000
vn 0.00000000 0.00000000 -1.00000000
vn 0.00000000 -0.00000000 -1.00000000
vn -0.00000000 0.00000100 -1.00000000
vn 0.00000000 -0.00000000 -1.00000000
vn 0.00000000 -0.00000200 -1.00000000
vn 0.00000000 0.00000000 -1.00000000
vn -0.00000100 0.00000500 -1.00000000
vn 0.00000000 -0.00000200 -1.00000000
vn 0.00000100 -0.00000300 -1.00000000
vn 0.00000000 0.00000000 -1.00000000
vn 0.00000100 -0.00000400 -1.00000000
vn -0.00000200 0.00000900 -1.00000000
vn -0.00000100 0.00000500 -1.00000000
vn -0.00000200 0.00000900 -1.00000000
vn 0.00000100 -0.00000300 -1.00000000
vn 0.00000100 -0.00000400 -1.00000000
vn 0.00000100 -0.00000300 -1.00000000
vn -0.00000000 0.00000200 -1.00000000
vn -0.00000200 0.00000900 -1.00000000
vn 0.00000100 -0.00000300 -1.00000000
vn -0.00000000 0.00000200 -1.00000000
vn 0.00000000 0.00000000 -1.00000000
vn 0.00000000 -0.00000100 -1.00000000
vn 0.00000000 0.00000000 -1.00000000
vn -0.00000000 0.00000100 -1.00000000
vn 0.00000000 -0.00000100 -1.00000000
vn -0.00000000 0.00000100 -1.00000000
vn -0.00000100 0.00000300 -1.00000000
vn 0.00000000 -0.00000000 -1.00000000
vn -0.00000000 0.00000100 -1.00000000
vn 0.00000000 0.00000000 -1.00000000
vn -0.00000000 0.00000000 -1.00000000
vn -0.00000000 0.00000200 -1.00000000
vn 0.00000000 -0.00000100 -1.00000000
vn -0.00000000 0.00000200 -1.00000000
vn 0.00000000 0.00000000 -1.00000000
vn 0.00000000 0.00000000 -1.00000000
vn 0.00000000 0.00000000 -1.00000000
vn -0.00000000 0.00000000 -1.00000000
vn -0.00000000 0.00000000 -1.00000000
vn 0.00000000 0.00000000 -1.00000000
vn 0.00000000 0.00000000 -1.00000000
vn 0.00000200 -0.00000900 -1.00000000
vn 0.00000000 0.00000000 -1.00000000
vn 0.00000100 -0.00000800 -1.00000000
vn -0.00000000 0.00000100 -1.00000000
vn 0.00000200 -0.00000900 -1.00000000
vn 0.00000200 -0.00000900 -1.00000000
vn 0.00000000 0.00000000 -1.00000000
vn -0.00000000 0.00000000 -1.00000000
vn -0.00000200 0.00001200 -1.00000000
vn 0.00000000 -0.00000100 -1.00000000
vn 0.00000000 -0.00000000 -1.00000000
vn 0.00000000 0.00000000 -1.00000000
vn 0.00000000 -0.00000000 -1.00000000
vn 0.00000000 -0.00000000 -1.00000000
vn -0.00000000 0.00000000 -1.00000000
vn -0.00000000 0.00000100 -1.00000000
vn 0.00000000 -0.00000000 -1.00000000
vn 0.00000000 -0.00000000 -1.00000000
vn 0.00000000 0.00000000 -1.00000000
vn 0.00000000 0.00000000 -1.00000000
vn 0.00000000 0.00000000 -1.00000000
vn -0.00000000 0.00000100 -1.00000000
vn 0.00000000 0.00000000 -1.00000000
vn 0.00000000 -0.00000100 -1.00000000
vn -0.00000000 0.00000100 -1.00000000
vn -0.00000000 0.00000100 -1.00000000
vn 0.00000000 0.00000000 -1.00000000
vn 0.00000000 -0.00000100 -1.00000000
vn -0.00000000 0.00000200 -1.00000000
vn 0.00000000 -0.00000200 -1.00000000
vn 0.00000000 0.00000000 -1.00000000
vn -0.00000000 0.00000100 -1.00000000
vn 0.00000000 0.00000000 -1.00000000
vn -0.00000000 0.00000000 -1.00000000
vn 0.00000000 0.00000000 -1.00000000
vn 0.00000000 -0.00000100 -1.00000000
vn -0.00000000 0.00000000 -1.00000000
vn 0.00000000 0.00000000 -1.00000000
vn 0.00000000 0.00000000 -1.00000000
vn 0.00000000 -0.00000100 -1.00000000
vn 0.00000000 -0.00000100 -1.00000000
vn 0.00000000 0.00000000 -1.00000000
vn 0.00000100 -0.00000500 -1.00000000
vn -0.00000000 0.00000200 -1.00000000
vn 0.00000000 0.00000000 -1.00000000
vn 0.00000000 0.00000000 -1.00000000
vn -0.00000100 0.00000500 -1.00000000
vn -0.00000100 0.00000500 -1.00000000
vn 0.00000000 0.00000000 -1.00000000
vn -0.00000100 0.00000500 -1.00000000
vn 0.00000000 0.00000000 -1.00000000
vn -0.00000000 0.00000100 -1.00000000
vn 0.00000000 -0.00000100 -1.00000000
vn 0.00000000 0.00000000 -1.00000000
vn 0.00000000 -0.00000100 -1.00000000
vn 0.00000000 0.00000000 -1.00000000
vn -0.00000000 0.00000100 -1.00000000
vn -0.00000100 0.00000300 -1.00000000
vn -0.00000000 0.00000100 -1.00000000
vn 0.00000100 -0.00000800 -1.00000000
vn 0.00000000 0.00000000 -1.00000000
vn 0.00000100 -0.00000800 -1.00000000
vn -0.00000100 0.00000300 -1.00000000
vn 0.00000000 0.00000000 -1.00000000
vn -0.00000000 0.00000000 -1.00000000
vn 0.00000000 0.00000000 -1.00000000
vn -0.00000000 0.00000000 -1.00000000
vn 0.00000000 -0.00000000 -1.00000000
vn 0.00000000 -0.00000000 -1.00000000
vn 0.00000000 0.00000000 -1.00000000
vn 0.00000000 -0.00000200 -1.00000000
vn -0.00000100 0.00000500 -1.00000000
vn 0.00000000 -0.00000000 -1.00000000
vn 0.00000000 0.00000000 -1.00000000
vn 0.00000100 -0.00000400 -1.00000000
vn 0.00000000 0.00000000 -1.00000000
vn 0.00000100 -0.00000400 -1.00000000
vn 0.00000000 0.00000000 -1.00000000
vn -0.00000100 0.00000300 -1.00000000
vn 0.00000000 0.00000000 -1.00000000
vn 0.00000100 -0.00000400 -1.00000000
vn 0.00000000 0.00000000 -1.00000000
vn 0.00000000 0.00000000 -1.00000000
vn 0.00000000 0.00000000 -1.00000000
vn 0.00000000 0.00000000 -1.00000000
vn 0.00000000 0.00000000 -1.00000000
vn 0.00000100 -0.00000300 -1.00000000
vn 0.00000000 0.00000000 -1.00000000
vn 0.00000000 0.00000000 -1.00000000
vn 0.00000100 -0.00000300 -1.00000000
vn 0.00000000 0.00000000 -1.00000000
vn 0.00000000 0.00000000 -1.00000000
vn 0.00000100 -0.00000500 -1.00000000
vn 0.00000000 0.00000000 -1.00000000
vn -0.00000000 0.00000200 -1.00000000
vn 0.00000100 -0.00000500 -1.00000000
vn 0.00000000 0.00000000 -1.00000000
vn 0.00000000 0.00000000 -1.00000000
vn 0.00000000 0.00000000 -1.00000000
vn 0.00000000 0.00000000 -1.00000000
vn 0.00000000 0.00000000 -1.00000000
vn -0.00000100 0.00000300 -1.00000000
vn 0.00000000 0.00000000 -1.00000000
vn -0.00000100 0.00000300 -1.00000000
vn 0.00000000 0.00000000 -1.00000000
vn 0.00000000 0.00000000 -1.00000000
vn 0.00000000 -0.00000200 -1.00000000
vn -0.00000000 0.00000100 -1.00000000
vn -0.00000000 0.00000000 -1.00000000
vn 0.00000000 -0.00000200 -1.00000000
vn 0.00000000 -0.00000200 -1.00000000
vn -0.00000000 0.00000100 -1.00000000
vn -0.00000000 0.00000100 -1.00000000
vn -0.00000000 0.00000100 -1.00000000
vn -0.00000000 0.00000000 -1.00000000
vn 0.00000000 -0.00000000 -1.00000000
vn -0.00000000 0.00000000 -1.00000000
vn -0.00000000 0.00000100 -1.00000000
vn 0.00000000 0.00000000 -1.00000000
vn -0.00000000 0.00000100 -1.00000000
vn 0.00000000 -0.00000000 -1.00000000
vn 0.00000000 0.00000000 -1.00000000
vn 0.00000000 -0.00000000 -1.00000000
vn 0.00000000 0.00000000 -1.00000000
vn 0.00000000 0.00000000 -1.00000000
vn 0.00000000 0.00000000 -1.00000000
vn 0.00000000 0.00000000 -1.00000000
vn 0.00000000 0.00000000 -1.00000000
vn -0.00000000 0.00000100 -1.00000000
vn 0.00000000 0.00000000 -1.00000000
vn 0.00000000 0.00000000 -1.00000000
vn -0.00000000 0.00000100 -1.00000000
vn 0.00000000 0.00000000 -1.00000000
vn 0.00000000 0.00000000 -1.00000000
vn 0.00000000 0.00000000 -1.00000000
vn 0.00000000 -0.00000000 -1.00000000
vn 0.00000000 0.00000000 -1.00000000
vn 0.00000000 -0.00000000 -1.00000000
vn 0.00000000 -0.00000000 -1.00000000
vn 0.00000000 0.00000000 -1.00000000
vn 0.00000000 -0.00000000 -1.00000000
vn 0.00000000 0.00000000 -1.00000000
vn 0.00000000 -0.00000000 -1.00000000
vn 0.00000000 0.00000000 -1.00000000
vn 0.00000000 0.00000000 -1.00000000
vn -0.00000000 0.00000000 -1.00000000
vn 0.00000000 0.00000000 -1.00000000
vn -0.00000000 0.00000000 -1.00000000
vn -0.00000000 0.00000100 -1.00000000
vn -0.00000100 0.00000300 -1.00000000
vn 0.00000000 -0.00000100 -1.00000000
vn 0.00000000 -0.00000000 -1.00000000
vn 0.00000000 -0.00000000 -1.00000000
vn -0.00000000 0.00000200 -1.00000000
vn -0.00000000 0.00000100 -1.00000000
vn -0.00000000 0.00000000 -1.00000000
vn 0.00000000 -0.00000100 -1.00000000
vn -0.00000000 0.00000100 -1.00000000
vn -0.00000000 0.00000200 -1.00000000
vn 0.00000000 -0.00000200 -1.00000000
vn 0.00000000 -0.00000200 -1.00000000
vn 0.00000000 -0.00000100 -1.00000000
vn -0.00000000 0.00000200 -1.00000000
vn -0.00000000 0.00000000 -1.00000000
vn -0.00000000 0.00000000 -1.00000000
vn -0.00000000 0.00000200 -1.00000000
vn 0.00000000 -0.00000100 -1.00000000
vn 0.00000000 -0.00000100 -1.00000000
vn 0.00000000 -0.00000100 -1.00000000
vn 0.00000000 -0.00000100 -1.00000000
vn 0.00000000 0.00000000 -1.00000000
vn -0.00000000 0.00000000 -1.00000000
vn 0.00000000 -0.00000100 -1.00000000
vn -0.00000000 0.00000100 -1.00000000
vn 0.00000000 0.00000000 -1.00000000
vn -0.00000000 0.00000100 -1.00000000
vn 0.00000000 0.00000000 -1.00000000
vn 0.00000000 0.00000000 -1.00000000
vn -0.00000000 0.00000000 -1.00000000
vn -0.00000000 0.00000100 -1.00000000
vn 0.00000100 -0.00000400 -1.00000000
vn -0.00000000 0.00000100 -1.00000000
vn 0.00000000 0.00000000 -1.00000000
vn -0.00000000 0.00000000 -1.00000000
vn 0.00000000 0.00000000 -1.00000000
vn -0.00000000 0.00000100 -1.00000000
vn 0.00000100 -0.00000400 -1.00000000
vn -0.00000000 0.00000100 -1.00000000
vn 0.00000100 -0.00000400 -1.00000000
vn 0.00000000 0.00000000 -1.00000000
vn -0.00000000 0.00000000 -1.00000000
vn 0.00000000 0.00000000 -1.00000000
vn -0.00000000 0.00000200 -1.00000000
vn 0.00000000 0.00000000 -1.00000000
vn -0.00000000 0.00000200 -1.00000000
vn 0.00000100 -0.00000300 -1.00000000
vn 0.00000000 0.00000000 -1.00000000
vn 0.00000100 -0.00000300 -1.00000000
vn 0.00000000 0.00000000 -1.00000000
vn 0.00000000 0.00000000 -1.00000000
vn -0.00000000 0.00000000 -1.00000000
vn 0.00000000 0.00000000 -1.00000000
vn -0.00000000 0.00000200 -1.00000000
vn 0.00000000 -0.00000000 -1.00000000
vn 0.00000000 0.00000000 -1.00000000
vn 0.00000000 -0.00000000 -1.00000000
vn 0.00000000 0.00000000 -1.00000000
vn 0.00000000 -0.00000000 -1.00000000
vn -0.00000100 0.00000300 -1.00000000
vn 0.00000000 0.00000000 -1.00000000
vn 0.00000000 -0.00000100 -1.00000000
vn -0.00000100 0.00000300 -1.00000000
vn 0.00000000 -0.00000100 -1.00000000
vn -0.00000000 0.00000200 -1.00000000
vn 0.00000100 -0.00000400 -1.00000000
vn 0.00000000 0.00000000 -1.00000000
vn 0.00000000 0.00000000 -1.00000000
vn 0.00000000 -0.00000100 -1.00000000
vn 0.00000000 0.00000000 -1.00000000
vn 0.00000000 0.00000000 -1.00000000
vn 0.00000000 0.00000000 -1.00000000
vn 0.00000000 -0.00000000 -1.00000000
vn 0.00000000 0.00000000 -1.00000000
vn 0.00000000 0.00000000 -1.00000000
vn 0.00000000 0.00000000 -1.00000000
vn 0.00000100 -0.00000300 -1.00000000
vn 0.00000100 -0.00000300 -1.00000000
vn 0.00000000 0.00000000 -1.00000000
vn 0.00000000 0.00000000 -1.00000000
vn 0.00000000 -0.00000100 -1.00000000
vn 0.00000100 -0.00000300 -1.00000000
vn 0.00000000 -0.00000100 -1.00000000
vn -0.00000200 0.00001200 -1.00000000
vn 0.00000000 0.00000000 -1.00000000
vn 0.00000000 0.00000000 -1.00000000
vn -0.00000200 0.00001200 -1.00000000
vn -0.00000000 0.00000000 -1.00000000
vn 0.00000000 -0.00000200 -1.00000000
vn -0.00000000 0.00000000 -1.00000000
vn 0.00000000 0.00000000 -1.00000000
vn 0.00000000 -0.00000200 -1.00000000
vn -0.00000000 0.00000000 -1.00000000
vn -0.00000000 0.00000200 -1.00000000
vn 0.00000000 -0.00000100 -1.00000000
vn -0.00000100 0.00000300 -1.00000000
vn 0.00000100 -0.00000400 -1.00000000
vn 0.00000000 -0.00000000 -1.00000000
vn -0.00000100 0.00000300 -1.00000000
vn -0.00000000 0.00000200 -1.00000000
vn 0.00000000 0.00000000 -1.00000000
vn 0.00000000 0.00000000 -1.00000000
vn -0.00000000 0.00000200 -1.00000000
vn -0.00000000 0.00000200 -1.00000000
vn 0.00000100 -0.00000400 -1.00000000
vn 0.00000000 0.00000000 -1.00000000
vn 0.00000000 0.00000000 -1.00000000
vn 0.00000000 0.00000000 -1.00000000
vn -0.99729600 -0.07326100 -0.00581500
vn -0.99728800 -0.07336800 -0.00583600
vn -0.99673700 0.08072200 0.00000000
vn -0.99673800 0.08070000 0.00000000
vn -0.99639900 0.08479100 -0.00001600
vn -0.95986000 -0.28047800 0.00000000
vn -0.97207700 -0.23458800 -0.00581600
vn -0.98402600 -0.17781100 -0.00867900
vn -0.98467900 0.17437900 0.00000000
vn -0.96295100 0.26967800 0.00000000
vn -0.96295100 0.26967800 0.00000000
vn 0.02270700 0.99973600 -0.00351500
vn 0.08073800 0.99673500 0.00000000
vn 0.08469900 0.99640700 -0.00002200
vn -0.28047100 0.95986200 0.00000000
vn -0.23463100 0.97206700 -0.00581800
vn 0.03330400 0.99943900 -0.00354600
vn 0.26965300 0.96295800 0.00000000
vn 0.26965400 0.96295700 0.00000000
vn 0.99729100 0.07332000 -0.00583200
vn 0.99729600 0.07326100 -0.00581500
vn 0.99673700 -0.08072200 0.00000000
vn 0.99673800 -0.08070000 0.00000000
vn 0.99639800 -0.08480200 0.00000000
vn 0.95986100 0.28047700 0.00000000
vn 0.97207800 0.23458700 -0.00581600
vn 0.98401800 0.17785700 -0.00869200
vn 0.98467500 -0.17439900 0.00000000
vn 0.96295100 -0.26967700 0.00000000
vn 0.96295100 -0.26967600 0.00000000
vn -0.02270700 -0.99973600 -0.00351500
vn -0.08073800 -0.99673500 0.00000000
vn -0.08478900 -0.99639900 0.00000000
vn 0.28047700 -0.95986100 0.00000000
vn 0.23458900 -0.97207700 -0.00582000
vn -0.03334400 -0.99943800 -0.00354400
vn -0.26967700 -0.96295100 0.00000000
vn -0.26967900 -0.96295000 0.00000000
vn 0.00000000 0.00000000 1.00000000
vn -0.00000000 0.00000000 1.00000000
vn 0.00000300 -0.00001500 1.00000000
vn -0.00000300 0.00001300 1.00000000
vn 0.00000000 0.00000000 1.00000000
vn -0.00000000 0.00000000 1.00000000
vn 0.00000000 0.00000000 1.00000000
vn 0.00000000 -0.00000200 1.00000000
vn 0.00000000 -0.00000100 1.00000000
vn 0.00000000 -0.00000200 1.00000000
vn 0.00000000 -0.00000100 1.00000000
vn -0.00000000 0.00000000 1.00000000
vn 0.00000000 -0.00000200 1.00000000
vn 0.00000000 -0.00000100 1.00000000
vn 0.00000000 -0.00000100 1.00000000
vn 0.00000000 0.00000000 1.00000000
vn 0.00000000 -0.00000100 1.00000000
vn -0.00000000 0.00000000 1.00000000
vn 0.00000000 0.00000000 1.00000000
vn -0.00000200 0.00000900 1.00000000
vn -0.00000000 0.00000000 1.00000000
vn 0.00000000 0.00000000 1.00000000
vn -0.00000200 0.00000900 1.00000000
vn -0.00000200 0.00000900 1.00000000
vn 0.00000000 0.00000000 1.00000000
vn 0.00000000 0.00000000 1.00000000
vn 0.00000000 0.00000000 1.00000000
vn 0.00000000 0.00000000 1.00000000
vn -0.00000300 0.00001300 1.00000000
vn 0.00000300 -0.00001500 1.00000000
vn -0.00000300 0.00001300 1.00000000
vn 0.00000000 0.00000000 1.00000000
vn -0.00000000 0.00000000 1.00000000
vn 0.00000000 0.00000000 1.00000000
vn 0.00000300 -0.00001500 1.00000000
vn 0.00000000 0.00000000 1.00000000
vn 0.00000000 0.00000000 1.00000000
vn 0.00000000 0.00000000 1.00000000
vn 0.00000000 0.00000000 1.00000000
vn 0.00000000 -0.00000000 1.00000000
vn 0.00000000 0.00000000 1.00000000
vn 0.00000000 0.00000000 1.00000000
vn 0.00000000 -0.00000000 1.00000000
vn -0.00000000 0.00000000 1.00000000
vn 0.00000000 -0.00000000 1.00000000
vn 0.00000000 -0.00000000 1.00000000
vn -0.00000000 0.00000000 1.00000000
vn 0.00000000 0.00000000 1.00000000
vn 0.00000000 0.00000000 1.00000000
vn 0.00000000 -0.00000100 1.00000000
vn -0.00000000 0.00000100 1.00000000
vn -0.00000000 0.00000100 1.00000000
vn -0.00000000 0.00000200 1.00000000
vn 0.00000000 0.00000000 1.00000000
vn 0.00000000 -0.00000100 1.00000000
vn -0.00000000 0.00000200 1.00000000
vn -0.00000000 0.00000100 1.00000000
vn 0.00000000 0.00000000 1.00000000
vn -0.00000000 0.00000200 1.00000000
vn 0.00000000 -0.00000100 1.00000000
vn 0.00000000 -0.00000100 1.00000000
vn 0.00000000 0.00000000 1.00000000
vn 0.00000000 0.00000000 1.00000000
vn 0.00000000 0.00000000 1.00000000
vn 0.00000000 0.00000000 1.00000000
vn 0.00000000 0.00000000 1.00000000
vn 0.00000000 0.00000000 1.00000000
vn 0.00000000 0.00000000 1.00000000
vn 0.00000000 -0.00000100 1.00000000
vn 0.00000000 0.00000000 1.00000000
vn 0.00000000 0.00000000 1.00000000
vn -0.00000000 0.00000100 1.00000000
vn 0.00000000 -0.00000100 1.00000000
vn 0.00000000 -0.00000100 1.00000000
vn -0.00000000 0.00000100 1.00000000
vn 0.00000000 0.00000000 1.00000000
vn 0.00000000 0.00000000 1.00000000
vn -0.00000000 0.00000100 1.00000000
vn 0.00000000 -0.00000000 1.00000000
vn 0.00000000 -0.00000000 1.00000000
vn 0.00000000 0.00000000 1.00000000
vn 0.00000000 0.00000000 1.00000000
vn 0.00000000 -0.00000000 1.00000000
vn 0.00000000 -0.00000100 1.00000000
vn 0.00000000 0.00000000 1.00000000
vn 0.00000000 0.00000000 1.00000000
vn 0.00000000 -0.00000100 1.00000000
vn 0.00000000 -0.00000100 1.00000000
vn 0.00000000 -0.00000000 1.00000000
vn 0.00000000 0.00000000 1.00000000
vn -0.00000000 0.00000000 1.00000000
vn 0.00000000 -0.00000000 1.00000000
vn 0.00000100 -0.00000600 -1.00000000
vn 0.00000000 0.00000000 -1.00000000
vn -0.00000000 0.00000100 -1.00000000
vn 0.00000200 -0.00000800 -1.00000000
vn 0.00000000 0.00000000 -1.00000000
vn 0.00000000 0.00000000 -1.00000000
vn -0.00000000 0.00000100 -1.00000000
vn 0.00000000 -0.00000100 -1.00000000
vn -0.00000000 0.00000100 -1.00000000
vn -0.00000000 0.00000100 -1.00000000
vn 0.00000000 -0.00000200 -1.00000000
vn 0.00000200 -0.00000800 -1.00000000
vn 0.00000100 -0.00000300 -1.00000000
vn 0.00000000 0.00000000 -1.00000000
vn 0.00000100 -0.00000400 -1.00000000
vn 0.00000100 -0.00000300 -1.00000000
vn 0.00000000 0.00000000 -1.00000000
vn 0.00000000 0.00000000 -1.00000000
vn 0.00000100 -0.00000300 -1.00000000
vn -0.00000000 0.00000200 -1.00000000
vn 0.00000100 -0.00000700 -1.00000000
vn 0.00000100 -0.00000400 -1.00000000
vn 0.00000000 0.00000000 -1.00000000
vn 0.00000000 0.00000000 -1.00000000
vn 0.00000000 -0.00000100 -1.00000000
vn 0.00000000 0.00000000 -1.00000000
vn -0.00000000 0.00000000 -1.00000000
vn 0.00000000 -0.00000100 -1.00000000
vn -0.00000100 0.00000700 -1.00000000
vn 0.00000000 0.00000000 -1.00000000
vn 0.00000000 0.00000000 -1.00000000
vn -0.00000100 0.00000700 -1.00000000
vn 0.00000000 0.00000000 -1.00000000
vn 0.00000000 0.00000000 -1.00000000
vn -0.00000100 0.00000700 -1.00000000
vn 0.00000000 0.00000000 -1.00000000
vn 0.00000000 0.00000000 -1.00000000
vn -0.00000100 0.00000500 -1.00000000
vn 0.00000000 -0.00000100 -1.00000000
vn -0.00000000 0.00000100 -1.00000000
vn 0.00000000 0.00000000 -1.00000000
vn -0.00000000 0.00000100 -1.00000000
vn 0.00000000 -0.00000100 -1.00000000
vn 0.00000000 0.00000000 -1.00000000
vn 0.00000000 -0.00000000 -1.00000000
vn -0.00000000 0.00000000 -1.00000000
vn 0.00000000 -0.00000100 -1.00000000
vn 0.00000000 -0.00000100 -1.00000000
vn 0.00000000 0.00000000 -1.00000000
vn 0.00000000 0.00000000 -1.00000000
vn -0.00000000 0.00000100 -1.00000000
vn -0.00000000 0.00000100 -1.00000000
vn 0.00000000 0.00000000 -1.00000000
vn 0.00000000 -0.00000000 -1.00000000
vn -0.00000000 0.00000100 -1.00000000
vn 0.00000000 0.00000000 -1.00000000
vn 0.00000000 -0.00000000 -1.00000000
vn 0.00000000 -0.00000100 -1.00000000
vn -0.00000000 0.00000100 -1.00000000
vn -0.00000000 0.00000100 -1.00000000
vn 0.00000000 -0.00000100 -1.00000000
vn 0.00000000 -0.00000100 -1.00000000
vn -0.00000000 0.00000100 -1.00000000
vn -0.00000000 0.00000200 -1.00000000
vn 0.00000000 0.00000000 -1.00000000
vn -0.00000000 0.00000200 -1.00000000
vn 0.00000200 -0.00000900 -1.00000000
vn 0.00000000 0.00000000 -1.00000000
vn -0.00000000 0.00000200 -1.00000000
vn 0.00000200 -0.00000900 -1.00000000
vn 0.00000000 -0.00000100 -1.00000000
vn -0.00000000 0.00000200 -1.00000000
vn -0.00000000 0.00000100 -1.00000000
vn 0.00000000 0.00000000 -1.00000000
vn 0.00000000 -0.00000200 -1.00000000
vn 0.00000000 0.00000000 -1.00000000
vn 0.00000000 -0.00000200 -1.00000000
vn 0.00000000 0.00000000 -1.00000000
vn -0.00000100 0.00000300 -1.00000000
vn -0.00000100 0.00000300 -1.00000000
vn 0.00000000 -0.00000100 -1.00000000
vn 0.00000000 -0.00000200 -1.00000000
vn -0.00000100 0.00000300 -1.00000000
vn 0.00000000 -0.00000100 -1.00000000
vn 0.00000100 -0.00000400 -1.00000000
vn 0.00000100 -0.00000400 -1.00000000
vn 0.00000000 0.00000000 -1.00000000
vn 0.00000000 -0.00000100 -1.00000000
vn 0.00000000 0.00000000 -1.00000000
vn 0.00000100 -0.00000400 -1.00000000
vn -0.00000200 0.00001000 -1.00000000
vn 0.00000000 0.00000000 -1.00000000
vn 0.00000000 0.00000000 -1.00000000
vn 0.00000000 0.00000000 -1.00000000
vn -0.00000000 0.00000200 -1.00000000
vn 0.00000100 -0.00000700 -1.00000000
vn 0.00000000 0.00000000 -1.00000000
vn -0.00000000 0.00000200 -1.00000000
vn 0.00000000 0.00000000 -1.00000000
vn 0.00000100 -0.00000300 -1.00000000
vn -0.00000200 0.00001000 -1.00000000
vn 0.00000100 -0.00000700 -1.00000000
vn 0.00000200 -0.00001000 -1.00000000
vn 0.00000100 -0.00000700 -1.00000000
vn -0.00000200 0.00001000 -1.00000000
vn -0.00000600 0.00003100 -1.00000000
vn 0.00000200 -0.00001000 -1.00000000
vn -0.00000200 0.00001000 -1.00000000
vn -0.00000300 0.00001300 -1.00000000
vn -0.00000600 0.00003100 -1.00000000
vn 0.00000200 -0.00001000 -1.00000000
vn -0.00000300 0.00001300 -1.00000000
vn 0.00000200 -0.00001100 -1.00000000
vn -0.00000600 0.00003100 -1.00000000
vn -0.00000300 0.00001300 -1.00000000
vn 0.00000200 -0.00001100 -1.00000000
vn 0.00000000 0.00000000 -1.00000000
vn 0.00000200 -0.00001100 -1.00000000
vn 0.00000000 0.00000000 -1.00000000
vn 0.00000000 -0.00000100 -1.00000000
vn 0.00000000 -0.00000100 -1.00000000
vn 0.00000000 0.00000000 -1.00000000
vn 0.00000100 -0.00000600 -1.00000000
vn -0.00000000 0.00000200 -1.00000000
vn 0.00000000 0.00000000 -1.00000000
vn 0.00000200 -0.00000900 -1.00000000
vn 0.00000000 -0.00000100 -1.00000000
vn 0.00000000 0.00000000 -1.00000000
vn -0.00000000 0.00000200 -1.00000000
vn -0.00000200 0.00001100 -1.00000000
vn 0.00000000 0.00000000 -1.00000000
vn -0.00000000 0.00000000 -1.00000000
vn 0.00000000 -0.00000100 -1.00000000
vn -0.00000100 0.00000500 -1.00000000
vn 0.00000000 0.00000000 -1.00000000
vn -0.00000100 0.00000500 -1.00000000
vn 0.00000000 0.00000000 -1.00000000
vn 0.00000000 0.00000000 -1.00000000
vn 0.00000000 0.00000000 -1.00000000
vn -0.00000000 0.00000200 -1.00000000
vn -0.00000000 0.00000200 -1.00000000
vn 0.00000000 0.00000000 -1.00000000
vn -0.00000200 0.00001000 -1.00000000
vn -0.00000000 0.00000200 -1.00000000
vn 0.00000000 0.00000000 -1.00000000
vn -0.00000200 0.00001000 -1.00000000
vn 0.00000000 0.00000000 -1.00000000
vn 0.00000000 0.00000000 -1.00000000
vn -0.00000000 0.00000100 -1.00000000
vn 0.00000000 0.00000000 -1.00000000
vn 0.00000000 0.00000000 -1.00000000
vn 0.00000000 0.00000000 -1.00000000
vn 0.00000100 -0.00000600 -1.00000000
vn 0.00000100 -0.00000600 -1.00000000
vn 0.00000000 0.00000000 -1.00000000
vn 0.00000000 0.00000000 -1.00000000
vn -0.00000100 0.00000700 -1.00000000
vn -0.00000100 0.00000700 -1.00000000
vn 0.00000100 -0.00000600 -1.00000000
vn 0.00000000 0.00000000 -1.00000000
vn -0.00000200 0.00001100 -1.00000000
vn 0.00000000 0.00000000 -1.00000000
vn 0.00000000 0.00000000 -1.00000000
vn -0.00000100 0.00000400 -1.00000000
vn 0.00000000 0.00000000 -1.00000000
vn -0.00000100 0.00000400 -1.00000000
vn 0.00000000 0.00000000 -1.00000000
vn -0.00000100 0.00000700 -1.00000000
vn 0.00000000 -0.00000100 -1.00000000
vn -0.00000100 0.00000700 -1.00000000
vn -0.00000100 0.00000400 -1.00000000
vn 0.00000100 -0.00000800 -1.00000000
vn 0.00000000 -0.00000100 -1.00000000
vn -0.00000100 0.00000700 -1.00000000
vn 0.00000000 -0.00000100 -1.00000000
vn 0.00000000 0.00000000 -1.00000000
vn 0.00000100 -0.00000800 -1.00000000
vn 0.00000100 -0.00000800 -1.00000000
vn 0.00000000 0.00000000 -1.00000000
vn 0.00000100 -0.00000700 -1.00000000
vn -0.00000300 0.00001300 -1.00000000
vn 0.00000100 -0.00000700 -1.00000000
vn 0.00000000 0.00000000 -1.00000000
vn -0.00000300 0.00001300 -1.00000000
vn 0.00000000 -0.00000200 -1.00000000
vn 0.00000100 -0.00000700 -1.00000000
vn 0.00000000 0.00000000 -1.00000000
vn 0.00000000 -0.00000200 -1.00000000
vn -0.00000000 0.00000200 -1.00000000
vn -0.00000300 0.00001300 -1.00000000
vn -0.00000000 0.00000200 -1.00000000
vn 0.00000000 0.00000000 -1.00000000
vn 0.00000000 -0.00000200 -1.00000000
vn -0.00000200 0.00001100 -1.00000000
vn 0.00000000 0.00000000 -1.00000000
vn 0.00000000 -0.00000100 -1.00000000
vn -0.00000000 0.00000100 -1.00000000
vn -0.00000000 0.00000100 -1.00000000
vn 0.00000000 -0.00000100 -1.00000000
vn 0.00000000 0.00000000 -1.00000000
vn 0.00000000 0.00000000 -1.00000000
vn 0.00000000 -0.00000100 -1.00000000
vn 0.00000100 -0.00000600 -1.00000000
vn 0.00000000 0.00000000 -1.00000000
vn 0.00000000 -0.00000100 -1.00000000
vn 0.00000100 -0.00000600 -1.00000000
vn 0.00000000 0.00000000 -1.00000000
vn 0.00000000 -0.00000100 -1.00000000
vn 0.00000000 -0.00000100 -1.00000000
vn 0.00000000 0.00000000 -1.00000000
vn -0.00000100 0.00000300 -1.00000000
vn 0.00000300 -0.00001500 -1.00000000
vn -0.00000100 0.00000300 -1.00000000
vn 0.00000000 0.00000000 -1.00000000
vn 0.00000100 -0.00000300 -1.00000000
vn -0.00000100 0.00000300 -1.00000000
vn 0.00000300 -0.00001500 -1.00000000
vn 0.00000100 -0.00000300 -1.00000000
vn 0.00000000 0.00000000 -1.00000000
vn 0.00000300 -0.00001500 -1.00000000
vn 0.00000100 -0.00000700 -1.00000000
vn 0.00000000 0.00000000 -1.00000000
vn -0.00000300 0.00001400 -1.00000000
vn 0.00000000 0.00000000 -1.00000000
vn 0.00000000 0.00000000 -1.00000000
vn -0.00000000 0.00000000 -1.00000000
vn 0.00000000 0.00000000 -1.00000000
vn 0.00000000 0.00000000 -1.00000000
vn -0.00000100 0.00000700 -1.00000000
vn 0.00000000 0.00000000 -1.00000000
vn 0.00000000 0.00000000 -1.00000000
vn 0.00000000 0.00000000 -1.00000000
vn 0.00000100 -0.00000400 -1.00000000
vn 0.00000000 0.00000000 -1.00000000
vn 0.00000100 -0.00000700 -1.00000000
vn 0.00000000 0.00000000 -1.00000000
vn 0.00000000 0.00000000 -1.00000000
vn 0.00000000 0.00000000 -1.00000000
vn 0.00000000 0.00000000 -1.00000000
vn 0.00000000 0.00000000 -1.00000000
vn 0.00000100 -0.00000600 -1.00000000
vn 0.00000100 -0.00000600 -1.00000000
vn 0.00000000 0.00000000 -1.00000000
vn 0.00000000 -0.00000100 -1.00000000
vn -0.00000000 0.00000000 -1.00000000
vn 0.00000000 0.00000000 -1.00000000
vn 0.00000000 -0.00000100 -1.00000000
vn -0.00000000 0.00000200 -1.00000000
vn 0.00000000 0.00000000 -1.00000000
vn 0.00000000 -0.00000100 -1.00000000
vn 0.00000000 0.00000000 -1.00000000
vn -0.00000000 0.00000100 -1.00000000
vn 0.00000200 -0.00000800 -1.00000000
vn 0.00000000 -0.00000200 -1.00000000
vn -0.00000100 0.00000400 -1.00000000
vn -0.00000000 0.00000100 -1.00000000
vn -0.00000100 0.00000400 -1.00000000
vn 0.00000000 -0.00000200 -1.00000000
vn 0.00000000 0.00000000 -1.00000000
vn -0.00000100 0.00000400 -1.00000000
vn -0.00000000 0.00000000 -1.00000000
vn 0.00000000 0.00000000 -1.00000000
vn -0.00000000 0.00000000 -1.00000000
vn 0.00000000 0.00000000 -1.00000000
vn -0.00000300 0.00001400 -1.00000000
vn 0.00000000 -0.00000200 -1.00000000
vn 0.00000000 0.00000000 -1.00000000
vn -0.00000300 0.00001400 -1.00000000
vn 0.00000000 -0.00000200 -1.00000000
vn 0.00000000 0.00000000 -1.00000000
vn 0.00000000 -0.00000200 -1.00000000
vn -0.00000000 0.00000100 -1.00000000
vn 0.00000000 0.00000000 -1.00000000
vn 0.00000000 0.00000000 -1.00000000
vn -0.00000000 0.00000100 -1.00000000
vn -0.00000000 0.00000100 -1.00000000
vn -0.00000000 0.00000100 -1.00000000
vn 0.00000000 0.00000000 -1.00000000
vn 0.00000000 0.00000000 -1.00000000
vn -0.00000000 0.00000000 -1.00000000
vn -0.00000000 0.00000100 -1.00000000
vn -0.00000000 0.00000100 -1.00000000
vn -0.00000000 0.00000000 -1.00000000
vn 0.03854100 0.99925700 0.00000000
vn 0.24578500 0.96932400 0.00001000
vn 0.24591000 0.96929300 0.00000500
vn -0.01370100 0.99990600 0.00001200
vn -0.06604800 0.99781600 -0.00001000
vn -0.16977400 0.98548300 0.00001500
vn -0.22115200 0.97523900 0.00000100
vn -0.32168200 0.94684800 0.00001000
vn -0.37082900 0.92870100 0.00000000
vn -0.46569200 0.88494700 0.00000000
vn -0.51139900 0.85934300 -0.00001700
vn -0.59825200 0.80130800 0.00001300
vn -0.63939700 0.76887700 0.00000000
vn -0.71611300 0.69798400 0.00000000
vn -0.75168500 0.65952200 0.00000100
vn -0.81638800 0.57750300 0.00000000
vn -0.84551300 0.53395500 -0.00001300
vn -0.89660100 0.44283900 0.00000000
vn -0.91856300 0.39527600 -0.00000900
vn -0.95478400 0.29730100 0.00001200
vn -0.96904400 0.24688900 -0.00000900
vn -0.98951200 0.14444700 0.00001000
vn -0.99572000 0.09242700 0.00000000
vn -0.99992900 -0.01195100 0.00000000
vn -0.99793000 -0.06430300 0.00000000
vn -0.98577900 -0.16804900 0.00000300
vn -0.98576700 -0.16811400 0.00000500
vn -0.99321000 -0.11633300 0.00000000
vn -0.96282700 -0.27012000 0.00000000
vn -0.94740600 -0.32003500 -0.00000100
vn -0.92934500 -0.36921200 0.00000000
vn -0.88576100 -0.46414100 0.00000000
vn -0.86023800 -0.50989300 0.00000000
vn -0.80235200 -0.59685100 0.00001700
vn -0.76999300 -0.63805300 0.00000000
vn -0.66102300 -0.75036500 0.00000000
vn -0.57837200 -0.81577300 0.00000200
vn -0.73816300 -0.67403300 -0.02819800
vn -0.49699600 -0.86739000 -0.02509400
vn -0.60633100 -0.79433400 -0.03738000
vn -0.87305800 -0.48363500 -0.06218000
vn -0.92073900 -0.38830000 -0.03825900
vn -0.81912800 -0.57210800 -0.04148300
vn -0.68650100 -0.72496500 -0.05605000
vn 0.02362700 -0.99932400 -0.02816800
vn -0.13543200 -0.99059500 -0.01948100
vn -0.25508700 -0.96672000 -0.01959400
vn -0.33596000 -0.94128800 -0.03327200
vn -0.43572500 -0.89869700 -0.04986900
vn 0.32774600 -0.94442200 -0.02547000
vn 0.17243500 -0.98485900 -0.01787800
vn 0.00876800 -0.99996200 0.00000000
vn 0.60060800 -0.79923600 -0.02218200
vn 0.46390300 -0.88574300 -0.01591000
vn 0.31023400 -0.95066000 0.00000000
vn 0.81608700 -0.57763900 -0.01828600
vn 0.71145200 -0.70260500 -0.01352000
vn 0.58273000 -0.81266600 0.00000000
vn 0.95359900 -0.30076500 -0.01379000
vn 0.89154800 -0.45279900 -0.01073200
vn 0.80092400 -0.59876600 0.00000000
vn 0.99995000 0.00485600 -0.00868900
vn 0.98707300 -0.16009200 -0.00755100
vn 0.94428500 -0.32912900 0.00000000
vn 0.93838100 0.34555100 -0.00594700
vn 0.98899800 0.14787300 -0.00412600
vn 0.99958800 -0.02871300 0.00000000
vn 0.76428800 0.64481700 -0.00869200
vn 0.84871000 0.52884300 -0.00397200
vn 0.93839700 0.34555900 0.00000000
vn 0.53081200 0.84737700 -0.01379300
vn 0.64750700 0.76202200 -0.00755400
vn 0.74224300 0.67013000 0.00000000
vn 0.24655200 0.96895700 -0.01828200
vn 0.38495100 0.92287500 -0.01073500
vn 0.50540400 0.86288300 0.00000000
vn -0.06114000 0.99788300 -0.02218400
vn 0.08590600 0.99621200 -0.01351100
vn 0.22124400 0.97521900 0.00000000
vn -0.36302200 0.93143200 -0.02547100
vn -0.22129800 0.97507700 -0.01590400
vn -0.08339300 0.99651700 0.00000000
vn -0.63012300 0.77598500 -0.02816100
vn -0.50747700 0.86148000 -0.01788400
vn -0.38041100 0.92481700 0.00000000
vn -0.83697000 0.54641200 -0.03025700
vn -0.74552100 0.66619800 -0.01947600
vn -0.64186100 0.76682100 0.00000000
vn -0.96382400 0.26464200 -0.03175500
vn -0.91285300 0.40776400 -0.02066600
vn -0.84340100 0.53728400 0.00000000
vn -0.99856700 -0.04237600 -0.03267900
vn -0.99362500 0.11067100 -0.02146500
vn -0.96625500 0.25758600 0.00000000
vn -0.93839400 -0.34556800 0.00000000
vn -0.98018000 -0.19689900 -0.02185200
vn -0.99893600 -0.04612300 0.00000000
vn -0.83226500 0.55437200 0.00277600
vn -0.91608700 0.40097900 0.00000000
vn -0.94548300 0.32567100 -0.00000000
vn -0.98542800 0.17009600 0.00001400
vn -0.99594700 0.08994000 -0.00001500
vn -0.99749900 -0.07068200 0.00000000
vn -0.98853000 -0.15102700 0.00000000
vn -0.95159700 -0.30734900 0.00000000
vn -0.92366000 -0.38321200 0.00000000
vn -0.85039400 -0.52614600 0.00000000
vn -0.80511500 -0.59311900 -0.00001800
vn -0.69977400 -0.71436400 0.00001500
vn -0.63978400 -0.76855500 0.00000000
vn -0.50848000 -0.86107400 0.00001500
vn -0.43726300 -0.89933400 0.00000200
vn -0.28762600 -0.95774300 0.00000000
vn -0.20937100 -0.97783600 -0.00000000
vn -0.20927100 -0.97785800 -0.00000500
vn -0.13011600 -0.99149900 0.00000000
vn -0.00966800 -0.99995300 0.00000000
vn 0.03076500 -0.99952700 0.00000000
vn 0.19039900 -0.98170700 0.00000000
vn 0.26907600 -0.96311900 -0.00001500
vn 0.41980400 -0.90761500 0.00001500
vn 0.49174600 -0.87073900 0.00000000
vn 0.62481100 -0.78077600 0.00001500
vn 0.68583800 -0.72775400 -0.00001500
vn 0.79351000 -0.60855700 0.00000000
vn 0.84007400 -0.54247100 -0.00001500
vn 0.90992000 -0.41478500 0.00000000
vn 0.94039000 -0.34001700 0.00745600
vn 0.97099700 -0.23897800 0.00738900
vn 0.99376000 -0.11139900 0.00560000
vn 0.99569500 -0.09269200 0.00000000
vn 0.99749900 0.07068000 0.00000000
vn 0.98853000 0.15102400 0.00000000
vn 0.95160100 0.30733500 0.00001400
vn 0.92366600 0.38319800 -0.00002600
vn 0.85039500 0.52614500 0.00001500
vn 0.80511500 0.59311900 -0.00001500
vn 0.69977100 0.71436700 0.00000000
vn 0.63978000 0.76855800 0.00000000
vn 0.50848000 0.86107400 0.00000000
vn 0.43726300 0.89933400 0.00000200
vn 0.28762600 0.95774300 0.00000000
vn 0.20932200 0.97784700 -0.00001400
vn 0.05007400 0.99874500 0.00000000
vn -0.03076500 0.99952700 0.00000000
vn -0.19039800 0.98170700 0.00000000
vn -0.26907600 0.96311900 0.00000000
vn -0.41981100 0.90761100 0.00000000
vn -0.49175300 0.87073400 0.00000200
vn -0.62058900 0.78413600 0.00001800
vn -0.68185700 0.73147600 0.00369800
vn -0.76149500 0.64816000 0.00367900
vn -0.84646100 0.53245100 0.00000000
vn 0.00000000 0.00000000 1.00000000
vn 0.00000000 -0.00000100 1.00000000
vn -0.00000000 0.00000100 1.00000000
vn -0.00000000 0.00000200 1.00000000
vn 0.00000000 0.00000000 1.00000000
vn -0.00000000 0.00000100 1.00000000
vn -0.00000000 0.00000100 1.00000000
vn -0.00000000 0.00000100 1.00000000
vn 0.00000000 0.00000000 1.00000000
vn -0.00000000 0.00000100 1.00000000
vn 0.00000000 0.00000000 1.00000000
vn -0.00000000 0.00000100 1.00000000
vn 0.00000000 0.00000000 1.00000000
vn 0.00000000 -0.00000100 1.00000000
vn -0.00000000 0.00000100 1.00000000
vn 0.00000000 0.00000000 1.00000000
vn 0.00000000 0.00000000 1.00000000
vn 0.00000000 -0.00000100 1.00000000
vn -0.00000000 0.00000100 1.00000000
vn -0.00000000 0.00000100 1.00000000
vn 0.00000000 -0.00000100 1.00000000
vn 0.00000000 0.00000000 1.00000000
vn 0.00000000 0.00000000 1.00000000
vn 0.00000000 -0.00000100 1.00000000
vn -0.00000000 0.00000100 1.00000000
vn 0.00000000 -0.00000100 1.00000000
vn -0.00000000 0.00000100 1.00000000
vn 0.00000000 0.00000000 1.00000000
vn 0.00000000 0.00000000 1.00000000
vn 0.00000000 -0.00000100 1.00000000
vn 0.00000000 -0.00000100 1.00000000
vn 0.00000000 -0.00000200 1.00000000
vn -0.00000000 0.00000100 1.00000000
vn 0.00000000 0.00000000 1.00000000
vn 0.00000000 0.00000000 1.00000000
vn 0.00000000 -0.00000100 1.00000000
vn 0.00000000 -0.00000100 1.00000000
vn 0.00000000 0.00000000 1.00000000
vn 0.00000000 -0.00000100 1.00000000
vn 0.00000000 -0.00000100 1.00000000
vn -0.00000000 0.00000100 1.00000000
vn 0.00000000 -0.00000100 1.00000000
vn 0.00000000 -0.00000100 1.00000000
vn 0.00000000 -0.00000100 1.00000000
vn -0.00000000 0.00000100 1.00000000
vn 0.00000000 -0.00000100 1.00000000
vn 0.00000000 -0.00000100 1.00000000
vn -0.00000000 0.00000100 1.00000000
vn -0.00000000 0.00000100 1.00000000
vn -0.00000000 0.00000100 1.00000000
vn 0.00000000 -0.00000100 1.00000000
vn 0.00000000 0.00000000 1.00000000
vn -0.00000000 0.00000100 1.00000000
vn -0.00000000 0.00000100 1.00000000
vn 0.00000000 0.00000000 1.00000000
vn -0.00000000 0.00000100 1.00000000
vn -0.00000000 0.00000100 1.00000000
vn 0.00000000 0.00000000 1.00000000
vn 0.00000000 0.00000000 1.00000000
vn -0.00000000 0.00000100 1.00000000
vn -0.00000000 0.00000100 1.00000000
vn 0.00000000 0.00000000 1.00000000
vn -0.00000000 0.00000100 1.00000000
vn 0.00000000 0.00000000 1.00000000
vn 0.00000000 0.00000000 1.00000000
vn 0.00000000 0.00000000 1.00000000
vn -0.00000000 0.00000000 1.00000000
vn 0.00000000 0.00000000 1.00000000
vn -0.00000000 0.00000000 1.00000000
vn 0.00000000 0.00000000 1.00000000
vn 0.00000000 0.00000000 1.00000000
vn 0.00000000 0.00000000 1.00000000
vn -0.00000000 0.00000000 1.00000000
vn 0.00000000 0.00000000 1.00000000
vn 0.00000000 0.00000000 1.00000000
vn 0.00000000 0.00000000 1.00000000
vn 0.00000000 0.00000000 1.00000000
vn -0.00000000 0.00000200 1.00000000
vn 0.00000000 0.00000000 1.00000000
vn 0.00000000 -0.00000000 1.00000000
vn -0.00000000 0.00000200 1.00000000
vn 0.00000000 0.00000000 1.00000000
vn 0.00000000 -0.00000000 1.00000000
vn -0.00000000 0.00000200 1.00000000
vn 0.00000000 -0.00000200 1.00000000
vn -0.00000000 0.00000100 1.00000000
vn 0.00000000 -0.00000200 1.00000000
vn 0.00000000 -0.00000000 1.00000000
vn -0.00000000 0.00000100 1.00000000
vn 0.00000000 -0.00000100 1.00000000
vn 0.00000000 0.00000000 1.00000000
vn 0.00000000 0.00000000 1.00000000
vn 0.00000000 0.00000000 1.00000000
vn 0.00000000 -0.00000000 1.00000000
vn 0.00000000 0.00000000 1.00000000
vn 0.00000000 -0.00000000 1.00000000
vn 0.00000000 0.00000000 1.00000000
vn 0.00000000 -0.00000000 1.00000000
vn 0.00000000 0.00000000 1.00000000
vn 0.00000000 0.00000000 1.00000000
vn 0.00000000 0.00000000 1.00000000
vn 0.00000000 0.00000000 1.00000000
vn 0.00000000 0.00000000 1.00000000
vn 0.00000000 0.00000000 1.00000000
vn 0.00000000 -0.00000200 1.00000000
vn 0.00000000 0.00000000 1.00000000
vn -0.00000000 0.00000000 1.00000000
vn 0.00000000 -0.00000200 1.00000000
vn 0.00000000 0.00000000 1.00000000
vn 0.00000000 -0.00000200 1.00000000
vn -0.00000000 0.00000200 1.00000000
vn -0.00000000 0.00000000 1.00000000
vn 0.00000000 -0.00000100 1.00000000
vn -0.00000000 0.00000000 1.00000000
vn -0.00000000 0.00000200 1.00000000
vn -0.00000000 0.00000100 1.00000000
vn 0.00000000 -0.00000100 1.00000000
vn 0.00000000 0.00000000 1.00000000
vn 0.00000000 0.00000000 1.00000000
vn 0.00000000 0.00000000 1.00000000
vn -0.00000000 0.00000100 1.00000000
vn -0.00000000 0.00000200 1.00000000
vn 0.00000000 0.00000000 1.00000000
vn 0.00000100 -0.00000500 1.00000000
vn 0.00000100 -0.00000500 1.00000000
vn 0.00000100 -0.00000500 1.00000000
vn 0.00000000 0.00000000 1.00000000
vn 0.00000000 0.00000000 1.00000000
vn 0.00000000 0.00000000 1.00000000
vn 0.00000000 0.00000000 1.00000000
vn -0.00000000 0.00000200 1.00000000
vn -0.00000000 0.00000200 1.00000000
vn 0.00000000 0.00000000 1.00000000
vn 0.00000000 0.00000000 1.00000000
vn -0.00000000 0.00000200 1.00000000
vn -0.00000300 0.00001300 1.00000000
vn 0.00000000 0.00000000 1.00000000
vn 0.00000000 0.00000000 1.00000000
vn -0.00000300 0.00001300 1.00000000
vn 0.00000000 0.00000000 1.00000000
vn -0.00000000 0.00000200 1.00000000
vn 0.00000000 0.00000000 1.00000000
vn 0.00000000 0.00000000 1.00000000
vn 0.00000000 -0.00000200 1.00000000
vn -0.00000000 0.00000200 1.00000000
vn 0.00000000 0.00000000 1.00000000
vn 0.00000000 -0.00000200 1.00000000
vn 0.00000000 -0.00000200 1.00000000
vn 0.00000000 0.00000000 1.00000000
vn 0.00000000 0.00000000 1.00000000
vn 0.00000000 0.00000000 1.00000000
vn 0.00000000 0.00000000 1.00000000
vn 0.00000000 0.00000000 1.00000000
vn 0.00000000 0.00000000 1.00000000
vn 0.00000000 -0.00000100 1.00000000
vn 0.00000000 0.00000000 1.00000000
vn 0.00000000 0.00000000 1.00000000
vn 0.00000000 0.00000000 1.00000000
vn 0.00000000 -0.00000100 1.00000000
vn 0.00000000 0.00000000 1.00000000
vn 0.00000000 -0.00000100 1.00000000
vn 0.00000000 0.00000000 1.00000000
vn 0.00000000 0.00000000 1.00000000
vn 0.00000000 0.00000000 1.00000000
vn 0.00000000 0.00000000 1.00000000
vn -0.00000000 0.00000100 1.00000000
vn -0.00000000 0.00000100 1.00000000
vn 0.00000000 0.00000000 1.00000000
vn -0.00000000 0.00000100 1.00000000
vn 0.00000000 0.00000000 1.00000000
vn 0.00000000 -0.00000100 1.00000000
vn 0.00000000 -0.00000100 1.00000000
vn 0.00000000 0.00000000 1.00000000
vn 0.00000000 -0.00000100 1.00000000
vn 0.00000000 -0.00000100 1.00000000
vn 0.00000000 0.00000000 1.00000000
vn 0.00000000 -0.00000100 1.00000000
vn 0.00000000 0.00000000 1.00000000
vn 0.00000000 0.00000000 1.00000000
vn -0.00000000 0.00000100 1.00000000
vn 0.00000000 -0.00000100 1.00000000
vn -0.00000000 0.00000100 1.00000000
vn 0.00000000 0.00000000 1.00000000
vn 0.00000000 -0.00000100 1.00000000
vn -0.00000000 0.00000100 1.00000000
vn -0.00000000 0.00000100 1.00000000
vn 0.00000000 -0.00000100 1.00000000
vn 0.00000000 -0.00000100 1.00000000
vn -0.00000000 0.00000100 1.00000000
vn 0.00000000 -0.00000000 1.00000000
vn 0.00000000 0.00000000 1.00000000
vn -0.00000000 0.00000100 1.00000000
vn 0.00000000 -0.00000000 1.00000000
vn 0.00000000 0.00000000 1.00000000
vn 0.00000000 -0.00000000 1.00000000
vn 0.00000000 0.00000000 1.00000000
vn -0.00000000 0.00000100 1.00000000
vn 0.00000000 0.00000000 1.00000000
vn 0.00000000 0.00000000 1.00000000
vn -0.00000000 0.00000100 1.00000000
vn 0.00000000 0.00000000 1.00000000
vn -0.00000300 0.00001300 1.00000000
vn -0.14663700 -0.98839800 -0.03957400
vn -0.14660400 -0.98840600 -0.03950900
vn -0.14660400 -0.98840600 -0.03951100
vn -0.12438900 -0.99223400 0.00000000
vn -0.12438900 -0.99223400 0.00000000
vn 0.11363200 0.99297000 -0.03314100
vn 0.11359200 0.99297600 -0.03310200
vn 0.08211400 0.99662300 0.00000000
vn 0.08211400 0.99662300 0.00000000
vn -0.31467900 0.94919000 0.00388300
vn -0.30719600 0.95164600 -0.00002400
vn -0.31843700 0.94794300 0.00111500
vn -0.33124800 0.94353200 0.00476400
vn -0.34553300 0.93836700 0.00865300
vn -0.37451300 0.92722200 -0.00039300
vn -0.38689800 0.92206400 0.01038400
vn -0.40269300 0.91521200 0.01500400
vn -0.39187200 0.91944100 0.03263200
vn -0.40938900 0.91225200 0.01406800
vn -0.40940300 0.91224500 0.01405800
vn -0.42196800 0.90661100 -0.00008400
vn -0.41339100 0.91046800 -0.01246800
vn -0.45890000 0.88845300 -0.00789800
vn -0.40319600 0.91481100 -0.02356000
vn -0.40320000 0.91480900 -0.02355300
vn -0.39171000 0.91923500 -0.03963300
vn -0.38932900 0.92008000 -0.04330600
vn -0.37495800 0.92614600 -0.04074400
vn -0.35921300 0.93286300 -0.02707400
vn -0.34638200 0.93796900 -0.01532200
vn -0.33114700 0.94356100 -0.00580400
vn -0.33106000 0.94359200 -0.00576300
vn -0.31821500 0.94801800 -0.00130100
vn -0.28700800 0.95792700 -0.00122200
vn -0.25946900 0.96565600 -0.01359300
vn -0.22851100 0.97343100 -0.01462400
vn -0.23637400 0.97123400 -0.02884200
vn -0.22624000 0.97407100 -0.00038300
vn -0.24554600 0.96932300 -0.01093200
vn -0.22348600 0.97422900 -0.03052800
vn -0.18257000 0.98312700 -0.01139200
vn -0.18262600 0.98311600 -0.01139900
vn 0.37252900 -0.92801900 -0.00132000
vn 0.37256600 -0.92800500 -0.00131200
vn 0.35979800 -0.93301200 -0.00585900
vn 0.34183600 -0.93957700 -0.01853600
vn 0.32826900 -0.94337300 -0.04781600
vn 0.29652200 -0.95419600 -0.03981800
vn 0.31518500 -0.94642600 -0.07025100
vn 0.29798600 -0.95374700 -0.03963200
vn 0.28645600 -0.95780100 -0.02365000
vn 0.27577300 -0.96114200 -0.01243800
vn 0.26675100 -0.96376500 -0.00010900
vn 0.26674700 -0.96376700 -0.00008700
vn 0.27998000 -0.95990300 0.01404700
vn 0.25328800 -0.96738300 0.00386400
vn 0.29288500 -0.95613500 0.00489100
vn 0.31188200 -0.95012000 0.00125600
vn 0.33559500 -0.94195500 0.00988600
vn 0.36754500 -0.92998500 0.00622300
vn 0.34485800 -0.93857500 0.01226000
vn 0.35946900 -0.93314400 0.00486300
vn 0.46437800 -0.88561900 -0.00559700
vn 0.46441200 -0.88560100 -0.00558600
vn 0.46993400 -0.88269200 0.00410900
vn 0.46727400 -0.88411200 0.00122000
vn 0.43544800 -0.90018300 -0.00743000
vn 0.40986800 -0.91214400 -0.00150000
vn 0.38332000 -0.92361600 0.00003200
vn 0.96613000 0.25714600 -0.02166500
vn 0.96902800 0.24695100 -0.00011700
vn 0.96903200 0.24693400 -0.00008700
vn 0.96239900 0.26881300 -0.03907400
vn 0.96219500 0.26928800 -0.04080900
vn 0.95328400 0.30194600 -0.00884100
vn 0.93839900 0.34555400 -0.00000000
vn 0.93839500 0.34556400 -0.00000100
vn 0.95394300 0.29807800 -0.03380200
vn 0.95697700 0.28229000 -0.06713200
vn 0.94339300 0.33167400 0.00139200
vn 0.93990400 0.34141700 0.00377900
vn 0.95045000 0.31080900 0.00657100
vn 0.96074900 0.27741400 -0.00167900
vn 0.96574600 0.25948700 -0.00078200
vn 0.97690100 0.21367700 -0.00246300
vn 0.93841600 0.34550700 0.00000000
vn 0.92894000 0.37013700 0.00833900
vn 0.91340800 0.40697100 -0.00779400
vn 0.90872400 0.41738900 0.00249900
vn 0.90873800 0.41735900 0.00248700
vn 0.88587100 0.46140700 -0.04833700
vn 0.89628700 0.44304900 0.01944100
vn 0.89185000 0.45231000 0.00434600
vn 0.88143200 0.47219200 -0.01059900
vn 0.90346200 0.42787600 -0.02606000
vn 0.91480100 0.40319600 -0.02391700
vn 0.92444800 0.38115900 -0.01066100
vn 0.93315300 0.35947500 -0.00174000
vn -0.57792100 -0.80826900 -0.11272800
vn -0.64263900 -0.76616900 -0.00048700
vn -0.64703000 -0.75922100 -0.07025900
vn -0.70156100 -0.71260800 0.00108200
vn -0.69015200 -0.72366400 0.00000000
vn 0.74543600 0.66653600 -0.00746900
vn 0.69566500 0.71792100 -0.02530000
vn 0.69521400 0.71879100 -0.00427100
vn 0.63752200 0.76419600 -0.09782700
vn 0.65070900 0.75932700 0.00000000
vn -0.16261600 -0.98668700 0.00219400
vn -0.21254900 -0.97715000 -0.00003800
vn -0.19143900 -0.97492500 -0.11345700
vn -0.26564800 -0.95523200 -0.13024200
vn -0.29370300 -0.95589700 0.00000000
vn -0.34436800 -0.92971600 -0.13053600
vn -0.37372100 -0.92754100 0.00000000
vn -0.42198700 -0.89715700 -0.13052200
vn -0.45104700 -0.89250000 0.00000000
vn -0.49654300 -0.85814300 -0.13051900
vn -0.52510800 -0.85103600 0.00000000
vn -0.58396800 -0.81177700 0.00000000
vn 0.98725000 0.15910500 -0.00482800
vn 0.99517600 0.09798200 -0.00482400
vn 0.99518100 0.09793300 -0.00482300
vn 0.99508700 0.09794300 -0.01446400
vn 0.99991300 0.01320400 0.00000000
vn 0.99987400 -0.01512200 -0.00482700
vn 0.99742100 -0.07161300 -0.00482500
vn 0.99741600 -0.07168100 -0.00481600
vn 0.99732500 -0.07164300 -0.01446700
vn 0.98776100 -0.15597600 0.00000000
vn 0.98293700 -0.18387800 -0.00482700
vn 0.97095900 -0.23919800 -0.00482300
vn 0.97097400 -0.23913700 -0.00482500
vn 0.97087500 -0.23914900 -0.01446600
vn 0.94719100 -0.32067100 0.00000000
vn 0.93772100 -0.34735500 -0.00482600
vn 0.91655500 -0.39987900 -0.00481800
vn 0.91658400 -0.39981200 -0.00482600
vn 0.91649100 -0.39979400 -0.01445900
vn 0.87937600 -0.47612900 0.00000000
vn 0.86552900 -0.50083600 -0.00483000
vn 0.83581200 -0.54899400 -0.00482300
vn 0.83582900 -0.54896900 -0.00482600
vn 0.83573900 -0.54893600 -0.01446000
vn 0.78625900 -0.61789700 0.00000000
vn 0.76843900 -0.63990500 -0.00482600
vn 0.73101900 -0.68234100 -0.00473000
vn 0.69125700 -0.72259200 -0.00483000
vn 0.37250900 -0.92802800 0.00109300
vn 0.40389900 -0.91479000 0.00501000
vn 0.44433100 -0.89572000 -0.01599000
vn 0.51198900 -0.85873500 -0.02098600
vn 0.54814900 -0.83636600 -0.00485500
vn 0.60519100 -0.79606600 -0.00482100
vn 0.60515600 -0.79609200 -0.00482600
vn 0.60512200 -0.79600100 -0.01446200
vn 0.67052600 -0.74188600 0.00000000
vn 0.19393800 -0.98100200 -0.00482700
vn 0.14010200 -0.99012600 -0.00468000
vn 0.08387800 -0.99646400 -0.00482900
vn -0.09800000 -0.99518600 0.00000000
vn -0.07510900 -0.99716400 -0.00483100
vn -0.02926600 -0.99956000 -0.00482100
vn -0.02924200 -0.99956100 -0.00482100
vn -0.02924400 -0.99946800 -0.01445800
vn 0.05563000 -0.99845100 0.00000000
vn -0.73472900 -0.67834300 -0.00482900
vn -0.76966700 -0.63843000 -0.00458400
vn -0.82102400 -0.57084800 -0.00728100
vn -0.90962300 -0.41542800 0.00243100
vn -0.91225800 -0.40938100 -0.01388700
vn -0.86649200 -0.49917000 -0.00463300
vn -0.82104200 -0.57086800 0.00000000
vn -0.95837500 -0.28551200 -0.00004700
vn -0.95526900 -0.29569900 0.00485300
vn -0.95997200 -0.28006800 0.00383800
vn -0.95042700 -0.31087900 0.00656400
vn -0.93991900 -0.34137700 0.00376000
vn -0.94338400 -0.33170100 0.00138900
vn -0.92478300 -0.38027300 0.01297600
vn -0.92479400 -0.38024500 0.01299500
vn -0.92534300 -0.37892500 0.01248900
vn -0.92899600 -0.36999600 0.00835000
vn -0.93840000 -0.34555200 0.00000000
vn -0.94518800 -0.32503300 -0.03117700
vn -0.95074100 -0.30961800 -0.01511300
vn -0.95576900 -0.29302800 -0.02529600
vn -0.95548400 -0.29499600 -0.00533800
vn -0.91892100 -0.39441300 0.00486600
vn -0.91466600 -0.40421000 -0.00004700
vn -0.91756400 -0.39756600 -0.00422700
vn -0.92100200 -0.38946200 -0.00863300
vn -0.92513500 -0.37927500 -0.01659400
vn -0.93122700 -0.36045400 -0.05374600
vn -0.93550000 -0.34770600 -0.06277400
vn -0.98328800 -0.18199400 -0.00468000
vn -0.99516500 -0.09794700 -0.00732700
vn -0.99519100 -0.09795300 0.00000000
vn -0.99990100 -0.01319200 -0.00482300
vn -0.99990100 -0.01322400 -0.00482300
vn -0.99980800 -0.01320000 -0.01446000
vn -0.99743000 0.07165000 0.00000000
vn -0.99498900 0.09986800 -0.00482600
vn -0.98774700 0.15599000 -0.00482300
vn -0.98775100 0.15596100 -0.00482300
vn -0.98765600 0.15596800 -0.01446000
vn -0.97097500 0.23918000 0.00000000
vn -0.96380200 0.26657400 -0.00482800
vn -0.94719200 0.32063000 -0.00482300
vn -0.94717900 0.32066800 -0.00482300
vn -0.94709600 0.32062600 -0.01446200
vn -0.91658600 0.39983700 0.00000000
vn -0.90488300 0.42563300 -0.00482500
vn -0.87937500 0.47610500 -0.00482400
vn -0.87935300 0.47614600 -0.00482300
vn -0.87927900 0.47608700 -0.01446300
vn -0.83583100 0.54898600 0.00000000
vn -0.81994200 0.57242600 -0.00482700
vn -0.78623800 0.61790500 -0.00482300
vn -0.78627700 0.61785500 -0.00482900
vn -0.78618300 0.61782400 -0.01446600
vn -0.73102800 0.68234700 0.00000000
vn -0.71140300 0.70276800 -0.00482600
vn -0.67051900 0.74187800 -0.00473100
vn -0.62748400 0.77861500 -0.00482700
vn -0.44918100 0.89343800 0.00232500
vn -0.53553600 0.84449900 -0.00481600
vn -0.53548500 0.84453100 -0.00482000
vn -0.53544900 0.84444400 -0.01445600
vn -0.60518500 0.79608500 0.00000000
vn 0.59537700 0.80344700 0.00000000
vn 0.56752000 0.81294900 -0.13052300
vn 0.52510100 0.85104000 0.00000000
vn 0.49654000 0.85815000 -0.13048500
vn 0.45104600 0.89250100 0.00000000
vn 0.42198200 0.89716400 -0.13049400
vn 0.37371800 0.92754200 0.00000000
vn 0.34437300 0.92971900 -0.13050000
vn 0.29370300 0.95589700 0.00000000
vn 0.26427300 0.95557800 -0.13050200
vn 0.21159900 0.97735700 0.00000000
vn 0.18920000 0.97535700 -0.11349600
vn 0.13145500 0.99132200 -0.00046600
vn 0.04687700 0.99889800 -0.00219900
vn 0.00441700 0.99997900 -0.00484000
vn -0.05562200 0.99844100 -0.00473100
vn -0.07680700 0.99702000 -0.00723100
vn 0.88442900 0.46651000 0.01244700
vn 0.82103600 0.57085800 -0.00458400
vn 0.78085900 0.62468900 -0.00483500
vn 0.72024400 0.69372100 0.00000000
vn -0.00000000 0.00000200 -1.00000000
vn 0.00000000 -0.00000100 -1.00000000
vn -0.00000200 0.00000800 -1.00000000
vn 0.00000000 -0.00000100 -1.00000000
vn 0.00000000 -0.00000100 -1.00000000
vn 0.00000000 0.00000000 -1.00000000
vn -0.00000200 0.00000800 -1.00000000
vn 0.00000000 0.00000000 -1.00000000
vn 0.00000000 -0.00000100 -1.00000000
vn 0.00000000 0.00000000 -1.00000000
vn 0.00000000 -0.00000100 -1.00000000
vn -0.00000000 0.00000300 -1.00000000
vn -0.00000000 0.00000200 -1.00000000
vn 0.00000000 0.00000000 -1.00000000
vn 0.00000000 0.00000000 -1.00000000
vn 0.00000100 -0.00000700 -1.00000000
vn -0.00000000 0.00000200 -1.00000000
vn 0.00000000 -0.00000100 -1.00000000
vn 0.00000100 -0.00000700 -1.00000000
vn -0.00000000 0.00000200 -1.00000000
vn -0.00000000 0.00000300 -1.00000000
vn 0.00000100 -0.00000700 -1.00000000
vn 0.00000000 0.00000000 -1.00000000
vn 0.00000000 0.00000000 -1.00000000
vn -0.00000100 0.00000400 -1.00000000
vn -0.00000100 0.00000400 -1.00000000
vn 0.00000100 -0.00000700 -1.00000000
vn 0.00000000 0.00000000 -1.00000000
vn -0.00000100 0.00000400 -1.00000000
vn 0.00000000 0.00000000 -1.00000000
vn 0.00000000 0.00000000 -1.00000000
vn 0.00000100 -0.00000700 -1.00000000
vn 0.00000000 0.00000000 -1.00000000
vn 0.00000000 0.00000000 -1.00000000
vn -0.00000000 0.00000200 -1.00000000
vn 0.00000000 -0.00000200 -1.00000000
vn 0.00000000 0.00000000 -1.00000000
vn -0.00000000 0.00000200 -1.00000000
vn 0.00000000 0.00000000 -1.00000000
vn 0.00000100 -0.00000700 -1.00000000
vn 0.00000000 0.00000000 -1.00000000
vn 0.00000100 -0.00000500 -1.00000000
vn -0.00000000 0.00000200 -1.00000000
vn 0.00000000 0.00000000 -1.00000000
vn 0.00000100 -0.00000700 -1.00000000
vn 0.00000000 0.00000000 -1.00000000
vn 0.00000100 -0.00000700 -1.00000000
vn 0.00000000 0.00000000 -1.00000000
vn 0.00000000 0.00000000 -1.00000000
vn 0.00000000 0.00000000 -1.00000000
vn 0.00000000 0.00000000 -1.00000000
vn 0.00000000 -0.00000200 -1.00000000
vn 0.00000100 -0.00000700 -1.00000000
vn 0.00000000 -0.00000100 -1.00000000
vn 0.00000000 -0.00000100 -1.00000000
vn -0.00000200 0.00001200 -1.00000000
vn 0.00000000 -0.00000200 -1.00000000
vn 0.00000000 0.00000000 -1.00000000
vn -0.00000100 0.00000400 -1.00000000
vn 0.00000000 -0.00000100 -1.00000000
vn 0.00000000 0.00000000 -1.00000000
vn 0.00000000 -0.00000200 -1.00000000
vn -0.00000100 0.00000400 -1.00000000
vn 0.00000000 0.00000000 -1.00000000
vn 0.00000000 -0.00000000 -1.00000000
vn 0.00000000 0.00000000 -1.00000000
vn 0.00000100 -0.00000700 -1.00000000
vn -0.00000100 0.00000500 -1.00000000
vn 0.00000000 0.00000000 -1.00000000
vn -0.00000200 0.00001000 -1.00000000
vn 0.00000100 -0.00000700 -1.00000000
vn 0.00000000 -0.00000000 -1.00000000
vn 0.00000100 -0.00000500 -1.00000000
vn 0.00000000 0.00000000 -1.00000000
vn 0.00000000 -0.00000000 -1.00000000
vn 0.00000000 0.00000000 -1.00000000
vn 0.00000000 0.00000000 -1.00000000
vn 0.00000000 0.00000000 -1.00000000
vn 0.00000000 0.00000000 -1.00000000
vn 0.00000100 -0.00000700 -1.00000000
vn 0.00000000 0.00000000 -1.00000000
vn 0.00000000 0.00000000 -1.00000000
vn 0.00000100 -0.00000700 -1.00000000
vn 0.00000000 -0.00000100 -1.00000000
vn 0.00000000 0.00000000 -1.00000000
vn 0.00000100 -0.00000700 -1.00000000
vn -0.00000200 0.00001200 -1.00000000
vn 0.00000000 0.00000000 -1.00000000
vn 0.00000000 -0.00000100 -1.00000000
vn -0.00000200 0.00001200 -1.00000000
vn 0.00000000 0.00000000 -1.00000000
vn -0.00000000 0.00000100 -1.00000000
vn 0.00000000 -0.00000100 -1.00000000
vn 0.00000000 0.00000000 -1.00000000
vn 0.00000100 -0.00000400 -1.00000000
vn 0.00000100 -0.00000500 -1.00000000
vn 0.00000100 -0.00000400 -1.00000000
vn 0.00000000 0.00000000 -1.00000000
vn 0.00000000 0.00000000 -1.00000000
vn 0.00000100 -0.00000400 -1.00000000
vn 0.00000100 -0.00000500 -1.00000000
vn 0.00000000 0.00000000 -1.00000000
vn 0.00000100 -0.00000500 -1.00000000
vn 0.00000000 -0.00000100 -1.00000000
vn -0.00000200 0.00000800 -1.00000000
vn 0.00000100 -0.00000400 -1.00000000
vn -0.00000000 0.00000200 -1.00000000
vn 0.00000000 -0.00000100 -1.00000000
vn 0.00000000 0.00000000 -1.00000000
vn -0.00000000 0.00000200 -1.00000000
vn 0.00000100 -0.00000400 -1.00000000
vn 0.00000000 -0.00000000 -1.00000000
vn 0.00000000 0.00000000 -1.00000000
vn 0.00000100 -0.00000400 -1.00000000
vn 0.00000000 0.00000000 -1.00000000
vn 0.00000000 -0.00000000 -1.00000000
vn 0.00000000 0.00000000 -1.00000000
vn -0.00000000 0.00000300 -1.00000000
vn 0.00000000 -0.00000000 -1.00000000
vn 0.00000000 0.00000000 -1.00000000
vn -0.00000000 0.00000200 -1.00000000
vn 0.00000000 -0.00000200 -1.00000000
vn 0.00000000 0.00000000 -1.00000000
vn 0.00000000 -0.00000200 -1.00000000
vn 0.00000000 -0.00000100 -1.00000000
vn 0.00000000 0.00000000 -1.00000000
vn -0.00000100 0.00000400 -1.00000000
vn 0.00000000 -0.00000100 -1.00000000
vn 0.00000000 -0.00000200 -1.00000000
vn 0.00000000 0.00000000 -1.00000000
vn -0.00000000 0.00000200 -1.00000000
vn 0.00000000 0.00000000 -1.00000000
vn -0.00000000 0.00000200 -1.00000000
vn 0.00000000 0.00000000 -1.00000000
vn 0.00000000 0.00000000 -1.00000000
vn -0.00000100 0.00000400 -1.00000000
vn -0.00000100 0.00000400 -1.00000000
vn 0.00000000 0.00000000 -1.00000000
vn 0.00000200 -0.00001000 -1.00000000
vn -0.00000100 0.00000400 -1.00000000
vn 0.00000000 0.00000000 -1.00000000
vn 0.00000200 -0.00001000 -1.00000000
vn 0.00000000 -0.00000200 -1.00000000
vn 0.00000000 0.00000000 -1.00000000
vn 0.00000000 0.00000000 -1.00000000
vn 0.00000000 -0.00000200 -1.00000000
vn 0.00000200 -0.00001000 -1.00000000
vn 0.00000000 0.00000000 -1.00000000
vn 0.00000000 -0.00000200 -1.00000000
vn 0.00000000 0.00000000 -1.00000000
vn -0.00000000 0.00000200 -1.00000000
vn 0.00000100 -0.00000500 -1.00000000
vn -0.00000000 0.00000200 -1.00000000
vn 0.00000000 0.00000000 -1.00000000
vn 0.00000000 -0.00000000 -1.00000000
vn -0.00000000 0.00000100 -1.00000000
vn 0.00000000 0.00000000 -1.00000000
vn -0.00000000 0.00000100 -1.00000000
vn -0.00000000 0.00000100 -1.00000000
vn 0.00000000 -0.00000100 -1.00000000
vn 0.00000000 0.00000000 -1.00000000
vn 0.00000000 -0.00000000 -1.00000000
vn 0.00000000 0.00000000 -1.00000000
vn 0.00000200 -0.00001100 -1.00000000
vn -0.00000700 0.00003600 -1.00000000
vn -0.00000700 0.00003600 -1.00000000
vn 0.00000000 0.00000000 -1.00000000
vn 0.00000200 -0.00001100 -1.00000000
vn 0.00000000 0.00000000 -1.00000000
vn -0.00000700 0.00003600 -1.00000000
vn 0.00000000 0.00000000 -1.00000000
vn 0.00000000 0.00000000 -1.00000000
vn 0.00000000 0.00000000 -1.00000000
vn -0.00000000 0.00000100 -1.00000000
vn 0.00000000 0.00000000 -1.00000000
vn 0.00000000 0.00000000 -1.00000000
vn -0.00000000 0.00000100 -1.00000000
vn 0.00000000 0.00000000 -1.00000000
vn 0.00000000 -0.00000200 -1.00000000
vn 0.00000000 0.00000000 -1.00000000
vn 0.00000000 0.00000000 -1.00000000
vn -0.00000000 0.00000200 -1.00000000
vn 0.00000000 0.00000000 -1.00000000
vn -0.00000000 0.00000300 -1.00000000
vn 0.00000000 0.00000000 -1.00000000
vn 0.00000000 0.00000000 -1.00000000
vn 0.00000200 -0.00001000 -1.00000000
vn -0.00000000 0.00000300 -1.00000000
vn 0.00000000 0.00000000 -1.00000000
vn 0.00000200 -0.00001000 -1.00000000
vn 0.00000200 -0.00000900 -1.00000000
vn 0.00000000 0.00000000 -1.00000000
vn 0.00000200 -0.00000900 -1.00000000
vn 0.00000200 -0.00001000 -1.00000000
vn -0.00000100 0.00000500 -1.00000000
vn 0.00000200 -0.00000900 -1.00000000
vn 0.00000000 0.00000000 -1.00000000
vn -0.00000100 0.00000500 -1.00000000
vn 0.00000000 0.00000000 -1.00000000
vn 0.00000100 -0.00000700 -1.00000000
vn -0.00000200 0.00001000 -1.00000000
vn 0.00000000 0.00000000 -1.00000000
vn -0.00000200 0.00001000 -1.00000000
vn 0.00000100 -0.00000500 -1.00000000
vn 0.00000000 -0.00000200 -1.00000000
vn 0.00000000 -0.00000200 -1.00000000
vn 0.00000000 0.00000000 -1.00000000
vn 0.00000100 -0.00000500 -1.00000000
vn 0.00000000 -0.00000200 -1.00000000
vn 0.00000000 -0.00000100 -1.00000000
vn 0.00000000 0.00000000 -1.00000000
vn 0.00000000 0.00000000 -1.00000000
vn 0.00000000 -0.00000100 -1.00000000
vn 0.00000000 0.00000000 -1.00000000
vn 0.00000000 0.00000000 -1.00000000
vn -0.00000000 0.00000300 -1.00000000
vn 0.00000000 0.00000000 -1.00000000
vn 0.00000000 0.00000000 -1.00000000
vn -0.00000000 0.00000100 -1.00000000
vn 0.00000200 -0.00001100 -1.00000000
vn 0.00000000 0.00000000 -1.00000000
vn 0.00000000 -0.00000100 -1.00000000
vn -0.00000000 0.00000100 -1.00000000
vn 0.00000100 -0.00000300 -1.00000000
vn 0.00000000 0.00000000 -1.00000000
vn 0.00000000 0.00000000 -1.00000000
vn 0.00000100 -0.00000500 -1.00000000
vn 0.00000000 0.00000000 -1.00000000
vn -0.00000000 0.00000100 -1.00000000
vn 0.00000000 0.00000000 -1.00000000
vn 0.00000000 0.00000000 -1.00000000
vn 0.00000000 -0.00000200 -1.00000000
vn 0.00000000 0.00000000 -1.00000000
vn 0.00000100 -0.00000500 -1.00000000
vn -0.00000000 0.00000200 -1.00000000
vn 0.00000000 0.00000000 -1.00000000
vn -0.00000000 0.00000200 -1.00000000
vn 0.00000000 0.00000000 -1.00000000
vn 0.00000000 0.00000000 -1.00000000
vn 0.00000100 -0.00000500 -1.00000000
vn 0.00000000 0.00000000 -1.00000000
vn 0.00000100 -0.00000500 -1.00000000
vn 0.00000100 -0.00000500 -1.00000000
vn 0.00000000 0.00000000 -1.00000000
vn 0.00000100 -0.00000500 -1.00000000
vn 0.00000100 -0.00000500 -1.00000000
vn -0.00000000 0.00000100 -1.00000000
vn 0.00000000 -0.00000100 -1.00000000
vn 0.00000000 0.00000000 -1.00000000
vn 0.00000000 0.00000000 -1.00000000
vn 0.00000100 -0.00000300 -1.00000000
vn -0.00000000 0.00000100 -1.00000000
vn -0.00000000 0.00000100 -1.00000000
vn -0.00000000 0.00000100 -1.00000000
vn 0.00000000 0.00000000 -1.00000000
vn -0.00000000 0.00000100 -1.00000000
vn -0.00000000 0.00000100 -1.00000000
vn 0.00000000 -0.00000100 -1.00000000
vn 0.00000000 0.00000000 -1.00000000
vn 0.00000100 -0.00000300 -1.00000000
vn -0.00000000 0.00000200 -1.00000000
vn 0.00000000 0.00000000 -1.00000000
vn 0.00000000 0.00000000 -1.00000000
vn 0.00000000 -0.00000100 -1.00000000
vn 0.00000000 0.00000000 -1.00000000
vn 0.00000000 -0.00000100 -1.00000000
vn 0.00000000 0.00000000 -1.00000000
vn 0.00000000 -0.00000100 -1.00000000
vn 0.00000000 -0.00000100 -1.00000000
vn 0.00000000 -0.00000100 -1.00000000
vn 0.00000000 -0.00000000 -1.00000000
vn -0.14248800 -0.98979700 0.00000200
vn -0.24587800 -0.96930100 0.00002000
vn 0.01370100 -0.99990600 -0.00001000
vn 0.06604800 -0.99781600 -0.00000000
vn 0.16977500 -0.98548300 0.00001500
vn 0.22115300 -0.97523900 0.00000100
vn 0.32168200 -0.94684800 0.00000000
vn 0.37082900 -0.92870100 0.00000100
vn 0.46568700 -0.88494900 0.00000000
vn 0.51139400 -0.85934600 0.00000000
vn 0.59825200 -0.80130800 -0.00000900
vn 0.63939700 -0.76887700 0.00000000
vn 0.71611700 -0.69798100 0.00000000
vn 0.75168800 -0.65951800 -0.00000000
vn 0.81638800 -0.57750300 0.00000000
vn 0.84551300 -0.53395500 0.00000000
vn 0.89659900 -0.44284200 0.00001300
vn 0.91856100 -0.39527900 0.00000100
vn 0.95478400 -0.29730000 -0.00000100
vn 0.96904400 -0.24688800 -0.00000900
vn 0.98951300 -0.14444300 0.00000000
vn 0.99572000 -0.09242200 0.00000000
vn 0.99992900 0.01195100 0.00000000
vn 0.99793000 0.06430200 0.00000000
vn 0.98577700 0.16805800 0.00000000
vn 0.97562300 0.21945400 0.00000000
vn 0.94740500 0.32003600 0.00000000
vn 0.92934500 0.36921400 -0.00001000
vn 0.88576300 0.46413800 -0.00000100
vn 0.86024000 0.50989000 0.00000000
vn 0.80235500 0.59684700 0.00000900
vn 0.76999600 0.63804900 -0.00001200
vn 0.66098600 0.75039800 0.00000000
vn 0.57833000 0.81580300 0.00000000
vn 0.00000000 -0.00000200 1.00000000
vn 0.00000000 0.00000000 1.00000000
vn -0.00000100 0.00000300 1.00000000
vn 0.00000000 0.00000000 1.00000000
vn 0.00000000 -0.00000200 1.00000000
vn 0.00000000 -0.00000200 1.00000000
vn 0.00000000 0.00000000 1.00000000
vn 0.00000000 0.00000000 1.00000000
vn 0.00000000 0.00000000 1.00000000
vn -0.00000000 0.00000100 1.00000000
vn 0.00000000 0.00000000 1.00000000
vn 0.00000000 -0.00000200 1.00000000
vn -0.00000000 0.00000100 1.00000000
vn -0.00000000 0.00000100 1.00000000
vn 0.00000000 -0.00000200 1.00000000
vn 0.00000000 0.00000000 1.00000000
vn 0.00000000 -0.00000200 1.00000000
vn 0.00000000 0.00000000 1.00000000
vn 0.00000000 0.00000000 1.00000000
vn 0.00000000 0.00000000 1.00000000
vn 0.00000000 0.00000000 1.00000000
vn -0.00000000 0.00000100 1.00000000
vn 0.00000000 0.00000000 1.00000000
vn -0.00000000 0.00000100 1.00000000
vn 0.00000000 -0.00000100 1.00000000
vn 0.00000000 0.00000000 1.00000000
vn -0.00000000 0.00000100 1.00000000
vn 0.00000000 -0.00000100 1.00000000
vn 0.00000000 0.00000000 1.00000000
vn 0.00000000 0.00000000 1.00000000
vn 0.00000000 -0.00000100 1.00000000
vn 0.00000000 0.00000000 1.00000000
vn 0.00000000 0.00000000 1.00000000
vn -0.00000100 0.00000400 1.00000000
vn 0.00000000 0.00000000 1.00000000
vn 0.00000000 0.00000000 1.00000000
vn 0.00000000 -0.00000200 1.00000000
vn -0.00000100 0.00000400 1.00000000
vn 0.00000000 0.00000000 1.00000000
vn -0.00000100 0.00000400 1.00000000
vn 0.00000000 -0.00000200 1.00000000
vn 0.00000000 0.00000000 1.00000000
vn 0.00000000 -0.00000200 1.00000000
vn 0.00000100 -0.00000400 1.00000000
vn 0.00000000 0.00000000 1.00000000
vn -0.00000000 0.00000200 1.00000000
vn 0.00000000 0.00000000 1.00000000
vn 0.00000100 -0.00000400 1.00000000
vn -0.00000000 0.00000200 1.00000000
vn 0.00000100 -0.00000400 1.00000000
vn 0.00000000 0.00000000 1.00000000
vn -0.00000000 0.00000000 1.00000000
vn -0.00000000 0.00000200 1.00000000
vn 0.00000000 0.00000000 1.00000000
vn -0.00000000 0.00000000 1.00000000
vn 0.00000000 0.00000000 1.00000000
vn 0.00000000 0.00000000 1.00000000
vn -0.00000000 0.00000100 1.00000000
vn -0.00000000 0.00000000 1.00000000
vn -0.00000000 0.00000200 1.00000000
vn -0.00000000 0.00000100 1.00000000
vn 0.00000000 0.00000000 1.00000000
vn 0.00000000 0.00000000 1.00000000
vn -0.00000000 0.00000200 1.00000000
vn -0.00000000 0.00000100 1.00000000
vn -0.00000000 0.00000200 1.00000000
vn 0.00000000 0.00000000 1.00000000
vn 0.00000000 0.00000000 1.00000000
vn 0.00000000 -0.00000100 1.00000000
vn 0.00000000 0.00000000 1.00000000
vn 0.00000000 -0.00000100 1.00000000
vn 0.00000000 0.00000000 1.00000000
vn 0.00000000 0.00000000 1.00000000
vn -0.00000000 0.00000100 1.00000000
vn 0.00000000 -0.00000100 1.00000000
vn 0.00000000 0.00000000 1.00000000
vn -0.00000000 0.00000100 1.00000000
vn -0.00000000 0.00000100 1.00000000
vn 0.00000000 0.00000000 1.00000000
vn 0.00000000 0.00000000 1.00000000
vn -0.00000100 0.00000400 1.00000000
vn -0.00000100 0.00000400 1.00000000
vn 0.00000000 -0.00000200 1.00000000
vn 0.00000000 0.00000000 1.00000000
vn 0.00000000 -0.00000200 1.00000000
vn -0.00000100 0.00000400 1.00000000
vn 0.00000100 -0.00000400 1.00000000
vn -0.00000000 0.00000200 1.00000000
vn 0.00000000 -0.00000200 1.00000000
vn 0.00000100 -0.00000400 1.00000000
vn 0.00000000 0.00000000 1.00000000
vn 0.00000100 -0.00000400 1.00000000
vn -0.00000000 0.00000200 1.00000000
vn -0.00000100 0.00000300 1.00000000
vn -0.00000000 0.00000200 1.00000000
vn 0.00000000 0.00000000 1.00000000
vn -0.00000100 0.00000300 1.00000000
vn 0.00000000 0.00000000 1.00000000
vn -0.95384700 -0.30029400 0.00000000
vn -0.92079200 -0.39005300 0.00000000
vn -0.83062300 -0.55683500 0.00000000
vn -0.77359400 -0.63368200 0.00000000
vn -0.64009500 -0.76829500 0.00000000
vn -0.56372500 -0.82596300 0.00000000
vn -0.39772400 -0.91750500 0.00000000
vn -0.30820100 -0.95132100 -0.00002100
vn -0.12312700 -0.99239100 0.00001800
vn -0.02770300 -0.99961600 0.00000000
vn 0.16145000 -0.98688100 0.00002300
vn 0.25504400 -0.96692900 -0.00001800
vn 0.43294900 -0.90141900 0.00001800
vn 0.51713100 -0.85590600 -0.00002300
vn 0.66937400 -0.74292500 0.00000000
vn 0.73732400 -0.67553900 0.00000000
vn 0.85156400 -0.52425000 0.00000000
vn 0.89777700 -0.44045000 0.00000000
vn 0.96477800 -0.26306700 0.00000000
vn 0.98549800 -0.16968600 -0.00001900
vn 0.99981300 0.01936100 0.00001800
vn 0.99338400 0.11484200 -0.00001800
vn 0.95385400 0.30027100 0.00000000
vn 0.92080200 0.39003100 0.00000000
vn 0.83062800 0.55682800 0.00000000
vn 0.77359800 0.63367700 0.00000000
vn 0.64010400 0.76828900 0.00000000
vn 0.56373400 0.82595600 0.00000000
vn 0.39771800 0.91750800 0.00000000
vn 0.30819400 0.95132400 0.00000000
vn 0.12312700 0.99239100 0.00000000
vn 0.02770200 0.99961600 0.00000000
vn -0.16145000 0.98688100 0.00000000
vn -0.25504500 0.96692900 -0.00001800
vn -0.43294900 0.90141900 0.00000000
vn -0.51713100 0.85590600 0.00000000
vn -0.66937400 0.74292500 0.00000000
vn -0.73732400 0.67553900 -0.00001800
vn -0.85156400 0.52425000 0.00000000
vn -0.89777700 0.44045000 0.00000000
vn -0.96476900 0.26310000 0.00000000
vn -0.98550000 0.16967500 -0.00001800
vn -0.99981300 -0.01936000 0.00001800
vn -0.99338400 -0.11484200 -0.00002100
vn 0.80853000 -0.58844900 0.00272200
vn 0.80663900 -0.59097100 0.00931800
vn 0.80661500 -0.59100400 0.00931800
vn 0.79246700 -0.60986300 0.00790600
vn 0.78076300 -0.62468500 0.01331200
vn 0.53677100 -0.84372800 -0.00000200
vn 0.61027900 -0.79218700 0.00000000
vn 0.71588100 -0.69822300 0.00000000
vn 0.73394400 -0.67921000 0.00000000
vn 0.74737800 -0.66348300 0.03487000
vn 0.76114500 -0.64807200 0.02571300
vn 0.98018400 -0.19781900 0.01033900
vn 0.98675300 -0.16219800 0.00323600
vn 0.98676000 -0.16215300 0.00322400
vn 0.97816900 -0.20766000 0.00791000
vn 0.99034100 0.13865200 0.00000000
vn 0.99878800 0.04922900 0.00002200
vn 0.99733700 -0.07292900 0.00000000
vn 0.99215100 -0.12501100 0.00307400
vn 0.98518600 -0.17127300 0.00858300
vn 0.98185000 -0.18919400 0.01329500
vn 0.98732000 -0.15874200 0.00000000
vn 0.96237700 -0.27171700 -0.00000400
vn 0.95263500 -0.30410500 0.00245100
vn 0.93671400 -0.35008700 0.00245600
vn 0.90788600 -0.41920100 0.00364500
vn 0.90788800 -0.41921300 0.00000000
vn 0.87399200 -0.48593500 0.00242600
vn 0.83098300 -0.55629700 0.00000000
vn 0.83095500 -0.55634000 -0.00000200
vn 0.73084000 -0.68254000 0.00355800
vn 0.76115300 -0.64857300 0.00000000
vn 0.89209800 0.45182400 -0.00402600
vn 0.89204800 0.45192300 -0.00404500
vn 0.92099600 0.38957300 0.00000000
vn 0.67440500 0.73531200 -0.06703500
vn 0.66407500 0.74481300 -0.06524700
vn 0.72139400 0.69209200 -0.02447200
vn 0.72136200 0.69212700 -0.02444000
vn 0.77448800 0.63258800 -0.00083200
vn 0.82439700 0.56601200 0.00000000
vn 0.79572400 0.60442500 -0.03864700
vn 0.61675600 0.77958800 -0.10888300
vn 0.54239600 0.83797400 -0.06004800
vn 0.56515700 0.82130100 -0.07785700
vn 0.26627400 0.96161500 -0.06629300
vn 0.33456600 0.93513000 -0.11660800
vn 0.40088200 0.91536400 -0.03746400
vn 0.43664600 0.89125500 -0.12249900
vn 0.50225300 0.85416400 -0.13470800
vn 0.12233100 0.99022400 -0.06702200
vn 0.19341000 0.97505600 -0.10889900
vn 0.25862500 0.96283800 -0.07781900
vn -0.10390600 0.99458700 0.00000000
vn -0.10371800 0.99460700 0.00000000
vn 0.01518100 0.99988500 -0.00002700
vn 0.02675100 0.99890600 -0.03836200
vn 0.06659000 0.99734400 -0.02950700
vn 0.12185900 0.99230400 0.02199600
vn -0.45188700 0.89206600 -0.00403000
vn -0.38956100 0.92100100 0.00000000
vn -0.99920300 0.03991900 0.00000000
vn -0.99878500 -0.04927700 0.00000000
vn -0.99879100 -0.04916800 0.00000000
vn -0.99575100 0.09209100 0.00000000
vn -0.98955700 0.14413900 0.00000000
vn -0.96909000 0.24670800 0.00000000
vn -0.95481800 0.29719000 0.00000000
vn -0.91857500 0.39524700 0.00000000
vn -0.89658300 0.44287600 0.00001000
vn -0.84545100 0.53405400 0.00000000
vn -0.81627900 0.57765700 0.00000000
vn -0.75151300 0.65971800 0.00000000
vn -0.71588100 0.69822300 0.00000000
vn -0.61027900 0.79218700 0.00000000
vn -0.53673200 0.84375300 0.00002000
vn -0.89205600 -0.45190700 -0.00404500
vn -0.89207900 -0.45186100 -0.00402800
vn -0.92099300 -0.38957800 0.00000000
vn -0.78149400 -0.62391300 -0.00043000
vn -0.82439700 -0.56601200 0.00000000
vn -0.72135800 -0.69213200 -0.02441300
vn -0.79572600 -0.60442300 -0.03865100
vn -0.67413500 -0.73555800 -0.06705900
vn -0.55441800 -0.82871500 -0.07649800
vn -0.61386800 -0.77778800 -0.13495200
vn -0.67617900 -0.73644100 -0.02089800
vn -0.41797200 -0.90523300 -0.07649900
vn -0.48869800 -0.85841300 -0.15589100
vn -0.55553100 -0.81661700 -0.15659900
vn -0.27124400 -0.95946600 -0.07650100
vn -0.34841500 -0.92428300 -0.15590700
vn -0.42096500 -0.89346300 -0.15656400
vn -0.15021000 -0.98734100 -0.05094000
vn -0.19956400 -0.96741000 -0.15586200
vn -0.27603400 -0.94831300 -0.15655100
vn 0.10385100 -0.99459300 0.00000000
vn 0.10371800 -0.99460700 0.00000000
vn -0.00400700 -0.99999200 -0.00003800
vn -0.02675300 -0.99890500 -0.03837100
vn -0.05643300 -0.99731100 -0.04676000
vn -0.03966900 -0.99257100 -0.11501600
vn -0.13201300 -0.97880200 -0.15658800
vn 0.45187600 -0.89207200 -0.00402900
vn 0.38956600 -0.92099900 0.00000000
vn -0.34443800 0.93880900 0.00000000
vn -0.22205100 0.97503500 0.00002400
vn 0.02767500 0.99961700 -0.00002800
vn 0.15477800 0.98794900 0.00000000
vn -0.82978000 0.55809000 0.00000000
vn -0.82978000 0.55809000 0.00000000
vn -0.75853700 0.65163000 0.00000000
vn -0.66937000 0.74292900 0.00000500
vn -0.66925700 0.74303100 0.00000000
vn -0.57082500 0.82107200 0.00000000
vn -0.40579900 0.91396200 -0.00000300
vn -0.34667700 0.93798500 0.00002800
vn -0.22632400 0.97405200 0.00000000
vn -0.93881600 -0.34441900 0.00000000
vn -0.97502500 -0.22209400 0.00000500
vn -0.97506000 -0.22194200 0.00000000
vn -0.99518600 -0.09800200 0.00000000
vn -0.99580800 0.09147300 -0.00000300
vn -0.98794900 0.15478200 0.00003100
vn -0.55807500 -0.82979100 0.00000000
vn -0.55807500 -0.82979100 0.00000000
vn -0.65163800 -0.75853000 0.00000000
vn -0.74294400 -0.66935400 0.00000100
vn -0.88617300 -0.46335400 -0.00002200
vn -0.93798900 -0.34666600 0.00002400
vn -0.97406400 -0.22627400 0.00000000
vn 0.55809200 0.82977900 0.00000000
vn 0.55809200 0.82977900 0.00000000
vn 0.65164600 0.75852400 0.00000000
vn 0.74295100 0.66934500 0.00002400
vn 0.88616900 0.46336300 0.00000000
vn 0.93798500 0.34667600 0.00002400
vn 0.93881600 0.34441900 -0.00002400
vn 0.97504900 0.22198900 0.00000000
vn 0.97502500 0.22209400 0.00000500
vn 0.99518600 0.09800200 0.00000000
vn 0.99580500 -0.09149800 -0.00000300
vn 0.98795000 -0.15477100 0.00002400
vn 0.82978000 -0.55809100 0.00000000
vn 0.82978000 -0.55809100 0.00000000
vn 0.75852700 -0.65164200 0.00000000
vn 0.66934900 -0.74294800 0.00003100
vn 0.46332500 -0.88618800 0.00000000
vn 0.34667300 -0.93798600 0.00002400
vn 0.22627700 -0.97406300 0.00000000
vn 0.34442000 -0.93881600 0.00000000
vn 0.22203500 -0.97503900 0.00002400
vn -0.02768800 -0.99961700 0.00000000
vn -0.15478300 -0.98794800 0.00000000
vn 0.74171000 -0.67072100 0.00000400
vn 0.74181400 -0.67060500 -0.00000300
vn 0.72775800 -0.68583400 0.00000000
vn 0.70787800 -0.70633400 0.00000100
vn 0.55205200 -0.83380000 -0.00402100
vn 0.67654800 -0.73638700 -0.00407300
vn 0.76433400 0.64482000 0.00000000
vn 0.68582900 0.72776300 0.00000000
vn 0.75955800 0.65043200 -0.00302500
vn 0.75962100 0.65035800 -0.00302600
vn 0.87999300 0.47498700 0.00000000
vn 0.73637800 0.67655800 -0.00407200
vn 0.63640200 0.77135700 -0.00000200
vn -0.74182800 0.67059000 -0.00000200
vn -0.74173300 0.67069600 0.00000300
vn -0.72778600 0.68580400 0.00000100
vn -0.70792100 0.70629200 0.00000100
vn -0.55204000 0.83380800 -0.00402800
vn -0.67656900 0.73636800 -0.00407600
vn -0.67062500 -0.74179700 0.00000000
vn -0.76424600 -0.64492400 0.00000000
vn -0.75953500 -0.65045900 -0.00302700
vn -0.75959100 -0.65039400 -0.00303300
vn -0.88003600 -0.47490700 0.00000000
vn -0.73638100 -0.67655500 -0.00407500
vn 0.97118900 -0.23831200 0.00000000
vn 0.97118900 -0.23831200 0.00000000
vn 0.97118900 -0.23831200 0.00000000
vn 0.97118900 -0.23831200 0.00000000
vn 0.74565100 -0.66633700 0.00000000
vn 0.74565200 -0.66633500 0.00000000
vn 0.74565200 -0.66633500 0.00000000
vn 0.74565100 -0.66633700 0.00000000
vn 0.74565200 -0.66633500 0.00000000
vn 0.74565100 -0.66633700 0.00000000
vn 0.34553100 -0.93840700 0.00000000
vn 0.34553000 -0.93840800 0.00000000
vn 0.34553000 -0.93840800 0.00000000
vn 0.34553100 -0.93840700 0.00000000
vn 0.34553000 -0.93840800 0.00000000
vn 0.34553100 -0.93840700 0.00000000
vn -0.13539100 -0.99079200 0.00000000
vn -0.13538700 -0.99079300 0.00000000
vn -0.13538700 -0.99079300 0.00000000
vn -0.13538700 -0.99079300 0.00000000
vn -0.13539100 -0.99079200 0.00000000
vn -0.13539100 -0.99079200 0.00000000
vn -0.58467100 -0.81127000 0.00000000
vn -0.58467100 -0.81127000 0.00000000
vn -0.58467100 -0.81127000 0.00000000
vn -0.58467100 -0.81127000 0.00000000
vn -0.00000100 0.00000400 -1.00000000
vn 0.00000000 0.00000000 -1.00000000
vn -0.00000100 0.00000500 -1.00000000
vn 0.00000000 -0.00000100 -1.00000000
vn 0.00000000 0.00000000 -1.00000000
vn 0.00000000 0.00000000 -1.00000000
vn 0.00000000 -0.00000100 -1.00000000
vn 0.00000000 -0.00000200 -1.00000000
vn 0.00000000 0.00000000 -1.00000000
vn 0.00000000 -0.00000200 -1.00000000
vn -0.00000300 0.00001600 -1.00000000
vn 0.00000000 0.00000000 -1.00000000
vn 0.00000000 -0.00000200 -1.00000000
vn -0.00000300 0.00001600 -1.00000000
vn 0.00000000 -0.00000200 -1.00000000
vn 0.00000000 -0.00000200 -1.00000000
vn -0.00000300 0.00001600 -1.00000000
vn 0.00000000 -0.00000200 -1.00000000
vn 0.00000000 0.00000000 -1.00000000
vn 0.00000000 -0.00000200 -1.00000000
vn 0.00000100 -0.00000400 -1.00000000
vn 0.00000000 0.00000000 -1.00000000
vn 0.00000100 -0.00000300 -1.00000000
vn 0.00000000 -0.00000100 -1.00000000
vn 0.00000100 -0.00000300 -1.00000000
vn 0.00000100 -0.00000600 -1.00000000
vn 0.00000000 0.00000000 -1.00000000
vn 0.00000000 0.00000000 -1.00000000
vn 0.00000100 -0.00000300 -1.00000000
vn 0.00000100 -0.00000600 -1.00000000
vn 0.00000000 0.00000000 -1.00000000
vn 0.00000100 -0.00000600 -1.00000000
vn 0.00000100 -0.00000300 -1.00000000
vn 0.00000000 0.00000000 -1.00000000
vn 0.00000000 0.00000000 -1.00000000
vn 0.00000100 -0.00000300 -1.00000000
vn 0.00000100 -0.00000300 -1.00000000
vn 0.00000000 0.00000000 -1.00000000
vn -0.00000100 0.00000500 -1.00000000
vn 0.00000200 -0.00000900 -1.00000000
vn 0.00000000 0.00000000 -1.00000000
vn -0.00000100 0.00000500 -1.00000000
vn 0.00000200 -0.00000900 -1.00000000
vn 0.00000000 0.00000000 -1.00000000
vn 0.00000000 -0.00000200 -1.00000000
vn -0.00000100 0.00000500 -1.00000000
vn 0.00000200 -0.00000900 -1.00000000
vn 0.00000000 -0.00000200 -1.00000000
vn 0.00000000 -0.00000200 -1.00000000
vn 0.00000000 0.00000000 -1.00000000
vn 0.00000000 0.00000000 -1.00000000
vn 0.00000000 -0.00000200 -1.00000000
vn 0.00000000 -0.00000200 -1.00000000
vn 0.00000000 0.00000000 -1.00000000
vn 0.00000000 0.00000000 -1.00000000
vn 0.00000000 0.00000000 -1.00000000
vn 0.00000000 0.00000000 -1.00000000
vn -0.00000100 0.00000400 -1.00000000
vn -0.00000100 0.00000500 -1.00000000
vn 0.00000100 -0.00000700 -1.00000000
vn -0.00000100 0.00000400 -1.00000000
vn 0.00000000 0.00000000 -1.00000000
vn -0.00000100 0.00000500 -1.00000000
vn 0.00000100 -0.00000700 -1.00000000
vn 0.00000000 -0.00000100 -1.00000000
vn 0.00000100 -0.00000700 -1.00000000
vn 0.00000000 0.00000000 -1.00000000
vn 0.00000000 -0.00000100 -1.00000000
vn 0.00000000 0.00000000 -1.00000000
vn 0.00000000 0.00000000 -1.00000000
vn 0.00000100 -0.00000400 -1.00000000
vn 0.00000000 -0.00000100 -1.00000000
vn 0.00000000 0.00000000 -1.00000000
vn 0.00000100 -0.00000400 -1.00000000
vn 0.00000000 0.00000000 -1.00000000
vn 0.00000000 0.00000000 -1.00000000
vn 0.00000000 0.00000000 -1.00000000
vn 0.23830900 0.97118900 0.00000000
vn 0.23831000 0.97118900 0.00000000
vn 0.23831000 0.97118900 0.00000000
vn 0.23831000 0.97118900 0.00000000
vn 0.23830900 0.97118900 0.00000000
vn 0.23830900 0.97118900 0.00000000
vn 0.66633600 0.74565100 0.00000000
vn 0.66633600 0.74565100 0.00000000
vn 0.66633600 0.74565100 0.00000000
vn 0.66633600 0.74565100 0.00000000
vn 0.93840700 0.34553100 0.00000000
vn 0.93840700 0.34553100 0.00000000
vn 0.93840700 0.34553100 0.00000000
vn 0.93840700 0.34553100 0.00000000
vn 0.99079200 -0.13538900 0.00000000
vn 0.99079200 -0.13538900 0.00000000
vn 0.99079200 -0.13538900 0.00000000
vn 0.99079200 -0.13538900 0.00000000
vn 0.99079200 -0.13538900 0.00000000
vn 0.99079200 -0.13538900 0.00000000
vn 0.81124800 -0.58470200 0.00000000
vn 0.81124800 -0.58470200 0.00000000
vn 0.81124800 -0.58470200 0.00000000
vn 0.81124800 -0.58470200 0.00000000
vn 0.00000000 0.00000000 -1.00000000
vn 0.00000000 0.00000000 -1.00000000
vn 0.00000000 0.00000000 -1.00000000
vn -0.00000100 0.00000300 -1.00000000
vn 0.00000000 0.00000000 -1.00000000
vn 0.00000100 -0.00000500 -1.00000000
vn 0.00000100 -0.00000500 -1.00000000
vn 0.00000000 -0.00000000 -1.00000000
vn 0.00000000 -0.00000000 -1.00000000
vn 0.00000000 0.00000000 -1.00000000
vn 0.00000100 -0.00000500 -1.00000000
vn 0.00000000 0.00000000 -1.00000000
vn 0.00000100 -0.00000300 -1.00000000
vn 0.00000000 -0.00000000 -1.00000000
vn 0.00000000 0.00000000 -1.00000000
vn 0.00000000 -0.00000200 -1.00000000
vn -0.00000200 0.00000900 -1.00000000
vn 0.00000000 0.00000000 -1.00000000
vn 0.00000000 -0.00000200 -1.00000000
vn -0.00000200 0.00000900 -1.00000000
vn 0.00000000 -0.00000100 -1.00000000
vn 0.00000000 -0.00000200 -1.00000000
vn 0.00000000 0.00000000 -1.00000000
vn -0.00000200 0.00000900 -1.00000000
vn 0.00000000 -0.00000100 -1.00000000
vn 0.00000000 0.00000000 -1.00000000
vn 0.00000000 -0.00000100 -1.00000000
vn 0.00000000 0.00000000 -1.00000000
vn -0.00000000 0.00000200 -1.00000000
vn 0.00000000 0.00000000 -1.00000000
vn 0.00000000 0.00000000 -1.00000000
vn 0.00000000 0.00000000 -1.00000000
vn 0.00000000 0.00000000 -1.00000000
vn 0.00000000 -0.00000200 -1.00000000
vn 0.00000000 0.00000000 -1.00000000
vn 0.00000000 0.00000000 -1.00000000
vn -0.00000000 0.00000200 -1.00000000
vn 0.00000000 0.00000000 -1.00000000
vn -0.00000000 0.00000200 -1.00000000
vn 0.00000000 0.00000000 -1.00000000
vn 0.00000000 0.00000000 -1.00000000
vn -0.00000100 0.00000500 -1.00000000
vn 0.00000000 0.00000000 -1.00000000
vn -0.00000100 0.00000500 -1.00000000
vn 0.00000000 0.00000000 -1.00000000
vn -0.00000100 0.00000500 -1.00000000
vn -0.00000100 0.00000300 -1.00000000
vn -0.00000300 0.00001800 -1.00000000
vn 0.00000000 0.00000000 -1.00000000
vn -0.00000100 0.00000300 -1.00000000
vn -0.00000300 0.00001800 -1.00000000
vn 0.00000000 0.00000000 -1.00000000
vn -0.00000300 0.00001800 -1.00000000
vn 0.00000000 0.00000000 -1.00000000
vn 0.00000000 0.00000000 -1.00000000
vn 0.00000000 0.00000000 -1.00000000
vn 0.00000000 -0.00000200 -1.00000000
vn 0.00000000 0.00000000 -1.00000000
vn 0.00000000 0.00000000 -1.00000000
vn 0.00000000 -0.00000200 -1.00000000
vn 0.00000100 -0.00000300 -1.00000000
vn 0.00000000 0.00000000 -1.00000000
vn 0.00000100 -0.00000300 -1.00000000
vn -0.97118800 0.23831500 0.00000000
vn -0.97118800 0.23831400 0.00000000
vn -0.97118800 0.23831400 0.00000000
vn -0.97118800 0.23831500 0.00000000
vn -0.97118800 0.23831400 0.00000000
vn -0.97118800 0.23831500 0.00000000
vn -0.74565200 0.66633500 0.00000000
vn -0.74565100 0.66633700 0.00000000
vn -0.74565200 0.66633500 0.00000000
vn -0.74565200 0.66633500 0.00000000
vn -0.74565100 0.66633700 0.00000000
vn -0.74565100 0.66633700 0.00000000
vn -0.34553000 0.93840800 0.00000000
vn -0.34553100 0.93840700 0.00000000
vn -0.34553000 0.93840800 0.00000000
vn -0.34553000 0.93840800 0.00000000
vn -0.34553100 0.93840700 0.00000000
vn -0.34553100 0.93840700 0.00000000
vn 0.13538700 0.99079300 0.00000000
vn 0.13539100 0.99079200 0.00000000
vn 0.13538700 0.99079300 0.00000000
vn 0.13538700 0.99079300 0.00000000
vn 0.13539100 0.99079200 0.00000000
vn 0.13539100 0.99079200 0.00000000
vn 0.58470200 0.81124800 0.00000000
vn 0.58470200 0.81124800 0.00000000
vn 0.58470200 0.81124800 0.00000000
vn 0.58470200 0.81124800 0.00000000
vn 0.00000100 -0.00000500 -1.00000000
vn 0.00000000 0.00000000 -1.00000000
vn 0.00000100 -0.00000700 -1.00000000
vn -0.00000000 0.00000100 -1.00000000
vn 0.00000000 0.00000000 -1.00000000
vn -0.00000000 0.00000100 -1.00000000
vn 0.00000000 0.00000000 -1.00000000
vn 0.00000000 0.00000000 -1.00000000
vn 0.00000000 0.00000000 -1.00000000
vn 0.00000300 -0.00001600 -1.00000000
vn 0.00000300 -0.00001600 -1.00000000
vn -0.00000000 0.00000200 -1.00000000
vn 0.00000000 0.00000000 -1.00000000
vn -0.00000000 0.00000200 -1.00000000
vn 0.00000300 -0.00001600 -1.00000000
vn -0.00000000 0.00000200 -1.00000000
vn -0.00000100 0.00000400 -1.00000000
vn 0.00000000 0.00000000 -1.00000000
vn 0.00000000 0.00000000 -1.00000000
vn -0.00000100 0.00000300 -1.00000000
vn -0.00000000 0.00000100 -1.00000000
vn 0.00000000 0.00000000 -1.00000000
vn -0.00000100 0.00000300 -1.00000000
vn -0.00000100 0.00000600 -1.00000000
vn -0.00000100 0.00000300 -1.00000000
vn 0.00000000 0.00000000 -1.00000000
vn 0.00000000 0.00000000 -1.00000000
vn -0.00000100 0.00000600 -1.00000000
vn -0.00000100 0.00000600 -1.00000000
vn -0.00000100 0.00000300 -1.00000000
vn 0.00000000 0.00000000 -1.00000000
vn -0.00000100 0.00000300 -1.00000000
vn 0.00000000 0.00000000 -1.00000000
vn 0.00000000 0.00000000 -1.00000000
vn -0.00000100 0.00000300 -1.00000000
vn 0.00000100 -0.00000500 -1.00000000
vn -0.00000200 0.00000900 -1.00000000
vn 0.00000100 -0.00000500 -1.00000000
vn 0.00000000 0.00000000 -1.00000000
vn 0.00000000 -0.00000200 -1.00000000
vn 0.00000100 -0.00000500 -1.00000000
vn -0.00000200 0.00000900 -1.00000000
vn 0.00000000 0.00000000 -1.00000000
vn -0.00000200 0.00000900 -1.00000000
vn 0.00000000 -0.00000200 -1.00000000
vn 0.00000000 0.00000000 -1.00000000
vn 0.00000000 -0.00000200 -1.00000000
vn 0.00000000 0.00000000 -1.00000000
vn 0.00000000 0.00000000 -1.00000000
vn 0.00000000 0.00000000 -1.00000000
vn 0.00000000 0.00000000 -1.00000000
vn 0.00000000 0.00000000 -1.00000000
vn 0.00000100 -0.00000700 -1.00000000
vn -0.00000100 0.00000700 -1.00000000
vn 0.00000100 -0.00000700 -1.00000000
vn 0.00000100 -0.00000500 -1.00000000
vn 0.00000100 -0.00000500 -1.00000000
vn -0.00000100 0.00000700 -1.00000000
vn 0.00000000 0.00000000 -1.00000000
vn 0.00000000 0.00000000 -1.00000000
vn -0.00000100 0.00000700 -1.00000000
vn -0.00000000 0.00000100 -1.00000000
vn 0.00000000 0.00000000 -1.00000000
vn -0.00000000 0.00000100 -1.00000000
vn -0.00000100 0.00000400 -1.00000000
vn 0.00000000 0.00000000 -1.00000000
vn -0.00000000 0.00000100 -1.00000000
vn -0.00000100 0.00000400 -1.00000000
vn 0.00000000 0.00000000 -1.00000000
vn 0.00000000 0.00000000 -1.00000000
vn 0.00000000 0.00000000 -1.00000000
vn 0.00000000 0.00000000 -1.00000000
vn -0.23831500 -0.97118800 0.00000000
vn -0.23831600 -0.97118800 0.00000000
vn -0.23831600 -0.97118800 0.00000000
vn -0.23831600 -0.97118800 0.00000000
vn -0.23831500 -0.97118800 0.00000000
vn -0.23831500 -0.97118800 0.00000000
vn -0.66633600 -0.74565100 0.00000000
vn -0.66633600 -0.74565100 0.00000000
vn -0.66633600 -0.74565100 0.00000000
vn -0.66633600 -0.74565100 0.00000000
vn -0.93840700 -0.34553100 0.00000000
vn -0.93840700 -0.34553100 0.00000000
vn -0.93840700 -0.34553100 0.00000000
vn -0.93840700 -0.34553100 0.00000000
vn -0.99079200 0.13538900 0.00000000
vn -0.99079200 0.13538900 0.00000000
vn -0.99079200 0.13538900 0.00000000
vn -0.99079200 0.13538900 0.00000000
vn -0.99079200 0.13538900 0.00000000
vn -0.99079200 0.13538900 0.00000000
vn -0.81127000 0.58467100 0.00000000
vn -0.81127000 0.58467100 0.00000000
vn -0.81127000 0.58467100 0.00000000
vn -0.81127000 0.58467100 0.00000000
vn 0.00000000 0.00000000 -1.00000000
vn 0.00000000 0.00000000 -1.00000000
vn 0.00000000 0.00000000 -1.00000000
vn -0.00000100 0.00000500 -1.00000000
vn 0.00000100 -0.00000300 -1.00000000
vn 0.00000000 0.00000000 -1.00000000
vn -0.00000000 0.00000000 -1.00000000
vn -0.00000100 0.00000500 -1.00000000
vn -0.00000000 0.00000000 -1.00000000
vn 0.00000000 0.00000000 -1.00000000
vn -0.00000100 0.00000500 -1.00000000
vn -0.00000000 0.00000000 -1.00000000
vn -0.00000100 0.00000600 -1.00000000
vn 0.00000000 0.00000000 -1.00000000
vn 0.00000000 0.00000000 -1.00000000
vn -0.00000000 0.00000200 -1.00000000
vn 0.00000000 0.00000000 -1.00000000
vn 0.00000000 -0.00000200 -1.00000000
vn 0.00000000 -0.00000200 -1.00000000
vn 0.00000000 0.00000000 -1.00000000
vn 0.00000000 -0.00000200 -1.00000000
vn 0.00000000 0.00000000 -1.00000000
vn 0.00000100 -0.00000500 -1.00000000
vn 0.00000000 0.00000000 -1.00000000
vn 0.00000100 -0.00000500 -1.00000000
vn 0.00000000 0.00000000 -1.00000000
vn 0.00000000 0.00000000 -1.00000000
vn 0.00000100 -0.00000500 -1.00000000
vn 0.00000300 -0.00001800 -1.00000000
vn 0.00000000 0.00000000 -1.00000000
vn 0.00000100 -0.00000300 -1.00000000
vn 0.00000000 0.00000000 -1.00000000
vn 0.00000100 -0.00000300 -1.00000000
vn 0.00000300 -0.00001800 -1.00000000
vn 0.00000300 -0.00001800 -1.00000000
vn 0.00000000 0.00000000 -1.00000000
vn 0.00000000 0.00000000 -1.00000000
vn -0.00000000 0.00000200 -1.00000000
vn 0.00000200 -0.00000900 -1.00000000
vn 0.00000000 0.00000000 -1.00000000
vn -0.00000000 0.00000100 -1.00000000
vn 0.00000200 -0.00000900 -1.00000000
vn -0.00000000 0.00000200 -1.00000000
vn 0.00000000 0.00000000 -1.00000000
vn -0.00000000 0.00000100 -1.00000000
vn 0.00000200 -0.00000900 -1.00000000
vn -0.00000000 0.00000100 -1.00000000
vn 0.00000000 0.00000000 -1.00000000
vn 0.00000000 0.00000000 -1.00000000
vn 0.00000000 0.00000000 -1.00000000
vn 0.00000000 0.00000000 -1.00000000
vn 0.00000000 0.00000000 -1.00000000
vn 0.00000000 0.00000000 -1.00000000
vn 0.00000000 0.00000000 -1.00000000
vn -0.00000000 0.00000200 -1.00000000
vn 0.00000000 0.00000000 -1.00000000
vn -0.00000000 0.00000200 -1.00000000
vn 0.00000000 0.00000000 -1.00000000
vn 0.00000000 0.00000000 -1.00000000
vn -0.00000000 0.00000200 -1.00000000
vn -0.00000100 0.00000600 -1.00000000
vn 0.00000000 0.00000000 -1.00000000
vn -0.00000100 0.00000600 -1.00000000
vn -0.00000400 0.00000100 -1.00000000
vn 0.50754000 -0.08753200 -0.85717000
vn 0.39578800 -0.32957800 -0.85716400
vn 0.48330300 0.17798800 -0.85716900
vn -0.08753300 -0.50754200 -0.85716900
vn -0.32957700 -0.39579000 -0.85716400
vn 0.17798600 -0.48330800 -0.85716600
vn -0.50755700 0.08753800 -0.85716000
vn -0.39579500 0.32957100 -0.85716400
vn -0.48331200 -0.17796900 -0.85716800
vn 0.08753300 0.50754200 -0.85716900
vn 0.32957300 0.39579100 -0.85716500
vn -0.17797500 0.48331400 -0.85716500
vn 0.99585900 0.09091500 0.00000000
vn 0.99585900 0.09091500 0.00000000
vn 0.99585900 0.09091500 0.00000000
vn 0.99585900 0.09091500 0.00000000
vn 0.99585900 0.09091500 0.00000000
vn 0.99585900 0.09091500 0.00000000
vn 0.90787500 -0.41924100 0.00000000
vn 0.90787500 -0.41924100 0.00000000
vn 0.90787400 -0.41924300 0.00000000
vn 0.90787500 -0.41924100 0.00000000
vn 0.90787400 -0.41924300 0.00000000
vn 0.90787400 -0.41924300 0.00000000
vn 0.57668800 -0.81696400 0.00000000
vn 0.57668500 -0.81696700 0.00000000
vn 0.57668800 -0.81696400 0.00000000
vn 0.57668800 -0.81696400 0.00000000
vn 0.57668500 -0.81696700 0.00000000
vn 0.57668500 -0.81696700 0.00000000
vn 0.09092100 -0.99585800 0.00000000
vn 0.09091700 -0.99585800 0.00000000
vn 0.09092100 -0.99585800 0.00000000
vn 0.09091700 -0.99585800 0.00000000
vn 0.09092100 -0.99585800 0.00000000
vn 0.09091700 -0.99585800 0.00000000
vn -0.41924900 -0.90787100 0.00000000
vn -0.41925100 -0.90787000 0.00000000
vn -0.41924900 -0.90787100 0.00000000
vn -0.41924900 -0.90787100 0.00000000
vn -0.41925100 -0.90787000 0.00000000
vn -0.41925100 -0.90787000 0.00000000
vn -0.81696200 -0.57669100 0.00000000
vn -0.81696300 -0.57669100 0.00000000
vn -0.81696200 -0.57669100 0.00000000
vn -0.81696200 -0.57669100 0.00000000
vn -0.81696300 -0.57669100 0.00000000
vn -0.81696300 -0.57669100 0.00000000
vn -0.99586600 -0.09083800 0.00000000
vn -0.99586600 -0.09083800 0.00000000
vn -0.99586600 -0.09083800 0.00000000
vn -0.99586600 -0.09083800 0.00000000
vn -0.99586600 -0.09083800 0.00000000
vn -0.99586600 -0.09083800 0.00000000
vn -0.90790600 0.41917300 0.00000000
vn -0.90790600 0.41917300 0.00000000
vn -0.90790500 0.41917500 0.00000000
vn -0.90790500 0.41917500 0.00000000
vn -0.90790600 0.41917300 0.00000000
vn -0.90790500 0.41917500 0.00000000
vn -0.57665900 0.81698500 0.00000000
vn -0.57665900 0.81698500 0.00000000
vn -0.57665700 0.81698700 0.00000000
vn -0.57665700 0.81698700 0.00000000
vn -0.57665900 0.81698500 0.00000000
vn -0.57665700 0.81698700 0.00000000
vn -0.09091000 0.99585900 0.00000000
vn -0.09091000 0.99585900 0.00000000
vn -0.09090800 0.99585900 0.00000000
vn -0.09091000 0.99585900 0.00000000
vn -0.09090800 0.99585900 0.00000000
vn -0.09090800 0.99585900 0.00000000
vn 0.41924200 0.90787500 0.00000000
vn 0.41924200 0.90787500 0.00000000
vn 0.41923900 0.90787600 0.00000000
vn 0.41923900 0.90787600 0.00000000
vn 0.41924200 0.90787500 0.00000000
vn 0.41923900 0.90787600 0.00000000
vn 0.81696300 0.57669000 0.00000000
vn 0.81696300 0.57669000 0.00000000
vn 0.81696300 0.57669100 0.00000000
vn 0.81696300 0.57669000 0.00000000
vn 0.81696300 0.57669100 0.00000000
vn 0.81696300 0.57669100 0.00000000
vn 0.70616400 -0.05776100 -0.70568800
vn 0.70614600 -0.05788300 -0.70569600
vn 0.65298000 -0.30153200 -0.69476300
vn 0.58262700 -0.40314100 -0.70570700
vn 0.50197200 -0.49999700 -0.70571100
vn 0.30298100 -0.64045100 -0.70570900
vn 0.18473000 -0.68400100 -0.70570300
vn -0.05784100 -0.70614300 -0.70570300
vn -0.18201700 -0.68472800 -0.70570300
vn -0.40314400 -0.58263300 -0.70570100
vn -0.50000700 -0.50196900 -0.70570500
vn -0.64044200 -0.30300100 -0.70570800
vn -0.68398300 -0.18477000 -0.70571000
vn -0.70613700 0.05782000 -0.70571100
vn -0.68472000 0.18203300 -0.70570700
vn -0.58261500 0.40316400 -0.70570500
vn -0.50199500 0.49998200 -0.70570500
vn -0.30299400 0.64045300 -0.70570200
vn -0.18470900 0.68401000 -0.70570000
vn 0.05782500 0.70614200 -0.70570500
vn 0.18203400 0.68472100 -0.70570600
vn 0.40313400 0.58262900 -0.70571000
vn 0.49998500 0.50198100 -0.70571300
vn 0.64047400 0.30294600 -0.70570300
vn 0.64043100 0.30306400 -0.70569100
vn 0.58758500 0.41473600 -0.69479400
vn 0.71624700 0.06538200 -0.69477700
vn 0.71626900 0.06537200 -0.69475500
vn -0.00001300 -0.00000500 -1.00000000
vn 0.50754800 -0.08751700 -0.85716700
vn 0.39579300 -0.32956500 -0.85716700
vn 0.48331400 0.17796500 -0.85716700
vn -0.08753300 -0.50755500 -0.85716200
vn -0.32958700 -0.39580200 -0.85715400
vn 0.17797900 -0.48331400 -0.85716400
vn -0.50755800 0.08753500 -0.85715900
vn -0.39579700 0.32958600 -0.85715700
vn -0.48332300 -0.17799000 -0.85715700
vn 0.08752000 0.50754900 -0.85716700
vn 0.32957300 0.39577400 -0.85717200
vn -0.17798200 0.48331200 -0.85716500
vn 0.99585900 0.09091000 0.00000000
vn 0.99585900 0.09091000 0.00000000
vn 0.99585900 0.09091000 0.00000000
vn 0.99585900 0.09091000 0.00000000
vn 0.99585900 0.09091000 0.00000000
vn 0.99585900 0.09091000 0.00000000
vn 0.90790600 -0.41917400 0.00000000
vn 0.90790600 -0.41917400 0.00000000
vn 0.90790500 -0.41917500 0.00000000
vn 0.90790500 -0.41917500 0.00000000
vn 0.90790600 -0.41917400 0.00000000
vn 0.90790500 -0.41917500 0.00000000
vn 0.57666200 -0.81698200 0.00000000
vn 0.57666200 -0.81698300 0.00000000
vn 0.57666200 -0.81698200 0.00000000
vn 0.57666200 -0.81698200 0.00000000
vn 0.57666200 -0.81698300 0.00000000
vn 0.57666200 -0.81698300 0.00000000
vn 0.09091000 -0.99585900 0.00000000
vn 0.09091000 -0.99585900 0.00000000
vn 0.09090900 -0.99585900 0.00000000
vn 0.09091000 -0.99585900 0.00000000
vn 0.09090900 -0.99585900 0.00000000
vn 0.09090900 -0.99585900 0.00000000
vn -0.41924300 -0.90787400 0.00000000
vn -0.41924300 -0.90787400 0.00000000
vn -0.41924300 -0.90787400 0.00000000
vn -0.41924300 -0.90787400 0.00000000
vn -0.81696100 -0.57669300 0.00000000
vn -0.81696100 -0.57669300 0.00000000
vn -0.81696100 -0.57669300 0.00000000
vn -0.81696100 -0.57669300 0.00000000
vn -0.81696100 -0.57669300 0.00000000
vn -0.81696100 -0.57669300 0.00000000
vn -0.99585900 -0.09090800 0.00000000
vn -0.99585900 -0.09090800 0.00000000
vn -0.99585900 -0.09090800 0.00000000
vn -0.99585900 -0.09090800 0.00000000
vn -0.99585900 -0.09090800 0.00000000
vn -0.99585900 -0.09090800 0.00000000
vn -0.90787600 0.41923800 0.00000000
vn -0.90787600 0.41923800 0.00000000
vn -0.90787600 0.41923800 0.00000000
vn -0.90787600 0.41923800 0.00000000
vn -0.90787600 0.41923800 0.00000000
vn -0.90787600 0.41923800 0.00000000
vn -0.57668700 0.81696500 0.00000000
vn -0.57668700 0.81696500 0.00000000
vn -0.57668700 0.81696500 0.00000000
vn -0.57668700 0.81696500 0.00000000
vn -0.09090300 0.99586000 0.00000000
vn -0.09090300 0.99586000 0.00000000
vn -0.09090300 0.99586000 0.00000000
vn -0.09090300 0.99586000 0.00000000
vn 0.41918200 0.90790200 0.00000000
vn 0.41918200 0.90790200 0.00000000
vn 0.41918100 0.90790300 0.00000000
vn 0.41918200 0.90790200 0.00000000
vn 0.41918100 0.90790300 0.00000000
vn 0.41918100 0.90790300 0.00000000
vn 0.81701500 0.57661700 0.00000000
vn 0.81701500 0.57661700 0.00000000
vn 0.81701500 0.57661700 0.00000000
vn 0.81701500 0.57661700 0.00000000
vn 0.81701500 0.57661700 0.00000000
vn 0.81701500 0.57661700 0.00000000
vn 0.70616400 -0.05778500 -0.70568700
vn 0.70614600 -0.05790200 -0.70569500
vn 0.65294400 -0.30146300 -0.69482600
vn 0.58260900 -0.40316300 -0.70571000
vn 0.50198800 -0.49997500 -0.70571400
vn 0.30299400 -0.64044700 -0.70570700
vn 0.18473900 -0.68399900 -0.70570300
vn -0.05791800 -0.70614300 -0.70569700
vn -0.05776600 -0.70616300 -0.70568900
vn 0.06536600 -0.71625600 -0.69476900
vn -0.30151300 -0.65297200 -0.69477900
vn -0.40315300 -0.58261900 -0.70570800
vn -0.50001000 -0.50196500 -0.70570600
vn -0.64045600 -0.30297300 -0.70570800
vn -0.68400100 -0.18473100 -0.70570300
vn -0.70614500 0.05782700 -0.70570200
vn -0.68472600 0.18203000 -0.70570200
vn -0.58262500 0.40314100 -0.70570900
vn -0.50200500 0.49996100 -0.70571200
vn -0.30305800 0.64043300 -0.70569300
vn -0.30293900 0.64047300 -0.70570700
vn -0.41473000 0.58757800 -0.69480300
vn -0.06538200 0.71623100 -0.69479400
vn 0.05776300 0.70616400 -0.70568800
vn 0.05790000 0.70614000 -0.70570100
vn -0.06538200 0.71621200 -0.69481400
vn 0.30148300 0.65294300 -0.69481900
vn 0.40313100 0.58262900 -0.70571200
vn 0.45246400 0.54338800 -0.70711100
vn 0.64041500 0.30306800 -0.70570400
vn 0.64048800 0.30291000 -0.70570600
vn 0.64042500 0.30307900 -0.70569000
vn 0.58774600 0.41480300 -0.69461700
vn 0.58774600 0.41480300 -0.69461700
vn 0.71617200 0.06536900 -0.69485600
vn 0.71618100 0.06536600 -0.69484600
vn -0.00000700 -0.00000100 -1.00000000
vn 0.50754300 -0.08753100 -0.85716900
vn 0.39579000 -0.32957700 -0.85716400
vn 0.48330400 0.17798400 -0.85716900
vn -0.08752100 -0.50755100 -0.85716500
vn -0.32958000 -0.39578600 -0.85716400
vn 0.17798300 -0.48330600 -0.85716800
vn -0.50755900 0.08752000 -0.85716000
vn -0.39579400 0.32957200 -0.85716400
vn -0.48332600 -0.17797600 -0.85715800
vn 0.08753000 0.50754300 -0.85716900
vn 0.32957500 0.39578700 -0.85716600
vn -0.17797900 0.48331400 -0.85716400
vn 0.99585800 0.09091800 0.00000000
vn 0.99585800 0.09091800 0.00000000
vn 0.99585800 0.09091800 0.00000000
vn 0.99585800 0.09091800 0.00000000
vn 0.90787600 -0.41923900 0.00000000
vn 0.90787600 -0.41923900 0.00000000
vn 0.90787500 -0.41924200 0.00000000
vn 0.90787600 -0.41923900 0.00000000
vn 0.90787500 -0.41924200 0.00000000
vn 0.90787500 -0.41924200 0.00000000
vn 0.57669000 -0.81696300 0.00000000
vn 0.57669000 -0.81696300 0.00000000
vn 0.57669300 -0.81696100 0.00000000
vn 0.57669300 -0.81696100 0.00000000
vn 0.57669000 -0.81696300 0.00000000
vn 0.57669300 -0.81696100 0.00000000
vn 0.09090600 -0.99585900 0.00000000
vn 0.09090600 -0.99585900 0.00000000
vn 0.09090600 -0.99585900 0.00000000
vn 0.09090600 -0.99585900 0.00000000
vn -0.41919500 -0.90789600 0.00000000
vn -0.41919500 -0.90789600 0.00000000
vn -0.41919200 -0.90789800 0.00000000
vn -0.41919500 -0.90789600 0.00000000
vn -0.41919200 -0.90789800 0.00000000
vn -0.41919200 -0.90789800 0.00000000
vn -0.81701300 -0.57661900 0.00000000
vn -0.81701400 -0.57661800 0.00000000
vn -0.81701300 -0.57661900 0.00000000
vn -0.81701300 -0.57661900 0.00000000
vn -0.81701400 -0.57661800 0.00000000
vn -0.81701400 -0.57661800 0.00000000
vn -0.99585800 -0.09091800 0.00000000
vn -0.99585800 -0.09091800 0.00000000
vn -0.99585800 -0.09091700 0.00000000
vn -0.99585800 -0.09091800 0.00000000
vn -0.99585800 -0.09091700 0.00000000
vn -0.99585800 -0.09091700 0.00000000
vn -0.90790100 0.41918500 0.00000000
vn -0.90790300 0.41918100 0.00000000
vn -0.90790100 0.41918500 0.00000000
vn -0.90790300 0.41918100 0.00000000
vn -0.90790100 0.41918500 0.00000000
vn -0.90790300 0.41918100 0.00000000
vn -0.57666200 0.81698300 0.00000000
vn -0.57666200 0.81698300 0.00000000
vn -0.57666200 0.81698300 0.00000000
vn -0.57666200 0.81698300 0.00000000
vn -0.57666200 0.81698300 0.00000000
vn -0.57666200 0.81698300 0.00000000
vn -0.09091400 0.99585900 0.00000000
vn -0.09091400 0.99585900 0.00000000
vn -0.09092300 0.99585800 0.00000000
vn -0.09092300 0.99585800 0.00000000
vn -0.09091400 0.99585900 0.00000000
vn -0.09092300 0.99585800 0.00000000
vn 0.41924400 0.90787400 0.00000000
vn 0.41924400 0.90787400 0.00000000
vn 0.41923800 0.90787600 0.00000000
vn 0.41924400 0.90787400 0.00000000
vn 0.41923800 0.90787600 0.00000000
vn 0.41923800 0.90787600 0.00000000
vn 0.81696500 0.57668700 0.00000000
vn 0.81696500 0.57668700 0.00000000
vn 0.81696500 0.57668700 0.00000000
vn 0.81696500 0.57668700 0.00000000
vn 0.81696500 0.57668700 0.00000000
vn 0.81696500 0.57668700 0.00000000
vn 0.70614800 -0.05783000 -0.70569800
vn 0.68472900 -0.18203400 -0.70569800
vn 0.58261200 -0.40317400 -0.70570100
vn 0.50202500 -0.49995400 -0.70570300
vn 0.30300600 -0.64044500 -0.70570300
vn 0.18476000 -0.68399400 -0.70570300
vn -0.05782200 -0.70614500 -0.70570200
vn -0.18203700 -0.68471600 -0.70571000
vn -0.40315700 -0.58260900 -0.70571300
vn -0.49999800 -0.50196900 -0.70571200
vn -0.64043400 -0.30299800 -0.70571700
vn -0.68397900 -0.18474200 -0.70572100
vn -0.70612800 0.05782000 -0.70572000
vn -0.68470700 0.18203900 -0.70571800
vn -0.58261600 0.40314400 -0.70571400
vn -0.50196400 0.50000700 -0.70570900
vn -0.30297400 0.64045700 -0.70570600
vn -0.18472100 0.68400400 -0.70570300
vn 0.05783600 0.70614800 -0.70569900
vn 0.18201400 0.68473200 -0.70570000
vn 0.40316100 0.58262200 -0.70570000
vn 0.50001800 0.50197000 -0.70569700
vn 0.64048200 0.30295100 -0.70569400
vn 0.64044400 0.30305500 -0.70568300
vn 0.58762500 0.41473300 -0.69476200
vn 0.71621800 0.06539800 -0.69480600
vn -0.00000400 -0.00000600 -1.00000000
vn 0.50755600 -0.08751800 -0.85716300
vn 0.39578400 -0.32957500 -0.85716700
vn 0.48331100 0.17797500 -0.85716700
vn -0.08752300 -0.50756300 -0.85715800
vn -0.32957000 -0.39580100 -0.85716100
vn 0.17796400 -0.48333100 -0.85715800
vn -0.50754800 0.08753500 -0.85716500
vn -0.39578900 0.32958700 -0.85716000
vn -0.48331600 -0.17798000 -0.85716300
vn 0.08752800 0.50754800 -0.85716600
vn 0.32957200 0.39579100 -0.85716500
vn -0.17797400 0.48331700 -0.85716400
vn 0.99586000 0.09090000 0.00000000
vn 0.99586000 0.09090000 0.00000000
vn 0.99586000 0.09090000 0.00000000
vn 0.99586000 0.09090000 0.00000000
vn 0.99586000 0.09090000 0.00000000
vn 0.99586000 0.09090000 0.00000000
vn 0.90791200 -0.41916000 0.00000000
vn 0.90791000 -0.41916500 0.00000000
vn 0.90791200 -0.41916000 0.00000000
vn 0.90791200 -0.41916000 0.00000000
vn 0.90791000 -0.41916500 0.00000000
vn 0.90791000 -0.41916500 0.00000000
vn 0.57660200 -0.81702500 0.00000000
vn 0.57660200 -0.81702500 0.00000000
vn 0.57660200 -0.81702500 0.00000000
vn 0.57660200 -0.81702500 0.00000000
vn 0.09090700 -0.99585900 0.00000000
vn 0.09090700 -0.99585900 0.00000000
vn 0.09090700 -0.99585900 0.00000000
vn 0.09090700 -0.99585900 0.00000000
vn -0.41917400 -0.90790600 0.00000000
vn -0.41917400 -0.90790600 0.00000000
vn -0.41917400 -0.90790600 0.00000000
vn -0.41917400 -0.90790600 0.00000000
vn -0.81698400 -0.57666100 0.00000000
vn -0.81698400 -0.57666100 0.00000000
vn -0.81698100 -0.57666400 0.00000000
vn -0.81698100 -0.57666400 0.00000000
vn -0.81698400 -0.57666100 0.00000000
vn -0.81698100 -0.57666400 0.00000000
vn -0.99585900 -0.09091000 0.00000000
vn -0.99585900 -0.09091000 0.00000000
vn -0.99585900 -0.09091000 0.00000000
vn -0.99585900 -0.09091000 0.00000000
vn -0.90787300 0.41924400 0.00000000
vn -0.90787300 0.41924500 0.00000000
vn -0.90787300 0.41924400 0.00000000
vn -0.90787300 0.41924400 0.00000000
vn -0.90787300 0.41924500 0.00000000
vn -0.90787300 0.41924500 0.00000000
vn -0.57666200 0.81698300 0.00000000
vn -0.57666200 0.81698300 0.00000000
vn -0.57666200 0.81698300 0.00000000
vn -0.57666200 0.81698300 0.00000000
vn -0.57666200 0.81698300 0.00000000
vn -0.57666200 0.81698300 0.00000000
vn -0.09089900 0.99586000 0.00000000
vn -0.09089900 0.99586000 0.00000000
vn -0.09089000 0.99586100 0.00000000
vn -0.09089900 0.99586000 0.00000000
vn -0.09089000 0.99586100 0.00000000
vn -0.09089000 0.99586100 0.00000000
vn 0.41921000 0.90788900 0.00000000
vn 0.41921000 0.90788900 0.00000000
vn 0.41921700 0.90788600 0.00000000
vn 0.41921000 0.90788900 0.00000000
vn 0.41921700 0.90788600 0.00000000
vn 0.41921700 0.90788600 0.00000000
vn 0.81697700 0.57667000 0.00000000
vn 0.81697500 0.57667300 0.00000000
vn 0.81697700 0.57667000 0.00000000
vn 0.81697500 0.57667300 0.00000000
vn 0.81697700 0.57667000 0.00000000
vn 0.81697500 0.57667300 0.00000000
vn 0.70614300 -0.05782200 -0.70570500
vn 0.68472600 -0.18204900 -0.70569700
vn 0.58263500 -0.40314600 -0.70569800
vn 0.50201100 -0.49996400 -0.70570600
vn 0.30296900 -0.64045800 -0.70570800
vn 0.18472000 -0.68400400 -0.70570300
vn -0.05781600 -0.70614500 -0.70570300
vn -0.18199200 -0.68473100 -0.70570700
vn -0.40315900 -0.58261100 -0.70571100
vn -0.49998000 -0.50199200 -0.70570800
vn -0.64044100 -0.30303800 -0.70569400
vn -0.64047100 -0.30293800 -0.70571000
vn -0.58760500 -0.41471300 -0.69479000
vn -0.71624700 -0.06537900 -0.69477800
vn -0.70614500 0.05784100 -0.70570000
vn -0.68472800 0.18201400 -0.70570400
vn -0.58263200 0.40313200 -0.70570800
vn -0.50196000 0.50000700 -0.70571200
vn -0.30297400 0.64045300 -0.70571000
vn -0.18472700 0.68400300 -0.70570300
vn 0.05784700 0.70613900 -0.70570600
vn 0.18198200 0.68473200 -0.70570900
vn 0.40315500 0.58262000 -0.70570500
vn 0.50000900 0.50197400 -0.70570100
vn 0.64045500 0.30299600 -0.70569900
vn 0.68400100 0.18474900 -0.70569900
vn -0.00000100 0.00000400 -1.00000000
vn 0.50754300 -0.08752200 -0.85717000
vn 0.39577300 -0.32957500 -0.85717200
vn 0.48331200 0.17797700 -0.85716600
vn -0.08751400 -0.50754600 -0.85716900
vn -0.32955800 -0.39578900 -0.85717100
vn 0.17796800 -0.48331300 -0.85716800
vn -0.50754900 0.08752000 -0.85716600
vn -0.39579600 0.32956900 -0.85716400
vn -0.48330600 -0.17797800 -0.85716900
vn 0.08753300 0.50754200 -0.85716900
vn 0.32958300 0.39578400 -0.85716400
vn -0.17798600 0.48330800 -0.85716600
vn 0.99585800 0.09092000 0.00000000
vn 0.99585800 0.09092000 0.00000000
vn 0.99585800 0.09092000 0.00000000
vn 0.99585800 0.09092000 0.00000000
vn 0.99585800 0.09092000 0.00000000
vn 0.99585800 0.09092000 0.00000000
vn 0.90789800 -0.41919200 0.00000000
vn 0.90789800 -0.41919200 0.00000000
vn 0.90789700 -0.41919400 0.00000000
vn 0.90789800 -0.41919200 0.00000000
vn 0.90789700 -0.41919400 0.00000000
vn 0.90789700 -0.41919400 0.00000000
vn 0.57662100 -0.81701200 0.00000000
vn 0.57662100 -0.81701200 0.00000000
vn 0.57661900 -0.81701300 0.00000000
vn 0.57662100 -0.81701200 0.00000000
vn 0.57661900 -0.81701300 0.00000000
vn 0.57661900 -0.81701300 0.00000000
vn 0.09091900 -0.99585800 0.00000000
vn 0.09091900 -0.99585800 0.00000000
vn 0.09091700 -0.99585800 0.00000000
vn 0.09091900 -0.99585800 0.00000000
vn 0.09091700 -0.99585800 0.00000000
vn 0.09091700 -0.99585800 0.00000000
vn -0.41917400 -0.90790600 0.00000000
vn -0.41917400 -0.90790600 0.00000000
vn -0.41917300 -0.90790700 0.00000000
vn -0.41917400 -0.90790600 0.00000000
vn -0.41917300 -0.90790700 0.00000000
vn -0.41917300 -0.90790700 0.00000000
vn -0.81698400 -0.57666000 0.00000000
vn -0.81698400 -0.57666000 0.00000000
vn -0.81698500 -0.57666000 0.00000000
vn -0.81698400 -0.57666000 0.00000000
vn -0.81698500 -0.57666000 0.00000000
vn -0.81698500 -0.57666000 0.00000000
vn -0.99586000 -0.09090600 0.00000000
vn -0.99586000 -0.09090600 0.00000000
vn -0.99586000 -0.09090600 0.00000000
vn -0.99586000 -0.09090600 0.00000000
vn -0.99586000 -0.09090600 0.00000000
vn -0.99586000 -0.09090600 0.00000000
vn -0.90789800 0.41919200 0.00000000
vn -0.90789800 0.41919200 0.00000000
vn -0.90789700 0.41919400 0.00000000
vn -0.90789800 0.41919200 0.00000000
vn -0.90789700 0.41919400 0.00000000
vn -0.90789700 0.41919400 0.00000000
vn -0.57668800 0.81696400 0.00000000
vn -0.57668800 0.81696400 0.00000000
vn -0.57668500 0.81696700 0.00000000
vn -0.57668800 0.81696400 0.00000000
vn -0.57668500 0.81696700 0.00000000
vn -0.57668500 0.81696700 0.00000000
vn -0.09092100 0.99585800 0.00000000
vn -0.09092100 0.99585800 0.00000000
vn -0.09091700 0.99585800 0.00000000
vn -0.09092100 0.99585800 0.00000000
vn -0.09091700 0.99585800 0.00000000
vn -0.09091700 0.99585800 0.00000000
vn 0.41924900 0.90787100 0.00000000
vn 0.41924900 0.90787100 0.00000000
vn 0.41925100 0.90787000 0.00000000
vn 0.41924900 0.90787100 0.00000000
vn 0.41925100 0.90787000 0.00000000
vn 0.41925100 0.90787000 0.00000000
vn 0.81698400 0.57666000 0.00000000
vn 0.81698400 0.57666000 0.00000000
vn 0.81698400 0.57666000 0.00000000
vn 0.81698400 0.57666000 0.00000000
vn 0.81698400 0.57666000 0.00000000
vn 0.81698400 0.57666000 0.00000000
vn 0.70616600 -0.05776400 -0.70568600
vn 0.70614300 -0.05788100 -0.70570000
vn 0.65300100 -0.30149500 -0.69475900
vn 0.58258300 -0.40325200 -0.70568100
vn 0.58270400 -0.40309900 -0.70566800
vn 0.65299800 -0.30149100 -0.69476400
vn 0.41473500 -0.58763500 -0.69475200
vn 0.30304900 -0.64045900 -0.70567200
vn 0.30295700 -0.64049000 -0.70568400
vn 0.41473500 -0.58761700 -0.69476700
vn 0.06538200 -0.71624200 -0.69478300
vn -0.05776500 -0.70616100 -0.70569100
vn -0.05786700 -0.70614300 -0.70570000
vn 0.06536600 -0.71626000 -0.69476500
vn -0.30149200 -0.65300600 -0.69475600
vn -0.40323500 -0.58257100 -0.70570000
vn -0.40309300 -0.58269500 -0.70567900
vn -0.30150500 -0.65300400 -0.69475200
vn -0.58758500 -0.41474200 -0.69479000
vn -0.64044600 -0.30299900 -0.70570600
vn -0.68399000 -0.18470700 -0.70572000
vn -0.70611800 0.05786900 -0.70572600
vn -0.68471200 0.18199300 -0.70572600
vn -0.58262600 0.40312200 -0.70572000
vn -0.50201300 0.49994700 -0.70571600
vn -0.30300300 0.64044100 -0.70570800
vn -0.18470900 0.68400600 -0.70570400
vn 0.05784100 0.70614300 -0.70570300
vn 0.18201700 0.68472800 -0.70570300
vn 0.40315900 0.58262500 -0.70569900
vn 0.50001300 0.50196400 -0.70570400
vn 0.64045700 0.30297100 -0.70570800
vn 0.68400100 0.18471500 -0.70570700
vn 0.71626700 0.06536600 -0.69475800
vn -0.00000700 0.00000400 -1.00000000
vn 0.50754400 -0.08753700 -0.85716700
vn 0.39579100 -0.32958000 -0.85716200
vn 0.48331600 0.17797600 -0.85716400
vn -0.08751800 -0.50755300 -0.85716400
vn -0.32957900 -0.39578400 -0.85716500
vn 0.17798400 -0.48330700 -0.85716700
vn -0.50757100 0.08750700 -0.85715500
vn -0.39580800 0.32956200 -0.85716100
vn -0.48332800 -0.17796800 -0.85715900
vn 0.08753500 0.50755200 -0.85716300
vn 0.32958800 0.39579100 -0.85715900
vn -0.17797900 0.48332000 -0.85716100
vn 0.99586000 0.09089800 0.00000000
vn 0.99586000 0.09089800 0.00000000
vn 0.99586000 0.09089700 0.00000000
vn 0.99586000 0.09089700 0.00000000
vn 0.99586000 0.09089800 0.00000000
vn 0.99586000 0.09089700 0.00000000
vn 0.90787600 -0.41923800 0.00000000
vn 0.90787600 -0.41923800 0.00000000
vn 0.90787600 -0.41923900 0.00000000
vn 0.90787600 -0.41923900 0.00000000
vn 0.90787600 -0.41923800 0.00000000
vn 0.90787600 -0.41923900 0.00000000
vn 0.57668600 -0.81696600 0.00000000
vn 0.57668600 -0.81696600 0.00000000
vn 0.57668600 -0.81696600 0.00000000
vn 0.57668600 -0.81696600 0.00000000
vn 0.57668600 -0.81696600 0.00000000
vn 0.57668600 -0.81696600 0.00000000
vn 0.09090500 -0.99586000 0.00000000
vn 0.09090500 -0.99586000 0.00000000
vn 0.09090500 -0.99586000 0.00000000
vn 0.09090500 -0.99586000 0.00000000
vn -0.41918200 -0.90790200 0.00000000
vn -0.41918200 -0.90790200 0.00000000
vn -0.41918100 -0.90790300 0.00000000
vn -0.41918100 -0.90790300 0.00000000
vn -0.41918200 -0.90790200 0.00000000
vn -0.41918100 -0.90790300 0.00000000
vn -0.81701500 -0.57661600 0.00000000
vn -0.81701500 -0.57661700 0.00000000
vn -0.81701500 -0.57661600 0.00000000
vn -0.81701500 -0.57661700 0.00000000
vn -0.81701500 -0.57661600 0.00000000
vn -0.81701500 -0.57661700 0.00000000
vn -0.99586000 -0.09089900 0.00000000
vn -0.99586000 -0.09089900 0.00000000
vn -0.99586000 -0.09089900 0.00000000
vn -0.99586000 -0.09089900 0.00000000
vn -0.99586000 -0.09089900 0.00000000
vn -0.99586000 -0.09089900 0.00000000
vn -0.90792800 0.41912600 0.00000000
vn -0.90792800 0.41912600 0.00000000
vn -0.90792800 0.41912600 0.00000000
vn -0.90792800 0.41912600 0.00000000
vn -0.90792800 0.41912600 0.00000000
vn -0.90792800 0.41912600 0.00000000
vn -0.57666200 0.81698200 0.00000000
vn -0.57666200 0.81698300 0.00000000
vn -0.57666200 0.81698200 0.00000000
vn -0.57666200 0.81698300 0.00000000
vn -0.57666200 0.81698200 0.00000000
vn -0.57666200 0.81698300 0.00000000
vn -0.09091000 0.99585900 0.00000000
vn -0.09090900 0.99585900 0.00000000
vn -0.09091000 0.99585900 0.00000000
vn -0.09090900 0.99585900 0.00000000
vn -0.09091000 0.99585900 0.00000000
vn -0.09090900 0.99585900 0.00000000
vn 0.41924300 0.90787400 0.00000000
vn 0.41924300 0.90787400 0.00000000
vn 0.41924300 0.90787400 0.00000000
vn 0.41924300 0.90787400 0.00000000
vn 0.81698300 0.57666200 0.00000000
vn 0.81698200 0.57666300 0.00000000
vn 0.81698300 0.57666200 0.00000000
vn 0.81698200 0.57666300 0.00000000
vn 0.81698300 0.57666200 0.00000000
vn 0.81698200 0.57666300 0.00000000
vn 0.70614100 -0.05791000 -0.70570000
vn 0.70616700 -0.05774300 -0.70568700
vn 0.65291200 -0.30149000 -0.69484500
vn 0.58263000 -0.40314500 -0.70570300
vn 0.50197200 -0.49999100 -0.70571500
vn 0.30299900 -0.64044200 -0.70570900
vn 0.18470900 -0.68400800 -0.70570200
vn -0.05782900 -0.70614300 -0.70570400
vn -0.18201300 -0.68472500 -0.70570700
vn -0.40316900 -0.58260600 -0.70570900
vn -0.49998900 -0.50198500 -0.70570700
vn -0.64044100 -0.30300900 -0.70570600
vn -0.68400900 -0.18471300 -0.70570100
vn -0.70614100 0.05781900 -0.70570700
vn -0.68472500 0.18199400 -0.70571200
vn -0.58260900 0.40315700 -0.70571300
vn -0.50198800 0.49997500 -0.70571400
vn -0.30299300 0.64044300 -0.70571100
vn -0.18473900 0.68399900 -0.70570300
vn 0.05783600 0.70614200 -0.70570400
vn 0.18201300 0.68472100 -0.70571100
vn 0.40316400 0.58260800 -0.70571000
vn 0.50000700 0.50195500 -0.70571600
vn 0.64047400 0.30293200 -0.70570900
vn 0.64043200 0.30304500 -0.70569900
vn 0.58756300 0.41471300 -0.69482600
vn 0.71622600 0.06539200 -0.69479700
vn 0.71618100 0.06541700 -0.69484200
vn 0.00000700 -0.00000600 -1.00000000
vn 0.50755900 -0.08752000 -0.85716000
vn 0.39578200 -0.32958700 -0.85716300
vn 0.48332600 0.17797600 -0.85715800
vn -0.08751800 -0.50756300 -0.85715900
vn -0.32956900 -0.39579300 -0.85716500
vn 0.17796600 -0.48333800 -0.85715400
vn -0.50754200 0.08753400 -0.85716900
vn -0.39579000 0.32957700 -0.85716400
vn -0.48331100 -0.17797200 -0.85716800
vn 0.08753300 0.50754300 -0.85716900
vn 0.32958900 0.39577800 -0.85716400
vn -0.17798500 0.48330500 -0.85716800
vn 0.99585800 0.09091800 0.00000000
vn 0.99585800 0.09091800 0.00000000
vn 0.99585800 0.09091700 0.00000000
vn 0.99585800 0.09091800 0.00000000
vn 0.99585800 0.09091700 0.00000000
vn 0.99585800 0.09091700 0.00000000
vn 0.90790100 -0.41918500 0.00000000
vn 0.90790300 -0.41918100 0.00000000
vn 0.90790100 -0.41918500 0.00000000
vn 0.90790300 -0.41918100 0.00000000
vn 0.90790100 -0.41918500 0.00000000
vn 0.90790300 -0.41918100 0.00000000
vn 0.57659200 -0.81703200 0.00000000
vn 0.57659200 -0.81703200 0.00000000
vn 0.57659100 -0.81703300 0.00000000
vn 0.57659100 -0.81703300 0.00000000
vn 0.57659200 -0.81703200 0.00000000
vn 0.57659100 -0.81703300 0.00000000
vn 0.09092300 -0.99585800 0.00000000
vn 0.09092300 -0.99585800 0.00000000
vn 0.09092300 -0.99585800 0.00000000
vn 0.09092300 -0.99585800 0.00000000
vn -0.41917400 -0.90790600 0.00000000
vn -0.41917400 -0.90790600 0.00000000
vn -0.41917400 -0.90790600 0.00000000
vn -0.41917400 -0.90790600 0.00000000
vn -0.81698800 -0.57665500 0.00000000
vn -0.81698500 -0.57665800 0.00000000
vn -0.81698800 -0.57665500 0.00000000
vn -0.81698500 -0.57665800 0.00000000
vn -0.81698800 -0.57665500 0.00000000
vn -0.81698500 -0.57665800 0.00000000
vn -0.99585900 -0.09091000 0.00000000
vn -0.99585900 -0.09090900 0.00000000
vn -0.99585900 -0.09091000 0.00000000
vn -0.99585900 -0.09090900 0.00000000
vn -0.99585900 -0.09091000 0.00000000
vn -0.99585900 -0.09090900 0.00000000
vn -0.90787600 0.41923900 0.00000000
vn -0.90787600 0.41923900 0.00000000
vn -0.90787500 0.41924200 0.00000000
vn -0.90787500 0.41924200 0.00000000
vn -0.90787600 0.41923900 0.00000000
vn -0.90787500 0.41924200 0.00000000
vn -0.57669000 0.81696300 0.00000000
vn -0.57669300 0.81696100 0.00000000
vn -0.57669000 0.81696300 0.00000000
vn -0.57669300 0.81696100 0.00000000
vn -0.57669000 0.81696300 0.00000000
vn -0.57669300 0.81696100 0.00000000
vn -0.09091500 0.99585900 0.00000000
vn -0.09091500 0.99585900 0.00000000
vn -0.09091500 0.99585900 0.00000000
vn -0.09091500 0.99585900 0.00000000
vn -0.09091500 0.99585900 0.00000000
vn -0.09091500 0.99585900 0.00000000
vn 0.41924400 0.90787400 0.00000000
vn 0.41924400 0.90787400 0.00000000
vn 0.41924100 0.90787500 0.00000000
vn 0.41924100 0.90787500 0.00000000
vn 0.41924400 0.90787400 0.00000000
vn 0.41924100 0.90787500 0.00000000
vn 0.81701300 0.57661900 0.00000000
vn 0.81701400 0.57661800 0.00000000
vn 0.81701300 0.57661900 0.00000000
vn 0.81701400 0.57661800 0.00000000
vn 0.81701300 0.57661900 0.00000000
vn 0.81701400 0.57661800 0.00000000
vn 0.70614600 -0.05782300 -0.70570100
vn 0.68474000 -0.18200100 -0.70569600
vn 0.58261900 -0.40319200 -0.70568500
vn 0.50200300 -0.50000300 -0.70568500
vn 0.30297600 -0.64047200 -0.70569200
vn 0.18471900 -0.68400700 -0.70570100
vn -0.05781300 -0.70614900 -0.70569900
vn -0.18203900 -0.68473400 -0.70569200
vn -0.40310500 -0.58268500 -0.70568000
vn -0.40323800 -0.58258200 -0.70568900
vn -0.30147800 -0.65294700 -0.69481700
vn -0.58757300 -0.41471900 -0.69481400
vn -0.64045100 -0.30304200 -0.70568300
vn -0.64048200 -0.30294200 -0.70569800
vn -0.58759800 -0.41471400 -0.69479600
vn -0.71625000 -0.06537800 -0.69477500
vn -0.70613000 0.05788200 -0.70571300
vn -0.70615800 0.05776300 -0.70569400
vn -0.71626600 -0.06537100 -0.69475900
vn -0.65297600 0.30151900 -0.69477200
vn -0.58261100 0.40314900 -0.70571600
vn -0.50197200 0.49999800 -0.70570900
vn -0.30296900 0.64045900 -0.70570700
vn -0.18476200 0.68399300 -0.70570300
vn 0.05782400 0.70615100 -0.70569600
vn 0.18204100 0.68472600 -0.70570000
vn 0.40315700 0.58262900 -0.70569700
vn 0.50000000 0.50197900 -0.70570300
vn 0.64045300 0.30298000 -0.70570700
vn 0.68399800 0.18472700 -0.70570700
vn 0.00000500 -0.00000000 -1.00000000
vn 0.50755000 -0.08754100 -0.85716400
vn 0.39579500 -0.32958200 -0.85715900
vn 0.48331800 0.17797700 -0.85716300
vn -0.08752900 -0.50754600 -0.85716800
vn -0.32957600 -0.39578400 -0.85716600
vn 0.17798500 -0.48330900 -0.85716600
vn -0.50755400 0.08751500 -0.85716400
vn -0.39579800 0.32956200 -0.85716600
vn -0.48331000 -0.17797900 -0.85716700
vn 0.08753600 0.50754500 -0.85716700
vn 0.32958400 0.39579100 -0.85716000
vn -0.17797900 0.48330500 -0.85716900
vn 0.99585900 0.09091000 0.00000000
vn 0.99585900 0.09091000 0.00000000
vn 0.99585900 0.09091000 0.00000000
vn 0.99585900 0.09091000 0.00000000
vn 0.90787300 -0.41924400 0.00000000
vn 0.90787300 -0.41924400 0.00000000
vn 0.90787300 -0.41924500 0.00000000
vn 0.90787300 -0.41924500 0.00000000
vn 0.90787300 -0.41924400 0.00000000
vn 0.90787300 -0.41924500 0.00000000
vn 0.57669300 -0.81696100 0.00000000
vn 0.57669300 -0.81696100 0.00000000
vn 0.57669300 -0.81696100 0.00000000
vn 0.57669300 -0.81696100 0.00000000
vn 0.57669300 -0.81696100 0.00000000
vn 0.57669300 -0.81696100 0.00000000
vn 0.09091000 -0.99585900 0.00000000
vn 0.09090100 -0.99586000 0.00000000
vn 0.09091000 -0.99585900 0.00000000
vn 0.09090100 -0.99586000 0.00000000
vn 0.09091000 -0.99585900 0.00000000
vn 0.09090100 -0.99586000 0.00000000
vn -0.41922200 -0.90788400 0.00000000
vn -0.41922200 -0.90788400 0.00000000
vn -0.41922800 -0.90788100 0.00000000
vn -0.41922200 -0.90788400 0.00000000
vn -0.41922800 -0.90788100 0.00000000
vn -0.41922800 -0.90788100 0.00000000
vn -0.81697700 -0.57667000 0.00000000
vn -0.81697500 -0.57667300 0.00000000
vn -0.81697700 -0.57667000 0.00000000
vn -0.81697500 -0.57667300 0.00000000
vn -0.81697700 -0.57667000 0.00000000
vn -0.81697500 -0.57667300 0.00000000
vn -0.99586000 -0.09090500 0.00000000
vn -0.99586000 -0.09090400 0.00000000
vn -0.99586000 -0.09090500 0.00000000
vn -0.99586000 -0.09090400 0.00000000
vn -0.99586000 -0.09090500 0.00000000
vn -0.99586000 -0.09090400 0.00000000
vn -0.90791100 0.41916300 0.00000000
vn -0.90790800 0.41916900 0.00000000
vn -0.90791100 0.41916300 0.00000000
vn -0.90790800 0.41916900 0.00000000
vn -0.90791100 0.41916300 0.00000000
vn -0.90790800 0.41916900 0.00000000
vn -0.57668000 0.81697000 0.00000000
vn -0.57667900 0.81697100 0.00000000
vn -0.57668000 0.81697000 0.00000000
vn -0.57668000 0.81697000 0.00000000
vn -0.57667900 0.81697100 0.00000000
vn -0.57667900 0.81697100 0.00000000
vn -0.09090900 0.99585900 0.00000000
vn -0.09090000 0.99586000 0.00000000
vn -0.09090900 0.99585900 0.00000000
vn -0.09090000 0.99586000 0.00000000
vn -0.09090900 0.99585900 0.00000000
vn -0.09090000 0.99586000 0.00000000
vn 0.41923800 0.90787600 0.00000000
vn 0.41923800 0.90787600 0.00000000
vn 0.41924400 0.90787400 0.00000000
vn 0.41923800 0.90787600 0.00000000
vn 0.41924400 0.90787400 0.00000000
vn 0.41924400 0.90787400 0.00000000
vn 0.81698400 0.57666100 0.00000000
vn 0.81698100 0.57666400 0.00000000
vn 0.81698400 0.57666100 0.00000000
vn 0.81698100 0.57666400 0.00000000
vn 0.81698400 0.57666100 0.00000000
vn 0.81698100 0.57666400 0.00000000
vn 0.70614500 -0.05784100 -0.70570000
vn 0.68472800 -0.18201400 -0.70570400
vn 0.58261400 -0.40315600 -0.70570900
vn 0.50199200 -0.49997200 -0.70571300
vn 0.30297200 -0.64045700 -0.70570700
vn 0.18477500 -0.68398700 -0.70570500
vn -0.05786100 -0.70614000 -0.70570400
vn -0.18203300 -0.68472400 -0.70570300
vn -0.40315400 -0.58262800 -0.70570000
vn -0.49999200 -0.50199100 -0.70570000
vn -0.64044900 -0.30301000 -0.70569800
vn -0.68400800 -0.18471600 -0.70570000
vn -0.70614100 0.05782300 -0.70570600
vn -0.68473800 0.18196500 -0.70570800
vn -0.58262400 0.40314500 -0.70570800
vn -0.50196900 0.50001600 -0.70569900
vn -0.30298100 0.64046000 -0.70570100
vn -0.18472300 0.68400700 -0.70570000
vn 0.05784100 0.70614900 -0.70569700
vn 0.18201200 0.68472900 -0.70570300
vn 0.40316500 0.58260800 -0.70571000
vn 0.50000600 0.50195600 -0.70571600
vn 0.64044600 0.30299000 -0.70570900
vn 0.68399400 0.18473200 -0.70571000
vn 0.99586800 0.09081700 0.00000000
vn 0.99586800 0.09081700 0.00000000
vn 0.99586800 0.09081700 0.00000000
vn 0.99586800 0.09081700 0.00000000
vn 0.99586800 0.09081700 0.00000000
vn 0.99586800 0.09081700 0.00000000
vn 0.90791900 -0.41914600 0.00000000
vn 0.90791900 -0.41914600 0.00000000
vn 0.90791900 -0.41914500 0.00000000
vn 0.90791900 -0.41914600 0.00000000
vn 0.90791900 -0.41914500 0.00000000
vn 0.90791900 -0.41914500 0.00000000
vn 0.57656700 -0.81705000 0.00000000
vn 0.57656700 -0.81705000 0.00000000
vn 0.57656700 -0.81705000 0.00000000
vn 0.57656700 -0.81705000 0.00000000
vn 0.57656700 -0.81705000 0.00000000
vn 0.57656700 -0.81705000 0.00000000
vn 0.09091700 -0.99585800 0.00000000
vn 0.09091700 -0.99585800 0.00000000
vn 0.09092100 -0.99585800 0.00000000
vn 0.09091700 -0.99585800 0.00000000
vn 0.09092100 -0.99585800 0.00000000
vn 0.09092100 -0.99585800 0.00000000
vn -0.41906200 -0.90795800 0.00000000
vn -0.41906200 -0.90795800 0.00000000
vn -0.41906200 -0.90795800 0.00000000
vn -0.41906200 -0.90795800 0.00000000
vn -0.81702200 -0.57660600 0.00000000
vn -0.81702200 -0.57660600 0.00000000
vn -0.81702200 -0.57660600 0.00000000
vn -0.81702200 -0.57660600 0.00000000
vn -0.81702200 -0.57660600 0.00000000
vn -0.81702200 -0.57660600 0.00000000
vn -0.99585700 -0.09092800 0.00000000
vn -0.99585700 -0.09092800 0.00000000
vn -0.99585700 -0.09092800 0.00000000
vn -0.99585700 -0.09092800 0.00000000
vn -0.99585700 -0.09092800 0.00000000
vn -0.99585700 -0.09092800 0.00000000
vn -0.90791900 0.41914600 0.00000000
vn -0.90791900 0.41914600 0.00000000
vn -0.90791900 0.41914600 0.00000000
vn -0.90791900 0.41914600 0.00000000
vn -0.90791900 0.41914600 0.00000000
vn -0.90791900 0.41914600 0.00000000
vn -0.57661500 0.81701600 0.00000000
vn -0.57661500 0.81701600 0.00000000
vn -0.57661500 0.81701600 0.00000000
vn -0.57661500 0.81701600 0.00000000
vn -0.09080600 0.99586900 0.00000000
vn -0.09080600 0.99586900 0.00000000
vn -0.09080600 0.99586900 0.00000000
vn -0.09080600 0.99586900 0.00000000
vn 0.41912200 0.90793000 0.00000000
vn 0.41912200 0.90793000 0.00000000
vn 0.41912200 0.90793000 0.00000000
vn 0.41912200 0.90793000 0.00000000
vn 0.81696300 0.57669000 0.00000000
vn 0.81696300 0.57669100 0.00000000
vn 0.81696300 0.57669000 0.00000000
vn 0.81696300 0.57669000 0.00000000
vn 0.81696300 0.57669100 0.00000000
vn 0.81696300 0.57669100 0.00000000
vn 0.70613600 -0.05784800 -0.70571000
vn 0.68473100 -0.18200900 -0.70570300
vn 0.58261500 -0.40318400 -0.70569300
vn 0.50201400 -0.49998600 -0.70568800
vn 0.30299100 -0.64045800 -0.70569800
vn 0.18475300 -0.68398600 -0.70571200
vn -0.05784400 -0.70613100 -0.70571400
vn -0.18199400 -0.68473500 -0.70570200
vn -0.40318200 -0.58261600 -0.70569300
vn -0.49998600 -0.50200800 -0.70569200
vn -0.64045000 -0.30299400 -0.70570400
vn -0.68398000 -0.18476000 -0.70571600
vn -0.70613400 0.05783100 -0.70571200
vn -0.68473500 0.18197100 -0.70570800
vn -0.58259300 0.40321600 -0.70569300
vn -0.50201500 0.49998100 -0.70569100
vn -0.30299000 0.64045800 -0.70569900
vn -0.18477500 0.68397500 -0.70571700
vn 0.05782100 0.70613100 -0.70571700
vn 0.18198800 0.68473900 -0.70570000
vn 0.40316200 0.58263100 -0.70569200
vn 0.50000000 0.50200100 -0.70568800
vn 0.64046800 0.30296400 -0.70570100
vn 0.68398800 0.18474000 -0.70571300
vn 0.99585800 0.09091700 0.00000000
vn 0.99585900 0.09091600 0.00000000
vn 0.99585800 0.09091700 0.00000000
vn 0.99585800 0.09091700 0.00000000
vn 0.99585900 0.09091600 0.00000000
vn 0.99585900 0.09091600 0.00000000
vn 0.90785400 -0.41928700 0.00000000
vn 0.90785400 -0.41928700 0.00000000
vn 0.90785400 -0.41928700 0.00000000
vn 0.90785400 -0.41928700 0.00000000
vn 0.57672300 -0.81694000 0.00000000
vn 0.57672300 -0.81694000 0.00000000
vn 0.57673200 -0.81693300 0.00000000
vn 0.57673200 -0.81693300 0.00000000
vn 0.57672300 -0.81694000 0.00000000
vn 0.57673200 -0.81693300 0.00000000
vn 0.09092300 -0.99585800 0.00000000
vn 0.09092300 -0.99585800 0.00000000
vn 0.09093000 -0.99585700 0.00000000
vn 0.09092300 -0.99585800 0.00000000
vn 0.09093000 -0.99585700 0.00000000
vn 0.09093000 -0.99585700 0.00000000
vn -0.41922700 -0.90788100 0.00000000
vn -0.41922700 -0.90788100 0.00000000
vn -0.41922700 -0.90788100 0.00000000
vn -0.41922700 -0.90788100 0.00000000
vn -0.81699100 -0.57665100 0.00000000
vn -0.81699100 -0.57665100 0.00000000
vn -0.81699100 -0.57665100 0.00000000
vn -0.81699100 -0.57665100 0.00000000
vn -0.99585800 -0.09091900 0.00000000
vn -0.99585800 -0.09091900 0.00000000
vn -0.99585800 -0.09091800 0.00000000
vn -0.99585800 -0.09091900 0.00000000
vn -0.99585800 -0.09091800 0.00000000
vn -0.99585800 -0.09091800 0.00000000
vn -0.90789200 0.41920500 0.00000000
vn -0.90789200 0.41920500 0.00000000
vn -0.90789200 0.41920500 0.00000000
vn -0.90789200 0.41920500 0.00000000
vn -0.57668400 0.81696700 0.00000000
vn -0.57669300 0.81696100 0.00000000
vn -0.57668400 0.81696700 0.00000000
vn -0.57669300 0.81696100 0.00000000
vn -0.57668400 0.81696700 0.00000000
vn -0.57669300 0.81696100 0.00000000
vn -0.09092300 0.99585800 0.00000000
vn -0.09092300 0.99585800 0.00000000
vn -0.09093000 0.99585700 0.00000000
vn -0.09092300 0.99585800 0.00000000
vn -0.09093000 0.99585700 0.00000000
vn -0.09093000 0.99585700 0.00000000
vn 0.41928700 0.90785400 0.00000000
vn 0.41928700 0.90785400 0.00000000
vn 0.41928700 0.90785400 0.00000000
vn 0.41928700 0.90785400 0.00000000
vn 0.41928700 0.90785400 0.00000000
vn 0.41928700 0.90785400 0.00000000
vn 0.81693000 0.57673700 0.00000000
vn 0.81693000 0.57673700 0.00000000
vn 0.81693000 0.57673700 0.00000000
vn 0.81693000 0.57673700 0.00000000
vn 0.70615300 -0.05784100 -0.70569300
vn 0.68473700 -0.18198400 -0.70570300
vn 0.58260300 -0.40316000 -0.70571600
vn 0.50199100 -0.49996000 -0.70572300
vn 0.30296400 -0.64045100 -0.70571700
vn 0.18475800 -0.68398100 -0.70571500
vn -0.05782400 -0.70613200 -0.70571600
vn -0.18198600 -0.68471800 -0.70572100
vn -0.40317700 -0.58259100 -0.70571700
vn -0.49996000 -0.50201100 -0.70570800
vn -0.64047200 -0.30295800 -0.70570000
vn -0.68400300 -0.18476200 -0.70569300
vn -0.70615500 0.05784200 -0.70569100
vn -0.68474000 0.18200900 -0.70569400
vn -0.58261500 0.40316100 -0.70570600
vn -0.50198300 0.49998300 -0.70571200
vn -0.30296100 0.64044900 -0.70571900
vn -0.18475900 0.68397400 -0.70572200
vn 0.05787300 0.70612400 -0.70571900
vn 0.18198000 0.68472200 -0.70571900
vn 0.40315700 0.58260600 -0.70571600
vn 0.49996900 0.50199300 -0.70571500
vn 0.64046500 0.30296700 -0.70570200
vn 0.68400300 0.18476100 -0.70569400
vn 0.99585700 0.09092800 0.00000000
vn 0.99585700 0.09092800 0.00000000
vn 0.99585700 0.09092800 0.00000000
vn 0.99585700 0.09092800 0.00000000
vn 0.99585700 0.09092800 0.00000000
vn 0.99585700 0.09092800 0.00000000
vn 0.90791900 -0.41914600 0.00000000
vn 0.90791900 -0.41914600 0.00000000
vn 0.90791900 -0.41914600 0.00000000
vn 0.90791900 -0.41914600 0.00000000
vn 0.90791900 -0.41914600 0.00000000
vn 0.90791900 -0.41914600 0.00000000
vn 0.57680500 -0.81688200 0.00000000
vn 0.57653100 -0.81707500 0.00000000
vn 0.57680500 -0.81688200 0.00000000
vn 0.57653100 -0.81707500 0.00000000
vn 0.57680500 -0.81688200 0.00000000
vn 0.57653100 -0.81707500 0.00000000
vn 0.09091800 -0.99585800 0.00000000
vn 0.09091900 -0.99585800 0.00000000
vn 0.09091800 -0.99585800 0.00000000
vn 0.09091900 -0.99585800 0.00000000
vn 0.09091800 -0.99585800 0.00000000
vn 0.09091900 -0.99585800 0.00000000
vn -0.41912200 -0.90793000 0.00000000
vn -0.41912200 -0.90793000 0.00000000
vn -0.41912200 -0.90793000 0.00000000
vn -0.41912200 -0.90793000 0.00000000
vn -0.81702200 -0.57660700 0.00000000
vn -0.81702200 -0.57660700 0.00000000
vn -0.81702200 -0.57660700 0.00000000
vn -0.81702200 -0.57660700 0.00000000
vn -0.81702200 -0.57660700 0.00000000
vn -0.81702200 -0.57660700 0.00000000
vn -0.99585700 -0.09092800 0.00000000
vn -0.99585700 -0.09092800 0.00000000
vn -0.99585700 -0.09092800 0.00000000
vn -0.99585700 -0.09092800 0.00000000
vn -0.99585700 -0.09092800 0.00000000
vn -0.99585700 -0.09092800 0.00000000
vn -0.90791900 0.41914600 0.00000000
vn -0.90791900 0.41914600 0.00000000
vn -0.90791900 0.41914500 0.00000000
vn -0.90791900 0.41914500 0.00000000
vn -0.90791900 0.41914600 0.00000000
vn -0.90791900 0.41914500 0.00000000
vn -0.57665200 0.81699000 0.00000000
vn -0.57665200 0.81699000 0.00000000
vn -0.57665000 0.81699100 0.00000000
vn -0.57665000 0.81699100 0.00000000
vn -0.57665200 0.81699000 0.00000000
vn -0.57665000 0.81699100 0.00000000
vn -0.09080700 0.99586800 0.00000000
vn -0.09080700 0.99586800 0.00000000
vn -0.09080700 0.99586800 0.00000000
vn -0.09080700 0.99586800 0.00000000
vn 0.41906200 0.90795800 0.00000000
vn 0.41906200 0.90795800 0.00000000
vn 0.41906200 0.90795800 0.00000000
vn 0.41906200 0.90795800 0.00000000
vn 0.81702200 0.57660600 0.00000000
vn 0.81702200 0.57660600 0.00000000
vn 0.81702200 0.57660600 0.00000000
vn 0.81702200 0.57660600 0.00000000
vn 0.81702200 0.57660600 0.00000000
vn 0.81702200 0.57660600 0.00000000
vn 0.70613400 -0.05783100 -0.70571200
vn 0.68473500 -0.18197100 -0.70570800
vn 0.58259300 -0.40321400 -0.70569400
vn 0.50200200 -0.49999500 -0.70569100
vn 0.30298800 -0.64045900 -0.70569800
vn 0.18475300 -0.68398900 -0.70571000
vn -0.05785400 -0.70612900 -0.70571600
vn -0.18198800 -0.68473900 -0.70570000
vn -0.40315900 -0.58263200 -0.70569400
vn -0.49998000 -0.50201800 -0.70569000
vn -0.64046200 -0.30295800 -0.70570900
vn -0.68398000 -0.18475500 -0.70571700
vn -0.70613100 0.05783500 -0.70571500
vn -0.68472600 0.18200900 -0.70570700
vn -0.58261600 0.40318600 -0.70569100
vn -0.50199400 0.50000100 -0.70569100
vn -0.30299400 0.64045700 -0.70569800
vn -0.18473600 0.68399200 -0.70571100
vn 0.05785400 0.70612700 -0.70571700
vn 0.18199400 0.68473500 -0.70570200
vn 0.40317900 0.58261200 -0.70569800
vn 0.49998600 0.50200800 -0.70569200
vn 0.64045000 0.30299400 -0.70570400
vn 0.68398000 0.18476000 -0.70571600
vn 0.99585700 0.09093000 0.00000000
vn 0.99585700 0.09092900 0.00000000
vn 0.99585700 0.09093000 0.00000000
vn 0.99585700 0.09092900 0.00000000
vn 0.99585700 0.09093000 0.00000000
vn 0.99585700 0.09092900 0.00000000
vn 0.90785300 -0.41928800 0.00000000
vn 0.90785400 -0.41928700 0.00000000
vn 0.90785300 -0.41928800 0.00000000
vn 0.90785400 -0.41928700 0.00000000
vn 0.90785300 -0.41928800 0.00000000
vn 0.90785400 -0.41928700 0.00000000
vn 0.57664500 -0.81699500 0.00000000
vn 0.57664500 -0.81699500 0.00000000
vn 0.57664500 -0.81699500 0.00000000
vn 0.57664500 -0.81699500 0.00000000
vn 0.57664500 -0.81699500 0.00000000
vn 0.57664500 -0.81699500 0.00000000
vn 0.09092300 -0.99585800 0.00000000
vn 0.09093000 -0.99585700 0.00000000
vn 0.09092300 -0.99585800 0.00000000
vn 0.09093000 -0.99585700 0.00000000
vn 0.09092300 -0.99585800 0.00000000
vn 0.09093000 -0.99585700 0.00000000
vn -0.41914700 -0.90791900 0.00000000
vn -0.41914100 -0.90792100 0.00000000
vn -0.41914700 -0.90791900 0.00000000
vn -0.41914100 -0.90792100 0.00000000
vn -0.41914700 -0.90791900 0.00000000
vn -0.41914100 -0.90792100 0.00000000
vn -0.81701700 -0.57661400 0.00000000
vn -0.81701700 -0.57661400 0.00000000
vn -0.81701600 -0.57661500 0.00000000
vn -0.81701700 -0.57661400 0.00000000
vn -0.81701600 -0.57661500 0.00000000
vn -0.81701600 -0.57661500 0.00000000
vn -0.99585800 -0.09091700 0.00000000
vn -0.99585800 -0.09091700 0.00000000
vn -0.99585900 -0.09091600 0.00000000
vn -0.99585800 -0.09091700 0.00000000
vn -0.99585900 -0.09091600 0.00000000
vn -0.99585900 -0.09091600 0.00000000
vn -0.90789200 0.41920400 0.00000000
vn -0.90789200 0.41920400 0.00000000
vn -0.90789200 0.41920400 0.00000000
vn -0.90789200 0.41920400 0.00000000
vn -0.57660300 0.81702500 0.00000000
vn -0.57660300 0.81702500 0.00000000
vn -0.57660700 0.81702100 0.00000000
vn -0.57660700 0.81702100 0.00000000
vn -0.57660300 0.81702500 0.00000000
vn -0.57660700 0.81702100 0.00000000
vn -0.09092300 0.99585800 0.00000000
vn -0.09092300 0.99585800 0.00000000
vn -0.09093600 0.99585700 0.00000000
vn -0.09093600 0.99585700 0.00000000
vn -0.09092300 0.99585800 0.00000000
vn -0.09093600 0.99585700 0.00000000
vn 0.41921100 0.90788900 0.00000000
vn 0.41921100 0.90788900 0.00000000
vn 0.41920100 0.90789300 0.00000000
vn 0.41920100 0.90789300 0.00000000
vn 0.41921100 0.90788900 0.00000000
vn 0.41920100 0.90789300 0.00000000
vn 0.81693100 0.57673600 0.00000000
vn 0.81693100 0.57673600 0.00000000
vn 0.81693100 0.57673600 0.00000000
vn 0.81693100 0.57673600 0.00000000
vn 0.70615100 -0.05788100 -0.70569100
vn 0.68474000 -0.18198600 -0.70570000
vn 0.58259500 -0.40320100 -0.70570000
vn 0.50196100 -0.50002700 -0.70569700
vn 0.30296000 -0.64046500 -0.70570500
vn 0.18476300 -0.68398100 -0.70571400
vn -0.05782600 -0.70613200 -0.70571500
vn -0.18197200 -0.68473500 -0.70570800
vn -0.40318100 -0.58261200 -0.70569700
vn -0.49998900 -0.50201100 -0.70568800
vn -0.64046100 -0.30299600 -0.70569300
vn -0.68400300 -0.18476100 -0.70569400
vn -0.70615400 0.05784400 -0.70569100
vn -0.68474000 0.18201100 -0.70569300
vn -0.58260600 0.40320700 -0.70568700
vn -0.50201300 0.49997600 -0.70569600
vn -0.30295700 0.64047000 -0.70570200
vn -0.18475100 0.68397900 -0.70571900
vn 0.05784500 0.70613200 -0.70571400
vn 0.18200100 0.68473100 -0.70570500
vn 0.40315700 0.58262000 -0.70570400
vn 0.49997900 0.50200700 -0.70569800
vn 0.64046800 0.30297200 -0.70569700
vn 0.68400200 0.18476500 -0.70569300
vn -0.86306600 0.50509100 0.00000000
vn -0.89096500 0.45370000 0.01839500
vn -0.86646800 0.49923300 0.00000000
vn -0.88809300 0.45966400 0.00000000
vn -0.92585200 0.37788700 0.00000000
vn -0.94194600 0.33576400 0.00000000
vn -0.93223300 0.36159300 0.01388600
vn -0.93772500 0.34737900 0.00000000
vn -0.68291600 -0.73049700 0.00000000
vn -0.68663000 -0.72665200 0.02270500
vn -0.85738900 -0.51433800 0.01845700
vn -0.96746900 -0.24965500 0.04093900
vn -0.95318600 -0.30238500 0.00000000
vn -0.99283500 -0.09459300 0.07301700
vn -0.99768600 0.04746400 0.04868500
vn -0.98551100 0.16857400 0.01873700
vn -0.93863400 0.34442200 0.01845000
vn 0.28989100 -0.95490600 0.06416500
vn 0.42410700 -0.90519400 0.02751900
vn 0.17137400 -0.98430900 0.04202500
vn 0.07205100 -0.99725600 0.01698900
vn -0.10751300 -0.99416300 0.00899800
vn -0.28774300 -0.95749600 0.02014200
vn -0.43207400 -0.90183500 0.00253600
vn 0.63461000 -0.77282400 0.00345500
vn 0.43809200 -0.89893000 -0.00012100
vn 0.43800100 -0.89897500 0.00014100
vn 0.35420600 -0.93516700 0.00000000
vn 0.36620400 -0.93044400 0.01298100
vn 0.30545900 0.95198600 0.02043000
vn 0.32399000 0.94606100 0.00000000
vn 0.48119600 0.87644600 0.01708500
vn 0.82255400 0.56804700 0.02697000
vn 0.68699800 0.72660400 0.00901900
vn 0.44676600 0.89461800 0.00766900
vn 0.97454700 0.22418300 0.00023300
vn 0.94975200 0.31269100 0.01400400
vn 0.97456300 0.22372100 0.01327100
vn 0.92138500 0.38842000 0.01339200
vn 0.82373600 0.56697300 -0.00005400
vn 0.99983000 0.01811700 0.00346100
vn -0.87090800 0.49109900 0.01845100
vn -0.74373300 0.66767800 0.03268200
vn -0.73400100 0.67914800 0.00000000
vn -0.57377400 0.81864300 0.02461600
vn -0.37388400 0.92689900 0.03269500
vn -0.38798000 0.92166800 0.00000000
vn -0.16452900 0.98620000 0.01845500
vn -0.09427600 0.99516400 0.02758800
vn -0.06398500 0.99795100 0.00000000
vn -0.34555800 0.93839700 -0.00001100
vn -0.53787500 0.71536900 -0.44602400
vn -0.71477200 0.65022000 -0.25751800
vn -0.29617800 0.80437300 -0.51503600
vn -0.71476400 0.65023100 0.25751100
vn -0.53786900 0.71538100 0.44601200
vn -0.77950900 0.62639100 -0.00000700
vn -0.05451500 0.89336300 0.44601700
vn 0.12234900 0.95848900 0.25754600
vn -0.29618300 0.80438300 0.51501900
vn 0.12235800 0.95848600 -0.25755100
vn -0.05450300 0.89335800 -0.44602800
vn 0.18708400 0.98234400 -0.00000600
vn -0.24291200 -0.08945300 -0.96591500
vn -0.24288900 -0.08944000 -0.96592200
vn -0.24291200 -0.08945300 -0.96591500
vn -0.24288900 -0.08944000 -0.96592200
vn -0.24291200 -0.08945300 -0.96591500
vn -0.24288900 -0.08944000 -0.96592200
vn -0.66354400 -0.24434100 -0.70711100
vn -0.66355200 -0.24434700 -0.70710200
vn -0.66354400 -0.24434100 -0.70711100
vn -0.66355200 -0.24434700 -0.70710200
vn -0.66354400 -0.24434100 -0.70711100
vn -0.66355200 -0.24434700 -0.70710200
vn -0.90640500 -0.33377400 -0.25889100
vn -0.90642200 -0.33379200 -0.25880800
vn -0.90640500 -0.33377400 -0.25889100
vn -0.90642200 -0.33379200 -0.25880800
vn -0.90640500 -0.33377400 -0.25889100
vn -0.90642200 -0.33379200 -0.25880800
vn -0.90640700 -0.33378800 0.25886600
vn -0.90643300 -0.33378400 0.25878100
vn -0.90640700 -0.33378800 0.25886600
vn -0.90640700 -0.33378800 0.25886600
vn -0.90643300 -0.33378400 0.25878100
vn -0.90643300 -0.33378400 0.25878100
vn -0.66353600 -0.24434000 0.70712000
vn -0.66354400 -0.24434100 0.70711100
vn -0.66353600 -0.24434000 0.70712000
vn -0.66354400 -0.24434100 0.70711100
vn -0.66353600 -0.24434000 0.70712000
vn -0.66354400 -0.24434100 0.70711100
vn -0.24291400 -0.08945100 0.96591500
vn -0.24288700 -0.08944400 0.96592200
vn -0.24291400 -0.08945100 0.96591500
vn -0.24288700 -0.08944400 0.96592200
vn -0.24291400 -0.08945100 0.96591500
vn -0.24288700 -0.08944400 0.96592200
vn 0.24289100 0.08944500 0.96592100
vn 0.24291400 0.08945000 0.96591500
vn 0.24289100 0.08944500 0.96592100
vn 0.24291400 0.08945000 0.96591500
vn 0.24289100 0.08944500 0.96592100
vn 0.24291400 0.08945000 0.96591500
vn 0.66354300 0.24434300 0.70711200
vn 0.66354100 0.24434300 0.70711400
vn 0.66354300 0.24434300 0.70711200
vn 0.66354100 0.24434300 0.70711400
vn 0.66354300 0.24434300 0.70711200
vn 0.66354100 0.24434300 0.70711400
vn 0.90643000 0.33378300 0.25879200
vn 0.90643000 0.33378300 0.25879200
vn 0.90643400 0.33378500 0.25877800
vn 0.90643400 0.33378500 0.25877800
vn 0.90643000 0.33378300 0.25879200
vn 0.90643400 0.33378500 0.25877800
vn 0.90642400 0.33377800 -0.25881900
vn 0.90642400 0.33377800 -0.25881900
vn 0.90642700 0.33378300 -0.25880400
vn 0.90642400 0.33377800 -0.25881900
vn 0.90642700 0.33378300 -0.25880400
vn 0.90642700 0.33378300 -0.25880400
vn 0.66355100 0.24434700 -0.70710300
vn 0.66355000 0.24434500 -0.70710500
vn 0.66355100 0.24434700 -0.70710300
vn 0.66355100 0.24434700 -0.70710300
vn 0.66355000 0.24434500 -0.70710500
vn 0.66355000 0.24434500 -0.70710500
vn 0.24289200 0.08944100 -0.96592100
vn 0.24291200 0.08945400 -0.96591500
vn 0.24289200 0.08944100 -0.96592100
vn 0.24291200 0.08945400 -0.96591500
vn 0.24289200 0.08944100 -0.96592100
vn 0.24291200 0.08945400 -0.96591500
vn 0.06067100 0.80959200 0.58384900
vn 0.08735000 0.78569600 0.61241500
vn 0.20640900 0.84870600 0.48692300
vn 0.32391700 0.89006900 0.32070900
vn -0.08272600 0.74109300 0.66628700
vn -0.30308800 0.67788300 0.66978500
vn -0.24434100 0.66352400 0.70713000
vn -0.83024100 0.46109600 -0.31319300
vn -0.90609300 0.41836500 -0.06298700
vn -0.90609000 0.41836600 0.06301000
vn -0.86547600 0.42981200 0.25731700
vn -0.80526200 0.47534200 0.35440500
vn -0.72860600 0.49917100 0.46900000
vn -0.60735600 0.54764700 0.57550100
vn -0.53511600 0.58843700 0.60613000
vn -0.41233600 0.64967300 0.63867300
vn -0.58192100 0.56931500 -0.58073100
vn -0.72860700 0.49917300 -0.46899600
vn -0.84977000 0.43874400 -0.29222300
vn -0.20893700 0.71252800 -0.66981300
vn -0.41758700 0.61780100 -0.66629000
vn -0.59445600 0.53443900 -0.60083000
vn 0.08929100 0.81089000 -0.57834600
vn -0.10750400 0.76188300 -0.63873100
vn -0.24433700 0.66350800 -0.70714700
vn 0.35208800 0.88233000 0.31229500
vn 0.41839300 0.90607600 0.06302700
vn 0.41839900 0.90607800 -0.06297000
vn 0.35921800 0.88429000 -0.29831900
vn 0.30008900 0.86252900 -0.40741900
vn 0.08746600 0.78572400 -0.61236300
vn -0.93839200 -0.34557300 -0.00001100
vn -0.71537200 -0.53786500 -0.44603100
vn -0.65021500 -0.71478400 -0.25749600
vn -0.80437400 -0.29616600 -0.51504200
vn -0.65022300 -0.71477900 0.25749000
vn -0.71538600 -0.53785600 0.44602000
vn -0.62637100 -0.77952500 -0.00000600
vn -0.89334800 -0.05455500 0.44604200
vn -0.95849800 0.12231700 0.25752700
vn -0.80438500 -0.29616700 0.51502500
vn -0.95849500 0.12232600 -0.25753300
vn -0.89334300 -0.05454300 -0.44605200
vn -0.98234400 0.18708500 -0.00000600
vn 0.08944000 -0.24289400 -0.96592100
vn 0.08944000 -0.24289400 -0.96592100
vn 0.08944800 -0.24291000 -0.96591600
vn 0.08944800 -0.24291000 -0.96591600
vn 0.08944000 -0.24289400 -0.96592100
vn 0.08944800 -0.24291000 -0.96591600
vn 0.24434200 -0.66354100 -0.70711400
vn 0.24434600 -0.66355300 -0.70710200
vn 0.24434200 -0.66354100 -0.70711400
vn 0.24434600 -0.66355300 -0.70710200
vn 0.24434200 -0.66354100 -0.70711400
vn 0.24434600 -0.66355300 -0.70710200
vn 0.33378200 -0.90642700 -0.25880500
vn 0.33378200 -0.90642700 -0.25880500
vn 0.33378200 -0.90642600 -0.25880800
vn 0.33378200 -0.90642600 -0.25880800
vn 0.33378200 -0.90642700 -0.25880500
vn 0.33378200 -0.90642600 -0.25880800
vn 0.33378400 -0.90643300 0.25878000
vn 0.33378400 -0.90643300 0.25878000
vn 0.33378500 -0.90643200 0.25878200
vn 0.33378500 -0.90643200 0.25878200
vn 0.33378400 -0.90643300 0.25878000
vn 0.33378500 -0.90643200 0.25878200
vn 0.24434100 -0.66354100 0.70711400
vn 0.24434200 -0.66354200 0.70711400
vn 0.24434100 -0.66354100 0.70711400
vn 0.24434100 -0.66354100 0.70711400
vn 0.24434200 -0.66354200 0.70711400
vn 0.24434200 -0.66354200 0.70711400
vn 0.08944100 -0.24288900 0.96592200
vn 0.08944100 -0.24288900 0.96592200
vn 0.08944600 -0.24291100 0.96591600
vn 0.08944600 -0.24291100 0.96591600
vn 0.08944100 -0.24288900 0.96592200
vn 0.08944600 -0.24291100 0.96591600
vn -0.08944600 0.24290700 0.96591700
vn -0.08944600 0.24290700 0.96591700
vn -0.08944300 0.24289500 0.96592000
vn -0.08944300 0.24289500 0.96592000
vn -0.08944600 0.24290700 0.96591700
vn -0.08944300 0.24289500 0.96592000
vn -0.24434000 0.66353300 0.70712300
vn -0.24434100 0.66354300 0.70711200
vn -0.24434000 0.66353300 0.70712300
vn -0.24434000 0.66353300 0.70712300
vn -0.24434100 0.66354300 0.70711200
vn -0.24434100 0.66354300 0.70711200
vn -0.33378300 0.90643400 0.25877900
vn -0.33378300 0.90643400 0.25877900
vn -0.33378300 0.90643400 0.25877800
vn -0.33378300 0.90643400 0.25877900
vn -0.33378300 0.90643400 0.25877800
vn -0.33378300 0.90643400 0.25877800
vn -0.33378000 0.90642800 -0.25880500
vn -0.33378000 0.90642800 -0.25880300
vn -0.33378000 0.90642800 -0.25880500
vn -0.33378000 0.90642800 -0.25880300
vn -0.33378000 0.90642800 -0.25880500
vn -0.33378000 0.90642800 -0.25880300
vn -0.24434200 0.66354500 -0.70711000
vn -0.24434200 0.66354500 -0.70711000
vn -0.24434500 0.66354700 -0.70710700
vn -0.24434500 0.66354700 -0.70710700
vn -0.24434200 0.66354500 -0.70711000
vn -0.24434500 0.66354700 -0.70710700
vn -0.08945000 0.24291400 -0.96591500
vn -0.08944000 0.24289300 -0.96592100
vn -0.08945000 0.24291400 -0.96591500
vn -0.08945000 0.24291400 -0.96591500
vn -0.08944000 0.24289300 -0.96592100
vn -0.08944000 0.24289300 -0.96592100
vn -0.89007000 0.32391900 0.32070600
vn -0.80955900 0.06080600 0.58388100
vn -0.84871700 0.20637200 0.48691900
vn -0.69848400 -0.27374300 0.66119900
vn -0.74109600 -0.08272200 0.66628300
vn -0.78567400 0.08730200 0.61245000
vn -0.55931900 -0.59388300 0.57833000
vn -0.55938800 -0.59382500 0.57832300
vn -0.64966500 -0.41236100 0.63866500
vn -0.66351200 -0.24432400 0.70714700
vn -0.55024900 -0.59646200 -0.58434600
vn -0.46192800 -0.78779700 -0.40742900
vn -0.44014400 -0.84693400 -0.29828700
vn -0.41835500 -0.90609900 -0.06296400
vn -0.41835900 -0.90609500 0.06298400
vn -0.44016100 -0.84691100 0.29832900
vn -0.46192100 -0.78780500 0.40742200
vn -0.54137800 -0.57614500 0.61234600
vn -0.58762500 -0.41483900 0.69469800
vn -0.66216600 -0.30440800 -0.68474300
vn -0.61778800 -0.41758100 -0.66630600
vn -0.52669700 -0.61370600 -0.58818000
vn -0.81087600 0.08928500 -0.57836700
vn -0.76179700 -0.10756700 -0.63882300
vn -0.76188300 -0.10749200 -0.63873300
vn -0.77198500 -0.06154600 -0.63265400
vn -0.66349700 -0.24432800 -0.70716100
vn -0.88232900 0.35209200 0.31229400
vn -0.90607900 0.41838700 0.06303000
vn -0.90607800 0.41839300 -0.06300800
vn -0.88428900 0.35921300 -0.29832500
vn -0.86251900 0.30009700 -0.40743500
vn -0.78571000 0.08749100 -0.61237700
vn 0.34557300 -0.93839200 -0.00001100
vn 0.05455100 -0.89334900 0.44603900
vn -0.12231700 -0.95849800 0.25752900
vn 0.29622200 -0.80436800 0.51501900
vn -0.12232600 -0.95849500 -0.25753400
vn 0.05453900 -0.89334500 -0.44605000
vn -0.18708600 -0.98234400 -0.00000600
vn 0.53788500 -0.71534700 -0.44604700
vn 0.71474700 -0.65023000 -0.25756200
vn 0.29621700 -0.80435900 -0.51503600
vn 0.71474000 -0.65023900 0.25755700
vn 0.53787800 -0.71535900 0.44603600
vn 0.77950600 -0.62639500 -0.00000600
vn -0.24289100 -0.08944500 0.96592100
vn -0.24291000 -0.08944900 0.96591600
vn -0.24289100 -0.08944500 0.96592100
vn -0.24291000 -0.08944900 0.96591600
vn -0.24289100 -0.08944500 0.96592100
vn -0.24291000 -0.08944900 0.96591600
vn -0.66353600 -0.24434000 0.70712000
vn -0.66354200 -0.24434100 0.70711300
vn -0.66353600 -0.24434000 0.70712000
vn -0.66354200 -0.24434100 0.70711300
vn -0.66353600 -0.24434000 0.70712000
vn -0.66354200 -0.24434100 0.70711300
vn -0.90643400 -0.33378200 0.25877900
vn -0.90643400 -0.33378500 0.25877800
vn -0.90643400 -0.33378200 0.25877900
vn -0.90643400 -0.33378500 0.25877800
vn -0.90643400 -0.33378200 0.25877900
vn -0.90643400 -0.33378500 0.25877800
vn -0.90642800 -0.33378000 -0.25880500
vn -0.90642800 -0.33378000 -0.25880500
vn -0.90642700 -0.33378100 -0.25880400
vn -0.90642700 -0.33378100 -0.25880400
vn -0.90642800 -0.33378000 -0.25880500
vn -0.90642700 -0.33378100 -0.25880400
vn -0.66354400 -0.24434300 -0.70711100
vn -0.66354400 -0.24434300 -0.70711100
vn -0.66355000 -0.24434500 -0.70710500
vn -0.66354400 -0.24434300 -0.70711100
vn -0.66355000 -0.24434500 -0.70710500
vn -0.66355000 -0.24434500 -0.70710500
vn -0.24289200 -0.08944100 -0.96592100
vn -0.24290900 -0.08945200 -0.96591600
vn -0.24289200 -0.08944100 -0.96592100
vn -0.24290900 -0.08945200 -0.96591600
vn -0.24289200 -0.08944100 -0.96592100
vn -0.24290900 -0.08945200 -0.96591600
vn 0.24290900 0.08945200 -0.96591600
vn 0.24289200 0.08944200 -0.96592100
vn 0.24290900 0.08945200 -0.96591600
vn 0.24290900 0.08945200 -0.96591600
vn 0.24289200 0.08944200 -0.96592100
vn 0.24289200 0.08944200 -0.96592100
vn 0.66355100 0.24434500 -0.70710400
vn 0.66355100 0.24434500 -0.70710400
vn 0.66355200 0.24434700 -0.70710200
vn 0.66355200 0.24434700 -0.70710200
vn 0.66355100 0.24434500 -0.70710400
vn 0.66355200 0.24434700 -0.70710200
vn 0.90643000 0.33378400 -0.25879200
vn 0.90643000 0.33378400 -0.25879200
vn 0.90642700 0.33378000 -0.25880800
vn 0.90643000 0.33378400 -0.25879200
vn 0.90642700 0.33378000 -0.25880800
vn 0.90642700 0.33378000 -0.25880800
vn 0.90643700 0.33378500 0.25876700
vn 0.90643700 0.33378500 0.25876700
vn 0.90643300 0.33378400 0.25878100
vn 0.90643300 0.33378400 0.25878100
vn 0.90643700 0.33378500 0.25876700
vn 0.90643300 0.33378400 0.25878100
vn 0.66354200 0.24434300 0.70711300
vn 0.66354200 0.24434300 0.70711300
vn 0.66354400 0.24434200 0.70711100
vn 0.66354200 0.24434300 0.70711300
vn 0.66354400 0.24434200 0.70711100
vn 0.66354400 0.24434200 0.70711100
vn 0.24291000 0.08945000 0.96591600
vn 0.24289100 0.08944500 0.96592100
vn 0.24291000 0.08945000 0.96591600
vn 0.24291000 0.08945000 0.96591600
vn 0.24289100 0.08944500 0.96592100
vn 0.24289100 0.08944500 0.96592100
vn 0.59649200 -0.55021200 -0.58434900
vn 0.78781100 -0.46191500 -0.40741700
vn 0.84691500 -0.44016300 -0.29831500
vn 0.90608500 -0.41837700 -0.06301700
vn 0.90608600 -0.41837800 0.06298600
vn 0.81874800 -0.47787000 0.31826400
vn 0.81903400 -0.45185900 0.35356200
vn 0.63600100 -0.54790400 0.54341900
vn 0.10748200 -0.76192800 -0.63868100
vn 0.24436600 -0.66358100 -0.70706800
vn 0.20893900 -0.71254900 -0.66979000
vn 0.41760200 -0.61776200 -0.66631700
vn 0.61375200 -0.52665900 -0.58816600
vn -0.02569800 -0.79494900 -0.60613100
vn -0.10714300 -0.81075400 -0.57549900
vn -0.23086400 -0.85249500 -0.46899200
vn -0.30465400 -0.88406600 -0.35442000
vn -0.37990200 -0.88852900 -0.25727400
vn -0.41835500 -0.90609600 -0.06299800
vn -0.41835300 -0.90609600 0.06300700
vn -0.33292200 -0.88942700 0.31318100
vn -0.36227100 -0.88507900 0.29222300
vn -0.23086100 -0.85249500 0.46899300
vn -0.07374100 -0.81077900 0.58069000
vn -0.10595800 -0.79234700 0.60079800
vn 0.08273700 -0.74108500 0.66629400
vn 0.30308200 -0.67788200 0.66978900
vn 0.24432300 -0.66361000 0.70705600
vn 0.69003000 -0.54984200 0.47067200
vn 0.52237400 -0.59242900 0.61331400
vn 0.41239200 -0.64968300 0.63862700
vn 0.93839200 0.34557300 -0.00001100
vn 0.89334900 0.05455400 0.44604000
vn 0.95849800 -0.12231700 0.25752700
vn 0.80438300 0.29618100 0.51501900
vn 0.95849500 -0.12232600 -0.25753300
vn 0.89334400 0.05454200 -0.44605100
vn 0.98234400 -0.18708500 -0.00000600
vn 0.71536800 0.53787500 -0.44602500
vn 0.65021500 0.71478400 -0.25749600
vn 0.80437200 0.29617900 -0.51503700
vn 0.65022300 0.71477900 0.25749000
vn 0.71538200 0.53786600 0.44601400
vn 0.62637100 0.77952500 -0.00000600
vn 0.08944100 -0.24288500 0.96592300
vn 0.08944100 -0.24288500 0.96592300
vn 0.08944300 -0.24289500 0.96592000
vn 0.08944300 -0.24289500 0.96592000
vn 0.08944100 -0.24288500 0.96592300
vn 0.08944300 -0.24289500 0.96592000
vn 0.24434000 -0.66353300 0.70712300
vn 0.24434100 -0.66354300 0.70711200
vn 0.24434000 -0.66353300 0.70712300
vn 0.24434000 -0.66353300 0.70712300
vn 0.24434100 -0.66354300 0.70711200
vn 0.24434100 -0.66354300 0.70711200
vn 0.33378300 -0.90643400 0.25877900
vn 0.33378300 -0.90643400 0.25877900
vn 0.33378300 -0.90643400 0.25877800
vn 0.33378300 -0.90643400 0.25877900
vn 0.33378300 -0.90643400 0.25877800
vn 0.33378300 -0.90643400 0.25877800
vn 0.33378000 -0.90642800 -0.25880500
vn 0.33378000 -0.90642800 -0.25880500
vn 0.33378000 -0.90642800 -0.25880300
vn 0.33378000 -0.90642800 -0.25880300
vn 0.33378000 -0.90642800 -0.25880500
vn 0.33378000 -0.90642800 -0.25880300
vn 0.24434200 -0.66354500 -0.70711000
vn 0.24434500 -0.66354700 -0.70710700
vn 0.24434200 -0.66354500 -0.70711000
vn 0.24434500 -0.66354700 -0.70710700
vn 0.24434200 -0.66354500 -0.70711000
vn 0.24434500 -0.66354700 -0.70710700
vn 0.08944300 -0.24289200 -0.96592100
vn 0.08944300 -0.24289200 -0.96592100
vn 0.08944300 -0.24289200 -0.96592100
vn 0.08944300 -0.24289200 -0.96592100
vn 0.08944300 -0.24289200 -0.96592100
vn 0.08944300 -0.24289200 -0.96592100
vn -0.08945100 0.24291400 -0.96591500
vn -0.08944800 0.24291000 -0.96591600
vn -0.08945100 0.24291400 -0.96591500
vn -0.08944800 0.24291000 -0.96591600
vn -0.08945100 0.24291400 -0.96591500
vn -0.08944800 0.24291000 -0.96591600
vn -0.24434200 0.66354100 -0.70711400
vn -0.24434200 0.66354100 -0.70711400
vn -0.24434600 0.66355300 -0.70710200
vn -0.24434200 0.66354100 -0.70711400
vn -0.24434600 0.66355300 -0.70710200
vn -0.24434600 0.66355300 -0.70710200
vn -0.33378200 0.90642700 -0.25880500
vn -0.33378200 0.90642600 -0.25880800
vn -0.33378200 0.90642700 -0.25880500
vn -0.33378200 0.90642700 -0.25880500
vn -0.33378200 0.90642600 -0.25880800
vn -0.33378200 0.90642600 -0.25880800
vn -0.33378400 0.90643300 0.25878000
vn -0.33378400 0.90643300 0.25878000
vn -0.33378500 0.90643200 0.25878200
vn -0.33378500 0.90643200 0.25878200
vn -0.33378400 0.90643300 0.25878000
vn -0.33378500 0.90643200 0.25878200
vn -0.24434100 0.66354100 0.70711400
vn -0.24434100 0.66354100 0.70711400
vn -0.24434200 0.66354200 0.70711400
vn -0.24434100 0.66354100 0.70711400
vn -0.24434200 0.66354200 0.70711400
vn -0.24434200 0.66354200 0.70711400
vn -0.08944900 0.24291100 0.96591600
vn -0.08944900 0.24291100 0.96591600
vn -0.08944900 0.24291000 0.96591600
vn -0.08944900 0.24291000 0.96591600
vn -0.08944900 0.24291100 0.96591600
vn -0.08944900 0.24291000 0.96591600
vn 0.55027000 0.59645800 -0.58433000
vn 0.46189500 0.78781800 -0.40742700
vn 0.44013100 0.84693500 -0.29830600
vn 0.41837200 0.90608900 -0.06298700
vn 0.41837300 0.90608700 0.06301000
vn 0.47785300 0.81874300 0.31830300
vn 0.45185900 0.81903700 0.35355700
vn 0.54792000 0.63601900 0.54338300
vn 0.71255000 0.20892100 -0.66979500
vn 0.61775100 0.41761400 -0.66632000
vn 0.52671100 0.61375000 -0.58812100
vn 0.81090700 -0.08927300 -0.57832600
vn 0.76192300 0.10746100 -0.63869000
vn 0.66351400 0.24424900 -0.70717100
vn 0.78572300 -0.08745400 -0.61236500
vn 0.86253900 -0.30006700 -0.40741300
vn 0.88430500 -0.35919200 -0.29830500
vn 0.90609200 -0.41837000 -0.06296500
vn 0.90609300 -0.41836400 0.06298600
vn 0.88431200 -0.35921200 0.29825900
vn 0.86253400 -0.30006200 0.40742700
vn 0.80569300 -0.09711200 0.58431900
vn 0.79896200 -0.12563300 0.58811200
vn 0.74108700 0.08274000 0.66629100
vn 0.67787800 0.30309300 0.66978800
vn 0.66350800 0.24430000 0.70715900
vn 0.54988100 0.69000800 0.47065800
vn 0.59245600 0.52236700 0.61329300
vn 0.64965100 0.41238100 0.63866700
vn 0.43376900 0.56991800 -0.69788100
vn 0.57937300 0.41107900 -0.70380500
vn 0.51810800 0.48965200 -0.70128800
vn 0.44688600 0.54891000 -0.70639300
vn 0.34938000 0.62564400 -0.69749800
vn 0.24570900 0.67839400 -0.69239300
vn 0.26026700 0.65807500 -0.70654000
vn 0.14652200 0.70483400 -0.69407600
vn 0.03229900 0.72551400 -0.68745000
vn 0.04957500 0.70578500 -0.70668900
vn -0.07160900 0.71929000 -0.69101000
vn -0.18662200 0.70612100 -0.68305600
vn -0.16587700 0.68770200 -0.70678900
vn -0.28475000 0.66719900 -0.68830500
vn -0.39057300 0.62128800 -0.67930400
vn -0.36570600 0.60543100 -0.70690400
vn -0.47283900 0.55291700 -0.68608100
vn -0.56020600 0.47837800 -0.67625800
vn -0.53144400 0.46660200 -0.70700100
vn -0.61807900 0.38685400 -0.68434000
vn -0.64272800 0.36771500 -0.67207600
vn -0.64742000 0.28447600 -0.70705100
vn -0.64745900 0.28438900 -0.70705000
vn -0.71097600 0.21093700 -0.67083500
vn -0.70671400 0.18437600 -0.68305300
vn -0.73646400 0.07483200 -0.67232600
vn -0.70307400 0.07595100 -0.70704900
vn -0.73022000 -0.03567400 -0.68228100
vn -0.71911500 -0.12499800 -0.68355700
vn -0.73549000 -0.18977100 -0.65041600
vn -0.68063100 -0.30424000 -0.66646800
vn -0.73724400 -0.26574400 -0.62116900
vn -0.64001400 -0.39829600 -0.65707100
vn -0.55519200 -0.49103000 -0.67130500
vn -0.61566200 -0.47119400 -0.63161500
vn -0.48770600 -0.56743500 -0.66344500
vn -0.46654300 -0.61161900 -0.63895200
vn -0.43957600 -0.62860900 -0.64157900
vn -0.43949600 -0.62860000 -0.64164200
vn -0.29157300 -0.64458300 -0.70675200
vn -0.29325700 -0.68242600 -0.66954800
vn -0.17356600 -0.71199300 -0.68039700
vn -0.22642900 -0.72445900 -0.65106800
vn -0.07495700 -0.73365900 -0.67537100
vn 0.04699400 -0.72735100 -0.68465400
vn 0.00332700 -0.75114500 -0.66012900
vn 0.14707900 -0.71739200 -0.68096700
vn 0.26095700 -0.67637900 -0.68877700
vn 0.22804300 -0.70764100 -0.66876100
vn 0.35265200 -0.63608500 -0.68631800
vn 0.44889800 -0.56448600 -0.69270900
vn 0.42712000 -0.59936100 -0.67700400
vn 0.52335900 -0.49803300 -0.69141700
vn 0.59413900 -0.40239800 -0.69647300
vn 0.58263400 -0.43766900 -0.68482400
vn 0.64418200 -0.31652300 -0.69630600
vn 0.68387300 -0.20541600 -0.70008800
vn 0.68106800 -0.23855700 -0.69226900
vn 0.70489600 -0.10850500 -0.70096200
vn 0.71060200 0.00833100 -0.70354500
vn 0.71445900 -0.02110800 -0.69935900
vn 0.70071100 0.10666900 -0.70542500
vn 0.67539600 0.21088500 -0.70666000
vn 0.65085700 0.27751400 -0.70666200
vn 0.59197300 0.38837800 -0.70620800
vn -0.58764800 -0.39401000 0.70670000
vn -0.58769100 -0.39395600 0.70669500
vn -0.50464900 -0.50047400 0.70346000
vn -0.45287500 -0.54356600 0.70671100
vn -0.39882000 -0.58438100 0.70671200
vn -0.28139400 -0.64913500 0.70671100
vn -0.21806900 -0.67305900 0.70670800
vn -0.08712800 -0.70212600 0.70670200
vn -0.08707700 -0.70212800 0.70670600
vn -0.15397500 -0.69381000 0.70350500
vn 0.04774500 -0.70909300 0.70349700
vn 0.11418500 -0.69824700 0.70669100
vn 0.11431900 -0.69822000 0.70669700
vn 0.04776200 -0.70913300 0.70345500
vn 0.24559500 -0.66695200 0.70346200
vn 0.30639700 -0.63772100 0.70670500
vn 0.30630200 -0.63777200 0.70670100
vn 0.24558700 -0.66694400 0.70347200
vn 0.42354700 -0.57073600 0.70346900
vn 0.47362500 -0.52560200 0.70669800
vn 0.47358500 -0.52564300 0.70669400
vn 0.42354500 -0.57073400 0.70347100
vn 0.56718600 -0.42828500 0.70347200
vn 0.60247500 -0.37096600 0.70668800
vn 0.60251700 -0.37088500 0.70669500
vn 0.56718600 -0.42828600 0.70347100
vn 0.66487200 -0.25114900 0.70346900
vn 0.68257500 -0.18620300 0.70669700
vn 0.68259000 -0.18611400 0.70670500
vn 0.66489400 -0.25114800 0.70344900
vn 0.70871400 -0.05366800 0.70345200
vn 0.70738400 0.01375200 0.70669600
vn 0.70738900 0.01368000 0.70669200
vn 0.70872600 -0.05366400 0.70344000
vn 0.69512400 0.14819000 0.70345000
vn 0.67486600 0.21244600 0.70669800
vn 0.67487600 0.21243200 0.70669300
vn 0.69512200 0.14818800 0.70345300
vn 0.62520200 0.33802400 0.70346400
vn 0.58770800 0.39391800 0.70670200
vn 0.58763400 0.39402500 0.70670400
vn 0.62518400 0.33800100 0.70349100
vn 0.50464500 0.50044300 0.70348400
vn 0.45288100 0.54357300 0.70670200
vn 0.39882200 0.58439400 0.70670000
vn 0.28139800 0.64914600 0.70670000
vn 0.21807000 0.67306500 0.70670300
vn 0.08702200 0.70213300 0.70670800
vn 0.08717000 0.70212400 0.70669900
vn 0.15397000 0.69385100 0.70346600
vn -0.04774500 0.70912900 0.70346100
vn -0.11427200 0.69822800 0.70669600
vn -0.11421900 0.69824100 0.70669200
vn -0.04774600 0.70913100 0.70345800
vn -0.24560000 0.66696200 0.70345100
vn -0.30631500 0.63778100 0.70668700
vn -0.30636800 0.63775700 0.70668600
vn -0.24561500 0.66697700 0.70343100
vn -0.42356400 0.57076300 0.70343600
vn -0.47357000 0.52564500 0.70670300
vn -0.47365300 0.52556200 0.70670900
vn -0.42353500 0.57074300 0.70347000
vn -0.56718600 0.42828500 0.70347200
vn -0.60246000 0.37095800 0.70670500
vn -0.60252900 0.37083700 0.70671000
vn -0.56718600 0.42828600 0.70347100
vn -0.66486800 0.25114900 0.70347300
vn -0.68260900 0.18605500 0.70670300
vn -0.68258200 0.18616000 0.70670100
vn -0.66487200 0.25114800 0.70347000
vn -0.70869900 0.05365400 0.70346800
vn -0.70737700 -0.01368600 0.70670300
vn -0.70550800 -0.04749700 0.70710900
vn -0.67483500 -0.21251900 0.70670600
vn -0.67488000 -0.21238200 0.70670400
vn -0.67488900 -0.21237700 0.70669700
vn -0.69512200 -0.14818800 0.70345300
vn -0.69512200 -0.14818800 0.70345300
vn -0.62521400 -0.33801500 0.70345800
vn -0.62521900 -0.33802000 0.70345100
vn -0.67316500 -0.21739600 0.70681600
vn -0.69928700 -0.10682900 0.70681300
vn -0.70563000 -0.04998800 0.70681500
vn -0.70452500 0.06363200 0.70682100
vn -0.69708000 0.12034600 0.70682200
vn -0.66882300 0.23038500 0.70682300
vn -0.64803200 0.28366400 0.70681700
vn -0.59425600 0.38375800 0.70681600
vn -0.56131300 0.43051300 0.70681400
vn -0.48514800 0.51482700 0.70681300
vn -0.44197900 0.55233200 0.70681300
vn -0.34785200 0.61596300 0.70681600
vn -0.29695600 0.64204900 0.70681700
vn -0.19033700 0.68130500 0.70682000
vn -0.13467200 0.69445800 0.70681800
vn -0.02174400 0.70706300 0.70681600
vn 0.03544700 0.70651500 0.70681000
vn 0.14808300 0.69173100 0.70681000
vn 0.20348700 0.67750700 0.70680800
vn 0.30932900 0.63619100 0.70680700
vn 0.35971300 0.60912600 0.70680400
vn 0.45260200 0.54367600 0.70680100
vn 0.49504100 0.50533100 0.70680600
vn 0.56954300 0.41955700 0.70681800
vn 0.60156500 0.37217800 0.70682600
vn 0.65339700 0.27106100 0.70682300
vn 0.67316400 0.21738600 0.70682000
vn 0.69928600 0.10682900 0.70681500
vn 0.70563400 0.04998000 0.70681100
vn 0.70453200 -0.06363600 0.70681300
vn 0.69708900 -0.12034100 0.70681300
vn 0.66882800 -0.23038700 0.70681700
vn 0.64802800 -0.28366200 0.70682100
vn 0.59425000 -0.38374900 0.70682600
vn 0.56130700 -0.43050400 0.70682500
vn 0.48514800 -0.51481200 0.70682400
vn 0.44197100 -0.55232800 0.70682100
vn 0.34784500 -0.61596300 0.70681900
vn 0.29695200 -0.64205500 0.70681300
vn 0.19033900 -0.68131700 0.70680800
vn 0.13467700 -0.69447100 0.70680400
vn 0.02175100 -0.70707100 0.70680800
vn -0.03544200 -0.70651400 0.70681100
vn -0.14808600 -0.69173000 0.70680900
vn -0.20349200 -0.67750000 0.70681300
vn -0.30932800 -0.63617700 0.70682100
vn -0.35970800 -0.60910800 0.70682300
vn -0.45259000 -0.54366100 0.70682100
vn -0.49502800 -0.50532600 0.70681900
vn -0.56954300 -0.41956000 0.70681700
vn -0.60157600 -0.37217700 0.70681700
vn -0.65340100 -0.27106100 0.70681900
vn -0.01195500 -0.10310000 -0.99459900
vn 0.00000200 -0.00000900 -1.00000000
vn -0.01137600 -0.14554100 -0.98928700
vn -0.02046100 -0.11000000 -0.99372100
vn 0.08367800 0.11178800 -0.99020300
vn 0.05407800 0.06692200 -0.99629200
vn 0.00000100 -0.00000300 -1.00000000
vn 0.00715100 0.04315000 -0.99904300
vn 0.02839500 0.12758600 -0.99142100
vn -0.03387600 -0.12599500 -0.99145200
vn 0.03834300 0.12477300 -0.99144400
vn -0.04365200 -0.12296600 -0.99145000
vn 0.04878100 0.12113300 -0.99143700
vn -0.05317200 -0.11911000 -0.99145600
vn 0.05888000 0.11647400 -0.99144700
vn -0.06235200 -0.11463900 -0.99144900
vn 0.06854800 0.11112700 -0.99143900
vn -0.07116000 -0.10946400 -0.99144000
vn -0.07962100 -0.10344400 -0.99144300
vn -0.10327700 -0.11665600 -0.98778800
vn -0.85228700 0.52307400 0.00000000
vn -0.85228400 0.52307900 0.00000100
vn -0.90783300 0.41933300 0.00001800
vn -0.90794000 0.41910100 -0.00002900
vn -0.90789000 0.41920800 -0.00000100
vn -0.90796300 0.41905100 -0.00000500
vn -0.90789900 0.41918900 0.00000100
vn -0.90784700 0.41930100 0.00000700
vn -0.90777400 0.41945900 0.00000600
vn -0.93641200 0.35090200 -0.00093300
vn -0.90810000 0.41875400 0.00000000
vn -0.90777400 0.41945900 0.00000600
vn -0.90795900 0.41905900 0.00000100
vn -0.90796300 0.41905100 -0.00000500
vn -0.90777400 0.41945900 0.00000600
vn -0.90794000 0.41910100 -0.00002900
vn -0.90784700 0.41930100 0.00000700
vn -0.90783300 0.41933300 0.00001800
vn -0.90784700 0.41930100 0.00000700
vn -0.90796300 0.41905100 -0.00000500
vn -0.90783300 0.41933300 0.00001800
vn -0.92052200 0.39069100 -0.00000500
vn -0.90789700 0.41919400 -0.00001700
vn -0.90794000 0.41910100 -0.00002900
vn 0.90789600 -0.41919500 0.00000000
vn 0.95090500 -0.30948400 0.00000000
vn 0.95088600 -0.30954200 -0.00002900
vn 0.95090200 -0.30949100 0.00000300
vn 0.90789300 -0.41920200 0.00001700
vn 0.90776800 -0.41947200 -0.00004400
vn 0.90801200 -0.41894500 0.00003200
vn 0.90790100 -0.41918400 -0.00000500
vn 0.90774900 -0.41951400 -0.00009100
vn 0.90776200 -0.41948500 -0.00004300
vn 0.90788400 -0.41922200 -0.00000600
vn 0.90802100 -0.41892400 -0.00001000
vn 0.90810200 -0.41874900 0.00000000
vn 0.90790100 -0.41918400 -0.00000500
vn 0.90788400 -0.41922200 -0.00000600
vn 0.90788400 -0.41922200 -0.00000600
vn 0.90802100 -0.41892400 -0.00001000
vn 0.90776800 -0.41947200 -0.00004400
vn 0.90802100 -0.41892400 -0.00001000
vn 0.90776800 -0.41947200 -0.00004400
vn 0.90776200 -0.41948500 -0.00004300
vn 0.88551300 -0.46461500 -0.00001000
vn 0.90791200 -0.41916000 0.00000200
vn 0.90774900 -0.41951400 -0.00009100
vn 0.86215100 -0.50664500 -0.00267900
vn 0.90776200 -0.41948500 -0.00004300
vn 0.90801200 -0.41894500 0.00003200
vn 0.90801200 -0.41894500 0.00003200
vn 0.90774900 -0.41951400 -0.00009100
vn 0.85228700 -0.52307400 0.00000000
vn 0.85228400 -0.52307900 0.00000100
vn 0.90796300 -0.41905100 -0.00000500
vn 0.90788900 -0.41921000 0.00000100
vn 0.90777400 -0.41945900 0.00000600
vn 0.90783300 -0.41933300 0.00001800
vn 0.90781900 -0.41936300 -0.00000200
vn 0.90787800 -0.41923500 0.00001000
vn 0.90790100 -0.41918500 0.00000000
vn 0.90788900 -0.41921000 0.00000200
vn 0.90743600 -0.42019000 0.00000000
vn 0.90743600 -0.42019000 -0.00000000
vn 0.90777400 -0.41945900 0.00000600
vn 0.90777400 -0.41945900 0.00000600
vn 0.90796300 -0.41905100 -0.00000500
vn 0.90790100 -0.41918500 0.00000000
vn 0.90787800 -0.41923500 0.00001000
vn 0.90787800 -0.41923500 0.00001000
vn 0.90783300 -0.41933300 0.00001800
vn 0.90796300 -0.41905100 -0.00000500
vn 0.90783300 -0.41933300 0.00001800
vn 0.92048700 -0.39077300 0.00000300
vn 0.92049800 -0.39074700 -0.00000300
vn 0.90790100 -0.41918500 0.00000000
vn 0.90788500 -0.41922000 0.00000800
vn -0.89021900 0.45553200 -0.00000000
vn -0.89017100 0.45562700 -0.00000100
vn -0.89022600 0.45551900 0.00000700
vn -0.95090500 0.30948400 0.00000000
vn -0.96237600 0.27172000 0.00000000
vn -0.90801600 0.41893700 0.00000000
vn -0.90791500 0.41915400 -0.00000900
vn -0.90809600 0.41876200 0.00005500
vn -0.90788100 0.41922800 -0.00000600
vn -0.90789400 0.41920000 -0.00002500
vn -0.90786000 0.41927300 -0.00003800
vn -0.90793900 0.41910200 0.00001000
vn -0.90776800 0.41947200 -0.00004400
vn -0.90801600 0.41893600 0.00000000
vn -0.90793900 0.41910200 0.00001000
vn -0.90801600 0.41893600 0.00000000
vn -0.90793900 0.41910200 0.00001000
vn -0.90788100 0.41922900 -0.00000600
vn -0.90776800 0.41947200 -0.00004400
vn -0.90788100 0.41922800 -0.00000600
vn -0.90809600 0.41876200 0.00005500
vn -0.90776800 0.41947200 -0.00004400
vn -0.90788200 0.41922500 0.00002900
vn -0.90788200 0.41922500 0.00002900
vn -0.90790300 0.41918000 -0.00000200
vn -0.90789400 0.41920000 -0.00002500
vn -0.86214200 0.50666000 -0.00267500
vn -0.90809600 0.41876200 0.00005500
vn -0.90786000 0.41927300 -0.00003800
vn -0.90786000 0.41927300 -0.00003800
vn -0.90789400 0.41920000 -0.00002500
vn 0.00000000 0.00000000 -1.00000000
vn -0.01089900 -0.06458300 -0.99785300
vn -0.02503600 -0.11146700 -0.99345300
vn -0.11150300 -0.14895100 -0.98253800
vn 0.05390100 0.06928000 -0.99614000
vn -0.06855300 -0.11118600 -0.99143200
vn 0.04971700 0.08443900 -0.99518800
vn -0.05888000 -0.11655700 -0.99143700
vn 0.03931700 0.08981200 -0.99518200
vn -0.04878400 -0.12111000 -0.99144000
vn 0.02431100 0.08044000 -0.99646300
vn -0.03605500 -0.04461500 -0.99835300
vn -0.00000100 0.00000400 -1.00000000
vn 0.06606900 0.07660000 -0.99487000
vn 0.02044200 0.13100800 -0.99117100
vn 0.01585600 0.07680300 -0.99692000
vn -0.04613000 -0.14960500 -0.98766900
vn -0.60521700 -0.76553700 -0.21832600
vn -0.58833600 -0.73217800 -0.34318600
vn -0.58688900 -0.77366800 -0.23874300
vn -0.41928500 -0.52691000 -0.73930100
vn -0.25890900 -0.32911700 -0.90810100
vn -0.29684200 -0.38456400 -0.87406800
vn -0.17978900 -0.23458900 -0.95532400
vn -0.16501400 -0.94536700 -0.28116300
vn -0.16498600 -0.94540100 -0.28106300
vn -0.12879200 -0.73330400 -0.66759100
vn -0.14736800 -0.86030100 -0.48802100
vn -0.14933400 -0.78316100 -0.60362100
vn -0.04600500 -0.25390100 -0.96613600
vn -0.07645200 -0.44909000 -0.89020900
vn -0.06718200 -0.35252800 -0.93338700
vn -0.10409200 -0.60021700 -0.79303500
vn -0.10409800 -0.60028500 -0.79298300
vn -0.14670900 -0.68604300 -0.71261600
vn -0.06949400 -0.24935100 -0.96591700
vn -0.08991300 -0.24273400 -0.96591700
vn -0.11021300 -0.23421300 -0.96591800
vn -0.12968500 -0.22402500 -0.96591600
vn -0.18983200 -0.68113900 -0.70711700
vn -0.20839000 -0.67572500 -0.70708500
vn -0.24560700 -0.66313400 -0.70705700
vn -0.26429900 -0.65592400 -0.70704300
vn -0.30097300 -0.63990600 -0.70706100
vn -0.31892900 -0.63113100 -0.70707700
vn -0.35414800 -0.61206500 -0.70707600
vn -0.37134200 -0.60179900 -0.70706700
vn -0.40703000 -0.57824300 -0.70707900
vn -0.40703800 -0.57823600 -0.70708100
vn -0.38830400 -0.59119800 -0.70689800
vn -0.45908600 -0.57657100 -0.67587400
vn -0.21312900 -0.94213500 -0.25876100
vn -0.28461300 -0.92305300 -0.25878200
vn -0.36101500 -0.89591700 -0.25884700
vn -0.43570200 -0.86208600 -0.25878600
vn -0.50723800 -0.82202400 -0.25881500
vn 0.07213000 0.37714300 -0.92334200
vn 0.06723100 0.44347700 -0.89376100
vn 0.06724100 0.44333400 -0.89383100
vn 0.13998200 0.74179900 -0.65585000
vn 0.10853300 0.74344700 -0.65992900
vn 0.15936600 0.84832100 -0.50493000
vn 0.15939300 0.84825100 -0.50503900
vn 0.11655400 0.81339500 -0.56991500
vn -0.07247500 0.99285000 -0.09484900
vn -0.07233100 0.99285600 -0.09489700
vn 0.07127200 0.99743000 0.00733200
vn 0.09423800 0.93734900 0.33540400
vn 0.68470100 0.71226400 0.15447900
vn 0.68466100 0.71226800 0.15463900
vn 0.12926600 0.15031700 -0.98015100
vn 0.49620000 0.80304600 -0.33000500
vn 0.60002400 0.78938800 -0.12976200
vn 0.65245900 0.67971900 0.33508100
vn 0.38592900 0.83938100 -0.38275200
vn 0.29935600 0.94526300 -0.12986300
vn 0.21171900 0.96868000 -0.12974400
vn 0.24053400 0.79600300 -0.55544800
vn 0.27197600 0.78582800 -0.55543100
vn 0.33352200 0.76174300 -0.55543700
vn 0.42175400 0.71662100 -0.55549800
vn 0.48858000 0.61241700 -0.62147800
vn 0.56214000 0.68412400 -0.46473000
vn 0.75010200 0.61451800 -0.24436500
vn 0.72280400 0.68516800 -0.08999500
vn 0.12054900 0.54240900 -0.83142100
vn 0.16072300 0.53186800 -0.83143500
vn 0.18171900 0.52508000 -0.83142600
vn 0.22285800 0.50897900 -0.83142900
vn 0.24291100 0.49973700 -0.83141800
vn 0.28183400 0.47889100 -0.83140400
vn 0.30063800 0.46730900 -0.83140800
vn 0.34390700 0.43970600 -0.82969100
vn 0.34388500 0.43972400 -0.82969000
vn 0.31939600 0.45560500 -0.83090900
vn 0.43257000 0.49535800 -0.75332900
vn 0.04907500 0.18927000 -0.98069800
vn 0.06379100 0.18436500 -0.98078600
vn 0.08529400 0.17553300 -0.98077200
vn 0.10552000 0.16415800 -0.98077400
vn 0.11948100 0.15399200 -0.98082100
vn 0.37220000 0.42728800 -0.82394900
vn -0.21529600 -0.24391200 -0.94559700
vn -0.39270700 -0.44594200 -0.80431100
vn -0.30167800 -0.37898300 -0.87485000
vn -0.02240100 -0.30775900 -0.95120000
vn -0.02239700 -0.30767400 -0.95122800
vn -0.06678000 -0.71497800 -0.69595100
vn -0.06017000 -0.54066400 -0.83908400
vn -0.06943700 -0.62543300 -0.77718200
vn -0.09270900 -0.88908400 -0.44825700
vn -0.09271500 -0.88901000 -0.44840400
vn -0.08591200 -0.80142900 -0.59188700
vn 0.11906300 -0.99028900 -0.07177400
vn 0.11890100 -0.99030600 -0.07180700
vn -0.02066800 -0.99868800 -0.04684400
vn -0.46929900 -0.52764300 -0.70806200
vn -0.57800500 -0.65875800 -0.48161000
vn -0.49650600 -0.58398500 -0.64221800
vn -0.62305900 -0.70960700 -0.32902300
vn -0.68084100 -0.70848500 0.18575300
vn -0.73176100 -0.68044700 0.03894400
vn -0.58845800 -0.76598200 -0.25882100
vn -0.52659700 -0.80982500 -0.25861000
vn -0.46144300 -0.84862300 -0.25866900
vn -0.39344600 -0.88224100 -0.25855500
vn -0.32304300 -0.91035000 -0.25866000
vn -0.25062700 -0.93287200 -0.25871900
vn -0.17661400 -0.94965300 -0.25878000
vn -0.12933400 -0.69521500 -0.70707000
vn -0.14747300 -0.69158300 -0.70708200
vn -0.18344200 -0.68292200 -0.70708300
vn -0.20124200 -0.67790600 -0.70706800
vn -0.23648400 -0.66644800 -0.70705200
vn -0.25383200 -0.66002100 -0.70706500
vn -0.28804200 -0.64579800 -0.70709000
vn -0.30483100 -0.63804700 -0.70708800
vn -0.33783900 -0.62122100 -0.70707000
vn -0.35393400 -0.61220700 -0.70705900
vn -0.38550400 -0.59290100 -0.70700400
vn -0.40091200 -0.58259000 -0.70700600
vn -0.02439000 -0.25772600 -0.96591000
vn -0.05392700 -0.25315900 -0.96592000
vn -0.07366300 -0.24812200 -0.96592400
vn -0.09286400 -0.24160700 -0.96592000
vn -0.11153000 -0.23359500 -0.96591600
vn -0.12955400 -0.22408100 -0.96592100
vn -0.14673200 -0.21324300 -0.96591800
vn 0.61559000 0.74329300 -0.26184800
vn 0.58829300 0.73206500 -0.34349900
vn 0.57677400 0.75877900 -0.30263400
vn 0.41934500 0.52699800 -0.73920500
vn 0.41926300 0.52689600 -0.73932300
vn 0.25890300 0.32910300 -0.90810800
vn 0.20341100 0.27271300 -0.94034700
vn 0.17973600 0.23450800 -0.95535400
vn 0.12698100 0.73377400 -0.66742200
vn 0.14488800 0.86088100 -0.48774100
vn 0.14722300 0.78371500 -0.60342100
vn 0.16249400 0.94587000 -0.28093700
vn 0.16249100 0.94583000 -0.28107400
vn 0.04553400 0.25411600 -0.96610100
vn 0.07521500 0.44970700 -0.89000400
vn 0.10807200 0.53147000 -0.84015500
vn 0.10259600 0.60094500 -0.79267800
vn 0.06904700 0.24945700 -0.96592100
vn 0.08990900 0.24272300 -0.96592000
vn 0.11017100 0.23423300 -0.96591800
vn 0.12963200 0.22403600 -0.96592100
vn 0.18848600 0.68157300 -0.70705800
vn 0.20771900 0.67594800 -0.70706900
vn 0.24561500 0.66310700 -0.70708000
vn 0.26429900 0.65587300 -0.70709000
vn 0.30095800 0.63987900 -0.70709200
vn 0.31896600 0.63110300 -0.70708500
vn 0.35413800 0.61206800 -0.70707800
vn 0.37134400 0.60180400 -0.70706100
vn 0.40703100 0.57825600 -0.70706800
vn 0.43576500 0.58186100 -0.68669200
vn 0.45908200 0.57657300 -0.67587500
vn 0.50724100 0.82203700 -0.25876800
vn 0.43566900 0.86211700 -0.25874000
vn 0.36103500 0.89593300 -0.25876100
vn 0.28371700 0.92333700 -0.25875500
vn 0.21062900 0.94269600 -0.25876600
vn 0.95985000 -0.28050600 -0.00185700
vn 0.97380600 -0.22737900 -0.00100900
vn 0.99831300 -0.05804500 -0.00141300
vn 0.99769100 0.06790000 -0.00119300
vn 0.94729100 0.32037100 -0.00158900
vn 0.96272000 0.27049900 -0.00096500
vn -0.20887200 0.97793700 -0.00340200
vn -0.20880100 0.97795200 -0.00340000
vn -0.12342300 0.99234500 0.00418300
vn -0.51827200 0.85521400 -0.00177200
vn -0.50513400 0.86303700 -0.00260300
vn -0.70260700 0.71157500 -0.00222100
vn -0.63853300 0.76959500 -0.00014000
vn -0.80455100 0.59387300 -0.00368800
vn -0.49020000 -0.87161000 0.00000000
vn -0.49020000 -0.87161000 0.00000000
vn -0.04076100 -0.99916900 0.00000000
vn -0.04076200 -0.99916900 0.00000000
vn -0.04076200 -0.99916900 0.00000000
vn -0.04076200 -0.99916900 0.00000000
vn -0.04076100 -0.99916900 0.00000000
vn -0.04076100 -0.99916900 0.00000000
vn 0.41759000 -0.90863500 0.00000000
vn 0.41757400 -0.90864300 0.00000000
vn 0.41759000 -0.90863500 0.00000000
vn 0.41759000 -0.90863500 0.00000000
vn 0.41757400 -0.90864300 0.00000000
vn 0.41757400 -0.90864300 0.00000000
vn 0.78485100 -0.61968500 0.00000000
vn 0.78485000 -0.61968500 0.00000000
vn -0.98070800 0.19547600 0.00000000
vn -0.98070800 0.19547700 0.00000000
vn -0.96245700 -0.27143600 0.00000000
vn -0.96245700 -0.27143500 0.00000000
vn -0.96245700 -0.27143600 0.00000000
vn -0.96245700 -0.27143600 0.00000000
vn -0.96245700 -0.27143500 0.00000000
vn -0.96245700 -0.27143500 0.00000000
vn -0.73421000 -0.67892200 0.00000000
vn -0.73421300 -0.67891900 0.00000000
vn -0.73421300 -0.67891900 0.00000000
vn -0.73421000 -0.67892200 0.00000000
vn -0.73421300 -0.67891900 0.00000000
vn -0.73421000 -0.67892200 0.00000000
vn -0.34559000 -0.93838500 0.00000000
vn -0.34559000 -0.93838500 0.00000000
vn 0.42238300 -0.90641700 -0.00104100
vn 0.42377400 -0.90576700 -0.00143800
vn 0.12342300 -0.99235300 -0.00156500
vn 0.74091900 -0.67159100 -0.00216100
vn 0.80454500 -0.59388000 -0.00369200
vn 0.62205700 -0.78296500 -0.00343000
vn 0.55751400 -0.83014500 -0.00614700
vn 0.98070800 -0.19547600 0.00000000
vn 0.98070800 -0.19547700 0.00000000
vn 0.96245700 0.27143500 0.00000000
vn 0.96245700 0.27143600 0.00000000
vn 0.96245700 0.27143600 0.00000000
vn 0.96245700 0.27143600 0.00000000
vn 0.96245700 0.27143500 0.00000000
vn 0.96245700 0.27143500 0.00000000
vn 0.73421000 0.67892200 0.00000000
vn 0.73421300 0.67891900 0.00000000
vn 0.73421300 0.67891900 0.00000000
vn 0.73421300 0.67891900 0.00000000
vn 0.73421000 0.67892200 0.00000000
vn 0.73421000 0.67892200 0.00000000
vn 0.34559000 0.93838500 0.00000000
vn 0.34559000 0.93838500 0.00000000
vn 0.34559000 0.93838500 0.00000000
vn 0.49011200 0.87166000 0.00000000
vn 0.49011200 0.87166000 0.00000000
vn 0.04076200 0.99916900 0.00000000
vn 0.04076100 0.99916900 0.00000000
vn 0.04076200 0.99916900 0.00000000
vn 0.04076200 0.99916900 0.00000000
vn 0.04076100 0.99916900 0.00000000
vn 0.04076100 0.99916900 0.00000000
vn -0.41757400 0.90864300 0.00000000
vn -0.41759000 0.90863500 0.00000000
vn -0.41759000 0.90863500 0.00000000
vn -0.41757400 0.90864300 0.00000000
vn -0.41759000 0.90863500 0.00000000
vn -0.41757400 0.90864300 0.00000000
vn -0.78485100 0.61968500 0.00000000
vn -0.78485000 0.61968500 0.00000000
vn -0.97379900 0.22740900 -0.00101000
vn -0.99946800 0.03258900 -0.00156000
vn -0.94804300 -0.31813900 -0.00163900
vn -0.99105700 -0.13342500 -0.00188800
vn -0.99926900 0.03822900 0.00017100
vn -0.87045300 -0.49225100 -0.00043200
vn -0.96392400 -0.26617500 -0.00104300
vn -0.46703300 -0.53110800 -0.70696800
vn -0.41023800 -0.57975300 -0.70398200
vn -0.54458600 -0.45123300 -0.70697600
vn -0.56743600 -0.42213600 -0.70697800
vn -0.60840500 -0.36058900 -0.70697900
vn -0.62643000 -0.32827700 -0.70698000
vn -0.65725900 -0.26113700 -0.70697800
vn -0.67003000 -0.22636200 -0.70697900
vn -0.68999900 -0.15517200 -0.70698100
vn -0.69717100 -0.11887700 -0.70698000
vn -0.70577000 -0.04544900 -0.70698100
vn -0.70718000 -0.00848300 -0.70698200
vn -0.70419800 0.06539700 -0.70698500
vn -0.69981200 0.10213400 -0.70698800
vn -0.68532700 0.17463300 -0.70698600
vn -0.67525500 0.21023600 -0.70698800
vn -0.64962000 0.27957400 -0.70698800
vn -0.63411300 0.31316500 -0.70698600
vn -0.59795600 0.37765400 -0.70698400
vn -0.57738800 0.40840900 -0.70698300
vn -0.53159400 0.46645800 -0.70698300
vn -0.50647300 0.49362200 -0.70698200
vn -0.45218500 0.54379400 -0.70697800
vn -0.42312900 0.56669700 -0.70697700
vn -0.36169400 0.60774700 -0.70698000
vn -0.32936800 0.62584800 -0.70698700
vn -0.26223200 0.65681200 -0.70698800
vn -0.22752200 0.66962400 -0.70699200
vn -0.15637600 0.68971500 -0.70699400
vn -0.12009500 0.69695300 -0.70698900
vn -0.04667800 0.70568600 -0.70698600
vn -0.00971100 0.70716900 -0.70697800
vn 0.10136200 0.69994200 -0.70697000
vn 0.17520900 0.68826000 -0.70398800
vn 0.60442600 -0.37169500 -0.70463600
vn 0.60450200 -0.37164100 -0.70460000
vn 0.48097000 -0.51987500 -0.70597300
vn 0.39214700 -0.58976900 -0.70597000
vn 0.19225500 -0.68164900 -0.70597000
vn 0.08143300 -0.70355000 -0.70596400
vn -0.13840500 -0.69459500 -0.70596100
vn -0.24709700 -0.66375100 -0.70595900
vn 0.34496400 0.61855800 -0.70596400
vn 0.43898500 0.55579400 -0.70596400
vn 0.58832700 0.39431000 -0.70596800
vn 0.64354500 0.29573200 -0.70596900
vn 0.70324100 0.08398200 -0.70597400
vn 0.70764600 -0.02893200 -0.70597400
vn 0.67494700 -0.21904800 -0.70460300
vn 0.67494200 -0.21905300 -0.70460600
vn 0.67055300 -0.23015200 -0.70525800
vn 0.67056900 -0.23011200 -0.70525500
vn 0.61006200 -0.36116500 -0.70525500
vn 0.61000700 -0.36123900 -0.70526400
vn 0.56379900 0.43179700 -0.70404700
vn 0.56385100 0.43174300 -0.70403900
vn 0.63826700 0.30626000 -0.70627200
vn 0.67408100 0.21632200 -0.70627100
vn 0.70733200 0.02945800 -0.70626800
vn 0.70474300 -0.06725400 -0.70626700
vn 0.50829800 -0.49277900 -0.70625900
vn 0.43633500 -0.55750300 -0.70625900
vn 0.27251000 -0.65340200 -0.70626100
vn 0.18081000 -0.68446300 -0.70627000
vn 0.03698500 -0.70919200 -0.70404500
vn 0.03697000 -0.70918800 -0.70404900
vn 0.56604700 0.42394900 -0.70700600
vn 0.60096800 0.37646200 -0.70506300
vn 0.10321300 -0.70159800 -0.70505800
vn 0.04441100 -0.70581600 -0.70700100
vn 0.66450400 0.24382400 -0.70638800
vn 0.69015900 0.15717400 -0.70638300
vn 0.70756300 -0.01955000 -0.70637900
vn 0.69930200 -0.10958600 -0.70637600
vn 0.68757300 -0.19258100 -0.70011100
vn 0.68778700 -0.19205200 -0.70004600
vn 0.59250100 -0.39845800 -0.70012400
vn 0.59239700 -0.39865200 -0.70010200
vn 0.53690800 -0.46124300 -0.70638900
vn 0.47377500 -0.52588700 -0.70638500
vn 0.32798200 -0.62725500 -0.70638500
vn 0.24535900 -0.66394000 -0.70638700
vn 0.68705400 0.17498600 -0.70522100
vn 0.68709100 0.17490300 -0.70520600
vn 0.70792900 0.00741400 -0.70624500
vn 0.70212900 -0.09071300 -0.70624800
vn 0.52439800 -0.47562800 -0.70624700
vn 0.45345800 -0.54369200 -0.70624000
vn 0.31244200 -0.63645700 -0.70519700
vn 0.31241200 -0.63647000 -0.70519800
vn 0.63644000 0.31244900 -0.70521000
vn 0.63646300 0.31239700 -0.70521200
vn 0.17495400 -0.68708700 -0.70519700
vn 0.17489200 -0.68708400 -0.70521500
vn 0.39895000 0.59223500 -0.70006900
vn 0.39855100 0.59247700 -0.70009200
vn 0.47562500 0.52440200 -0.70624600
vn 0.54368400 0.45345100 -0.70625000
vn 0.00742600 -0.70794000 -0.70623400
vn -0.09071900 -0.70213500 -0.70624100
vn -0.19258900 -0.68756800 -0.70011400
vn -0.19205600 -0.68776300 -0.70006900
vn 0.46122700 0.53693500 -0.70637800
vn 0.52589200 0.47377600 -0.70638100
vn 0.62725200 0.32799500 -0.70638100
vn 0.66394100 0.24537400 -0.70638100
vn 0.70202200 0.09857700 -0.70530000
vn 0.70625800 0.03510000 -0.70708400
vn 0.43127600 -0.56038700 -0.70708400
vn 0.38025600 -0.59829700 -0.70529900
vn 0.24379800 -0.66452300 -0.70637900
vn 0.15715100 -0.69017200 -0.70637500
vn -0.01955800 -0.70756600 -0.70637700
vn -0.10954400 -0.69930300 -0.70638100
vn 0.70422000 -0.06516100 -0.70698500
vn 0.69983700 -0.10195500 -0.70698800
vn 0.68535900 -0.17449200 -0.70699100
vn 0.67528000 -0.21015600 -0.70698700
vn 0.64963700 -0.27954900 -0.70698300
vn 0.63410200 -0.31319300 -0.70698300
vn 0.59791200 -0.37771700 -0.70698700
vn 0.57730600 -0.40851600 -0.70698800
vn 0.53148100 -0.46658900 -0.70698100
vn 0.50631200 -0.49378800 -0.70698000
vn 0.46702900 0.53109200 -0.70698400
vn 0.41028500 0.57969800 -0.70400000
vn 0.54457800 0.45121900 -0.70699100
vn 0.56743300 0.42212200 -0.70698900
vn 0.60840100 0.36058500 -0.70698500
vn 0.62642500 0.32828200 -0.70698200
vn 0.65727300 0.26109200 -0.70698200
vn 0.67002500 0.22636400 -0.70698400
vn 0.68999600 0.15517200 -0.70698400
vn 0.69716600 0.11887600 -0.70698500
vn 0.70576900 0.04545200 -0.70698300
vn 0.70718000 0.00848000 -0.70698300
vn 0.70420000 -0.06539500 -0.70698400
vn 0.69981500 -0.10213200 -0.70698500
vn 0.68532700 -0.17463600 -0.70698600
vn 0.67525800 -0.21023400 -0.70698500
vn 0.64964600 -0.27953200 -0.70698100
vn 0.63411800 -0.31316700 -0.70698000
vn 0.59795800 -0.37765500 -0.70698200
vn 0.57738800 -0.40840900 -0.70698300
vn 0.53159600 -0.46645400 -0.70698400
vn 0.50647300 -0.49361700 -0.70698400
vn 0.45221500 -0.54376100 -0.70698300
vn 0.42312300 -0.56669300 -0.70698400
vn 0.36169100 -0.60774400 -0.70698400
vn 0.32936900 -0.62584900 -0.70698600
vn 0.26227800 -0.65679500 -0.70698700
vn 0.22752100 -0.66962200 -0.70699400
vn 0.15637600 -0.68971200 -0.70699600
vn 0.12009300 -0.69695000 -0.70699200
vn 0.04667800 -0.70568600 -0.70698500
vn 0.00971100 -0.70716300 -0.70698400
vn -0.10136100 -0.69992800 -0.70698500
vn -0.17520700 -0.68824100 -0.70400800
vn -0.60444900 0.37165200 -0.70463900
vn -0.60450200 0.37164100 -0.70460000
vn -0.48092900 0.51990400 -0.70597900
vn -0.39214400 0.58976600 -0.70597400
vn -0.19230500 0.68164100 -0.70596400
vn -0.08138200 0.70355800 -0.70596200
vn 0.13837500 0.69459800 -0.70596400
vn 0.24712800 0.66372900 -0.70596800
vn -0.34495200 -0.61854100 -0.70598500
vn -0.43893900 -0.55581700 -0.70597400
vn -0.58830000 -0.39435300 -0.70596600
vn -0.64354200 -0.29573000 -0.70597300
vn -0.70324100 -0.08398200 -0.70597400
vn -0.70765100 0.02893200 -0.70597000
vn -0.67493200 0.21909500 -0.70460200
vn -0.67494800 0.21905600 -0.70459900
vn -0.67057000 0.23010600 -0.70525700
vn -0.67056700 0.23011100 -0.70525800
vn -0.61005600 0.36117500 -0.70525500
vn -0.61004800 0.36113500 -0.70528200
vn -0.56383400 -0.43174700 -0.70404900
vn -0.56379500 -0.43178800 -0.70405600
vn -0.63824700 -0.30628800 -0.70627800
vn -0.67407300 -0.21632900 -0.70627700
vn -0.70732000 -0.02945000 -0.70628000
vn -0.70473300 0.06730500 -0.70627300
vn -0.50827400 0.49277800 -0.70627700
vn -0.43631000 0.55750400 -0.70627400
vn -0.27247200 0.65340700 -0.70627100
vn -0.18076100 0.68447800 -0.70626900
vn -0.03693500 0.70919100 -0.70404800
vn -0.03701700 0.70918900 -0.70404600
vn -0.56604900 -0.42395000 -0.70700400
vn -0.60096900 -0.37646300 -0.70506100
vn -0.10322200 0.70160000 -0.70505500
vn -0.04440600 0.70581900 -0.70699900
vn -0.66450700 -0.24382500 -0.70638500
vn -0.69015600 -0.15717300 -0.70638600
vn -0.70755500 0.01956800 -0.70638800
vn -0.69929200 0.10958000 -0.70638700
vn -0.68750900 0.19270800 -0.70014000
vn -0.68759200 0.19249000 -0.70011800
vn -0.59251000 0.39846000 -0.70011600
vn -0.59223000 0.39894100 -0.70007800
vn -0.53691900 0.46122000 -0.70639500
vn -0.47376000 0.52588900 -0.70639400
vn -0.32799600 0.62724200 -0.70638900
vn -0.24536900 0.66393900 -0.70638400
vn -0.68708300 -0.17489200 -0.70521700
vn -0.68708500 -0.17490100 -0.70521200
vn -0.70791700 -0.00742100 -0.70625700
vn -0.70212100 0.09071000 -0.70625600
vn -0.52441100 0.47562300 -0.70624100
vn -0.45346200 0.54368100 -0.70624600
vn -0.31243900 0.63644700 -0.70520600
vn -0.31249300 0.63641400 -0.70521300
vn -0.63644500 -0.31245500 -0.70520200
vn -0.63643000 -0.31248500 -0.70520200
vn -0.17499800 0.68707400 -0.70519800
vn -0.17488700 0.68708300 -0.70521700
vn -0.39835200 -0.59256800 -0.70012800
vn -0.39831500 -0.59257800 -0.70014000
vn -0.47562600 -0.52439900 -0.70624800
vn -0.54368700 -0.45345600 -0.70624500
vn -0.00741300 0.70792500 -0.70624800
vn 0.09071400 0.70212500 -0.70625200
vn 0.19301900 0.68739000 -0.70017000
vn 0.19205200 0.68778400 -0.70004900
vn -0.46124400 -0.53690800 -0.70638700
vn -0.52589700 -0.47376600 -0.70638400
vn -0.62725500 -0.32798200 -0.70638500
vn -0.66394300 -0.24536100 -0.70638400
vn -0.70201500 -0.09861700 -0.70530100
vn -0.70625800 -0.03510500 -0.70708400
vn -0.43127900 0.56037700 -0.70709000
vn -0.38025200 0.59829300 -0.70530500
vn -0.24380600 0.66450500 -0.70639400
vn -0.15716500 0.69014900 -0.70639500
vn 0.01958000 0.70754700 -0.70639500
vn 0.10957200 0.69928700 -0.70639400
vn -0.70422300 0.06515400 -0.70698300
vn -0.69984300 0.10195500 -0.70698300
vn -0.68536200 0.17450100 -0.70698600
vn -0.67527900 0.21015800 -0.70698800
vn -0.64963200 0.27954700 -0.70698800
vn -0.63409700 0.31319000 -0.70698800
vn -0.59791600 0.37771300 -0.70698600
vn -0.57730500 0.40851400 -0.70699000
vn -0.53146900 0.46658300 -0.70699500
vn -0.50630000 0.49378100 -0.70699400
vn 0.58623500 0.02532700 -0.80974500
vn 0.45072800 -0.01048200 -0.89260000
vn 0.62217000 0.12884500 -0.77220700
vn 0.55953100 0.41377200 -0.71813500
vn 0.55956300 0.41368000 -0.71816300
vn 0.64934300 0.22940700 -0.72507000
vn 0.69484900 0.13111800 -0.70710200
vn 0.01793800 0.70841300 -0.70557000
vn 0.12612400 0.69643400 -0.70645100
vn 0.32059500 0.63127600 -0.70619400
vn 0.32075700 0.63117500 -0.70621000
vn 0.23166300 0.67646000 -0.69909500
vn 0.48896700 0.52171500 -0.69908800
vn 0.55942500 0.43328900 -0.70661400
vn 0.62264000 0.33944400 -0.70505100
vn -0.65910900 0.26774800 -0.70277000
vn -0.65913300 0.26767300 -0.70277600
vn -0.57076000 0.41943800 -0.70590700
vn -0.49411800 0.50748400 -0.70590900
vn -0.30842700 0.63761600 -0.70591700
vn -0.19957400 0.67960300 -0.70591100
vn -0.66613500 0.23746600 -0.70701800
vn -0.65476400 0.26722800 -0.70701700
vn -0.62807000 0.32504800 -0.70701600
vn -0.61277100 0.35304600 -0.70701500
vn -0.63123800 0.32811000 -0.70276700
vn -0.63124200 0.32810000 -0.70276900
vn -0.44832600 -0.54765200 -0.70645700
vn -0.52765000 -0.47302700 -0.70557100
vn -0.64672400 -0.28885900 -0.70590900
vn -0.68538500 -0.17872300 -0.70590800
vn -0.70674700 0.04698600 -0.70590400
vn -0.68944100 0.16240500 -0.70590100
vn 0.30125200 -0.33733900 -0.89188000
vn 0.36123700 -0.46319700 -0.80929400
vn 0.31615800 -0.54124900 -0.77916200
vn 0.28526700 -0.62923200 -0.72297300
vn 0.12726700 -0.68207300 -0.72012500
vn 0.18341400 -0.65812200 -0.73022900
vn -0.00484700 -0.70907800 -0.70511300
vn -0.17666700 -0.68560700 -0.70620900
vn -0.27252600 -0.65345500 -0.70620600
vn -0.98619100 0.16561400 0.00000000
vn -0.98619100 0.16561300 0.00000000
vn -0.98619100 0.16561400 0.00000000
vn -0.98619100 0.16561300 0.00000000
vn -0.98619100 0.16561400 0.00000000
vn -0.80413400 0.59444800 0.00000000
vn -0.80413400 0.59444800 0.00000000
vn -0.80413400 0.59444800 0.00000000
vn -0.80413400 0.59444800 0.00000000
vn -0.44762400 0.89422200 0.00000000
vn -0.44762400 0.89422200 0.00000000
vn -0.44762500 0.89422100 0.00000000
vn -0.44762400 0.89422200 0.00000000
vn -0.44762500 0.89422100 0.00000000
vn -0.44762500 0.89422100 0.00000000
vn 0.00603700 0.99998200 0.00000000
vn 0.00603700 0.99998200 0.00000000
vn 0.00546200 0.99998500 0.00000000
vn 0.00602600 0.99998200 0.00000000
vn 0.00546200 0.99998500 -0.00000000
vn 0.00559500 0.99998400 0.00000000
vn 0.00559500 0.99998400 0.00000000
vn 0.00546200 0.99998500 0.00000000
vn 0.65311600 -0.75725800 0.00000000
vn 0.65258700 -0.75771400 0.00000000
vn 0.65258700 -0.75771400 0.00000000
vn 0.65311600 -0.75725800 0.00000000
vn 0.65258600 -0.75771500 0.00000000
vn 0.65311600 -0.75725800 0.00000000
vn 0.65311600 -0.75725800 0.00000000
vn 0.23918400 -0.97097400 0.00000000
vn 0.23918400 -0.97097400 0.00000000
vn 0.23918400 -0.97097400 0.00000000
vn 0.23918400 -0.97097400 0.00000000
vn -0.22657100 -0.97399500 0.00000000
vn -0.22657100 -0.97399500 0.00000000
vn -0.22657100 -0.97399500 0.00000000
vn -0.22657100 -0.97399500 0.00000000
vn -0.64324600 -0.76566000 0.00000000
vn -0.64324600 -0.76566000 0.00000000
vn -0.64324600 -0.76566000 0.00000000
vn -0.64324600 -0.76566000 0.00000000
vn -0.64324600 -0.76566000 0.00000000
vn -0.75725000 -0.65312600 0.00000000
vn -0.75773500 -0.65256200 0.00000000
vn -0.75756300 -0.65276200 0.00000000
vn -0.75773500 -0.65256200 0.00000000
vn -0.75773300 -0.65256500 0.00000000
vn -0.75725000 -0.65312600 0.00000000
vn -0.75725000 -0.65312600 0.00000000
vn -0.75725000 -0.65312600 0.00000000
vn -0.97097400 -0.23918400 0.00000000
vn -0.97097400 -0.23918400 0.00000000
vn -0.97097400 -0.23918500 0.00000000
vn -0.97097400 -0.23918500 0.00000000
vn -0.97097400 -0.23918400 0.00000000
vn -0.97097400 -0.23918500 0.00000000
vn -0.97399400 0.22657300 0.00000000
vn -0.97399500 0.22657000 0.00000000
vn -0.97399400 0.22657300 0.00000000
vn -0.97399400 0.22657300 0.00000000
vn -0.97399500 0.22657000 0.00000000
vn -0.97399500 0.22657000 0.00000000
vn -0.76566800 0.64323600 0.00000000
vn -0.76566700 0.64323700 0.00000000
vn 0.16567300 0.98618100 0.00000000
vn 0.16567600 0.98618000 0.00000000
vn 0.59441400 0.80415900 0.00000000
vn 0.59441400 0.80415900 0.00000000
vn 0.59441200 0.80416000 0.00000000
vn 0.59441200 0.80416000 0.00000000
vn 0.59441400 0.80415900 0.00000000
vn 0.59441200 0.80416000 0.00000000
vn 0.89422100 0.44762500 0.00000000
vn 0.89422100 0.44762500 0.00000000
vn 0.89422200 0.44762400 0.00000000
vn 0.89422100 0.44762500 0.00000000
vn 0.89422200 0.44762400 0.00000000
vn 0.89422200 0.44762400 0.00000000
vn 0.99998200 -0.00603700 0.00000000
vn 0.99998200 -0.00603600 0.00000000
vn 0.99998200 -0.00603700 0.00000000
vn 0.99998200 -0.00603600 0.00000000
vn 0.99998200 -0.00603700 0.00000000
vn 0.99998400 -0.00573800 0.00000000
vn 0.99998200 -0.00603600 0.00000000
vn 0.98619100 -0.16561400 0.00000000
vn 0.98619100 -0.16561300 0.00000000
vn 0.98619100 -0.16561400 0.00000000
vn 0.98619100 -0.16561300 0.00000000
vn 0.98619100 -0.16561400 0.00000000
vn 0.80413400 -0.59444800 0.00000000
vn 0.80413400 -0.59444800 0.00000000
vn 0.80413400 -0.59444800 0.00000000
vn 0.80413400 -0.59444800 0.00000000
vn 0.44762400 -0.89422200 0.00000000
vn 0.44762400 -0.89422200 0.00000000
vn 0.44762500 -0.89422100 0.00000000
vn 0.44762400 -0.89422200 0.00000000
vn 0.44762500 -0.89422100 0.00000000
vn 0.44762500 -0.89422100 0.00000000
vn -0.00603700 -0.99998200 0.00000000
vn -0.00603700 -0.99998200 0.00000000
vn -0.00573900 -0.99998400 0.00000000
vn -0.00559500 -0.99998400 0.00000000
vn -0.00546200 -0.99998500 0.00000000
vn -0.00546200 -0.99998500 -0.00000000
vn -0.00546200 -0.99998500 0.00000000
vn -0.00559500 -0.99998400 0.00000000
vn -0.65284100 0.75749500 0.00000000
vn -0.65311100 0.75726200 0.00000000
vn -0.65311100 0.75726200 0.00000000
vn -0.65258600 0.75771500 0.00000000
vn -0.65284100 0.75749500 0.00000000
vn -0.65311200 0.75726200 0.00000000
vn -0.65311200 0.75726200 0.00000000
vn -0.65311100 0.75726200 0.00000000
vn -0.65311200 0.75726200 0.00000000
vn -0.23918400 0.97097400 0.00000000
vn -0.23918400 0.97097400 0.00000000
vn -0.23918400 0.97097400 0.00000000
vn -0.23918400 0.97097400 0.00000000
vn 0.22657100 0.97399500 0.00000000
vn 0.22657100 0.97399500 0.00000000
vn 0.22657100 0.97399500 0.00000000
vn 0.22657100 0.97399500 0.00000000
vn 0.64320500 0.76569400 0.00000000
vn 0.64320400 0.76569500 0.00000000
vn -0.16567300 -0.98618100 0.00000000
vn -0.16567600 -0.98618000 0.00000000
vn -0.59441400 -0.80415900 0.00000000
vn -0.59441400 -0.80415900 0.00000000
vn -0.59441200 -0.80416000 0.00000000
vn -0.59441400 -0.80415900 0.00000000
vn -0.59441200 -0.80416000 0.00000000
vn -0.59441200 -0.80416000 0.00000000
vn -0.89422100 -0.44762500 0.00000000
vn -0.89422100 -0.44762500 0.00000000
vn -0.89422200 -0.44762400 0.00000000
vn -0.89422200 -0.44762400 0.00000000
vn -0.89422100 -0.44762500 0.00000000
vn -0.89422200 -0.44762400 0.00000000
vn -0.99998200 0.00603700 0.00000000
vn -0.99998200 0.00603700 0.00000000
vn -0.99998200 0.00603600 0.00000000
vn -0.99998400 0.00559400 0.00000000
vn -0.99998200 0.00603700 0.00000000
vn -0.99998400 0.00570100 0.00000000
vn -0.99998400 0.00573900 0.00000000
vn -0.99998400 0.00570100 0.00000000
vn -0.99998400 0.00559400 0.00000000
vn 0.75773500 0.65256200 0.00000000
vn 0.75725200 0.65312300 0.00000000
vn 0.75773500 0.65256200 0.00000000
vn 0.75725200 0.65312300 0.00000000
vn 0.75773300 0.65256500 0.00000000
vn 0.75725200 0.65312300 0.00000000
vn 0.75725200 0.65312300 0.00000000
vn 0.97097400 0.23918400 0.00000000
vn 0.97097400 0.23918500 0.00000000
vn 0.97097400 0.23918400 0.00000000
vn 0.97097400 0.23918400 0.00000000
vn 0.97097400 0.23918500 0.00000000
vn 0.97097400 0.23918500 0.00000000
vn 0.97399400 -0.22657300 0.00000000
vn 0.97399400 -0.22657300 0.00000000
vn 0.97399500 -0.22657000 0.00000000
vn 0.97399500 -0.22657000 0.00000000
vn 0.97399400 -0.22657300 0.00000000
vn 0.97399500 -0.22657000 0.00000000
vn 0.76570000 -0.64319800 0.00000000
vn 0.76570100 -0.64319700 0.00000000
vn 0.89325000 0.44956000 0.00000000
vn 0.89325000 0.44956000 0.00000000
vn 0.89325000 0.44956000 0.00000000
vn 0.89325000 0.44956000 0.00000000
vn 0.89325000 0.44956000 0.00000000
vn 0.89325000 0.44956000 0.00000000
vn 0.99998600 -0.00525900 0.00000000
vn 0.99998600 -0.00526000 0.00000000
vn 0.99998600 -0.00526000 0.00000000
vn 0.99998600 -0.00526000 0.00000000
vn 0.99998600 -0.00525900 0.00000000
vn -0.97146800 -0.23716900 0.00000000
vn -0.97146800 -0.23716900 0.00000000
vn -0.97146800 -0.23716900 0.00000000
vn -0.97146800 -0.23716900 0.00000000
vn -0.97146800 -0.23716900 0.00000000
vn -0.97146800 -0.23716900 0.00000000
vn -0.75773500 -0.65256200 0.00000000
vn -0.75773300 -0.65256500 0.00000000
vn -0.75773300 -0.65256500 0.00000000
vn -0.44944900 0.89330600 0.00000000
vn -0.44945000 0.89330500 0.00000000
vn -0.44945000 0.89330500 0.00000000
vn -0.44945000 0.89330500 0.00000000
vn -0.44944900 0.89330600 0.00000000
vn -0.44944900 0.89330600 0.00000000
vn 0.00525900 0.99998600 0.00000000
vn 0.00526000 0.99998600 0.00000000
vn 0.00525900 0.99998600 0.00000000
vn 0.23716500 -0.97146900 0.00000000
vn 0.23716500 -0.97146900 0.00000000
vn 0.23716500 -0.97146900 0.00000000
vn 0.23716500 -0.97146900 0.00000000
vn 0.23716500 -0.97146900 0.00000000
vn 0.23716500 -0.97146900 0.00000000
vn 0.65258700 -0.75771400 0.00000000
vn 0.65258600 -0.75771500 0.00000000
vn 0.65258600 -0.75771500 0.00000000
vn -0.89330600 -0.44945000 0.00000000
vn -0.89330600 -0.44944900 0.00000000
vn -0.89330600 -0.44944900 0.00000000
vn -0.89330600 -0.44944900 0.00000000
vn -0.89330600 -0.44945000 0.00000000
vn -0.89330600 -0.44945000 0.00000000
vn -0.99998600 0.00525900 0.00000000
vn -0.99998600 0.00526000 0.00000000
vn -0.99998600 0.00526000 0.00000000
vn 0.97146800 0.23716900 0.00000000
vn 0.97146800 0.23716900 0.00000000
vn 0.97146800 0.23716900 0.00000000
vn 0.97146800 0.23716900 0.00000000
vn 0.97146800 0.23716900 0.00000000
vn 0.97146800 0.23716900 0.00000000
vn 0.75773300 0.65256500 0.00000000
vn 0.75773500 0.65256200 0.00000000
vn 0.75773300 0.65256500 0.00000000
vn -0.23716300 0.97147000 0.00000000
vn -0.23716300 0.97147000 0.00000000
vn -0.23716300 0.97147000 0.00000000
vn -0.23716300 0.97147000 0.00000000
vn -0.23716300 0.97147000 0.00000000
vn -0.23716300 0.97147000 0.00000000
vn -0.65258700 0.75771400 0.00000000
vn -0.65258600 0.75771500 0.00000000
vn -0.65258600 0.75771500 0.00000000
vn 0.44956100 -0.89325000 0.00000000
vn 0.44955900 -0.89325100 0.00000000
vn 0.44955900 -0.89325100 0.00000000
vn 0.44955900 -0.89325100 0.00000000
vn 0.44956100 -0.89325000 0.00000000
vn 0.44956100 -0.89325000 0.00000000
vn -0.00526000 -0.99998600 0.00000000
vn -0.00525900 -0.99998600 0.00000000
vn -0.00525900 -0.99998600 0.00000000
vn 0.00000000 0.00000000 1.00000000
vn 0.00000000 0.00000000 1.00000000
vn 0.00000000 0.00000000 1.00000000
vn 0.00000000 -0.00000000 1.00000000
vn 0.00000000 0.00000000 1.00000000
vn 0.00000000 0.00000000 1.00000000
vn 0.00000000 -0.00000000 1.00000000
vn 0.00000000 -0.00000100 1.00000000
vn 0.00000000 0.00000000 1.00000000
vn -0.00000000 0.00000200 1.00000000
vn 0.00000000 -0.00000100 1.00000000
vn 0.00000000 0.00000000 1.00000000
vn 0.00000000 -0.00000100 1.00000000
vn 0.00000000 0.00000000 1.00000000
vn 0.00000000 0.00000000 1.00000000
vn -0.00000000 0.00000200 1.00000000
vn 0.00000000 0.00000000 1.00000000
vn -0.00000000 0.00000200 1.00000000
vn -0.00000000 0.00000100 1.00000000
vn 0.00000000 0.00000000 1.00000000
vn -0.00000000 0.00000100 1.00000000
vn -0.00000000 0.00000100 1.00000000
vn 0.00000000 0.00000000 1.00000000
vn -0.00000000 0.00000100 1.00000000
vn 0.00000000 0.00000000 1.00000000
vn -0.00000000 0.00000100 1.00000000
vn -0.00000000 0.00000200 1.00000000
vn -0.00000000 0.00000100 1.00000000
vn 0.00000000 0.00000000 1.00000000
vn 0.00000000 0.00000000 1.00000000
vn -0.00000000 0.00000200 1.00000000
vn 0.00000000 -0.00000000 1.00000000
vn 0.00000000 0.00000000 1.00000000
vn -0.00000000 0.00000100 1.00000000
vn -0.00000000 0.00000100 1.00000000
vn 0.00000000 0.00000000 1.00000000
vn -0.00000000 0.00000100 1.00000000
vn 0.00000000 0.00000000 1.00000000
vn -0.00000000 0.00000100 1.00000000
vn -0.00000000 0.00000100 1.00000000
vn 0.00000000 0.00000000 1.00000000
vn -0.00000000 0.00000100 1.00000000
vn 0.00000000 0.00000000 1.00000000
vn -0.00000000 0.00000100 1.00000000
vn -0.00000000 0.00000100 1.00000000
vn 0.00000000 0.00000000 1.00000000
vn 0.00000000 0.00000000 1.00000000
vn -0.00000000 0.00000000 1.00000000
vn 0.00000000 0.00000000 1.00000000
vn -0.00000000 0.00000000 1.00000000
vn 0.00000000 0.00000000 1.00000000
vn 0.00000000 0.00000000 1.00000000
vn -0.00000000 0.00000000 1.00000000
vn 0.00000000 0.00000000 1.00000000
vn 0.00000000 -0.00000200 1.00000000
vn 0.00000000 -0.00000200 1.00000000
vn -0.00000000 0.00000200 1.00000000
vn 0.00000000 0.00000000 1.00000000
vn 0.00000000 0.00000000 1.00000000
vn -0.00000000 0.00000200 1.00000000
vn 0.00000000 -0.00000200 1.00000000
vn 0.00000000 -0.00000000 1.00000000
vn 0.00000000 0.00000000 1.00000000
vn 0.00000000 0.00000000 1.00000000
vn 0.00000000 0.00000000 1.00000000
vn 0.00000000 -0.00000100 1.00000000
vn 0.00000000 -0.00000100 1.00000000
vn 0.00000000 0.00000000 1.00000000
vn 0.00000000 -0.00000100 1.00000000
vn 0.00000000 -0.00000100 1.00000000
vn -0.00000000 0.00000100 1.00000000
vn 0.00000000 -0.00000100 1.00000000
vn 0.00000000 -0.00000100 1.00000000
vn 0.00000000 0.00000000 1.00000000
vn -0.00000000 0.00000100 1.00000000
vn -0.00000000 0.00000100 1.00000000
vn 0.00000000 0.00000000 1.00000000
vn 0.00000000 0.00000000 1.00000000
vn 0.00000000 0.00000000 1.00000000
vn 0.00000000 -0.00000100 1.00000000
vn 0.00000000 0.00000000 1.00000000
vn 0.00000000 -0.00000100 1.00000000
vn 0.00000000 -0.00000100 1.00000000
vn 0.00000000 0.00000000 1.00000000
vn 0.00000000 0.00000000 1.00000000
vn -0.00000000 0.00000200 1.00000000
vn -0.00000000 0.00000100 1.00000000
vn 0.00000000 0.00000000 1.00000000
vn 0.00000000 0.00000000 1.00000000
vn -0.00000000 0.00000100 1.00000000
vn 0.00000000 -0.00000100 1.00000000
vn 0.00000000 0.00000000 1.00000000
vn -0.00000000 0.00000100 1.00000000
vn 0.00000000 0.00000000 1.00000000
vn 0.00000000 -0.00000100 1.00000000
vn 0.00000000 0.00000000 1.00000000
vn 0.00000000 -0.00000100 1.00000000
vn 0.00000000 0.00000000 1.00000000
vn -0.00000000 0.00000100 1.00000000
vn 0.00000000 0.00000000 1.00000000
vn 0.00000000 -0.00000100 1.00000000
vn 0.00000000 0.00000000 1.00000000
vn -0.00000000 0.00000100 1.00000000
vn 0.00000000 -0.00000000 1.00000000
vn -0.00000000 0.00000100 1.00000000
vn 0.00000000 -0.00000100 1.00000000
vn 0.00000000 -0.00000100 1.00000000
vn 0.00000000 -0.00000000 1.00000000
vn 0.00000000 0.00000000 1.00000000
vn -0.00000000 0.00000000 1.00000000
vn 0.00000000 0.00000000 1.00000000
vn 0.00000000 -0.00000000 1.00000000
vn -0.00000000 0.00000000 1.00000000
vn 0.00000000 0.00000000 1.00000000
vn -0.00000000 0.00000000 1.00000000
vn 0.00000000 0.00000000 1.00000000
vn -0.00000000 0.00000000 1.00000000
vn -0.00000000 0.00000100 1.00000000
vn 0.00000000 0.00000000 1.00000000
vn -0.00000000 0.00000000 1.00000000
vn -0.00000000 0.00000100 1.00000000
vn -0.00000000 0.00000000 1.00000000
vn 0.00000000 -0.00000100 1.00000000
vn -0.00000000 0.00000100 1.00000000
vn 0.00000000 -0.00000000 1.00000000
vn 0.00000000 -0.00000100 1.00000000
vn 0.00000000 0.00000000 1.00000000
vn 0.00000000 -0.00000000 1.00000000
vn 0.00000000 -0.00000100 1.00000000
vn 0.00000000 -0.00000000 1.00000000
vn 0.00000000 -0.00000000 1.00000000
vn 0.00000000 0.00000000 1.00000000
vn -0.00000000 0.00000100 1.00000000
vn 0.00000000 -0.00000000 1.00000000
vn 0.00000000 0.00000000 1.00000000
vn 0.00000000 0.00000000 1.00000000
vn -0.00000000 0.00000100 1.00000000
vn -0.00000000 0.00000100 1.00000000
vn 0.00000000 0.00000000 1.00000000
vn -0.00000000 0.00000100 1.00000000
vn 0.00000000 0.00000000 1.00000000
vn 0.00000000 -0.00000200 1.00000000
vn 0.00000000 0.00000000 1.00000000
vn 0.00000000 0.00000000 1.00000000
vn 0.00000000 -0.00000200 1.00000000
vn -0.00000000 0.00000100 1.00000000
vn -0.00000000 0.00000100 1.00000000
vn 0.00000000 0.00000000 1.00000000
vn 0.00000000 -0.00000200 1.00000000
vn 0.00000000 0.00000000 1.00000000
vn -0.00000000 0.00000100 1.00000000
vn -0.00000000 0.00000100 1.00000000
vn 0.00000000 -0.00000100 1.00000000
vn 0.00000000 0.00000000 1.00000000
vn -0.00000000 0.00000100 1.00000000
vn 0.00000000 -0.00000100 1.00000000
vn -0.00000000 0.00000100 1.00000000
vn -0.00000000 0.00000100 1.00000000
vn 0.00000000 -0.00000100 1.00000000
vn 0.00000000 -0.00000100 1.00000000
vn -0.00000000 0.00000100 1.00000000
vn -0.00000000 0.00000000 1.00000000
vn -0.00000000 0.00000100 1.00000000
vn 0.00000000 -0.00000100 1.00000000
vn 0.00000000 0.00000000 1.00000000
vn -0.00000000 0.00000000 1.00000000
vn 0.00000000 -0.00000100 1.00000000
vn -0.00000000 0.00000000 1.00000000
vn 0.00000000 0.00000000 1.00000000
vn -0.00000000 0.00000000 1.00000000
vn 0.00000000 0.00000000 1.00000000
vn -0.00000000 0.00000000 1.00000000
vn -0.00000000 0.00000000 1.00000000
vn 0.00000000 0.00000000 1.00000000
vn 0.00000000 0.00000000 1.00000000
vn 0.00000000 -0.00000100 1.00000000
vn 0.00000000 0.00000000 1.00000000
vn 0.00000000 -0.00000100 1.00000000
vn 0.00000000 -0.00000100 1.00000000
vn 0.00000000 0.00000000 1.00000000
vn -0.00000000 0.00000200 1.00000000
vn 0.00000000 0.00000000 1.00000000
vn 0.93988600 0.34122900 0.01331200
vn 0.98309500 0.18308500 0.00193400
vn 0.98788000 0.15518900 0.00313100
vn 0.96367500 0.26640100 0.01898900
vn 0.95468400 0.29467500 0.04177500
vn 0.49208100 -0.87051700 0.00752400
vn 0.34969100 -0.93677100 0.01325500
vn 0.40293100 -0.91507700 0.01675800
vn 0.51050600 -0.85987100 0.00228200
vn 0.33679000 0.61968400 0.70891700
vn 0.31802800 0.62762200 0.71059800
vn 0.26319300 0.65658900 0.70683800
vn 0.41404700 0.53675200 0.73516200
vn 0.39145500 0.57008900 0.72233100
vn 0.32905700 0.61533300 0.71630100
vn 0.42284100 0.57328200 0.70182200
vn 0.48703700 0.51320800 0.70669100
vn 0.57513000 0.48639000 0.65776100
vn 0.64484200 0.43656100 0.62737000
vn 0.73209200 0.41700900 0.53865100
vn 0.12177800 0.69707200 0.70658400
vn 0.03794900 0.70683000 0.70636400
vn -0.65329900 0.28561300 0.70116000
vn -0.66562900 0.24672200 0.70432000
vn -0.66562800 0.24671400 0.70432400
vn -0.66562700 0.24672600 0.70432000
vn -0.60949700 0.35979300 0.70644300
vn -0.58083200 0.41121800 0.70252000
vn -0.51871900 0.49009700 0.70052500
vn -0.43253900 0.56542000 0.70229000
vn -0.37453100 0.61169200 0.69682100
vn -0.22735300 0.67607200 0.70088300
vn -0.10214500 0.70154500 0.70526700
vn -0.28123200 0.66434800 0.69249600
vn -0.61948500 0.34665300 0.70432300
vn -0.61952800 0.34658200 0.70431900
vn -0.61275100 0.35307800 0.70701600
vn -0.62806800 0.32505400 0.70701500
vn -0.65475200 0.26725800 0.70701700
vn -0.66615200 0.23742600 0.70701500
vn -0.62736800 -0.33375900 0.70357300
vn -0.45160800 -0.54479000 0.70657900
vn -0.51340600 -0.48730400 0.70636300
vn -0.61405700 -0.35195800 0.70644200
vn -0.68244900 -0.20865900 0.70051800
vn -0.70531000 -0.09655200 0.70229300
vn -0.71688000 -0.02317100 0.69681100
vn -0.70009500 0.13652100 0.70087800
vn -0.66034100 0.25797300 0.70526600
vn -0.71651200 0.08394900 0.69250500
vn 0.15741300 -0.82779200 0.53849900
vn 0.08591100 -0.77396500 0.62737300
vn 0.02135800 -0.75344000 0.65717000
vn -0.08331000 -0.69312600 0.71598600
vn -0.08332700 -0.69310900 0.71600000
vn -0.10696200 -0.70056300 0.70552900
vn -0.18924700 -0.66854600 0.71918800
vn -0.28638100 -0.63997700 0.71303200
vn -0.24787600 -0.66200300 0.70732500
vn -0.33062000 -0.62643700 0.70588000
vn 0.36832900 -0.60635100 0.70474900
vn 0.40403700 -0.58238200 0.70539700
vn 0.40442700 -0.58208700 0.70541700
vn 0.38053200 -0.59638700 0.70676600
vn 0.31682700 -0.63623300 0.70344000
vn 0.25388300 -0.66716900 0.70030600
vn 0.25394500 -0.66712900 0.70032200
vn 0.26578600 -0.65559800 0.70678800
vn 0.23417700 -0.66722800 0.70708400
vn 0.17780400 -0.69484500 0.69683300
vn 0.12955000 -0.70619500 0.69606500
vn 0.12960300 -0.70616800 0.69608200
vn 0.14111300 -0.69312600 0.70686900
vn 0.10849400 -0.69876800 0.70707300
vn 0.04932800 -0.71952200 0.69271500
vn -0.00046600 -0.72185400 0.69204500
vn 0.01255500 -0.70721100 0.70689100
vn -0.05031700 -0.72237600 0.68966700
vn -0.13185800 -0.71332600 0.68831700
vn -0.13188000 -0.71329700 0.68834200
vn -0.08476600 -0.70308300 0.70603700
vn -0.11685900 -0.69756400 0.70692900
vn -0.18127600 -0.70465400 0.68600400
vn -0.26003100 -0.68073900 0.68482000
vn -0.26005900 -0.68071700 0.68483200
vn -0.21172900 -0.67574800 0.70607000
vn -0.24237100 -0.66447500 0.70691500
vn -0.30728700 -0.66302200 0.68262500
vn -0.38056900 -0.62489500 0.68167000
vn -0.38056400 -0.62492700 0.68164300
vn -0.33153300 -0.62559000 0.70620400
vn -0.35964200 -0.60894500 0.70699600
vn -0.42398800 -0.59870200 0.67955100
vn -0.48918100 -0.54768300 0.67878200
vn -0.48919500 -0.54763000 0.67881500
vn -0.44016900 -0.55447400 0.70626500
vn -0.46483700 -0.53297800 0.70700800
vn -0.52720800 -0.51374100 0.67684700
vn -0.58207000 -0.45150100 0.67627000
vn -0.58207200 -0.45140400 0.67633400
vn -0.53397300 -0.46471800 0.70633600
vn -0.55437300 -0.43907200 0.70702700
vn -0.61337200 -0.41096300 0.67445100
vn -0.65593000 -0.33946400 0.67418100
vn -0.65595500 -0.33950800 0.67413500
vn -0.60981400 -0.35932800 0.70640600
vn -0.62545000 -0.32996100 0.70706300
vn -0.67933000 -0.29380900 0.67244800
vn -0.70812300 -0.21559000 0.67237100
vn -0.70813200 -0.21562900 0.67234900
vn -0.70813500 -0.21559100 0.67235800
vn -0.66515000 -0.24190000 0.70644200
vn -0.67509600 -0.21058700 0.70703500
vn -0.68441200 -0.17869400 0.70685800
vn -0.72948400 -0.13503000 0.67053700
vn -0.73672100 -0.08398800 0.67096100
vn -0.70216100 -0.08369600 0.70708200
vn -0.74201100 -0.03271200 0.66959000
vn -0.74065700 0.05082800 0.66995800
vn -0.74067900 0.05079500 0.66993600
vn -0.70750300 0.01311100 0.70658900
vn -0.70564000 0.04599900 0.70707600
vn -0.73644000 0.10229000 0.66872500
vn -0.71977500 0.18417400 0.66933100
vn -0.71973800 0.18420000 0.66936300
vn -0.65210600 0.35802200 0.66826500
vn -0.60699800 0.42840300 0.66934700
vn -0.60703200 0.42837500 0.66933300
vn -0.67466900 0.31152000 0.66916200
vn -0.67468700 0.31149900 0.66915400
vn -0.69315900 0.14208900 0.70664100
vn -0.68535700 0.17414400 0.70707800
vn -0.70614600 0.23406700 0.66826000
vn -0.65549000 0.26627700 0.70670300
vn -0.64199400 0.29642600 0.70708900
vn -0.59581200 0.38150800 0.70672500
vn -0.57705200 0.40875000 0.70706000
vn -0.55650400 0.47486000 0.68177100
vn -0.52088800 0.51303100 0.68225700
vn -0.50698100 0.55322300 0.66099600
vn -0.50696100 0.55316500 0.66105900
vn -0.44930400 0.54790100 0.70564100
vn -0.48617800 0.59800700 0.63719600
vn -0.43969100 0.60695300 0.66202800
vn -0.39598900 0.63268000 0.66551300
vn -0.32615600 0.66016800 0.67661000
vn -0.36582600 0.67176100 0.64413400
vn -0.27308800 0.69047200 0.66983000
vn -0.27309600 0.69050500 0.66979200
vn -0.22673200 0.67129900 0.70565600
vn -0.23502900 0.72192600 0.65083400
vn -0.19117700 0.71661800 0.67075300
vn -0.14245500 0.72480300 0.67406800
vn -0.06855200 0.72728300 0.68290600
vn -0.09827200 0.74717600 0.65732100
vn -0.00844100 0.73491000 0.67811200
vn -0.00843600 0.73494700 0.67807300
vn 0.02506400 0.70811100 0.70565600
vn 0.03976300 0.74705800 0.66356800
vn 0.07736800 0.73007400 0.67897500
vn 0.12447700 0.72059900 0.68208700
vn 0.19400400 0.69846700 0.68884400
vn 0.17447700 0.72191100 0.66962900
vn 0.25201200 0.68268300 0.68588200
vn 0.31627900 0.64928300 0.69166400
vn 0.31621900 0.64932700 0.69165000
vn 0.30142600 0.67293600 0.67550000
vn 0.31909300 0.63106400 0.70706300
vn 0.39501400 0.61761900 0.68008200
vn 0.42721000 0.57904700 0.69440400
vn 0.42725800 0.57899100 0.69442000
vn 0.41645800 0.60216800 0.68114400
vn 0.42895100 0.56223800 0.70702900
vn 0.49690000 0.53208000 0.68555200
vn 0.52327500 0.49015000 0.69709100
vn 0.51594500 0.51219600 0.68662600
vn 0.56248800 0.44524800 0.69667900
vn 0.60137300 0.38573800 0.69968400
vn 0.59678400 0.40632300 0.69191800
vn 0.63105900 0.33421500 0.70004600
vn 0.65904900 0.26937300 0.70220600
vn 0.65651500 0.28834400 0.69702600
vn 0.67816100 0.21316600 0.70331900
vn 0.69461300 0.14487600 0.70464500
vn 0.70540400 0.06966900 0.70537400
vn 0.70537400 0.07016000 0.70535400
vn 0.70246300 0.08615200 0.70648700
vn 0.69347700 0.16231700 0.70195600
vn 0.69626300 0.12462600 0.70688500
vn 0.68569300 0.17360900 0.70688400
vn 0.68582900 0.21314600 0.69585000
vn 0.68069900 0.20295000 0.70388900
vn 0.28149400 -0.65716000 0.69921500
vn 0.27156900 -0.65524000 0.70491900
vn 0.31256200 -0.63452100 0.70688600
vn 0.35670100 -0.61080400 0.70688300
vn 0.70540700 0.11637000 0.69918500
vn 0.69904600 -0.11216600 0.70622400
vn 0.70447800 -0.14780000 0.69416600
vn 0.70865600 0.00247900 0.70554900
vn 0.70866400 0.00239500 0.70554200
vn 0.71029800 -0.04712100 0.70232200
vn 0.70541500 0.16351500 0.68967600
vn 0.42330800 -0.57279500 0.70193700
vn 0.58346300 -0.42489900 0.69212100
vn 0.52491300 -0.47650700 0.70527100
vn 0.32260800 -0.63855700 0.69869100
vn 0.43782900 -0.55602900 0.70649700
vn 0.68986900 -0.20602100 0.69400000
vn 0.67984400 -0.25776100 0.68656400
vn 0.66192200 -0.24869600 0.70711400
vn 0.66645500 -0.29454400 0.68489600
vn 0.63716400 -0.33803500 0.69264300
vn 0.63712400 -0.33806500 0.69266600
vn 0.63174600 -0.31804000 0.70692800
vn 0.62846800 -0.36558600 0.68656700
vn 0.61729400 -0.40208900 0.67621900
vn -0.58467700 -0.33682300 0.73804000
vn -0.63708600 -0.25396200 0.72775400
vn -0.62138600 -0.29082600 0.72753000
vn -0.61272100 -0.35298300 0.70709000
vn -0.56331700 -0.39167300 0.72750700
vn -0.51933300 -0.43078400 0.73805000
vn -0.54427800 -0.45147100 0.70706100
vn -0.48902400 -0.48127400 0.72748200
vn -0.48901700 -0.48122200 0.72752200
vn -0.45786500 -0.45058200 0.76637800
vn -0.46012600 -0.53693000 0.70710000
vn -0.43234100 -0.53242100 0.72774200
vn -0.40064600 -0.55694600 0.72752600
vn -0.35875500 -0.58440100 0.72785400
vn -0.32706100 -0.58301400 0.74372400
vn -0.25667300 -0.61949100 0.74185600
vn -0.28180000 -0.58367900 0.76151600
vn -0.25496300 -0.65954000 0.70710800
vn -0.19222600 -0.65863300 0.72749700
vn -0.13343700 -0.66143800 0.73803400
vn -0.13984500 -0.69317200 0.70707500
vn -0.07815200 -0.68163200 0.72751000
vn -0.02819600 -0.68514100 0.72786400
vn -0.00119600 -0.66847000 0.74373800
vn 0.02363600 -0.64846100 0.76088100
vn 0.03862400 -0.64696600 0.76154000
vn 0.03865100 -0.64704000 0.76147500
vn 0.11397900 -0.69793600 0.70703200
vn 0.11180100 -0.65904700 0.74374600
vn 0.18949000 -0.64317700 0.74190000
vn 0.18946200 -0.64322100 0.74187000
vn 0.14742300 -0.63114600 0.76152500
vn 0.21595800 -0.67329800 0.70713000
vn 0.24445900 -0.66382300 0.70680900
vn 0.27390400 -0.61743700 0.73739300
vn 0.31169300 -0.59842500 0.73806200
vn 0.32664700 -0.62712700 0.70711600
vn 0.36740400 -0.57941900 0.72752200
vn 0.40847900 -0.55078700 0.72785900
vn 0.41902000 -0.52084400 0.74373700
vn 0.44975300 -0.49500700 0.74343100
vn 0.43648800 -0.47909200 0.76154400
vn 0.51693200 -0.48248700 0.70709800
vn 0.51691200 -0.48250800 0.70709800
vn 0.52167900 -0.42909500 0.73738000
vn 0.53943900 -0.42392600 0.72752400
vn 0.56398900 -0.37043600 0.73803300
vn 0.59104300 -0.38821500 0.70707600
vn 0.60334600 -0.32666700 0.72750500
vn 0.61845500 -0.26978500 0.73805800
vn 0.64812500 -0.28272800 0.70710600
vn 0.64986600 -0.22000500 0.72751100
vn 0.66380900 -0.17192100 0.72787500
vn 0.65320000 -0.14199500 0.74375200
vn 0.66749800 -0.06402100 0.74185400
vn 0.64059900 -0.09854000 0.76152700
vn 0.70528900 -0.05066600 0.70710700
vn 0.68604800 0.00906200 0.72750000
vn 0.68316900 0.05904600 0.72787000
vn 0.66319600 0.08372600 0.74374800
vn 0.66202700 0.14679500 0.73496400
vn 0.63683600 0.12050900 0.76152300
vn 0.67919300 0.19683300 0.70707400
vn 0.66697300 0.23492700 0.70707600
vn 0.66005200 0.25372500 0.70707500
vn 0.62334000 0.29849800 0.72273600
vn 0.64046400 0.29975400 0.70707400
vn 0.59449500 0.34247600 0.72752000
vn 0.55398600 0.38518300 0.73806000
vn 0.58058900 0.40368500 0.70707500
vn 0.52807600 0.43803500 0.72750400
vn 0.49441700 0.47515200 0.72786200
vn 0.49445800 0.47511400 0.72785900
vn 0.52486200 0.47437200 0.70674700
vn 0.43165900 0.48456200 0.76083500
vn 0.40448700 0.53480100 0.74187500
vn 0.40447500 0.53480900 0.74187600
vn 0.41977200 0.49381900 0.76153400
vn 0.41292800 0.57402600 0.70709600
vn 0.38837200 0.59129800 0.70677700
vn 0.33354400 0.58737000 0.73739100
vn 0.29579800 0.60645700 0.73804700
vn 0.29574800 0.60645900 0.73806600
vn 0.30998700 0.63554000 0.70710500
vn 0.28286900 0.64841100 0.70678700
vn 0.22947800 0.63526500 0.73741300
vn 0.18904900 0.64774000 0.73803300
vn 0.19811400 0.67882000 0.70707500
vn 0.14826200 0.65897500 0.73740800
vn 0.07691900 0.67032700 0.73806900
vn 0.07686800 0.67037700 0.73802800
vn 0.11034900 0.69879000 0.70676400
vn 0.08055900 0.70252800 0.70708200
vn 0.02006800 0.68581800 0.72749700
vn -0.03000000 0.68505800 0.72787100
vn -0.05549900 0.66615300 0.74374700
vn -0.13425000 0.65699100 0.74184900
vn -0.09335700 0.64136100 0.76153800
vn -0.15808800 0.68921400 0.70710100
vn -0.20954900 0.65330200 0.72752000
vn -0.25650600 0.63593800 0.72786500
vn -0.28612800 0.64673000 0.70701500
vn -0.34541600 0.57472300 0.74187600
vn -0.34540400 0.57473600 0.74187200
vn -0.24813800 0.53020200 0.81074900
vn -0.30171400 0.57364500 0.76151200
vn -0.37868300 0.59721200 0.70706300
vn -0.41521300 0.54616900 0.72752800
vn -0.45245100 0.50059600 0.73803200
vn -0.47412400 0.52458300 0.70712000
vn -0.50154200 0.46814000 0.72753000
vn -0.53408400 0.43007600 0.72786600
vn -0.53673800 0.39845900 0.74373600
vn -0.58185600 0.33328400 0.74186600
vn -0.54315200 0.35364900 0.76152400
vn -0.62183200 0.33669200 0.70708100
vn -0.62886000 0.27432300 0.72751800
vn -0.63911000 0.21636100 0.73805500
vn -0.66980500 0.22675400 0.70706700
vn -0.66618200 0.16409800 0.72751200
vn -0.67601500 0.11499700 0.72785900
vn -0.66290900 0.08609100 0.74373400
vn -0.67050200 0.00719700 0.74187300
vn -0.64666700 0.04384900 0.76151100
vn -0.70706500 -0.00933500 0.70708700
vn -0.68278100 -0.06720100 0.72752600
vn -0.66345700 -0.12280000 0.73806900
vn -0.69532500 -0.12869300 0.70707900
vn -0.66162900 -0.18166100 0.72749300
vn -0.66161800 -0.18163000 0.72751100
vn -0.61944500 -0.17005600 0.76640000
vn -0.66354000 -0.24434500 0.70711400
f 1//1 2//2 3//3
f 4//4 5//5 6//6
f 4//4 6//6 7//7
f 7//7 6//6 8//8
f 7//7 8//8 9//9
f 5//5 4//4 10//10
f 10//10 4//4 11//11
f 10//10 11//11 12//12
f 12//12 11//11 13//13
f 13//13 11//11 14//14
f 13//13 14//14 15//15
f 15//15 14//14 16//16
f 16//16 14//14 17//17
f 16//16 17//17 18//18
f 18//18 17//17 19//19
f 19//19 17//17 20//20
f 19//19 20//20 21//21
f 21//21 20//20 22//22
f 22//22 20//20 23//23
f 22//22 23//23 24//24
f 24//24 23//23 25//25
f 25//25 23//23 26//26
f 25//25 26//26 27//27
f 27//27 26//26 28//28
f 28//28 26//26 29//29
f 28//28 29//29 30//30
f 30//30 29//29 31//31
f 31//31 29//29 32//32
f 31//31 32//32 33//33
f 33//33 32//32 34//34
f 34//34 32//32 35//35
f 34//34 35//35 36//36
f 36//36 35//35 37//37
f 37//37 35//35 38//38
f 37//37 38//38 39//39
f 39//39 38//38 40//40
f 40//40 38//38 41//41
f 40//40 41//41 42//42
f 42//42 41//41 43//43
f 42//42 43//43 44//44
f 44//44 43//43 45//45
f 44//44 45//45 46//46
f 46//46 45//45 47//47
f 47//47 45//45 48//48
f 47//47 48//48 49//49
f 49//49 48//48 50//50
f 50//50 48//48 51//51
f 50//50 51//51 52//52
f 53//53 54//54 55//55
f 55//55 56//56 53//53
f 53//53 56//56 57//57
f 53//53 57//57 51//51
f 51//51 57//57 58//58
f 51//51 58//58 52//52
f 59//59 60//60 61//61
f 61//61 62//62 59//59
f 59//59 62//62 63//63
f 59//59 63//63 54//54
f 54//54 63//63 64//64
f 54//54 64//64 55//55
f 65//65 66//66 67//67
f 67//67 68//68 65//65
f 65//65 68//68 69//69
f 65//65 69//69 60//60
f 60//60 69//69 70//70
f 60//60 70//70 61//61
f 3//3 2//2 71//71
f 2//2 72//72 71//71
f 71//71 72//72 73//73
f 71//71 73//73 66//66
f 66//66 73//73 74//74
f 66//66 74//74 67//67
f 1//1 3//3 75//75
f 75//75 3//3 76//76
f 75//75 76//76 77//77
f 77//77 76//76 78//78
f 77//77 78//78 79//79
f 79//79 78//78 80//80
f 80//80 78//78 81//81
f 80//80 81//81 82//82
f 82//82 81//81 83//83
f 83//83 81//81 84//84
f 83//83 84//84 85//85
f 85//85 84//84 86//86
f 86//86 84//84 87//87
f 86//86 87//87 88//88
f 88//88 87//87 89//89
f 89//89 87//87 90//90
f 89//89 90//90 91//91
f 93//93 94//94 97//97
f 99//99 103//103 105//105
f 107//107 102//102 110//110
f 106//106 108//108 113//113
f 117//117 109//109 120//120
f 115//115 119//119 122//122
f 123//123 127//127 129//129
f 98//98 96//96 132//132
f 134//134 95//95 136//136
f 133//133 135//135 139//139
f 138//138 137//137 140//140
f 138//138 140//140 143//143
f 92//92 147//147 148//148
f 149//149 145//145 152//152
f 148//148 154//154 155//155
f 155//155 154//154 156//156
f 155//155 156//156 157//157
f 157//157 156//156 160//160
f 158//158 159//159 163//163
f 164//164 165//165 167//167
f 168//168 166//166 171//171
f 167//167 170//170 99//99
f 101//101 169//169 173//173
f 100//100 172//172 104//104
f 174//174 179//179 182//182
f 181//181 177//177 184//184
f 180//180 183//183 187//187
f 186//186 185//185 189//189
f 188//188 191//191 125//125
f 126//126 190//190 192//192
f 124//124 193//193 130//130
f 141//141 195//195 144//144
f 142//142 194//194 197//197
f 143//143 198//198 200//200
f 199//199 196//196 202//202
f 200//200 203//203 204//204
f 204//204 203//203 206//206
f 205//205 201//201 207//207
f 206//206 208//208 209//209
f 160//160 210//210 162//162
f 162//162 210//210 212//212
f 161//161 211//211 215//215
f 214//214 213//213 218//218
f 216//216 219//219 220//220
f 164//164 209//209 165//165
f 165//165 209//209 208//208
f 165//165 216//216 223//223
f 222//222 217//217 221//221
f 223//223 220//220 175//175
f 175//175 220//220 224//224
f 176//176 225//225 178//178
f 228//228 229//229 234//234
f 235//235 231//231 237//237
f 240//240 242//242 246//246
f 248//248 250//250 252//252
f 252//252 250//250 254//254
f 244//244 243//243 257//257
f 230//230 261//261 236//236
f 238//238 260//260 263//263
f 237//237 262//262 265//265
f 266//266 264//264 267//267
f 265//265 268//268 271//271
f 272//272 269//269 273//273
f 270//270 274//274 251//251
f 249//249 275//275 277//277
f 250//250 278//278 254//254
f 253//253 276//276 256//256
f 255//255 259//259 280//280
f 279//279 258//258 241//241
f 233//233 285//285 227//227
f 226//226 284//284 287//287
f 226//226 287//287 289//289
f 288//288 286//286 292//292
f 289//289 290//290 294//294
f 293//293 291//291 296//296
f 294//294 295//295 299//299
f 298//298 297//297 301//301
f 299//299 300//300 305//305
f 303//303 302//302 306//306
f 308//308 310//310 305//305
f 304//304 311//311 312//312
f 305//305 313//313 314//314
f 314//314 315//315 247//247
f 247//247 315//315 316//316
f 245//245 317//317 239//239
f 318//318 319//319 322//322
f 321//321 320//320 324//324
f 322//322 323//323 147//147
f 147//147 323//323 326//326
f 146//146 325//325 153//153
f 151//151 327//327 329//329
f 150//150 328//328 330//330
f 330//330 328//328 310//310
f 330//330 310//310 332//332
f 331//331 309//309 307//307
f 232//232 334//334 283//283
f 282//282 333//333 336//336
f 281//281 337//337 339//339
f 342//342 335//335 343//343
f 341//341 344//344 348//348
f 350//350 351//351 355//355
f 357//357 358//358 362//362
f 354//354 353//353 364//364
f 365//365 352//352 367//367
f 364//364 366//366 371//371
f 372//372 376//376 380//380
f 379//379 377//377 338//338
f 381//381 341//341 384//384
f 383//383 340//340 345//345
f 382//382 347//347 386//386
f 385//385 346//346 389//389
f 387//387 388//388 390//390
f 390//390 388//388 349//349
f 390//390 349//349 391//391
f 391//391 349//349 354//354
f 121//121 131//131 118//118
f 116//116 128//128 393//393
f 111//111 392//392 394//394
f 359//359 114//114 360//360
f 363//363 112//112 395//395
f 363//363 395//395 396//396
f 396//396 395//395 397//397
f 396//396 397//397 399//399
f 399//399 397//397 401//401
f 398//398 400//400 374//374
f 375//375 401//401 402//402
f 373//373 403//403 378//378
f 368//368 404//404 370//370
f 369//369 405//405 407//407
f 371//371 406//406 363//363
f 361//361 408//408 410//410
f 363//363 409//409 356//356
f 411//411 413//413 418//418
f 419//419 425//425 428//428
f 431//431 434//434 435//435
f 437//437 439//439 440//440
f 442//442 443//443 444//444
f 440//440 439//439 445//445
f 444//444 443//443 446//446
f 449//449 422//422 453//453
f 452//452 420//420 427//427
f 451//451 454//454 459//459
f 460//460 458//458 461//461
f 464//464 469//469 470//470
f 471//471 468//468 473//473
f 470//470 472//472 479//479
f 478//478 474//474 484//484
f 486//486 489//489 492//492
f 493//493 494//494 488//488
f 487//487 495//495 498//498
f 488//488 496//496 457//457
f 455//455 497//497 499//499
f 456//456 500//500 462//462
f 501//501 505//505 430//430
f 507//507 509//509 514//514
f 520//520 522//522 525//525
f 531//531 532//532 533//533
f 533//533 532//532 536//536
f 533//533 536//536 439//439
f 439//439 536//536 537//537
f 439//439 537//537 445//445
f 538//538 542//542 543//543
f 548//548 550//550 485//485
f 421//421 553//553 423//423
f 424//424 554//554 555//555
f 426//426 556//556 443//443
f 443//443 556//556 557//557
f 443//443 557//557 446//446
f 517//517 558//558 560//560
f 562//562 563//563 569//569
f 570//570 572//572 575//575
f 576//576 579//579 531//531
f 582//582 583//583 586//586
f 585//585 584//584 587//587
f 586//586 588//588 591//591
f 544//544 593//593 539//539
f 541//541 594//594 596//596
f 540//540 597//597 599//599
f 600//600 595//595 466//466
f 598//598 469//469 588//588
f 589//589 467//467 465//465
f 590//590 463//463 592//592
f 601//601 603//603 549//549
f 552//552 602//602 604//604
f 551//551 605//605 482//482
f 501//501 430//430 607//607
f 515//515 510//510 504//504
f 502//502 508//508 609//609
f 503//503 608//608 429//429
f 568//568 564//564 611//611
f 612//612 614//614 618//618
f 619//619 620//620 621//621
f 621//621 620//620 445//445
f 621//621 445//445 622//622
f 622//622 445//445 537//537
f 623//623 625//625 626//626
f 627//627 624//624 438//438
f 626//626 437//437 628//628
f 628//628 437//437 440//440
f 629//629 631//631 579//579
f 580//580 630//630 633//633
f 581//581 632//632 530//530
f 634//634 635//635 636//636
f 636//636 635//635 446//446
f 636//636 446//446 637//637
f 637//637 446//446 557//557
f 638//638 640//640 642//642
f 641//641 639//639 441//441
f 642//642 442//442 643//643
f 643//643 442//442 444//444
f 644//644 647//647 648//648
f 652//652 646//646 654//654
f 651//651 655//655 657//657
f 658//658 653//653 660//660
f 656//656 659//659 661//661
f 661//661 659//659 662//662
f 661//661 662//662 663//663
f 664//664 560//560 665//665
f 665//665 560//560 558//558
f 665//665 558//558 667//667
f 666//666 559//559 669//669
f 667//667 668//668 670//670
f 670//670 668//668 671//671
f 670//670 671//671 672//672
f 488//488 433//433 490//490
f 490//490 433//433 430//430
f 491//491 673//673 675//675
f 677//677 674//674 611//611
f 676//676 610//610 678//678
f 679//679 611//611 564//564
f 681//681 682//682 684//684
f 685//685 683//683 693//693
f 686//686 692//692 695//695
f 412//412 687//687 414//414
f 417//417 688//688 694//694
f 416//416 696//696 566//566
f 567//567 697//697 698//698
f 565//565 699//699 561//561
f 411//411 418//418 533//533
f 534//534 415//415 702//702
f 535//535 701//701 527//527
f 528//528 700//700 703//703
f 529//529 704//704 577//577
f 578//578 705//705 706//706
f 576//576 708//708 575//575
f 573//573 707//707 710//710
f 574//574 709//709 571//571
f 711//711 713//713 719//719
f 715//715 714//714 720//720
f 715//715 720//720 722//722
f 645//645 650//650 725//725
f 723//723 649//649 717//717
f 724//724 718//718 726//726
f 728//728 716//716 721//721
f 727//727 722//722 729//729
f 560//560 731//731 517//517
f 513//513 730//730 732//732
f 512//512 733//733 735//735
f 519//519 526//526 736//736
f 736//736 526//526 737//737
f 736//736 737//737 739//739
f 739//739 737//737 742//742
f 739//739 742//742 744//744
f 617//617 615//615 747//747
f 746//746 616//616 749//749
f 750//750 748//748 755//755
f 712//712 715//715 756//756
f 756//756 715//715 757//757
f 756//756 757//757 436//436
f 436//436 757//757 758//758
f 436//436 758//758 430//430
f 430//430 758//758 760//760
f 432//432 759//759 606//606
f 761//761 762//762 765//765
f 764//764 763//763 768//768
f 765//765 766//766 771//771
f 769//769 767//767 547//547
f 770//770 546//546 773//773
f 774//774 545//545 481//481
f 772//772 480//480 777//777
f 776//776 483//483 475//475
f 775//775 476//476 778//778
f 779//779 477//477 738//738
f 780//780 740//740 691//691
f 689//689 741//741 745//745
f 690//690 743//743 680//680
f 518//518 781//781 521//521
f 523//523 782//782 785//785
f 524//524 784//784 447//447
f 450//450 783//783 752//752
f 448//448 751//751 786//786
f 787//787 753//753 754//754
f 734//734 788//788 517//517
f 516//516 789//789 790//790
f 511//511 791//791 506//506
f 792//792 793//793 617//617
f 617//617 793//793 794//794
f 617//617 794//794 613//613
f 795//795 798//798 799//799
f 800//800 801//801 802//802
f 802//802 801//801 796//796
f 795//795 799//799 803//803
f 803//803 799//799 804//804
f 803//803 804//804 805//805
f 806//806 807//807 808//808
f 809//809 810//810 811//811
f 811//811 810//810 806//806
f 806//806 808//808 811//811
f 811//811 808//808 812//812
f 811//811 812//812 813//813
f 815//815 817//817 818//818
f 819//819 820//820 821//821
f 821//821 820//820 814//814
f 815//815 818//818 822//822
f 822//822 818//818 823//823
f 822//822 823//823 824//824
f 825//825 826//826 827//827
f 828//828 829//829 830//830
f 830//830 829//829 825//825
f 825//825 827//827 830//830
f 830//830 827//827 831//831
f 830//830 831//831 832//832
f 833//833 837//837 839//839
f 840//840 842//842 845//845
f 847//847 843//843 849//849
f 844//844 850//850 853//853
f 855//855 856//856 852//852
f 851//851 857//857 858//858
f 851//851 858//858 854//854
f 859//859 860//860 864//864
f 863//863 861//861 836//836
f 862//862 835//835 867//867
f 865//865 834//834 838//838
f 866//866 868//868 869//869
f 869//869 868//868 870//870
f 869//869 870//870 871//871
f 871//871 870//870 873//873
f 871//871 873//873 874//874
f 875//875 872//872 877//877
f 841//841 846//846 882//882
f 881//881 848//848 886//886
f 883//883 884//884 889//889
f 888//888 885//885 891//891
f 887//887 892//892 893//893
f 894//894 890//890 895//895
f 894//894 895//895 896//896
f 896//896 895//895 897//897
f 896//896 897//897 898//898
f 898//898 897//897 899//899
f 898//898 899//899 900//900
f 900//900 899//899 902//902
f 900//900 902//902 903//903
f 905//905 901//901 906//906
f 904//904 907//907 910//910
f 909//909 908//908 913//913
f 911//911 912//912 915//915
f 914//914 913//913 917//917
f 914//914 917//917 918//918
f 919//919 916//916 920//920
f 918//918 922//922 880//880
f 878//878 921//921 924//924
f 879//879 923//923 876//876
f 926//926 929//929 930//930
f 931//931 927//927 934//934
f 937//937 940//940 943//943
f 942//942 941//941 947//947
f 950//950 954//954 955//955
f 955//955 957//957 950//950
f 953//953 956//956 959//959
f 948//948 960//960 961//961
f 965//965 958//958 968//968
f 949//949 971//971 972//972
f 974//974 977//977 980//980
f 979//979 976//976 983//983
f 978//978 981//981 969//969
f 967//967 982//982 985//985
f 966//966 984//984 964//964
f 988//988 990//990 996//996
f 998//998 1000//1000 1002//1002
f 1001//1001 999//999 1006//1006
f 1003//1003 1004//1004 1007//1007
f 1008//1008 1005//1005 1012//1012
f 1009//1009 1010//1010 1014//1014
f 1016//1016 1017//1017 973//973
f 973//973 1017//1017 1018//1018
f 973//973 1018//1018 950//950
f 1020//1020 1026//1026 1028//1028
f 1029//1029 1025//1025 1032//1032
f 1027//1027 1031//1031 1035//1035
f 1034//1034 1030//1030 1038//1038
f 1033//1033 1036//1036 1039//1039
f 1040//1040 1037//1037 1042//1042
f 1041//1041 1043//1043 1046//1046
f 1045//1045 1044//1044 1051//1051
f 1046//1046 1049//1049 1052//1052
f 970//970 951//951 1056//1056
f 1057//1057 952//952 963//963
f 1055//1055 965//965 1059//1059
f 1058//1058 962//962 1060//1060
f 1059//1059 1061//1061 1062//1062
f 1062//1062 1061//1061 1063//1063
f 1062//1062 1063//1063 1066//1066
f 1065//1065 1064//1064 1068//1068
f 1066//1066 1069//1069 1071//1071
f 997//997 975//975 1073//1073
f 1072//1072 974//974 980//980
f 1072//1072 980//980 1074//1074
f 1074//1074 980//980 1075//1075
f 1074//1074 1075//1075 1076//1076
f 1076//1076 1075//1075 1079//1079
f 1077//1077 1078//1078 1083//1083
f 1084//1084 1086//1086 1087//1087
f 1067//1067 1015//1015 1070//1070
f 1071//1071 1013//1013 1011//1011
f 1071//1071 1011//1011 1089//1089
f 1089//1089 1011//1011 1091//1091
f 1088//1088 1090//1090 1095//1095
f 1094//1094 1092//1092 1098//1098
f 1093//1093 1097//1097 1099//1099
f 1101//1101 1096//1096 1102//1102
f 1100//1100 1103//1103 1107//1107
f 1106//1106 1104//1104 1110//1110
f 1105//1105 1108//1108 1114//1114
f 1112//1112 1109//1109 1117//1117
f 1087//1087 1119//1119 1084//1084
f 1085//1085 1118//1118 1054//1054
f 1084//1084 1052//1052 992//992
f 993//993 1053//1053 1048//1048
f 991//991 1050//1050 994//994
f 995//995 1120//1120 986//986
f 987//987 1121//1121 1122//1122
f 989//989 1124//1124 930//930
f 932//932 1123//1123 1126//1126
f 930//930 1125//1125 926//926
f 925//925 1127//1127 1130//1130
f 926//926 1128//1128 1131//1131
f 1132//1132 1129//1129 1133//1133
f 1131//1131 1134//1134 1138//1138
f 1137//1137 1135//1135 1140//1140
f 1136//1136 1141//1141 1144//1144
f 1142//1142 1139//1139 1024//1024
f 1143//1143 1023//1023 942//942
f 944//944 1022//1022 1019//1019
f 942//942 1021//1021 938//938
f 1146//1146 1148//1148 1149//1149
f 1082//1082 1081//1081 1153//1153
f 1152//1152 1080//1080 1154//1154
f 1151//1151 1155//1155 1116//1116
f 939//939 1157//1157 946//946
f 947//947 1156//1156 1146//1146
f 945//945 1145//1145 1159//1159
f 1158//1158 1146//1146 1149//1149
f 1160//1160 1161//1161 1162//1162
f 1162//1162 1161//1161 1163//1163
f 1162//1162 1163//1163 1164//1164
f 1164//1164 1163//1163 1167//1167
f 1165//1165 1166//1166 1047//1047
f 1168//1168 1171//1171 1174//1174
f 1155//1155 1175//1175 1116//1116
f 1116//1116 1175//1175 1173//1173
f 1115//1115 1172//1172 1113//1113
f 1111//1111 1173//1173 1170//1170
f 928//928 1177//1177 936//936
f 933//933 1176//1176 1180//1180
f 935//935 1178//1178 1182//1182
f 1181//1181 1179//1179 1184//1184
f 1183//1183 1186//1186 1188//1188
f 1187//1187 1185//1185 1150//1150
f 1188//1188 1149//1149 1191//1191
f 1191//1191 1149//1149 1148//1148
f 1189//1189 1147//1147 1192//1192
f 1193//1193 1195//1195 1190//1190
f 1191//1191 1194//1194 1197//1197
f 1191//1191 1197//1197 1198//1198
f 1199//1199 1196//1196 1200//1200
f 1198//1198 1202//1202 1203//1203
f 1205//1205 1201//1201 1206//1206
f 1204//1204 1207//1207 1169//1169
f 1208//1208 1209//1209 1211//1211
f 1208//1208 1211//1211 1212//1212
f 1212//1212 1211//1211 1213//1213
f 1212//1212 1213//1213 1214//1214
f 1214//1214 1213//1213 1215//1215
f 1214//1214 1215//1215 1216//1216
f 1216//1216 1215//1215 1217//1217
f 1216//1216 1217//1217 1218//1218
f 1218//1218 1217//1217 1219//1219
f 1218//1218 1219//1219 1220//1220
f 1220//1220 1219//1219 1221//1221
f 1220//1220 1221//1221 1222//1222
f 1222//1222 1221//1221 1223//1223
f 1222//1222 1223//1223 1224//1224
f 1224//1224 1223//1223 1225//1225
f 1224//1224 1225//1225 1226//1226
f 1226//1226 1225//1225 1227//1227
f 1226//1226 1227//1227 1228//1228
f 1228//1228 1227//1227 1229//1229
f 1228//1228 1229//1229 1230//1230
f 1230//1230 1229//1229 1231//1231
f 1230//1230 1231//1231 1232//1232
f 1232//1232 1231//1231 1233//1233
f 1232//1232 1233//1233 1235//1235
f 1236//1236 1234//1234 1237//1237
f 1236//1236 1237//1237 1238//1238
f 1238//1238 1237//1237 1239//1239
f 1238//1238 1239//1239 1240//1240
f 1240//1240 1239//1239 1241//1241
f 1240//1240 1241//1241 1242//1242
f 1242//1242 1241//1241 1243//1243
f 1242//1242 1243//1243 1244//1244
f 1245//1245 1246//1246 1247//1247
f 1248//1248 1249//1249 1250//1250
f 1250//1250 1249//1249 1245//1245
f 1250//1250 1245//1245 1251//1251
f 1251//1251 1245//1245 1247//1247
f 1252//1252 1253//1253 1254//1254
f 1254//1254 1253//1253 1255//1255
f 1254//1254 1255//1255 1246//1246
f 1246//1246 1255//1255 1256//1256
f 1246//1246 1256//1256 1247//1247
f 1257//1257 1258//1258 1252//1252
f 1252//1252 1258//1258 1259//1259
f 1252//1252 1259//1259 1253//1253
f 1260//1260 1261//1261 1257//1257
f 1257//1257 1261//1261 1262//1262
f 1257//1257 1262//1262 1258//1258
f 1263//1263 1264//1264 1260//1260
f 1260//1260 1264//1264 1265//1265
f 1260//1260 1265//1265 1261//1261
f 1266//1266 1267//1267 1263//1263
f 1263//1263 1267//1267 1268//1268
f 1263//1263 1268//1268 1264//1264
f 1269//1269 1270//1270 1266//1266
f 1266//1266 1270//1270 1271//1271
f 1266//1266 1271//1271 1267//1267
f 1272//1272 1273//1273 1269//1269
f 1269//1269 1273//1273 1274//1274
f 1269//1269 1274//1274 1270//1270
f 1275//1275 1276//1276 1272//1272
f 1272//1272 1276//1276 1277//1277
f 1272//1272 1277//1277 1273//1273
f 1278//1278 1279//1279 1275//1275
f 1275//1275 1279//1279 1280//1280
f 1275//1275 1280//1280 1276//1276
f 1281//1281 1282//1282 1278//1278
f 1278//1278 1282//1282 1283//1283
f 1278//1278 1283//1283 1279//1279
f 1284//1284 1285//1285 1281//1281
f 1281//1281 1285//1285 1286//1286
f 1281//1281 1286//1286 1282//1282
f 1287//1287 1288//1288 1284//1284
f 1284//1284 1288//1288 1289//1289
f 1284//1284 1289//1289 1285//1285
f 1290//1290 1291//1291 1287//1287
f 1287//1287 1291//1291 1292//1292
f 1287//1287 1292//1292 1288//1288
f 1293//1293 1294//1294 1290//1290
f 1290//1290 1294//1294 1295//1295
f 1290//1290 1295//1295 1291//1291
f 1296//1296 1297//1297 1293//1293
f 1293//1293 1297//1297 1298//1298
f 1293//1293 1298//1298 1294//1294
f 1299//1299 1300//1300 1296//1296
f 1296//1296 1300//1300 1301//1301
f 1296//1296 1301//1301 1297//1297
f 1248//1248 1302//1302 1249//1249
f 1249//1249 1302//1302 1303//1303
f 1249//1249 1303//1303 1299//1299
f 1299//1299 1303//1303 1304//1304
f 1299//1299 1304//1304 1300//1300
f 1305//1305 1306//1306 1307//1307
f 1307//1307 1306//1306 1308//1308
f 1307//1307 1308//1308 1309//1309
f 1309//1309 1308//1308 1310//1310
f 1309//1309 1310//1310 1311//1311
f 1311//1311 1310//1310 1312//1312
f 1311//1311 1312//1312 1313//1313
f 1313//1313 1312//1312 1314//1314
f 1313//1313 1314//1314 1315//1315
f 1315//1315 1314//1314 1316//1316
f 1315//1315 1316//1316 1317//1317
f 1317//1317 1316//1316 1318//1318
f 1317//1317 1318//1318 1319//1319
f 1319//1319 1318//1318 1320//1320
f 1319//1319 1320//1320 1321//1321
f 1321//1321 1320//1320 1323//1323
f 1322//1322 1324//1324 1325//1325
f 1325//1325 1324//1324 1326//1326
f 1325//1325 1326//1326 1327//1327
f 1327//1327 1326//1326 1328//1328
f 1327//1327 1328//1328 1329//1329
f 1329//1329 1328//1328 1330//1330
f 1329//1329 1330//1330 1331//1331
f 1331//1331 1330//1330 1332//1332
f 1331//1331 1332//1332 1333//1333
f 1333//1333 1332//1332 1334//1334
f 1333//1333 1334//1334 1335//1335
f 1335//1335 1334//1334 1336//1336
f 1335//1335 1336//1336 1337//1337
f 1336//1336 1338//1338 1337//1337
f 1337//1337 1338//1338 1339//1339
f 1337//1337 1339//1339 1340//1340
f 1340//1340 1339//1339 1341//1341
f 1340//1340 1341//1341 1342//1342
f 1342//1342 1341//1341 1343//1343
f 1342//1342 1343//1343 1344//1344
f 1344//1344 1343//1343 1345//1345
f 1344//1344 1345//1345 1346//1346
f 1346//1346 1345//1345 1347//1347
f 1346//1346 1347//1347 1348//1348
f 1348//1348 1347//1347 1349//1349
f 1348//1348 1349//1349 1350//1350
f 1350//1350 1349//1349 1351//1351
f 1350//1350 1351//1351 1352//1352
f 1352//1352 1351//1351 1353//1353
f 1352//1352 1353//1353 1354//1354
f 1354//1354 1353//1353 1355//1355
f 1354//1354 1355//1355 1356//1356
f 1356//1356 1355//1355 1357//1357
f 1356//1356 1357//1357 1358//1358
f 1358//1358 1357//1357 1359//1359
f 1358//1358 1359//1359 1305//1305
f 1305//1305 1359//1359 1360//1360
f 1305//1305 1360//1360 1306//1306
f 1361//1361 1365//1365 1369//1369
f 1368//1368 1367//1367 1370//1370
f 1369//1369 1371//1371 1373//1373
f 1373//1373 1371//1371 1376//1376
f 1372//1372 1375//1375 1379//1379
f 1378//1378 1374//1374 1381//1381
f 1377//1377 1382//1382 1383//1383
f 1385//1385 1380//1380 1387//1387
f 1384//1384 1386//1386 1390//1390
f 1394//1394 1395//1395 1398//1398
f 1400//1400 1397//1397 1403//1403
f 1399//1399 1402//1402 1406//1406
f 1405//1405 1401//1401 1408//1408
f 1404//1404 1407//1407 1411//1411
f 1410//1410 1409//1409 1413//1413
f 1412//1412 1415//1415 1418//1418
f 1417//1417 1414//1414 1421//1421
f 1416//1416 1420//1420 1423//1423
f 1388//1388 1424//1424 1389//1389
f 1389//1389 1424//1424 1425//1425
f 1389//1389 1425//1425 1426//1426
f 1426//1426 1425//1425 1428//1428
f 1426//1426 1428//1428 1430//1430
f 1429//1429 1427//1427 1433//1433
f 1430//1430 1432//1432 1435//1435
f 1434//1434 1431//1431 1437//1437
f 1435//1435 1436//1436 1439//1439
f 1439//1439 1436//1436 1442//1442
f 1438//1438 1441//1441 1444//1444
f 1443//1443 1440//1440 1448//1448
f 1445//1445 1447//1447 1392//1392
f 1393//1393 1446//1446 1449//1449
f 1391//1391 1450//1450 1396//1396
f 1419//1419 1451//1451 1422//1422
f 1422//1422 1451//1451 1452//1452
f 1422//1422 1452//1452 1453//1453
f 1453//1453 1452//1452 1455//1455
f 1453//1453 1455//1455 1457//1457
f 1456//1456 1454//1454 1458//1458
f 1457//1457 1459//1459 1462//1462
f 1461//1461 1460//1460 1464//1464
f 1462//1462 1463//1463 1466//1466
f 1466//1466 1463//1463 1469//1469
f 1465//1465 1468//1468 1470//1470
f 1472//1472 1467//1467 1474//1474
f 1471//1471 1475//1475 1364//1364
f 1362//1362 1473//1473 1477//1477
f 1363//1363 1476//1476 1366//1366
f 1478//1478 1479//1479 1480//1480
f 1484//1484 1485//1485 1486//1486
f 1488//1488 1489//1489 1490//1490
f 1493//1493 1489//1489 1483//1483
f 1492//1492 1482//1482 1495//1495
f 1494//1494 1483//1483 1487//1487
f 1497//1497 1498//1498 1500//1500
f 1488//1488 1490//1490 1502//1502
f 1501//1501 1491//1491 1505//1505
f 1502//1502 1503//1503 1506//1506
f 1507//1507 1504//1504 1508//1508
f 1506//1506 1509//1509 1510//1510
f 1510//1510 1509//1509 1511//1511
f 1510//1510 1511//1511 1512//1512
f 1512//1512 1511//1511 1513//1513
f 1512//1512 1513//1513 1514//1514
f 1514//1514 1513//1513 1516//1516
f 1514//1514 1516//1516 1518//1518
f 1515//1515 1521//1521 1519//1519
f 1518//1518 1520//1520 1523//1523
f 1517//1517 1522//1522 1525//1525
f 1524//1524 1523//1523 1528//1528
f 1526//1526 1527//1527 1529//1529
f 1530//1530 1528//1528 1533//1533
f 1531//1531 1532//1532 1535//1535
f 1536//1536 1533//1533 1538//1538
f 1534//1534 1537//1537 1541//1541
f 1539//1539 1538//1538 1543//1543
f 1540//1540 1542//1542 1545//1545
f 1547//1547 1544//1544 1548//1548
f 1546//1546 1549//1549 1552//1552
f 1553//1553 1550//1550 1555//1555
f 1551//1551 1554//1554 1556//1556
f 1556//1556 1554//1554 1558//1558
f 1556//1556 1558//1558 1480//1480
f 1481//1481 1557//1557 1560//1560
f 1480//1480 1559//1559 1478//1478
f 1478//1478 1559//1559 1497//1497
f 1478//1478 1497//1497 1561//1561
f 1562//1562 1496//1496 1499//1499
f 1565//1565 1566//1566 1567//1567
f 1569//1569 1570//1570 1571//1571
f 1572//1572 1573//1573 1574//1574
f 1574//1574 1575//1575 1572//1572
f 1572//1572 1575//1575 1576//1576
f 1572//1572 1576//1576 1577//1577
f 1577//1577 1576//1576 1578//1578
f 1577//1577 1578//1578 1579//1579
f 1579//1579 1578//1578 1580//1580
f 1579//1579 1580//1580 1582//1582
f 1583//1583 1584//1584 1585//1585
f 1585//1585 1584//1584 1586//1586
f 1587//1587 1588//1588 1589//1589
f 1589//1589 1588//1588 1590//1590
f 1589//1589 1590//1590 1591//1591
f 1591//1591 1590//1590 1592//1592
f 1591//1591 1592//1592 1593//1593
f 1594//1594 1595//1595 1596//1596
f 1596//1596 1595//1595 1597//1597
f 1596//1596 1597//1597 1598//1598
f 1598//1598 1597//1597 1599//1599
f 1598//1598 1599//1599 1600//1600
f 1573//1573 1572//1572 1601//1601
f 1601//1601 1572//1572 1602//1602
f 1601//1601 1602//1602 1604//1604
f 1605//1605 1607//1607 1608//1608
f 1608//1608 1607//1607 1609//1609
f 1608//1608 1609//1609 1610//1610
f 1610//1610 1609//1609 1611//1611
f 1610//1610 1611//1611 1612//1612
f 1612//1612 1613//1613 1610//1610
f 1610//1610 1613//1613 1614//1614
f 1610//1610 1614//1614 1615//1615
f 1616//1616 1617//1617 1618//1618
f 1618//1618 1617//1617 1619//1619
f 1618//1618 1619//1619 1620//1620
f 1620//1620 1619//1619 1621//1621
f 1620//1620 1621//1621 1622//1622
f 1622//1622 1621//1621 1623//1623
f 1622//1622 1623//1623 1624//1624
f 1626//1626 1627//1627 1628//1628
f 1628//1628 1627//1627 1629//1629
f 1628//1628 1629//1629 1630//1630
f 1630//1630 1629//1629 1631//1631
f 1630//1630 1631//1631 1606//1606
f 1632//1632 1633//1633 1635//1635
f 1632//1632 1635//1635 1636//1636
f 1637//1637 1639//1639 1640//1640
f 1637//1637 1640//1640 1635//1635
f 1635//1635 1640//1640 1641//1641
f 1635//1635 1641//1641 1636//1636
f 1642//1642 1643//1643 1644//1644
f 1644//1644 1643//1643 1645//1645
f 1644//1644 1645//1645 1646//1646
f 1646//1646 1645//1645 1647//1647
f 1646//1646 1647//1647 1634//1634
f 1642//1642 1648//1648 1643//1643
f 1643//1643 1648//1648 1649//1649
f 1643//1643 1649//1649 1650//1650
f 1650//1650 1649//1649 1652//1652
f 1650//1650 1652//1652 1653//1653
f 1654//1654 1655//1655 1656//1656
f 1655//1655 1657//1657 1656//1656
f 1656//1656 1657//1657 1658//1658
f 1656//1656 1658//1658 1659//1659
f 1659//1659 1658//1658 1660//1660
f 1659//1659 1660//1660 1638//1638
f 1661//1661 1662//1662 1663//1663
f 1663//1663 1662//1662 1664//1664
f 1663//1663 1664//1664 1665//1665
f 1666//1666 1667//1667 1668//1668
f 1668//1668 1667//1667 1669//1669
f 1668//1668 1669//1669 1670//1670
f 1671//1671 1672//1672 1673//1673
f 1673//1673 1672//1672 1674//1674
f 1674//1674 1672//1672 1675//1675
f 1674//1674 1675//1675 1676//1676
f 1676//1676 1675//1675 1677//1677
f 1676//1676 1677//1677 1678//1678
f 1678//1678 1677//1677 1679//1679
f 1678//1678 1679//1679 1680//1680
f 1680//1680 1679//1679 1681//1681
f 1680//1680 1681//1681 1661//1661
f 1661//1661 1681//1681 1682//1682
f 1661//1661 1682//1682 1662//1662
f 1634//1634 1647//1647 1683//1683
f 1683//1683 1647//1647 1684//1684
f 1683//1683 1684//1684 1686//1686
f 1685//1685 1687//1687 1688//1688
f 1688//1688 1687//1687 1689//1689
f 1688//1688 1689//1689 1691//1691
f 1690//1690 1692//1692 1693//1693
f 1693//1693 1692//1692 1695//1695
f 1693//1693 1695//1695 1696//1696
f 1694//1694 1697//1697 1698//1698
f 1698//1698 1697//1697 1700//1700
f 1698//1698 1700//1700 1701//1701
f 1699//1699 1702//1702 1703//1703
f 1703//1703 1702//1702 1705//1705
f 1703//1703 1705//1705 1706//1706
f 1704//1704 1707//1707 1708//1708
f 1708//1708 1707//1707 1709//1709
f 1708//1708 1709//1709 1710//1710
f 1624//1624 1711//1711 1622//1622
f 1622//1622 1711//1711 1712//1712
f 1622//1622 1712//1712 1713//1713
f 1713//1713 1712//1712 1625//1625
f 1713//1713 1625//1625 1714//1714
f 1714//1714 1625//1625 1715//1715
f 1714//1714 1715//1715 1717//1717
f 1717//1717 1715//1715 1718//1718
f 1716//1716 1710//1710 1719//1719
f 1719//1719 1710//1710 1709//1709
f 1616//1616 1618//1618 1720//1720
f 1720//1720 1618//1618 1721//1721
f 1720//1720 1721//1721 1722//1722
f 1673//1673 1563//1563 1671//1671
f 1723//1723 1564//1564 1724//1724
f 1723//1723 1724//1724 1725//1725
f 1725//1725 1724//1724 1727//1727
f 1726//1726 1722//1722 1728//1728
f 1728//1728 1722//1722 1721//1721
f 1665//1665 1664//1664 1729//1729
f 1729//1729 1664//1664 1730//1730
f 1729//1729 1730//1730 1731//1731
f 1732//1732 1733//1733 1734//1734
f 1734//1734 1733//1733 1731//1731
f 1734//1734 1731//1731 1735//1735
f 1735//1735 1731//1731 1730//1730
f 1736//1736 1737//1737 1738//1738
f 1738//1738 1737//1737 1739//1739
f 1738//1738 1739//1739 1740//1740
f 1740//1740 1739//1739 1741//1741
f 1743//1743 1744//1744 1745//1745
f 1745//1745 1744//1744 1740//1740
f 1745//1745 1740//1740 1746//1746
f 1746//1746 1740//1740 1741//1741
f 1747//1747 1748//1748 1749//1749
f 1749//1749 1748//1748 1750//1750
f 1749//1749 1750//1750 1736//1736
f 1742//1742 1751//1751 1732//1732
f 1732//1732 1751//1751 1752//1752
f 1732//1732 1752//1752 1733//1733
f 1733//1733 1752//1752 1753//1753
f 1733//1733 1753//1753 1754//1754
f 1754//1754 1755//1755 1733//1733
f 1733//1733 1755//1755 1756//1756
f 1733//1733 1756//1756 1749//1749
f 1749//1749 1756//1756 1757//1757
f 1749//1749 1757//1757 1747//1747
f 1736//1736 1738//1738 1749//1749
f 1749//1749 1738//1738 1758//1758
f 1749//1749 1758//1758 1759//1759
f 1758//1758 1760//1760 1759//1759
f 1759//1759 1760//1760 1762//1762
f 1759//1759 1762//1762 1763//1763
f 1761//1761 1764//1764 1765//1765
f 1765//1765 1764//1764 1767//1767
f 1765//1765 1767//1767 1768//1768
f 1766//1766 1769//1769 1770//1770
f 1770//1770 1769//1769 1771//1771
f 1770//1770 1771//1771 1773//1773
f 1772//1772 1774//1774 1775//1775
f 1775//1775 1774//1774 1776//1776
f 1775//1775 1776//1776 1778//1778
f 1777//1777 1779//1779 1780//1780
f 1780//1780 1779//1779 1782//1782
f 1780//1780 1782//1782 1783//1783
f 1781//1781 1784//1784 1785//1785
f 1785//1785 1784//1784 1786//1786
f 1785//1785 1786//1786 1787//1787
f 1581//1581 1583//1583 1788//1788
f 1788//1788 1583//1583 1585//1585
f 1788//1788 1585//1585 1790//1790
f 1790//1790 1585//1585 1791//1791
f 1789//1789 1787//1787 1792//1792
f 1792//1792 1787//1787 1786//1786
f 1670//1670 1669//1669 1793//1793
f 1793//1793 1669//1669 1794//1794
f 1793//1793 1794//1794 1795//1795
f 1795//1795 1794//1794 1796//1796
f 1795//1795 1796//1796 1797//1797
f 1797//1797 1796//1796 1798//1798
f 1797//1797 1798//1798 1799//1799
f 1799//1799 1798//1798 1800//1800
f 1799//1799 1800//1800 1801//1801
f 1801//1801 1800//1800 1802//1802
f 1801//1801 1802//1802 1803//1803
f 1803//1803 1802//1802 1804//1804
f 1803//1803 1804//1804 1805//1805
f 1805//1805 1804//1804 1568//1568
f 1805//1805 1568//1568 1806//1806
f 1806//1806 1568//1568 1807//1807
f 1806//1806 1807//1807 1808//1808
f 1808//1808 1807//1807 1809//1809
f 1808//1808 1809//1809 1603//1603
f 1604//1604 1598//1598 1600//1600
f 1604//1604 1600//1600 1601//1601
f 1651//1651 1654//1654 1810//1810
f 1810//1810 1654//1654 1656//1656
f 1810//1810 1656//1656 1811//1811
f 1811//1811 1656//1656 1812//1812
f 1811//1811 1812//1812 1666//1666
f 1666//1666 1812//1812 1813//1813
f 1666//1666 1813//1813 1667//1667
f 1815//1815 1818//1818 1822//1822
f 1821//1821 1819//1819 1823//1823
f 1826//1826 1830//1830 1833//1833
f 1838//1838 1839//1839 1842//1842
f 1840//1840 1835//1835 1845//1845
f 1844//1844 1836//1836 1847//1847
f 1843//1843 1846//1846 1850//1850
f 1852//1852 1854//1854 1857//1857
f 1858//1858 1853//1853 1860//1860
f 1857//1857 1859//1859 1861//1861
f 1862//1862 1859//1859 1863//1863
f 1862//1862 1863//1863 1864//1864
f 1832//1832 1829//1829 1866//1866
f 1871//1871 1874//1874 1877//1877
f 1878//1878 1885//1885 1888//1888
f 1887//1887 1882//1882 1889//1889
f 1887//1887 1889//1889 1890//1890
f 1890//1890 1889//1889 1891//1891
f 1890//1890 1891//1891 1892//1892
f 1892//1892 1891//1891 1894//1894
f 1892//1892 1894//1894 1895//1895
f 1896//1896 1893//1893 1899//1899
f 1895//1895 1898//1898 1901//1901
f 1902//1902 1897//1897 1867//1867
f 1900//1900 1869//1869 1903//1903
f 1906//1906 1868//1868 1831//1831
f 1907//1907 1828//1828 1911//1911
f 1910//1910 1913//1913 1908//1908
f 1907//1907 1912//1912 1915//1915
f 1909//1909 1914//1914 1916//1916
f 1820//1820 1918//1918 1816//1816
f 1817//1817 1917//1917 1921//1921
f 1814//1814 1920//1920 1923//1923
f 1924//1924 1919//1919 1927//1927
f 1922//1922 1926//1926 1928//1928
f 1929//1929 1925//1925 1932//1932
f 1928//1928 1930//1930 1933//1933
f 1841//1841 1862//1862 1837//1837
f 1837//1837 1862//1862 1864//1864
f 1837//1837 1864//1864 1936//1936
f 1935//1935 1865//1865 1937//1937
f 1936//1936 1939//1939 1874//1874
f 1873//1873 1938//1938 1941//1941
f 1872//1872 1940//1940 1876//1876
f 1848//1848 1944//1944 1946//1946
f 1945//1945 1943//1943 1947//1947
f 1945//1945 1947//1947 1948//1948
f 1948//1948 1947//1947 1951//1951
f 1949//1949 1950//1950 1953//1953
f 1954//1954 1951//1951 1957//1957
f 1952//1952 1955//1955 1960//1960
f 1959//1959 1956//1956 1962//1962
f 1958//1958 1961//1961 1963//1963
f 1963//1963 1961//1961 1967//1967
f 1969//1969 1971//1971 1972//1972
f 1978//1978 1979//1979 1983//1983
f 1984//1984 1985//1985 1986//1986
f 1986//1986 1985//1985 1988//1988
f 1986//1986 1988//1988 1904//1904
f 1905//1905 1987//1987 1990//1990
f 1904//1904 1989//1989 1901//1901
f 1846//1846 1991//1991 1850//1850
f 1850//1850 1991//1991 1993//1993
f 1849//1849 1992//1992 1942//1942
f 1943//1943 1993//1993 1970//1970
f 1994//1994 1933//1933 1996//1996
f 1996//1996 1933//1933 1930//1930
f 1996//1996 1930//1930 1998//1998
f 1997//1997 1931//1931 2001//2001
f 1998//1998 1999//1999 2002//2002
f 2003//2003 2000//2000 2007//2007
f 2004//2004 2006//2006 2009//2009
f 2010//2010 2005//2005 2012//2012
f 2008//2008 2011//2011 1881//1881
f 1879//1879 2012//2012 2015//2015
f 1880//1880 2013//2013 1884//1884
f 1883//1883 2014//2014 2016//2016
f 1886//1886 2017//2017 2021//2021
f 2019//2019 2018//2018 2022//2022
f 2020//2020 2024//2024 2025//2025
f 2026//2026 2023//2023 1824//1824
f 2025//2025 1823//1823 2027//2027
f 2027//2027 1823//1823 1819//1819
f 2027//2027 1819//1819 2028//2028
f 2028//2028 1819//1819 1827//1827
f 2028//2028 1827//1827 2030//2030
f 2029//2029 1825//1825 1834//1834
f 2031//2031 1976//1976 2038//2038
f 2033//2033 1977//1977 1981//1981
f 2034//2034 1980//1980 2039//2039
f 2043//2043 1982//1982 1871//1871
f 2043//2043 1871//1871 2044//2044
f 2045//2045 1870//1870 1875//1875
f 1851//1851 1964//1964 1856//1856
f 1854//1854 1963//1963 1967//1967
f 1855//1855 1965//1965 2047//2047
f 2048//2048 1966//1966 2050//2050
f 2046//2046 2049//2049 2051//2051
f 2051//2051 2049//2049 2052//2052
f 2051//2051 2052//2052 2054//2054
f 2055//2055 2053//2053 2059//2059
f 2056//2056 2058//2058 2040//2040
f 2041//2041 2057//2057 2062//2062
f 2042//2042 2060//2060 2032//2032
f 2066//2066 2067//2067 2069//2069
f 2061//2061 2071//2071 2035//2035
f 2036//2036 2070//2070 2065//2065
f 2037//2037 2064//2064 2073//2073
f 2072//2072 2063//2063 2068//2068
f 1995//1995 2074//2074 1934//1934
f 1933//1933 2075//2075 2076//2076
f 1933//1933 2076//2076 2078//2078
f 2079//2079 2077//2077 2082//2082
f 2078//2078 2080//2080 1974//1974
f 1973//1973 2081//2081 2083//2083
f 1975//1975 2084//2084 1968//1968
f 2085//2085 2086//2086 2087//2087
f 2085//2085 2087//2087 2088//2088
f 2088//2088 2087//2087 2089//2089
f 2088//2088 2089//2089 2090//2090
f 2090//2090 2089//2089 2091//2091
f 2090//2090 2091//2091 2092//2092
f 2092//2092 2091//2091 2093//2093
f 2092//2092 2093//2093 2094//2094
f 2094//2094 2093//2093 2095//2095
f 2094//2094 2095//2095 2096//2096
f 2096//2096 2095//2095 2097//2097
f 2096//2096 2097//2097 2098//2098
f 2098//2098 2097//2097 2099//2099
f 2098//2098 2099//2099 2100//2100
f 2100//2100 2099//2099 2101//2101
f 2100//2100 2101//2101 2102//2102
f 2102//2102 2101//2101 2103//2103
f 2102//2102 2103//2103 2104//2104
f 2104//2104 2103//2103 2105//2105
f 2104//2104 2105//2105 2106//2106
f 2106//2106 2105//2105 2107//2107
f 2106//2106 2107//2107 2108//2108
f 2108//2108 2107//2107 2109//2109
f 2108//2108 2109//2109 2110//2110
f 2110//2110 2109//2109 2111//2111
f 2110//2110 2111//2111 2112//2112
f 2112//2112 2111//2111 2113//2113
f 2112//2112 2113//2113 2114//2114
f 2114//2114 2113//2113 2115//2115
f 2114//2114 2115//2115 2116//2116
f 2116//2116 2115//2115 2117//2117
f 2116//2116 2117//2117 2118//2118
f 2119//2119 2123//2123 2124//2124
f 2125//2125 2122//2122 2126//2126
f 2125//2125 2126//2126 2127//2127
f 2127//2127 2126//2126 2129//2129
f 2128//2128 2131//2131 2132//2132
f 2133//2133 2130//2130 2135//2135
f 2134//2134 2136//2136 2137//2137
f 2138//2138 2136//2136 2139//2139
f 2138//2138 2139//2139 2141//2141
f 2142//2142 2140//2140 2145//2145
f 2141//2141 2144//2144 2147//2147
f 2146//2146 2143//2143 2149//2149
f 2147//2147 2148//2148 2150//2150
f 2150//2150 2148//2148 2151//2151
f 2150//2150 2151//2151 2153//2153
f 2153//2153 2151//2151 2154//2154
f 2152//2152 2156//2156 2158//2158
f 2159//2159 2155//2155 2161//2161
f 2157//2157 2160//2160 2163//2163
f 2160//2160 2165//2165 2163//2163
f 2162//2162 2166//2166 2168//2168
f 2164//2164 2167//2167 2171//2171
f 2172//2172 2169//2169 2174//2174
f 2170//2170 2173//2173 2177//2177
f 2175//2175 2174//2174 2180//2180
f 2176//2176 2179//2179 2183//2183
f 2182//2182 2178//2178 2184//2184
f 2181//2181 2185//2185 2186//2186
f 2186//2186 2185//2185 2188//2188
f 2186//2186 2188//2188 2190//2190
f 2189//2189 2187//2187 2193//2193
f 2190//2190 2191//2191 2194//2194
f 2195//2195 2192//2192 2196//2196
f 2194//2194 2197//2197 2198//2198
f 2198//2198 2197//2197 2202//2202
f 2199//2199 2200//2200 2204//2204
f 2203//2203 2201//2201 2207//2207
f 2205//2205 2208//2208 2210//2210
f 2211//2211 2206//2206 2213//2213
f 2209//2209 2214//2214 2120//2120
f 2121//2121 2212//2212 2215//2215
f 2120//2120 2216//2216 2122//2122
f 2217//2217 2218//2218 2219//2219
f 2219//2219 2218//2218 2220//2220
f 2219//2219 2220//2220 2221//2221
f 2221//2221 2220//2220 2222//2222
f 2221//2221 2222//2222 2223//2223
f 2223//2223 2222//2222 2224//2224
f 2223//2223 2224//2224 2225//2225
f 2225//2225 2224//2224 2226//2226
f 2225//2225 2226//2226 2227//2227
f 2227//2227 2226//2226 2228//2228
f 2227//2227 2228//2228 2229//2229
f 2229//2229 2228//2228 2230//2230
f 2229//2229 2230//2230 2231//2231
f 2231//2231 2230//2230 2232//2232
f 2231//2231 2232//2232 2233//2233
f 2233//2233 2232//2232 2234//2234
f 2233//2233 2234//2234 2235//2235
f 2235//2235 2234//2234 2236//2236
f 2235//2235 2236//2236 2237//2237
f 2237//2237 2236//2236 2238//2238
f 2237//2237 2238//2238 2239//2239
f 2239//2239 2238//2238 2240//2240
f 2239//2239 2240//2240 2241//2241
f 2241//2241 2240//2240 2242//2242
f 2241//2241 2242//2242 2243//2243
f 2243//2243 2242//2242 2244//2244
f 2243//2243 2244//2244 2245//2245
f 2245//2245 2244//2244 2246//2246
f 2245//2245 2246//2246 2247//2247
f 2247//2247 2246//2246 2248//2248
f 2247//2247 2248//2248 2249//2249
f 2249//2249 2248//2248 2250//2250
f 2249//2249 2250//2250 2251//2251
f 2251//2251 2250//2250 2252//2252
f 2251//2251 2252//2252 2253//2253
f 2253//2253 2252//2252 2254//2254
f 2253//2253 2254//2254 2255//2255
f 2255//2255 2254//2254 2256//2256
f 2255//2255 2256//2256 2257//2257
f 2257//2257 2256//2256 2258//2258
f 2257//2257 2258//2258 2259//2259
f 2259//2259 2258//2258 2260//2260
f 2259//2259 2260//2260 2217//2217
f 2217//2217 2260//2260 2218//2218
f 2261//2261 2262//2262 2264//2264
f 2264//2264 2262//2262 2265//2265
f 2266//2266 2267//2267 2268//2268
f 2268//2268 2267//2267 2269//2269
f 2268//2268 2269//2269 2263//2263
f 2262//2262 2270//2270 2271//2271
f 2262//2262 2271//2271 2265//2265
f 2272//2272 2273//2273 2275//2275
f 2276//2276 2277//2277 2278//2278
f 2278//2278 2277//2277 2279//2279
f 2278//2278 2279//2279 2280//2280
f 2280//2280 2279//2279 2272//2272
f 2280//2280 2272//2272 2281//2281
f 2281//2281 2272//2272 2275//2275
f 2282//2282 2274//2274 2283//2283
f 2283//2283 2274//2274 2284//2284
f 2283//2283 2284//2284 2285//2285
f 2285//2285 2284//2284 2286//2286
f 2285//2285 2286//2286 2287//2287
f 2287//2287 2286//2286 2288//2288
f 2288//2288 2286//2286 2262//2262
f 2288//2288 2262//2262 2289//2289
f 2289//2289 2262//2262 2261//2261
f 2290//2290 2291//2291 2292//2292
f 2293//2293 2295//2295 819//819
f 819//819 2295//2295 820//820
f 2296//2296 2297//2297 2298//2298
f 2300//2300 2301//2301 2298//2298
f 2298//2298 2301//2301 2302//2302
f 2298//2298 2302//2302 2296//2296
f 2297//2297 2296//2296 2303//2303
f 2303//2303 2296//2296 2304//2304
f 2303//2303 2304//2304 2305//2305
f 2306//2306 2307//2307 2308//2308
f 2308//2308 2307//2307 2309//2309
f 2308//2308 2309//2309 2304//2304
f 2304//2304 2309//2309 2310//2310
f 2304//2304 2310//2310 2305//2305
f 2311//2311 2312//2312 2306//2306
f 2306//2306 2312//2312 2313//2313
f 2306//2306 2313//2313 2307//2307
f 2315//2315 2316//2316 2317//2317
f 2317//2317 2316//2316 2318//2318
f 2317//2317 2318//2318 2311//2311
f 2311//2311 2318//2318 2319//2319
f 2311//2311 2319//2319 2312//2312
f 2320//2320 2321//2321 809//809
f 809//809 2321//2321 810//810
f 2322//2322 2324//2324 2325//2325
f 2325//2325 2324//2324 2326//2326
f 2325//2325 2326//2326 2327//2327
f 2327//2327 2326//2326 2328//2328
f 2327//2327 2328//2328 2329//2329
f 2329//2329 2328//2328 2330//2330
f 2329//2329 2330//2330 2331//2331
f 2331//2331 2330//2330 2332//2332
f 2331//2331 2332//2332 2333//2333
f 2333//2333 2332//2332 2334//2334
f 2333//2333 2334//2334 2335//2335
f 2335//2335 2334//2334 2336//2336
f 2338//2338 2339//2339 800//800
f 800//800 2339//2339 801//801
f 2340//2340 2341//2341 2342//2342
f 2342//2342 2341//2341 2343//2343
f 2342//2342 2343//2343 2344//2344
f 2345//2345 2346//2346 2344//2344
f 2344//2344 2346//2346 2347//2347
f 2344//2344 2347//2347 2342//2342
f 2348//2348 2349//2349 2345//2345
f 2345//2345 2349//2349 2350//2350
f 2345//2345 2350//2350 2346//2346
f 2351//2351 2352//2352 2348//2348
f 2348//2348 2352//2352 2353//2353
f 2348//2348 2353//2353 2349//2349
f 2354//2354 2355//2355 2351//2351
f 2351//2351 2355//2355 2356//2356
f 2351//2351 2356//2356 2352//2352
f 2358//2358 2359//2359 2360//2360
f 2360//2360 2359//2359 2361//2361
f 2360//2360 2361//2361 2362//2362
f 2354//2354 2361//2361 2363//2363
f 2354//2354 2363//2363 2355//2355
f 2364//2364 2365//2365 828//828
f 828//828 2365//2365 829//829
f 2335//2335 2336//2336 2366//2366
f 2366//2366 2336//2336 2367//2367
f 2366//2366 2367//2367 2368//2368
f 2368//2368 2367//2367 2369//2369
f 2368//2368 2369//2369 812//812
f 812//812 2369//2369 813//813
f 2370//2370 2371//2371 2372//2372
f 2372//2372 2371//2371 2373//2373
f 2372//2372 2373//2373 2375//2375
f 2376//2376 2374//2374 2377//2377
f 2376//2376 2377//2377 2378//2378
f 2378//2378 2377//2377 2314//2314
f 2343//2343 2341//2341 2379//2379
f 2379//2379 2341//2341 2380//2380
f 2379//2379 2380//2380 2382//2382
f 2383//2383 2381//2381 2384//2384
f 2383//2383 2384//2384 804//804
f 804//804 2384//2384 805//805
f 2385//2385 2386//2386 2387//2387
f 2387//2387 2386//2386 2388//2388
f 2387//2387 2388//2388 2389//2389
f 2389//2389 2388//2388 2390//2390
f 2389//2389 2390//2390 2391//2391
f 2391//2391 2390//2390 2323//2323
f 2392//2392 2393//2393 2394//2394
f 2394//2394 2393//2393 2395//2395
f 2394//2394 2395//2395 2396//2396
f 2396//2396 2395//2395 2397//2397
f 2396//2396 2397//2397 2276//2276
f 2276//2276 2397//2397 2277//2277
f 2302//2302 2301//2301 2398//2398
f 2398//2398 2301//2301 2400//2400
f 2398//2398 2400//2400 2401//2401
f 2402//2402 2399//2399 2403//2403
f 2402//2402 2403//2403 823//823
f 823//823 2403//2403 824//824
f 2404//2404 2405//2405 2406//2406
f 2406//2406 2405//2405 2407//2407
f 2406//2406 2407//2407 2408//2408
f 2408//2408 2407//2407 2409//2409
f 2408//2408 2409//2409 2410//2410
f 2410//2410 2409//2409 2357//2357
f 2267//2267 2266//2266 2411//2411
f 2411//2411 2266//2266 2412//2412
f 2411//2411 2412//2412 2413//2413
f 2413//2413 2412//2412 2414//2414
f 2413//2413 2414//2414 831//831
f 831//831 2414//2414 832//832
f 2415//2415 2417//2417 2418//2418
f 2365//2365 2364//2364 2419//2419
f 2419//2419 2364//2364 2420//2420
f 2419//2419 2420//2420 2416//2416
f 2416//2416 2420//2420 2405//2405
f 2416//2416 2405//2405 2404//2404
f 2421//2421 2422//2422 2423//2423
f 2295//2295 2293//2293 2425//2425
f 2424//2424 2294//2294 2426//2426
f 2424//2424 2426//2426 2427//2427
f 2427//2427 2426//2426 2393//2393
f 2427//2427 2393//2393 2392//2392
f 2429//2429 2430//2430 2431//2431
f 2321//2321 2320//2320 2432//2432
f 2432//2432 2320//2320 2433//2433
f 2432//2432 2433//2433 2428//2428
f 2428//2428 2433//2433 2371//2371
f 2428//2428 2371//2371 2370//2370
f 2434//2434 2435//2435 2437//2437
f 2339//2339 2338//2338 2438//2438
f 2437//2437 2337//2337 2439//2439
f 2437//2437 2439//2439 2434//2434
f 2434//2434 2439//2439 2386//2386
f 2434//2434 2386//2386 2385//2385
f 2440//2440 2441//2441 2442//2442
f 2440//2440 2442//2442 2443//2443
f 2445//2445 2446//2446 2448//2448
f 2444//2444 2447//2447 2449//2449
f 2451//2451 2452//2452 2454//2454
f 2450//2450 2453//2453 2455//2455
f 2457//2457 2458//2458 2459//2459
f 2456//2456 2460//2460 2461//2461
f 2462//2462 2463//2463 2464//2464
f 2462//2462 2464//2464 2465//2465
f 2467//2467 2470//2470 2471//2471
f 2473//2473 2475//2475 2480//2480
f 2479//2479 2476//2476 2482//2482
f 2481//2481 2483//2483 2485//2485
f 2472//2472 2469//2469 2489//2489
f 2487//2487 2470//2470 2492//2492
f 2488//2488 2490//2490 2494//2494
f 2493//2493 2492//2492 2496//2496
f 2495//2495 2491//2491 2497//2497
f 2496//2496 2499//2499 2500//2500
f 2501//2501 2498//2498 2502//2502
f 2500//2500 2503//2503 2506//2506
f 2507//2507 2504//2504 2511//2511
f 2505//2505 2508//2508 2512//2512
f 2513//2513 2510//2510 2514//2514
f 2515//2515 2509//2509 2516//2516
f 2515//2515 2516//2516 2519//2519
f 2518//2518 2517//2517 2478//2478
f 2519//2519 2477//2477 2520//2520
f 2520//2520 2477//2477 2474//2474
f 2520//2520 2474//2474 2521//2521
f 2471//2471 2522//2522 2467//2467
f 2466//2466 2523//2523 2526//2526
f 2468//2468 2524//2524 2528//2528
f 2529//2529 2525//2525 2531//2531
f 2527//2527 2532//2532 2534//2534
f 2533//2533 2530//2530 2537//2537
f 2534//2534 2535//2535 2484//2484
f 2486//2486 2536//2536 2539//2539
f 2484//2484 2538//2538 2540//2540
f 2540//2540 2538//2538 2541//2541
f 2540//2540 2541//2541 2542//2542
f 2544//2544 2545//2545 2546//2546
f 2543//2543 2547//2547 2548//2548
f 2549//2549 2550//2550 2551//2551
f 2549//2549 2551//2551 2552//2552
f 2553//2553 2554//2554 2555//2555
f 2553//2553 2555//2555 2556//2556
f 2557//2557 2559//2559 2560//2560
f 2558//2558 2561//2561 2562//2562
f 2563//2563 2564//2564 2565//2565
f 2563//2563 2565//2565 2566//2566
f 2567//2567 2568//2568 2569//2569
f 2572//2572 2573//2573 2577//2577
f 2575//2575 2574//2574 2580//2580
f 2576//2576 2578//2578 2581//2581
f 2583//2583 2586//2586 2590//2590
f 2591//2591 2587//2587 2593//2593
f 2589//2589 2592//2592 2594//2594
f 2567//2567 2569//2569 2596//2596
f 2596//2596 2569//2569 2597//2597
f 2596//2596 2597//2597 2598//2598
f 2598//2598 2597//2597 2599//2599
f 2598//2598 2599//2599 2584//2584
f 2584//2584 2599//2599 2601//2601
f 2585//2585 2600//2600 2588//2588
f 2592//2592 2602//2602 2594//2594
f 2594//2594 2602//2602 2604//2604
f 2595//2595 2603//2603 2605//2605
f 2606//2606 2604//2604 2607//2607
f 2606//2606 2607//2607 2609//2609
f 2610//2610 2608//2608 2612//2612
f 2609//2609 2611//2611 2571//2571
f 2571//2571 2611//2611 2615//2615
f 2570//2570 2613//2613 2616//2616
f 2617//2617 2614//2614 2619//2619
f 2618//2618 2620//2620 2621//2621
f 2568//2568 2567//2567 2622//2622
f 2622//2622 2567//2567 2624//2624
f 2622//2622 2624//2624 2625//2625
f 2626//2626 2623//2623 2582//2582
f 2625//2625 2581//2581 2628//2628
f 2628//2628 2581//2581 2578//2578
f 2627//2627 2579//2579 2629//2629
f 2631//2631 2632//2632 2634//2634
f 2630//2630 2633//2633 2635//2635
f 2636//2636 2638//2638 2639//2639
f 2637//2637 2640//2640 2641//2641
f 2642//2642 2644//2644 2645//2645
f 2643//2643 2646//2646 2647//2647
f 2648//2648 2650//2650 2651//2651
f 2649//2649 2652//2652 2653//2653
f 2654//2654 2655//2655 2656//2656
f 2654//2654 2656//2656 2657//2657
f 2659//2659 2662//2662 2664//2664
f 2665//2665 2666//2666 2670//2670
f 2668//2668 2667//2667 2672//2672
f 2669//2669 2671//2671 2673//2673
f 2663//2663 2661//2661 2678//2678
f 2676//2676 2662//2662 2679//2679
f 2677//2677 2680//2680 2682//2682
f 2683//2683 2679//2679 2684//2684
f 2685//2685 2681//2681 2686//2686
f 2684//2684 2688//2688 2690//2690
f 2689//2689 2687//2687 2692//2692
f 2690//2690 2691//2691 2696//2696
f 2695//2695 2693//2693 2698//2698
f 2694//2694 2699//2699 2701//2701
f 2702//2702 2697//2697 2704//2704
f 2703//2703 2700//2700 2705//2705
f 2703//2703 2705//2705 2706//2706
f 2706//2706 2705//2705 2666//2666
f 2706//2706 2666//2666 2707//2707
f 2707//2707 2666//2666 2665//2665
f 2707//2707 2665//2665 2708//2708
f 2664//2664 2709//2709 2659//2659
f 2660//2660 2710//2710 2712//2712
f 2658//2658 2713//2713 2714//2714
f 2715//2715 2711//2711 2718//2718
f 2716//2716 2717//2717 2720//2720
f 2721//2721 2719//2719 2724//2724
f 2720//2720 2723//2723 2675//2675
f 2674//2674 2722//2722 2725//2725
f 2675//2675 2726//2726 2727//2727
f 2727//2727 2726//2726 2728//2728
f 2727//2727 2728//2728 2729//2729
f 2731//2731 2732//2732 2733//2733
f 2730//2730 2734//2734 2735//2735
f 2736//2736 2737//2737 2738//2738
f 2736//2736 2738//2738 2739//2739
f 2740//2740 2741//2741 2742//2742
f 2740//2740 2742//2742 2743//2743
f 2745//2745 2746//2746 2748//2748
f 2744//2744 2747//2747 2749//2749
f 2750//2750 2751//2751 2752//2752
f 2750//2750 2752//2752 2753//2753
f 2754//2754 2755//2755 2756//2756
f 2757//2757 2761//2761 2764//2764
f 2762//2762 2760//2760 2765//2765
f 2763//2763 2767//2767 2768//2768
f 2771//2771 2772//2772 2774//2774
f 2775//2775 2773//2773 2777//2777
f 2775//2775 2777//2777 2779//2779
f 2778//2778 2776//2776 2781//2781
f 2779//2779 2780//2780 2759//2759
f 2759//2759 2780//2780 2783//2783
f 2758//2758 2784//2784 2786//2786
f 2787//2787 2782//2782 2788//2788
f 2785//2785 2789//2789 2790//2790
f 2792//2792 2795//2795 2799//2799
f 2798//2798 2794//2794 2800//2800
f 2797//2797 2801//2801 2770//2770
f 2770//2770 2801//2801 2802//2802
f 2770//2770 2802//2802 2773//2773
f 2754//2754 2756//2756 2803//2803
f 2803//2803 2756//2756 2804//2804
f 2803//2803 2804//2804 2805//2805
f 2805//2805 2804//2804 2806//2806
f 2805//2805 2806//2806 2793//2793
f 2793//2793 2806//2806 2807//2807
f 2791//2791 2808//2808 2796//2796
f 2755//2755 2754//2754 2809//2809
f 2809//2809 2754//2754 2811//2811
f 2809//2809 2811//2811 2812//2812
f 2813//2813 2810//2810 2769//2769
f 2812//2812 2768//2768 2815//2815
f 2815//2815 2768//2768 2767//2767
f 2814//2814 2766//2766 2816//2816
f 2817//2817 2818//2818 2819//2819
f 2820//2820 2818//2818 2817//2817
f 2817//2817 2821//2821 2822//2822
f 2823//2823 2821//2821 2817//2817
f 2819//2819 2823//2823 2817//2817
f 2817//2817 2824//2824 2825//2825
f 2826//2826 2824//2824 2817//2817
f 2822//2822 2826//2826 2817//2817
f 2817//2817 2827//2827 2828//2828
f 2829//2829 2827//2827 2817//2817
f 2825//2825 2829//2829 2817//2817
f 2828//2828 2820//2820 2817//2817
f 2830//2830 2831//2831 2834//2834
f 2833//2833 2832//2832 2835//2835
f 2836//2836 2837//2837 2839//2839
f 2840//2840 2838//2838 2841//2841
f 2842//2842 2844//2844 2845//2845
f 2846//2846 2843//2843 2847//2847
f 2848//2848 2850//2850 2852//2852
f 2851//2851 2849//2849 2853//2853
f 2854//2854 2856//2856 2857//2857
f 2858//2858 2855//2855 2859//2859
f 2860//2860 2862//2862 2863//2863
f 2864//2864 2861//2861 2865//2865
f 2866//2866 2867//2867 2869//2869
f 2870//2870 2868//2868 2871//2871
f 2872//2872 2873//2873 2876//2876
f 2875//2875 2874//2874 2877//2877
f 2878//2878 2879//2879 2882//2882
f 2881//2881 2880//2880 2883//2883
f 2884//2884 2885//2885 2887//2887
f 2888//2888 2886//2886 2889//2889
f 2890//2890 2891//2891 2894//2894
f 2893//2893 2892//2892 2895//2895
f 2896//2896 2897//2897 2899//2899
f 2900//2900 2898//2898 2901//2901
f 2903//2903 2904//2904 2905//2905
f 2905//2905 2904//2904 2906//2906
f 2905//2905 2906//2906 2907//2907
f 2907//2907 2906//2906 2908//2908
f 2907//2907 2908//2908 2909//2909
f 2909//2909 2908//2908 2910//2910
f 2909//2909 2910//2910 2911//2911
f 2911//2911 2910//2910 2912//2912
f 2911//2911 2912//2912 2913//2913
f 2913//2913 2912//2912 2914//2914
f 2913//2913 2914//2914 2915//2915
f 2915//2915 2914//2914 2916//2916
f 2915//2915 2916//2916 2917//2917
f 2917//2917 2916//2916 2918//2918
f 2917//2917 2918//2918 2919//2919
f 2919//2919 2918//2918 2920//2920
f 2919//2919 2920//2920 2921//2921
f 2921//2921 2920//2920 2922//2922
f 2921//2921 2922//2922 2923//2923
f 2923//2923 2922//2922 2924//2924
f 2923//2923 2924//2924 2926//2926
f 2926//2926 2924//2924 2927//2927
f 2925//2925 2928//2928 2902//2902
f 2902//2902 2928//2928 2929//2929
f 2930//2930 2931//2931 2932//2932
f 2933//2933 2931//2931 2930//2930
f 2930//2930 2934//2934 2935//2935
f 2936//2936 2934//2934 2930//2930
f 2932//2932 2936//2936 2930//2930
f 2930//2930 2937//2937 2938//2938
f 2939//2939 2937//2937 2930//2930
f 2935//2935 2939//2939 2930//2930
f 2930//2930 2940//2940 2941//2941
f 2942//2942 2940//2940 2930//2930
f 2938//2938 2942//2942 2930//2930
f 2941//2941 2933//2933 2930//2930
f 2943//2943 2945//2945 2947//2947
f 2946//2946 2944//2944 2948//2948
f 2949//2949 2950//2950 2953//2953
f 2952//2952 2951//2951 2954//2954
f 2955//2955 2957//2957 2958//2958
f 2959//2959 2956//2956 2960//2960
f 2961//2961 2962//2962 2964//2964
f 2965//2965 2963//2963 2966//2966
f 2967//2967 2968//2968 2969//2969
f 2969//2969 2968//2968 2970//2970
f 2971//2971 2972//2972 2974//2974
f 2975//2975 2973//2973 2976//2976
f 2977//2977 2978//2978 2981//2981
f 2980//2980 2979//2979 2982//2982
f 2983//2983 2985//2985 2987//2987
f 2986//2986 2984//2984 2988//2988
f 2989//2989 2990//2990 2991//2991
f 2991//2991 2990//2990 2992//2992
f 2993//2993 2994//2994 2995//2995
f 2995//2995 2994//2994 2996//2996
f 2997//2997 2998//2998 3000//3000
f 3001//3001 2999//2999 3002//3002
f 3003//3003 3004//3004 3006//3006
f 3007//3007 3005//3005 3008//3008
f 3010//3010 3011//3011 3012//3012
f 3012//3012 3011//3011 3013//3013
f 3012//3012 3013//3013 3014//3014
f 3014//3014 3013//3013 3015//3015
f 3014//3014 3015//3015 3017//3017
f 3017//3017 3015//3015 3018//3018
f 3016//3016 3019//3019 3020//3020
f 3020//3020 3019//3019 3021//3021
f 3020//3020 3021//3021 3022//3022
f 3022//3022 3021//3021 3023//3023
f 3022//3022 3023//3023 3024//3024
f 3024//3024 3023//3023 3025//3025
f 3024//3024 3025//3025 3026//3026
f 3026//3026 3025//3025 3027//3027
f 3026//3026 3027//3027 3028//3028
f 3028//3028 3027//3027 3030//3030
f 3029//3029 3031//3031 3032//3032
f 3032//3032 3031//3031 3034//3034
f 3033//3033 3035//3035 3036//3036
f 3036//3036 3035//3035 3037//3037
f 3036//3036 3037//3037 3040//3040
f 3038//3038 3041//3041 3042//3042
f 3039//3039 3043//3043 3009//3009
f 3009//3009 3043//3043 3044//3044
f 3045//3045 3046//3046 3047//3047
f 3048//3048 3046//3046 3045//3045
f 3045//3045 3049//3049 3050//3050
f 3051//3051 3049//3049 3045//3045
f 3047//3047 3051//3051 3045//3045
f 3045//3045 3052//3052 3053//3053
f 3054//3054 3052//3052 3045//3045
f 3050//3050 3054//3054 3045//3045
f 3045//3045 3055//3055 3056//3056
f 3057//3057 3055//3055 3045//3045
f 3053//3053 3057//3057 3045//3045
f 3056//3056 3048//3048 3045//3045
f 3058//3058 3059//3059 3060//3060
f 3060//3060 3059//3059 3061//3061
f 3062//3062 3063//3063 3065//3065
f 3066//3066 3064//3064 3067//3067
f 3068//3068 3069//3069 3072//3072
f 3071//3071 3070//3070 3073//3073
f 3074//3074 3075//3075 3076//3076
f 3076//3076 3075//3075 3077//3077
f 3078//3078 3079//3079 3081//3081
f 3082//3082 3080//3080 3083//3083
f 3084//3084 3086//3086 3087//3087
f 3088//3088 3085//3085 3089//3089
f 3090//3090 3091//3091 3093//3093
f 3094//3094 3092//3092 3095//3095
f 3096//3096 3098//3098 3100//3100
f 3099//3099 3097//3097 3101//3101
f 3102//3102 3104//3104 3105//3105
f 3106//3106 3103//3103 3107//3107
f 3108//3108 3109//3109 3112//3112
f 3111//3111 3110//3110 3113//3113
f 3114//3114 3115//3115 3117//3117
f 3118//3118 3116//3116 3119//3119
f 3120//3120 3122//3122 3124//3124
f 3123//3123 3121//3121 3125//3125
f 3126//3126 3127//3127 3128//3128
f 3128//3128 3127//3127 3129//3129
f 3128//3128 3129//3129 3130//3130
f 3130//3130 3129//3129 3131//3131
f 3130//3130 3131//3131 3132//3132
f 3132//3132 3131//3131 3133//3133
f 3132//3132 3133//3133 3134//3134
f 3134//3134 3133//3133 3135//3135
f 3134//3134 3135//3135 3136//3136
f 3136//3136 3135//3135 3137//3137
f 3136//3136 3137//3137 3138//3138
f 3138//3138 3137//3137 3139//3139
f 3138//3138 3139//3139 3140//3140
f 3140//3140 3139//3139 3141//3141
f 3140//3140 3141//3141 3142//3142
f 3142//3142 3141//3141 3143//3143
f 3142//3142 3143//3143 3144//3144
f 3144//3144 3143//3143 3145//3145
f 3144//3144 3145//3145 3146//3146
f 3146//3146 3145//3145 3147//3147
f 3146//3146 3147//3147 3149//3149
f 3149//3149 3147//3147 3150//3150
f 3148//3148 3151//3151 3126//3126
f 3126//3126 3151//3151 3127//3127
f 3152//3152 3153//3153 3154//3154
f 3155//3155 3153//3153 3152//3152
f 3152//3152 3156//3156 3157//3157
f 3158//3158 3156//3156 3152//3152
f 3154//3154 3158//3158 3152//3152
f 3152//3152 3159//3159 3160//3160
f 3161//3161 3159//3159 3152//3152
f 3157//3157 3161//3161 3152//3152
f 3152//3152 3162//3162 3163//3163
f 3164//3164 3162//3162 3152//3152
f 3160//3160 3164//3164 3152//3152
f 3163//3163 3155//3155 3152//3152
f 3165//3165 3166//3166 3169//3169
f 3168//3168 3167//3167 3170//3170
f 3171//3171 3173//3173 3174//3174
f 3175//3175 3172//3172 3176//3176
f 3177//3177 3178//3178 3179//3179
f 3179//3179 3178//3178 3180//3180
f 3181//3181 3182//3182 3183//3183
f 3183//3183 3182//3182 3184//3184
f 3185//3185 3186//3186 3187//3187
f 3187//3187 3186//3186 3188//3188
f 3189//3189 3190//3190 3193//3193
f 3192//3192 3191//3191 3194//3194
f 3195//3195 3196//3196 3197//3197
f 3197//3197 3196//3196 3198//3198
f 3199//3199 3201//3201 3202//3202
f 3203//3203 3200//3200 3204//3204
f 3205//3205 3207//3207 3208//3208
f 3209//3209 3206//3206 3210//3210
f 3211//3211 3212//3212 3214//3214
f 3215//3215 3213//3213 3216//3216
f 3217//3217 3218//3218 3220//3220
f 3221//3221 3219//3219 3222//3222
f 3223//3223 3225//3225 3227//3227
f 3226//3226 3224//3224 3228//3228
f 3229//3229 3230//3230 3231//3231
f 3231//3231 3230//3230 3232//3232
f 3231//3231 3232//3232 3233//3233
f 3233//3233 3232//3232 3234//3234
f 3233//3233 3234//3234 3235//3235
f 3235//3235 3234//3234 3236//3236
f 3235//3235 3236//3236 3237//3237
f 3237//3237 3236//3236 3238//3238
f 3237//3237 3238//3238 3239//3239
f 3239//3239 3238//3238 3241//3241
f 3240//3240 3242//3242 3243//3243
f 3243//3243 3242//3242 3244//3244
f 3243//3243 3244//3244 3245//3245
f 3245//3245 3244//3244 3246//3246
f 3245//3245 3246//3246 3247//3247
f 3247//3247 3246//3246 3248//3248
f 3247//3247 3248//3248 3249//3249
f 3249//3249 3248//3248 3250//3250
f 3249//3249 3250//3250 3251//3251
f 3251//3251 3250//3250 3252//3252
f 3251//3251 3252//3252 3253//3253
f 3253//3253 3252//3252 3254//3254
f 3253//3253 3254//3254 3229//3229
f 3229//3229 3254//3254 3230//3230
f 3255//3255 3256//3256 3257//3257
f 3258//3258 3256//3256 3255//3255
f 3255//3255 3259//3259 3260//3260
f 3261//3261 3259//3259 3255//3255
f 3257//3257 3261//3261 3255//3255
f 3255//3255 3262//3262 3263//3263
f 3264//3264 3262//3262 3255//3255
f 3260//3260 3264//3264 3255//3255
f 3255//3255 3265//3265 3266//3266
f 3267//3267 3265//3265 3255//3255
f 3263//3263 3267//3267 3255//3255
f 3266//3266 3258//3258 3255//3255
f 3268//3268 3270//3270 3272//3272
f 3271//3271 3269//3269 3273//3273
f 3274//3274 3275//3275 3277//3277
f 3278//3278 3276//3276 3279//3279
f 3280//3280 3281//3281 3283//3283
f 3284//3284 3282//3282 3285//3285
f 3286//3286 3287//3287 3289//3289
f 3290//3290 3288//3288 3291//3291
f 3292//3292 3293//3293 3295//3295
f 3296//3296 3294//3294 3297//3297
f 3298//3298 3299//3299 3301//3301
f 3302//3302 3300//3300 3303//3303
f 3304//3304 3306//3306 3307//3307
f 3308//3308 3305//3305 3309//3309
f 3310//3310 3311//3311 3313//3313
f 3314//3314 3312//3312 3315//3315
f 3316//3316 3317//3317 3319//3319
f 3320//3320 3318//3318 3321//3321
f 3322//3322 3323//3323 3325//3325
f 3326//3326 3324//3324 3327//3327
f 3328//3328 3329//3329 3331//3331
f 3332//3332 3330//3330 3333//3333
f 3334//3334 3335//3335 3337//3337
f 3338//3338 3336//3336 3339//3339
f 3341//3341 3342//3342 3344//3344
f 3344//3344 3342//3342 3345//3345
f 3343//3343 3346//3346 3347//3347
f 3347//3347 3346//3346 3349//3349
f 3348//3348 3350//3350 3351//3351
f 3351//3351 3350//3350 3353//3353
f 3352//3352 3354//3354 3356//3356
f 3356//3356 3354//3354 3357//3357
f 3355//3355 3358//3358 3359//3359
f 3359//3359 3358//3358 3360//3360
f 3359//3359 3360//3360 3361//3361
f 3361//3361 3360//3360 3362//3362
f 3361//3361 3362//3362 3363//3363
f 3363//3363 3362//3362 3364//3364
f 3363//3363 3364//3364 3365//3365
f 3365//3365 3364//3364 3366//3366
f 3365//3365 3366//3366 3367//3367
f 3367//3367 3366//3366 3368//3368
f 3367//3367 3368//3368 3369//3369
f 3369//3369 3368//3368 3370//3370
f 3369//3369 3370//3370 3371//3371
f 3371//3371 3370//3370 3372//3372
f 3371//3371 3372//3372 3340//3340
f 3340//3340 3372//3372 3373//3373
f 3374//3374 3375//3375 3376//3376
f 3377//3377 3375//3375 3374//3374
f 3374//3374 3378//3378 3379//3379
f 3380//3380 3378//3378 3374//3374
f 3376//3376 3380//3380 3374//3374
f 3374//3374 3381//3381 3382//3382
f 3383//3383 3381//3381 3374//3374
f 3379//3379 3383//3383 3374//3374
f 3374//3374 3384//3384 3385//3385
f 3386//3386 3384//3384 3374//3374
f 3382//3382 3386//3386 3374//3374
f 3385//3385 3377//3377 3374//3374
f 3387//3387 3388//3388 3391//3391
f 3390//3390 3389//3389 3392//3392
f 3393//3393 3394//3394 3397//3397
f 3396//3396 3395//3395 3398//3398
f 3399//3399 3401//3401 3403//3403
f 3402//3402 3400//3400 3404//3404
f 3405//3405 3406//3406 3407//3407
f 3407//3407 3406//3406 3408//3408
f 3409//3409 3410//3410 3413//3413
f 3412//3412 3411//3411 3414//3414
f 3415//3415 3417//3417 3419//3419
f 3418//3418 3416//3416 3420//3420
f 3421//3421 3422//3422 3424//3424
f 3425//3425 3423//3423 3426//3426
f 3427//3427 3428//3428 3430//3430
f 3431//3431 3429//3429 3432//3432
f 3433//3433 3435//3435 3437//3437
f 3436//3436 3434//3434 3438//3438
f 3439//3439 3441//3441 3443//3443
f 3442//3442 3440//3440 3444//3444
f 3445//3445 3446//3446 3447//3447
f 3447//3447 3446//3446 3448//3448
f 3449//3449 3451//3451 3453//3453
f 3452//3452 3450//3450 3454//3454
f 3455//3455 3457//3457 3458//3458
f 3458//3458 3457//3457 3459//3459
f 3458//3458 3459//3459 3460//3460
f 3460//3460 3459//3459 3461//3461
f 3460//3460 3461//3461 3462//3462
f 3462//3462 3461//3461 3463//3463
f 3462//3462 3463//3463 3464//3464
f 3464//3464 3463//3463 3465//3465
f 3464//3464 3465//3465 3466//3466
f 3466//3466 3465//3465 3467//3467
f 3466//3466 3467//3467 3468//3468
f 3468//3468 3467//3467 3469//3469
f 3468//3468 3469//3469 3470//3470
f 3470//3470 3469//3469 3471//3471
f 3470//3470 3471//3471 3472//3472
f 3472//3472 3471//3471 3473//3473
f 3472//3472 3473//3473 3474//3474
f 3474//3474 3473//3473 3475//3475
f 3474//3474 3475//3475 3476//3476
f 3476//3476 3475//3475 3477//3477
f 3476//3476 3477//3477 3479//3479
f 3479//3479 3477//3477 3480//3480
f 3478//3478 3481//3481 3456//3456
f 3456//3456 3481//3481 3482//3482
f 3483//3483 3484//3484 3485//3485
f 3486//3486 3484//3484 3483//3483
f 3483//3483 3487//3487 3488//3488
f 3489//3489 3487//3487 3483//3483
f 3485//3485 3489//3489 3483//3483
f 3483//3483 3490//3490 3491//3491
f 3492//3492 3490//3490 3483//3483
f 3488//3488 3492//3492 3483//3483
f 3483//3483 3493//3493 3494//3494
f 3495//3495 3493//3493 3483//3483
f 3491//3491 3495//3495 3483//3483
f 3494//3494 3486//3486 3483//3483
f 3496//3496 3497//3497 3499//3499
f 3500//3500 3498//3498 3501//3501
f 3502//3502 3504//3504 3506//3506
f 3505//3505 3503//3503 3507//3507
f 3508//3508 3509//3509 3512//3512
f 3511//3511 3510//3510 3513//3513
f 3514//3514 3515//3515 3516//3516
f 3516//3516 3515//3515 3517//3517
f 3518//3518 3519//3519 3520//3520
f 3520//3520 3519//3519 3521//3521
f 3522//3522 3524//3524 3526//3526
f 3525//3525 3523//3523 3527//3527
f 3528//3528 3530//3530 3532//3532
f 3531//3531 3529//3529 3533//3533
f 3534//3534 3535//3535 3538//3538
f 3537//3537 3536//3536 3539//3539
f 3540//3540 3542//3542 3544//3544
f 3543//3543 3541//3541 3545//3545
f 3546//3546 3547//3547 3549//3549
f 3550//3550 3548//3548 3551//3551
f 3552//3552 3553//3553 3556//3556
f 3555//3555 3554//3554 3557//3557
f 3558//3558 3560//3560 3562//3562
f 3561//3561 3559//3559 3563//3563
f 3564//3564 3565//3565 3566//3566
f 3566//3566 3565//3565 3567//3567
f 3566//3566 3567//3567 3568//3568
f 3568//3568 3567//3567 3569//3569
f 3568//3568 3569//3569 3570//3570
f 3570//3570 3569//3569 3571//3571
f 3570//3570 3571//3571 3572//3572
f 3572//3572 3571//3571 3574//3574
f 3573//3573 3575//3575 3576//3576
f 3576//3576 3575//3575 3578//3578
f 3577//3577 3579//3579 3581//3581
f 3581//3581 3579//3579 3582//3582
f 3580//3580 3583//3583 3584//3584
f 3584//3584 3583//3583 3585//3585
f 3584//3584 3585//3585 3586//3586
f 3586//3586 3585//3585 3587//3587
f 3586//3586 3587//3587 3588//3588
f 3588//3588 3587//3587 3589//3589
f 3588//3588 3589//3589 3590//3590
f 3590//3590 3589//3589 3591//3591
f 3590//3590 3591//3591 3592//3592
f 3592//3592 3591//3591 3593//3593
f 3592//3592 3593//3593 3564//3564
f 3564//3564 3593//3593 3565//3565
f 3594//3594 3595//3595 3596//3596
f 3597//3597 3595//3595 3594//3594
f 3594//3594 3598//3598 3599//3599
f 3600//3600 3598//3598 3594//3594
f 3596//3596 3600//3600 3594//3594
f 3594//3594 3601//3601 3602//3602
f 3603//3603 3601//3601 3594//3594
f 3599//3599 3603//3603 3594//3594
f 3594//3594 3604//3604 3605//3605
f 3606//3606 3604//3604 3594//3594
f 3602//3602 3606//3606 3594//3594
f 3605//3605 3597//3597 3594//3594
f 3607//3607 3608//3608 3609//3609
f 3609//3609 3608//3608 3610//3610
f 3611//3611 3612//3612 3615//3615
f 3614//3614 3613//3613 3616//3616
f 3617//3617 3619//3619 3620//3620
f 3621//3621 3618//3618 3622//3622
f 3623//3623 3625//3625 3627//3627
f 3626//3626 3624//3624 3628//3628
f 3629//3629 3630//3630 3632//3632
f 3633//3633 3631//3631 3634//3634
f 3635//3635 3637//3637 3639//3639
f 3638//3638 3636//3636 3640//3640
f 3641//3641 3643//3643 3645//3645
f 3644//3644 3642//3642 3646//3646
f 3647//3647 3649//3649 3651//3651
f 3650//3650 3648//3648 3652//3652
f 3653//3653 3655//3655 3656//3656
f 3657//3657 3654//3654 3658//3658
f 3659//3659 3661//3661 3663//3663
f 3662//3662 3660//3660 3664//3664
f 3665//3665 3666//3666 3668//3668
f 3669//3669 3667//3667 3670//3670
f 3671//3671 3673//3673 3675//3675
f 3674//3674 3672//3672 3676//3676
f 3677//3677 3678//3678 3679//3679
f 3679//3679 3678//3678 3680//3680
f 3679//3679 3680//3680 3681//3681
f 3681//3681 3680//3680 3682//3682
f 3681//3681 3682//3682 3683//3683
f 3683//3683 3682//3682 3684//3684
f 3683//3683 3684//3684 3685//3685
f 3685//3685 3684//3684 3686//3686
f 3685//3685 3686//3686 3687//3687
f 3687//3687 3686//3686 3688//3688
f 3687//3687 3688//3688 3689//3689
f 3689//3689 3688//3688 3690//3690
f 3689//3689 3690//3690 3691//3691
f 3691//3691 3690//3690 3692//3692
f 3691//3691 3692//3692 3693//3693
f 3693//3693 3692//3692 3694//3694
f 3693//3693 3694//3694 3695//3695
f 3695//3695 3694//3694 3696//3696
f 3695//3695 3696//3696 3697//3697
f 3697//3697 3696//3696 3698//3698
f 3697//3697 3698//3698 3699//3699
f 3699//3699 3698//3698 3700//3700
f 3699//3699 3700//3700 3677//3677
f 3677//3677 3700//3700 3678//3678
f 3701//3701 3703//3703 3705//3705
f 3704//3704 3702//3702 3706//3706
f 3707//3707 3708//3708 3710//3710
f 3711//3711 3709//3709 3712//3712
f 3713//3713 3714//3714 3717//3717
f 3716//3716 3715//3715 3718//3718
f 3719//3719 3720//3720 3722//3722
f 3723//3723 3721//3721 3724//3724
f 3725//3725 3726//3726 3727//3727
f 3727//3727 3726//3726 3728//3728
f 3729//3729 3731//3731 3732//3732
f 3733//3733 3730//3730 3734//3734
f 3735//3735 3737//3737 3739//3739
f 3738//3738 3736//3736 3740//3740
f 3741//3741 3743//3743 3744//3744
f 3745//3745 3742//3742 3746//3746
f 3747//3747 3748//3748 3749//3749
f 3749//3749 3748//3748 3750//3750
f 3751//3751 3752//3752 3753//3753
f 3753//3753 3752//3752 3754//3754
f 3755//3755 3756//3756 3757//3757
f 3757//3757 3756//3756 3758//3758
f 3759//3759 3761//3761 3762//3762
f 3763//3763 3760//3760 3764//3764
f 3765//3765 3766//3766 3767//3767
f 3767//3767 3766//3766 3768//3768
f 3767//3767 3768//3768 3769//3769
f 3769//3769 3768//3768 3770//3770
f 3769//3769 3770//3770 3771//3771
f 3771//3771 3770//3770 3772//3772
f 3771//3771 3772//3772 3773//3773
f 3773//3773 3772//3772 3774//3774
f 3773//3773 3774//3774 3775//3775
f 3775//3775 3774//3774 3776//3776
f 3775//3775 3776//3776 3777//3777
f 3777//3777 3776//3776 3778//3778
f 3777//3777 3778//3778 3779//3779
f 3779//3779 3778//3778 3780//3780
f 3779//3779 3780//3780 3781//3781
f 3781//3781 3780//3780 3782//3782
f 3781//3781 3782//3782 3783//3783
f 3783//3783 3782//3782 3784//3784
f 3783//3783 3784//3784 3785//3785
f 3785//3785 3784//3784 3786//3786
f 3785//3785 3786//3786 3787//3787
f 3787//3787 3786//3786 3788//3788
f 3787//3787 3788//3788 3765//3765
f 3765//3765 3788//3788 3766//3766
f 3789//3789 3791//3791 3792//3792
f 3793//3793 3790//3790 3794//3794
f 3795//3795 3796//3796 3797//3797
f 3797//3797 3796//3796 3798//3798
f 3799//3799 3800//3800 3803//3803
f 3802//3802 3801//3801 3804//3804
f 3805//3805 3806//3806 3808//3808
f 3809//3809 3807//3807 3810//3810
f 3811//3811 3812//3812 3813//3813
f 3813//3813 3812//3812 3814//3814
f 3815//3815 3816//3816 3817//3817
f 3817//3817 3816//3816 3818//3818
f 3819//3819 3820//3820 3822//3822
f 3823//3823 3821//3821 3824//3824
f 3825//3825 3826//3826 3827//3827
f 3827//3827 3826//3826 3828//3828
f 3829//3829 3831//3831 3833//3833
f 3832//3832 3830//3830 3834//3834
f 3835//3835 3836//3836 3838//3838
f 3839//3839 3837//3837 3840//3840
f 3841//3841 3842//3842 3845//3845
f 3844//3844 3843//3843 3846//3846
f 3847//3847 3848//3848 3849//3849
f 3849//3849 3848//3848 3850//3850
f 3851//3851 3852//3852 3853//3853
f 3853//3853 3852//3852 3854//3854
f 3853//3853 3854//3854 3855//3855
f 3855//3855 3854//3854 3856//3856
f 3855//3855 3856//3856 3857//3857
f 3857//3857 3856//3856 3858//3858
f 3857//3857 3858//3858 3859//3859
f 3859//3859 3858//3858 3860//3860
f 3859//3859 3860//3860 3861//3861
f 3861//3861 3860//3860 3862//3862
f 3861//3861 3862//3862 3863//3863
f 3863//3863 3862//3862 3864//3864
f 3863//3863 3864//3864 3865//3865
f 3865//3865 3864//3864 3866//3866
f 3865//3865 3866//3866 3867//3867
f 3867//3867 3866//3866 3868//3868
f 3867//3867 3868//3868 3869//3869
f 3869//3869 3868//3868 3870//3870
f 3869//3869 3870//3870 3871//3871
f 3871//3871 3870//3870 3872//3872
f 3871//3871 3872//3872 3873//3873
f 3873//3873 3872//3872 3874//3874
f 3873//3873 3874//3874 3851//3851
f 3851//3851 3874//3874 3852//3852
f 3875//3875 3876//3876 3879//3879
f 3878//3878 3877//3877 3880//3880
f 3881//3881 3882//3882 3885//3885
f 3884//3884 3883//3883 3886//3886
f 3887//3887 3889//3889 3891//3891
f 3890//3890 3888//3888 3892//3892
f 3893//3893 3895//3895 3897//3897
f 3896//3896 3894//3894 3898//3898
f 3899//3899 3900//3900 3901//3901
f 3901//3901 3900//3900 3902//3902
f 3903//3903 3905//3905 3906//3906
f 3907//3907 3904//3904 3908//3908
f 3909//3909 3910//3910 3913//3913
f 3912//3912 3911//3911 3914//3914
f 3915//3915 3916//3916 3919//3919
f 3918//3918 3917//3917 3920//3920
f 3921//3921 3922//3922 3925//3925
f 3924//3924 3923//3923 3926//3926
f 3927//3927 3928//3928 3929//3929
f 3929//3929 3928//3928 3930//3930
f 3931//3931 3932//3932 3933//3933
f 3933//3933 3932//3932 3934//3934
f 3935//3935 3936//3936 3938//3938
f 3939//3939 3937//3937 3940//3940
f 3941//3941 3942//3942 3943//3943
f 3943//3943 3942//3942 3944//3944
f 3943//3943 3944//3944 3945//3945
f 3945//3945 3944//3944 3946//3946
f 3945//3945 3946//3946 3947//3947
f 3947//3947 3946//3946 3948//3948
f 3947//3947 3948//3948 3949//3949
f 3949//3949 3948//3948 3950//3950
f 3949//3949 3950//3950 3951//3951
f 3951//3951 3950//3950 3952//3952
f 3951//3951 3952//3952 3953//3953
f 3953//3953 3952//3952 3954//3954
f 3953//3953 3954//3954 3955//3955
f 3955//3955 3954//3954 3956//3956
f 3955//3955 3956//3956 3957//3957
f 3957//3957 3956//3956 3958//3958
f 3957//3957 3958//3958 3959//3959
f 3959//3959 3958//3958 3960//3960
f 3959//3959 3960//3960 3961//3961
f 3961//3961 3960//3960 3962//3962
f 3961//3961 3962//3962 3963//3963
f 3963//3963 3962//3962 3964//3964
f 3963//3963 3964//3964 3941//3941
f 3941//3941 3964//3964 3942//3942
f 3965//3965 3967//3967 3969//3969
f 3968//3968 3966//3966 3970//3970
f 3971//3971 3973//3973 3975//3975
f 3974//3974 3972//3972 3976//3976
f 3977//3977 3978//3978 3980//3980
f 3981//3981 3979//3979 3982//3982
f 3983//3983 3985//3985 3987//3987
f 3986//3986 3984//3984 3988//3988
f 3989//3989 3991//3991 3993//3993
f 3992//3992 3990//3990 3994//3994
f 3995//3995 3996//3996 3998//3998
f 3999//3999 3997//3997 4000//4000
f 4001//4001 4002//4002 4004//4004
f 4005//4005 4003//4003 4006//4006
f 4007//4007 4008//4008 4009//4009
f 4009//4009 4008//4008 4010//4010
f 4011//4011 4012//4012 4015//4015
f 4014//4014 4013//4013 4016//4016
f 4017//4017 4018//4018 4021//4021
f 4020//4020 4019//4019 4022//4022
f 4023//4023 4024//4024 4027//4027
f 4026//4026 4025//4025 4028//4028
f 4029//4029 4030//4030 4031//4031
f 4031//4031 4030//4030 4032//4032
f 4033//4033 4034//4034 4035//4035
f 4035//4035 4034//4034 4036//4036
f 4035//4035 4036//4036 4037//4037
f 4037//4037 4036//4036 4038//4038
f 4037//4037 4038//4038 4039//4039
f 4039//4039 4038//4038 4040//4040
f 4039//4039 4040//4040 4041//4041
f 4041//4041 4040//4040 4042//4042
f 4041//4041 4042//4042 4043//4043
f 4043//4043 4042//4042 4044//4044
f 4043//4043 4044//4044 4045//4045
f 4045//4045 4044//4044 4046//4046
f 4045//4045 4046//4046 4047//4047
f 4047//4047 4046//4046 4048//4048
f 4047//4047 4048//4048 4049//4049
f 4049//4049 4048//4048 4050//4050
f 4049//4049 4050//4050 4051//4051
f 4051//4051 4050//4050 4052//4052
f 4051//4051 4052//4052 4053//4053
f 4053//4053 4052//4052 4054//4054
f 4053//4053 4054//4054 4055//4055
f 4055//4055 4054//4054 4056//4056
f 4055//4055 4056//4056 4033//4033
f 4033//4033 4056//4056 4034//4034
f 4057//4057 4058//4058 4059//4059
f 4057//4057 4059//4059 4060//4060
f 4060//4060 4059//4059 4061//4061
f 4060//4060 4061//4061 4062//4062
f 4062//4062 4061//4061 4063//4063
f 4062//4062 4063//4063 4064//4064
f 4065//4065 4066//4066 4067//4067
f 4067//4067 4066//4066 4068//4068
f 4067//4067 4068//4068 4069//4069
f 4069//4069 4068//4068 4070//4070
f 4070//4070 4068//4068 4071//4071
f 4071//4071 4068//4068 4072//4072
f 4071//4071 4072//4072 4073//4073
f 4073//4073 4072//4072 4058//4058
f 4073//4073 4058//4058 4057//4057
f 4074//4074 4075//4075 4076//4076
f 4076//4076 4075//4075 4077//4077
f 4076//4076 4077//4077 4078//4078
f 4078//4078 4077//4077 4079//4079
f 4078//4078 4079//4079 4080//4080
f 4080//4080 4079//4079 4066//4066
f 4080//4080 4066//4066 4065//4065
f 2292//2292 2291//2291 4081//4081
f 4081//4081 2291//2291 4075//4075
f 4081//4081 4075//4075 4082//4082
f 4082//4082 4075//4075 4074//4074
f 4083//4083 4084//4084 4085//4085
f 4086//4086 4087//4087 4088//4088
f 4089//4089 4090//4090 4088//4088
f 4088//4088 4090//4090 4091//4091
f 4088//4088 4091//4091 4086//4086
f 4092//4092 4093//4093 4094//4094
f 4094//4094 4093//4093 4095//4095
f 4094//4094 4095//4095 4089//4089
f 4089//4089 4095//4095 4096//4096
f 4089//4089 4096//4096 4090//4090
f 4092//4092 4094//4094 4097//4097
f 4097//4097 4094//4094 2274//2274
f 4097//4097 2274//2274 2282//2282
f 4064//4064 4063//4063 4098//4098
f 4098//4098 4063//4063 4099//4099
f 4098//4098 4099//4099 4100//4100
f 4100//4100 4099//4099 4101//4101
f 4101//4101 4099//4099 4102//4102
f 4101//4101 4102//4102 4103//4103
f 4103//4103 4102//4102 4104//4104
f 4104//4104 4102//4102 4105//4105
f 4104//4104 4105//4105 4106//4106
f 4107//4107 4108//4108 4109//4109
f 4110//4110 4108//4108 4107//4107
f 4107//4107 4111//4111 4112//4112
f 4113//4113 4111//4111 4107//4107
f 4109//4109 4113//4113 4107//4107
f 4107//4107 4114//4114 4115//4115
f 4116//4116 4114//4114 4107//4107
f 4112//4112 4116//4116 4107//4107
f 4107//4107 4117//4117 4118//4118
f 4119//4119 4117//4117 4107//4107
f 4115//4115 4119//4119 4107//4107
f 4118//4118 4110//4110 4107//4107
f 4120//4120 4122//4122 4124//4124
f 4123//4123 4121//4121 4125//4125
f 4126//4126 4128//4128 4130//4130
f 4129//4129 4127//4127 4131//4131
f 4132//4132 4134//4134 4136//4136
f 4135//4135 4133//4133 4137//4137
f 4138//4138 4140//4140 4141//4141
f 4142//4142 4139//4139 4143//4143
f 4144//4144 4146//4146 4148//4148
f 4147//4147 4145//4145 4149//4149
f 4150//4150 4152//4152 4154//4154
f 4153//4153 4151//4151 4155//4155
f 4156//4156 4158//4158 4160//4160
f 4159//4159 4157//4157 4161//4161
f 4162//4162 4164//4164 4166//4166
f 4165//4165 4163//4163 4167//4167
f 4168//4168 4169//4169 4172//4172
f 4171//4171 4170//4170 4173//4173
f 4174//4174 4175//4175 4177//4177
f 4178//4178 4176//4176 4179//4179
f 4180//4180 4182//4182 4183//4183
f 4184//4184 4181//4181 4185//4185
f 4186//4186 4188//4188 4190//4190
f 4189//4189 4187//4187 4191//4191
f 4192//4192 4193//4193 4194//4194
f 4192//4192 4194//4194 4195//4195
f 4193//4193 4192//4192 4196//4196
f 4196//4196 4192//4192 4197//4197
f 4196//4196 4197//4197 4198//4198
f 4199//4199 4200//4200 4201//4201
f 4201//4201 4200//4200 4202//4202
f 4201//4201 4202//4202 4203//4203
f 4203//4203 4202//4202 4204//4204
f 4203//4203 4204//4204 4205//4205
f 4205//4205 4204//4204 4206//4206
f 4205//4205 4206//4206 4197//4197
f 4197//4197 4206//4206 4207//4207
f 4197//4197 4207//4207 4198//4198
f 4208//4208 4209//4209 4199//4199
f 4199//4199 4209//4209 4210//4210
f 4199//4199 4210//4210 4200//4200
f 4211//4211 4212//4212 4208//4208
f 4208//4208 4212//4212 4213//4213
f 4208//4208 4213//4213 4209//4209
f 4214//4214 4215//4215 4211//4211
f 4211//4211 4215//4215 4216//4216
f 4211//4211 4216//4216 4212//4212
f 4194//4194 4217//4217 4195//4195
f 4195//4195 4217//4217 4218//4218
f 4195//4195 4218//4218 4219//4219
f 4219//4219 4218//4218 4220//4220
f 4219//4219 4220//4220 4221//4221
f 4221//4221 4220//4220 4214//4214
f 4221//4221 4214//4214 4222//4222
f 4222//4222 4214//4214 4211//4211
f 4223//4223 4224//4224 4225//4225
f 4226//4226 4224//4224 4223//4223
f 4223//4223 4227//4227 4228//4228
f 4229//4229 4227//4227 4223//4223
f 4225//4225 4229//4229 4223//4223
f 4223//4223 4230//4230 4231//4231
f 4232//4232 4230//4230 4223//4223
f 4228//4228 4232//4232 4223//4223
f 4223//4223 4233//4233 4234//4234
f 4235//4235 4233//4233 4223//4223
f 4231//4231 4235//4235 4223//4223
f 4234//4234 4226//4226 4223//4223
f 4236//4236 4237//4237 4240//4240
f 4239//4239 4238//4238 4241//4241
f 4242//4242 4244//4244 4246//4246
f 4245//4245 4243//4243 4247//4247
f 4248//4248 4249//4249 4252//4252
f 4251//4251 4250//4250 4253//4253
f 4254//4254 4255//4255 4258//4258
f 4257//4257 4256//4256 4259//4259
f 4260//4260 4262//4262 4263//4263
f 4264//4264 4261//4261 4265//4265
f 4266//4266 4267//4267 4270//4270
f 4269//4269 4268//4268 4271//4271
f 4272//4272 4273//4273 4276//4276
f 4275//4275 4274//4274 4277//4277
f 4278//4278 4280//4280 4281//4281
f 4282//4282 4279//4279 4283//4283
f 4284//4284 4285//4285 4287//4287
f 4288//4288 4286//4286 4289//4289
f 4290//4290 4292//4292 4294//4294
f 4293//4293 4291//4291 4295//4295
f 4296//4296 4297//4297 4300//4300
f 4299//4299 4298//4298 4301//4301
f 4302//4302 4304//4304 4305//4305
f 4306//4306 4303//4303 4307//4307
f 4308//4308 4309//4309 4310//4310
f 4311//4311 4312//4312 4309//4309
f 4309//4309 4312//4312 4313//4313
f 4309//4309 4313//4313 4310//4310
f 4315//4315 4316//4316 4311//4311
f 4311//4311 4316//4316 4317//4317
f 4311//4311 4317//4317 4312//4312
f 4318//4318 4319//4319 4320//4320
f 4320//4320 4319//4319 4321//4321
f 4320//4320 4321//4321 4322//4322
f 4322//4322 4321//4321 4323//4323
f 4322//4322 4323//4323 4324//4324
f 4324//4324 4323//4323 4314//4314
f 4324//4324 4314//4314 4325//4325
f 4325//4325 4314//4314 4326//4326
f 4327//4327 4328//4328 4318//4318
f 4318//4318 4328//4328 4329//4329
f 4318//4318 4329//4329 4319//4319
f 4330//4330 4332//4332 4333//4333
f 4327//4327 4331//4331 4334//4334
f 4327//4327 4334//4334 4328//4328
f 4310//4310 4335//4335 4308//4308
f 4308//4308 4335//4335 4336//4336
f 4308//4308 4336//4336 4337//4337
f 4337//4337 4336//4336 4338//4338
f 4337//4337 4338//4338 4339//4339
f 4339//4339 4338//4338 4330//4330
f 4339//4339 4330//4330 4340//4340
f 4340//4340 4330//4330 4333//4333
f 4341//4341 4342//4342 4343//4343
f 4344//4344 4342//4342 4341//4341
f 4341//4341 4345//4345 4346//4346
f 4347//4347 4345//4345 4341//4341
f 4343//4343 4347//4347 4341//4341
f 4341//4341 4348//4348 4349//4349
f 4350//4350 4348//4348 4341//4341
f 4346//4346 4350//4350 4341//4341
f 4341//4341 4351//4351 4352//4352
f 4353//4353 4351//4351 4341//4341
f 4349//4349 4353//4353 4341//4341
f 4352//4352 4344//4344 4341//4341
f 4354//4354 4356//4356 4358//4358
f 4357//4357 4355//4355 4359//4359
f 4360//4360 4362//4362 4364//4364
f 4363//4363 4361//4361 4365//4365
f 4366//4366 4368//4368 4370//4370
f 4369//4369 4367//4367 4371//4371
f 4372//4372 4373//4373 4376//4376
f 4375//4375 4374//4374 4377//4377
f 4378//4378 4379//4379 4381//4381
f 4382//4382 4380//4380 4383//4383
f 4384//4384 4386//4386 4388//4388
f 4387//4387 4385//4385 4389//4389
f 4390//4390 4392//4392 4393//4393
f 4394//4394 4391//4391 4395//4395
f 4396//4396 4397//4397 4400//4400
f 4399//4399 4398//4398 4401//4401
f 4402//4402 4403//4403 4405//4405
f 4406//4406 4404//4404 4407//4407
f 4408//4408 4409//4409 4412//4412
f 4411//4411 4410//4410 4413//4413
f 4414//4414 4415//4415 4417//4417
f 4418//4418 4416//4416 4419//4419
f 4420//4420 4422//4422 4423//4423
f 4424//4424 4421//4421 4425//4425
f 4426//4426 4427//4427 4428//4428
f 4428//4428 4427//4427 4429//4429
f 4428//4428 4429//4429 4430//4430
f 4430//4430 4429//4429 4431//4431
f 4430//4430 4431//4431 4432//4432
f 4432//4432 4431//4431 4433//4433
f 4434//4434 4435//4435 4436//4436
f 4436//4436 4435//4435 4437//4437
f 4436//4436 4437//4437 4426//4426
f 4426//4426 4437//4437 4438//4438
f 4426//4426 4438//4438 4427//4427
f 4434//4434 4436//4436 4439//4439
f 4439//4439 4436//4436 4440//4440
f 4439//4439 4440//4440 4441//4441
f 4441//4441 4440//4440 4442//4442
f 4441//4441 4442//4442 4443//4443
f 4443//4443 4442//4442 4444//4444
f 4443//4443 4444//4444 4445//4445
f 4445//4445 4444//4444 4446//4446
f 4445//4445 4446//4446 4447//4447
f 4447//4447 4446//4446 4448//4448
f 4448//4448 4446//4446 4449//4449
f 4448//4448 4449//4449 4450//4450
f 4450//4450 4449//4449 4451//4451
f 4451//4451 4449//4449 4452//4452
f 4451//4451 4452//4452 4453//4453
f 4431//4431 4454//4454 4433//4433
f 4433//4433 4454//4454 4455//4455
f 4433//4433 4455//4455 4452//4452
f 4452//4452 4455//4455 4456//4456
f 4452//4452 4456//4456 4453//4453
f 4457//4457 4458//4458 4459//4459
f 4460//4460 4458//4458 4457//4457
f 4457//4457 4461//4461 4462//4462
f 4463//4463 4461//4461 4457//4457
f 4459//4459 4463//4463 4457//4457
f 4457//4457 4464//4464 4465//4465
f 4466//4466 4464//4464 4457//4457
f 4462//4462 4466//4466 4457//4457
f 4457//4457 4467//4467 4468//4468
f 4469//4469 4467//4467 4457//4457
f 4465//4465 4469//4469 4457//4457
f 4468//4468 4460//4460 4457//4457
f 4470//4470 4471//4471 4474//4474
f 4473//4473 4472//4472 4475//4475
f 4476//4476 4478//4478 4479//4479
f 4480//4480 4477//4477 4481//4481
f 4482//4482 4483//4483 4485//4485
f 4486//4486 4484//4484 4487//4487
f 4488//4488 4489//4489 4492//4492
f 4491//4491 4490//4490 4493//4493
f 4494//4494 4496//4496 4498//4498
f 4497//4497 4495//4495 4499//4499
f 4500//4500 4502//4502 4503//4503
f 4504//4504 4501//4501 4505//4505
f 4506//4506 4508//4508 4510//4510
f 4509//4509 4507//4507 4511//4511
f 4512//4512 4513//4513 4515//4515
f 4516//4516 4514//4514 4517//4517
f 4518//4518 4520//4520 4521//4521
f 4522//4522 4519//4519 4523//4523
f 4524//4524 4525//4525 4528//4528
f 4527//4527 4526//4526 4529//4529
f 4530//4530 4531//4531 4533//4533
f 4534//4534 4532//4532 4535//4535
f 4536//4536 4537//4537 4540//4540
f 4539//4539 4538//4538 4541//4541
f 4542//4542 4543//4543 4544//4544
f 4544//4544 4543//4543 4545//4545
f 4544//4544 4545//4545 4546//4546
f 4546//4546 4545//4545 4547//4547
f 4546//4546 4547//4547 4548//4548
f 4548//4548 4547//4547 4549//4549
f 4550//4550 4551//4551 4542//4542
f 4542//4542 4551//4551 4552//4552
f 4542//4542 4552//4552 4543//4543
f 4553//4553 4554//4554 4550//4550
f 4550//4550 4554//4554 4555//4555
f 4550//4550 4555//4555 4551//4551
f 4550//4550 4556//4556 4553//4553
f 4553//4553 4556//4556 4557//4557
f 4553//4553 4557//4557 4558//4558
f 4558//4558 4557//4557 4559//4559
f 4558//4558 4559//4559 4560//4560
f 4560//4560 4559//4559 4561//4561
f 4560//4560 4561//4561 4562//4562
f 4562//4562 4561//4561 4563//4563
f 4562//4562 4563//4563 4564//4564
f 4564//4564 4563//4563 4565//4565
f 4565//4565 4563//4563 4566//4566
f 4565//4565 4566//4566 4567//4567
f 4547//4547 4568//4568 4549//4549
f 4549//4549 4568//4568 4569//4569
f 4549//4549 4569//4569 4566//4566
f 4566//4566 4569//4569 4570//4570
f 4566//4566 4570//4570 4567//4567
f 4571//4571 4572//4572 4573//4573
f 4573//4573 4574//4574 4571//4571
f 4571//4571 4574//4574 4575//4575
f 4571//4571 4575//4575 4576//4576
f 4575//4575 4577//4577 4576//4576
f 4576//4576 4577//4577 4578//4578
f 4576//4576 4578//4578 4579//4579
f 4578//4578 4580//4580 4579//4579
f 4579//4579 4580//4580 4581//4581
f 4579//4579 4581//4581 4582//4582
f 4581//4581 4583//4583 4582//4582
f 4582//4582 4583//4583 4584//4584
f 4582//4582 4584//4584 4585//4585
f 4584//4584 4586//4586 4585//4585
f 4585//4585 4586//4586 4587//4587
f 4585//4585 4587//4587 4588//4588
f 4587//4587 4589//4589 4588//4588
f 4588//4588 4589//4589 4590//4590
f 4588//4588 4590//4590 4591//4591
f 4590//4590 4592//4592 4591//4591
f 4594//4594 4593//4593 4595//4595
f 4594//4594 4595//4595 4596//4596
f 4595//4595 4597//4597 4596//4596
f 4596//4596 4597//4597 4598//4598
f 4596//4596 4598//4598 4599//4599
f 4599//4599 4598//4598 4600//4600
f 4599//4599 4600//4600 4601//4601
f 4600//4600 4602//4602 4601//4601
f 4601//4601 4602//4602 4603//4603
f 4601//4601 4603//4603 4604//4604
f 4603//4603 4605//4605 4604//4604
f 4604//4604 4605//4605 4606//4606
f 4604//4604 4606//4606 4607//4607
f 4606//4606 4608//4608 4607//4607
f 4610//4610 4609//4609 4611//4611
f 4610//4610 4611//4611 4612//4612
f 4611//4611 4613//4613 4612//4612
f 4612//4612 4613//4613 4614//4614
f 4612//4612 4614//4614 4615//4615
f 4614//4614 4616//4616 4615//4615
f 4615//4615 4616//4616 4617//4617
f 4615//4615 4617//4617 4618//4618
f 4617//4617 4619//4619 4618//4618
f 4618//4618 4619//4619 4620//4620
f 4618//4618 4620//4620 4621//4621
f 4620//4620 4622//4622 4621//4621
f 4621//4621 4622//4622 4623//4623
f 4621//4621 4623//4623 4624//4624
f 4623//4623 4625//4625 4624//4624
f 4624//4624 4625//4625 4626//4626
f 4624//4624 4626//4626 4627//4627
f 4626//4626 4628//4628 4627//4627
f 4627//4627 4628//4628 4629//4629
f 4627//4627 4629//4629 4630//4630
f 4629//4629 4631//4631 4630//4630
f 4630//4630 4631//4631 4632//4632
f 4630//4630 4632//4632 4633//4633
f 4633//4633 4632//4632 4634//4634
f 4633//4633 4634//4634 4572//4572
f 4572//4572 4634//4634 4635//4635
f 4572//4572 4635//4635 4573//4573
f 4636//4636 4638//4638 4639//4639
f 4639//4639 4638//4638 4640//4640
f 4639//4639 4640//4640 4641//4641
f 4641//4641 4640//4640 4642//4642
f 4641//4641 4642//4642 4643//4643
f 4643//4643 4642//4642 4645//4645
f 4644//4644 4646//4646 4647//4647
f 4647//4647 4646//4646 4649//4649
f 4648//4648 4650//4650 4652//4652
f 4652//4652 4650//4650 4653//4653
f 4651//4651 4654//4654 4656//4656
f 4656//4656 4654//4654 4657//4657
f 4655//4655 4658//4658 4659//4659
f 4659//4659 4658//4658 4661//4661
f 4660//4660 4662//4662 4663//4663
f 4663//4663 4662//4662 4665//4665
f 4664//4664 4666//4666 4668//4668
f 4668//4668 4666//4666 4669//4669
f 4667//4667 4670//4670 4672//4672
f 4672//4672 4670//4670 4673//4673
f 4671//4671 4674//4674 4675//4675
f 4675//4675 4674//4674 4677//4677
f 4676//4676 4678//4678 4679//4679
f 4679//4679 4678//4678 4680//4680
f 4679//4679 4680//4680 4681//4681
f 4681//4681 4680//4680 4682//4682
f 4681//4681 4682//4682 4684//4684
f 4684//4684 4682//4682 4685//4685
f 4683//4683 4686//4686 4688//4688
f 4688//4688 4686//4686 4689//4689
f 4687//4687 4690//4690 4691//4691
f 4691//4691 4690//4690 4693//4693
f 4692//4692 4694//4694 4695//4695
f 4695//4695 4694//4694 4697//4697
f 4696//4696 4698//4698 4699//4699
f 4699//4699 4698//4698 4701//4701
f 4700//4700 4702//4702 4704//4704
f 4704//4704 4702//4702 4705//4705
f 4703//4703 4706//4706 4707//4707
f 4707//4707 4706//4706 4708//4708
f 4707//4707 4708//4708 4711//4711
f 4710//4710 4712//4712 4713//4713
f 4709//4709 4714//4714 4637//4637
f 4637//4637 4714//4714 4715//4715
f 4716//4716 4717//4717 4718//4718
f 4718//4718 4717//4717 4719//4719
f 4718//4718 4719//4719 4720//4720
f 4720//4720 4719//4719 4721//4721
f 4720//4720 4721//4721 4722//4722
f 4722//4722 4721//4721 4723//4723
f 4722//4722 4723//4723 4724//4724
f 4724//4724 4723//4723 4725//4725
f 4724//4724 4725//4725 4726//4726
f 4726//4726 4725//4725 4727//4727
f 4726//4726 4727//4727 4728//4728
f 4728//4728 4727//4727 4729//4729
f 4728//4728 4729//4729 4730//4730
f 4730//4730 4729//4729 4731//4731
f 4730//4730 4731//4731 4732//4732
f 4732//4732 4731//4731 4733//4733
f 4732//4732 4733//4733 4734//4734
f 4734//4734 4733//4733 4735//4735
f 4734//4734 4735//4735 4736//4736
f 4736//4736 4735//4735 4737//4737
f 4736//4736 4737//4737 4738//4738
f 4738//4738 4737//4737 4739//4739
f 4738//4738 4739//4739 4740//4740
f 4740//4740 4739//4739 4741//4741
f 4740//4740 4741//4741 4742//4742
f 4742//4742 4741//4741 4743//4743
f 4742//4742 4743//4743 4744//4744
f 4744//4744 4743//4743 4745//4745
f 4744//4744 4745//4745 4746//4746
f 4746//4746 4745//4745 4747//4747
f 4746//4746 4747//4747 4748//4748
f 4748//4748 4747//4747 4749//4749
f 4748//4748 4749//4749 4750//4750
f 4750//4750 4749//4749 4751//4751
f 4750//4750 4751//4751 4752//4752
f 4752//4752 4751//4751 4753//4753
f 4752//4752 4753//4753 4754//4754
f 4754//4754 4753//4753 4755//4755
f 4754//4754 4755//4755 4756//4756
f 4756//4756 4755//4755 4757//4757
f 4756//4756 4757//4757 4758//4758
f 4758//4758 4757//4757 4759//4759
f 4758//4758 4759//4759 4760//4760
f 4760//4760 4759//4759 4761//4761
f 4760//4760 4761//4761 4762//4762
f 4762//4762 4761//4761 4763//4763
f 4762//4762 4763//4763 4764//4764
f 4764//4764 4763//4763 4765//4765
f 4764//4764 4765//4765 4766//4766
f 4766//4766 4765//4765 4767//4767
f 4766//4766 4767//4767 4716//4716
f 4716//4716 4767//4767 4717//4717
f 4768//4768 4769//4769 4770//4770
f 4770//4770 4769//4769 4771//4771
f 4772//4772 4773//4773 4774//4774
f 4769//4769 4775//4775 4771//4771
f 4771//4771 4775//4775 4776//4776
f 4771//4771 4776//4776 4777//4777
f 4777//4777 4776//4776 4778//4778
f 4777//4777 4778//4778 4779//4779
f 4779//4779 4778//4778 4780//4780
f 4779//4779 4780//4780 4781//4781
f 4781//4781 4780//4780 4782//4782
f 4781//4781 4782//4782 4783//4783
f 4783//4783 4782//4782 4784//4784
f 4783//4783 4784//4784 4785//4785
f 4785//4785 4784//4784 4772//4772
f 4785//4785 4772//4772 4786//4786
f 4786//4786 4772//4772 4774//4774
f 4786//4786 4774//4774 4787//4787
f 4788//4788 4789//4789 4792//4792
f 4792//4792 4789//4789 4797//4797
f 4798//4798 4794//4794 4800//4800
f 4799//4799 4796//4796 4802//4802
f 4804//4804 4806//4806 4795//4795
f 4790//4790 4805//4805 4808//4808
f 4793//4793 4807//4807 4801//4801
f 4797//4797 4809//4809 4792//4792
f 4792//4792 4809//4809 4810//4810
f 4791//4791 4811//4811 4803//4803
f 4812//4812 4813//4813 4815//4815
f 4819//4819 4824//4824 4825//4825
f 4826//4826 4827//4827 4822//4822
f 4823//4823 4828//4828 4830//4830
f 4817//4817 4829//4829 4831//4831
f 4814//4814 4816//4816 4833//4833
f 4833//4833 4816//4816 4834//4834
f 4833//4833 4834//4834 4836//4836
f 4832//4832 4837//4837 4821//4821
f 4818//4818 4838//4838 4839//4839
f 4820//4820 4840//4840 4835//4835
f 4841//4841 4842//4842 4844//4844
f 4844//4844 4842//4842 4850//4850
f 4851//4851 4847//4847 4852//4852
f 4853//4853 4845//4845 4854//4854
f 4857//4857 4858//4858 4848//4848
f 4846//4846 4859//4859 4861//4861
f 4843//4843 4860//4860 4855//4855
f 4850//4850 4862//4862 4844//4844
f 4844//4844 4862//4862 4865//4865
f 4849//4849 4864//4864 4856//4856
f 4866//4866 4869//4869 4870//4870
f 4871//4871 4879//4879 4881//4881
f 4880//4880 4882//4882 4877//4877
f 4874//4874 4883//4883 4885//4885
f 4878//4878 4884//4884 4887//4887
f 4888//4888 4889//4889 4868//4868
f 4867//4867 4872//4872 4890//4890
f 4867//4867 4890//4890 4892//4892
f 4886//4886 4893//4893 4873//4873
f 4876//4876 4894//4894 4895//4895
f 4875//4875 4896//4896 4891//4891
f 4897//4897 4898//4898 4899//4899
f 4900//4900 4901//4901 4902//4902
f 4902//4902 4901//4901 4903//4903
f 4902//4902 4903//4903 4904//4904
f 4904//4904 4903//4903 4905//4905
f 4904//4904 4905//4905 4906//4906
f 4906//4906 4905//4905 4907//4907
f 4900//4900 4908//4908 4901//4901
f 4901//4901 4908//4908 4909//4909
f 4901//4901 4909//4909 4910//4910
f 4911//4911 4897//4897 4912//4912
f 4912//4912 4897//4897 4899//4899
f 4912//4912 4899//4899 4907//4907
f 4907//4907 4899//4899 4913//4913
f 4907//4907 4913//4913 4906//4906
f 4914//4914 4915//4915 4916//4916
f 4917//4917 4918//4918 4919//4919
f 4920//4920 4908//4908 4900//4900
f 4922//4922 1563//1563 1673//1673
f 4923//4923 4924//4924 4925//4925
f 4925//4925 4924//4924 4921//4921
f 4926//4926 4927//4927 4928//4928
f 4928//4928 4927//4927 4929//4929
f 4931//4931 4930//4930 4923//4923
f 4899//4899 4898//4898 4926//4926
f 4926//4926 4928//4928 4899//4899
f 4899//4899 4928//4928 4932//4932
f 4899//4899 4932//4932 4913//4913
f 4913//4913 4932//4932 4933//4933
f 4913//4913 4933//4933 4906//4906
f 4906//4906 4933//4933 4934//4934
f 4906//4906 4934//4934 4904//4904
f 4904//4904 4934//4934 4935//4935
f 4904//4904 4935//4935 4902//4902
f 4902//4902 4935//4935 4919//4919
f 4902//4902 4919//4919 4900//4900
f 4900//4900 4919//4919 4918//4918
f 4900//4900 4918//4918 4920//4920
f 4923//4923 4925//4925 4931//4931
f 4931//4931 4925//4925 4936//4936
f 4931//4931 4936//4936 4937//4937
f 4937//4937 4936//4936 4938//4938
f 4937//4937 4938//4938 4939//4939
f 4939//4939 4938//4938 4940//4940
f 4939//4939 4940//4940 4941//4941
f 4941//4941 4940//4940 4942//4942
f 4941//4941 4942//4942 4943//4943
f 4943//4943 4942//4942 4944//4944
f 4943//4943 4944//4944 4946//4946
f 4919//4919 4945//4945 4947//4947
f 4919//4919 4947//4947 4917//4917
f 4922//4922 1673//1673 4948//4948
f 4948//4948 1673//1673 1674//1674
f 4948//4948 1674//1674 4949//4949
f 4949//4949 1674//1674 1676//1676
f 4949//4949 1676//1676 4950//4950
f 4950//4950 1676//1676 1678//1678
f 4950//4950 1678//1678 4951//4951
f 4951//4951 1678//1678 1680//1680
f 4951//4951 1680//1680 4952//4952
f 4952//4952 1680//1680 1661//1661
f 4952//4952 1661//1661 4916//4916
f 4916//4916 1661//1661 1663//1663
f 4916//4916 1663//1663 4914//4914
f 4953//4953 4955//4955 4911//4911
f 4956//4956 4957//4957 4954//4954
f 4959//4959 4960//4960 4957//4957
f 4962//4962 4958//4958 4963//4963
f 4963//4963 4964//4964 2319//2319
f 4963//4963 2319//2319 2318//2318
f 4965//4965 2299//2299 4966//4966
f 4901//4901 4910//4910 4967//4967
f 2305//2305 4968//4968 4969//4969
f 4965//4965 4966//4966 4970//4970
f 4969//4969 2297//2297 2303//2303
f 4969//4969 2303//2303 2305//2305
f 2305//2305 2310//2310 4968//4968
f 4968//4968 2310//2310 2309//2309
f 4968//4968 2309//2309 4971//4971
f 4971//4971 2309//2309 2307//2307
f 4971//4971 2307//2307 4972//4972
f 4972//4972 2307//2307 2313//2313
f 4972//4972 2313//2313 4973//4973
f 4973//4973 2313//2313 2312//2312
f 4973//4973 2312//2312 2319//2319
f 4957//4957 4956//4956 4959//4959
f 4959//4959 4956//4956 4974//4974
f 4959//4959 4974//4974 4975//4975
f 4975//4975 4974//4974 4976//4976
f 4975//4975 4976//4976 4971//4971
f 4971//4971 4976//4976 4977//4977
f 4971//4971 4977//4977 4968//4968
f 4968//4968 4977//4977 4978//4978
f 4968//4968 4978//4978 4979//4979
f 4979//4979 4978//4978 4980//4980
f 4979//4979 4980//4980 4981//4981
f 4955//4955 4953//4953 4982//4982
f 4982//4982 4953//4953 4983//4983
f 4982//4982 4983//4983 4984//4984
f 4984//4984 4983//4983 4985//4985
f 4984//4984 4985//4985 4986//4986
f 4986//4986 4985//4985 4987//4987
f 4986//4986 4987//4987 4988//4988
f 4988//4988 4987//4987 4989//4989
f 4988//4988 4989//4989 4991//4991
f 4978//4978 4990//4990 4992//4992
f 4978//4978 4992//4992 4980//4980
f 4911//4911 4912//4912 4953//4953
f 4993//4993 4912//4912 4907//4907
f 4993//4993 4907//4907 4994//4994
f 4994//4994 4907//4907 4905//4905
f 4994//4994 4905//4905 4995//4995
f 4995//4995 4905//4905 4903//4903
f 4995//4995 4903//4903 4996//4996
f 4996//4996 4903//4903 4901//4901
f 4996//4996 4901//4901 4997//4997
f 4997//4997 4901//4901 4967//4967
f 4990//4990 4998//4998 4992//4992
f 4999//4999 5000//5000 5001//5001
f 5003//5003 4768//4768 4770//4770
f 5004//5004 5005//5005 5006//5006
f 5006//5006 5005//5005 5002//5002
f 5008//5008 5009//5009 5004//5004
f 5011//5011 5007//5007 5012//5012
f 5013//5013 5014//5014 5015//5015
f 5015//5015 5014//5014 5016//5016
f 5017//5017 5018//5018 2347//2347
f 2347//2347 5018//5018 2342//2342
f 2347//2347 2346//2346 5019//5019
f 5019//5019 2346//2346 2350//2350
f 5019//5019 2350//2350 5020//5020
f 5020//5020 2350//2350 2349//2349
f 5020//5020 2349//2349 5021//5021
f 5021//5021 2349//2349 2353//2353
f 5021//5021 2353//2353 5022//5022
f 5022//5022 2353//2353 2352//2352
f 5022//5022 2352//2352 5023//5023
f 5023//5023 2352//2352 2356//2356
f 5023//5023 2356//2356 5024//5024
f 5024//5024 2356//2356 2355//2355
f 5024//5024 2355//2355 5025//5025
f 5025//5025 2355//2355 2363//2363
f 5025//5025 2363//2363 5007//5007
f 5007//5007 2363//2363 2361//2361
f 5007//5007 2361//2361 5012//5012
f 5004//5004 5006//5006 5008//5008
f 5008//5008 5006//5006 5026//5026
f 5008//5008 5026//5026 5027//5027
f 5027//5027 5026//5026 5028//5028
f 5027//5027 5028//5028 5029//5029
f 5029//5029 5028//5028 5030//5030
f 5029//5029 5030//5030 5031//5031
f 5031//5031 5030//5030 5032//5032
f 5031//5031 5032//5032 5033//5033
f 5033//5033 5032//5032 5034//5034
f 5033//5033 5034//5034 5035//5035
f 5035//5035 5034//5034 5036//5036
f 5035//5035 5036//5036 5037//5037
f 5037//5037 5036//5036 5001//5001
f 5037//5037 5001//5001 5015//5015
f 5015//5015 5001//5001 5000//5000
f 5015//5015 5000//5000 5013//5013
f 5003//5003 4770//4770 5038//5038
f 5038//5038 4770//4770 4771//4771
f 5038//5038 4771//4771 5039//5039
f 5039//5039 4771//4771 4777//4777
f 5039//5039 4777//4777 5040//5040
f 5040//5040 4777//4777 4779//4779
f 5040//5040 4779//4779 5041//5041
f 5041//5041 4779//4779 4781//4781
f 5041//5041 4781//4781 5042//5042
f 5042//5042 4781//4781 4783//4783
f 5042//5042 4783//4783 5043//5043
f 5043//5043 4783//4783 4785//4785
f 5043//5043 4785//4785 5044//5044
f 5044//5044 4785//4785 4786//4786
f 5044//5044 4786//4786 5001//5001
f 5001//5001 4786//4786 4787//4787
f 5001//5001 4787//4787 4999//4999
f 5045//5045 5046//5046 5047//5047
f 5049//5049 5050//5050 5051//5051
f 5052//5052 4773//4773 4772//4772
f 5053//5053 5054//5054 5055//5055
f 5055//5055 5054//5054 5057//5057
f 5058//5058 5059//5059 5060//5060
f 5060//5060 5059//5059 5061//5061
f 5060//5060 5061//5061 5053//5053
f 4776//4776 4775//4775 5058//5058
f 5058//5058 5060//5060 4776//4776
f 4776//4776 5060//5060 5062//5062
f 4776//4776 5062//5062 4778//4778
f 4778//4778 5062//5062 5063//5063
f 4778//4778 5063//5063 4780//4780
f 4780//4780 5063//5063 5064//5064
f 4780//4780 5064//5064 4782//4782
f 4782//4782 5064//5064 5065//5065
f 4782//4782 5065//5065 4784//4784
f 4784//4784 5065//5065 5051//5051
f 4784//4784 5051//5051 4772//4772
f 4772//4772 5051//5051 5050//5050
f 4772//4772 5050//5050 5052//5052
f 5053//5053 5055//5055 5060//5060
f 5060//5060 5055//5055 5066//5066
f 5060//5060 5066//5066 5067//5067
f 5067//5067 5066//5066 5068//5068
f 5067//5067 5068//5068 5069//5069
f 5069//5069 5068//5068 5070//5070
f 5069//5069 5070//5070 5071//5071
f 5071//5071 5070//5070 5072//5072
f 5071//5071 5072//5072 5073//5073
f 5073//5073 5072//5072 5074//5074
f 5073//5073 5074//5074 5075//5075
f 5075//5075 5074//5074 5076//5076
f 5075//5075 5076//5076 5048//5048
f 1667//1667 5045//5045 1669//1669
f 1669//1669 5045//5045 5047//5047
f 1669//1669 5047//5047 1794//1794
f 1794//1794 5047//5047 5077//5077
f 1794//1794 5077//5077 1796//1796
f 1796//1796 5077//5077 5078//5078
f 1796//1796 5078//5078 1798//1798
f 1798//1798 5078//5078 5079//5079
f 1798//1798 5079//5079 1800//1800
f 1800//1800 5079//5079 5080//5080
f 1800//1800 5080//5080 1802//1802
f 1802//1802 5080//5080 5081//5081
f 1802//1802 5081//5081 1804//1804
f 1804//1804 5081//5081 5056//5056
f 1804//1804 5056//5056 1568//1568
f 4863//4863 5082//5082 5083//5083
f 5083//5083 5082//5082 5084//5084
f 5083//5083 5084//5084 5085//5085
f 5085//5085 5084//5084 5086//5086
f 2298//2298 4981//4981 2300//2300
f 2300//2300 4981//4981 4980//4980
f 2300//2300 4980//4980 5086//5086
f 5086//5086 4980//4980 5087//5087
f 5086//5086 5087//5087 5085//5085
f 5088//5088 4961//4961 5089//5089
f 2316//2316 4962//4962 4963//4963
f 2316//2316 4963//4963 2318//2318
f 5089//5089 5090//5090 5088//5088
f 5091//5091 5092//5092 5093//5093
f 5091//5091 5093//5093 5094//5094
f 4867//4867 4892//4892 5093//5093
f 5093//5093 4892//4892 5095//5095
f 5093//5093 5095//5095 5094//5094
f 1244//1244 1243//1243 5096//5096
f 1244//1244 5096//5096 5097//5097
f 5099//5099 5100//5100 5101//5101
f 5098//5098 5102//5102 5103//5103
f 5104//5104 5106//5106 5107//5107
f 5105//5105 5108//5108 5109//5109
f 5110//5110 5111//5111 4842//4842
f 5110//5110 4842//4842 4841//4841
f 4870//4870 4869//4869 5112//5112
f 4870//4870 5112//5112 5113//5113
f 5114//5114 5116//5116 5117//5117
f 5115//5115 5118//5118 5119//5119
f 5121//5121 5122//5122 5124//5124
f 5120//5120 5123//5123 5125//5125
f 5126//5126 5127//5127 2086//2086
f 5126//5126 2086//2086 2085//2085
f 5128//5128 5010//5010 5129//5129
f 5129//5129 5010//5010 5130//5130
f 2359//2359 5011//5011 5012//5012
f 2359//2359 5012//5012 2361//2361
f 5131//5131 4833//4833 4836//4836
f 4836//4836 5132//5132 5131//5131
f 5131//5131 5132//5132 5133//5133
f 5131//5131 5133//5133 5129//5129
f 5129//5129 5133//5133 5134//5134
f 5129//5129 5134//5134 5128//5128
f 4815//4815 4813//4813 5135//5135
f 4815//4815 5135//5135 5136//5136
f 5138//5138 5139//5139 5140//5140
f 5137//5137 5141//5141 5142//5142
f 5144//5144 5145//5145 5146//5146
f 5143//5143 5147//5147 5148//5148
f 5149//5149 5150//5150 1210//1210
f 5149//5149 1210//1210 5151//5151
f 2118//2118 2117//2117 5152//5152
f 2118//2118 5152//5152 5153//5153
f 5154//5154 5156//5156 5157//5157
f 5155//5155 5158//5158 5159//5159
f 5161//5161 5162//5162 5164//5164
f 5160//5160 5163//5163 5165//5165
f 5166//5166 5167//5167 4789//4789
f 5166//5166 4789//4789 4788//4788
f 4809//4809 4797//4797 5168//5168
f 5168//5168 4797//4797 5169//5169
f 5170//5170 5171//5171 5169//5169
f 5169//5169 5171//5171 5172//5172
f 5169//5169 5172//5172 5168//5168
f 2342//2342 5018//5018 2340//2340
f 2340//2340 5018//5018 5173//5173
f 2340//2340 5173//5173 5170//5170
f 5170//5170 5173//5173 5174//5174
f 5170//5170 5174//5174 5171//5171
f 5175//5175 5176//5176 5177//5177
f 5175//5175 5177//5177 5178//5178
f 5178//5178 5177//5177 5179//5179
f 5178//5178 5179//5179 5180//5180
f 5180//5180 5179//5179 5181//5181
f 5180//5180 5181//5181 5182//5182
f 5182//5182 5181//5181 5183//5183
f 5182//5182 5183//5183 5184//5184
f 5184//5184 5183//5183 5185//5185
f 5184//5184 5185//5185 5186//5186
f 5186//5186 5185//5185 5187//5187
f 5186//5186 5187//5187 5188//5188
f 5188//5188 5187//5187 5189//5189
f 5188//5188 5189//5189 5190//5190
f 5190//5190 5189//5189 5191//5191
f 5190//5190 5191//5191 5192//5192
f 5192//5192 5191//5191 5193//5193
f 5192//5192 5193//5193 5194//5194
f 5194//5194 5193//5193 5195//5195
f 5194//5194 5195//5195 5196//5196
f 5196//5196 5195//5195 5197//5197
f 5196//5196 5197//5197 5198//5198
f 5198//5198 5197//5197 5199//5199
f 5198//5198 5199//5199 5200//5200
f 5200//5200 5199//5199 5201//5201
f 5200//5200 5201//5201 5202//5202
f 5202//5202 5201//5201 5203//5203
f 5202//5202 5203//5203 5204//5204
f 5204//5204 5203//5203 5205//5205
f 5204//5204 5205//5205 5206//5206
f 5206//5206 5205//5205 5207//5207
f 5206//5206 5207//5207 5208//5208
f 5209//5209 5210//5210 5211//5211
f 5209//5209 5211//5211 5212//5212
f 5212//5212 5211//5211 5213//5213
f 5212//5212 5213//5213 5214//5214
f 5214//5214 5213//5213 5215//5215
f 5214//5214 5215//5215 5216//5216
f 5216//5216 5215//5215 5176//5176
f 5216//5216 5176//5176 5175//5175
f 5208//5208 5207//5207 5217//5217
f 5208//5208 5217//5217 5218//5218
f 5218//5218 5217//5217 5219//5219
f 5218//5218 5219//5219 5220//5220
f 5220//5220 5219//5219 5221//5221
f 5220//5220 5221//5221 5222//5222
f 5222//5222 5221//5221 5223//5223
f 5222//5222 5223//5223 5224//5224
f 5225//5225 5226//5226 5209//5209
f 5209//5209 5226//5226 5210//5210
f 5227//5227 5228//5228 5223//5223
f 5223//5223 5228//5228 5224//5224
f 5229//5229 5230//5230 5231//5231
f 5229//5229 5231//5231 5232//5232
f 5232//5232 5231//5231 5233//5233
f 5232//5232 5233//5233 5234//5234
f 5234//5234 5233//5233 5226//5226
f 5234//5234 5226//5226 5225//5225
f 5228//5228 5227//5227 5235//5235
f 5228//5228 5235//5235 5236//5236
f 5236//5236 5235//5235 5237//5237
f 5236//5236 5237//5237 5238//5238
f 5238//5238 5237//5237 5239//5239
f 5238//5238 5239//5239 5240//5240
f 5230//5230 5229//5229 5241//5241
f 5241//5241 5229//5229 5242//5242
f 5243//5243 5244//5244 5239//5239
f 5239//5239 5244//5244 5240//5240
f 5241//5241 5242//5242 5245//5245
f 5245//5245 5242//5242 5246//5246
f 5245//5245 5246//5246 5247//5247
f 5247//5247 5246//5246 5248//5248
f 5247//5247 5248//5248 5249//5249
f 5249//5249 5248//5248 5250//5250
f 5251//5251 5252//5252 5253//5253
f 5253//5253 5252//5252 5254//5254
f 5253//5253 5254//5254 5255//5255
f 5255//5255 5254//5254 5256//5256
f 5255//5255 5256//5256 5243//5243
f 5243//5243 5256//5256 5244//5244
f 5257//5257 5258//5258 5259//5259
f 5257//5257 5259//5259 5260//5260
f 5260//5260 5259//5259 5249//5249
f 5260//5260 5249//5249 5250//5250
f 5252//5252 5251//5251 5261//5261
f 5252//5252 5261//5261 5262//5262
f 5262//5262 5261//5261 5263//5263
f 5262//5262 5263//5263 5264//5264
f 5265//5265 5266//5266 5257//5257
f 5257//5257 5266//5266 5258//5258
f 5267//5267 5268//5268 5263//5263
f 5263//5263 5268//5268 5264//5264
f 5269//5269 5270//5270 5271//5271
f 5269//5269 5271//5271 5272//5272
f 5272//5272 5271//5271 5266//5266
f 5272//5272 5266//5266 5265//5265
f 5268//5268 5267//5267 5273//5273
f 5268//5268 5273//5273 5274//5274
f 5274//5274 5273//5273 5275//5275
f 5274//5274 5275//5275 5276//5276
f 5270//5270 5269//5269 5277//5277
f 5277//5277 5269//5269 5278//5278
f 5277//5277 5278//5278 5279//5279
f 5279//5279 5278//5278 5280//5280
f 5279//5279 5280//5280 5281//5281
f 5281//5281 5280//5280 5282//5282
f 5283//5283 5284//5284 5285//5285
f 5285//5285 5284//5284 5286//5286
f 5285//5285 5286//5286 5287//5287
f 5287//5287 5286//5286 5288//5288
f 5287//5287 5288//5288 5275//5275
f 5275//5275 5288//5288 5276//5276
f 5281//5281 5282//5282 5289//5289
f 5289//5289 5282//5282 5290//5290
f 5289//5289 5290//5290 5291//5291
f 5291//5291 5290//5290 5292//5292
f 5291//5291 5292//5292 5293//5293
f 5293//5293 5292//5292 5294//5294
f 5293//5293 5294//5294 5295//5295
f 5295//5295 5294//5294 5296//5296
f 5295//5295 5296//5296 5297//5297
f 5297//5297 5296//5296 5298//5298
f 5297//5297 5298//5298 5283//5283
f 5283//5283 5298//5298 5284//5284
f 5299//5299 5300//5300 5301//5301
f 5299//5299 5301//5301 5302//5302
f 5302//5302 5301//5301 5303//5303
f 5302//5302 5303//5303 5304//5304
f 5304//5304 5303//5303 5305//5305
f 5304//5304 5305//5305 5306//5306
f 5306//5306 5305//5305 5307//5307
f 5306//5306 5307//5307 5308//5308
f 5308//5308 5307//5307 5309//5309
f 5308//5308 5309//5309 5310//5310
f 5310//5310 5309//5309 5311//5311
f 5310//5310 5311//5311 5312//5312
f 5312//5312 5311//5311 5313//5313
f 5312//5312 5313//5313 5314//5314
f 5314//5314 5313//5313 5315//5315
f 5314//5314 5315//5315 5316//5316
f 5316//5316 5315//5315 5317//5317
f 5316//5316 5317//5317 5318//5318
f 5318//5318 5317//5317 5319//5319
f 5318//5318 5319//5319 5320//5320
f 5320//5320 5319//5319 5321//5321
f 5320//5320 5321//5321 5322//5322
f 5322//5322 5321//5321 5323//5323
f 5322//5322 5323//5323 5324//5324
f 5324//5324 5323//5323 5325//5325
f 5324//5324 5325//5325 5326//5326
f 5326//5326 5325//5325 5327//5327
f 5326//5326 5327//5327 5328//5328
f 5328//5328 5327//5327 5329//5329
f 5328//5328 5329//5329 5330//5330
f 5330//5330 5329//5329 5331//5331
f 5330//5330 5331//5331 5332//5332
f 5333//5333 5334//5334 5335//5335
f 5333//5333 5335//5335 5336//5336
f 5336//5336 5335//5335 5337//5337
f 5336//5336 5337//5337 5338//5338
f 5338//5338 5337//5337 5339//5339
f 5338//5338 5339//5339 5340//5340
f 5340//5340 5339//5339 5300//5300
f 5340//5340 5300//5300 5299//5299
f 5332//5332 5331//5331 5341//5341
f 5332//5332 5341//5341 5342//5342
f 5342//5342 5341//5341 5343//5343
f 5342//5342 5343//5343 5344//5344
f 5344//5344 5343//5343 5345//5345
f 5344//5344 5345//5345 5346//5346
f 5346//5346 5345//5345 5347//5347
f 5346//5346 5347//5347 5348//5348
f 5349//5349 5350//5350 5333//5333
f 5333//5333 5350//5350 5334//5334
f 5351//5351 5352//5352 5347//5347
f 5347//5347 5352//5352 5348//5348
f 5353//5353 5354//5354 5355//5355
f 5353//5353 5355//5355 5356//5356
f 5356//5356 5355//5355 5357//5357
f 5356//5356 5357//5357 5358//5358
f 5358//5358 5357//5357 5350//5350
f 5358//5358 5350//5350 5349//5349
f 5352//5352 5351//5351 5359//5359
f 5352//5352 5359//5359 5360//5360
f 5360//5360 5359//5359 5361//5361
f 5360//5360 5361//5361 5362//5362
f 5362//5362 5361//5361 5363//5363
f 5362//5362 5363//5363 5364//5364
f 5354//5354 5353//5353 5365//5365
f 5365//5365 5353//5353 5366//5366
f 5367//5367 5368//5368 5363//5363
f 5363//5363 5368//5368 5364//5364
f 5365//5365 5366//5366 5369//5369
f 5369//5369 5366//5366 5370//5370
f 5369//5369 5370//5370 5371//5371
f 5371//5371 5370//5370 5372//5372
f 5371//5371 5372//5372 5373//5373
f 5373//5373 5372//5372 5374//5374
f 5375//5375 5376//5376 5377//5377
f 5377//5377 5376//5376 5378//5378
f 5377//5377 5378//5378 5379//5379
f 5379//5379 5378//5378 5380//5380
f 5379//5379 5380//5380 5367//5367
f 5367//5367 5380//5380 5368//5368
f 5381//5381 5382//5382 5383//5383
f 5381//5381 5383//5383 5384//5384
f 5384//5384 5383//5383 5373//5373
f 5384//5384 5373//5373 5374//5374
f 5376//5376 5375//5375 5385//5385
f 5376//5376 5385//5385 5386//5386
f 5386//5386 5385//5385 5387//5387
f 5386//5386 5387//5387 5388//5388
f 5389//5389 5390//5390 5381//5381
f 5381//5381 5390//5390 5382//5382
f 5391//5391 5392//5392 5387//5387
f 5387//5387 5392//5392 5388//5388
f 5393//5393 5394//5394 5395//5395
f 5393//5393 5395//5395 5396//5396
f 5396//5396 5395//5395 5390//5390
f 5396//5396 5390//5390 5389//5389
f 5392//5392 5391//5391 5397//5397
f 5392//5392 5397//5397 5398//5398
f 5398//5398 5397//5397 5399//5399
f 5398//5398 5399//5399 5400//5400
f 5394//5394 5393//5393 5401//5401
f 5401//5401 5393//5393 5402//5402
f 5401//5401 5402//5402 5403//5403
f 5403//5403 5402//5402 5404//5404
f 5403//5403 5404//5404 5405//5405
f 5405//5405 5404//5404 5406//5406
f 5407//5407 5408//5408 5409//5409
f 5409//5409 5408//5408 5410//5410
f 5409//5409 5410//5410 5411//5411
f 5411//5411 5410//5410 5412//5412
f 5411//5411 5412//5412 5399//5399
f 5399//5399 5412//5412 5400//5400
f 5405//5405 5406//5406 5413//5413
f 5413//5413 5406//5406 5414//5414
f 5413//5413 5414//5414 5415//5415
f 5415//5415 5414//5414 5416//5416
f 5415//5415 5416//5416 5417//5417
f 5417//5417 5416//5416 5418//5418
f 5417//5417 5418//5418 5419//5419
f 5419//5419 5418//5418 5420//5420
f 5419//5419 5420//5420 5421//5421
f 5421//5421 5420//5420 5422//5422
f 5421//5421 5422//5422 5407//5407
f 5407//5407 5422//5422 5408//5408
f 5423//5423 5424//5424 5425//5425
f 5427//5427 5428//5428 5425//5425
f 5425//5425 5428//5428 5429//5429
f 5425//5425 5429//5429 5423//5423
f 5430//5430 5431//5431 5432//5432
f 5432//5432 5431//5431 5434//5434
f 5433//5433 5435//5435 5426//5426
f 5426//5426 5435//5435 5436//5436
f 5426//5426 5436//5436 5437//5437
f 5438//5438 5439//5439 5440//5440
f 5440//5440 5439//5439 5441//5441
f 5440//5440 5441//5441 5442//5442
f 5442//5442 5441//5441 5443//5443
f 5442//5442 5443//5443 5430//5430
f 5430//5430 5443//5443 5431//5431
f 5439//5439 5438//5438 5444//5444
f 5439//5439 5444//5444 5445//5445
f 5445//5445 5444//5444 5446//5446
f 5445//5445 5446//5446 5447//5447
f 5447//5447 5446//5446 5448//5448
f 5447//5447 5448//5448 5449//5449
f 5450//5450 5451//5451 5452//5452
f 5452//5452 5451//5451 5453//5453
f 5452//5452 5453//5453 5454//5454
f 5454//5454 5453//5453 5455//5455
f 5454//5454 5455//5455 5448//5448
f 5448//5448 5455//5455 5449//5449
f 5456//5456 5457//5457 5458//5458
f 5458//5458 5457//5457 5459//5459
f 5458//5458 5459//5459 5460//5460
f 5459//5459 5461//5461 5460//5460
f 5460//5460 5461//5461 5462//5462
f 5460//5460 5462//5462 5463//5463
f 5463//5463 5462//5462 5464//5464
f 5463//5463 5464//5464 5450//5450
f 5450//5450 5464//5464 5451//5451
f 797//797 5466//5466 5468//5468
f 5467//5467 5465//5465 5469//5469
f 5470//5470 5471//5471 5472//5472
f 5472//5472 5471//5471 5473//5473
f 5474//5474 5475//5475 5477//5477
f 5478//5478 5476//5476 5479//5479
f 5480//5480 5481//5481 5484//5484
f 5482//5482 5481//5481 5487//5487
f 5488//5488 5491//5491 5493//5493
f 5493//5493 5491//5491 5494//5494
f 5495//5495 5496//5496 5497//5497
f 5497//5497 5496//5496 5498//5498
f 5499//5499 5500//5500 5501//5501
f 5501//5501 5500//5500 5502//5502
f 5503//5503 5505//5505 5507//5507
f 5506//5506 5504//5504 2436//2436
f 5508//5508 5510//5510 5513//5513
f 5513//5513 5514//5514 5515//5515
f 5516//5516 5517//5517 5520//5520
f 5519//5519 5518//5518 5521//5521
f 5522//5522 5524//5524 5525//5525
f 5526//5526 5523//5523 5527//5527
f 5528//5528 5529//5529 2430//2430
f 2430//2430 5529//5529 2431//2431
f 807//807 806//806 5530//5530
f 5530//5530 806//806 5531//5531
f 5532//5532 5533//5533 5536//5536
f 5535//5535 5534//5534 5537//5537
f 5538//5538 5539//5539 5541//5541
f 5542//5542 5540//5540 5543//5543
f 5544//5544 5546//5546 5548//5548
f 5547//5547 5545//5545 5550//5550
f 816//816 5552//5552 5554//5554
f 5553//5553 5551//5551 5555//5555
f 5556//5556 5557//5557 5558//5558
f 5558//5558 5557//5557 5559//5559
f 5560//5560 5561//5561 5563//5563
f 5564//5564 5562//5562 5565//5565
f 5566//5566 5567//5567 5571//5571
f 5570//5570 5567//5567 5572//5572
f 5575//5575 5576//5576 5581//5581
f 5580//5580 5579//5579 5582//5582
f 5583//5583 5584//5584 5585//5585
f 5585//5585 5584//5584 5586//5586
f 5587//5587 5588//5588 5589//5589
f 5589//5589 5588//5588 5590//5590
f 5591//5591 5592//5592 2422//2422
f 2422//2422 5592//5592 2423//2423
f 826//826 825//825 5593//5593
f 5593//5593 825//825 5594//5594
f 5595//5595 5596//5596 5598//5598
f 5599//5599 5597//5597 5600//5600
f 5601//5601 5602//5602 5605//5605
f 5604//5604 5603//5603 5606//5606
f 5607//5607 5608//5608 5611//5611
f 5612//5612 5609//5609 5614//5614
f 5617//5617 5619//5619 5621//5621
f 5621//5621 5619//5619 5622//5622
f 5623//5623 5625//5625 5626//5626
f 5627//5627 5624//5624 5628//5628
f 5629//5629 5630//5630 5633//5633
f 5632//5632 5631//5631 5634//5634
f 5635//5635 5636//5636 2417//2417
f 2417//2417 5636//5636 2418//2418
f 5637//5637 5639//5639 5641//5641
f 5638//5638 5640//5640 5642//5642
f 5644//5644 5645//5645 5646//5646
f 5643//5643 5647//5647 5549//5549
f 5648//5648 5650//5650 5652//5652
f 5649//5649 5651//5651 5653//5653
f 5655//5655 5656//5656 5512//5512
f 5654//5654 5511//5511 5509//5509
f 5658//5658 5659//5659 5660//5660
f 5657//5657 5661//5661 5662//5662
f 5663//5663 5665//5665 5483//5483
f 5664//5664 5485//5485 5486//5486
f 5667//5667 5668//5668 5670//5670
f 5666//5666 5669//5669 5671//5671
f 5673//5673 5674//5674 5492//5492
f 5672//5672 5490//5490 5489//5489
f 5676//5676 5677//5677 5678//5678
f 5675//5675 5679//5679 5680//5680
f 5682//5682 5683//5683 5613//5613
f 5681//5681 5610//5610 5615//5615
f 5684//5684 5686//5686 5687//5687
f 5685//5685 5688//5688 5689//5689
f 5690//5690 5692//5692 5620//5620
f 5691//5691 5618//5618 5616//5616
f 5694//5694 5695//5695 5697//5697
f 5693//5693 5696//5696 5698//5698
f 5700//5700 5701//5701 5577//5577
f 5699//5699 5578//5578 5574//5574
f 5703//5703 5704//5704 5705//5705
f 5702//5702 5706//5706 5707//5707
f 5709//5709 5710//5710 5568//5568
f 5708//5708 5569//5569 5573//5573
f 5711//5711 5712//5712 5713//5713
f 5715//5715 5716//5716 5719//5719
f 5719//5719 5716//5716 5722//5722
f 5718//5718 5721//5721 5723//5723
f 5724//5724 5722//5722 5725//5725
f 5726//5726 5720//5720 5728//5728
f 5725//5725 5727//5727 5730//5730
f 5730//5730 5727//5727 5733//5733
f 5729//5729 5731//5731 5736//5736
f 5734//5734 5732//5732 5738//5738
f 5735//5735 5739//5739 5740//5740
f 5743//5743 5746//5746 5748//5748
f 5749//5749 5745//5745 5750//5750
f 5748//5748 5751//5751 5753//5753
f 5754//5754 5752//5752 5755//5755
f 5753//5753 5756//5756 5757//5757
f 5757//5757 5756//5756 5759//5759
f 5757//5757 5759//5759 5761//5761
f 5760//5760 5758//5758 5763//5763
f 5761//5761 5762//5762 5764//5764
f 5764//5764 5762//5762 5768//5768
f 5765//5765 5766//5766 5771//5771
f 5714//5714 5772//5772 5717//5717
f 5716//5716 5773//5773 5774//5774
f 5716//5716 5774//5774 5775//5775
f 5775//5775 5774//5774 5778//5778
f 5776//5776 5777//5777 5780//5780
f 5782//5782 5779//5779 5783//5783
f 5781//5781 5785//5785 5786//5786
f 5787//5787 5784//5784 5788//5788
f 5787//5787 5788//5788 5789//5789
f 5789//5789 5788//5788 5791//5791
f 5790//5790 5792//5792 5793//5793
f 5794//5794 5791//5791 5769//5769
f 5794//5794 5769//5769 5795//5795
f 5796//5796 5770//5770 5767//5767
f 5711//5711 5713//5713 5798//5798
f 5798//5798 5713//5713 5799//5799
f 5797//5797 5800//5800 5803//5803
f 5802//5802 5799//5799 5804//5804
f 5801//5801 5805//5805 5807//5807
f 5806//5806 5804//5804 5808//5808
f 5806//5806 5808//5808 5810//5810
f 5810//5810 5808//5808 5812//5812
f 5809//5809 5813//5813 5815//5815
f 5816//5816 5811//5811 5817//5817
f 5814//5814 5818//5818 5822//5822
f 5821//5821 5819//5819 5824//5824
f 5820//5820 5823//5823 5827//5827
f 5826//5826 5824//5824 5829//5829
f 5825//5825 5830//5830 5832//5832
f 5831//5831 5828//5828 5834//5834
f 5833//5833 5836//5836 5839//5839
f 5838//5838 5835//5835 5841//5841
f 5837//5837 5842//5842 5743//5743
f 5742//5742 5840//5840 5844//5844
f 5744//5744 5843//5843 5747//5747
f 5712//5712 5711//5711 5845//5845
f 5845//5845 5711//5711 5846//5846
f 5845//5845 5846//5846 5849//5849
f 5848//5848 5847//5847 5850//5850
f 5849//5849 5851//5851 5853//5853
f 5853//5853 5851//5851 5854//5854
f 5852//5852 5855//5855 5859//5859
f 5857//5857 5856//5856 5862//5862
f 5858//5858 5860//5860 5864//5864
f 5865//5865 5861//5861 5868//5868
f 5863//5863 5866//5866 5869//5869
f 5871//5871 5867//5867 5873//5873
f 5870//5870 5874//5874 5877//5877
f 5876//5876 5872//5872 5880//5880
f 5875//5875 5879//5879 5881//5881
f 5882//5882 5878//5878 5883//5883
f 5881//5881 5884//5884 5885//5885
f 5884//5884 5887//5887 5885//5885
f 5886//5886 5888//5888 5889//5889
f 5885//5885 5890//5890 5739//5739
f 5739//5739 5890//5890 5892//5892
f 5737//5737 5891//5891 5741//5741
f 5893//5893 4095//4095 4093//4093
f 5894//5894 91//91 90//90
f 90//90 5895//5895 5894//5894
f 5894//5894 5895//5895 5896//5896
f 5894//5894 5896//5896 4093//4093
f 4093//4093 5896//5896 5897//5897
f 4093//4093 5897//5897 5893//5893
f 9//9 8//8 5898//5898
f 4084//4084 5899//5899 4085//4085
f 4085//4085 5899//5899 5900//5900
f 4085//4085 5900//5900 5898//5898
f 5898//5898 5900//5900 5901//5901
f 5898//5898 5901//5901 9//9
f 5902//5902 5903//5903 5904//5904
f 5905//5905 5906//5906 5907//5907
f 5908//5908 5909//5909 5910//5910
f 5910//5910 5909//5909 5911//5911
f 5910//5910 5911//5911 5912//5912
f 5906//5906 5902//5902 5907//5907
f 5907//5907 5902//5902 5904//5904
f 5907//5907 5904//5904 5913//5913
f 5913//5913 5904//5904 5914//5914
f 5915//5915 5916//5916 5917//5917
f 5918//5918 5919//5919 5920//5920
f 5920//5920 5919//5919 5921//5921
f 5920//5920 5921//5921 5922//5922
f 5922//5922 5921//5921 5923//5923
f 5922//5922 5923//5923 5924//5924
f 5913//5913 5914//5914 5925//5925
f 5925//5925 5914//5914 5924//5924
f 5925//5925 5924//5924 5926//5926
f 5926//5926 5924//5924 5923//5923
f 5927//5927 5928//5928 5929//5929
f 5927//5927 5929//5929 5930//5930
f 5930//5930 5929//5929 5931//5931
f 5930//5930 5931//5931 5932//5932
f 5932//5932 5931//5931 5917//5917
f 5932//5932 5917//5917 5916//5916
f 5933//5933 5934//5934 5935//5935
f 5935//5935 5936//5936 5933//5933
f 5933//5933 5936//5936 5937//5937
f 5933//5933 5937//5937 5938//5938
f 5938//5938 5937//5937 5939//5939
f 5938//5938 5939//5939 5940//5940
f 5928//5928 5927//5927 5941//5941
f 5941//5941 5927//5927 5940//5940
f 5941//5941 5940//5940 5942//5942
f 5942//5942 5940//5940 5939//5939
f 5943//5943 5944//5944 5945//5945
f 5945//5945 5944//5944 5946//5946
f 5945//5945 5946//5946 5948//5948
f 5949//5949 5947//5947 5950//5950
f 5949//5949 5950//5950 5951//5951
f 5935//5935 5934//5934 5950//5950
f 5950//5950 5934//5934 5952//5952
f 5950//5950 5952//5952 5951//5951
f 5953//5953 5954//5954 5955//5955
f 5955//5955 5956//5956 5953//5953
f 5953//5953 5956//5956 5957//5957
f 5953//5953 5957//5957 5959//5959
f 5957//5957 5960//5960 5959//5959
f 5959//5959 5960//5960 5961//5961
f 5958//5958 5962//5962 5964//5964
f 5962//5962 5965//5965 5964//5964
f 5964//5964 5965//5965 5966//5966
f 5963//5963 5967//5967 5968//5968
f 5967//5967 5969//5969 5968//5968
f 5968//5968 5969//5969 5970//5970
f 5968//5968 5970//5970 5971//5971
f 5973//5973 5974//5974 5972//5972
f 5972//5972 5974//5974 5975//5975
f 5972//5972 5975//5975 5976//5976
f 5978//5978 5979//5979 5977//5977
f 5977//5977 5979//5979 5980//5980
f 5977//5977 5980//5980 5982//5982
f 5983//5983 5984//5984 5981//5981
f 5981//5981 5984//5984 5985//5985
f 5981//5981 5985//5985 5986//5986
f 5988//5988 5989//5989 5987//5987
f 5987//5987 5989//5989 5990//5990
f 5987//5987 5990//5990 5991//5991
f 5993//5993 5994//5994 5992//5992
f 5992//5992 5994//5994 5995//5995
f 5992//5992 5995//5995 5997//5997
f 5998//5998 5999//5999 5996//5996
f 5996//5996 5999//5999 6000//6000
f 5996//5996 6000//6000 6002//6002
f 6004//6004 6005//6005 6001//6001
f 6001//6001 6005//6005 6006//6006
f 6003//6003 6007//6007 6008//6008
f 6007//6007 6009//6009 6008//6008
f 6008//6008 6009//6009 6010//6010
f 6008//6008 6010//6010 6012//6012
f 6013//6013 6014//6014 6011//6011
f 6011//6011 6014//6014 6015//6015
f 6011//6011 6015//6015 6016//6016
f 6018//6018 6020//6020 6021//6021
f 6023//6023 6024//6024 6017//6017
f 6017//6017 6024//6024 6025//6025
f 6017//6017 6025//6025 6022//6022
f 6021//6021 6026//6026 6027//6027
f 6021//6021 6027//6027 6018//6018
f 6028//6028 6029//6029 6019//6019
f 6019//6019 6029//6029 6030//6030
f 6019//6019 6030//6030 6031//6031
f 6031//6031 6030//6030 6033//6033
f 6031//6031 6033//6033 6034//6034
f 6032//6032 6035//6035 6036//6036
f 6036//6036 6035//6035 6037//6037
f 6036//6036 6037//6037 6038//6038
f 6037//6037 6039//6039 6038//6038
f 6038//6038 6039//6039 6040//6040
f 6038//6038 6040//6040 6042//6042
f 6041//6041 6043//6043 6044//6044
f 6044//6044 6043//6043 6045//6045
f 6044//6044 6045//6045 6046//6046
f 6045//6045 6047//6047 6046//6046
f 6046//6046 6047//6047 6048//6048
f 6046//6046 6048//6048 6050//6050
f 6049//6049 6051//6051 6052//6052
f 6052//6052 6051//6051 6053//6053
f 6052//6052 6053//6053 6054//6054
f 6053//6053 6055//6055 6054//6054
f 6054//6054 6055//6055 6056//6056
f 6054//6054 6056//6056 6058//6058
f 6056//6056 6059//6059 6058//6058
f 6058//6058 6059//6059 6060//6060
f 6057//6057 6061//6061 6062//6062
f 6061//6061 6064//6064 6062//6062
f 6062//6062 6064//6064 6065//6065
f 6063//6063 6066//6066 6067//6067
f 6066//6066 6068//6068 6067//6067
f 6067//6067 6068//6068 6069//6069
f 6067//6067 6069//6069 6070//6070
f 6069//6069 6071//6071 6070//6070
f 6070//6070 6071//6071 6072//6072
f 6070//6070 6072//6072 6073//6073
f 6072//6072 6074//6074 6073//6073
f 6073//6073 6074//6074 6075//6075
f 6073//6073 6075//6075 6076//6076
f 6077//6077 6078//6078 6079//6079
f 6079//6079 6078//6078 6076//6076
f 6079//6079 6076//6076 6080//6080
f 6080//6080 6076//6076 6075//6075
f 6078//6078 6077//6077 6081//6081
f 6078//6078 6081//6081 6082//6082
f 6082//6082 6081//6081 6083//6083
f 6082//6082 6083//6083 6084//6084
f 6085//6085 6086//6086 6087//6087
f 6085//6085 6087//6087 6088//6088
f 6088//6088 6087//6087 5955//5955
f 6088//6088 5955//5955 5954//5954
f 6089//6089 6084//6084 6083//6083
f 6090//6090 6091//6091 6093//6093
f 6092//6092 6094//6094 6089//6089
f 6092//6092 6089//6089 6095//6095
f 6095//6095 6089//6089 6083//6083
f 6096//6096 6097//6097 6098//6098
f 6086//6086 6085//6085 6099//6099
f 6099//6099 6085//6085 6096//6096
f 6099//6099 6096//6096 6100//6100
f 6100//6100 6096//6096 6098//6098
f 6091//6091 6090//6090 6101//6101
f 6091//6091 6101//6101 6102//6102
f 6101//6101 6103//6103 6102//6102
f 6102//6102 6103//6103 6104//6104
f 6102//6102 6104//6104 6105//6105
f 6106//6106 6107//6107 6108//6108
f 6106//6106 6108//6108 6097//6097
f 6097//6097 6108//6108 6109//6109
f 6097//6097 6109//6109 6098//6098
f 6110//6110 6111//6111 6112//6112
f 6112//6112 6113//6113 6110//6110
f 6110//6110 6113//6113 6114//6114
f 6110//6110 6114//6114 6115//6115
f 6114//6114 6116//6116 6115//6115
f 6115//6115 6116//6116 6118//6118
f 6115//6115 6118//6118 6119//6119
f 6117//6117 6120//6120 6121//6121
f 6121//6121 6120//6120 6122//6122
f 6121//6121 6122//6122 6123//6123
f 6123//6123 6122//6122 6124//6124
f 6123//6123 6124//6124 6125//6125
f 6125//6125 6124//6124 6126//6126
f 6126//6126 6127//6127 6125//6125
f 6125//6125 6127//6127 6128//6128
f 6125//6125 6128//6128 6129//6129
f 6128//6128 6130//6130 6129//6129
f 6129//6129 6130//6130 6131//6131
f 6129//6129 6131//6131 6132//6132
f 6132//6132 6131//6131 6133//6133
f 6132//6132 6133//6133 6134//6134
f 6133//6133 6135//6135 6134//6134
f 6137//6137 6136//6136 6138//6138
f 6137//6137 6138//6138 6140//6140
f 6140//6140 6138//6138 6141//6141
f 6141//6141 6142//6142 6140//6140
f 6140//6140 6142//6142 6143//6143
f 6139//6139 6144//6144 6145//6145
f 6144//6144 6146//6146 6145//6145
f 6145//6145 6146//6146 6147//6147
f 6145//6145 6147//6147 6148//6148
f 6148//6148 6147//6147 6149//6149
f 6148//6148 6149//6149 6150//6150
f 6150//6150 6149//6149 6151//6151
f 6151//6151 6153//6153 6150//6150
f 6154//6154 6152//6152 6155//6155
f 6154//6154 6155//6155 6156//6156
f 6155//6155 6157//6157 6156//6156
f 6156//6156 6157//6157 6158//6158
f 6156//6156 6158//6158 6159//6159
f 6158//6158 6160//6160 6159//6159
f 6159//6159 6160//6160 6161//6161
f 6159//6159 6161//6161 6162//6162
f 6162//6162 6161//6161 6163//6163
f 6162//6162 6163//6163 6164//6164
f 6164//6164 6163//6163 6165//6165
f 6165//6165 6166//6166 6164//6164
f 6164//6164 6166//6166 6167//6167
f 6164//6164 6167//6167 6168//6168
f 6168//6168 6167//6167 6169//6169
f 6168//6168 6169//6169 6170//6170
f 6169//6169 6171//6171 6170//6170
f 6170//6170 6171//6171 6172//6172
f 6170//6170 6172//6172 6173//6173
f 6173//6173 6172//6172 6174//6174
f 6173//6173 6174//6174 6175//6175
f 6174//6174 6176//6176 6175//6175
f 6175//6175 6176//6176 6177//6177
f 6175//6175 6177//6177 6178//6178
f 6177//6177 6179//6179 6178//6178
f 6178//6178 6179//6179 6180//6180
f 6178//6178 6180//6180 6182//6182
f 6182//6182 6180//6180 6183//6183
f 6181//6181 6184//6184 6185//6185
f 6185//6185 6184//6184 6187//6187
f 6187//6187 6188//6188 6185//6185
f 6185//6185 6188//6188 6189//6189
f 6186//6186 6190//6190 6191//6191
f 6190//6190 6193//6193 6191//6191
f 6191//6191 6193//6193 6194//6194
f 6192//6192 6195//6195 6196//6196
f 6195//6195 6197//6197 6196//6196
f 6196//6196 6197//6197 6198//6198
f 6196//6196 6198//6198 6199//6199
f 6201//6201 6202//6202 6200//6200
f 6200//6200 6202//6202 6203//6203
f 6200//6200 6203//6203 6204//6204
f 6204//6204 6203//6203 6205//6205
f 6204//6204 6205//6205 6206//6206
f 6206//6206 6205//6205 6207//6207
f 6207//6207 6208//6208 6206//6206
f 6206//6206 6208//6208 6209//6209
f 6206//6206 6209//6209 6210//6210
f 6210//6210 6209//6209 6211//6211
f 6210//6210 6211//6211 6213//6213
f 6212//6212 6214//6214 6215//6215
f 6215//6215 6216//6216 6212//6212
f 6212//6212 6216//6216 6217//6217
f 6212//6212 6217//6217 6218//6218
f 6217//6217 6219//6219 6218//6218
f 6218//6218 6219//6219 6220//6220
f 6218//6218 6220//6220 6221//6221
f 6221//6221 6220//6220 6222//6222
f 6221//6221 6222//6222 6223//6223
f 6223//6223 6222//6222 6224//6224
f 6224//6224 6225//6225 6223//6223
f 6223//6223 6225//6225 6226//6226
f 6223//6223 6226//6226 6227//6227
f 6226//6226 6228//6228 6227//6227
f 6227//6227 6228//6228 6229//6229
f 6227//6227 6229//6229 6230//6230
f 6230//6230 6229//6229 6231//6231
f 6230//6230 6231//6231 6232//6232
f 6232//6232 6231//6231 6233//6233
f 6233//6233 6234//6234 6232//6232
f 6232//6232 6234//6234 6235//6235
f 6232//6232 6235//6235 6236//6236
f 6235//6235 6237//6237 6236//6236
f 6236//6236 6237//6237 6239//6239
f 6236//6236 6239//6239 6240//6240
f 6111//6111 6238//6238 6241//6241
f 6111//6111 6241//6241 6112//6112

