# https://github.com/mikedh/trimesh
v -0.02754100 -0.06998100 -0.02167200
v -0.02754100 -0.06998100 -0.02167200
v -0.02739200 -0.06928800 -0.02172800
v -0.02739200 -0.06928800 -0.02172800
v -0.02739200 -0.06928800 -0.02172800
v -0.02648600 -0.07912600 -0.02094200
v -0.02648600 -0.07912600 -0.02094200
v -0.02648600 -0.07912600 -0.02094200
v -0.02648600 -0.07912600 -0.02094200
v -0.02648600 -0.07912600 -0.02094200
v -0.02648600 -0.07912600 -0.02094200
v -0.02648600 -0.07912600 -0.02094200
v -0.02648600 -0.07912600 -0.02094200
v -0.02648600 -0.07912600 -0.02094200
v -0.02648600 -0.07912600 -0.02094200
v -0.02648600 -0.07912600 -0.02094200
v -0.02648600 -0.07912600 -0.02094200
v -0.02648600 -0.07912600 -0.02094200
v -0.02648600 -0.07912600 -0.02094200
v -0.02648600 -0.07912600 -0.02094200
v -0.01620600 -0.07380000 -0.02136400
v -0.01620600 -0.07380000 -0.02136400
v -0.01620600 -0.07380000 -0.02136400
v -0.01629900 -0.07820100 -0.02101300
v -0.01629900 -0.07820100 -0.02101300
v -0.01629900 -0.07820100 -0.02101300
v -0.01629900 -0.07820100 -0.02101300
v -0.01629900 -0.07820100 -0.02101300
v -0.01969200 -0.07850900 -0.02098900
v -0.01969200 -0.07850900 -0.02098900
v -0.01969200 -0.07850900 -0.02098900
v -0.01969200 -0.07850900 -0.02098900
v -0.01969200 -0.07850900 -0.02098900
v -0.01969200 -0.07850900 -0.02098900
v -0.01969200 -0.07850900 -0.02098900
v -0.01969200 -0.07850900 -0.02098900
v -0.01849400 -0.09478200 -0.01968900
v -0.01849400 -0.09478200 -0.01968900
v -0.01826500 -0.09414500 -0.01974000
v -0.01826500 -0.09414500 -0.01974000
v -0.01826500 -0.09414500 -0.01974000
v -0.01826500 -0.09414500 -0.01974000
v -0.01826500 -0.09414500 -0.01974000
v -0.01826500 -0.09414500 -0.01974000
v -0.01826500 -0.09414500 -0.01974000
v -0.01826500 -0.09414500 -0.01974000
v -0.01849400 -0.09542700 -0.01963800
v -0.01849400 -0.09542700 -0.01963800
v -0.01849400 -0.09542700 -0.01963800
v -0.01809900 -0.09596900 -0.01959400
v -0.01809900 -0.09596900 -0.01959400
v -0.01809900 -0.09596900 -0.01959400
v -0.01809900 -0.09596900 -0.01959400
v -0.01809900 -0.09596900 -0.01959400
v -0.01809900 -0.09596900 -0.01959400
v -0.01809900 -0.09596900 -0.01959400
v -0.01809900 -0.09596900 -0.01959400
v -0.01809900 -0.09596900 -0.01959400
v -0.01809900 -0.09596900 -0.01959400
v -0.01809900 -0.09596900 -0.01959400
v -0.01809900 -0.09596900 -0.01959400
v -0.01809900 -0.09596900 -0.01959400
v -0.01853800 -0.09548500 -0.01963300
v -0.01853800 -0.09548500 -0.01963300
v -0.02289700 -0.09463000 -0.01970300
v -0.02289700 -0.09463000 -0.01970300
v -0.02292300 -0.09463500 -0.01970200
v -0.02292300 -0.09463500 -0.01970200
v -0.02505900 -0.09476200 -0.01969300
v -0.02505900 -0.09476200 -0.01969300
v -0.02505900 -0.09476200 -0.01969300
v -0.02505900 -0.09476200 -0.01969300
v -0.02505900 -0.09476200 -0.01969300
v -0.02505900 -0.09476200 -0.01969300
v -0.02505900 -0.09476200 -0.01969300
v -0.02505900 -0.09476200 -0.01969300
v -0.02505900 -0.09476200 -0.01969300
v -0.02505900 -0.09476200 -0.01969300
v -0.02505900 -0.09476200 -0.01969300
v -0.02505900 -0.09476200 -0.01969300
v -0.02505900 -0.09476200 -0.01969300
v -0.02505900 -0.09476200 -0.01969300
v -0.02505900 -0.09476200 -0.01969300
v -0.02505900 -0.09476200 -0.01969300
v -0.02505900 -0.09476200 -0.01969300
v -0.02505900 -0.09476200 -0.01969300
v -0.02505900 -0.09476200 -0.01969300
v -0.02505900 -0.09476200 -0.01969300
v -0.02505900 -0.09476200 -0.01969300
v -0.02505900 -0.09476200 -0.01969300
v -0.02505900 -0.09476200 -0.01969300
v -0.02505900 -0.09476200 -0.01969300
v -0.02297500 -0.09465600 -0.01970100
v -0.02297500 -0.09465600 -0.01970100
v -0.02300900 -0.09469000 -0.01969800
v -0.02300900 -0.09469000 -0.01969800
v -0.02465900 -0.09617000 -0.01958000
v -0.02465900 -0.09617000 -0.01958000
v -0.02437500 -0.09625200 -0.01957400
v -0.02437500 -0.09625200 -0.01957400
v -0.02489300 -0.09658500 -0.01954700
v -0.02489300 -0.09658500 -0.01954700
v -0.02489300 -0.09658500 -0.01954700
v -0.02489300 -0.09658500 -0.01954700
v -0.02489300 -0.09658500 -0.01954700
v -0.02489300 -0.09658500 -0.01954700
v -0.02489300 -0.09658500 -0.01954700
v -0.02489300 -0.09658500 -0.01954700
v -0.02489300 -0.09658500 -0.01954700
v -0.02489300 -0.09658500 -0.01954700
v -0.02489300 -0.09658500 -0.01954700
v -0.02489300 -0.09658500 -0.01954700
v -0.02489300 -0.09658500 -0.01954700
v -0.02489300 -0.09658500 -0.01954700
v -0.02489300 -0.09658500 -0.01954700
v -0.02489300 -0.09658500 -0.01954700
v -0.02489300 -0.09658500 -0.01954700
v -0.02489300 -0.09658500 -0.01954700
v -0.02489300 -0.09658500 -0.01954700
v -0.02489300 -0.09658500 -0.01954700
v -0.02489300 -0.09658500 -0.01954700
v -0.02489300 -0.09658500 -0.01954700
v -0.02489300 -0.09658500 -0.01954700
v -0.02489300 -0.09658500 -0.01954700
v -0.02489300 -0.09658500 -0.01954700
v -0.02489300 -0.09658500 -0.01954700
v -0.02489300 -0.09658500 -0.01954700
v -0.02489300 -0.09658500 -0.01954700
v -0.02406700 -0.09622900 -0.01957600
v -0.02406700 -0.09622900 -0.01957600
v -0.02406700 -0.09622900 -0.01957600
v -0.02406700 -0.09622900 -0.01957600
v -0.02406700 -0.09622900 -0.01957600
v -0.01875300 -0.09602800 -0.01959000
v -0.01875300 -0.09602800 -0.01959000
v -0.01875300 -0.09602800 -0.01959000
v -0.01875300 -0.09602800 -0.01959000
v -0.01875300 -0.09602800 -0.01959000
v -0.01875300 -0.09602800 -0.01959000
v -0.01875300 -0.09602800 -0.01959000
v -0.01875300 -0.09602800 -0.01959000
v -0.01875300 -0.09602800 -0.01959000
v -0.01875300 -0.09602800 -0.01959000
v -0.01875300 -0.09602800 -0.01959000
v -0.01875300 -0.09602800 -0.01959000
v -0.01875300 -0.09602800 -0.01959000
v -0.01875300 -0.09602800 -0.01959000
v -0.01875300 -0.09602800 -0.01959000
v -0.01875300 -0.09602800 -0.01959000
v -0.01875300 -0.09602800 -0.01959000
v -0.01875300 -0.09602800 -0.01959000
v -0.01875300 -0.09602800 -0.01959000
v -0.01875300 -0.09602800 -0.01959000
v -0.01875300 -0.09602800 -0.01959000
v -0.01875300 -0.09602800 -0.01959000
v -0.01875300 -0.09602800 -0.01959000
v -0.01875300 -0.09602800 -0.01959000
v -0.01875300 -0.09602800 -0.01959000
v -0.01875300 -0.09602800 -0.01959000
v -0.01875300 -0.09602800 -0.01959000
v -0.02090800 -0.09438800 -0.01972100
v -0.02090800 -0.09438800 -0.01972100
v -0.02126000 -0.09443000 -0.01971800
v -0.02126000 -0.09443000 -0.01971800
v -0.02302600 -0.09592400 -0.01959900
v -0.02302600 -0.09592400 -0.01959900
v -0.02301600 -0.09599400 -0.01959400
v -0.02301600 -0.09599400 -0.01959400
v -0.02342200 -0.09543000 -0.01963900
v -0.02342200 -0.09543000 -0.01963900
v -0.02342200 -0.09543000 -0.01963900
v -0.02342200 -0.09543000 -0.01963900
v -0.02342200 -0.09543000 -0.01963900
v -0.02342200 -0.09543000 -0.01963900
v -0.02299800 -0.09602200 -0.01959200
v -0.02299800 -0.09602200 -0.01959200
v -0.02299800 -0.09602200 -0.01959200
v -0.02350100 -0.09577000 -0.01961200
v -0.02350100 -0.09577000 -0.01961200
v -0.02350100 -0.09577000 -0.01961200
v -0.02297000 -0.09603700 -0.01959000
v -0.02297000 -0.09603700 -0.01959000
v -0.02297000 -0.09603700 -0.01959000
v -0.02297000 -0.09603700 -0.01959000
v -0.02378800 -0.09609800 -0.01958600
v -0.02378800 -0.09609800 -0.01958600
v -0.02444300 -0.09481900 -0.01968800
v -0.02444300 -0.09481900 -0.01968800
v -0.02406400 -0.09475200 -0.01969300
v -0.02406400 -0.09475200 -0.01969300
v -0.02406400 -0.09475200 -0.01969300
v -0.02300900 -0.09469000 -0.01969800
v -0.02300900 -0.09469000 -0.01969800
v -0.02300900 -0.09469000 -0.01969800
v -0.02374600 -0.09483100 -0.01968700
v -0.02374600 -0.09483100 -0.01968700
v -0.02351900 -0.09503900 -0.01967000
v -0.02351900 -0.09503900 -0.01967000
v -0.02351900 -0.09503900 -0.01967000
v -0.02351900 -0.09503900 -0.01967000
v -0.02161200 -0.09447300 -0.01971500
v -0.02161200 -0.09447300 -0.01971500
v -0.02191800 -0.09451000 -0.01971200
v -0.02191800 -0.09451000 -0.01971200
v -0.02222300 -0.09454800 -0.01970900
v -0.02222300 -0.09454800 -0.01970900
v -0.02254700 -0.09458700 -0.01970600
v -0.02254700 -0.09458700 -0.01970600
v -0.02287100 -0.09462600 -0.01970300
v -0.02287100 -0.09462600 -0.01970300
v -0.01911700 -0.09558000 -0.01962600
v -0.01911700 -0.09558000 -0.01962600
v -0.01887100 -0.09554900 -0.01962800
v -0.01887100 -0.09554900 -0.01962800
v -0.01862500 -0.09551900 -0.01963100
v -0.01862500 -0.09551900 -0.01963100
v -0.01862500 -0.09551900 -0.01963100
v -0.01857300 -0.09550600 -0.01963200
v -0.01857300 -0.09550600 -0.01963200
v -0.02495300 -0.09570400 -0.01961800
v -0.02495300 -0.09570400 -0.01961800
v -0.02495300 -0.09570400 -0.01961800
v -0.02302600 -0.09476300 -0.01969200
v -0.02302600 -0.09476300 -0.01969200
v -0.02302600 -0.09498600 -0.01967400
v -0.02302600 -0.09498600 -0.01967400
v -0.02302600 -0.09498600 -0.01967400
v -0.02344200 -0.09522500 -0.01965600
v -0.02344200 -0.09522500 -0.01965600
v -0.02344200 -0.09522500 -0.01965600
v -0.02302600 -0.09520900 -0.01965700
v -0.02302600 -0.09520900 -0.01965700
v -0.02302600 -0.09520900 -0.01965700
v -0.02302600 -0.09556700 -0.01962800
v -0.02302600 -0.09556700 -0.01962800
v -0.02473300 -0.09502300 -0.01967200
v -0.02473300 -0.09502300 -0.01967200
v -0.02487600 -0.09522800 -0.01965600
v -0.02487600 -0.09522800 -0.01965600
v -0.02494800 -0.09546800 -0.01963700
v -0.02494800 -0.09546800 -0.01963700
v -0.02492100 -0.09583600 -0.01960700
v -0.02492100 -0.09583600 -0.01960700
v -0.02486700 -0.09596100 -0.01959700
v -0.02486700 -0.09596100 -0.01959700
v -0.02495000 -0.09547800 -0.01963600
v -0.02495000 -0.09547800 -0.01963600
v -0.02495300 -0.09548700 -0.01963500
v -0.02495300 -0.09548700 -0.01963500
v -0.02289800 -0.09604000 -0.01959000
v -0.02289800 -0.09604000 -0.01959000
v -0.02289800 -0.09604000 -0.01959000
v -0.02258600 -0.09600200 -0.01959300
v -0.02258600 -0.09600200 -0.01959300
v -0.02227400 -0.09596400 -0.01959600
v -0.02227400 -0.09596400 -0.01959600
v -0.02192300 -0.09592100 -0.01959900
v -0.02192300 -0.09592100 -0.01959900
v -0.02157100 -0.09587900 -0.01960300
v -0.02157100 -0.09587900 -0.01960300
v -0.02129500 -0.09584500 -0.01960500
v -0.02129500 -0.09584500 -0.01960500
v -0.02031200 -0.09572500 -0.01961500
v -0.02031200 -0.09572500 -0.01961500
v -0.02003800 -0.09569200 -0.01961700
v -0.02003800 -0.09569200 -0.01961700
v -0.02101900 -0.09581100 -0.01960800
v -0.02101900 -0.09581100 -0.01960800
v -0.02066600 -0.09576800 -0.01961100
v -0.02066600 -0.09576800 -0.01961100
v -0.01976400 -0.09565800 -0.01962000
v -0.01976400 -0.09565800 -0.01962000
v -0.01944100 -0.09561900 -0.01962300
v -0.01944100 -0.09561900 -0.01962300
v -0.01944100 -0.09420900 -0.01973500
v -0.01944100 -0.09420900 -0.01973500
v -0.01894400 -0.09393200 -0.01975700
v -0.01894400 -0.09393200 -0.01975700
v -0.01894400 -0.09393200 -0.01975700
v -0.01894400 -0.09393200 -0.01975700
v -0.01894400 -0.09393200 -0.01975700
v -0.01894400 -0.09393200 -0.01975700
v -0.01894400 -0.09393200 -0.01975700
v -0.01894400 -0.09393200 -0.01975700
v -0.01894400 -0.09393200 -0.01975700
v -0.01894400 -0.09393200 -0.01975700
v -0.01894400 -0.09393200 -0.01975700
v -0.01894400 -0.09393200 -0.01975700
v -0.01894400 -0.09393200 -0.01975700
v -0.01894400 -0.09393200 -0.01975700
v -0.01894400 -0.09393200 -0.01975700
v -0.01894400 -0.09393200 -0.01975700
v -0.01894400 -0.09393200 -0.01975700
v -0.01912600 -0.09417100 -0.01973800
v -0.01912600 -0.09417100 -0.01973800
v -0.01881000 -0.09413200 -0.01974100
v -0.01881000 -0.09413200 -0.01974100
v -0.01979300 -0.09425200 -0.01973200
v -0.01979300 -0.09425200 -0.01973200
v -0.02014500 -0.09429500 -0.01972900
v -0.02014500 -0.09429500 -0.01972900
v -0.02052700 -0.09434100 -0.01972500
v -0.02052700 -0.09434100 -0.01972500
v -0.02052700 -0.09434100 -0.01972500
v -0.02052700 -0.09434100 -0.01972500
v -0.01849800 -0.09411000 -0.01974300
v -0.01849800 -0.09411000 -0.01974300
v -0.01829000 -0.09387300 -0.01976200
v -0.01829000 -0.09387300 -0.01976200
v -0.01829000 -0.09387300 -0.01976200
v -0.01829000 -0.09387300 -0.01976200
v -0.01829000 -0.09387300 -0.01976200
v -0.01829000 -0.09387300 -0.01976200
v -0.01829000 -0.09387300 -0.01976200
v -0.01829000 -0.09387300 -0.01976200
v -0.01829000 -0.09387300 -0.01976200
v -0.01829000 -0.09387300 -0.01976200
v -0.01829000 -0.09387300 -0.01976200
v -0.01829000 -0.09387300 -0.01976200
v -0.01829000 -0.09387300 -0.01976200
v -0.01829000 -0.09387300 -0.01976200
v -0.01849400 -0.09412500 -0.01974200
v -0.01849400 -0.09412500 -0.01974200
v -0.01849400 -0.09412500 -0.01974200
v -0.01849400 -0.09413700 -0.01974100
v -0.01849400 -0.09413700 -0.01974100
v -0.01850200 -0.09410400 -0.01974400
v -0.01850200 -0.09410400 -0.01974400
v -0.01851100 -0.09410000 -0.01974400
v -0.01851100 -0.09410000 -0.01974400
v -0.01853100 -0.09410000 -0.01974400
v -0.01853100 -0.09410000 -0.01974400
v -0.01856100 -0.09410200 -0.01974400
v -0.01856100 -0.09410200 -0.01974400
v -0.01859100 -0.09410100 -0.01974400
v -0.01859100 -0.09410100 -0.01974400
v -0.01859100 -0.09410100 -0.01974400
v -0.01870000 -0.09412000 -0.01974200
v -0.01870000 -0.09412000 -0.01974200
v -0.02421500 -0.10079100 -0.01921100
v -0.02421500 -0.10079100 -0.01921100
v -0.02377800 -0.10112800 -0.01918400
v -0.02377800 -0.10112800 -0.01918400
v -0.02442800 -0.10167200 -0.01914100
v -0.02442800 -0.10167200 -0.01914100
v -0.02442800 -0.10167200 -0.01914100
v -0.02442800 -0.10167200 -0.01914100
v -0.02442800 -0.10167200 -0.01914100
v -0.02442800 -0.10167200 -0.01914100
v -0.02442800 -0.10167200 -0.01914100
v -0.02442800 -0.10167200 -0.01914100
v -0.02442800 -0.10167200 -0.01914100
v -0.02442800 -0.10167200 -0.01914100
v -0.02442800 -0.10167200 -0.01914100
v -0.02442800 -0.10167200 -0.01914100
v -0.02442800 -0.10167200 -0.01914100
v -0.02442800 -0.10167200 -0.01914100
v -0.02442800 -0.10167200 -0.01914100
v -0.02442800 -0.10167200 -0.01914100
v -0.02442800 -0.10167200 -0.01914100
v -0.02442800 -0.10167200 -0.01914100
v -0.02442800 -0.10167200 -0.01914100
v -0.02442800 -0.10167200 -0.01914100
v -0.02442800 -0.10167200 -0.01914100
v -0.02442800 -0.10167200 -0.01914100
v -0.02442800 -0.10167200 -0.01914100
v -0.02440200 -0.10052800 -0.01923200
v -0.02440200 -0.10052800 -0.01923200
v -0.02324900 -0.10127900 -0.01917200
v -0.02324900 -0.10127900 -0.01917200
v -0.02254700 -0.10126400 -0.01917300
v -0.02254700 -0.10126400 -0.01917300
v -0.02254700 -0.10126400 -0.01917300
v -0.01828900 -0.10111500 -0.01918400
v -0.01828900 -0.10111500 -0.01918400
v -0.01828900 -0.10111500 -0.01918400
v -0.01828900 -0.10111500 -0.01918400
v -0.01828900 -0.10111500 -0.01918400
v -0.01828900 -0.10111500 -0.01918400
v -0.01828900 -0.10111500 -0.01918400
v -0.01828900 -0.10111500 -0.01918400
v -0.01828900 -0.10111500 -0.01918400
v -0.01828900 -0.10111500 -0.01918400
v -0.01828900 -0.10111500 -0.01918400
v -0.01828900 -0.10111500 -0.01918400
v -0.01828900 -0.10111500 -0.01918400
v -0.01828900 -0.10111500 -0.01918400
v -0.01828900 -0.10111500 -0.01918400
v -0.01828900 -0.10111500 -0.01918400
v -0.01828900 -0.10111500 -0.01918400
v -0.01828900 -0.10111500 -0.01918400
v -0.01828900 -0.10111500 -0.01918400
v -0.01828900 -0.10111500 -0.01918400
v -0.01828900 -0.10111500 -0.01918400
v -0.01828900 -0.10111500 -0.01918400
v -0.01828900 -0.10111500 -0.01918400
v -0.02188200 -0.10103700 -0.01919100
v -0.02188200 -0.10103700 -0.01919100
v -0.02138700 -0.10067500 -0.01922000
v -0.02138700 -0.10067500 -0.01922000
v -0.02102400 -0.10018100 -0.01925900
v -0.02102400 -0.10018100 -0.01925900
v -0.02086600 -0.09980500 -0.01928900
v -0.02086600 -0.09980500 -0.01928900
v -0.02077800 -0.09940800 -0.01932100
v -0.02077800 -0.09940800 -0.01932100
v -0.02076400 -0.09928600 -0.01933000
v -0.02076400 -0.09928600 -0.01933000
v -0.01882300 -0.09771800 -0.01945500
v -0.01882300 -0.09771800 -0.01945500
v -0.01871700 -0.09770500 -0.01945600
v -0.01871700 -0.09770500 -0.01945600
v -0.02075000 -0.09859600 -0.01938600
v -0.02075000 -0.09859600 -0.01938600
v -0.02075000 -0.09859600 -0.01938600
v -0.02075000 -0.09859600 -0.01938600
v -0.02075000 -0.09859600 -0.01938600
v -0.02075000 -0.09859600 -0.01938600
v -0.01861100 -0.09769200 -0.01945700
v -0.01861100 -0.09769200 -0.01945700
v -0.01861100 -0.09769200 -0.01945700
v -0.01861100 -0.09769200 -0.01945700
v -0.01861100 -0.09769200 -0.01945700
v -0.02075700 -0.09916400 -0.01934000
v -0.02075700 -0.09916400 -0.01934000
v -0.02075700 -0.09916400 -0.01934000
v -0.01992700 -0.09784900 -0.01944500
v -0.01992700 -0.09784900 -0.01944500
v -0.01954300 -0.09780300 -0.01944800
v -0.01954300 -0.09780300 -0.01944800
v -0.01918300 -0.09776000 -0.01945200
v -0.01918300 -0.09776000 -0.01945200
v -0.02073900 -0.09796500 -0.01943600
v -0.02072300 -0.09795100 -0.01943700
v -0.02072300 -0.09795100 -0.01943700
v -0.02074900 -0.09799200 -0.01943400
v -0.02074900 -0.09799200 -0.01943400
v -0.02074900 -0.09799200 -0.01943400
v -0.02067400 -0.09793900 -0.01943800
v -0.02067400 -0.09793900 -0.01943800
v -0.02067400 -0.09793900 -0.01943800
v -0.02075100 -0.09802700 -0.01943100
v -0.02075100 -0.09802700 -0.01943100
v -0.02075100 -0.09802700 -0.01943100
v -0.02049200 -0.09791700 -0.01944000
v -0.02049200 -0.09791700 -0.01944000
v -0.02049200 -0.09791700 -0.01944000
v -0.02075000 -0.09859600 -0.01938600
v -0.02075000 -0.09859600 -0.01938600
v -0.02075000 -0.09859600 -0.01938600
v -0.02031000 -0.09789600 -0.01944100
v -0.02031000 -0.09789600 -0.01944100
v -0.02451300 -0.09700800 -0.01951300
v -0.02451300 -0.09700800 -0.01951300
v -0.02458200 -0.09703600 -0.01951100
v -0.02458200 -0.09703600 -0.01951100
v -0.02461500 -0.09707700 -0.01950800
v -0.02461500 -0.09707700 -0.01950800
v -0.02462900 -0.09715200 -0.01950200
v -0.02462900 -0.09715200 -0.01950200
v -0.02462700 -0.09953900 -0.01931100
v -0.02462700 -0.09953900 -0.01931100
v -0.02462700 -0.09953900 -0.01931100
v -0.02519100 -0.10174100 -0.01913600
v -0.02519100 -0.10174100 -0.01913600
v -0.02519100 -0.10174100 -0.01913600
v -0.02519100 -0.10174100 -0.01913600
v -0.02519100 -0.10174100 -0.01913600
v -0.02519100 -0.10174100 -0.01913600
v -0.02519100 -0.10174100 -0.01913600
v -0.02519100 -0.10174100 -0.01913600
v -0.02519100 -0.10174100 -0.01913600
v -0.02519100 -0.10174100 -0.01913600
v -0.02519100 -0.10174100 -0.01913600
v -0.02519100 -0.10174100 -0.01913600
v -0.02519100 -0.10174100 -0.01913600
v -0.02519100 -0.10174100 -0.01913600
v -0.02460600 -0.09988900 -0.01928300
v -0.02460600 -0.09988900 -0.01928300
v -0.02460600 -0.09988900 -0.01928300
v -0.02453100 -0.10023200 -0.01925600
v -0.02453100 -0.10023200 -0.01925600
v -0.01896800 -0.09632600 -0.01956600
v -0.01896800 -0.09632600 -0.01956600
v -0.01931400 -0.09636800 -0.01956300
v -0.01931400 -0.09636800 -0.01956300
v -0.01965900 -0.09641100 -0.01956000
v -0.01965900 -0.09641100 -0.01956000
v -0.02000500 -0.09645400 -0.01955600
v -0.02000500 -0.09645400 -0.01955600
v -0.02034900 -0.09649600 -0.01955300
v -0.02034900 -0.09649600 -0.01955300
v -0.02172800 -0.09666500 -0.01954000
v -0.02172800 -0.09666500 -0.01954000
v -0.02207100 -0.09670700 -0.01953700
v -0.02207100 -0.09670700 -0.01953700
v -0.02241300 -0.09674900 -0.01953300
v -0.02241300 -0.09674900 -0.01953300
v -0.02069200 -0.09653800 -0.01955000
v -0.02069200 -0.09653800 -0.01955000
v -0.02103800 -0.09658100 -0.01954600
v -0.02103800 -0.09658100 -0.01954600
v -0.02103800 -0.09658100 -0.01954600
v -0.02138400 -0.09662300 -0.01954300
v -0.02138400 -0.09662300 -0.01954300
v -0.02345000 -0.09687700 -0.01952400
v -0.02345000 -0.09687700 -0.01952400
v -0.02376400 -0.09691600 -0.01952100
v -0.02376400 -0.09691600 -0.01952100
v -0.02407800 -0.09695500 -0.01951800
v -0.02407800 -0.09695500 -0.01951800
v -0.02275500 -0.09679100 -0.01953000
v -0.02275500 -0.09679100 -0.01953000
v -0.02310200 -0.09683400 -0.01952700
v -0.02310200 -0.09683400 -0.01952700
v -0.02428700 -0.09698000 -0.01951600
v -0.02428700 -0.09698000 -0.01951600
v -0.02449700 -0.09700600 -0.01951400
v -0.02449700 -0.09700600 -0.01951400
v -0.01763400 -0.10105500 -0.01918800
v -0.01763400 -0.10105500 -0.01918800
v -0.01763400 -0.10105500 -0.01918800
v -0.01763400 -0.10105500 -0.01918800
v -0.01763400 -0.10105500 -0.01918800
v -0.01763400 -0.10105500 -0.01918800
v -0.01763400 -0.10105500 -0.01918800
v -0.01763400 -0.10105500 -0.01918800
v -0.01849300 -0.09634400 -0.01956500
v -0.01849300 -0.09634400 -0.01956500
v -0.01849300 -0.09760600 -0.01946400
v -0.01849300 -0.09760600 -0.01946400
v -0.01849300 -0.09760600 -0.01946400
v -0.01855200 -0.09767100 -0.01945900
v -0.01855200 -0.09767100 -0.01945900
v -0.01852500 -0.09630100 -0.01956800
v -0.01852500 -0.09630100 -0.01956800
v -0.01855300 -0.09628400 -0.01956900
v -0.01855300 -0.09628400 -0.01956900
v -0.01855300 -0.09628400 -0.01956900
v -0.01862200 -0.09628300 -0.01957000
v -0.01862200 -0.09628300 -0.01957000
v -0.02463200 -0.09250700 -0.01987300
v -0.02463200 -0.09250700 -0.01987300
v -0.02457500 -0.09286500 -0.01984400
v -0.02457500 -0.09286500 -0.01984400
v -0.02508400 -0.09448900 -0.01971500
v -0.02508400 -0.09448900 -0.01971500
v -0.02508400 -0.09448900 -0.01971500
v -0.02508400 -0.09448900 -0.01971500
v -0.02508400 -0.09448900 -0.01971500
v -0.02508400 -0.09448900 -0.01971500
v -0.02508400 -0.09448900 -0.01971500
v -0.02508400 -0.09448900 -0.01971500
v -0.02508400 -0.09448900 -0.01971500
v -0.02508400 -0.09448900 -0.01971500
v -0.02508400 -0.09448900 -0.01971500
v -0.02508400 -0.09448900 -0.01971500
v -0.02508400 -0.09448900 -0.01971500
v -0.02508400 -0.09448900 -0.01971500
v -0.02508400 -0.09448900 -0.01971500
v -0.02508400 -0.09448900 -0.01971500
v -0.02508400 -0.09448900 -0.01971500
v -0.02508400 -0.09448900 -0.01971500
v -0.02508400 -0.09448900 -0.01971500
v -0.02508400 -0.09448900 -0.01971500
v -0.02257500 -0.09405700 -0.01974800
v -0.02257500 -0.09405700 -0.01974800
v -0.02180900 -0.09378300 -0.01977000
v -0.02180900 -0.09378300 -0.01977000
v -0.02120400 -0.09323900 -0.01981300
v -0.02120400 -0.09323900 -0.01981300
v -0.02086800 -0.09258900 -0.01986500
v -0.02086800 -0.09258900 -0.01986500
v -0.02438300 -0.09335000 -0.01980500
v -0.02438300 -0.09335000 -0.01980500
v -0.02403900 -0.09374200 -0.01977400
v -0.02403900 -0.09374200 -0.01977400
v -0.02368800 -0.09394900 -0.01975700
v -0.02368800 -0.09394900 -0.01975700
v -0.01922700 -0.08913600 -0.02014000
v -0.01922700 -0.08913600 -0.02014000
v -0.01922700 -0.08913600 -0.02014000
v -0.02034700 -0.07856900 -0.02098500
v -0.02034700 -0.07856900 -0.02098500
v -0.02034700 -0.07856900 -0.02098500
v -0.02034700 -0.07856900 -0.02098500
v -0.02034700 -0.07856900 -0.02098500
v -0.02034700 -0.07856900 -0.02098500
v -0.02034700 -0.07856900 -0.02098500
v -0.02034700 -0.07856900 -0.02098500
v -0.02034700 -0.07856900 -0.02098500
v -0.01983100 -0.08921000 -0.02013500
v -0.01983100 -0.08921000 -0.02013500
v -0.02091000 -0.08934300 -0.02012400
v -0.02091000 -0.08934300 -0.02012400
v -0.02091000 -0.08934300 -0.02012400
v -0.02212600 -0.08949200 -0.02011300
v -0.02212600 -0.08949200 -0.02011300
v -0.02272800 -0.08956700 -0.02010700
v -0.02272800 -0.08956700 -0.02010700
v -0.02332900 -0.08964100 -0.02010100
v -0.02332900 -0.08964100 -0.02010100
v -0.02451400 -0.08978700 -0.02009000
v -0.02451400 -0.08978700 -0.02009000
v -0.02458700 -0.08981900 -0.02008800
v -0.02458700 -0.08981900 -0.02008800
v -0.02463400 -0.08987600 -0.02008300
v -0.02463400 -0.08987600 -0.02008300
v -0.02463400 -0.08987600 -0.02008300
v -0.02463200 -0.09245600 -0.01987700
v -0.02463200 -0.09245600 -0.01987700
v -0.02075600 -0.09186800 -0.01992300
v -0.02075600 -0.09186800 -0.01992300
v -0.02075600 -0.09186800 -0.01992300
v -0.02075300 -0.09134300 -0.01996500
v -0.02075300 -0.09134300 -0.01996500
v -0.02075300 -0.09134300 -0.01996500
v -0.02075300 -0.09134300 -0.01996500
v -0.01933800 -0.09055900 -0.02002700
v -0.01933800 -0.09055900 -0.02002700
v -0.01933800 -0.09055900 -0.02002700
v -0.01933800 -0.09055900 -0.02002700
v -0.01933800 -0.09055900 -0.02002700
v -0.02390700 -0.08971200 -0.02009600
v -0.02390700 -0.08971200 -0.02009600
v -0.02448500 -0.08978200 -0.02009000
v -0.02448500 -0.08978200 -0.02009000
v -0.02329500 -0.09405500 -0.01974900
v -0.02329500 -0.09405500 -0.01974900
v -0.02319700 -0.09406800 -0.01974800
v -0.02319700 -0.09406800 -0.01974800
v -0.02309900 -0.09407900 -0.01974700
v -0.02309900 -0.09407900 -0.01974700
v -0.02283000 -0.09407900 -0.01974700
v -0.02283000 -0.09407900 -0.01974700
v -0.02270200 -0.09407200 -0.01974700
v -0.02270200 -0.09407200 -0.01974700
v -0.02270200 -0.09407200 -0.01974700
v -0.02074200 -0.09074500 -0.02001200
v -0.02072400 -0.09073100 -0.02001400
v -0.02072400 -0.09073100 -0.02001400
v -0.02075100 -0.09076800 -0.02001100
v -0.02075100 -0.09076800 -0.02001100
v -0.02075100 -0.09076800 -0.02001100
v -0.02066400 -0.09071800 -0.02001500
v -0.02066400 -0.09071800 -0.02001500
v -0.02066400 -0.09071800 -0.02001500
v -0.02075400 -0.09081900 -0.02000600
v -0.02075400 -0.09081900 -0.02000600
v -0.02075400 -0.09081900 -0.02000600
v -0.02034800 -0.09068100 -0.02001700
v -0.02034800 -0.09068100 -0.02001700
v -0.02034800 -0.09068100 -0.02001700
v -0.02003200 -0.09064300 -0.02002000
v -0.02003200 -0.09064300 -0.02002000
v -0.02287300 -0.09407900 -0.01974700
v -0.02287300 -0.09407900 -0.01974700
v -0.02285200 -0.09407900 -0.01974700
v -0.02285200 -0.09407900 -0.01974700
v -0.01862200 -0.09047200 -0.02003300
v -0.01862200 -0.09047200 -0.02003300
v -0.01862200 -0.09047200 -0.02003300
v -0.01854100 -0.09044000 -0.02003600
v -0.01854100 -0.09044000 -0.02003600
v -0.01663000 -0.09372200 -0.01977300
v -0.01663000 -0.09372200 -0.01977300
v -0.01663000 -0.09372200 -0.01977300
v -0.01663000 -0.09372200 -0.01977300
v -0.01663000 -0.09372200 -0.01977300
v -0.01663000 -0.09372200 -0.01977300
v -0.01849600 -0.09038700 -0.02004000
v -0.01849600 -0.09038700 -0.02004000
v -0.01849700 -0.08911700 -0.02014200
v -0.01849700 -0.08911700 -0.02014200
v -0.01849700 -0.08911700 -0.02014200
v -0.01851100 -0.08909600 -0.02014300
v -0.01851100 -0.08909600 -0.02014300
v -0.01855000 -0.08906700 -0.02014600
v -0.01855000 -0.08906700 -0.02014600
v -0.01855000 -0.08906700 -0.02014600
v -0.01862300 -0.08906100 -0.02014600
v -0.01862300 -0.08906100 -0.02014600
v -0.01864400 -0.09047600 -0.02003300
v -0.01864400 -0.09047600 -0.02003300
v -0.02694000 -0.06874100 -0.02177100
v -0.02694000 -0.06874100 -0.02177100
v -0.02694000 -0.06874100 -0.02177100
v -0.01644700 -0.07256100 -0.02146300
v -0.01717900 -0.07153100 -0.02154500
v -0.01717900 -0.07153100 -0.02154500
v -0.01717900 -0.07153100 -0.02154500
v -0.01827300 -0.07089400 -0.02159700
v -0.01827300 -0.07089400 -0.02159700
v -0.01827300 -0.07089400 -0.02159700
v -0.02557600 -0.06851700 -0.02178900
v -0.02557600 -0.06851700 -0.02178900
v -0.02557600 -0.06851700 -0.02178900
v -0.02628500 -0.06846300 -0.02179300
v -0.02728700 -0.07877800 -0.02097000
v -0.02728700 -0.07877800 -0.02097000
v -0.02728700 -0.07877800 -0.02097000
v -0.02724900 -0.07919500 -0.02093700
v -0.02724900 -0.07919500 -0.02093700
v -0.02724900 -0.07919500 -0.02093700
v -0.02724900 -0.07919500 -0.02093700
v -0.02724900 -0.07919500 -0.02093700
v -0.02727500 -0.07919700 -0.02093600
v -0.02727500 -0.07919700 -0.02093600
v -0.02727500 -0.07919700 -0.02093600
v -0.02584600 -0.09455800 -0.01970900
v -0.02584600 -0.09455800 -0.01970900
v -0.02584600 -0.09455800 -0.01970900
v -0.02584600 -0.09455800 -0.01970900
v -0.02584600 -0.09455800 -0.01970900
v -0.02584600 -0.09455800 -0.01970900
v -0.02682900 -0.09464800 -0.01970300
v -0.02682900 -0.09464800 -0.01970300
v -0.02682900 -0.09464800 -0.01970300
v -0.02582200 -0.09483100 -0.01968800
v -0.02582200 -0.09483100 -0.01968800
v -0.02582200 -0.09483100 -0.01968800
v -0.02582200 -0.09483100 -0.01968800
v -0.02582200 -0.09483100 -0.01968800
v -0.02582200 -0.09483100 -0.01968800
v -0.02682100 -0.09492200 -0.01968100
v -0.02682100 -0.09492200 -0.01968100
v -0.02682100 -0.09492200 -0.01968100
v -0.02565500 -0.09665400 -0.01954200
v -0.02565500 -0.09665400 -0.01954200
v -0.02565500 -0.09665400 -0.01954200
v -0.02565500 -0.09665400 -0.01954200
v -0.02565500 -0.09665400 -0.01954200
v -0.02676800 -0.09675500 -0.01953400
v -0.02676800 -0.09675500 -0.01953400
v -0.02676800 -0.09675500 -0.01953400
v -0.02475000 -0.10657100 -0.01875000
v -0.02475000 -0.10657100 -0.01875000
v -0.02475000 -0.10657100 -0.01875000
v -0.02475000 -0.10657100 -0.01875000
v -0.02475000 -0.10657100 -0.01875000
v -0.02475000 -0.10657100 -0.01875000
v -0.02475000 -0.10657100 -0.01875000
v -0.02475000 -0.10657100 -0.01875000
v -0.02475000 -0.10657100 -0.01875000
v -0.02475000 -0.10657100 -0.01875000
v -0.02475000 -0.10657100 -0.01875000
v -0.02475000 -0.10657100 -0.01875000
v -0.02475000 -0.10657100 -0.01875000
v -0.02475000 -0.10657100 -0.01875000
v -0.02475000 -0.10657100 -0.01875000
v -0.02475000 -0.10657100 -0.01875000
v -0.02475000 -0.10657100 -0.01875000
v -0.02662000 -0.10187100 -0.01912600
v -0.02662000 -0.10187100 -0.01912600
v -0.02662000 -0.10187100 -0.01912600
v -0.02648000 -0.10672800 -0.01873800
v -0.02648000 -0.10672800 -0.01873800
v -0.02648000 -0.10672800 -0.01873800
v -0.02648000 -0.10672800 -0.01873800
v -0.02648000 -0.10672800 -0.01873800
v -0.02648000 -0.10672800 -0.01873800
v -0.02524400 -0.13273500 -0.01666100
v -0.02561000 -0.13238200 -0.01668900
v -0.02561000 -0.13238200 -0.01668900
v -0.02475100 -0.13286200 -0.01665100
v -0.02475100 -0.13286200 -0.01665100
v -0.02475100 -0.13286200 -0.01665100
v -0.02475100 -0.13286200 -0.01665100
v -0.02475100 -0.13286200 -0.01665100
v -0.02575400 -0.13189400 -0.01672800
v -0.02575400 -0.13189400 -0.01672800
v -0.02575400 -0.13189400 -0.01672800
v -0.02575400 -0.13189400 -0.01672800
v -0.02377800 -0.11110800 -0.01838700
v -0.02377800 -0.11110800 -0.01838700
v -0.02158200 -0.13285000 -0.01665100
v -0.02158200 -0.13285000 -0.01665100
v -0.02158200 -0.13285000 -0.01665100
v -0.02158200 -0.13285000 -0.01665100
v -0.02158200 -0.13285000 -0.01665100
v -0.02421800 -0.11078200 -0.01841400
v -0.02421800 -0.11078200 -0.01841400
v -0.02421800 -0.11078200 -0.01841400
v -0.02440600 -0.11052200 -0.01843400
v -0.02440600 -0.11052200 -0.01843400
v -0.02440600 -0.11052200 -0.01843400
v -0.02453300 -0.11022700 -0.01845800
v -0.02453300 -0.11022700 -0.01845800
v -0.02453300 -0.11022700 -0.01845800
v -0.02460200 -0.10990300 -0.01848400
v -0.02460200 -0.10990300 -0.01848400
v -0.01854600 -0.10625500 -0.01877300
v -0.01854600 -0.10625500 -0.01877300
v -0.01784800 -0.10594500 -0.01879800
v -0.01784800 -0.10594500 -0.01879800
v -0.01784800 -0.10594500 -0.01879800
v -0.01784800 -0.10594500 -0.01879800
v -0.01784800 -0.10594500 -0.01879800
v -0.01784800 -0.10594500 -0.01879800
v -0.01784800 -0.10594500 -0.01879800
v -0.01784800 -0.10594500 -0.01879800
v -0.01784800 -0.10594500 -0.01879800
v -0.01784800 -0.10594500 -0.01879800
v -0.01784800 -0.10594500 -0.01879800
v -0.01784800 -0.10594500 -0.01879800
v -0.01784800 -0.10594500 -0.01879800
v -0.01784800 -0.10594500 -0.01879800
v -0.01784800 -0.10594500 -0.01879800
v -0.01784800 -0.10594500 -0.01879800
v -0.01784800 -0.10594500 -0.01879800
v -0.01784800 -0.10594500 -0.01879800
v -0.01784800 -0.10594500 -0.01879800
v -0.01784800 -0.10594500 -0.01879800
v -0.01784800 -0.10594500 -0.01879800
v -0.01784800 -0.10594500 -0.01879800
v -0.01784800 -0.10594500 -0.01879800
v -0.01784800 -0.10594500 -0.01879800
v -0.01784800 -0.10594500 -0.01879800
v -0.01784800 -0.10594500 -0.01879800
v -0.01852300 -0.10626800 -0.01877200
v -0.01852300 -0.10626800 -0.01877200
v -0.01848800 -0.10632000 -0.01876800
v -0.01848800 -0.10632000 -0.01876800
v -0.02282500 -0.10677300 -0.01873300
v -0.02282500 -0.10677300 -0.01873300
v -0.02316400 -0.10681500 -0.01873000
v -0.02316400 -0.10681500 -0.01873000
v -0.02398700 -0.10650200 -0.01875500
v -0.02398700 -0.10650200 -0.01875500
v -0.02398700 -0.10650200 -0.01875500
v -0.02398700 -0.10650200 -0.01875500
v -0.02398700 -0.10650200 -0.01875500
v -0.02398700 -0.10650200 -0.01875500
v -0.02398700 -0.10650200 -0.01875500
v -0.02398700 -0.10650200 -0.01875500
v -0.02398700 -0.10650200 -0.01875500
v -0.02398700 -0.10650200 -0.01875500
v -0.02398700 -0.10650200 -0.01875500
v -0.02398700 -0.10650200 -0.01875500
v -0.02398700 -0.10650200 -0.01875500
v -0.02398700 -0.10650200 -0.01875500
v -0.02398700 -0.10650200 -0.01875500
v -0.02398700 -0.10650200 -0.01875500
v -0.02398700 -0.10650200 -0.01875500
v -0.02398700 -0.10650200 -0.01875500
v -0.02398700 -0.10650200 -0.01875500
v -0.02398700 -0.10650200 -0.01875500
v -0.02350400 -0.10685700 -0.01872700
v -0.02350400 -0.10685700 -0.01872700
v -0.01851000 -0.11075700 -0.01841400
v -0.01851000 -0.11075700 -0.01841400
v -0.01849300 -0.11071200 -0.01841700
v -0.01849300 -0.11071200 -0.01841700
v -0.01707200 -0.11444100 -0.01811900
v -0.01707200 -0.11444100 -0.01811900
v -0.01707200 -0.11444100 -0.01811900
v -0.01707200 -0.11444100 -0.01811900
v -0.01707200 -0.11444100 -0.01811900
v -0.01707200 -0.11444100 -0.01811900
v -0.01848900 -0.11070200 -0.01841800
v -0.01848900 -0.11070200 -0.01841800
v -0.01848600 -0.11069300 -0.01841900
v -0.01848600 -0.11069300 -0.01841900
v -0.01848700 -0.10756600 -0.01866900
v -0.01848700 -0.10756600 -0.01866900
v -0.01848700 -0.10756600 -0.01866900
v -0.01848600 -0.10938300 -0.01852400
v -0.01848600 -0.10938300 -0.01852400
v -0.01848600 -0.10938300 -0.01852400
v -0.01848600 -0.10938300 -0.01852400
v -0.01848600 -0.10938300 -0.01852400
v -0.01852300 -0.10762100 -0.01866400
v -0.01852300 -0.10762100 -0.01866400
v -0.01852300 -0.10762100 -0.01866400
v -0.01852200 -0.10933000 -0.01852800
v -0.01852200 -0.10933000 -0.01852800
v -0.01852200 -0.10933000 -0.01852800
v -0.01858200 -0.10765300 -0.01866200
v -0.01858200 -0.10765300 -0.01866200
v -0.01858200 -0.10765300 -0.01866200
v -0.01858400 -0.10929600 -0.01853000
v -0.01858400 -0.10929600 -0.01853000
v -0.01858400 -0.10929600 -0.01853000
v -0.01858400 -0.10929600 -0.01853000
v -0.01866700 -0.10766900 -0.01866000
v -0.01866700 -0.10766900 -0.01866000
v -0.02324800 -0.11125200 -0.01837600
v -0.02324800 -0.11125200 -0.01837600
v -0.02275200 -0.11125200 -0.01837600
v -0.02275200 -0.11125200 -0.01837600
v -0.02275200 -0.11125200 -0.01837600
v -0.01844000 -0.13283900 -0.01665100
v -0.01844000 -0.13283900 -0.01665100
v -0.01844000 -0.13283900 -0.01665100
v -0.01844000 -0.13283900 -0.01665100
v -0.02074300 -0.10651800 -0.01875300
v -0.02074300 -0.10651800 -0.01875300
v -0.02109400 -0.10656100 -0.01875000
v -0.02109400 -0.10656100 -0.01875000
v -0.02144600 -0.10660400 -0.01874600
v -0.02144600 -0.10660400 -0.01874600
v -0.02178600 -0.10664600 -0.01874300
v -0.02178600 -0.10664600 -0.01874300
v -0.02212500 -0.10668800 -0.01874000
v -0.02212500 -0.10668800 -0.01874000
v -0.02247500 -0.10673100 -0.01873700
v -0.02247500 -0.10673100 -0.01873700
v -0.02226800 -0.11114300 -0.01838400
v -0.02226800 -0.11114300 -0.01838400
v -0.02226800 -0.11114300 -0.01838400
v -0.02182500 -0.11092800 -0.01840100
v -0.02182500 -0.11092800 -0.01840100
v -0.01744400 -0.13186300 -0.01672800
v -0.01744400 -0.13186300 -0.01672800
v -0.01744400 -0.13186300 -0.01672800
v -0.01744400 -0.13186300 -0.01672800
v -0.01744400 -0.13186300 -0.01672800
v -0.01744400 -0.13186300 -0.01672800
v -0.01744400 -0.13186300 -0.01672800
v -0.01744400 -0.13186300 -0.01672800
v -0.01744400 -0.13186300 -0.01672800
v -0.02145200 -0.11060700 -0.01842700
v -0.02145200 -0.11060700 -0.01842700
v -0.02124300 -0.11032600 -0.01844900
v -0.02124300 -0.11032600 -0.01844900
v -0.02124300 -0.11032600 -0.01844900
v -0.02124300 -0.11032600 -0.01844900
v -0.01860900 -0.10625600 -0.01877300
v -0.01860900 -0.10625600 -0.01877300
v -0.01899100 -0.10630200 -0.01877000
v -0.01899100 -0.10630200 -0.01877000
v -0.01937200 -0.10635000 -0.01876600
v -0.01937200 -0.10635000 -0.01876600
v -0.01863200 -0.11076900 -0.01841300
v -0.01863200 -0.11076900 -0.01841300
v -0.01861100 -0.11077500 -0.01841200
v -0.01861100 -0.11077500 -0.01841200
v -0.01858900 -0.11078000 -0.01841200
v -0.01858900 -0.11078000 -0.01841200
v -0.01858900 -0.11078000 -0.01841200
v -0.01855900 -0.11078200 -0.01841200
v -0.01855900 -0.11078200 -0.01841200
v -0.01855900 -0.11078200 -0.01841200
v -0.01853100 -0.11077500 -0.01841200
v -0.01853100 -0.11077500 -0.01841200
v -0.01971600 -0.10639200 -0.01876300
v -0.01971600 -0.10639200 -0.01876300
v -0.02005900 -0.10643400 -0.01875900
v -0.02005900 -0.10643400 -0.01875900
v -0.02005900 -0.10643400 -0.01875900
v -0.02040100 -0.10647600 -0.01875600
v -0.02040100 -0.10647600 -0.01875600
v -0.01758400 -0.13235100 -0.01668900
v -0.01794700 -0.13270700 -0.01666100
v -0.01794700 -0.13270700 -0.01666100
v -0.02093000 -0.10826300 -0.01861400
v -0.02093000 -0.10826300 -0.01861400
v -0.02093000 -0.10826300 -0.01861400
v -0.02093000 -0.10826300 -0.01861400
v -0.02067200 -0.10866400 -0.01858200
v -0.02067200 -0.10866400 -0.01858200
v -0.02067200 -0.10866400 -0.01858200
v -0.02067200 -0.10866400 -0.01858200
v -0.02086700 -0.10860500 -0.01858600
v -0.02086700 -0.10860500 -0.01858600
v -0.02086700 -0.10860500 -0.01858600
v -0.02086700 -0.10860500 -0.01858600
v -0.02090700 -0.10858700 -0.01858800
v -0.02092500 -0.10856600 -0.01859000
v -0.02092500 -0.10856600 -0.01859000
v -0.02093200 -0.10853100 -0.01859200
v -0.02093200 -0.10853100 -0.01859200
v -0.01916300 -0.10772900 -0.01865600
v -0.01916300 -0.10772900 -0.01865600
v -0.01916300 -0.10772900 -0.01865600
v -0.01913400 -0.10913000 -0.01854400
v -0.01913400 -0.10913000 -0.01854400
v -0.01913400 -0.10913000 -0.01854400
v -0.01965800 -0.10779000 -0.01865100
v -0.01965800 -0.10779000 -0.01865100
v -0.01965800 -0.10779000 -0.01865100
v -0.01968300 -0.10896300 -0.01855700
v -0.01968300 -0.10896300 -0.01855700
v -0.01968300 -0.10896300 -0.01855700
v -0.02018400 -0.10785500 -0.01864600
v -0.02018400 -0.10785500 -0.01864600
v -0.02018400 -0.10785500 -0.01864600
v -0.02018400 -0.10785500 -0.01864600
v -0.01946900 -0.11048400 -0.01843600
v -0.01946900 -0.11048400 -0.01843600
v -0.01929900 -0.11054200 -0.01843100
v -0.01929900 -0.11054200 -0.01843100
v -0.02124300 -0.11032600 -0.01844900
v -0.02124300 -0.11032600 -0.01844900
v -0.02124300 -0.11032600 -0.01844900
v -0.02124300 -0.11032600 -0.01844900
v -0.02124300 -0.11032600 -0.01844900
v -0.02124300 -0.11032600 -0.01844900
v -0.01896600 -0.11065500 -0.01842200
v -0.01896600 -0.11065500 -0.01842200
v -0.02092300 -0.10795900 -0.01863800
v -0.02090900 -0.10794600 -0.01863900
v -0.02090900 -0.10794600 -0.01863900
v -0.02093100 -0.10798100 -0.01863600
v -0.02093100 -0.10798100 -0.01863600
v -0.02093100 -0.10798100 -0.01863600
v -0.02087700 -0.10793700 -0.01864000
v -0.02087700 -0.10793700 -0.01864000
v -0.02087700 -0.10793700 -0.01864000
v -0.02093200 -0.10799600 -0.01863500
v -0.02093200 -0.10799600 -0.01863500
v -0.02093200 -0.10799600 -0.01863500
v -0.02079300 -0.10792900 -0.01864000
v -0.02079300 -0.10792900 -0.01864000
v -0.02079300 -0.10792900 -0.01864000
v -0.02008000 -0.10884300 -0.01856700
v -0.02008000 -0.10884300 -0.01856700
v -0.02047800 -0.10872300 -0.01857700
v -0.02047800 -0.10872300 -0.01857700
v -0.02047800 -0.10872300 -0.01857700
v -0.02070900 -0.10791900 -0.01864100
v -0.02070900 -0.10791900 -0.01864100
v -0.02070900 -0.10791900 -0.01864100
v -0.02079300 -0.10792900 -0.01864000
v -0.02105800 -0.10995700 -0.01847800
v -0.02104100 -0.10995400 -0.01847900
v -0.02104100 -0.10995400 -0.01847900
v -0.02107300 -0.10997000 -0.01847700
v -0.02107300 -0.10997000 -0.01847700
v -0.02107300 -0.10997000 -0.01847700
v -0.02099700 -0.10996400 -0.01847800
v -0.02099700 -0.10996400 -0.01847800
v -0.02099700 -0.10996400 -0.01847800
v -0.02109100 -0.11000800 -0.01847400
v -0.02109100 -0.11000800 -0.01847400
v -0.02109100 -0.11000800 -0.01847400
v -0.02031800 -0.11019500 -0.01845900
v -0.02031800 -0.11019500 -0.01845900
v -0.02031800 -0.11019500 -0.01845900
v -0.01963900 -0.11042700 -0.01844100
v -0.01963900 -0.11042700 -0.01844100
v -0.01707200 -0.11444100 -0.01811900
v -0.01707200 -0.11444100 -0.01811900
v -0.01707200 -0.11444100 -0.01811900
v -0.01694700 -0.10858300 -0.01858700
v -0.01694700 -0.10858300 -0.01858700
v -0.01694700 -0.10858300 -0.01858700
v -0.01719300 -0.10588600 -0.01880200
v -0.01719300 -0.10588600 -0.01880200
v -0.01719300 -0.10588600 -0.01880200
v -0.01719300 -0.10588600 -0.01880200
v -0.01719300 -0.10588600 -0.01880200
v -0.01688900 -0.10585800 -0.01880400
v -0.01688900 -0.10585800 -0.01880400
v -0.01688900 -0.10585800 -0.01880400
v -0.01663600 -0.09399700 -0.01975100
v -0.01663600 -0.09399700 -0.01975100
v -0.01663600 -0.09399700 -0.01975100
v -0.01667500 -0.09584000 -0.01960400
v -0.01667500 -0.09584000 -0.01960400
v -0.01667500 -0.09584000 -0.01960400
v -0.01678500 -0.10097800 -0.01919400
v -0.01678500 -0.10097800 -0.01919400
v -0.01678500 -0.10097800 -0.01919400
v -0.02455000 -0.10698900 -0.01871700
v -0.02455000 -0.10698900 -0.01871700
v -0.02458600 -0.10701100 -0.01871500
v -0.02458600 -0.10701100 -0.01871500
v -0.02453100 -0.10698400 -0.01871700
v -0.02453100 -0.10698400 -0.01871700
v -0.02461400 -0.10706600 -0.01871000
v -0.02461400 -0.10706600 -0.01871000
v -0.02462400 -0.10715000 -0.01870400
v -0.02462400 -0.10715000 -0.01870400
v -0.02462400 -0.10715000 -0.01870400
v -0.02462100 -0.10957300 -0.01851000
v -0.02462100 -0.10957300 -0.01851000
v -0.02382200 -0.10689600 -0.01872400
v -0.02382200 -0.10689600 -0.01872400
v -0.02413900 -0.10693500 -0.01872100
v -0.02413900 -0.10693500 -0.01872100
v -0.02413900 -0.10693500 -0.01872100
v -0.02433500 -0.10695900 -0.01871900
v -0.02433500 -0.10695900 -0.01871900
v -0.01848800 -0.10549200 -0.01883400
v -0.01848800 -0.10549200 -0.01883400
v -0.01848800 -0.10549200 -0.01883400
v -0.01849100 -0.10143200 -0.01915800
v -0.01849100 -0.10143200 -0.01915800
v -0.01851600 -0.10139800 -0.01916100
v -0.01851600 -0.10139800 -0.01916100
v -0.01855200 -0.10137700 -0.01916300
v -0.01855200 -0.10137700 -0.01916300
v -0.01861700 -0.10137400 -0.01916300
v -0.01861700 -0.10137400 -0.01916300
v -0.02373300 -0.10621000 -0.01877900
v -0.02373300 -0.10621000 -0.01877900
v -0.02361400 -0.10619500 -0.01878000
v -0.02361400 -0.10619500 -0.01878000
v -0.02349400 -0.10617800 -0.01878100
v -0.02349400 -0.10617800 -0.01878100
v -0.02349400 -0.10617800 -0.01878100
v -0.02342800 -0.10615400 -0.01878300
v -0.02342800 -0.10615400 -0.01878300
v -0.02339300 -0.10611800 -0.01878600
v -0.02339300 -0.10611800 -0.01878600
v -0.02339300 -0.10611800 -0.01878600
v -0.02131300 -0.10170600 -0.01913700
v -0.02131300 -0.10170600 -0.01913700
v -0.02172200 -0.10175600 -0.01913300
v -0.02172200 -0.10175600 -0.01913300
v -0.02209800 -0.10180300 -0.01913000
v -0.02209800 -0.10180300 -0.01913000
v -0.02216100 -0.10504500 -0.01887100
v -0.02216100 -0.10504500 -0.01887100
v -0.02339300 -0.10611800 -0.01878600
v -0.02339300 -0.10611800 -0.01878600
v -0.02339300 -0.10611800 -0.01878600
v -0.02339300 -0.10611800 -0.01878600
v -0.02339300 -0.10611800 -0.01878600
v -0.02339300 -0.10611800 -0.01878600
v -0.02219100 -0.10502400 -0.01887300
v -0.02219100 -0.10502400 -0.01887300
v -0.02219100 -0.10502400 -0.01887300
v -0.02337600 -0.10603700 -0.01879200
v -0.02337600 -0.10603700 -0.01879200
v -0.02337600 -0.10603700 -0.01879200
v -0.02337600 -0.10603700 -0.01879200
v -0.02221000 -0.10498600 -0.01887600
v -0.02221000 -0.10498600 -0.01887600
v -0.01858400 -0.10557700 -0.01882700
v -0.01858400 -0.10557700 -0.01882700
v -0.01852700 -0.10554700 -0.01883000
v -0.01852700 -0.10554700 -0.01883000
v -0.01972900 -0.10563400 -0.01882300
v -0.01972900 -0.10563400 -0.01882300
v -0.01972700 -0.10564400 -0.01882200
v -0.01972700 -0.10564400 -0.01882200
v -0.02102500 -0.10490400 -0.01888200
v -0.02102500 -0.10490400 -0.01888200
v -0.02102500 -0.10490400 -0.01888200
v -0.02102500 -0.10490400 -0.01888200
v -0.02102500 -0.10490400 -0.01888200
v -0.02102500 -0.10490400 -0.01888200
v -0.02102500 -0.10490400 -0.01888200
v -0.01890500 -0.10141100 -0.01916000
v -0.01890500 -0.10141100 -0.01916000
v -0.01919300 -0.10144600 -0.01915700
v -0.01919300 -0.10144600 -0.01915700
v -0.01960400 -0.10149600 -0.01915400
v -0.01960400 -0.10149600 -0.01915400
v -0.02322900 -0.10194200 -0.01911900
v -0.02322900 -0.10194200 -0.01911900
v -0.02353900 -0.10198000 -0.01911600
v -0.02353900 -0.10198000 -0.01911600
v -0.02221100 -0.10498000 -0.01887600
v -0.02221100 -0.10498000 -0.01887600
v -0.02221100 -0.10498000 -0.01887600
v -0.02337600 -0.10474700 -0.01889500
v -0.02337600 -0.10474700 -0.01889500
v -0.02337600 -0.10474700 -0.01889500
v -0.02337600 -0.10474700 -0.01889500
v -0.02221400 -0.10492400 -0.01888100
v -0.02221400 -0.10492400 -0.01888100
v -0.02221400 -0.10492400 -0.01888100
v -0.02221400 -0.10492400 -0.01888100
v -0.02001600 -0.10154600 -0.01915000
v -0.02001600 -0.10154600 -0.01915000
v -0.02046000 -0.10160100 -0.01914500
v -0.02046000 -0.10160100 -0.01914500
v -0.02046000 -0.10160100 -0.01914500
v -0.02090300 -0.10165600 -0.01914100
v -0.02090300 -0.10165600 -0.01914100
v -0.02247400 -0.10185000 -0.01912600
v -0.02247400 -0.10185000 -0.01912600
v -0.02285100 -0.10189600 -0.01912300
v -0.02285100 -0.10189600 -0.01912300
v -0.02384800 -0.10201900 -0.01911300
v -0.02384800 -0.10201900 -0.01911300
v -0.02416200 -0.10205700 -0.01911000
v -0.02416200 -0.10205700 -0.01911000
v -0.02447600 -0.10209500 -0.01910700
v -0.02447600 -0.10209500 -0.01910700
v -0.02098000 -0.10479600 -0.01889100
v -0.02098000 -0.10479600 -0.01889100
v -0.02098000 -0.10479600 -0.01889100
v -0.02098100 -0.10397800 -0.01895600
v -0.02098100 -0.10397800 -0.01895600
v -0.02098100 -0.10397800 -0.01895600
v -0.02098100 -0.10397800 -0.01895600
v -0.02000000 -0.10294700 -0.01903800
v -0.02000000 -0.10294700 -0.01903800
v -0.02000000 -0.10294700 -0.01903800
v -0.01971000 -0.10567900 -0.01882000
v -0.01971000 -0.10567900 -0.01882000
v -0.01968000 -0.10570000 -0.01881800
v -0.01968000 -0.10570000 -0.01881800
v -0.01968000 -0.10570000 -0.01881800
v -0.01968000 -0.10570000 -0.01881800
v -0.01968000 -0.10570000 -0.01881800
v -0.01968000 -0.10570000 -0.01881800
v -0.01968000 -0.10570000 -0.01881800
v -0.01968000 -0.10570000 -0.01881800
v -0.01968000 -0.10570000 -0.01881800
v -0.02108800 -0.10492800 -0.01888000
v -0.02108800 -0.10492800 -0.01888000
v -0.02109900 -0.10493000 -0.01888000
v -0.02109900 -0.10493000 -0.01888000
v -0.02099400 -0.10486800 -0.01888500
v -0.02099400 -0.10486800 -0.01888500
v -0.01973000 -0.10558200 -0.01882700
v -0.01973000 -0.10558200 -0.01882700
v -0.01973000 -0.10558200 -0.01882700
v -0.01973000 -0.10558200 -0.01882700
v -0.01973000 -0.10558200 -0.01882700
v -0.01973100 -0.10560800 -0.01882500
v -0.01973100 -0.10560800 -0.01882500
v -0.01978900 -0.10292100 -0.01904000
v -0.01978900 -0.10292100 -0.01904000
v -0.01978900 -0.10292100 -0.01904000
v -0.01978900 -0.10292100 -0.01904000
v -0.01975800 -0.10292500 -0.01904000
v -0.01974600 -0.10293300 -0.01903900
v -0.01974600 -0.10293300 -0.01903900
v -0.02227300 -0.10322800 -0.01901600
v -0.02227300 -0.10322800 -0.01901600
v -0.02227300 -0.10322800 -0.01901600
v -0.02227300 -0.10322800 -0.01901600
v -0.02223800 -0.10323100 -0.01901600
v -0.02222700 -0.10323800 -0.01901500
v -0.02222700 -0.10323800 -0.01901500
v -0.01936900 -0.10567300 -0.01882000
v -0.01936900 -0.10567300 -0.01882000
v -0.01909500 -0.10564000 -0.01882300
v -0.01909500 -0.10564000 -0.01882300
v -0.02000000 -0.10294700 -0.01903800
v -0.02000000 -0.10294700 -0.01903800
v -0.01973100 -0.10429400 -0.01893000
v -0.01973100 -0.10429400 -0.01893000
v -0.01973100 -0.10429400 -0.01893000
v -0.01982400 -0.10292500 -0.01904000
v -0.01982400 -0.10292500 -0.01904000
v -0.01982400 -0.10292500 -0.01904000
v -0.01973200 -0.10300600 -0.01903300
v -0.01973200 -0.10300600 -0.01903300
v -0.01973200 -0.10300600 -0.01903300
v -0.01973700 -0.10295100 -0.01903800
v -0.01973700 -0.10295100 -0.01903800
v -0.02221900 -0.10325300 -0.01901400
v -0.02221900 -0.10325300 -0.01901400
v -0.02221500 -0.10330100 -0.01901000
v -0.02221500 -0.10330100 -0.01901000
v -0.02221500 -0.10330100 -0.01901000
v -0.02229600 -0.10323100 -0.01901600
v -0.02229600 -0.10323100 -0.01901600
v -0.02229600 -0.10323100 -0.01901600
v -0.02250700 -0.10325700 -0.01901400
v -0.02250700 -0.10325700 -0.01901400
v -0.02250700 -0.10325700 -0.01901400
v -0.02250700 -0.10325700 -0.01901400
v -0.02337700 -0.10345700 -0.01899800
v -0.02337700 -0.10345700 -0.01899800
v -0.02337700 -0.10345700 -0.01899800
v -0.02337700 -0.10345700 -0.01899800
v -0.01885700 -0.10561100 -0.01882500
v -0.01885700 -0.10561100 -0.01882500
v -0.01861900 -0.10558300 -0.01882700
v -0.01861900 -0.10558300 -0.01882700
v -0.02096700 -0.10308000 -0.01902800
v -0.02095100 -0.10306800 -0.01902800
v -0.02095100 -0.10306800 -0.01902800
v -0.02097700 -0.10310100 -0.01902600
v -0.02097700 -0.10310100 -0.01902600
v -0.02097700 -0.10310100 -0.01902600
v -0.02089100 -0.10305500 -0.01902900
v -0.02089100 -0.10305500 -0.01902900
v -0.02089100 -0.10305500 -0.01902900
v -0.02098100 -0.10316100 -0.01902100
v -0.02098100 -0.10316100 -0.01902100
v -0.02098100 -0.10316100 -0.01902100
v -0.02053300 -0.10301100 -0.01903300
v -0.02053300 -0.10301100 -0.01903300
v -0.02053300 -0.10301100 -0.01903300
v -0.02017600 -0.10296800 -0.01903600
v -0.02017600 -0.10296800 -0.01903600
v -0.02211100 -0.10505100 -0.01887100
v -0.02211100 -0.10505100 -0.01887100
v -0.02199600 -0.10503900 -0.01887100
v -0.02199600 -0.10503900 -0.01887100
v -0.02188300 -0.10502500 -0.01887200
v -0.02188300 -0.10502500 -0.01887200
v -0.02188300 -0.10502500 -0.01887200
v -0.02155900 -0.10498600 -0.01887600
v -0.02155900 -0.10498600 -0.01887600
v -0.02123500 -0.10494600 -0.01887900
v -0.02123500 -0.10494600 -0.01887900
v -0.02116700 -0.10493800 -0.01887900
v -0.02116700 -0.10493800 -0.01887900
v -0.02336900 -0.10337900 -0.01900400
v -0.02335600 -0.10336500 -0.01900500
v -0.02335600 -0.10336500 -0.01900500
v -0.02337600 -0.10340400 -0.01900200
v -0.02337600 -0.10340400 -0.01900200
v -0.02337600 -0.10340400 -0.01900200
v -0.02333100 -0.10335700 -0.01900600
v -0.02333100 -0.10335700 -0.01900600
v -0.02333100 -0.10335700 -0.01900600
v -0.02337700 -0.10343000 -0.01900000
v -0.02337700 -0.10343000 -0.01900000
v -0.02337700 -0.10343000 -0.01900000
v -0.02302500 -0.10332000 -0.01900900
v -0.02302500 -0.10332000 -0.01900900
v -0.02302500 -0.10332000 -0.01900900
v -0.02271900 -0.10328300 -0.01901200
v -0.02271900 -0.10328300 -0.01901200
v -0.01964200 -0.10570500 -0.01881800
v -0.01964200 -0.10570500 -0.01881800
v -0.01964200 -0.10570500 -0.01881800
v -0.02461200 -0.10625800 -0.01877500
v -0.02461200 -0.10625800 -0.01877500
v -0.02459100 -0.10628900 -0.01877200
v -0.02459100 -0.10628900 -0.01877200
v -0.02460700 -0.10215400 -0.01910300
v -0.02460700 -0.10215400 -0.01910300
v -0.02462500 -0.10221800 -0.01909700
v -0.02462500 -0.10221800 -0.01909700
v -0.02455900 -0.10630400 -0.01877100
v -0.02455900 -0.10630400 -0.01877100
v -0.02446400 -0.10630400 -0.01877100
v -0.02446400 -0.10630400 -0.01877100
v -0.02446400 -0.10630400 -0.01877100
v -0.02409900 -0.10625600 -0.01877500
v -0.02409900 -0.10625600 -0.01877500
v -0.02451800 -0.10210000 -0.01910700
v -0.02451800 -0.10210000 -0.01910700
v -0.02455800 -0.10211100 -0.01910600
v -0.02455800 -0.10211100 -0.01910600
v -0.02455800 -0.10211100 -0.01910600
v -0.02457400 -0.10211900 -0.01910500
v -0.02457400 -0.10211900 -0.01910500
v -0.02462700 -0.10227800 -0.01909300
v -0.02462700 -0.10227800 -0.01909300
v -0.02462400 -0.10615600 -0.01878300
v -0.02462400 -0.10615600 -0.01878300
v -0.02462400 -0.10615600 -0.01878300
v -0.02462400 -0.10616700 -0.01878200
v -0.02462400 -0.10616700 -0.01878200
v -0.01827300 -0.07089400 -0.02159700
v -0.01827400 -0.07087800 -0.02139700
v -0.01717900 -0.07151500 -0.02134600
v -0.01717900 -0.07153100 -0.02154500
v -0.02628500 -0.06846300 -0.02179300
v -0.02628500 -0.06844700 -0.02159400
v -0.02557600 -0.06850100 -0.02158900
v -0.02557600 -0.06851700 -0.02178900
v -0.01717900 -0.07153100 -0.02154500
v -0.01717900 -0.07153100 -0.02154500
v -0.01717900 -0.07151500 -0.02134600
v -0.01644700 -0.07254500 -0.02126400
v -0.01644700 -0.07254500 -0.02126400
v -0.01644700 -0.07256100 -0.02146300
v -0.01644700 -0.07256100 -0.02146300
v -0.01644700 -0.07254500 -0.02126400
v -0.01620600 -0.07378500 -0.02116500
v -0.01620600 -0.07380000 -0.02136400
v -0.01629900 -0.07820100 -0.02101300
v -0.01744400 -0.13184700 -0.01652900
v -0.01744400 -0.13184700 -0.01652900
v -0.01744400 -0.13184700 -0.01652900
v -0.01744400 -0.13184700 -0.01652900
v -0.01744400 -0.13186300 -0.01672800
v -0.01744400 -0.13186300 -0.01672800
v -0.01707200 -0.11444100 -0.01811900
v -0.01707200 -0.11444100 -0.01811900
v -0.01667500 -0.09584000 -0.01960400
v -0.01667500 -0.09584000 -0.01960400
v -0.01663600 -0.09399700 -0.01975100
v -0.01663600 -0.09399700 -0.01975100
v -0.01620600 -0.07378500 -0.02116500
v -0.01620600 -0.07378500 -0.02116500
v -0.01620600 -0.07378500 -0.02116500
v -0.01620600 -0.07378500 -0.02116500
v -0.01620600 -0.07378500 -0.02116500
v -0.01663000 -0.09372200 -0.01977300
v -0.01663000 -0.09372200 -0.01977300
v -0.01694700 -0.10858300 -0.01858700
v -0.01694700 -0.10858300 -0.01858700
v -0.01688900 -0.10585800 -0.01880400
v -0.01688900 -0.10585800 -0.01880400
v -0.01688900 -0.10585800 -0.01880400
v -0.01678500 -0.10097800 -0.01919400
v -0.01678500 -0.10097800 -0.01919400
v -0.01744400 -0.13184700 -0.01652900
v -0.01758400 -0.13233500 -0.01649000
v -0.01758400 -0.13235100 -0.01668900
v -0.01758400 -0.13235100 -0.01668900
v -0.01758400 -0.13235100 -0.01668900
v -0.01758400 -0.13233500 -0.01649000
v -0.01794700 -0.13269100 -0.01646200
v -0.01794700 -0.13269100 -0.01646200
v -0.01794700 -0.13270700 -0.01666100
v -0.01794700 -0.13270700 -0.01666100
v -0.01794700 -0.13269100 -0.01646200
v -0.01844000 -0.13282300 -0.01645100
v -0.01844000 -0.13283900 -0.01665100
v -0.02158200 -0.13285000 -0.01665100
v -0.02475100 -0.13284600 -0.01645100
v -0.02475100 -0.13286200 -0.01665100
v -0.02524400 -0.13271900 -0.01646200
v -0.02524400 -0.13273500 -0.01666100
v -0.02524400 -0.13273500 -0.01666100
v -0.02524400 -0.13273500 -0.01666100
v -0.02524400 -0.13271900 -0.01646200
v -0.02561000 -0.13236600 -0.01649000
v -0.02561000 -0.13236600 -0.01649000
v -0.02561000 -0.13238200 -0.01668900
v -0.02561000 -0.13238200 -0.01668900
v -0.02561000 -0.13236600 -0.01649000
v -0.02575400 -0.13187800 -0.01652900
v -0.02575400 -0.13187800 -0.01652900
v -0.02575400 -0.13189400 -0.01672800
v -0.02727500 -0.07919700 -0.02093600
v -0.02754100 -0.06996600 -0.02147300
v -0.02728700 -0.07877800 -0.02097000
v -0.02754100 -0.06998100 -0.02167200
v -0.02648000 -0.10672800 -0.01873800
v -0.02662000 -0.10187100 -0.01912600
v -0.02682900 -0.09464800 -0.01970300
v -0.02682100 -0.09492200 -0.01968100
v -0.02682100 -0.09492200 -0.01968100
v -0.02676800 -0.09675500 -0.01953400
v -0.02739200 -0.06927200 -0.02152800
v -0.02739200 -0.06928800 -0.02172800
v -0.02739200 -0.06928800 -0.02172800
v -0.02739200 -0.06928800 -0.02172800
v -0.02739200 -0.06927200 -0.02152800
v -0.02694000 -0.06872500 -0.02157200
v -0.02694000 -0.06872500 -0.02157200
v -0.02694000 -0.06874100 -0.02177100
v -0.02694000 -0.06874100 -0.02177100
v -0.02694000 -0.06874100 -0.02177100
v -0.02694000 -0.06872500 -0.02157200
v -0.02628500 -0.06844700 -0.02159400
v -0.02628500 -0.06844700 -0.02159400
v -0.02628500 -0.06846300 -0.02179300
v -0.01620600 -0.07378500 -0.02116500
v -0.01620600 -0.07378500 -0.02116500
v -0.01620600 -0.07378500 -0.02116500
v -0.01620600 -0.07378500 -0.02116500
v -0.01644700 -0.07254500 -0.02126400
v -0.01717900 -0.07151500 -0.02134600
v -0.01717900 -0.07151500 -0.02134600
v -0.01827400 -0.07087800 -0.02139700
v -0.01827400 -0.07087800 -0.02139700
v -0.01827400 -0.07087800 -0.02139700
v -0.02754100 -0.06996600 -0.02147300
v -0.02754100 -0.06996600 -0.02147300
v -0.02754100 -0.06996600 -0.02147300
v -0.02754100 -0.06996600 -0.02147300
v -0.02754100 -0.06996600 -0.02147300
v -0.02754100 -0.06996600 -0.02147300
v -0.01744400 -0.13184700 -0.01652900
v -0.01744400 -0.13184700 -0.01652900
v -0.01744400 -0.13184700 -0.01652900
v -0.01744400 -0.13184700 -0.01652900
v -0.01744400 -0.13184700 -0.01652900
v -0.02575400 -0.13187800 -0.01652900
v -0.02575400 -0.13187800 -0.01652900
v -0.02575400 -0.13187800 -0.01652900
v -0.02575400 -0.13187800 -0.01652900
v -0.01794700 -0.13269100 -0.01646200
v -0.01758400 -0.13233500 -0.01649000
v -0.01758400 -0.13233500 -0.01649000
v -0.01844000 -0.13282300 -0.01645100
v -0.01844000 -0.13282300 -0.01645100
v -0.01844000 -0.13282300 -0.01645100
v -0.02475100 -0.13284600 -0.01645100
v -0.02475100 -0.13284600 -0.01645100
v -0.02475100 -0.13284600 -0.01645100
v -0.02524400 -0.13271900 -0.01646200
v -0.02524400 -0.13271900 -0.01646200
v -0.02561000 -0.13236600 -0.01649000
v -0.02694000 -0.06872500 -0.02157200
v -0.02739200 -0.06927200 -0.02152800
v -0.02739200 -0.06927200 -0.02152800
v -0.02628500 -0.06844700 -0.02159400
v -0.02628500 -0.06844700 -0.02159400
v -0.02628500 -0.06844700 -0.02159400
v -0.02557600 -0.06850100 -0.02158900
v -0.02557600 -0.06850100 -0.02158900
v -0.02448500 -0.08979000 -0.02019000
v -0.02448500 -0.08978200 -0.02009000
v -0.02390700 -0.08971200 -0.02009600
v -0.02390700 -0.08971200 -0.02009600
v -0.02390700 -0.08972000 -0.02019600
v -0.02390700 -0.08972000 -0.02019600
v -0.02390700 -0.08972000 -0.02019600
v -0.02332900 -0.08964100 -0.02010100
v -0.02332900 -0.08964100 -0.02010100
v -0.02332900 -0.08964100 -0.02010100
v -0.02332900 -0.08964900 -0.02020100
v -0.02332900 -0.08964900 -0.02020100
v -0.02332900 -0.08964900 -0.02020100
v -0.02272800 -0.08956700 -0.02010700
v -0.02272800 -0.08956700 -0.02010700
v -0.02272800 -0.08956700 -0.02010700
v -0.02272800 -0.08957500 -0.02020700
v -0.02272800 -0.08957500 -0.02020700
v -0.02272800 -0.08957500 -0.02020700
v -0.02212600 -0.08949200 -0.02011300
v -0.02212600 -0.08949200 -0.02011300
v -0.02212600 -0.08949200 -0.02011300
v -0.02212600 -0.08950000 -0.02021300
v -0.02212600 -0.08950000 -0.02021300
v -0.02212600 -0.08950000 -0.02021300
v -0.02091000 -0.08934300 -0.02012400
v -0.02091000 -0.08934300 -0.02012400
v -0.02091000 -0.08934300 -0.02012400
v -0.02091000 -0.08935100 -0.02022400
v -0.02091000 -0.08935100 -0.02022400
v -0.02091000 -0.08935100 -0.02022400
v -0.01983100 -0.08921000 -0.02013500
v -0.01983100 -0.08921000 -0.02013500
v -0.01983100 -0.08921000 -0.02013500
v -0.01983100 -0.08921800 -0.02023400
v -0.01983100 -0.08921800 -0.02023400
v -0.01983100 -0.08921800 -0.02023400
v -0.01922700 -0.08913600 -0.02014000
v -0.01922700 -0.08913600 -0.02014000
v -0.01922700 -0.08913600 -0.02014000
v -0.01922700 -0.08914400 -0.02024000
v -0.01922700 -0.08914400 -0.02024000
v -0.01862300 -0.08906100 -0.02014600
v -0.01862300 -0.08906900 -0.02024600
v -0.01855000 -0.08906700 -0.02014600
v -0.01855000 -0.08907500 -0.02024500
v -0.02458700 -0.08982700 -0.02018700
v -0.02458700 -0.08981900 -0.02008800
v -0.02451400 -0.08978700 -0.02009000
v -0.02451400 -0.08979500 -0.02019000
v -0.01855000 -0.08907500 -0.02024500
v -0.01855000 -0.08906700 -0.02014600
v -0.01851100 -0.08909600 -0.02014300
v -0.01851100 -0.08910400 -0.02024300
v -0.01849700 -0.08911700 -0.02014200
v -0.01849700 -0.08912500 -0.02024100
v -0.01849600 -0.09039500 -0.02014000
v -0.01849700 -0.08912500 -0.02024100
v -0.01849700 -0.08912500 -0.02024100
v -0.01849600 -0.09038700 -0.02004000
v -0.01849600 -0.09038700 -0.02004000
v -0.01849700 -0.08911700 -0.02014200
v -0.01849600 -0.09039500 -0.02014000
v -0.01849600 -0.09039500 -0.02014000
v -0.01849600 -0.09038700 -0.02004000
v -0.01854100 -0.09044000 -0.02003600
v -0.01854100 -0.09044000 -0.02003600
v -0.01854100 -0.09044800 -0.02013600
v -0.01854100 -0.09044800 -0.02013600
v -0.01854100 -0.09044000 -0.02003600
v -0.01862200 -0.09047200 -0.02003300
v -0.01862200 -0.09048000 -0.02013300
v -0.01864400 -0.09047600 -0.02003300
v -0.01864400 -0.09048300 -0.02013300
v -0.01933800 -0.09055900 -0.02002700
v -0.01933800 -0.09055900 -0.02002700
v -0.01933800 -0.09056700 -0.02012700
v -0.01933800 -0.09056700 -0.02012700
v -0.01933800 -0.09056700 -0.02012700
v -0.02003200 -0.09064300 -0.02002000
v -0.02003200 -0.09064300 -0.02002000
v -0.02003200 -0.09064300 -0.02002000
v -0.02003200 -0.09065100 -0.02012000
v -0.02003200 -0.09065100 -0.02012000
v -0.02003200 -0.09065100 -0.02012000
v -0.02034800 -0.09068100 -0.02001700
v -0.02034800 -0.09068100 -0.02001700
v -0.02034800 -0.09068100 -0.02001700
v -0.02034800 -0.09068900 -0.02011700
v -0.02034800 -0.09068900 -0.02011700
v -0.02066400 -0.09071800 -0.02001500
v -0.02066400 -0.09072600 -0.02011400
v -0.02072400 -0.09073100 -0.02001400
v -0.02072400 -0.09073900 -0.02011300
v -0.02072400 -0.09073900 -0.02011300
v -0.02072400 -0.09073900 -0.02011300
v -0.02072400 -0.09073100 -0.02001400
v -0.02074200 -0.09074500 -0.02001200
v -0.02074200 -0.09074500 -0.02001200
v -0.02074200 -0.09075300 -0.02011200
v -0.02074200 -0.09075300 -0.02011200
v -0.02074200 -0.09075300 -0.02011200
v -0.02074200 -0.09074500 -0.02001200
v -0.02075100 -0.09076800 -0.02001100
v -0.02075100 -0.09076800 -0.02001100
v -0.02075100 -0.09077600 -0.02011000
v -0.02075400 -0.09081900 -0.02000600
v -0.02075400 -0.09082700 -0.02010600
v -0.02075300 -0.09134300 -0.01996500
v -0.02075300 -0.09135100 -0.02006400
v -0.02075600 -0.09186800 -0.01992300
v -0.02075600 -0.09187600 -0.02002200
v -0.02086800 -0.09258900 -0.01986500
v -0.02086800 -0.09259700 -0.01996500
v -0.02120400 -0.09323900 -0.01981300
v -0.02120400 -0.09324600 -0.01991300
v -0.02180900 -0.09378300 -0.01977000
v -0.02180900 -0.09379100 -0.01987000
v -0.02257500 -0.09405700 -0.01974800
v -0.02257500 -0.09406500 -0.01984800
v -0.02270200 -0.09407200 -0.01974700
v -0.02270200 -0.09408000 -0.01984700
v -0.02283000 -0.09407900 -0.01974700
v -0.02283000 -0.09408700 -0.01984600
v -0.02285200 -0.09407900 -0.01974700
v -0.02285200 -0.09408700 -0.01984600
v -0.02285200 -0.09408700 -0.01984600
v -0.02287300 -0.09407900 -0.01974700
v -0.02287300 -0.09407900 -0.01974700
v -0.02287300 -0.09407900 -0.01974700
v -0.02287300 -0.09408700 -0.01984600
v -0.02287300 -0.09408700 -0.01984600
v -0.02309900 -0.09408700 -0.01984600
v -0.02309900 -0.09407900 -0.01974700
v -0.02319700 -0.09406800 -0.01974800
v -0.02319700 -0.09407600 -0.01984800
v -0.02329500 -0.09405500 -0.01974900
v -0.02329500 -0.09406300 -0.01984900
v -0.02368800 -0.09394900 -0.01975700
v -0.02368800 -0.09395700 -0.01985700
v -0.02403900 -0.09374200 -0.01977400
v -0.02403900 -0.09375000 -0.01987400
v -0.02438300 -0.09335000 -0.01980500
v -0.02438300 -0.09335800 -0.01990500
v -0.02457500 -0.09286500 -0.01984400
v -0.02457500 -0.09287300 -0.01994400
v -0.02463200 -0.09250700 -0.01987300
v -0.02463200 -0.09251500 -0.01997300
v -0.02463200 -0.09245600 -0.01987700
v -0.02463200 -0.09246400 -0.01997700
v -0.02463200 -0.09246400 -0.01997700
v -0.02463200 -0.09246400 -0.01997700
v -0.02463400 -0.08988400 -0.02018300
v -0.02463400 -0.08987600 -0.02008300
v -0.02463400 -0.08987600 -0.02008300
v -0.02463200 -0.09245600 -0.01987700
v -0.02463400 -0.08988400 -0.02018300
v -0.02463400 -0.08988400 -0.02018300
v -0.02463400 -0.08987600 -0.02008300
v -0.02458700 -0.08981900 -0.02008800
v -0.02458700 -0.08981900 -0.02008800
v -0.02458700 -0.08982700 -0.02018700
v -0.02191600 -0.09095000 -0.02009700
v -0.02191600 -0.09094200 -0.01999700
v -0.02191600 -0.09094200 -0.01999700
v -0.02191700 -0.09091400 -0.01999900
v -0.02191700 -0.09092200 -0.02009900
v -0.02192300 -0.09089400 -0.02000100
v -0.02192300 -0.09090200 -0.02010100
v -0.02191600 -0.09143300 -0.02005800
v -0.02191600 -0.09143300 -0.02005800
v -0.02191600 -0.09143300 -0.02005800
v -0.02191600 -0.09142500 -0.01995800
v -0.02191600 -0.09142500 -0.01995800
v -0.02191600 -0.09117000 -0.01997900
v -0.02191600 -0.09117000 -0.01997900
v -0.02191600 -0.09117000 -0.01997900
v -0.02191600 -0.09117800 -0.02007800
v -0.02191600 -0.09117800 -0.02007800
v -0.02191600 -0.09095000 -0.02009700
v -0.02192400 -0.09192600 -0.02001900
v -0.02192400 -0.09191800 -0.01991900
v -0.02191500 -0.09165800 -0.01994000
v -0.02191500 -0.09166600 -0.02003900
v -0.02202500 -0.09225400 -0.01999300
v -0.02202500 -0.09224600 -0.01989300
v -0.02192300 -0.09090200 -0.02010100
v -0.02192300 -0.09090200 -0.02010100
v -0.02192300 -0.09089400 -0.02000100
v -0.02192900 -0.09088700 -0.02000100
v -0.02192900 -0.09088700 -0.02000100
v -0.02192900 -0.09089500 -0.02010100
v -0.02192900 -0.09089500 -0.02010100
v -0.02192900 -0.09088700 -0.02000100
v -0.02194200 -0.09088300 -0.02000200
v -0.02194200 -0.09089100 -0.02010100
v -0.02198200 -0.09088500 -0.02000200
v -0.02198200 -0.09089300 -0.02010100
v -0.02331400 -0.09105400 -0.02008900
v -0.02331400 -0.09104600 -0.01998900
v -0.02331400 -0.09104600 -0.01998900
v -0.02333600 -0.09105000 -0.01998900
v -0.02333600 -0.09105800 -0.02008800
v -0.02336500 -0.09106400 -0.01998800
v -0.02336500 -0.09107200 -0.02008700
v -0.02328200 -0.09104900 -0.02008900
v -0.02328200 -0.09104900 -0.02008900
v -0.02328200 -0.09104100 -0.01998900
v -0.02328200 -0.09104100 -0.01998900
v -0.02328200 -0.09104100 -0.01998900
v -0.02329800 -0.09104300 -0.01998900
v -0.02329800 -0.09105100 -0.02008900
v -0.02331400 -0.09105400 -0.02008900
v -0.02263200 -0.09096300 -0.01999600
v -0.02263200 -0.09096300 -0.01999600
v -0.02263200 -0.09097100 -0.02009500
v -0.02263200 -0.09097100 -0.02009500
v -0.02263200 -0.09097100 -0.02009500
v -0.02225200 -0.09251100 -0.01997200
v -0.02225200 -0.09251100 -0.01997200
v -0.02225200 -0.09250300 -0.01987200
v -0.02202500 -0.09224600 -0.01989300
v -0.02202500 -0.09224600 -0.01989300
v -0.02202500 -0.09225400 -0.01999300
v -0.02280400 -0.09266500 -0.01996000
v -0.02280400 -0.09265700 -0.01986000
v -0.02251400 -0.09262900 -0.01986200
v -0.02251400 -0.09263700 -0.01996200
v -0.02225200 -0.09250300 -0.01987200
v -0.02225200 -0.09251100 -0.01997200
v -0.02309300 -0.09258100 -0.01996700
v -0.02309300 -0.09257300 -0.01986700
v -0.02329600 -0.09236100 -0.01998400
v -0.02329600 -0.09236100 -0.01998400
v -0.02329600 -0.09235300 -0.01988500
v -0.02329600 -0.09235300 -0.01988500
v -0.02309300 -0.09257300 -0.01986700
v -0.02309300 -0.09257300 -0.01986700
v -0.02309300 -0.09258100 -0.01996700
v -0.02338300 -0.09199300 -0.02001400
v -0.02338300 -0.09198500 -0.01991400
v -0.02336300 -0.09217400 -0.01989900
v -0.02336300 -0.09218200 -0.01999900
v -0.02329600 -0.09236100 -0.01998400
v -0.02338300 -0.09137400 -0.02006300
v -0.02338300 -0.09137400 -0.02006300
v -0.02338300 -0.09137400 -0.02006300
v -0.02338300 -0.09136600 -0.01996400
v -0.02338300 -0.09136600 -0.01996400
v -0.02338300 -0.09136600 -0.01996400
v -0.02338300 -0.09167600 -0.01993900
v -0.02338300 -0.09167600 -0.01993900
v -0.02338300 -0.09167600 -0.01993900
v -0.02338300 -0.09168400 -0.02003900
v -0.02338300 -0.09168400 -0.02003900
v -0.02338300 -0.09113300 -0.02008300
v -0.02338300 -0.09112500 -0.01998300
v -0.02338300 -0.09124600 -0.01997300
v -0.02338300 -0.09124600 -0.01997300
v -0.02338300 -0.09125400 -0.02007300
v -0.02338300 -0.09125400 -0.02007300
v -0.02338300 -0.09125400 -0.02007300
v -0.02337700 -0.09108900 -0.02008600
v -0.02337700 -0.09108100 -0.01998600
v -0.02336500 -0.09107200 -0.02008700
v -0.02336500 -0.09107200 -0.02008700
v -0.02336500 -0.09106400 -0.01998800
v -0.02337700 -0.09108100 -0.01998600
v -0.02337700 -0.09108100 -0.01998600
v -0.02337700 -0.09108900 -0.02008600
v -0.02328200 -0.09104100 -0.01998900
v -0.02328200 -0.09104100 -0.01998900
v -0.02328200 -0.09104100 -0.01998900
v -0.02328200 -0.09104100 -0.01998900
v -0.02263200 -0.09096300 -0.01999600
v -0.02263200 -0.09096300 -0.01999600
v -0.02263200 -0.09096300 -0.01999600
v -0.02263200 -0.09096300 -0.01999600
v -0.02191600 -0.09142500 -0.01995800
v -0.02191600 -0.09142500 -0.01995800
v -0.02191600 -0.09142500 -0.01995800
v -0.02191600 -0.09142500 -0.01995800
v -0.02191600 -0.09142500 -0.01995800
v -0.02338300 -0.09124600 -0.01997300
v -0.02338300 -0.09124600 -0.01997300
v -0.02338300 -0.09124600 -0.01997300
v -0.02338300 -0.09124600 -0.01997300
v -0.02338300 -0.09136600 -0.01996400
v -0.02338300 -0.09136600 -0.01996400
v -0.02338300 -0.09136600 -0.01996400
v -0.02338300 -0.09167600 -0.01993900
v -0.02338300 -0.09167600 -0.01993900
v -0.02338300 -0.09167600 -0.01993900
v -0.02191500 -0.09165800 -0.01994000
v -0.02191500 -0.09165800 -0.01994000
v -0.02191500 -0.09165800 -0.01994000
v -0.02338300 -0.09198500 -0.01991400
v -0.02338300 -0.09198500 -0.01991400
v -0.02338300 -0.09198500 -0.01991400
v -0.02192400 -0.09191800 -0.01991900
v -0.02192400 -0.09191800 -0.01991900
v -0.02192400 -0.09191800 -0.01991900
v -0.02336300 -0.09217400 -0.01989900
v -0.02336300 -0.09217400 -0.01989900
v -0.02336300 -0.09217400 -0.01989900
v -0.02336300 -0.09217400 -0.01989900
v -0.02336300 -0.09217400 -0.01989900
v -0.02336300 -0.09217400 -0.01989900
v -0.02202500 -0.09224600 -0.01989300
v -0.02202500 -0.09224600 -0.01989300
v -0.02225200 -0.09250300 -0.01987200
v -0.02225200 -0.09250300 -0.01987200
v -0.02309300 -0.09257300 -0.01986700
v -0.02329600 -0.09235300 -0.01988500
v -0.02329600 -0.09235300 -0.01988500
v -0.02280400 -0.09265700 -0.01986000
v -0.02280400 -0.09265700 -0.01986000
v -0.02280400 -0.09265700 -0.01986000
v -0.02251400 -0.09262900 -0.01986200
v -0.02251400 -0.09262900 -0.01986200
v -0.02338300 -0.09112500 -0.01998300
v -0.02338300 -0.09112500 -0.01998300
v -0.02338300 -0.09112500 -0.01998300
v -0.02338300 -0.09112500 -0.01998300
v -0.02337700 -0.09108100 -0.01998600
v -0.02336500 -0.09106400 -0.01998800
v -0.02336500 -0.09106400 -0.01998800
v -0.02192900 -0.09088700 -0.02000100
v -0.02192300 -0.09089400 -0.02000100
v -0.02192300 -0.09089400 -0.02000100
v -0.02194200 -0.09088300 -0.02000200
v -0.02194200 -0.09088300 -0.02000200
v -0.02194200 -0.09088300 -0.02000200
v -0.02191700 -0.09091400 -0.01999900
v -0.02191700 -0.09091400 -0.01999900
v -0.02191700 -0.09091400 -0.01999900
v -0.02198200 -0.09088500 -0.02000200
v -0.02198200 -0.09088500 -0.02000200
v -0.02198200 -0.09088500 -0.02000200
v -0.02191600 -0.09094200 -0.01999700
v -0.02191600 -0.09094200 -0.01999700
v -0.02191600 -0.09094200 -0.01999700
v -0.02191600 -0.09117000 -0.01997900
v -0.02191600 -0.09117000 -0.01997900
v -0.02333600 -0.09105000 -0.01998900
v -0.02333600 -0.09105000 -0.01998900
v -0.02331400 -0.09104600 -0.01998900
v -0.02331400 -0.09104600 -0.01998900
v -0.02331400 -0.09104600 -0.01998900
v -0.02329800 -0.09104300 -0.01998900
v -0.02329800 -0.09104300 -0.01998900
v -0.01848700 -0.10757400 -0.01876800
v -0.01848700 -0.10757400 -0.01876800
v -0.01848700 -0.10756600 -0.01866900
v -0.01852300 -0.10762100 -0.01866400
v -0.01852300 -0.10762100 -0.01866400
v -0.01852300 -0.10762900 -0.01876400
v -0.01852300 -0.10762900 -0.01876400
v -0.01852300 -0.10762900 -0.01876400
v -0.01852300 -0.10762100 -0.01866400
v -0.01858200 -0.10765300 -0.01866200
v -0.01858200 -0.10765300 -0.01866200
v -0.01858200 -0.10766100 -0.01876100
v -0.01866700 -0.10766900 -0.01866000
v -0.01866700 -0.10767700 -0.01876000
v -0.01866700 -0.10767700 -0.01876000
v -0.01866700 -0.10766900 -0.01866000
v -0.01916300 -0.10772900 -0.01865600
v -0.01916300 -0.10772900 -0.01865600
v -0.01916300 -0.10773700 -0.01875500
v -0.01916300 -0.10773700 -0.01875500
v -0.01916300 -0.10773700 -0.01875500
v -0.01965800 -0.10779000 -0.01865100
v -0.01965800 -0.10779000 -0.01865100
v -0.01965800 -0.10779800 -0.01875100
v -0.01965800 -0.10779800 -0.01875100
v -0.01965800 -0.10779800 -0.01875100
v -0.01965800 -0.10779000 -0.01865100
v -0.02018400 -0.10785500 -0.01864600
v -0.02018400 -0.10785500 -0.01864600
v -0.02018400 -0.10786300 -0.01874600
v -0.02018400 -0.10786300 -0.01874600
v -0.02018400 -0.10786300 -0.01874600
v -0.02018400 -0.10785500 -0.01864600
v -0.02070900 -0.10791900 -0.01864100
v -0.02070900 -0.10791900 -0.01864100
v -0.02070900 -0.10791900 -0.01864100
v -0.02070900 -0.10792700 -0.01874100
v -0.02070900 -0.10792700 -0.01874100
v -0.02079300 -0.10792900 -0.01864000
v -0.02079300 -0.10793700 -0.01874000
v -0.02087700 -0.10793700 -0.01864000
v -0.02087700 -0.10794500 -0.01873900
v -0.02090900 -0.10794600 -0.01863900
v -0.02090900 -0.10795400 -0.01873900
v -0.02090900 -0.10795400 -0.01873900
v -0.02090900 -0.10795400 -0.01873900
v -0.02090900 -0.10794600 -0.01863900
v -0.02092300 -0.10795900 -0.01863800
v -0.02092300 -0.10795900 -0.01863800
v -0.02092300 -0.10796700 -0.01873800
v -0.02092300 -0.10796700 -0.01873800
v -0.02092300 -0.10796700 -0.01873800
v -0.02092300 -0.10795900 -0.01863800
v -0.02093100 -0.10798100 -0.01863600
v -0.02093100 -0.10798100 -0.01863600
v -0.02093100 -0.10798900 -0.01873600
v -0.02093200 -0.10799600 -0.01863500
v -0.02093200 -0.10800400 -0.01873500
v -0.02093000 -0.10826300 -0.01861400
v -0.02093000 -0.10827100 -0.01871300
v -0.02093200 -0.10853100 -0.01859200
v -0.02093200 -0.10853900 -0.01869200
v -0.02092500 -0.10856600 -0.01859000
v -0.02092500 -0.10857400 -0.01868900
v -0.02092500 -0.10857400 -0.01868900
v -0.02092500 -0.10857400 -0.01868900
v -0.02092500 -0.10856600 -0.01859000
v -0.02090700 -0.10858700 -0.01858800
v -0.02090700 -0.10858700 -0.01858800
v -0.02090700 -0.10859500 -0.01868800
v -0.02090700 -0.10859500 -0.01868800
v -0.02090700 -0.10858700 -0.01858800
v -0.02086700 -0.10860500 -0.01858600
v -0.02086700 -0.10861300 -0.01868600
v -0.02067200 -0.10866400 -0.01858200
v -0.02067200 -0.10866400 -0.01858200
v -0.02067200 -0.10867200 -0.01868100
v -0.02067200 -0.10867200 -0.01868100
v -0.02067200 -0.10867200 -0.01868100
v -0.02047800 -0.10872300 -0.01857700
v -0.02047800 -0.10872300 -0.01857700
v -0.02047800 -0.10872300 -0.01857700
v -0.02047800 -0.10873100 -0.01867600
v -0.02047800 -0.10873100 -0.01867600
v -0.02047800 -0.10873100 -0.01867600
v -0.02008000 -0.10884300 -0.01856700
v -0.02008000 -0.10884300 -0.01856700
v -0.02008000 -0.10884300 -0.01856700
v -0.02008000 -0.10885100 -0.01866700
v -0.02008000 -0.10885100 -0.01866700
v -0.02008000 -0.10885100 -0.01866700
v -0.01968300 -0.10896300 -0.01855700
v -0.01968300 -0.10896300 -0.01855700
v -0.01968300 -0.10896300 -0.01855700
v -0.01968300 -0.10897100 -0.01865700
v -0.01968300 -0.10897100 -0.01865700
v -0.01968300 -0.10897100 -0.01865700
v -0.01913400 -0.10913000 -0.01854400
v -0.01913400 -0.10913000 -0.01854400
v -0.01913400 -0.10913000 -0.01854400
v -0.01913400 -0.10913800 -0.01864400
v -0.01913400 -0.10913800 -0.01864400
v -0.01858400 -0.10929600 -0.01853000
v -0.01858400 -0.10930400 -0.01863000
v -0.01852200 -0.10933000 -0.01852800
v -0.01852200 -0.10933800 -0.01862700
v -0.01852200 -0.10933800 -0.01862700
v -0.01852200 -0.10933800 -0.01862700
v -0.01852200 -0.10933000 -0.01852800
v -0.01848600 -0.10938300 -0.01852400
v -0.01848600 -0.10938300 -0.01852400
v -0.01848600 -0.10939100 -0.01862300
v -0.01848500 -0.11070100 -0.01851900
v -0.01848600 -0.10939100 -0.01862300
v -0.01848600 -0.10939100 -0.01862300
v -0.01848600 -0.11069300 -0.01841900
v -0.01848600 -0.11069300 -0.01841900
v -0.01848600 -0.10938300 -0.01852400
v -0.01848500 -0.11070100 -0.01851900
v -0.01848600 -0.11069300 -0.01841900
v -0.01848900 -0.11070200 -0.01841800
v -0.01848900 -0.11071000 -0.01851800
v -0.01849300 -0.11071200 -0.01841700
v -0.01849300 -0.11072000 -0.01851700
v -0.01851000 -0.11075700 -0.01841400
v -0.01851000 -0.11076500 -0.01851300
v -0.01851000 -0.11076500 -0.01851300
v -0.01851000 -0.11076500 -0.01851300
v -0.01851000 -0.11075700 -0.01841400
v -0.01853100 -0.11077500 -0.01841200
v -0.01853100 -0.11077500 -0.01841200
v -0.01853000 -0.11078300 -0.01851200
v -0.01853000 -0.11078300 -0.01851200
v -0.01853100 -0.11077500 -0.01841200
v -0.01855900 -0.11078200 -0.01841200
v -0.01855900 -0.11079000 -0.01851200
v -0.01858900 -0.11078000 -0.01841200
v -0.01858900 -0.11078800 -0.01851200
v -0.01861100 -0.11077500 -0.01841200
v -0.01861000 -0.11078300 -0.01851200
v -0.01863200 -0.11076900 -0.01841300
v -0.01863200 -0.11077700 -0.01851300
v -0.01896600 -0.11065500 -0.01842200
v -0.01896600 -0.11065500 -0.01842200
v -0.01896600 -0.11066300 -0.01852200
v -0.01896600 -0.11066300 -0.01852200
v -0.01896600 -0.11066300 -0.01852200
v -0.01929900 -0.11054200 -0.01843100
v -0.01929900 -0.11054200 -0.01843100
v -0.01929900 -0.11054200 -0.01843100
v -0.01929900 -0.11055000 -0.01853100
v -0.01929900 -0.11055000 -0.01853100
v -0.01929900 -0.11055000 -0.01853100
v -0.01946900 -0.11048400 -0.01843600
v -0.01946900 -0.11048400 -0.01843600
v -0.01946900 -0.11048400 -0.01843600
v -0.01946900 -0.11049200 -0.01853600
v -0.01946900 -0.11049200 -0.01853600
v -0.01946900 -0.11049200 -0.01853600
v -0.01963900 -0.11042700 -0.01844100
v -0.01963900 -0.11042700 -0.01844100
v -0.01963900 -0.11042700 -0.01844100
v -0.01963900 -0.11043400 -0.01854000
v -0.01963900 -0.11043400 -0.01854000
v -0.01963900 -0.11043400 -0.01854000
v -0.02031800 -0.11019500 -0.01845900
v -0.02031800 -0.11019500 -0.01845900
v -0.02031800 -0.11019500 -0.01845900
v -0.02031800 -0.11020300 -0.01855900
v -0.02031800 -0.11020300 -0.01855900
v -0.02099700 -0.10996400 -0.01847800
v -0.02099700 -0.10997200 -0.01857800
v -0.02104100 -0.10995400 -0.01847900
v -0.02104100 -0.10996200 -0.01857800
v -0.02104100 -0.10996200 -0.01857800
v -0.02104100 -0.10996200 -0.01857800
v -0.02104100 -0.10995400 -0.01847900
v -0.02105800 -0.10995700 -0.01847800
v -0.02105800 -0.10995700 -0.01847800
v -0.02105800 -0.10996500 -0.01857800
v -0.02105800 -0.10996500 -0.01857800
v -0.02105800 -0.10996500 -0.01857800
v -0.02105800 -0.10995700 -0.01847800
v -0.02107300 -0.10997000 -0.01847700
v -0.02107300 -0.10997000 -0.01847700
v -0.02107300 -0.10997800 -0.01857700
v -0.02107300 -0.10997800 -0.01857700
v -0.02107300 -0.10997800 -0.01857700
v -0.02107300 -0.10997000 -0.01847700
v -0.02109100 -0.11000800 -0.01847400
v -0.02109100 -0.11000800 -0.01847400
v -0.02109100 -0.11000800 -0.01847400
v -0.02109100 -0.11001600 -0.01857400
v -0.02109100 -0.11001600 -0.01857400
v -0.02124300 -0.11032600 -0.01844900
v -0.02124300 -0.11033400 -0.01854900
v -0.02145200 -0.11060700 -0.01842700
v -0.02145200 -0.11061500 -0.01852600
v -0.02182500 -0.11092800 -0.01840100
v -0.02182500 -0.11093600 -0.01850100
v -0.02226800 -0.11114300 -0.01838400
v -0.02226800 -0.11115100 -0.01848400
v -0.02275200 -0.11125200 -0.01837600
v -0.02275200 -0.11126000 -0.01847500
v -0.02324800 -0.11125200 -0.01837600
v -0.02324800 -0.11125900 -0.01847500
v -0.02377800 -0.11110800 -0.01838700
v -0.02377800 -0.11111600 -0.01848700
v -0.02421800 -0.11078200 -0.01841400
v -0.02421800 -0.11079000 -0.01851300
v -0.02440600 -0.11052200 -0.01843400
v -0.02440600 -0.11053000 -0.01853400
v -0.02453300 -0.11022700 -0.01845800
v -0.02453300 -0.11023500 -0.01855800
v -0.02460200 -0.10990300 -0.01848400
v -0.02460200 -0.10991100 -0.01858400
v -0.02462100 -0.10957300 -0.01851000
v -0.02462100 -0.10958100 -0.01861000
v -0.02462400 -0.10715000 -0.01870400
v -0.02462400 -0.10715800 -0.01880300
v -0.02461400 -0.10706600 -0.01871000
v -0.02461400 -0.10707400 -0.01881000
v -0.02458600 -0.10701100 -0.01871500
v -0.02458600 -0.10701900 -0.01881400
v -0.02458600 -0.10701900 -0.01881400
v -0.02458600 -0.10701100 -0.01871500
v -0.02455000 -0.10698900 -0.01871700
v -0.02454900 -0.10699700 -0.01881600
v -0.02453100 -0.10698400 -0.01871700
v -0.02453100 -0.10699200 -0.01881700
v -0.02433500 -0.10695900 -0.01871900
v -0.02433500 -0.10695900 -0.01871900
v -0.02433500 -0.10696700 -0.01881800
v -0.02433500 -0.10696700 -0.01881800
v -0.02433500 -0.10696700 -0.01881800
v -0.02413900 -0.10693500 -0.01872100
v -0.02413900 -0.10693500 -0.01872100
v -0.02413900 -0.10693500 -0.01872100
v -0.02413900 -0.10694300 -0.01882000
v -0.02413900 -0.10694300 -0.01882000
v -0.02413900 -0.10694300 -0.01882000
v -0.02382200 -0.10689600 -0.01872400
v -0.02382200 -0.10689600 -0.01872400
v -0.02382200 -0.10689600 -0.01872400
v -0.02382200 -0.10690400 -0.01882300
v -0.02382200 -0.10690400 -0.01882300
v -0.02382200 -0.10690400 -0.01882300
v -0.02350400 -0.10685700 -0.01872700
v -0.02350400 -0.10685700 -0.01872700
v -0.02350400 -0.10685700 -0.01872700
v -0.02350400 -0.10686500 -0.01882600
v -0.02350400 -0.10686500 -0.01882600
v -0.02350400 -0.10686500 -0.01882600
v -0.02316400 -0.10681500 -0.01873000
v -0.02316400 -0.10681500 -0.01873000
v -0.02316400 -0.10681500 -0.01873000
v -0.02316400 -0.10682300 -0.01883000
v -0.02316400 -0.10682300 -0.01883000
v -0.02316400 -0.10682300 -0.01883000
v -0.02282500 -0.10677300 -0.01873300
v -0.02282500 -0.10677300 -0.01873300
v -0.02282500 -0.10677300 -0.01873300
v -0.02282500 -0.10678100 -0.01883300
v -0.02282500 -0.10678100 -0.01883300
v -0.02282500 -0.10678100 -0.01883300
v -0.02247500 -0.10673100 -0.01873700
v -0.02247500 -0.10673100 -0.01873700
v -0.02247500 -0.10673100 -0.01873700
v -0.02247500 -0.10673900 -0.01883600
v -0.02247500 -0.10673900 -0.01883600
v -0.02247500 -0.10673900 -0.01883600
v -0.02212500 -0.10668800 -0.01874000
v -0.02212500 -0.10668800 -0.01874000
v -0.02212500 -0.10668800 -0.01874000
v -0.02212500 -0.10669600 -0.01883900
v -0.02212500 -0.10669600 -0.01883900
v -0.02212500 -0.10669600 -0.01883900
v -0.02178600 -0.10664600 -0.01874300
v -0.02178600 -0.10664600 -0.01874300
v -0.02178600 -0.10664600 -0.01874300
v -0.02178600 -0.10665400 -0.01884300
v -0.02178600 -0.10665400 -0.01884300
v -0.02178600 -0.10665400 -0.01884300
v -0.02144600 -0.10660400 -0.01874600
v -0.02144600 -0.10660400 -0.01874600
v -0.02144600 -0.10660400 -0.01874600
v -0.02144600 -0.10661200 -0.01884600
v -0.02144600 -0.10661200 -0.01884600
v -0.02144600 -0.10661200 -0.01884600
v -0.02109400 -0.10656100 -0.01875000
v -0.02109400 -0.10656100 -0.01875000
v -0.02109400 -0.10656100 -0.01875000
v -0.02109400 -0.10656900 -0.01884900
v -0.02109400 -0.10656900 -0.01884900
v -0.02109400 -0.10656900 -0.01884900
v -0.02074300 -0.10651800 -0.01875300
v -0.02074300 -0.10651800 -0.01875300
v -0.02074300 -0.10651800 -0.01875300
v -0.02074300 -0.10652600 -0.01885300
v -0.02074300 -0.10652600 -0.01885300
v -0.02074300 -0.10652600 -0.01885300
v -0.02040100 -0.10647600 -0.01875600
v -0.02040100 -0.10647600 -0.01875600
v -0.02040100 -0.10647600 -0.01875600
v -0.02040100 -0.10648400 -0.01885600
v -0.02040100 -0.10648400 -0.01885600
v -0.02040100 -0.10648400 -0.01885600
v -0.02005900 -0.10643400 -0.01875900
v -0.02005900 -0.10643400 -0.01875900
v -0.02005900 -0.10643400 -0.01875900
v -0.02005900 -0.10644200 -0.01885900
v -0.02005900 -0.10644200 -0.01885900
v -0.02005900 -0.10644200 -0.01885900
v -0.01971600 -0.10639200 -0.01876300
v -0.01971600 -0.10639200 -0.01876300
v -0.01971600 -0.10639200 -0.01876300
v -0.01971600 -0.10640000 -0.01886200
v -0.01971600 -0.10640000 -0.01886200
v -0.01971600 -0.10640000 -0.01886200
v -0.01937200 -0.10635000 -0.01876600
v -0.01937200 -0.10635000 -0.01876600
v -0.01937200 -0.10635000 -0.01876600
v -0.01937200 -0.10635800 -0.01886600
v -0.01937200 -0.10635800 -0.01886600
v -0.01937200 -0.10635800 -0.01886600
v -0.01899100 -0.10630200 -0.01877000
v -0.01899100 -0.10630200 -0.01877000
v -0.01899100 -0.10630200 -0.01877000
v -0.01899100 -0.10631000 -0.01886900
v -0.01899100 -0.10631000 -0.01886900
v -0.01860900 -0.10625600 -0.01877300
v -0.01860900 -0.10626400 -0.01887300
v -0.01854600 -0.10625500 -0.01877300
v -0.01854600 -0.10626300 -0.01887300
v -0.01854600 -0.10626300 -0.01887300
v -0.01854600 -0.10626300 -0.01887300
v -0.01854600 -0.10625500 -0.01877300
v -0.01852300 -0.10626800 -0.01877200
v -0.01852300 -0.10626800 -0.01877200
v -0.01852300 -0.10627600 -0.01887200
v -0.01852300 -0.10627600 -0.01887200
v -0.01852300 -0.10627600 -0.01887200
v -0.01852300 -0.10626800 -0.01877200
v -0.01848800 -0.10632000 -0.01876800
v -0.01848800 -0.10632000 -0.01876800
v -0.01848800 -0.10632800 -0.01886800
v -0.01848700 -0.10757400 -0.01876800
v -0.01848800 -0.10632800 -0.01886800
v -0.01848800 -0.10632800 -0.01886800
v -0.01848700 -0.10756600 -0.01866900
v -0.01848700 -0.10756600 -0.01866900
v -0.01848800 -0.10632000 -0.01876800
v -0.02337300 -0.10929100 -0.01863300
v -0.02337300 -0.10928300 -0.01853300
v -0.02332700 -0.10951800 -0.01851400
v -0.02332600 -0.10952600 -0.01861400
v -0.02337400 -0.10880900 -0.01867100
v -0.02337400 -0.10880900 -0.01867100
v -0.02337400 -0.10880100 -0.01857100
v -0.02337400 -0.10880100 -0.01857100
v -0.02337400 -0.10880100 -0.01857100
v -0.02337500 -0.10904200 -0.01855200
v -0.02337500 -0.10904200 -0.01855200
v -0.02337500 -0.10905000 -0.01865200
v -0.02337500 -0.10831100 -0.01871100
v -0.02337500 -0.10830300 -0.01861100
v -0.02337400 -0.10855200 -0.01859100
v -0.02337400 -0.10855200 -0.01859100
v -0.02337400 -0.10856000 -0.01869100
v -0.02337400 -0.10856000 -0.01869100
v -0.02337400 -0.10856000 -0.01869100
v -0.02337400 -0.10880900 -0.01867100
v -0.02336600 -0.10826700 -0.01871400
v -0.02336600 -0.10825900 -0.01861500
v -0.02332600 -0.10952600 -0.01861400
v -0.02332700 -0.10951800 -0.01851400
v -0.02319000 -0.10971600 -0.01849800
v -0.02319000 -0.10972400 -0.01859800
v -0.02251400 -0.10981200 -0.01859100
v -0.02251400 -0.10981200 -0.01859100
v -0.02251400 -0.10980400 -0.01849100
v -0.02251400 -0.10980400 -0.01849100
v -0.02221300 -0.10958500 -0.01850800
v -0.02221300 -0.10958500 -0.01850800
v -0.02221300 -0.10959300 -0.01860800
v -0.02285800 -0.10986000 -0.01858700
v -0.02285800 -0.10985200 -0.01848700
v -0.02268300 -0.10984700 -0.01848800
v -0.02268300 -0.10985500 -0.01858700
v -0.02251400 -0.10981200 -0.01859100
v -0.02303700 -0.10981400 -0.01849000
v -0.02303700 -0.10982200 -0.01859000
v -0.02332700 -0.10824400 -0.01871600
v -0.02332700 -0.10824400 -0.01871600
v -0.02332700 -0.10823600 -0.01861600
v -0.02332700 -0.10823600 -0.01861600
v -0.02335300 -0.10824500 -0.01861600
v -0.02335300 -0.10824500 -0.01861600
v -0.02335300 -0.10825300 -0.01871600
v -0.02318400 -0.10822800 -0.01871700
v -0.02318400 -0.10822800 -0.01871700
v -0.02318400 -0.10822800 -0.01871700
v -0.02318400 -0.10822000 -0.01861800
v -0.02318400 -0.10822000 -0.01861800
v -0.02318400 -0.10822000 -0.01861800
v -0.02325600 -0.10822800 -0.01861700
v -0.02325600 -0.10822800 -0.01861700
v -0.02325600 -0.10822800 -0.01861700
v -0.02325600 -0.10823600 -0.01871700
v -0.02325600 -0.10823600 -0.01871700
v -0.02332700 -0.10824400 -0.01871600
v -0.02253600 -0.10815100 -0.01872300
v -0.02253600 -0.10815100 -0.01872300
v -0.02253600 -0.10815100 -0.01872300
v -0.02253600 -0.10814300 -0.01862400
v -0.02253600 -0.10814300 -0.01862400
v -0.02253600 -0.10814300 -0.01862400
v -0.02286000 -0.10818100 -0.01862100
v -0.02286000 -0.10818100 -0.01862100
v -0.02286000 -0.10818100 -0.01862100
v -0.02286000 -0.10818900 -0.01872000
v -0.02286000 -0.10818900 -0.01872000
v -0.02286000 -0.10818900 -0.01872000
v -0.02208500 -0.10809500 -0.01872800
v -0.02208500 -0.10808700 -0.01862800
v -0.02231100 -0.10811500 -0.01862600
v -0.02231100 -0.10811500 -0.01862600
v -0.02231100 -0.10812300 -0.01872600
v -0.02231100 -0.10812300 -0.01872600
v -0.02231100 -0.10812300 -0.01872600
v -0.02206500 -0.10809600 -0.01872800
v -0.02206500 -0.10808800 -0.01862800
v -0.02335300 -0.10825300 -0.01871600
v -0.02335300 -0.10825300 -0.01871600
v -0.02335300 -0.10824500 -0.01861600
v -0.02336600 -0.10825900 -0.01861500
v -0.02336600 -0.10825900 -0.01861500
v -0.02336600 -0.10826700 -0.01871400
v -0.02204400 -0.10812700 -0.01872500
v -0.02204400 -0.10811900 -0.01862500
v -0.02204400 -0.10811900 -0.01862500
v -0.02204700 -0.10810600 -0.01862700
v -0.02204700 -0.10811400 -0.01872600
v -0.02205400 -0.10809400 -0.01862800
v -0.02205400 -0.10810200 -0.01872700
v -0.02204300 -0.10816300 -0.01872200
v -0.02204300 -0.10816300 -0.01872200
v -0.02204300 -0.10815500 -0.01862300
v -0.02204300 -0.10815500 -0.01862300
v -0.02204300 -0.10815500 -0.01862300
v -0.02204300 -0.10813700 -0.01862400
v -0.02204300 -0.10814500 -0.01872400
v -0.02204400 -0.10812700 -0.01872500
v -0.02204300 -0.10907900 -0.01864900
v -0.02204300 -0.10907100 -0.01855000
v -0.02204300 -0.10861300 -0.01858600
v -0.02204300 -0.10861300 -0.01858600
v -0.02204300 -0.10862100 -0.01868600
v -0.02204300 -0.10862100 -0.01868600
v -0.02204300 -0.10862100 -0.01868600
v -0.02205900 -0.10925500 -0.01863500
v -0.02205900 -0.10924700 -0.01853500
v -0.02204700 -0.10915900 -0.01854200
v -0.02204700 -0.10916700 -0.01864200
v -0.02221300 -0.10959300 -0.01860800
v -0.02221300 -0.10958500 -0.01850800
v -0.02205400 -0.10810200 -0.01872700
v -0.02205400 -0.10810200 -0.01872700
v -0.02205400 -0.10809400 -0.01862800
v -0.02206500 -0.10808800 -0.01862800
v -0.02206500 -0.10808800 -0.01862800
v -0.02206500 -0.10809600 -0.01872800
v -0.02204700 -0.10915900 -0.01854200
v -0.02204700 -0.10915900 -0.01854200
v -0.02205900 -0.10924700 -0.01853500
v -0.02221300 -0.10958500 -0.01850800
v -0.02221300 -0.10958500 -0.01850800
v -0.02221300 -0.10958500 -0.01850800
v -0.02221300 -0.10958500 -0.01850800
v -0.02221300 -0.10958500 -0.01850800
v -0.02221300 -0.10958500 -0.01850800
v -0.02221300 -0.10958500 -0.01850800
v -0.02221300 -0.10958500 -0.01850800
v -0.02221300 -0.10958500 -0.01850800
v -0.02337500 -0.10904200 -0.01855200
v -0.02337500 -0.10904200 -0.01855200
v -0.02337400 -0.10880100 -0.01857100
v -0.02337400 -0.10880100 -0.01857100
v -0.02337400 -0.10880100 -0.01857100
v -0.02337400 -0.10880100 -0.01857100
v -0.02337400 -0.10880100 -0.01857100
v -0.02204300 -0.10815500 -0.01862300
v -0.02204300 -0.10815500 -0.01862300
v -0.02204300 -0.10861300 -0.01858600
v -0.02204300 -0.10861300 -0.01858600
v -0.02204300 -0.10861300 -0.01858600
v -0.02231100 -0.10811500 -0.01862600
v -0.02231100 -0.10811500 -0.01862600
v -0.02231100 -0.10811500 -0.01862600
v -0.02231100 -0.10811500 -0.01862600
v -0.02231100 -0.10811500 -0.01862600
v -0.02231100 -0.10811500 -0.01862600
v -0.02253600 -0.10814300 -0.01862400
v -0.02253600 -0.10814300 -0.01862400
v -0.02253600 -0.10814300 -0.01862400
v -0.02286000 -0.10818100 -0.01862100
v -0.02286000 -0.10818100 -0.01862100
v -0.02318400 -0.10822000 -0.01861800
v -0.02318400 -0.10822000 -0.01861800
v -0.02318400 -0.10822000 -0.01861800
v -0.02337300 -0.10928300 -0.01853300
v -0.02337300 -0.10928300 -0.01853300
v -0.02337300 -0.10928300 -0.01853300
v -0.02337300 -0.10928300 -0.01853300
v -0.02337300 -0.10928300 -0.01853300
v -0.02337300 -0.10928300 -0.01853300
v -0.02251400 -0.10980400 -0.01849100
v -0.02251400 -0.10980400 -0.01849100
v -0.02268300 -0.10984700 -0.01848800
v -0.02268300 -0.10984700 -0.01848800
v -0.02204300 -0.10907100 -0.01855000
v -0.02204300 -0.10907100 -0.01855000
v -0.02337500 -0.10830300 -0.01861100
v -0.02337500 -0.10830300 -0.01861100
v -0.02337500 -0.10830300 -0.01861100
v -0.02337500 -0.10830300 -0.01861100
v -0.02336600 -0.10825900 -0.01861500
v -0.02335300 -0.10824500 -0.01861600
v -0.02335300 -0.10824500 -0.01861600
v -0.02337400 -0.10855200 -0.01859100
v -0.02337400 -0.10855200 -0.01859100
v -0.02337400 -0.10855200 -0.01859100
v -0.02325600 -0.10822800 -0.01861700
v -0.02325600 -0.10822800 -0.01861700
v -0.02325600 -0.10822800 -0.01861700
v -0.02332700 -0.10823600 -0.01861600
v -0.02332700 -0.10823600 -0.01861600
v -0.02319000 -0.10971600 -0.01849800
v -0.02332700 -0.10951800 -0.01851400
v -0.02332700 -0.10951800 -0.01851400
v -0.02303700 -0.10981400 -0.01849000
v -0.02303700 -0.10981400 -0.01849000
v -0.02303700 -0.10981400 -0.01849000
v -0.02285800 -0.10985200 -0.01848700
v -0.02285800 -0.10985200 -0.01848700
v -0.02208500 -0.10808700 -0.01862800
v -0.02208500 -0.10808700 -0.01862800
v -0.02208500 -0.10808700 -0.01862800
v -0.02208500 -0.10808700 -0.01862800
v -0.02206500 -0.10808800 -0.01862800
v -0.02205400 -0.10809400 -0.01862800
v -0.02205400 -0.10809400 -0.01862800
v -0.02204700 -0.10810600 -0.01862700
v -0.02204700 -0.10810600 -0.01862700
v -0.02204400 -0.10811900 -0.01862500
v -0.02204400 -0.10811900 -0.01862500
v -0.02204400 -0.10811900 -0.01862500
v -0.02204300 -0.10813700 -0.01862400
v -0.02204300 -0.10813700 -0.01862400
v -0.01848800 -0.10550000 -0.01893400
v -0.01848800 -0.10550000 -0.01893400
v -0.01848800 -0.10549200 -0.01883400
v -0.01852700 -0.10554700 -0.01883000
v -0.01852700 -0.10554700 -0.01883000
v -0.01852700 -0.10555500 -0.01893000
v -0.01852700 -0.10555500 -0.01893000
v -0.01852700 -0.10554700 -0.01883000
v -0.01858400 -0.10557700 -0.01882700
v -0.01858400 -0.10558500 -0.01892700
v -0.01861900 -0.10558300 -0.01882700
v -0.01861900 -0.10559100 -0.01892700
v -0.01885700 -0.10561100 -0.01882500
v -0.01885700 -0.10561100 -0.01882500
v -0.01885700 -0.10561900 -0.01892400
v -0.01885700 -0.10561900 -0.01892400
v -0.01885700 -0.10561900 -0.01892400
v -0.01909500 -0.10564000 -0.01882300
v -0.01909500 -0.10564000 -0.01882300
v -0.01909500 -0.10564000 -0.01882300
v -0.01909500 -0.10564800 -0.01892200
v -0.01909500 -0.10564800 -0.01892200
v -0.01909500 -0.10564800 -0.01892200
v -0.01936900 -0.10567300 -0.01882000
v -0.01936900 -0.10567300 -0.01882000
v -0.01936900 -0.10567300 -0.01882000
v -0.01936900 -0.10568100 -0.01892000
v -0.01936900 -0.10568100 -0.01892000
v -0.01964200 -0.10570500 -0.01881800
v -0.01964200 -0.10571300 -0.01891700
v -0.01968000 -0.10570000 -0.01881800
v -0.01968000 -0.10570800 -0.01891800
v -0.01968000 -0.10570800 -0.01891800
v -0.01968000 -0.10570800 -0.01891800
v -0.01968000 -0.10570000 -0.01881800
v -0.01971000 -0.10567900 -0.01882000
v -0.01971000 -0.10567900 -0.01882000
v -0.01971000 -0.10568700 -0.01891900
v -0.01971000 -0.10568700 -0.01891900
v -0.01971000 -0.10567900 -0.01882000
v -0.01972700 -0.10564400 -0.01882200
v -0.01972700 -0.10565200 -0.01892200
v -0.01972700 -0.10565200 -0.01892200
v -0.01972900 -0.10563400 -0.01882300
v -0.01972900 -0.10563400 -0.01882300
v -0.01972900 -0.10564200 -0.01892300
v -0.01973100 -0.10560800 -0.01882500
v -0.01973100 -0.10561600 -0.01892500
v -0.01973000 -0.10558200 -0.01882700
v -0.01973000 -0.10558200 -0.01882700
v -0.01973000 -0.10559000 -0.01892700
v -0.01973000 -0.10559000 -0.01892700
v -0.01973000 -0.10559000 -0.01892700
v -0.01973100 -0.10429400 -0.01893000
v -0.01973100 -0.10429400 -0.01893000
v -0.01973100 -0.10429400 -0.01893000
v -0.01973100 -0.10430200 -0.01903000
v -0.01973100 -0.10430200 -0.01903000
v -0.01973200 -0.10300600 -0.01903300
v -0.01973200 -0.10301400 -0.01913300
v -0.01973700 -0.10295100 -0.01903800
v -0.01973700 -0.10295900 -0.01913700
v -0.01974600 -0.10293300 -0.01903900
v -0.01974600 -0.10294100 -0.01913900
v -0.01974600 -0.10294100 -0.01913900
v -0.01974600 -0.10294100 -0.01913900
v -0.01974600 -0.10293300 -0.01903900
v -0.01975800 -0.10292500 -0.01904000
v -0.01975800 -0.10292500 -0.01904000
v -0.01975800 -0.10293300 -0.01913900
v -0.01975800 -0.10293300 -0.01913900
v -0.01975800 -0.10293300 -0.01913900
v -0.01975800 -0.10292500 -0.01904000
v -0.01978900 -0.10292100 -0.01904000
v -0.01978900 -0.10292100 -0.01904000
v -0.01978900 -0.10292900 -0.01914000
v -0.01982400 -0.10292500 -0.01904000
v -0.01982400 -0.10293200 -0.01913900
v -0.02000000 -0.10294700 -0.01903800
v -0.02000000 -0.10294700 -0.01903800
v -0.02000000 -0.10295500 -0.01913800
v -0.02000000 -0.10295500 -0.01913800
v -0.02000000 -0.10295500 -0.01913800
v -0.02017600 -0.10296800 -0.01903600
v -0.02017600 -0.10296800 -0.01903600
v -0.02017600 -0.10296800 -0.01903600
v -0.02017600 -0.10297600 -0.01913600
v -0.02017600 -0.10297600 -0.01913600
v -0.02017600 -0.10297600 -0.01913600
v -0.02053300 -0.10301100 -0.01903300
v -0.02053300 -0.10301100 -0.01903300
v -0.02053300 -0.10301100 -0.01903300
v -0.02053300 -0.10301900 -0.01913300
v -0.02053300 -0.10301900 -0.01913300
v -0.02089100 -0.10305500 -0.01902900
v -0.02089100 -0.10306300 -0.01912900
v -0.02095100 -0.10306800 -0.01902800
v -0.02095100 -0.10307600 -0.01912800
v -0.02095100 -0.10307600 -0.01912800
v -0.02095100 -0.10307600 -0.01912800
v -0.02095100 -0.10306800 -0.01902800
v -0.02096700 -0.10308000 -0.01902800
v -0.02096700 -0.10308000 -0.01902800
v -0.02096700 -0.10308800 -0.01912700
v -0.02096700 -0.10308800 -0.01912700
v -0.02096700 -0.10308800 -0.01912700
v -0.02096700 -0.10308000 -0.01902800
v -0.02097700 -0.10310100 -0.01902600
v -0.02097700 -0.10310100 -0.01902600
v -0.02097700 -0.10310800 -0.01912600
v -0.02098100 -0.10316100 -0.01902100
v -0.02098100 -0.10316900 -0.01912100
v -0.02098100 -0.10397800 -0.01895600
v -0.02098100 -0.10397800 -0.01895600
v -0.02098100 -0.10398600 -0.01905500
v -0.02098100 -0.10398600 -0.01905500
v -0.02098100 -0.10398600 -0.01905500
v -0.02098000 -0.10479600 -0.01889100
v -0.02098000 -0.10479600 -0.01889100
v -0.02098000 -0.10480400 -0.01899000
v -0.02099400 -0.10486800 -0.01888500
v -0.02099400 -0.10487600 -0.01898400
v -0.02099400 -0.10487600 -0.01898400
v -0.02099400 -0.10487600 -0.01898400
v -0.02099400 -0.10486800 -0.01888500
v -0.02102500 -0.10490400 -0.01888200
v -0.02102500 -0.10490400 -0.01888200
v -0.02102500 -0.10491200 -0.01898200
v -0.02102500 -0.10491200 -0.01898200
v -0.02102500 -0.10491200 -0.01898200
v -0.02102500 -0.10490400 -0.01888200
v -0.02108800 -0.10492800 -0.01888000
v -0.02108800 -0.10492800 -0.01888000
v -0.02108800 -0.10493600 -0.01898000
v -0.02109900 -0.10493000 -0.01888000
v -0.02109900 -0.10493800 -0.01897900
v -0.02116700 -0.10493800 -0.01887900
v -0.02116700 -0.10493800 -0.01887900
v -0.02116700 -0.10494600 -0.01897900
v -0.02116700 -0.10494600 -0.01897900
v -0.02116700 -0.10494600 -0.01897900
v -0.02123500 -0.10494600 -0.01887900
v -0.02123500 -0.10494600 -0.01887900
v -0.02123500 -0.10494600 -0.01887900
v -0.02123500 -0.10495400 -0.01897800
v -0.02123500 -0.10495400 -0.01897800
v -0.02123500 -0.10495400 -0.01897800
v -0.02155900 -0.10498600 -0.01887600
v -0.02155900 -0.10498600 -0.01887600
v -0.02155900 -0.10498600 -0.01887600
v -0.02155900 -0.10499400 -0.01897500
v -0.02155900 -0.10499400 -0.01897500
v -0.02155900 -0.10499400 -0.01897500
v -0.02188300 -0.10502500 -0.01887200
v -0.02188300 -0.10502500 -0.01887200
v -0.02188300 -0.10502500 -0.01887200
v -0.02188300 -0.10503300 -0.01897200
v -0.02188300 -0.10503300 -0.01897200
v -0.02199600 -0.10503900 -0.01887100
v -0.02199600 -0.10504700 -0.01897100
v -0.02211100 -0.10505100 -0.01887100
v -0.02211100 -0.10505900 -0.01897000
v -0.02216100 -0.10504500 -0.01887100
v -0.02216100 -0.10505300 -0.01897100
v -0.02216100 -0.10505300 -0.01897100
v -0.02216100 -0.10505300 -0.01897100
v -0.02216100 -0.10504500 -0.01887100
v -0.02219100 -0.10502400 -0.01887300
v -0.02219100 -0.10502400 -0.01887300
v -0.02219100 -0.10503200 -0.01897200
v -0.02219100 -0.10503200 -0.01897200
v -0.02219100 -0.10503200 -0.01897200
v -0.02219100 -0.10502400 -0.01887300
v -0.02221000 -0.10498600 -0.01887600
v -0.02221000 -0.10498600 -0.01887600
v -0.02221000 -0.10499400 -0.01897500
v -0.02221100 -0.10498000 -0.01887600
v -0.02221100 -0.10498800 -0.01897600
v -0.02221100 -0.10498800 -0.01897600
v -0.02221400 -0.10492400 -0.01888100
v -0.02221400 -0.10492400 -0.01888100
v -0.02221400 -0.10493200 -0.01898000
v -0.02221500 -0.10330100 -0.01901000
v -0.02221500 -0.10330900 -0.01911000
v -0.02221900 -0.10325300 -0.01901400
v -0.02221900 -0.10326100 -0.01911400
v -0.02222700 -0.10323800 -0.01901500
v -0.02222700 -0.10324600 -0.01911500
v -0.02222700 -0.10324600 -0.01911500
v -0.02222700 -0.10324600 -0.01911500
v -0.02222700 -0.10323800 -0.01901500
v -0.02223800 -0.10323100 -0.01901600
v -0.02223800 -0.10323100 -0.01901600
v -0.02223800 -0.10323900 -0.01911600
v -0.02223800 -0.10323900 -0.01911600
v -0.02223800 -0.10323900 -0.01911600
v -0.02223800 -0.10323100 -0.01901600
v -0.02227300 -0.10322800 -0.01901600
v -0.02227300 -0.10322800 -0.01901600
v -0.02227300 -0.10323600 -0.01911600
v -0.02229600 -0.10323100 -0.01901600
v -0.02229600 -0.10323900 -0.01911600
v -0.02250700 -0.10325700 -0.01901400
v -0.02250700 -0.10325700 -0.01901400
v -0.02250700 -0.10326500 -0.01911400
v -0.02250700 -0.10326500 -0.01911400
v -0.02250700 -0.10326500 -0.01911400
v -0.02271900 -0.10328300 -0.01901200
v -0.02271900 -0.10328300 -0.01901200
v -0.02271900 -0.10328300 -0.01901200
v -0.02271900 -0.10329100 -0.01911200
v -0.02271900 -0.10329100 -0.01911200
v -0.02271900 -0.10329100 -0.01911200
v -0.02302500 -0.10332000 -0.01900900
v -0.02302500 -0.10332000 -0.01900900
v -0.02302500 -0.10332000 -0.01900900
v -0.02302500 -0.10332800 -0.01910900
v -0.02302500 -0.10332800 -0.01910900
v -0.02333100 -0.10335700 -0.01900600
v -0.02333100 -0.10336500 -0.01910600
v -0.02335600 -0.10336500 -0.01900500
v -0.02335600 -0.10337300 -0.01910500
v -0.02335600 -0.10337300 -0.01910500
v -0.02335600 -0.10337300 -0.01910500
v -0.02335600 -0.10336500 -0.01900500
v -0.02336900 -0.10337900 -0.01900400
v -0.02336900 -0.10337900 -0.01900400
v -0.02336900 -0.10338700 -0.01910400
v -0.02336900 -0.10338700 -0.01910400
v -0.02336900 -0.10338700 -0.01910400
v -0.02336900 -0.10337900 -0.01900400
v -0.02337600 -0.10340400 -0.01900200
v -0.02337600 -0.10340400 -0.01900200
v -0.02337600 -0.10341200 -0.01910200
v -0.02337700 -0.10343000 -0.01900000
v -0.02337700 -0.10343800 -0.01910000
v -0.02337700 -0.10345700 -0.01899800
v -0.02337700 -0.10345700 -0.01899800
v -0.02337700 -0.10346500 -0.01909800
v -0.02337700 -0.10346500 -0.01909800
v -0.02337700 -0.10346500 -0.01909800
v -0.02337600 -0.10474700 -0.01889500
v -0.02337600 -0.10474700 -0.01889500
v -0.02337600 -0.10474700 -0.01889500
v -0.02337600 -0.10475500 -0.01899500
v -0.02337600 -0.10475500 -0.01899500
v -0.02337600 -0.10603700 -0.01879200
v -0.02337600 -0.10604500 -0.01889200
v -0.02339300 -0.10611800 -0.01878600
v -0.02339300 -0.10612600 -0.01888500
v -0.02339300 -0.10612600 -0.01888500
v -0.02339300 -0.10612600 -0.01888500
v -0.02339300 -0.10611800 -0.01878600
v -0.02342800 -0.10615400 -0.01878300
v -0.02342800 -0.10615400 -0.01878300
v -0.02342800 -0.10616200 -0.01888300
v -0.02342800 -0.10616200 -0.01888300
v -0.02342800 -0.10615400 -0.01878300
v -0.02349400 -0.10617800 -0.01878100
v -0.02349400 -0.10618600 -0.01888100
v -0.02361400 -0.10619500 -0.01878000
v -0.02361400 -0.10620300 -0.01887900
v -0.02373300 -0.10621000 -0.01877900
v -0.02373300 -0.10621000 -0.01877900
v -0.02373300 -0.10621800 -0.01887800
v -0.02373300 -0.10621800 -0.01887800
v -0.02373300 -0.10621800 -0.01887800
v -0.02409900 -0.10625600 -0.01877500
v -0.02409900 -0.10625600 -0.01877500
v -0.02409900 -0.10625600 -0.01877500
v -0.02409900 -0.10626400 -0.01887500
v -0.02409900 -0.10626400 -0.01887500
v -0.02446400 -0.10630400 -0.01877100
v -0.02446400 -0.10631200 -0.01887100
v -0.02455900 -0.10630400 -0.01877100
v -0.02455900 -0.10631200 -0.01887100
v -0.02455900 -0.10631200 -0.01887100
v -0.02455900 -0.10631200 -0.01887100
v -0.02455900 -0.10630400 -0.01877100
v -0.02459100 -0.10628900 -0.01877200
v -0.02459100 -0.10628900 -0.01877200
v -0.02459100 -0.10629700 -0.01887200
v -0.02459100 -0.10629700 -0.01887200
v -0.02459100 -0.10629700 -0.01887200
v -0.02459100 -0.10628900 -0.01877200
v -0.02461200 -0.10625800 -0.01877500
v -0.02461200 -0.10625800 -0.01877500
v -0.02461200 -0.10626600 -0.01887500
v -0.02461200 -0.10626600 -0.01887500
v -0.02461200 -0.10625800 -0.01877500
v -0.02462400 -0.10616700 -0.01878200
v -0.02462400 -0.10617500 -0.01888200
v -0.02462400 -0.10615600 -0.01878300
v -0.02462400 -0.10616400 -0.01888300
v -0.02462700 -0.10227800 -0.01909300
v -0.02462700 -0.10228600 -0.01919200
v -0.02462500 -0.10221800 -0.01909700
v -0.02462500 -0.10222600 -0.01919700
v -0.02460700 -0.10215400 -0.01910300
v -0.02460700 -0.10216200 -0.01920200
v -0.02460700 -0.10216200 -0.01920200
v -0.02460700 -0.10215400 -0.01910300
v -0.02457400 -0.10211900 -0.01910500
v -0.02457400 -0.10212700 -0.01920500
v -0.02455800 -0.10211100 -0.01910600
v -0.02455800 -0.10211900 -0.01920600
v -0.02451800 -0.10210000 -0.01910700
v -0.02451800 -0.10210800 -0.01920700
v -0.02447600 -0.10209500 -0.01910700
v -0.02447600 -0.10209500 -0.01910700
v -0.02447600 -0.10210300 -0.01920700
v -0.02447600 -0.10210300 -0.01920700
v -0.02447600 -0.10210300 -0.01920700
v -0.02416200 -0.10205700 -0.01911000
v -0.02416200 -0.10205700 -0.01911000
v -0.02416200 -0.10205700 -0.01911000
v -0.02416200 -0.10206500 -0.01921000
v -0.02416200 -0.10206500 -0.01921000
v -0.02416200 -0.10206500 -0.01921000
v -0.02384800 -0.10201900 -0.01911300
v -0.02384800 -0.10201900 -0.01911300
v -0.02384800 -0.10201900 -0.01911300
v -0.02384800 -0.10202700 -0.01921300
v -0.02384800 -0.10202700 -0.01921300
v -0.02384800 -0.10202700 -0.01921300
v -0.02353900 -0.10198000 -0.01911600
v -0.02353900 -0.10198000 -0.01911600
v -0.02353900 -0.10198000 -0.01911600
v -0.02353900 -0.10198800 -0.01921600
v -0.02353900 -0.10198800 -0.01921600
v -0.02353900 -0.10198800 -0.01921600
v -0.02322900 -0.10194200 -0.01911900
v -0.02322900 -0.10194200 -0.01911900
v -0.02322900 -0.10194200 -0.01911900
v -0.02322900 -0.10195000 -0.01921900
v -0.02322900 -0.10195000 -0.01921900
v -0.02322900 -0.10195000 -0.01921900
v -0.02285100 -0.10189600 -0.01912300
v -0.02285100 -0.10189600 -0.01912300
v -0.02285100 -0.10189600 -0.01912300
v -0.02285100 -0.10190400 -0.01922200
v -0.02285100 -0.10190400 -0.01922200
v -0.02285100 -0.10190400 -0.01922200
v -0.02247400 -0.10185000 -0.01912600
v -0.02247400 -0.10185000 -0.01912600
v -0.02247400 -0.10185000 -0.01912600
v -0.02247400 -0.10185800 -0.01922600
v -0.02247400 -0.10185800 -0.01922600
v -0.02247400 -0.10185800 -0.01922600
v -0.02209800 -0.10180300 -0.01913000
v -0.02209800 -0.10180300 -0.01913000
v -0.02209800 -0.10180300 -0.01913000
v -0.02209800 -0.10181100 -0.01923000
v -0.02209800 -0.10181100 -0.01923000
v -0.02209800 -0.10181100 -0.01923000
v -0.02172200 -0.10175600 -0.01913300
v -0.02172200 -0.10175600 -0.01913300
v -0.02172200 -0.10175600 -0.01913300
v -0.02172200 -0.10176400 -0.01923300
v -0.02172200 -0.10176400 -0.01923300
v -0.02172200 -0.10176400 -0.01923300
v -0.02131300 -0.10170600 -0.01913700
v -0.02131300 -0.10170600 -0.01913700
v -0.02131300 -0.10170600 -0.01913700
v -0.02131300 -0.10171400 -0.01923700
v -0.02131300 -0.10171400 -0.01923700
v -0.02131300 -0.10171400 -0.01923700
v -0.02090300 -0.10165600 -0.01914100
v -0.02090300 -0.10165600 -0.01914100
v -0.02090300 -0.10165600 -0.01914100
v -0.02090300 -0.10166400 -0.01924100
v -0.02090300 -0.10166400 -0.01924100
v -0.02090300 -0.10166400 -0.01924100
v -0.02046000 -0.10160100 -0.01914500
v -0.02046000 -0.10160100 -0.01914500
v -0.02046000 -0.10160100 -0.01914500
v -0.02046000 -0.10160900 -0.01924500
v -0.02046000 -0.10160900 -0.01924500
v -0.02046000 -0.10160900 -0.01924500
v -0.02001600 -0.10154600 -0.01915000
v -0.02001600 -0.10154600 -0.01915000
v -0.02001600 -0.10154600 -0.01915000
v -0.02001600 -0.10155400 -0.01924900
v -0.02001600 -0.10155400 -0.01924900
v -0.02001600 -0.10155400 -0.01924900
v -0.01960400 -0.10149600 -0.01915400
v -0.01960400 -0.10149600 -0.01915400
v -0.01960400 -0.10149600 -0.01915400
v -0.01960400 -0.10150400 -0.01925300
v -0.01960400 -0.10150400 -0.01925300
v -0.01960400 -0.10150400 -0.01925300
v -0.01919300 -0.10144600 -0.01915700
v -0.01919300 -0.10144600 -0.01915700
v -0.01919300 -0.10144600 -0.01915700
v -0.01919300 -0.10145400 -0.01925700
v -0.01919300 -0.10145400 -0.01925700
v -0.01919300 -0.10145400 -0.01925700
v -0.01890500 -0.10141100 -0.01916000
v -0.01890500 -0.10141100 -0.01916000
v -0.01890500 -0.10141900 -0.01926000
v -0.01861700 -0.10137400 -0.01916300
v -0.01861700 -0.10138200 -0.01926300
v -0.01855200 -0.10137700 -0.01916300
v -0.01855200 -0.10138500 -0.01926200
v -0.01855200 -0.10138500 -0.01926200
v -0.01855200 -0.10138500 -0.01926200
v -0.01855200 -0.10137700 -0.01916300
v -0.01851600 -0.10139800 -0.01916100
v -0.01851600 -0.10139800 -0.01916100
v -0.01851600 -0.10140600 -0.01926100
v -0.01851600 -0.10140600 -0.01926100
v -0.01851600 -0.10140600 -0.01926100
v -0.01851600 -0.10139800 -0.01916100
v -0.01849100 -0.10143200 -0.01915800
v -0.01849100 -0.10143200 -0.01915800
v -0.01849000 -0.10144000 -0.01925800
v -0.01848800 -0.10550000 -0.01893400
v -0.01849000 -0.10144000 -0.01925800
v -0.01849000 -0.10144000 -0.01925800
v -0.01848800 -0.10549200 -0.01883400
v -0.01848800 -0.10549200 -0.01883400
v -0.01849100 -0.10143200 -0.01915800
v -0.01849300 -0.09761400 -0.01956400
v -0.01849300 -0.09761400 -0.01956400
v -0.01849300 -0.09760600 -0.01946400
v -0.01855200 -0.09767100 -0.01945900
v -0.01855200 -0.09767100 -0.01945900
v -0.01855200 -0.09767900 -0.01955800
v -0.01855200 -0.09767900 -0.01955800
v -0.01855200 -0.09767100 -0.01945900
v -0.01861100 -0.09769200 -0.01945700
v -0.01861100 -0.09770000 -0.01955700
v -0.01871700 -0.09770500 -0.01945600
v -0.01871700 -0.09770500 -0.01945600
v -0.01871700 -0.09771300 -0.01955600
v -0.01871700 -0.09771300 -0.01955600
v -0.01871700 -0.09771300 -0.01955600
v -0.01882300 -0.09771800 -0.01945500
v -0.01882300 -0.09771800 -0.01945500
v -0.01882300 -0.09771800 -0.01945500
v -0.01882300 -0.09772600 -0.01955500
v -0.01882300 -0.09772600 -0.01955500
v -0.01882300 -0.09772600 -0.01955500
v -0.01918300 -0.09776000 -0.01945200
v -0.01918300 -0.09776000 -0.01945200
v -0.01918300 -0.09776000 -0.01945200
v -0.01918300 -0.09776800 -0.01955200
v -0.01918300 -0.09776800 -0.01955200
v -0.01918300 -0.09776800 -0.01955200
v -0.01954300 -0.09780300 -0.01944800
v -0.01954300 -0.09780300 -0.01944800
v -0.01954300 -0.09780300 -0.01944800
v -0.01954300 -0.09781000 -0.01954800
v -0.01954300 -0.09781000 -0.01954800
v -0.01954300 -0.09781000 -0.01954800
v -0.01992700 -0.09784900 -0.01944500
v -0.01992700 -0.09784900 -0.01944500
v -0.01992700 -0.09784900 -0.01944500
v -0.01992700 -0.09785700 -0.01954500
v -0.01992700 -0.09785700 -0.01954500
v -0.01992700 -0.09785700 -0.01954500
v -0.02031000 -0.09789600 -0.01944100
v -0.02031000 -0.09789600 -0.01944100
v -0.02031000 -0.09789600 -0.01944100
v -0.02031000 -0.09790400 -0.01954100
v -0.02031000 -0.09790400 -0.01954100
v -0.02031000 -0.09790400 -0.01954100
v -0.02049200 -0.09791700 -0.01944000
v -0.02049200 -0.09791700 -0.01944000
v -0.02049200 -0.09791700 -0.01944000
v -0.02049200 -0.09792500 -0.01953900
v -0.02049200 -0.09792500 -0.01953900
v -0.02067400 -0.09793900 -0.01943800
v -0.02067400 -0.09794700 -0.01953800
v -0.02072300 -0.09795100 -0.01943700
v -0.02072300 -0.09795900 -0.01953700
v -0.02072300 -0.09795900 -0.01953700
v -0.02072300 -0.09795900 -0.01953700
v -0.02072300 -0.09795100 -0.01943700
v -0.02073900 -0.09796500 -0.01943600
v -0.02073900 -0.09796500 -0.01943600
v -0.02073900 -0.09797300 -0.01953600
v -0.02073900 -0.09797300 -0.01953600
v -0.02073900 -0.09797300 -0.01953600
v -0.02073900 -0.09796500 -0.01943600
v -0.02074900 -0.09799200 -0.01943400
v -0.02074900 -0.09799200 -0.01943400
v -0.02074900 -0.09800000 -0.01953300
v -0.02075100 -0.09802700 -0.01943100
v -0.02075100 -0.09803500 -0.01953100
v -0.02075000 -0.09859600 -0.01938600
v -0.02075000 -0.09860400 -0.01948500
v -0.02075700 -0.09916400 -0.01934000
v -0.02075600 -0.09917200 -0.01944000
v -0.02076400 -0.09928600 -0.01933000
v -0.02076400 -0.09929400 -0.01943000
v -0.02077800 -0.09940800 -0.01932100
v -0.02077800 -0.09941600 -0.01942000
v -0.02086600 -0.09980500 -0.01928900
v -0.02086600 -0.09981300 -0.01938900
v -0.02102400 -0.10018100 -0.01925900
v -0.02102400 -0.10018900 -0.01935900
v -0.02138700 -0.10067500 -0.01922000
v -0.02138700 -0.10068300 -0.01931900
v -0.02188200 -0.10103700 -0.01919100
v -0.02188200 -0.10104500 -0.01929100
v -0.02254700 -0.10126400 -0.01917300
v -0.02254700 -0.10127200 -0.01927300
v -0.02324900 -0.10127900 -0.01917200
v -0.02324900 -0.10128700 -0.01927200
v -0.02377800 -0.10112800 -0.01918400
v -0.02377800 -0.10113600 -0.01928400
v -0.02421500 -0.10079100 -0.01921100
v -0.02421500 -0.10079900 -0.01931100
v -0.02421500 -0.10079900 -0.01931100
v -0.02440200 -0.10052800 -0.01923200
v -0.02440200 -0.10052800 -0.01923200
v -0.02440200 -0.10053600 -0.01933200
v -0.02453100 -0.10023200 -0.01925600
v -0.02453100 -0.10024000 -0.01935600
v -0.02460600 -0.09988900 -0.01928300
v -0.02460600 -0.09989700 -0.01938300
v -0.02462700 -0.09953900 -0.01931100
v -0.02462700 -0.09954700 -0.01941100
v -0.02462900 -0.09715200 -0.01950200
v -0.02462900 -0.09716000 -0.01960200
v -0.02461500 -0.09707700 -0.01950800
v -0.02461500 -0.09708500 -0.01960800
v -0.02461500 -0.09708500 -0.01960800
v -0.02461500 -0.09708500 -0.01960800
v -0.02461500 -0.09707700 -0.01950800
v -0.02458200 -0.09703600 -0.01951100
v -0.02458200 -0.09703600 -0.01951100
v -0.02458200 -0.09704400 -0.01961100
v -0.02458200 -0.09704400 -0.01961100
v -0.02458200 -0.09703600 -0.01951100
v -0.02451300 -0.09700800 -0.01951300
v -0.02451300 -0.09701600 -0.01961300
v -0.02449700 -0.09700600 -0.01951400
v -0.02449700 -0.09701400 -0.01961300
v -0.02428700 -0.09698000 -0.01951600
v -0.02428700 -0.09698000 -0.01951600
v -0.02428700 -0.09698800 -0.01961500
v -0.02428700 -0.09698800 -0.01961500
v -0.02428700 -0.09698800 -0.01961500
v -0.02407800 -0.09695500 -0.01951800
v -0.02407800 -0.09695500 -0.01951800
v -0.02407800 -0.09695500 -0.01951800
v -0.02407700 -0.09696200 -0.01961700
v -0.02407700 -0.09696200 -0.01961700
v -0.02407700 -0.09696200 -0.01961700
v -0.02376400 -0.09691600 -0.01952100
v -0.02376400 -0.09691600 -0.01952100
v -0.02376400 -0.09691600 -0.01952100
v -0.02376400 -0.09692400 -0.01962000
v -0.02376400 -0.09692400 -0.01962000
v -0.02376400 -0.09692400 -0.01962000
v -0.02345000 -0.09687700 -0.01952400
v -0.02345000 -0.09687700 -0.01952400
v -0.02345000 -0.09687700 -0.01952400
v -0.02345000 -0.09688500 -0.01962300
v -0.02345000 -0.09688500 -0.01962300
v -0.02345000 -0.09688500 -0.01962300
v -0.02310200 -0.09683400 -0.01952700
v -0.02310200 -0.09683400 -0.01952700
v -0.02310200 -0.09683400 -0.01952700
v -0.02310200 -0.09684200 -0.01962700
v -0.02310200 -0.09684200 -0.01962700
v -0.02310200 -0.09684200 -0.01962700
v -0.02275500 -0.09679100 -0.01953000
v -0.02275500 -0.09679100 -0.01953000
v -0.02275500 -0.09679100 -0.01953000
v -0.02275500 -0.09679900 -0.01963000
v -0.02275500 -0.09679900 -0.01963000
v -0.02275500 -0.09679900 -0.01963000
v -0.02241300 -0.09674900 -0.01953300
v -0.02241300 -0.09674900 -0.01953300
v -0.02241300 -0.09674900 -0.01953300
v -0.02241300 -0.09675700 -0.01963300
v -0.02241300 -0.09675700 -0.01963300
v -0.02241300 -0.09675700 -0.01963300
v -0.02207100 -0.09670700 -0.01953700
v -0.02207100 -0.09670700 -0.01953700
v -0.02207100 -0.09670700 -0.01953700
v -0.02207100 -0.09671500 -0.01963600
v -0.02207100 -0.09671500 -0.01963600
v -0.02207100 -0.09671500 -0.01963600
v -0.02172800 -0.09666500 -0.01954000
v -0.02172800 -0.09666500 -0.01954000
v -0.02172800 -0.09666500 -0.01954000
v -0.02172800 -0.09667300 -0.01964000
v -0.02172800 -0.09667300 -0.01964000
v -0.02172800 -0.09667300 -0.01964000
v -0.02138400 -0.09662300 -0.01954300
v -0.02138400 -0.09662300 -0.01954300
v -0.02138400 -0.09662300 -0.01954300
v -0.02138400 -0.09663100 -0.01964300
v -0.02138400 -0.09663100 -0.01964300
v -0.02138400 -0.09663100 -0.01964300
v -0.02103800 -0.09658100 -0.01954600
v -0.02103800 -0.09658100 -0.01954600
v -0.02103800 -0.09658100 -0.01954600
v -0.02103800 -0.09658900 -0.01964600
v -0.02103800 -0.09658900 -0.01964600
v -0.02103800 -0.09658900 -0.01964600
v -0.02069200 -0.09653800 -0.01955000
v -0.02069200 -0.09653800 -0.01955000
v -0.02069200 -0.09653800 -0.01955000
v -0.02069200 -0.09654600 -0.01965000
v -0.02069200 -0.09654600 -0.01965000
v -0.02069200 -0.09654600 -0.01965000
v -0.02034900 -0.09649600 -0.01955300
v -0.02034900 -0.09649600 -0.01955300
v -0.02034900 -0.09649600 -0.01955300
v -0.02034900 -0.09650400 -0.01965300
v -0.02034900 -0.09650400 -0.01965300
v -0.02034900 -0.09650400 -0.01965300
v -0.02000500 -0.09645400 -0.01955600
v -0.02000500 -0.09645400 -0.01955600
v -0.02000500 -0.09645400 -0.01955600
v -0.02000500 -0.09646200 -0.01965600
v -0.02000500 -0.09646200 -0.01965600
v -0.02000500 -0.09646200 -0.01965600
v -0.01965900 -0.09641100 -0.01956000
v -0.01965900 -0.09641100 -0.01956000
v -0.01965900 -0.09641100 -0.01956000
v -0.01965900 -0.09641900 -0.01965900
v -0.01965900 -0.09641900 -0.01965900
v -0.01965900 -0.09641900 -0.01965900
v -0.01931400 -0.09636800 -0.01956300
v -0.01931400 -0.09636800 -0.01956300
v -0.01931400 -0.09636800 -0.01956300
v -0.01931400 -0.09637600 -0.01966300
v -0.01931400 -0.09637600 -0.01966300
v -0.01931400 -0.09637600 -0.01966300
v -0.01896800 -0.09632600 -0.01956600
v -0.01896800 -0.09632600 -0.01956600
v -0.01896800 -0.09632600 -0.01956600
v -0.01896800 -0.09633400 -0.01966600
v -0.01896800 -0.09633400 -0.01966600
v -0.01862200 -0.09628300 -0.01957000
v -0.01862200 -0.09629100 -0.01966900
v -0.01855300 -0.09628400 -0.01956900
v -0.01855300 -0.09629200 -0.01966900
v -0.01855300 -0.09629200 -0.01966900
v -0.01855300 -0.09629200 -0.01966900
v -0.01855300 -0.09628400 -0.01956900
v -0.01852500 -0.09630100 -0.01956800
v -0.01852500 -0.09630100 -0.01956800
v -0.01852500 -0.09630900 -0.01966800
v -0.01852500 -0.09630900 -0.01966800
v -0.01852500 -0.09630900 -0.01966800
v -0.01852500 -0.09630100 -0.01956800
v -0.01849300 -0.09634400 -0.01956500
v -0.01849300 -0.09634400 -0.01956500
v -0.01849300 -0.09635200 -0.01966400
v -0.01849300 -0.09761400 -0.01956400
v -0.01849300 -0.09635200 -0.01966400
v -0.01849300 -0.09635200 -0.01966400
v -0.01849300 -0.09760600 -0.01946400
v -0.01849300 -0.09760600 -0.01946400
v -0.01849300 -0.09634400 -0.01956500
v -0.02191200 -0.09816900 -0.01952000
v -0.02191200 -0.09816100 -0.01942100
v -0.02191200 -0.09816100 -0.01942100
v -0.02191300 -0.09812800 -0.01942300
v -0.02191300 -0.09813600 -0.01952300
v -0.02191800 -0.09811200 -0.01942400
v -0.02191800 -0.09812000 -0.01952400
v -0.02191100 -0.09865800 -0.01948100
v -0.02191100 -0.09865800 -0.01948100
v -0.02191100 -0.09865000 -0.01938200
v -0.02191100 -0.09865000 -0.01938200
v -0.02191100 -0.09839300 -0.01940200
v -0.02191100 -0.09839300 -0.01940200
v -0.02191100 -0.09839300 -0.01940200
v -0.02191100 -0.09840100 -0.01950200
v -0.02191100 -0.09840100 -0.01950200
v -0.02191200 -0.09816900 -0.01952000
v -0.02191900 -0.09915300 -0.01944200
v -0.02191900 -0.09914500 -0.01934200
v -0.02191000 -0.09888500 -0.01936300
v -0.02191000 -0.09889300 -0.01946200
v -0.02191100 -0.09865800 -0.01948100
v -0.02202900 -0.09949100 -0.01941500
v -0.02202900 -0.09948300 -0.01931500
v -0.02191800 -0.09812000 -0.01952400
v -0.02191800 -0.09812000 -0.01952400
v -0.02191800 -0.09811200 -0.01942400
v -0.02192300 -0.09810600 -0.01942500
v -0.02192300 -0.09810600 -0.01942500
v -0.02192300 -0.09811400 -0.01952500
v -0.02192300 -0.09811400 -0.01952500
v -0.02192300 -0.09810600 -0.01942500
v -0.02193500 -0.09810300 -0.01942500
v -0.02193500 -0.09811100 -0.01952500
v -0.02197200 -0.09810500 -0.01942500
v -0.02197300 -0.09811300 -0.01952500
v -0.02331600 -0.09827500 -0.01951200
v -0.02331600 -0.09826700 -0.01941300
v -0.02333300 -0.09827000 -0.01941200
v -0.02333300 -0.09827000 -0.01941200
v -0.02333300 -0.09827800 -0.01951200
v -0.02333300 -0.09827800 -0.01951200
v -0.02333300 -0.09827800 -0.01951200
v -0.02336100 -0.09828200 -0.01941100
v -0.02336100 -0.09828200 -0.01941100
v -0.02336100 -0.09829000 -0.01951100
v -0.02270000 -0.09820100 -0.01951800
v -0.02270000 -0.09820100 -0.01951800
v -0.02270000 -0.09820100 -0.01951800
v -0.02270000 -0.09819300 -0.01941800
v -0.02270000 -0.09819300 -0.01941800
v -0.02270000 -0.09819300 -0.01941800
v -0.02300800 -0.09823000 -0.01941500
v -0.02300800 -0.09823000 -0.01941500
v -0.02300800 -0.09823000 -0.01941500
v -0.02300800 -0.09823800 -0.01951500
v -0.02300800 -0.09823800 -0.01951500
v -0.02233600 -0.09814900 -0.01942200
v -0.02233600 -0.09814900 -0.01942200
v -0.02233600 -0.09815700 -0.01952100
v -0.02233600 -0.09815700 -0.01952100
v -0.02233600 -0.09815700 -0.01952100
v -0.02227200 -0.09975000 -0.01939400
v -0.02227200 -0.09975000 -0.01939400
v -0.02227200 -0.09974200 -0.01929400
v -0.02227200 -0.09974200 -0.01929400
v -0.02202900 -0.09948300 -0.01931500
v -0.02202900 -0.09948300 -0.01931500
v -0.02202900 -0.09949100 -0.01941500
v -0.02274900 -0.09989000 -0.01938300
v -0.02274900 -0.09988200 -0.01928300
v -0.02274900 -0.09988200 -0.01928300
v -0.02250000 -0.09984800 -0.01928600
v -0.02250000 -0.09985600 -0.01938600
v -0.02227200 -0.09975000 -0.01939400
v -0.02305900 -0.09981900 -0.01938900
v -0.02305900 -0.09981100 -0.01928900
v -0.02290900 -0.09986800 -0.01928500
v -0.02290900 -0.09987600 -0.01938400
v -0.02274900 -0.09989000 -0.01938300
v -0.02337600 -0.09927000 -0.01943300
v -0.02337600 -0.09926200 -0.01933300
v -0.02337600 -0.09926200 -0.01933300
v -0.02333600 -0.09948700 -0.01931500
v -0.02333600 -0.09949500 -0.01941500
v -0.02327800 -0.09960800 -0.01930500
v -0.02327800 -0.09961600 -0.01940500
v -0.02337300 -0.09830700 -0.01951000
v -0.02337300 -0.09829900 -0.01941000
v -0.02337900 -0.09833800 -0.01940700
v -0.02337900 -0.09834600 -0.01950700
v -0.02337600 -0.09927000 -0.01943300
v -0.02336100 -0.09829000 -0.01951100
v -0.02336100 -0.09829000 -0.01951100
v -0.02336100 -0.09828200 -0.01941100
v -0.02337300 -0.09829900 -0.01941000
v -0.02337300 -0.09829900 -0.01941000
v -0.02337300 -0.09830700 -0.01951000
v -0.02191100 -0.09865000 -0.01938200
v -0.02191100 -0.09865000 -0.01938200
v -0.02191100 -0.09865000 -0.01938200
v -0.02191100 -0.09865000 -0.01938200
v -0.02191100 -0.09865000 -0.01938200
v -0.02191100 -0.09865000 -0.01938200
v -0.02191100 -0.09865000 -0.01938200
v -0.02270000 -0.09819300 -0.01941800
v -0.02270000 -0.09819300 -0.01941800
v -0.02233600 -0.09814900 -0.01942200
v -0.02233600 -0.09814900 -0.01942200
v -0.02233600 -0.09814900 -0.01942200
v -0.02233600 -0.09814900 -0.01942200
v -0.02337900 -0.09833800 -0.01940700
v -0.02337900 -0.09833800 -0.01940700
v -0.02337900 -0.09833800 -0.01940700
v -0.02337900 -0.09833800 -0.01940700
v -0.02337900 -0.09833800 -0.01940700
v -0.02337600 -0.09926200 -0.01933300
v -0.02337600 -0.09926200 -0.01933300
v -0.02337600 -0.09926200 -0.01933300
v -0.02191000 -0.09888500 -0.01936300
v -0.02191000 -0.09888500 -0.01936300
v -0.02191000 -0.09888500 -0.01936300
v -0.02191000 -0.09888500 -0.01936300
v -0.02191000 -0.09888500 -0.01936300
v -0.02191000 -0.09888500 -0.01936300
v -0.02191000 -0.09888500 -0.01936300
v -0.02333600 -0.09948700 -0.01931500
v -0.02333600 -0.09948700 -0.01931500
v -0.02337300 -0.09829900 -0.01941000
v -0.02336100 -0.09828200 -0.01941100
v -0.02336100 -0.09828200 -0.01941100
v -0.02191900 -0.09914500 -0.01934200
v -0.02191900 -0.09914500 -0.01934200
v -0.02191900 -0.09914500 -0.01934200
v -0.02191900 -0.09914500 -0.01934200
v -0.02202900 -0.09948300 -0.01931500
v -0.02227200 -0.09974200 -0.01929400
v -0.02227200 -0.09974200 -0.01929400
v -0.02333300 -0.09827000 -0.01941200
v -0.02333300 -0.09827000 -0.01941200
v -0.02331600 -0.09826700 -0.01941300
v -0.02331600 -0.09826700 -0.01941300
v -0.02331600 -0.09826700 -0.01941300
v -0.02300800 -0.09823000 -0.01941500
v -0.02300800 -0.09823000 -0.01941500
v -0.02290900 -0.09986800 -0.01928500
v -0.02290900 -0.09986800 -0.01928500
v -0.02274900 -0.09988200 -0.01928300
v -0.02274900 -0.09988200 -0.01928300
v -0.02274900 -0.09988200 -0.01928300
v -0.02250000 -0.09984800 -0.01928600
v -0.02250000 -0.09984800 -0.01928600
v -0.02305900 -0.09981100 -0.01928900
v -0.02305900 -0.09981100 -0.01928900
v -0.02327800 -0.09960800 -0.01930500
v -0.02327800 -0.09960800 -0.01930500
v -0.02192300 -0.09810600 -0.01942500
v -0.02191800 -0.09811200 -0.01942400
v -0.02191800 -0.09811200 -0.01942400
v -0.02193500 -0.09810300 -0.01942500
v -0.02193500 -0.09810300 -0.01942500
v -0.02193500 -0.09810300 -0.01942500
v -0.02191300 -0.09812800 -0.01942300
v -0.02191300 -0.09812800 -0.01942300
v -0.02191300 -0.09812800 -0.01942300
v -0.02197200 -0.09810500 -0.01942500
v -0.02197200 -0.09810500 -0.01942500
v -0.02197200 -0.09810500 -0.01942500
v -0.02191200 -0.09816100 -0.01942100
v -0.02191200 -0.09816100 -0.01942100
v -0.02191200 -0.09816100 -0.01942100
v -0.02191100 -0.09839300 -0.01940200
v -0.02191100 -0.09839300 -0.01940200
v -0.01853100 -0.09410800 -0.01984300
v -0.01853100 -0.09410000 -0.01974400
v -0.01851100 -0.09410000 -0.01974400
v -0.01851100 -0.09410800 -0.01984300
v -0.02297500 -0.09466300 -0.01980000
v -0.02297500 -0.09465600 -0.01970100
v -0.02292300 -0.09463500 -0.01970200
v -0.02292300 -0.09464300 -0.01980200
v -0.02292300 -0.09464300 -0.01980200
v -0.02289700 -0.09463000 -0.01970300
v -0.02289700 -0.09463000 -0.01970300
v -0.02289700 -0.09463800 -0.01980300
v -0.02287100 -0.09462600 -0.01970300
v -0.02287100 -0.09463400 -0.01980300
v -0.02254700 -0.09458700 -0.01970600
v -0.02254700 -0.09458700 -0.01970600
v -0.02254700 -0.09459500 -0.01980600
v -0.02254700 -0.09459500 -0.01980600
v -0.02254700 -0.09459500 -0.01980600
v -0.02222300 -0.09454800 -0.01970900
v -0.02222300 -0.09454800 -0.01970900
v -0.02222300 -0.09454800 -0.01970900
v -0.02222300 -0.09455600 -0.01980900
v -0.02222300 -0.09455600 -0.01980900
v -0.02222300 -0.09455600 -0.01980900
v -0.02191800 -0.09451000 -0.01971200
v -0.02191800 -0.09451000 -0.01971200
v -0.02191800 -0.09451000 -0.01971200
v -0.02191800 -0.09451800 -0.01981200
v -0.02191800 -0.09451800 -0.01981200
v -0.02191800 -0.09451800 -0.01981200
v -0.02161200 -0.09447300 -0.01971500
v -0.02161200 -0.09447300 -0.01971500
v -0.02161200 -0.09447300 -0.01971500
v -0.02161200 -0.09448100 -0.01981500
v -0.02161200 -0.09448100 -0.01981500
v -0.02161200 -0.09448100 -0.01981500
v -0.02126000 -0.09443000 -0.01971800
v -0.02126000 -0.09443000 -0.01971800
v -0.02126000 -0.09443000 -0.01971800
v -0.02126000 -0.09443800 -0.01981800
v -0.02126000 -0.09443800 -0.01981800
v -0.02126000 -0.09443800 -0.01981800
v -0.02090800 -0.09438800 -0.01972100
v -0.02090800 -0.09438800 -0.01972100
v -0.02090800 -0.09438800 -0.01972100
v -0.02090800 -0.09439600 -0.01982100
v -0.02090800 -0.09439600 -0.01982100
v -0.02090800 -0.09439600 -0.01982100
v -0.02052700 -0.09434100 -0.01972500
v -0.02052700 -0.09434100 -0.01972500
v -0.02052700 -0.09434100 -0.01972500
v -0.02052700 -0.09434900 -0.01982500
v -0.02052700 -0.09434900 -0.01982500
v -0.02052700 -0.09434900 -0.01982500
v -0.02014500 -0.09429500 -0.01972900
v -0.02014500 -0.09429500 -0.01972900
v -0.02014500 -0.09429500 -0.01972900
v -0.02014500 -0.09430200 -0.01982800
v -0.02014500 -0.09430200 -0.01982800
v -0.02014500 -0.09430200 -0.01982800
v -0.01979300 -0.09425200 -0.01973200
v -0.01979300 -0.09425200 -0.01973200
v -0.01979300 -0.09425200 -0.01973200
v -0.01979300 -0.09426000 -0.01983200
v -0.01979300 -0.09426000 -0.01983200
v -0.01979300 -0.09426000 -0.01983200
v -0.01944100 -0.09420900 -0.01973500
v -0.01944100 -0.09420900 -0.01973500
v -0.01944100 -0.09420900 -0.01973500
v -0.01944100 -0.09421700 -0.01983500
v -0.01944100 -0.09421700 -0.01983500
v -0.01944100 -0.09421700 -0.01983500
v -0.01912600 -0.09417100 -0.01973800
v -0.01912600 -0.09417100 -0.01973800
v -0.01912600 -0.09417100 -0.01973800
v -0.01912600 -0.09417900 -0.01983800
v -0.01912600 -0.09417900 -0.01983800
v -0.01912600 -0.09417900 -0.01983800
v -0.01881000 -0.09413200 -0.01974100
v -0.01881000 -0.09413200 -0.01974100
v -0.01881000 -0.09414000 -0.01984100
v -0.01870000 -0.09412000 -0.01974200
v -0.01870000 -0.09412800 -0.01984200
v -0.01859100 -0.09410100 -0.01974400
v -0.01859100 -0.09410900 -0.01984300
v -0.01856100 -0.09410200 -0.01974400
v -0.01856100 -0.09410900 -0.01984300
v -0.01851100 -0.09410800 -0.01984300
v -0.01851100 -0.09410800 -0.01984300
v -0.01851100 -0.09410000 -0.01974400
v -0.01850200 -0.09410400 -0.01974400
v -0.01850200 -0.09410400 -0.01974400
v -0.01850200 -0.09411200 -0.01984300
v -0.01850200 -0.09411200 -0.01984300
v -0.01850200 -0.09411200 -0.01984300
v -0.01850200 -0.09410400 -0.01974400
v -0.01849800 -0.09411000 -0.01974300
v -0.01849800 -0.09411000 -0.01974300
v -0.01849800 -0.09411700 -0.01984300
v -0.01849800 -0.09411700 -0.01984300
v -0.01849800 -0.09411000 -0.01974300
v -0.01849400 -0.09412500 -0.01974200
v -0.01849400 -0.09413300 -0.01984100
v -0.01849400 -0.09413700 -0.01974100
v -0.01849400 -0.09414500 -0.01984100
v -0.01849400 -0.09478200 -0.01968900
v -0.01849400 -0.09478200 -0.01968900
v -0.01849400 -0.09479000 -0.01978900
v -0.01849400 -0.09479000 -0.01978900
v -0.01849400 -0.09479000 -0.01978900
v -0.01849400 -0.09542700 -0.01963800
v -0.01849400 -0.09542700 -0.01963800
v -0.01849400 -0.09543500 -0.01973800
v -0.01849400 -0.09543500 -0.01973800
v -0.01849400 -0.09543500 -0.01973800
v -0.01849400 -0.09542700 -0.01963800
v -0.01853800 -0.09548500 -0.01963300
v -0.01853800 -0.09548500 -0.01963300
v -0.01853800 -0.09549300 -0.01973300
v -0.01853800 -0.09549300 -0.01973300
v -0.01853800 -0.09548500 -0.01963300
v -0.01857300 -0.09550600 -0.01963200
v -0.01857300 -0.09551400 -0.01973100
v -0.01862500 -0.09551900 -0.01963100
v -0.01862500 -0.09552700 -0.01973000
v -0.01887100 -0.09554900 -0.01962800
v -0.01887100 -0.09554900 -0.01962800
v -0.01887100 -0.09555700 -0.01972800
v -0.01887100 -0.09555700 -0.01972800
v -0.01887100 -0.09555700 -0.01972800
v -0.01911700 -0.09558000 -0.01962600
v -0.01911700 -0.09558000 -0.01962600
v -0.01911700 -0.09558000 -0.01962600
v -0.01911700 -0.09558800 -0.01972600
v -0.01911700 -0.09558800 -0.01972600
v -0.01911700 -0.09558800 -0.01972600
v -0.01944100 -0.09561900 -0.01962300
v -0.01944100 -0.09561900 -0.01962300
v -0.01944100 -0.09561900 -0.01962300
v -0.01944100 -0.09562700 -0.01972300
v -0.01944100 -0.09562700 -0.01972300
v -0.01944100 -0.09562700 -0.01972300
v -0.01976400 -0.09565800 -0.01962000
v -0.01976400 -0.09565800 -0.01962000
v -0.01976400 -0.09565800 -0.01962000
v -0.01976400 -0.09566600 -0.01971900
v -0.01976400 -0.09566600 -0.01971900
v -0.01976400 -0.09566600 -0.01971900
v -0.02003800 -0.09569200 -0.01961700
v -0.02003800 -0.09569200 -0.01961700
v -0.02003800 -0.09569200 -0.01961700
v -0.02003800 -0.09569900 -0.01971700
v -0.02003800 -0.09569900 -0.01971700
v -0.02003800 -0.09569900 -0.01971700
v -0.02031200 -0.09572500 -0.01961500
v -0.02031200 -0.09572500 -0.01961500
v -0.02031200 -0.09572500 -0.01961500
v -0.02031200 -0.09573300 -0.01971400
v -0.02031200 -0.09573300 -0.01971400
v -0.02031200 -0.09573300 -0.01971400
v -0.02066600 -0.09576800 -0.01961100
v -0.02066600 -0.09576800 -0.01961100
v -0.02066600 -0.09576800 -0.01961100
v -0.02066600 -0.09577600 -0.01971100
v -0.02066600 -0.09577600 -0.01971100
v -0.02066600 -0.09577600 -0.01971100
v -0.02101900 -0.09581100 -0.01960800
v -0.02101900 -0.09581100 -0.01960800
v -0.02101900 -0.09581100 -0.01960800
v -0.02101900 -0.09581900 -0.01970800
v -0.02101900 -0.09581900 -0.01970800
v -0.02101900 -0.09581900 -0.01970800
v -0.02129500 -0.09584500 -0.01960500
v -0.02129500 -0.09584500 -0.01960500
v -0.02129500 -0.09584500 -0.01960500
v -0.02129500 -0.09585300 -0.01970500
v -0.02129500 -0.09585300 -0.01970500
v -0.02129500 -0.09585300 -0.01970500
v -0.02157100 -0.09587900 -0.01960300
v -0.02157100 -0.09587900 -0.01960300
v -0.02157100 -0.09587900 -0.01960300
v -0.02157100 -0.09588700 -0.01970200
v -0.02157100 -0.09588700 -0.01970200
v -0.02157100 -0.09588700 -0.01970200
v -0.02192300 -0.09592100 -0.01959900
v -0.02192300 -0.09592100 -0.01959900
v -0.02192300 -0.09592100 -0.01959900
v -0.02192300 -0.09592900 -0.01969900
v -0.02192300 -0.09592900 -0.01969900
v -0.02192300 -0.09592900 -0.01969900
v -0.02227400 -0.09596400 -0.01959600
v -0.02227400 -0.09596400 -0.01959600
v -0.02227400 -0.09596400 -0.01959600
v -0.02227400 -0.09597200 -0.01969600
v -0.02227400 -0.09597200 -0.01969600
v -0.02227400 -0.09597200 -0.01969600
v -0.02258600 -0.09600200 -0.01959300
v -0.02258600 -0.09600200 -0.01959300
v -0.02258600 -0.09600200 -0.01959300
v -0.02258600 -0.09601000 -0.01969300
v -0.02258600 -0.09601000 -0.01969300
v -0.02289800 -0.09604000 -0.01959000
v -0.02289800 -0.09604800 -0.01969000
v -0.02297000 -0.09603700 -0.01959000
v -0.02297000 -0.09604500 -0.01969000
v -0.02297000 -0.09604500 -0.01969000
v -0.02297000 -0.09604500 -0.01969000
v -0.02297000 -0.09603700 -0.01959000
v -0.02299800 -0.09602200 -0.01959200
v -0.02299800 -0.09602200 -0.01959200
v -0.02299800 -0.09603000 -0.01969100
v -0.02299800 -0.09603000 -0.01969100
v -0.02299800 -0.09603000 -0.01969100
v -0.02299800 -0.09602200 -0.01959200
v -0.02301600 -0.09599400 -0.01959400
v -0.02301600 -0.09599400 -0.01959400
v -0.02301600 -0.09600200 -0.01969400
v -0.02301600 -0.09600200 -0.01969400
v -0.02301600 -0.09600200 -0.01969400
v -0.02301600 -0.09599400 -0.01959400
v -0.02302600 -0.09592400 -0.01959900
v -0.02302600 -0.09592400 -0.01959900
v -0.02302600 -0.09593200 -0.01969900
v -0.02302600 -0.09556700 -0.01962800
v -0.02302600 -0.09556700 -0.01962800
v -0.02302600 -0.09557500 -0.01972800
v -0.02302600 -0.09557500 -0.01972800
v -0.02302600 -0.09557500 -0.01972800
v -0.02302600 -0.09520900 -0.01965700
v -0.02302600 -0.09520900 -0.01965700
v -0.02302600 -0.09520900 -0.01965700
v -0.02302600 -0.09521700 -0.01975600
v -0.02302600 -0.09521700 -0.01975600
v -0.02302600 -0.09521700 -0.01975600
v -0.02302600 -0.09498600 -0.01967400
v -0.02302600 -0.09498600 -0.01967400
v -0.02302600 -0.09498600 -0.01967400
v -0.02302600 -0.09499400 -0.01977400
v -0.02302600 -0.09499400 -0.01977400
v -0.02302600 -0.09476300 -0.01969200
v -0.02302600 -0.09477100 -0.01979200
v -0.02300900 -0.09469000 -0.01969800
v -0.02300900 -0.09469800 -0.01979800
v -0.02300900 -0.09469800 -0.01979800
v -0.02300900 -0.09469800 -0.01979800
v -0.02300900 -0.09469000 -0.01969800
v -0.02297500 -0.09465600 -0.01970100
v -0.02297500 -0.09465600 -0.01970100
v -0.02297500 -0.09466300 -0.01980000
v -0.02495300 -0.09549500 -0.01973500
v -0.02495300 -0.09548700 -0.01963500
v -0.02495000 -0.09547800 -0.01963600
v -0.02495000 -0.09548600 -0.01973500
v -0.02494800 -0.09546800 -0.01963700
v -0.02494800 -0.09547600 -0.01973600
v -0.02487600 -0.09522800 -0.01965600
v -0.02487600 -0.09523600 -0.01975500
v -0.02473300 -0.09502300 -0.01967200
v -0.02473300 -0.09503100 -0.01977200
v -0.02444300 -0.09481900 -0.01968800
v -0.02444300 -0.09482700 -0.01978800
v -0.02465900 -0.09617800 -0.01968000
v -0.02465900 -0.09617000 -0.01958000
v -0.02486700 -0.09596100 -0.01959700
v -0.02486700 -0.09596900 -0.01969700
v -0.02492100 -0.09583600 -0.01960700
v -0.02492100 -0.09584400 -0.01970700
v -0.02495300 -0.09570400 -0.01961800
v -0.02495300 -0.09571200 -0.01971700
v -0.02444300 -0.09482700 -0.01978800
v -0.02444300 -0.09482700 -0.01978800
v -0.02444300 -0.09481900 -0.01968800
v -0.02406400 -0.09475200 -0.01969300
v -0.02406400 -0.09475200 -0.01969300
v -0.02406400 -0.09476000 -0.01979300
v -0.02406400 -0.09476000 -0.01979300
v -0.02406400 -0.09476000 -0.01979300
v -0.02406400 -0.09475200 -0.01969300
v -0.02374600 -0.09483100 -0.01968700
v -0.02374600 -0.09483100 -0.01968700
v -0.02374600 -0.09483900 -0.01978700
v -0.02374600 -0.09483900 -0.01978700
v -0.02374600 -0.09483900 -0.01978700
v -0.02374600 -0.09483100 -0.01968700
v -0.02351900 -0.09503900 -0.01967000
v -0.02351900 -0.09503900 -0.01967000
v -0.02351900 -0.09504700 -0.01977000
v -0.02351900 -0.09504700 -0.01977000
v -0.02351900 -0.09503900 -0.01967000
v -0.02344200 -0.09522500 -0.01965600
v -0.02344200 -0.09523200 -0.01975500
v -0.02342200 -0.09543000 -0.01963900
v -0.02342200 -0.09543800 -0.01973900
v -0.02350100 -0.09577000 -0.01961200
v -0.02350100 -0.09577800 -0.01971200
v -0.02350100 -0.09577800 -0.01971200
v -0.02350100 -0.09577800 -0.01971200
v -0.02350100 -0.09577000 -0.01961200
v -0.02378800 -0.09609800 -0.01958600
v -0.02378800 -0.09609800 -0.01958600
v -0.02378800 -0.09610600 -0.01968600
v -0.02378800 -0.09610600 -0.01968600
v -0.02378800 -0.09609800 -0.01958600
v -0.02406700 -0.09622900 -0.01957600
v -0.02406700 -0.09623700 -0.01967500
v -0.02437500 -0.09625200 -0.01957400
v -0.02437500 -0.09626000 -0.01967300
v -0.02465900 -0.09617000 -0.01958000
v -0.02465900 -0.09617800 -0.01968000
vn 0.00052300 -0.07957000 -0.99682900
vn 0.00026800 -0.07959000 -0.99682800
vn 0.00030200 -0.07959200 -0.99682700
vn 0.00052300 -0.07957100 -0.99682900
vn 0.00035000 -0.07955500 -0.99683000
vn 0.00081500 -0.07950400 -0.99683400
vn 0.00030500 -0.07959400 -0.99682700
vn 0.00031300 -0.07959600 -0.99682700
vn 0.00030200 -0.07959200 -0.99682700
vn 0.00039600 -0.07955700 -0.99683000
vn 0.00038200 -0.07957800 -0.99682900
vn 0.00027900 -0.07956200 -0.99683000
vn 0.00030200 -0.07959600 -0.99682700
vn 0.00026800 -0.07959000 -0.99682800
vn 0.00028300 -0.07959800 -0.99682700
vn 0.00023600 -0.07961200 -0.99682600
vn 0.00024000 -0.07961500 -0.99682600
vn 0.00033100 -0.07958400 -0.99682800
vn 0.00052300 -0.07957100 -0.99682900
vn 0.00031500 -0.07958900 -0.99682800
vn 0.00032000 -0.07960200 -0.99682700
vn 0.00030600 -0.07959200 -0.99682800
vn 0.00036100 -0.07958400 -0.99682800
vn 0.00029800 -0.07959300 -0.99682700
vn 0.00030600 -0.07959200 -0.99682800
vn 0.00050900 -0.07965800 -0.99682200
vn 0.00037200 -0.07957600 -0.99682900
vn 0.00030600 -0.07959200 -0.99682700
vn 0.00032000 -0.07960200 -0.99682700
vn 0.00031700 -0.07959600 -0.99682700
vn 0.00030200 -0.07959400 -0.99682700
vn 0.00030600 -0.07959200 -0.99682700
vn 0.00028900 -0.07958900 -0.99682800
vn 0.00005300 -0.07962700 -0.99682500
vn 0.00030600 -0.07959200 -0.99682800
vn 0.00031700 -0.07959300 -0.99682700
vn 0.00011300 -0.07954400 -0.99683100
vn 0.00033600 -0.07963900 -0.99682400
vn 0.00038100 -0.07954200 -0.99683100
vn 0.00029700 -0.07959800 -0.99682700
vn 0.00032300 -0.08004300 -0.99679100
vn 0.00033600 -0.07963900 -0.99682400
vn 0.00029800 -0.07960000 -0.99682700
vn 0.00029300 -0.07955200 -0.99683100
vn 0.00011300 -0.07954400 -0.99683100
vn 0.00035600 -0.07959400 -0.99682700
vn 0.00035600 -0.07959400 -0.99682700
vn 0.00011300 -0.07954400 -0.99683100
vn 0.00030800 -0.07955700 -0.99683000
vn 0.00029800 -0.07960000 -0.99682700
vn 0.00034100 -0.07968500 -0.99682000
vn 0.00028500 -0.07953200 -0.99683200
vn 0.00029800 -0.07959400 -0.99682700
vn 0.00051800 -0.07980000 -0.99681100
vn 0.00032700 -0.07971300 -0.99681800
vn 0.00029600 -0.07959400 -0.99682700
vn 0.00035600 -0.07959400 -0.99682700
vn 0.00032100 -0.07964800 -0.99682300
vn 0.00040100 -0.07949100 -0.99683500
vn 0.00030800 -0.07955700 -0.99683000
vn 0.00027000 -0.07959700 -0.99682700
vn 0.00030000 -0.07960500 -0.99682600
vn 0.00028400 -0.07953200 -0.99683200
vn 0.00030800 -0.07955700 -0.99683000
vn 0.00031000 -0.07976300 -0.99681400
vn 0.00028000 -0.07966800 -0.99682100
vn 0.00026700 -0.07933500 -0.99684800
vn 0.00027300 -0.07947800 -0.99683700
vn 0.00029000 -0.07961400 -0.99682600
vn 0.00031700 -0.07962600 -0.99682500
vn 0.00027900 -0.07973200 -0.99681600
vn 0.00032700 -0.07959300 -0.99682700
vn 0.00029100 -0.07996500 -0.99679800
vn 0.00030700 -0.07953800 -0.99683200
vn 0.00045000 -0.07948700 -0.99683600
vn 0.00027800 -0.07955200 -0.99683100
vn 0.00026100 -0.07925900 -0.99685400
vn 0.00030500 -0.07966500 -0.99682200
vn 0.00033000 -0.07989400 -0.99680300
vn 0.00024000 -0.07960700 -0.99682600
vn 0.00019700 -0.07954300 -0.99683100
vn 0.00027100 -0.07949800 -0.99683500
vn 0.00020500 -0.07972300 -0.99681700
vn 0.00033300 -0.07956300 -0.99683000
vn 0.00028700 -0.07957300 -0.99682900
vn 0.00031900 -0.07985100 -0.99680700
vn 0.00017900 -0.07933900 -0.99684800
vn 0.00035800 -0.07959900 -0.99682700
vn 0.00037300 -0.07955900 -0.99683000
vn 0.00037100 -0.07954700 -0.99683100
vn 0.00029900 -0.07965400 -0.99682300
vn 0.00027300 -0.07947800 -0.99683700
vn 0.00026700 -0.07942100 -0.99684100
vn 0.00027300 -0.07947800 -0.99683700
vn 0.00031500 -0.07986900 -0.99680500
vn 0.00031900 -0.07985100 -0.99680700
vn 0.00036200 -0.07964500 -0.99682300
vn 0.00013300 -0.07952600 -0.99683300
vn 0.00036200 -0.07964500 -0.99682300
vn 0.00032200 -0.07957000 -0.99682900
vn 0.00029800 -0.07956700 -0.99682900
vn 0.00031500 -0.07961100 -0.99682600
vn 0.00037300 -0.07955900 -0.99683000
vn 0.00032200 -0.07957000 -0.99682900
vn 0.00036200 -0.07964500 -0.99682300
vn 0.00078000 -0.07924500 -0.99685500
vn 0.00036700 -0.07957600 -0.99682900
vn 0.00021600 -0.07981500 -0.99681000
vn 0.00028000 -0.07966400 -0.99682200
vn 0.00029600 -0.07969300 -0.99681900
vn 0.00034100 -0.07920000 -0.99685900
vn 0.00036600 -0.07948200 -0.99683600
vn 0.00029500 -0.07951900 -0.99683300
vn 0.00027800 -0.07959400 -0.99682700
vn 0.00040100 -0.07952500 -0.99683300
vn 0.00029400 -0.07961100 -0.99682600
vn 0.00028500 -0.07964000 -0.99682400
vn 0.00028000 -0.07960700 -0.99682600
vn 0.00027200 -0.07959700 -0.99682700
vn 0.00031500 -0.07973100 -0.99681600
vn 0.00013300 -0.07952600 -0.99683300
vn 0.00012400 -0.07958400 -0.99682800
vn 0.00029300 -0.07959600 -0.99682700
vn 0.00030000 -0.07957300 -0.99682900
vn 0.00040700 -0.07955500 -0.99683000
vn 0.00041900 -0.07954100 -0.99683200
vn 0.00024000 -0.07960700 -0.99682600
vn 0.00075800 -0.07952600 -0.99683300
vn 0.00032200 -0.07957000 -0.99682900
vn 0.00032900 -0.07973100 -0.99681600
vn 0.00029000 -0.07953900 -0.99683200
vn 0.00029200 -0.07939900 -0.99684300
vn 0.00029500 -0.07951900 -0.99683300
vn 0.00029500 -0.07959500 -0.99682700
vn 0.00028300 -0.07962300 -0.99682500
vn 0.00032500 -0.07942900 -0.99684000
vn 0.00017000 -0.07926800 -0.99685300
vn 0.00029200 -0.07961700 -0.99682600
vn 0.00023300 -0.07962000 -0.99682500
vn 0.00037700 -0.07952600 -0.99683300
vn 0.00026700 -0.07962400 -0.99682500
vn 0.00032100 -0.07964800 -0.99682300
vn 0.00029200 -0.07939900 -0.99684300
vn 0.00029200 -0.07943900 -0.99684000
vn 0.00032200 -0.07949700 -0.99683500
vn 0.00030200 -0.07970000 -0.99681900
vn 0.00029000 -0.07925400 -0.99685400
vn 0.00024600 -0.07941900 -0.99684100
vn 0.00029300 -0.07957400 -0.99682900
vn 0.00031500 -0.07973100 -0.99681600
vn 0.00047100 -0.07996200 -0.99679800
vn 0.00027600 -0.07963900 -0.99682400
vn 0.00028400 -0.07949300 -0.99683500
vn 0.00042900 -0.07996400 -0.99679800
vn 0.00033200 -0.07948100 -0.99683600
vn 0.00029800 -0.07968200 -0.99682000
vn 0.00026900 -0.07965800 -0.99682200
vn 0.00021000 -0.07976400 -0.99681400
vn 0.00029500 -0.07951900 -0.99683300
vn 0.00032700 -0.07971300 -0.99681800
vn 0.00027100 -0.07949800 -0.99683500
vn 0.00025100 -0.07927400 -0.99685300
vn 0.00027100 -0.07949800 -0.99683500
vn 0.00026700 -0.07925800 -0.99685400
vn 0.00035000 -0.07952000 -0.99683300
vn 0.00028800 -0.07956000 -0.99683000
vn 0.00035000 -0.07952000 -0.99683300
vn 0.00030900 -0.07962800 -0.99682500
vn 0.00028200 -0.07956900 -0.99682900
vn 0.00028800 -0.07956000 -0.99683000
vn 0.00040000 -0.07960600 -0.99682600
vn 0.00034700 -0.07958700 -0.99682800
vn 0.00035000 -0.07952000 -0.99683300
vn 0.00025500 -0.07952100 -0.99683300
vn 0.00034700 -0.07958700 -0.99682800
vn 0.00021100 -0.07969000 -0.99682000
vn 0.00015200 -0.07980100 -0.99681100
vn 0.00020200 -0.07979500 -0.99681100
vn 0.00034700 -0.07958700 -0.99682800
vn 0.00027100 -0.07970000 -0.99681900
vn 0.00032900 -0.07973100 -0.99681600
vn 0.00029000 -0.07953900 -0.99683200
vn 0.00022400 -0.07974500 -0.99681500
vn 0.00027100 -0.07970000 -0.99681900
vn 0.00027100 -0.07970000 -0.99681900
vn 0.00029000 -0.07953900 -0.99683200
vn 0.00027900 -0.07973200 -0.99681600
vn 0.00030700 -0.07953800 -0.99683200
vn 0.00031900 -0.07991700 -0.99680100
vn 0.00027900 -0.07973200 -0.99681600
vn 0.00030200 -0.07935700 -0.99684600
vn 0.00032900 -0.07951800 -0.99683300
vn 0.00030200 -0.07935700 -0.99684600
vn 0.00032700 -0.07946900 -0.99683700
vn 0.00030200 -0.07935700 -0.99684600
vn 0.00032900 -0.07951800 -0.99683300
vn 0.00029800 -0.07969400 -0.99681900
vn 0.00032700 -0.07946900 -0.99683700
vn 0.00027000 -0.07942100 -0.99684100
vn 0.00032900 -0.07951800 -0.99683300
vn 0.00033000 -0.07989400 -0.99680300
vn 0.00031200 -0.07959100 -0.99682800
vn 0.00033000 -0.07989400 -0.99680300
vn 0.00030500 -0.07966500 -0.99682200
vn 0.00032700 -0.07959300 -0.99682700
vn 0.00030500 -0.07966500 -0.99682200
vn 0.00031700 -0.07962600 -0.99682500
vn 0.00032700 -0.07959300 -0.99682700
vn 0.00026900 -0.07966800 -0.99682100
vn 0.00031700 -0.07962600 -0.99682500
vn 0.00028300 -0.07962300 -0.99682500
vn 0.00029200 -0.07961700 -0.99682600
vn 0.00026700 -0.07962400 -0.99682500
vn 0.00029200 -0.07961700 -0.99682600
vn 0.00032100 -0.07964800 -0.99682300
vn 0.00026700 -0.07962400 -0.99682500
vn 0.00040100 -0.07949100 -0.99683500
vn 0.00040100 -0.07949100 -0.99683500
vn 0.00028400 -0.07953200 -0.99683200
vn 0.00024000 -0.07960700 -0.99682600
vn 0.00012400 -0.07958400 -0.99682800
vn 0.00033300 -0.07956300 -0.99683000
vn 0.00027000 -0.07942100 -0.99684100
vn 0.00032700 -0.07946900 -0.99683700
vn 0.00029800 -0.07969400 -0.99681900
vn 0.00026200 -0.07965600 -0.99682200
vn 0.00027000 -0.07942100 -0.99684100
vn 0.00026200 -0.07965600 -0.99682200
vn 0.00029800 -0.07969400 -0.99681900
vn 0.00025500 -0.07952100 -0.99683300
vn 0.00025500 -0.07952100 -0.99683300
vn 0.00026200 -0.07965600 -0.99682200
vn 0.00028200 -0.07956900 -0.99682900
vn 0.00028800 -0.07956000 -0.99683000
vn 0.00028200 -0.07956900 -0.99682900
vn 0.00030700 -0.07953800 -0.99683200
vn 0.00027800 -0.07955200 -0.99683100
vn 0.00027800 -0.07955200 -0.99683100
vn 0.00045000 -0.07948700 -0.99683600
vn 0.00045000 -0.07948700 -0.99683600
vn 0.00019600 -0.07954300 -0.99683100
vn 0.00075800 -0.07952600 -0.99683300
vn 0.00012400 -0.07958400 -0.99682800
vn 0.00075800 -0.07952600 -0.99683300
vn 0.00013300 -0.07952600 -0.99683300
vn 0.00020500 -0.07972300 -0.99681700
vn 0.00019600 -0.07954400 -0.99683100
vn 0.00033300 -0.07956300 -0.99683000
vn 0.00020500 -0.07972300 -0.99681700
vn 0.00028400 -0.07949300 -0.99683500
vn 0.00032900 -0.07973100 -0.99681600
vn 0.00029200 -0.07939900 -0.99684300
vn 0.00028400 -0.07949300 -0.99683500
vn 0.00029300 -0.07957400 -0.99682900
vn 0.00029300 -0.07957400 -0.99682900
vn 0.00029200 -0.07943900 -0.99684000
vn 0.00029200 -0.07943900 -0.99684000
vn 0.00029000 -0.07925400 -0.99685400
vn 0.00029000 -0.07925400 -0.99685400
vn 0.00030200 -0.07970000 -0.99681900
vn 0.00029800 -0.07968200 -0.99682000
vn 0.00030200 -0.07970000 -0.99681900
vn 0.00032200 -0.07949700 -0.99683500
vn 0.00033200 -0.07948100 -0.99683600
vn 0.00032200 -0.07949700 -0.99683500
vn 0.00021000 -0.07976400 -0.99681400
vn 0.00032500 -0.07942900 -0.99684000
vn 0.00029800 -0.07968200 -0.99682000
vn 0.00033200 -0.07948100 -0.99683600
vn 0.00032500 -0.07942900 -0.99684000
vn 0.00026900 -0.07965800 -0.99682200
vn 0.00021000 -0.07976400 -0.99681400
vn 0.00026900 -0.07965800 -0.99682200
vn 0.00028300 -0.07962300 -0.99682500
vn 0.00015000 -0.07949400 -0.99683500
vn 0.00030900 -0.07960500 -0.99682600
vn 0.00033200 -0.07958600 -0.99682800
vn 0.00030800 -0.07958800 -0.99682800
vn 0.00025900 -0.07963100 -0.99682400
vn 0.00028600 -0.07953000 -0.99683200
vn 0.00032200 -0.07968600 -0.99682000
vn 0.00026500 -0.07962900 -0.99682500
vn 0.00033800 -0.07964900 -0.99682300
vn 0.00035600 -0.08013100 -0.99678400
vn 0.00028700 -0.07953900 -0.99683200
vn 0.00015000 -0.07949400 -0.99683500
vn 0.00022000 -0.07945100 -0.99683900
vn 0.00030900 -0.07960500 -0.99682600
vn 0.00017700 -0.07948600 -0.99683600
vn 0.00027600 -0.07960300 -0.99682700
vn 0.00028800 -0.07962600 -0.99682500
vn 0.00029800 -0.07954500 -0.99683100
vn 0.00031700 -0.07964400 -0.99682300
vn 0.00017700 -0.07948600 -0.99683600
vn 0.00015000 -0.07949400 -0.99683500
vn 0.00026400 -0.07962900 -0.99682500
vn 0.00017700 -0.07948600 -0.99683600
vn 0.00030900 -0.07960500 -0.99682600
vn 0.00022000 -0.07945100 -0.99683900
vn 0.00032200 -0.07968500 -0.99682000
vn 0.00022000 -0.07945100 -0.99683900
vn 0.00032200 -0.07968500 -0.99682000
vn 0.00028600 -0.07953000 -0.99683200
vn 0.00029000 -0.07961400 -0.99682600
vn 0.00031000 -0.07965300 -0.99682300
vn 0.00024200 -0.07938200 -0.99684400
vn 0.00033200 -0.07962500 -0.99682500
vn 0.00033200 -0.07972500 -0.99681700
vn 0.00027100 -0.07966400 -0.99682200
vn 0.00038200 -0.07960100 -0.99682700
vn 0.00030900 -0.07958900 -0.99682800
vn 0.00030100 -0.07949100 -0.99683600
vn 0.00029300 -0.07955200 -0.99683100
vn 0.00018400 -0.07939100 -0.99684400
vn 0.00047000 -0.07954900 -0.99683100
vn 0.00029500 -0.07959700 -0.99682700
vn 0.00038100 -0.07954200 -0.99683100
vn 0.00033800 -0.07964900 -0.99682300
vn 0.00028200 -0.07960800 -0.99682600
vn 0.00033200 -0.07962500 -0.99682500
vn 0.00033200 -0.07958600 -0.99682800
vn 0.00038100 -0.07954200 -0.99683100
vn 0.00032300 -0.08004300 -0.99679100
vn 0.00027100 -0.07972000 -0.99681700
vn 0.00033600 -0.07963900 -0.99682400
vn 0.00032300 -0.08004300 -0.99679100
vn 0.00033200 -0.07962500 -0.99682500
vn 0.00029100 -0.07959900 -0.99682700
vn 0.00028800 -0.07969100 -0.99682000
vn 0.00000300 -0.07918200 -0.99686000
vn 0.00038200 -0.07960000 -0.99682700
vn 0.00028800 -0.07969100 -0.99682000
vn 0.00027100 -0.07966400 -0.99682200
vn 0.00038100 -0.07960100 -0.99682700
vn 0.00033800 -0.07964900 -0.99682300
vn 0.00027100 -0.07966400 -0.99682200
vn 0.00031700 -0.07964400 -0.99682300
vn 0.00031700 -0.07964400 -0.99682300
vn 0.00026400 -0.07962900 -0.99682500
vn 0.00030200 -0.07958800 -0.99682800
vn 0.00038900 -0.07959900 -0.99682700
vn 0.00031900 -0.07961000 -0.99682600
vn 0.00030200 -0.07958800 -0.99682800
vn 0.00030200 -0.07988800 -0.99680400
vn 0.00031900 -0.07961000 -0.99682600
vn 0.00029000 -0.07947100 -0.99683700
vn 0.00032800 -0.07964300 -0.99682300
vn 0.00038900 -0.07959900 -0.99682700
vn 0.00030000 -0.07958000 -0.99682800
vn 0.00028400 -0.07966900 -0.99682100
vn 0.00031900 -0.07937900 -0.99684400
vn 0.00029300 -0.07992900 -0.99680100
vn 0.00024400 -0.07971100 -0.99681800
vn 0.00012600 -0.07961200 -0.99682600
vn 0.00030800 -0.07970500 -0.99681800
vn 0.00035700 -0.07936200 -0.99684600
vn 0.00030100 -0.07964300 -0.99682300
vn 0.00017900 -0.07955900 -0.99683000
vn 0.00030800 -0.07958900 -0.99682800
vn 0.00033500 -0.07958400 -0.99682800
vn 0.00028800 -0.07959900 -0.99682700
vn 0.00029000 -0.07958800 -0.99682800
vn 0.00030000 -0.07974300 -0.99681500
vn 0.00028900 -0.07951900 -0.99683300
vn 0.00028900 -0.07959700 -0.99682700
vn 0.00030200 -0.07958800 -0.99682800
vn 0.00028800 -0.07959900 -0.99682700
vn 0.00038900 -0.07959900 -0.99682700
vn 0.00032800 -0.07964300 -0.99682300
vn 0.00031900 -0.07961000 -0.99682600
vn 0.00029000 -0.07947100 -0.99683700
vn 0.00029000 -0.07950900 -0.99683400
vn 0.00032800 -0.07964300 -0.99682300
vn 0.00030000 -0.07958000 -0.99682800
vn 0.00038300 -0.07994100 -0.99680000
vn 0.00036400 -0.07986500 -0.99680600
vn 0.00029100 -0.07964600 -0.99682300
vn 0.00029000 -0.07950900 -0.99683400
vn 0.00029000 -0.07966600 -0.99682200
vn 0.00029000 -0.07947100 -0.99683700
vn 0.00040600 -0.07970000 -0.99681900
vn 0.00017100 -0.07958700 -0.99682800
vn 0.00054500 -0.07979600 -0.99681100
vn 0.00020200 -0.07946700 -0.99683700
vn 0.00031700 -0.07959000 -0.99682800
vn 0.00028900 -0.07961100 -0.99682600
vn 0.00030200 -0.07957700 -0.99682900
vn 0.00027800 -0.07957600 -0.99682900
vn 0.00028900 -0.07961700 -0.99682500
vn 0.00032800 -0.07958600 -0.99682800
vn 0.00029200 -0.07959400 -0.99682700
vn 0.00046200 -0.07936400 -0.99684600
vn 0.00029300 -0.07956400 -0.99683000
vn 0.00025700 -0.07959100 -0.99682800
vn 0.00031700 -0.07958700 -0.99682800
vn 0.00024500 -0.07951400 -0.99683400
vn 0.00029000 -0.07950900 -0.99683400
vn 0.00029000 -0.07966600 -0.99682200
vn 0.00030200 -0.07957700 -0.99682900
vn 0.00029000 -0.07966600 -0.99682200
vn 0.00028900 -0.07961100 -0.99682600
vn 0.00030200 -0.07957700 -0.99682900
vn 0.00028900 -0.07961100 -0.99682600
vn 0.00028900 -0.07961700 -0.99682500
vn 0.00046200 -0.07936400 -0.99684600
vn 0.00028900 -0.07961700 -0.99682500
vn 0.00046200 -0.07936400 -0.99684600
vn 0.00029300 -0.07956400 -0.99683000
vn 0.00024300 -0.07943800 -0.99684000
vn 0.00023800 -0.07942600 -0.99684100
vn 0.00023800 -0.07942600 -0.99684100
vn 0.00027200 -0.07959800 -0.99682700
vn 0.00024600 -0.07949200 -0.99683500
vn 0.00033300 -0.07965200 -0.99682300
vn 0.00027200 -0.07959800 -0.99682700
vn 0.00034900 -0.07963400 -0.99682400
vn 0.00023800 -0.07942600 -0.99684100
vn 0.00024300 -0.07943800 -0.99684000
vn 0.00041900 -0.07956800 -0.99682900
vn 0.00033300 -0.07965200 -0.99682300
vn 0.00029200 -0.07959400 -0.99682700
vn 0.00011300 -0.07914700 -0.99686300
vn 0.00031700 -0.07959000 -0.99682800
vn 0.00033300 -0.07965200 -0.99682300
vn 0.00029300 -0.07956400 -0.99683000
vn 0.00029200 -0.07959400 -0.99682700
vn 0.00025400 -0.07948700 -0.99683600
vn 0.00024600 -0.07949200 -0.99683500
vn 0.00024600 -0.07949200 -0.99683500
vn 0.00034900 -0.07963400 -0.99682400
vn 0.00024300 -0.07943800 -0.99684000
vn 0.00034900 -0.07963400 -0.99682400
vn 0.00022500 -0.07950600 -0.99683400
vn 0.00030500 -0.07951600 -0.99683400
vn 0.00030600 -0.07955900 -0.99683000
vn 0.00024000 -0.07960000 -0.99682700
vn 0.00030500 -0.07955800 -0.99683000
vn 0.00030500 -0.07951600 -0.99683400
vn 0.00030500 -0.07951600 -0.99683400
vn 0.00024000 -0.07960000 -0.99682700
vn 0.00032300 -0.07937100 -0.99684500
vn 0.00024000 -0.07960000 -0.99682700
vn 0.00022400 -0.07954500 -0.99683100
vn 0.00032300 -0.07937100 -0.99684500
vn 0.00050300 -0.07965000 -0.99682300
vn 0.00032300 -0.07937100 -0.99684500
vn 0.00022400 -0.07954500 -0.99683100
vn 0.00025400 -0.07948700 -0.99683600
vn 0.00050300 -0.07965000 -0.99682300
vn 0.00022400 -0.07954500 -0.99683100
vn 0.00025400 -0.07948700 -0.99683600
vn 0.00050300 -0.07965000 -0.99682300
vn 0.00040100 -0.07952500 -0.99683300
vn 0.00040800 -0.07968300 -0.99682000
vn 0.00040100 -0.07952500 -0.99683300
vn 0.00041900 -0.07954100 -0.99683200
vn 0.00041900 -0.07954100 -0.99683200
vn 0.00040700 -0.07955500 -0.99683000
vn 0.00040700 -0.07955500 -0.99683000
vn 0.00027200 -0.07959700 -0.99682700
vn 0.00029300 -0.07959600 -0.99682700
vn 0.00027200 -0.07959700 -0.99682700
vn 0.00023100 -0.07957400 -0.99682900
vn 0.00027900 -0.07959500 -0.99682700
vn 0.00034500 -0.07958500 -0.99682800
vn 0.00039300 -0.07958200 -0.99682800
vn 0.00028100 -0.07959400 -0.99682700
vn 0.00028100 -0.07960300 -0.99682700
vn 0.00027300 -0.07955700 -0.99683000
vn 0.00053100 -0.07931700 -0.99684900
vn 0.00027800 -0.07959400 -0.99682700
vn 0.00023100 -0.07957400 -0.99682900
vn 0.00028900 -0.07959700 -0.99682700
vn 0.00029000 -0.07958800 -0.99682800
vn 0.00026700 -0.07966700 -0.99682100
vn 0.00022800 -0.07987000 -0.99680500
vn 0.00029300 -0.07959600 -0.99682700
vn 0.00023100 -0.07957400 -0.99682900
vn 0.00028900 -0.07959700 -0.99682700
vn 0.00033500 -0.07958400 -0.99682800
vn 0.00028800 -0.07959900 -0.99682700
vn 0.00033500 -0.07958400 -0.99682800
vn 0.00023300 -0.07962000 -0.99682500
vn 0.00027600 -0.07963900 -0.99682400
vn 0.00027600 -0.07963900 -0.99682400
vn 0.00047100 -0.07996200 -0.99679800
vn 0.00047100 -0.07996200 -0.99679800
vn 0.00017000 -0.07926800 -0.99685300
vn 0.00017000 -0.07926800 -0.99685300
vn 0.00042900 -0.07996400 -0.99679800
vn 0.00029500 -0.07959500 -0.99682700
vn 0.00042900 -0.07996400 -0.99679800
vn 0.00030000 -0.07957300 -0.99682900
vn 0.00031500 -0.07961100 -0.99682600
vn 0.00029400 -0.07961100 -0.99682600
vn 0.00029900 -0.07957300 -0.99682900
vn 0.00034100 -0.07920000 -0.99685900
vn 0.00029400 -0.07961100 -0.99682600
vn 0.00029500 -0.07959500 -0.99682700
vn 0.00024600 -0.07941900 -0.99684100
vn 0.00024600 -0.07941900 -0.99684100
vn 0.00031500 -0.07973100 -0.99681600
vn 0.00029800 -0.07956700 -0.99682900
vn 0.00031500 -0.07961100 -0.99682600
vn 0.00029800 -0.07956700 -0.99682900
vn 0.00028000 -0.07966400 -0.99682200
vn 0.00028500 -0.07964000 -0.99682400
vn 0.00028500 -0.07964000 -0.99682400
vn 0.00036600 -0.07948200 -0.99683600
vn 0.00036600 -0.07948200 -0.99683600
vn 0.00021600 -0.07981500 -0.99681000
vn 0.00034100 -0.07920000 -0.99685900
vn 0.00029600 -0.07969300 -0.99681900
vn 0.00029600 -0.07969300 -0.99681900
vn 0.00028000 -0.07966400 -0.99682200
vn 0.00036700 -0.07957600 -0.99682900
vn 0.00021600 -0.07981500 -0.99681000
vn 0.00078000 -0.07924500 -0.99685500
vn 0.00036700 -0.07957600 -0.99682900
vn 0.00031700 -0.07958700 -0.99682800
vn 0.00028100 -0.07959200 -0.99682700
vn 0.00029600 -0.07959500 -0.99682700
vn 0.00037000 -0.07958000 -0.99682800
vn 0.00029600 -0.07959400 -0.99682700
vn 0.00031700 -0.07959000 -0.99682800
vn 0.00027000 -0.07959700 -0.99682700
vn 0.00041900 -0.07956900 -0.99682900
vn 0.00051800 -0.07980000 -0.99681100
vn 0.00030000 -0.07960500 -0.99682600
vn 0.00030000 -0.07960500 -0.99682600
vn 0.00028100 -0.07959200 -0.99682700
vn 0.00027000 -0.07959700 -0.99682700
vn 0.00041900 -0.07956900 -0.99682900
vn 0.00028100 -0.07959200 -0.99682700
vn 0.00015800 -0.07934200 -0.99684700
vn 0.00051800 -0.07980000 -0.99681100
vn 0.00037700 -0.07952600 -0.99683300
vn 0.00034100 -0.07968500 -0.99682000
vn 0.00032700 -0.07971300 -0.99681800
vn 0.00023300 -0.07962000 -0.99682500
vn 0.00037700 -0.07952600 -0.99683300
vn 0.00018900 -0.07975300 -0.99681500
vn 0.00035500 -0.07963600 -0.99682400
vn 0.00035500 -0.07963600 -0.99682400
vn 0.00031500 -0.07961600 -0.99682600
vn 0.00029400 -0.07956100 -0.99683000
vn 0.00028700 -0.07953900 -0.99683200
vn 0.00027300 -0.07979400 -0.99681100
vn 0.00027200 -0.07956500 -0.99683000
vn 0.00028600 -0.07953000 -0.99683200
vn 0.00035700 -0.07958800 -0.99682800
vn 0.00035800 -0.07959900 -0.99682700
vn 0.00032200 -0.07966900 -0.99682100
vn 0.00028900 -0.07954100 -0.99683200
vn 0.00029000 -0.07961400 -0.99682600
vn 0.00031500 -0.07961600 -0.99682600
vn 0.00013200 -0.07957900 -0.99682900
vn 0.00028300 -0.07959800 -0.99682700
vn 0.00029000 -0.07963000 -0.99682400
vn 0.00031800 -0.07974300 -0.99681500
vn 0.00031300 -0.07959600 -0.99682700
vn 0.00027300 -0.07959000 -0.99682800
vn 0.00027300 -0.07958700 -0.99682800
vn 0.00018900 -0.07975300 -0.99681500
vn 0.00035500 -0.07963600 -0.99682400
vn 0.00035600 -0.08013100 -0.99678400
vn 0.00028800 -0.07962600 -0.99682500
vn 0.00029800 -0.07954500 -0.99683100
vn 0.00028800 -0.07962600 -0.99682500
vn 0.00027600 -0.07960300 -0.99682700
vn 0.00029800 -0.07954500 -0.99683100
vn 0.00027600 -0.07960300 -0.99682700
vn 0.00025900 -0.07963100 -0.99682400
vn 0.00027300 -0.07958700 -0.99682800
vn 0.00031500 -0.07961600 -0.99682600
vn 0.00027300 -0.07959000 -0.99682800
vn 0.00027300 -0.07958700 -0.99682800
vn 0.00027300 -0.07959000 -0.99682800
vn 0.00029000 -0.07963000 -0.99682400
vn 0.00031700 -0.07959300 -0.99682700
vn 0.00034400 -0.07959000 -0.99682800
vn 0.00030200 -0.07959400 -0.99682700
vn 0.00030000 -0.07958800 -0.99682800
vn 0.00030200 -0.07959600 -0.99682700
vn 0.00030200 -0.07959200 -0.99682700
vn 0.00031700 -0.07959600 -0.99682700
vn 0.00029800 -0.07959000 -0.99682800
vn 0.00031700 -0.07959300 -0.99682700
vn 0.00026400 -0.07959500 -0.99682700
vn 0.00034400 -0.07959000 -0.99682800
vn 0.00035000 -0.07955500 -0.99683000
vn 0.00026400 -0.07959500 -0.99682700
vn 0.00034400 -0.07959000 -0.99682800
vn 0.00030500 -0.07959400 -0.99682700
vn 0.00030200 -0.07959600 -0.99682700
vn 0.00026400 -0.07959500 -0.99682700
vn 0.00030500 -0.07959400 -0.99682700
vn 0.00033100 -0.07958400 -0.99682800
vn 0.00033100 -0.07958400 -0.99682800
vn 0.00031500 -0.07958900 -0.99682800
vn 0.00031500 -0.07958900 -0.99682800
vn 0.00023600 -0.07961200 -0.99682600
vn 0.00039600 -0.07955700 -0.99683000
vn 0.00081500 -0.07950400 -0.99683400
vn 0.00081500 -0.07950400 -0.99683400
vn 0.00024000 -0.07961500 -0.99682600
vn 0.00024000 -0.07961500 -0.99682600
vn 0.00013200 -0.07957900 -0.99682900
vn 0.00031300 -0.07959600 -0.99682700
vn 0.00013200 -0.07957900 -0.99682900
vn 0.00018900 -0.07975300 -0.99681500
vn 0.00028300 -0.07956500 -0.99683000
vn 0.00025900 -0.07963100 -0.99682400
vn 0.00030800 -0.07958800 -0.99682800
vn 0.00028300 -0.07956500 -0.99683000
vn 0.00020900 -0.07954700 -0.99683100
vn 0.00028800 -0.07956500 -0.99683000
vn 0.00035900 -0.07964500 -0.99682300
vn 0.00033200 -0.07958600 -0.99682800
vn 0.00030800 -0.07958800 -0.99682800
vn 0.00029500 -0.07959700 -0.99682700
vn 0.00028800 -0.07956500 -0.99683000
vn 0.00028300 -0.07956500 -0.99683000
vn 0.00023600 -0.07961200 -0.99682600
vn 0.00038200 -0.07957800 -0.99682900
vn 0.00039600 -0.07955700 -0.99683000
vn 0.00038200 -0.07957800 -0.99682900
vn 0.00032200 -0.07966900 -0.99682100
vn 0.00029000 -0.07963000 -0.99682400
vn 0.00028900 -0.07954100 -0.99683200
vn 0.00032200 -0.07966900 -0.99682100
vn 0.00027200 -0.07956500 -0.99683000
vn 0.00028900 -0.07954100 -0.99683200
vn 0.00030400 -0.07956000 -0.99683000
vn 0.00031800 -0.07974300 -0.99681500
vn 0.00031800 -0.07974300 -0.99681500
vn 0.00035600 -0.08013100 -0.99678400
vn 0.00028700 -0.07953900 -0.99683200
vn 0.00019900 -0.07954900 -0.99683100
vn 0.00030000 -0.07960600 -0.99682600
vn 0.00019900 -0.07955000 -0.99683100
vn 0.00030800 -0.07953600 -0.99683200
vn 0.00019900 -0.07954900 -0.99683100
vn 0.00030000 -0.07960700 -0.99682600
vn 0.00030300 -0.07985200 -0.99680700
vn 0.00030000 -0.07960600 -0.99682600
vn 0.00030800 -0.07953600 -0.99683200
vn 0.00030800 -0.07953600 -0.99683200
vn 0.00030300 -0.07985200 -0.99680700
vn 0.00020900 -0.07954700 -0.99683100
vn 0.00030300 -0.07985200 -0.99680700
vn 0.00020900 -0.07954700 -0.99683100
vn 0.00035900 -0.07964500 -0.99682300
vn 0.00035900 -0.07964500 -0.99682300
vn 0.00028800 -0.07956500 -0.99683000
vn 0.00027200 -0.07956500 -0.99683000
vn 0.00027400 -0.07979400 -0.99681100
vn 0.00029700 -0.07956100 -0.99683000
vn 0.00027400 -0.07979400 -0.99681100
vn 0.00030800 -0.07959600 -0.99682700
vn 0.00047000 -0.07954900 -0.99683100
vn 0.00030900 -0.07958900 -0.99682800
vn 0.00030800 -0.07959600 -0.99682700
vn -0.00000000 -0.07978200 -0.99681200
vn -0.00000000 -0.07978200 -0.99681200
vn 0.00029800 -0.07959300 -0.99682700
vn 0.00035700 -0.07957000 -0.99682900
vn 0.00030900 -0.07958900 -0.99682800
vn 0.00030100 -0.07949100 -0.99683600
vn 0.00030800 -0.07959600 -0.99682700
vn -0.00000000 -0.07978200 -0.99681200
vn 0.00035700 -0.07957000 -0.99682900
vn 0.00037200 -0.07957600 -0.99682900
vn 0.00035700 -0.07957000 -0.99682900
vn 0.00029800 -0.07959300 -0.99682700
vn 0.00037200 -0.07957600 -0.99682900
vn 0.00050900 -0.07965800 -0.99682200
vn 0.00050900 -0.07965800 -0.99682200
vn 0.00005300 -0.07962700 -0.99682500
vn 0.00030600 -0.07959200 -0.99682700
vn 0.00030200 -0.07959400 -0.99682700
vn 0.00005300 -0.07962700 -0.99682500
vn 0.00047000 -0.07954900 -0.99683100
vn 0.00029500 -0.07959700 -0.99682700
vn 0.00035000 -0.07955500 -0.99683000
vn 0.00030000 -0.07958800 -0.99682800
vn 0.00030400 -0.07960700 -0.99682600
vn 0.00036100 -0.07958400 -0.99682800
vn 0.00036100 -0.07958400 -0.99682800
vn 0.00028900 -0.07958900 -0.99682800
vn 0.00032000 -0.07960200 -0.99682700
vn 0.00028900 -0.07958900 -0.99682800
vn 0.00029800 -0.07959000 -0.99682800
vn 0.00031700 -0.07959600 -0.99682700
vn 0.00029800 -0.07959000 -0.99682800
vn 0.00030400 -0.07960700 -0.99682600
vn 0.00030000 -0.07958800 -0.99682800
vn 0.00030400 -0.07960700 -0.99682600
vn 0.00026800 -0.07959000 -0.99682800
vn 0.00027900 -0.07956200 -0.99683000
vn 0.00027200 -0.07958800 -0.99682800
vn 0.00035700 -0.07958800 -0.99682800
vn 0.00029100 -0.07960400 -0.99682700
vn 0.00027200 -0.07958800 -0.99682800
vn 0.00027900 -0.07956200 -0.99683000
vn 0.00028300 -0.07959800 -0.99682700
vn 0.00027100 -0.07959500 -0.99682700
vn 0.00029100 -0.07960400 -0.99682700
vn 0.00027200 -0.07958800 -0.99682800
vn 0.00027300 -0.07957700 -0.99682900
vn 0.00035700 -0.07958800 -0.99682800
vn 0.00037100 -0.07954700 -0.99683100
vn 0.00029100 -0.07960400 -0.99682700
vn 0.00027100 -0.07959500 -0.99682700
vn 0.00035800 -0.07959900 -0.99682700
vn 0.00027100 -0.07959500 -0.99682700
vn 0.00027300 -0.07957700 -0.99682900
vn 0.00025700 -0.07958900 -0.99682800
vn 0.00037300 -0.07955900 -0.99683000
vn 0.00028000 -0.07960700 -0.99682600
vn 0.00026100 -0.07960900 -0.99682600
vn 0.00037100 -0.07954700 -0.99683100
vn 0.00025700 -0.07958900 -0.99682800
vn 0.00027300 -0.07957700 -0.99682900
vn 0.00028100 -0.07959500 -0.99682700
vn 0.00026100 -0.07960900 -0.99682600
vn 0.00025700 -0.07958900 -0.99682800
vn 0.00026100 -0.07960900 -0.99682600
vn 0.00027800 -0.07959400 -0.99682700
vn 0.00028100 -0.07959400 -0.99682700
vn 0.00028000 -0.07960700 -0.99682600
vn 0.00028100 -0.07959500 -0.99682700
vn 0.00028100 -0.07959500 -0.99682700
vn 0.00027900 -0.07959500 -0.99682700
vn 0.00028100 -0.07959400 -0.99682700
vn 0.00043700 -0.07937900 -0.99684400
vn 0.00065200 -0.07992600 -0.99680100
vn 0.00029000 -0.07961400 -0.99682600
vn 0.00026200 -0.07961500 -0.99682600
vn 0.00007900 -0.07960400 -0.99682700
vn 0.00026600 -0.07954200 -0.99683200
vn 0.00039300 -0.07958200 -0.99682800
vn 0.00031500 -0.07954300 -0.99683100
vn 0.00033300 -0.07959800 -0.99682700
vn 0.00030300 -0.07976500 -0.99681400
vn 0.00031400 -0.07959700 -0.99682700
vn 0.00028100 -0.07960300 -0.99682700
vn 0.00032000 -0.07958700 -0.99682800
vn 0.00051200 -0.07950100 -0.99683500
vn 0.00024500 -0.07960500 -0.99682600
vn 0.00032500 -0.07958000 -0.99682800
vn 0.00034700 -0.07963500 -0.99682400
vn 0.00032000 -0.07958700 -0.99682800
vn 0.00028100 -0.07960300 -0.99682700
vn 0.00027900 -0.07959500 -0.99682700
vn 0.00032000 -0.07958700 -0.99682800
vn -0.00009600 -0.07982100 -0.99680900
vn 0.00031500 -0.07959300 -0.99682700
vn 0.00030700 -0.07958700 -0.99682800
vn 0.00034700 -0.07955600 -0.99683000
vn 0.00031500 -0.07954300 -0.99683100
vn 0.00018500 -0.07985700 -0.99680600
vn 0.00039700 -0.07950400 -0.99683400
vn 0.00018500 -0.07985700 -0.99680600
vn 0.00018500 -0.07985700 -0.99680600
vn 0.00030100 -0.07959300 -0.99682700
vn 0.00038400 -0.07959000 -0.99682800
vn 0.00039700 -0.07950400 -0.99683400
vn 0.00030600 -0.07959300 -0.99682700
vn 0.00030600 -0.07959300 -0.99682700
vn 0.00031500 -0.07959300 -0.99682700
vn 0.00012500 -0.07958300 -0.99682800
vn 0.00039700 -0.07950400 -0.99683400
vn 0.00026100 -0.07959700 -0.99682700
vn 0.00035200 -0.07958700 -0.99682800
vn 0.00029900 -0.07959300 -0.99682700
vn 0.00025800 -0.07959700 -0.99682700
vn 0.00035200 -0.07958700 -0.99682800
vn 0.00030100 -0.07959300 -0.99682700
vn 0.00026100 -0.07959700 -0.99682700
vn 0.00030100 -0.07959300 -0.99682700
vn 0.00038400 -0.07959000 -0.99682800
vn 0.00026100 -0.07959700 -0.99682700
vn 0.00038400 -0.07959000 -0.99682800
vn 0.00030600 -0.07959300 -0.99682700
vn 0.00012500 -0.07958300 -0.99682800
vn 0.00012500 -0.07958300 -0.99682800
vn 0.00031500 -0.07959300 -0.99682700
vn -0.00009600 -0.07982100 -0.99680900
vn -0.00009600 -0.07982100 -0.99680900
vn 0.00034700 -0.07955600 -0.99683000
vn 0.00028200 -0.07952800 -0.99683300
vn 0.00027100 -0.07952400 -0.99683300
vn 0.00023600 -0.07977300 -0.99681300
vn 0.00030200 -0.07942600 -0.99684100
vn 0.00030300 -0.07959500 -0.99682700
vn 0.00024100 -0.07976000 -0.99681400
vn 0.00026100 -0.07958100 -0.99682800
vn 0.00029300 -0.07959700 -0.99682700
vn 0.00029200 -0.07939700 -0.99684300
vn 0.00026300 -0.07941000 -0.99684200
vn 0.00028500 -0.07957000 -0.99682900
vn 0.00031500 -0.07969400 -0.99681900
vn 0.00025700 -0.07959100 -0.99682800
vn 0.00020700 -0.07967300 -0.99682100
vn 0.00031100 -0.07959900 -0.99682700
vn 0.00032800 -0.07958600 -0.99682800
vn 0.00027100 -0.07952400 -0.99683300
vn 0.00032800 -0.07960500 -0.99682600
vn 0.00036800 -0.07959100 -0.99682800
vn 0.00024300 -0.07961700 -0.99682500
vn 0.00029800 -0.07968900 -0.99682000
vn 0.00031400 -0.07924400 -0.99685500
vn 0.00028700 -0.07954200 -0.99683100
vn 0.00034100 -0.07969000 -0.99682000
vn 0.00030400 -0.07971800 -0.99681700
vn 0.00028800 -0.07955300 -0.99683100
vn 0.00028800 -0.07952800 -0.99683300
vn 0.00028300 -0.07952800 -0.99683300
vn 0.00028200 -0.07952800 -0.99683300
vn 0.00024300 -0.07961700 -0.99682500
vn 0.00026100 -0.07958100 -0.99682800
vn 0.00024300 -0.07961700 -0.99682500
vn 0.00037100 -0.07929500 -0.99685100
vn 0.00031300 -0.07957900 -0.99682900
vn 0.00024400 -0.07961400 -0.99682600
vn 0.00037100 -0.07929500 -0.99685100
vn 0.00024400 -0.07961400 -0.99682600
vn 0.00026600 -0.07986700 -0.99680500
vn 0.00030200 -0.07991500 -0.99680200
vn 0.00029200 -0.07939700 -0.99684300
vn 0.00026400 -0.07986200 -0.99680600
vn 0.00030700 -0.07974700 -0.99681500
vn 0.00033600 -0.07962300 -0.99682500
vn 0.00016000 -0.07957000 -0.99682900
vn 0.00025800 -0.07950100 -0.99683500
vn 0.00028700 -0.07954200 -0.99683100
vn 0.00033600 -0.07948500 -0.99683600
vn 0.00031300 -0.07957900 -0.99682900
vn 0.00030300 -0.07976500 -0.99681400
vn 0.00031700 -0.07973300 -0.99681600
vn 0.00029500 -0.07959100 -0.99682800
vn 0.00029000 -0.07961400 -0.99682600
vn 0.00037100 -0.07929500 -0.99685100
vn 0.00029400 -0.07948100 -0.99683600
vn 0.00032500 -0.07973700 -0.99681600
vn 0.00031700 -0.07948000 -0.99683600
vn 0.00033600 -0.07948500 -0.99683600
vn 0.00024400 -0.07961400 -0.99682600
vn 0.00025400 -0.07959900 -0.99682700
vn 0.00028000 -0.07961200 -0.99682600
vn 0.00060700 -0.07950800 -0.99683400
vn 0.00028000 -0.07961200 -0.99682600
vn 0.00025400 -0.07959900 -0.99682700
vn 0.00009000 -0.07963300 -0.99682400
vn 0.00028000 -0.07961100 -0.99682600
vn 0.00060700 -0.07950800 -0.99683400
vn 0.00016600 -0.07954000 -0.99683200
vn 0.00029800 -0.07959300 -0.99682700
vn 0.00060700 -0.07950800 -0.99683400
vn 0.00016500 -0.07954000 -0.99683200
vn 0.00018800 -0.07962600 -0.99682500
vn 0.00016500 -0.07953900 -0.99683200
vn 0.00031100 -0.07959900 -0.99682700
vn 0.00026100 -0.07958100 -0.99682800
vn 0.00039300 -0.07961400 -0.99682600
vn 0.00031100 -0.07959900 -0.99682700
vn 0.00018800 -0.07962600 -0.99682500
vn 0.00029300 -0.07959700 -0.99682700
vn 0.00039300 -0.07961400 -0.99682600
vn 0.00020900 -0.07960700 -0.99682600
vn 0.00020900 -0.07960700 -0.99682600
vn 0.00039300 -0.07961400 -0.99682600
vn -0.00000200 -0.07960900 -0.99682600
vn 0.00028200 -0.07958900 -0.99682800
vn -0.00000200 -0.07960900 -0.99682600
vn 0.00020900 -0.07960700 -0.99682600
vn 0.00028200 -0.07960100 -0.99682700
vn -0.00000200 -0.07960900 -0.99682600
vn 0.00028200 -0.07958900 -0.99682800
vn 0.00028200 -0.07960100 -0.99682700
vn 0.00022500 -0.07961000 -0.99682600
vn 0.00032100 -0.07957500 -0.99682900
vn 0.00028200 -0.07958900 -0.99682800
vn 0.00022500 -0.07961000 -0.99682600
vn 0.00028200 -0.07960100 -0.99682700
vn 0.00025800 -0.07959700 -0.99682700
vn 0.00035200 -0.07958700 -0.99682800
vn 0.00034600 -0.07958400 -0.99682800
vn 0.00025800 -0.07959700 -0.99682700
vn 0.00029900 -0.07959300 -0.99682700
vn 0.00034600 -0.07958400 -0.99682800
vn 0.00037000 -0.07966200 -0.99682200
vn 0.00029200 -0.07959400 -0.99682700
vn 0.00029900 -0.07959300 -0.99682700
vn 0.00030200 -0.07991500 -0.99680200
vn 0.00030700 -0.07974700 -0.99681500
vn 0.00030200 -0.07991500 -0.99680200
vn 0.00029500 -0.07959100 -0.99682800
vn 0.00029500 -0.07959100 -0.99682800
vn 0.00026600 -0.07986700 -0.99680500
vn 0.00026600 -0.07986700 -0.99680500
vn 0.00026400 -0.07986200 -0.99680600
vn 0.00031700 -0.07948000 -0.99683600
vn 0.00026400 -0.07986200 -0.99680600
vn 0.00031700 -0.07948000 -0.99683600
vn 0.00031300 -0.07957900 -0.99682900
vn 0.00029200 -0.07959400 -0.99682700
vn 0.00034600 -0.07958400 -0.99682800
vn 0.00024500 -0.07960500 -0.99682600
vn 0.00024500 -0.07960500 -0.99682600
vn 0.00036500 -0.07958000 -0.99682800
vn 0.00036500 -0.07958000 -0.99682800
vn 0.00029800 -0.07959300 -0.99682700
vn 0.00037000 -0.07966200 -0.99682200
vn 0.00029200 -0.07959400 -0.99682700
vn 0.00031600 -0.07959100 -0.99682800
vn 0.00038900 -0.07960200 -0.99682700
vn 0.00046300 -0.07956400 -0.99683000
vn 0.00024500 -0.07960500 -0.99682600
vn -0.00005600 -0.07941800 -0.99684100
vn 0.00046300 -0.07956400 -0.99683000
vn 0.00036500 -0.07958000 -0.99682800
vn 0.00046300 -0.07956300 -0.99683000
vn 0.00031600 -0.07959100 -0.99682800
vn 0.00020000 -0.07925000 -0.99685500
vn 0.00033000 -0.07935600 -0.99684600
vn 0.00027100 -0.07952400 -0.99683300
vn 0.00028800 -0.07955300 -0.99683100
vn 0.00034100 -0.07969000 -0.99682000
vn 0.00028800 -0.07955300 -0.99683100
vn 0.00031500 -0.07969400 -0.99681900
vn 0.00034100 -0.07969000 -0.99682000
vn 0.00029800 -0.07962800 -0.99682500
vn 0.00025200 -0.07959000 -0.99682800
vn 0.00035600 -0.07925200 -0.99685500
vn 0.00020100 -0.07924800 -0.99685500
vn 0.00033900 -0.07928500 -0.99685200
vn 0.00031600 -0.07959100 -0.99682800
vn 0.00038900 -0.07960200 -0.99682700
vn 0.00038900 -0.07960200 -0.99682700
vn 0.00029800 -0.07959300 -0.99682700
vn 0.00009000 -0.07963300 -0.99682400
vn 0.00009000 -0.07963300 -0.99682400
vn 0.00025400 -0.07959900 -0.99682700
vn 0.00031500 -0.07969400 -0.99681900
vn 0.00026300 -0.07941000 -0.99684200
vn 0.00029300 -0.07948100 -0.99683600
vn 0.00026300 -0.07941000 -0.99684200
vn 0.00029200 -0.07939700 -0.99684300
vn 0.00030700 -0.07974700 -0.99681500
vn 0.00029300 -0.07948100 -0.99683600
vn -0.00005600 -0.07941800 -0.99684100
vn 0.00037000 -0.07966200 -0.99682200
vn -0.00005600 -0.07941800 -0.99684100
vn 0.00023000 -0.07963800 -0.99682400
vn 0.00047500 -0.07949600 -0.99683500
vn 0.00026300 -0.07960200 -0.99682700
vn 0.00042400 -0.07959600 -0.99682700
vn 0.00023000 -0.07963800 -0.99682400
vn 0.00047500 -0.07949600 -0.99683500
vn 0.00028700 -0.07955200 -0.99683100
vn 0.00003700 -0.07956600 -0.99683000
vn 0.00047200 -0.07966600 -0.99682100
vn 0.00042400 -0.07959600 -0.99682700
vn 0.00026600 -0.07964200 -0.99682300
vn 0.00023000 -0.07963800 -0.99682400
vn 0.00026600 -0.07964300 -0.99682300
vn 0.00047200 -0.07966600 -0.99682100
vn 0.00026600 -0.07964300 -0.99682300
vn 0.00042400 -0.07959600 -0.99682700
vn 0.00047200 -0.07966600 -0.99682100
vn 0.00022500 -0.07961000 -0.99682600
vn 0.00032100 -0.07957500 -0.99682900
vn 0.00033600 -0.07957800 -0.99682900
vn 0.00033600 -0.07957800 -0.99682900
vn 0.00030500 -0.07958800 -0.99682800
vn 0.00032100 -0.07957500 -0.99682900
vn 0.00030500 -0.07958800 -0.99682800
vn 0.00025700 -0.07959000 -0.99682800
vn 0.00033600 -0.07957800 -0.99682900
vn 0.00030500 -0.07958800 -0.99682800
vn 0.00025700 -0.07959000 -0.99682800
vn 0.00033500 -0.07955000 -0.99683100
vn 0.00025700 -0.07959000 -0.99682800
vn 0.00032300 -0.07954600 -0.99683100
vn 0.00034400 -0.07955500 -0.99683000
vn 0.00033500 -0.07955000 -0.99683100
vn 0.00033300 -0.07935700 -0.99684600
vn 0.00033500 -0.07939000 -0.99684400
vn 0.00029500 -0.07978500 -0.99681200
vn 0.00033500 -0.07939000 -0.99684400
vn 0.00032200 -0.07963400 -0.99682400
vn 0.00031500 -0.07959100 -0.99682800
vn 0.00033300 -0.07935700 -0.99684600
vn 0.00033500 -0.07939000 -0.99684400
vn 0.00029500 -0.07978500 -0.99681200
vn 0.00029800 -0.07962800 -0.99682500
vn 0.00029500 -0.07978500 -0.99681200
vn 0.00029800 -0.07962800 -0.99682500
vn 0.00041500 -0.07971400 -0.99681800
vn 0.00026800 -0.07937900 -0.99684400
vn 0.00035100 -0.07979700 -0.99681100
vn 0.00047700 -0.07981100 -0.99681000
vn 0.00026800 -0.07937900 -0.99684400
vn 0.00035600 -0.07978900 -0.99681200
vn 0.00028700 -0.07953500 -0.99683200
vn 0.00053600 -0.07992700 -0.99680100
vn 0.00024400 -0.07963200 -0.99682400
vn 0.00024400 -0.07963200 -0.99682400
vn 0.00047700 -0.07981000 -0.99681000
vn 0.00026300 -0.07960200 -0.99682700
vn 0.00047500 -0.07949600 -0.99683500
vn 0.00026300 -0.07960200 -0.99682700
vn 0.00024400 -0.07963200 -0.99682400
vn 0.00033500 -0.07955000 -0.99683100
vn 0.00034400 -0.07955500 -0.99683000
vn 0.00032300 -0.07954600 -0.99683100
vn 0.00034400 -0.07955500 -0.99683000
vn 0.00028700 -0.07955200 -0.99683100
vn 0.00003700 -0.07956600 -0.99683000
vn 0.00028700 -0.07955200 -0.99683100
vn 0.00032300 -0.07954600 -0.99683100
vn 0.00003700 -0.07956600 -0.99683000
vn 0.00021400 -0.07956900 -0.99682900
vn 0.00029800 -0.07964300 -0.99682300
vn 0.00020400 -0.07970000 -0.99681900
vn 0.00053700 -0.07933800 -0.99684800
vn 0.00029800 -0.07964300 -0.99682300
vn 0.00019600 -0.07961100 -0.99682600
vn 0.00035800 -0.07939400 -0.99684300
vn 0.00053700 -0.07933800 -0.99684800
vn 0.00029900 -0.07964300 -0.99682300
vn 0.00035800 -0.07939400 -0.99684300
vn 0.00053700 -0.07933800 -0.99684800
vn 0.00031500 -0.07959100 -0.99682800
vn 0.00031500 -0.07959100 -0.99682800
vn 0.00035800 -0.07939400 -0.99684300
vn 0.00032200 -0.07963400 -0.99682400
vn 0.00032200 -0.07963400 -0.99682400
vn 0.00033300 -0.07935700 -0.99684600
vn 0.00018800 -0.07962600 -0.99682500
vn 0.00029300 -0.07959700 -0.99682700
vn 0.00036800 -0.07959100 -0.99682800
vn 0.00036900 -0.07960300 -0.99682700
vn 0.00032800 -0.07960500 -0.99682600
vn 0.00036800 -0.07959100 -0.99682800
vn 0.00032800 -0.07960500 -0.99682600
vn 0.00031700 -0.07958700 -0.99682800
vn 0.00036900 -0.07960300 -0.99682700
vn 0.00032800 -0.07958600 -0.99682800
vn 0.00037000 -0.07958000 -0.99682800
vn 0.00036900 -0.07960300 -0.99682700
vn 0.00037000 -0.07958000 -0.99682800
vn 0.00029600 -0.07959500 -0.99682700
vn 0.00029300 -0.07955200 -0.99683100
vn 0.00030100 -0.07949100 -0.99683600
vn 0.00029700 -0.07959800 -0.99682700
vn 0.00029800 -0.07960000 -0.99682700
vn 0.00029700 -0.07959800 -0.99682700
vn 0.00029800 -0.07959400 -0.99682700
vn 0.00029600 -0.07959400 -0.99682700
vn 0.00029800 -0.07959400 -0.99682700
vn 0.00029600 -0.07959500 -0.99682700
vn 0.00024500 -0.07960500 -0.99682600
vn 0.00026200 -0.07961500 -0.99682600
vn 0.00026200 -0.07961500 -0.99682600
vn 0.00051200 -0.07950100 -0.99683500
vn 0.00024500 -0.07960500 -0.99682600
vn 0.00026600 -0.07954200 -0.99683200
vn 0.00007900 -0.07960400 -0.99682700
vn 0.00051200 -0.07950100 -0.99683500
vn 0.00007900 -0.07960400 -0.99682700
vn 0.00031500 -0.07954300 -0.99683100
vn 0.00030700 -0.07958700 -0.99682800
vn 0.00030700 -0.07958700 -0.99682800
vn 0.00034700 -0.07955600 -0.99683000
vn 0.00033600 -0.07948500 -0.99683600
vn 0.00016000 -0.07957000 -0.99682900
vn 0.00043700 -0.07937900 -0.99684400
vn 0.00016000 -0.07957000 -0.99682900
vn 0.00029000 -0.07961400 -0.99682600
vn 0.00043700 -0.07937900 -0.99684400
vn 0.00026600 -0.07954200 -0.99683200
vn 0.00017100 -0.07958700 -0.99682800
vn 0.00020700 -0.07967300 -0.99682100
vn 0.00025700 -0.07959100 -0.99682800
vn 0.00054500 -0.07979600 -0.99681100
vn 0.00017100 -0.07958700 -0.99682800
vn 0.00040600 -0.07970000 -0.99681900
vn 0.00054500 -0.07979600 -0.99681100
vn 0.00020200 -0.07946700 -0.99683700
vn 0.00040600 -0.07970000 -0.99681900
vn 0.00020200 -0.07946700 -0.99683700
vn 0.00024500 -0.07951400 -0.99683400
vn 0.00033600 -0.07962300 -0.99682500
vn 0.00032500 -0.07973700 -0.99681600
vn 0.00025800 -0.07950100 -0.99683500
vn 0.00033600 -0.07962300 -0.99682500
vn 0.00031400 -0.07924400 -0.99685500
vn 0.00028700 -0.07954200 -0.99683100
vn 0.00025800 -0.07950100 -0.99683500
vn 0.00027700 -0.07972100 -0.99681700
vn 0.00030400 -0.07971800 -0.99681700
vn 0.00028800 -0.07952800 -0.99683300
vn 0.00029700 -0.07963800 -0.99682400
vn 0.00030400 -0.07971800 -0.99681700
vn 0.00028900 -0.07951900 -0.99683300
vn 0.00030200 -0.07988800 -0.99680400
vn 0.00031900 -0.07937900 -0.99684400
vn 0.00030200 -0.07988800 -0.99680400
vn 0.00029300 -0.07992900 -0.99680100
vn 0.00031900 -0.07937900 -0.99684400
vn 0.00035500 -0.07965300 -0.99682300
vn 0.00029500 -0.07965700 -0.99682200
vn 0.00035500 -0.07965300 -0.99682300
vn 0.00050700 -0.07986800 -0.99680500
vn 0.00029500 -0.07965700 -0.99682200
vn 0.00029800 -0.07957400 -0.99682900
vn 0.00029300 -0.07960300 -0.99682700
vn 0.00015900 -0.07944000 -0.99684000
vn 0.00052300 -0.07985000 -0.99680700
vn 0.00029800 -0.07957400 -0.99682900
vn 0.00035500 -0.07965300 -0.99682300
vn 0.00052300 -0.07985000 -0.99680700
vn 0.00032300 -0.07954800 -0.99683100
vn 0.00029900 -0.07957400 -0.99682900
vn 0.00031600 -0.07957900 -0.99682900
vn 0.00043400 -0.07945500 -0.99683800
vn 0.00052300 -0.07985000 -0.99680700
vn 0.00029800 -0.07968900 -0.99682000
vn 0.00023600 -0.07977300 -0.99681300
vn 0.00020700 -0.07967300 -0.99682100
vn 0.00029800 -0.07968900 -0.99682000
vn 0.00028800 -0.07967500 -0.99682100
vn 0.00015100 -0.07939000 -0.99684400
vn 0.00015000 -0.07939000 -0.99684400
vn 0.00035000 -0.07942500 -0.99684100
vn 0.00024100 -0.07971900 -0.99681700
vn 0.00032100 -0.07967300 -0.99682100
vn 0.00035000 -0.07942500 -0.99684100
vn 0.00018600 -0.07977500 -0.99681300
vn 0.00043700 -0.07941400 -0.99684200
vn 0.00028800 -0.07967500 -0.99682100
vn 0.00024600 -0.07960900 -0.99682600
vn 0.00024500 -0.07951400 -0.99683400
vn 0.00027800 -0.07957600 -0.99682900
vn 0.00029100 -0.07964600 -0.99682300
vn 0.00027800 -0.07957600 -0.99682900
vn 0.00036400 -0.07986500 -0.99680600
vn 0.00029100 -0.07964600 -0.99682300
vn 0.00028400 -0.07966900 -0.99682100
vn 0.00035700 -0.07936200 -0.99684600
vn 0.00028400 -0.07966900 -0.99682100
vn 0.00030100 -0.07964300 -0.99682300
vn 0.00031600 -0.07957900 -0.99682900
vn 0.00035700 -0.07958400 -0.99682800
vn 0.00032800 -0.07948900 -0.99683600
vn 0.00031600 -0.07957900 -0.99682900
vn 0.00032800 -0.07948900 -0.99683600
vn 0.00031200 -0.07961500 -0.99682600
vn 0.00026400 -0.07958500 -0.99682800
vn 0.00032800 -0.07948900 -0.99683600
vn 0.00052100 -0.07958300 -0.99682800
vn 0.00031200 -0.07961500 -0.99682600
vn 0.00024900 -0.07958600 -0.99682800
vn 0.00038300 -0.07994100 -0.99680000
vn 0.00036400 -0.07986500 -0.99680600
vn 0.00030000 -0.07958000 -0.99682800
vn 0.00030000 -0.07974300 -0.99681500
vn 0.00038300 -0.07994100 -0.99680000
vn 0.00028900 -0.07951900 -0.99683300
vn 0.00030000 -0.07974300 -0.99681500
vn 0.00029300 -0.07992900 -0.99680100
vn 0.00030800 -0.07970500 -0.99681800
vn 0.00030800 -0.07970500 -0.99681800
vn 0.00035700 -0.07936200 -0.99684600
vn 0.00030100 -0.07964300 -0.99682300
vn 0.00024400 -0.07971100 -0.99681800
vn 0.00024400 -0.07971100 -0.99681800
vn 0.00012600 -0.07961400 -0.99682600
vn 0.00017900 -0.07955900 -0.99683000
vn 0.00012600 -0.07961200 -0.99682600
vn 0.00027900 -0.07959200 -0.99682700
vn 0.00027700 -0.07959800 -0.99682700
vn 0.00032100 -0.07961700 -0.99682500
vn 0.00039400 -0.07967300 -0.99682100
vn 0.00043700 -0.07963000 -0.99682400
vn 0.00032100 -0.07961700 -0.99682500
vn 0.00044800 -0.07971300 -0.99681800
vn 0.00027900 -0.07959200 -0.99682700
vn 0.00032100 -0.07961700 -0.99682500
vn 0.00044800 -0.07971300 -0.99681800
vn 0.00010900 -0.08002700 -0.99679300
vn 0.00035000 -0.07942500 -0.99684100
vn 0.00010900 -0.08002700 -0.99679300
vn 0.00018600 -0.07977500 -0.99681300
vn 0.00024300 -0.07965500 -0.99682200
vn 0.00029300 -0.07960300 -0.99682700
vn 0.00033300 -0.07949700 -0.99683500
vn 0.00028700 -0.07962400 -0.99682500
vn 0.00027800 -0.07964500 -0.99682300
vn 0.00029300 -0.07973400 -0.99681600
vn 0.00026100 -0.07971200 -0.99681800
vn 0.00024300 -0.07965500 -0.99682200
vn 0.00018500 -0.07977500 -0.99681300
vn 0.00033300 -0.07949700 -0.99683500
vn 0.00024300 -0.07965500 -0.99682200
vn 0.00027700 -0.07959800 -0.99682700
vn 0.00024600 -0.07960900 -0.99682600
vn 0.00027700 -0.07959800 -0.99682700
vn 0.00043700 -0.07941400 -0.99684200
vn 0.00045500 -0.07957500 -0.99682900
vn 0.00027900 -0.07959200 -0.99682700
vn 0.00024600 -0.07960900 -0.99682600
vn 0.00043700 -0.07941400 -0.99684200
vn 0.00028800 -0.07967500 -0.99682100
vn 0.00033200 -0.07964500 -0.99682300
vn 0.00017600 -0.07957600 -0.99682900
vn 0.00023800 -0.07955300 -0.99683100
vn 0.00027600 -0.07966100 -0.99682200
vn 0.00023000 -0.07969200 -0.99682000
vn 0.00024000 -0.07959200 -0.99682800
vn 0.00023800 -0.07955300 -0.99683100
vn 0.00023700 -0.07975100 -0.99681500
vn 0.00024700 -0.07922300 -0.99685700
vn 0.00029000 -0.07938600 -0.99684400
vn 0.00062900 -0.07925100 -0.99685400
vn 0.00036500 -0.07929800 -0.99685100
vn 0.00031000 -0.07929300 -0.99685100
vn 0.00024700 -0.07922300 -0.99685700
vn 0.00024100 -0.07976000 -0.99681400
vn 0.00030300 -0.07959500 -0.99682700
vn 0.00024100 -0.07976000 -0.99681400
vn 0.00028500 -0.07957000 -0.99682900
vn 0.00045500 -0.07957500 -0.99682900
vn 0.00028300 -0.07960800 -0.99682600
vn 0.00045500 -0.07957500 -0.99682900
vn 0.00028300 -0.07960800 -0.99682600
vn 0.00017900 -0.07961700 -0.99682500
vn 0.00028300 -0.07960800 -0.99682600
vn 0.00033200 -0.07964500 -0.99682300
vn 0.00017900 -0.07961700 -0.99682500
vn 0.00033200 -0.07964500 -0.99682300
vn 0.00017600 -0.07957600 -0.99682900
vn 0.00017900 -0.07961700 -0.99682500
vn 0.00023800 -0.07955300 -0.99683100
vn 0.00017500 -0.07957600 -0.99682900
vn 0.00024700 -0.07922300 -0.99685700
vn 0.00023700 -0.07975100 -0.99681500
vn 0.00062900 -0.07925100 -0.99685400
vn 0.00024900 -0.07958600 -0.99682800
vn 0.00033900 -0.07941200 -0.99684200
vn 0.00062900 -0.07925100 -0.99685400
vn 0.00024900 -0.07958600 -0.99682800
vn 0.00052100 -0.07958300 -0.99682800
vn 0.00031200 -0.07961500 -0.99682600
vn 0.00026400 -0.07958500 -0.99682800
vn 0.00052100 -0.07958300 -0.99682800
vn 0.00028500 -0.07953900 -0.99683200
vn 0.00031900 -0.07959600 -0.99682700
vn 0.00026400 -0.07958500 -0.99682800
vn 0.00032200 -0.07951700 -0.99683300
vn 0.00028500 -0.07953900 -0.99683200
vn 0.00030200 -0.07942600 -0.99684100
vn 0.00028500 -0.07957000 -0.99682900
vn 0.00030200 -0.07942600 -0.99684100
vn 0.00023600 -0.07977300 -0.99681300
vn 0.00033700 -0.07967200 -0.99682100
vn 0.00038700 -0.08002100 -0.99679300
vn 0.00023600 -0.07942200 -0.99684100
vn 0.00024900 -0.07953500 -0.99683200
vn 0.00023600 -0.07942200 -0.99684100
vn 0.00032500 -0.07968800 -0.99682000
vn 0.00024900 -0.07953500 -0.99683200
vn 0.00028600 -0.07945200 -0.99683900
vn 0.00023600 -0.07942200 -0.99684100
vn 0.00024900 -0.07953500 -0.99683200
vn 0.00043700 -0.07963000 -0.99682400
vn 0.00028600 -0.07945200 -0.99683900
vn 0.00028600 -0.07945200 -0.99683900
vn 0.00043700 -0.07963000 -0.99682400
vn 0.00039400 -0.07967300 -0.99682100
vn 0.00039400 -0.07967300 -0.99682100
vn 0.00044800 -0.07971300 -0.99681800
vn 0.00029500 -0.07965700 -0.99682200
vn 0.00015900 -0.07944000 -0.99684000
vn 0.00050700 -0.07986800 -0.99680500
vn 0.00015900 -0.07944000 -0.99684000
vn 0.00050700 -0.07986800 -0.99680500
vn 0.00026100 -0.07971200 -0.99681800
vn 0.00029300 -0.07960300 -0.99682700
vn 0.00026100 -0.07971200 -0.99681800
vn 0.00027800 -0.07964500 -0.99682300
vn 0.00028700 -0.07962400 -0.99682500
vn 0.00027800 -0.07964500 -0.99682300
vn 0.00033300 -0.07949700 -0.99683500
vn 0.00028700 -0.07962400 -0.99682500
vn 0.00035100 -0.07958800 -0.99682800
vn 0.00053500 -0.07952400 -0.99683300
vn 0.00045500 -0.07966900 -0.99682100
vn 0.00051600 -0.07957300 -0.99682900
vn 0.00034900 -0.07959100 -0.99682800
vn 0.00045500 -0.07966900 -0.99682100
vn 0.00026200 -0.07940700 -0.99684200
vn 0.00045500 -0.07966900 -0.99682100
vn 0.00051600 -0.07957300 -0.99682900
vn 0.00026200 -0.07940700 -0.99684200
vn 0.00051600 -0.07957300 -0.99682900
vn 0.00032200 -0.07951700 -0.99683300
vn 0.00032200 -0.07951700 -0.99683300
vn 0.00031900 -0.07959600 -0.99682700
vn 0.00026200 -0.07940700 -0.99684200
vn 0.00031900 -0.07959600 -0.99682700
vn 0.00028500 -0.07953900 -0.99683200
vn 0.00030300 -0.07959500 -0.99682700
vn 0.00031500 -0.07963700 -0.99682400
vn 0.00028800 -0.07952800 -0.99683300
vn 0.00065200 -0.07992600 -0.99680100
vn 0.00033300 -0.07959800 -0.99682700
vn 0.00065200 -0.07992600 -0.99680100
vn 0.00032500 -0.07958100 -0.99682800
vn 0.00053100 -0.07931700 -0.99684900
vn 0.00026700 -0.07966700 -0.99682100
vn 0.00027300 -0.07955700 -0.99683000
vn 0.00053100 -0.07931700 -0.99684900
vn 0.00032500 -0.07958000 -0.99682800
vn 0.00034700 -0.07963500 -0.99682400
vn 0.00031700 -0.07973300 -0.99681600
vn 0.00030300 -0.07976500 -0.99681400
vn 0.00034700 -0.07963500 -0.99682400
vn 0.00032500 -0.07973700 -0.99681600
vn 0.00031700 -0.07973300 -0.99681600
vn 0.00017900 -0.07955900 -0.99683000
vn 0.00030800 -0.07958900 -0.99682800
vn 0.00022800 -0.07987000 -0.99680500
vn 0.00029000 -0.07958800 -0.99682800
vn 0.00030800 -0.07958900 -0.99682800
vn 0.00022800 -0.07987000 -0.99680500
vn 0.00026600 -0.07966700 -0.99682100
vn 0.00027300 -0.07955700 -0.99683000
vn 0.00034500 -0.07958500 -0.99682800
vn 0.00034500 -0.07958500 -0.99682800
vn 0.00039300 -0.07958200 -0.99682800
vn 0.00036000 -0.07961500 -0.99682600
vn 0.00026900 -0.07958100 -0.99682800
vn 0.00033300 -0.07959800 -0.99682700
vn 0.44178000 0.89428800 -0.07127200
vn 0.37694100 0.92331000 -0.07358000
vn 0.50417300 0.86086900 -0.06865800
vn 0.50417900 0.86086200 -0.06869900
vn 0.07615900 0.99394500 -0.07920000
vn 0.07615300 0.99394600 -0.07919600
vn 0.15528000 0.98474100 -0.07857400
vn 0.23381200 0.96920500 -0.07729000
vn 0.81567200 0.57669400 -0.04586200
vn 0.81567500 0.57667500 -0.04604700
vn 0.81567200 0.57669400 -0.04586200
vn 0.81567500 0.57667500 -0.04604700
vn 0.81567200 0.57669400 -0.04586200
vn 0.81567500 0.57667500 -0.04604700
vn 0.98172500 0.18970500 -0.01509700
vn 0.98172400 0.18974900 -0.01459200
vn 0.99635300 0.08508000 -0.00649700
vn 0.99638100 0.08475600 -0.00648700
vn 0.99977400 -0.02114900 0.00212800
vn 0.99977400 -0.02114800 0.00204500
vn 0.99977400 -0.02114600 0.00195400
vn 0.99977400 -0.02116700 0.00191800
vn 0.99977400 -0.02116100 0.00196400
vn 0.98141200 -0.19128300 0.01553100
vn 0.98138400 -0.19142400 0.01558400
vn 0.99977400 -0.02114800 0.00204500
vn 0.99977400 -0.02116100 0.00196400
vn 0.99977500 -0.02113000 0.00197900
vn 0.99977300 -0.02120500 0.00186000
vn 0.99977300 -0.02120500 0.00186000
vn 0.99977400 -0.02117600 0.00176200
vn 0.99977400 -0.02111200 0.00249300
vn 0.99977500 -0.02113000 0.00197900
vn 0.99977400 -0.02116700 0.00191800
vn 0.99977500 -0.02106600 0.00228600
vn 0.99977300 -0.02120400 0.00186000
vn 0.99977400 -0.02119300 0.00155700
vn 0.99977400 -0.02116000 0.00181000
vn 0.99977400 -0.02114600 0.00195400
vn 0.99977400 -0.02114800 0.00204500
vn 0.99977400 -0.02111200 0.00249300
vn 0.99977400 -0.02114600 0.00195400
vn 0.99977400 -0.02116700 0.00191800
vn 0.99977400 -0.02111200 0.00249300
vn 0.99977500 -0.02113000 0.00197900
vn 0.96134700 -0.27445000 0.02209400
vn 0.96136500 -0.27437500 0.02228200
vn 0.96137000 -0.27435100 0.02234100
vn 0.70090200 -0.71095600 0.05725700
vn 0.70084100 -0.71101900 0.05721400
vn 0.70090200 -0.71095600 0.05725700
vn 0.70090200 -0.71095600 0.05725700
vn 0.70084100 -0.71101900 0.05721400
vn 0.70084100 -0.71101900 0.05721400
vn 0.25850400 -0.96292600 0.07713800
vn 0.25853200 -0.96290900 0.07724900
vn 0.13218000 -0.98808800 0.07880800
vn 0.13216900 -0.98809400 0.07875100
vn 0.00374500 -0.99683300 0.07943500
vn -0.08187800 -0.99348000 0.07933700
vn -0.16740400 -0.98276300 0.07844300
vn -0.25110100 -0.96487000 0.07729200
vn -0.25113100 -0.96488800 0.07696300
vn -0.69541800 -0.71633700 0.05705200
vn -0.69553900 -0.71620500 0.05723200
vn -0.69553900 -0.71620500 0.05723200
vn -0.69541800 -0.71633700 0.05705200
vn -0.69553900 -0.71620500 0.05723200
vn -0.69541800 -0.71633700 0.05705200
vn -0.95929100 -0.28156300 0.02199000
vn -0.95929900 -0.28154100 0.02191500
vn -0.99479600 -0.10157700 0.00792200
vn -0.99478800 -0.10168600 0.00748000
vn -0.98760500 -0.15648600 0.01219800
vn -0.99958600 -0.02869900 0.00187300
vn -0.99994000 0.01089300 -0.00140600
vn -0.99958400 -0.02878400 0.00196200
vn -0.99143700 0.13014800 -0.01065100
vn -0.99958700 -0.02868800 0.00195200
vn -0.99958700 -0.02868600 0.00191000
vn -0.99958600 -0.02873300 0.00137300
vn -0.99958600 -0.02872400 0.00152900
vn -0.99958600 -0.02867100 0.00227800
vn -0.99958600 -0.02866500 0.00237400
vn -0.97788900 0.20843700 -0.01697900
vn -0.97788700 0.20844200 -0.01698900
vn -0.77161400 0.63406100 -0.05077700
vn -0.77158200 0.63408400 -0.05098400
vn -0.77158200 0.63408400 -0.05098400
vn -0.77161400 0.63406100 -0.05077700
vn -0.77158200 0.63408400 -0.05098400
vn -0.77161400 0.63406100 -0.05077700
vn -0.39175300 0.91715400 -0.07320000
vn -0.39175500 0.91715100 -0.07322700
vn -0.39175500 0.91715100 -0.07322700
vn -0.39175500 0.91715100 -0.07322700
vn -0.39175300 0.91715400 -0.07320000
vn -0.39175300 0.91715400 -0.07320000
vn -0.00030600 0.07957900 0.99682900
vn -0.00030000 0.07959400 0.99682700
vn -0.00025600 0.07960300 0.99682700
vn -0.00028800 0.07958700 0.99682800
vn -0.00025600 0.07960300 0.99682700
vn -0.00025600 0.07960300 0.99682700
vn -0.00028800 0.07958700 0.99682800
vn -0.00030600 0.07957900 0.99682900
vn -0.00028800 0.07958700 0.99682800
vn -0.00030700 0.07956200 0.99683000
vn -0.00030700 0.07956200 0.99683000
vn -0.00031200 0.07956600 0.99683000
vn -0.00030900 0.07956000 0.99683000
vn -0.00030000 0.07959400 0.99682700
vn -0.00030600 0.07957900 0.99682900
vn -0.00029900 0.07959400 0.99682700
vn -0.00030000 0.07959400 0.99682700
vn -0.00030000 0.07960600 0.99682600
vn -0.00029900 0.07959700 0.99682700
vn -0.00020200 0.07950800 0.99683400
vn -0.00029900 0.07959400 0.99682700
vn -0.00030000 0.07960600 0.99682600
vn -0.00043200 0.07945100 0.99683900
vn -0.00029900 0.07959400 0.99682700
vn -0.00033300 0.07951700 0.99683300
vn -0.00018000 0.07942800 0.99684100
vn -0.00018000 0.07942800 0.99684100
vn -0.00020200 0.07950800 0.99683400
vn -0.00018000 0.07942800 0.99684100
vn -0.00029900 0.07959700 0.99682700
vn -0.00020200 0.07950800 0.99683400
vn -0.00029900 0.07959700 0.99682700
vn -0.00043200 0.07945100 0.99683900
vn -0.00030000 0.07960600 0.99682600
vn -0.00043200 0.07945100 0.99683900
vn -0.00033300 0.07951700 0.99683300
vn -0.00033300 0.07951700 0.99683300
vn -0.00045400 0.07976500 0.99681400
vn -0.00045400 0.07976500 0.99681400
vn -0.00031200 0.07956600 0.99683000
vn -0.00045400 0.07976500 0.99681400
vn -0.00031200 0.07956600 0.99683000
vn -0.00030900 0.07956000 0.99683000
vn -0.00030900 0.07956000 0.99683000
vn -0.00030700 0.07956200 0.99683000
vn -0.13522900 0.98766000 -0.07899600
vn -0.15026200 0.98550000 -0.07880400
vn -0.12094300 0.98950400 -0.07908000
vn -0.12104000 0.98949000 -0.07911000
vn -0.12199200 0.98937900 -0.07904500
vn -0.12180100 0.98940100 -0.07905400
vn -0.12171500 0.98941600 -0.07900100
vn -0.12246200 0.98932600 -0.07896900
vn -0.12243900 0.98933000 -0.07896500
vn -0.12268500 0.98925300 -0.07953600
vn -0.12243900 0.98933000 -0.07896500
vn -0.12268500 0.98925300 -0.07953600
vn -0.12264600 0.98929300 -0.07910400
vn -0.12264600 0.98929300 -0.07910400
vn -0.12271500 0.98928400 -0.07910600
vn -0.12268500 0.98925300 -0.07953600
vn -0.12271500 0.98928400 -0.07910600
vn -0.12268100 0.98927900 -0.07922000
vn -0.12264600 0.98929300 -0.07910400
vn -0.12238600 0.98934100 -0.07890000
vn -0.12271500 0.98928400 -0.07910600
vn -0.12268100 0.98927900 -0.07922000
vn -0.12238600 0.98934100 -0.07890000
vn -0.12268100 0.98927900 -0.07922000
vn -0.12238300 0.98933600 -0.07897200
vn -0.12238600 0.98934100 -0.07890000
vn -0.12238400 0.98933600 -0.07897200
vn -0.12238300 0.98933600 -0.07897200
vn -0.12238400 0.98933600 -0.07897200
vn -0.12239200 0.98933400 -0.07898400
vn -0.12238300 0.98933600 -0.07897200
vn -0.12239200 0.98933400 -0.07898400
vn -0.12238400 0.98933600 -0.07897200
vn -0.12245100 0.98932700 -0.07898500
vn -0.12253200 0.98932600 -0.07887300
vn -0.12245100 0.98932700 -0.07898500
vn -0.12239200 0.98933400 -0.07898400
vn -0.12276700 0.98928700 -0.07899100
vn -0.12253200 0.98932600 -0.07887300
vn -0.12245100 0.98932700 -0.07898500
vn -0.12300700 0.98925700 -0.07899100
vn -0.12253200 0.98932600 -0.07887300
vn -0.05545500 0.99529500 -0.07945500
vn 0.01292700 0.99674600 -0.07956500
vn 0.08116800 0.99354500 -0.07925100
vn 0.08107600 0.99355400 -0.07922700
vn -0.40368700 0.91199400 -0.07282800
vn -0.40382500 0.91192900 -0.07287900
vn -0.32646500 0.94220400 -0.07530800
vn -0.24635100 0.96609900 -0.07723200
vn 0.59223300 0.80321900 -0.06402400
vn 0.59189500 0.80347200 -0.06397900
vn 0.68182300 0.72921000 -0.05805300
vn 0.76335100 0.64394900 -0.05123900
vn 0.83335300 0.55100500 -0.04377700
vn 0.83326000 0.55114000 -0.04384200
vn 1.00000000 0.00058100 0.00022800
vn 1.00000000 0.00058100 0.00022800
vn 1.00000000 0.00061400 0.00038700
vn 1.00000000 0.00058100 0.00022800
vn 1.00000000 0.00061400 0.00038700
vn 1.00000000 0.00061400 0.00038700
vn 0.76589500 -0.64090800 0.05139300
vn 0.76577900 -0.64104500 0.05140700
vn 0.76589500 -0.64090800 0.05139300
vn 0.76589500 -0.64090800 0.05139300
vn 0.76577900 -0.64104500 0.05140700
vn 0.76577900 -0.64104500 0.05140700
vn 0.37391200 -0.92452200 0.07381500
vn 0.37341200 -0.92471800 0.07388700
vn 0.30038600 -0.95078700 0.07597400
vn 0.22461200 -0.97135400 0.07759800
vn 0.13831900 -0.98724500 0.07884200
vn 0.12885100 -0.98851700 0.07893900
vn 0.11970000 -0.98965900 0.07904200
vn 0.11951400 -0.98968100 0.07903800
vn 0.11989400 -0.98963700 0.07901500
vn 0.12043800 -0.98958100 0.07889200
vn 0.11970000 -0.98966100 0.07901600
vn 0.11998900 -0.98962700 0.07900300
vn 0.12043800 -0.98958100 0.07889200
vn 0.12025300 -0.98959100 0.07905300
vn 0.11974500 -0.98965600 0.07900200
vn 0.12043800 -0.98958100 0.07889200
vn 0.12010700 -0.98960100 0.07914600
vn 0.11919500 -0.98971700 0.07907500
vn 0.11974500 -0.98965600 0.07900200
vn 0.11970700 -0.98967000 0.07889200
vn 0.11886400 -0.98975700 0.07907000
vn 0.11927100 -0.98971000 0.07904900
vn 0.15069600 -0.98544700 0.07864300
vn 0.18256600 -0.98007700 0.07822200
vn 0.21443600 -0.97364100 0.07771700
vn 0.21422800 -0.97368700 0.07772200
vn 0.62272100 -0.77994600 0.06247900
vn 0.62241700 -0.78019400 0.06240400
vn 0.62242200 -0.78017900 0.06253700
vn 0.62272100 -0.77994600 0.06247900
vn 0.62264900 -0.77999700 0.06254600
vn 0.62241700 -0.78019400 0.06240400
vn 0.92571900 -0.37698700 0.03040700
vn 0.92584000 -0.37668500 0.03047100
vn 0.92588000 -0.37658800 0.03045500
vn 0.92584600 -0.37667500 0.03043100
vn 0.97401900 -0.22572800 0.01827100
vn 0.98472800 -0.17352200 0.01415200
vn 0.99899100 -0.04474700 0.00383500
vn 0.99978300 -0.02072500 0.00191100
vn 1.00000000 0.00011600 0.00034900
vn 0.99999600 -0.00275100 0.00061600
vn 0.99848100 -0.05488200 0.00477200
vn 0.99455200 -0.10387700 0.00868900
vn 0.96620500 -0.25692600 0.02090600
vn 0.93271400 -0.35944700 0.02903000
vn 0.82785700 -0.55914200 0.04488000
vn 0.75393400 -0.65485500 0.05243100
vn 0.56870500 -0.81992300 0.06558600
vn 0.45589200 -0.88720300 0.07094400
vn 0.26624400 -0.96084400 0.07676000
vn 0.19361200 -0.97796400 0.07811000
vn 0.09853400 -0.99197600 0.07921100
vn 0.07683100 -0.99388000 0.07937400
vn 0.03987500 -0.99603300 0.07955300
vn 0.02467800 -0.99652100 0.07960200
vn 0.00341500 -0.99682000 0.07961700
vn -0.00252400 -0.99682300 0.07961400
vn -0.00246100 -0.99682300 0.07961500
vn -0.00551600 -0.99681000 0.07961600
vn -0.00546500 -0.99680500 0.07969000
vn -0.00545000 -0.99681100 0.07961300
vn -0.00247800 -0.99682400 0.07960100
vn -0.00241800 -0.99682400 0.07960400
vn -0.07716700 -0.99385800 0.07932100
vn -0.03837900 -0.99609400 0.07951800
vn -0.12045000 -0.98957300 0.07897200
vn -0.12462100 -0.98905600 0.07898100
vn -0.17335000 -0.98173200 0.07842900
vn -0.21729500 -0.97300500 0.07773900
vn -0.34667400 -0.93501100 0.07464300
vn -0.43035900 -0.89980400 0.07172400
vn -0.59747800 -0.79935900 0.06360200
vn -0.67923400 -0.73161300 0.05816200
vn -0.82242600 -0.56708800 0.04502700
vn -0.88229400 -0.46922300 0.03723900
vn -0.95427300 -0.29800600 0.02355300
vn -0.97358400 -0.22762700 0.01787400
vn -0.99447000 -0.10470900 0.00803400
vn -0.99860500 -0.05265800 0.00382400
vn -1.00000000 -0.00026000 -0.00025600
vn -1.00000000 -0.00056000 -0.00033200
vn -1.00000000 -0.00054800 -0.00022500
vn -1.00000000 -0.00055600 -0.00032600
vn -1.00000000 -0.00054800 -0.00022500
vn -1.00000000 -0.00054800 -0.00022500
vn -1.00000000 -0.00056100 0.00000300
vn -1.00000000 -0.00056000 -0.00033200
vn -0.77190000 0.63371500 -0.05074300
vn -0.77236400 0.63315500 -0.05067300
vn -0.77236400 0.63315600 -0.05067300
vn -0.77190000 0.63371500 -0.05074300
vn -0.77236400 0.63315500 -0.05067300
vn -0.77219100 0.63335200 -0.05085500
vn -0.99911200 -0.04200800 0.00313300
vn -0.99988700 -0.01501700 0.00093700
vn -0.99988700 -0.01502500 0.00098100
vn -0.99310600 -0.11687000 0.00905600
vn -0.98149400 -0.19092200 0.01475900
vn -0.96431000 -0.26395400 0.02086000
vn -0.96448000 -0.26334800 0.02062500
vn -0.99999900 -0.00148300 -0.00017300
vn -0.99999900 -0.00163600 -0.00015400
vn -0.99999900 -0.00155600 -0.00016200
vn -0.99999600 -0.00289200 -0.00001800
vn -0.99999600 -0.00290900 -0.00001900
vn -1.00000000 -0.00067000 -0.00026000
vn -1.00000000 -0.00084700 -0.00025800
vn -1.00000000 -0.00059500 -0.00026900
vn -1.00000000 -0.00086500 -0.00025300
vn -0.99999900 -0.00152600 -0.00020400
vn -0.99999900 -0.00121600 -0.00007500
vn -0.99261100 0.12093500 -0.00993600
vn -0.97807200 0.20758500 -0.01683000
vn -0.99977300 0.02120700 -0.00205200
vn -0.99996300 0.00852500 -0.00104900
vn -0.95610300 0.29208400 -0.02354700
vn -0.95611000 0.29203300 -0.02387900
vn -0.73545200 -0.67545700 0.05355600
vn -0.73548800 -0.67540000 0.05377700
vn -0.73555100 -0.67534900 0.05356000
vn -0.73548800 -0.67540000 0.05377700
vn -0.73545100 -0.67545800 0.05355600
vn -0.73522700 -0.67568200 0.05380400
vn -0.32472800 -0.94282000 0.07511200
vn -0.32492400 -0.94275100 0.07513200
vn -0.20458300 -0.97576400 0.07765100
vn -0.07926200 -0.99371500 0.07904600
vn 0.07023800 -0.99436200 0.07943900
vn 0.09500600 -0.99231400 0.07929400
vn 0.20813300 -0.97499700 0.07785700
vn 0.16903700 -0.98249100 0.07834700
vn 0.16899000 -0.98248900 0.07846900
vn 0.28013000 -0.95689200 0.07671000
vn 0.35090200 -0.93340600 0.07497800
vn 0.41935000 -0.90490200 0.07279000
vn 0.41955000 -0.90483700 0.07244600
vn 0.12194400 -0.98938600 0.07902500
vn 0.12157100 -0.98943200 0.07902400
vn 0.12067800 -0.98954200 0.07902100
vn 0.12045500 -0.98956600 0.07905000
vn 0.12061900 -0.98955000 0.07900700
vn 0.13161200 -0.98815100 0.07896600
vn 0.14040500 -0.98695800 0.07873600
vn 0.14896600 -0.98570800 0.07866900
vn 0.11980000 -0.98965000 0.07900500
vn 0.11970200 -0.98964900 0.07916400
vn 0.11970800 -0.98964600 0.07919200
vn 0.11970200 -0.98964900 0.07916400
vn 0.11982500 -0.98963300 0.07917700
vn -0.74940200 0.66000300 -0.05284400
vn -0.74937300 0.66001200 -0.05315100
vn -0.74940200 0.66000300 -0.05284400
vn -0.74937300 0.66001200 -0.05315100
vn -0.74940200 0.66000300 -0.05284400
vn -0.74937300 0.66001200 -0.05315100
vn 0.03024300 0.99637400 -0.07952200
vn 0.15622100 0.98459400 -0.07854800
vn -0.21086100 0.97441600 -0.07778300
vn -0.32594800 0.94238700 -0.07526400
vn -0.43495600 0.89758900 -0.07174300
vn -0.43495800 0.89758800 -0.07175100
vn 0.27784000 0.95759000 -0.07633500
vn 0.27784400 0.95758900 -0.07633000
vn 0.73613000 0.67473700 -0.05331700
vn 0.73620200 0.67463700 -0.05358000
vn 0.88491200 0.46430400 -0.03677600
vn 0.88496900 0.46419700 -0.03675600
vn 0.73613000 0.67473600 -0.05331700
vn 0.73620200 0.67463700 -0.05358000
vn 0.73619000 0.67461900 -0.05397400
vn 0.99764100 0.06844900 -0.00521300
vn 0.99937900 0.03513800 -0.00255900
vn 0.98262900 0.18501700 -0.01446600
vn 0.96334000 0.26745600 -0.02106000
vn 0.93726600 0.34753000 -0.02747600
vn 1.00000000 0.00031500 0.00029300
vn 1.00000000 0.00064000 0.00019500
vn 1.00000000 0.00078200 0.00019400
vn 1.00000000 0.00087400 0.00015800
vn 0.99999900 0.00138000 0.00015000
vn 0.99999900 0.00166400 0.00000900
vn 1.00000000 0.00078500 0.00024500
vn 0.99999900 0.00097500 0.00022400
vn 1.00000000 0.00064300 0.00021900
vn 0.99999900 0.00126300 0.00022900
vn 0.99999900 0.00164100 0.00016500
vn 0.99891500 -0.04642700 0.00359900
vn 0.99588700 -0.09032000 0.00723500
vn 0.99999900 -0.00100900 0.00034200
vn 0.99999900 -0.00112700 0.00032200
vn 1.00000000 0.00018100 0.00023800
vn 1.00000000 0.00032700 0.00020900
vn 1.00000000 0.00025500 0.00021000
vn 0.99091800 -0.13401700 0.01098000
vn 0.99095900 -0.13371000 0.01102200
vn 0.81704000 -0.57472700 0.04620200
vn 0.81687200 -0.57496900 0.04616200
vn 0.81695500 -0.57484600 0.04621400
vn 0.81704000 -0.57472700 0.04620200
vn 0.81687200 -0.57496900 0.04616200
vn 0.81691300 -0.57490600 0.04622700
vn 0.00028300 -0.07961600 -0.99682600
vn 0.00040200 -0.07964400 -0.99682300
vn 0.00038100 -0.07939600 -0.99684300
vn 0.00033400 -0.07970200 -0.99681900
vn 0.00031200 -0.07934800 -0.99684700
vn 0.00031900 -0.07962700 -0.99682500
vn 0.00033300 -0.07959100 -0.99682800
vn 0.00038100 -0.07939600 -0.99684300
vn 0.00038100 -0.07939600 -0.99684300
vn 0.00033300 -0.07959100 -0.99682800
vn 0.00028800 -0.07952300 -0.99683300
vn 0.00028300 -0.07961600 -0.99682600
vn 0.00031300 -0.07966700 -0.99682200
vn 0.00033700 -0.07983800 -0.99680800
vn 0.00040200 -0.07964400 -0.99682300
vn 0.00011800 -0.07955600 -0.99683000
vn 0.00045300 -0.07956200 -0.99683000
vn 0.00040200 -0.07964400 -0.99682300
vn 0.00028800 -0.07952300 -0.99683300
vn 0.00028300 -0.07961600 -0.99682600
vn 0.00031400 -0.07953300 -0.99683200
vn 0.00031300 -0.07966700 -0.99682200
vn 0.00028800 -0.07952300 -0.99683300
vn 0.00031400 -0.07953300 -0.99683200
vn 0.00029400 -0.07944500 -0.99683900
vn 0.00031300 -0.07966700 -0.99682200
vn 0.00029400 -0.07944500 -0.99683900
vn 0.00031400 -0.07953300 -0.99683200
vn 0.00030200 -0.07957600 -0.99682900
vn 0.00030200 -0.07957600 -0.99682900
vn 0.00029400 -0.07944500 -0.99683900
vn 0.00032800 -0.07972000 -0.99681700
vn 0.00033000 -0.07957200 -0.99682900
vn 0.00032800 -0.07972000 -0.99681700
vn 0.00033700 -0.07960500 -0.99682600
vn 0.00030200 -0.07957600 -0.99682900
vn 0.00036100 -0.07950000 -0.99683500
vn 0.00033200 -0.07953000 -0.99683200
vn 0.00032800 -0.07972000 -0.99681700
vn 0.00033700 -0.07960500 -0.99682600
vn 0.00033700 -0.07960500 -0.99682600
vn 0.00036100 -0.07950000 -0.99683500
vn 0.00036000 -0.07934400 -0.99684700
vn 0.00033200 -0.07952900 -0.99683200
vn 0.00036000 -0.07934400 -0.99684700
vn 0.00036000 -0.07934400 -0.99684700
vn 0.00033200 -0.07953000 -0.99683200
vn 0.00033000 -0.07957200 -0.99682900
vn 0.00033000 -0.07957200 -0.99682900
vn 0.00036100 -0.07950000 -0.99683500
vn 0.00025400 -0.07953200 -0.99683200
vn 0.00024700 -0.07970900 -0.99681800
vn 0.00011800 -0.07955600 -0.99683000
vn 0.00032800 -0.07957700 -0.99682900
vn 0.00035600 -0.07936600 -0.99684600
vn 0.00025400 -0.07953200 -0.99683200
vn 0.00035600 -0.07936600 -0.99684600
vn 0.00041600 -0.07934700 -0.99684700
vn 0.00016400 -0.07974500 -0.99681500
vn 0.00026400 -0.07949300 -0.99683500
vn 0.00031700 -0.07959900 -0.99682700
vn 0.00026400 -0.07949300 -0.99683500
vn 0.00016000 -0.07975400 -0.99681500
vn 0.00026400 -0.07949300 -0.99683500
vn 0.00026700 -0.07965000 -0.99682300
vn 0.00031700 -0.07959900 -0.99682700
vn 0.00031700 -0.07959900 -0.99682700
vn 0.00026700 -0.07965000 -0.99682300
vn 0.00031200 -0.07934800 -0.99684700
vn 0.00031200 -0.07934800 -0.99684700
vn 0.00031900 -0.07962700 -0.99682500
vn 0.00026700 -0.07965000 -0.99682300
vn 0.00033300 -0.07959100 -0.99682800
vn 0.00031900 -0.07962700 -0.99682500
vn 0.00025400 -0.07953200 -0.99683200
vn 0.00032800 -0.07957700 -0.99682900
vn 0.00036700 -0.07970600 -0.99681800
vn 0.00032800 -0.07957700 -0.99682900
vn 0.00011800 -0.07955600 -0.99683000
vn 0.00038000 -0.07971400 -0.99681800
vn 0.00036700 -0.07970600 -0.99681800
vn 0.83802000 -0.54389300 0.04362300
vn 0.83801800 -0.54388100 0.04380400
vn 0.83801800 -0.54388100 0.04380400
vn 0.83801800 -0.54388100 0.04380400
vn 0.83802000 -0.54389300 0.04362300
vn 0.83802000 -0.54389300 0.04362300
vn 0.48224800 -0.87324800 0.06981800
vn 0.48226500 -0.87324000 0.06979800
vn 0.48224800 -0.87324800 0.06981800
vn 0.48224800 -0.87324800 0.06981800
vn 0.33531000 -0.93911200 0.07506900
vn 0.28380300 -0.95583700 0.07636200
vn 0.17994100 -0.98056500 0.07818600
vn 0.14077500 -0.98689900 0.07882300
vn 0.14069800 -0.98691000 0.07881700
vn 0.12126700 -0.98944300 0.07935400
vn 0.12164300 -0.98942500 0.07900700
vn 0.12159600 -0.98943500 0.07895100
vn 0.12206600 -0.98936500 0.07910000
vn 0.12201900 -0.98937600 0.07904000
vn 0.12227400 -0.98933900 0.07909900
vn 0.12272700 -0.98926700 0.07929800
vn 0.12273600 -0.98927400 0.07920300
vn 0.12220900 -0.98933900 0.07920600
vn 0.12189300 -0.98940400 0.07887700
vn 0.12237400 -0.98931700 0.07922700
vn 0.12189300 -0.98940400 0.07887700
vn 0.12189300 -0.98940400 0.07887700
vn 0.12184400 -0.98938800 0.07915900
vn 0.12158200 -0.98944600 0.07883300
vn 0.12184400 -0.98938800 0.07915900
vn 0.12148000 -0.98945800 0.07883800
vn 0.12148000 -0.98945800 0.07883800
vn 0.12002300 -0.98961600 0.07908400
vn 0.11991600 -0.98962900 0.07909000
vn 0.12002800 -0.98961600 0.07907400
vn 0.11835300 -0.98981800 0.07907900
vn 0.11829200 -0.98982400 0.07908900
vn 0.11227200 -0.99052300 0.07911700
vn 0.10796500 -0.99100000 0.07913400
vn 0.15681200 -0.98450900 0.07842900
vn 0.20968200 -0.97467700 0.07771100
vn 0.26208400 -0.96198100 0.07684000
vn 0.26197500 -0.96200800 0.07687700
vn 0.68387300 -0.72727100 0.05825900
vn 0.68375100 -0.72739400 0.05816000
vn 0.68418400 -0.72697500 0.05830800
vn 0.68387300 -0.72727100 0.05825900
vn 0.68375100 -0.72739400 0.05816000
vn 0.68375100 -0.72739400 0.05816000
vn 0.94566100 -0.32410800 0.02605000
vn 0.94565200 -0.32412500 0.02617400
vn 0.94553800 -0.32445600 0.02618900
vn 0.94553800 -0.32445600 0.02618900
vn 0.98086400 -0.19406800 0.01560400
vn 0.98860700 -0.15000700 0.01239500
vn 0.99922000 -0.03934700 0.00346200
vn 0.99984300 -0.01764000 0.00183200
vn 0.99999900 0.00158500 0.00019700
vn 0.99999900 -0.00100000 0.00041000
vn 0.99805100 0.06222200 -0.00468400
vn 0.99170900 0.12811600 -0.00994600
vn 0.98103000 0.19325800 -0.01518000
vn 0.98103000 0.19326100 -0.01516500
vn 0.76802200 0.63840700 -0.05077600
vn 0.76806100 0.63835500 -0.05084300
vn 0.76802200 0.63840700 -0.05077600
vn 0.76802200 0.63840700 -0.05077600
vn 0.76806100 0.63835600 -0.05084300
vn 0.76806100 0.63835600 -0.05084300
vn 0.41980300 0.90470900 -0.07257600
vn 0.42022200 0.90455200 -0.07210500
vn 0.37788600 0.92292800 -0.07352900
vn 0.33493400 0.93926500 -0.07484100
vn 0.29136500 0.95358900 -0.07599600
vn 0.29074900 0.95376900 -0.07608700
vn 0.29049500 0.95386300 -0.07588800
vn 0.29041600 0.95388100 -0.07596100
vn 0.29099800 0.95370500 -0.07594400
vn 0.29049500 0.95386300 -0.07588800
vn 0.29029500 0.95389200 -0.07628300
vn 0.29041600 0.95388100 -0.07596100
vn 0.29029500 0.95389200 -0.07628300
vn 0.29041600 0.95388100 -0.07596100
vn 0.29028400 0.95392100 -0.07595800
vn 0.29029500 0.95389200 -0.07628300
vn 0.29029900 0.95391600 -0.07596600
vn 0.29028400 0.95392100 -0.07595800
vn 0.29040400 0.95388900 -0.07590700
vn 0.29029900 0.95391600 -0.07596600
vn 0.29028400 0.95392100 -0.07595800
vn 0.29103600 0.95369400 -0.07593400
vn 0.29029900 0.95391600 -0.07596600
vn 0.29040400 0.95388900 -0.07590700
vn 0.29112700 0.95365300 -0.07609300
vn 0.29093400 0.95371600 -0.07604900
vn 0.29072100 0.95378400 -0.07600400
vn 0.29058900 0.95382100 -0.07605200
vn 0.29058100 0.95382200 -0.07606500
vn 0.29073100 0.95376900 -0.07616000
vn 0.29011700 0.95396000 -0.07611200
vn 0.28969200 0.95406600 -0.07639600
vn 0.35824300 0.93067500 -0.07420500
vn 0.42547200 0.90211100 -0.07189500
vn 0.48974100 0.86912800 -0.06906900
vn 0.48981100 0.86908200 -0.06914700
vn 0.82797700 0.55900600 -0.04434900
vn 0.82831600 0.55850400 -0.04433000
vn 0.82797700 0.55900600 -0.04434900
vn 0.82797700 0.55900600 -0.04434900
vn 0.82831600 0.55850400 -0.04433000
vn 0.82831600 0.55850400 -0.04433000
vn 1.00000000 0.00055200 0.00022100
vn 1.00000000 0.00056200 0.00018100
vn 1.00000000 0.00055200 0.00022100
vn 1.00000000 0.00055200 0.00022100
vn 1.00000000 0.00056200 0.00018100
vn 1.00000000 0.00056200 0.00018100
vn 0.92174000 -0.38656000 0.03110700
vn 0.92178100 -0.38646300 0.03109200
vn 0.93113200 -0.36351700 0.02913900
vn 0.93998700 -0.34011600 0.02728700
vn 0.94304900 -0.33157600 0.02676900
vn 0.93778100 -0.34609900 0.02798100
vn 0.93217700 -0.36083800 0.02901800
vn 0.93210900 -0.36100300 0.02913700
vn 0.65738000 -0.75117000 0.05996500
vn 0.65725500 -0.75126000 0.06020300
vn 0.65777000 -0.75081000 0.06018800
vn 0.65738000 -0.75117000 0.05996500
vn 0.65725500 -0.75126000 0.06020300
vn 0.65725500 -0.75126000 0.06020300
vn 0.22911500 -0.97030900 0.07750700
vn 0.22864300 -0.97041900 0.07752000
vn 0.13525200 -0.98766600 0.07888300
vn 0.03957400 -0.99604700 0.07952600
vn -0.10786400 -0.99101500 0.07908200
vn -0.15977500 -0.98402700 0.07850700
vn -0.24233100 -0.96712200 0.07713900
vn -0.27298800 -0.95896800 0.07653100
vn -0.30988600 -0.94775800 0.07567100
vn -0.31595600 -0.94576400 0.07551700
vn -0.32278300 -0.94349300 0.07504200
vn -0.32244300 -0.94360800 0.07506400
vn -0.32278300 -0.94349300 0.07504200
vn -0.32281900 -0.94347600 0.07511400
vn -0.32243700 -0.94361100 0.07504600
vn -0.32281900 -0.94347600 0.07511400
vn -0.32250400 -0.94358400 0.07510000
vn -0.32278300 -0.94349300 0.07504200
vn -0.32281900 -0.94347600 0.07511400
vn -0.32250400 -0.94358400 0.07510000
vn -0.32245000 -0.94360500 0.07506800
vn -0.32245000 -0.94360500 0.07506800
vn -0.32250400 -0.94358400 0.07510000
vn -0.32218900 -0.94367200 0.07535000
vn -0.32268300 -0.94352800 0.07504400
vn -0.32245000 -0.94360500 0.07506800
vn -0.32287000 -0.94345300 0.07518000
vn -0.32383900 -0.94313200 0.07504000
vn -0.32310300 -0.94337300 0.07518000
vn -0.32321200 -0.94333700 0.07516400
vn -0.32390200 -0.94310700 0.07507700
vn -0.32352000 -0.94322500 0.07523600
vn -0.32383900 -0.94313200 0.07504000
vn -0.32383900 -0.94313200 0.07504000
vn -0.32390200 -0.94310700 0.07507700
vn -0.32386300 -0.94310600 0.07525800
vn -0.32344300 -0.94326300 0.07509200
vn -0.32390200 -0.94310700 0.07507700
vn -0.28746000 -0.95475500 0.07621600
vn -0.25104700 -0.96492400 0.07679400
vn -0.21448100 -0.97363500 0.07767200
vn -0.21429200 -0.97367500 0.07769600
vn 0.20863100 -0.97487200 0.07808600
vn 0.20882400 -0.97482200 0.07819900
vn 0.20876700 -0.97484400 0.07806900
vn 0.20863100 -0.97487200 0.07808600
vn 0.20882400 -0.97482200 0.07819900
vn 0.20863100 -0.97487200 0.07808600
vn 0.65506100 -0.75316500 0.06031600
vn 0.65517600 -0.75305900 0.06038500
vn 0.65517600 -0.75305900 0.06038500
vn 0.65517700 -0.75305900 0.06038500
vn 0.65509700 -0.75313300 0.06031800
vn 0.65466300 -0.75351200 0.06030500
vn 0.90078800 -0.43286000 0.03483600
vn 0.90083000 -0.43278500 0.03468600
vn 0.90083000 -0.43278500 0.03468600
vn 0.90142400 -0.43154600 0.03469500
vn 0.90147300 -0.43144500 0.03465500
vn 0.90148800 -0.43141500 0.03465600
vn 0.90218200 -0.42996800 0.03455700
vn 0.90213200 -0.43007400 0.03455500
vn 0.87326100 -0.48569000 0.03899400
vn 0.83995200 -0.54091900 0.04344400
vn 0.75714900 -0.65114800 0.05226200
vn 0.70672400 -0.70522300 0.05658700
vn 0.58569300 -0.80794500 0.06472000
vn 0.51405500 -0.85502400 0.06842000
vn 0.36825000 -0.92677000 0.07409200
vn 0.29488200 -0.95249800 0.07610600
vn 0.14709100 -0.98598400 0.07874000
vn 0.07295200 -0.99417100 0.07938200
vn -0.08882100 -0.99289200 0.07922700
vn -0.17634500 -0.98121000 0.07828700
vn -0.37938300 -0.92231300 0.07353100
vn -0.49263500 -0.86748500 0.06913600
vn -0.67548500 -0.73504700 0.05852600
vn -0.74798500 -0.66162500 0.05263000
vn -0.85222200 -0.52154300 0.04136500
vn -0.88813900 -0.45813900 0.03629000
vn -0.94274400 -0.33248100 0.02626100
vn -0.96237300 -0.27089200 0.02134000
vn -0.98724900 -0.15870200 0.01234300
vn -0.99406000 -0.10851400 0.00834800
vn -0.99923000 -0.03912600 0.00283400
vn -0.99979500 -0.02019100 0.00132600
vn -0.99931900 0.03675800 -0.00325600
vn -0.99720200 0.07448600 -0.00626800
vn -0.97263200 0.23159400 -0.01875800
vn -0.93661800 0.34922200 -0.02811000
vn -0.88711500 0.46007400 -0.03687100
vn -0.88701100 0.46022000 -0.03753000
vn -0.53378200 0.84293400 -0.06737500
vn -0.53383200 0.84290000 -0.06739700
vn -0.43434700 0.89788000 -0.07179500
vn -0.32816500 0.94161700 -0.07526300
vn -0.18888300 0.97888200 -0.07818600
vn -0.15852700 0.98422100 -0.07860200
vn -0.12661100 0.98880400 -0.07896600
vn -0.12647700 0.98882200 -0.07896000
vn -0.12505600 0.98900000 -0.07900000
vn -0.12490200 0.98901900 -0.07899600
vn -0.12507000 0.98899800 -0.07900100
vn -0.12272100 0.98928800 -0.07905400
vn -0.12302400 0.98925500 -0.07898900
vn -0.12277800 0.98928200 -0.07903400
vn -0.12190100 0.98939100 -0.07903000
vn -0.12178900 0.98940600 -0.07901100
vn -0.12214000 0.98935900 -0.07906600
vn -0.12133200 0.98947300 -0.07888400
vn -0.12141800 0.98946200 -0.07888400
vn -0.12136700 0.98947200 -0.07883300
vn -0.12127900 0.98947900 -0.07887800
vn -0.12133200 0.98947300 -0.07888400
vn -0.12141800 0.98946200 -0.07888400
vn -0.12200900 0.98937300 -0.07908900
vn -0.12203100 0.98937000 -0.07908500
vn -0.12141800 0.98946200 -0.07888400
vn -0.12269400 0.98929100 -0.07905300
vn -0.12285200 0.98927200 -0.07904300
vn -0.12294400 0.98925200 -0.07915300
vn -0.12330000 0.98922300 -0.07896100
vn -0.12323300 0.98923000 -0.07898100
vn -0.12314400 0.98923300 -0.07908300
vn -0.12323300 0.98923000 -0.07898100
vn -0.12329300 0.98922400 -0.07896100
vn -0.12328700 0.98922600 -0.07894900
vn -0.12330000 0.98922300 -0.07896100
vn -0.12241700 0.98932900 -0.07900300
vn -0.12216500 0.98936400 -0.07895400
vn -0.12196700 0.98938100 -0.07905300
vn -0.12212500 0.98936000 -0.07906900
vn -0.12208700 0.98936600 -0.07905500
vn -0.12138300 0.98943700 -0.07925000
vn -0.12161000 0.98944300 -0.07882700
vn -0.12162700 0.98944300 -0.07880400
vn -0.12162700 0.98944300 -0.07880400
vn -0.12144900 0.98941100 -0.07947200
vn -0.12138300 0.98943700 -0.07925000
vn -0.12184100 0.98938400 -0.07920400
vn -0.12223100 0.98933900 -0.07917100
vn -0.12184400 0.98939600 -0.07905600
vn -0.12354300 0.98920100 -0.07885900
vn -0.12296300 0.98924500 -0.07920700
vn -0.12266100 0.98929100 -0.07910500
vn -0.12354300 0.98920100 -0.07885900
vn -0.12334500 0.98917900 -0.07944600
vn -0.12329600 0.98923100 -0.07886300
vn -0.12354300 0.98920100 -0.07885900
vn -0.12329600 0.98923100 -0.07886300
vn -0.12334100 0.98922600 -0.07885600
vn -0.12286300 0.98927500 -0.07899100
vn -0.12269400 0.98929300 -0.07902300
vn -0.12298300 0.98926100 -0.07898100
vn -0.12222000 0.98935000 -0.07905300
vn -0.12196800 0.98939500 -0.07887500
vn -0.12230500 0.98934200 -0.07901400
vn -0.12194400 0.98939900 -0.07886700
vn -0.12196800 0.98939500 -0.07887500
vn -0.12173600 0.98942400 -0.07887300
vn -0.12194400 0.98939900 -0.07886700
vn -0.12164300 0.98943900 -0.07882500
vn -0.12173600 0.98942400 -0.07887300
vn -0.12164300 0.98943900 -0.07882500
vn -0.12173600 0.98942400 -0.07887300
vn -0.12254600 0.98932700 -0.07882600
vn -0.12195600 0.98939200 -0.07893700
vn -0.12212700 0.98936300 -0.07902500
vn -0.12254600 0.98932700 -0.07882600
vn -0.12226200 0.98935800 -0.07888300
vn -0.12254600 0.98932700 -0.07882600
vn -0.12258000 0.98931900 -0.07887500
vn -0.12230600 0.98935800 -0.07882000
vn -0.12258000 0.98931900 -0.07887500
vn -0.12226200 0.98935800 -0.07888300
vn -0.12230600 0.98935800 -0.07882000
vn -0.12205600 0.98937500 -0.07899100
vn -0.12226200 0.98935800 -0.07888300
vn -0.12134100 0.98945800 -0.07905500
vn -0.12178500 0.98940200 -0.07907200
vn -0.12230600 0.98935800 -0.07882000
vn -0.12146800 0.98943700 -0.07912100
vn -0.12134100 0.98945800 -0.07905500
vn -0.12152900 0.98943400 -0.07906400
vn -0.12152900 0.98943400 -0.07906400
vn -0.12150800 0.98945500 -0.07883100
vn -0.12146800 0.98943700 -0.07912100
vn -0.12202000 0.98937500 -0.07905100
vn -0.12209000 0.98936900 -0.07901500
vn -0.12194700 0.98938700 -0.07900900
vn -0.12249800 0.98931800 -0.07901500
vn -0.12273700 0.98928300 -0.07908400
vn -0.12258800 0.98930900 -0.07899700
vn -0.12278400 0.98928600 -0.07897800
vn -0.12272100 0.98928900 -0.07903900
vn -0.12264600 0.98930000 -0.07901400
vn -0.12246900 0.98932300 -0.07900200
vn -0.12191300 0.98939300 -0.07898100
vn -0.08294200 0.99339300 -0.07931900
vn -0.04386900 0.99586500 -0.07955600
vn -0.00484300 0.99682800 -0.07943400
vn -0.00476600 0.99680300 -0.07975900
vn 0.47651700 0.87639600 -0.06972800
vn 0.47703400 0.87610400 -0.06985300
vn 0.47732100 0.87594100 -0.06993700
vn 0.47651700 0.87639600 -0.06972800
vn 0.47703400 0.87610500 -0.06985300
vn 0.47651700 0.87639600 -0.06972800
vn 0.82683100 0.56068400 -0.04454200
vn 0.82650800 0.56116500 -0.04447600
vn 0.82650800 0.56116500 -0.04447600
vn 0.82650800 0.56116500 -0.04447600
vn 0.82683100 0.56068400 -0.04454200
vn 0.82683100 0.56068400 -0.04454200
vn 1.00000000 0.00054700 0.00023300
vn 1.00000000 0.00056500 0.00038700
vn 1.00000000 0.00054700 0.00023300
vn 1.00000000 0.00056500 0.00038700
vn 1.00000000 0.00054700 0.00023300
vn 1.00000000 0.00056500 0.00038700
vn 0.99125600 0.13155600 -0.01021500
vn 0.99754800 0.06979100 -0.00528200
vn 0.98116700 0.19257200 -0.01506000
vn 0.98116700 0.19257200 -0.01505900
vn 0.99999400 -0.00354000 0.00051500
vn 0.99999400 -0.00352500 0.00062600
vn 1.00000000 -0.00037100 0.00039000
vn 1.00000000 -0.00030600 0.00039800
vn 1.00000000 -0.00036600 0.00038700
vn 1.00000000 0.00029400 0.00026000
vn 1.00000000 0.00030900 0.00027500
vn 0.99999200 0.00406900 -0.00003200
vn 0.99811300 -0.06117900 0.00515200
vn 0.99227800 -0.12363700 0.00991100
vn 0.99999900 0.00139200 0.00021800
vn 0.99999900 0.00133800 0.00015600
vn 0.99999900 0.00139200 0.00021800
vn 0.99999900 0.00133900 0.00015900
vn 0.99999900 0.00124400 0.00035500
vn 0.99999900 0.00124400 0.00035500
vn 0.98253300 -0.18546700 0.01517500
vn 0.98253000 -0.18549300 0.01504500
vn 0.82347200 0.56558300 -0.04483500
vn 0.82347700 0.56557400 -0.04484000
vn 0.74281800 0.66739500 -0.05295600
vn 0.64809500 0.75916800 -0.06030700
vn -0.58905900 0.80552700 -0.06431000
vn -0.58923400 0.80537800 -0.06456800
vn -0.36405100 0.92841800 -0.07420800
vn -0.36417900 0.92837800 -0.07407300
vn -0.58923400 0.80537800 -0.06456800
vn -0.58905900 0.80552700 -0.06431000
vn -0.58923400 0.80537800 -0.06456800
vn 0.04905600 0.99562700 -0.07950500
vn 0.12765300 0.98867400 -0.07892500
vn -0.10104000 0.99172500 -0.07919800
vn -0.17244800 0.98190300 -0.07827900
vn -0.24295800 0.96697000 -0.07707000
vn 0.43746700 0.89640300 -0.07130300
vn 0.32286700 0.94345000 -0.07522800
vn 0.31261900 -0.94685400 0.07574500
vn 0.31318800 -0.94667100 0.07567800
vn 0.18253200 -0.98007900 0.07828000
vn 0.18260700 -0.98008100 0.07808000
vn 0.31261900 -0.94685400 0.07574500
vn 0.31318800 -0.94667100 0.07567800
vn 0.31294100 -0.94674800 0.07573500
vn 0.11666300 -0.99002000 0.07905500
vn 0.11653100 -0.99002600 0.07917300
vn 0.11670200 -0.99001600 0.07905300
vn 0.11727600 -0.98994900 0.07904300
vn 0.11724400 -0.98995100 0.07906700
vn 0.11745200 -0.98993100 0.07900000
vn 0.11603200 -0.99009400 0.07906400
vn 0.11577400 -0.99010900 0.07924500
vn 0.11637700 -0.99005300 0.07906400
vn 0.11577400 -0.99010900 0.07924500
vn 0.11657500 -0.99001000 0.07930600
vn 0.11626400 -0.99006500 0.07907800
vn 0.11990300 -0.98963500 0.07902500
vn 0.11986100 -0.98964100 0.07902500
vn 0.11972600 -0.98965800 0.07901000
vn 0.12082500 -0.98952400 0.07901900
vn 0.12095500 -0.98950900 0.07900400
vn 0.12083600 -0.98952200 0.07901900
vn 0.11831300 -0.98983000 0.07898900
vn 0.11884400 -0.98975600 0.07911600
vn 0.11864400 -0.98980000 0.07885900
vn 0.11833900 -0.98982500 0.07901100
vn 0.11771400 -0.98989200 0.07910700
vn 0.11800700 -0.98987700 0.07886000
vn 0.06458000 -0.99475400 0.07932900
vn 0.00369600 -0.99682700 0.07951600
vn 0.12408900 -0.98912300 0.07898000
vn 0.12400000 -0.98913300 0.07898800
vn 0.12284600 -0.98927700 0.07899500
vn 0.12302700 -0.98925400 0.07899500
vn 0.12264100 -0.98930500 0.07895600
vn -0.05717300 -0.99519900 0.07943000
vn -0.05679300 -0.99521900 0.07946000
vn 0.72959900 -0.68168300 0.05471100
vn 0.72941800 -0.68187700 0.05471000
vn 0.72971500 -0.68155800 0.05471800
vn 0.72941800 -0.68187700 0.05471000
vn 0.72959900 -0.68168300 0.05471000
vn 0.72953400 -0.68175400 0.05470200
vn -0.97601200 -0.21705600 0.01692800
vn -0.99361700 -0.11248000 0.00856500
vn -0.99362400 -0.11240900 0.00872800
vn -0.94704300 -0.32011500 0.02523600
vn -0.90677600 -0.42027900 0.03352300
vn -0.85644900 -0.51461600 0.04081300
vn -0.85627500 -0.51490000 0.04089000
vn -0.99999800 -0.00198300 -0.00016500
vn -0.99999800 -0.00179600 -0.00019100
vn -0.99999900 -0.00124100 -0.00021700
vn -0.99999900 -0.00099700 -0.00023800
vn -0.99999900 -0.00130600 -0.00022200
vn -0.99977100 -0.02135900 0.00137700
vn -0.99917800 -0.04042300 0.00296400
vn -0.99822700 -0.05935600 0.00445600
vn -0.99990000 0.01410200 -0.00135100
vn -0.99960700 0.02793800 -0.00247100
vn -1.00000000 -0.00042300 -0.00020800
vn -1.00000000 0.00025300 0.00001500
vn -0.99999900 -0.00095800 -0.00039800
vn -1.00000000 -0.00021700 -0.00023100
vn -0.99999900 -0.00099700 -0.00023800
vn -0.97180100 0.23504000 -0.01895300
vn -0.94569300 0.32401100 -0.02609800
vn -0.99382800 0.11055900 -0.00909800
vn -0.99706800 0.07625700 -0.00632000
vn -0.91173500 0.40946200 -0.03288100
vn -0.91173300 0.40946300 -0.03289200
vn -0.51896500 -0.85209500 0.06789700
vn -0.51899800 -0.85207600 0.06787800
vn -0.51923500 -0.85192700 0.06793600
vn -0.51892600 -0.85211700 0.06791300
vn -0.51899800 -0.85207600 0.06787800
vn -0.51900000 -0.85207700 0.06785900
vn 0.00054700 -0.07956200 -0.99683000
vn 0.00027500 -0.07957800 -0.99682900
vn 0.00054700 -0.07956200 -0.99683000
vn 0.00054700 -0.07956200 -0.99683000
vn 0.00029500 -0.07957800 -0.99682900
vn 0.00028300 -0.07960200 -0.99682700
vn 0.00026900 -0.07965200 -0.99682300
vn 0.00025700 -0.07958600 -0.99682800
vn 0.00048100 -0.07965400 -0.99682200
vn 0.00027500 -0.07957800 -0.99682900
vn 0.00053600 -0.07957400 -0.99682900
vn 0.00026300 -0.07963900 -0.99682400
vn 0.00026900 -0.07965200 -0.99682300
vn 0.00028300 -0.07960200 -0.99682700
vn 0.00029500 -0.07957800 -0.99682900
vn 0.00028300 -0.07960200 -0.99682700
vn 0.00025300 -0.07955200 -0.99683100
vn 0.00036000 -0.07958900 -0.99682800
vn 0.00030500 -0.07959900 -0.99682700
vn 0.00028100 -0.07958300 -0.99682800
vn 0.00032600 -0.07952100 -0.99683300
vn 0.00032600 -0.07952100 -0.99683300
vn 0.00048100 -0.07965400 -0.99682200
vn 0.00053600 -0.07957400 -0.99682900
vn 0.00025700 -0.07958600 -0.99682800
vn 0.00032600 -0.07952100 -0.99683300
vn 0.00029500 -0.07961000 -0.99682600
vn 0.00053600 -0.07957400 -0.99682900
vn 0.00028100 -0.07958300 -0.99682800
vn 0.00034100 -0.07957000 -0.99682900
vn 0.00025700 -0.07958600 -0.99682800
vn 0.00029500 -0.07957800 -0.99682900
vn 0.00030500 -0.07959900 -0.99682700
vn 0.00030500 -0.07959900 -0.99682700
vn 0.00025300 -0.07955200 -0.99683100
vn 0.00025300 -0.07955200 -0.99683100
vn 0.00036000 -0.07958900 -0.99682800
vn 0.00040300 -0.07968000 -0.99682000
vn 0.00021200 -0.07963900 -0.99682400
vn 0.00029900 -0.07961200 -0.99682600
vn 0.00026300 -0.07963900 -0.99682400
vn 0.00028400 -0.07959000 -0.99682800
vn 0.00026900 -0.07965200 -0.99682300
vn 0.00025400 -0.07959400 -0.99682700
vn 0.00028400 -0.07959000 -0.99682800
vn 0.00026300 -0.07963900 -0.99682400
vn 0.00029900 -0.07961200 -0.99682600
vn 0.00028400 -0.07959000 -0.99682800
vn 0.00027500 -0.07957800 -0.99682900
vn 0.00048100 -0.07965400 -0.99682200
vn 0.00051100 -0.07966600 -0.99682100
vn 0.00021700 -0.07938900 -0.99684400
vn 0.00043500 -0.07965600 -0.99682200
vn 0.00000500 -0.07931000 -0.99685000
vn 0.00000500 -0.07931000 -0.99685000
vn 0.00051100 -0.07966600 -0.99682100
vn 0.00000500 -0.07931000 -0.99685000
vn 0.00040300 -0.07968000 -0.99682000
vn 0.00036000 -0.07958900 -0.99682800
vn 0.00043500 -0.07965600 -0.99682200
vn 0.00021700 -0.07938900 -0.99684400
vn 0.00040300 -0.07968000 -0.99682000
vn 0.00043500 -0.07965600 -0.99682200
vn 0.00051100 -0.07966600 -0.99682100
vn 0.00021700 -0.07938900 -0.99684400
vn 0.00043800 -0.07947200 -0.99683700
vn 0.00025400 -0.07959400 -0.99682700
vn 0.00043800 -0.07947200 -0.99683700
vn 0.00025400 -0.07959400 -0.99682700
vn 0.00021200 -0.07963900 -0.99682400
vn 0.00043800 -0.07947200 -0.99683700
vn 0.00029900 -0.07961200 -0.99682600
vn 0.00021200 -0.07963900 -0.99682400
vn 0.00046000 -0.07989700 -0.99680300
vn 0.00035100 -0.07961000 -0.99682600
vn 0.00029500 -0.07961000 -0.99682600
vn 0.00020400 -0.07982700 -0.99680900
vn 0.00028900 -0.07979400 -0.99681100
vn 0.00037100 -0.07971400 -0.99681800
vn 0.00020300 -0.07982700 -0.99680900
vn 0.00020300 -0.07982800 -0.99680900
vn 0.00046000 -0.07989700 -0.99680300
vn 0.00034100 -0.07957000 -0.99682900
vn 0.00046000 -0.07989700 -0.99680300
vn 0.00029500 -0.07961000 -0.99682600
vn 0.00028100 -0.07958300 -0.99682800
vn 0.00034100 -0.07957000 -0.99682900
vn 0.82124000 -0.56876500 0.04551300
vn 0.82146500 -0.56843700 0.04554500
vn 0.82146500 -0.56843700 0.04554500
vn 0.82146500 -0.56843700 0.04554500
vn 0.82124000 -0.56876500 0.04551300
vn 0.82124000 -0.56876500 0.04551300
vn 0.45919100 -0.88551200 0.07080000
vn 0.45917000 -0.88553600 0.07063500
vn 0.37159600 -0.92544200 0.07398500
vn 0.27978800 -0.95701100 0.07647800
vn 0.16305600 -0.98348500 0.07854500
vn 0.13995200 -0.98701600 0.07882300
vn 0.11767700 -0.98990100 0.07904500
vn 0.11747000 -0.98992700 0.07902900
vn 0.11856200 -0.98979100 0.07909700
vn 0.11835100 -0.98982100 0.07904000
vn 0.11890800 -0.98976500 0.07890300
vn 0.11962200 -0.98967200 0.07899400
vn 0.11890800 -0.98976500 0.07890300
vn 0.11935900 -0.98970100 0.07903200
vn 0.11950600 -0.98969800 0.07884900
vn 0.11962200 -0.98967200 0.07899400
vn 0.11973500 -0.98963800 0.07924900
vn 0.11921100 -0.98971500 0.07908000
vn 0.11934400 -0.98969400 0.07913700
vn 0.11950600 -0.98969800 0.07884900
vn 0.11838500 -0.98983200 0.07885700
vn 0.11878100 -0.98976600 0.07909100
vn 0.03553900 -0.99619300 0.07960800
vn -0.04781800 -0.99568200 0.07956900
vn -0.13048300 -0.98830300 0.07893300
vn -0.13062100 -0.98827600 0.07904800
vn -0.58395700 -0.80922000 0.06447300
vn -0.58447000 -0.80885600 0.06439100
vn -0.58395700 -0.80922000 0.06447300
vn -0.58395700 -0.80922000 0.06447300
vn -0.58447000 -0.80885600 0.06439100
vn -0.58447000 -0.80885600 0.06439100
vn -0.89232400 -0.44997800 0.03574500
vn -0.89241700 -0.44980700 0.03557000
vn -0.93230700 -0.36053800 0.02857000
vn -0.96357400 -0.26660800 0.02108900
vn -0.96353800 -0.26674200 0.02103400
vn -0.98517200 -0.17104400 0.01340500
vn -0.99378200 -0.11100900 0.00865200
vn -0.99585100 -0.09073400 0.00698000
vn -0.99949800 -0.03160000 0.00221300
vn -0.99991800 -0.01282400 0.00066400
vn -0.99999300 0.00363700 -0.00062300
vn -0.99999300 0.00368900 -0.00065500
vn -0.99999900 0.00147100 -0.00046400
vn -0.99999900 0.00149900 -0.00044200
vn -0.99999900 0.00143900 -0.00043700
vn -1.00000000 -0.00065100 -0.00028100
vn -1.00000000 -0.00065000 -0.00024700
vn -1.00000000 -0.00065400 -0.00016900
vn -1.00000000 -0.00065100 -0.00027900
vn -1.00000000 -0.00065000 -0.00024700
vn -0.99953500 -0.03042200 0.00212600
vn -0.99818000 -0.06014300 0.00449500
vn -0.97613800 -0.21648000 0.01705900
vn -0.93941100 -0.34173000 0.02698100
vn -0.88762000 -0.45913700 0.03638500
vn -0.88758500 -0.45919800 0.03647300
vn -0.56398400 -0.82318100 0.06554200
vn -0.56377400 -0.82332100 0.06558600
vn -0.56398300 -0.82318100 0.06554200
vn -0.56398400 -0.82318100 0.06554200
vn -0.56377400 -0.82332100 0.06558600
vn -0.56377400 -0.82332100 0.06558600
vn -0.12408200 -0.98913000 0.07890000
vn -0.12370000 -0.98917500 0.07893300
vn -0.12370000 -0.98917500 0.07893300
vn -0.12370000 -0.98917500 0.07893300
vn -0.01510300 -0.99668200 0.07998500
vn 0.02139000 -0.99657600 0.07986100
vn 0.10467000 -0.99135000 0.07918300
vn 0.11521500 -0.99019400 0.07900700
vn 0.12392400 -0.98914300 0.07898500
vn 0.12385200 -0.98915200 0.07898700
vn 0.12185100 -0.98939500 0.07906000
vn 0.12181900 -0.98939900 0.07906000
vn 0.12183800 -0.98939600 0.07906200
vn 0.11976000 -0.98965700 0.07897200
vn 0.11965700 -0.98967600 0.07889400
vn 0.12023900 -0.98960500 0.07889600
vn 0.12023900 -0.98960500 0.07889600
vn 0.11965700 -0.98967600 0.07889400
vn 0.11994600 -0.98960600 0.07933400
vn 0.12088600 -0.98951200 0.07907300
vn 0.12088900 -0.98951500 0.07903700
vn 0.12103100 -0.98949400 0.07907500
vn 0.12170100 -0.98941700 0.07900900
vn 0.12171000 -0.98941600 0.07900500
vn 0.15224100 -0.98520700 0.07867900
vn 0.18193800 -0.98018600 0.07831700
vn 0.21171600 -0.97422400 0.07786800
vn 0.21175500 -0.97420900 0.07795200
vn 0.59027700 -0.80462700 0.06440400
vn 0.59031200 -0.80460400 0.06437000
vn 0.59053400 -0.80443100 0.06449700
vn 0.59023500 -0.80466100 0.06436800
vn 0.59027700 -0.80462700 0.06440400
vn 0.59027700 -0.80462700 0.06440400
vn 0.90644700 -0.42095900 0.03388100
vn 0.90649500 -0.42086300 0.03377100
vn 0.90636600 -0.42113500 0.03385200
vn 0.90638600 -0.42109200 0.03385100
vn 0.96854500 -0.24803600 0.01997300
vn 0.98209000 -0.18779400 0.01523600
vn 0.99900400 -0.04444900 0.00385300
vn 0.99975500 -0.02202000 0.00213900
vn 1.00000000 0.00047100 0.00027600
vn 1.00000000 0.00038700 0.00026600
vn 1.00000000 0.00047000 0.00027700
vn 1.00000000 0.00038700 0.00026600
vn 1.00000000 0.00040900 0.00029800
vn 1.00000000 0.00038700 0.00026600
vn 0.99536100 -0.09588300 0.00790200
vn 0.99174700 -0.12777600 0.01051300
vn 0.98148200 -0.19092200 0.01557400
vn 0.98145700 -0.19104800 0.01559400
vn 0.76752400 -0.63896300 0.05132000
vn 0.76785400 -0.63857900 0.05116500
vn 0.76785400 -0.63857900 0.05116500
vn 0.76755400 -0.63892600 0.05132600
vn 0.76785400 -0.63857900 0.05116500
vn 0.76764500 -0.63881500 0.05133900
vn 0.36057900 -0.92975600 0.07441000
vn 0.36018000 -0.92991700 0.07433100
vn 0.36072800 -0.92971400 0.07421100
vn 0.36072800 -0.92971400 0.07421100
vn 0.25464200 -0.96396300 0.07702000
vn 0.21881400 -0.97266600 0.07772300
vn 0.13817300 -0.98726200 0.07888300
vn 0.13039100 -0.98831300 0.07896600
vn 0.12155300 -0.98943500 0.07902000
vn 0.12134400 -0.98946000 0.07902800
vn 0.12034400 -0.98958300 0.07901700
vn 0.12035200 -0.98958200 0.07901500
vn 0.12020600 -0.98959900 0.07901600
vn 0.11984700 -0.98964100 0.07903400
vn 0.11949100 -0.98968600 0.07902100
vn 0.11967700 -0.98966300 0.07902400
vn 0.12003900 -0.98961800 0.07903300
vn 0.11996800 -0.98962800 0.07901800
vn 0.12023100 -0.98959500 0.07902900
vn 0.12056400 -0.98955400 0.07903400
vn 0.12051000 -0.98956700 0.07895700
vn 0.12050300 -0.98957000 0.07893600
vn 0.12007000 -0.98962000 0.07896500
vn 0.12056400 -0.98955400 0.07903400
vn 0.12018500 -0.98960000 0.07903600
vn 0.12104100 -0.98949400 0.07906300
vn 0.12099300 -0.98949900 0.07907100
vn 0.12092200 -0.98951000 0.07904000
vn 0.12173200 -0.98941000 0.07904800
vn 0.12189300 -0.98939000 0.07905300
vn 0.11723400 -0.98995100 0.07907500
vn 0.11200600 -0.99055300 0.07912000
vn 0.03157300 -0.99632900 0.07957500
vn -0.04402300 -0.99586000 0.07952900
vn -0.11880400 -0.98976800 0.07902100
vn -0.11934900 -0.98970600 0.07898200
vn -0.57411000 -0.81620200 0.06489800
vn -0.57378500 -0.81640600 0.06520400
vn -0.57434100 -0.81603100 0.06500300
vn -0.57378500 -0.81640600 0.06520400
vn -0.57411000 -0.81620200 0.06489800
vn -0.57403700 -0.81624100 0.06504600
vn -0.89812200 -0.43835900 0.03490200
vn -0.89829700 -0.43801900 0.03466500
vn -0.89812200 -0.43835900 0.03490200
vn -0.89812200 -0.43835900 0.03490200
vn -0.94592800 -0.32336800 0.02556200
vn -0.95856000 -0.28400600 0.02244100
vn -0.98812600 -0.15317800 0.01201200
vn -0.99476600 -0.10187300 0.00786100
vn -0.99476900 -0.10185200 0.00785500
vn -0.99872700 -0.05029100 0.00385400
vn -0.99967800 -0.02533000 0.00162300
vn -0.99985200 -0.01719100 0.00102500
vn -0.99952200 -0.03083200 0.00223000
vn -0.99813900 -0.06081500 0.00457500
vn -0.97581500 -0.21790700 0.01734500
vn -0.93885600 -0.34323500 0.02718000
vn -0.88681400 -0.46068300 0.03649500
vn -0.88692600 -0.46045700 0.03662000
vn -0.55760700 -0.82749100 0.06582100
vn -0.55771400 -0.82741900 0.06582500
vn -0.55760700 -0.82749100 0.06582100
vn -0.55771300 -0.82741900 0.06582500
vn -0.55760700 -0.82749100 0.06582100
vn -0.55771300 -0.82741900 0.06582500
vn -0.07981700 -0.99365400 0.07924800
vn -0.07968200 -0.99365300 0.07939500
vn -0.07968200 -0.99365300 0.07939500
vn -0.07968200 -0.99365300 0.07939500
vn 0.01341400 -0.99675000 0.07943500
vn 0.04450200 -0.99584400 0.07946900
vn 0.11287900 -0.99045600 0.07908600
vn 0.11916000 -0.98972800 0.07899500
vn 0.12406500 -0.98912600 0.07898500
vn 0.12396600 -0.98913800 0.07898700
vn 0.12253900 -0.98931200 0.07902700
vn 0.12237800 -0.98933000 0.07905000
vn 0.12239500 -0.98933000 0.07902700
vn 0.12079100 -0.98952200 0.07909800
vn 0.12073200 -0.98954000 0.07895300
vn 0.12092100 -0.98951700 0.07895200
vn 0.12048200 -0.98956800 0.07899100
vn 0.12092100 -0.98951700 0.07895200
vn 0.12047000 -0.98956600 0.07903400
vn 0.12048200 -0.98956800 0.07899100
vn 0.12060400 -0.98953700 0.07919200
vn 0.12047000 -0.98956600 0.07903400
vn 0.12048200 -0.98956800 0.07899100
vn 0.12017800 -0.98960700 0.07896400
vn 0.18655800 -0.97933700 0.07806600
vn 0.25240200 -0.96456100 0.07690900
vn 0.31636600 -0.94562400 0.07555500
vn 0.31671900 -0.94550500 0.07555800
vn 0.72173300 -0.68996000 0.05528300
vn 0.72161500 -0.69008400 0.05528300
vn 0.72193100 -0.68975200 0.05529900
vn 0.72161500 -0.69008400 0.05528300
vn 0.72173300 -0.68996000 0.05528300
vn 0.72161500 -0.69008400 0.05528300
vn 0.96325900 -0.26769200 0.02174200
vn 0.96326300 -0.26768400 0.02165300
vn 0.96318500 -0.26796800 0.02163100
vn 0.96318500 -0.26796800 0.02163100
vn 0.98859000 -0.15008600 0.01279600
vn 0.99383600 -0.11046000 0.00938900
vn 0.99979500 -0.02013300 0.00190300
vn 0.99995500 -0.00948100 0.00096300
vn 0.99999900 0.00172100 0.00016600
vn 1.00000000 0.00095200 0.00015900
vn 1.00000000 0.00081300 0.00018600
vn 1.00000000 0.00047700 0.00022500
vn 1.00000000 0.00098100 0.00017700
vn 1.00000000 0.00047700 0.00022500
vn 1.00000000 0.00048000 0.00022800
vn 1.00000000 0.00046800 0.00022500
vn 1.00000000 0.00048000 0.00022800
vn 1.00000000 0.00046800 0.00022500
vn 0.99748800 -0.07058300 0.00601900
vn 0.98984800 -0.14165300 0.01165300
vn 0.97717600 -0.21173600 0.01720300
vn 0.97714800 -0.21187200 0.01708200
vn 0.72926300 -0.68204000 0.05473600
vn 0.72899300 -0.68236400 0.05429600
vn 0.72899300 -0.68236400 0.05429600
vn 0.72899300 -0.68236400 0.05429600
vn 0.72926300 -0.68204000 0.05473600
vn 0.72926300 -0.68204000 0.05473600
vn 0.33454000 -0.93936500 0.07533800
vn 0.33422500 -0.93950500 0.07499000
vn 0.27126200 -0.95944700 0.07666500
vn 0.20652700 -0.97533400 0.07790800
vn 0.13556500 -0.98762400 0.07886900
vn 0.13022300 -0.98833300 0.07899700
vn 0.12523600 -0.98896900 0.07909500
vn 0.12466700 -0.98902600 0.07927800
vn 0.12555500 -0.98892300 0.07916400
vn 0.12561400 -0.98891800 0.07913700
vn 0.12587000 -0.98887600 0.07924900
vn 0.12713600 -0.98872400 0.07913100
vn 0.12704600 -0.98873600 0.07912400
vn 0.12716300 -0.98872300 0.07909500
vn 0.12835000 -0.98857300 0.07905300
vn 0.12833700 -0.98857300 0.07908100
vn 0.08870300 -0.99289100 0.07936500
vn 0.04760100 -0.99569600 0.07952100
vn 0.00640600 -0.99681500 0.07949500
vn 0.00640000 -0.99680500 0.07961200
vn -0.43072400 -0.89963500 0.07164300
vn -0.43129200 -0.89936100 0.07167200
vn -0.43111700 -0.89945000 0.07161300
vn -0.43099000 -0.89950600 0.07166500
vn -0.43072400 -0.89963600 0.07164300
vn -0.43129200 -0.89936100 0.07167200
vn -0.82318500 -0.56598700 0.04500200
vn -0.82346500 -0.56559100 0.04486400
vn -0.82346500 -0.56559100 0.04486400
vn -0.82318500 -0.56598700 0.04500200
vn -0.82346500 -0.56559100 0.04486400
vn -0.82318500 -0.56598700 0.04500200
vn -0.99132800 -0.13101600 0.01019400
vn -0.99128400 -0.13134500 0.01018100
vn -0.99611000 -0.08786200 0.00678700
vn -0.99901400 -0.04428200 0.00332100
vn -1.00000000 -0.00081500 -0.00020000
vn -1.00000000 -0.00062200 -0.00018900
vn -0.99995600 0.00933900 -0.00098400
vn -0.99981500 0.01914600 -0.00177800
vn -0.99406300 0.10844300 -0.00889500
vn -0.98212800 0.18759600 -0.01525100
vn -0.96409700 0.26468900 -0.02138400
vn -0.96390600 0.26537600 -0.02147500
vn -0.72804700 0.68333900 -0.05473200
vn -0.72806400 0.68331800 -0.05477400
vn -0.64911800 0.75826200 -0.06070000
vn -0.56154200 0.82481200 -0.06599400
vn -0.40002400 0.91359000 -0.07303900
vn -0.32912200 0.94128600 -0.07522800
vn -0.21201700 0.97416300 -0.07781700
vn -0.16677100 0.98286600 -0.07849900
vn -0.12140300 0.98945000 -0.07905200
vn -0.12149800 0.98944400 -0.07898800
vn -0.12146600 0.98944600 -0.07900400
vn -0.12182900 0.98940600 -0.07894900
vn -0.12182600 0.98941000 -0.07890500
vn -0.12182900 0.98940600 -0.07894900
vn -0.12182600 0.98941000 -0.07890500
vn -0.12154500 0.98943100 -0.07907100
vn -0.12154500 0.98943100 -0.07907100
vn -0.12126300 0.98947800 -0.07891900
vn -0.12182600 0.98941000 -0.07890500
vn -0.12182800 0.98940300 -0.07899400
vn -0.12216800 0.98936000 -0.07900100
vn -0.12219700 0.98935600 -0.07901600
vn -0.12299600 0.98925900 -0.07898900
vn -0.12273500 0.98929100 -0.07899200
vn -0.12278900 0.98928400 -0.07899800
vn -0.12356400 0.98919300 -0.07892900
vn -0.12342100 0.98921000 -0.07893700
vn -0.12364100 0.98918500 -0.07890100
vn -0.12332000 0.98920100 -0.07920700
vn -0.12356400 0.98919300 -0.07892900
vn -0.12342100 0.98921000 -0.07893700
vn -0.12276200 0.98928400 -0.07904100
vn -0.12288400 0.98925700 -0.07917900
vn -0.12257300 0.98930600 -0.07905700
vn -0.12175300 0.98940500 -0.07908600
vn -0.12153200 0.98943900 -0.07899800
vn -0.12191300 0.98938700 -0.07906300
vn -0.12145800 0.98945500 -0.07890900
vn -0.12102600 0.98945700 -0.07954700
vn -0.12120800 0.98948500 -0.07892300
vn -0.12120800 0.98948500 -0.07892300
vn -0.12143900 0.98944100 -0.07911500
vn -0.12145800 0.98945500 -0.07890900
vn -0.12235400 0.98932900 -0.07910900
vn -0.12210600 0.98936000 -0.07910300
vn -0.12191600 0.98938900 -0.07903300
vn -0.12306900 0.98923800 -0.07913500
vn -0.12305000 0.98924000 -0.07914500
vn -0.12336400 0.98919800 -0.07917800
vn -0.12409800 0.98912600 -0.07893100
vn -0.12396900 0.98914200 -0.07892500
vn -0.12399100 0.98910200 -0.07939900
vn -0.12425300 0.98909400 -0.07908000
vn -0.12396900 0.98914200 -0.07892500
vn -0.12409800 0.98912600 -0.07893100
vn -0.12311700 0.98924100 -0.07902400
vn -0.12310500 0.98924200 -0.07902400
vn -0.12309500 0.98924400 -0.07902100
vn -0.12224600 0.98934900 -0.07902600
vn -0.12209500 0.98936800 -0.07901900
vn -0.12224000 0.98934900 -0.07902800
vn -0.12133600 0.98946600 -0.07895900
vn -0.12133600 0.98946000 -0.07903000
vn -0.12120400 0.98947600 -0.07903200
vn -0.12133600 0.98946000 -0.07903000
vn -0.12124700 0.98948700 -0.07883300
vn -0.12120400 0.98947600 -0.07903200
vn -0.12176000 0.98940400 -0.07908000
vn -0.12195600 0.98937600 -0.07913100
vn -0.12120400 0.98947600 -0.07903200
vn -0.12311900 0.98924000 -0.07903500
vn -0.12264600 0.98929300 -0.07910600
vn -0.12284300 0.98926900 -0.07910200
vn -0.12343800 0.98920800 -0.07893500
vn -0.12342400 0.98920900 -0.07894000
vn -0.12339500 0.98919600 -0.07915000
vn -0.12316200 0.98923800 -0.07898700
vn -0.12343800 0.98920800 -0.07893500
vn -0.12342400 0.98920900 -0.07894000
vn -0.12295300 0.98926200 -0.07901200
vn -0.12291700 0.98927000 -0.07897500
vn -0.12262100 0.98930400 -0.07899800
vn -0.12194600 0.98938400 -0.07904700
vn -0.12199500 0.98937700 -0.07906200
vn -0.12201500 0.98937500 -0.07905800
vn -0.12087400 0.98953200 -0.07884300
vn -0.12127000 0.98948400 -0.07883700
vn -0.12119700 0.98948600 -0.07891900
vn -0.12106400 0.98948400 -0.07915500
vn -0.12103600 0.98949300 -0.07907700
vn -0.12087400 0.98953200 -0.07884300
vn -0.12106400 0.98948400 -0.07915500
vn -0.12087400 0.98953200 -0.07884300
vn -0.12036500 0.98958000 -0.07901800
vn -0.12004900 0.98962600 -0.07891600
vn -0.12003600 0.98962800 -0.07892200
vn -0.12051500 0.98956400 -0.07899000
vn -0.12314000 0.98924000 -0.07899700
vn -0.12322500 0.98923000 -0.07899400
vn -0.12645000 0.98882500 -0.07896600
vn -0.07111100 0.99430400 -0.07938700
vn -0.01221500 0.99675600 -0.07955400
vn 0.04647300 0.99576300 -0.07934500
vn 0.04648500 0.99575100 -0.07949200
vn 0.50842500 0.85839000 -0.06834100
vn 0.50833300 0.85843100 -0.06851100
vn 0.50833900 0.85842800 -0.06851000
vn 0.50846700 0.85836500 -0.06834300
vn 0.50833300 0.85843100 -0.06851100
vn 0.50846300 0.85836400 -0.06839000
vn 0.80247000 0.59481800 -0.04726200
vn 0.80264400 0.59457300 -0.04739300
vn 0.80247000 0.59481800 -0.04726200
vn 0.80247000 0.59481800 -0.04726200
vn 0.80264400 0.59457300 -0.04739300
vn 0.80264400 0.59457300 -0.04739300
vn 1.00000000 0.00059500 0.00069200
vn 1.00000000 0.00056200 0.00023800
vn 1.00000000 0.00059500 0.00069200
vn 1.00000000 0.00056200 0.00023800
vn 1.00000000 0.00059500 0.00069200
vn 1.00000000 0.00056200 0.00023800
vn 0.74189100 -0.66835300 0.05388000
vn 0.74168600 -0.66861100 0.05348900
vn 0.74168600 -0.66861100 0.05348900
vn 0.74168600 -0.66861100 0.05348900
vn 0.74189100 -0.66835300 0.05388000
vn 0.74203700 -0.66821200 0.05361200
vn 0.33329200 -0.93982500 0.07513500
vn 0.33315800 -0.93987900 0.07505700
vn 0.26428800 -0.96137900 0.07682600
vn 0.19369100 -0.97794800 0.07811400
vn 0.12071800 -0.98953800 0.07901000
vn 0.12045400 -0.98956900 0.07901700
vn 0.11863500 -0.98978400 0.07907200
vn 0.11863300 -0.98978500 0.07906500
vn 0.11864000 -0.98978500 0.07906200
vn 0.11645900 -0.99005800 0.07888200
vn 0.11688900 -0.98998300 0.07919200
vn 0.11691200 -0.98998200 0.07916400
vn 0.11688900 -0.98998300 0.07919200
vn 0.11691200 -0.98998200 0.07916400
vn 0.11678500 -0.99000800 0.07902300
vn 0.11717200 -0.98994700 0.07921800
vn 0.11678500 -0.99000800 0.07902300
vn 0.11752600 -0.98991400 0.07910500
vn 0.11799400 -0.98986600 0.07901500
vn 0.11798100 -0.98986900 0.07898600
vn 0.11744600 -0.98992400 0.07909800
vn 0.11897900 -0.98974400 0.07905700
vn 0.11893100 -0.98975100 0.07904800
vn 0.11884900 -0.98975900 0.07906800
vn 0.12027800 -0.98958900 0.07903700
vn 0.12002700 -0.98961800 0.07904900
vn 0.12012200 -0.98960800 0.07904100
vn 0.12118000 -0.98948400 0.07897800
vn 0.12121400 -0.98948100 0.07895700
vn 0.12118000 -0.98947200 0.07912100
vn 0.12116600 -0.98947800 0.07906500
vn 0.12168000 -0.98942200 0.07898100
vn 0.12118000 -0.98948400 0.07897800
vn 0.11987900 -0.98963700 0.07904800
vn 0.11996700 -0.98962600 0.07904800
vn 0.11996900 -0.98962600 0.07904900
vn 0.11813500 -0.98984300 0.07909300
vn 0.11806900 -0.98985100 0.07908900
vn 0.11820600 -0.98983400 0.07909100
vn 0.11693600 -0.98998400 0.07911000
vn 0.11693300 -0.98998200 0.07913400
vn 0.11681200 -0.98999600 0.07914300
vn 0.11780300 -0.98989100 0.07898500
vn 0.11741300 -0.98992400 0.07914500
vn 0.15829200 -0.98426200 0.07856200
vn 0.19833100 -0.97703100 0.07794100
vn 0.23818800 -0.96812900 0.07741900
vn 0.23789200 -0.96822100 0.07716800
vn 0.64902600 -0.75833600 0.06076000
vn 0.64897800 -0.75837700 0.06076300
vn 0.64861700 -0.75870000 0.06058400
vn 0.64902600 -0.75833600 0.06076000
vn 0.64897800 -0.75837700 0.06076300
vn 0.64933500 -0.75806500 0.06083100
vn 0.94564100 -0.32415500 0.02621100
vn 0.94585100 -0.32353800 0.02626300
vn 0.94572600 -0.32390400 0.02621800
vn 0.94572700 -0.32390400 0.02621800
vn 0.98089700 -0.19387700 0.01587300
vn 0.98868300 -0.14952400 0.01215500
vn 0.99919900 -0.03986100 0.00346400
vn 0.99981300 -0.01926700 0.00177800
vn 0.99999500 -0.00298100 0.00051800
vn 0.99997400 -0.00715300 0.00080300
vn 0.99961400 -0.02768700 0.00243400
vn 0.99902800 -0.04391700 0.00373000
vn 0.99701900 -0.07689800 0.00637500
vn 0.99558800 -0.09350800 0.00777000
vn 0.98927200 -0.14559400 0.01199100
vn 0.98339900 -0.18084900 0.01480300
vn 0.96175400 -0.27302300 0.02209700
vn 0.94387100 -0.32924300 0.02657400
vn 0.88948700 -0.45548600 0.03669300
vn 0.85050800 -0.52426900 0.04216800
vn 0.74245800 -0.66774900 0.05354400
vn 0.67008100 -0.73992100 0.05923200
vn 0.50737200 -0.85898500 0.06869300
vn 0.41716100 -0.90594200 0.07242500
vn 0.22537900 -0.97117700 0.07758100
vn 0.12393100 -0.98914200 0.07898600
vn -0.07824400 -0.99377500 0.07930500
vn -0.17880700 -0.98076800 0.07824300
vn -0.39454100 -0.91597400 0.07300400
vn -0.50794900 -0.85866900 0.06837900
vn -0.68631600 -0.72501700 0.05762200
vn -0.75503800 -0.65362600 0.05186800
vn -0.75497300 -0.65370200 0.05186200
vn -0.81572000 -0.57663600 0.04573700
vn -0.87101400 -0.48972700 0.03875600
vn -0.88742400 -0.45951500 0.03639600
vn -0.94088400 -0.33767500 0.02670500
vn -0.96088700 -0.27608000 0.02182700
vn -0.98664000 -0.16241700 0.01273200
vn -0.99380200 -0.11083200 0.00859900
vn -0.99920900 -0.03966400 0.00291600
vn -0.99979300 -0.02029300 0.00136900
vn -0.99805300 0.06215700 -0.00520800
vn -0.99207800 0.12520100 -0.01027900
vn -0.98210600 0.18771200 -0.01525200
vn -0.98209800 0.18775100 -0.01524000
vn -0.77682400 0.62769900 -0.05038500
vn -0.77669900 0.62786100 -0.05029000
vn -0.77682400 0.62769800 -0.05038500
vn -0.77669900 0.62786100 -0.05029000
vn -0.77682400 0.62769900 -0.05038500
vn -0.77669900 0.62786100 -0.05029000
vn -0.37270000 0.92500600 -0.07388300
vn -0.37309300 0.92485800 -0.07374900
vn -0.30026800 0.95082400 -0.07598400
vn -0.22516400 0.97122500 -0.07760700
vn -0.14000300 0.98700500 -0.07887300
vn -0.13086100 0.98825100 -0.07896900
vn -0.12171000 0.98942800 -0.07886000
vn -0.12210100 0.98936800 -0.07900800
vn -0.12284500 0.98927400 -0.07902900
vn -0.12235700 0.98934000 -0.07896200
vn -0.12267900 0.98930100 -0.07894900
vn -0.12284500 0.98927400 -0.07902900
vn -0.12298700 0.98927300 -0.07881800
vn -0.12259800 0.98930800 -0.07899500
vn -0.12284500 0.98927400 -0.07902900
vn -0.12319900 0.98924000 -0.07890100
vn -0.12283600 0.98927800 -0.07899900
vn -0.12316900 0.98923500 -0.07901900
vn -0.12319900 0.98924000 -0.07890100
vn -0.12298900 0.98926700 -0.07889800
vn -0.12298900 0.98926700 -0.07889800
vn -0.12319900 0.98924000 -0.07890100
vn -0.12291500 0.98926600 -0.07902400
vn -0.12291500 0.98926600 -0.07902400
vn -0.12298900 0.98926700 -0.07889800
vn -0.12256700 0.98930900 -0.07903100
vn -0.12291500 0.98926600 -0.07902400
vn -0.12256300 0.98932000 -0.07888900
vn -0.12256700 0.98930900 -0.07903100
vn -0.12236400 0.98934400 -0.07890600
vn -0.12256700 0.98930900 -0.07903100
vn -0.12256300 0.98932000 -0.07888900
vn -0.12241800 0.98934000 -0.07886900
vn -0.12236400 0.98934400 -0.07890600
vn -0.12228300 0.98934000 -0.07907300
vn -0.12241800 0.98934000 -0.07886900
vn -0.12236400 0.98934400 -0.07890600
vn -0.12240100 0.98934200 -0.07887100
vn -0.12241800 0.98934000 -0.07886900
vn -0.12236700 0.98934400 -0.07889500
vn -0.12240100 0.98934200 -0.07887100
vn -0.12241600 0.98933800 -0.07890000
vn -0.12240100 0.98934200 -0.07887100
vn -0.12236700 0.98934400 -0.07889500
vn -0.12237600 0.98933300 -0.07901900
vn -0.12241600 0.98933800 -0.07890000
vn -0.12236700 0.98934400 -0.07889500
vn -0.12237600 0.98933300 -0.07901900
vn -0.12212300 0.98936100 -0.07906100
vn -0.12223200 0.98934600 -0.07908300
vn -0.12155800 0.98944900 -0.07883300
vn -0.12202900 0.98936600 -0.07914400
vn -0.12237600 0.98933300 -0.07901900
vn -0.12176600 0.98942300 -0.07883400
vn -0.12188000 0.98938500 -0.07914000
vn -0.12155800 0.98944900 -0.07883300
vn -0.12171800 0.98942500 -0.07888700
vn -0.12155800 0.98944900 -0.07883300
vn -0.12176600 0.98942300 -0.07883400
vn -0.12200500 0.98937600 -0.07905200
vn -0.12214900 0.98935400 -0.07911300
vn -0.12231700 0.98933100 -0.07914000
vn -0.12318400 0.98924400 -0.07887600
vn -0.12259900 0.98930100 -0.07907800
vn -0.12279100 0.98928000 -0.07903700
vn -0.12321300 0.98924600 -0.07881300
vn -0.12318400 0.98924400 -0.07887600
vn -0.12319300 0.98924800 -0.07882000
vn -0.12319600 0.98922600 -0.07908700
vn -0.12321300 0.98924600 -0.07881300
vn -0.12319300 0.98924800 -0.07882000
vn -0.12319300 0.98924800 -0.07882000
vn -0.12294100 0.98924800 -0.07920200
vn -0.12276000 0.98928700 -0.07900500
vn -0.12229500 0.98934000 -0.07906200
vn -0.12209000 0.98937100 -0.07898300
vn -0.12210200 0.98935500 -0.07916600
vn -0.12164700 0.98942400 -0.07900500
vn -0.12174700 0.98939600 -0.07920700
vn -0.12160100 0.98939300 -0.07946500
vn -0.12173400 0.98937600 -0.07947800
vn -0.12164700 0.98942400 -0.07900500
vn -0.12160100 0.98939300 -0.07946500
vn -0.12207800 0.98937100 -0.07901000
vn -0.12160100 0.98939300 -0.07946500
vn -0.12226100 0.98934500 -0.07905100
vn -0.12269500 0.98929300 -0.07902400
vn -0.12290100 0.98927400 -0.07894000
vn -0.12266200 0.98930000 -0.07899000
vn -0.12322500 0.98924000 -0.07886100
vn -0.12303200 0.98923700 -0.07919900
vn -0.12317000 0.98924700 -0.07886000
vn -0.12321100 0.98924500 -0.07883100
vn -0.12322500 0.98924000 -0.07886100
vn -0.12317000 0.98924700 -0.07886000
vn -0.12321100 0.98924500 -0.07883100
vn -0.12317000 0.98924700 -0.07886000
vn -0.12276200 0.98928600 -0.07900900
vn -0.12213800 0.98936600 -0.07897600
vn -0.12221200 0.98935600 -0.07899400
vn -0.12232000 0.98934200 -0.07899300
vn -0.12213600 0.98936600 -0.07898100
vn -0.12197600 0.98938700 -0.07896500
vn -0.12221300 0.98935400 -0.07900900
vn -0.12269000 0.98929600 -0.07899900
vn -0.12277300 0.98928000 -0.07907300
vn -0.07857400 0.99374700 -0.07933100
vn -0.03361200 0.99626700 -0.07951900
vn 0.01128600 0.99677100 -0.07950500
vn 0.01113600 0.99677700 -0.07944700
vn 0.50961500 0.85768100 -0.06838100
vn 0.50976100 0.85760500 -0.06824400
vn 0.50976100 0.85760500 -0.06824400
vn 0.50961500 0.85768100 -0.06838200
vn 0.50976100 0.85760500 -0.06824400
vn 0.50961500 0.85768100 -0.06838200
vn 0.80384300 0.59300700 -0.04668200
vn 0.80389600 0.59289500 -0.04718900
vn 0.80384300 0.59300700 -0.04668200
vn 0.80389600 0.59289400 -0.04718900
vn 0.80384300 0.59300700 -0.04668200
vn 0.80389600 0.59289500 -0.04718900
vn 1.00000000 0.00056900 0.00023000
vn 1.00000000 0.00056400 0.00020700
vn 1.00000000 0.00056900 0.00023000
vn 1.00000000 0.00056400 0.00020700
vn 1.00000000 0.00056900 0.00023000
vn 1.00000000 0.00056400 0.00020700
vn -0.99922000 -0.03939300 0.00276200
vn -0.99990400 -0.01384100 0.00076500
vn -0.99990300 -0.01389700 0.00075800
vn -0.99277000 -0.11967300 0.00929900
vn -0.97971800 -0.19977000 0.01564900
vn -0.96037300 -0.27785600 0.02188600
vn -0.96024800 -0.27829000 0.02189300
vn -1.00000000 -0.00023600 -0.00025800
vn -1.00000000 -0.00022500 -0.00028200
vn -0.99999000 -0.00450100 0.00010000
vn -0.99999000 -0.00447400 0.00009800
vn -1.00000000 -0.00023600 -0.00025800
vn -1.00000000 -0.00074300 -0.00019500
vn -1.00000000 -0.00022500 -0.00028200
vn -1.00000000 -0.00023600 -0.00025800
vn -0.99999900 -0.00122100 -0.00016900
vn -0.99999900 -0.00122200 -0.00020600
vn -0.99175800 0.12770000 -0.01045200
vn -0.97572900 0.21826500 -0.01767400
vn -0.99975000 0.02227900 -0.00201700
vn -0.99996800 0.00794900 -0.00087800
vn -0.99998000 -0.00636800 0.00034300
vn -0.95161600 0.30629700 -0.02467900
vn -0.95164900 0.30616900 -0.02498400
vn -0.71388400 -0.69805500 0.05558000
vn -0.71397400 -0.69796500 0.05554900
vn -0.71417500 -0.69777800 0.05531900
vn -0.71417500 -0.69777800 0.05531900
vn -0.71380700 -0.69813600 0.05553900
vn -0.71357300 -0.69837700 0.05552700
vn -0.28823900 -0.95452900 0.07611000
vn -0.28792300 -0.95462100 0.07614500
vn -0.17525200 -0.98141700 0.07815300
vn -0.05856500 -0.99511600 0.07946600
vn 0.07852500 -0.99375600 0.07926800
vn 0.09933300 -0.99190300 0.07913200
vn 0.15178100 -0.98528100 0.07863500
vn 0.13596700 -0.98756300 0.07894400
vn 0.24787000 -0.96571400 0.07717800
vn 0.24800900 -0.96568900 0.07704600
vn 0.16713800 -0.98280800 0.07844900
vn 0.40368800 -0.91199200 0.07284500
vn 0.40349100 -0.91208200 0.07281100
vn 0.40368800 -0.91199200 0.07284500
vn 0.40349100 -0.91208200 0.07281100
vn 0.40349100 -0.91208200 0.07281100
vn 0.12015000 -0.98959600 0.07913900
vn 0.11974800 -0.98965000 0.07907700
vn 0.12043100 -0.98957700 0.07896000
vn 0.12043100 -0.98957700 0.07896000
vn 0.12040000 -0.98958600 0.07888700
vn 0.12003100 -0.98961900 0.07904300
vn 0.11994200 -0.98962600 0.07908400
vn 0.11970700 -0.98966400 0.07896600
vn 0.11989100 -0.98965700 0.07877300
vn 0.11974800 -0.98965000 0.07907700
vn 0.11992500 -0.98963000 0.07906100
vn 0.12025100 -0.98956700 0.07935000
vn 0.12040000 -0.98958600 0.07888700
vn 0.12043100 -0.98957700 0.07896000
vn 0.12021100 -0.98958500 0.07919400
vn 0.12040000 -0.98958600 0.07888700
vn -0.72990000 0.68137600 -0.05452100
vn -0.72988200 0.68139600 -0.05452000
vn -0.53284900 0.84351700 -0.06746700
vn -0.53293200 0.84346900 -0.06740300
vn -0.72990000 0.68137600 -0.05452100
vn -0.72988200 0.68139600 -0.05452000
vn -0.72990000 0.68137600 -0.05452100
vn -0.13802600 0.98729400 -0.07874000
vn 0.01442800 0.99672200 -0.07961000
vn 0.01427100 0.99673700 -0.07944600
vn -0.23483600 0.96895600 -0.07730700
vn -0.33012300 0.94094600 -0.07510400
vn -0.42139900 0.90399700 -0.07219800
vn 0.47198100 0.87882900 -0.06995400
vn 0.58201500 0.81061600 -0.06449500
vn 0.26961200 0.95992800 -0.07646800
vn 0.18043700 0.98047900 -0.07812300
vn 0.09034000 0.99273800 -0.07943000
vn 0.98476800 0.17334800 -0.01352900
vn 0.99817400 0.06024400 -0.00444600
vn 0.99818000 0.06012800 -0.00455500
vn 0.96483300 0.26204800 -0.02071200
vn 0.93664300 0.34919000 -0.02769900
vn 0.84043700 0.54019100 -0.04312500
vn 0.76601300 0.64078800 -0.05113500
vn 0.98855600 -0.15036300 0.01219800
vn 0.98853400 -0.15049600 0.01230300
vn 0.99500200 -0.09950700 0.00826700
vn 0.99883400 -0.04810500 0.00412000
vn 0.99999500 0.00330000 -0.00001700
vn 0.80514600 -0.59117400 0.04746400
vn 0.80542300 -0.59079700 0.04745800
vn 0.80514600 -0.59117400 0.04746300
vn 0.80514600 -0.59117400 0.04746400
vn 0.80542300 -0.59079700 0.04745800
vn 0.80542300 -0.59079700 0.04745800
vn 0.00031400 -0.07963400 -0.99682400
vn 0.00032500 -0.07959000 -0.99682800
vn 0.00032100 -0.07955900 -0.99683000
vn 0.00031200 -0.07961800 -0.99682500
vn 0.00029500 -0.07955400 -0.99683100
vn 0.00030300 -0.07957300 -0.99682900
vn 0.00044800 -0.07950900 -0.99683400
vn 0.00031400 -0.07963400 -0.99682400
vn 0.00031200 -0.07961800 -0.99682500
vn 0.00044800 -0.07950900 -0.99683400
vn 0.00031400 -0.07963400 -0.99682400
vn 0.00030500 -0.07967200 -0.99682100
vn 0.00037700 -0.07963400 -0.99682400
vn 0.00019200 -0.07956300 -0.99683000
vn 0.00007400 -0.07987300 -0.99680500
vn 0.00032100 -0.07955900 -0.99683000
vn 0.00032600 -0.07970000 -0.99681900
vn 0.00030300 -0.07957300 -0.99682900
vn 0.00030300 -0.07957300 -0.99682900
vn 0.00032500 -0.07967000 -0.99682100
vn 0.00029500 -0.07955400 -0.99683100
vn 0.00032500 -0.07967000 -0.99682100
vn 0.00030900 -0.07960900 -0.99682600
vn 0.00052100 -0.07984300 -0.99680700
vn 0.00020100 -0.07951300 -0.99683400
vn 0.00029500 -0.07955400 -0.99683100
vn 0.00041400 -0.07975500 -0.99681400
vn 0.00032800 -0.07966600 -0.99682200
vn 0.00032800 -0.07966600 -0.99682200
vn 0.00032500 -0.07967000 -0.99682100
vn 0.00053900 -0.07973700 -0.99681600
vn 0.00052000 -0.07976400 -0.99681400
vn 0.00036600 -0.07967100 -0.99682100
vn 0.00039800 -0.07967300 -0.99682100
vn 0.00032800 -0.07963400 -0.99682400
vn 0.00031800 -0.07962000 -0.99682500
vn 0.00030900 -0.07960900 -0.99682600
vn 0.00039800 -0.07967300 -0.99682100
vn 0.00032800 -0.07963400 -0.99682400
vn 0.00039800 -0.07967300 -0.99682100
vn 0.00019200 -0.07956400 -0.99683000
vn 0.00007400 -0.07987300 -0.99680500
vn 0.00007400 -0.07987300 -0.99680500
vn 0.00032500 -0.07959000 -0.99682800
vn 0.00032100 -0.07955900 -0.99683000
vn 0.00031200 -0.07961800 -0.99682500
vn 0.00032500 -0.07959000 -0.99682800
vn 0.00020100 -0.07951300 -0.99683400
vn 0.00052100 -0.07984300 -0.99680700
vn 0.00020100 -0.07951300 -0.99683400
vn 0.00030900 -0.07960900 -0.99682600
vn 0.00031800 -0.07962000 -0.99682500
vn 0.00031800 -0.07962000 -0.99682500
vn 0.00032800 -0.07963400 -0.99682400
vn 0.00041400 -0.07975500 -0.99681400
vn 0.00052100 -0.07984300 -0.99680700
vn 0.00032800 -0.07966600 -0.99682200
vn 0.00041400 -0.07975500 -0.99681400
vn 0.00039400 -0.07928200 -0.99685200
vn 0.00014500 -0.07951000 -0.99683400
vn 0.00025300 -0.07942200 -0.99684100
vn 0.00014700 -0.07950800 -0.99683400
vn 0.00031700 -0.07951900 -0.99683300
vn 0.00034900 -0.07943100 -0.99684000
vn 0.00030900 -0.07957200 -0.99682900
vn 0.00012100 -0.07971000 -0.99681800
vn 0.00031600 -0.07951900 -0.99683300
vn 0.00030900 -0.07957200 -0.99682900
vn 0.00031600 -0.07951900 -0.99683300
vn 0.00030600 -0.07967200 -0.99682100
vn 0.00030900 -0.07957200 -0.99682900
vn 0.00030600 -0.07967200 -0.99682100
vn 0.00037700 -0.07963400 -0.99682400
vn 0.00037700 -0.07963400 -0.99682400
vn 0.00044800 -0.07950900 -0.99683400
vn -0.00914000 0.99678800 -0.07956000
vn -0.02454300 0.99652600 -0.07957800
vn 0.00681200 0.99681600 -0.07944900
vn 0.00635900 0.99681300 -0.07952500
vn -0.36782100 0.92694700 -0.07400300
vn -0.36801700 0.92687700 -0.07391400
vn -0.30802000 0.94835700 -0.07578000
vn -0.24659200 0.96603900 -0.07720400
vn -0.24667800 0.96601800 -0.07720000
vn -0.18500600 0.97962200 -0.07818400
vn -0.15988300 0.98399700 -0.07865900
vn -0.15184700 0.98526300 -0.07873200
vn -0.13041700 0.98831100 -0.07894900
vn -0.12542200 0.98895500 -0.07897700
vn -0.12022700 0.98956900 -0.07936600
vn -0.12053200 0.98956400 -0.07896400
vn -0.12053200 0.98956400 -0.07896400
vn -0.12029600 0.98958000 -0.07912300
vn -0.12049900 0.98955100 -0.07917900
vn -0.12077300 0.98951900 -0.07916200
vn -0.12137700 0.98945200 -0.07907500
vn -0.12104500 0.98949500 -0.07903900
vn -0.12197500 0.98938000 -0.07904700
vn -0.12188200 0.98938400 -0.07914400
vn -0.12182300 0.98939800 -0.07905800
vn -0.12248000 0.98930700 -0.07918400
vn -0.12245100 0.98932300 -0.07902500
vn -0.12250500 0.98931600 -0.07903000
vn -0.12245100 0.98932300 -0.07902500
vn -0.12240200 0.98932100 -0.07912700
vn -0.12250500 0.98931600 -0.07903000
vn -0.12157600 0.98942800 -0.07907100
vn -0.12174500 0.98940700 -0.07906700
vn -0.12163500 0.98942200 -0.07905400
vn -0.12088400 0.98951700 -0.07902000
vn -0.12089000 0.98952000 -0.07897000
vn -0.12064800 0.98954700 -0.07900300
vn -0.12017400 0.98960700 -0.07896700
vn -0.12005400 0.98961800 -0.07901300
vn -0.11999500 0.98962900 -0.07896800
vn -0.12017400 0.98960700 -0.07896700
vn -0.12002900 0.98962800 -0.07892400
vn -0.11999500 0.98962900 -0.07896800
vn -0.12035500 0.98958300 -0.07899100
vn -0.12070800 0.98953900 -0.07900500
vn -0.12046900 0.98956800 -0.07901000
vn -0.12142500 0.98945100 -0.07901600
vn -0.12116800 0.98948300 -0.07900100
vn -0.12179900 0.98941300 -0.07891100
vn -0.12175800 0.98940900 -0.07902500
vn -0.12179900 0.98941300 -0.07891100
vn -0.12207500 0.98937000 -0.07902400
vn -0.12208700 0.98937800 -0.07890100
vn -0.12175800 0.98940900 -0.07902500
vn -0.12207500 0.98937000 -0.07902400
vn -0.12207500 0.98937000 -0.07902400
vn -0.12134600 0.98946900 -0.07891200
vn -0.12176200 0.98941200 -0.07898000
vn -0.12130400 0.98947100 -0.07895200
vn -0.12208700 0.98937800 -0.07890100
vn -0.12134600 0.98946900 -0.07891200
vn -0.12134600 0.98946900 -0.07891200
vn -0.12130400 0.98947100 -0.07895200
vn -0.12129900 0.98946500 -0.07902600
vn -0.12130400 0.98947100 -0.07895200
vn -0.12104000 0.98950600 -0.07891100
vn -0.12097400 0.98951100 -0.07895500
vn -0.12030500 0.98958700 -0.07901600
vn -0.12071300 0.98954100 -0.07897500
vn -0.12097400 0.98951100 -0.07895500
vn -0.12009300 0.98961300 -0.07901800
vn -0.12018900 0.98960100 -0.07902800
vn -0.11964700 0.98967500 -0.07891600
vn -0.11964700 0.98967500 -0.07891600
vn -0.12128600 0.98946700 -0.07901800
vn -0.12133300 0.98946200 -0.07901800
vn -0.12176500 0.98940500 -0.07905900
vn -0.12180800 0.98940000 -0.07906200
vn -0.12186600 0.98938800 -0.07911700
vn -0.11865600 0.98977700 -0.07913900
vn -0.11871700 0.98977000 -0.07913600
vn -0.11458100 0.99025300 -0.07918400
vn -0.13127800 0.98818600 -0.07908000
vn -0.15204500 0.98522400 -0.07884300
vn -0.10794800 0.99099300 -0.07924400
vn -0.04252600 0.99591600 -0.07963600
vn 0.00198600 0.99681200 -0.07975600
vn -0.01911400 0.99665200 -0.07949600
vn 0.42825600 0.90081300 -0.07164600
vn 0.42819200 0.90083400 -0.07176100
vn 0.42795500 0.90095200 -0.07169900
vn 0.42819200 0.90083400 -0.07176100
vn 0.42825600 0.90081300 -0.07164600
vn 0.42853800 0.90066800 -0.07177900
vn 0.77445800 0.63064000 -0.05008000
vn 0.77462200 0.63044000 -0.05006000
vn 0.77516800 0.62977600 -0.04996500
vn 0.77445800 0.63064000 -0.05008100
vn 0.77462300 0.63043900 -0.05006000
vn 0.77363600 0.63164600 -0.05011400
vn 0.96858800 0.24790400 -0.01951100
vn 0.96843700 0.24849900 -0.01942800
vn 0.98379000 0.17878000 -0.01397700
vn 0.99412000 0.10795600 -0.00836700
vn 0.99969800 0.02450000 -0.00170400
vn 0.99992900 0.01190800 -0.00064700
vn 1.00000000 -0.00017500 0.00036300
vn 1.00000000 -0.00083100 0.00037200
vn 1.00000000 0.00064300 0.00008600
vn 1.00000000 -0.00006300 0.00034100
vn 1.00000000 0.00066600 0.00016900
vn 1.00000000 0.00066600 0.00016900
vn 1.00000000 0.00064300 0.00008600
vn 1.00000000 0.00064300 0.00008600
vn 0.79742700 -0.60148300 0.04824200
vn 0.79741700 -0.60150200 0.04818000
vn 0.79742200 -0.60149900 0.04814300
vn 0.79742700 -0.60148300 0.04824200
vn 0.79750000 -0.60138900 0.04821000
vn 0.79742700 -0.60148300 0.04824200
vn 0.50547400 -0.86009500 0.06879800
vn 0.50564300 -0.85999900 0.06875500
vn 0.42109200 -0.90413200 0.07230100
vn 0.33220000 -0.94021000 0.07515200
vn 0.20150300 -0.97637800 0.07799000
vn 0.16163700 -0.98371600 0.07858700
vn 0.12250000 -0.98931600 0.07904300
vn 0.12239700 -0.98932700 0.07905900
vn 0.12368800 -0.98917100 0.07901000
vn 0.12353900 -0.98918100 0.07911400
vn 0.12325800 -0.98922100 0.07905000
vn 0.12295100 -0.98926200 0.07901700
vn 0.12320900 -0.98923100 0.07901000
vn 0.12309700 -0.98924100 0.07905100
vn 0.12165500 -0.98942100 0.07902700
vn 0.12187500 -0.98939400 0.07902700
vn 0.12161700 -0.98942600 0.07902400
vn 0.12029800 -0.98959800 0.07889300
vn 0.12052300 -0.98957100 0.07889000
vn 0.12057300 -0.98955900 0.07896100
vn 0.12035800 -0.98958500 0.07896500
vn 0.12052300 -0.98957100 0.07889000
vn 0.12029800 -0.98959800 0.07889300
vn 0.12100900 -0.98949200 0.07913500
vn 0.12081200 -0.98951800 0.07910500
vn 0.12072500 -0.98953000 0.07909900
vn 0.12162700 -0.98941500 0.07915500
vn 0.12165300 -0.98941100 0.07916000
vn 0.12180500 -0.98939700 0.07910500
vn 0.12218500 -0.98936300 0.07894600
vn 0.12217800 -0.98936100 0.07897600
vn 0.12226400 -0.98935000 0.07897500
vn 0.12217800 -0.98936100 0.07897600
vn 0.12226400 -0.98935000 0.07897500
vn 0.12238100 -0.98930400 0.07937100
vn 0.12170600 -0.98941300 0.07906000
vn 0.12161300 -0.98942300 0.07907300
vn 0.12185300 -0.98939500 0.07905300
vn 0.12056900 -0.98955900 0.07896800
vn 0.12107800 -0.98949400 0.07900900
vn 0.12084000 -0.98952100 0.07902400
vn 0.12049700 -0.98957800 0.07884300
vn 0.12056900 -0.98955900 0.07896800
vn 0.12056400 -0.98957000 0.07884000
vn 0.12049700 -0.98957800 0.07884300
vn 0.12056400 -0.98957000 0.07884000
vn 0.12056500 -0.98955900 0.07896900
vn 0.12089600 -0.98951600 0.07900300
vn 0.12137100 -0.98945700 0.07901800
vn 0.12114000 -0.98948600 0.07901400
vn 0.12219800 -0.98935800 0.07898600
vn 0.12199200 -0.98938100 0.07901400
vn 0.12170600 -0.98941600 0.07901200
vn 0.12252900 -0.98932000 0.07894800
vn 0.12246300 -0.98932800 0.07894600
vn 0.12233000 -0.98934400 0.07895200
vn 0.12252900 -0.98932000 0.07894800
vn 0.12243200 -0.98929300 0.07943900
vn 0.12233000 -0.98934400 0.07895200
vn 0.12179200 -0.98940400 0.07904000
vn 0.12193500 -0.98937600 0.07916000
vn 0.12200100 -0.98938000 0.07901100
vn 0.12113500 -0.98948000 0.07908800
vn 0.12095300 -0.98950300 0.07907800
vn 0.12105000 -0.98949100 0.07909000
vn 0.12038000 -0.98958000 0.07899000
vn 0.12015100 -0.98960800 0.07899000
vn 0.12040200 -0.98956500 0.07915000
vn 0.12011400 -0.98961800 0.07892200
vn 0.12015100 -0.98960800 0.07899000
vn 0.12038000 -0.98958000 0.07899000
vn 0.12091100 -0.98951200 0.07903900
vn 0.12114900 -0.98948200 0.07904100
vn 0.12115300 -0.98948200 0.07904200
vn 0.12191900 -0.98939000 0.07900800
vn 0.12215100 -0.98936200 0.07900500
vn 0.12216600 -0.98936200 0.07898400
vn 0.12195800 -0.98938600 0.07899900
vn 0.12181700 -0.98940300 0.07900500
vn 0.12197600 -0.98938400 0.07900300
vn 0.12107000 -0.98949300 0.07902800
vn 0.12075200 -0.98953300 0.07901800
vn 0.06902600 -0.99444800 0.07942900
vn 0.01778700 -0.99666700 0.07961100
vn -0.03352200 -0.99626500 0.07957000
vn -0.03353800 -0.99626400 0.07957900
vn -0.47680400 -0.87624600 0.06965100
vn -0.47669300 -0.87631100 0.06959200
vn -0.47669300 -0.87631100 0.06959200
vn -0.47669300 -0.87631100 0.06959200
vn -0.47680400 -0.87624600 0.06965100
vn -0.47680400 -0.87624600 0.06965100
vn -0.84151100 -0.53854900 0.04270800
vn -0.84186800 -0.53799700 0.04262100
vn -0.84186800 -0.53799700 0.04262100
vn -0.84186800 -0.53799700 0.04262100
vn -0.84151100 -0.53854900 0.04270800
vn -0.84151100 -0.53854900 0.04270800
vn -0.99100500 -0.13342200 0.01038200
vn -0.99099800 -0.13346500 0.01049400
vn -0.99100500 -0.13342200 0.01038200
vn -0.99100500 -0.13342200 0.01038200
vn -0.99773100 -0.06712700 0.00515200
vn -0.99898000 -0.04502200 0.00333400
vn -1.00000000 -0.00071700 -0.00020900
vn -1.00000000 -0.00049300 -0.00053600
vn -1.00000000 -0.00049300 -0.00053600
vn -1.00000000 -0.00052200 -0.00025000
vn -1.00000000 -0.00071700 -0.00023100
vn -1.00000000 -0.00052200 -0.00025000
vn -1.00000000 -0.00073400 -0.00018900
vn -1.00000000 -0.00049300 -0.00053600
vn -0.99999900 -0.00106800 -0.00016300
vn -0.99999900 -0.00110700 -0.00007600
vn -1.00000000 -0.00052200 -0.00025000
vn -1.00000000 -0.00063400 -0.00015100
vn -1.00000000 -0.00073300 -0.00015000
vn -1.00000000 -0.00031300 -0.00019000
vn -1.00000000 0.00012400 -0.00027100
vn -1.00000000 0.00044800 -0.00021100
vn -0.99704600 0.07653200 -0.00644600
vn -0.98830000 0.15200900 -0.01249000
vn -0.97388400 0.22629900 -0.01841700
vn -0.97391000 0.22617900 -0.01851500
vn -0.71903300 0.69274600 -0.05562300
vn -0.71916100 0.69262000 -0.05553700
vn -0.71903300 0.69274600 -0.05562300
vn -0.71903300 0.69274600 -0.05562300
vn -0.71916200 0.69262000 -0.05553700
vn -0.71916200 0.69262000 -0.05553700
vn -0.97670400 0.21388400 -0.01739200
vn -0.99421800 0.10700500 -0.00893600
vn -0.95573300 0.29328100 -0.02367700
vn -0.96300200 0.26864000 -0.02146000
vn -0.96584100 0.25829900 -0.02082600
vn -0.96198200 0.27223000 -0.02195000
vn -0.92308000 0.38336800 -0.03084900
vn -0.87773900 0.47759600 -0.03841400
vn -0.75116700 0.65799400 -0.05284600
vn -0.66741100 0.74230300 -0.05957500
vn -0.57546600 0.81520400 -0.06542800
vn -0.57543900 0.81525100 -0.06508500
vn -0.70933200 -0.70265000 0.05596100
vn -0.70935100 -0.70263700 0.05587000
vn -0.79070900 -0.61026600 0.04852800
vn -0.86104300 -0.50693400 0.04028400
vn -0.93861200 -0.34389900 0.02723200
vn -0.95699400 -0.28920900 0.02280600
vn -0.98753200 -0.15694500 0.01219300
vn -0.99687200 -0.07881000 0.00591300
vn -0.17434500 0.98154800 -0.07853000
vn -0.17446000 0.98152100 -0.07861700
vn -0.17434500 0.98154800 -0.07853000
vn -0.17446000 0.98152100 -0.07861700
vn -0.17434500 0.98154800 -0.07853000
vn -0.17446000 0.98152100 -0.07861700
vn 0.24187200 0.96726900 -0.07674300
vn 0.24189800 0.96724100 -0.07701400
vn 0.24187200 0.96726900 -0.07674300
vn 0.24189800 0.96724100 -0.07701400
vn 0.24187200 0.96726900 -0.07674300
vn 0.24189800 0.96724100 -0.07701400
vn 0.67625500 0.73434800 -0.05841200
vn 0.67628500 0.73432400 -0.05836900
vn 0.67628500 0.73432400 -0.05836900
vn 0.67628500 0.73432400 -0.05836900
vn 0.67625500 0.73434800 -0.05841200
vn 0.67625500 0.73434800 -0.05841200
vn 0.92385300 0.38155600 -0.03017500
vn 0.92385600 0.38154600 -0.03020000
vn 0.95686500 0.28962800 -0.02290100
vn 0.98087200 0.19405600 -0.01526900
vn 0.99994100 -0.01077700 0.00108800
vn 0.99272600 -0.11999300 0.00982600
vn 0.97381400 -0.22660700 0.01832800
vn 0.97381400 -0.22660700 0.01832600
vn 0.75377700 -0.65505000 0.05224300
vn 0.75372600 -0.65509800 0.05238500
vn 0.75372600 -0.65509800 0.05238500
vn 0.75372600 -0.65509800 0.05238500
vn 0.75377200 -0.65507100 0.05205200
vn 0.75375000 -0.65505400 0.05258100
vn 0.42513200 -0.90224000 0.07229200
vn 0.42515800 -0.90224000 0.07213900
vn 0.31350900 -0.94656100 0.07572000
vn 0.19571500 -0.97754400 0.07812500
vn -0.04275100 -0.99592100 0.07946400
vn -0.16325900 -0.98346100 0.07843500
vn -0.27977600 -0.95703100 0.07626300
vn -0.27976700 -0.95703200 0.07628400
f 1//1 4//4 19//19
f 22//22 25//25 35//35
f 37//37 45//45 48//48
f 47//47 46//46 57//57
f 49//49 60//60 64//64
f 65//65 67//67 85//85
f 92//92 68//68 94//94
f 86//86 93//93 96//96
f 97//97 99//99 105//105
f 104//104 100//100 129//129
f 113//113 133//133 159//159
f 161//161 163//163 82//82
f 165//165 167//167 173//173
f 171//171 168//168 177//177
f 172//172 175//175 179//179
f 178//178 176//176 183//183
f 180//180 184//184 185//185
f 187//187 71//71 190//190
f 189//189 73//73 95//95
f 191//191 193//193 195//195
f 196//196 192//192 200//200
f 164//164 202//202 77//77
f 79//79 201//201 203//203
f 78//78 204//204 206//206
f 205//205 208//208 72//72
f 70//70 207//207 210//210
f 87//87 209//209 66//66
f 212//212 214//214 138//138
f 141//141 213//213 216//216
f 142//142 215//215 58//58
f 59//59 217//217 218//218
f 52//52 219//219 63//63
f 220//220 127//127 80//80
f 194//194 224//224 198//198
f 199//199 223//223 227//227
f 197//197 225//225 229//229
f 228//228 226//226 232//232
f 230//230 231//231 174//174
f 169//169 233//233 235//235
f 170//170 234//234 166//166
f 188//188 236//236 74//74
f 76//76 237//237 238//238
f 75//75 239//239 240//240
f 221//221 243//243 122//122
f 128//128 242//242 244//244
f 121//121 245//245 98//98
f 241//241 247//247 81//81
f 83//83 246//246 249//249
f 84//84 248//248 222//222
f 186//186 182//182 131//131
f 130//130 181//181 251//251
f 132//132 252//252 143//143
f 153//153 250//250 253//253
f 149//149 254//254 255//255
f 256//256 257//257 144//144
f 147//147 258//258 259//259
f 146//146 260//260 262//262
f 145//145 263//263 265//265
f 261//261 268//268 156//156
f 136//136 267//267 270//270
f 155//155 269//269 264//264
f 266//266 272//272 158//158
f 157//157 271//271 273//273
f 135//135 274//274 211//211
f 275//275 286//286 295//295
f 294//294 289//289 297//297
f 276//276 298//298 288//288
f 287//287 299//299 301//301
f 281//281 300//300 302//302
f 306//306 308//308 324//324
f 322//322 317//317 39//39
f 323//323 41//41 326//326
f 325//325 42//42 38//38
f 307//307 327//327 320//320
f 319//319 328//328 330//330
f 314//314 329//329 332//332
f 331//331 334//334 310//310
f 309//309 333//333 336//336
f 318//318 335//335 283//283
f 293//293 337//337 338//338
f 282//282 339//339 296//296
f 340//340 343//343 366//366
f 341//341 348//348 368//368
f 342//342 370//370 345//345
f 347//347 369//369 373//373
f 346//346 371//371 380//380
f 372//372 397//397 378//378
f 379//379 398//398 400//400
f 387//387 399//399 402//402
f 401//401 403//403 386//386
f 389//389 404//404 406//406
f 392//392 405//405 407//407
f 410//410 411//411 417//417
f 415//415 412//412 422//422
f 414//414 420//420 424//424
f 428//428 429//429 413//413
f 416//416 430//430 432//432
f 418//418 431//431 409//409
f 433//433 435//435 437//437
f 438//438 434//434 439//439
f 436//436 440//440 442//442
f 444//444 441//441 446//446
f 443//443 447//447 450//450
f 449//449 445//445 452//452
f 448//448 451//451 427//427
f 453//453 455//455 115//115
f 126//126 456//456 457//457
f 458//458 459//459 125//125
f 119//119 460//460 462//462
f 123//123 461//461 477//477
f 472//472 463//463 478//478
f 473//473 479//479 365//365
f 360//360 480//480 482//482
f 361//361 481//481 367//367
f 484//484 485//485 152//152
f 486//486 487//487 151//151
f 137//137 488//488 489//489
f 154//154 490//490 492//492
f 493//493 496//496 124//124
f 116//116 495//495 498//498
f 491//491 499//499 134//134
f 148//148 500//500 501//501
f 150//150 502//502 120//120
f 101//101 503//503 505//505
f 102//102 504//504 494//494
f 507//507 508//508 117//117
f 112//112 509//509 510//510
f 497//497 512//512 111//111
f 110//110 513//513 514//514
f 109//109 515//515 506//506
f 511//511 517//517 108//108
f 107//107 516//516 519//519
f 106//106 518//518 454//454
f 408//408 425//425 393//393
f 391//391 426//426 421//421
f 385//385 423//423 525//525
f 529//529 62//62 530//530
f 532//532 61//61 526//526
f 531//531 521//521 534//534
f 533//533 527//527 419//419
f 528//528 536//536 54//54
f 51//51 535//535 538//538
f 55//55 539//539 160//160
f 140//140 537//537 541//541
f 139//139 540//540 483//483
f 543//543 544//544 565//565
f 567//567 569//569 291//291
f 292//292 568//568 571//571
f 290//290 570//570 572//572
f 545//545 575//575 556//556
f 563//563 574//574 577//577
f 562//562 576//576 578//578
f 36//36 580//580 588//588
f 590//590 581//581 593//593
f 589//589 592//592 596//596
f 594//594 597//597 7//7
f 18//18 598//598 599//599
f 20//20 600//600 601//601
f 604//604 605//605 6//6
f 17//17 606//606 607//607
f 8//8 609//609 561//561
f 557//557 608//608 610//610
f 564//564 611//611 542//542
f 612//612 615//615 623//623
f 602//602 624//624 16//16
f 11//11 625//625 627//627
f 10//10 626//626 603//603
f 579//579 629//629 559//559
f 553//553 628//628 631//631
f 554//554 630//630 633//633
f 635//635 636//636 560//560
f 162//162 91//91 305//305
f 304//304 69//69 555//555
f 303//303 550//550 280//280
f 285//285 547//547 638//638
f 284//284 637//637 566//566
f 639//639 641//641 643//643
f 644//644 640//640 646//646
f 642//642 647//647 648//648
f 649//649 645//645 651//651
f 650//650 652//652 616//616
f 618//618 653//653 654//654
f 617//617 655//655 622//622
f 632//632 656//656 549//549
f 548//548 657//657 659//659
f 546//546 658//658 634//634
f 660//660 663//663 670//670
f 664//664 671//671 665//665
f 667//667 672//672 674//674
f 666//666 675//675 24//24
f 673//673 676//676 27//27
f 26//26 677//677 678//678
f 28//28 680//680 32//32
f 34//34 679//679 682//682
f 31//31 681//681 582//582
f 573//573 613//613 279//279
f 278//278 614//614 620//620
f 277//277 619//619 321//321
f 316//316 621//621 684//684
f 315//315 683//683 661//661
f 595//595 13//13 584//584
f 585//585 9//9 3//3
f 591//591 5//5 685//685
f 688//688 23//23 689//689
f 691//691 21//21 29//29
f 690//690 33//33 692//692
f 694//694 30//30 586//586
f 693//693 587//587 695//695
f 697//697 583//583 686//686
f 696//696 687//687 698//698
f 701//701 704//704 709//709
f 708//708 703//703 713//713
f 707//707 714//714 716//716
f 717//717 710//710 724//724
f 718//718 723//723 727//727
f 726//726 721//721 728//728
f 725//725 732//732 733//733
f 468//468 747//747 754//754
f 753//753 748//748 756//756
f 762//762 764//764 765//765
f 768//768 763//763 773//773
f 774//774 780//780 783//783
f 781//781 779//779 766//766
f 782//782 767//767 784//784
f 785//785 769//769 770//770
f 786//786 772//772 787//787
f 788//788 771//771 758//758
f 789//789 757//757 790//790
f 792//792 819//819 820//820
f 821//821 811//811 823//823
f 824//824 827//827 844//844
f 828//828 826//826 849//849
f 851//851 853//853 856//856
f 857//857 852//852 860//860
f 858//858 861//861 863//863
f 822//822 798//798 865//865
f 864//864 806//806 867//867
f 866//866 870//870 873//873
f 872//872 871//871 877//877
f 874//874 876//876 879//879
f 880//880 875//875 884//884
f 878//878 881//881 886//886
f 775//775 888//888 778//778
f 777//777 887//887 890//890
f 776//776 891//891 895//895
f 896//896 898//898 830//830
f 842//842 899//899 900//900
f 829//829 901//901 902//902
f 903//903 905//905 832//832
f 847//847 904//904 906//906
f 839//839 907//907 825//825
f 910//910 911//911 920//920
f 913//913 912//912 923//923
f 919//919 922//922 924//924
f 793//793 928//928 808//808
f 817//817 929//929 931//931
f 815//815 930//930 933//933
f 935//935 937//937 926//926
f 927//927 936//936 938//938
f 925//925 939//939 917//917
f 918//918 940//940 941//941
f 914//914 942//942 859//859
f 855//855 943//943 944//944
f 854//854 945//945 850//850
f 932//932 946//946 803//803
f 801//801 947//947 949//949
f 800//800 950//950 831//831
f 845//845 948//948 952//952
f 833//833 951//951 897//897
f 953//953 955//955 921//921
f 915//915 954//954 893//893
f 916//916 894//894 908//908
f 909//909 892//892 889//889
f 956//956 960//960 967//967
f 968//968 970//970 966//966
f 964//964 969//969 972//972
f 965//965 971//971 959//959
f 885//885 882//882 973//973
f 974//974 883//883 978//978
f 975//975 976//976 981//981
f 979//979 977//977 982//982
f 980//980 983//983 985//985
f 990//990 992//992 996//996
f 997//997 991//991 999//999
f 998//998 1000//1000 934//934
f 1001//1001 1003//1003 1006//1006
f 1005//1005 1002//1002 1008//1008
f 1004//1004 1007//1007 1011//1011
f 1010//1010 1009//1009 1015//1015
f 984//984 1016//1016 988//988
f 987//987 1017//1017 1019//1019
f 986//986 1018//1018 1023//1023
f 1022//1022 1020//1020 962//962
f 1021//1021 963//963 1024//1024
f 1013//1013 961//961 957//957
f 1014//1014 958//958 1012//1012
f 1025//1025 1027//1027 1030//1030
f 1029//1029 1026//1026 1033//1033
f 1028//1028 1032//1032 1035//1035
f 1034//1034 1031//1031 1038//1038
f 1036//1036 1037//1037 994//994
f 993//993 1039//1039 1040//1040
f 995//995 1041//1041 989//989
f 862//862 868//868 1042//1042
f 1043//1043 869//869 799//799
f 1044//1044 810//810 1047//1047
f 1046//1046 809//809 1048//1048
f 1045//1045 1050//1050 1053//1053
f 662//662 668//668 311//311
f 312//312 669//669 1057//1057
f 313//313 1056//1056 44//44
f 40//40 1058//1058 1060//1060
f 43//43 1059//1059 50//50
f 53//53 1061//1061 1063//1063
f 56//56 1062//1062 524//524
f 1066//1066 1067//1067 739//739
f 1065//1065 750//750 1069//1069
f 1068//1068 1072//1072 749//749
f 740//740 1071//1071 1073//1073
f 743//743 1074//1074 761//761
f 759//759 1075//1075 1076//1076
f 760//760 1077//1077 791//791
f 848//848 1078//1078 838//838
f 835//835 1079//1079 1081//1081
f 843//843 1082//1082 738//738
f 736//736 1080//1080 1083//1083
f 741//741 1084//1084 1070//1070
f 1085//1085 1089//1089 382//382
f 1088//1088 1091//1091 383//383
f 381//381 1090//1090 1093//1093
f 384//384 1092//1092 1094//1094
f 1096//1096 1099//1099 834//834
f 836//836 1098//1098 1102//1102
f 837//837 1101//1101 814//814
f 813//813 1100//1100 1103//1103
f 816//816 1104//1104 1107//1107
f 1109//1109 1111//1111 344//344
f 351//351 1110//1110 1113//1113
f 1114//1114 1116//1116 1124//1124
f 1123//1123 1119//1119 1127//1127
f 1122//1122 1125//1125 1130//1130
f 1131//1131 1134//1134 812//812
f 1136//1136 1137//1137 1140//1140
f 1095//1095 1146//1146 396//396
f 388//388 1147//1147 1149//1149
f 377//377 1148//1148 1151//1151
f 350//350 1152//1152 1154//1154
f 1129//1129 1126//1126 1157//1157
f 1156//1156 1128//1128 1159//1159
f 1158//1158 1160//1160 1163//1163
f 1150//1150 1168//1168 376//376
f 375//375 1167//1167 1171//1171
f 374//374 1169//1169 349//349
f 363//363 1170//1170 1173//1173
f 364//364 1172//1172 1108//1108
f 1112//1112 1174//1174 352//352
f 355//355 1175//1175 1176//1176
f 356//356 1177//1177 1153//1153
f 1155//1155 1178//1178 357//357
f 353//353 1179//1179 1180//1180
f 354//354 1181//1181 1183//1183
f 1186//1186 1189//1189 1192//1192
f 1138//1138 1195//1195 1141//1141
f 1139//1139 1194//1194 1196//1196
f 1142//1142 1197//1197 1206//1206
f 1205//1205 1198//1198 1208//1208
f 1210//1210 1215//1215 1145//1145
f 1143//1143 1212//1212 1216//1216
f 1144//1144 1217//1217 1135//1135
f 1221//1221 1222//1222 1223//1223
f 1227//1227 1229//1229 1230//1230
f 797//797 1232//1232 1234//1234
f 1209//1209 1185//1185 1211//1211
f 1214//1214 1184//1184 1191//1191
f 1213//1213 1236//1236 1238//1238
f 1239//1239 1237//1237 1241//1241
f 1240//1240 1243//1243 1246//1246
f 1244//1244 1242//1242 1218//1218
f 1245//1245 1219//1219 1248//1248
f 1247//1247 1220//1220 1224//1224
f 1231//1231 1249//1249 1226//1226
f 1225//1225 1250//1250 1253//1253
f 1228//1228 1251//1251 1254//1254
f 1255//1255 1252//1252 1166//1166
f 1256//1256 1164//1164 1259//1259
f 1257//1257 1165//1165 1161//1161
f 1258//1258 1162//1162 1262//1262
f 1235//1235 1266//1266 802//802
f 795//795 1265//1265 1267//1267
f 794//794 1268//1268 1132//1132
f 1269//1269 1270//1270 1274//1274
f 1273//1273 1271//1271 1277//1277
f 1272//1272 1275//1275 1278//1278
f 1280//1280 1276//1276 1281//1281
f 1279//1279 1282//1282 1188//1188
f 1187//1187 1283//1283 1284//1284
f 1190//1190 1285//1285 1193//1193
f 1115//1115 1286//1286 1118//1118
f 1121//1121 1287//1287 1289//1289
f 1117//1117 1288//1288 1290//1290
f 1294//1294 1296//1296 1202//1202
f 1201//1201 1295//1295 1298//1298
f 1200//1200 1297//1297 1207//1207
f 1299//1299 1300//1300 1303//1303
f 1304//1304 1301//1301 1306//1306
f 1302//1302 1307//1307 1309//1309
f 1308//1308 1305//1305 1313//1313
f 1310//1310 1311//1311 1263//1263
f 1261//1261 1312//1312 1314//1314
f 1264//1264 1315//1315 1260//1260
f 1233//1233 796//796 1316//1316
f 1318//1318 818//818 1105//1105
f 1317//1317 1106//1106 1203//1203
f 1199//1199 1120//1120 1292//1292
f 1204//1204 1291//1291 1293//1293
f 1319//1319 1321//1321 737//737
f 470//470 1323//1323 1326//1326
f 1322//1322 1327//1327 751//751
f 752//752 1328//1328 1331//1331
f 745//745 1330//1330 840//840
f 841//841 1329//1329 1333//1333
f 846//846 1332//1332 1097//1097
f 1182//1182 1334//1334 358//358
f 359//359 1335//1335 1338//1338
f 362//362 1337//1337 474//474
f 476//476 1336//1336 1339//1339
f 475//475 1340//1340 1324//1324
f 1325//1325 1341//1341 469//469
f 465//465 1342//1342 1343//1343
f 466//466 1344//1344 742//742
f 746//746 1345//1345 1346//1346
f 744//744 1347//1347 1320//1320
f 755//755 734//734 464//464
f 467//467 735//735 730//730
f 471//471 729//729 114//114
f 118//118 731//731 720//720
f 103//103 719//719 89//89
f 90//90 722//722 712//712
f 88//88 715//715 552//552
f 551//551 711//711 702//702
f 558//558 706//706 15//15
f 12//12 705//705 700//700
f 14//14 699//699 2//2
f 1133//1133 1086//1086 805//805
f 804//804 1087//1087 394//394
f 807//807 390//390 1051//1051
f 1049//1049 395//395 520//520
f 1052//1052 523//523 1054//1054
f 1055//1055 522//522 1064//1064
f 1348//1348 1349//1349 1350//1350
f 1348//1348 1350//1350 1351//1351
f 1352//1352 1353//1353 1354//1354
f 1352//1352 1354//1354 1355//1355
f 1348//1348 1355//1355 1349//1349
f 1349//1349 1355//1355 1354//1354
f 1356//1356 1358//1358 1360//1360
f 1357//1357 1359//1359 1361//1361
f 1362//1362 1363//1363 1364//1364
f 1362//1362 1364//1364 1365//1365
f 1366//1366 1365//1365 1364//1364
f 1370//1370 1371//1371 1374//1374
f 1376//1376 1377//1377 1383//1383
f 1382//1382 1378//1378 1385//1385
f 1364//1364 1384//1384 1366//1366
f 1373//1373 1387//1387 1367//1367
f 1368//1368 1386//1386 1389//1389
f 1369//1369 1390//1390 1381//1381
f 1379//1379 1388//1388 1391//1391
f 1380//1380 1392//1392 1375//1375
f 1372//1372 1393//1393 1394//1394
f 1372//1372 1394//1394 1395//1395
f 1396//1396 1398//1398 1399//1399
f 1397//1397 1400//1400 1401//1401
f 1402//1402 1403//1403 1404//1404
f 1402//1402 1404//1404 1405//1405
f 1405//1405 1404//1404 1406//1406
f 1406//1406 1404//1404 1407//1407
f 1406//1406 1407//1407 1408//1408
f 1408//1408 1407//1407 1409//1409
f 1408//1408 1409//1409 1410//1410
f 1412//1412 1413//1413 1415//1415
f 1411//1411 1414//1414 1416//1416
f 1417//1417 1418//1418 1420//1420
f 1417//1417 1420//1420 1421//1421
f 1422//1422 1423//1423 1424//1424
f 1424//1424 1423//1423 1425//1425
f 1426//1426 1421//1421 1420//1420
f 1426//1426 1420//1420 1427//1427
f 1422//1422 1428//1428 1423//1423
f 1423//1423 1428//1428 1429//1429
f 1423//1423 1429//1429 1419//1419
f 1420//1420 1430//1430 1431//1431
f 1420//1420 1431//1431 1427//1427
f 1425//1425 1423//1423 1432//1432
f 1425//1425 1432//1432 1433//1433
f 1435//1435 1436//1436 1438//1438
f 1434//1434 1437//1437 1439//1439
f 1441//1441 1442//1442 1443//1443
f 1440//1440 1444//1444 1445//1445
f 1448//1448 1450//1450 1451//1451
f 1452//1452 1454//1454 1449//1449
f 1446//1446 1453//1453 1460//1460
f 1447//1447 1459//1459 1462//1462
f 1466//1466 1461//1461 1469//1469
f 1471//1471 1472//1472 1474//1474
f 1476//1476 1473//1473 1465//1465
f 1475//1475 1464//1464 1477//1477
f 1479//1479 1463//1463 1467//1467
f 1478//1478 1468//1468 1480//1480
f 1481//1481 1470//1470 1482//1482
f 1483//1483 1484//1484 1486//1486
f 1487//1487 1485//1485 1457//1457
f 1488//1488 1458//1458 1489//1489
f 1490//1490 1456//1456 1455//1455
f 1491//1491 1492//1492 1493//1493
f 1491//1491 1493//1493 1496//1496
f 1495//1495 1494//1494 1498//1498
f 1497//1497 1499//1499 1501//1501
f 1502//1502 1500//1500 1506//1506
f 1503//1503 1504//1504 1509//1509
f 1507//1507 1505//1505 1511//1511
f 1508//1508 1512//1512 1514//1514
f 1513//1513 1510//1510 1516//1516
f 1515//1515 1518//1518 1521//1521
f 1519//1519 1517//1517 1523//1523
f 1520//1520 1522//1522 1527//1527
f 1526//1526 1524//1524 1530//1530
f 1525//1525 1529//1529 1532//1532
f 1531//1531 1528//1528 1533//1533
f 1531//1531 1533//1533 1534//1534
f 1534//1534 1533//1533 1535//1535
f 1534//1534 1535//1535 1536//1536
f 1537//1537 1538//1538 1539//1539
f 1537//1537 1539//1539 1540//1540
f 1540//1540 1539//1539 1492//1492
f 1540//1540 1492//1492 1491//1491
f 1541//1541 1542//1542 1543//1543
f 1541//1541 1543//1543 1544//1544
f 1544//1544 1543//1543 1545//1545
f 1544//1544 1545//1545 1546//1546
f 1547//1547 1548//1548 1550//1550
f 1551//1551 1549//1549 1552//1552
f 1553//1553 1555//1555 1556//1556
f 1554//1554 1557//1557 1558//1558
f 1559//1559 1560//1560 1561//1561
f 1559//1559 1561//1561 1562//1562
f 1562//1562 1561//1561 1563//1563
f 1562//1562 1563//1563 1564//1564
f 1564//1564 1563//1563 1565//1565
f 1564//1564 1565//1565 1569//1569
f 1567//1567 1566//1566 1570//1570
f 1568//1568 1571//1571 1574//1574
f 1575//1575 1572//1572 1578//1578
f 1573//1573 1577//1577 1580//1580
f 1579//1579 1576//1576 1581//1581
f 1579//1579 1581//1581 1582//1582
f 1582//1582 1581//1581 1583//1583
f 1582//1582 1583//1583 1584//1584
f 1585//1585 1587//1587 1588//1588
f 1586//1586 1589//1589 1590//1590
f 1592//1592 1593//1593 1594//1594
f 1591//1591 1595//1595 1596//1596
f 1596//1596 1595//1595 1597//1597
f 1596//1596 1597//1597 1598//1598
f 1598//1598 1597//1597 1599//1599
f 1598//1598 1599//1599 1600//1600
f 1600//1600 1599//1599 1601//1601
f 1600//1600 1601//1601 1602//1602
f 1602//1602 1601//1601 1603//1603
f 1602//1602 1603//1603 1604//1604
f 1604//1604 1603//1603 1605//1605
f 1604//1604 1605//1605 1606//1606
f 1606//1606 1605//1605 1607//1607
f 1606//1606 1607//1607 1608//1608
f 1608//1608 1607//1607 1609//1609
f 1608//1608 1609//1609 1610//1610
f 1610//1610 1609//1609 1611//1611
f 1610//1610 1611//1611 1612//1612
f 1612//1612 1611//1611 1613//1613
f 1612//1612 1613//1613 1614//1614
f 1614//1614 1613//1613 1615//1615
f 1614//1614 1615//1615 1617//1617
f 1617//1617 1615//1615 1620//1620
f 1616//1616 1618//1618 1621//1621
f 1623//1623 1622//1622 1624//1624
f 1624//1624 1622//1622 1619//1619
f 1623//1623 1624//1624 1625//1625
f 1623//1623 1625//1625 1626//1626
f 1626//1626 1625//1625 1627//1627
f 1626//1626 1627//1627 1628//1628
f 1628//1628 1627//1627 1629//1629
f 1628//1628 1629//1629 1630//1630
f 1630//1630 1629//1629 1631//1631
f 1630//1630 1631//1631 1632//1632
f 1632//1632 1631//1631 1633//1633
f 1632//1632 1633//1633 1634//1634
f 1634//1634 1633//1633 1635//1635
f 1634//1634 1635//1635 1636//1636
f 1636//1636 1635//1635 1637//1637
f 1636//1636 1637//1637 1638//1638
f 1638//1638 1637//1637 1639//1639
f 1638//1638 1639//1639 1642//1642
f 1643//1643 1641//1641 1644//1644
f 1645//1645 1640//1640 1646//1646
f 1648//1648 1649//1649 1651//1651
f 1647//1647 1650//1650 1652//1652
f 1653//1653 1655//1655 1656//1656
f 1653//1653 1656//1656 1657//1657
f 1657//1657 1656//1656 1658//1658
f 1657//1657 1658//1658 1659//1659
f 1662//1662 1663//1663 1667//1667
f 1660//1660 1665//1665 1668//1668
f 1669//1669 1666//1666 1654//1654
f 1669//1669 1654//1654 1670//1670
f 1671//1671 1672//1672 1673//1673
f 1671//1671 1673//1673 1674//1674
f 1674//1674 1673//1673 1664//1664
f 1674//1674 1664//1664 1661//1661
f 1675//1675 1676//1676 1672//1672
f 1675//1675 1672//1672 1671//1671
f 1677//1677 1679//1679 1681//1681
f 1678//1678 1680//1680 1682//1682
f 1683//1683 1684//1684 1685//1685
f 1683//1683 1685//1685 1686//1686
f 1686//1686 1685//1685 1687//1687
f 1686//1686 1687//1687 1688//1688
f 1689//1689 1690//1690 1692//1692
f 1689//1689 1692//1692 1693//1693
f 1693//1693 1692//1692 1694//1694
f 1693//1693 1694//1694 1695//1695
f 1696//1696 1698//1698 1701//1701
f 1696//1696 1701//1701 1702//1702
f 1702//1702 1701//1701 1691//1691
f 1702//1702 1691//1691 1703//1703
f 1688//1688 1687//1687 1704//1704
f 1688//1688 1704//1704 1708//1708
f 1707//1707 1705//1705 1700//1700
f 1706//1706 1699//1699 1697//1697
f 1709//1709 1711//1711 1713//1713
f 1710//1710 1712//1712 1714//1714
f 1715//1715 1716//1716 1717//1717
f 1715//1715 1717//1717 1718//1718
f 1718//1718 1717//1717 1719//1719
f 1718//1718 1719//1719 1720//1720
f 1721//1721 1722//1722 1716//1716
f 1721//1721 1716//1716 1715//1715
f 1724//1724 1725//1725 1728//1728
f 1723//1723 1727//1727 1729//1729
f 1730//1730 1731//1731 1732//1732
f 1730//1730 1732//1732 1733//1733
f 1733//1733 1732//1732 1726//1726
f 1733//1733 1726//1726 1734//1734
f 1735//1735 1738//1738 1743//1743
f 1736//1736 1742//1742 1744//1744
f 1745//1745 1741//1741 1731//1731
f 1745//1745 1731//1731 1730//1730
f 1746//1746 1747//1747 1749//1749
f 1746//1746 1749//1749 1750//1750
f 1751//1751 1748//1748 1739//1739
f 1752//1752 1740//1740 1737//1737
f 1753//1753 1754//1754 1747//1747
f 1753//1753 1747//1747 1746//1746
f 1755//1755 1757//1757 1758//1758
f 1756//1756 1759//1759 1760//1760
f 1763//1763 1768//1768 1769//1769
f 1775//1775 1762//1762 1778//1778
f 1780//1780 1761//1761 1772//1772
f 1779//1779 1771//1771 1783//1783
f 1782//1782 1773//1773 1786//1786
f 1781//1781 1784//1784 1788//1788
f 1787//1787 1785//1785 1791//1791
f 1789//1789 1790//1790 1796//1796
f 1794//1794 1792//1792 1799//1799
f 1795//1795 1800//1800 1801//1801
f 1803//1803 1805//1805 1806//1806
f 1807//1807 1804//1804 1798//1798
f 1808//1808 1793//1793 1809//1809
f 1810//1810 1797//1797 1802//1802
f 1812//1812 1815//1815 1817//1817
f 1818//1818 1819//1819 1823//1823
f 1822//1822 1820//1820 1824//1824
f 1821//1821 1826//1826 1827//1827
f 1828//1828 1825//1825 1832//1832
f 1829//1829 1830//1830 1765//1765
f 1766//1766 1831//1831 1834//1834
f 1767//1767 1833//1833 1770//1770
f 1816//1816 1835//1835 1811//1811
f 1814//1814 1836//1836 1838//1838
f 1813//1813 1839//1839 1776//1776
f 1777//1777 1837//1837 1841//1841
f 1774//1774 1840//1840 1764//1764
f 1843//1843 1844//1844 1845//1845
f 1842//1842 1846//1846 1847//1847
f 1848//1848 1850//1850 1851//1851
f 1849//1849 1852//1852 1853//1853
f 1853//1853 1852//1852 1854//1854
f 1853//1853 1854//1854 1855//1855
f 1856//1856 1857//1857 1859//1859
f 1856//1856 1859//1859 1861//1861
f 1860//1860 1858//1858 1863//1863
f 1862//1862 1864//1864 1867//1867
f 1866//1866 1868//1868 1869//1869
f 1865//1865 1870//1870 1872//1872
f 1873//1873 1874//1874 1875//1875
f 1871//1871 1877//1877 1878//1878
f 1879//1879 1876//1876 1880//1880
f 1879//1879 1880//1880 1881//1881
f 1881//1881 1880//1880 1882//1882
f 1881//1881 1882//1882 1883//1883
f 1883//1883 1882//1882 1884//1884
f 1883//1883 1884//1884 1885//1885
f 1886//1886 1888//1888 1889//1889
f 1887//1887 1890//1890 1891//1891
f 1893//1893 1894//1894 1895//1895
f 1892//1892 1896//1896 1897//1897
f 1897//1897 1896//1896 1898//1898
f 1897//1897 1898//1898 1899//1899
f 1899//1899 1898//1898 1900//1900
f 1899//1899 1900//1900 1901//1901
f 1901//1901 1900//1900 1902//1902
f 1901//1901 1902//1902 1903//1903
f 1903//1903 1902//1902 1904//1904
f 1903//1903 1904//1904 1905//1905
f 1906//1906 1908//1908 1909//1909
f 1907//1907 1910//1910 1911//1911
f 1912//1912 1913//1913 1914//1914
f 1912//1912 1914//1914 1915//1915
f 1915//1915 1914//1914 1916//1916
f 1915//1915 1916//1916 1920//1920
f 1918//1918 1917//1917 1921//1921
f 1919//1919 1923//1923 1925//1925
f 1924//1924 1922//1922 1927//1927
f 1926//1926 1929//1929 1932//1932
f 1931//1931 1928//1928 1934//1934
f 1930//1930 1935//1935 1937//1937
f 1938//1938 1933//1933 1939//1939
f 1936//1936 1941//1941 1942//1942
f 1943//1943 1940//1940 1944//1944
f 1943//1943 1944//1944 1945//1945
f 1945//1945 1944//1944 1946//1946
f 1945//1945 1946//1946 1947//1947
f 1948//1948 1950//1950 1951//1951
f 1949//1949 1952//1952 1953//1953
f 1954//1954 1956//1956 1957//1957
f 1958//1958 1955//1955 1959//1959
f 1960//1960 1961//1961 1962//1962
f 1960//1960 1962//1962 1963//1963
f 1963//1963 1962//1962 1964//1964
f 1963//1963 1964//1964 1965//1965
f 1965//1965 1964//1964 1966//1966
f 1965//1965 1966//1966 1967//1967
f 1968//1968 1970//1970 1971//1971
f 1969//1969 1972//1972 1973//1973
f 1974//1974 1975//1975 1976//1976
f 1974//1974 1976//1976 1977//1977
f 1977//1977 1976//1976 1978//1978
f 1977//1977 1978//1978 1979//1979
f 1979//1979 1978//1978 1980//1980
f 1979//1979 1980//1980 1981//1981
f 1981//1981 1980//1980 1982//1982
f 1981//1981 1982//1982 1983//1983
f 1983//1983 1982//1982 1985//1985
f 1983//1983 1985//1985 1988//1988
f 1986//1986 1984//1984 1991//1991
f 1987//1987 1989//1989 1992//1992
f 1993//1993 1990//1990 1996//1996
f 1994//1994 1995//1995 1999//1999
f 2000//2000 1997//1997 2002//2002
f 1998//1998 2003//2003 2005//2005
f 2006//2006 2001//2001 2007//2007
f 2004//2004 2008//2008 2011//2011
f 2010//2010 2009//2009 2012//2012
f 2010//2010 2012//2012 2013//2013
f 2013//2013 2012//2012 2014//2014
f 2013//2013 2014//2014 2015//2015
f 2017//2017 2018//2018 2020//2020
f 2016//2016 2019//2019 2021//2021
f 2023//2023 2024//2024 2025//2025
f 2022//2022 2026//2026 2027//2027
f 2029//2029 2030//2030 2032//2032
f 2028//2028 2031//2031 2035//2035
f 2034//2034 2033//2033 2036//2036
f 2034//2034 2036//2036 2037//2037
f 2037//2037 2036//2036 2038//2038
f 2037//2037 2038//2038 2039//2039
f 2039//2039 2038//2038 2040//2040
f 2039//2039 2040//2040 2041//2041
f 2041//2041 2040//2040 2042//2042
f 2041//2041 2042//2042 2043//2043
f 2043//2043 2042//2042 2044//2044
f 2043//2043 2044//2044 2045//2045
f 2045//2045 2044//2044 2046//2046
f 2045//2045 2046//2046 2047//2047
f 2047//2047 2046//2046 2048//2048
f 2047//2047 2048//2048 2049//2049
f 2049//2049 2048//2048 2050//2050
f 2049//2049 2050//2050 2051//2051
f 2051//2051 2050//2050 2052//2052
f 2051//2051 2052//2052 2053//2053
f 2053//2053 2052//2052 2054//2054
f 2053//2053 2054//2054 2055//2055
f 2055//2055 2054//2054 2056//2056
f 2055//2055 2056//2056 2057//2057
f 2057//2057 2056//2056 2058//2058
f 2057//2057 2058//2058 2059//2059
f 2059//2059 2058//2058 2060//2060
f 2059//2059 2060//2060 2061//2061
f 2061//2061 2060//2060 2062//2062
f 2061//2061 2062//2062 2063//2063
f 2063//2063 2062//2062 2064//2064
f 2063//2063 2064//2064 2065//2065
f 2066//2066 2067//2067 2068//2068
f 2066//2066 2068//2068 2069//2069
f 2069//2069 2068//2068 2070//2070
f 2069//2069 2070//2070 2071//2071
f 2071//2071 2070//2070 2072//2072
f 2071//2071 2072//2072 2076//2076
f 2075//2075 2073//2073 2078//2078
f 2074//2074 2077//2077 2082//2082
f 2080//2080 2079//2079 2085//2085
f 2081//2081 2083//2083 2087//2087
f 2088//2088 2084//2084 2091//2091
f 2086//2086 2089//2089 2092//2092
f 2093//2093 2090//2090 2097//2097
f 2094//2094 2096//2096 2098//2098
f 2099//2099 2095//2095 2101//2101
f 2100//2100 2102//2102 2106//2106
f 2105//2105 2103//2103 2108//2108
f 2104//2104 2107//2107 2112//2112
f 2110//2110 2109//2109 2115//2115
f 2111//2111 2113//2113 2118//2118
f 2117//2117 2114//2114 2120//2120
f 2116//2116 2119//2119 2122//2122
f 2123//2123 2121//2121 2127//2127
f 2124//2124 2126//2126 2130//2130
f 2129//2129 2125//2125 2132//2132
f 2128//2128 2131//2131 2134//2134
f 2136//2136 2133//2133 2138//2138
f 2135//2135 2137//2137 2140//2140
f 2142//2142 2139//2139 2144//2144
f 2141//2141 2145//2145 2147//2147
f 2148//2148 2143//2143 2151//2151
f 2146//2146 2149//2149 2154//2154
f 2152//2152 2150//2150 2156//2156
f 2153//2153 2155//2155 2160//2160
f 2158//2158 2157//2157 2162//2162
f 2159//2159 2163//2163 2166//2166
f 2164//2164 2161//2161 2167//2167
f 2165//2165 2168//2168 2170//2170
f 2171//2171 2169//2169 2172//2172
f 2171//2171 2172//2172 2173//2173
f 2173//2173 2172//2172 2174//2174
f 2173//2173 2174//2174 2175//2175
f 2177//2177 2178//2178 2180//2180
f 2176//2176 2179//2179 2181//2181
f 2183//2183 2184//2184 2185//2185
f 2182//2182 2186//2186 2187//2187
f 2188//2188 2190//2190 2192//2192
f 2191//2191 2189//2189 2193//2193
f 2194//2194 2195//2195 2196//2196
f 2194//2194 2196//2196 2197//2197
f 2199//2199 2202//2202 2203//2203
f 2198//2198 2204//2204 2205//2205
f 2205//2205 2204//2204 2195//2195
f 2205//2205 2195//2195 2194//2194
f 2206//2206 2207//2207 2209//2209
f 2206//2206 2209//2209 2211//2211
f 2210//2210 2208//2208 2200//2200
f 2212//2212 2201//2201 2213//2213
f 2214//2214 2215//2215 2207//2207
f 2214//2214 2207//2207 2206//2206
f 2216//2216 2217//2217 2218//2218
f 2216//2216 2218//2218 2219//2219
f 2220//2220 2223//2223 2225//2225
f 2221//2221 2224//2224 2226//2226
f 2227//2227 2228//2228 2229//2229
f 2227//2227 2229//2229 2230//2230
f 2230//2230 2229//2229 2222//2222
f 2230//2230 2222//2222 2231//2231
f 2219//2219 2218//2218 2232//2232
f 2219//2219 2232//2232 2233//2233
f 2233//2233 2232//2232 2228//2228
f 2233//2233 2228//2228 2227//2227
f 2235//2235 2237//2237 2239//2239
f 2234//2234 2238//2238 2240//2240
f 2243//2243 2244//2244 2247//2247
f 2242//2242 2248//2248 2250//2250
f 2251//2251 2249//2249 2236//2236
f 2251//2251 2236//2236 2252//2252
f 2255//2255 2256//2256 2261//2261
f 2254//2254 2260//2260 2262//2262
f 2264//2264 2259//2259 2246//2246
f 2263//2263 2245//2245 2241//2241
f 2265//2265 2266//2266 2267//2267
f 2265//2265 2267//2267 2270//2270
f 2269//2269 2268//2268 2258//2258
f 2271//2271 2257//2257 2253//2253
f 2272//2272 2273//2273 2266//2266
f 2272//2272 2266//2266 2265//2265
f 2275//2275 2276//2276 2277//2277
f 2274//2274 2278//2278 2279//2279
f 2280//2280 2281//2281 2283//2283
f 2280//2280 2283//2283 2284//2284
f 2284//2284 2283//2283 2285//2285
f 2284//2284 2285//2285 2286//2286
f 2287//2287 2291//2291 2292//2292
f 2287//2287 2292//2292 2293//2293
f 2293//2293 2292//2292 2282//2282
f 2293//2293 2282//2282 2294//2294
f 2295//2295 2296//2296 2298//2298
f 2295//2295 2298//2298 2300//2300
f 2301//2301 2297//2297 2290//2290
f 2299//2299 2289//2289 2288//2288
f 2302//2302 2303//2303 2304//2304
f 2302//2302 2304//2304 2305//2305
f 2305//2305 2304//2304 2296//2296
f 2305//2305 2296//2296 2295//2295
f 2306//2306 2307//2307 2303//2303
f 2306//2306 2303//2303 2302//2302
f 2308//2308 2310//2310 2311//2311
f 2309//2309 2312//2312 2313//2313
f 2314//2314 2316//2316 2317//2317
f 2319//2319 2327//2327 2329//2329
f 2334//2334 2335//2335 2339//2339
f 2338//2338 2321//2321 2344//2344
f 2345//2345 2318//2318 2328//2328
f 2346//2346 2332//2332 2347//2347
f 2348//2348 2330//2330 2349//2349
f 2326//2326 2320//2320 2356//2356
f 2354//2354 2325//2325 2359//2359
f 2355//2355 2358//2358 2361//2361
f 2341//2341 2337//2337 2324//2324
f 2322//2322 2336//2336 2363//2363
f 2323//2323 2362//2362 2315//2315
f 2367//2367 2368//2368 2370//2370
f 2350//2350 2331//2331 2372//2372
f 2351//2351 2371//2371 2375//2375
f 2376//2376 2373//2373 2366//2366
f 2374//2374 2365//2365 2378//2378
f 2377//2377 2364//2364 2369//2369
f 2379//2379 2381//2381 2384//2384
f 2382//2382 2380//2380 2357//2357
f 2383//2383 2352//2352 2386//2386
f 2385//2385 2353//2353 2360//2360
f 2388//2388 2391//2391 2392//2392
f 2393//2393 2394//2394 2390//2390
f 2387//2387 2395//2395 2397//2397
f 2389//2389 2398//2398 2340//2340
f 2343//2343 2396//2396 2400//2400
f 2342//2342 2399//2399 2333//2333
f 2402//2402 2403//2403 2404//2404
f 2401//2401 2405//2405 2406//2406
f 2407//2407 2408//2408 2409//2409
f 2407//2407 2409//2409 2410//2410
f 2410//2410 2409//2409 2411//2411
f 2410//2410 2411//2411 2412//2412
f 2412//2412 2411//2411 2414//2414
f 2412//2412 2414//2414 2416//2416
f 2417//2417 2413//2413 2419//2419
f 2415//2415 2420//2420 2423//2423
f 2422//2422 2418//2418 2425//2425
f 2421//2421 2426//2426 2428//2428
f 2427//2427 2424//2424 2429//2429
f 2427//2427 2429//2429 2430//2430
f 2430//2430 2429//2429 2431//2431
f 2430//2430 2431//2431 2432//2432
f 2433//2433 2435//2435 2436//2436
f 2434//2434 2437//2437 2438//2438
f 2439//2439 2440//2440 2441//2441
f 2439//2439 2441//2441 2443//2443
f 2443//2443 2441//2441 2444//2444
f 2442//2442 2445//2445 2446//2446
f 2446//2446 2445//2445 2447//2447
f 2446//2446 2447//2447 2448//2448
f 2448//2448 2447//2447 2450//2450
f 2448//2448 2450//2450 2451//2451
f 2453//2453 2449//2449 2456//2456
f 2452//2452 2455//2455 2458//2458
f 2457//2457 2454//2454 2459//2459
f 2457//2457 2459//2459 2460//2460
f 2460//2460 2459//2459 2461//2461
f 2460//2460 2461//2461 2462//2462
f 2462//2462 2461//2461 2463//2463
f 2462//2462 2463//2463 2464//2464
f 2465//2465 2467//2467 2468//2468
f 2466//2466 2469//2469 2470//2470
f 2472//2472 2473//2473 2474//2474
f 2471//2471 2475//2475 2476//2476
f 2476//2476 2475//2475 2477//2477
f 2476//2476 2477//2477 2478//2478
f 2478//2478 2477//2477 2479//2479
f 2478//2478 2479//2479 2482//2482
f 2481//2481 2480//2480 2484//2484
f 2483//2483 2485//2485 2488//2488
f 2487//2487 2486//2486 2491//2491
f 2489//2489 2492//2492 2494//2494
f 2493//2493 2490//2490 2495//2495
f 2493//2493 2495//2495 2496//2496
f 2496//2496 2495//2495 2497//2497
f 2496//2496 2497//2497 2498//2498
f 2500//2500 2501//2501 2502//2502
f 2499//2499 2503//2503 2504//2504
f 2505//2505 2507//2507 2508//2508
f 2506//2506 2509//2509 2510//2510
f 2510//2510 2509//2509 2511//2511
f 2510//2510 2511//2511 2512//2512
f 2512//2512 2511//2511 2513//2513
f 2512//2512 2513//2513 2515//2515
f 2516//2516 2514//2514 2518//2518
f 2517//2517 2519//2519 2520//2520
f 2520//2520 2519//2519 2521//2521
f 2520//2520 2521//2521 2522//2522
f 2524//2524 2525//2525 2527//2527
f 2523//2523 2526//2526 2528//2528
f 2530//2530 2531//2531 2532//2532
f 2529//2529 2533//2533 2534//2534
f 2534//2534 2533//2533 2535//2535
f 2534//2534 2535//2535 2536//2536
f 2536//2536 2535//2535 2537//2537
f 2536//2536 2537//2537 2540//2540
f 2539//2539 2538//2538 2544//2544
f 2541//2541 2543//2543 2546//2546
f 2545//2545 2542//2542 2549//2549
f 2547//2547 2548//2548 2552//2552
f 2553//2553 2550//2550 2554//2554
f 2551//2551 2556//2556 2557//2557
f 2558//2558 2555//2555 2559//2559
f 2558//2558 2559//2559 2560//2560
f 2560//2560 2559//2559 2561//2561
f 2560//2560 2561//2561 2562//2562
f 2562//2562 2561//2561 2563//2563
f 2562//2562 2563//2563 2564//2564
f 2565//2565 2567//2567 2569//2569
f 2566//2566 2568//2568 2570//2570
f 2571//2571 2573//2573 2574//2574
f 2572//2572 2575//2575 2576//2576
f 2576//2576 2575//2575 2577//2577
f 2576//2576 2577//2577 2578//2578
f 2578//2578 2577//2577 2580//2580
f 2579//2579 2581//2581 2582//2582
f 2582//2582 2581//2581 2583//2583
f 2582//2582 2583//2583 2584//2584
f 2584//2584 2583//2583 2585//2585
f 2584//2584 2585//2585 2586//2586
f 2586//2586 2585//2585 2587//2587
f 2586//2586 2587//2587 2588//2588
f 2589//2589 2591//2591 2593//2593
f 2590//2590 2592//2592 2594//2594
f 2596//2596 2597//2597 2598//2598
f 2595//2595 2599//2599 2600//2600
f 2600//2600 2599//2599 2601//2601
f 2600//2600 2601//2601 2602//2602
f 2602//2602 2601//2601 2603//2603
f 2602//2602 2603//2603 2605//2605
f 2607//2607 2604//2604 2609//2609
f 2606//2606 2610//2610 2612//2612
f 2613//2613 2608//2608 2616//2616
f 2611//2611 2614//2614 2617//2617
f 2618//2618 2615//2615 2619//2619
f 2618//2618 2619//2619 2620//2620
f 2620//2620 2619//2619 2621//2621
f 2620//2620 2621//2621 2622//2622
f 2623//2623 2625//2625 2627//2627
f 2624//2624 2626//2626 2628//2628
f 2630//2630 2631//2631 2632//2632
f 2629//2629 2633//2633 2634//2634
f 2634//2634 2633//2633 2635//2635
f 2634//2634 2635//2635 2636//2636
f 2636//2636 2635//2635 2637//2637
f 2636//2636 2637//2637 2641//2641
f 2640//2640 2638//2638 2642//2642
f 2639//2639 2643//2643 2645//2645
f 2646//2646 2644//2644 2647//2647
f 2646//2646 2647//2647 2648//2648
f 2648//2648 2647//2647 2649//2649
f 2648//2648 2649//2649 2650//2650
f 2652//2652 2653//2653 2654//2654
f 2651//2651 2655//2655 2656//2656
f 2657//2657 2658//2658 2659//2659
f 2657//2657 2659//2659 2660//2660
f 2660//2660 2659//2659 2661//2661
f 2660//2660 2661//2661 2662//2662
f 2662//2662 2661//2661 2664//2664
f 2662//2662 2664//2664 2666//2666
f 2667//2667 2663//2663 2669//2669
f 2665//2665 2668//2668 2672//2672
f 2671//2671 2670//2670 2673//2673
f 2671//2671 2673//2673 2674//2674
f 2674//2674 2673//2673 2675//2675
f 2674//2674 2675//2675 2676//2676
f 2677//2677 2679//2679 2681//2681
f 2678//2678 2680//2680 2682//2682
f 2684//2684 2685//2685 2687//2687
f 2683//2683 2686//2686 2688//2688
f 2689//2689 2690//2690 2691//2691
f 2689//2689 2691//2691 2692//2692
f 2692//2692 2691//2691 2693//2693
f 2692//2692 2693//2693 2694//2694
f 2694//2694 2693//2693 2695//2695
f 2694//2694 2695//2695 2696//2696
f 2696//2696 2695//2695 2697//2697
f 2696//2696 2697//2697 2698//2698
f 2698//2698 2697//2697 2699//2699
f 2698//2698 2699//2699 2700//2700
f 2701//2701 2702//2702 2703//2703
f 2701//2701 2703//2703 2704//2704
f 2704//2704 2703//2703 2705//2705
f 2704//2704 2705//2705 2706//2706
f 2706//2706 2705//2705 2707//2707
f 2706//2706 2707//2707 2708//2708
f 2708//2708 2707//2707 2709//2709
f 2708//2708 2709//2709 2711//2711
f 2712//2712 2710//2710 2714//2714
f 2713//2713 2715//2715 2719//2719
f 2717//2717 2716//2716 2722//2722
f 2718//2718 2720//2720 2724//2724
f 2725//2725 2721//2721 2728//2728
f 2723//2723 2726//2726 2730//2730
f 2731//2731 2727//2727 2732//2732
f 2729//2729 2733//2733 2737//2737
f 2735//2735 2734//2734 2739//2739
f 2736//2736 2740//2740 2741//2741
f 2743//2743 2738//2738 2746//2746
f 2742//2742 2745//2745 2748//2748
f 2749//2749 2744//2744 2752//2752
f 2747//2747 2750//2750 2755//2755
f 2754//2754 2751//2751 2756//2756
f 2753//2753 2757//2757 2759//2759
f 2760//2760 2758//2758 2762//2762
f 2761//2761 2763//2763 2765//2765
f 2767//2767 2764//2764 2770//2770
f 2766//2766 2768//2768 2772//2772
f 2773//2773 2769//2769 2776//2776
f 2771//2771 2774//2774 2778//2778
f 2779//2779 2775//2775 2780//2780
f 2777//2777 2781//2781 2785//2785
f 2783//2783 2782//2782 2788//2788
f 2784//2784 2787//2787 2790//2790
f 2791//2791 2786//2786 2793//2793
f 2789//2789 2792//2792 2797//2797
f 2795//2795 2794//2794 2798//2798
f 2796//2796 2799//2799 2800//2800
f 2800//2800 2799//2799 2801//2801
f 2800//2800 2801//2801 2802//2802
f 2802//2802 2801//2801 2803//2803
f 2802//2802 2803//2803 2804//2804
f 2806//2806 2807//2807 2809//2809
f 2805//2805 2808//2808 2810//2810
f 2811//2811 2813//2813 2814//2814
f 2812//2812 2815//2815 2816//2816
f 2817//2817 2819//2819 2821//2821
f 2820//2820 2818//2818 2822//2822
f 2824//2824 2825//2825 2826//2826
f 2823//2823 2827//2827 2828//2828
f 2829//2829 2830//2830 2831//2831
f 2829//2829 2831//2831 2832//2832
f 2832//2832 2831//2831 2833//2833
f 2832//2832 2833//2833 2836//2836
f 2837//2837 2834//2834 2838//2838
f 2835//2835 2840//2840 2842//2842
f 2841//2841 2839//2839 2844//2844
f 2843//2843 2845//2845 2849//2849
f 2847//2847 2846//2846 2852//2852
f 2848//2848 2851//2851 2855//2855
f 2854//2854 2850//2850 2857//2857
f 2853//2853 2856//2856 2861//2861
f 2859//2859 2858//2858 2864//2864
f 2860//2860 2863//2863 2867//2867
f 2866//2866 2862//2862 2870//2870
f 2865//2865 2868//2868 2872//2872
f 2871//2871 2869//2869 2873//2873
f 2871//2871 2873//2873 2874//2874
f 2874//2874 2873//2873 2875//2875
f 2874//2874 2875//2875 2876//2876
f 2877//2877 2879//2879 2880//2880
f 2878//2878 2881//2881 2882//2882
f 2884//2884 2885//2885 2886//2886
f 2883//2883 2887//2887 2888//2888
f 2888//2888 2887//2887 2889//2889
f 2888//2888 2889//2889 2890//2890
f 2890//2890 2889//2889 2891//2891
f 2890//2890 2891//2891 2892//2892
f 2892//2892 2891//2891 2893//2893
f 2892//2892 2893//2893 2894//2894
f 2894//2894 2893//2893 2895//2895
f 2894//2894 2895//2895 2896//2896
f 2896//2896 2895//2895 2897//2897
f 2896//2896 2897//2897 2898//2898
f 2898//2898 2897//2897 2899//2899
f 2898//2898 2899//2899 2900//2900
f 2900//2900 2899//2899 2901//2901
f 2900//2900 2901//2901 2902//2902
f 2902//2902 2901//2901 2903//2903
f 2902//2902 2903//2903 2904//2904
f 2904//2904 2903//2903 2905//2905
f 2904//2904 2905//2905 2906//2906
f 2906//2906 2905//2905 2907//2907
f 2906//2906 2907//2907 2908//2908
f 2908//2908 2907//2907 2909//2909
f 2908//2908 2909//2909 2910//2910
f 2910//2910 2909//2909 2911//2911
f 2910//2910 2911//2911 2912//2912
f 2912//2912 2911//2911 2913//2913
f 2912//2912 2913//2913 2915//2915
f 2915//2915 2913//2913 2916//2916
f 2914//2914 2917//2917 2918//2918
f 2918//2918 2917//2917 2919//2919
f 2918//2918 2919//2919 2920//2920
f 2920//2920 2919//2919 2921//2921
f 2920//2920 2921//2921 2922//2922
f 2922//2922 2921//2921 2923//2923
f 2922//2922 2923//2923 2924//2924
f 2924//2924 2923//2923 2925//2925
f 2924//2924 2925//2925 2926//2926
f 2926//2926 2925//2925 2927//2927
f 2926//2926 2927//2927 2928//2928
f 2929//2929 2931//2931 2933//2933
f 2930//2930 2932//2932 2934//2934
f 2935//2935 2936//2936 2937//2937
f 2935//2935 2937//2937 2938//2938
f 2938//2938 2937//2937 2939//2939
f 2938//2938 2939//2939 2940//2940
f 2940//2940 2939//2939 2941//2941
f 2940//2940 2941//2941 2944//2944
f 2945//2945 2942//2942 2947//2947
f 2943//2943 2946//2946 2949//2949
f 2951//2951 2948//2948 2952//2952
f 2950//2950 2953//2953 2956//2956
f 2955//2955 2954//2954 2959//2959
f 2957//2957 2958//2958 2961//2961
f 2963//2963 2960//2960 2965//2965
f 2962//2962 2966//2966 2969//2969
f 2968//2968 2964//2964 2971//2971
f 2967//2967 2970//2970 2973//2973
f 2975//2975 2972//2972 2977//2977
f 2974//2974 2978//2978 2981//2981
f 2980//2980 2976//2976 2983//2983
f 2979//2979 2982//2982 2987//2987
f 2986//2986 2984//2984 2989//2989
f 2985//2985 2990//2990 2992//2992
f 2993//2993 2988//2988 2995//2995
f 2991//2991 2994//2994 2998//2998
f 2997//2997 2996//2996 3001//3001
f 2999//2999 3000//3000 3004//3004
f 3005//3005 3002//3002 3006//3006
f 3003//3003 3007//3007 3009//3009
f 3011//3011 3008//3008 3013//3013
f 3010//3010 3012//3012 3016//3016
f 3017//3017 3014//3014 3019//3019
f 3015//3015 3018//3018 3023//3023
f 3021//3021 3020//3020 3025//3025
f 3022//3022 3024//3024 3028//3028
f 3029//3029 3026//3026 3031//3031
f 3027//3027 3030//3030 3035//3035
f 3033//3033 3032//3032 3036//3036
f 3034//3034 3037//3037 3039//3039
f 3040//3040 3038//3038 3041//3041
f 3040//3040 3041//3041 3042//3042
f 3042//3042 3041//3041 3043//3043
f 3042//3042 3043//3043 3044//3044
f 3046//3046 3047//3047 3049//3049
f 3045//3045 3048//3048 3050//3050
f 3051//3051 3053//3053 3055//3055
f 3052//3052 3054//3054 3056//3056
f 3057//3057 3059//3059 3061//3061
f 3060//3060 3058//3058 3062//3062
f 3063//3063 3065//3065 3066//3066
f 3063//3063 3066//3066 3067//3067
f 3067//3067 3066//3066 3068//3068
f 3067//3067 3068//3068 3069//3069
f 3071//3071 3073//3073 3076//3076
f 3070//3070 3074//3074 3077//3077
f 3078//3078 3075//3075 3064//3064
f 3078//3078 3064//3064 3079//3079
f 3080//3080 3081//3081 3082//3082
f 3080//3080 3082//3082 3083//3083
f 3083//3083 3082//3082 3072//3072
f 3083//3083 3072//3072 3084//3084
f 3085//3085 3086//3086 3081//3081
f 3085//3085 3081//3081 3080//3080
f 3087//3087 3089//3089 3090//3090
f 3088//3088 3091//3091 3092//3092
f 3093//3093 3094//3094 3095//3095
f 3093//3093 3095//3095 3096//3096
f 3096//3096 3095//3095 3097//3097
f 3096//3096 3097//3097 3098//3098
f 3099//3099 3100//3100 3101//3101
f 3099//3099 3101//3101 3103//3103
f 3104//3104 3102//3102 3106//3106
f 3105//3105 3107//3107 3108//3108
f 3109//3109 3114//3114 3116//3116
f 3110//3110 3117//3117 3118//3118
f 3119//3119 3115//3115 3100//3100
f 3119//3119 3100//3100 3099//3099
f 3098//3098 3097//3097 3120//3120
f 3098//3098 3120//3120 3123//3123
f 3124//3124 3121//3121 3113//3113
f 3122//3122 3112//3112 3111//3111
f 3126//3126 3128//3128 3130//3130
f 3125//3125 3129//3129 3131//3131
f 3132//3132 3134//3134 3135//3135
f 3132//3132 3135//3135 3136//3136
f 3136//3136 3135//3135 3127//3127
f 3136//3136 3127//3127 3137//3137
f 3138//3138 3139//3139 3140//3140
f 3138//3138 3140//3140 3141//3141
f 3141//3141 3140//3140 3133//3133
f 3141//3141 3133//3133 3142//3142
f 3143//3143 3144//3144 3146//3146
f 3143//3143 3146//3146 3147//3147
f 3147//3147 3146//3146 3148//3148
f 3147//3147 3148//3148 3149//3149
f 3149//3149 3148//3148 3139//3139
f 3149//3149 3139//3139 3138//3138
f 3150//3150 3151//3151 3152//3152
f 3150//3150 3152//3152 3153//3153
f 3153//3153 3152//3152 3145//3145
f 3153//3153 3145//3145 3154//3154
f 3155//3155 3157//3157 3158//3158
f 3156//3156 3159//3159 3160//3160
f 3161//3161 3168//3168 3171//3171
f 3178//3178 3166//3166 3179//3179
f 3181//3181 3165//3165 3186//3186
f 3180//3180 3182//3182 3190//3190
f 3177//3177 3191//3191 3193//3193
f 3194//3194 3198//3198 3200//3200
f 3192//3192 3201//3201 3174//3174
f 3175//3175 3202//3202 3203//3203
f 3176//3176 3205//3205 3163//3163
f 3162//3162 3204//3204 3207//3207
f 3164//3164 3206//3206 3169//3169
f 3208//3208 3185//3185 3210//3210
f 3211//3211 3183//3183 3197//3197
f 3212//3212 3196//3196 3213//3213
f 3214//3214 3195//3195 3199//3199
f 3209//3209 3216//3216 3184//3184
f 3187//3187 3215//3215 3218//3218
f 3188//3188 3217//3217 3189//3189
f 3219//3219 3220//3220 3222//3222
f 3224//3224 3221//3221 3226//3226
f 3223//3223 3227//3227 3229//3229
f 3228//3228 3225//3225 3231//3231
f 3230//3230 3232//3232 3172//3172
f 3173//3173 3233//3233 3234//3234
f 3170//3170 3235//3235 3167//3167
f 3236//3236 3237//3237 3238//3238
f 3236//3236 3238//3238 3239//3239
f 3240//3240 3241//3241 3242//3242
f 3240//3240 3242//3242 3244//3244
f 3244//3244 3242//3242 3245//3245
f 3243//3243 3246//3246 3247//3247
f 3247//3247 3246//3246 3248//3248
f 3247//3247 3248//3248 3249//3249
f 3249//3249 3248//3248 3250//3250
f 3249//3249 3250//3250 3253//3253
f 3252//3252 3251//3251 3255//3255
f 3254//3254 3257//3257 3260//3260
f 3259//3259 3256//3256 3261//3261
f 3258//3258 3262//3262 3264//3264
f 3266//3266 3263//3263 3268//3268
f 3265//3265 3267//3267 3270//3270
f 3271//3271 3269//3269 3274//3274
f 3272//3272 3273//3273 3276//3276
f 3278//3278 3275//3275 3281//3281
f 3277//3277 3279//3279 3283//3283
f 3284//3284 3280//3280 3286//3286
f 3282//3282 3285//3285 3289//3289
f 3290//3290 3287//3287 3291//3291
f 3288//3288 3293//3293 3295//3295
f 3296//3296 3292//3292 3297//3297
f 3294//3294 3298//3298 3300//3300
f 3302//3302 3299//3299 3305//3305
f 3301//3301 3304//3304 3306//3306
f 3308//3308 3303//3303 3309//3309
f 3307//3307 3310//3310 3313//3313
f 3312//3312 3311//3311 3316//3316
f 3314//3314 3315//3315 3317//3317
f 3317//3317 3315//3315 3318//3318
f 3317//3317 3318//3318 3319//3319
f 3319//3319 3318//3318 3320//3320
f 3319//3319 3320//3320 3321//3321
f 3321//3321 3320//3320 3322//3322
f 3321//3321 3322//3322 3323//3323
f 3323//3323 3322//3322 3237//3237
f 3323//3323 3237//3237 3236//3236
f 3324//3324 3326//3326 3328//3328
f 3325//3325 3327//3327 3329//3329
f 3331//3331 3332//3332 3334//3334
f 3330//3330 3333//3333 3335//3335
f 3336//3336 3337//3337 3338//3338
f 3336//3336 3338//3338 3339//3339
f 3339//3339 3338//3338 3340//3340
f 3339//3339 3340//3340 3341//3341
f 3341//3341 3340//3340 3343//3343
f 3341//3341 3343//3343 3345//3345
f 3346//3346 3342//3342 3347//3347
f 3344//3344 3348//3348 3349//3349
f 3351//3351 3352//3352 3354//3354
f 3350//3350 3353//3353 3355//3355
f 3356//3356 3357//3357 3358//3358
f 3356//3356 3358//3358 3359//3359
f 3359//3359 3358//3358 3360//3360
f 3359//3359 3360//3360 3361//3361
f 3361//3361 3360//3360 3363//3363
f 3361//3361 3363//3363 3366//3366
f 3365//3365 3362//3362 3369//3369
f 3364//3364 3368//3368 3371//3371
f 3372//3372 3367//3367 3375//3375
f 3370//3370 3374//3374 3377//3377
f 3378//3378 3373//3373 3381//3381
f 3376//3376 3380//3380 3382//3382
f 3383//3383 3379//3379 3385//3385
f 3384//3384 3387//3387 3389//3389
f 3388//3388 3386//3386 3393//3393
f 3390//3390 3392//3392 3395//3395
f 3394//3394 3391//3391 3398//3398
f 3396//3396 3399//3399 3401//3401
f 3400//3400 3397//3397 3405//3405
f 3402//3402 3403//3403 3408//3408
f 3407//3407 3404//3404 3410//3410
f 3406//3406 3409//3409 3412//3412
f 3414//3414 3411//3411 3417//3417
f 3413//3413 3416//3416 3420//3420
f 3419//3419 3415//3415 3423//3423
f 3418//3418 3421//3421 3426//3426
f 3425//3425 3422//3422 3427//3427
f 3424//3424 3429//3429 3430//3430
f 3431//3431 3428//3428 3433//3433
f 3432//3432 3435//3435 3436//3436
f 3437//3437 3434//3434 3438//3438
f 3437//3437 3438//3438 3439//3439
f 3439//3439 3438//3438 3440//3440
f 3439//3439 3440//3440 3441//3441
f 3443//3443 3444//3444 3445//3445
f 3442//3442 3446//3446 3447//3447
f 3449//3449 3450//3450 3451//3451
f 3448//3448 3452//3452 3453//3453
f 3454//3454 3456//3456 3457//3457
f 3455//3455 3458//3458 3459//3459
f 3459//3459 3458//3458 3460//3460
f 3459//3459 3460//3460 3464//3464
f 3462//3462 3461//3461 3467//3467
f 3463//3463 3465//3465 3470//3470
f 3468//3468 3466//3466 3472//3472
f 3469//3469 3471//3471 3474//3474
f 3475//3475 3473//3473 3476//3476
f 3475//3475 3476//3476 3477//3477
f 3477//3477 3476//3476 3478//3478
f 3477//3477 3478//3478 3479//3479
f 3480//3480 3482//3482 3483//3483
f 3481//3481 3484//3484 3485//3485
f 3486//3486 3487//3487 3488//3488
f 3486//3486 3488//3488 3489//3489
f 3489//3489 3488//3488 3490//3490
f 3489//3489 3490//3490 3491//3491
f 3491//3491 3490//3490 3492//3492
f 3491//3491 3492//3492 3493//3493
f 3493//3493 3492//3492 3494//3494
f 3493//3493 3494//3494 3495//3495
f 3495//3495 3494//3494 3496//3496
f 3495//3495 3496//3496 3497//3497
f 3498//3498 3499//3499 3500//3500
f 3498//3498 3500//3500 3501//3501
f 3501//3501 3500//3500 3502//3502
f 3501//3501 3502//3502 3503//3503
f 3503//3503 3502//3502 3504//3504
f 3503//3503 3504//3504 3505//3505
f 3486//3486 3505//3505 3487//3487
f 3487//3487 3505//3505 3504//3504
f 3506//3506 3508//3508 3510//3510
f 3507//3507 3509//3509 3511//3511
f 3512//3512 3514//3514 3516//3516
f 3513//3513 3515//3515 3517//3517
f 3519//3519 3520//3520 3521//3521
f 3518//3518 3522//3522 3523//3523
f 3524//3524 3525//3525 3526//3526
f 3524//3524 3526//3526 3527//3527
f 3527//3527 3526//3526 3528//3528
f 3527//3527 3528//3528 3529//3529
f 3529//3529 3528//3528 3530//3530
f 3529//3529 3530//3530 3531//3531
f 3533//3533 3534//3534 3535//3535
f 3532//3532 3536//3536 3537//3537
f 3538//3538 3539//3539 3540//3540
f 3538//3538 3540//3540 3541//3541
f 3541//3541 3540//3540 3542//3542
f 3541//3541 3542//3542 3543//3543
f 3543//3543 3542//3542 3544//3544
f 3543//3543 3544//3544 3545//3545

