# https://github.com/mikedh/trimesh
v -0.01673400 -0.00663200 -0.02900000
v -0.01673400 -0.00663200 -0.02472100
v -0.01663600 -0.00687200 -0.02481000
v 0.00356600 -0.01764300 -0.03122400
v 0.00442500 -0.01744700 -0.03107400
v 0.00442400 -0.01744800 -0.03200000
v 0.01019200 -0.01483700 -0.02917000
v 0.01098300 -0.01426100 -0.02877600
v 0.01098200 -0.01426200 -0.03200000
v 0.00776800 0.01623700 -0.03016800
v 0.00776800 0.01623700 -0.03200000
v 0.00855300 0.01583800 -0.02987800
v 0.01089600 0.01432800 -0.03200000
v 0.00978400 0.01510900 -0.02935900
v 0.01089600 0.01432700 -0.02882100
v 0.01277500 0.01268000 -0.02775100
v 0.01206200 0.01336100 -0.02818200
v 0.01357100 0.01182400 -0.03200000
v 0.01095400 0.01428300 -0.02879100
v 0.01540300 0.00931400 -0.02587100
v 0.01462400 0.01049400 -0.02647900
v 0.01568500 0.00883100 -0.03200000
v 0.01374900 0.01161800 -0.02711000
v 0.01357100 0.01182400 -0.02723100
v 0.01679600 0.00647300 -0.02466300
v 0.01627500 0.00769000 -0.02513400
v 0.01714800 0.00547200 -0.03200000
v 0.01608500 0.00807900 -0.02530000
v 0.01568400 0.00883300 -0.02564000
v 0.01790100 0.00188600 -0.03200000
v 0.01790100 0.00188600 -0.02400000
v 0.01769200 0.00331400 -0.02400000
v 0.01748800 0.00426400 -0.02400000
v 0.01722200 0.00523300 -0.02425900
v 0.01714800 0.00547300 -0.02433200
v 0.01748800 -0.00426400 -0.02400000
v 0.01769200 -0.00331400 -0.02400000
v 0.01791200 -0.00177800 -0.03200000
v 0.01668400 -0.00675700 -0.02476700
v 0.01715900 -0.00543700 -0.02432100
v 0.01718100 -0.00536900 -0.03200000
v 0.01718100 -0.00536900 -0.02430000
v 0.01724000 -0.00517400 -0.02424200
v 0.01462500 -0.01049300 -0.02647800
v 0.01541800 -0.00928800 -0.02585900
v 0.01573800 -0.00873700 -0.03200000
v 0.01573700 -0.00873800 -0.02559600
v 0.01610400 -0.00804100 -0.02528300
v 0.01364200 -0.01174300 -0.03200000
v 0.01133300 -0.01398400 -0.02859100
v 0.01240400 -0.01304400 -0.02797900
v 0.01340100 -0.01201700 -0.02734600
v 0.01364200 -0.01174300 -0.02718300
v 0.01432300 -0.01090100 -0.02670200
v 0.00629300 -0.01686400 -0.03063200
v 0.00786600 -0.01619000 -0.03200000
v 0.00501700 -0.01728700 -0.03095100
v 0.00484900 -0.01733500 -0.03098800
v 0.00753200 -0.01634800 -0.03024900
v 0.00786700 -0.01619000 -0.03013300
v 0.00900200 -0.01558700 -0.03200000
v 0.00873300 -0.01574000 -0.02980700
v 0.00989300 -0.01503800 -0.02930900
v 0.00079900 -0.01798200 -0.03200000
v 0.00079900 -0.01798200 -0.03148600
v 0.00097200 -0.01797400 -0.03147900
v 0.00227300 -0.01785600 -0.03138800
v -0.00286000 -0.01777100 -0.03132300
v -0.00217900 -0.01786800 -0.03139700
v -0.00285900 -0.01777100 -0.03200000
v -0.00085100 -0.01798000 -0.03148400
v -0.00033500 -0.01799700 -0.03149700
v -0.00640000 -0.01682400 -0.03060200
v -0.00584800 -0.01702400 -0.03075200
v -0.00639800 -0.01682400 -0.03200000
v -0.00477900 -0.01735400 -0.03100300
v -0.00348800 -0.01765900 -0.03123600
v -0.00960000 -0.01522600 -0.02944100
v -0.00839100 -0.01592400 -0.02994000
v -0.00967300 -0.01518000 -0.03200000
v -0.00714000 -0.01652300 -0.03037900
v -0.01255500 -0.01289900 -0.02788700
v -0.01147100 -0.01387100 -0.02851500
v -0.01254700 -0.01290700 -0.03200000
v -0.01031100 -0.01475400 -0.02911200
v -0.00967300 -0.01518000 -0.02940900
v -0.01490000 -0.01009800 -0.03200000
v -0.01489800 -0.01010200 -0.02724600
v -0.01453000 -0.01062500 -0.02708200
v -0.01425100 -0.01099600 -0.02675500
v -0.01355800 -0.01183900 -0.02724000
v -0.01581900 -0.00858700 -0.02552700
v -0.01569900 -0.00880700 -0.02562800
v -0.01573000 -0.00875000 -0.02600000
v -0.01570600 -0.00879300 -0.02632600
v -0.01663700 -0.00687200 -0.03200000
v -0.01563600 -0.00891700 -0.02662500
v -0.01551800 -0.00912200 -0.02688900
v -0.01536600 -0.00937500 -0.02708200
v -0.01496700 -0.01000000 -0.02725000
v -0.01759700 -0.00378900 -0.03200000
v -0.01746600 -0.00435000 -0.03194100
v -0.01663700 -0.00687200 -0.03200000
v -0.01663700 -0.00687200 -0.03200000
v -0.01746600 -0.00435000 -0.03194100
v -0.01736100 -0.00475400 -0.03182200
v -0.01721300 -0.00526500 -0.03156400
v -0.01710700 -0.00560000 -0.03131300
v -0.01697300 -0.00599300 -0.03089400
v -0.01688300 -0.00624300 -0.03051400
v -0.01679600 -0.00647200 -0.02999100
v -0.01675300 -0.00658400 -0.02954500
v -0.01642300 -0.00736900 -0.02500300
v 0.01791200 -0.00177800 -0.02400000
v 0.01796600 -0.00111000 -0.02400000
v 0.01796600 0.00111000 -0.02400000
v -0.01871800 0.00700000 -0.02149200
v -0.01791300 0.00700000 -0.02216700
v -0.01871800 0.01951600 -0.02149200
v -0.01741500 0.00839700 -0.02256000
v -0.01677500 0.00986100 -0.02304000
v -0.01629600 0.01079700 -0.02338100
v -0.01738300 0.02079700 -0.02258500
v -0.01544800 0.01222500 -0.02395000
v -0.01450200 0.01356800 -0.02453400
v -0.01527500 0.02250000 -0.02406000
v -0.01596500 0.02198100 -0.02360900
v -0.01264100 0.01567700 -0.02554300
v -0.01149900 0.01671700 -0.02607700
v -0.01179300 0.02250000 -0.02594500
v -0.01346300 0.01481800 -0.02511900
v -0.01311900 0.02250000 -0.02530100
v -0.01029900 0.01764700 -0.02657400
v -0.00904300 0.01846900 -0.02702700
v -0.01057200 0.02250000 -0.02646700
v -0.00792200 0.01908700 -0.02737700
v -0.00792200 0.02250000 -0.02737700
v -0.00775900 0.01767200 -0.02778400
v -0.00779900 0.01806600 -0.02759200
v -0.00782300 0.01828200 -0.02751500
v -0.00790500 0.01895500 -0.02738500
v -0.00855500 0.01725300 -0.02753800
v -0.00774400 0.01749200 -0.02789800
v -0.00772800 0.01729500 -0.02804500
v -0.00856700 0.01583100 -0.02987200
v -0.00776800 0.01623700 -0.03016800
v -0.00772400 0.01633300 -0.02953400
v -0.00771300 0.01641100 -0.02928800
v -0.00838400 0.01630400 -0.02856100
v -0.00838400 0.01630400 -0.02856100
v -0.00770200 0.01668800 -0.02872600
v -0.00770400 0.01685400 -0.02849200
v -0.01452400 0.01108100 -0.02537200
v -0.01434700 0.01119700 -0.02563900
v -0.01364800 0.01208700 -0.02605000
v -0.01419400 0.01125000 -0.02598400
v -0.01414100 0.01122500 -0.02624700
v -0.01415900 0.01113600 -0.02652100
v -0.01373900 0.01162900 -0.02711700
v -0.01419000 0.01108100 -0.02662700
v -0.01425100 0.01099600 -0.02675500
v -0.01486300 0.01151900 -0.02457100
v -0.01463600 0.01098900 -0.02523600
v -0.01391600 0.01276700 -0.02514300
v -0.01531500 0.01000200 -0.02475000
v -0.01571500 0.01018500 -0.02401100
v -0.01541900 0.00972400 -0.02478100
v -0.01544000 0.00965900 -0.02479700
v -0.01525100 0.01014700 -0.02475900
v -0.01519400 0.01026000 -0.02477700
v -0.01494800 0.01064900 -0.02493200
v -0.01563400 0.00896900 -0.02529300
v -0.01555100 0.00926700 -0.02498800
v -0.01589200 0.00882100 -0.02451500
v -0.01565100 0.00891700 -0.02537500
v -0.01589200 0.00845200 -0.02546500
v -0.01569900 0.00880700 -0.02562800
v -0.01619800 0.00930900 -0.02367400
v -0.01552200 0.00937600 -0.02491700
v -0.01673400 0.00663200 -0.02472100
v -0.01649800 0.00719700 -0.02493500
v -0.01675000 0.00667700 -0.02427700
v -0.01653000 0.00752000 -0.02401900
v -0.01683400 0.00673000 -0.02382800
v -0.01709000 0.00682100 -0.02316900
v -0.01684600 0.00793400 -0.02319800
v -0.01740100 0.00690000 -0.02268700
v -0.00957900 0.01560800 -0.02811000
v -0.00975700 0.01512600 -0.02937100
v -0.01073000 0.01481500 -0.02761300
v -0.01089400 0.01432900 -0.02882200
v -0.01183400 0.01392000 -0.02707500
v -0.01197600 0.01343800 -0.02823200
v -0.01263200 0.01317600 -0.02664600
v -0.01275500 0.01270100 -0.02776400
v -0.01263200 0.01317600 -0.02664600
v -0.01288200 0.01392300 -0.02571300
v -0.01183400 0.01392000 -0.02707500
v -0.01206900 0.01471300 -0.02612200
v -0.01073000 0.01481500 -0.02761300
v -0.01094600 0.01566500 -0.02663500
v -0.00957900 0.01560800 -0.02811000
v -0.00977300 0.01651100 -0.02710900
v -0.01308000 0.01236600 -0.02755700
v -0.00855500 0.01725300 -0.02753800
v -0.00977300 0.01651100 -0.02710900
v -0.01094600 0.01566500 -0.02663500
v -0.01206900 0.01471300 -0.02612200
v -0.01288200 0.01392300 -0.02571300
v -0.01060000 0.02288300 -0.02653700
v -0.01527700 0.02250800 -0.02405900
v -0.01315400 0.02288300 -0.02536800
v -0.01315400 0.02288300 -0.02536800
v -0.01535200 0.02275400 -0.02405100
v -0.01543800 0.02295400 -0.02408600
v -0.01549400 0.02305700 -0.02412200
v -0.01325400 0.02320700 -0.02556100
v -0.01566800 0.02329400 -0.02427500
v -0.01566800 0.02329400 -0.02427500
v -0.01340300 0.02342400 -0.02584900
v -0.01340300 0.02342400 -0.02584900
v -0.01585600 0.02344700 -0.02449400
v -0.01595300 0.02348700 -0.02462500
v -0.01357900 0.02350000 -0.02618900
v -0.01604100 0.02350000 -0.02475800
v -0.01315400 0.02288300 -0.02536800
v -0.01325400 0.02320700 -0.02556100
v -0.01068000 0.02320700 -0.02673900
v -0.01068000 0.02320700 -0.02673900
v -0.01080100 0.02342400 -0.02704000
v -0.01080100 0.02342400 -0.02704000
v -0.01094300 0.02350000 -0.02739500
v -0.00794300 0.02288300 -0.02745000
v -0.00800300 0.02320700 -0.02765800
v -0.00800300 0.02320700 -0.02765800
v -0.00809400 0.02342400 -0.02797000
v -0.00809400 0.02342400 -0.02797000
v -0.00809400 0.02342400 -0.02797000
v -0.00820000 0.02350000 -0.02833700
v -0.02126800 -0.01894400 -0.03181000
v -0.02126800 -0.01897200 -0.03200000
v -0.02126800 -0.01897200 -0.02200000
v -0.02126800 -0.01897200 -0.02200000
v -0.02126800 -0.01897200 -0.02200000
v -0.02126800 -0.01883200 -0.03158000
v -0.02126800 -0.01883200 -0.03158000
v -0.02126800 -0.01800400 -0.03106900
v -0.02126800 -0.01132100 -0.02676200
v -0.02126800 -0.01132100 -0.02676200
v -0.02126800 -0.01743400 -0.03100000
v -0.02126800 -0.01743400 -0.03100000
v -0.02126800 -0.01076200 -0.02732100
v -0.02126800 -0.01076200 -0.02732100
v -0.02126800 -0.00623600 -0.03100000
v -0.02126800 -0.00867900 -0.02523700
v -0.02126800 -0.00700000 -0.02200000
v -0.02126800 -0.00847500 -0.02600000
v -0.02126800 -0.00700000 -0.02900000
v -0.02126800 -0.00867900 -0.02676200
v -0.02126800 -0.01132100 -0.02523700
v -0.02126800 -0.01152500 -0.02600000
v -0.02126800 -0.01897200 -0.02200000
v -0.02126800 -0.01132100 -0.02676200
v -0.02126800 -0.01132100 -0.02676200
v -0.02126800 -0.01132100 -0.02676200
v -0.02126800 -0.00923700 -0.02467900
v -0.02126800 -0.01000000 -0.02447500
v -0.02126800 -0.01076200 -0.02467900
v -0.02126800 -0.01821200 -0.03113400
v -0.02126800 -0.01821200 -0.03113400
v -0.02126800 -0.01859700 -0.03134000
v -0.02126800 -0.01859700 -0.03134000
v -0.02126800 -0.01859700 -0.03134000
v -0.02126800 -0.01876700 -0.03149600
v -0.02126800 -0.01876700 -0.03149600
v -0.02126800 -0.00923700 -0.02732100
v -0.02126800 -0.00694200 -0.02958500
v -0.02126800 -0.00923700 -0.02732100
v -0.02126800 -0.00677200 -0.03014800
v -0.02126800 -0.01000000 -0.02752500
v -0.02126800 -0.00649400 -0.03066700
v 0.02003100 0.00630500 -0.02100000
v 0.02031300 0.00532600 -0.02100000
v 0.02031300 0.01773600 -0.02100000
v 0.02026100 0.01819400 -0.02100000
v 0.02016700 0.01849000 -0.02100000
v 0.02003100 0.01876600 -0.02100000
v -0.02003100 0.00700000 -0.02100000
v -0.02003100 0.01884100 -0.02100000
v -0.02026800 0.00700000 -0.02100000
v -0.02026800 0.01858700 -0.02100000
v -0.01871800 -0.01951600 -0.02149200
v -0.01871800 -0.00700000 -0.02149200
v -0.01911200 -0.01931800 -0.02122400
v -0.01933000 -0.00700000 -0.02112700
v -0.01941900 -0.01916200 -0.02109600
v -0.02003100 -0.00700000 -0.02100000
v -0.02003100 -0.01884100 -0.02100000
v 0.01871800 0.01951600 -0.02149200
v 0.01871800 0.00630500 -0.02149200
v 0.01911200 0.01931800 -0.02122400
v 0.01933000 0.00630500 -0.02112700
v 0.01946000 0.01914000 -0.02108300
v 0.01958500 0.01907300 -0.02105000
v 0.01850300 -0.00491600 -0.02167700
v 0.01847500 -0.00490000 -0.02170000
v 0.01819800 -0.00603600 -0.02193300
v 0.01870500 -0.00582500 -0.02150300
v 0.01867800 -0.00549600 -0.02152600
v 0.01864500 -0.00527200 -0.02155500
v 0.01859000 -0.00506000 -0.02160300
v 0.01855400 -0.00497900 -0.02163300
v 0.01851200 -0.00492300 -0.02166900
v 0.01871800 -0.00630500 -0.02149200
v 0.01811200 -0.00634300 -0.02200400
v 0.01871800 -0.01951600 -0.02149200
v 0.01761100 -0.00788300 -0.02240800
v 0.01699900 -0.00938100 -0.02287500
v 0.01627500 -0.01083600 -0.02339600
v 0.01543800 -0.01224100 -0.02395600
v 0.01743500 -0.02075000 -0.02254500
v 0.01511900 -0.01271800 -0.02415900
v 0.01414600 -0.01401900 -0.02474100
v 0.01507800 -0.02264200 -0.02418500
v 0.01607700 -0.02189300 -0.02353200
v 0.01309300 -0.01521800 -0.02531400
v 0.01196300 -0.01631500 -0.02586800
v 0.01464600 -0.02294400 -0.02444900
v 0.01105300 -0.01708100 -0.02626900
v 0.01314000 -0.02390100 -0.02529000
v 0.01075800 -0.01731000 -0.02639200
v 0.01105100 -0.02500800 -0.02627000
v 0.01219400 -0.02443200 -0.02576000
v 0.01044200 -0.01754400 -0.02651800
v 0.00921800 -0.01836300 -0.02696800
v 0.01067900 -0.02518100 -0.02642400
v 0.00795100 -0.01907300 -0.02736800
v 0.00911900 -0.02582900 -0.02700200
v 0.00664300 -0.01967500 -0.02771500
v 0.00751600 -0.02637700 -0.02749100
v 0.00596600 -0.02150000 -0.02786800
v 0.00529500 -0.02016800 -0.02800400
v 0.00239900 -0.02083200 -0.02839900
v 0.00226700 -0.02150000 -0.02841000
v 0.00376400 -0.02058400 -0.02825000
v 0.00511800 -0.02022400 -0.02803700
v 0.00674500 -0.02659900 -0.02769000
v 0.00596600 -0.02150000 -0.02786800
v 0.00596600 -0.02679800 -0.02786800
v 0.00102600 -0.02096900 -0.02848100
v -0.00035400 -0.02099600 -0.02849800
v -0.00226700 -0.02150000 -0.02841000
v -0.00089900 -0.02097600 -0.02848600
v -0.00226700 -0.02085000 -0.02841000
v -0.00230000 -0.02084600 -0.02840700
v -0.00596600 -0.02150000 -0.02786800
v -0.00368100 -0.02060200 -0.02826100
v -0.00504500 -0.02024600 -0.02805000
v -0.00674600 -0.02659900 -0.02769000
v -0.00596600 -0.02679800 -0.02786800
v -0.00674800 -0.01963100 -0.02769000
v -0.00617300 -0.01986100 -0.02782300
v -0.00885700 -0.01857800 -0.02708900
v -0.01096200 -0.02505000 -0.02630700
v -0.00753700 -0.01927700 -0.02748500
v -0.00934100 -0.02574400 -0.02692600
v -0.00767600 -0.02632700 -0.02744700
v -0.01013400 -0.01776400 -0.02663700
v -0.01088400 -0.01721300 -0.02634000
v -0.01105100 -0.01708200 -0.02627000
v -0.01325200 -0.01504800 -0.02523100
v -0.01500700 -0.02269300 -0.02422900
v -0.01210900 -0.01618300 -0.02580000
v -0.01343900 -0.02372200 -0.02513300
v -0.01254200 -0.02424300 -0.02559200
v -0.01596000 -0.01139500 -0.02361200
v -0.01511600 -0.01272200 -0.02416100
v -0.01792200 -0.02030100 -0.02216000
v -0.01431200 -0.01381200 -0.02464600
v -0.01650200 -0.02155200 -0.02323700
v -0.01669800 -0.01001900 -0.02309600
v -0.01733500 -0.00859700 -0.02262200
v -0.01787100 -0.00713200 -0.02220100
v -0.01791300 -0.00700000 -0.02216700
v 0.01827400 0.02121500 -0.03600000
v 0.01522300 0.02350000 -0.03600000
v 0.01612400 0.02350000 -0.03550000
v -0.02823600 -0.00387000 -0.03550000
v -0.02848200 -0.00100000 -0.03550000
v -0.02774100 -0.00380200 -0.03600000
v -0.02800000 -0.00100000 -0.03598200
v -0.02774100 -0.00380200 -0.03600000
v -0.02800000 -0.00100000 -0.03598200
v -0.02800000 -0.00000000 -0.03600000
v 0.01860000 0.02159400 -0.03550000
v 0.01974200 0.02055400 -0.03550000
v 0.02143900 0.01801000 -0.03600000
v 0.02182200 0.01833200 -0.03550000
v 0.02283100 0.01705800 -0.03550000
v 0.02405000 0.01433900 -0.03600000
v 0.02447900 0.01459500 -0.03550000
v 0.02530900 0.01310400 -0.03550000
v 0.02603800 0.01029700 -0.03600000
v 0.02650300 0.01048100 -0.03550000
v 0.02710700 0.00880000 -0.03550000
v 0.02735200 0.00598900 -0.03600000
v 0.02784000 0.00609600 -0.03550000
v 0.02818000 0.00425900 -0.03550000
v 0.02795800 0.00152600 -0.03600000
v 0.02845800 0.00155300 -0.03550000
v 0.02849700 -0.00039600 -0.03550000
v 0.02784100 -0.00297700 -0.03600000
v 0.02833800 -0.00303000 -0.03550000
v 0.02805100 -0.00504000 -0.03550000
v 0.02700400 -0.00740300 -0.03600000
v 0.02748600 -0.00753500 -0.03550000
v 0.02685300 -0.00954900 -0.03550000
v 0.02546700 -0.01163700 -0.03600000
v 0.02592200 -0.01184500 -0.03550000
v 0.02493500 -0.01380200 -0.03550000
v 0.02327100 -0.01557000 -0.03600000
v 0.02368700 -0.01584800 -0.03550000
v 0.02234900 -0.01768500 -0.03550000
v 0.02047300 -0.01910100 -0.03600000
v 0.02083900 -0.01944200 -0.03550000
v 0.01714600 -0.02213600 -0.03600000
v 0.01916400 -0.02109500 -0.03550000
v 0.01745200 -0.02253200 -0.03550000
v 0.01337400 -0.02459900 -0.03600000
v 0.01546600 -0.02393900 -0.03550000
v 0.01361300 -0.02503900 -0.03550000
v 0.00925700 -0.02642600 -0.03600000
v 0.01135300 -0.02614100 -0.03550000
v 0.00942200 -0.02689700 -0.03550000
v 0.00490000 -0.02756800 -0.03600000
v 0.00693600 -0.02764300 -0.03550000
v 0.00498700 -0.02806000 -0.03550000
v 0.00041600 -0.02799700 -0.03600000
v 0.00233300 -0.02840400 -0.03550000
v 0.00042300 -0.02849700 -0.03550000
v -0.00407900 -0.02770100 -0.03600000
v -0.00233300 -0.02840400 -0.03550000
v -0.00415200 -0.02819600 -0.03550000
v -0.00846800 -0.02668900 -0.03600000
v -0.00693600 -0.02764300 -0.03550000
v -0.00861900 -0.02716500 -0.03550000
v -0.01263800 -0.02498500 -0.03600000
v -0.01135300 -0.02614100 -0.03550000
v -0.01286400 -0.02543200 -0.03550000
v -0.01648100 -0.02263600 -0.03600000
v -0.01546600 -0.02393900 -0.03550000
v -0.01677500 -0.02304000 -0.03550000
v -0.01989800 -0.01970000 -0.03600000
v -0.01916400 -0.02109500 -0.03550000
v -0.02025300 -0.02005200 -0.03550000
v -0.02279900 -0.01625400 -0.03600000
v -0.02234900 -0.01768500 -0.03550000
v -0.02320600 -0.01654500 -0.03550000
v -0.02511000 -0.01238800 -0.03600000
v -0.02493500 -0.01380200 -0.03550000
v -0.02555900 -0.01260900 -0.03550000
v -0.02677200 -0.00820100 -0.03600000
v -0.02685300 -0.00954900 -0.03550000
v -0.02725000 -0.00834800 -0.03550000
v -0.02805100 -0.00504000 -0.03550000
v 0.02031300 -0.00532600 -0.02100000
v 0.02003100 -0.00630500 -0.02100000
v 0.02031300 -0.01773600 -0.02100000
v 0.02003100 -0.01876500 -0.02100000
v 0.02029000 -0.01804200 -0.02100000
v 0.02022000 -0.01834400 -0.02100000
v 0.02529300 -0.01313400 -0.03071600
v 0.02493300 -0.01380600 -0.03041900
v 0.02493500 -0.01380200 -0.03550000
v 0.00365500 -0.02826500 -0.02576100
v 0.00338500 -0.02829800 -0.02428100
v 0.00233400 -0.02840400 -0.02439600
v -0.00167000 -0.02845100 -0.02444700
v -0.00233400 -0.02840400 -0.02439600
v -0.00233300 -0.02840400 -0.03550000
v -0.02007900 0.02022600 -0.02224600
v -0.01974400 0.02055300 -0.02252300
v -0.01974200 0.02055400 -0.03550000
v -0.02836900 -0.00272700 -0.03200000
v -0.02849700 -0.00039600 -0.03200000
v -0.02849700 -0.00039600 -0.03308200
v -0.02849600 -0.00050000 -0.03313400
v -0.02848700 -0.00086600 -0.03350000
v -0.02805100 -0.00504000 -0.03200000
v -0.02848400 -0.00096600 -0.03374100
v -0.02848200 -0.00100000 -0.03400000
v -0.02848200 -0.00100000 -0.03550000
v -0.02823600 -0.00387000 -0.03550000
v -0.02848200 0.00100000 -0.03400000
v -0.02848400 0.00096600 -0.03374100
v -0.02818000 0.00425900 -0.03200000
v -0.02848700 0.00086600 -0.03350000
v -0.02843400 0.00193800 -0.03200000
v -0.02849600 0.00050000 -0.03313400
v -0.02849900 0.00025900 -0.03303400
v -0.02850000 -0.00000000 -0.03300000
v -0.01864700 0.02155300 -0.02337700
v -0.01712600 0.02278100 -0.02443700
v -0.01863900 0.02156000 -0.03550000
v -0.01612400 0.02350000 -0.02506300
v -0.01612400 0.02350000 -0.03550000
v -0.02126800 0.01897200 -0.03200000
v -0.02126800 0.01897200 -0.02200000
v -0.02076000 0.01952700 -0.02200000
v -0.02042100 0.01988000 -0.02205500
v -0.02126800 0.01897200 -0.03200000
v -0.02032600 0.01997800 -0.02209200
v -0.02153900 0.01866300 -0.03550000
v -0.02283100 0.01705800 -0.03200000
v -0.02283100 0.01705800 -0.03550000
v -0.02415100 0.01513200 -0.03200000
v -0.02399500 0.01537900 -0.03550000
v -0.02530900 0.01310400 -0.03200000
v -0.02530900 0.01310400 -0.03550000
v -0.02629600 0.01098900 -0.03200000
v -0.02595300 0.01177700 -0.03550000
v -0.02710700 0.00880000 -0.03200000
v -0.02710700 0.00880000 -0.03550000
v -0.02737400 0.00793100 -0.03550000
v -0.02773700 0.00655100 -0.03200000
v -0.02818000 0.00425900 -0.03550000
v -0.02822900 0.00392100 -0.03550000
v -0.02848200 0.00100000 -0.03550000
v -0.02805100 -0.00504000 -0.03550000
v -0.02754400 -0.00731900 -0.03200000
v -0.02725000 -0.00834800 -0.03550000
v -0.02685300 -0.00954900 -0.03200000
v -0.02685300 -0.00954900 -0.03550000
v -0.02598100 -0.01171500 -0.03200000
v -0.02555900 -0.01260900 -0.03550000
v -0.02493500 -0.01380200 -0.03200000
v -0.02493500 -0.01380200 -0.03550000
v -0.02372200 -0.01579700 -0.03200000
v -0.02320600 -0.01654500 -0.03550000
v -0.02234900 -0.01768500 -0.03200000
v -0.02234900 -0.01768500 -0.03200000
v -0.01916500 -0.02109400 -0.02298500
v -0.01922500 -0.02103900 -0.02293700
v -0.02126800 -0.01897200 -0.03200000
v -0.02007900 -0.02022600 -0.02224600
v -0.02028300 -0.02002100 -0.02211200
v -0.02044200 -0.01985800 -0.02204800
v -0.02076000 -0.01952700 -0.02200000
v -0.02126800 -0.01897200 -0.02200000
v -0.02234900 -0.01768500 -0.03550000
v -0.02025300 -0.02005200 -0.03550000
v -0.01916400 -0.02109500 -0.03550000
v -0.01135300 -0.02614100 -0.03550000
v -0.01135500 -0.02614000 -0.02739000
v -0.01286400 -0.02543200 -0.03550000
v -0.01176000 -0.02596100 -0.02723000
v -0.01546600 -0.02393900 -0.03550000
v -0.01345400 -0.02512400 -0.02649000
v -0.01441600 -0.02458500 -0.02601400
v -0.01546900 -0.02393600 -0.02544500
v -0.01677500 -0.02304000 -0.03550000
v -0.01609900 -0.02351800 -0.02507900
v -0.01916400 -0.02109500 -0.03550000
v -0.01770200 -0.02233600 -0.02405200
v -0.00392500 -0.02822800 -0.02723800
v -0.00405900 -0.02820900 -0.02767400
v -0.00365500 -0.02826500 -0.02576100
v -0.00338500 -0.02829800 -0.02428100
v -0.00415700 -0.02819500 -0.02786600
v -0.00443200 -0.02815300 -0.02823500
v -0.00458800 -0.02812800 -0.02838400
v -0.00497300 -0.02806300 -0.02864600
v -0.00517000 -0.02802700 -0.02873700
v -0.00415200 -0.02819600 -0.03550000
v -0.00562500 -0.02793900 -0.02886300
v -0.00693600 -0.02764300 -0.03550000
v -0.00584300 -0.02789500 -0.02888700
v -0.00631700 -0.02779100 -0.02886200
v -0.00640000 -0.02777200 -0.02884600
v -0.00693800 -0.02764200 -0.02873000
v -0.00861900 -0.02716500 -0.03550000
v -0.00823400 -0.02728500 -0.02841000
v -0.01002000 -0.02668000 -0.02787100
v 0.00523400 -0.02801500 -0.02876200
v 0.00501400 -0.02805500 -0.02866700
v 0.00233300 -0.02840400 -0.03550000
v 0.00462200 -0.02812300 -0.02841300
v 0.00445000 -0.02815000 -0.02825400
v 0.00569400 -0.02792500 -0.02887300
v 0.00498700 -0.02806000 -0.03550000
v 0.00592600 -0.02787700 -0.02889000
v 0.00693600 -0.02764300 -0.03550000
v 0.00640000 -0.02777200 -0.02884600
v 0.00417000 -0.02819300 -0.02788900
v 0.00406700 -0.02820800 -0.02769100
v 0.00392500 -0.02822800 -0.02723800
v 0.00003900 -0.02850000 -0.02450000
v 0.00042300 -0.02849700 -0.03550000
v 0.00174300 -0.02844700 -0.02444200
v 0.01135300 -0.02614100 -0.03550000
v 0.00978300 -0.02676800 -0.02794900
v 0.00942200 -0.02689700 -0.03550000
v 0.00806300 -0.02733600 -0.02845600
v 0.00693800 -0.02764300 -0.02873000
v 0.01546600 -0.02393900 -0.03550000
v 0.01308000 -0.02532100 -0.02666400
v 0.01361300 -0.02503900 -0.03550000
v 0.01145500 -0.02609600 -0.02735100
v 0.01135400 -0.02614100 -0.02739000
v 0.01916400 -0.02109500 -0.03550000
v 0.01916600 -0.02109300 -0.02298300
v 0.01870300 -0.02150500 -0.02333600
v 0.01724700 -0.02268900 -0.02435800
v 0.01571100 -0.02377800 -0.02530700
v 0.01745200 -0.02253200 -0.03550000
v 0.01546800 -0.02393700 -0.02544600
v 0.01409600 -0.02477000 -0.02617700
v 0.02234900 -0.01768500 -0.03550000
v 0.02234300 -0.01769300 -0.02746700
v 0.02083900 -0.01944200 -0.03550000
v 0.02204300 -0.01806500 -0.02697600
v 0.02157500 -0.01862200 -0.02608500
v 0.02151100 -0.01869600 -0.02594900
v 0.02112800 -0.01912700 -0.02501600
v 0.02082200 -0.01946000 -0.02404800
v 0.02059800 -0.01969700 -0.02304700
v 0.02053700 -0.01976100 -0.02266500
v 0.02046400 -0.01983600 -0.02204200
v 0.02042100 -0.01988000 -0.02205500
v 0.02032600 -0.01997800 -0.02209200
v 0.02007900 -0.02022600 -0.02224600
v 0.02337200 -0.01630900 -0.02885900
v 0.02313400 -0.01664500 -0.02857000
v 0.02256700 -0.01740700 -0.02780500
v 0.02368700 -0.01584800 -0.03550000
v 0.02465400 -0.01429800 -0.03017600
v 0.02400900 -0.01535600 -0.02955800
v 0.02805100 -0.00504000 -0.03550000
v 0.02805100 -0.00504000 -0.03244300
v 0.02791300 -0.00575300 -0.03237500
v 0.02748600 -0.00753500 -0.03550000
v 0.02755900 -0.00726500 -0.03219400
v 0.02685300 -0.00954900 -0.03550000
v 0.02707400 -0.00890300 -0.03192600
v 0.02685200 -0.00955100 -0.03179600
v 0.02592200 -0.01184500 -0.03550000
v 0.02651300 -0.01045500 -0.03158600
v 0.02589000 -0.01191500 -0.03116500
v 0.02849900 0.00027200 -0.03265000
v 0.02849700 -0.00039600 -0.03550000
v 0.02841100 0.00225000 -0.03261100
v 0.02845800 0.00155300 -0.03550000
v 0.02818900 0.00420000 -0.03250800
v 0.02818000 0.00425900 -0.03550000
v 0.02818000 0.00425900 -0.03250400
v 0.02850000 0.00000000 -0.03265000
v 0.02849700 -0.00039600 -0.03264900
v 0.02833800 -0.00303000 -0.03550000
v 0.02843300 -0.00195300 -0.03262000
v 0.02823600 -0.00387300 -0.03253000
v 0.02783700 0.00611200 -0.03233700
v 0.02784000 0.00609600 -0.03550000
v 0.02746300 0.00761700 -0.03214300
v 0.02710700 0.00880000 -0.03550000
v 0.02710700 0.00880100 -0.03194500
v 0.02692800 0.00933500 -0.03184100
v 0.02650300 0.01048100 -0.03550000
v 0.02631200 0.01095100 -0.03145500
v 0.02530900 0.01310400 -0.03550000
v 0.02563100 0.01246100 -0.03097700
v 0.02336600 0.01631700 -0.02885200
v 0.02283100 0.01705800 -0.03550000
v 0.02288900 0.01698000 -0.02825400
v 0.02282900 0.01706100 -0.02817300
v 0.02403000 0.01532400 -0.02957900
v 0.02470300 0.01421200 -0.03022000
v 0.02447900 0.01459500 -0.03550000
v 0.02530800 0.01310600 -0.03072800
v 0.02537400 0.01297600 -0.03078000
v 0.02028300 0.02002100 -0.02211200
v 0.02046400 0.01983600 -0.02204200
v 0.02055200 0.01974500 -0.02276700
v 0.02106400 0.01919700 -0.02483700
v 0.01974200 0.02055400 -0.03550000
v 0.02076900 0.01951600 -0.02384600
v 0.01974400 0.02055300 -0.02252300
v 0.02007900 0.02022600 -0.02224600
v 0.02143600 0.01878100 -0.02578300
v 0.02181600 0.01833900 -0.02656600
v 0.02232700 0.01771300 -0.02744300
v 0.02182200 0.01833200 -0.03550000
v 0.01612400 0.02350000 -0.03550000
v 0.01612400 0.02350000 -0.02506300
v 0.01860000 0.02159400 -0.03550000
v 0.01712600 0.02278100 -0.02443700
v 0.01864700 0.02155300 -0.02337700
v -0.02026800 -0.00700000 -0.02100000
v -0.02026800 -0.01858700 -0.02100000
v 0.00796700 -0.02082800 -0.03600000
v 0.00405100 -0.02192900 -0.03600000
v 0.00405100 -0.02192900 -0.03600000
v 0.00405100 -0.02192900 -0.03600000
v 0.01027300 -0.01779300 -0.03600000
v 0.01027300 -0.01779300 -0.03600000
v 0.01027300 -0.01779300 -0.03600000
v 0.01027300 -0.01779300 -0.03600000
v -0.01021900 -0.00760000 -0.03600000
v -0.00999100 -0.00675000 -0.03600000
v -0.00584600 -0.01012500 -0.03600000
v -0.00584600 -0.01012500 -0.03600000
v -0.00584600 -0.01012500 -0.03600000
v -0.00584600 -0.01012500 -0.03600000
v -0.00584600 -0.01012500 -0.03600000
v -0.00584600 -0.01012500 -0.03600000
v -0.00584600 -0.01012500 -0.03600000
v -0.00584600 -0.01012500 -0.03600000
v -0.01983300 -0.01019500 -0.03600000
v -0.01983300 -0.01019500 -0.03600000
v -0.02135500 -0.00642300 -0.03600000
v -0.02135500 -0.00642300 -0.03600000
v -0.02149900 -0.00566200 -0.03600000
v -0.02149900 -0.00566200 -0.03600000
v -0.02149900 -0.00566200 -0.03600000
v -0.02149900 -0.00566200 -0.03600000
v -0.02149900 -0.00566200 -0.03600000
v -0.02149900 -0.00566200 -0.03600000
v -0.02149900 -0.00566200 -0.03600000
v -0.02149900 -0.00566200 -0.03600000
v -0.02216600 -0.00243700 -0.03600000
v -0.02216600 -0.00243700 -0.03600000
v -0.02216600 -0.00243700 -0.03600000
v 0.01515300 0.01957100 -0.03600000
v 0.01120000 0.02350000 -0.03600000
v 0.01611500 0.02040100 -0.03600000
v 0.01522300 0.02350000 -0.03600000
v 0.01734900 0.02070000 -0.03600000
v 0.01565300 0.01578700 -0.03600000
v 0.01565300 0.01578700 -0.03600000
v 0.01565300 0.01578700 -0.03600000
v 0.01565300 0.01578700 -0.03600000
v 0.01565300 0.01578700 -0.03600000
v 0.01565300 0.01578700 -0.03600000
v 0.01565300 0.01578700 -0.03600000
v 0.00584600 0.01012500 -0.03600000
v 0.00584600 0.01012500 -0.03600000
v 0.00584600 0.01012500 -0.03600000
v 0.00584600 0.01012500 -0.03600000
v 0.00584600 0.01012500 -0.03600000
v 0.00584600 0.01012500 -0.03600000
v 0.00584600 0.01012500 -0.03600000
v 0.00584600 0.01012500 -0.03600000
v 0.01547600 0.01605600 -0.03600000
v 0.01547600 0.01605600 -0.03600000
v 0.01547600 0.01605600 -0.03600000
v 0.01479400 0.01712800 -0.03600000
v 0.00034900 0.02350000 -0.03600000
v 0.00034900 0.02350000 -0.03600000
v -0.00132000 0.02253600 -0.03600000
v -0.00132000 0.02253600 -0.03600000
v -0.00132000 0.02253600 -0.03600000
v -0.00132000 0.02253600 -0.03600000
v -0.00132000 0.02253600 -0.03600000
v -0.00132000 0.02253600 -0.03600000
v -0.00187600 0.02350000 -0.03600000
v -0.01008900 0.01747400 -0.03600000
v -0.01008900 0.01747400 -0.03600000
v -0.01008900 0.01747400 -0.03600000
v -0.01008900 0.01747400 -0.03600000
v -0.01008900 0.01747400 -0.03600000
v -0.01008900 0.01747400 -0.03600000
v -0.01008900 0.01747400 -0.03600000
v -0.01008900 0.01747400 -0.03600000
v -0.01356800 0.02350000 -0.03600000
v -0.01356800 0.02350000 -0.03600000
v -0.01356800 0.02350000 -0.03600000
v -0.01831200 0.02118200 -0.03600000
v -0.01831200 0.02118200 -0.03600000
v -0.01522300 0.02350000 -0.03600000
v -0.01522300 0.02350000 -0.03600000
v -0.01734900 0.02070000 -0.03600000
v -0.01813500 0.01297800 -0.03600000
v -0.01813500 0.01297800 -0.03600000
v -0.01813500 0.01297800 -0.03600000
v -0.01813500 0.01297800 -0.03600000
v -0.01547600 0.01605600 -0.03600000
v -0.01547600 0.01605600 -0.03600000
v -0.01479400 0.01712800 -0.03600000
v -0.01479400 0.01712800 -0.03600000
v -0.01467800 0.01839300 -0.03600000
v -0.01467800 0.01839300 -0.03600000
v -0.01467800 0.01839300 -0.03600000
v -0.01515300 0.01957100 -0.03600000
v -0.01515300 0.01957100 -0.03600000
v -0.01515300 0.01957100 -0.03600000
v -0.01611500 0.02040100 -0.03600000
v -0.01611500 0.02040100 -0.03600000
v -0.01836000 0.02050400 -0.03600000
v -0.01922300 0.01994400 -0.03600000
v -0.01922300 0.01994400 -0.03600000
v -0.01922300 0.01994400 -0.03600000
v -0.02116200 0.01833500 -0.03600000
v -0.02116200 0.01833500 -0.03600000
v -0.02116200 0.01833500 -0.03600000
v -0.02221700 0.01654300 -0.03600000
v -0.02221700 0.01654300 -0.03600000
v -0.02221700 0.01654300 -0.03600000
v -0.02357300 0.01510900 -0.03600000
v -0.02357300 0.01510900 -0.03600000
v -0.02357300 0.01510900 -0.03600000
v -0.02461700 0.01270000 -0.03600000
v -0.02461700 0.01270000 -0.03600000
v -0.02549800 0.01157000 -0.03600000
v -0.02549800 0.01157000 -0.03600000
v -0.02549800 0.01157000 -0.03600000
v -0.02635800 0.00851600 -0.03600000
v -0.02635800 0.00851600 -0.03600000
v -0.02689400 0.00779200 -0.03600000
v -0.02689400 0.00779200 -0.03600000
v -0.02689400 0.00779200 -0.03600000
v -0.02651300 0.00802100 -0.03600000
v -0.02739400 0.00410500 -0.03600000
v -0.02739400 0.00410500 -0.03600000
v 0.01836000 0.02050400 -0.03600000
v 0.01827400 0.02121500 -0.03600000
v 0.01827400 0.02121500 -0.03600000
v 0.01827400 0.02121500 -0.03600000
v 0.01922300 0.01994400 -0.03600000
v 0.01922300 0.01994400 -0.03600000
v 0.02143900 0.01801000 -0.03600000
v 0.02143900 0.01801000 -0.03600000
v 0.02221700 0.01654300 -0.03600000
v 0.02405000 0.01433900 -0.03600000
v 0.02405000 0.01433900 -0.03600000
v 0.02461700 0.01270000 -0.03600000
v 0.02603800 0.01029700 -0.03600000
v 0.02603800 0.01029700 -0.03600000
v 0.02603800 0.01029700 -0.03600000
v 0.02635800 0.00851600 -0.03600000
v 0.02635800 0.00851600 -0.03600000
v 0.02635800 0.00851600 -0.03600000
v 0.02735200 0.00598900 -0.03600000
v 0.02735200 0.00598900 -0.03600000
v 0.02735200 0.00598900 -0.03600000
v 0.02739400 0.00410500 -0.03600000
v 0.02739400 0.00410500 -0.03600000
v 0.02739400 0.00410500 -0.03600000
v 0.02795800 0.00152600 -0.03600000
v 0.02795800 0.00152600 -0.03600000
v 0.02795800 0.00152600 -0.03600000
v 0.02769700 -0.00041600 -0.03600000
v 0.02769700 -0.00041600 -0.03600000
v 0.02769700 -0.00041600 -0.03600000
v 0.02784100 -0.00297700 -0.03600000
v 0.02784100 -0.00297700 -0.03600000
v 0.02784100 -0.00297700 -0.03600000
v 0.02725800 -0.00492600 -0.03600000
v 0.02725800 -0.00492600 -0.03600000
v 0.02725800 -0.00492600 -0.03600000
v 0.02700400 -0.00740300 -0.03600000
v 0.02700400 -0.00740300 -0.03600000
v 0.02700400 -0.00740300 -0.03600000
v 0.02609100 -0.00930400 -0.03600000
v 0.02609100 -0.00930400 -0.03600000
v 0.02609100 -0.00930400 -0.03600000
v 0.02546700 -0.01163700 -0.03600000
v 0.02546700 -0.01163700 -0.03600000
v 0.02546700 -0.01163700 -0.03600000
v 0.02422500 -0.01343300 -0.03600000
v 0.02422500 -0.01343300 -0.03600000
v 0.02422500 -0.01343300 -0.03600000
v 0.02327100 -0.01557000 -0.03600000
v 0.02327100 -0.01557000 -0.03600000
v 0.02327100 -0.01557000 -0.03600000
v 0.02171000 -0.01720300 -0.03600000
v 0.02171000 -0.01720300 -0.03600000
v 0.02047300 -0.01910100 -0.03600000
v 0.02047300 -0.01910100 -0.03600000
v 0.02047300 -0.01910100 -0.03600000
v 0.01861500 -0.02051300 -0.03600000
v 0.01861500 -0.02051300 -0.03600000
v 0.01861500 -0.02051300 -0.03600000
v 0.01714600 -0.02213600 -0.03600000
v 0.01714600 -0.02213600 -0.03600000
v 0.01714600 -0.02213600 -0.03600000
v 0.01502200 -0.02327300 -0.03600000
v 0.01502200 -0.02327300 -0.03600000
v 0.01502200 -0.02327300 -0.03600000
v 0.01337400 -0.02459900 -0.03600000
v 0.01337400 -0.02459900 -0.03600000
v 0.01337400 -0.02459900 -0.03600000
v 0.01102700 -0.02541100 -0.03600000
v 0.01102700 -0.02541100 -0.03600000
v 0.00925700 -0.02642600 -0.03600000
v 0.00925700 -0.02642600 -0.03600000
v 0.00673600 -0.02686800 -0.03600000
v 0.00673600 -0.02686800 -0.03600000
v 0.00490000 -0.02756800 -0.03600000
v 0.00490000 -0.02756800 -0.03600000
v 0.00490000 -0.02756800 -0.03600000
v 0.00226600 -0.02760700 -0.03600000
v 0.00226600 -0.02760700 -0.03600000
v 0.00226600 -0.02760700 -0.03600000
v 0.00041600 -0.02799700 -0.03600000
v 0.00041600 -0.02799700 -0.03600000
v -0.00226600 -0.02760700 -0.03600000
v -0.00407900 -0.02770100 -0.03600000
v -0.00407900 -0.02770100 -0.03600000
v -0.00673600 -0.02686800 -0.03600000
v -0.00846800 -0.02668900 -0.03600000
v -0.00846800 -0.02668900 -0.03600000
v -0.01102700 -0.02541100 -0.03600000
v -0.01263800 -0.02498500 -0.03600000
v -0.01263800 -0.02498500 -0.03600000
v -0.01502200 -0.02327300 -0.03600000
v -0.01502200 -0.02327300 -0.03600000
v -0.01648100 -0.02263600 -0.03600000
v -0.01648100 -0.02263600 -0.03600000
v -0.01648100 -0.02263600 -0.03600000
v -0.01861500 -0.02051300 -0.03600000
v -0.01861500 -0.02051300 -0.03600000
v -0.01861500 -0.02051300 -0.03600000
v -0.01989800 -0.01970000 -0.03600000
v -0.01989800 -0.01970000 -0.03600000
v -0.01989800 -0.01970000 -0.03600000
v -0.02171000 -0.01720300 -0.03600000
v -0.02171000 -0.01720300 -0.03600000
v -0.02279900 -0.01625400 -0.03600000
v -0.02279900 -0.01625400 -0.03600000
v -0.02422500 -0.01343300 -0.03600000
v -0.02511000 -0.01238800 -0.03600000
v -0.02511000 -0.01238800 -0.03600000
v -0.02609100 -0.00930400 -0.03600000
v -0.02609100 -0.00930400 -0.03600000
v -0.02677200 -0.00820100 -0.03600000
v -0.02677200 -0.00820100 -0.03600000
v -0.02725800 -0.00492600 -0.03600000
v -0.02725800 -0.00492600 -0.03600000
v -0.02769700 -0.00041600 -0.03600000
v -0.02800000 -0.00000000 -0.03600000
v -0.02773400 0.00385200 -0.03600000
v -0.00292300 0.00506200 -0.03600000
v -0.00292300 0.00506200 -0.03600000
v -0.00292300 0.00506200 -0.03600000
v -0.00292300 0.00506200 -0.03600000
v -0.00292300 0.00506200 -0.03600000
v -0.00292300 0.00506200 -0.03600000
v -0.01169100 -0.00000000 -0.03600000
v -0.01169100 -0.00000000 -0.03600000
v -0.01169100 -0.00000000 -0.03600000
v -0.01169100 -0.00000000 -0.03600000
v -0.01169100 -0.00000000 -0.03600000
v -0.01169100 -0.00000000 -0.03600000
v -0.01169100 -0.00000000 -0.03600000
v -0.01169100 -0.00000000 -0.03600000
v -0.01084100 0.00527800 -0.03600000
v -0.01084100 0.00527800 -0.03600000
v -0.01084100 0.00527800 -0.03600000
v -0.01021900 0.00760000 -0.03600000
v -0.01021900 0.00760000 -0.03600000
v -0.01084100 0.00822200 -0.03600000
v -0.01084100 0.00822200 -0.03600000
v -0.01169100 0.00845000 -0.03600000
v -0.01169100 0.00845000 -0.03600000
v -0.01169100 0.00845000 -0.03600000
v -0.01254100 0.00822200 -0.03600000
v -0.01254100 0.00822200 -0.03600000
v -0.01254100 0.00822200 -0.03600000
v -0.02019000 0.00946800 -0.03600000
v -0.02019000 0.00946800 -0.03600000
v -0.02019000 0.00946800 -0.03600000
v -0.02019000 0.00946800 -0.03600000
v -0.01316400 0.00760000 -0.03600000
v -0.01316400 0.00760000 -0.03600000
v -0.01339100 0.00675000 -0.03600000
v -0.01339100 0.00675000 -0.03600000
v -0.01316400 0.00590000 -0.03600000
v -0.01254100 0.00527800 -0.03600000
v -0.01254100 0.00527800 -0.03600000
v -0.01169100 0.00505000 -0.03600000
v -0.01169100 0.00505000 -0.03600000
v -0.01021900 0.00590000 -0.03600000
v -0.01021900 0.00590000 -0.03600000
v -0.00999100 0.00675000 -0.03600000
v -0.00999100 0.00675000 -0.03600000
v -0.02224000 0.00163000 -0.03600000
v -0.02224000 0.00163000 -0.03600000
v -0.02157400 0.00564300 -0.03600000
v -0.02157400 0.00564300 -0.03600000
v -0.01316300 -0.00590000 -0.03600000
v -0.01339100 -0.00675000 -0.03600000
v -0.01339100 -0.00675000 -0.03600000
v -0.01572400 -0.01581300 -0.03600000
v -0.01572400 -0.01581300 -0.03600000
v -0.01572400 -0.01581300 -0.03600000
v -0.01572400 -0.01581300 -0.03600000
v -0.01765100 -0.01362800 -0.03600000
v -0.01765100 -0.01362800 -0.03600000
v -0.01254100 -0.00527800 -0.03600000
v -0.01254100 -0.00527800 -0.03600000
v -0.01254100 -0.00527800 -0.03600000
v -0.01021900 -0.00590000 -0.03600000
v -0.01084100 -0.00527800 -0.03600000
v -0.01084100 -0.00527800 -0.03600000
v -0.01169100 -0.00505000 -0.03600000
v -0.01169100 -0.00505000 -0.03600000
v -0.01316300 -0.00760000 -0.03600000
v -0.01316300 -0.00760000 -0.03600000
v -0.01254100 -0.00822200 -0.03600000
v -0.01254100 -0.00822200 -0.03600000
v -0.01254100 -0.00822200 -0.03600000
v -0.01488200 -0.01660800 -0.03600000
v -0.01488200 -0.01660800 -0.03600000
v -0.01488200 -0.01660800 -0.03600000
v -0.01488200 -0.01660800 -0.03600000
v -0.01169100 -0.00845000 -0.03600000
v -0.01169100 -0.00845000 -0.03600000
v -0.01169100 -0.00845000 -0.03600000
v -0.01084100 -0.00822200 -0.03600000
v -0.01084100 -0.00822200 -0.03600000
v -0.00405100 -0.02192900 -0.03600000
v -0.00405100 -0.02192900 -0.03600000
v -0.00796700 -0.02082800 -0.03600000
v -0.00796700 -0.02082800 -0.03600000
v -0.01161800 -0.01903500 -0.03600000
v -0.01161800 -0.01903500 -0.03600000
v -0.00147200 -0.01265000 -0.03600000
v -0.00147200 -0.01265000 -0.03600000
v -0.00170000 -0.01350000 -0.03600000
v 0.00292300 -0.00506200 -0.03600000
v 0.00292300 -0.00506200 -0.03600000
v 0.00292300 -0.00506200 -0.03600000
v 0.00292300 -0.00506200 -0.03600000
v 0.00000000 -0.01180000 -0.03600000
v 0.00000000 -0.01180000 -0.03600000
v 0.00000000 -0.01180000 -0.03600000
v -0.00085000 -0.01202800 -0.03600000
v -0.00085000 -0.01202800 -0.03600000
v -0.00147200 -0.01435000 -0.03600000
v -0.00147200 -0.01435000 -0.03600000
v 0.00000000 -0.02230000 -0.03600000
v 0.00000000 -0.02230000 -0.03600000
v 0.00000000 -0.02230000 -0.03600000
v 0.00000000 -0.02230000 -0.03600000
v 0.00170000 -0.01350000 -0.03600000
v 0.00170000 -0.01350000 -0.03600000
v 0.00147200 -0.01265000 -0.03600000
v 0.00147200 -0.01265000 -0.03600000
v 0.00085000 -0.01202800 -0.03600000
v 0.00085000 -0.01202800 -0.03600000
v 0.00147200 -0.01435000 -0.03600000
v 0.00147200 -0.01435000 -0.03600000
v 0.00085000 -0.01497200 -0.03600000
v 0.00085000 -0.01497200 -0.03600000
v 0.00085000 -0.01497200 -0.03600000
v 0.00000000 -0.01520000 -0.03600000
v 0.00000000 -0.01520000 -0.03600000
v 0.00000000 -0.01520000 -0.03600000
v -0.00085000 -0.01497200 -0.03600000
v -0.00085000 -0.01497200 -0.03600000
v 0.01765100 -0.01362800 -0.03600000
v 0.01765100 -0.01362800 -0.03600000
v 0.01488200 -0.01660800 -0.03600000
v 0.01161800 -0.01903500 -0.03600000
v 0.01316400 -0.00590000 -0.03600000
v 0.01254100 -0.00527800 -0.03600000
v 0.01254100 -0.00527800 -0.03600000
v 0.01169100 0.00000000 -0.03600000
v 0.01169100 0.00000000 -0.03600000
v 0.01169100 0.00000000 -0.03600000
v 0.01169100 0.00000000 -0.03600000
v 0.01169100 0.00000000 -0.03600000
v 0.01169100 0.00000000 -0.03600000
v 0.01169100 0.00000000 -0.03600000
v 0.01169100 0.00000000 -0.03600000
v 0.01169100 0.00000000 -0.03600000
v 0.00999100 -0.00675000 -0.03600000
v 0.01021900 -0.00760000 -0.03600000
v 0.01169100 -0.00505000 -0.03600000
v 0.01169100 -0.00505000 -0.03600000
v 0.01084100 -0.00527800 -0.03600000
v 0.01084100 -0.00527800 -0.03600000
v 0.01084100 -0.00527800 -0.03600000
v 0.01021900 -0.00590000 -0.03600000
v 0.01084100 -0.00822200 -0.03600000
v 0.01084100 -0.00822200 -0.03600000
v 0.01169100 -0.00845000 -0.03600000
v 0.01169100 -0.00845000 -0.03600000
v 0.01169100 -0.00845000 -0.03600000
v 0.01254100 -0.00822200 -0.03600000
v 0.01254100 -0.00822200 -0.03600000
v 0.01983300 -0.01019500 -0.03600000
v 0.01983300 -0.01019500 -0.03600000
v 0.01983300 -0.01019500 -0.03600000
v 0.01316400 -0.00760000 -0.03600000
v 0.01316400 -0.00760000 -0.03600000
v 0.01339100 -0.00675000 -0.03600000
v 0.01339100 -0.00675000 -0.03600000
v 0.02224000 0.00163000 -0.03600000
v 0.02224000 0.00163000 -0.03600000
v 0.02224000 0.00163000 -0.03600000
v 0.02216600 -0.00243700 -0.03600000
v 0.02216600 -0.00243700 -0.03600000
v 0.02135500 -0.00642300 -0.03600000
v 0.02135500 -0.00642300 -0.03600000
v 0.02157400 0.00564300 -0.03600000
v 0.02157400 0.00564300 -0.03600000
v 0.02149900 0.00566200 -0.03600000
v 0.02149900 0.00566200 -0.03600000
v 0.02149900 0.00566200 -0.03600000
v 0.02149900 0.00566200 -0.03600000
v 0.02149900 0.00566200 -0.03600000
v 0.02149900 0.00566200 -0.03600000
v 0.02019000 0.00946800 -0.03600000
v 0.01813500 0.01297800 -0.03600000
v 0.01813500 0.01297800 -0.03600000
v 0.00147200 0.01265000 -0.03600000
v 0.00147200 0.01265000 -0.03600000
v 0.00170000 0.01350000 -0.03600000
v 0.00147200 0.01435000 -0.03600000
v 0.00147200 0.01435000 -0.03600000
v 0.00147200 0.01435000 -0.03600000
v -0.00170000 0.01350000 -0.03600000
v -0.00170000 0.01350000 -0.03600000
v -0.00170000 0.01350000 -0.03600000
v -0.00147200 0.01265000 -0.03600000
v -0.00147200 0.01265000 -0.03600000
v -0.00085000 0.01202800 -0.03600000
v -0.00085000 0.01202800 -0.03600000
v -0.00000000 0.01180000 -0.03600000
v -0.00000000 0.01180000 -0.03600000
v -0.00000000 0.01180000 -0.03600000
v 0.00085000 0.01202800 -0.03600000
v 0.00085000 0.01202800 -0.03600000
v 0.00085000 0.01497200 -0.03600000
v 0.00085000 0.01497200 -0.03600000
v -0.00000000 0.01520000 -0.03600000
v -0.00000000 0.01520000 -0.03600000
v -0.00085000 0.01497200 -0.03600000
v -0.00085000 0.01497200 -0.03600000
v -0.00085000 0.01497200 -0.03600000
v -0.00147200 0.01435000 -0.03600000
v -0.00147200 0.01435000 -0.03600000
v 0.01467800 0.01839300 -0.03600000
v 0.01479400 0.01712800 -0.03600000
v 0.01479400 0.01712800 -0.03600000
v 0.01254100 0.00822200 -0.03600000
v 0.01254100 0.00822200 -0.03600000
v 0.01169100 0.00845000 -0.03600000
v 0.01169100 0.00845000 -0.03600000
v 0.01169100 0.00845000 -0.03600000
v 0.01021900 0.00760000 -0.03600000
v 0.00999100 0.00675000 -0.03600000
v 0.01021900 0.00590000 -0.03600000
v 0.01084100 0.00527800 -0.03600000
v 0.01084100 0.00527800 -0.03600000
v 0.01169100 0.00505000 -0.03600000
v 0.01169100 0.00505000 -0.03600000
v 0.01084100 0.00822200 -0.03600000
v 0.01084100 0.00822200 -0.03600000
v 0.01254100 0.00527800 -0.03600000
v 0.01254100 0.00527800 -0.03600000
v 0.01254100 0.00527800 -0.03600000
v 0.01316300 0.00590000 -0.03600000
v 0.01316300 0.00590000 -0.03600000
v 0.01339100 0.00675000 -0.03600000
v 0.01339100 0.00675000 -0.03600000
v 0.01339100 0.00675000 -0.03600000
v 0.01316300 0.00760000 -0.03600000
v 0.01316300 0.00760000 -0.03600000
v -0.00147200 0.01265000 -0.03600000
v -0.00147200 0.01265000 -0.03200000
v -0.00147200 0.01265000 -0.03200000
v -0.00085000 0.01202800 -0.03600000
v -0.00085000 0.01202800 -0.03600000
v -0.00085000 0.01202800 -0.03200000
v -0.00085000 0.01202800 -0.03600000
v -0.00085000 0.01202800 -0.03200000
v -0.00085000 0.01202800 -0.03200000
v -0.00000000 0.01180000 -0.03600000
v -0.00000000 0.01180000 -0.03600000
v -0.00000000 0.01180000 -0.03200000
v -0.00000000 0.01180000 -0.03600000
v -0.00000000 0.01180000 -0.03200000
v -0.00000000 0.01180000 -0.03200000
v 0.00085000 0.01202800 -0.03600000
v 0.00085000 0.01202800 -0.03600000
v 0.00085000 0.01202800 -0.03200000
v 0.00085000 0.01202800 -0.03600000
v 0.00085000 0.01202800 -0.03200000
v 0.00085000 0.01202800 -0.03200000
v 0.00147200 0.01265000 -0.03600000
v 0.00147200 0.01265000 -0.03600000
v 0.00147200 0.01265000 -0.03200000
v 0.00147200 0.01265000 -0.03600000
v 0.00147200 0.01265000 -0.03200000
v 0.00147200 0.01265000 -0.03200000
v 0.00170000 0.01350000 -0.03600000
v 0.00170000 0.01350000 -0.03600000
v 0.00170000 0.01350000 -0.03200000
v 0.00170000 0.01350000 -0.03600000
v 0.00170000 0.01350000 -0.03200000
v 0.00170000 0.01350000 -0.03200000
v 0.00147200 0.01435000 -0.03600000
v 0.00147200 0.01435000 -0.03600000
v 0.00147200 0.01435000 -0.03200000
v 0.00147200 0.01435000 -0.03600000
v 0.00147200 0.01435000 -0.03200000
v 0.00147200 0.01435000 -0.03200000
v 0.00085000 0.01497200 -0.03600000
v 0.00085000 0.01497200 -0.03600000
v 0.00085000 0.01497200 -0.03200000
v 0.00085000 0.01497200 -0.03600000
v 0.00085000 0.01497200 -0.03200000
v 0.00085000 0.01497200 -0.03200000
v -0.00000000 0.01520000 -0.03600000
v -0.00000000 0.01520000 -0.03600000
v -0.00000000 0.01520000 -0.03200000
v -0.00000000 0.01520000 -0.03600000
v -0.00000000 0.01520000 -0.03200000
v -0.00000000 0.01520000 -0.03200000
v -0.00085000 0.01497200 -0.03600000
v -0.00085000 0.01497200 -0.03600000
v -0.00085000 0.01497200 -0.03200000
v -0.00085000 0.01497200 -0.03600000
v -0.00085000 0.01497200 -0.03200000
v -0.00085000 0.01497200 -0.03200000
v -0.00147200 0.01435000 -0.03600000
v -0.00147200 0.01435000 -0.03600000
v -0.00147200 0.01435000 -0.03200000
v -0.00147200 0.01435000 -0.03600000
v -0.00147200 0.01435000 -0.03200000
v -0.00147200 0.01435000 -0.03200000
v -0.00170000 0.01350000 -0.03600000
v -0.00170000 0.01350000 -0.03600000
v -0.00170000 0.01350000 -0.03200000
v -0.00170000 0.01350000 -0.03600000
v -0.00170000 0.01350000 -0.03200000
v -0.00170000 0.01350000 -0.03200000
v -0.00147200 0.01265000 -0.03600000
v -0.00147200 0.01265000 -0.03600000
v -0.00147200 0.01265000 -0.03200000
v -0.01729900 -0.00323700 -0.03200000
v -0.01729900 -0.00323700 -0.03200000
v -0.01729900 -0.00323700 -0.03200000
v -0.01729900 -0.00323700 -0.03200000
v -0.01759700 -0.00378900 -0.03200000
v -0.01759700 -0.00378900 -0.03200000
v -0.01759700 -0.00378900 -0.03200000
v -0.01145300 -0.01336200 -0.03200000
v -0.01145300 -0.01336200 -0.03200000
v -0.01145300 -0.01336200 -0.03200000
v -0.01145300 -0.01336200 -0.03200000
v -0.01145300 -0.01336200 -0.03200000
v -0.01145300 -0.01336200 -0.03200000
v -0.01145300 -0.01336200 -0.03200000
v -0.01663700 -0.00687200 -0.03200000
v -0.01663700 -0.00687200 -0.03200000
v -0.01490000 -0.01009800 -0.03200000
v -0.01490000 -0.01009800 -0.03200000
v -0.01169100 -0.00000000 -0.03200000
v -0.01169100 -0.00000000 -0.03200000
v -0.01169100 -0.00000000 -0.03200000
v -0.01169100 -0.00000000 -0.03200000
v -0.01169100 -0.00000000 -0.03200000
v -0.01169100 -0.00000000 -0.03200000
v -0.01795500 0.00127200 -0.03200000
v -0.01795500 0.00127200 -0.03200000
v -0.01795500 -0.00127200 -0.03200000
v -0.01795500 -0.00127200 -0.03200000
v -0.01169100 0.00505000 -0.03200000
v -0.01169100 0.00505000 -0.03200000
v -0.01254100 0.00527800 -0.03200000
v -0.01664700 0.00684700 -0.03200000
v -0.01759700 0.00378900 -0.03200000
v -0.01759700 0.00378900 -0.03200000
v -0.01316400 0.00590000 -0.03200000
v -0.01339100 0.00675000 -0.03200000
v -0.01339100 0.00675000 -0.03200000
v -0.01511700 0.00977100 -0.03200000
v -0.01511700 0.00977100 -0.03200000
v -0.01316400 0.00760000 -0.03200000
v -0.01316400 0.00760000 -0.03200000
v -0.01316400 0.00760000 -0.03200000
v -0.01307900 0.01236600 -0.03200000
v -0.01307900 0.01236600 -0.03200000
v -0.01307900 0.01236600 -0.03200000
v -0.01254100 0.00822200 -0.03200000
v -0.01254100 0.00822200 -0.03200000
v -0.01254100 0.00822200 -0.03200000
v -0.01060200 0.01454600 -0.03200000
v -0.01060200 0.01454600 -0.03200000
v -0.01060200 0.01454600 -0.03200000
v -0.01169100 0.00845000 -0.03200000
v -0.01169100 0.00845000 -0.03200000
v -0.01169100 0.00845000 -0.03200000
v -0.00900100 0.01558800 -0.03200000
v -0.00900100 0.01558800 -0.03200000
v -0.00900100 0.01558800 -0.03200000
v -0.00900100 0.01558800 -0.03200000
v -0.00900100 0.01558800 -0.03200000
v -0.01084100 0.00822200 -0.03200000
v -0.01084100 0.00822200 -0.03200000
v -0.01084100 0.00822200 -0.03200000
v -0.00292300 0.00506200 -0.03200000
v -0.00292300 0.00506200 -0.03200000
v -0.00292300 0.00506200 -0.03200000
v -0.00292300 0.00506200 -0.03200000
v -0.00292300 0.00506200 -0.03200000
v -0.00292300 0.00506200 -0.03200000
v -0.00292300 0.00506200 -0.03200000
v -0.00292300 0.00506200 -0.03200000
v -0.00292300 0.00506200 -0.03200000
v -0.00292300 0.00506200 -0.03200000
v -0.00292300 0.00506200 -0.03200000
v -0.01021900 0.00760000 -0.03200000
v -0.01021900 0.00760000 -0.03200000
v -0.00999100 0.00675000 -0.03200000
v -0.00999100 0.00675000 -0.03200000
v -0.01021900 0.00590000 -0.03200000
v -0.01021900 0.00590000 -0.03200000
v -0.01021900 0.00590000 -0.03200000
v -0.01084100 0.00527800 -0.03200000
v -0.01084100 0.00527800 -0.03200000
v -0.00085000 0.01497200 -0.03200000
v -0.00000000 0.01520000 -0.03200000
v -0.00047600 0.02107400 -0.03200000
v -0.00047600 0.02107400 -0.03200000
v -0.00047600 0.02107400 -0.03200000
v -0.00047600 0.02107400 -0.03200000
v -0.00047600 0.02107400 -0.03200000
v -0.00047600 0.02107400 -0.03200000
v -0.00047600 0.02107400 -0.03200000
v -0.00720000 0.02250000 -0.03200000
v -0.00720000 0.01713900 -0.03200000
v -0.00720000 0.01713900 -0.03200000
v -0.00147200 0.01435000 -0.03200000
v -0.00147200 0.01435000 -0.03200000
v -0.00147200 0.01435000 -0.03200000
v -0.00726900 0.01677300 -0.03200000
v -0.00726900 0.01677300 -0.03200000
v -0.00726900 0.01677300 -0.03200000
v -0.00170000 0.01350000 -0.03200000
v -0.00170000 0.01350000 -0.03200000
v -0.00170000 0.01350000 -0.03200000
v -0.00170000 0.01350000 -0.03200000
v -0.00746800 0.01645800 -0.03200000
v -0.00746800 0.01645800 -0.03200000
v -0.00776800 0.01623700 -0.03200000
v -0.00776800 0.01623700 -0.03200000
v -0.00147200 0.01265000 -0.03200000
v -0.00147200 0.01265000 -0.03200000
v -0.00147200 0.01265000 -0.03200000
v -0.00085000 0.01202800 -0.03200000
v -0.00085000 0.01202800 -0.03200000
v 0.00085000 0.01497200 -0.03200000
v 0.00085000 0.01497200 -0.03200000
v 0.00147200 0.01435000 -0.03200000
v 0.00147200 0.01435000 -0.03200000
v 0.00147200 0.01435000 -0.03200000
v 0.00584600 0.01012500 -0.03200000
v 0.00584600 0.01012500 -0.03200000
v 0.00584600 0.01012500 -0.03200000
v 0.00584600 0.01012500 -0.03200000
v 0.00584600 0.01012500 -0.03200000
v 0.00584600 0.01012500 -0.03200000
v 0.00584600 0.01012500 -0.03200000
v 0.00584600 0.01012500 -0.03200000
v 0.00170000 0.01350000 -0.03200000
v 0.00170000 0.01350000 -0.03200000
v 0.00147200 0.01265000 -0.03200000
v 0.00147200 0.01265000 -0.03200000
v 0.00085000 0.01202800 -0.03200000
v 0.00085000 0.01202800 -0.03200000
v 0.00085000 0.01202800 -0.03200000
v -0.00000000 0.01180000 -0.03200000
v -0.00000000 0.01180000 -0.03200000
v -0.00720000 0.02250000 -0.03200000
v -0.00727600 0.02288300 -0.03200000
v -0.00727600 0.02288300 -0.03200000
v -0.00733400 0.02300000 -0.03200000
v -0.00733400 0.02300000 -0.03200000
v 0.00720000 0.01713900 -0.03200000
v 0.00720000 0.01713900 -0.03200000
v 0.00720000 0.02250000 -0.03200000
v 0.00720000 0.02250000 -0.03200000
v 0.00733400 0.02300000 -0.03200000
v 0.00733400 0.02300000 -0.03200000
v 0.01089600 0.01432800 -0.03200000
v 0.01089600 0.01432800 -0.03200000
v 0.01089600 0.01432800 -0.03200000
v 0.01089600 0.01432800 -0.03200000
v 0.00776800 0.01623700 -0.03200000
v 0.00776800 0.01623700 -0.03200000
v 0.00746800 0.01645800 -0.03200000
v 0.00746800 0.01645800 -0.03200000
v 0.00746800 0.01645800 -0.03200000
v 0.00726900 0.01677300 -0.03200000
v 0.00726900 0.01677300 -0.03200000
v 0.01021900 0.00590000 -0.03200000
v 0.01021900 0.00590000 -0.03200000
v 0.00999100 0.00675000 -0.03200000
v 0.00999100 0.00675000 -0.03200000
v 0.01021900 0.00760000 -0.03200000
v 0.01021900 0.00760000 -0.03200000
v 0.01021900 0.00760000 -0.03200000
v 0.01254100 0.00527800 -0.03200000
v 0.01169100 0.00505000 -0.03200000
v 0.01169100 0.00505000 -0.03200000
v 0.01169100 0.00000000 -0.03200000
v 0.01169100 0.00000000 -0.03200000
v 0.01169100 0.00000000 -0.03200000
v 0.01169100 0.00000000 -0.03200000
v 0.01169100 0.00000000 -0.03200000
v 0.01169100 0.00000000 -0.03200000
v 0.01169100 0.00000000 -0.03200000
v 0.01169100 0.00000000 -0.03200000
v 0.01084100 0.00527800 -0.03200000
v 0.01084100 0.00527800 -0.03200000
v 0.01316300 0.00590000 -0.03200000
v 0.01790100 0.00188600 -0.03200000
v 0.01790100 0.00188600 -0.03200000
v 0.01339100 0.00675000 -0.03200000
v 0.01714800 0.00547200 -0.03200000
v 0.01316300 0.00760000 -0.03200000
v 0.01316300 0.00760000 -0.03200000
v 0.01568500 0.00883100 -0.03200000
v 0.01568500 0.00883100 -0.03200000
v 0.01568500 0.00883100 -0.03200000
v 0.01254100 0.00822200 -0.03200000
v 0.01254100 0.00822200 -0.03200000
v 0.01254100 0.00822200 -0.03200000
v 0.01357100 0.01182400 -0.03200000
v 0.01357100 0.01182400 -0.03200000
v 0.01357100 0.01182400 -0.03200000
v 0.01169100 0.00845000 -0.03200000
v 0.01169100 0.00845000 -0.03200000
v 0.01169100 0.00845000 -0.03200000
v 0.01084100 0.00822200 -0.03200000
v 0.01084100 0.00822200 -0.03200000
v 0.01791200 -0.00177800 -0.03200000
v 0.01791200 -0.00177800 -0.03200000
v 0.01718100 -0.00536900 -0.03200000
v 0.01718100 -0.00536900 -0.03200000
v 0.01718100 -0.00536900 -0.03200000
v 0.01084100 -0.00527800 -0.03200000
v 0.01084100 -0.00527800 -0.03200000
v 0.01021900 -0.00590000 -0.03200000
v 0.01021900 -0.00590000 -0.03200000
v 0.01021900 -0.00590000 -0.03200000
v 0.00292300 -0.00506200 -0.03200000
v 0.00292300 -0.00506200 -0.03200000
v 0.00292300 -0.00506200 -0.03200000
v 0.00292300 -0.00506200 -0.03200000
v 0.00292300 -0.00506200 -0.03200000
v 0.00292300 -0.00506200 -0.03200000
v 0.00292300 -0.00506200 -0.03200000
v 0.00292300 -0.00506200 -0.03200000
v 0.00292300 -0.00506200 -0.03200000
v 0.00292300 -0.00506200 -0.03200000
v 0.00292300 -0.00506200 -0.03200000
v 0.00999100 -0.00675000 -0.03200000
v 0.00999100 -0.00675000 -0.03200000
v 0.01169100 -0.00505000 -0.03200000
v 0.01169100 -0.00505000 -0.03200000
v 0.01254100 -0.00527800 -0.03200000
v 0.01254100 -0.00527800 -0.03200000
v 0.01254100 -0.00527800 -0.03200000
v 0.01316400 -0.00590000 -0.03200000
v 0.01316400 -0.00590000 -0.03200000
v 0.01339100 -0.00675000 -0.03200000
v 0.01339100 -0.00675000 -0.03200000
v 0.01573800 -0.00873700 -0.03200000
v 0.01316400 -0.00760000 -0.03200000
v 0.01316400 -0.00760000 -0.03200000
v 0.01364200 -0.01174300 -0.03200000
v 0.01364200 -0.01174300 -0.03200000
v 0.01254100 -0.00822200 -0.03200000
v 0.01254100 -0.00822200 -0.03200000
v 0.01254100 -0.00822200 -0.03200000
v 0.01098200 -0.01426200 -0.03200000
v 0.01098200 -0.01426200 -0.03200000
v 0.01169100 -0.00845000 -0.03200000
v 0.01169100 -0.00845000 -0.03200000
v 0.01169100 -0.00845000 -0.03200000
v 0.00900200 -0.01558700 -0.03200000
v 0.00900200 -0.01558700 -0.03200000
v 0.00900200 -0.01558700 -0.03200000
v 0.00900200 -0.01558700 -0.03200000
v 0.00900200 -0.01558700 -0.03200000
v 0.00900200 -0.01558700 -0.03200000
v 0.01084100 -0.00822200 -0.03200000
v 0.01084100 -0.00822200 -0.03200000
v 0.01084100 -0.00822200 -0.03200000
v 0.01021900 -0.00760000 -0.03200000
v 0.01021900 -0.00760000 -0.03200000
v -0.00170000 -0.01350000 -0.03200000
v -0.00584600 -0.01012500 -0.03200000
v -0.00584600 -0.01012500 -0.03200000
v -0.00584600 -0.01012500 -0.03200000
v -0.00584600 -0.01012500 -0.03200000
v -0.00584600 -0.01012500 -0.03200000
v -0.00147200 -0.01435000 -0.03200000
v -0.00147200 -0.01435000 -0.03200000
v -0.00285900 -0.01777100 -0.03200000
v -0.00285900 -0.01777100 -0.03200000
v -0.00285900 -0.01777100 -0.03200000
v -0.00285900 -0.01777100 -0.03200000
v 0.00000000 -0.01180000 -0.03200000
v 0.00000000 -0.01180000 -0.03200000
v -0.00085000 -0.01202800 -0.03200000
v -0.00085000 -0.01202800 -0.03200000
v -0.00147200 -0.01265000 -0.03200000
v 0.00085000 -0.01202800 -0.03200000
v 0.00085000 -0.01202800 -0.03200000
v 0.00147200 -0.01265000 -0.03200000
v 0.00147200 -0.01265000 -0.03200000
v 0.00147200 -0.01265000 -0.03200000
v 0.00170000 -0.01350000 -0.03200000
v 0.00170000 -0.01350000 -0.03200000
v 0.00170000 -0.01350000 -0.03200000
v 0.00786600 -0.01619000 -0.03200000
v 0.00786600 -0.01619000 -0.03200000
v 0.00147200 -0.01435000 -0.03200000
v 0.00147200 -0.01435000 -0.03200000
v 0.00442400 -0.01744800 -0.03200000
v 0.00442400 -0.01744800 -0.03200000
v 0.00085000 -0.01497200 -0.03200000
v 0.00085000 -0.01497200 -0.03200000
v 0.00085000 -0.01497200 -0.03200000
v 0.00079900 -0.01798200 -0.03200000
v 0.00079900 -0.01798200 -0.03200000
v 0.00000000 -0.01520000 -0.03200000
v 0.00000000 -0.01520000 -0.03200000
v 0.00000000 -0.01520000 -0.03200000
v -0.00085000 -0.01497200 -0.03200000
v -0.00085000 -0.01497200 -0.03200000
v -0.01254700 -0.01290700 -0.03200000
v -0.01254700 -0.01290700 -0.03200000
v -0.00967300 -0.01518000 -0.03200000
v -0.00967300 -0.01518000 -0.03200000
v -0.00639800 -0.01682400 -0.03200000
v -0.00639800 -0.01682400 -0.03200000
v -0.01169100 -0.00505000 -0.03200000
v -0.01169100 -0.00505000 -0.03200000
v -0.01084100 -0.00527800 -0.03200000
v -0.01084100 -0.00527800 -0.03200000
v -0.01254100 -0.00527800 -0.03200000
v -0.01316300 -0.00590000 -0.03200000
v -0.01316300 -0.00590000 -0.03200000
v -0.01021900 -0.00590000 -0.03200000
v -0.01021900 -0.00590000 -0.03200000
v -0.01169100 -0.00845000 -0.03200000
v -0.01169100 -0.00845000 -0.03200000
v -0.01254100 -0.00822200 -0.03200000
v -0.01254100 -0.00822200 -0.03200000
v -0.01316300 -0.00760000 -0.03200000
v -0.01316300 -0.00760000 -0.03200000
v -0.01316300 -0.00760000 -0.03200000
v -0.01339100 -0.00675000 -0.03200000
v -0.01339100 -0.00675000 -0.03200000
v -0.00999100 -0.00675000 -0.03200000
v -0.00999100 -0.00675000 -0.03200000
v -0.01021900 -0.00760000 -0.03200000
v -0.01021900 -0.00760000 -0.03200000
v -0.01021900 -0.00760000 -0.03200000
v -0.01084100 -0.00822200 -0.03200000
v -0.01084100 -0.00822200 -0.03200000
v -0.01316400 0.00590000 -0.03600000
v -0.01316400 0.00590000 -0.03200000
v -0.01316400 0.00590000 -0.03200000
v -0.01254100 0.00527800 -0.03600000
v -0.01254100 0.00527800 -0.03600000
v -0.01254100 0.00527800 -0.03200000
v -0.01254100 0.00527800 -0.03600000
v -0.01254100 0.00527800 -0.03200000
v -0.01254100 0.00527800 -0.03200000
v -0.01169100 0.00505000 -0.03600000
v -0.01169100 0.00505000 -0.03600000
v -0.01169100 0.00505000 -0.03200000
v -0.01169100 0.00505000 -0.03600000
v -0.01169100 0.00505000 -0.03200000
v -0.01169100 0.00505000 -0.03200000
v -0.01084100 0.00527800 -0.03600000
v -0.01084100 0.00527800 -0.03600000
v -0.01084100 0.00527800 -0.03200000
v -0.01084100 0.00527800 -0.03600000
v -0.01084100 0.00527800 -0.03200000
v -0.01084100 0.00527800 -0.03200000
v -0.01021900 0.00590000 -0.03600000
v -0.01021900 0.00590000 -0.03600000
v -0.01021900 0.00590000 -0.03200000
v -0.01021900 0.00590000 -0.03600000
v -0.01021900 0.00590000 -0.03200000
v -0.01021900 0.00590000 -0.03200000
v -0.00999100 0.00675000 -0.03600000
v -0.00999100 0.00675000 -0.03600000
v -0.00999100 0.00675000 -0.03200000
v -0.00999100 0.00675000 -0.03600000
v -0.00999100 0.00675000 -0.03200000
v -0.00999100 0.00675000 -0.03200000
v -0.01021900 0.00760000 -0.03600000
v -0.01021900 0.00760000 -0.03600000
v -0.01021900 0.00760000 -0.03200000
v -0.01021900 0.00760000 -0.03600000
v -0.01021900 0.00760000 -0.03200000
v -0.01084100 0.00822200 -0.03600000
v -0.01084100 0.00822200 -0.03200000
v -0.01084100 0.00822200 -0.03600000
v -0.01084100 0.00822200 -0.03200000
v -0.01084100 0.00822200 -0.03200000
v -0.01169100 0.00845000 -0.03600000
v -0.01169100 0.00845000 -0.03600000
v -0.01169100 0.00845000 -0.03200000
v -0.01169100 0.00845000 -0.03600000
v -0.01169100 0.00845000 -0.03200000
v -0.01169100 0.00845000 -0.03200000
v -0.01254100 0.00822200 -0.03600000
v -0.01254100 0.00822200 -0.03600000
v -0.01254100 0.00822200 -0.03200000
v -0.01254100 0.00822200 -0.03600000
v -0.01254100 0.00822200 -0.03200000
v -0.01316400 0.00760000 -0.03600000
v -0.01316400 0.00760000 -0.03200000
v -0.01316400 0.00760000 -0.03600000
v -0.01316400 0.00760000 -0.03200000
v -0.01316400 0.00760000 -0.03200000
v -0.01339100 0.00675000 -0.03600000
v -0.01339100 0.00675000 -0.03600000
v -0.01339100 0.00675000 -0.03200000
v -0.01339100 0.00675000 -0.03600000
v -0.01339100 0.00675000 -0.03200000
v -0.01339100 0.00675000 -0.03200000
v -0.01316400 0.00590000 -0.03600000
v -0.01316400 0.00590000 -0.03600000
v -0.01316400 0.00590000 -0.03200000
v -0.01316300 -0.00760000 -0.03600000
v -0.01316300 -0.00760000 -0.03200000
v -0.01254100 -0.00822200 -0.03600000
v -0.01254100 -0.00822200 -0.03200000
v -0.01254100 -0.00822200 -0.03600000
v -0.01254100 -0.00822200 -0.03200000
v -0.01254100 -0.00822200 -0.03200000
v -0.01169100 -0.00845000 -0.03600000
v -0.01169100 -0.00845000 -0.03600000
v -0.01169100 -0.00845000 -0.03200000
v -0.01169100 -0.00845000 -0.03600000
v -0.01169100 -0.00845000 -0.03200000
v -0.01169100 -0.00845000 -0.03200000
v -0.01084100 -0.00822200 -0.03600000
v -0.01084100 -0.00822200 -0.03600000
v -0.01084100 -0.00822200 -0.03200000
v -0.01084100 -0.00822200 -0.03600000
v -0.01084100 -0.00822200 -0.03200000
v -0.01021900 -0.00760000 -0.03600000
v -0.01021900 -0.00760000 -0.03200000
v -0.01021900 -0.00760000 -0.03600000
v -0.01021900 -0.00760000 -0.03200000
v -0.01021900 -0.00760000 -0.03200000
v -0.00999100 -0.00675000 -0.03600000
v -0.00999100 -0.00675000 -0.03600000
v -0.00999100 -0.00675000 -0.03200000
v -0.00999100 -0.00675000 -0.03600000
v -0.00999100 -0.00675000 -0.03200000
v -0.00999100 -0.00675000 -0.03200000
v -0.01021900 -0.00590000 -0.03600000
v -0.01021900 -0.00590000 -0.03600000
v -0.01021900 -0.00590000 -0.03200000
v -0.01021900 -0.00590000 -0.03600000
v -0.01021900 -0.00590000 -0.03200000
v -0.01021900 -0.00590000 -0.03200000
v -0.01084100 -0.00527800 -0.03600000
v -0.01084100 -0.00527800 -0.03600000
v -0.01084100 -0.00527800 -0.03200000
v -0.01084100 -0.00527800 -0.03600000
v -0.01084100 -0.00527800 -0.03200000
v -0.01084100 -0.00527800 -0.03200000
v -0.01169100 -0.00505000 -0.03600000
v -0.01169100 -0.00505000 -0.03600000
v -0.01169100 -0.00505000 -0.03200000
v -0.01169100 -0.00505000 -0.03600000
v -0.01169100 -0.00505000 -0.03200000
v -0.01169100 -0.00505000 -0.03200000
v -0.01254100 -0.00527800 -0.03600000
v -0.01254100 -0.00527800 -0.03600000
v -0.01254100 -0.00527800 -0.03200000
v -0.01254100 -0.00527800 -0.03600000
v -0.01254100 -0.00527800 -0.03200000
v -0.01254100 -0.00527800 -0.03200000
v -0.01316300 -0.00590000 -0.03600000
v -0.01316300 -0.00590000 -0.03600000
v -0.01316300 -0.00590000 -0.03200000
v -0.01316300 -0.00590000 -0.03600000
v -0.01316300 -0.00590000 -0.03200000
v -0.01316300 -0.00590000 -0.03200000
v -0.01339100 -0.00675000 -0.03600000
v -0.01339100 -0.00675000 -0.03600000
v -0.01339100 -0.00675000 -0.03200000
v -0.01339100 -0.00675000 -0.03600000
v -0.01339100 -0.00675000 -0.03200000
v -0.01339100 -0.00675000 -0.03200000
v -0.01316300 -0.00760000 -0.03600000
v -0.01316300 -0.00760000 -0.03600000
v -0.01316300 -0.00760000 -0.03200000
v -0.00147200 -0.01435000 -0.03600000
v -0.00147200 -0.01435000 -0.03200000
v -0.00147200 -0.01435000 -0.03200000
v -0.00085000 -0.01497200 -0.03600000
v -0.00085000 -0.01497200 -0.03600000
v -0.00085000 -0.01497200 -0.03200000
v -0.00085000 -0.01497200 -0.03600000
v -0.00085000 -0.01497200 -0.03200000
v -0.00085000 -0.01497200 -0.03200000
v 0.00000000 -0.01520000 -0.03600000
v 0.00000000 -0.01520000 -0.03600000
v 0.00000000 -0.01520000 -0.03200000
v 0.00000000 -0.01520000 -0.03600000
v 0.00000000 -0.01520000 -0.03200000
v 0.00000000 -0.01520000 -0.03200000
v 0.00085000 -0.01497200 -0.03600000
v 0.00085000 -0.01497200 -0.03600000
v 0.00085000 -0.01497200 -0.03200000
v 0.00085000 -0.01497200 -0.03600000
v 0.00085000 -0.01497200 -0.03200000
v 0.00085000 -0.01497200 -0.03200000
v 0.00147200 -0.01435000 -0.03600000
v 0.00147200 -0.01435000 -0.03600000
v 0.00147200 -0.01435000 -0.03200000
v 0.00147200 -0.01435000 -0.03600000
v 0.00147200 -0.01435000 -0.03200000
v 0.00147200 -0.01435000 -0.03200000
v 0.00170000 -0.01350000 -0.03600000
v 0.00170000 -0.01350000 -0.03600000
v 0.00170000 -0.01350000 -0.03200000
v 0.00170000 -0.01350000 -0.03600000
v 0.00170000 -0.01350000 -0.03200000
v 0.00170000 -0.01350000 -0.03200000
v 0.00147200 -0.01265000 -0.03600000
v 0.00147200 -0.01265000 -0.03600000
v 0.00147200 -0.01265000 -0.03200000
v 0.00147200 -0.01265000 -0.03600000
v 0.00147200 -0.01265000 -0.03200000
v 0.00147200 -0.01265000 -0.03200000
v 0.00085000 -0.01202800 -0.03600000
v 0.00085000 -0.01202800 -0.03600000
v 0.00085000 -0.01202800 -0.03200000
v 0.00085000 -0.01202800 -0.03600000
v 0.00085000 -0.01202800 -0.03200000
v 0.00085000 -0.01202800 -0.03200000
v 0.00000000 -0.01180000 -0.03600000
v 0.00000000 -0.01180000 -0.03600000
v 0.00000000 -0.01180000 -0.03200000
v 0.00000000 -0.01180000 -0.03600000
v 0.00000000 -0.01180000 -0.03200000
v 0.00000000 -0.01180000 -0.03200000
v -0.00085000 -0.01202800 -0.03600000
v -0.00085000 -0.01202800 -0.03600000
v -0.00085000 -0.01202800 -0.03200000
v -0.00085000 -0.01202800 -0.03600000
v -0.00085000 -0.01202800 -0.03200000
v -0.00085000 -0.01202800 -0.03200000
v -0.00147200 -0.01265000 -0.03600000
v -0.00147200 -0.01265000 -0.03600000
v -0.00147200 -0.01265000 -0.03200000
v -0.00147200 -0.01265000 -0.03600000
v -0.00147200 -0.01265000 -0.03200000
v -0.00147200 -0.01265000 -0.03200000
v -0.00170000 -0.01350000 -0.03600000
v -0.00170000 -0.01350000 -0.03600000
v -0.00170000 -0.01350000 -0.03200000
v -0.00170000 -0.01350000 -0.03600000
v -0.00170000 -0.01350000 -0.03200000
v -0.00170000 -0.01350000 -0.03200000
v -0.00147200 -0.01435000 -0.03600000
v -0.00147200 -0.01435000 -0.03600000
v -0.00147200 -0.01435000 -0.03200000
v 0.01021900 -0.00760000 -0.03600000
v 0.01021900 -0.00760000 -0.03200000
v 0.01084100 -0.00822200 -0.03600000
v 0.01084100 -0.00822200 -0.03200000
v 0.01084100 -0.00822200 -0.03600000
v 0.01084100 -0.00822200 -0.03200000
v 0.01084100 -0.00822200 -0.03200000
v 0.01169100 -0.00845000 -0.03600000
v 0.01169100 -0.00845000 -0.03600000
v 0.01169100 -0.00845000 -0.03200000
v 0.01169100 -0.00845000 -0.03600000
v 0.01169100 -0.00845000 -0.03200000
v 0.01169100 -0.00845000 -0.03200000
v 0.01254100 -0.00822200 -0.03600000
v 0.01254100 -0.00822200 -0.03600000
v 0.01254100 -0.00822200 -0.03200000
v 0.01254100 -0.00822200 -0.03600000
v 0.01254100 -0.00822200 -0.03200000
v 0.01316400 -0.00760000 -0.03600000
v 0.01316400 -0.00760000 -0.03200000
v 0.01316400 -0.00760000 -0.03600000
v 0.01316400 -0.00760000 -0.03200000
v 0.01316400 -0.00760000 -0.03200000
v 0.01339100 -0.00675000 -0.03600000
v 0.01339100 -0.00675000 -0.03600000
v 0.01339100 -0.00675000 -0.03200000
v 0.01339100 -0.00675000 -0.03600000
v 0.01339100 -0.00675000 -0.03200000
v 0.01339100 -0.00675000 -0.03200000
v 0.01316400 -0.00590000 -0.03600000
v 0.01316400 -0.00590000 -0.03600000
v 0.01316400 -0.00590000 -0.03200000
v 0.01316400 -0.00590000 -0.03600000
v 0.01316400 -0.00590000 -0.03200000
v 0.01316400 -0.00590000 -0.03200000
v 0.01254100 -0.00527800 -0.03600000
v 0.01254100 -0.00527800 -0.03600000
v 0.01254100 -0.00527800 -0.03200000
v 0.01254100 -0.00527800 -0.03600000
v 0.01254100 -0.00527800 -0.03200000
v 0.01254100 -0.00527800 -0.03200000
v 0.01169100 -0.00505000 -0.03600000
v 0.01169100 -0.00505000 -0.03600000
v 0.01169100 -0.00505000 -0.03200000
v 0.01169100 -0.00505000 -0.03600000
v 0.01169100 -0.00505000 -0.03200000
v 0.01169100 -0.00505000 -0.03200000
v 0.01084100 -0.00527800 -0.03600000
v 0.01084100 -0.00527800 -0.03600000
v 0.01084100 -0.00527800 -0.03200000
v 0.01084100 -0.00527800 -0.03600000
v 0.01084100 -0.00527800 -0.03200000
v 0.01084100 -0.00527800 -0.03200000
v 0.01021900 -0.00590000 -0.03600000
v 0.01021900 -0.00590000 -0.03600000
v 0.01021900 -0.00590000 -0.03200000
v 0.01021900 -0.00590000 -0.03600000
v 0.01021900 -0.00590000 -0.03200000
v 0.01021900 -0.00590000 -0.03200000
v 0.00999100 -0.00675000 -0.03600000
v 0.00999100 -0.00675000 -0.03600000
v 0.00999100 -0.00675000 -0.03200000
v 0.00999100 -0.00675000 -0.03600000
v 0.00999100 -0.00675000 -0.03200000
v 0.00999100 -0.00675000 -0.03200000
v 0.01021900 -0.00760000 -0.03600000
v 0.01021900 -0.00760000 -0.03600000
v 0.01021900 -0.00760000 -0.03200000
v 0.01021900 0.00590000 -0.03600000
v 0.01021900 0.00590000 -0.03200000
v 0.01021900 0.00590000 -0.03200000
v 0.01084100 0.00527800 -0.03600000
v 0.01084100 0.00527800 -0.03600000
v 0.01084100 0.00527800 -0.03200000
v 0.01084100 0.00527800 -0.03600000
v 0.01084100 0.00527800 -0.03200000
v 0.01084100 0.00527800 -0.03200000
v 0.01169100 0.00505000 -0.03600000
v 0.01169100 0.00505000 -0.03600000
v 0.01169100 0.00505000 -0.03200000
v 0.01169100 0.00505000 -0.03600000
v 0.01169100 0.00505000 -0.03200000
v 0.01169100 0.00505000 -0.03200000
v 0.01254100 0.00527800 -0.03600000
v 0.01254100 0.00527800 -0.03600000
v 0.01254100 0.00527800 -0.03200000
v 0.01254100 0.00527800 -0.03600000
v 0.01254100 0.00527800 -0.03200000
v 0.01254100 0.00527800 -0.03200000
v 0.01316300 0.00590000 -0.03600000
v 0.01316300 0.00590000 -0.03600000
v 0.01316300 0.00590000 -0.03200000
v 0.01316300 0.00590000 -0.03600000
v 0.01316300 0.00590000 -0.03200000
v 0.01316300 0.00590000 -0.03200000
v 0.01339100 0.00675000 -0.03600000
v 0.01339100 0.00675000 -0.03600000
v 0.01339100 0.00675000 -0.03200000
v 0.01339100 0.00675000 -0.03600000
v 0.01339100 0.00675000 -0.03200000
v 0.01339100 0.00675000 -0.03200000
v 0.01316300 0.00760000 -0.03600000
v 0.01316300 0.00760000 -0.03600000
v 0.01316300 0.00760000 -0.03200000
v 0.01316300 0.00760000 -0.03600000
v 0.01316300 0.00760000 -0.03200000
v 0.01254100 0.00822200 -0.03600000
v 0.01254100 0.00822200 -0.03200000
v 0.01254100 0.00822200 -0.03600000
v 0.01254100 0.00822200 -0.03200000
v 0.01254100 0.00822200 -0.03200000
v 0.01169100 0.00845000 -0.03600000
v 0.01169100 0.00845000 -0.03600000
v 0.01169100 0.00845000 -0.03200000
v 0.01169100 0.00845000 -0.03600000
v 0.01169100 0.00845000 -0.03200000
v 0.01169100 0.00845000 -0.03200000
v 0.01084100 0.00822200 -0.03600000
v 0.01084100 0.00822200 -0.03600000
v 0.01084100 0.00822200 -0.03200000
v 0.01084100 0.00822200 -0.03600000
v 0.01084100 0.00822200 -0.03200000
v 0.01021900 0.00760000 -0.03600000
v 0.01021900 0.00760000 -0.03200000
v 0.01021900 0.00760000 -0.03600000
v 0.01021900 0.00760000 -0.03200000
v 0.01021900 0.00760000 -0.03200000
v 0.00999100 0.00675000 -0.03600000
v 0.00999100 0.00675000 -0.03600000
v 0.00999100 0.00675000 -0.03200000
v 0.00999100 0.00675000 -0.03600000
v 0.00999100 0.00675000 -0.03200000
v 0.00999100 0.00675000 -0.03200000
v 0.01021900 0.00590000 -0.03600000
v 0.01021900 0.00590000 -0.03600000
v 0.01021900 0.00590000 -0.03200000
v 0.00820000 0.02350000 -0.03250000
v 0.00820000 0.02350000 -0.03250000
v 0.00820000 0.02350000 -0.03250000
v 0.00820000 0.02350000 -0.03250000
v 0.01120000 0.02350000 -0.03600000
v 0.00034900 0.02350000 -0.03600000
v 0.00034900 0.02350000 -0.03600000
v 0.00034900 0.02350000 -0.03600000
v -0.00820000 0.02350000 -0.03250000
v -0.00820000 0.02350000 -0.03250000
v -0.00820000 0.02350000 -0.03250000
v -0.00820000 0.02350000 -0.03250000
v -0.00187600 0.02350000 -0.03600000
v -0.00187600 0.02350000 -0.03600000
v -0.01356800 0.02350000 -0.03600000
v -0.01356800 0.02350000 -0.03600000
v -0.01356800 0.02350000 -0.03600000
v -0.00947500 0.02350000 -0.03000000
v -0.00967900 0.02350000 -0.03076200
v -0.00820000 0.02350000 -0.03250000
v 0.00967900 0.02350000 -0.02923700
v 0.00947500 0.02350000 -0.03000000
v 0.00947500 0.02350000 -0.03000000
v 0.00820000 0.02350000 -0.02833700
v -0.00967900 0.02350000 -0.02923700
v -0.01023700 0.02350000 -0.02867900
v -0.01100000 0.02350000 -0.02847500
v -0.01176200 0.02350000 -0.02867900
v -0.01232100 0.02350000 -0.02923700
v -0.01232100 0.02350000 -0.02923700
v -0.01609600 0.02350000 -0.02487500
v -0.01609600 0.02350000 -0.02487500
v -0.01612400 0.02350000 -0.02506300
v -0.01612400 0.02350000 -0.02506300
v -0.01232100 0.02350000 -0.02923700
v -0.01252500 0.02350000 -0.03000000
v -0.01252500 0.02350000 -0.03000000
v -0.01252500 0.02350000 -0.03000000
v -0.01612400 0.02350000 -0.03550000
v -0.01612400 0.02350000 -0.03550000
v -0.01232100 0.02350000 -0.03076200
v -0.01232100 0.02350000 -0.03076200
v -0.01232100 0.02350000 -0.03076200
v -0.01522300 0.02350000 -0.03600000
v -0.01522300 0.02350000 -0.03600000
v -0.01522300 0.02350000 -0.03600000
v -0.01176200 0.02350000 -0.03132100
v -0.01176200 0.02350000 -0.03132100
v -0.01176200 0.02350000 -0.03132100
v -0.01356800 0.02350000 -0.03600000
v -0.01100000 0.02350000 -0.03152500
v -0.01100000 0.02350000 -0.03152500
v -0.01100000 0.02350000 -0.03152500
v -0.01023700 0.02350000 -0.03132100
v 0.01612400 0.02350000 -0.02506300
v 0.01612400 0.02350000 -0.02506300
v 0.01612400 0.02350000 -0.02506300
v 0.01357900 0.02350000 -0.02618900
v 0.01611200 0.02350000 -0.02493400
v 0.01604100 0.02350000 -0.02475800
v 0.00820000 0.02350000 -0.03250000
v 0.00967900 0.02350000 -0.03076200
v 0.00967900 0.02350000 -0.03076200
v 0.01023700 0.02350000 -0.03132100
v 0.01023700 0.02350000 -0.03132100
v 0.01120000 0.02350000 -0.03600000
v 0.01100000 0.02350000 -0.03152500
v 0.01100000 0.02350000 -0.03152500
v 0.01522300 0.02350000 -0.03600000
v 0.01522300 0.02350000 -0.03600000
v 0.01176200 0.02350000 -0.03132100
v 0.01176200 0.02350000 -0.03132100
v 0.01176200 0.02350000 -0.03132100
v 0.01612400 0.02350000 -0.03550000
v 0.01612400 0.02350000 -0.03550000
v 0.01232100 0.02350000 -0.03076200
v 0.01232100 0.02350000 -0.03076200
v 0.01232100 0.02350000 -0.03076200
v 0.01252500 0.02350000 -0.03000000
v 0.01252500 0.02350000 -0.03000000
v 0.01232100 0.02350000 -0.02923700
v 0.01232100 0.02350000 -0.02923700
v 0.01176200 0.02350000 -0.02867900
v 0.01094300 0.02350000 -0.02739500
v 0.01100000 0.02350000 -0.02847500
v 0.01023700 0.02350000 -0.02867900
v 0.01179300 0.02250000 -0.02594500
v 0.01156300 0.01666300 -0.02604900
v 0.01311900 0.02250000 -0.02530100
v 0.01273200 0.01558700 -0.02549800
v 0.01527500 0.02250000 -0.02406000
v 0.01348500 0.01479400 -0.02510800
v 0.01451300 0.01355400 -0.02452800
v 0.01543700 0.01224400 -0.02395700
v 0.01596500 0.02198100 -0.02360900
v 0.01738300 0.02079700 -0.02258500
v 0.01625800 0.01086700 -0.02340700
v 0.01697900 0.00942600 -0.02289000
v 0.01717900 0.00897100 -0.02274100
v 0.01772900 0.00755200 -0.02231400
v 0.01817900 0.00610500 -0.02194900
v 0.01864500 0.00527200 -0.02155500
v 0.01867800 0.00549600 -0.02152600
v 0.01870500 0.00582500 -0.02150300
v 0.01847500 0.00490000 -0.02170000
v 0.01850300 0.00491600 -0.02167700
v 0.01851200 0.00492300 -0.02166900
v 0.01855400 0.00497900 -0.02163300
v 0.01859000 0.00506000 -0.02160300
v 0.00792200 0.02250000 -0.02737700
v 0.00792200 0.01908700 -0.02737700
v 0.01057200 0.02250000 -0.02646700
v 0.00902800 0.01847800 -0.02703200
v 0.01032800 0.01762700 -0.02656300
v -0.02126800 0.01000000 -0.02752500
v -0.02126800 0.01000000 -0.02752500
v -0.02126800 0.01000000 -0.02752500
v -0.02126800 0.01000000 -0.02752500
v -0.02126800 0.01800800 -0.03107000
v -0.02126800 0.01800800 -0.03107000
v -0.02126800 0.01743400 -0.03100000
v -0.02126800 0.01743400 -0.03100000
v -0.02126800 0.01820300 -0.03113100
v -0.02126800 0.01820300 -0.03113100
v -0.02126800 0.01820300 -0.03113100
v -0.02126800 0.01076200 -0.02732100
v -0.02126800 0.01076200 -0.02732100
v -0.02126800 0.01076200 -0.02732100
v -0.02126800 0.01851500 -0.03128400
v -0.02126800 0.00923700 -0.02467900
v -0.02126800 0.00867900 -0.02523700
v -0.02126800 0.00700000 -0.02200000
v -0.02126800 0.00847500 -0.02600000
v -0.02126800 0.00700000 -0.02900000
v -0.02126800 0.00867900 -0.02676200
v -0.02126800 0.00685100 -0.02993200
v -0.02126800 0.00923700 -0.02732100
v -0.02126800 0.00642000 -0.03077200
v -0.02126800 0.00623600 -0.03100000
v -0.02126800 0.00623600 -0.03100000
v -0.02126800 0.01897200 -0.02200000
v -0.02126800 0.01076200 -0.02467900
v -0.02126800 0.01000000 -0.02447500
v -0.02126800 0.01897200 -0.03200000
v -0.02126800 0.01892300 -0.03174800
v -0.02126800 0.01879400 -0.03152900
v -0.02126800 0.01876800 -0.03149800
v -0.02126800 0.01851500 -0.03128400
v -0.02126800 0.01851500 -0.03128400
v -0.02126800 0.01851500 -0.03128400
v -0.02126800 0.01132100 -0.02676200
v -0.02126800 0.01132100 -0.02676200
v -0.02126800 0.01152500 -0.02600000
v -0.02126800 0.01152500 -0.02600000
v -0.02126800 0.01132100 -0.02523700
v -0.02027300 -0.00400700 -0.03100000
v -0.02026800 -0.00400000 -0.03100000
v -0.02026800 0.00400000 -0.03100000
v -0.01857400 -0.00400000 -0.03100000
v -0.01895200 -0.00134200 -0.03100000
v -0.01895200 0.00134200 -0.03100000
v -0.01857400 0.00400000 -0.03100000
v -0.02749700 -0.00038200 -0.03100000
v -0.02070200 0.00463800 -0.03100000
v -0.02743600 0.00187000 -0.03100000
v -0.02084700 0.00487900 -0.03100000
v -0.02719100 0.00410900 -0.03100000
v -0.02114900 0.00554400 -0.03100000
v -0.02676300 0.00632100 -0.03100000
v -0.02126300 0.00610200 -0.03100000
v -0.02126800 0.00623600 -0.03100000
v -0.02113200 -0.00549600 -0.03100000
v -0.02657800 -0.00706200 -0.03100000
v -0.02114900 -0.00554400 -0.03100000
v -0.02118700 -0.00567200 -0.03100000
v -0.02706700 -0.00486300 -0.03100000
v -0.02506900 -0.01130400 -0.03100000
v -0.02406000 -0.01331800 -0.03100000
v -0.02126800 -0.00623600 -0.03100000
v -0.02107600 -0.00534600 -0.03100000
v -0.02081800 -0.00482900 -0.03100000
v -0.02080800 -0.00481200 -0.03100000
v -0.02126800 0.01743400 -0.03100000
v -0.02203000 0.01645900 -0.03100000
v -0.02330400 0.01460100 -0.03100000
v -0.02442100 0.01264400 -0.03100000
v -0.02591000 -0.00921400 -0.03100000
v -0.02288900 -0.01524200 -0.03100000
v -0.02126800 -0.00623600 -0.03100000
v -0.02156500 -0.01706500 -0.03100000
v -0.02126800 -0.01743400 -0.03100000
v -0.02737400 -0.00263100 -0.03100000
v -0.02027300 0.00400700 -0.03100000
v -0.02040900 0.00420000 -0.03100000
v -0.02537400 0.01060300 -0.03100000
v -0.02615600 0.00849100 -0.03100000
v -0.02076600 -0.00474100 -0.03100000
v -0.02054700 -0.00440000 -0.03100000
v -0.02040900 -0.00420000 -0.03100000
v 0.02131700 0.00190200 -0.02199000
v 0.02186700 0.01695400 -0.02441000
v 0.02130900 0.00532600 -0.02190900
v 0.02171300 0.01717700 -0.02395200
v 0.02151000 0.01746200 -0.02318900
v 0.02136100 0.01766700 -0.02235900
v 0.02130900 0.01773600 -0.02190900
v 0.02131800 0.00132600 -0.02200300
v 0.02131700 -0.00182700 -0.02199200
v 0.02186700 -0.01695400 -0.02441100
v 0.02130900 -0.00532600 -0.02190900
v 0.02130900 -0.01773600 -0.02190900
v 0.02135000 -0.01768100 -0.02228100
v 0.02139300 -0.01762300 -0.02257500
v 0.02154700 -0.01741200 -0.02334500
v 0.02175700 -0.01711400 -0.02409000
v 0.02196900 0.01680400 -0.02467900
v 0.02194200 0.00011300 -0.02460900
v 0.02223100 0.01640800 -0.02528100
v 0.02202100 -0.01672800 -0.02480700
v 0.02206500 -0.01666200 -0.02491200
v 0.02238700 -0.01616300 -0.02559700
v 0.02274700 -0.01557400 -0.02623500
v 0.02313800 -0.01489300 -0.02682300
v 0.02330200 -0.01459200 -0.02704500
v 0.02313200 0.00030000 -0.02681500
v 0.02296900 0.01519300 -0.02658000
v 0.02258300 0.01584800 -0.02595700
v 0.02468000 0.01161000 -0.02852300
v 0.02421800 0.01271600 -0.02809200
v 0.02375400 0.01371100 -0.02759900
v 0.02329800 0.01460000 -0.02704000
v 0.02584900 -0.00796600 -0.02940500
v 0.02618300 -0.00650000 -0.02961100
v 0.02570900 0.00580500 -0.02931200
v 0.02546400 -0.00935400 -0.02914300
v 0.02374000 -0.01373900 -0.02758300
v 0.02418400 -0.01279300 -0.02805800
v 0.02462400 -0.01175100 -0.02847400
v 0.02503400 -0.01066100 -0.02881900
v 0.02642700 -0.00514800 -0.02975000
v 0.02664900 -0.00346500 -0.02986900
v 0.02678500 -0.00174700 -0.02993900
v 0.02611700 0.00681500 -0.02957200
v 0.02574900 0.00835300 -0.02933900
v 0.02532500 0.00979800 -0.02904300
v 0.02485700 0.01114900 -0.02867400
v 0.02683100 0.00000000 -0.02996200
v 0.02683000 0.00024300 -0.02996100
v 0.02677000 0.00201300 -0.02993100
v 0.02661700 0.00375800 -0.02985300
v 0.02637500 0.00546900 -0.02972100
v -0.01933000 0.00700000 -0.02112700
v -0.01937900 0.01918200 -0.02110900
v -0.01919400 0.01927700 -0.02118400
v 0.01990300 -0.01886700 -0.02100400
v 0.01933000 -0.00630500 -0.02112700
v 0.01946000 -0.01914000 -0.02108300
v 0.01937900 -0.01918200 -0.02110900
v 0.01919400 -0.01927700 -0.02118400
v 0.02079600 -0.01942600 -0.02198200
v 0.02098700 -0.01914900 -0.02252500
v 0.02089100 -0.01927500 -0.02197300
v 0.02127600 -0.01819400 -0.02192700
v 0.02117200 -0.01864500 -0.02194500
v 0.02126400 -0.01844000 -0.02239400
v 0.02109400 0.01886300 -0.02195400
v 0.02123300 0.01842000 -0.02193600
v 0.02127700 0.01842600 -0.02247900
v 0.02100100 0.01913400 -0.02261800
v 0.02089100 0.01927500 -0.02197300
v 0.02055700 0.01973500 -0.02202000
v 0.02173700 -0.01785200 -0.02436100
v 0.02149200 -0.01816100 -0.02355100
v 0.02131400 -0.01838100 -0.02271400
v 0.02104300 -0.01908700 -0.02287500
v 0.02124500 -0.01885900 -0.02379100
v 0.02152200 -0.01853800 -0.02467700
v 0.02187000 -0.01812200 -0.02553000
v 0.02192700 -0.01805100 -0.02565400
v 0.02235300 -0.01751400 -0.02646800
v 0.02282900 -0.01687900 -0.02722400
v 0.02334700 -0.01614500 -0.02792000
v 0.02356400 -0.01582100 -0.02818200
v 0.02414700 -0.01490100 -0.02881600
v 0.02473700 -0.01388000 -0.02937400
v 0.02532500 -0.01275500 -0.02986000
v 0.02587500 -0.01157700 -0.03026200
v 0.02697000 -0.00865900 -0.03093600
v 0.02645100 -0.01016300 -0.03063600
v 0.02742000 -0.00706900 -0.03117000
v 0.02775000 -0.00560000 -0.03132800
v 0.02805000 -0.00377100 -0.03146200
v 0.02823400 -0.00190200 -0.03153900
v 0.02829700 0.00000000 -0.03156500
v 0.02850000 0.00000000 -0.03265000
v 0.02829500 0.00026500 -0.03156400
v 0.02821400 0.00219100 -0.03153000
v 0.02800600 0.00409000 -0.03144300
v 0.02767800 0.00594900 -0.03129500
v 0.02733100 0.00741100 -0.03112600
v 0.02683400 0.00907800 -0.03086100
v 0.02626500 0.01064300 -0.03052000
v 0.02563700 0.01210500 -0.03009400
v 0.02540000 0.01260300 -0.02991800
v 0.02478300 0.01379800 -0.02941400
v 0.02416500 0.01487000 -0.02883500
v 0.02355900 0.01582900 -0.02817600
v 0.02312300 0.01646800 -0.02763200
v 0.02261100 0.01717400 -0.02689400
v 0.02214700 0.01777800 -0.02609300
v 0.02180200 0.01820500 -0.02537800
v 0.02204400 -0.01745000 -0.02514000
v 0.02209500 -0.01738200 -0.02525300
v 0.02247100 -0.01686400 -0.02599700
v 0.02289100 -0.01625300 -0.02668700
v 0.02334800 -0.01554500 -0.02732200
v 0.02354000 -0.01523200 -0.02756100
v 0.02405400 -0.01434600 -0.02813800
v 0.02457600 -0.01336300 -0.02864600
v 0.02509500 -0.01227900 -0.02908800
v 0.02557900 -0.01114400 -0.02945200
v 0.02608700 -0.00978200 -0.02979100
v 0.02654500 -0.00833400 -0.03006200
v 0.02694200 -0.00680300 -0.03027300
v 0.02723200 -0.00538900 -0.03041400
v 0.02749700 -0.00362900 -0.03053400
v 0.02765900 -0.00183000 -0.03060300
v 0.02771400 0.00000000 -0.03062600
v 0.02771300 0.00025500 -0.03062500
v 0.02764100 0.00210800 -0.03059600
v 0.02745800 0.00393500 -0.03051700
v 0.02717000 0.00572500 -0.03038500
v 0.02686400 0.00713300 -0.03023300
v 0.02642600 0.00873800 -0.02999400
v 0.02592300 0.01024500 -0.02968600
v 0.02536900 0.01165200 -0.02930000
v 0.02516100 0.01213200 -0.02914000
v 0.02461600 0.01328300 -0.02868200
v 0.02407100 0.01431700 -0.02815600
v 0.02353500 0.01524000 -0.02755500
v 0.02315100 0.01585700 -0.02705900
v 0.02269900 0.01653700 -0.02638600
v 0.02228800 0.01711900 -0.02565500
v 0.02198400 0.01753000 -0.02500100
v 0.02683100 0.00000000 -0.02996200
v 0.02146500 0.01860600 -0.02451300
v 0.02119800 0.01891300 -0.02360600
v 0.02145000 0.01821300 -0.02338200
v 0.02168600 0.01791600 -0.02421100
v -0.02800000 0.00100000 -0.03598200
v -0.02848200 0.00100000 -0.03550000
v -0.02822900 0.00392100 -0.03550000
v -0.02800000 0.00100000 -0.03598200
v -0.01831200 0.02118200 -0.03600000
v -0.01831200 0.02118200 -0.03600000
v -0.01863900 0.02156000 -0.03550000
v -0.01522300 0.02350000 -0.03600000
v -0.01612400 0.02350000 -0.03550000
v -0.02773400 0.00385200 -0.03600000
v -0.02818000 0.00425900 -0.03550000
v -0.02689400 0.00779200 -0.03600000
v -0.02737400 0.00793100 -0.03550000
v -0.02710700 0.00880000 -0.03550000
v -0.02549800 0.01157000 -0.03600000
v -0.02595300 0.01177700 -0.03550000
v -0.02530900 0.01310400 -0.03550000
v -0.02357300 0.01510900 -0.03600000
v -0.02399500 0.01537900 -0.03550000
v -0.02283100 0.01705800 -0.03550000
v -0.02116200 0.01833500 -0.03600000
v -0.02153900 0.01866300 -0.03550000
v -0.01974200 0.02055400 -0.03550000
v -0.01863900 0.02156000 -0.03550000
v -0.01100000 0.01624900 -0.03000000
v -0.01208200 0.01700000 -0.02937500
v -0.01162500 0.01700000 -0.02891700
v -0.01225000 0.01700000 -0.03000000
v -0.01037500 0.01700000 -0.02891700
v -0.00991700 0.01700000 -0.02937500
v -0.01100000 0.01700000 -0.02875000
v -0.00991700 0.01700000 -0.03062500
v -0.01037500 0.01700000 -0.03108300
v -0.00975000 0.01700000 -0.03000000
v -0.01162500 0.01700000 -0.03108300
v -0.01208200 0.01700000 -0.03062500
v -0.01100000 0.01700000 -0.03125000
v -0.01225000 0.01700000 -0.03000000
v -0.01225000 0.02322500 -0.03000000
v -0.01225000 0.02322500 -0.03000000
v -0.01208200 0.01700000 -0.02937500
v -0.01208200 0.01700000 -0.02937500
v -0.01208200 0.02322500 -0.02937500
v -0.01208200 0.01700000 -0.02937500
v -0.01208200 0.02322500 -0.02937500
v -0.01208200 0.02322500 -0.02937500
v -0.01162500 0.01700000 -0.02891700
v -0.01162500 0.01700000 -0.02891700
v -0.01162500 0.02322500 -0.02891700
v -0.01162500 0.01700000 -0.02891700
v -0.01162500 0.02322500 -0.02891700
v -0.01162500 0.02322500 -0.02891700
v -0.01100000 0.01700000 -0.02875000
v -0.01100000 0.01700000 -0.02875000
v -0.01100000 0.02322500 -0.02875000
v -0.01100000 0.01700000 -0.02875000
v -0.01100000 0.02322500 -0.02875000
v -0.01100000 0.02322500 -0.02875000
v -0.01037500 0.01700000 -0.02891700
v -0.01037500 0.01700000 -0.02891700
v -0.01037500 0.02322500 -0.02891700
v -0.01037500 0.01700000 -0.02891700
v -0.01037500 0.02322500 -0.02891700
v -0.01037500 0.02322500 -0.02891700
v -0.00991700 0.01700000 -0.02937500
v -0.00991700 0.01700000 -0.02937500
v -0.00991700 0.02322500 -0.02937500
v -0.00991700 0.01700000 -0.02937500
v -0.00991700 0.02322500 -0.02937500
v -0.00991700 0.02322500 -0.02937500
v -0.00975000 0.01700000 -0.03000000
v -0.00975000 0.01700000 -0.03000000
v -0.00975000 0.02322500 -0.03000000
v -0.00975000 0.01700000 -0.03000000
v -0.00975000 0.02322500 -0.03000000
v -0.00991700 0.01700000 -0.03062500
v -0.00991700 0.02322500 -0.03062500
v -0.00991700 0.01700000 -0.03062500
v -0.00991700 0.02322500 -0.03062500
v -0.00991700 0.02322500 -0.03062500
v -0.01037500 0.01700000 -0.03108300
v -0.01037500 0.01700000 -0.03108300
v -0.01037500 0.02322500 -0.03108300
v -0.01037500 0.01700000 -0.03108300
v -0.01037500 0.02322500 -0.03108300
v -0.01037500 0.02322500 -0.03108300
v -0.01100000 0.01700000 -0.03125000
v -0.01100000 0.01700000 -0.03125000
v -0.01100000 0.02322500 -0.03125000
v -0.01100000 0.01700000 -0.03125000
v -0.01100000 0.02322500 -0.03125000
v -0.01100000 0.02322500 -0.03125000
v -0.01162500 0.01700000 -0.03108300
v -0.01162500 0.01700000 -0.03108300
v -0.01162500 0.02322500 -0.03108300
v -0.01162500 0.01700000 -0.03108300
v -0.01162500 0.02322500 -0.03108300
v -0.01162500 0.02322500 -0.03108300
v -0.01208200 0.01700000 -0.03062500
v -0.01208200 0.01700000 -0.03062500
v -0.01208200 0.02322500 -0.03062500
v -0.01208200 0.01700000 -0.03062500
v -0.01208200 0.02322500 -0.03062500
v -0.01225000 0.01700000 -0.03000000
v -0.01225000 0.02322500 -0.03000000
v -0.01208200 0.02322500 -0.02937500
v -0.01232100 0.02350000 -0.02923700
v -0.01162500 0.02322500 -0.02891700
v -0.01176200 0.02350000 -0.02867900
v -0.01100000 0.02322500 -0.02875000
v -0.01100000 0.02350000 -0.02847500
v -0.01037500 0.02322500 -0.02891700
v -0.01023700 0.02350000 -0.02867900
v -0.00991700 0.02322500 -0.02937500
v -0.00967900 0.02350000 -0.02923700
v -0.00975000 0.02322500 -0.03000000
v -0.00947500 0.02350000 -0.03000000
v -0.00991700 0.02322500 -0.03062500
v -0.00967900 0.02350000 -0.03076200
v -0.01037500 0.02322500 -0.03108300
v -0.01023700 0.02350000 -0.03132100
v -0.01100000 0.02322500 -0.03125000
v -0.01100000 0.02350000 -0.03152500
v -0.01162500 0.02322500 -0.03108300
v -0.01176200 0.02350000 -0.03132100
v -0.01208200 0.02322500 -0.03062500
v -0.01232100 0.02350000 -0.03076200
v -0.01225000 0.02322500 -0.03000000
v -0.01252500 0.02350000 -0.03000000
v 0.01100000 0.01624900 -0.03000000
v 0.00991700 0.01700000 -0.02937500
v 0.01037500 0.01700000 -0.02891700
v 0.00975000 0.01700000 -0.03000000
v 0.01162500 0.01700000 -0.02891700
v 0.01208200 0.01700000 -0.02937500
v 0.01100000 0.01700000 -0.02875000
v 0.01208200 0.01700000 -0.03062500
v 0.01162500 0.01700000 -0.03108300
v 0.01225000 0.01700000 -0.03000000
v 0.01037500 0.01700000 -0.03108300
v 0.00991700 0.01700000 -0.03062500
v 0.01100000 0.01700000 -0.03125000
v 0.00975000 0.01700000 -0.03000000
v 0.00975000 0.02322500 -0.03000000
v 0.00975000 0.02322500 -0.03000000
v 0.00991700 0.01700000 -0.02937500
v 0.00991700 0.01700000 -0.02937500
v 0.00991700 0.02322500 -0.02937500
v 0.00991700 0.01700000 -0.02937500
v 0.00991700 0.02322500 -0.02937500
v 0.00991700 0.02322500 -0.02937500
v 0.01037500 0.01700000 -0.02891700
v 0.01037500 0.01700000 -0.02891700
v 0.01037500 0.02322500 -0.02891700
v 0.01037500 0.01700000 -0.02891700
v 0.01037500 0.02322500 -0.02891700
v 0.01037500 0.02322500 -0.02891700
v 0.01100000 0.01700000 -0.02875000
v 0.01100000 0.01700000 -0.02875000
v 0.01100000 0.02322500 -0.02875000
v 0.01100000 0.01700000 -0.02875000
v 0.01100000 0.02322500 -0.02875000
v 0.01100000 0.02322500 -0.02875000
v 0.01162500 0.01700000 -0.02891700
v 0.01162500 0.01700000 -0.02891700
v 0.01162500 0.02322500 -0.02891700
v 0.01162500 0.01700000 -0.02891700
v 0.01162500 0.02322500 -0.02891700
v 0.01162500 0.02322500 -0.02891700
v 0.01208200 0.01700000 -0.02937500
v 0.01208200 0.01700000 -0.02937500
v 0.01208200 0.02322500 -0.02937500
v 0.01208200 0.01700000 -0.02937500
v 0.01208200 0.02322500 -0.02937500
v 0.01208200 0.02322500 -0.02937500
v 0.01225000 0.01700000 -0.03000000
v 0.01225000 0.01700000 -0.03000000
v 0.01225000 0.02322500 -0.03000000
v 0.01225000 0.01700000 -0.03000000
v 0.01225000 0.02322500 -0.03000000
v 0.01208200 0.01700000 -0.03062500
v 0.01208200 0.02322500 -0.03062500
v 0.01208200 0.01700000 -0.03062500
v 0.01208200 0.02322500 -0.03062500
v 0.01208200 0.02322500 -0.03062500
v 0.01162500 0.01700000 -0.03108300
v 0.01162500 0.01700000 -0.03108300
v 0.01162500 0.02322500 -0.03108300
v 0.01162500 0.01700000 -0.03108300
v 0.01162500 0.02322500 -0.03108300
v 0.01162500 0.02322500 -0.03108300
v 0.01100000 0.01700000 -0.03125000
v 0.01100000 0.01700000 -0.03125000
v 0.01100000 0.02322500 -0.03125000
v 0.01100000 0.01700000 -0.03125000
v 0.01100000 0.02322500 -0.03125000
v 0.01100000 0.02322500 -0.03125000
v 0.01037500 0.01700000 -0.03108300
v 0.01037500 0.01700000 -0.03108300
v 0.01037500 0.02322500 -0.03108300
v 0.01037500 0.01700000 -0.03108300
v 0.01037500 0.02322500 -0.03108300
v 0.01037500 0.02322500 -0.03108300
v 0.00991700 0.01700000 -0.03062500
v 0.00991700 0.01700000 -0.03062500
v 0.00991700 0.02322500 -0.03062500
v 0.00991700 0.01700000 -0.03062500
v 0.00991700 0.02322500 -0.03062500
v 0.00975000 0.01700000 -0.03000000
v 0.00975000 0.02322500 -0.03000000
v 0.00991700 0.02322500 -0.02937500
v 0.00991700 0.02322500 -0.02937500
v 0.00967900 0.02350000 -0.02923700
v 0.01037500 0.02322500 -0.02891700
v 0.01023700 0.02350000 -0.02867900
v 0.01100000 0.02322500 -0.02875000
v 0.01100000 0.02350000 -0.02847500
v 0.01162500 0.02322500 -0.02891700
v 0.01176200 0.02350000 -0.02867900
v 0.01208200 0.02322500 -0.02937500
v 0.01232100 0.02350000 -0.02923700
v 0.01225000 0.02322500 -0.03000000
v 0.01252500 0.02350000 -0.03000000
v 0.01208200 0.02322500 -0.03062500
v 0.01232100 0.02350000 -0.03076200
v 0.01162500 0.02322500 -0.03108300
v 0.01176200 0.02350000 -0.03132100
v 0.01100000 0.02322500 -0.03125000
v 0.01100000 0.02350000 -0.03152500
v 0.01037500 0.02322500 -0.03108300
v 0.01023700 0.02350000 -0.03132100
v 0.00991700 0.02322500 -0.03062500
v 0.00967900 0.02350000 -0.03076200
v 0.00975000 0.02322500 -0.03000000
v 0.00947500 0.02350000 -0.03000000
v 0.00967900 0.02350000 -0.02923700
v 0.00556700 -0.02150000 -0.02787200
v 0.00596600 -0.02150000 -0.02786800
v 0.00226700 -0.02150000 -0.02841000
v 0.00226700 -0.02150000 -0.02841000
v 0.00226700 -0.02150000 -0.02841000
v 0.00226700 -0.02150000 -0.02841000
v 0.00226700 -0.02150000 -0.02841000
v 0.00226700 -0.02150000 -0.02841000
v 0.00226700 -0.02150000 -0.02841000
v 0.00226700 -0.02150000 -0.02841000
v 0.00519800 -0.02150000 -0.02772000
v 0.00519800 -0.02150000 -0.02772000
v -0.00226700 -0.02150000 -0.02841000
v -0.00226700 -0.02150000 -0.02841000
v -0.00596600 -0.02150000 -0.02786800
v -0.00556700 -0.02150000 -0.02787200
v -0.00556700 -0.02150000 -0.02787200
v 0.00425100 -0.02150000 -0.02410800
v 0.00477200 -0.02150000 -0.02706400
v 0.00477200 -0.02150000 -0.02706400
v 0.00491800 -0.02150000 -0.02743600
v 0.00491800 -0.02150000 -0.02743600
v -0.00313300 -0.02150000 -0.02329000
v -0.00313300 -0.02150000 -0.02329000
v -0.00313300 -0.02150000 -0.02329000
v 0.00000000 -0.02150000 -0.02350000
v 0.00000000 -0.02150000 -0.02350000
v -0.00404100 -0.02150000 -0.02364900
v -0.00363300 -0.02150000 -0.02335100
v -0.00363300 -0.02150000 -0.02335100
v -0.00425100 -0.02150000 -0.02410800
v -0.00425100 -0.02150000 -0.02410800
v -0.00477200 -0.02150000 -0.02706400
v -0.00477200 -0.02150000 -0.02706400
v -0.00491800 -0.02150000 -0.02743600
v -0.00491800 -0.02150000 -0.02743600
v -0.00491800 -0.02150000 -0.02743600
v -0.00226700 -0.02150000 -0.02841000
v -0.00519800 -0.02150000 -0.02772000
v 0.00404100 -0.02150000 -0.02364900
v 0.00363300 -0.02150000 -0.02335100
v 0.00313300 -0.02150000 -0.02329000
v 0.00313300 -0.02150000 -0.02329000
v 0.00477200 -0.02723800 -0.02706400
v 0.00477200 -0.02150000 -0.02706400
v 0.00451200 -0.02727300 -0.02558700
v 0.00425100 -0.02150000 -0.02410800
v 0.00425100 -0.02730500 -0.02410800
v -0.00425100 -0.02730500 -0.02410800
v -0.00425100 -0.02150000 -0.02410800
v -0.00451200 -0.02727300 -0.02558700
v -0.00477200 -0.02150000 -0.02706400
v -0.00477200 -0.02723800 -0.02706400
v 0.00313300 -0.02730500 -0.02329000
v 0.00313300 -0.02150000 -0.02329000
v 0.00161300 -0.02744800 -0.02344500
v 0.00000000 -0.02150000 -0.02350000
v 0.00003600 -0.02750000 -0.02350000
v -0.00154500 -0.02745300 -0.02344900
v -0.00313300 -0.02150000 -0.02329000
v -0.00313300 -0.02730500 -0.02329000
v -0.01561400 0.01620000 -0.03200000
v -0.01561400 0.01620000 -0.03580000
v -0.01829700 0.01309400 -0.03580000
v -0.01829700 0.01309400 -0.03200000
v -0.02037100 0.00955300 -0.03580000
v -0.02037100 0.00955300 -0.03200000
v -0.02176800 0.00569300 -0.03580000
v -0.02176800 0.00569300 -0.03200000
v -0.02244000 0.00164400 -0.03580000
v -0.02244000 0.00164400 -0.03200000
v -0.02236500 -0.00245900 -0.03580000
v -0.02236500 -0.00245900 -0.03200000
v -0.02154600 -0.00648100 -0.03580000
v -0.02154600 -0.00648100 -0.03200000
v -0.02001100 -0.01028700 -0.03580000
v -0.02001100 -0.01028700 -0.03200000
v -0.01780900 -0.01375000 -0.03580000
v -0.01780900 -0.01375000 -0.03200000
v -0.01501500 -0.01675700 -0.03580000
v -0.01501500 -0.01675700 -0.03200000
v -0.01172200 -0.01920500 -0.03580000
v -0.01172200 -0.01920500 -0.03200000
v -0.00803800 -0.02101500 -0.03580000
v -0.00803800 -0.02101500 -0.03200000
v -0.00408700 -0.02212600 -0.03580000
v -0.00408700 -0.02212600 -0.03200000
v 0.00000000 -0.02250000 -0.03580000
v 0.00000000 -0.02250000 -0.03200000
v 0.00408700 -0.02212600 -0.03580000
v 0.00408700 -0.02212600 -0.03200000
v 0.00803800 -0.02101500 -0.03580000
v 0.00803800 -0.02101500 -0.03200000
v 0.01172200 -0.01920500 -0.03580000
v 0.01172200 -0.01920500 -0.03200000
v 0.01501500 -0.01675700 -0.03580000
v 0.01501500 -0.01675700 -0.03200000
v 0.01780900 -0.01375000 -0.03580000
v 0.01780900 -0.01375000 -0.03200000
v 0.02001100 -0.01028700 -0.03580000
v 0.02001100 -0.01028700 -0.03200000
v 0.02154600 -0.00648100 -0.03580000
v 0.02154600 -0.00648100 -0.03200000
v 0.02236500 -0.00245900 -0.03580000
v 0.02236500 -0.00245900 -0.03200000
v 0.02244000 0.00164400 -0.03580000
v 0.02244000 0.00164400 -0.03200000
v 0.02176800 0.00569300 -0.03580000
v 0.02176800 0.00569300 -0.03200000
v 0.02037100 0.00955300 -0.03580000
v 0.02037100 0.00955300 -0.03200000
v 0.01829700 0.01309400 -0.03580000
v 0.01829700 0.01309400 -0.03200000
v 0.01561400 0.01620000 -0.03580000
v 0.01561400 0.01620000 -0.03200000
v 0.01908400 0.01980000 -0.03200000
v 0.01908400 0.01980000 -0.03580000
v 0.02205700 0.01642400 -0.03200000
v 0.02205700 0.01642400 -0.03580000
v 0.02444000 0.01260800 -0.03200000
v 0.02444000 0.01260800 -0.03580000
v 0.02616800 0.00845500 -0.03200000
v 0.02616800 0.00845500 -0.03580000
v 0.02719600 0.00407500 -0.03200000
v 0.02719600 0.00407500 -0.03580000
v 0.02749700 -0.00041300 -0.03200000
v 0.02749700 -0.00041300 -0.03580000
v 0.02706200 -0.00489100 -0.03200000
v 0.02706200 -0.00489100 -0.03580000
v 0.02590200 -0.00923700 -0.03200000
v 0.02590200 -0.00923700 -0.03580000
v 0.02405000 -0.01333600 -0.03200000
v 0.02405000 -0.01333600 -0.03580000
v 0.02155400 -0.01707900 -0.03200000
v 0.02155400 -0.01707900 -0.03580000
v 0.01848100 -0.02036400 -0.03200000
v 0.01848100 -0.02036400 -0.03580000
v 0.01491300 -0.02310500 -0.03200000
v 0.01491300 -0.02310500 -0.03580000
v 0.01094700 -0.02522700 -0.03200000
v 0.01094700 -0.02522700 -0.03580000
v 0.00668800 -0.02667400 -0.03200000
v 0.00668800 -0.02667400 -0.03580000
v 0.00224900 -0.02740800 -0.03200000
v 0.00224900 -0.02740800 -0.03580000
v -0.00224900 -0.02740800 -0.03200000
v -0.00224900 -0.02740800 -0.03580000
v -0.00668800 -0.02667400 -0.03200000
v -0.00668800 -0.02667400 -0.03580000
v -0.01094700 -0.02522700 -0.03200000
v -0.01094700 -0.02522700 -0.03580000
v -0.01491300 -0.02310500 -0.03200000
v -0.01491300 -0.02310500 -0.03580000
v -0.01848100 -0.02036400 -0.03200000
v -0.01848100 -0.02036400 -0.03580000
v -0.02155400 -0.01707900 -0.03200000
v -0.02155400 -0.01707900 -0.03580000
v -0.02405000 -0.01333600 -0.03200000
v -0.02405000 -0.01333600 -0.03580000
v -0.02590200 -0.00923700 -0.03200000
v -0.02590200 -0.00923700 -0.03580000
v -0.02706200 -0.00489100 -0.03200000
v -0.02706200 -0.00489100 -0.03580000
v -0.02749700 -0.00041300 -0.03200000
v -0.02749700 -0.00041300 -0.03580000
v -0.02719600 0.00407500 -0.03200000
v -0.02719600 0.00407500 -0.03580000
v -0.02616800 0.00845500 -0.03200000
v -0.02616800 0.00845500 -0.03580000
v -0.02444000 0.01260800 -0.03200000
v -0.02444000 0.01260800 -0.03580000
v -0.02205700 0.01642400 -0.03200000
v -0.02205700 0.01642400 -0.03580000
v -0.01908400 0.01980000 -0.03200000
v -0.01908400 0.01980000 -0.03580000
v -0.01908400 0.01980000 -0.03200000
v -0.01908400 0.01980000 -0.03200000
v -0.01561400 0.01620000 -0.03200000
v -0.01561400 0.01620000 -0.03200000
v -0.01561400 0.01620000 -0.03200000
v -0.02205700 0.01642400 -0.03200000
v -0.02205700 0.01642400 -0.03200000
v -0.02205700 0.01642400 -0.03200000
v -0.01829700 0.01309400 -0.03200000
v -0.01829700 0.01309400 -0.03200000
v -0.02444000 0.01260800 -0.03200000
v -0.02444000 0.01260800 -0.03200000
v -0.02444000 0.01260800 -0.03200000
v -0.01829700 0.01309400 -0.03200000
v -0.02037100 0.00955300 -0.03200000
v -0.02037100 0.00955300 -0.03200000
v -0.02616800 0.00845500 -0.03200000
v -0.02616800 0.00845500 -0.03200000
v -0.02616800 0.00845500 -0.03200000
v -0.02037100 0.00955300 -0.03200000
v -0.02176800 0.00569300 -0.03200000
v -0.02176800 0.00569300 -0.03200000
v -0.02719600 0.00407500 -0.03200000
v -0.02719600 0.00407500 -0.03200000
v -0.02176800 0.00569300 -0.03200000
v -0.02244000 0.00164400 -0.03200000
v -0.02749700 -0.00041300 -0.03200000
v -0.02244000 0.00164400 -0.03200000
v -0.02236500 -0.00245900 -0.03200000
v -0.02236500 -0.00245900 -0.03200000
v 0.00408700 -0.02212600 -0.03200000
v 0.00408700 -0.02212600 -0.03200000
v 0.00408700 -0.02212600 -0.03200000
v 0.00224900 -0.02740800 -0.03200000
v 0.00224900 -0.02740800 -0.03200000
v 0.00000000 -0.02250000 -0.03200000
v -0.00224900 -0.02740800 -0.03200000
v -0.00224900 -0.02740800 -0.03200000
v -0.00408700 -0.02212600 -0.03200000
v -0.00408700 -0.02212600 -0.03200000
v -0.00668800 -0.02667400 -0.03200000
v -0.00668800 -0.02667400 -0.03200000
v -0.00668800 -0.02667400 -0.03200000
v -0.00803800 -0.02101500 -0.03200000
v -0.00803800 -0.02101500 -0.03200000
v -0.01094700 -0.02522700 -0.03200000
v -0.01094700 -0.02522700 -0.03200000
v -0.01094700 -0.02522700 -0.03200000
v -0.01172200 -0.01920500 -0.03200000
v -0.01172200 -0.01920500 -0.03200000
v -0.01172200 -0.01920500 -0.03200000
v -0.01491300 -0.02310500 -0.03200000
v -0.01491300 -0.02310500 -0.03200000
v -0.01491300 -0.02310500 -0.03200000
v -0.01501500 -0.01675700 -0.03200000
v -0.01501500 -0.01675700 -0.03200000
v -0.01848100 -0.02036400 -0.03200000
v -0.01780900 -0.01375000 -0.03200000
v -0.02155400 -0.01707900 -0.03200000
v -0.02001100 -0.01028700 -0.03200000
v -0.02405000 -0.01333600 -0.03200000
v -0.02154600 -0.00648100 -0.03200000
v -0.02590200 -0.00923700 -0.03200000
v -0.02590200 -0.00923700 -0.03200000
v -0.02236500 -0.00245900 -0.03200000
v -0.02706200 -0.00489100 -0.03200000
v -0.02706200 -0.00489100 -0.03200000
v -0.01531600 0.01945400 -0.03200000
v -0.01487600 0.01836400 -0.03200000
v -0.01487600 0.01836400 -0.03200000
v -0.01620600 0.02022300 -0.03200000
v -0.01620600 0.02022300 -0.03200000
v -0.01498300 0.01719200 -0.03200000
v -0.01498300 0.01719200 -0.03200000
v -0.01498300 0.01719200 -0.03200000
v -0.01734900 0.02050000 -0.03200000
v -0.01734900 0.02050000 -0.03200000
v -0.01828500 0.02031800 -0.03200000
v 0.01734900 0.02050000 -0.03200000
v 0.01734900 0.02050000 -0.03200000
v 0.01734900 0.02050000 -0.03200000
v 0.01828500 0.02031800 -0.03200000
v 0.01828500 0.02031800 -0.03200000
v 0.01561400 0.01620000 -0.03200000
v 0.01561400 0.01620000 -0.03200000
v 0.01908400 0.01980000 -0.03200000
v 0.01908400 0.01980000 -0.03200000
v 0.01829700 0.01309400 -0.03200000
v 0.01829700 0.01309400 -0.03200000
v 0.02205700 0.01642400 -0.03200000
v 0.02205700 0.01642400 -0.03200000
v 0.02037100 0.00955300 -0.03200000
v 0.02037100 0.00955300 -0.03200000
v 0.02444000 0.01260800 -0.03200000
v 0.02176800 0.00569300 -0.03200000
v 0.02616800 0.00845500 -0.03200000
v 0.02616800 0.00845500 -0.03200000
v 0.02244000 0.00164400 -0.03200000
v 0.02719600 0.00407500 -0.03200000
v 0.02719600 0.00407500 -0.03200000
v 0.02244000 0.00164400 -0.03200000
v 0.02244000 0.00164400 -0.03200000
v 0.02244000 0.00164400 -0.03200000
v 0.02749700 -0.00041300 -0.03200000
v 0.02749700 -0.00041300 -0.03200000
v 0.02236500 -0.00245900 -0.03200000
v 0.02236500 -0.00245900 -0.03200000
v 0.02236500 -0.00245900 -0.03200000
v 0.02706200 -0.00489100 -0.03200000
v 0.02706200 -0.00489100 -0.03200000
v 0.02154600 -0.00648100 -0.03200000
v 0.02154600 -0.00648100 -0.03200000
v 0.02154600 -0.00648100 -0.03200000
v 0.02590200 -0.00923700 -0.03200000
v 0.02590200 -0.00923700 -0.03200000
v 0.02590200 -0.00923700 -0.03200000
v 0.02001100 -0.01028700 -0.03200000
v 0.02001100 -0.01028700 -0.03200000
v 0.02001100 -0.01028700 -0.03200000
v 0.02405000 -0.01333600 -0.03200000
v 0.02405000 -0.01333600 -0.03200000
v 0.02405000 -0.01333600 -0.03200000
v 0.01780900 -0.01375000 -0.03200000
v 0.01780900 -0.01375000 -0.03200000
v 0.01780900 -0.01375000 -0.03200000
v 0.02155400 -0.01707900 -0.03200000
v 0.02155400 -0.01707900 -0.03200000
v 0.02155400 -0.01707900 -0.03200000
v 0.01501500 -0.01675700 -0.03200000
v 0.01501500 -0.01675700 -0.03200000
v 0.01501500 -0.01675700 -0.03200000
v 0.01848100 -0.02036400 -0.03200000
v 0.01848100 -0.02036400 -0.03200000
v 0.01848100 -0.02036400 -0.03200000
v 0.01172200 -0.01920500 -0.03200000
v 0.01172200 -0.01920500 -0.03200000
v 0.01172200 -0.01920500 -0.03200000
v 0.01491300 -0.02310500 -0.03200000
v 0.01491300 -0.02310500 -0.03200000
v 0.01491300 -0.02310500 -0.03200000
v 0.00803800 -0.02101500 -0.03200000
v 0.00803800 -0.02101500 -0.03200000
v 0.00803800 -0.02101500 -0.03200000
v 0.01094700 -0.02522700 -0.03200000
v 0.01094700 -0.02522700 -0.03200000
v 0.01094700 -0.02522700 -0.03200000
v 0.00408700 -0.02212600 -0.03200000
v 0.00668800 -0.02667400 -0.03200000
v 0.00668800 -0.02667400 -0.03200000
v 0.01531600 0.01945400 -0.03200000
v 0.01620600 0.02022300 -0.03200000
v 0.01620600 0.02022300 -0.03200000
v 0.01487600 0.01836400 -0.03200000
v 0.01487600 0.01836400 -0.03200000
v 0.01498300 0.01719200 -0.03200000
v 0.01498300 0.01719200 -0.03200000
v 0.01561400 0.01620000 -0.03200000
v 0.01498300 0.01719200 -0.03200000
v 0.01498300 0.01719200 -0.03580000
v 0.01498300 0.01719200 -0.03200000
v 0.01498300 0.01719200 -0.03580000
v 0.01498300 0.01719200 -0.03580000
v 0.01487600 0.01836400 -0.03200000
v 0.01487600 0.01836400 -0.03200000
v 0.01487600 0.01836400 -0.03580000
v 0.01487600 0.01836400 -0.03200000
v 0.01487600 0.01836400 -0.03580000
v 0.01487600 0.01836400 -0.03580000
v 0.01531600 0.01945400 -0.03200000
v 0.01531600 0.01945400 -0.03200000
v 0.01531600 0.01945400 -0.03580000
v 0.01531600 0.01945400 -0.03200000
v 0.01531600 0.01945400 -0.03580000
v 0.01531600 0.01945400 -0.03580000
v 0.01620600 0.02022300 -0.03200000
v 0.01620600 0.02022300 -0.03200000
v 0.01620600 0.02022300 -0.03580000
v 0.01620600 0.02022300 -0.03200000
v 0.01620600 0.02022300 -0.03580000
v 0.01620600 0.02022300 -0.03580000
v 0.01734900 0.02050000 -0.03200000
v 0.01734900 0.02050000 -0.03200000
v 0.01734900 0.02050000 -0.03580000
v 0.01734900 0.02050000 -0.03200000
v 0.01734900 0.02050000 -0.03580000
v 0.01828500 0.02031800 -0.03200000
v 0.01828500 0.02031800 -0.03580000
v -0.01734900 0.02050000 -0.03200000
v -0.01734900 0.02050000 -0.03580000
v -0.01734900 0.02050000 -0.03580000
v -0.01620600 0.02022300 -0.03200000
v -0.01620600 0.02022300 -0.03200000
v -0.01620600 0.02022300 -0.03580000
v -0.01620600 0.02022300 -0.03200000
v -0.01620600 0.02022300 -0.03580000
v -0.01620600 0.02022300 -0.03580000
v -0.01531600 0.01945400 -0.03200000
v -0.01531600 0.01945400 -0.03200000
v -0.01531600 0.01945400 -0.03580000
v -0.01531600 0.01945400 -0.03200000
v -0.01531600 0.01945400 -0.03580000
v -0.01531600 0.01945400 -0.03580000
v -0.01487600 0.01836400 -0.03200000
v -0.01487600 0.01836400 -0.03200000
v -0.01487600 0.01836400 -0.03580000
v -0.01487600 0.01836400 -0.03200000
v -0.01487600 0.01836400 -0.03580000
v -0.01487600 0.01836400 -0.03580000
v -0.01498300 0.01719200 -0.03200000
v -0.01498300 0.01719200 -0.03200000
v -0.01498300 0.01719200 -0.03580000
v -0.01498300 0.01719200 -0.03200000
v -0.01498300 0.01719200 -0.03580000
v -0.01828500 0.02031800 -0.03200000
v -0.01828500 0.02031800 -0.03580000
v -0.01734900 0.02050000 -0.03200000
v -0.01734900 0.02050000 -0.03580000
v -0.00363300 -0.02150000 -0.02335100
v -0.00363300 -0.02150000 -0.02335100
v -0.00363300 -0.02730500 -0.02335100
v -0.00363600 -0.02730500 -0.02335200
v -0.00404100 -0.02150000 -0.02364900
v -0.00404100 -0.02150000 -0.02364900
v -0.00404100 -0.02730500 -0.02364900
v -0.00404300 -0.02730500 -0.02365100
v 0.00363300 -0.02730500 -0.02335100
v 0.00363600 -0.02730500 -0.02335200
v 0.00363600 -0.02730500 -0.02335200
v 0.00404100 -0.02150000 -0.02364900
v 0.00404100 -0.02730500 -0.02364900
v 0.00404100 -0.02150000 -0.02364900
v 0.00404100 -0.02730500 -0.02364900
v 0.00404300 -0.02730500 -0.02365100
v 0.00363300 -0.02150000 -0.02335100
v 0.00363300 -0.02730500 -0.02335100
v 0.00363300 -0.02150000 -0.02335100
v 0.00573700 -0.02689900 -0.02789000
v 0.00556700 -0.02150000 -0.02787200
v 0.00556700 -0.02150000 -0.02787200
v 0.00562500 -0.02694600 -0.02788200
v 0.00510900 -0.02713600 -0.02765200
v 0.00529800 -0.02707100 -0.02777900
v 0.00519800 -0.02150000 -0.02772000
v 0.00540400 -0.02703200 -0.02782600
v 0.00556800 -0.02696900 -0.02787300
v 0.00502600 -0.02716300 -0.02757300
v 0.00491800 -0.02150000 -0.02743600
v 0.00489000 -0.02720400 -0.02739000
v 0.00484000 -0.02721900 -0.02729100
v -0.00491800 -0.02150000 -0.02743600
v -0.00491900 -0.02719600 -0.02743600
v -0.00488400 -0.02720600 -0.02737800
v -0.00483700 -0.02722000 -0.02728200
v -0.00519800 -0.02150000 -0.02772000
v -0.00509200 -0.02714100 -0.02763700
v -0.00501700 -0.02716500 -0.02756300
v -0.00556700 -0.02150000 -0.02787200
v -0.00537300 -0.02704400 -0.02781400
v -0.00527800 -0.02707800 -0.02776800
v -0.00592600 -0.02681600 -0.02787600
v -0.00569700 -0.02691600 -0.02788900
v -0.00559200 -0.02695900 -0.02787700
v -0.02848200 0.00100000 -0.03400000
v -0.02800000 0.00100000 -0.03400000
v -0.02848400 0.00096600 -0.03374100
v -0.02800000 0.00086600 -0.03350000
v -0.02848700 0.00086600 -0.03350000
v -0.02848700 0.00086600 -0.03350000
v -0.02800000 0.00086600 -0.03350000
v -0.02800000 0.00050000 -0.03313400
v -0.02849600 0.00050000 -0.03313400
v -0.02849900 0.00025900 -0.03303400
v -0.02800000 -0.00000000 -0.03300000
v -0.02850000 -0.00000000 -0.03300000
v -0.02849700 -0.00039600 -0.03308200
v -0.02800000 -0.00050000 -0.03313400
v -0.02849600 -0.00050000 -0.03313400
v -0.02800000 -0.00086600 -0.03350000
v -0.02848700 -0.00086600 -0.03350000
v -0.02800000 -0.00100000 -0.03400000
v -0.02848200 -0.00100000 -0.03400000
v -0.02848400 -0.00096600 -0.03374100
v -0.02800000 -0.00100000 -0.03598200
v -0.02848200 -0.00100000 -0.03550000
v -0.02800000 0.00100000 -0.03598200
v -0.02848200 0.00100000 -0.03550000
v -0.02800000 0.00100000 -0.03598200
v -0.02800000 -0.00000000 -0.03600000
v -0.02800000 0.00100000 -0.03400000
v -0.02800000 0.00100000 -0.03400000
v -0.02800000 -0.00000000 -0.03300000
v -0.02800000 -0.00000000 -0.03300000
v -0.02800000 -0.00000000 -0.03300000
v -0.02800000 -0.00000000 -0.03300000
v -0.02800000 0.00086600 -0.03350000
v -0.02800000 0.00086600 -0.03350000
v -0.02800000 0.00050000 -0.03313400
v -0.02800000 -0.00086600 -0.03350000
v -0.02800000 -0.00050000 -0.03313400
v -0.02800000 -0.00050000 -0.03313400
v -0.02800000 -0.00100000 -0.03400000
v -0.02800000 -0.00100000 -0.03400000
v -0.02800000 -0.00100000 -0.03598200
v -0.01716600 0.00541500 -0.03146100
v -0.01731400 0.00492000 -0.03175200
v -0.01664700 0.00684700 -0.03200000
v -0.01673400 0.00663200 -0.02900000
v -0.01675400 0.00658000 -0.02956700
v -0.01679100 0.00648600 -0.02994700
v -0.01707500 0.00569600 -0.03122400
v -0.01687500 0.00626400 -0.03047500
v -0.01694500 0.00607300 -0.03078600
v -0.01741800 0.00454000 -0.03189300
v -0.01755300 0.00398600 -0.03199300
v -0.01664700 0.00684700 -0.03200000
v -0.01755300 0.00398600 -0.03199300
v -0.01759700 0.00378900 -0.03200000
v -0.01664700 0.00684700 -0.03200000
v -0.01536600 0.00937500 -0.02708200
v -0.01551800 0.00912100 -0.02688900
v -0.01551800 0.00912100 -0.02688900
v -0.01563600 0.00891700 -0.02662500
v -0.01572600 0.00875800 -0.02614200
v -0.01573000 0.00875000 -0.02599900
v -0.01453000 0.01062500 -0.02708200
v -0.01496700 0.01000000 -0.02725000
v -0.01511700 0.00977100 -0.03200000
v -0.01511700 0.00977100 -0.03200000
v -0.01453000 0.01062500 -0.02708200
v -0.01307900 0.01236600 -0.03200000
v -0.01060200 0.01454600 -0.03200000
v -0.01307900 0.01236600 -0.03200000
v -0.00776800 0.01623700 -0.03200000
v -0.00900100 0.01558800 -0.03200000
v -0.01678500 -0.00670400 -0.02403900
v -0.01735300 -0.00688900 -0.02275000
v 0.01748600 -0.00427100 -0.02395900
v -0.01552200 -0.00937600 -0.02491700
v -0.01554000 -0.00931000 -0.02495800
v -0.01578700 -0.00885400 -0.02480500
v -0.01562400 -0.00900100 -0.02524900
v -0.01565100 -0.00891800 -0.02537500
v -0.01593100 -0.00919700 -0.02413000
v -0.01519000 -0.01044600 -0.02464800
v -0.01527400 -0.01009600 -0.02475400
v -0.01531500 -0.01000200 -0.02475000
v -0.01542900 -0.00969300 -0.02478800
v -0.01434900 -0.01164400 -0.02519600
v -0.01446900 -0.01112100 -0.02544800
v -0.01452300 -0.01108200 -0.02537400
v -0.01479500 -0.01083200 -0.02506700
v -0.01496400 -0.01062700 -0.02491900
v -0.01506600 -0.01048100 -0.02484600
v -0.01419200 -0.01107800 -0.02663200
v -0.01414000 -0.01118900 -0.02638700
v -0.01415900 -0.01124400 -0.02611900
v -0.01345100 -0.01216000 -0.02642400
v -0.01419000 -0.01125000 -0.02599700
v -0.01425800 -0.01123600 -0.02581300
v 0.01754500 -0.00440300 -0.02328600
v 0.01808300 -0.00473600 -0.02211100
v -0.01687900 -0.00675000 -0.02367200
v -0.01717200 -0.00684400 -0.02302200
v -0.01657300 -0.00790100 -0.02365300
v -0.01688500 -0.00823800 -0.02308000
v -0.01641500 -0.00760500 -0.02430700
v -0.01624200 -0.00959400 -0.02354800
v -0.01549700 -0.01090200 -0.02405600
v -0.01465000 -0.01216100 -0.02459400
v -0.01384500 -0.01319100 -0.02506700
v -0.01279000 -0.01435500 -0.02563600
v -0.01165700 -0.01541800 -0.02618400
v -0.01045000 -0.01637800 -0.02670200
v -0.01014700 -0.01507500 -0.02817100
v -0.01132100 -0.01419800 -0.02761700
v -0.01242400 -0.01322600 -0.02703000
v -0.00697800 -0.01681000 -0.02933600
v -0.00822200 -0.01622700 -0.02893500
v -0.00943200 -0.01554100 -0.02847600
v -0.00971500 -0.01689000 -0.02698600
v -0.00847000 -0.01764300 -0.02741300
v -0.00719100 -0.01828500 -0.02778700
v -0.00587700 -0.01881900 -0.02810300
v -0.00339000 -0.01790400 -0.03011500
v -0.00465300 -0.01761200 -0.02990400
v -0.00570200 -0.01729400 -0.02967700
v -0.00479600 -0.01917000 -0.02831300
v -0.00349400 -0.01949200 -0.02850900
v -0.00218100 -0.01971300 -0.02864300
v -0.00085200 -0.01983100 -0.02871500
v -0.00032500 -0.01822500 -0.03035000
v -0.00082600 -0.01820900 -0.03033800
v -0.00211500 -0.01810300 -0.03026000
v -0.00211500 -0.01810300 -0.03026000
v 0.00346600 -0.01788900 -0.03010400
v 0.00220700 -0.01809100 -0.03025200
v 0.00220700 -0.01809100 -0.03025200
v 0.00094300 -0.01820300 -0.03033400
v 0.00736700 -0.01664000 -0.02921800
v 0.00614100 -0.01714000 -0.02956800
v 0.00488500 -0.01754700 -0.02985700
v 0.00472100 -0.01759300 -0.02989000
v 0.00472100 -0.01759300 -0.02989000
v 0.01002600 -0.01515700 -0.02822400
v 0.00972600 -0.01535600 -0.02835400
v 0.00856300 -0.01604600 -0.02881200
v -0.00085200 -0.01983100 -0.02871500
v -0.00033600 -0.01984900 -0.02872600
v 0.00097200 -0.01982400 -0.02871100
v 0.00227500 -0.01970000 -0.02863500
v 0.00357300 -0.01947600 -0.02849900
v 0.00486600 -0.01914900 -0.02830100
v 0.00503500 -0.01909800 -0.02827000
v 0.00632900 -0.01864900 -0.02800200
v 0.00759100 -0.01809800 -0.02767700
v 0.00882200 -0.01744400 -0.02729900
v 0.01001700 -0.01668600 -0.02687200
v 0.01032600 -0.01646800 -0.02675200
v 0.01151300 -0.01554100 -0.02625000
v 0.01329000 -0.01233900 -0.02652300
v 0.01226900 -0.01337200 -0.02711600
v 0.01118000 -0.01431100 -0.02768700
v 0.01423800 -0.01121100 -0.02591700
v 0.01455000 -0.01079600 -0.02570600
v 0.01537100 -0.00957000 -0.02511900
v 0.01608400 -0.00829400 -0.02457400
v 0.01668800 -0.00697600 -0.02408200
v 0.01718500 -0.00561800 -0.02365700
v 0.01263100 -0.01451400 -0.02571600
v 0.01368000 -0.01338600 -0.02516000
v 0.01465300 -0.01215700 -0.02459200
v 0.01497300 -0.01170500 -0.02439400
v 0.01581500 -0.01037200 -0.02384400
v 0.01654600 -0.00898600 -0.02333000
v 0.01716500 -0.00755600 -0.02286800
v 0.01767400 -0.00608400 -0.02246700
v 0.01776100 -0.00578900 -0.02239700
v 0.01790300 -0.00464700 -0.02237200
v 0.01744600 -0.00555600 -0.02295600
v 0.01735900 -0.00583800 -0.02302800
v 0.01685100 -0.00724800 -0.02343700
v 0.01623400 -0.00861600 -0.02390800
v 0.01550600 -0.00993900 -0.02443200
v 0.01466900 -0.01121100 -0.02499200
v 0.01435100 -0.01164100 -0.02519400
v 0.01338600 -0.01280900 -0.02577200
v 0.01234800 -0.01387800 -0.02633700
v 0.01124200 -0.01484900 -0.02687800
v 0.01007300 -0.01572300 -0.02738700
v 0.00976900 -0.01592700 -0.02750800
v 0.00859400 -0.01663800 -0.02794100
v 0.00738700 -0.01725000 -0.02832200
v 0.00615300 -0.01776400 -0.02864900
v 0.00489200 -0.01818100 -0.02891900
v 0.00472700 -0.01822800 -0.02895000
v 0.00346900 -0.01853100 -0.02914800
v 0.00220700 -0.01873900 -0.02928600
v 0.00094300 -0.01885300 -0.02936200
v -0.00032600 -0.01887600 -0.02937700
v -0.00082600 -0.01885900 -0.02936600
v -0.00211600 -0.01875000 -0.02929300
v -0.00339200 -0.01854600 -0.02915800
v -0.00465900 -0.01824700 -0.02896200
v -0.00571200 -0.01792200 -0.02875000
v -0.00699600 -0.01742500 -0.02843200
v -0.00824900 -0.01682500 -0.02805600
v -0.00947200 -0.01611800 -0.02762400
v -0.01019500 -0.01563800 -0.02733600
v -0.01138500 -0.01473300 -0.02681200
v -0.01250500 -0.01372700 -0.02625500
v -0.01355000 -0.01262400 -0.02567800
v 0.00094300 -0.01820300 -0.03033400
v 0.01727000 -0.00534700 -0.02358200
v 0.01762600 -0.00447600 -0.02297800
v 0.01850800 -0.00474800 -0.02168000
v 0.01854900 -0.00459700 -0.02167000
v 0.01856800 -0.00477100 -0.02163100
v 0.01858800 -0.00478100 -0.02161400
v 0.01868500 -0.00485000 -0.02153500
v 0.01877500 -0.00494300 -0.02146500
v 0.01893200 -0.00517800 -0.02135100
v 0.01904900 -0.00542300 -0.02127300
v 0.01918200 -0.00578100 -0.02119500
v 0.01864100 -0.00462800 -0.02159500
v 0.01867300 -0.00464000 -0.02157000
v 0.01882900 -0.00472200 -0.02145500
v 0.01897900 -0.00482700 -0.02135600
v 0.01925300 -0.00508700 -0.02120400
v 0.01946900 -0.00535400 -0.02111100
v 0.01972700 -0.00574100 -0.02103500
v 0.01748800 -0.00426500 -0.02395800
v 0.01756900 -0.00430600 -0.02327600
v 0.01766000 -0.00433800 -0.02296400
v 0.01795600 -0.00443000 -0.02235000
v 0.01814400 -0.00448400 -0.02208600
v 0.01808200 0.00473500 -0.02211200
v 0.01762200 0.00577500 -0.02259000
v 0.01790300 0.00464700 -0.02237200
v 0.01748600 0.00427100 -0.02395900
v 0.01754500 0.00440300 -0.02328600
v 0.01729300 0.00547500 -0.02338400
v 0.01762600 0.00447600 -0.02297800
v 0.00773400 0.01629200 -0.02970900
v 0.00772000 0.01635400 -0.02946100
v 0.00772100 0.01719600 -0.02812900
v 0.00854200 0.01726100 -0.02754200
v 0.00774500 0.01751300 -0.02788400
v 0.00775900 0.01767200 -0.02778400
v 0.00770300 0.01677500 -0.02859800
v 0.00837100 0.01631100 -0.02856600
v 0.00837100 0.01631100 -0.02856600
v 0.00770200 0.01664900 -0.02878900
v 0.00770200 0.01659500 -0.02888300
v 0.00783700 0.01840500 -0.02747900
v 0.00780100 0.01809100 -0.02758200
v 0.01684300 0.00676700 -0.02376400
v 0.01629400 0.00803100 -0.02420500
v 0.01609500 0.00843400 -0.02436000
v 0.01365800 0.01207400 -0.02604300
v 0.01456700 0.01092500 -0.02545900
v 0.01538000 0.00971100 -0.02489400
v 0.01265300 0.01315500 -0.02663400
v 0.01192100 0.01384300 -0.02702900
v 0.01079200 0.01476900 -0.02758400
v 0.01716500 0.00713900 -0.02295400
v 0.01660700 0.00847400 -0.02337700
v 0.01640400 0.00890000 -0.02352600
v 0.01567700 0.01025100 -0.02403700
v 0.01485100 0.01153600 -0.02457900
v 0.01392600 0.01275400 -0.02513700
v 0.01392600 0.01275400 -0.02513700
v 0.01290400 0.01390100 -0.02570100
v 0.01215900 0.01463100 -0.02607900
v 0.01100800 0.01561600 -0.02660800
v 0.00980100 0.01649200 -0.02709900
v 0.00960700 0.01559100 -0.02809900
v 0.00980100 0.01649200 -0.02709900
v 0.01079200 0.01476900 -0.02758400
v 0.01100800 0.01561600 -0.02660800
v 0.01192100 0.01384300 -0.02702900
v 0.01215900 0.01463100 -0.02607900
v 0.01265300 0.01315500 -0.02663400
v 0.01290400 0.01390100 -0.02570100
v 0.00960700 0.01559100 -0.02809900
v 0.01850800 0.00474800 -0.02168000
v 0.01854900 0.00459700 -0.02167000
v 0.01864100 0.00462800 -0.02159500
v 0.01856800 0.00477100 -0.02163100
v 0.01867300 0.00464000 -0.02157000
v 0.01858800 0.00478100 -0.02161400
v 0.01882900 0.00472200 -0.02145500
v 0.01868500 0.00485000 -0.02153500
v 0.01897900 0.00482700 -0.02135600
v 0.01877500 0.00494300 -0.02146500
v 0.01925300 0.00508700 -0.02120400
v 0.01893200 0.00517800 -0.02135100
v 0.01946900 0.00535400 -0.02111100
v 0.01904900 0.00542300 -0.02127300
v 0.01972700 0.00574100 -0.02103500
v 0.01918200 0.00578100 -0.02119500
v 0.01918200 0.00578100 -0.02119500
v 0.01783700 -0.00334100 -0.02307300
v 0.01811200 0.00111900 -0.02307300
v 0.01998700 0.00002500 -0.02117600
v 0.02000500 0.00123700 -0.02115700
v 0.01920000 0.00118600 -0.02157300
v 0.02000700 0.00130500 -0.02115400
v 0.01973000 0.00369500 -0.02114700
v 0.01890800 0.00354100 -0.02157300
v 0.01748800 0.00426500 -0.02395800
v 0.01890800 -0.00354100 -0.02157300
v 0.01973000 -0.00369500 -0.02114700
v 0.02015600 -0.00380400 -0.02104000
v 0.01825500 -0.00341900 -0.02223700
v 0.01825500 0.00341900 -0.02223700
v 0.01766000 0.00433800 -0.02296400
v 0.01783700 0.00334100 -0.02307300
v 0.01756900 0.00430600 -0.02327600
v 0.01814400 0.00448400 -0.02208600
v 0.01795600 0.00443000 -0.02235000
v 0.02002800 0.00187500 -0.02113300
v 0.02000500 -0.00124000 -0.02115600
v 0.01853800 0.00114500 -0.02223700
v 0.01811200 -0.00111900 -0.02307300
v 0.01853800 -0.00114500 -0.02223700
v 0.01920000 -0.00118600 -0.02157300
v 0.02002500 -0.00180100 -0.02113600
v -0.01554000 -0.00931000 -0.02495800
v -0.01552200 -0.00937600 -0.02491700
v -0.02099300 -0.00937500 -0.02491700
v -0.01506600 -0.01048100 -0.02484600
v -0.01496400 -0.01062700 -0.02491900
v -0.02099300 -0.01062500 -0.02491700
v -0.01425800 -0.01123600 -0.02581300
v -0.01419000 -0.01125000 -0.02599700
v -0.02099300 -0.01125000 -0.02600000
v -0.02099300 -0.00891700 -0.02662500
v -0.01570600 -0.00879300 -0.02632600
v -0.02099300 -0.00875000 -0.02600000
v -0.01573000 -0.00875000 -0.02600000
v -0.02099300 -0.00875000 -0.02600000
v -0.01573000 -0.00875000 -0.02600000
v -0.01573000 -0.00875000 -0.02600000
v -0.02099300 -0.00891700 -0.02537500
v -0.02099300 -0.01000000 -0.02725000
v -0.01536600 -0.00937500 -0.02708200
v -0.02099300 -0.00937500 -0.02708200
v -0.01551800 -0.00912200 -0.02688900
v -0.01563600 -0.00891700 -0.02662500
v -0.02099300 -0.01062500 -0.02708200
v -0.01489800 -0.01010200 -0.02724600
v -0.01496700 -0.01000000 -0.02725000
v -0.01414000 -0.01118900 -0.02638700
v -0.01419200 -0.01107800 -0.02663200
v -0.02099300 -0.01108300 -0.02662500
v -0.01425100 -0.01099600 -0.02675500
v -0.02099300 -0.01062500 -0.02708200
v -0.01453000 -0.01062500 -0.02708200
v -0.01453000 -0.01062500 -0.02708200
v -0.01415900 -0.01124400 -0.02611900
v -0.02099300 -0.01108300 -0.02537500
v -0.01479500 -0.01083200 -0.02506700
v -0.01452300 -0.01108200 -0.02537400
v -0.02099300 -0.01108300 -0.02537500
v -0.01452300 -0.01108200 -0.02537400
v -0.01446900 -0.01112100 -0.02544800
v -0.02099300 -0.01000000 -0.02475000
v -0.01542900 -0.00969300 -0.02478800
v -0.01531500 -0.01000200 -0.02475000
v -0.01527400 -0.01009600 -0.02475400
v -0.01569900 -0.00880700 -0.02562800
v -0.02099300 -0.00891700 -0.02537500
v -0.01565100 -0.00891800 -0.02537500
v -0.01562400 -0.00900100 -0.02524900
v -0.02099300 -0.01108300 -0.02537500
v -0.02126800 -0.01132100 -0.02523700
v -0.02099300 -0.01062500 -0.02491700
v -0.02126800 -0.01076200 -0.02467900
v -0.02099300 -0.01000000 -0.02475000
v -0.02126800 -0.01000000 -0.02447500
v -0.02099300 -0.00937500 -0.02491700
v -0.02126800 -0.00923700 -0.02467900
v -0.02099300 -0.00891700 -0.02537500
v -0.02126800 -0.00867900 -0.02523700
v -0.02099300 -0.00875000 -0.02600000
v -0.02126800 -0.00847500 -0.02600000
v -0.02099300 -0.00891700 -0.02662500
v -0.02126800 -0.00867900 -0.02676200
v -0.02099300 -0.00937500 -0.02708200
v -0.02126800 -0.00923700 -0.02732100
v -0.02099300 -0.01000000 -0.02725000
v -0.02126800 -0.01000000 -0.02752500
v -0.02099300 -0.01062500 -0.02708200
v -0.02126800 -0.01076200 -0.02732100
v -0.02099300 -0.01108300 -0.02662500
v -0.02126800 -0.01132100 -0.02676200
v -0.02099300 -0.01125000 -0.02600000
v -0.02126800 -0.01152500 -0.02600000
v -0.01551800 0.00912100 -0.02688900
v -0.02099300 0.00937500 -0.02708200
v -0.01563600 0.00891700 -0.02662500
v -0.02099300 0.00891700 -0.02662500
v -0.01563600 0.00891700 -0.02662500
v -0.02099300 0.00891700 -0.02662500
v -0.01572600 0.00875800 -0.02614200
v -0.01573000 0.00875000 -0.02599900
v -0.02099300 0.00875000 -0.02600000
v -0.01573000 0.00875000 -0.02599900
v -0.02099300 0.00875000 -0.02600000
v -0.01569900 0.00880700 -0.02562800
v -0.02099300 0.00891700 -0.02537500
v -0.01565100 0.00891700 -0.02537500
v -0.01563400 0.00896900 -0.02529300
v -0.02099300 0.00937500 -0.02491700
v -0.01555100 0.00926700 -0.02498800
v -0.01531500 0.01000200 -0.02475000
v -0.01541900 0.00972400 -0.02478100
v -0.02099300 0.01000000 -0.02475000
v -0.01544000 0.00965900 -0.02479700
v -0.01552200 0.00937600 -0.02491700
v -0.01525100 0.01014700 -0.02475900
v -0.02099300 0.01062500 -0.02491700
v -0.02099300 0.01062500 -0.02491700
v -0.01519400 0.01026000 -0.02477700
v -0.02099300 0.01108300 -0.02537500
v -0.01463600 0.01098900 -0.02523600
v -0.01463600 0.01098900 -0.02523600
v -0.01494800 0.01064900 -0.02493200
v -0.01414100 0.01122500 -0.02624700
v -0.01419400 0.01125000 -0.02598400
v -0.02099300 0.01125000 -0.02600000
v -0.01434700 0.01119700 -0.02563900
v -0.01452400 0.01108100 -0.02537200
v -0.01536600 0.00937500 -0.02708200
v -0.01496700 0.01000000 -0.02725000
v -0.02099300 0.01000000 -0.02725000
v -0.02099300 0.01000000 -0.02725000
v -0.02099300 0.01000000 -0.02725000
v -0.01496700 0.01000000 -0.02725000
v -0.01453000 0.01062500 -0.02708200
v -0.01453000 0.01062500 -0.02708200
v -0.02099300 0.01062500 -0.02708200
v -0.02099300 0.01062500 -0.02708200
v -0.01453000 0.01062500 -0.02708200
v -0.01425100 0.01099600 -0.02675500
v -0.02099300 0.01108300 -0.02662500
v -0.01419000 0.01108100 -0.02662700
v -0.01415900 0.01113600 -0.02652100
v -0.02099300 0.00891700 -0.02537500
v -0.02126800 0.00867900 -0.02523700
v -0.02099300 0.00937500 -0.02491700
v -0.02126800 0.00923700 -0.02467900
v -0.02099300 0.01000000 -0.02475000
v -0.02126800 0.01000000 -0.02447500
v -0.02099300 0.01062500 -0.02491700
v -0.02126800 0.01076200 -0.02467900
v -0.02099300 0.01108300 -0.02537500
v -0.02126800 0.01132100 -0.02523700
v -0.02099300 0.01125000 -0.02600000
v -0.02126800 0.01152500 -0.02600000
v -0.02099300 0.01108300 -0.02662500
v -0.02126800 0.01132100 -0.02676200
v -0.02099300 0.01062500 -0.02708200
v -0.02126800 0.01076200 -0.02732100
v -0.02099300 0.01000000 -0.02725000
v -0.02126800 0.01000000 -0.02752500
v -0.02099300 0.00937500 -0.02708200
v -0.02126800 0.00923700 -0.02732100
v -0.02099300 0.00891700 -0.02662500
v -0.02126800 0.00867900 -0.02676200
v -0.02099300 0.00875000 -0.02600000
v -0.02126800 0.00847500 -0.02600000
v -0.02126800 0.01800800 -0.03107000
v -0.02126800 0.01820300 -0.03113100
v -0.02243100 0.01675900 -0.03113400
v -0.02126800 0.01851500 -0.03128400
v -0.02126800 0.01876800 -0.03149800
v -0.02126800 0.01876800 -0.03149800
v -0.02272400 0.01697800 -0.03150000
v -0.02195700 -0.01737500 -0.03113400
v -0.02126800 -0.01821200 -0.03113400
v -0.02126800 -0.01821200 -0.03113400
v -0.02126800 -0.01800400 -0.03106900
v -0.02224400 -0.01760200 -0.03150000
v -0.02126800 -0.01876700 -0.03149600
v -0.02126800 -0.01859700 -0.03134000
v -0.02126800 -0.01883200 -0.03158000
v -0.02126800 -0.01894400 -0.03181000
v -0.02126800 0.01879400 -0.03152900
v -0.02126800 0.01892300 -0.03174800
v -0.02372700 0.01486600 -0.03113400
v -0.02486500 0.01287400 -0.03113400
v -0.02583500 0.01079600 -0.03113400
v -0.02663200 0.00864500 -0.03113400
v -0.02725000 0.00643600 -0.03113400
v -0.02768600 0.00418400 -0.03113400
v -0.02793500 0.00190400 -0.03113400
v -0.02799700 -0.00038900 -0.03113400
v -0.02787100 -0.00267900 -0.03113400
v -0.02755900 -0.00495100 -0.03113400
v -0.02706100 -0.00719000 -0.03113400
v -0.02638200 -0.00938100 -0.03113400
v -0.02552500 -0.01150900 -0.03113400
v -0.02449700 -0.01356000 -0.03113400
v -0.02330500 -0.01551900 -0.03113400
v -0.02403700 0.01506100 -0.03150000
v -0.02372700 0.01486600 -0.03113400
v -0.02519000 0.01304300 -0.03150000
v -0.02486500 0.01287400 -0.03113400
v -0.02617300 0.01093700 -0.03150000
v -0.02583500 0.01079600 -0.03113400
v -0.02698000 0.00875800 -0.03150000
v -0.02663200 0.00864500 -0.03113400
v -0.02760600 0.00652000 -0.03150000
v -0.02725000 0.00643600 -0.03113400
v -0.02804800 0.00423900 -0.03150000
v -0.02768600 0.00418400 -0.03113400
v -0.02830000 0.00192900 -0.03150000
v -0.02793500 0.00190400 -0.03113400
v -0.02836300 -0.00039400 -0.03150000
v -0.02799700 -0.00038900 -0.03113400
v -0.02823600 -0.00271400 -0.03150000
v -0.02787100 -0.00267900 -0.03113400
v -0.02791900 -0.00501600 -0.03150000
v -0.02755900 -0.00495100 -0.03113400
v -0.02741500 -0.00728400 -0.03150000
v -0.02706100 -0.00719000 -0.03113400
v -0.02672600 -0.00950400 -0.03150000
v -0.02638200 -0.00938100 -0.03113400
v -0.02585900 -0.01166000 -0.03150000
v -0.02552500 -0.01150900 -0.03113400
v -0.02481800 -0.01373700 -0.03150000
v -0.02449700 -0.01356000 -0.03113400
v -0.02361000 -0.01572200 -0.03150000
v -0.02330500 -0.01551900 -0.03113400
v -0.02195700 -0.01737500 -0.03113400
v -0.02272400 0.01697800 -0.03150000
v -0.02403700 0.01506100 -0.03150000
v -0.02519000 0.01304300 -0.03150000
v -0.02617300 0.01093700 -0.03150000
v -0.02698000 0.00875800 -0.03150000
v -0.02760600 0.00652000 -0.03150000
v -0.02804800 0.00423900 -0.03150000
v -0.02830000 0.00192900 -0.03150000
v -0.02836300 -0.00039400 -0.03150000
v -0.02823600 -0.00271400 -0.03150000
v -0.02791900 -0.00501600 -0.03150000
v -0.02741500 -0.00728400 -0.03150000
v -0.02672600 -0.00950400 -0.03150000
v -0.02585900 -0.01166000 -0.03150000
v -0.02481800 -0.01373700 -0.03150000
v -0.02361000 -0.01572200 -0.03150000
v -0.02224400 -0.01760200 -0.03150000
v -0.02126800 -0.01883200 -0.03158000
v 0.01980500 -0.02031600 -0.02182800
v 0.01548600 -0.02380000 -0.02490600
v 0.00606800 -0.02718100 -0.02792900
v 0.00794200 -0.02728400 -0.02806900
v 0.00764400 -0.02676100 -0.02754300
v 0.00764400 -0.02676100 -0.02754300
v 0.00779400 -0.02708100 -0.02774600
v 0.00618700 -0.02750300 -0.02813800
v 0.00779400 -0.02708100 -0.02774600
v 0.00794200 -0.02728400 -0.02806900
v 0.00630400 -0.02771100 -0.02846100
v 0.00927400 -0.02621500 -0.02704100
v 0.00927400 -0.02621500 -0.02704100
v 0.00945700 -0.02653300 -0.02723900
v 0.00945700 -0.02653300 -0.02723900
v 0.00963700 -0.02672900 -0.02756000
v 0.00963700 -0.02672900 -0.02756000
v 0.01128600 -0.02607100 -0.02695900
v 0.01128600 -0.02607100 -0.02695900
v 0.01107400 -0.02588300 -0.02663900
v 0.01107400 -0.02588300 -0.02663900
v 0.01085900 -0.02556700 -0.02644900
v 0.01085900 -0.02556700 -0.02644900
v 0.01288900 -0.02531200 -0.02626900
v 0.01389100 -0.02477200 -0.02578100
v 0.01264600 -0.02513300 -0.02595100
v 0.01362800 -0.02460000 -0.02546300
v 0.01264600 -0.02513300 -0.02595100
v 0.01362800 -0.02460000 -0.02546300
v 0.01239800 -0.02482000 -0.02576900
v 0.01336000 -0.02428900 -0.02528800
v 0.01239800 -0.02482000 -0.02576900
v 0.01336000 -0.02428900 -0.02528800
v 0.01288900 -0.02531200 -0.02626900
v 0.01389100 -0.02477200 -0.02578100
v 0.01548600 -0.02380000 -0.02490600
v 0.01519100 -0.02364100 -0.02459000
v 0.01519100 -0.02364100 -0.02459000
v 0.01489000 -0.02333400 -0.02442600
v 0.01489000 -0.02333400 -0.02442600
v 0.01700300 -0.02273300 -0.02395200
v 0.01844300 -0.02157100 -0.02292500
v 0.01700300 -0.02273300 -0.02395200
v 0.01844300 -0.02157100 -0.02292500
v 0.01667700 -0.02258700 -0.02363800
v 0.01808700 -0.02144000 -0.02261300
v 0.01667700 -0.02258700 -0.02363800
v 0.01808700 -0.02144000 -0.02261300
v 0.01634400 -0.02228400 -0.02348700
v 0.01772200 -0.02114200 -0.02247500
v 0.01902400 -0.01990900 -0.02139600
v 0.01942100 -0.02020100 -0.02151800
v 0.01942100 -0.02020100 -0.02151800
v 0.01980500 -0.02031600 -0.02182800
v 0.01634400 -0.02228400 -0.02348700
v 0.01772200 -0.02114200 -0.02247500
v 0.01902400 -0.01990900 -0.02139600
v 0.02027800 -0.01988300 -0.02163000
v 0.02033300 -0.01983100 -0.02162100
v 0.02027800 -0.01988300 -0.02163000
v 0.02033300 -0.01983100 -0.02162100
v 0.02002000 -0.01974600 -0.02129100
v 0.02008900 -0.01969200 -0.02128200
v 0.02002000 -0.01974600 -0.02129100
v 0.02008900 -0.01969200 -0.02128200
v 0.01969900 -0.01949500 -0.02110500
v 0.01977700 -0.01944600 -0.02109000
v 0.01969900 -0.01949500 -0.02110500
v 0.01977700 -0.01944600 -0.02109000
v 0.02015100 -0.02000200 -0.02166200
v 0.02015100 -0.02000200 -0.02166200
v 0.01986100 -0.01986900 -0.02132500
v 0.01986100 -0.01986900 -0.02132500
v 0.01951700 -0.01960900 -0.02115300
v 0.01951700 -0.01960900 -0.02115300
v 0.00466400 -0.02769800 -0.02709500
v 0.00453200 -0.02789500 -0.02712300
v 0.00462800 -0.02787700 -0.02742500
v 0.00435800 -0.02805500 -0.02715700
v 0.00425900 -0.02811800 -0.02717600
v 0.00437700 -0.02809900 -0.02754900
v 0.00479000 -0.02757000 -0.02733500
v 0.00471100 -0.02758900 -0.02708400
v 0.00446300 -0.02808500 -0.02771100
v 0.00469600 -0.02804500 -0.02801000
v 0.00483900 -0.02802000 -0.02813900
v 0.00516500 -0.02795900 -0.02834300
v 0.00534700 -0.02792300 -0.02841700
v 0.00469900 -0.02786300 -0.02755600
v 0.00488900 -0.02782400 -0.02779800
v 0.00500500 -0.02780000 -0.02790100
v 0.00527000 -0.02774100 -0.02806300
v 0.00541800 -0.02770600 -0.02812100
v 0.00484800 -0.02755600 -0.02744400
v 0.00500400 -0.02751700 -0.02764500
v 0.00509900 -0.02749100 -0.02773100
v 0.00531700 -0.02743000 -0.02786600
v 0.00543800 -0.02739400 -0.02791400
v 0.00569000 -0.02731500 -0.02796500
v 0.00572500 -0.02763000 -0.02818100
v 0.00572600 -0.02784400 -0.02850000
v 0.00581500 -0.02727200 -0.02796800
v 0.00587900 -0.02758900 -0.02818500
v 0.00591700 -0.02780100 -0.02850900
v 0.02071600 -0.01938900 -0.02159300
v 0.02023100 -0.01908500 -0.02106200
v 0.02035500 -0.01895700 -0.02107400
v 0.02081900 -0.01923200 -0.02159800
v 0.02076900 -0.01920200 -0.02148400
v 0.02051700 -0.01926900 -0.02127000
v 0.02063100 -0.01912100 -0.02128300
v 0.02023100 -0.01908500 -0.02106200
v 0.02023100 -0.01908500 -0.02106200
v 0.02045500 -0.01901600 -0.02112900
v 0.02051700 -0.01926900 -0.02127000
v 0.00409300 -0.02809300 -0.02567900
v 0.00382600 -0.02812900 -0.02420000
v 0.00413900 -0.02777100 -0.02413700
v 0.00440100 -0.02773600 -0.02561700
v 0.00422000 -0.02755900 -0.02411900
v 0.00404900 -0.02791500 -0.02415600
v 0.02114700 -0.01773600 -0.02144800
v 0.02078700 -0.01773600 -0.02111900
v 0.02076300 -0.01811500 -0.02112200
v 0.02076300 -0.01811500 -0.02112200
v 0.02078700 -0.01773600 -0.02111900
v 0.02068100 -0.01849000 -0.02112500
v 0.02102700 -0.01859900 -0.02146900
v 0.02112100 -0.01817000 -0.02145800
v 0.02112100 -0.01817000 -0.02145800
v 0.00351700 -0.02820300 -0.02392000
v 0.00332500 -0.02822700 -0.02389800
v 0.00318700 -0.02768200 -0.02335900
v 0.00364900 -0.02762700 -0.02341500
v 0.00364900 -0.02762700 -0.02341500
v 0.00402500 -0.02758200 -0.02369200
v 0.00389900 -0.02793300 -0.02382800
v 0.00361000 -0.02796700 -0.02361500
v 0.00367400 -0.02818500 -0.02403600
v 0.00367400 -0.02818500 -0.02403600
v 0.00318800 -0.02768900 -0.02336100
v 0.00361000 -0.02796700 -0.02361500
v 0.00361000 -0.02796700 -0.02361500
v 0.00325500 -0.02801000 -0.02357200
v 0.00325600 -0.02801300 -0.02357500
v 0.00351700 -0.02820300 -0.02392000
v 0.00332500 -0.02822700 -0.02389800
v 0.02067500 -0.00532600 -0.02106800
v 0.02078700 -0.00532600 -0.02111900
v 0.02098800 -0.00532600 -0.02126100
v 0.02114700 -0.00532600 -0.02144800
v 0.02120900 -0.00532600 -0.02155500
v -0.00318700 -0.02768200 -0.02335900
v -0.00318800 -0.02768900 -0.02336100
v -0.00157300 -0.02783600 -0.02352400
v 0.00164200 -0.02783100 -0.02351900
v 0.00167700 -0.02815600 -0.02373500
v 0.00167700 -0.02815600 -0.02373500
v 0.00171200 -0.02837200 -0.02405900
v 0.00003800 -0.02842400 -0.02411700
v -0.00164000 -0.02837600 -0.02406400
v 0.00003700 -0.02788300 -0.02357600
v 0.00167700 -0.02815600 -0.02373500
v 0.00003700 -0.02788300 -0.02357600
v 0.00003800 -0.02820700 -0.02379300
v -0.00160600 -0.02816000 -0.02374000
v -0.00325600 -0.02801300 -0.02357500
v 0.00003800 -0.02820700 -0.02379300
v 0.00003800 -0.02820700 -0.02379300
v 0.00003800 -0.02842400 -0.02411700
v -0.00160600 -0.02816000 -0.02374000
v -0.00325600 -0.02801300 -0.02357500
v -0.00332500 -0.02822700 -0.02389800
v -0.00332500 -0.02822700 -0.02389800
v 0.02087400 -0.00180600 -0.02125700
v 0.02046300 -0.00180100 -0.02110100
v 0.02086700 0.00130900 -0.02126400
v 0.02044900 0.00130500 -0.02111100
v 0.02044900 0.00130500 -0.02111100
v 0.02117800 -0.00181600 -0.02157500
v 0.02117800 -0.00181600 -0.02157500
v 0.02117700 0.00131700 -0.02158200
v 0.02117900 0.00189000 -0.02157300
v 0.02046600 0.00187500 -0.02110000
v 0.02046600 0.00187500 -0.02110000
v 0.02087600 0.00188000 -0.02125600
v 0.02120900 0.00532600 -0.02155500
v 0.02114700 0.00532600 -0.02144800
v 0.02086700 0.00130900 -0.02126400
v 0.02117700 0.00131700 -0.02158200
v 0.02067500 0.00532600 -0.02106800
v 0.02067500 0.00532600 -0.02106800
v 0.02078700 0.00532600 -0.02111900
v 0.02098800 0.00532600 -0.02126100
v -0.00364900 -0.02762700 -0.02341500
v -0.00402500 -0.02758200 -0.02369200
v -0.00422000 -0.02755900 -0.02411900
v -0.00413900 -0.02777100 -0.02413700
v -0.00389900 -0.02793300 -0.02382800
v -0.00351700 -0.02820300 -0.02392000
v -0.00351700 -0.02820300 -0.02392000
v -0.00361000 -0.02796700 -0.02361500
v -0.00361000 -0.02796700 -0.02361500
v -0.00361000 -0.02796700 -0.02361500
v -0.00367400 -0.02818500 -0.02403600
v -0.00367400 -0.02818500 -0.02403600
v -0.00404900 -0.02791500 -0.02415600
v -0.00382600 -0.02812900 -0.02420000
v -0.00382600 -0.02812900 -0.02420000
v 0.02078700 0.01773600 -0.02111900
v 0.02114700 0.01773600 -0.02144800
v -0.00453200 -0.02789500 -0.02712300
v -0.00435800 -0.02805500 -0.02715700
v -0.00409300 -0.02809300 -0.02567900
v -0.00440100 -0.02773600 -0.02561700
v -0.00466400 -0.02769800 -0.02709500
v -0.00409300 -0.02809300 -0.02567900
v -0.00466400 -0.02769800 -0.02709500
v 0.02035500 0.01895700 -0.02107400
v 0.02061900 0.01867200 -0.02112600
v 0.02061900 0.01867200 -0.02112600
v 0.02045500 0.01901600 -0.02112900
v 0.02063100 0.01912100 -0.02128300
v 0.02095600 0.01880800 -0.02147400
v 0.02076900 0.01920200 -0.02148400
v 0.02081900 0.01923200 -0.02159800
v 0.02108300 0.01838500 -0.02146300
v 0.02108300 0.01838500 -0.02146300
v 0.02072900 0.01830300 -0.02112300
v 0.02072900 0.01830300 -0.02112300
v -0.00630400 -0.02771100 -0.02846100
v -0.00618700 -0.02750300 -0.02813800
v -0.00618700 -0.02750300 -0.02813800
v -0.00630400 -0.02771100 -0.02846100
v -0.00630400 -0.02771100 -0.02846100
v -0.00630400 -0.02771100 -0.02846100
v -0.00623700 -0.02772800 -0.02847600
v -0.00606800 -0.02718100 -0.02792900
v -0.00618700 -0.02750300 -0.02813800
v -0.00613300 -0.02751900 -0.02815100
v -0.00623700 -0.02772800 -0.02847600
v -0.00584900 -0.02781700 -0.02850800
v -0.00567000 -0.02785600 -0.02849300
v -0.00529400 -0.02793400 -0.02839800
v -0.00513100 -0.02796500 -0.02832600
v -0.00481000 -0.02802500 -0.02811500
v -0.00468000 -0.02804800 -0.02799400
v -0.00613300 -0.02751900 -0.02815100
v -0.00584900 -0.02781700 -0.02850800
v -0.00582400 -0.02760400 -0.02818500
v -0.00567000 -0.02785600 -0.02849300
v -0.00567900 -0.02764100 -0.02817700
v -0.00537500 -0.02771600 -0.02810600
v -0.00524300 -0.02774700 -0.02805000
v -0.00498200 -0.02780500 -0.02788200
v -0.00487600 -0.02782700 -0.02778500
v -0.00602400 -0.02719800 -0.02794000
v -0.00582400 -0.02760400 -0.02818500
v -0.00577000 -0.02728800 -0.02796800
v -0.00567900 -0.02764100 -0.02817700
v -0.00565200 -0.02732700 -0.02796100
v -0.00540300 -0.02740500 -0.02790200
v -0.00540300 -0.02740500 -0.02790200
v -0.00529400 -0.02743700 -0.02785500
v -0.00508000 -0.02749600 -0.02771600
v -0.00508000 -0.02749600 -0.02771600
v -0.00499300 -0.02751900 -0.02763500
v -0.00529400 -0.02743700 -0.02785500
v -0.00565200 -0.02732700 -0.02796100
v -0.00577000 -0.02728800 -0.02796800
v -0.00602400 -0.02719800 -0.02794000
v -0.00606800 -0.02718100 -0.02792900
v -0.00484000 -0.02755800 -0.02743200
v -0.00468900 -0.02786500 -0.02754100
v -0.00445200 -0.02808700 -0.02769200
v -0.00478600 -0.02757100 -0.02732500
v -0.00462300 -0.02787800 -0.02741300
v -0.00437000 -0.02810000 -0.02753500
v -0.00478600 -0.02757100 -0.02732500
v 0.01977700 0.01944600 -0.02109000
v 0.02008900 0.01969200 -0.02128200
v 0.02008900 0.01969200 -0.02128200
v 0.01977700 0.01944600 -0.02109000
v 0.01990900 0.01935500 -0.02107100
v 0.01990900 0.01935500 -0.02107100
v 0.02044500 0.01972000 -0.02160500
v 0.02033300 0.01983100 -0.02162100
v 0.02044500 0.01972000 -0.02160500
v 0.02033300 0.01983100 -0.02162100
v 0.02021400 0.01958500 -0.02126800
v 0.01990900 0.01935500 -0.02107100
v 0.02021400 0.01958500 -0.02126800
v 0.02008900 0.01969200 -0.02128200
v -0.01980500 -0.02031600 -0.02182800
v -0.01942000 -0.02020100 -0.02151800
v -0.01980500 -0.02031600 -0.02182800
v -0.01896000 -0.02111400 -0.02252400
v -0.01902400 -0.01990900 -0.02139600
v -0.01942000 -0.02020100 -0.02151800
v -0.01859300 -0.02098900 -0.02221300
v -0.01896000 -0.02111400 -0.02252400
v -0.01745300 -0.02238600 -0.02364500
v -0.01586800 -0.02354500 -0.02467700
v -0.01420700 -0.02459100 -0.02561700
v -0.01325800 -0.02511900 -0.02609500
v -0.01158600 -0.02593800 -0.02683800
v -0.00987100 -0.02664300 -0.02748100
v -0.01859300 -0.02098900 -0.02221300
v -0.01745300 -0.02238600 -0.02364500
v -0.01711800 -0.02224500 -0.02333200
v -0.01586800 -0.02354500 -0.02467700
v -0.01556600 -0.02338900 -0.02436200
v -0.01420700 -0.02459100 -0.02561700
v -0.01393800 -0.02442100 -0.02530000
v -0.01325800 -0.02511900 -0.02609500
v -0.01300800 -0.02494300 -0.02577700
v -0.01158600 -0.02593800 -0.02683800
v -0.01136900 -0.02575200 -0.02651900
v -0.00987100 -0.02664300 -0.02748100
v -0.00968600 -0.02644800 -0.02716000
v -0.00811100 -0.02723400 -0.02802300
v -0.00796000 -0.02703200 -0.02770100
v -0.00796000 -0.02703200 -0.02770100
v -0.01821600 -0.02069300 -0.02208000
v -0.01711800 -0.02224500 -0.02333200
v -0.01677500 -0.02194300 -0.02318400
v -0.01556600 -0.02338900 -0.02436200
v -0.01525700 -0.02308200 -0.02420100
v -0.01393800 -0.02442100 -0.02530000
v -0.01366400 -0.02411100 -0.02512700
v -0.01300800 -0.02494300 -0.02577700
v -0.01275200 -0.02463100 -0.02559700
v -0.01136900 -0.02575200 -0.02651900
v -0.01114700 -0.02543700 -0.02633000
v -0.00968600 -0.02644800 -0.02716000
v -0.00949900 -0.02613000 -0.02696400
v -0.00796000 -0.02703200 -0.02770100
v -0.00780600 -0.02671200 -0.02749700
v -0.00780600 -0.02671200 -0.02749700
v -0.00949900 -0.02613000 -0.02696400
v -0.01114700 -0.02543700 -0.02633000
v -0.01275200 -0.02463100 -0.02559700
v -0.01366400 -0.02411100 -0.02512700
v -0.01525700 -0.02308200 -0.02420100
v -0.01677500 -0.02194300 -0.02318400
v -0.01821600 -0.02069300 -0.02208000
v -0.00811100 -0.02723400 -0.02802300
v 0.02009400 0.02005400 -0.02168100
v 0.01980500 0.02031600 -0.02182800
v 0.02009400 0.02005400 -0.02168100
v 0.01980500 0.02031600 -0.02182800
v 0.01978900 0.01992400 -0.02134600
v 0.01942000 0.02020100 -0.02151800
v 0.01978900 0.01992400 -0.02134600
v 0.01942000 0.02020100 -0.02151800
v 0.01943500 0.01965900 -0.02118200
v 0.01902400 0.01990900 -0.02139600
v -0.01978900 -0.01992400 -0.02134600
v -0.01943500 -0.01965900 -0.02118200
v -0.01973800 -0.01947100 -0.02109700
v -0.02009400 -0.02005400 -0.02168100
v -0.01978900 -0.01992400 -0.02134600
v -0.02030600 -0.01985700 -0.02162500
v -0.02030600 -0.01985700 -0.02162500
v -0.02030600 -0.01985700 -0.02162500
v -0.02009400 -0.02005400 -0.02168100
v -0.02005400 -0.01971900 -0.02128600
v -0.02031000 -0.01910400 -0.02107600
v -0.02039500 -0.01918400 -0.02113400
v -0.02005400 -0.01971900 -0.02128600
v -0.02070400 -0.01947400 -0.02161700
v -0.02066200 -0.01943500 -0.02150000
v -0.02054600 -0.01932600 -0.02129300
v 0.01838800 0.02161800 -0.02296700
v 0.01527700 0.02250800 -0.02405900
v 0.01622900 0.02237200 -0.02356600
v 0.01622900 0.02237200 -0.02356600
v 0.01535200 0.02275400 -0.02405100
v 0.01543800 0.02295400 -0.02408600
v 0.01549400 0.02305700 -0.02412200
v 0.01656000 0.02267500 -0.02371800
v 0.01656000 0.02267500 -0.02371800
v 0.01559500 0.02320700 -0.02420400
v 0.01688300 0.02282200 -0.02403200
v 0.01585600 0.02344700 -0.02449400
v 0.01566800 0.02329400 -0.02427500
v 0.01611200 0.02350000 -0.02493400
v 0.01604100 0.02350000 -0.02475800
v 0.01595300 0.02348700 -0.02462500
v 0.01838800 0.02161800 -0.02296700
v 0.01803300 0.02148600 -0.02265400
v 0.01803300 0.02148600 -0.02265400
v 0.01766900 0.02118900 -0.02251600
v 0.01766900 0.02118900 -0.02251600
v -0.02121700 -0.01895200 -0.02168500
v -0.02113400 -0.01892000 -0.02149900
v -0.02107200 -0.01889700 -0.02140600
v -0.02084700 -0.01881100 -0.02118500
v -0.02027500 -0.01858900 -0.02100000
v -0.02055100 -0.01869600 -0.02104100
v -0.02065000 -0.01873500 -0.02107600
v -0.02076700 -0.01878000 -0.02113400
v 0.01315400 0.02288300 -0.02536800
v 0.01595300 0.02348700 -0.02462500
v 0.01595300 0.02348700 -0.02462500
v 0.01340300 0.02342400 -0.02584900
v 0.01325400 0.02320700 -0.02556100
v 0.01340300 0.02342400 -0.02584900
v 0.01340300 0.02342400 -0.02584900
v 0.01566800 0.02329400 -0.02427500
v 0.01585600 0.02344700 -0.02449400
v 0.00794300 0.02288300 -0.02745000
v 0.01060000 0.02288300 -0.02653700
v 0.01080100 0.02342400 -0.02704000
v 0.00805700 0.02335700 -0.02784300
v 0.01068000 0.02320700 -0.02673900
v 0.00800300 0.02320700 -0.02765800
v 0.00795700 0.02298500 -0.02749800
v 0.00809400 0.02342400 -0.02797000
v 0.01060000 0.02288300 -0.02653700
v -0.02026800 -0.00700000 -0.02100000
v -0.02076800 -0.00700000 -0.02113400
v -0.02107200 -0.01889700 -0.02140600
v -0.02084700 -0.01881100 -0.02118500
v -0.02097500 -0.00700000 -0.02129300
v -0.02113400 -0.01892000 -0.02149900
v -0.02113400 -0.00700000 -0.02150000
v -0.02121700 -0.01895200 -0.02168500
v -0.01980500 0.02031600 -0.02182800
v -0.01609600 0.02350000 -0.02487500
v -0.01604100 0.02350000 -0.02475800
v -0.01595300 0.02348700 -0.02462500
v -0.01688300 0.02282200 -0.02403200
v -0.01585600 0.02344700 -0.02449400
v -0.01656000 0.02267500 -0.02371800
v -0.01622900 0.02237200 -0.02356600
v -0.01766900 0.02118900 -0.02251600
v -0.01766900 0.02118900 -0.02251600
v -0.01803300 0.02148600 -0.02265400
v -0.01803300 0.02148600 -0.02265400
v -0.01838800 0.02161800 -0.02296700
v -0.01902400 0.01990900 -0.02139600
v -0.01902400 0.01990900 -0.02139600
v -0.01942100 0.02020100 -0.02151800
v -0.01942100 0.02020100 -0.02151800
v -0.01980500 0.02031600 -0.02182800
v -0.01838800 0.02161800 -0.02296700
v -0.02027800 0.01988300 -0.02163000
v -0.02070400 0.01947400 -0.02161700
v -0.02027800 0.01988300 -0.02163000
v -0.02002000 0.01974600 -0.02129100
v -0.02054600 0.01932600 -0.02129300
v -0.02002000 0.01974600 -0.02129100
v -0.01969900 0.01949500 -0.02110500
v -0.02031000 0.01910400 -0.02107600
v -0.02031000 0.01910400 -0.02107600
v -0.01969900 0.01949500 -0.02110500
v -0.02031000 0.01910400 -0.02107600
v -0.02015100 0.02000200 -0.02166200
v -0.02015100 0.02000200 -0.02166200
v -0.01986100 0.01986900 -0.02132500
v -0.01986100 0.01986900 -0.02132500
v -0.01951700 0.01960900 -0.02115300
v -0.01951700 0.01960900 -0.02115300
v -0.02097500 0.00700000 -0.02129300
v -0.02121700 0.01895200 -0.02168500
v -0.02113400 0.00700000 -0.02150000
v -0.02113400 0.00700000 -0.02150000
v -0.02121700 0.01895200 -0.02168500
v -0.02076800 0.00700000 -0.02113400
v -0.02084700 0.01881100 -0.02118500
v -0.02107200 0.01889700 -0.02140600
v -0.02027500 0.01858900 -0.02100000
v -0.02055100 0.01869600 -0.02104100
v -0.02065000 0.01873500 -0.02107600
v -0.02084700 0.01881100 -0.02118500
v -0.02107200 0.01889700 -0.02140600
v -0.02121700 0.01895200 -0.02168500
v 0.01547600 0.01605600 -0.03600000
v 0.01561400 0.01620000 -0.03580000
v 0.01829700 0.01309400 -0.03580000
v 0.01813500 0.01297800 -0.03600000
v 0.02037100 0.00955300 -0.03580000
v 0.02019000 0.00946800 -0.03600000
v 0.02176800 0.00569300 -0.03580000
v 0.02157400 0.00564300 -0.03600000
v 0.02244000 0.00164400 -0.03580000
v 0.02224000 0.00163000 -0.03600000
v 0.02236500 -0.00245900 -0.03580000
v 0.02216600 -0.00243700 -0.03600000
v 0.02154600 -0.00648100 -0.03580000
v 0.02135500 -0.00642300 -0.03600000
v 0.02001100 -0.01028700 -0.03580000
v 0.01983300 -0.01019500 -0.03600000
v 0.01780900 -0.01375000 -0.03580000
v 0.01765100 -0.01362800 -0.03600000
v 0.01501500 -0.01675700 -0.03580000
v 0.01488200 -0.01660800 -0.03600000
v 0.01172200 -0.01920500 -0.03580000
v 0.01161800 -0.01903500 -0.03600000
v 0.00803800 -0.02101500 -0.03580000
v 0.00803800 -0.02101500 -0.03580000
v 0.01161800 -0.01903500 -0.03600000
v 0.00796700 -0.02082800 -0.03600000
v 0.00408700 -0.02212600 -0.03580000
v 0.00405100 -0.02192900 -0.03600000
v 0.00000000 -0.02250000 -0.03580000
v 0.00000000 -0.02230000 -0.03600000
v -0.00408700 -0.02212600 -0.03580000
v -0.00405100 -0.02192900 -0.03600000
v -0.00803800 -0.02101500 -0.03580000
v -0.00796700 -0.02082800 -0.03600000
v -0.01172200 -0.01920500 -0.03580000
v -0.01161800 -0.01903500 -0.03600000
v -0.01501500 -0.01675700 -0.03580000
v -0.01488200 -0.01660800 -0.03600000
v -0.01572400 -0.01581300 -0.03600000
v -0.01780900 -0.01375000 -0.03580000
v -0.01765100 -0.01362800 -0.03600000
v -0.02001100 -0.01028700 -0.03580000
v -0.02001100 -0.01028700 -0.03580000
v -0.01765100 -0.01362800 -0.03600000
v -0.01983300 -0.01019500 -0.03600000
v -0.02154600 -0.00648100 -0.03580000
v -0.02135500 -0.00642300 -0.03600000
v -0.02236500 -0.00245900 -0.03580000
v -0.02216600 -0.00243700 -0.03600000
v -0.02244000 0.00164400 -0.03580000
v -0.02224000 0.00163000 -0.03600000
v -0.02176800 0.00569300 -0.03580000
v -0.02157400 0.00564300 -0.03600000
v -0.02037100 0.00955300 -0.03580000
v -0.02019000 0.00946800 -0.03600000
v -0.01829700 0.01309400 -0.03580000
v -0.01813500 0.01297800 -0.03600000
v -0.01561400 0.01620000 -0.03580000
v -0.01547600 0.01605600 -0.03600000
v 0.01498300 0.01719200 -0.03580000
v 0.01479400 0.01712800 -0.03600000
v 0.01487600 0.01836400 -0.03580000
v 0.01467800 0.01839300 -0.03600000
v 0.01531600 0.01945400 -0.03580000
v 0.01515300 0.01957100 -0.03600000
v 0.01620600 0.02022300 -0.03580000
v 0.01611500 0.02040100 -0.03600000
v 0.01734900 0.02050000 -0.03580000
v 0.01734900 0.02070000 -0.03600000
v -0.01734900 0.02050000 -0.03580000
v -0.01734900 0.02070000 -0.03600000
v -0.01620600 0.02022300 -0.03580000
v -0.01611500 0.02040100 -0.03600000
v -0.01531600 0.01945400 -0.03580000
v -0.01515300 0.01957100 -0.03600000
v -0.01487600 0.01836400 -0.03580000
v -0.01467800 0.01839300 -0.03600000
v -0.01498300 0.01719200 -0.03580000
v -0.01479400 0.01712800 -0.03600000
v 0.01828500 0.02031800 -0.03580000
v 0.01836000 0.02050400 -0.03600000
v 0.01908400 0.01980000 -0.03580000
v 0.01922300 0.01994400 -0.03600000
v -0.01908400 0.01980000 -0.03580000
v -0.01922300 0.01994400 -0.03600000
v -0.01828500 0.02031800 -0.03580000
v -0.01836000 0.02050400 -0.03600000
v -0.02616800 0.00845500 -0.03580000
v -0.02635800 0.00851600 -0.03600000
v -0.02444000 0.01260800 -0.03580000
v -0.02461700 0.01270000 -0.03600000
v -0.02205700 0.01642400 -0.03580000
v -0.02221700 0.01654300 -0.03600000
v 0.02205700 0.01642400 -0.03580000
v 0.02221700 0.01654300 -0.03600000
v 0.02444000 0.01260800 -0.03580000
v 0.02461700 0.01270000 -0.03600000
v 0.02616800 0.00845500 -0.03580000
v 0.02635800 0.00851600 -0.03600000
v 0.02719600 0.00407500 -0.03580000
v 0.02739400 0.00410500 -0.03600000
v 0.02749700 -0.00041300 -0.03580000
v 0.02769700 -0.00041600 -0.03600000
v 0.02706200 -0.00489100 -0.03580000
v 0.02725800 -0.00492600 -0.03600000
v 0.02590200 -0.00923700 -0.03580000
v 0.02609100 -0.00930400 -0.03600000
v 0.02405000 -0.01333600 -0.03580000
v 0.02422500 -0.01343300 -0.03600000
v 0.02155400 -0.01707900 -0.03580000
v 0.02171000 -0.01720300 -0.03600000
v 0.01848100 -0.02036400 -0.03580000
v 0.01861500 -0.02051300 -0.03600000
v 0.01491300 -0.02310500 -0.03580000
v 0.01502200 -0.02327300 -0.03600000
v 0.01094700 -0.02522700 -0.03580000
v 0.01102700 -0.02541100 -0.03600000
v 0.00668800 -0.02667400 -0.03580000
v 0.00673600 -0.02686800 -0.03600000
v 0.00224900 -0.02740800 -0.03580000
v 0.00226600 -0.02760700 -0.03600000
v -0.00224900 -0.02740800 -0.03580000
v -0.00226600 -0.02760700 -0.03600000
v -0.00668800 -0.02667400 -0.03580000
v -0.00673600 -0.02686800 -0.03600000
v -0.01094700 -0.02522700 -0.03580000
v -0.01102700 -0.02541100 -0.03600000
v -0.01491300 -0.02310500 -0.03580000
v -0.01502200 -0.02327300 -0.03600000
v -0.01848100 -0.02036400 -0.03580000
v -0.01861500 -0.02051300 -0.03600000
v -0.02155400 -0.01707900 -0.03580000
v -0.02171000 -0.01720300 -0.03600000
v -0.02405000 -0.01333600 -0.03580000
v -0.02422500 -0.01343300 -0.03600000
v -0.02590200 -0.00923700 -0.03580000
v -0.02609100 -0.00930400 -0.03600000
v -0.02706200 -0.00489100 -0.03580000
v -0.02725800 -0.00492600 -0.03600000
v -0.02749700 -0.00041300 -0.03580000
v -0.02769700 -0.00041600 -0.03600000
v -0.02719600 0.00407500 -0.03580000
v -0.02739400 0.00410500 -0.03600000
v -0.02651300 0.00802100 -0.03600000
v -0.02026800 -0.00476500 -0.03084800
v -0.01843700 -0.00439400 -0.03096100
v -0.02026800 -0.00439000 -0.03096200
v -0.02026800 -0.00566300 -0.03011100
v -0.01791600 -0.00555100 -0.03026300
v -0.02026800 -0.00541400 -0.03041400
v -0.01805700 -0.00527400 -0.03054200
v -0.02026800 -0.00511100 -0.03066300
v -0.01816900 -0.00503800 -0.03070900
v -0.01832500 -0.00467900 -0.03088100
v -0.02026800 -0.00600000 -0.02900000
v -0.01766300 -0.00600000 -0.02900000
v -0.02026800 -0.00596200 -0.02939000
v -0.01768300 -0.00596700 -0.02936400
v -0.02026800 -0.00584800 -0.02976500
v -0.01772900 -0.00588800 -0.02966000
v -0.01782000 -0.00572700 -0.03000900
v -0.01766300 0.00600000 -0.02900000
v -0.02026800 0.00600000 -0.02900000
v -0.01768500 0.00596400 -0.02937800
v -0.02026800 0.00590100 -0.02962200
v -0.01772400 0.00589800 -0.02963100
v -0.01781200 0.00574100 -0.02998300
v -0.02026800 0.00476500 -0.03084800
v -0.01827600 0.00479600 -0.03083500
v -0.02026800 0.00516600 -0.03062500
v -0.01812000 0.00514400 -0.03064000
v -0.02026800 0.00561400 -0.03018200
v -0.02026800 0.00561400 -0.03018200
v -0.01802300 0.00534200 -0.03048300
v -0.01802300 0.00534200 -0.03048300
v -0.01788600 0.00560700 -0.03019100
v -0.02026800 0.00460400 -0.03090700
v -0.01852800 0.00413800 -0.03099500
v -0.01838600 0.00452800 -0.03092900
v -0.01937400 -0.00600000 -0.02224600
v -0.01854200 -0.00600000 -0.02294400
v -0.01968000 -0.00600000 -0.02206300
v -0.02003100 -0.00600000 -0.02200000
v -0.02026800 -0.00600000 -0.02200000
v -0.01814200 -0.00600000 -0.02335500
v -0.01801000 -0.00600000 -0.02354500
v -0.01779100 -0.00600000 -0.02399700
v -0.01771700 -0.00600000 -0.02425200
v -0.01766300 -0.00600000 -0.02472100
v -0.02026800 0.00600000 -0.02200000
v -0.01766300 0.00600000 -0.02472100
v -0.01854200 0.00600000 -0.02294400
v -0.01937400 0.00600000 -0.02224600
v -0.02003100 0.00600000 -0.02200000
v -0.01968100 0.00600000 -0.02206300
v -0.01768600 0.00600000 -0.02441500
v -0.01775600 0.00600000 -0.02410500
v -0.01817600 0.00600000 -0.02331100
v -0.01795000 0.00600000 -0.02364700
v -0.00720000 0.02250000 -0.03200000
v -0.00720000 0.02250000 -0.02833700
v -0.00720000 0.01713900 -0.03200000
v -0.00720000 0.01908700 -0.02833700
v -0.00720000 0.01713900 -0.03016800
v -0.00720000 0.01899400 -0.02833900
v -0.00720000 0.01852000 -0.02841000
v -0.00720000 0.01836800 -0.02845700
v -0.00720000 0.01796800 -0.02864900
v -0.00720000 0.01783100 -0.02874500
v -0.00720000 0.01718900 -0.02973600
v -0.00720000 0.01723700 -0.02957000
v -0.00720000 0.01753000 -0.02903800
v -0.00720000 0.01741900 -0.02919300
v 0.00720000 0.01713900 -0.03200000
v 0.00720000 0.01713900 -0.03016800
v 0.00720000 0.02250000 -0.03200000
v 0.00720000 0.01716500 -0.02985500
v 0.00720000 0.01838600 -0.02845100
v 0.00720000 0.01860600 -0.02838900
v 0.00720000 0.01908700 -0.02833700
v 0.00720000 0.02250000 -0.02833700
v 0.00720000 0.01720200 -0.02968700
v 0.00720000 0.01735600 -0.02929800
v 0.00720000 0.01747700 -0.02910800
v 0.00720000 0.01776300 -0.02880000
v 0.00720000 0.01798200 -0.02864000
v -0.00800500 0.02348100 -0.03248100
v -0.00800500 0.02348100 -0.03248100
v 0.00770000 0.02336600 -0.03236600
v 0.00770000 0.02336600 -0.03236600
v 0.00770000 0.02336600 -0.03236600
v 0.00770000 0.02336600 -0.03236600
v 0.00770000 0.02336600 -0.03236600
v -0.00820000 0.02350000 -0.03250000
v -0.00820000 0.02350000 -0.03250000
v -0.00820000 0.02350000 -0.03250000
v 0.00794100 0.02346600 -0.03246600
v 0.00794100 0.02346600 -0.03246600
v 0.00820000 0.02350000 -0.03250000
v -0.00733400 0.02300000 -0.03200000
v 0.00733400 0.02300000 -0.03200000
v 0.00733400 0.02300000 -0.03200000
v -0.00749300 0.02320700 -0.03220700
v -0.00749300 0.02320700 -0.03220700
v -0.00749300 0.02320700 -0.03220700
v -0.00781700 0.02342400 -0.03242400
v -0.00781700 0.02342400 -0.03242400
v 0.00746800 0.01645800 -0.03016800
v 0.00746800 0.01645800 -0.03200000
v 0.00726900 0.01677300 -0.03016800
v 0.00726900 0.01677300 -0.03200000
v 0.00745100 0.01651200 -0.02974500
v 0.00726500 0.01681600 -0.02979600
v 0.00744400 0.01656900 -0.02951800
v 0.00743500 0.01679100 -0.02899000
v 0.00743500 0.01695500 -0.02872900
v 0.00744500 0.01734000 -0.02830000
v 0.00745600 0.01763000 -0.02807200
v 0.00748500 0.01816100 -0.02778900
v 0.00750300 0.01845100 -0.02768900
v 0.00754700 0.01908700 -0.02758000
v 0.00726300 0.01686400 -0.02959700
v 0.00726000 0.01705500 -0.02913400
v 0.00726100 0.01719900 -0.02890600
v 0.00726300 0.01753700 -0.02853300
v 0.00726600 0.01779300 -0.02833600
v 0.00748500 0.01816100 -0.02778900
v 0.00727400 0.01826500 -0.02809300
v 0.00750300 0.01845100 -0.02768900
v 0.00727900 0.01852200 -0.02800900
v 0.00754700 0.01908700 -0.02758000
v 0.00729100 0.01908700 -0.02792100
v 0.00727400 0.01826500 -0.02809300
v 0.00727900 0.01852200 -0.02800900
v 0.00729100 0.01908700 -0.02792100
v 0.00782400 0.02250000 -0.02741100
v 0.00749600 0.02250000 -0.02762700
v 0.00749600 0.02250000 -0.02762700
v 0.00727700 0.02250000 -0.02795300
v 0.00727700 0.02250000 -0.02795300
v 0.00727700 0.02283300 -0.02814500
v 0.00727700 0.02288500 -0.02833700
v 0.00727700 0.02269200 -0.02800400
v 0.00782400 0.02330200 -0.02787400
v 0.00782400 0.02342700 -0.02833700
v 0.00782400 0.02330200 -0.02787400
v 0.00782400 0.02296300 -0.02753500
v 0.00749600 0.02285500 -0.02772200
v 0.00749600 0.02285500 -0.02772200
v 0.00749600 0.02285500 -0.02772200
v 0.00749600 0.02311500 -0.02798200
v 0.00770000 0.02336600 -0.02833700
v 0.00749600 0.02311500 -0.02798200
v 0.00749600 0.02311500 -0.02798200
v 0.00749600 0.02311500 -0.02798200
v 0.00749600 0.02321000 -0.02833700
v 0.00733400 0.02300000 -0.02833700
v 0.00727700 0.02269200 -0.02800400
v 0.00727700 0.02283300 -0.02814500
v 0.00733400 0.02300000 -0.03200000
v 0.00770000 0.02336600 -0.03236600
v 0.00794100 0.02346600 -0.03246600
v -0.00727600 0.02288300 -0.03200000
v -0.00733400 0.02300000 -0.03200000
v -0.00749600 0.02321000 -0.02833700
v -0.00727700 0.02288500 -0.02833700
v -0.00727600 0.02288300 -0.03200000
v -0.00727700 0.02288500 -0.02833700
v -0.00749300 0.02320700 -0.03220700
v -0.00781700 0.02342400 -0.03242400
v -0.00782400 0.02342700 -0.02833700
v -0.00800500 0.02348100 -0.03248100
v -0.00782400 0.02335600 -0.02798300
v -0.00749600 0.02315600 -0.02806600
v -0.00749600 0.02315600 -0.02806600
v -0.00727700 0.02285600 -0.02819000
v -0.00727700 0.02285600 -0.02819000
v -0.00782400 0.02315500 -0.02768200
v -0.00782400 0.02285400 -0.02748100
v -0.00749600 0.02300200 -0.02783500
v -0.00749600 0.02277200 -0.02768100
v -0.00749600 0.02300200 -0.02783500
v -0.00749600 0.02277200 -0.02768100
v -0.00727700 0.02277200 -0.02806500
v -0.00727700 0.02264700 -0.02798200
v -0.00727700 0.02277200 -0.02806500
v -0.00727700 0.02264700 -0.02798200
v -0.00782400 0.02250000 -0.02741100
v -0.00749600 0.02250000 -0.02762700
v -0.00749600 0.02250000 -0.02762700
v -0.00749600 0.02250000 -0.02762700
v -0.00727700 0.02250000 -0.02795300
v -0.00727700 0.02250000 -0.02795300
v -0.00754700 0.01908700 -0.02758000
v -0.00754700 0.01908700 -0.02758000
v -0.00754700 0.01908700 -0.02758000
v -0.00729100 0.01908700 -0.02792100
v -0.00753800 0.01896400 -0.02759000
v -0.00728800 0.01897700 -0.02792900
v -0.00749600 0.01833800 -0.02772400
v -0.00748300 0.01813800 -0.02779800
v -0.00745600 0.01761100 -0.02808500
v -0.00744800 0.01743000 -0.02822200
v -0.00743600 0.01702800 -0.02863200
v -0.00743500 0.01687600 -0.02884600
v -0.00744000 0.01662200 -0.02936000
v -0.00744600 0.01655000 -0.02958500
v -0.00744600 0.01655000 -0.02958500
v -0.00746800 0.01645800 -0.03016800
v -0.00728800 0.01897700 -0.02792900
v -0.00727700 0.01842100 -0.02803900
v -0.00727300 0.01824400 -0.02810100
v -0.00726600 0.01777700 -0.02834700
v -0.00726400 0.01761700 -0.02846500
v -0.00726100 0.01726300 -0.02882200
v -0.00726100 0.01713000 -0.02900800
v -0.00726200 0.01690900 -0.02945800
v -0.00726300 0.01684800 -0.02965600
v -0.00726900 0.01677300 -0.03016800
v -0.00726900 0.01677300 -0.03200000
v -0.00746800 0.01645800 -0.03200000
v -0.02113400 0.00650000 -0.02900000
v -0.02119200 0.00661700 -0.02900000
v -0.02119200 0.00648800 -0.02981300
v -0.02076800 0.00613400 -0.02900000
v -0.02097500 0.00629300 -0.02900000
v -0.02097500 0.00617900 -0.02971300
v -0.02097500 0.00533700 -0.03086300
v -0.02065100 0.00521100 -0.03068600
v -0.02065100 0.00567500 -0.03022700
v -0.02126300 0.00610200 -0.03100000
v -0.02114900 0.00554400 -0.03100000
v -0.02119200 0.00611200 -0.03054600
v -0.02084700 0.00487900 -0.03100000
v -0.02084700 0.00487900 -0.03100000
v -0.02070200 0.00463800 -0.03100000
v -0.02065100 0.00462700 -0.03097900
v -0.02126800 0.00623600 -0.03100000
v -0.02065100 0.00521100 -0.03068600
v -0.02065100 0.00597300 -0.02964500
v -0.02065100 0.00607600 -0.02900000
v -0.02097500 0.00585000 -0.03035500
v -0.02065100 0.00462700 -0.03097900
v -0.02119200 0.00648800 -0.02981300
v -0.02076800 0.00613400 -0.02200000
v -0.02076800 0.00613400 -0.02200000
v -0.02113400 0.00650000 -0.02200000
v -0.02101800 0.00650000 -0.02156700
v -0.02101800 0.00650000 -0.02156700
v -0.02026800 0.00629300 -0.02129300
v -0.02026800 0.00650000 -0.02113400
v -0.02070100 0.00650000 -0.02125000
v -0.02026800 0.00661700 -0.02107600
v -0.02070100 0.00650000 -0.02125000
v -0.02101800 0.00650000 -0.02156700
v -0.02051800 0.00613400 -0.02156700
v -0.02026800 0.00607600 -0.02161700
v -0.02026800 0.00613400 -0.02150000
v -0.02070100 0.00613400 -0.02175000
v -0.02070100 0.00613400 -0.02175000
v -0.02003100 0.00607600 -0.02161700
v -0.02003100 0.00613400 -0.02150000
v -0.02003100 0.00629300 -0.02129300
v -0.02003100 0.00650000 -0.02113400
v -0.02003100 0.00661700 -0.02107600
v -0.01937700 0.00650000 -0.02125200
v -0.01880600 0.00650000 -0.02159300
v -0.01891000 0.00629300 -0.02171300
v -0.01950500 0.00613400 -0.02159500
v -0.01904600 0.00613400 -0.02186900
v -0.01830100 0.00607600 -0.02264700
v -0.01830100 0.00607600 -0.02264700
v -0.01809700 0.00629300 -0.02239400
v -0.01796100 0.00661700 -0.02222600
v -0.01796100 0.00661700 -0.02222600
v -0.01727600 0.00607800 -0.02472100
v -0.01710200 0.00617300 -0.02472100
v -0.01711100 0.00618700 -0.02433000
v -0.01688300 0.00637400 -0.02472100
v -0.01689200 0.00640300 -0.02429800
v -0.01738400 0.00604800 -0.02437000
v -0.01737000 0.00604400 -0.02472100
v -0.01696400 0.00643700 -0.02386700
v -0.01719400 0.00649700 -0.02322700
v -0.01748100 0.00654900 -0.02275200
v -0.01696400 0.00643700 -0.02386700
v -0.01717700 0.00620300 -0.02393100
v -0.01719400 0.00649700 -0.02322700
v -0.01738900 0.00623200 -0.02333600
v -0.01748100 0.00654900 -0.02275200
v -0.01765300 0.00625800 -0.02289100
v -0.01745000 0.00605200 -0.02401300
v -0.01738900 0.00623200 -0.02333600
v -0.01765200 0.00606000 -0.02348200
v -0.01765300 0.00625800 -0.02289100
v -0.01789600 0.00606700 -0.02308600
v -0.01694900 0.00630000 -0.02900000
v -0.01727600 0.00607800 -0.02900000
v -0.01727600 0.00607800 -0.02900000
v -0.01772800 0.00381800 -0.03150000
v -0.01759700 0.00378900 -0.03200000
v -0.01808500 0.00389500 -0.03113400
v -0.01772800 0.00381800 -0.03150000
v -0.01768900 0.00398200 -0.03149800
v -0.01808500 0.00389500 -0.03113400
v -0.01804500 0.00403800 -0.03113400
v -0.01768900 0.00398200 -0.03149800
v -0.01756800 0.00445200 -0.03142900
v -0.01747600 0.00477900 -0.03132000
v -0.01734300 0.00521000 -0.03108700
v -0.01726000 0.00545800 -0.03089300
v -0.01714200 0.00579400 -0.03052700
v -0.01707800 0.00596600 -0.03026400
v -0.01700100 0.00616800 -0.02981400
v -0.01696800 0.00625300 -0.02948800
v -0.01804500 0.00403800 -0.03113400
v -0.01756800 0.00445200 -0.03142900
v -0.01792000 0.00444800 -0.03107900
v -0.01747600 0.00477900 -0.03132000
v -0.01782300 0.00473400 -0.03098900
v -0.01734300 0.00521000 -0.03108700
v -0.01768500 0.00511300 -0.03079200
v -0.01726000 0.00545800 -0.03089300
v -0.01759900 0.00533200 -0.03062800
v -0.01714200 0.00579400 -0.03052700
v -0.01747600 0.00562900 -0.03031600
v -0.01707800 0.00596600 -0.03026400
v -0.01741000 0.00578100 -0.03009000
v -0.01700100 0.00616800 -0.02981400
v -0.01733000 0.00596000 -0.02970300
v -0.01696800 0.00625300 -0.02948800
v -0.01729500 0.00603600 -0.02942100
v -0.01792000 0.00444800 -0.03107900
v -0.01782300 0.00473400 -0.03098900
v -0.01768500 0.00511300 -0.03079200
v -0.01759900 0.00533200 -0.03062800
v -0.01759900 0.00533200 -0.03062800
v -0.01747600 0.00562900 -0.03031600
v -0.01741000 0.00578100 -0.03009000
v -0.01733000 0.00596000 -0.02970300
v -0.01729500 0.00603600 -0.02942100
v -0.01795500 -0.00127200 -0.03200000
v -0.01772800 -0.00381800 -0.03150000
v -0.01808900 -0.00128100 -0.03150000
v -0.01772800 -0.00381800 -0.03150000
v -0.01808900 -0.00128100 -0.03150000
v -0.01808500 -0.00389500 -0.03113400
v -0.01845400 -0.00130700 -0.03113400
v -0.01808500 -0.00389500 -0.03113400
v -0.01845400 -0.00130700 -0.03113400
v -0.01795500 0.00127200 -0.03200000
v -0.01808900 0.00128100 -0.03150000
v -0.01808900 0.00128100 -0.03150000
v -0.01845400 0.00130700 -0.03113400
v -0.01845400 0.00130700 -0.03113400
v -0.01694900 -0.00630000 -0.02900000
v -0.01727600 -0.00607800 -0.02900000
v -0.01694900 -0.00630000 -0.02900000
v -0.01696600 -0.00625700 -0.02946900
v -0.01729400 -0.00604000 -0.02940500
v -0.01696600 -0.00625700 -0.02946900
v -0.01700600 -0.00615500 -0.02985100
v -0.01708600 -0.00594700 -0.03029700
v -0.01716800 -0.00572300 -0.03061800
v -0.01728900 -0.00537300 -0.03096500
v -0.01738400 -0.00507800 -0.03117000
v -0.01751700 -0.00463500 -0.03137400
v -0.01761100 -0.00429000 -0.03146400
v -0.01729400 -0.00604000 -0.02940500
v -0.01700600 -0.00615500 -0.02985100
v -0.01733600 -0.00594900 -0.02973500
v -0.01708600 -0.00594700 -0.03029700
v -0.01741800 -0.00576500 -0.03011800
v -0.01716800 -0.00572300 -0.03061800
v -0.01750300 -0.00556600 -0.03039300
v -0.01728900 -0.00537300 -0.03096500
v -0.01762900 -0.00525600 -0.03069000
v -0.01738400 -0.00507800 -0.03117000
v -0.01772800 -0.00499700 -0.03086300
v -0.01751700 -0.00463500 -0.03137400
v -0.01786600 -0.00460800 -0.03103400
v -0.01761100 -0.00429000 -0.03146400
v -0.01796400 -0.00430600 -0.03110700
v -0.01733600 -0.00594900 -0.02973500
v -0.01741800 -0.00576500 -0.03011800
v -0.01750300 -0.00556600 -0.03039300
v -0.01762900 -0.00525600 -0.03069000
v -0.01772800 -0.00499700 -0.03086300
v -0.01786600 -0.00460800 -0.03103400
v -0.01796400 -0.00430600 -0.03110700
v -0.01736900 -0.00604400 -0.02472100
v -0.01727600 -0.00607800 -0.02472100
v -0.01710200 -0.00617300 -0.02472100
v -0.01688300 -0.00637400 -0.02472100
v -0.01796100 -0.00661700 -0.02222600
v -0.01809700 -0.00629300 -0.02239400
v -0.01743700 -0.00654200 -0.02281400
v -0.01830100 -0.00607600 -0.02264700
v -0.01761300 -0.00625500 -0.02294900
v -0.01785900 -0.00606600 -0.02313700
v -0.01727000 -0.00651200 -0.02308300
v -0.01700400 -0.00645000 -0.02371700
v -0.01692200 -0.00642000 -0.02407100
v -0.01745900 -0.00624000 -0.02320100
v -0.01721400 -0.00620900 -0.02379200
v -0.01713800 -0.00619500 -0.02412000
v -0.01771600 -0.00606200 -0.02336100
v -0.01748600 -0.00605400 -0.02388900
v -0.01741200 -0.00605000 -0.02418200
v -0.01912300 -0.00607600 -0.02195700
v -0.01904600 -0.00613400 -0.02186900
v -0.01891000 -0.00629300 -0.02171300
v -0.01880600 -0.00650000 -0.02159300
v -0.01876800 -0.00661700 -0.02154900
v -0.01937700 -0.00650000 -0.02125200
v -0.02003100 -0.00650000 -0.02113400
v -0.02003100 -0.00629300 -0.02129300
v -0.01950500 -0.00613400 -0.02159500
v -0.02003100 -0.00613400 -0.02150000
v -0.02026800 -0.00607600 -0.02161700
v -0.02026800 -0.00629300 -0.02129300
v -0.02026800 -0.00661700 -0.02107600
v -0.02026800 -0.00661700 -0.02107600
v -0.02073000 -0.00661700 -0.02120000
v -0.02106800 -0.00661700 -0.02153800
v -0.02088000 -0.00629300 -0.02164600
v -0.02062100 -0.00629300 -0.02138800
v -0.02059900 -0.00607600 -0.02180900
v -0.02045900 -0.00607600 -0.02166900
v -0.02059900 -0.00607600 -0.02180900
v -0.02045900 -0.00607600 -0.02166900
v -0.02073000 -0.00661700 -0.02120000
v -0.02026800 -0.00661700 -0.02107600
v -0.02119200 -0.00661700 -0.02200000
v -0.02106800 -0.00661700 -0.02153800
v -0.02097500 -0.00629300 -0.02200000
v -0.02065000 -0.00607600 -0.02200000
v -0.02065000 -0.00607600 -0.02200000
v -0.02076800 -0.00613400 -0.02900000
v -0.02097500 -0.00629300 -0.02900000
v -0.02113400 -0.00650000 -0.02900000
v -0.02113400 -0.00576800 -0.03076800
v -0.02113200 -0.00549600 -0.03100000
v -0.02114900 -0.00554400 -0.03100000
v -0.02118700 -0.00567200 -0.03100000
v -0.02118700 -0.00567200 -0.03100000
v -0.02113400 -0.00576800 -0.03076800
v -0.02113400 -0.00607900 -0.03038900
v -0.02076800 -0.00550900 -0.03050900
v -0.02107600 -0.00534600 -0.03100000
v -0.02107600 -0.00534600 -0.03100000
v -0.02076800 -0.00550900 -0.03050900
v -0.02076800 -0.00518600 -0.03077400
v -0.02076800 -0.00481700 -0.03097100
v -0.02076600 -0.00474100 -0.03100000
v -0.02080800 -0.00481200 -0.03100000
v -0.02081800 -0.00482900 -0.03100000
v -0.02113400 -0.00645200 -0.02948800
v -0.02113400 -0.00631000 -0.02995700
v -0.02113400 -0.00645200 -0.02948800
v -0.02113400 -0.00607900 -0.03038900
v -0.02076800 -0.00577400 -0.03018600
v -0.02113400 -0.00631000 -0.02995700
v -0.02076800 -0.00597100 -0.02981700
v -0.02076800 -0.00609300 -0.02941600
v -0.02076800 -0.00518600 -0.03077400
v -0.02076800 -0.00550900 -0.03050900
v -0.02076800 -0.00577400 -0.03018600
v -0.02076800 -0.00597100 -0.02981700
vn 0.89594600 0.44414600 0.00380800
vn 0.89021500 0.45268800 0.05090100
vn 0.92697700 0.36898100 0.06758200
vn -0.20671700 0.97210800 0.11079300
vn -0.25544500 0.96039800 0.11128400
vn -0.21855200 0.97397300 0.06009800
vn -0.59699600 0.79823300 0.08012800
vn -0.64131400 0.76232400 0.08704700
vn -0.58573000 0.81048100 0.00645000
vn -0.52922800 -0.84792100 0.03079700
vn -0.54098000 -0.84099700 0.00806100
vn -0.48042600 -0.86545000 0.14208500
vn -0.59266600 -0.80530600 0.01510800
vn -0.57066400 -0.80994600 0.13539200
vn -0.62073600 -0.77401900 0.12482500
vn -0.74138500 -0.65886000 0.12747800
vn -0.69012200 -0.71612100 0.10441800
vn -0.73917300 -0.67345900 0.00876100
vn -0.65215100 -0.75160800 0.09891500
vn -0.86280900 -0.49554200 0.09999700
vn -0.82855000 -0.54922400 0.10889300
vn -0.85479800 -0.51889700 0.00821000
vn -0.80103200 -0.59376200 0.07611700
vn -0.76906300 -0.63258800 0.09151600
vn -0.93805500 -0.33139500 0.10114400
vn -0.91691900 -0.38669000 0.09864300
vn -0.93911200 -0.34352600 0.00770900
vn -0.90569000 -0.41809100 0.07018600
vn -0.88674200 -0.45252000 0.09441500
vn -0.99151300 -0.12975500 0.00814900
vn -0.99133700 -0.11375800 0.06564800
vn -0.97975500 -0.18320100 0.08073400
vn -0.97193000 -0.23493900 0.01245000
vn -0.96671500 -0.24992300 0.05478200
vn -0.95330900 -0.29286400 0.07371300
vn -0.97208100 0.23428300 0.01306000
vn -0.98067000 0.18397200 0.06664200
vn -0.98583100 0.16725700 0.01274600
vn -0.93549900 0.34576200 0.07272700
vn -0.95142200 0.30251700 0.05727300
vn -0.93673600 0.34992400 0.00884200
vn -0.96349400 0.26270700 0.05162800
vn -0.96335100 0.25711000 0.07648000
vn -0.83890200 0.53794600 0.08280400
vn -0.86293500 0.50121500 0.06424400
vn -0.84300700 0.53777600 0.01165700
vn -0.89240400 0.44886500 0.04621500
vn -0.90628200 0.41461000 0.08216500
vn -0.71773600 0.69608900 0.01776500
vn -0.67334900 0.73097600 0.11079000
vn -0.71925800 0.68816600 0.09537300
vn -0.75385100 0.65314300 0.07149800
vn -0.79031900 0.61015300 0.05575200
vn -0.80910200 0.57975200 0.09613100
vn -0.38294200 0.91496300 0.12727600
vn -0.39239600 0.91936500 0.02818200
vn -0.32559500 0.93842300 0.11554400
vn -0.28652500 0.95127100 0.11395900
vn -0.42916200 0.89863400 0.09098200
vn -0.47119100 0.87790700 0.08520000
vn -0.49658400 0.86798700 -0.00190500
vn -0.52947300 0.84369500 0.08852600
vn -0.57040300 0.81436300 0.10702300
vn -0.02326200 0.99768300 0.06394100
vn -0.03051400 0.99269500 0.11672900
vn -0.09339500 0.98454700 0.14814000
vn -0.14800900 0.97202900 0.18235500
vn 0.16971400 0.97893200 0.11353300
vn 0.11517400 0.98499400 0.12853500
vn 0.16020900 0.98500600 0.06400800
vn 0.05825500 0.98618400 0.15507100
vn 0.01139200 0.99205400 0.12529800
vn 0.38127200 0.91841300 0.10558700
vn 0.33486600 0.93536200 0.11385400
vn 0.36177800 0.93170800 0.03220300
vn 0.27298200 0.95437100 0.12106500
vn 0.21864400 0.96980300 0.10806200
vn 0.54025600 0.83561800 0.09932600
vn 0.47996600 0.87182200 0.09776800
vn 0.53326700 0.84584200 0.01331800
vn 0.42836000 0.89852800 0.09568200
vn 0.71349700 0.69548500 0.08498400
vn 0.65628300 0.74849300 0.09513800
vn 0.72513600 0.68831200 0.02010000
vn 0.60873900 0.79013500 0.07157700
vn 0.57272500 0.81406600 0.09634500
vn 0.83206100 0.55467300 0.00359500
vn 0.80247700 0.59641100 0.01804300
vn 0.79738500 0.60199100 0.04222700
vn 0.78307300 0.62110300 0.03205100
vn 0.77010600 0.63313000 0.07799900
vn 0.88572700 0.45989600 0.06311900
vn 0.87919300 0.47605600 0.01975300
vn 0.90288700 0.42756900 0.04449900
vn 0.88828000 0.45919900 0.00980800
vn 0.89991300 0.43597000 0.00931500
vn 0.88011600 0.47446400 0.01669600
vn 0.87176700 0.48930700 0.02451700
vn 0.86393500 0.50339600 0.01445500
vn 0.83640400 0.54811400 0.00030500
vn 0.91288000 0.22074300 0.34339900
vn 0.89976800 0.28110200 0.33376500
vn 0.77477500 0.24126200 0.58439400
vn 0.94113300 0.33299900 0.05813900
vn 0.93242000 0.30219600 0.19817000
vn 0.92257700 0.33490000 0.19155600
vn 0.91662000 0.37286100 0.14416300
vn 0.90744600 0.40468600 0.11301100
vn 0.89809100 0.43116500 0.08677300
vn 0.88990500 0.45180600 0.06277500
vn 0.88366700 0.46638700 0.04018400
vn 0.87983900 0.47491100 0.01852100
vn 0.91823300 0.38027500 0.11063300
vn -0.98969600 0.11295700 0.08798900
vn -0.99637600 0.02621400 0.08091900
vn -0.99589500 -0.04141700 0.08048500
vn 0.56885000 -0.10419900 0.81581400
vn 0.65760800 -0.14115600 0.74001800
vn 0.55542000 0.06478200 0.82904300
vn 0.68120900 -0.04678900 0.73059200
vn 0.65801000 -0.05699300 0.75084900
vn 0.63639900 -0.05299200 0.76953800
vn 0.54438900 0.10014700 0.83283300
vn 0.59629600 -0.05082700 0.80115400
vn 0.57444000 -0.08111100 0.81451800
vn 0.49217600 0.01960700 0.87027500
vn 0.50036600 0.12040600 0.85740100
vn 0.49716000 -0.07127900 0.86472600
vn 0.46590800 -0.10709900 0.87832700
vn 0.40305400 0.06313100 0.91299600
vn 0.54262800 -0.09230600 0.83488600
vn 0.47307500 0.07738600 0.87761700
vn 0.42217300 -0.11930800 0.89863000
vn 0.35060700 -0.14148200 0.92577400
vn 0.34718700 0.07930300 0.93443700
vn 0.37078700 -0.00463500 0.92870600
vn 0.31868700 0.12877400 0.93907200
vn 0.49545500 -0.35590900 0.79237200
vn 0.46078100 -0.29961100 0.83541300
vn 0.45513700 -0.18052800 0.87192900
vn 0.42414300 -0.05814800 0.90372700
vn 0.46614600 -0.50458400 0.72670600
vn 0.54199100 -0.44541500 0.71263700
vn 0.55375900 -0.51947500 0.65076600
vn 0.50815100 -0.85334900 0.11652400
vn 0.54468600 -0.83764100 0.04092900
vn 0.53666000 -0.82276300 0.18723300
vn 0.57223100 -0.76227800 0.30246300
vn 0.46209100 -0.85290600 0.24294800
vn 0.52236500 -0.64766400 0.55467600
vn 0.59376300 -0.68487000 0.42237200
vn 0.55014800 -0.61462500 0.56530800
vn 0.81329800 -0.40019500 0.42236400
vn 0.81222100 -0.49654300 0.30617300
vn 0.81025800 -0.49234800 0.31792400
vn 0.82019000 -0.51535300 0.24839400
vn 0.83201600 -0.53020700 0.16318400
vn 0.81342100 -0.57321700 0.09883600
vn 0.79403800 -0.60164700 0.08674500
vn 0.79407400 -0.60540400 0.05415000
vn 0.78656300 -0.61659400 0.03363400
vn 0.74627400 -0.22860100 0.62515300
vn 0.80493800 -0.32987100 0.49321400
vn 0.73377600 -0.28955500 0.61459800
vn 0.79023700 -0.33703100 0.51179600
vn 0.76808800 -0.25362200 0.58797700
vn 0.77401200 -0.36521500 0.51722700
vn 0.83248800 -0.33325600 0.44261000
vn 0.79725300 -0.31929000 0.51229000
vn 0.79971300 -0.30216400 0.51880200
vn 0.80410300 -0.29298200 0.51728100
vn 0.84772800 -0.49651300 0.18663300
vn 0.87537800 -0.42534600 0.22976900
vn 0.87396400 -0.38499300 0.29659200
vn 0.85746700 -0.49733900 0.13192300
vn 0.89468900 -0.43616900 0.09637600
vn 0.88096700 -0.47282000 0.01838800
vn 0.78175600 -0.18332600 0.59602800
vn 0.87999800 -0.38921000 0.27224800
vn 0.89793400 -0.43844600 0.03846700
vn 0.91847000 -0.39242900 0.04910500
vn 0.90761600 -0.39990600 0.12770500
vn 0.91445900 -0.29402200 0.27805600
vn 0.88531400 -0.37487600 0.27511400
vn 0.84898200 -0.28623800 0.44418200
vn 0.81678700 -0.16537600 0.55273000
vn 0.75484500 -0.19713600 0.62557600
vn 0.57678300 -0.78816500 0.21475200
vn 0.58314700 -0.80129600 0.13366000
vn 0.63896400 -0.74135200 0.20523800
vn 0.64845200 -0.75339000 0.10915300
vn 0.69424400 -0.69232600 0.19675000
vn 0.69877700 -0.70425300 0.12545000
vn 0.76092500 -0.60133900 0.24369000
vn 0.72888100 -0.67784400 0.09622400
vn 0.72775300 -0.42689000 0.53678700
vn 0.68710900 -0.32318200 0.65071800
vn 0.69536400 -0.45812200 0.55370800
vn 0.68162200 -0.47040400 0.56045700
vn 0.65062000 -0.49601100 0.57503600
vn 0.63319100 -0.50938600 0.58274800
vn 0.59635600 -0.53537400 0.59810800
vn 0.57694900 -0.54800600 0.60565600
vn 0.75410100 -0.65127300 0.08470800
vn 0.43880900 -0.20062600 0.87589700
vn 0.47073300 -0.19420500 0.86063700
vn 0.51731100 -0.17930500 0.83680300
vn 0.55667600 -0.16495100 0.81418900
vn 0.56757800 -0.16607000 0.80639700
vn 0.35040100 0.34462200 0.87089300
vn 0.48218800 0.07938400 0.87246400
vn 0.45253700 0.38561600 0.80405900
vn 0.45253900 0.38554900 0.80409000
vn 0.44673700 0.22208200 0.86666300
vn 0.37941300 0.40038400 0.83410900
vn 0.28492200 0.55905400 0.77863900
vn 0.33047700 0.73437800 0.59285300
vn 0.17554100 0.77057100 0.61270400
vn 0.17565300 0.77063700 0.61258800
vn 0.24919600 0.83144900 0.49658300
vn 0.13723900 0.96037300 0.24258700
vn 0.18122900 0.93255300 0.31225000
vn 0.08953100 0.98494100 0.14790200
vn 0.03420800 0.99724500 0.06581900
vn 0.02026300 0.99918700 0.03486200
vn 0.42169100 0.15181600 0.89394000
vn 0.34611900 0.55513200 0.75632600
vn 0.29573500 0.55551700 0.77713700
vn 0.21450800 0.83143600 0.51254300
vn 0.19759100 0.83143500 0.51930200
vn 0.07529000 0.98078100 0.18000100
vn 0.03487100 0.99519000 0.09155100
vn 0.29626700 0.43724400 0.84914300
vn 0.27223100 0.69528700 0.66518100
vn 0.18063900 0.83112000 0.52593700
vn 0.21676800 0.91178800 0.34878900
vn 0.21675300 0.91174600 0.34890900
vn 0.06343400 0.98074900 0.18468400
vn 0.06064100 0.99745600 0.03748500
vn -1.00000000 -0.00000000 0.00000000
vn -1.00000000 -0.00000000 0.00000000
vn -1.00000000 -0.00000600 0.00000000
vn -1.00000000 -0.00000800 0.00000000
vn -1.00000000 -0.00000000 0.00000000
vn -1.00000000 -0.00000600 0.00000000
vn -1.00000000 -0.00000000 0.00000000
vn -1.00000000 -0.00000000 0.00000000
vn -1.00000000 -0.00000000 0.00000000
vn -1.00000000 -0.00000100 0.00000000
vn -1.00000000 -0.00000000 0.00000000
vn -1.00000000 -0.00000100 0.00000000
vn -1.00000000 -0.00000100 0.00000000
vn -1.00000000 -0.00000000 0.00000000
vn -0.99329100 0.07747800 0.08585300
vn -1.00000000 -0.00000000 0.00000000
vn -0.99620700 0.04337500 0.07543000
vn -1.00000000 -0.00000000 0.00000000
vn -0.99246400 0.12239400 0.00595500
vn -1.00000000 -0.00000000 0.00000000
vn -1.00000000 0.00000000 0.00000000
vn -1.00000000 0.00000100 0.00000000
vn -0.99973900 -0.00000200 0.02282800
vn -1.00000000 0.00000000 0.00000000
vn -1.00000000 -0.00000000 0.00000000
vn -1.00000000 0.00001000 0.00000000
vn -1.00000000 0.00000100 0.00000000
vn -1.00000000 0.00000000 0.00000000
vn -1.00000000 -0.00000100 0.00000000
vn -1.00000000 0.00001000 0.00000000
vn -1.00000000 -0.00000000 0.00000000
vn -1.00000000 -0.00000000 0.00000000
vn -1.00000000 -0.00000800 0.00000000
vn -1.00000000 0.00001000 0.00000000
vn -1.00000000 -0.00000600 0.00000000
vn -1.00000000 -0.00000800 0.00000000
vn -1.00000000 -0.00000000 0.00000000
vn -0.98766400 0.15249700 0.03555900
vn -1.00000000 0.00000000 0.00000000
vn -0.98766100 0.14264300 0.06465100
vn -1.00000000 -0.00000000 0.00000000
vn -0.99147500 0.10935100 0.07084400
vn -0.11827600 -0.00153600 0.99298000
vn 0.00209100 -0.02555100 0.99967100
vn 0.11584600 0.00784700 0.99323600
vn 0.18247400 0.04613600 0.98212800
vn 0.13348700 0.04280900 0.99012600
vn -0.00275800 0.04908500 0.99879100
vn 0.07121200 -0.11742600 0.99052500
vn 0.01566300 0.06945500 0.99746200
vn -0.10393400 -0.07775600 0.99154000
vn -0.06787100 -0.00214600 0.99769200
vn 0.56919800 -0.06336000 0.81975500
vn 0.59301900 0.05940800 0.80299400
vn 0.43731700 -0.09414800 0.89436600
vn 0.34743300 0.14012900 0.92717500
vn 0.21559600 -0.07551800 0.97355800
vn 0.08517300 0.08680300 0.99257800
vn -0.00898900 -0.08054200 0.99671100
vn -0.57479000 0.05639000 0.81635600
vn -0.58798200 -0.00281500 0.80886900
vn -0.43457100 0.09306100 0.89581700
vn -0.33797400 -0.00600100 0.94113600
vn -0.24801500 0.10581300 0.96296000
vn -0.12318500 0.08516800 0.98872200
vn -0.63991000 0.02245200 0.76812200
vn -0.67832900 0.03303700 0.73401500
vn -0.66975500 0.01268500 0.74247400
vn -0.58988100 0.00018900 0.80749000
vn -0.60231500 0.00527200 0.79824100
vn -0.61374200 0.01021800 0.78944000
vn -0.62422300 0.01413600 0.78111800
vn -0.63131500 0.01816900 0.77531400
vn -0.63662100 0.02049500 0.77090500
vn -0.58013800 -0.00305800 0.81451200
vn -0.67574100 0.02356600 0.73676200
vn -0.55898000 -0.05796000 0.82715300
vn -0.66519000 0.03351700 0.74592200
vn -0.64612000 0.04164200 0.76209900
vn -0.62395700 0.05112500 0.77978500
vn -0.60545800 0.04447600 0.79463400
vn -0.54158300 -0.10153000 0.83449300
vn -0.57435700 0.04148500 0.81755300
vn -0.54509400 0.06360900 0.83595900
vn -0.47977900 -0.05657200 0.87556400
vn -0.49007700 -0.13225700 0.86158700
vn -0.50986500 0.07387900 0.85707600
vn -0.48117500 0.05339400 0.87499700
vn -0.44206600 -0.08215700 0.89321200
vn -0.44656900 0.04996900 0.89335300
vn -0.40807700 -0.12383800 0.90450900
vn -0.42624900 0.08445100 0.90065500
vn -0.35899500 -0.05597400 0.93166000
vn -0.36535800 -0.13081700 0.92162900
vn -0.40489900 0.08859700 0.91005900
vn -0.36774100 0.07815900 0.92663800
vn -0.32043900 -0.07903800 0.94396600
vn -0.32178800 0.08379500 0.94309600
vn -0.27818900 -0.09877000 0.95543500
vn -0.26085500 0.06466500 0.96321000
vn -0.23828500 -0.11877100 0.96390600
vn -0.18421000 0.01771100 0.98272700
vn -0.22492600 0.10774300 0.96840100
vn -0.09297300 0.11610700 0.98887600
vn -0.06564800 0.06821900 0.99550800
vn -0.14909700 0.10970900 0.98271800
vn -0.19596500 0.11667100 0.97364600
vn -0.20913100 -0.09477100 0.97328500
vn -0.10996900 -0.00122800 0.99393400
vn -0.12886800 -0.09066400 0.98750900
vn -0.03649800 0.13696300 0.98990400
vn 0.00866800 0.15696100 0.98756700
vn 0.06127100 0.05126500 0.99680400
vn 0.04549300 0.11750000 0.99203000
vn 0.07684800 0.11666400 0.99019400
vn 0.12061400 0.11595400 0.98590400
vn 0.15553600 0.02054600 0.98761600
vn 0.16226400 0.14163400 0.97653000
vn 0.21098100 0.11496500 0.97070600
vn 0.20810700 -0.11277700 0.97158300
vn 0.15569600 -0.08616700 0.98404000
vn 0.26528700 0.05745400 0.96245600
vn 0.24230500 0.08869200 0.96613800
vn 0.36410600 0.09963600 0.92601300
vn 0.33713800 -0.06611900 0.93913000
vn 0.32364100 0.08585100 0.94227700
vn 0.27433400 -0.10166700 0.95624500
vn 0.24445300 -0.10078700 0.96440900
vn 0.40505200 0.09018400 0.90983500
vn 0.42115000 0.07029200 0.90426300
vn 0.44475400 0.05722000 0.89382300
vn 0.52530100 0.07244000 0.84782700
vn 0.46698900 -0.07573600 0.88101400
vn 0.48787200 0.06541600 0.87046000
vn 0.41112100 -0.10345100 0.90569200
vn 0.37365000 -0.12212600 0.91949500
vn 0.62248200 0.05507400 0.78069400
vn 0.59306900 0.03263400 0.80449000
vn 0.53957600 -0.12993900 0.83184900
vn 0.55854900 0.06277000 0.82709300
vn 0.50106300 -0.12491200 0.85634800
vn 0.64407600 0.04497700 0.76363800
vn 0.66242400 0.03477600 0.74832200
vn 0.67962000 0.03338100 0.73280500
vn 0.66455300 0.12898500 0.73602400
vn 0.44536900 0.52219400 -0.72729700
vn 0.40720500 0.54358500 -0.73396200
vn 0.41956000 0.55224000 -0.72041600
vn -0.70189400 -0.08574800 -0.70710100
vn -0.70548000 -0.06077500 -0.70611900
vn -0.68655500 -0.10735300 -0.71910800
vn -0.70558400 -0.06082200 -0.70601100
vn -0.06367000 -0.00434500 -0.99796200
vn -0.25317000 -0.01726800 -0.96726800
vn -0.08497700 -0.00579600 -0.99636600
vn 0.45414000 0.54200100 -0.70710100
vn 0.48603700 0.48878400 -0.72447100
vn 0.51730700 0.44036700 -0.73380600
vn 0.53581500 0.46141000 -0.70711000
vn 0.55817900 0.40373700 -0.72486700
vn 0.58096400 0.35097300 -0.73436900
vn 0.60339000 0.36868500 -0.70710100
vn 0.61561900 0.30822100 -0.72526800
vn 0.62942800 0.25261300 -0.73485100
vn 0.65509100 0.26626500 -0.70707800
vn 0.65698900 0.20479600 -0.72555100
vn 0.66146600 0.14782300 -0.73526300
vn 0.68950500 0.15679500 -0.70710600
vn 0.68115100 0.09609800 -0.72580900
vn 0.67625100 0.03931700 -0.73562100
vn 0.70577500 0.04322000 -0.70711600
vn 0.68751200 -0.01503200 -0.72601800
vn 0.67347400 -0.07010300 -0.73587900
vn 0.70346500 -0.07148700 -0.70712600
vn 0.67591500 -0.12570500 -0.72618000
vn 0.65316600 -0.17761400 -0.73608900
vn 0.68264900 -0.18431700 -0.70711900
vn 0.64665200 -0.23304300 -0.72631400
vn 0.61587100 -0.28044600 -0.73624200
vn 0.64384100 -0.29228700 -0.70713300
vn 0.60053700 -0.33427300 -0.72637300
vn 0.56258900 -0.37595100 -0.73631100
vn 0.58809500 -0.39257000 -0.70713000
vn 0.53871700 -0.42674700 -0.72640900
vn 0.50765300 -0.46280000 -0.72670800
vn 0.47861500 -0.47064400 -0.74123000
vn 0.43570500 -0.52211900 -0.73318000
vn 0.43754600 -0.48400700 -0.75782000
vn 0.39710800 -0.54258700 -0.74020600
vn 0.34644800 -0.58611900 -0.73241900
vn 0.35448500 -0.54978100 -0.75636000
vn 0.30490200 -0.60054300 -0.73917700
vn 0.24791000 -0.63504400 -0.73161500
vn 0.26166100 -0.60142200 -0.75486800
vn 0.20441100 -0.64297900 -0.73810200
vn 0.14267400 -0.66749300 -0.73082000
vn 0.16144000 -0.63751700 -0.75333200
vn 0.09820100 -0.66869200 -0.73702700
vn 0.03342600 -0.68262500 -0.73000400
vn 0.05643000 -0.65699200 -0.75178300
vn -0.01096800 -0.67692600 -0.73596900
vn -0.07688300 -0.67995900 -0.72920800
vn -0.05064300 -0.65927100 -0.75019800
vn -0.12021900 -0.66750500 -0.73483600
vn -0.18557500 -0.65959100 -0.72835500
vn -0.15696900 -0.64418900 -0.74858600
vn -0.22671400 -0.64047100 -0.73375600
vn -0.28966000 -0.62194700 -0.72751600
vn -0.25975000 -0.61204600 -0.74694700
vn -0.32764900 -0.59663000 -0.73258300
vn -0.38650200 -0.56796900 -0.72665500
vn -0.35623300 -0.56356900 -0.74531000
vn -0.42035000 -0.53691800 -0.73145400
vn -0.47348900 -0.49904500 -0.72578400
vn -0.44387200 -0.49998400 -0.74363600
vn -0.50238100 -0.46294300 -0.73027300
vn -0.54839100 -0.41688800 -0.72489400
vn -0.52034300 -0.42285900 -0.74191200
vn -0.57152500 -0.37652700 -0.72910000
vn -0.60913300 -0.32368200 -0.72400800
vn -0.58350200 -0.33415900 -0.74017800
vn -0.62594400 -0.27992900 -0.72789700
vn -0.65420900 -0.22170100 -0.72309000
vn -0.63165000 -0.23613200 -0.73841800
vn -0.66413100 -0.17560200 -0.72670100
vn -0.66343200 -0.13132600 -0.73662200
vn 0.00508500 0.03101400 0.99950600
vn -0.07732700 -0.00214500 0.99700300
vn 0.11279900 -0.00344400 0.99361200
vn 0.04316800 -0.04385700 0.99810500
vn 0.14740100 -0.01965800 0.98888100
vn 0.18137600 -0.05190300 0.98204300
vn 0.89906900 -0.43195300 0.07134800
vn 0.88490400 -0.46065000 0.06888800
vn 0.88928900 -0.45734300 -0.00171500
vn 0.26368500 -0.96422900 0.02707200
vn 0.21244100 -0.97168000 0.10347500
vn 0.08317700 -0.99287700 0.08530300
vn -0.04398200 -0.99429500 0.09717600
vn -0.08096200 -0.99304300 0.08550900
vn -0.11321200 -0.99356100 -0.00432400
vn -0.67096500 0.73599700 0.09007800
vn -0.63372000 0.76562000 0.11056500
vn -0.68789500 0.72581100 -0.00032400
vn -0.99144200 -0.07362000 0.10781100
vn -0.99333200 -0.00437100 0.11520500
vn -0.99937500 -0.03264400 0.01353500
vn -0.99868200 -0.04083600 0.03110300
vn -0.99563200 -0.09222200 -0.01453100
vn -0.98622700 -0.14303100 0.08305200
vn -0.99500400 -0.09834300 0.01721500
vn -0.99546900 -0.09459700 0.00967700
vn -0.99633400 -0.08555000 0.00000000
vn -0.99359400 -0.11279700 0.00685700
vn -0.99612100 0.08789700 0.00413700
vn -0.99631600 0.08466500 0.01363200
vn -0.98759600 0.13142700 0.08591300
vn -0.99718700 0.07484700 -0.00395800
vn -0.99160700 0.06201900 0.11344000
vn -0.99942600 0.02901600 0.01748100
vn -0.99969800 0.01863700 0.01600500
vn -0.99999700 -0.00086500 0.00240700
vn -0.57999100 0.80170100 0.14452300
vn -0.55150000 0.82249900 0.13908000
vn -0.62458100 0.78096000 0.00054400
vn -0.58234900 0.81256600 0.02461400
vn -0.61082400 0.79176600 0.00000000
vn -0.73008700 0.68335400 -0.00080900
vn -0.73505600 0.67332900 0.07949900
vn -0.71381600 0.68827500 0.12940100
vn -0.68752200 0.71405100 0.13207600
vn -0.73721400 0.67539800 0.01879400
vn -0.66367400 0.73618300 0.13255800
vn -0.75996400 0.64996500 -0.00009500
vn -0.78092600 0.59782600 0.18099300
vn -0.80914100 0.58761300 0.00107400
vn -0.83244000 0.53854100 0.13045100
vn -0.85279600 0.52224400 -0.00014200
vn -0.87377600 0.46866400 0.12988500
vn -0.89117900 0.45363900 0.00335500
vn -0.90853700 0.39709200 0.12992000
vn -0.92405600 0.38225600 -0.00122900
vn -0.94167300 0.31774900 0.11084500
vn -0.94476000 0.32776400 0.00000000
vn -0.96579600 0.25928200 -0.00344500
vn -0.96419600 0.23179000 0.12883700
vn -0.98316500 0.18263300 -0.00556700
vn -0.99432000 0.10641700 0.00178300
vn -0.99625700 0.08644400 0.00000000
vn -0.97917200 -0.20298700 -0.00417900
vn -0.96092500 -0.24461400 0.12956400
vn -0.95941800 -0.28198200 -0.00193000
vn -0.93742200 -0.32235700 0.13162600
vn -0.93326200 -0.35917500 -0.00386200
vn -0.90823600 -0.39785100 0.12970100
vn -0.90097500 -0.43386800 -0.00165700
vn -0.87239900 -0.47074200 0.13161100
vn -0.86264200 -0.50580200 -0.00354500
vn -0.83127200 -0.54049200 0.12983000
vn -0.81864700 -0.57429600 -0.00138900
vn -0.77850000 -0.61441800 0.12817100
vn -0.77851200 -0.61442400 0.12807400
vn -0.61705600 -0.77980000 0.10561400
vn -0.62147500 -0.77332000 0.12547600
vn -0.71965500 -0.69430600 0.00601200
vn -0.64351200 -0.75481400 0.12707200
vn -0.67065600 -0.73050400 0.12878100
vn -0.69633800 -0.70667800 0.12538000
vn -0.72218500 -0.68291200 0.10990300
vn -0.73505900 -0.67333200 0.07945000
vn -0.77463800 -0.63240500 0.00000000
vn -0.73605200 -0.67692500 -0.00041600
vn -0.66285400 -0.74874300 0.00291600
vn -0.36886500 -0.92948100 -0.00177800
vn -0.35931800 -0.92749300 0.10318900
vn -0.44365500 -0.89619500 0.00229100
vn -0.40326800 -0.90968200 0.09926400
vn -0.50604200 -0.86250600 -0.00230100
vn -0.42290900 -0.89867500 0.11632600
vn -0.46437100 -0.87973000 0.10214900
vn -0.49595800 -0.86165900 0.10756200
vn -0.58455600 -0.81135300 0.00110800
vn -0.54052600 -0.83501300 0.10288100
vn -0.63143500 -0.77541000 0.00545000
vn -0.57253600 -0.81329200 0.10372700
vn -0.25649100 -0.96558600 0.04307500
vn -0.23604900 -0.97088400 0.04080600
vn -0.23630600 -0.97146400 0.02040600
vn -0.21267400 -0.97064800 0.11230700
vn -0.23378600 -0.97064200 0.05655400
vn -0.23095400 -0.97037700 0.07091000
vn -0.22673700 -0.97043800 0.08270700
vn -0.22264600 -0.97047000 0.09282300
vn -0.20135900 -0.97563400 0.08714100
vn -0.16575600 -0.98616700 -0.00049600
vn -0.21125800 -0.97300400 0.09291300
vn -0.22329100 -0.97475000 -0.00203000
vn -0.20806900 -0.97114500 0.11655000
vn -0.20236800 -0.97207000 0.11885300
vn -0.20851300 -0.97297400 0.09922000
vn -0.23474000 -0.96813100 0.08729500
vn -0.29708600 -0.95485000 0.00052800
vn -0.26876200 -0.95605900 0.11712800
vn -0.31776300 -0.94317100 0.09723600
vn 0.21986700 -0.97075100 0.09643700
vn 0.22443100 -0.97037200 0.08949300
vn 0.13055000 -0.99141900 -0.00669000
vn 0.22800900 -0.97047200 0.07871600
vn 0.23202900 -0.97041900 0.06670900
vn 0.20154800 -0.97528300 0.09056100
vn 0.18064900 -0.98354700 0.00067600
vn 0.21066900 -0.97281000 0.09622600
vn 0.24217500 -0.97023100 -0.00166400
vn 0.20758100 -0.97094500 0.11906100
vn 0.23422800 -0.97079800 0.05184700
vn 0.23674100 -0.97091100 0.03584900
vn 0.19130500 -0.98141000 0.01538700
vn -0.00848000 -0.99522300 0.09726000
vn 0.01534500 -0.99988200 -0.00063100
vn 0.04257000 -0.99429600 0.09779100
vn 0.39375900 -0.91921300 -0.00052100
vn 0.31071900 -0.94513700 0.10084300
vn 0.32188400 -0.94677800 -0.00147200
vn 0.26726500 -0.96033800 0.07950000
vn 0.22050000 -0.96760900 0.12293300
vn 0.52226000 -0.85278500 -0.00111200
vn 0.42111200 -0.90133100 0.10132600
vn 0.46059300 -0.88761200 -0.00002700
vn 0.39106700 -0.91671400 0.08187100
vn 0.34109400 -0.93211900 0.12169400
vn 0.68666800 -0.72696400 -0.00327600
vn 0.65464500 -0.75308100 0.06564700
vn 0.58238200 -0.80272700 0.12829800
vn 0.54125500 -0.83155000 0.12477300
vn 0.54462100 -0.83445900 0.08405800
vn 0.59110400 -0.80659100 0.00266200
vn 0.50780400 -0.85755500 0.08206600
vn 0.43914500 -0.88781700 0.13759300
vn 0.80706400 -0.59045600 -0.00292700
vn 0.80801100 -0.58738800 0.04575200
vn 0.74569700 -0.66627900 0.00286900
vn 0.78894800 -0.61318100 0.03961700
vn 0.79416200 -0.60655700 0.03735700
vn 0.78926400 -0.61301800 0.03566100
vn 0.76475400 -0.64398700 0.02079700
vn 0.76468700 -0.64419500 0.01632700
vn 0.76325300 -0.64595200 0.01383800
vn 0.74238900 -0.66996600 -0.00192700
vn 0.71492800 -0.68566900 0.13688000
vn 0.68217600 -0.71932500 0.13117900
vn 0.66364900 -0.73617600 0.13272000
vn 0.65628300 -0.74723400 0.10456400
vn 0.84652300 -0.52853000 0.06367200
vn 0.83596300 -0.54521400 0.06251700
vn 0.81985100 -0.57032800 0.05069800
vn 0.84400200 -0.53632400 0.00404200
vn 0.86647900 -0.49519900 0.06318400
vn 0.86047900 -0.50543300 0.06413300
vn 0.98671800 -0.16243300 -0.00166100
vn 0.98077900 -0.16111000 0.11007600
vn 0.97539100 -0.20287800 0.08632800
vn 0.96823900 -0.25001500 -0.00220800
vn 0.96349800 -0.25416500 0.08409200
vn 0.94697400 -0.32131000 -0.00105800
vn 0.95377200 -0.28925700 0.08155100
vn 0.94106800 -0.33106700 0.06918500
vn 0.91919200 -0.39379600 0.00320100
vn 0.92937900 -0.35768800 0.09117800
vn 0.91572100 -0.39334700 0.08205900
vn 0.99391100 0.01960000 0.10842800
vn 1.00000000 0.00048800 -0.00026200
vn 0.99409900 0.06011300 0.09029500
vn 0.99689000 0.07880900 -0.00037400
vn 0.98916600 0.11686600 0.08883800
vn 0.98813000 0.15361800 -0.00018800
vn 0.98159400 0.15750300 0.10801100
vn 0.99999900 -0.00085800 -0.00084300
vn 0.99541100 -0.03044800 0.09071500
vn 0.99669400 -0.08123800 0.00109200
vn 0.99249300 -0.08452200 0.08839800
vn 0.98863800 -0.12367100 0.08544700
vn 0.97770100 0.19766900 0.07090500
vn 0.97360200 0.22822700 -0.00336200
vn 0.96536700 0.24639700 0.08576600
vn 0.95338300 0.30174400 -0.00339300
vn 0.95391700 0.28176900 0.10319000
vn 0.94381400 0.32352700 0.06741700
vn 0.92916300 0.36966600 -0.00193000
vn 0.92841600 0.36284800 0.07991000
vn 0.89619300 0.44365700 -0.00239300
vn 0.91401600 0.39547100 0.09043100
vn 0.84919900 0.52332000 0.07068600
vn 0.81503300 0.57940700 -0.00276200
vn 0.83664400 0.54385600 0.06518000
vn 0.82805500 0.55731400 0.06104900
vn 0.86602900 0.49446800 0.07412600
vn 0.87017000 0.48994300 0.05253800
vn 0.86140200 0.50792400 0.00086100
vn 0.89282500 0.44473500 0.07123100
vn 0.90389700 0.41851700 0.08839700
vn 0.67150400 0.72971500 0.12883500
vn 0.69933900 0.70285800 0.13006200
vn 0.75006900 0.66134000 0.00510500
vn 0.78480200 0.61884400 0.03342400
vn 0.71221300 0.70195700 -0.00286000
vn 0.76452700 0.64427900 0.02007100
vn 0.64793900 0.75609000 0.09221100
vn 0.64736000 0.75161000 0.12652000
vn 0.79359600 0.60711100 0.04026400
vn 0.80367300 0.59332200 0.04558400
vn 0.79270800 0.60883300 0.03060800
vn 0.75757700 0.65274000 0.00263100
vn 0.61010800 0.79231900 0.00000000
vn 0.58588600 0.81024300 0.01562300
vn 0.62406100 0.78137500 0.00056600
vn 0.56455100 0.81790300 0.11098200
vn 0.60174400 0.79173300 0.10517600
vn 0.03472100 0.11399000 0.99287500
vn -0.00189300 -0.00072600 0.99999800
vn 0.00000000 0.00000000 -1.00000000
vn -0.00000000 -0.00000000 -1.00000000
vn 0.00000400 0.00000000 -1.00000000
vn 0.00000000 0.00000000 -1.00000000
vn 0.00000000 0.00000000 -1.00000000
vn 0.00000200 0.00000000 -1.00000000
vn 0.00000500 0.00000000 -1.00000000
vn -0.00000400 -0.00000000 -1.00000000
vn 0.00000000 0.00000000 -1.00000000
vn 0.00000000 0.00000000 -1.00000000
vn 0.00000000 0.00000000 -1.00000000
vn 0.00000000 0.00000000 -1.00000000
vn 0.00000300 0.00000000 -1.00000000
vn -0.00000100 -0.00000000 -1.00000000
vn -0.00000000 -0.00000000 -1.00000000
vn 0.00000100 0.00000000 -1.00000000
vn 0.00000000 0.00000000 -1.00000000
vn 0.00000100 0.00000000 -1.00000000
vn -0.00001200 -0.00000000 -1.00000000
vn -0.00001400 -0.00000000 -1.00000000
vn 0.00008900 0.00000000 -1.00000000
vn -0.00001200 -0.00000000 -1.00000000
vn 0.00008900 0.00000000 -1.00000000
vn 0.00000100 0.00000000 -1.00000000
vn -0.00001200 -0.00000000 -1.00000000
vn 0.00001000 0.00000000 -1.00000000
vn -0.00001400 -0.00000000 -1.00000000
vn -0.00000100 -0.00000000 -1.00000000
vn -0.00000100 -0.00000000 -1.00000000
vn 0.00000000 0.00000000 -1.00000000
vn 0.00000100 0.00000000 -1.00000000
vn 0.00000100 0.00000000 -1.00000000
vn 0.00008900 0.00000000 -1.00000000
vn 0.00000000 0.00000000 -1.00000000
vn 0.00000000 0.00000000 -1.00000000
vn 0.00000000 0.00000000 -1.00000000
vn 0.00000000 0.00000000 -1.00000000
vn 0.00000000 0.00000000 -1.00000000
vn 0.00000000 0.00000000 -1.00000000
vn 0.00000000 0.00000000 -1.00000000
vn -0.00002200 -0.00000000 -1.00000000
vn -0.00000800 -0.00000000 -1.00000000
vn 0.00000200 0.00000000 -1.00000000
vn -0.00000200 -0.00000000 -1.00000000
vn 0.00000100 0.00000000 -1.00000000
vn 0.00000100 0.00000000 -1.00000000
vn 0.00000400 0.00000000 -1.00000000
vn 0.00000000 0.00000000 -1.00000000
vn -0.00000300 -0.00000000 -1.00000000
vn 0.00000000 0.00000000 -1.00000000
vn -0.00000100 -0.00000000 -1.00000000
vn 0.00000100 0.00000000 -1.00000000
vn -0.00000000 -0.00000000 -1.00000000
vn -0.00002200 -0.00000000 -1.00000000
vn 0.00000400 0.00000000 -1.00000000
vn 0.00000000 0.00000000 -1.00000000
vn 0.00000400 0.00000000 -1.00000000
vn 0.00000000 0.00000000 -1.00000000
vn -0.00000000 -0.00000000 -1.00000000
vn 0.00000400 0.00000000 -1.00000000
vn 0.00000100 0.00000000 -1.00000000
vn -0.00000000 -0.00000000 -1.00000000
vn -0.00001000 -0.00000000 -1.00000000
vn 0.00000600 0.00000000 -1.00000000
vn 0.00000000 0.00000000 -1.00000000
vn 0.00000000 0.00000000 -1.00000000
vn 0.00000000 0.00000000 -1.00000000
vn -0.00000200 -0.00000000 -1.00000000
vn -0.00000100 -0.00000000 -1.00000000
vn 0.00000100 0.00000000 -1.00000000
vn -0.00000500 -0.00000000 -1.00000000
vn -0.00000100 -0.00000000 -1.00000000
vn -0.00000000 -0.00000000 -1.00000000
vn 0.00000000 0.00000000 -1.00000000
vn -0.00000400 -0.00000000 -1.00000000
vn 0.00000100 0.00000000 -1.00000000
vn 0.00000000 0.00000000 -1.00000000
vn 0.00000000 0.00000000 -1.00000000
vn 0.00000800 0.00000000 -1.00000000
vn 0.00000000 0.00000000 -1.00000000
vn 0.00000100 0.00000000 -1.00000000
vn 0.00000000 0.00000000 -1.00000000
vn 0.00000000 0.00000000 -1.00000000
vn -0.00000100 -0.00000000 -1.00000000
vn 0.00000200 0.00000000 -1.00000000
vn 0.00000000 0.00000000 -1.00000000
vn -0.00000100 -0.00000000 -1.00000000
vn -0.00000100 -0.00000000 -1.00000000
vn -0.00000100 -0.00000000 -1.00000000
vn 0.00000000 0.00000000 -1.00000000
vn -0.00000400 -0.00000000 -1.00000000
vn 0.00000000 0.00000000 -1.00000000
vn 0.00000100 0.00000000 -1.00000000
vn 0.00000000 0.00000000 -1.00000000
vn -0.00000400 -0.00000000 -1.00000000
vn 0.00000100 0.00000000 -1.00000000
vn 0.00000000 0.00000000 -1.00000000
vn 0.00000100 0.00000000 -1.00000000
vn 0.00000000 0.00000000 -1.00000000
vn 0.00000800 0.00000000 -1.00000000
vn 0.00000000 0.00000000 -1.00000000
vn -0.00001600 -0.00000000 -1.00000000
vn 0.00000800 0.00000000 -1.00000000
vn -0.00001600 -0.00000000 -1.00000000
vn 0.00000800 0.00000000 -1.00000000
vn 0.00000800 0.00000000 -1.00000000
vn -0.00001600 -0.00000000 -1.00000000
vn 0.00000000 0.00000000 -1.00000000
vn 0.00000800 0.00000000 -1.00000000
vn 0.00000000 0.00000000 -1.00000000
vn 0.00000800 0.00000000 -1.00000000
vn 0.00000000 0.00000000 -1.00000000
vn 0.00000800 0.00000000 -1.00000000
vn 0.00000000 0.00000000 -1.00000000
vn -0.00000700 -0.00000000 -1.00000000
vn 0.00000800 0.00000000 -1.00000000
vn -0.00000700 -0.00000000 -1.00000000
vn 0.00000000 0.00000000 -1.00000000
vn -0.00000700 -0.00000000 -1.00000000
vn 0.00002600 0.00000000 -1.00000000
vn 0.00000000 0.00000000 -1.00000000
vn 0.00000000 0.00000000 -1.00000000
vn 0.00002500 0.00000000 -1.00000000
vn 0.00000000 0.00000000 -1.00000000
vn 0.00000000 0.00000000 -1.00000000
vn 0.00000000 0.00000000 -1.00000000
vn 0.00000000 0.00000000 -1.00000000
vn 0.00001500 0.00000000 -1.00000000
vn 0.00001500 0.00000000 -1.00000000
vn 0.00000000 0.00000000 -1.00000000
vn 0.00001500 0.00000000 -1.00000000
vn 0.00000000 0.00000000 -1.00000000
vn 0.00000000 0.00000000 -1.00000000
vn 0.00000000 0.00000000 -1.00000000
vn 0.00000000 0.00000000 -1.00000000
vn 0.00000000 0.00000000 -1.00000000
vn 0.00000000 0.00000000 -1.00000000
vn 0.00000000 0.00000000 -1.00000000
vn 0.00003000 0.00000000 -1.00000000
vn 0.00000000 0.00000000 -1.00000000
vn 0.00000800 0.00000000 -1.00000000
vn 0.00003000 0.00000000 -1.00000000
vn 0.00003000 0.00000000 -1.00000000
vn 0.00000800 0.00000000 -1.00000000
vn -0.00003000 -0.00000000 -1.00000000
vn -0.00000800 -0.00000000 -1.00000000
vn 0.00000800 0.00000000 -1.00000000
vn -0.00003000 -0.00000000 -1.00000000
vn -0.00003000 -0.00000000 -1.00000000
vn 0.00000000 0.00000000 -1.00000000
vn -0.00000800 -0.00000000 -1.00000000
vn 0.00000800 0.00000000 -1.00000000
vn 0.00000000 0.00000000 -1.00000000
vn -0.00000800 -0.00000000 -1.00000000
vn 0.00000000 0.00000000 -1.00000000
vn 0.00000800 0.00000000 -1.00000000
vn -0.00003100 -0.00000000 -1.00000000
vn 0.00000800 0.00000000 -1.00000000
vn -0.00003100 -0.00000000 -1.00000000
vn 0.00000800 0.00000000 -1.00000000
vn -0.00003100 -0.00000000 -1.00000000
vn 0.00000000 0.00000000 -1.00000000
vn 0.00000800 0.00000000 -1.00000000
vn 0.00000000 0.00000000 -1.00000000
vn 0.00000800 0.00000000 -1.00000000
vn 0.00000800 0.00000000 -1.00000000
vn 0.00000000 0.00000000 -1.00000000
vn -0.00003100 -0.00000000 -1.00000000
vn 0.00000800 0.00000000 -1.00000000
vn 0.00000800 0.00000000 -1.00000000
vn -0.00000400 -0.00000000 -1.00000000
vn -0.00003100 -0.00000000 -1.00000000
vn -0.00003100 -0.00000000 -1.00000000
vn 0.00000000 0.00000000 -1.00000000
vn -0.00000400 -0.00000000 -1.00000000
vn -0.00000400 -0.00000000 -1.00000000
vn 0.00000000 0.00000000 -1.00000000
vn 0.00000000 0.00000000 -1.00000000
vn -0.00001500 -0.00000000 -1.00000000
vn 0.00000000 0.00000000 -1.00000000
vn -0.00000400 -0.00000000 -1.00000000
vn -0.00001500 -0.00000000 -1.00000000
vn 0.00000000 0.00000000 -1.00000000
vn -0.00001500 -0.00000000 -1.00000000
vn -0.00000400 -0.00000000 -1.00000000
vn 0.00001500 0.00000000 -1.00000000
vn -0.00000200 -0.00000000 -1.00000000
vn 0.00001500 0.00000000 -1.00000000
vn -0.00000400 -0.00000000 -1.00000000
vn 0.00001500 0.00000000 -1.00000000
vn 0.00000000 0.00000000 -1.00000000
vn -0.00000200 -0.00000000 -1.00000000
vn 0.00000000 0.00000000 -1.00000000
vn -0.00000200 -0.00000000 -1.00000000
vn 0.00000000 0.00000000 -1.00000000
vn 0.00000000 0.00000000 -1.00000000
vn 0.00000000 0.00000000 -1.00000000
vn 0.00000100 0.00000000 -1.00000000
vn 0.00000000 0.00000000 -1.00000000
vn 0.00000400 0.00000000 -1.00000000
vn 0.00000100 0.00000000 -1.00000000
vn 0.00000100 0.00000000 -1.00000000
vn 0.00000000 0.00000000 -1.00000000
vn 0.00000400 0.00000000 -1.00000000
vn 0.00000400 0.00000000 -1.00000000
vn 0.00000000 0.00000000 -1.00000000
vn 0.00000000 0.00000000 -1.00000000
vn 0.00000000 0.00000000 -1.00000000
vn 0.00000000 0.00000000 -1.00000000
vn 0.00000000 0.00000000 -1.00000000
vn 0.00000000 0.00000000 -1.00000000
vn 0.00000000 0.00000000 -1.00000000
vn 0.00000000 0.00000000 -1.00000000
vn 0.00000000 0.00000000 -1.00000000
vn 0.00000000 0.00000000 -1.00000000
vn 0.00000800 0.00000000 -1.00000000
vn 0.00000000 0.00000000 -1.00000000
vn 0.00000000 0.00000000 -1.00000000
vn 0.00000000 0.00000000 -1.00000000
vn 0.00000800 0.00000000 -1.00000000
vn 0.00000000 0.00000000 -1.00000000
vn 0.00000800 0.00000000 -1.00000000
vn 0.00000800 0.00000000 -1.00000000
vn 0.00000000 0.00000000 -1.00000000
vn 0.00000800 0.00000000 -1.00000000
vn 0.00000000 0.00000000 -1.00000000
vn 0.00000800 0.00000000 -1.00000000
vn 0.00000000 0.00000000 -1.00000000
vn 0.00000000 0.00000000 -1.00000000
vn 0.00000000 0.00000000 -1.00000000
vn 0.00000000 0.00000000 -1.00000000
vn 0.00000000 0.00000000 -1.00000000
vn 0.00000000 0.00000000 -1.00000000
vn 0.00000000 0.00000000 -1.00000000
vn -0.00000900 -0.00000000 -1.00000000
vn -0.00000900 -0.00000000 -1.00000000
vn 0.00000000 0.00000000 -1.00000000
vn -0.00000900 -0.00000000 -1.00000000
vn -0.00000100 -0.00000000 -1.00000000
vn -0.00000000 -0.00000000 -1.00000000
vn -0.12599400 0.00870700 -0.99199300
vn -0.08390800 0.00580700 -0.99645700
vn 0.00000100 0.00000000 -1.00000000
vn -0.00000100 -0.00000000 -1.00000000
vn -0.00000500 -0.00000000 -1.00000000
vn 0.00000100 0.00000000 -1.00000000
vn 0.00000200 0.00000000 -1.00000000
vn 0.00000000 0.00000000 -1.00000000
vn -0.00000000 -0.00000000 -1.00000000
vn 0.00000600 0.00000000 -1.00000000
vn 0.00000100 0.00000000 -1.00000000
vn -0.00000600 -0.00000000 -1.00000000
vn -0.00000100 -0.00000000 -1.00000000
vn 0.00000100 0.00000000 -1.00000000
vn 0.00000000 0.00000000 -1.00000000
vn 0.00000100 0.00000000 -1.00000000
vn -0.00000100 -0.00000000 -1.00000000
vn -0.00000600 -0.00000000 -1.00000000
vn 0.00000100 0.00000000 -1.00000000
vn 0.00000000 0.00000000 -1.00000000
vn 0.00000100 0.00000000 -1.00000000
vn -0.00000500 -0.00000000 -1.00000000
vn 0.00000000 0.00000000 -1.00000000
vn -0.00000500 -0.00000000 -1.00000000
vn 0.00000200 0.00000000 -1.00000000
vn 0.00000000 0.00000000 -1.00000000
vn 0.00000200 0.00000000 -1.00000000
vn 0.00000000 0.00000000 -1.00000000
vn 0.00000100 0.00000000 -1.00000000
vn 0.00000000 0.00000000 -1.00000000
vn -0.00000100 -0.00000000 -1.00000000
vn 0.00000100 0.00000000 -1.00000000
vn 0.00000000 0.00000000 -1.00000000
vn -0.00000100 -0.00000000 -1.00000000
vn 0.00000100 0.00000000 -1.00000000
vn -0.00000100 -0.00000000 -1.00000000
vn 0.00000000 0.00000000 -1.00000000
vn 0.00000000 0.00000000 -1.00000000
vn 0.00000000 0.00000000 -1.00000000
vn 0.00000600 0.00000000 -1.00000000
vn -0.00000600 -0.00000000 -1.00000000
vn 0.00000600 0.00000000 -1.00000000
vn -0.00000100 -0.00000000 -1.00000000
vn 0.00000000 0.00000000 -1.00000000
vn 0.00000000 0.00000000 -1.00000000
vn 0.00000100 0.00000000 -1.00000000
vn 0.00000100 0.00000000 -1.00000000
vn -0.00000000 -0.00000000 -1.00000000
vn -0.00000000 -0.00000000 -1.00000000
vn 0.00000000 0.00000000 -1.00000000
vn 0.00000000 0.00000000 -1.00000000
vn 0.00000000 0.00000000 -1.00000000
vn -0.00000100 -0.00000000 -1.00000000
vn 0.00000000 0.00000000 -1.00000000
vn -0.00000200 -0.00000000 -1.00000000
vn -0.00000100 -0.00000000 -1.00000000
vn 0.00001000 0.00000000 -1.00000000
vn 0.00001000 0.00000000 -1.00000000
vn -0.00001400 -0.00000000 -1.00000000
vn 0.00000000 0.00000000 -1.00000000
vn 0.00000600 0.00000000 -1.00000000
vn -0.00000100 -0.00000000 -1.00000000
vn 0.00000000 0.00000000 -1.00000000
vn -0.00000600 -0.00000000 -1.00000000
vn 0.00000000 0.00000000 -1.00000000
vn -0.00000600 -0.00000000 -1.00000000
vn 0.00000600 0.00000000 -1.00000000
vn 0.00000000 0.00000000 -1.00000000
vn -0.00000200 -0.00000000 -1.00000000
vn 0.00000000 0.00000000 -1.00000000
vn -0.00000200 -0.00000000 -1.00000000
vn -0.00000200 -0.00000000 -1.00000000
vn 0.00000000 0.00000000 -1.00000000
vn -0.00000200 -0.00000000 -1.00000000
vn 0.00000000 0.00000000 -1.00000000
vn -0.00000000 -0.00000000 -1.00000000
vn 0.00000000 0.00000000 -1.00000000
vn -0.00000200 -0.00000000 -1.00000000
vn 0.00000100 0.00000000 -1.00000000
vn 0.00000100 0.00000000 -1.00000000
vn 0.00000000 0.00000000 -1.00000000
vn 0.00000000 0.00000000 -1.00000000
vn 0.00000000 0.00000000 -1.00000000
vn 0.00000100 0.00000000 -1.00000000
vn 0.00000000 0.00000000 -1.00000000
vn -0.00000000 -0.00000000 -1.00000000
vn 0.00000100 0.00000000 -1.00000000
vn 0.00000000 0.00000000 -1.00000000
vn 0.00000300 0.00000000 -1.00000000
vn 0.00000000 0.00000000 -1.00000000
vn -0.00000000 -0.00000000 -1.00000000
vn 0.00000100 0.00000000 -1.00000000
vn 0.00000000 0.00000000 -1.00000000
vn -0.00000200 -0.00000000 -1.00000000
vn -0.00000200 -0.00000000 -1.00000000
vn 0.00000000 0.00000000 -1.00000000
vn -0.00000100 -0.00000000 -1.00000000
vn 0.00000300 0.00000000 -1.00000000
vn -0.00000100 -0.00000000 -1.00000000
vn 0.00001400 0.00000000 -1.00000000
vn 0.00000000 0.00000000 -1.00000000
vn 0.00000000 0.00000000 -1.00000000
vn 0.00000000 0.00000000 -1.00000000
vn 0.00001400 0.00000000 -1.00000000
vn -0.00000000 -0.00000000 -1.00000000
vn -0.00000400 -0.00000000 -1.00000000
vn 0.00000000 0.00000000 -1.00000000
vn 0.00000000 0.00000000 -1.00000000
vn 0.00000100 0.00000000 -1.00000000
vn -0.00000200 -0.00000000 -1.00000000
vn 0.00000100 0.00000000 -1.00000000
vn 0.00000200 0.00000000 -1.00000000
vn -0.00000400 -0.00000000 -1.00000000
vn 0.00000400 0.00000000 -1.00000000
vn 0.00000000 0.00000000 -1.00000000
vn 0.00000200 0.00000000 -1.00000000
vn 0.00000400 0.00000000 -1.00000000
vn 0.00000000 0.00000000 -1.00000000
vn -0.00000000 -0.00000000 -1.00000000
vn 0.00001400 0.00000000 -1.00000000
vn 0.00000000 0.00000000 -1.00000000
vn 0.00000000 0.00000000 -1.00000000
vn -0.00000200 -0.00000000 -1.00000000
vn 0.00000000 0.00000000 -1.00000000
vn 0.00000000 0.00000000 -1.00000000
vn 0.00000000 0.00000000 -1.00000000
vn 0.00000000 0.00000000 -1.00000000
vn -0.00000700 -0.00000000 -1.00000000
vn 0.00000000 0.00000000 -1.00000000
vn 0.00000000 0.00000000 -1.00000000
vn 0.00000100 0.00000000 -1.00000000
vn -0.00000000 -0.00000000 -1.00000000
vn -0.00000000 -0.00000000 -1.00000000
vn 0.00000100 0.00000000 -1.00000000
vn -0.00000100 -0.00000000 -1.00000000
vn -0.00000700 -0.00000000 -1.00000000
vn 0.00000600 0.00000000 -1.00000000
vn 0.00000000 0.00000000 -1.00000000
vn 0.00000000 0.00000000 -1.00000000
vn 0.00000600 0.00000000 -1.00000000
vn -0.00000700 -0.00000000 -1.00000000
vn 0.00000600 0.00000000 -1.00000000
vn 0.00000000 0.00000000 -1.00000000
vn -0.00000000 -0.00000000 -1.00000000
vn 0.00000000 0.00000000 -1.00000000
vn 0.00000500 0.00000000 -1.00000000
vn 0.00000000 0.00000000 -1.00000000
vn 0.00000500 0.00000000 -1.00000000
vn 0.00000000 0.00000000 -1.00000000
vn -0.00000200 -0.00000000 -1.00000000
vn 0.00000000 0.00000000 -1.00000000
vn -0.00000200 -0.00000000 -1.00000000
vn 0.00000100 0.00000000 -1.00000000
vn 0.00000100 0.00000000 -1.00000000
vn 0.00000000 0.00000000 -1.00000000
vn 0.00000000 0.00000000 -1.00000000
vn 0.00000100 0.00000000 -1.00000000
vn 0.00000100 0.00000000 -1.00000000
vn 0.00000000 0.00000000 -1.00000000
vn 0.00001300 0.00000000 -1.00000000
vn -0.00000000 -0.00000000 -1.00000000
vn -0.00000100 -0.00000000 -1.00000000
vn 0.00000000 0.00000000 -1.00000000
vn -0.00000000 -0.00000000 -1.00000000
vn 0.00000000 0.00000000 -1.00000000
vn 0.00000100 0.00000000 -1.00000000
vn 0.00000000 0.00000000 -1.00000000
vn 0.00001300 0.00000000 -1.00000000
vn 0.00001300 0.00000000 -1.00000000
vn 0.00000000 0.00000000 -1.00000000
vn -0.00000100 -0.00000000 -1.00000000
vn 0.00000100 0.00000000 -1.00000000
vn 0.00000100 0.00000000 -1.00000000
vn -0.00000000 -0.00000000 -1.00000000
vn 0.00000000 0.00000000 -1.00000000
vn -0.00002200 -0.00000000 -1.00000000
vn 0.00000000 0.00000000 -1.00000000
vn 0.00000000 0.00000000 -1.00000000
vn -0.00000300 -0.00000000 -1.00000000
vn 0.00000000 0.00000000 -1.00000000
vn 0.00000000 0.00000000 -1.00000000
vn 0.00000400 0.00000000 -1.00000000
vn 0.00000100 0.00000000 -1.00000000
vn 0.00000000 0.00000000 -1.00000000
vn -0.00000500 -0.00000000 -1.00000000
vn -0.00000200 -0.00000000 -1.00000000
vn 0.00000000 0.00000000 -1.00000000
vn -0.00000500 -0.00000000 -1.00000000
vn 0.00000000 0.00000000 -1.00000000
vn 0.00000200 0.00000000 -1.00000000
vn 0.00000200 0.00000000 -1.00000000
vn 0.00000000 0.00000000 -1.00000000
vn 0.00000100 0.00000000 -1.00000000
vn -0.00000300 -0.00000000 -1.00000000
vn 0.00000100 0.00000000 -1.00000000
vn -0.00001000 -0.00000000 -1.00000000
vn 0.00000400 0.00000000 -1.00000000
vn -0.00001000 -0.00000000 -1.00000000
vn 0.00000600 0.00000000 -1.00000000
vn -0.00000000 -0.00000000 -1.00000000
vn 0.00000600 0.00000000 -1.00000000
vn 0.00000000 0.00000000 -1.00000000
vn -0.00000200 -0.00000000 -1.00000000
vn 0.00000000 0.00000000 -1.00000000
vn 0.00000000 0.00000000 -1.00000000
vn 0.00000000 0.00000000 -1.00000000
vn -0.00000000 -0.00000000 -1.00000000
vn 0.00000200 0.00000000 -1.00000000
vn -0.00000800 -0.00000000 -1.00000000
vn 0.00000000 0.00000000 -1.00000000
vn -0.00000800 -0.00000000 -1.00000000
vn -0.00000100 -0.00000000 -1.00000000
vn 0.00000000 0.00000000 -1.00000000
vn 0.00000000 0.00000000 -1.00000000
vn 0.00000000 0.00000000 -1.00000000
vn 0.00000600 0.00000000 -1.00000000
vn 0.00000000 0.00000000 -1.00000000
vn 0.00000600 0.00000000 -1.00000000
vn -0.00000700 -0.00000000 -1.00000000
vn 0.00000000 0.00000000 -1.00000000
vn -0.00000100 -0.00000000 -1.00000000
vn 0.00000100 0.00000000 -1.00000000
vn -0.00000000 -0.00000000 -1.00000000
vn -0.00000700 -0.00000000 -1.00000000
vn 0.00000000 0.00000000 -1.00000000
vn -0.00000000 -0.00000000 -1.00000000
vn 0.00000100 0.00000000 -1.00000000
vn -0.00000200 -0.00000000 -1.00000000
vn 0.00000000 0.00000000 -1.00000000
vn -0.00000200 -0.00000000 -1.00000000
vn 0.00000200 0.00000000 -1.00000000
vn 0.70709200 0.70712200 0.00000000
vn 0.70709200 0.70712200 0.00000000
vn 0.70709500 0.70711900 0.00000100
vn 0.70709200 0.70712200 0.00000000
vn 0.70709500 0.70711900 0.00000100
vn 0.70709500 0.70711900 0.00000100
vn 0.25881200 0.96592800 0.00000000
vn 0.25881200 0.96592800 0.00000000
vn 0.25881100 0.96592800 0.00000000
vn 0.25881200 0.96592800 0.00000000
vn 0.25881100 0.96592800 0.00000000
vn 0.25881100 0.96592800 0.00000000
vn -0.25881000 0.96592800 0.00000000
vn -0.25881000 0.96592800 0.00000000
vn -0.25881200 0.96592800 0.00000000
vn -0.25881000 0.96592800 0.00000000
vn -0.25881200 0.96592800 0.00000000
vn -0.25881200 0.96592800 0.00000000
vn -0.70709500 0.70711800 -0.00000100
vn -0.70709500 0.70711800 -0.00000100
vn -0.70709300 0.70712100 0.00000000
vn -0.70709300 0.70712100 0.00000000
vn -0.70709500 0.70711800 -0.00000100
vn -0.70709300 0.70712100 0.00000000
vn -0.96592900 0.25880600 0.00000000
vn -0.96592900 0.25880600 0.00000000
vn -0.96592900 0.25880600 0.00000000
vn -0.96592900 0.25880600 0.00000000
vn -0.96592900 0.25880600 0.00000000
vn -0.96592900 0.25880600 0.00000000
vn -0.96592900 -0.25880600 0.00000000
vn -0.96592900 -0.25880600 0.00000000
vn -0.96592900 -0.25880600 0.00000000
vn -0.96592900 -0.25880600 0.00000000
vn -0.96592900 -0.25880600 0.00000000
vn -0.96592900 -0.25880600 0.00000000
vn -0.70709600 -0.70711700 0.00000000
vn -0.70709300 -0.70712100 -0.00000100
vn -0.70709600 -0.70711700 0.00000000
vn -0.70709300 -0.70712100 -0.00000100
vn -0.70709600 -0.70711700 0.00000000
vn -0.70709300 -0.70712100 -0.00000100
vn -0.25881000 -0.96592800 -0.00000100
vn -0.25881100 -0.96592800 0.00000000
vn -0.25881000 -0.96592800 -0.00000100
vn -0.25881100 -0.96592800 0.00000000
vn -0.25881000 -0.96592800 -0.00000100
vn -0.25881100 -0.96592800 0.00000000
vn 0.25881200 -0.96592800 0.00000000
vn 0.25881100 -0.96592800 0.00000100
vn 0.25881200 -0.96592800 0.00000000
vn 0.25881200 -0.96592800 0.00000000
vn 0.25881100 -0.96592800 0.00000100
vn 0.25881100 -0.96592800 0.00000100
vn 0.70709300 -0.70712100 0.00000100
vn 0.70709500 -0.70711900 0.00000000
vn 0.70709300 -0.70712100 0.00000100
vn 0.70709500 -0.70711900 0.00000000
vn 0.70709300 -0.70712100 0.00000100
vn 0.70709500 -0.70711900 0.00000000
vn 0.96592900 -0.25880600 0.00000000
vn 0.96592900 -0.25880600 0.00000000
vn 0.96592900 -0.25880600 0.00000000
vn 0.96592900 -0.25880600 0.00000000
vn 0.96592900 -0.25880600 0.00000000
vn 0.96592900 -0.25880600 0.00000000
vn 0.96592900 0.25880600 0.00000000
vn 0.96592900 0.25880600 0.00000000
vn 0.96592900 0.25880600 0.00000000
vn 0.96592900 0.25880600 0.00000000
vn 0.96592900 0.25880600 0.00000000
vn 0.96592900 0.25880600 0.00000000
vn -0.00000100 -0.00000000 1.00000000
vn 0.00000000 0.00000000 1.00000000
vn 0.00000300 0.00000000 1.00000000
vn 0.00001500 0.00000000 1.00000000
vn 0.00000000 0.00000000 1.00000000
vn 0.00000100 0.00000000 1.00000000
vn 0.00001500 0.00000000 1.00000000
vn 0.00000000 0.00000000 1.00000000
vn -0.00000300 -0.00000000 1.00000000
vn 0.00000300 0.00000000 1.00000000
vn 0.00000300 0.00000000 1.00000000
vn 0.00000100 0.00000000 1.00000000
vn -0.00000500 -0.00000000 1.00000000
vn -0.00000100 -0.00000000 1.00000000
vn 0.00000300 0.00000000 1.00000000
vn 0.00000100 0.00000000 1.00000000
vn 0.00000300 0.00000000 1.00000000
vn -0.00000500 -0.00000000 1.00000000
vn 0.00000000 0.00000000 1.00000000
vn -0.00001100 -0.00000000 1.00000000
vn -0.00000700 -0.00000000 1.00000000
vn 0.00000100 0.00000000 1.00000000
vn -0.00000100 -0.00000000 1.00000000
vn 0.00000100 0.00000000 1.00000000
vn 0.00000000 0.00000000 1.00000000
vn 0.00000100 0.00000000 1.00000000
vn 0.00001500 0.00000000 1.00000000
vn 0.00000000 0.00000000 1.00000000
vn 0.00000000 0.00000000 1.00000000
vn -0.00000100 -0.00000000 1.00000000
vn 0.00000000 0.00000000 1.00000000
vn 0.00000000 0.00000000 1.00000000
vn 0.00000100 0.00000000 1.00000000
vn 0.00000000 0.00000000 1.00000000
vn 0.00000000 0.00000000 1.00000000
vn 0.00000000 0.00000000 1.00000000
vn -0.00000300 -0.00000000 1.00000000
vn 0.00000000 0.00000000 1.00000000
vn -0.00000300 -0.00000000 1.00000000
vn 0.00000000 0.00000000 1.00000000
vn -0.00000300 -0.00000000 1.00000000
vn -0.00000200 -0.00000000 1.00000000
vn 0.00000000 0.00000000 1.00000000
vn 0.00000300 0.00000000 1.00000000
vn -0.00000200 -0.00000000 1.00000000
vn 0.00000100 0.00000000 1.00000000
vn 0.00000300 0.00000000 1.00000000
vn -0.00000200 -0.00000000 1.00000000
vn 0.00000100 0.00000000 1.00000000
vn 0.00000000 0.00000000 1.00000000
vn 0.00000300 0.00000000 1.00000000
vn 0.00000100 0.00000000 1.00000000
vn 0.00000000 0.00000000 1.00000000
vn -0.00000100 -0.00000000 1.00000000
vn -0.00000100 -0.00000000 1.00000000
vn 0.00000000 0.00000000 1.00000000
vn -0.00000100 -0.00000000 1.00000000
vn 0.00000000 0.00000000 1.00000000
vn -0.00000100 -0.00000000 1.00000000
vn 0.00000000 0.00000000 1.00000000
vn -0.00000100 -0.00000000 1.00000000
vn -0.00000200 -0.00000000 1.00000000
vn -0.00000400 -0.00000000 1.00000000
vn -0.00000000 -0.00000000 1.00000000
vn 0.00000000 0.00000000 1.00000000
vn 0.00000500 0.00000000 1.00000000
vn -0.00000200 -0.00000000 1.00000000
vn 0.00000000 0.00000000 1.00000000
vn 0.00000100 0.00000000 1.00000000
vn 0.00000100 0.00000000 1.00000000
vn -0.00000100 -0.00000000 1.00000000
vn 0.00000500 0.00000000 1.00000000
vn 0.00000000 0.00000000 1.00000000
vn -0.00000200 -0.00000000 1.00000000
vn 0.00000000 0.00000000 1.00000000
vn 0.00000000 0.00000000 1.00000000
vn 0.00000100 0.00000000 1.00000000
vn 0.00000100 0.00000000 1.00000000
vn -0.00000700 -0.00000000 1.00000000
vn 0.00000100 0.00000000 1.00000000
vn -0.00000700 -0.00000000 1.00000000
vn -0.00000100 -0.00000000 1.00000000
vn 0.00000000 0.00000000 1.00000000
vn 0.00000000 0.00000000 1.00000000
vn 0.00000000 0.00000000 1.00000000
vn 0.00000200 0.00000000 1.00000000
vn -0.00000100 -0.00000000 1.00000000
vn 0.00000000 0.00000000 1.00000000
vn 0.00000200 0.00000000 1.00000000
vn 0.00000400 0.00000000 1.00000000
vn -0.00002100 -0.00000000 1.00000000
vn 0.00000000 0.00000000 1.00000000
vn 0.00000000 0.00000000 1.00000000
vn 0.00000400 0.00000000 1.00000000
vn 0.00000000 0.00000000 1.00000000
vn -0.00000300 -0.00000000 1.00000000
vn 0.00000400 0.00000000 1.00000000
vn 0.00000400 0.00000000 1.00000000
vn 0.00000000 0.00000000 1.00000000
vn -0.00000300 -0.00000000 1.00000000
vn -0.00000300 -0.00000000 1.00000000
vn 0.00000700 0.00000000 1.00000000
vn 0.00000000 0.00000000 1.00000000
vn -0.00000100 -0.00000000 1.00000000
vn 0.00000000 0.00000000 1.00000000
vn 0.00000700 0.00000000 1.00000000
vn -0.00000100 -0.00000000 1.00000000
vn 0.00000700 0.00000000 1.00000000
vn 0.00000000 0.00000000 1.00000000
vn 0.00000500 0.00000000 1.00000000
vn -0.00000100 -0.00000000 1.00000000
vn 0.00000500 0.00000000 1.00000000
vn -0.00000400 -0.00000000 1.00000000
vn 0.00000000 0.00000000 1.00000000
vn 0.00000400 0.00000000 1.00000000
vn 0.00000400 0.00000000 1.00000000
vn 0.00000000 0.00000000 1.00000000
vn 0.00000300 0.00000000 1.00000000
vn -0.00000100 -0.00000000 1.00000000
vn 0.00000200 0.00000000 1.00000000
vn 0.00001000 0.00000000 1.00000000
vn 0.00000000 0.00000000 1.00000000
vn -0.00000100 -0.00000000 1.00000000
vn -0.00000000 -0.00000000 1.00000000
vn 0.00000300 0.00000000 1.00000000
vn -0.00000200 -0.00000000 1.00000000
vn 0.00000300 0.00000000 1.00000000
vn 0.00000000 0.00000000 1.00000000
vn 0.00000000 0.00000000 1.00000000
vn -0.00000200 -0.00000000 1.00000000
vn 0.00000500 0.00000000 1.00000000
vn -0.00000200 -0.00000000 1.00000000
vn 0.00000000 0.00000000 1.00000000
vn -0.00000400 -0.00000000 1.00000000
vn 0.00000500 0.00000000 1.00000000
vn 0.00000000 0.00000000 1.00000000
vn -0.00002100 -0.00000000 1.00000000
vn 0.00000000 0.00000000 1.00000000
vn -0.00002100 -0.00000000 1.00000000
vn 0.00000000 0.00000000 1.00000000
vn 0.00000200 0.00000000 1.00000000
vn 0.00000000 0.00000000 1.00000000
vn 0.00000000 0.00000000 1.00000000
vn 0.00000200 0.00000000 1.00000000
vn 0.00000200 0.00000000 1.00000000
vn 0.00000000 0.00000000 1.00000000
vn -0.00000100 -0.00000000 1.00000000
vn 0.00000000 0.00000000 1.00000000
vn -0.00000100 -0.00000000 1.00000000
vn 0.00000800 0.00000000 1.00000000
vn 0.00000000 0.00000000 1.00000000
vn 0.00001000 0.00000000 1.00000000
vn 0.00001000 0.00000000 1.00000000
vn 0.00000000 0.00000000 1.00000000
vn -0.00000100 -0.00000000 1.00000000
vn 0.00000200 0.00000000 1.00000000
vn 0.00000000 0.00000000 1.00000000
vn 0.00000000 0.00000000 1.00000000
vn 0.00001100 0.00000000 1.00000000
vn 0.00000200 0.00000000 1.00000000
vn 0.00000000 0.00000000 1.00000000
vn 0.00000200 0.00000000 1.00000000
vn 0.00000800 0.00000000 1.00000000
vn -0.00000100 -0.00000000 1.00000000
vn 0.00000000 0.00000000 1.00000000
vn 0.00000100 0.00000000 1.00000000
vn 0.00000000 0.00000000 1.00000000
vn 0.00001100 0.00000000 1.00000000
vn -0.00000100 -0.00000000 1.00000000
vn 0.00000100 0.00000000 1.00000000
vn 0.00001100 0.00000000 1.00000000
vn 0.00000000 0.00000000 1.00000000
vn -0.00000100 -0.00000000 1.00000000
vn 0.00000000 0.00000000 1.00000000
vn 0.00000000 0.00000000 1.00000000
vn 0.00000100 0.00000000 1.00000000
vn 0.00001100 0.00000000 1.00000000
vn 0.00000000 0.00000000 1.00000000
vn 0.00000000 0.00000000 1.00000000
vn 0.00000000 0.00000000 1.00000000
vn 0.00000000 0.00000000 1.00000000
vn 0.00000000 0.00000000 1.00000000
vn -0.00000200 -0.00000000 1.00000000
vn 0.00000000 0.00000000 1.00000000
vn -0.00000200 -0.00000000 1.00000000
vn 0.00000000 0.00000000 1.00000000
vn -0.00000100 -0.00000000 1.00000000
vn -0.00000100 -0.00000000 1.00000000
vn -0.00000200 -0.00000000 1.00000000
vn 0.00000400 0.00000000 1.00000000
vn 0.00000400 0.00000000 1.00000000
vn -0.00000100 -0.00000000 1.00000000
vn -0.00000100 -0.00000000 1.00000000
vn -0.00000100 -0.00000000 1.00000000
vn 0.00000000 0.00000000 1.00000000
vn 0.00000400 0.00000000 1.00000000
vn 0.00000000 0.00000000 1.00000000
vn 0.00000800 0.00000000 1.00000000
vn 0.00000000 0.00000000 1.00000000
vn 0.00000000 0.00000000 1.00000000
vn 0.00000100 0.00000000 1.00000000
vn 0.00000000 0.00000000 1.00000000
vn 0.00000000 0.00000000 1.00000000
vn 0.00001100 0.00000000 1.00000000
vn 0.00000000 0.00000000 1.00000000
vn -0.00000100 -0.00000000 1.00000000
vn -0.00000100 -0.00000000 1.00000000
vn 0.00001100 0.00000000 1.00000000
vn -0.00000000 -0.00000000 1.00000000
vn -0.00000100 -0.00000000 1.00000000
vn -0.00000000 -0.00000000 1.00000000
vn 0.00000200 0.00000000 1.00000000
vn -0.00000600 -0.00000000 1.00000000
vn -0.00000100 -0.00000000 1.00000000
vn 0.00000000 0.00000000 1.00000000
vn 0.00000000 0.00000000 1.00000000
vn 0.00000500 0.00000000 1.00000000
vn 0.00000000 0.00000000 1.00000000
vn -0.00000300 -0.00000000 1.00000000
vn -0.00000100 -0.00000000 1.00000000
vn 0.00000000 0.00000000 1.00000000
vn 0.00000000 0.00000000 1.00000000
vn -0.00000100 -0.00000000 1.00000000
vn 0.00000000 0.00000000 1.00000000
vn -0.00000100 -0.00000000 1.00000000
vn 0.00000000 0.00000000 1.00000000
vn 0.00000100 0.00000000 1.00000000
vn 0.00000000 0.00000000 1.00000000
vn 0.00000000 0.00000000 1.00000000
vn 0.00000100 0.00000000 1.00000000
vn 0.00000000 0.00000000 1.00000000
vn 0.00000000 0.00000000 1.00000000
vn 0.00000300 0.00000000 1.00000000
vn 0.00000000 0.00000000 1.00000000
vn 0.00000300 0.00000000 1.00000000
vn 0.00000000 0.00000000 1.00000000
vn -0.00000100 -0.00000000 1.00000000
vn 0.00000300 0.00000000 1.00000000
vn 0.00000000 0.00000000 1.00000000
vn -0.00000100 -0.00000000 1.00000000
vn -0.00000100 -0.00000000 1.00000000
vn 0.00000000 0.00000000 1.00000000
vn 0.00000100 0.00000000 1.00000000
vn 0.00000000 0.00000000 1.00000000
vn -0.00000000 -0.00000000 1.00000000
vn 0.00000000 0.00000000 1.00000000
vn 0.00000100 0.00000000 1.00000000
vn 0.00000100 0.00000000 1.00000000
vn -0.00000200 -0.00000000 1.00000000
vn 0.00000100 0.00000000 1.00000000
vn -0.00000000 -0.00000000 1.00000000
vn 0.00000200 0.00000000 1.00000000
vn 0.00000200 0.00000000 1.00000000
vn 0.00000000 0.00000000 1.00000000
vn 0.00000000 0.00000000 1.00000000
vn -0.00000000 -0.00000000 1.00000000
vn -0.00000000 -0.00000000 1.00000000
vn 0.00000000 0.00000000 1.00000000
vn 0.00000000 0.00000000 1.00000000
vn -0.00000200 -0.00000000 1.00000000
vn 0.00000000 0.00000000 1.00000000
vn 0.00000100 0.00000000 1.00000000
vn 0.00000100 0.00000000 1.00000000
vn 0.00000100 0.00000000 1.00000000
vn -0.00000000 -0.00000000 1.00000000
vn 0.00000000 0.00000000 1.00000000
vn -0.00000600 -0.00000000 1.00000000
vn 0.00000500 0.00000000 1.00000000
vn 0.00000000 0.00000000 1.00000000
vn -0.00000600 -0.00000000 1.00000000
vn 0.00000000 0.00000000 1.00000000
vn 0.00000500 0.00000000 1.00000000
vn -0.00000300 -0.00000000 1.00000000
vn 0.00000100 0.00000000 1.00000000
vn 0.00000000 0.00000000 1.00000000
vn -0.00000300 -0.00000000 1.00000000
vn -0.00000200 -0.00000000 1.00000000
vn 0.00000100 0.00000000 1.00000000
vn 0.00000000 0.00000000 1.00000000
vn 0.00000000 0.00000000 1.00000000
vn -0.00000200 -0.00000000 1.00000000
vn 0.00000000 0.00000000 1.00000000
vn -0.00000100 -0.00000000 1.00000000
vn 0.00000000 0.00000000 1.00000000
vn -0.00000100 -0.00000000 1.00000000
vn -0.00000100 -0.00000000 1.00000000
vn 0.00000000 0.00000000 1.00000000
vn -0.00000100 -0.00000000 1.00000000
vn -0.00000100 -0.00000000 1.00000000
vn 0.00000000 0.00000000 1.00000000
vn 0.00000000 0.00000000 1.00000000
vn -0.00000100 -0.00000000 1.00000000
vn 0.00000100 0.00000000 1.00000000
vn 0.00000100 0.00000000 1.00000000
vn 0.00000100 0.00000000 1.00000000
vn 0.00000000 0.00000000 1.00000000
vn -0.00000500 -0.00000000 1.00000000
vn -0.00000000 -0.00000000 1.00000000
vn 0.00000000 0.00000000 1.00000000
vn -0.00000000 -0.00000000 1.00000000
vn -0.00000000 -0.00000000 1.00000000
vn 0.00000000 0.00000000 1.00000000
vn -0.00000100 -0.00000000 1.00000000
vn -0.00001100 -0.00000000 1.00000000
vn -0.00000100 -0.00000000 1.00000000
vn 0.00000000 0.00000000 1.00000000
vn -0.00000100 -0.00000000 1.00000000
vn 0.00000000 0.00000000 1.00000000
vn 0.00000000 0.00000000 1.00000000
vn -0.00001100 -0.00000000 1.00000000
vn -0.00000100 -0.00000000 1.00000000
vn 0.00000000 0.00000000 1.00000000
vn 0.00000000 0.00000000 1.00000000
vn -0.00000300 -0.00000000 1.00000000
vn -0.00000300 -0.00000000 1.00000000
vn 0.00000000 0.00000000 1.00000000
vn 0.00000300 0.00000000 1.00000000
vn -0.00000100 -0.00000000 1.00000000
vn 0.00000300 0.00000000 1.00000000
vn -0.00000200 -0.00000000 1.00000000
vn 0.00000000 0.00000000 1.00000000
vn 0.00000000 0.00000000 1.00000000
vn 0.00000300 0.00000000 1.00000000
vn -0.00000200 -0.00000000 1.00000000
vn -0.00000100 -0.00000000 1.00000000
vn 0.00000300 0.00000000 1.00000000
vn 0.70707400 0.70713900 0.00000000
vn 0.70707400 0.70713900 0.00000000
vn 0.70707500 0.70713900 0.00000000
vn 0.70707400 0.70713900 0.00000000
vn 0.70707500 0.70713900 0.00000000
vn 0.70707500 0.70713900 0.00000000
vn 0.25888500 0.96590800 0.00000000
vn 0.25888600 0.96590800 0.00000000
vn 0.25888500 0.96590800 0.00000000
vn 0.25888500 0.96590800 0.00000000
vn 0.25888600 0.96590800 0.00000000
vn 0.25888600 0.96590800 0.00000000
vn -0.25886900 0.96591300 0.00000000
vn -0.25886900 0.96591300 0.00000000
vn -0.25886900 0.96591200 0.00000000
vn -0.25886900 0.96591300 0.00000000
vn -0.25886900 0.96591200 0.00000000
vn -0.25886900 0.96591200 0.00000000
vn -0.70710200 0.70711100 0.00000000
vn -0.70710200 0.70711100 0.00000000
vn -0.70710300 0.70711100 0.00000000
vn -0.70710200 0.70711100 0.00000000
vn -0.70710300 0.70711100 0.00000000
vn -0.70710300 0.70711100 0.00000000
vn -0.96591500 0.25885900 0.00000000
vn -0.96593100 0.25879900 -0.00001400
vn -0.96591500 0.25885900 0.00000000
vn -0.96593100 0.25879900 -0.00001400
vn -0.96591500 0.25885900 0.00000000
vn -0.96593100 0.25879900 -0.00001400
vn -0.96591000 -0.25887800 -0.00001400
vn -0.96591000 -0.25887800 -0.00001400
vn -0.96592700 -0.25881400 0.00000000
vn -0.96591000 -0.25887800 -0.00001400
vn -0.96592700 -0.25881400 0.00000000
vn -0.96592700 -0.25881400 0.00000000
vn -0.70713600 -0.70707700 0.00000000
vn -0.70713600 -0.70707700 0.00000000
vn -0.70713600 -0.70707700 0.00000000
vn -0.70713600 -0.70707700 0.00000000
vn -0.25880600 -0.96592900 0.00000000
vn -0.25880500 -0.96593000 0.00000000
vn -0.25880600 -0.96592900 0.00000000
vn -0.25880600 -0.96592900 0.00000000
vn -0.25880500 -0.96593000 0.00000000
vn -0.25880500 -0.96593000 0.00000000
vn 0.25882300 -0.96592500 0.00000000
vn 0.25882300 -0.96592500 0.00000000
vn 0.25882300 -0.96592500 0.00000000
vn 0.25882300 -0.96592500 0.00000000
vn 0.25882300 -0.96592500 0.00000000
vn 0.25882300 -0.96592500 0.00000000
vn 0.70710800 -0.70710500 0.00000000
vn 0.70710800 -0.70710500 0.00000000
vn 0.70710800 -0.70710500 0.00000000
vn 0.70710800 -0.70710500 0.00000000
vn 0.96592500 -0.25882400 0.00000000
vn 0.96592500 -0.25882400 0.00000000
vn 0.96592500 -0.25882200 0.00000000
vn 0.96592500 -0.25882400 0.00000000
vn 0.96592500 -0.25882200 0.00000000
vn 0.96592500 -0.25882200 0.00000000
vn 0.96592900 0.25880500 0.00000000
vn 0.96592900 0.25880500 0.00000000
vn 0.96592900 0.25880700 0.00000000
vn 0.96592900 0.25880500 0.00000000
vn 0.96592900 0.25880700 0.00000000
vn 0.96592900 0.25880700 0.00000000
vn 0.70710800 0.70710500 0.00000000
vn 0.70710800 0.70710500 0.00000000
vn 0.70710800 0.70710500 0.00000000
vn 0.70710800 0.70710500 0.00000000
vn 0.25882200 0.96592500 0.00000000
vn 0.25882200 0.96592500 0.00000000
vn 0.25882300 0.96592500 0.00000000
vn 0.25882200 0.96592500 0.00000000
vn 0.25882300 0.96592500 0.00000000
vn 0.25882300 0.96592500 0.00000000
vn -0.25880500 0.96592900 0.00000000
vn -0.25880600 0.96592900 0.00000000
vn -0.25880500 0.96592900 0.00000000
vn -0.25880600 0.96592900 0.00000000
vn -0.25880500 0.96592900 0.00000000
vn -0.25880600 0.96592900 0.00000000
vn -0.70713600 0.70707700 0.00000000
vn -0.70713600 0.70707700 0.00000000
vn -0.70713600 0.70707700 0.00000000
vn -0.70713600 0.70707700 0.00000000
vn -0.96591100 0.25887600 0.00000000
vn -0.96592700 0.25881600 -0.00001400
vn -0.96591100 0.25887600 0.00000000
vn -0.96592700 0.25881600 -0.00001400
vn -0.96591100 0.25887600 0.00000000
vn -0.96592700 0.25881600 -0.00001400
vn -0.96591400 -0.25886100 -0.00001400
vn -0.96591400 -0.25886100 -0.00001400
vn -0.96593200 -0.25879800 0.00000000
vn -0.96591400 -0.25886100 -0.00001400
vn -0.96593200 -0.25879800 0.00000000
vn -0.96593200 -0.25879800 0.00000000
vn -0.70710200 -0.70711200 0.00000000
vn -0.70710300 -0.70711100 0.00000000
vn -0.70710200 -0.70711200 0.00000000
vn -0.70710200 -0.70711200 0.00000000
vn -0.70710300 -0.70711100 0.00000000
vn -0.70710300 -0.70711100 0.00000000
vn -0.25886900 -0.96591200 0.00000000
vn -0.25886900 -0.96591200 0.00000000
vn -0.25886800 -0.96591300 0.00000000
vn -0.25886900 -0.96591200 0.00000000
vn -0.25886800 -0.96591300 0.00000000
vn -0.25886800 -0.96591300 0.00000000
vn 0.25888600 -0.96590800 0.00000000
vn 0.25888600 -0.96590800 0.00000000
vn 0.25888500 -0.96590800 0.00000000
vn 0.25888600 -0.96590800 0.00000000
vn 0.25888500 -0.96590800 0.00000000
vn 0.25888500 -0.96590800 0.00000000
vn 0.70707400 -0.70713900 0.00000000
vn 0.70707400 -0.70713900 0.00000000
vn 0.70707500 -0.70713900 0.00000000
vn 0.70707400 -0.70713900 0.00000000
vn 0.70707500 -0.70713900 0.00000000
vn 0.70707500 -0.70713900 0.00000000
vn 0.96592900 -0.25880700 0.00000000
vn 0.96592900 -0.25880700 0.00000000
vn 0.96593000 -0.25880500 0.00000000
vn 0.96593000 -0.25880500 0.00000000
vn 0.96592900 -0.25880700 0.00000000
vn 0.96593000 -0.25880500 0.00000000
vn 0.96592500 0.25882200 0.00000000
vn 0.96592500 0.25882200 0.00000000
vn 0.96592500 0.25882400 0.00000000
vn 0.96592500 0.25882200 0.00000000
vn 0.96592500 0.25882400 0.00000000
vn 0.96592500 0.25882400 0.00000000
vn 0.70709300 0.70712100 0.00000000
vn 0.70709300 0.70712100 0.00000000
vn 0.70709500 0.70711900 0.00000100
vn 0.70709300 0.70712100 0.00000000
vn 0.70709500 0.70711900 0.00000100
vn 0.70709500 0.70711900 0.00000100
vn 0.25881200 0.96592800 0.00000100
vn 0.25881200 0.96592800 0.00000100
vn 0.25881100 0.96592800 0.00000000
vn 0.25881100 0.96592800 0.00000000
vn 0.25881200 0.96592800 0.00000100
vn 0.25881100 0.96592800 0.00000000
vn -0.25881000 0.96592800 0.00000000
vn -0.25881200 0.96592800 -0.00000100
vn -0.25881000 0.96592800 0.00000000
vn -0.25881000 0.96592800 0.00000000
vn -0.25881200 0.96592800 -0.00000100
vn -0.25881200 0.96592800 -0.00000100
vn -0.70709600 0.70711700 -0.00000100
vn -0.70709600 0.70711700 -0.00000100
vn -0.70709300 0.70712100 0.00000000
vn -0.70709300 0.70712100 0.00000000
vn -0.70709600 0.70711700 -0.00000100
vn -0.70709300 0.70712100 0.00000000
vn -0.96592900 0.25880600 0.00000000
vn -0.96592900 0.25880600 0.00000000
vn -0.96592900 0.25880600 0.00000000
vn -0.96592900 0.25880600 0.00000000
vn -0.96592900 0.25880600 0.00000000
vn -0.96592900 0.25880600 0.00000000
vn -0.96592900 -0.25880600 0.00000000
vn -0.96592900 -0.25880600 0.00000000
vn -0.96592900 -0.25880600 0.00000000
vn -0.96592900 -0.25880600 0.00000000
vn -0.96592900 -0.25880600 0.00000000
vn -0.96592900 -0.25880600 0.00000000
vn -0.70709500 -0.70711800 0.00000000
vn -0.70709500 -0.70711800 0.00000000
vn -0.70709300 -0.70712100 -0.00000100
vn -0.70709300 -0.70712100 -0.00000100
vn -0.70709500 -0.70711800 0.00000000
vn -0.70709300 -0.70712100 -0.00000100
vn -0.25881000 -0.96592800 0.00000000
vn -0.25881000 -0.96592800 0.00000000
vn -0.25881100 -0.96592800 0.00000000
vn -0.25881100 -0.96592800 0.00000000
vn -0.25881000 -0.96592800 0.00000000
vn -0.25881100 -0.96592800 0.00000000
vn 0.25881200 -0.96592800 0.00000000
vn 0.25881100 -0.96592800 0.00000000
vn 0.25881200 -0.96592800 0.00000000
vn 0.25881200 -0.96592800 0.00000000
vn 0.25881100 -0.96592800 0.00000000
vn 0.25881100 -0.96592800 0.00000000
vn 0.70709200 -0.70712200 0.00000100
vn 0.70709200 -0.70712200 0.00000100
vn 0.70709500 -0.70711900 0.00000000
vn 0.70709500 -0.70711900 0.00000000
vn 0.70709200 -0.70712200 0.00000100
vn 0.70709500 -0.70711900 0.00000000
vn 0.96592900 -0.25880600 0.00000000
vn 0.96592900 -0.25880600 0.00000000
vn 0.96592900 -0.25880600 0.00000000
vn 0.96592900 -0.25880600 0.00000000
vn 0.96592900 -0.25880600 0.00000000
vn 0.96592900 -0.25880600 0.00000000
vn 0.96592900 0.25880600 0.00000000
vn 0.96592900 0.25880600 0.00000000
vn 0.96592900 0.25880600 0.00000000
vn 0.96592900 0.25880600 0.00000000
vn 0.96592900 0.25880600 0.00000000
vn 0.96592900 0.25880600 0.00000000
vn 0.70713600 0.70707700 0.00000000
vn 0.70713600 0.70707700 0.00000000
vn 0.70713600 0.70707700 0.00000000
vn 0.70713600 0.70707700 0.00000000
vn 0.25880600 0.96592900 0.00000000
vn 0.25880600 0.96592900 0.00000000
vn 0.25880500 0.96593000 0.00000000
vn 0.25880600 0.96592900 0.00000000
vn 0.25880500 0.96593000 0.00000000
vn 0.25880500 0.96593000 0.00000000
vn -0.25882300 0.96592500 0.00000000
vn -0.25882300 0.96592500 0.00000000
vn -0.25882300 0.96592500 0.00000000
vn -0.25882300 0.96592500 0.00000000
vn -0.25882300 0.96592500 0.00000000
vn -0.25882300 0.96592500 0.00000000
vn -0.70710800 0.70710500 0.00000000
vn -0.70710800 0.70710500 0.00000000
vn -0.70710800 0.70710500 0.00000000
vn -0.70710800 0.70710500 0.00000000
vn -0.96592500 0.25882400 0.00000000
vn -0.96592500 0.25882400 0.00000000
vn -0.96592500 0.25882200 0.00000000
vn -0.96592500 0.25882400 0.00000000
vn -0.96592500 0.25882200 0.00000000
vn -0.96592500 0.25882200 0.00000000
vn -0.96592900 -0.25880500 0.00000000
vn -0.96592900 -0.25880500 0.00000000
vn -0.96592900 -0.25880700 0.00000000
vn -0.96592900 -0.25880500 0.00000000
vn -0.96592900 -0.25880700 0.00000000
vn -0.96592900 -0.25880700 0.00000000
vn -0.70707400 -0.70713900 0.00000000
vn -0.70707400 -0.70713900 0.00000000
vn -0.70707500 -0.70713900 0.00000000
vn -0.70707400 -0.70713900 0.00000000
vn -0.70707500 -0.70713900 0.00000000
vn -0.70707500 -0.70713900 0.00000000
vn -0.25888500 -0.96590800 0.00000000
vn -0.25888500 -0.96590800 0.00000000
vn -0.25888600 -0.96590800 0.00000000
vn -0.25888600 -0.96590800 0.00000000
vn -0.25888500 -0.96590800 0.00000000
vn -0.25888600 -0.96590800 0.00000000
vn 0.25886900 -0.96591300 0.00000000
vn 0.25886900 -0.96591300 0.00000000
vn 0.25886900 -0.96591200 0.00000000
vn 0.25886900 -0.96591300 0.00000000
vn 0.25886900 -0.96591200 0.00000000
vn 0.25886900 -0.96591200 0.00000000
vn 0.70710200 -0.70711100 0.00000000
vn 0.70710300 -0.70711100 0.00000000
vn 0.70710200 -0.70711100 0.00000000
vn 0.70710300 -0.70711100 0.00000000
vn 0.70710200 -0.70711100 0.00000000
vn 0.70710300 -0.70711100 0.00000000
vn 0.96591500 -0.25885900 0.00000000
vn 0.96591500 -0.25885900 0.00000000
vn 0.96591400 -0.25886300 0.00000000
vn 0.96591400 -0.25886300 0.00000000
vn 0.96591500 -0.25885900 0.00000000
vn 0.96591400 -0.25886300 0.00000000
vn 0.96591000 0.25888000 0.00000000
vn 0.96591100 0.25887600 0.00000000
vn 0.96591000 0.25888000 0.00000000
vn 0.96591100 0.25887600 0.00000000
vn 0.96591000 0.25888000 0.00000000
vn 0.96591100 0.25887600 0.00000000
vn 0.70710200 0.70711200 0.00000000
vn 0.70710300 0.70711100 0.00000000
vn 0.70710200 0.70711200 0.00000000
vn 0.70710300 0.70711100 0.00000000
vn 0.70710200 0.70711200 0.00000000
vn 0.70710300 0.70711100 0.00000000
vn 0.25886900 0.96591200 0.00000000
vn 0.25886800 0.96591300 0.00000000
vn 0.25886900 0.96591200 0.00000000
vn 0.25886800 0.96591300 0.00000000
vn 0.25886900 0.96591200 0.00000000
vn 0.25886800 0.96591300 0.00000000
vn -0.25888600 0.96590800 0.00000000
vn -0.25888500 0.96590800 0.00000000
vn -0.25888600 0.96590800 0.00000000
vn -0.25888600 0.96590800 0.00000000
vn -0.25888500 0.96590800 0.00000000
vn -0.25888500 0.96590800 0.00000000
vn -0.70707400 0.70713900 0.00000000
vn -0.70707500 0.70713900 0.00000000
vn -0.70707400 0.70713900 0.00000000
vn -0.70707400 0.70713900 0.00000000
vn -0.70707500 0.70713900 0.00000000
vn -0.70707500 0.70713900 0.00000000
vn -0.96592900 0.25880700 0.00000000
vn -0.96593000 0.25880500 0.00000000
vn -0.96592900 0.25880700 0.00000000
vn -0.96593000 0.25880500 0.00000000
vn -0.96592900 0.25880700 0.00000000
vn -0.96593000 0.25880500 0.00000000
vn -0.96592500 -0.25882200 0.00000000
vn -0.96592500 -0.25882400 0.00000000
vn -0.96592500 -0.25882200 0.00000000
vn -0.96592500 -0.25882200 0.00000000
vn -0.96592500 -0.25882400 0.00000000
vn -0.96592500 -0.25882400 0.00000000
vn -0.70710800 -0.70710500 0.00000000
vn -0.70710800 -0.70710500 0.00000000
vn -0.70710800 -0.70710500 0.00000000
vn -0.70710800 -0.70710500 0.00000000
vn -0.25882200 -0.96592500 0.00000000
vn -0.25882300 -0.96592500 0.00000000
vn -0.25882200 -0.96592500 0.00000000
vn -0.25882300 -0.96592500 0.00000000
vn -0.25882200 -0.96592500 0.00000000
vn -0.25882300 -0.96592500 0.00000000
vn 0.25880500 -0.96592900 0.00000000
vn 0.25880500 -0.96592900 0.00000000
vn 0.25880600 -0.96592900 0.00000000
vn 0.25880500 -0.96592900 0.00000000
vn 0.25880600 -0.96592900 0.00000000
vn 0.25880600 -0.96592900 0.00000000
vn 0.70713600 -0.70707700 0.00000000
vn 0.70713600 -0.70707700 0.00000000
vn 0.70713600 -0.70707700 0.00000000
vn 0.70713600 -0.70707700 0.00000000
vn 0.96591100 -0.25887600 0.00000000
vn 0.96591000 -0.25888000 0.00000000
vn 0.96591100 -0.25887600 0.00000000
vn 0.96591100 -0.25887600 0.00000000
vn 0.96591000 -0.25888000 0.00000000
vn 0.96591000 -0.25888000 0.00000000
vn 0.96591400 0.25886300 0.00000000
vn 0.96591400 0.25886300 0.00000000
vn 0.96591500 0.25885900 0.00000000
vn 0.96591400 0.25886300 0.00000000
vn 0.96591500 0.25885900 0.00000000
vn 0.96591500 0.25885900 0.00000000
vn -0.00000000 1.00000000 -0.00000500
vn -0.00000000 1.00000000 0.00000000
vn -0.00000000 1.00000000 0.00000200
vn -0.00000000 1.00000000 -0.00000100
vn -0.00000000 1.00000000 0.00000000
vn -0.00000000 1.00000000 0.00000000
vn -0.00000000 1.00000000 -0.00000100
vn -0.00000000 1.00000000 -0.00000100
vn -0.00000000 1.00000000 0.00000000
vn -0.00000000 1.00000000 -0.00000100
vn -0.00000000 1.00000000 -0.00000100
vn -0.00000000 1.00000000 -0.00000100
vn -0.00000000 1.00000000 -0.00000100
vn -0.00000000 1.00000000 0.00000000
vn -0.00000000 1.00000000 0.00000000
vn -0.00000000 1.00000000 -0.00000100
vn -0.00000000 1.00000000 0.00000100
vn -0.00000000 1.00000000 -0.00000700
vn -0.00000000 1.00000000 0.00000000
vn 0.02451100 0.99970000 0.00000200
vn -0.00000000 1.00000000 0.00000000
vn -0.00000000 1.00000000 -0.00000500
vn -0.00000000 1.00000000 0.00000100
vn -0.05683000 0.99671700 0.05766000
vn -0.00000000 1.00000000 0.00000100
vn -0.00000000 1.00000000 -0.00000100
vn -0.00000000 1.00000000 0.00000000
vn -0.00000000 1.00000000 0.00000000
vn -0.00000000 1.00000000 0.00000000
vn -0.00000000 1.00000000 -0.00000100
vn -0.00000000 1.00000000 0.00000000
vn -0.00000000 1.00000000 0.00001600
vn -0.00000000 1.00000000 0.00000000
vn -0.00000000 1.00000000 0.00000000
vn -0.00000000 1.00000000 0.00000000
vn -0.00000000 1.00000000 -0.00000200
vn -0.00000000 1.00000000 0.00000000
vn -0.00000000 1.00000000 0.00000000
vn -0.00000000 1.00000000 0.00000000
vn -0.00000000 1.00000000 -0.00000200
vn -0.00000000 1.00000000 -0.00000200
vn -0.00000000 1.00000000 0.00000000
vn -0.00000000 1.00000000 0.00000000
vn -0.00000000 1.00000000 0.00000000
vn -0.00000000 1.00000000 0.00000000
vn -0.00000000 1.00000000 0.00000100
vn -0.00000000 1.00000000 0.00000100
vn -0.00000000 1.00000000 0.00000100
vn -0.00000000 1.00000000 0.00000000
vn -0.00000000 1.00000000 0.00000100
vn -0.00000000 1.00000000 -0.00000300
vn -0.00000000 1.00000000 -0.00000100
vn -0.00000000 1.00000000 0.00000100
vn -0.00000000 1.00000000 -0.00000100
vn -0.00000000 1.00000000 -0.00000800
vn -0.00000000 1.00000000 0.00000000
vn -0.00000000 1.00000000 0.00000000
vn -0.02828300 0.99826000 0.05174500
vn -0.00000000 1.00000000 0.00000000
vn -0.02014200 0.99919700 0.03464300
vn -0.10744800 0.99420900 0.00193900
vn -0.00000000 1.00000000 0.00000200
vn -0.00000000 1.00000000 -0.00000500
vn -0.00000000 1.00000000 0.00000000
vn -0.00000000 1.00000000 0.00000200
vn -0.00000000 1.00000000 0.00000000
vn -0.00000000 1.00000000 0.00000100
vn -0.00000000 1.00000000 0.00000000
vn -0.00000000 1.00000000 0.00000100
vn -0.00000000 1.00000000 0.00000000
vn -0.00000000 1.00000000 0.00000100
vn -0.00000000 1.00000000 0.00000000
vn -0.00000000 1.00000000 0.00000000
vn -0.00000000 1.00000000 0.00000000
vn -0.00000000 1.00000000 0.00000000
vn -0.00000000 1.00000000 -0.00000800
vn -0.00000000 1.00000000 0.00000000
vn -0.00000000 1.00000000 0.00000000
vn -0.00000000 1.00000000 -0.00000800
vn -0.00000000 1.00000000 0.00000000
vn -0.00000000 1.00000000 -0.00000100
vn -0.00000000 1.00000000 0.00000000
vn -0.00000000 1.00000000 0.00000100
vn -0.03785000 0.99518400 0.09042300
vn -0.00000000 1.00000000 0.00000300
vn -0.00000000 1.00000000 0.00000300
vn -0.40025600 0.07253100 0.91352800
vn -0.47286100 -0.08853600 0.87667800
vn -0.46576900 0.06459400 0.88254600
vn -0.51643400 -0.08247100 0.85234700
vn -0.51146600 -0.00153800 0.85930200
vn -0.55233100 -0.09115200 0.82862600
vn -0.58392700 -0.08003400 0.80785100
vn -0.60664500 -0.04329200 0.79379300
vn -0.51503900 0.08306300 0.85313300
vn -0.52787200 0.12715300 0.83975200
vn -0.64748200 -0.06534300 0.75927400
vn -0.66436500 -0.05568900 0.74533000
vn -0.67576300 -0.04813000 0.73554600
vn -0.68382400 -0.03465700 0.72882300
vn -0.67043600 -0.01176000 0.74187400
vn -0.60574700 -0.00774900 0.79562000
vn -0.59404100 -0.00248900 0.80443100
vn -0.57926300 0.00387800 0.81513200
vn -0.66963900 -0.03397100 0.74190900
vn -0.63842300 -0.02198800 0.76937100
vn -0.63385600 -0.02027600 0.77318500
vn -0.62690400 -0.01706700 0.77891000
vn -0.61746000 -0.01236600 0.78650500
vn -0.35682200 0.12708600 0.92548800
vn -0.40070100 -0.04250900 0.91522200
vn -0.34270800 0.09879300 0.93423300
vn -0.36811200 -0.12816200 0.92090600
vn -0.43470400 -0.11849900 0.89274300
vn -1.00000000 0.00000200 0.00000000
vn -1.00000000 -0.00000000 0.00000000
vn -1.00000000 -0.00000100 0.00000000
vn -1.00000000 0.00000000 0.00000000
vn -1.00000000 -0.00000000 0.00000000
vn -1.00000000 0.00000200 0.00000000
vn -1.00000000 -0.00000000 0.00000000
vn -1.00000000 0.00000200 0.00000000
vn -1.00000000 -0.00021800 -0.00042700
vn -1.00000000 -0.00021300 -0.00042900
vn -1.00000000 -0.00015300 -0.00029900
vn -1.00000000 -0.00021400 -0.00042900
vn -1.00000000 -0.00015300 -0.00029900
vn -1.00000000 -0.00015300 -0.00029900
vn -0.99999900 -0.00064500 -0.00139200
vn -1.00000000 -0.00000100 0.00000000
vn -1.00000000 0.00000100 0.00000000
vn -0.99363100 -0.08801000 0.07037100
vn -1.00000000 0.00000000 0.00000000
vn -0.99690200 -0.07840600 0.00624400
vn -1.00000000 0.00000100 0.00000000
vn -0.99517600 -0.09473300 0.02551300
vn -1.00000000 0.00000100 0.00000000
vn -0.99515300 -0.08421300 0.05077500
vn -1.00000000 -0.00000000 0.00000000
vn -1.00000000 -0.00006800 0.00000000
vn -0.99911800 -0.00042900 0.04199100
vn -1.00000000 0.00000000 0.00000000
vn -1.00000000 0.00000200 0.00000000
vn -1.00000000 0.00002600 0.00000000
vn -1.00000000 0.00002200 0.00000000
vn -1.00000000 -0.00000300 0.00000000
vn -1.00000000 -0.00000900 0.00000000
vn -1.00000000 -0.00000000 0.00000000
vn -1.00000000 0.00000500 0.00000000
vn -1.00000000 -0.00000100 0.00000000
vn -1.00000000 -0.00000000 0.00000000
vn -1.00000000 -0.00000100 0.00000000
vn -1.00000000 -0.00000100 0.00000000
vn -1.00000000 -0.00000100 0.00000000
vn -1.00000000 -0.00000100 0.00000000
vn -0.06884600 0.04871600 0.99643700
vn -0.02725800 0.03912500 0.99886200
vn -0.01752900 -0.02529900 0.99952600
vn 0.12426700 0.07474500 0.98943000
vn 0.13037200 0.00616100 0.99144600
vn 0.15587800 -0.01474100 0.98766600
vn 0.13382800 -0.07119300 0.98844400
vn -0.11186400 -0.00308300 0.99371900
vn 0.00000100 0.00000000 1.00000000
vn -0.13037000 0.00711400 0.99144000
vn -0.00000100 -0.00000000 1.00000000
vn -0.12933600 0.01775000 0.99144200
vn 0.00000000 0.00000000 1.00000000
vn -0.10922400 0.02422800 0.99372200
vn -0.00000100 -0.00000000 1.00000000
vn -0.00000100 -0.00000000 1.00000000
vn 0.00000000 0.00000000 1.00000000
vn -0.05373700 -0.01506700 0.99844100
vn 0.00000000 0.00000000 1.00000000
vn 0.00000000 0.00000000 1.00000000
vn -0.15371300 -0.02978500 0.98766600
vn -0.14184000 -0.06629700 0.98766700
vn -0.13591800 -0.07767400 0.98767000
vn 0.00000100 0.00000000 1.00000000
vn 0.00000000 0.00000000 1.00000000
vn -0.00004700 -0.00000000 1.00000000
vn -0.00001300 -0.00000000 1.00000000
vn -0.12931500 0.09349600 0.98718600
vn -0.12728400 0.09122100 0.98766300
vn -0.13379900 0.08130400 0.98766800
vn -0.13998500 0.07007300 0.98767100
vn -0.14682200 -0.05448400 0.98766100
vn -0.12911300 -0.08854100 0.98766900
vn 0.00000100 0.00000000 1.00000000
vn -0.11603600 -0.08285200 0.98978300
vn -0.07413500 -0.05970900 0.99545900
vn -0.12975900 -0.01429400 0.99144300
vn -0.08515900 -0.06027000 0.99454300
vn -0.16573900 -0.11805500 0.97907800
vn -0.14528300 0.05839600 0.98766500
vn -0.14960200 0.04630900 0.98766100
vn 0.00000100 0.00000000 1.00000000
vn -0.09447500 0.09496200 0.99098800
vn -0.06912600 0.04826000 0.99644000
vn 0.96207700 -0.00470900 0.27273600
vn 0.95996700 0.02752600 0.27875600
vn 0.97067300 0.00196700 0.24039400
vn 0.96124500 0.08466700 0.26237200
vn 0.97870700 0.07920200 0.18936400
vn 0.98907600 0.06468100 0.13245500
vn 0.97688400 0.06009800 0.20515000
vn 0.96357000 -0.00083600 0.26745500
vn 0.96394200 0.00342800 0.26608900
vn 0.95770700 -0.04158600 0.28472600
vn 0.97478000 -0.00412100 0.22313100
vn 0.97612800 -0.05009800 0.21134100
vn 0.99012200 -0.07618900 0.11770300
vn 0.98437300 -0.07592600 0.15888800
vn 0.97270400 -0.07592000 0.21927600
vn 0.96051000 -0.06764400 0.26989900
vn 0.93695100 0.05974600 0.34431600
vn 0.90117500 -0.00052100 0.43345600
vn 0.92003600 0.07345600 0.38488700
vn 0.93654600 -0.07037300 0.34340800
vn 0.92468600 -0.07002600 0.37423500
vn 0.90209400 -0.06656600 0.42637500
vn 0.87295300 -0.06617300 0.48329500
vn 0.84860600 -0.04475000 0.52712900
vn 0.82144300 -0.05962600 0.56716600
vn 0.76920900 0.00113600 0.63899600
vn 0.86130900 0.04944000 0.50567000
vn 0.89380200 0.07292600 0.44249300
vn 0.71645200 0.03596400 0.69670900
vn 0.76483400 0.06024700 0.64140400
vn 0.79989700 0.06235800 0.59688900
vn 0.83300500 0.06495100 0.54944000
vn 0.61640900 -0.03168100 0.78678800
vn 0.59196600 -0.02647400 0.80552800
vn 0.55328000 0.00231800 0.83299200
vn 0.64749100 -0.03727500 0.76116100
vn 0.78963700 -0.05555800 0.61105300
vn 0.75249300 -0.04351600 0.65716100
vn 0.70034100 -0.03956300 0.71271200
vn 0.68283900 -0.04324500 0.72928800
vn 0.57453000 -0.02098000 0.81821400
vn 0.56291500 -0.01433800 0.82639100
vn 0.55940300 -0.00680800 0.82886800
vn 0.60990600 0.03260200 0.79180300
vn 0.63596100 0.03790800 0.77079000
vn 0.67373500 0.04572700 0.73755700
vn 0.71007800 0.05491600 0.70197800
vn 0.49819400 -0.00068400 0.86706500
vn 0.56515900 0.00428500 0.82497100
vn 0.57334400 0.01245000 0.81922000
vn 0.58418000 0.02131700 0.81134400
vn 0.59525600 0.02799000 0.80304900
vn 0.33210500 -0.12261900 0.93523800
vn 0.16998100 0.11255400 0.97899900
vn 0.38613800 0.11123100 0.91571000
vn -0.02347000 -0.08446300 0.99615000
vn -0.31835400 -0.00247600 0.94796900
vn -0.14314800 -0.10828700 0.98375900
vn -0.25121700 -0.11602100 0.96095200
vn -0.38613100 -0.11123900 0.91571200
vn 0.79251900 -0.59868200 0.11616100
vn 0.85667600 -0.51458600 0.03615800
vn 0.87473700 -0.46753300 0.12746900
vn 0.96321700 -0.16533700 0.21184300
vn 0.92645000 -0.32704300 0.18636600
vn 0.96216000 -0.26310900 0.07087100
vn 0.91486700 0.35977600 0.18324600
vn 0.95623100 0.18828100 0.22399100
vn 0.97061200 0.22064000 0.09608000
vn 0.87670600 0.47904500 0.04362400
vn 0.84574800 0.51851900 0.12589000
vn 0.77117100 0.62638700 0.11373400
vn 0.94804900 -0.22500900 0.22488600
vn 0.95480300 -0.24833400 0.16334400
vn 0.96051100 -0.25193800 0.11809300
vn 0.87124700 -0.48715600 0.06006000
vn 0.87261500 -0.48129000 0.08308700
vn 0.87393100 -0.47335200 0.11038000
vn 0.87525600 -0.46496000 0.13318400
vn 0.87533700 -0.46086100 0.14625800
vn 0.87779300 -0.44959100 0.16536900
vn 0.87583600 -0.44881700 0.17741100
vn 0.88348400 -0.41774500 0.21200300
vn 0.88598100 -0.40545100 0.22504800
vn 0.89026600 -0.38471000 0.24377200
vn 0.89446400 -0.36140100 0.26329300
vn 0.90116700 -0.34503100 0.26239800
vn 0.90564000 -0.30152800 0.29815600
vn 0.92513800 -0.24651400 0.28870600
vn 0.90368200 -0.25869400 0.34122800
vn 0.92188700 -0.18784000 0.33888100
vn 0.92534000 -0.14885800 0.34869300
vn 0.93767100 -0.10525700 0.33119900
vn 0.93135500 -0.05005800 0.36065500
vn 0.94124200 -0.00938200 0.33760200
vn 0.98290700 -0.00093600 0.18410200
vn 0.93214200 0.01948100 0.36156800
vn 0.93107800 0.06084400 0.35971000
vn 0.92813100 0.10651300 0.35669100
vn 0.93220400 0.15936600 0.32495900
vn 0.91861400 0.19861100 0.34161800
vn 0.91899300 0.24794900 0.30655000
vn 0.90717400 0.28157500 0.31265200
vn 0.90230100 0.31300400 0.29644800
vn 0.89831200 0.33045400 0.28954300
vn 0.89441000 0.36856100 0.25336400
vn 0.88835900 0.38597100 0.24868800
vn 0.88423100 0.40822900 0.22690100
vn 0.88200800 0.42208100 0.20954500
vn 0.87395300 0.45381100 0.17396000
vn 0.87568300 0.45589500 0.15918500
vn 0.87407300 0.46659500 0.13522700
vn 0.93551400 -0.23751400 0.26153500
vn 0.92813800 -0.23942200 0.28502100
vn 0.91737600 -0.23172900 0.32360900
vn 0.90168000 -0.22403100 0.36984200
vn 0.88678100 -0.21591400 0.40865700
vn 0.87517800 -0.21130200 0.43521800
vn 0.85980000 -0.19975300 0.46993900
vn 0.84157700 -0.18713200 0.50668500
vn 0.82391500 -0.17310700 0.53962800
vn 0.80737800 -0.15756100 0.56860800
vn 0.79107700 -0.13921900 0.59566400
vn 0.77629400 -0.11923000 0.61899300
vn 0.76365500 -0.09829700 0.63809800
vn 0.75415800 -0.07623900 0.65225300
vn 0.74621100 -0.05127400 0.66373200
vn 0.74092300 -0.02459400 0.67113900
vn 0.73852600 -0.00445100 0.67421000
vn 0.73846600 0.01121000 0.67419800
vn 0.74055400 0.03387700 0.67114200
vn 0.74568400 0.06067600 0.66353100
vn 0.75387800 0.08519400 0.65146700
vn 0.76368100 0.10697100 0.63667100
vn 0.77713800 0.12834200 0.61610400
vn 0.79330500 0.14864700 0.59040000
vn 0.80984000 0.16516700 0.56292000
vn 0.82072500 0.17493900 0.54388100
vn 0.83748900 0.18804700 0.51308000
vn 0.85673700 0.20111100 0.47492800
vn 0.87508600 0.21263300 0.43475500
vn 0.89105600 0.22048000 0.39674600
vn 0.90719400 0.22886300 0.35301800
vn 0.92224100 0.23621900 0.30606000
vn 0.94108600 0.20922800 0.26567200
vn 0.60113200 -0.00121200 0.79914900
vn 0.87264100 0.47598700 0.10924000
vn 0.87166400 0.48335300 0.08106000
vn 0.95587400 0.24951800 0.15506600
vn 0.94204600 0.27314400 0.19478500
vn -0.70546900 0.06124500 -0.70609000
vn -0.70557100 0.06122000 -0.70599000
vn -0.70354000 0.07473600 -0.70671500
vn -0.24973500 0.01725500 -0.96816100
vn -0.46670200 0.50812000 -0.72388100
vn -0.46675600 0.50807200 -0.72387900
vn -0.41797200 0.54948100 -0.72344300
vn -0.41795600 0.54945100 -0.72347500
vn -0.41068900 0.53234400 -0.74023300
vn -0.69438000 0.10238700 -0.71228800
vn -0.68963800 0.13254700 -0.71192000
vn -0.66966700 0.18441800 -0.71940000
vn -0.68399600 0.17971800 -0.70700100
vn -0.65597200 0.23234800 -0.71813300
vn -0.62787700 0.27882500 -0.72665500
vn -0.64819300 0.28262800 -0.70708400
vn -0.61040000 0.32645000 -0.72169400
vn -0.57629500 0.36712800 -0.73013700
vn -0.59722100 0.37854400 -0.70712900
vn -0.55346000 0.41368200 -0.72287500
vn -0.52679700 0.44676600 -0.72310800
vn -0.50519800 0.46179500 -0.72905400
vn -0.46977400 0.48140000 -0.73997700
vn -0.47635100 0.52271100 -0.70700900
vn -0.00000200 1.00000000 -0.00000300
vn 0.44602800 0.85717200 -0.25751900
vn 0.25750500 0.85717100 -0.44603700
vn 0.51502600 0.85717400 0.00000300
vn -0.25750600 0.85717000 -0.44603800
vn -0.44602900 0.85717000 -0.25752300
vn -0.00000100 0.85716400 -0.51504400
vn -0.44603000 0.85717000 0.25752100
vn -0.25752400 0.85717100 0.44602700
vn -0.51502900 0.85717300 -0.00000100
vn 0.25752200 0.85717200 0.44602500
vn 0.44602800 0.85717100 0.25752100
vn -0.00000100 0.85717400 0.51502600
vn 0.96591900 0.00000000 -0.25884400
vn 0.96592000 0.00000000 -0.25884200
vn 0.96591900 0.00000000 -0.25884400
vn 0.96592000 0.00000000 -0.25884200
vn 0.96591900 0.00000000 -0.25884400
vn 0.96592000 0.00000000 -0.25884200
vn 0.70710500 0.00000000 -0.70710800
vn 0.70710900 0.00000000 -0.70710500
vn 0.70710500 0.00000000 -0.70710800
vn 0.70710900 0.00000000 -0.70710500
vn 0.70710500 0.00000000 -0.70710800
vn 0.70710900 0.00000000 -0.70710500
vn 0.25876000 0.00000000 -0.96594200
vn 0.25876000 0.00000000 -0.96594200
vn 0.25876000 0.00000000 -0.96594200
vn 0.25876000 0.00000000 -0.96594200
vn 0.25876000 0.00000000 -0.96594200
vn 0.25876000 0.00000000 -0.96594200
vn -0.25876400 -0.00000000 -0.96594100
vn -0.25876400 -0.00000000 -0.96594100
vn -0.25876400 -0.00000000 -0.96594100
vn -0.25876400 -0.00000000 -0.96594100
vn -0.25876400 -0.00000000 -0.96594100
vn -0.25876400 -0.00000000 -0.96594100
vn -0.70710700 -0.00000000 -0.70710600
vn -0.70710700 -0.00000000 -0.70710600
vn -0.70710400 -0.00000000 -0.70711000
vn -0.70710400 -0.00000000 -0.70711000
vn -0.70710700 -0.00000000 -0.70710600
vn -0.70710400 -0.00000000 -0.70711000
vn -0.96592000 -0.00000000 -0.25884200
vn -0.96591900 -0.00000000 -0.25884400
vn -0.96592000 -0.00000000 -0.25884200
vn -0.96592000 -0.00000000 -0.25884200
vn -0.96591900 -0.00000000 -0.25884400
vn -0.96591900 -0.00000000 -0.25884400
vn -0.96591900 -0.00000000 0.25884600
vn -0.96591900 -0.00000000 0.25884600
vn -0.96591900 -0.00000000 0.25884600
vn -0.96591900 -0.00000000 0.25884600
vn -0.70711400 -0.00000000 0.70709900
vn -0.70711100 -0.00000000 0.70710200
vn -0.70711400 -0.00000000 0.70709900
vn -0.70711400 -0.00000000 0.70709900
vn -0.70711100 -0.00000000 0.70710200
vn -0.70711100 -0.00000000 0.70710200
vn -0.25885100 -0.00000000 0.96591700
vn -0.25885100 -0.00000000 0.96591700
vn -0.25884400 -0.00000000 0.96591900
vn -0.25885100 -0.00000000 0.96591700
vn -0.25884400 -0.00000000 0.96591900
vn -0.25884400 -0.00000000 0.96591900
vn 0.25884100 0.00000000 0.96592000
vn 0.25884700 0.00000000 0.96591800
vn 0.25884100 0.00000000 0.96592000
vn 0.25884100 0.00000000 0.96592000
vn 0.25884700 0.00000000 0.96591800
vn 0.25884700 0.00000000 0.96591800
vn 0.70711200 0.00000000 0.70710100
vn 0.70711600 0.00000000 0.70709700
vn 0.70711200 0.00000000 0.70710100
vn 0.70711600 0.00000000 0.70709700
vn 0.70711200 0.00000000 0.70710100
vn 0.70711600 0.00000000 0.70709700
vn 0.96591900 0.00000000 0.25884600
vn 0.96591900 0.00000000 0.25884600
vn 0.96591900 0.00000000 0.25884600
vn 0.96591900 0.00000000 0.25884600
vn 0.64267200 0.70569800 -0.29826700
vn 0.57965300 0.70570500 -0.40741000
vn 0.40740000 0.70570800 -0.57965600
vn 0.29829300 0.70570500 -0.64265200
vn 0.06300500 0.70570500 -0.70569900
vn -0.06301700 0.70570100 -0.70570100
vn -0.29825500 0.70571200 -0.64266200
vn -0.40736500 0.70571400 -0.57967400
vn -0.57964600 0.70570600 -0.40741800
vn -0.64266400 0.70570200 -0.29827400
vn -0.70569700 0.70570800 -0.06299500
vn -0.70569100 0.70571600 0.06296600
vn -0.64264600 0.70571300 0.29828600
vn -0.57964400 0.70570900 0.40741500
vn -0.40740600 0.70570900 0.57965100
vn -0.29825600 0.70571100 0.64266300
vn -0.06299700 0.70571000 0.70569500
vn 0.06300900 0.70571200 0.70569200
vn 0.29825300 0.70571200 0.64266300
vn 0.40737400 0.70571500 0.57966600
vn 0.57964000 0.70572300 0.40739800
vn 0.64266200 0.70571100 0.29825800
vn 0.70569800 0.70570600 0.06300000
vn 0.70570700 0.70569900 -0.06297100
vn -0.00000200 1.00000000 -0.00000300
vn 0.44602900 0.85717000 -0.25752100
vn 0.25750600 0.85717000 -0.44603800
vn 0.51502900 0.85717300 0.00000300
vn -0.25750600 0.85717100 -0.44603700
vn -0.44603800 0.85717100 -0.25750200
vn 0.00000100 0.85716400 -0.51504400
vn -0.44603800 0.85717100 0.25750200
vn -0.25752300 0.85717200 0.44602500
vn -0.51504500 0.85716300 0.00000100
vn 0.25752300 0.85717100 0.44602700
vn 0.44602900 0.85717000 0.25752200
vn 0.00000100 0.85717400 0.51502600
vn 0.96591900 0.00000000 -0.25884400
vn 0.96591900 0.00000000 -0.25884400
vn 0.96592000 0.00000000 -0.25884200
vn 0.96591900 0.00000000 -0.25884400
vn 0.96592000 0.00000000 -0.25884200
vn 0.96592000 0.00000000 -0.25884200
vn 0.70710400 0.00000000 -0.70711000
vn 0.70710400 0.00000000 -0.70711000
vn 0.70710700 0.00000000 -0.70710600
vn 0.70710700 0.00000000 -0.70710600
vn 0.70710400 0.00000000 -0.70711000
vn 0.70710700 0.00000000 -0.70710600
vn 0.25876400 0.00000000 -0.96594100
vn 0.25876400 0.00000000 -0.96594100
vn 0.25876400 0.00000000 -0.96594100
vn 0.25876400 0.00000000 -0.96594100
vn 0.25876400 0.00000000 -0.96594100
vn 0.25876400 0.00000000 -0.96594100
vn -0.25876000 -0.00000000 -0.96594200
vn -0.25876000 -0.00000000 -0.96594200
vn -0.25876000 -0.00000000 -0.96594200
vn -0.25876000 -0.00000000 -0.96594200
vn -0.25876000 -0.00000000 -0.96594200
vn -0.25876000 -0.00000000 -0.96594200
vn -0.70710900 -0.00000000 -0.70710500
vn -0.70710500 -0.00000000 -0.70710800
vn -0.70710900 -0.00000000 -0.70710500
vn -0.70710500 -0.00000000 -0.70710800
vn -0.70710900 -0.00000000 -0.70710500
vn -0.70710500 -0.00000000 -0.70710800
vn -0.96594300 -0.00000000 -0.25875600
vn -0.96594300 -0.00000000 -0.25875600
vn -0.96594200 -0.00000000 -0.25875800
vn -0.96594300 -0.00000000 -0.25875600
vn -0.96594200 -0.00000000 -0.25875800
vn -0.96594200 -0.00000000 -0.25875800
vn -0.96594200 -0.00000000 0.25876000
vn -0.96594200 -0.00000000 0.25876000
vn -0.96594200 -0.00000000 0.25876000
vn -0.96594200 -0.00000000 0.25876000
vn -0.70711600 -0.00000000 0.70709700
vn -0.70711200 -0.00000000 0.70710100
vn -0.70711600 -0.00000000 0.70709700
vn -0.70711600 -0.00000000 0.70709700
vn -0.70711200 -0.00000000 0.70710100
vn -0.70711200 -0.00000000 0.70710100
vn -0.25884800 -0.00000000 0.96591800
vn -0.25884800 -0.00000000 0.96591800
vn -0.25884100 -0.00000000 0.96592000
vn -0.25884800 -0.00000000 0.96591800
vn -0.25884100 -0.00000000 0.96592000
vn -0.25884100 -0.00000000 0.96592000
vn 0.25884500 0.00000000 0.96591900
vn 0.25884500 0.00000000 0.96591900
vn 0.25885100 0.00000000 0.96591700
vn 0.25884500 0.00000000 0.96591900
vn 0.25885100 0.00000000 0.96591700
vn 0.25885100 0.00000000 0.96591700
vn 0.70711100 0.00000000 0.70710300
vn 0.70711100 0.00000000 0.70710300
vn 0.70711500 0.00000000 0.70709900
vn 0.70711500 0.00000000 0.70709900
vn 0.70711100 0.00000000 0.70710300
vn 0.70711500 0.00000000 0.70709900
vn 0.96591900 0.00000000 0.25884600
vn 0.96591900 0.00000000 0.25884600
vn 0.96591900 0.00000000 0.25884600
vn 0.96591900 0.00000000 0.25884600
vn 0.64263000 0.70570700 -0.29833600
vn 0.64269500 0.70569400 -0.29822600
vn 0.50858800 0.69473600 -0.50860700
vn 0.40742300 0.70570400 -0.57964500
vn 0.29828200 0.70570200 -0.64266100
vn 0.06300700 0.70570400 -0.70570000
vn -0.06297500 0.70570500 -0.70570100
vn -0.29828000 0.70570600 -0.64265700
vn -0.40743500 0.70570600 -0.57963500
vn -0.57965300 0.70570100 -0.40741600
vn -0.64266000 0.70570700 -0.29827100
vn -0.70569500 0.70570900 -0.06300700
vn -0.70569200 0.70571200 0.06301000
vn -0.64265600 0.70570600 0.29828200
vn -0.57964300 0.70570900 0.40741700
vn -0.40740400 0.70571300 0.57964700
vn -0.29828900 0.70571400 0.64264300
vn -0.06299500 0.70570600 0.70569900
vn 0.06301000 0.70570400 0.70570000
vn 0.29829400 0.70570300 0.64265400
vn 0.40741800 0.70570600 0.57964600
vn 0.57962700 0.70571200 0.40743500
vn 0.64264800 0.70571000 0.29829200
vn 0.70570100 0.70570300 0.06299800
vn 0.70570300 0.70570100 -0.06300700
vn 0.69475600 0.69475000 -0.18611200
vn -0.00000000 1.00000000 0.00000000
vn -0.00000000 1.00000000 0.00000000
vn -0.00000000 1.00000000 0.00000000
vn -0.00000000 1.00000000 0.00000000
vn -0.00000000 1.00000000 -0.00001000
vn -0.00000000 1.00000000 -0.00000300
vn -0.00000000 1.00000000 -0.00000000
vn -0.00000000 1.00000000 -0.00000000
vn -0.00000000 1.00000000 0.00000400
vn -0.00000000 1.00000000 0.00000300
vn -0.00000000 1.00000000 0.00000400
vn -0.00000000 1.00000000 0.00000000
vn -0.00000000 1.00000000 -0.00001800
vn -0.00000000 1.00000000 0.00000000
vn -0.00000000 1.00000000 -0.00001800
vn -0.00000000 1.00000000 -0.00001800
vn -0.00000000 1.00000000 0.00000000
vn -0.00000000 1.00000000 0.00000000
vn -0.00000000 1.00000000 0.00000000
vn -0.00000000 1.00000000 -0.00000300
vn -0.00000000 1.00000000 -0.00000300
vn -0.00000000 1.00000000 0.00000400
vn -0.00000000 1.00000000 -0.00000500
vn -0.00000000 1.00000000 -0.00000000
vn -0.00000000 1.00000000 0.00000000
vn -0.00000000 1.00000000 -0.00000000
vn -0.00000000 1.00000000 -0.00000000
vn -0.00000000 1.00000000 0.00000000
vn -0.00000000 1.00000000 -0.00000500
vn -0.00000000 1.00000000 0.00000000
vn -0.00000000 1.00000000 0.00000000
vn -0.00000000 1.00000000 -0.00000500
vn -0.00000000 1.00000000 -0.00001000
vn -0.00000000 1.00000000 0.00000000
vn -0.00000000 1.00000000 0.00000300
vn -0.00000000 1.00000000 -0.00001000
vn -0.00000000 1.00000000 0.00000000
vn -0.00000000 1.00000000 0.00000300
vn -0.00000000 1.00000000 0.00000000
vn -0.00000000 1.00000000 0.00000000
vn -0.00000000 1.00000000 0.00000000
vn -0.00000000 1.00000000 -0.00000000
vn -0.00000000 1.00000000 0.00000000
vn 0.96545500 -0.10628300 0.23790700
vn 0.96781700 -0.00085400 0.25165400
vn 0.97911100 -0.11244400 0.16940600
vn 0.92983900 0.00437000 0.36794000
vn 0.95307400 -0.06499700 0.29567600
vn -0.94501000 -0.07564300 0.31817500
vn -0.95474300 0.00006300 0.29743400
vn -0.98067800 -0.10127300 0.16737500
vn -0.94448200 -0.00304800 0.32855000
vn -0.96700100 -0.14377000 0.21033200
vn 0.01460900 -0.08813600 0.99600100
vn 0.01865500 -0.00222100 0.99982400
vn -0.07237800 -0.14021900 0.98747200
vn -0.00074400 -0.00442300 0.99999000
vn -0.00682300 -0.11732000 0.99307100
vn 0.05528500 -0.09949700 0.99350100
vn 0.01520800 -0.00295300 0.99988000
vn -0.01680700 -0.09187500 0.99562900
vn -0.80243700 0.59673700 0.00000000
vn -0.80243900 0.59673400 0.00000000
vn -0.79508800 0.60649400 0.00001200
vn -0.83058900 0.55688600 -0.00001200
vn -0.89202700 0.45198200 0.00001200
vn -0.91792700 0.39675000 0.00000000
vn -0.95928900 0.28242600 0.00001500
vn -0.97472500 0.22340900 0.00000000
vn -0.99463200 0.10348000 0.00000000
vn -0.99909000 0.04264100 0.00000000
vn -0.99688100 -0.07891500 0.00000000
vn -0.99021500 -0.13955100 0.00000000
vn -0.96596100 -0.25868800 0.00000000
vn -0.94839100 -0.31710500 0.00000000
vn -0.90290300 -0.42984500 0.00000000
vn -0.87501400 -0.48409800 0.00001500
vn -0.80980200 -0.58670300 0.00000000
vn -0.77252200 -0.63498700 0.00000000
vn -0.68975400 -0.72404400 0.00000000
vn -0.64432400 -0.76475300 0.00000000
vn -0.54675800 -0.83729000 0.00000000
vn -0.49468900 -0.86907000 0.00000000
vn -0.38557300 -0.92267800 0.00000000
vn -0.32859600 -0.94447000 0.00000000
vn -0.21155700 -0.97736600 0.00000000
vn -0.15157000 -0.98844700 0.00000000
vn -0.03050100 -0.99953500 0.00000000
vn 0.03050100 -0.99953500 0.00000000
vn 0.15157000 -0.98844700 0.00000000
vn 0.21155700 -0.97736600 0.00000000
vn 0.32859600 -0.94447000 0.00000000
vn 0.38557300 -0.92267700 0.00000000
vn 0.49468900 -0.86907000 0.00001300
vn 0.54675900 -0.83729000 0.00000000
vn 0.64432300 -0.76475300 0.00000000
vn 0.68975500 -0.72404300 0.00000000
vn 0.77252200 -0.63498800 0.00000000
vn 0.80980300 -0.58670200 0.00000000
vn 0.87501400 -0.48409800 -0.00001500
vn 0.90290300 -0.42984400 0.00000000
vn 0.94839100 -0.31710500 0.00000000
vn 0.96596100 -0.25868800 -0.00000000
vn 0.99021500 -0.13955100 -0.00001200
vn 0.99688100 -0.07891400 0.00000000
vn 0.99909000 0.04264100 -0.00001600
vn 0.99463200 0.10348000 0.00001000
vn 0.97472500 0.22341000 0.00001300
vn 0.95928900 0.28242600 -0.00001800
vn 0.91792600 0.39675100 0.00001100
vn 0.89202700 0.45198200 0.00000000
vn 0.83058800 0.55688700 0.00000000
vn 0.79508800 0.60649400 0.00000000
vn 0.80243700 0.59673700 0.00000000
vn 0.80244000 0.59673300 0.00000000
vn -0.61802500 -0.78615800 0.00000000
vn -0.68741100 -0.72626900 0.00000000
vn -0.78543700 -0.61894200 0.00000000
vn -0.81811300 -0.57505700 0.00001000
vn -0.87583500 -0.48261100 0.00001000
vn -0.90091900 -0.43398700 0.00000000
vn -0.94279900 -0.33336200 0.00000000
vn -0.95962000 -0.28129900 0.00001000
vn -0.98453400 -0.17519300 0.00000000
vn -0.99264200 -0.12108400 0.00001000
vn -0.99992400 -0.01233700 0.00000000
vn -0.99910200 0.04237000 0.00000000
vn -0.98855600 0.15085100 0.00000000
vn -0.97882600 0.20469200 0.00000000
vn -0.95073500 0.31000300 -0.00001000
vn -0.93235700 0.36153800 0.00001200
vn -0.88747200 0.46086100 0.00000000
vn -0.86093800 0.50871000 0.00000000
vn -0.80046300 0.59938200 0.00000100
vn -0.76648300 0.64226500 0.00000000
vn -0.69203800 0.72186100 0.00000000
vn -0.65152200 0.75863000 0.00000000
vn -0.56508900 0.82503000 0.00000000
vn -0.51912000 0.85470100 0.00000000
vn -0.42302000 0.90612000 0.00000000
vn -0.37282900 0.92790000 0.00001000
vn -0.26962700 0.96296500 -0.00001000
vn -0.21655600 0.97627000 -0.00000900
vn -0.10902200 0.99403900 0.00000000
vn -0.05449200 0.99851400 0.00000000
vn 0.05449200 0.99851400 0.00000000
vn 0.10902200 0.99403900 0.00000000
vn 0.21655600 0.97627000 0.00000000
vn 0.26962700 0.96296500 0.00000000
vn 0.37282900 0.92790000 0.00000000
vn 0.42302000 0.90612000 0.00001000
vn 0.51912000 0.85470100 0.00000000
vn 0.56508900 0.82503000 0.00000000
vn 0.65152200 0.75863000 -0.00001200
vn 0.69203800 0.72186100 0.00000000
vn 0.76648300 0.64226400 0.00000000
vn 0.80046300 0.59938200 0.00000000
vn 0.86093800 0.50871000 -0.00001000
vn 0.88747200 0.46086200 0.00000000
vn 0.93236000 0.36153200 0.00000000
vn 0.95073600 0.31000100 -0.00000300
vn 0.97882600 0.20469600 0.00000600
vn 0.98855600 0.15085600 -0.00000100
vn 0.99910200 0.04237300 -0.00000400
vn 0.99992400 -0.01233700 0.00000000
vn 0.99264200 -0.12108300 0.00000100
vn 0.98453400 -0.17519300 -0.00001000
vn 0.95962000 -0.28129800 0.00000000
vn 0.94279900 -0.33336200 0.00000000
vn 0.90091900 -0.43398700 0.00000000
vn 0.87583500 -0.48261100 -0.00001000
vn 0.81811300 -0.57505700 -0.00001000
vn 0.78543700 -0.61894100 0.00000000
vn 0.68741100 -0.72626900 -0.00002200
vn 0.61806100 -0.78613000 -0.00002200
vn -0.00000000 -0.00000000 -1.00000000
vn 0.00000000 0.00000000 -1.00000000
vn 0.00000300 0.00000000 -1.00000000
vn -0.00000000 -0.00000000 -1.00000000
vn 0.00000000 0.00000000 -1.00000000
vn 0.00000000 0.00000000 -1.00000000
vn -0.00000000 -0.00000000 -1.00000000
vn 0.00000000 0.00000000 -1.00000000
vn 0.00000000 0.00000000 -1.00000000
vn 0.00000000 0.00000000 -1.00000000
vn 0.00000000 0.00000000 -1.00000000
vn 0.00000000 0.00000000 -1.00000000
vn -0.00000100 -0.00000000 -1.00000000
vn 0.00000000 0.00000000 -1.00000000
vn -0.00000100 -0.00000000 -1.00000000
vn 0.00000000 0.00000000 -1.00000000
vn 0.00000000 0.00000000 -1.00000000
vn -0.00000100 -0.00000000 -1.00000000
vn 0.00000000 0.00000000 -1.00000000
vn 0.00000000 0.00000000 -1.00000000
vn 0.00000000 0.00000000 -1.00000000
vn 0.00000000 0.00000000 -1.00000000
vn 0.00000000 0.00000000 -1.00000000
vn 0.00000000 0.00000000 -1.00000000
vn 0.00000000 0.00000000 -1.00000000
vn 0.00000000 0.00000000 -1.00000000
vn 0.00000000 0.00000000 -1.00000000
vn 0.00000000 0.00000000 -1.00000000
vn 0.00000100 0.00000000 -1.00000000
vn 0.00000000 0.00000000 -1.00000000
vn 0.00000000 0.00000000 -1.00000000
vn 0.00000000 0.00000000 -1.00000000
vn -0.00000000 -0.00000000 -1.00000000
vn -0.00000000 -0.00000000 -1.00000000
vn 0.00000000 0.00000000 -1.00000000
vn 0.00000000 0.00000000 -1.00000000
vn 0.00000000 0.00000000 -1.00000000
vn 0.00000000 0.00000000 -1.00000000
vn 0.00000000 0.00000000 -1.00000000
vn 0.00000000 0.00000000 -1.00000000
vn -0.00000100 -0.00000000 -1.00000000
vn 0.00000000 0.00000000 -1.00000000
vn 0.00000000 0.00000000 -1.00000000
vn -0.00000100 -0.00000000 -1.00000000
vn 0.00000000 0.00000000 -1.00000000
vn 0.00000100 0.00000000 -1.00000000
vn -0.00000100 -0.00000000 -1.00000000
vn 0.00000000 0.00000000 -1.00000000
vn 0.00000100 0.00000000 -1.00000000
vn -0.00000100 -0.00000000 -1.00000000
vn 0.00000000 0.00000000 -1.00000000
vn -0.00000100 -0.00000000 -1.00000000
vn 0.00000100 0.00000000 -1.00000000
vn 0.00000000 0.00000000 -1.00000000
vn 0.00000000 0.00000000 -1.00000000
vn -0.00000100 -0.00000000 -1.00000000
vn 0.00000000 0.00000000 -1.00000000
vn 0.00000000 0.00000000 -1.00000000
vn 0.00000000 0.00000000 -1.00000000
vn 0.00000000 0.00000000 -1.00000000
vn 0.00000000 0.00000000 -1.00000000
vn 0.00000000 0.00000000 -1.00000000
vn 0.00000000 0.00000000 -1.00000000
vn 0.00000100 0.00000000 -1.00000000
vn 0.00000000 0.00000000 -1.00000000
vn 0.00000100 0.00000000 -1.00000000
vn 0.00000000 0.00000000 -1.00000000
vn 0.00000000 0.00000000 -1.00000000
vn -0.00000400 -0.00000000 -1.00000000
vn 0.00000000 0.00000000 -1.00000000
vn -0.00000400 -0.00000000 -1.00000000
vn 0.00000000 0.00000000 -1.00000000
vn -0.00000400 -0.00000000 -1.00000000
vn 0.00000000 0.00000000 -1.00000000
vn 0.00000300 0.00000000 -1.00000000
vn 0.00000300 0.00000000 -1.00000000
vn 0.00000000 0.00000000 -1.00000000
vn 0.00000000 0.00000000 -1.00000000
vn -0.00000700 -0.00000000 -1.00000000
vn 0.00000300 0.00000000 -1.00000000
vn 0.00000000 0.00000000 -1.00000000
vn -0.00000100 -0.00000000 -1.00000000
vn 0.00000000 0.00000000 -1.00000000
vn -0.00000100 -0.00000000 -1.00000000
vn 0.00000000 0.00000000 -1.00000000
vn 0.00000000 0.00000000 -1.00000000
vn -0.00000100 -0.00000000 -1.00000000
vn 0.00000000 0.00000000 -1.00000000
vn -0.00000100 -0.00000000 -1.00000000
vn -0.00000100 -0.00000000 -1.00000000
vn 0.00000000 0.00000000 -1.00000000
vn -0.00000100 -0.00000000 -1.00000000
vn 0.00000000 0.00000000 -1.00000000
vn 0.00000000 0.00000000 -1.00000000
vn 0.00000000 0.00000000 -1.00000000
vn 0.00000000 0.00000000 -1.00000000
vn -0.00000100 -0.00000000 -1.00000000
vn 0.00000000 0.00000000 -1.00000000
vn -0.00000100 -0.00000000 -1.00000000
vn 0.00000000 0.00000000 -1.00000000
vn 0.00000000 0.00000000 -1.00000000
vn -0.00000100 -0.00000000 -1.00000000
vn -0.00000100 -0.00000000 -1.00000000
vn -0.00000100 -0.00000000 -1.00000000
vn 0.00000000 0.00000000 -1.00000000
vn 0.00000000 0.00000000 -1.00000000
vn -0.00000100 -0.00000000 -1.00000000
vn -0.00000000 -0.00000000 -1.00000000
vn 0.00000000 0.00000000 -1.00000000
vn -0.00000000 -0.00000000 -1.00000000
vn 0.00000000 0.00000000 -1.00000000
vn -0.00000800 -0.00001300 -1.00000000
vn -0.00000000 -0.00000000 -1.00000000
vn -0.00000800 -0.00001300 -1.00000000
vn 0.00000000 0.00000000 -1.00000000
vn -0.00001300 0.00000500 -1.00000000
vn -0.00000800 -0.00001300 -1.00000000
vn -0.00000100 0.00001900 -1.00000000
vn -0.00001300 0.00000500 -1.00000000
vn -0.00000100 0.00001900 -1.00000000
vn -0.00001300 0.00000500 -1.00000000
vn 0.00000000 0.00000000 -1.00000000
vn 0.00000000 0.00000000 -1.00000000
vn 0.00000000 0.00000000 -1.00000000
vn -0.00000100 0.00001900 -1.00000000
vn 0.00000000 0.00000000 -1.00000000
vn 0.00000100 0.00000000 -1.00000000
vn 0.00000000 0.00000000 -1.00000000
vn 0.00000000 0.00000000 -1.00000000
vn 0.00000000 0.00000000 -1.00000000
vn 0.00000100 0.00000000 -1.00000000
vn 0.00000100 0.00000000 -1.00000000
vn 0.00000100 0.00000000 -1.00000000
vn 0.00000000 0.00000000 -1.00000000
vn -0.00000100 -0.00000000 -1.00000000
vn 0.00000000 0.00000000 -1.00000000
vn 0.00000100 0.00000000 -1.00000000
vn 0.00000100 0.00000000 -1.00000000
vn -0.00000100 -0.00000000 -1.00000000
vn 0.00000000 0.00000000 -1.00000000
vn 0.00000000 0.00000000 -1.00000000
vn -0.00000100 -0.00000000 -1.00000000
vn 0.00000100 0.00000000 -1.00000000
vn 0.00000000 0.00000000 -1.00000000
vn 0.00000100 0.00000000 -1.00000000
vn 0.00000000 0.00000000 -1.00000000
vn 0.00000100 0.00000000 -1.00000000
vn 0.00000000 0.00000000 -1.00000000
vn -0.00000000 -0.00000000 -1.00000000
vn 0.00000000 0.00000000 -1.00000000
vn 0.00000300 0.00000000 -1.00000000
vn 0.00000000 0.00000000 -1.00000000
vn 0.00000000 0.00000000 -1.00000000
vn 0.00000300 0.00000000 -1.00000000
vn 0.00000000 0.00000000 -1.00000000
vn -0.00000700 -0.00000000 -1.00000000
vn -0.00000700 -0.00000000 -1.00000000
vn 0.84384600 0.53658600 0.00000000
vn 0.84384400 0.53658800 0.00000000
vn 0.99582600 0.09126800 0.00000000
vn 0.99582600 0.09126800 0.00000000
vn 0.99582600 0.09126800 0.00000000
vn 0.99582600 0.09126800 0.00000000
vn 0.99582600 0.09126800 0.00000000
vn 0.99582600 0.09126800 0.00000000
vn 0.92737200 -0.37414200 0.00000000
vn 0.92737100 -0.37414200 0.00000000
vn 0.92737200 -0.37414200 0.00000000
vn 0.92737100 -0.37414200 0.00000000
vn 0.92737200 -0.37414200 0.00000000
vn 0.92737100 -0.37414200 0.00000000
vn 0.65363200 -0.75681300 0.00000000
vn 0.65363200 -0.75681300 0.00000000
vn 0.65363100 -0.75681300 0.00000000
vn 0.65363200 -0.75681300 0.00000000
vn 0.65363100 -0.75681300 0.00000000
vn 0.65363100 -0.75681300 0.00000000
vn 0.23524600 -0.97193600 0.00000000
vn 0.23524600 -0.97193600 0.00000000
vn 0.23524600 -0.97193600 0.00000000
vn 0.23524600 -0.97193600 0.00000000
vn 0.23524600 -0.97193600 0.00000000
vn 0.23524600 -0.97193600 0.00000000
vn -0.19059600 -0.98166900 0.00000000
vn -0.19059700 -0.98166800 0.00000000
vn -0.31349700 -0.94958900 0.00000000
vn -0.43326200 -0.90126800 -0.00000200
vn -0.23524600 -0.97193600 0.00000000
vn -0.23524500 -0.97193600 0.00000000
vn -0.23524600 -0.97193600 0.00000000
vn -0.23524600 -0.97193600 0.00000000
vn -0.23524500 -0.97193600 0.00000000
vn -0.23524500 -0.97193600 0.00000000
vn -0.65363100 -0.75681300 0.00000000
vn -0.65363100 -0.75681300 0.00000000
vn -0.65363100 -0.75681400 0.00000000
vn -0.65363100 -0.75681400 0.00000000
vn -0.65363100 -0.75681300 0.00000000
vn -0.65363100 -0.75681400 0.00000000
vn -0.92737100 -0.37414200 0.00000000
vn -0.92737100 -0.37414300 0.00000000
vn -0.92737100 -0.37414200 0.00000000
vn -0.92737100 -0.37414200 0.00000000
vn -0.92737100 -0.37414300 0.00000000
vn -0.92737100 -0.37414300 0.00000000
vn -0.99582600 0.09126800 0.00000000
vn -0.99582600 0.09126800 0.00000000
vn -0.99582600 0.09126800 0.00000000
vn -0.99582600 0.09126800 0.00000000
vn -0.99582600 0.09126800 0.00000000
vn -0.99582600 0.09126800 0.00000000
vn -0.84384500 0.53658600 0.00000000
vn -0.84384500 0.53658700 0.00000000
vn 0.43326300 -0.90126800 -0.00002500
vn 0.31353900 -0.94957500 -0.00003700
vn 0.19059700 -0.98166800 0.00000000
vn 0.19059600 -0.98166900 0.00000000
vn -0.12100700 -0.00000000 0.99265200
vn -0.36803600 0.00011100 0.92981200
vn -0.22557800 -0.10362100 0.96869900
vn -0.50529500 -0.06024400 0.86084100
vn -0.59013300 0.00011400 0.80730600
vn -0.77542700 0.00010500 0.63143700
vn -0.67042300 -0.08685000 0.73687900
vn -0.86164600 -0.05218000 0.50481900
vn 0.48374000 0.01094400 0.87514300
vn 0.48336800 -0.06985700 0.87262500
vn 0.48330400 -0.06989000 0.87265800
vn 0.52079300 0.00727600 0.85365200
vn 0.64129600 -0.10831600 0.75961000
vn 0.90914900 0.00000000 0.41647100
vn 0.85008700 0.01083600 0.52653000
vn 0.86183700 -0.07370500 0.50180100
vn 0.59014000 0.00000000 0.80730100
vn 0.17519400 -0.10337900 0.97909100
vn 0.12099700 0.00000000 0.99265300
vn 0.00371400 -0.09311600 0.99564800
vn -0.01002100 -0.00365000 0.99994300
vn 0.22433200 -0.00113700 0.97451200
vn 0.14073700 -0.11073300 0.98383500
vn 0.62488000 -0.10635200 0.77344300
vn 0.48668800 -0.10588800 0.86713500
vn 0.55803500 -0.00223000 0.82981400
vn 0.37214700 -0.07393700 0.92522400
vn 0.24948700 -0.10764000 0.96237700
vn 0.74050600 -0.08867600 0.66617400
vn 0.84513400 -0.00173100 0.53455200
vn 0.84407400 -0.10592200 0.52566000
vn 0.92235800 -0.08900900 0.37594400
vn -0.79586600 -0.00175200 0.60547000
vn -0.84619500 -0.08882700 0.52541800
vn -0.88168500 -0.11147300 0.45848100
vn -0.92582900 -0.12180500 0.35777600
vn -0.53228400 -0.00185600 0.84656400
vn -0.67427000 -0.09312500 0.73259000
vn -0.75875300 -0.08961800 0.64518400
vn -0.08902500 -0.00354000 0.99602300
vn -0.39304600 -0.09484700 0.91461400
vn -0.53693400 -0.10960300 0.83647400
vn 0.07053600 -0.11805400 0.99049900
vn -0.08094500 -0.11715200 0.98981000
vn -0.24057300 -0.11196500 0.96415200
vn 0.00000100 -0.99905100 -0.04356400
vn -0.02357400 -0.99119100 -0.13032800
vn -0.02347200 -0.96567000 -0.25871100
vn -0.03523900 -0.94633700 -0.32125500
vn 0.00000000 -0.92394700 -0.38252100
vn 0.00000000 -0.70711200 -0.70710200
vn 0.00000000 -0.70710900 -0.70710400
vn -0.01752500 -0.52836500 -0.84883600
vn 0.00000600 -0.55566300 -0.83140800
vn -0.02281400 -0.25882500 -0.96565500
vn -0.02961000 0.01835600 -0.99939300
vn -0.00000000 0.03601300 -0.99935100
vn -0.01588500 0.30506500 -0.95219900
vn -0.01616100 0.48269000 -0.87564200
vn -0.00077400 0.62807700 -0.77815100
vn -0.02862700 0.89044100 -0.45419700
vn -0.00000000 0.83138400 -0.55569800
vn -0.00000000 0.99621200 -0.08695500
vn -0.04630900 0.99034600 -0.13065300
vn -0.06968400 0.96328500 -0.25927900
vn -0.00000000 1.00000000 0.00000000
vn -0.00000000 1.00000000 0.00000000
vn 0.00000000 -1.00000000 0.00000000
vn 0.00000000 -1.00000000 0.00000000
vn -1.00000000 -0.00000000 0.00000000
vn -1.00000000 -0.00000000 0.00000000
vn -1.00000000 -0.00000000 0.00000000
vn -1.00000000 -0.00000500 0.00000000
vn -1.00000000 -0.00000000 0.00000000
vn -1.00000000 0.00000700 0.00000000
vn -1.00000000 -0.00000500 0.00000000
vn -1.00000000 0.00000700 0.00000000
vn -1.00000000 0.00000700 0.00000000
vn -1.00000000 -0.00000500 0.00000000
vn -1.00000000 0.00000700 0.00000000
vn -1.00000000 -0.00000000 0.00000000
vn -1.00000000 -0.00000000 0.00000000
vn -1.00000000 0.00000700 0.00000000
vn -1.00000000 -0.00000000 0.00000000
vn -1.00000000 0.00000700 0.00000000
vn -1.00000000 -0.00000000 0.00000000
vn 0.91680300 -0.37492400 0.13749200
vn 0.92458700 -0.33864300 0.17452900
vn 0.93001800 -0.36364400 0.05320100
vn 0.88308200 -0.46919000 0.00513600
vn 0.88077200 -0.47286400 0.02532800
vn 0.88496800 -0.46340100 0.04571600
vn 0.90781300 -0.40460800 0.11030600
vn 0.89119700 -0.44879300 0.06597600
vn 0.89881700 -0.42950700 0.08747000
vn 0.92310500 -0.29502500 0.24665300
vn 0.92660000 -0.24906700 0.28174100
vn 0.37480800 -0.11642800 0.91976300
vn 0.37480800 -0.11642800 0.91976300
vn 0.37480800 -0.11642800 0.91976300
vn 0.86767700 -0.49651000 0.02480500
vn 0.85767100 -0.51263300 0.04010600
vn 0.87193000 -0.48899400 0.02497100
vn 0.87192800 -0.48899700 0.02497300
vn 0.89224100 -0.45123800 0.01703300
vn 0.90074300 -0.43407800 0.01541200
vn 0.89405600 -0.44773900 0.01393200
vn 0.78610200 -0.61781000 0.01885100
vn 0.85248200 -0.52252600 0.01553300
vn 0.83305800 -0.55317700 0.00309100
vn 0.83311900 -0.55308600 0.00308500
vn 0.81931700 -0.57333900 0.00168900
vn 0.75960100 -0.65035700 0.00653200
vn 0.57512600 -0.81805900 0.00329100
vn 0.66489600 -0.74680300 0.01408800
vn 0.53061100 -0.84761500 0.00000000
vn 0.48980100 -0.87183100 -0.00241600
vn 0.91242200 0.35991400 0.19480100
vn 0.74565100 0.15412900 0.64826600
vn -0.96954100 0.23513300 0.06857200
vn 0.86534800 0.38205900 0.32435100
vn 0.88646100 0.40664500 0.22096700
vn 0.88543600 0.41362800 0.21193300
vn 0.87206500 0.45961900 0.16808500
vn 0.86403900 0.49079000 0.11207800
vn 0.84675500 0.30763200 0.43401500
vn 0.80538200 0.30480900 0.50838100
vn 0.84076500 0.34034100 0.42104900
vn 0.85208600 0.35856500 0.38128900
vn 0.85110500 0.37699600 0.36536900
vn 0.80185600 0.35777600 0.47856300
vn 0.83989200 0.37976000 0.38776700
vn 0.82697800 0.38578800 0.40899300
vn 0.82542300 0.38839600 0.40966600
vn 0.82269300 0.36975400 0.43180900
vn 0.82142900 0.33834700 0.45910400
vn 0.80265600 0.59080700 0.08180100
vn 0.81121400 0.57007200 0.13018700
vn 0.80624100 0.55622500 0.20147000
vn 0.79830300 0.54819100 0.24939700
vn 0.80585000 0.53957300 0.24386000
vn 0.81679700 0.45181400 0.35875800
vn -0.95763800 0.20753400 0.19964700
vn -0.75176300 0.08317100 0.65416700
vn 0.87440700 0.32701600 0.35843100
vn 0.82266100 0.26278600 0.50415500
vn 0.86322000 0.21862800 0.45503200
vn 0.74192200 0.10842400 0.66166100
vn 0.90829700 0.33042500 0.25654700
vn 0.73762900 0.13896300 0.66075200
vn 0.71384400 0.16130100 0.68147500
vn 0.68682800 0.18332200 0.70332100
vn 0.65649500 0.20526400 0.72586600
vn 0.61965000 0.22803900 0.75102000
vn 0.57648700 0.25134200 0.77749000
vn 0.52426700 0.25322900 0.81303100
vn 0.63096600 0.71939400 0.29043900
vn 0.68855000 0.65972500 0.30110100
vn 0.74220600 0.60552700 0.28717000
vn 0.44702800 0.83434700 0.32253900
vn 0.52365900 0.78262500 0.33657000
vn 0.58141500 0.74630500 0.32401500
vn 0.49126300 0.29142800 0.82081100
vn 0.44122900 0.30949000 0.84233700
vn 0.38305100 0.32719200 0.86383900
vn 0.31591100 0.31977100 0.89327900
vn 0.22295900 0.91089600 0.34721300
vn 0.30505400 0.87847800 0.36772000
vn 0.37390100 0.85607200 0.35684500
vn 0.25914400 0.35821000 0.89695600
vn 0.19325300 0.36896300 0.90913100
vn 0.12726200 0.37689400 0.91747200
vn 0.07485000 0.41743500 0.90561900
vn 0.00536600 0.93454400 0.35580700
vn 0.06897000 0.92153200 0.38212800
vn 0.12311100 0.87436800 0.46938700
vn 0.16487200 0.96855400 0.18633100
vn -0.23523400 0.90831400 0.34587700
vn -0.17142600 0.86792900 0.46616800
vn -0.10067300 0.97567600 0.19473500
vn -0.05810800 0.97947000 0.19303600
vn -0.47454300 0.82113000 0.31710200
vn -0.40122000 0.84495700 0.35365200
vn -0.34067800 0.86789400 0.36152200
vn -0.31022500 0.83583400 0.45292600
vn -0.27153500 0.94465000 0.18413300
vn -0.63411100 0.71782400 0.28745800
vn -0.59512600 0.73699800 0.32040500
vn -0.54414700 0.77207800 0.32833000
vn 0.02796400 0.19493600 0.98041700
vn 0.00867900 0.38284500 0.92377200
vn -0.05256600 0.38211900 0.92261700
vn -0.12450000 0.37801600 0.91738900
vn -0.19495200 0.37040700 0.90818100
vn -0.24929100 0.36186500 0.89828000
vn -0.28705700 0.35386400 0.89015600
vn -0.33741400 0.34359700 0.87640900
vn -0.39880500 0.32694900 0.85677300
vn -0.45583600 0.30820900 0.83499800
vn -0.49963600 0.29135900 0.81576600
vn -0.52724000 0.27559100 0.80378300
vn -0.55892800 0.24022600 0.79365600
vn -0.78656800 0.57050900 0.23628700
vn -0.73442200 0.61580100 0.28533000
vn -0.68432100 0.66567200 0.29763300
vn -0.81927400 0.49456500 0.29016400
vn -0.84390800 0.47282100 0.25349600
vn -0.87855600 0.42908100 0.20983100
vn -0.90124700 0.34724000 0.25918800
vn -0.92562600 0.30318900 0.22648200
vn -0.94672500 0.25695400 0.19413200
vn -0.61371600 0.23680000 0.75317800
vn -0.65238100 0.21316100 0.72729700
vn -0.68165600 0.19251700 0.70589100
vn -0.70175600 0.17546700 0.69047100
vn -0.72483200 0.15712300 0.67076900
vn -0.74794100 0.13383200 0.65013300
vn -0.76682900 0.11095000 0.63218900
vn -0.77950500 0.09204900 0.61959600
vn -0.79966800 0.08480200 0.59442400
vn -0.85043900 0.13497600 0.50846300
vn -0.90450500 0.15949300 0.39551600
vn -0.88400200 0.17779100 0.43235400
vn -0.87125900 0.21321100 0.44209600
vn -0.85166500 0.25677500 0.45687300
vn -0.82748400 0.30073600 0.47416100
vn -0.80352500 0.33697900 0.49070500
vn -0.78136600 0.36699900 0.50475600
vn -0.75023800 0.40478300 0.52277500
vn -0.70821200 0.44802300 0.54563000
vn -0.66030600 0.48992200 0.56918500
vn -0.61702700 0.52211300 0.58879200
vn -0.58122400 0.54611000 0.60327600
vn -0.53206500 0.57582900 0.62074800
vn -0.46703100 0.60864200 0.64143300
vn -0.39639500 0.63783800 0.66032900
vn -0.33774800 0.65737700 0.67363300
vn -0.29347300 0.66943500 0.68244400
vn -0.23056900 0.68465800 0.69143400
vn -0.14785000 0.69811400 0.70055500
vn -0.06314000 0.70553100 0.70586000
vn 0.00912200 0.70676000 0.70739500
vn 0.06953200 0.70484700 0.70594300
vn 0.14259200 0.69795800 0.70179900
vn 0.22645300 0.68435200 0.69309500
vn 0.30384100 0.66612000 0.68115000
vn 0.37496200 0.64381900 0.66700900
vn 0.44571700 0.61582800 0.64968600
vn 0.51452300 0.58266300 0.62910300
vn 0.57160100 0.55015700 0.60876900
vn 0.61834500 0.51872500 0.59040100
vn 0.66700600 0.48091300 0.56905700
vn 0.71491700 0.43769800 0.54526500
vn 0.75534400 0.39248800 0.52479400
vn -0.07965300 0.82853400 0.55424400
vn -0.95004100 0.22311200 0.21827200
vn -0.91790900 0.17720800 0.35502200
vn -0.66642000 0.08084700 0.74118000
vn -0.63987600 0.13215300 0.75703000
vn -0.61931800 0.07303500 0.78173600
vn -0.60734900 0.06753900 0.79155900
vn -0.58761300 0.06206300 0.80675900
vn -0.55963900 0.05094800 0.82716900
vn -0.51856400 0.04127500 0.85404200
vn -0.47506700 0.02658700 0.87954800
vn -0.42532600 0.01070600 0.90497700
vn -0.59498000 0.11682800 0.79520500
vn -0.54495200 0.12199600 0.82954500
vn -0.51941400 0.12661900 0.84509000
vn -0.46524100 0.09746600 0.87980200
vn -0.39148100 0.07001100 0.91751900
vn -0.26216400 0.04878400 0.96378900
vn -0.19149300 0.02735400 0.98111300
vn -0.97010800 0.22438600 0.09241700
vn -0.95029700 0.21217300 0.22785300
vn -0.90218100 0.18800000 0.38823500
vn -0.83481300 0.16922800 0.52387800
vn -0.72678700 0.14655700 0.67104500
vn -0.74880700 -0.07390800 0.65865500
vn -0.82071000 -0.09799800 0.56287700
vn -0.83479500 -0.13210200 0.53447800
vn -0.96904400 -0.22982300 0.09020100
vn -0.95172900 -0.20621500 0.22734700
vn -0.94154800 -0.21841100 0.25648400
vn -0.90479200 -0.16565300 0.39231300
vn -0.55163800 -0.82685900 0.10954200
vn -0.54110100 -0.80802500 0.23303400
vn -0.54656300 -0.56761700 0.61569500
vn -0.46817100 -0.44720100 0.76212000
vn -0.55865800 -0.45457700 0.69373000
vn -0.54383000 -0.36698200 0.75470100
vn -0.57154700 -0.64346900 0.50919800
vn -0.48531400 -0.61304100 0.62341800
vn -0.52880400 -0.78706300 0.31764500
vn -0.59482800 -0.68357600 0.42297100
vn -0.54809600 -0.76810500 0.33106800
vn -0.46732000 -0.17347200 0.86690200
vn -0.44968700 -0.27687500 0.84918900
vn -0.90906400 -0.25421100 0.33012000
vn -0.90201300 -0.30233300 0.30816800
vn -0.89058300 -0.34877500 0.29192100
vn -0.79582300 -0.51892800 0.31205500
vn -0.83266200 -0.43585800 0.34161600
vn -0.86321800 -0.38608500 0.32525900
vn -0.74720000 -0.63706500 0.18931700
vn -0.71371700 -0.67174200 0.19842300
vn -0.66144600 -0.72136900 0.20522100
vn -0.80994100 -0.13411900 0.57097100
vn -0.79653800 -0.15782000 0.58362700
vn -0.78401100 -0.17721100 0.59491400
vn -0.76443100 -0.20099100 0.61257500
vn -0.73732700 -0.23140800 0.63466500
vn -0.74626800 -0.31915800 0.58414200
vn -0.60303100 -0.14186600 0.78500100
vn -0.57869500 -0.15028500 0.80157800
vn -0.54493400 -0.16454500 0.82217500
vn -0.50201200 -0.17889300 0.84615600
vn -0.45307500 -0.19423900 0.87005400
vn -0.57794500 -0.54736200 0.60528800
vn -0.59794000 -0.53431600 0.59747300
vn -0.63578000 -0.50744600 0.58162100
vn -0.65354600 -0.49370900 0.57369800
vn -0.68464700 -0.46773200 0.55900400
vn -0.69795300 -0.45576900 0.55239100
vn -0.72320800 -0.43153900 0.53920700
vn -0.73504700 -0.41934800 0.53277900
vn -0.59982800 -0.77052400 0.21563900
vn -0.66135500 -0.09385700 0.74417700
vn -0.64664800 -0.13635200 0.75050200
vn -0.59766300 -0.11704000 0.79315900
vn -0.61675200 -0.07299100 0.78376600
vn -0.57603300 -0.10856500 0.81018500
vn -0.60218400 -0.06947500 0.79532900
vn -0.51974800 -0.10913300 0.84732000
vn -0.57846800 -0.06372900 0.81321200
vn -0.48159800 -0.08907700 0.87185300
vn -0.54500800 -0.05216000 0.83680700
vn -0.41331500 -0.06004400 0.90860600
vn -0.50139400 -0.04007300 0.86429100
vn -0.33445800 -0.03411100 0.94179300
vn -0.45763100 -0.02375300 0.88882500
vn -0.21744400 -0.01508300 0.97595600
vn -0.48676500 -0.01132100 0.87346000
vn -0.22750800 0.00609000 0.97375700
vn -0.93775200 0.17373400 0.30073000
vn -0.96155900 -0.07188800 0.26502200
vn -0.25351100 0.00041100 0.96733200
vn -0.28372500 -0.01635800 0.95876600
vn -0.55530800 -0.01991500 0.83140600
vn -0.26884400 -0.03392700 0.96258600
vn -0.31338500 -0.07377300 0.94675600
vn -0.59004600 -0.11304100 0.79941700
vn -0.97304800 -0.22059900 0.06719100
vn -0.59781600 0.12063000 0.79250500
vn -0.37654700 0.08536800 0.92245600
vn -0.06631400 0.03433400 0.99720800
vn -0.78007300 0.13955500 0.60992600
vn -0.82030000 -0.15237500 0.55126200
vn -0.90667700 -0.19624700 0.37339500
vn -0.93581900 -0.17524900 0.30582700
vn -0.95825100 -0.21524400 0.18821700
vn -0.73701300 -0.14480100 0.66018500
vn -0.84401900 -0.16929900 0.50889100
vn -0.07486300 -0.02891800 0.99677400
vn -0.29635700 0.02318800 0.95479600
vn -0.80754200 -0.04801000 0.58785300
vn -0.95114000 0.05268700 0.30423100
vn -0.80731000 0.05178700 0.58785100
vn -0.58724600 0.04807900 0.80797900
vn -0.15218900 0.03379200 0.98777400
vn 0.00141200 -0.60885000 -0.79328400
vn 0.00477000 -0.38867500 -0.92136300
vn 0.00546300 -0.62011700 -0.78449100
vn 0.00297600 0.34238600 -0.93955500
vn 0.00535600 0.58726300 -0.80937800
vn 0.00621200 0.35012000 -0.93668400
vn 0.00313600 0.98237700 -0.18688300
vn 0.00663700 0.99685400 0.07897900
vn 0.00565000 0.98518300 -0.17141400
vn 0.00403400 -0.86547300 0.50093900
vn 0.00270000 -0.96571000 0.25960800
vn 0.00404000 -0.98064800 0.19573800
vn 0.00000000 -0.99128400 0.13174300
vn 0.00000000 -0.96592000 -0.25884100
vn 0.00674100 -0.97864100 -0.20546500
vn 0.00673800 -0.97863800 -0.20548200
vn 0.00000000 -0.96592000 -0.25884100
vn 0.00094700 -0.05576300 0.99844400
vn -0.00000000 -0.38103700 0.92456000
vn 0.00265900 -0.53722400 0.84343500
vn 0.00261000 -0.70565700 0.70854900
vn 0.00000200 -0.86493200 0.50188900
vn 0.00184600 0.27854800 0.96042100
vn 0.00123700 0.20065400 0.97966100
vn -0.00000200 -0.11014800 0.99391500
vn 0.00398500 0.95104000 0.30904300
vn -0.00002500 0.87468900 0.48468400
vn 0.00555000 0.92662700 0.37594100
vn 0.00156100 0.73779400 0.67502400
vn 0.00229300 0.68469300 0.72882800
vn -0.00000000 0.66166200 0.74980200
vn -0.00000000 0.29816500 0.95451400
vn 0.01393200 0.99161800 0.12845200
vn 0.00534900 0.69627900 -0.71775200
vn 0.00799700 0.69076800 -0.72303200
vn 0.00001900 0.77550600 -0.63134000
vn -0.00005900 0.96594700 -0.25874000
vn 0.01072800 0.93243200 -0.36118600
vn 0.01383600 0.92533400 -0.37890000
vn 0.00366000 -0.12761800 -0.99181700
vn 0.00713800 -0.25005200 -0.96820600
vn 0.00811500 0.06244000 -0.99801600
vn 0.01503500 0.14383100 -0.98948800
vn 0.00678600 -0.96034200 -0.27874200
vn 0.00466200 -0.90062200 -0.43457800
vn 0.00799800 -0.82786000 -0.56087800
vn 0.01334900 -0.76347400 -0.64570100
vn -0.70570100 0.64266100 -0.29828300
vn -0.70570300 0.57966100 -0.40740200
vn -0.70570700 0.40741500 -0.57964700
vn -0.70570200 0.29832700 -0.64263900
vn -0.70569200 0.06301400 -0.70571100
vn -0.70569500 -0.06301100 -0.70570800
vn -0.70569500 -0.29829900 -0.64266000
vn -0.70570100 -0.40741100 -0.57965700
vn -0.70569900 -0.57965100 -0.40742400
vn -0.70570000 -0.64265700 -0.29829300
vn -0.70570100 -0.70570500 -0.06298300
vn -0.70570400 -0.70569800 0.06303000
vn -0.70571000 -0.64265800 0.29826800
vn -0.70571300 -0.57962600 0.40743400
vn -0.70571800 -0.40739800 0.57964500
vn -0.70571400 -0.29825900 0.64265800
vn -0.70571300 -0.06302000 0.70569000
vn -0.70572000 0.06295300 0.70568900
vn -0.70571800 0.29828800 0.64264000
vn -0.70572000 0.40739000 0.57964900
vn -0.70571600 0.57962800 0.40742600
vn -0.70570800 0.64264900 0.29829200
vn -0.70570900 0.70569500 0.06301000
vn -0.70569900 0.70570700 -0.06297500
vn 0.00746200 0.70322800 0.71092500
vn 0.00306300 0.54316500 0.83962000
vn 0.00742100 0.74920700 0.66229400
vn -0.00000000 0.70711000 0.70710400
vn -0.00000000 0.94960600 0.31344600
vn 0.00833900 0.97738300 0.21131200
vn 0.01254400 0.98221400 0.18734300
vn 0.01252600 0.98720600 0.15895900
vn -0.00003000 0.96591900 0.25884500
vn 0.00001700 0.98857800 -0.15070900
vn 0.00394400 0.97874000 -0.20506900
vn 0.00263400 0.96235300 -0.27179100
vn 0.00302500 0.87500200 -0.48411000
vn 0.00000100 0.88342700 -0.46856900
vn 0.00309200 0.76014300 -0.64974800
vn 0.00345700 0.53462100 -0.84508500
vn 0.00262500 0.63346700 -0.77376500
vn -0.00000900 0.02517100 -0.99968300
vn 0.00335400 0.17766400 -0.98408600
vn 0.00398500 0.06009700 -0.99818500
vn 0.00481600 0.29813500 -0.95451200
vn 0.00000800 0.46817100 -0.88363800
vn 0.00613300 -0.16315700 -0.98658100
vn 0.00488900 -0.44783200 -0.89410400
vn 0.00483000 -0.44799800 -0.89402200
vn 0.00624600 -0.27046300 -0.96271000
vn 0.00290600 -0.87177100 -0.48990500
vn 0.00256900 -0.77214100 -0.63544600
vn 0.00088800 -0.66695200 -0.74510000
vn 0.00008300 -0.52598700 -0.85049200
vn 0.00376500 -0.97934600 0.20215700
vn 0.00005600 -0.99955800 -0.02972600
vn 0.00584700 -0.99257600 0.12148400
vn 0.00221400 -0.96253900 -0.27113500
vn -0.00001300 -0.87723000 -0.48007000
vn -0.00000100 0.44098200 0.89751600
vn -0.00000000 0.25884400 0.96591900
vn -0.00000000 0.25884400 0.96591900
vn 0.00000000 -0.25884500 0.96591900
vn 0.00000000 -0.25884500 0.96591900
vn 0.00000000 -0.25884500 0.96591900
vn 0.00000000 -0.25884500 0.96591900
vn 0.00000000 -0.25884500 0.96591900
vn 0.00000000 -0.25884500 0.96591900
vn 0.00229700 -0.68469300 0.72882800
vn 0.00000000 -0.66166200 0.74980200
vn 0.00154900 -0.73830500 0.67446600
vn 0.00153900 -0.85498100 0.51865600
vn 0.00666400 -0.90441900 0.42659200
vn 0.01384800 -0.92351900 0.38330200
vn -0.70570500 0.64264900 -0.29830000
vn -0.70570500 0.57963800 -0.40743200
vn -0.70570200 0.40740400 -0.57966100
vn -0.70569700 0.29830100 -0.64265800
vn -0.70569600 0.06300800 -0.70570800
vn -0.70569300 -0.06302100 -0.70571000
vn -0.70569800 -0.29828000 -0.64266600
vn -0.70570700 -0.40740200 -0.57965700
vn -0.70570700 -0.57965000 -0.40741100
vn -0.70570500 -0.64265800 -0.29828000
vn -0.70570200 -0.70570100 -0.06301500
vn -0.70570400 -0.70569900 0.06301000
vn -0.70570800 -0.64265000 0.29829000
vn -0.70571600 -0.57964500 0.40740200
vn -0.70571700 -0.40741400 0.57963600
vn -0.70571900 -0.29832700 0.64262100
vn -0.70571800 -0.06302600 0.70568400
vn -0.70572000 0.06298700 0.70568600
vn -0.70571700 0.29826800 0.64265100
vn -0.70571200 0.40743600 0.57962500
vn -0.70571500 0.57964900 0.40739900
vn -0.70571200 0.64265900 0.29825900
vn -0.70570500 0.70569800 0.06302200
vn -0.70570300 0.70570200 -0.06299400
vn -0.26675700 0.20012400 0.94275700
vn -0.47558400 0.36980700 0.79816200
vn -0.39313500 0.28688700 0.87357900
vn -0.57216600 0.44520000 0.68878400
vn -0.70651100 0.55480600 0.43935400
vn -0.70654500 0.55480000 0.43930700
vn -0.57006400 0.43328600 0.69806200
vn -0.24546300 -0.18188400 0.95219000
vn -0.42242800 -0.34775500 0.83703100
vn -0.42250500 -0.34782800 0.83696200
vn -0.23715700 -0.18094500 0.95447100
vn -0.63998600 -0.50567100 0.57854500
vn -0.65852300 -0.55038600 0.51324800
vn -0.56508700 -0.45936000 0.68532100
vn -0.74713100 -0.59768900 0.29079800
vn -0.75864600 -0.62239000 0.19257800
vn -0.73369100 0.55401800 0.39339700
vn -0.76067900 0.60633100 0.23179800
vn -0.21745000 0.14039100 0.96592200
vn -0.22823500 0.12208200 0.96592200
vn -0.23747000 0.10299400 0.96591900
vn -0.24508400 0.08325300 0.96592100
vn -0.25107200 0.06291600 0.96592200
vn -0.25537800 0.04220100 0.96592000
vn -0.25798400 0.02106100 0.96592000
vn -0.25884400 -0.00007700 0.96591900
vn -0.25797000 -0.02126600 0.96591900
vn -0.25537300 -0.04230600 0.96591700
vn -0.25105600 -0.06302100 0.96591900
vn -0.24503400 -0.08340200 0.96592100
vn -0.23738300 -0.10317900 0.96592100
vn -0.22813700 -0.12225900 0.96592200
vn -0.21736400 -0.14052300 0.96592200
vn -0.59405200 0.38360900 0.70706900
vn -0.60432000 0.36722200 0.70706800
vn -0.62345200 0.33370800 0.70706900
vn -0.63234500 0.31653300 0.70706900
vn -0.64867700 0.28154900 0.70707000
vn -0.65611800 0.26375100 0.70706700
vn -0.66954800 0.22751900 0.70706400
vn -0.67552000 0.20912400 0.70706400
vn -0.68592600 0.17194300 0.70706600
vn -0.69035200 0.15316300 0.70707600
vn -0.69768200 0.11522300 0.70708100
vn -0.70056100 0.09615100 0.70708500
vn -0.70477000 0.05772900 0.70708300
vn -0.70608200 0.03852800 0.70708100
vn -0.70713400 -0.00020200 0.70708000
vn -0.70686700 -0.01949200 0.70707800
vn -0.70475200 -0.05802600 0.70707700
vn -0.70290000 -0.07727600 0.70707800
vn -0.69763400 -0.11552500 0.70707900
vn -0.69421800 -0.13456000 0.70707400
vn -0.68585200 -0.17222400 0.70706900
vn -0.68088800 -0.19091300 0.70706800
vn -0.66944500 -0.22779700 0.70707300
vn -0.66296300 -0.24601800 0.70707500
vn -0.64855200 -0.28182900 0.70707300
vn -0.64060500 -0.29945600 0.70707200
vn -0.62331100 -0.33396000 0.70707400
vn -0.61394500 -0.35088500 0.70707300
vn -0.59386000 -0.38390500 0.70707000
vn -0.58316800 -0.39996100 0.70706900
vn -0.54339800 -0.42052100 0.72655400
vn -0.78164100 0.56750200 0.25880200
vn -0.82545700 0.50163900 0.25880200
vn -0.86375100 0.43238900 0.25879300
vn -0.89624300 0.36023600 0.25880400
vn -0.92272200 0.28566000 0.25880900
vn -0.94300500 0.20919500 0.25880300
vn -0.95697200 0.13129400 0.25877900
vn -0.96450600 0.05252600 0.25878500
vn -0.96556700 -0.02659700 0.25879000
vn -0.96015000 -0.10553500 0.25879400
vn -0.94829000 -0.18376700 0.25879600
vn -0.93006300 -0.26078500 0.25879400
vn -0.90560300 -0.33602300 0.25878700
vn -0.87505400 -0.40903100 0.25879500
vn -0.83864400 -0.47927500 0.25878800
vn -0.79659800 -0.54630700 0.25880400
vn -0.78141700 -0.56788100 0.25864800
vn -0.72042900 -0.59474900 0.35672800
vn 0.58614500 -0.77943200 0.22117800
vn 0.44901400 -0.86882500 0.20863600
vn -0.07366400 -0.34909000 0.93419000
vn 0.23971200 -0.95076700 0.19642100
vn -0.20286800 -0.19026100 0.96054400
vn -0.06440200 -0.55581800 0.82880500
vn -0.05987500 -0.55682100 0.82847200
vn 0.05725800 -0.69852400 0.71329200
vn 0.09395200 -0.82347000 0.55952700
vn 0.11629100 -0.86875500 0.48139600
vn 0.15761400 -0.90655100 0.39156600
vn -0.24022100 -0.19876100 0.95015100
vn -0.07764000 -0.55605900 0.82750800
vn -0.07292100 -0.55726700 0.82712500
vn 0.11397800 -0.81950700 0.56162000
vn 0.10699100 -0.82009000 0.56214300
vn 0.28416100 -0.93799700 0.19853200
vn 0.33120800 -0.92207900 0.20017800
vn 0.12687600 -0.81542100 0.56479400
vn 0.13395000 -0.81465800 0.56426000
vn -0.08597900 -0.55772100 0.82556300
vn -0.09077600 -0.55634200 0.82598000
vn -0.29430600 -0.19403400 0.93580700
vn 0.14574300 -0.81039400 0.56746800
vn 0.16192400 -0.80495000 0.57082100
vn 0.15151400 -0.80962800 0.56705000
vn 0.16825300 -0.80398900 0.57034400
vn -0.09825200 -0.55786300 0.82409700
vn -0.10819600 -0.55852200 0.82240300
vn -0.10216900 -0.55661900 0.82446200
vn -0.11243800 -0.55703600 0.82284200
vn -0.33159400 -0.19768300 0.92247900
vn -0.35684500 -0.20201800 0.91205800
vn 0.37587200 -0.90498300 0.19931500
vn 0.40482000 -0.89117600 0.20475800
vn 0.18010300 -0.79841000 0.57454700
vn 0.18823200 -0.79678600 0.57419600
vn -0.11934700 -0.55866000 0.82076500
vn -0.12464400 -0.55678100 0.82125400
vn -0.40637100 -0.19620900 0.89239300
vn 0.50724600 -0.83690000 0.20567000
vn 0.54189000 -0.81185600 0.21735800
vn 0.20100200 -0.78974500 0.57956900
vn 0.22190300 -0.77977400 0.58541600
vn 0.20929500 -0.78771700 0.57939400
vn 0.23039800 -0.77725600 0.58548300
vn -0.13145700 -0.55870200 0.81888400
vn -0.14313700 -0.55830900 0.81719200
vn -0.13687000 -0.55662700 0.81941000
vn -0.14842000 -0.55605700 0.81778500
vn -0.08293600 -0.53164100 0.84289900
vn -0.11917500 -0.52220000 0.84445500
vn 0.29192100 -0.74192200 0.60360000
vn 0.26373700 -0.74705000 0.61021200
vn -0.44455600 -0.20197000 0.87268400
vn -0.47413800 -0.20504300 0.85624200
vn -0.46822900 -0.16360600 0.86832900
vn 0.65139300 -0.72825600 0.21290900
vn 0.70822000 -0.67079400 0.22013800
vn 0.44276300 -0.65361400 0.61379900
vn 0.49830300 -0.61094000 0.61518100
vn 0.44371700 -0.66406400 0.60177600
vn 0.52888700 -0.60059800 0.59963300
vn 0.14062700 -0.44881900 0.88248800
vn 0.21268200 -0.40962200 0.88711700
vn 0.14431200 -0.47204500 0.86968300
vn 0.25179700 -0.42541400 0.86926500
vn -0.18999800 -0.15206400 0.96993700
vn -0.11277300 -0.12625500 0.98556700
vn 0.63165100 -0.74557500 0.21245000
vn 0.35907300 -0.69818200 0.61936100
vn 0.38991400 -0.69877300 0.59973700
vn 0.01272000 -0.48826600 0.87260200
vn 0.06195100 -0.50964500 0.85815200
vn -0.33492800 -0.16821200 0.92710700
vn 0.85196100 -0.48952400 0.18582000
vn 0.71971000 -0.67961100 0.14193700
vn 0.71060000 -0.66392100 0.23293100
vn 0.59184600 -0.79961000 0.10169800
vn 0.38835800 -0.91926800 0.06422100
vn 0.47529400 -0.87151900 0.12062600
vn 0.88086800 -0.35802100 0.30966400
vn 0.93641700 -0.28404700 0.20601100
vn 0.43736000 -0.88070900 0.18184400
vn 0.41134800 -0.88130300 0.23259100
vn 0.37724300 -0.88389300 0.27644500
vn 0.33927300 -0.88608800 0.31582000
vn 0.29525200 -0.89082800 0.34532700
vn 0.66818000 -0.65892500 0.34547400
vn 0.60964600 -0.65992600 0.43912400
vn 0.53626300 -0.66407400 0.52098700
vn 0.45232400 -0.66714700 0.59187700
vn 0.35757500 -0.67453200 0.64586800
vn 0.81260600 -0.35209500 0.46443600
vn 0.72804800 -0.35225200 0.58810300
vn 0.62374800 -0.35585700 0.69592000
vn 0.50342700 -0.35706500 0.78680700
vn 0.36443100 -0.33408400 0.86924000
vn 0.21198100 -0.36275300 0.90745500
vn 0.25573900 -0.68080400 0.68637000
vn 0.24819200 -0.89559900 0.36919200
vn 0.07741300 -0.37542900 0.92361300
vn 0.14888500 -0.69196100 0.70641600
vn 0.19794900 -0.90304200 0.38122300
vn 0.71396400 -0.55895800 0.42168900
vn 0.17504200 -0.23208000 0.95681700
vn 0.23928700 -0.13755300 0.96115600
vn 0.83868300 -0.43016300 0.33402100
vn 0.71643800 -0.42769400 0.55117500
vn 0.58373500 -0.46267900 0.66721900
vn 0.57468200 -0.33971500 0.74453700
vn 0.38205800 -0.36411600 0.84938200
vn 0.38201400 -0.36421100 0.84936200
vn 0.42636400 -0.29836800 0.85392600
vn 0.30493500 -0.39104800 0.86838700
vn 0.59111900 -0.80176000 0.08808600
vn 0.48350800 -0.86832000 0.11063800
vn 0.84753700 -0.45146200 0.27904100
vn 0.87295900 -0.46639800 0.14288200
vn 0.93321700 -0.22492400 0.28020500
vn 0.72071100 -0.66087000 0.20934900
vn 0.80908600 -0.02573800 0.58712700
vn 0.59088900 -0.01267200 0.80665300
vn 0.67307200 -0.08589000 0.73457200
vn 0.24351700 -0.04651200 0.96878100
vn 0.24487200 -0.01431700 0.96945000
vn 0.49972500 -0.16003300 0.85127200
vn 0.81814900 -0.27393200 0.50556200
vn 0.67148100 -0.12434200 0.73051600
vn 0.93921100 -0.11896400 0.32207100
vn 0.19010800 -0.96442200 0.18370800
vn 0.07754800 -0.95202900 0.29602000
vn 0.04612600 -0.25534000 0.96575000
vn 0.58439000 -0.31018900 0.74984700
vn 0.21076700 -0.30672100 0.92817000
vn 0.77452400 -0.28939700 0.56246100
vn 0.64733700 -0.59074600 0.48163600
vn 0.55982700 -0.46663000 0.68472600
vn 0.29661800 -0.95068400 0.09065600
vn 0.53109000 -0.75729300 0.38006800
vn 0.04503400 -0.42483100 0.90415200
vn 0.16838900 -0.51375200 0.84125200
vn 0.28169500 -0.72544300 0.62799700
vn 0.06185700 -0.62040400 0.78183900
vn 0.07299700 -0.74118000 0.66732600
vn 0.25838100 -0.80101800 0.54000800
vn 0.09172200 -0.82114800 0.56329700
vn 0.25990000 0.01548100 0.96551100
vn 0.47228600 0.01593900 0.88130100
vn 0.67417800 0.00788100 0.73852700
vn 0.79910100 0.01056200 0.60110400
vn 0.93019800 0.00381700 0.36704000
vn -0.05569800 -0.25378000 0.96565700
vn -0.06071000 -0.48220400 0.87395300
vn 0.04381000 -0.38141400 0.92336500
vn -0.04022300 -0.43440500 0.89981900
vn 0.01478700 -0.83151700 0.55530300
vn 0.01482000 -0.83151800 0.55530000
vn 0.03002900 -0.92209300 0.38580200
vn 0.00288000 -0.93848100 0.34531900
vn -0.03575000 -0.93956800 0.34049200
vn 0.00776700 -0.19464500 0.98084300
vn -0.01922300 -0.55574200 0.83113300
vn -0.00423200 -0.55540400 0.83157000
vn 0.00320200 -0.55539500 0.83158000
vn 0.02586900 -0.55562100 0.83103300
vn -0.06497100 -0.54001400 0.83914500
vn 0.00238900 -0.83156300 0.55542600
vn 0.00237500 -0.83156300 0.55542500
vn 0.00660500 -0.83144600 0.55556600
vn -0.01023100 -0.83140700 0.55556900
vn -0.09286900 -0.82037200 0.56423900
vn -0.09185400 -0.82112200 0.56331300
vn -0.10547500 -0.97465600 0.19728100
vn 0.61352100 0.01394200 0.78955500
vn 0.13259800 0.02014400 0.99096500
vn 0.34727300 -0.00333300 0.93775800
vn 0.34804600 -0.01396300 0.93737300
vn -0.11012300 -0.01441400 0.99381300
vn 0.82905500 0.01038000 0.55907000
vn 0.94837000 0.00102000 0.31716400
vn 0.94825500 -0.00384800 0.31748600
vn 0.86082700 -0.01243300 0.50874500
vn -0.08345500 -0.01873700 0.99633500
vn 0.37799700 -0.03037400 0.92530800
vn 0.56201100 -0.02262900 0.82682000
vn 0.92607400 -0.00370000 0.37732400
vn 0.79927400 -0.01056400 0.60087400
vn 0.71848700 -0.00989400 0.69547000
vn 0.71805700 -0.00257800 0.69598000
vn 0.19334400 -0.01131600 0.98106600
vn 0.41810900 -0.03372300 0.90777100
vn 0.47268500 -0.01594500 0.88108700
vn 0.67416500 -0.00782200 0.73853900
vn -0.38097300 -0.29086300 0.87764400
vn -0.77089500 -0.29463700 0.56472000
vn -0.93585900 -0.24598900 0.25230400
vn -0.84753800 -0.45145100 0.27905500
vn -0.62435900 -0.65649800 0.42330300
vn -0.19010800 -0.96442300 0.18370500
vn -0.30377400 -0.79635500 0.52301100
vn -0.30515900 -0.79553900 0.52344500
vn -0.16580700 -0.51627600 0.84021800
vn -0.55988600 -0.46657800 0.68471300
vn -0.51295000 -0.77033900 0.37876000
vn -0.29661500 -0.95068500 0.09065300
vn -0.74371300 -0.64215800 0.18580500
vn -0.63915100 -0.73799700 0.21644200
vn -0.35228100 -0.93548100 0.02780700
vn 0.51363500 0.02850100 0.85753500
vn 0.84924600 0.04508300 0.52606900
vn -0.75868900 -0.63460800 0.14718400
vn -0.50952100 -0.85490800 0.09757400
vn -0.70732100 -0.69836600 0.10946200
vn -0.88335300 -0.44624800 0.14335400
vn -0.93797600 -0.21894300 0.26882200
vn -0.35500000 -0.93394900 0.04139100
vn -0.81700100 -0.56258200 0.12653100
vn 0.25291300 0.16398500 0.95349000
vn 0.24240500 0.06880300 0.96773200
vn 0.56552900 0.22620300 0.79310100
vn 0.40431200 0.30823900 0.86111600
vn 0.59715700 0.35506500 0.71925800
vn 0.77028100 0.29965200 0.56291800
vn 0.68511800 0.46821500 0.55802100
vn 0.80985000 0.49393600 0.31649800
vn 0.92481100 0.22716000 0.30516100
vn 0.66997600 0.12420100 0.73191900
vn 0.66643200 0.16434600 0.72722700
vn 0.24305200 0.04653700 0.96889600
vn -0.19421800 -0.95946200 0.20423500
vn -0.08417400 -0.82428800 0.55987800
vn -0.08407500 -0.82429400 0.55988400
vn -0.07985500 -0.82536900 0.55891800
vn -0.07989900 -0.82534700 0.55894400
vn -0.07979600 -0.82537800 0.55891400
vn -0.10381700 -0.82034600 0.56236500
vn 0.03633700 -0.55490400 0.83112000
vn 0.05370300 -0.55603000 0.82942600
vn -0.00010500 -0.54800300 0.83647600
vn -0.19705100 -0.96043500 0.19681200
vn -0.21544500 -0.95750500 0.19174700
vn -0.23373500 -0.95482400 0.18351600
vn -0.29444700 -0.89105800 0.34542200
vn -0.33716600 -0.88673600 0.31625700
vn -0.37455800 -0.88443500 0.27835500
vn -0.40804600 -0.88206700 0.23549000
vn -0.13309100 -0.81756800 0.56024100
vn -0.17495200 -0.81200600 0.55681000
vn -0.20885100 -0.81017800 0.54771600
vn -0.25380500 -0.80243300 0.54007800
vn -0.28530900 -0.80093300 0.52640900
vn -0.36815000 -0.67386800 0.64060000
vn -0.45913300 -0.66703100 0.58674200
vn -0.53994700 -0.66430800 0.51686800
vn -0.61105100 -0.66027000 0.43664700
vn -0.05097700 -0.54650900 0.83590000
vn -0.11559200 -0.54137700 0.83279600
vn -0.17382800 -0.54195000 0.82223700
vn -0.24377000 -0.53125100 0.81138700
vn -0.29785800 -0.53159200 0.79290000
vn -0.39166400 -0.52892800 0.75288400
vn -0.38490200 -0.27264200 0.88176900
vn -0.50553300 -0.39293600 0.76813900
vn -0.60049500 -0.52003600 0.60742700
vn -0.64247600 -0.26777200 0.71799900
vn -0.74539700 -0.32611100 0.58140800
vn -0.57072500 -0.16830200 0.80370800
vn -0.19592900 -0.18201900 0.96357700
vn -0.03665200 -0.18837600 0.98141300
vn 0.10603400 -0.18846000 0.97634000
vn 0.17820700 -0.18893700 0.96568400
vn -0.82238900 -0.35118200 0.44760200
vn -0.66832300 -0.65927700 0.34452700
vn -0.43458700 -0.88117000 0.18620600
vn -0.86231900 -0.39702600 0.31428800
vn -0.72177000 -0.64916000 0.24008200
vn -0.46495700 -0.87443200 0.13850200
vn -0.90699300 -0.17902400 0.38120100
vn -0.02669700 0.29111800 0.95631500
vn 0.20394700 0.44012000 0.87447100
vn 0.20398400 0.44009700 0.87447400
vn 0.18452600 0.44745200 0.87506400
vn 0.19586200 0.30446100 0.93217000
vn 0.19589200 0.30458700 0.93212300
vn 0.68500900 0.69579100 0.21595400
vn 0.65592200 0.72294400 0.21706800
vn 0.65931200 0.57539700 0.48396800
vn 0.48754700 0.63204900 0.60233800
vn 0.50304000 0.50992200 0.69780400
vn -0.05118500 0.13133000 0.99001600
vn 0.25728300 0.40887900 0.87557000
vn 0.44355500 0.65715900 0.60942600
vn -0.57975600 -0.78548000 0.21657300
vn -0.25078400 -0.76138600 0.59782800
vn -0.28805400 -0.74563200 0.60088100
vn -0.23583600 -0.77421800 0.58734000
vn 0.30601200 -0.38168900 0.87216400
vn 0.09310000 -0.53646800 0.83876900
vn 0.15153800 -0.55620300 0.81711400
vn -0.55579200 -0.80358600 0.21294400
vn -0.51163400 -0.83290400 0.21095300
vn -0.45385900 -0.86449700 0.21600300
vn -0.41182400 -0.88640200 0.21140600
vn -0.37095700 -0.90608800 0.20345800
vn -0.32873100 -0.92133800 0.20753700
vn -0.28032900 -0.93800200 0.20388300
vn -0.22783200 -0.77718600 0.58657800
vn -0.21647900 -0.78423400 0.58147500
vn -0.20668800 -0.78723700 0.58098000
vn -0.19407900 -0.79431500 0.57567000
vn -0.18464200 -0.79669800 0.57548200
vn -0.17315400 -0.80213100 0.57149200
vn -0.16581200 -0.80367100 0.57150600
vn -0.15632100 -0.80807500 0.56796000
vn -0.14956200 -0.80933700 0.56798400
vn -0.13819000 -0.81346900 0.56495200
vn -0.12994300 -0.81465500 0.56520100
vn -0.11714900 -0.81875400 0.56206600
vn -0.10929500 -0.81962100 0.56238400
vn -0.09621600 -0.82306700 0.55973500
vn -0.08849300 -0.82370200 0.56007500
vn -0.08847100 -0.82370400 0.56007500
vn 0.14627300 -0.55745300 0.81722100
vn 0.14105100 -0.55675800 0.81861100
vn 0.13448700 -0.55831700 0.81865500
vn 0.12821200 -0.55700300 0.82055400
vn 0.12170400 -0.55845000 0.82056200
vn 0.11554100 -0.55734800 0.82220100
vn 0.11049700 -0.55839000 0.82218700
vn 0.10520600 -0.55684400 0.82392700
vn 0.10046600 -0.55772800 0.82392100
vn 0.09372400 -0.55652300 0.82552900
vn 0.08788200 -0.55766200 0.82540300
vn 0.07992800 -0.55619300 0.82720100
vn 0.07429800 -0.55722000 0.82703400
vn 0.06589100 -0.55587700 0.82864900
vn 0.06052200 -0.55677300 0.82845700
vn 0.21299200 -0.18895700 0.95860800
vn 0.26282800 -0.19456600 0.94502200
vn 0.30795900 -0.19510500 0.93117900
vn 0.34602600 -0.19585700 0.91755400
vn 0.38042800 -0.19760700 0.90345200
vn 0.42232400 -0.19697600 0.88478400
vn 0.46525100 -0.19792500 0.86276700
vn 0.50092500 -0.19884000 0.84234000
vn -0.23100000 -0.95272800 0.19735400
vn 0.61489400 0.75786200 0.21806000
vn 0.57778900 0.78613500 0.21943700
vn 0.40010900 0.68644900 0.60720700
vn 0.28711800 0.74664500 0.60007100
vn 0.33757700 0.71541200 0.61174100
vn 0.24797600 0.76307300 0.59684800
vn 0.07577100 0.48866400 0.86917500
vn -0.09280800 0.53615400 0.83900300
vn -0.14636100 0.35492000 0.92336900
vn -0.30450200 0.38098400 0.87300000
vn -0.07003900 -0.49033700 0.86871400
vn 0.15088900 -0.35644100 0.92205300
vn -0.07008700 -0.32182200 0.94420200
vn -0.61439000 -0.75834900 0.21778900
vn -0.33613100 -0.71676600 0.61095200
vn -0.64373300 -0.73389800 0.21679700
vn -0.57114200 -0.66665200 0.47892800
vn -0.57108700 -0.66664200 0.47900700
vn -0.39645000 -0.68837700 0.60742500
vn -0.41974500 -0.67110200 0.61109400
vn -0.20216700 -0.25716300 0.94498400
vn -0.33373400 -0.38183200 0.86187300
vn -0.36234500 -0.52172500 0.77234000
vn -0.67789400 -0.66204600 0.31961600
vn -0.58215100 -0.60197300 0.54656100
vn -0.49048900 -0.50725600 0.70859900
vn 0.53731400 0.81499900 0.21695600
vn -0.48759200 0.10305600 0.86696800
vn -0.45042200 0.19832400 0.87051000
vn -0.26653300 0.40035700 0.87674100
vn -0.44674500 0.22205400 0.86666700
vn -0.39048000 0.43333900 0.81224600
vn -0.26826700 0.53741800 0.79950900
vn -0.13237600 0.55391200 0.82198400
vn 0.08145200 0.71529800 0.69405600
vn -0.22268900 0.65239500 0.72442400
vn 0.34020200 0.83287700 0.43655200
vn 0.21217800 0.79499400 0.56830000
vn -0.13294500 0.76545500 0.62960700
vn 0.53122600 0.83746500 0.12826000
vn 0.46408100 0.84917300 0.25206000
vn 0.34357700 0.84551600 0.40872700
vn 0.23013500 0.77728400 0.58554800
vn 0.22042900 0.78062600 0.58483600
vn -0.14849200 0.55638500 0.81754800
vn -0.14199900 0.55800500 0.81759800
vn -0.49049900 0.19857300 0.84851600
vn -0.71054000 -0.65541000 0.25606800
vn -0.65309200 -0.59617300 0.46695700
vn -0.57583600 -0.52555300 0.62626400
vn -0.45610800 -0.41712700 0.78611100
vn -0.10461100 -0.02018300 0.99430800
vn -0.19237600 -0.09665000 0.97655000
vn -0.33816600 -0.16713100 0.92612700
vn -0.47212100 -0.13577700 0.87101400
vn -0.43646300 0.33624400 0.83453000
vn -0.08957000 0.98493100 0.14794600
vn -0.08952600 0.98494400 0.14788600
vn -0.08882300 0.98078600 0.17369500
vn -0.34110000 0.69741600 0.63028600
vn -0.22114300 0.88720100 0.40493300
vn -0.22113200 0.88723000 0.40487400
vn -0.23568000 0.88032700 0.41167800
vn -0.18122200 0.93255900 0.31223700
vn -0.34774600 0.29259700 0.89076300
vn -0.30000000 0.47475500 0.82741000
vn -0.14414700 0.91974900 0.36507900
vn -0.24701000 0.85766500 0.45099400
vn -0.26616400 0.69836400 0.66441200
vn -0.29749600 0.67103000 0.67912800
vn -0.33167600 0.55056700 0.76607300
vn -0.21023200 0.93852900 0.27379800
vn -0.39972400 0.15184300 0.90397100
vn -0.25675100 0.12635800 0.95818200
vn -0.38543300 0.05674500 0.92099000
vn -0.77296100 0.00029500 0.63445400
vn -0.62356600 0.00040000 0.78177100
vn -0.70297300 0.08384700 0.70625600
vn -0.85140800 0.00055100 0.52450400
vn -0.90904500 0.09750200 0.40513000
vn -0.96066700 0.00078600 0.27770300
vn -0.58274500 0.78219100 0.22042000
vn -0.51992700 0.83969000 0.15683100
vn -0.46388500 0.83338100 0.30047800
vn -0.40743900 0.84330200 0.35047800
vn -0.38244000 0.83907800 0.38689600
vn -0.21217100 0.79499000 0.56830900
vn -0.06134300 0.70338900 0.70815300
vn 0.32050700 0.33242300 0.88700100
vn 0.47221500 0.20511100 0.85728800
vn 0.14802100 0.55605700 0.81785700
vn 0.14250400 0.55837600 0.81725700
vn -0.22979200 0.77761800 0.58524000
vn -0.22082900 0.78027700 0.58515200
vn 0.46775400 0.16358900 0.86858800
vn 0.08290600 0.53161200 0.84292000
vn 0.11905100 0.52222600 0.84445700
vn -0.29182100 0.74202700 0.60352100
vn -0.26348300 0.74720900 0.61012700
vn -0.53964500 0.81508400 0.21076400
vn -0.66700400 0.71478000 0.21022700
vn -0.62774600 0.64213700 0.43999400
vn -0.45956200 0.63632100 0.61959600
vn -0.48751900 0.64011600 0.59378200
vn -0.43975600 0.49835000 0.74716900
vn -0.16487600 0.42368100 0.89067900
vn -0.21552100 0.45154900 0.86582600
vn -0.31985200 0.36668200 0.87363600
vn -0.31983000 0.36659100 0.87368200
vn 0.16203600 0.12319000 0.97906500
vn -0.02585200 0.15651000 0.98733800
vn -0.63162200 0.74560700 0.21242700
vn -0.35907400 0.69818400 0.61935900
vn -0.38991600 0.69877500 0.59973200
vn -0.01275200 0.48825500 0.87260800
vn -0.06192600 0.50967200 0.85813700
vn 0.33495800 0.16822000 0.92709500
vn -0.73161700 -0.11997200 0.67107600
vn -0.84407300 0.00051200 0.53622900
vn -0.91713700 -0.10471500 0.38457100
vn -0.91707100 -0.10471000 0.38472800
vn -0.98723500 -0.00440000 0.15921300
vn -0.34085300 -0.08187800 0.93654400
vn -0.54873100 0.08424200 0.83174400
vn -0.80434600 -0.00093300 0.59416100
vn -0.06671900 0.02238600 0.99752100
vn -0.19238200 0.09664400 0.97655000
vn -0.35985700 0.14076600 0.92232800
vn -0.45884700 0.43079800 0.77709200
vn -0.59994000 0.54850800 0.58241900
vn -0.70814000 0.65066700 0.27417100
vn 0.57147200 0.42455300 -0.70226400
vn 0.57146000 0.42456700 -0.70226500
vn 0.56233100 0.42895900 -0.70694900
vn 0.58745300 0.39385100 -0.70695100
vn 0.63089100 0.31968500 -0.70694900
vn 0.64923000 0.28058300 -0.70694700
vn 0.67846900 0.19977400 -0.70694400
vn 0.68939900 0.15799600 -0.70694200
vn 0.70347400 0.07321400 -0.70694000
vn 0.70663800 0.03018200 -0.70693200
vn 0.70508600 -0.05580300 -0.70692300
vn 0.70036800 -0.09872300 -0.70692200
vn 0.68321500 -0.18294700 -0.70692900
vn 0.67077300 -0.22430600 -0.70693000
vn 0.63861800 -0.30400900 -0.70692700
vn 0.61887200 -0.34241400 -0.70693000
vn 0.57276100 -0.41494900 -0.70693900
vn 0.54637000 -0.44912400 -0.70694300
vn 0.48786200 -0.51208600 -0.70693600
vn 0.45570500 -0.54090600 -0.70693300
vn 0.38668300 -0.59221900 -0.70693200
vn 0.36839400 -0.60357100 -0.70709800
vn 0.27270300 -0.65258800 -0.70693800
vn 0.27274900 -0.65257100 -0.70693600
vn 0.31243300 -0.63596600 -0.70564300
vn 0.23239000 -0.66800200 -0.70694300
vn 0.14963500 -0.69125700 -0.70694600
vn 0.10717900 -0.69909400 -0.70695100
vn 0.02159400 -0.70693300 -0.70695000
vn -0.02159000 -0.70693300 -0.70695100
vn -0.10723400 -0.69908900 -0.70694800
vn -0.14966100 -0.69125600 -0.70694200
vn -0.23238900 -0.66800300 -0.70694200
vn -0.27272000 -0.65258500 -0.70693500
vn -0.34990600 -0.61466300 -0.70693400
vn -0.38672300 -0.59219000 -0.70693400
vn -0.49185200 -0.56146600 -0.66546000
vn -0.45443300 -0.54199100 -0.70692000
vn -0.55000800 -0.52390200 -0.65039800
vn -0.58852500 -0.47950300 -0.65093400
vn -0.56521900 -0.42488600 -0.70710700
vn -0.61886700 -0.34239200 -0.70694500
vn -0.61883100 -0.34245600 -0.70694500
vn -0.59798900 -0.38006800 -0.70566100
vn -0.63861000 -0.30400200 -0.70693700
vn -0.67076700 -0.22429400 -0.70694000
vn -0.68318900 -0.18299500 -0.70694100
vn -0.70035800 -0.09872400 -0.70693200
vn -0.70507500 -0.05579300 -0.70693400
vn -0.70663000 0.03014600 -0.70694100
vn -0.70347700 0.07315100 -0.70694400
vn -0.68940300 0.15799400 -0.70693800
vn -0.67847600 0.19977200 -0.70693800
vn -0.64922600 0.28059400 -0.70694600
vn -0.63089100 0.31968500 -0.70694900
vn -0.58746600 0.39384400 -0.70694400
vn -0.56232800 0.42897400 -0.70694300
vn -0.57152000 0.42449400 -0.70226000
vn -0.57147200 0.42455000 -0.70226600
vn 0.64974600 0.28187800 -0.70595700
vn 0.68651100 0.17412900 -0.70596200
vn 0.70671900 -0.04642300 -0.70596900
vn 0.69015000 -0.15903200 -0.70597600
vn 0.60727200 -0.36445400 -0.70597100
vn 0.54104400 -0.45703200 -0.70596900
vn 0.37345300 -0.60178200 -0.70596800
vn 0.27220700 -0.65384400 -0.70596800
vn 0.06780900 -0.70547500 -0.70548300
vn -0.03480300 -0.70667500 -0.70668100
vn 0.03474700 -0.70667700 -0.70668300
vn -0.06776400 -0.70547900 -0.70548400
vn -0.27221100 -0.65384900 -0.70596200
vn -0.37342800 -0.60180300 -0.70596400
vn -0.54103000 -0.45704300 -0.70597300
vn -0.60727600 -0.36441800 -0.70598600
vn -0.69012400 -0.15907700 -0.70599100
vn -0.70670000 -0.04644400 -0.70598700
vn -0.68649000 0.17414700 -0.70597800
vn -0.64972900 0.28189200 -0.70596700
vn -0.22194500 -0.67214400 -0.70637400
vn -0.30667800 -0.63795700 -0.70637000
vn -0.43790300 -0.55750700 -0.70528500
vn -0.48582800 -0.51381700 -0.70708100
vn 0.48583100 -0.51380500 -0.70708700
vn 0.43785000 -0.55754400 -0.70528900
vn 0.30667500 -0.63795900 -0.70637000
vn 0.22193300 -0.67215100 -0.70637000
vn 0.66142800 -0.19670300 -0.72375400
vn 0.66121600 -0.25188600 -0.70664500
vn 0.63716100 -0.30693500 -0.70697700
vn 0.61943200 -0.34131700 -0.70697000
vn 0.57860600 -0.40671000 -0.70696700
vn 0.55549800 -0.43774400 -0.70696700
vn -0.55549900 -0.43774100 -0.70696800
vn -0.57859600 -0.40670800 -0.70697600
vn -0.61942000 -0.34131200 -0.70698300
vn -0.63715900 -0.30692300 -0.70698400
vn -0.66677900 -0.23576000 -0.70698200
vn -0.67867500 -0.19895100 -0.70697900
vn -0.69630100 -0.12390000 -0.70697600
vn -0.70203600 -0.08563500 -0.70697400
vn -0.70718500 -0.00872300 -0.70697400
vn -0.70660600 0.02996100 -0.70697300
vn -0.69915000 0.10668800 -0.70697000
vn -0.69226400 0.14476300 -0.70697500
vn -0.67238800 0.21924500 -0.70698400
vn -0.65939000 0.25568700 -0.70698600
vn -0.62765300 0.32593700 -0.70697700
vn -0.60889200 0.35977300 -0.70697500
vn -0.56611300 0.42390900 -0.70697800
vn -0.54208300 0.45423200 -0.70697900
vn -0.48943600 0.51052700 -0.70697600
vn -0.46077800 0.53653900 -0.70697200
vn -0.39964700 0.58349900 -0.70697300
vn -0.36714300 0.60447400 -0.70697700
vn -0.29916500 0.64084400 -0.70697900
vn -0.26367800 0.65623900 -0.70698200
vn -0.19068000 0.68104300 -0.70698100
vn -0.15315700 0.69045500 -0.70697600
vn -0.07710600 0.70302700 -0.70697000
vn -0.03854100 0.70619300 -0.70696900
vn 0.03854600 0.70619000 -0.70697300
vn 0.07709800 0.70302300 -0.70697600
vn 0.15316200 0.69045500 -0.70697500
vn 0.19069100 0.68104600 -0.70697400
vn 0.26367400 0.65624800 -0.70697500
vn 0.29917100 0.64084500 -0.70697500
vn 0.36714100 0.60447800 -0.70697500
vn 0.39965100 0.58349500 -0.70697400
vn 0.46078200 0.53653500 -0.70697300
vn 0.48942700 0.51053300 -0.70697700
vn 0.54208400 0.45422300 -0.70698400
vn 0.56611100 0.42390100 -0.70698400
vn 0.60888700 0.35977500 -0.70697900
vn 0.62765500 0.32594400 -0.70697200
vn 0.65940400 0.25568700 -0.70697200
vn 0.67240900 0.21925200 -0.70696200
vn 0.69228900 0.14476100 -0.70695200
vn 0.69917000 0.10669700 -0.70694900
vn 0.70662000 0.02996700 -0.70695800
vn 0.70719200 -0.00871700 -0.70696700
vn 0.70204200 -0.08564100 -0.70696700
vn 0.67436800 -0.11667100 -0.72912000
vn 0.64943600 -0.17575100 -0.73982700
vn -0.13408200 0.35899400 0.92365900
vn 0.12107200 0.22195300 0.96751100
vn -0.07978100 0.15313100 0.98498000
vn -0.11151700 0.84461700 0.52362800
vn 0.10279200 0.77424000 0.62448800
vn -0.12972500 0.71259700 0.68947600
vn 0.10586000 0.65514400 0.74805100
vn -0.12951900 0.56805400 0.81273600
vn 0.11060700 0.51622100 0.84928300
vn 0.13797400 0.37226300 0.91781400
vn -0.04332800 0.99893000 0.01618200
vn 0.10568000 0.99313600 0.05012400
vn -0.13050900 0.97839900 0.16032300
vn 0.09916800 0.97520200 0.19785600
vn -0.13087700 0.92997600 0.34353600
vn 0.09991800 0.92844200 0.35778800
vn 0.12121000 0.86710500 0.48315300
vn 0.09098500 -0.99542900 0.02903700
vn -0.09592900 -0.99091900 0.09422100
vn 0.10069700 -0.98354000 0.15003300
vn -0.05985100 -0.91521100 0.39850500
vn 0.12194500 -0.94768900 0.29498400
vn 0.12816500 -0.89189200 0.43370700
vn -0.08004200 -0.37385000 0.92402900
vn 0.11732300 -0.46767200 0.87608100
vn -0.07816900 -0.57676800 0.81316000
vn 0.11838600 -0.62057400 0.77516000
vn -0.10166200 -0.75984500 0.64210600
vn -0.10161500 -0.75977200 0.64220000
vn 0.12708400 -0.65484200 0.74500400
vn 0.11064100 -0.79905600 0.59098900
vn 0.14532300 -0.81673800 0.55840900
vn -0.11784600 -0.19248700 0.97419800
vn 0.12729400 -0.19098200 0.97330500
vn 0.15081900 -0.30890700 0.93905800
vn 0.05900100 0.99515700 0.07862700
vn 0.07848900 0.99335800 0.08414400
vn 0.05876700 0.98380400 0.16934100
vn 0.02891900 0.98978200 0.13962900
vn -0.12150200 0.98907000 0.08353600
vn 0.08438600 0.99412800 0.06773500
vn 0.09006500 0.99461800 0.05122300
vn 0.09154900 0.99522900 0.03372500
vn 0.09176000 0.99563700 0.01692900
vn 0.07456500 0.99720700 0.00424600
vn -0.09140300 -0.99327700 0.07104200
vn 0.07558500 -0.99712900 0.00461200
vn 0.03790300 -0.99842700 0.04131100
vn 0.07811100 -0.99002400 0.11726900
vn 0.00886400 -0.99515000 0.09796400
vn 0.06689200 -0.98381200 0.16625200
vn 0.09285800 -0.99552700 0.01740400
vn 0.07791500 -0.99653800 0.02900500
vn 0.08356700 -0.99361600 0.07578600
vn 0.11348100 -0.99115800 0.06875300
vn 0.99519200 0.09793900 0.00000000
vn 0.99170700 0.10112200 0.07932200
vn 0.99719500 -0.07484500 -0.00001400
vn 0.99282200 0.00012600 0.11959800
vn 0.99913400 -0.04154100 0.00239300
vn 0.99227600 -0.01096100 0.12356100
vn 0.99309600 -0.02697500 0.11416000
vn 0.99351900 -0.04269000 0.10534000
vn 0.99404700 -0.05654400 0.09312700
vn 0.99707300 -0.04994700 0.05788700
vn 0.99401300 -0.10789800 0.01718100
vn 0.99605500 -0.08395600 0.02872600
vn 0.99447800 -0.08131100 0.06634200
vn 0.99130200 -0.11524100 0.06355800
vn -0.99561800 -0.09351100 0.00000000
vn -0.99231800 -0.12365000 0.00401600
vn -0.99938100 0.03518000 -0.00053600
vn -0.99415600 -0.10655700 0.01727600
vn -0.99311500 -0.03587900 0.11151400
vn -0.99240800 -0.01745400 0.12174300
vn -0.99421300 -0.00577500 0.10726700
vn -0.98974100 0.08435300 0.11531600
vn -0.99432900 -0.10098000 0.03336000
vn -0.99448800 -0.09190800 0.05046400
vn -0.99438800 -0.08139700 0.06757300
vn -0.99416200 -0.06811300 0.08368100
vn -0.99371000 -0.05249600 0.09891900
vn -0.00000000 0.70707600 0.70713800
vn 0.00000000 0.70708400 0.70712900
vn 0.00000000 0.70708400 0.70712900
vn -0.00000000 0.70707600 0.70713800
vn -0.00000400 0.70691700 0.70729600
vn -0.00000000 0.70708900 0.70712500
vn -0.00000100 0.70711200 0.70710100
vn -0.00000000 0.70707600 0.70713800
vn -0.00000400 0.70691700 0.70729600
vn 0.00000000 0.70736000 0.70685300
vn 0.00000100 0.70736000 0.70685300
vn -0.00000400 0.70691700 0.70729600
vn 0.00000000 0.70736000 0.70685300
vn -0.00000000 0.70712100 0.70709200
vn -0.00000100 0.70711200 0.70710100
vn -0.00000000 0.70712100 0.70709200
vn -0.00000000 0.70712100 0.70709200
vn -0.00000000 0.70708900 0.70712500
vn -0.00000100 0.70711200 0.70710100
vn 0.00000000 0.70708400 0.70712900
vn -0.00000000 0.70708900 0.70712500
vn -0.69125600 -0.72209600 0.02724500
vn -0.77341500 -0.63390000 0.00000000
vn -0.90694400 -0.42096800 0.01543800
vn -0.95180000 -0.30671800 0.00000000
vn -0.74849100 -0.65565700 0.09937200
vn -0.93530900 -0.34965500 0.05421300
vn -0.75692500 -0.62406100 0.19394100
vn -0.76489000 -0.57468900 0.29099100
vn -0.74755900 -0.52809500 0.40282900
vn -0.75399000 -0.43094300 0.49577000
vn -0.74698900 -0.34214100 0.57004100
vn -0.57538500 -0.27422500 0.77054000
vn -0.51859700 -0.14044200 0.84340600
vn -0.50118200 -0.03971500 0.86443000
vn -0.93739200 -0.33197700 0.10529600
vn -0.93921600 -0.30357900 0.16035100
vn -0.93863800 -0.26946500 0.21528400
vn -0.93624300 -0.22764000 0.26763600
vn -0.93188000 -0.17757200 0.31633400
vn -0.84113400 -0.19516300 0.50438600
vn -0.83255900 -0.17833400 0.52444500
vn -0.82885400 -0.11097400 0.54834800
vn -0.81623400 -0.09278700 0.57022100
vn -0.81278300 -0.02982900 0.58180200
vn -0.79881400 -0.03732000 0.60041900
vn -0.98187400 -0.06561800 0.17781200
vn -0.98042500 -0.03558300 0.19365300
vn -0.97852400 -0.00889500 0.20594100
vn -0.44761100 0.09363900 0.88931200
vn -0.54465600 0.14736300 0.82561100
vn -0.82734800 0.07184600 0.55707500
vn -0.81992700 0.07365700 0.56771000
vn -0.98024700 0.02517600 0.19617000
vn -0.93424800 0.33100900 0.13271900
vn -0.95033000 0.30948800 0.03301200
vn -0.98056300 0.09808600 0.16993000
vn -0.37766400 0.86451700 0.33163300
vn -0.29915500 0.94411800 0.13837500
vn -0.46790500 0.61482700 0.63486400
vn -0.44461000 0.37904000 0.81157300
vn -0.53740500 0.21816700 0.81461600
vn -0.82848000 0.23579000 0.50796100
vn -0.53736600 0.59637300 0.59630300
vn -0.53733600 0.59636300 0.59633900
vn -0.50471100 0.85532700 0.11697000
vn -0.54162200 0.80108400 0.25477200
vn -0.78376500 0.55290800 0.28285100
vn -0.78371900 0.55303300 0.28273400
vn -0.70280200 0.70573200 0.08951100
vn -0.82442700 0.56037600 0.07936300
vn -0.82848500 0.32203300 0.45815600
vn -0.82039100 0.40425500 0.40439500
vn -0.87677700 0.48088700 -0.00296300
vn -0.63385100 0.77344400 -0.00419700
vn -0.32032200 0.94730900 0.00062700
vn 0.86514100 0.50147800 0.00711900
vn 0.84910600 0.52817300 0.00727100
vn 0.70965500 0.70215600 0.05801800
vn 0.82724500 0.55699700 0.07361600
vn 0.98068700 0.19558400 0.00005800
vn 0.98036900 0.19619400 0.01962200
vn 0.68359100 0.72986500 -0.00003300
vn 0.46992200 0.88270800 -0.00000900
vn 0.34156600 0.93596700 0.08543200
vn 0.19394300 0.98101200 0.00144200
vn 0.41299600 0.84229700 0.34636800
vn 0.54981200 0.74887200 0.36999600
vn 0.82892600 0.52980800 0.17940300
vn 0.82893300 0.50150100 0.24772300
vn 0.98056100 0.18128000 0.07508000
vn 0.43153700 0.63801800 0.63773700
vn 0.43928000 0.34144100 0.83093400
vn 0.54981300 0.55027500 0.62841300
vn 0.54982700 0.26792900 0.79114200
vn 0.82893600 0.42079500 0.36850700
vn 0.82893600 0.24776600 0.50147400
vn 0.82893900 0.36849300 0.42080000
vn 0.82893100 0.17943700 0.52978900
vn 0.98056400 0.13875200 0.13871300
vn 0.98056600 0.07506600 0.18126100
vn 0.46506100 0.08595500 0.88109600
vn 0.54872700 0.08386100 0.83178500
vn 0.82091600 0.05485000 0.56840900
vn 0.82091400 0.05490500 0.56840700
vn 0.82447600 0.11026300 0.55505100
vn 0.95537100 0.00986300 0.29524500
vn 0.48088500 -0.01077600 0.87671800
vn 0.72584000 0.00259100 0.68785800
vn 0.72595700 0.00258300 0.68773500
vn 0.88143400 -0.00204700 0.47230300
vn 0.66999300 -0.06327400 0.73966600
vn 0.95340000 -0.02797300 0.30041000
vn 0.70192800 -0.15819400 0.69445800
vn 0.72336300 -0.24789900 0.64443100
vn 0.72692000 -0.34582300 0.59329000
vn 0.75354400 -0.42123600 0.50470900
vn 0.76268100 -0.49235700 0.41940800
vn 0.76376000 -0.55724500 0.32580400
vn 0.75905200 -0.61002600 0.22739500
vn 0.81107100 -0.56807200 0.13949300
vn 0.60532100 -0.79095300 0.08932600
vn 0.77534800 -0.63043100 0.03731100
vn 0.80455500 -0.04754300 0.59197300
vn 0.92315100 -0.08644800 0.37459300
vn 0.92810000 -0.13773600 0.34591800
vn 0.93388200 -0.18278000 0.30733600
vn 0.93653800 -0.22607100 0.26793300
vn 0.93897500 -0.26340600 0.22123200
vn 0.93896700 -0.29840300 0.17116100
vn 0.93771800 -0.32658900 0.11842900
vn 0.93495800 -0.34913100 0.06293400
vn 0.95203600 -0.30548200 0.01757100
vn 0.90560900 -0.42411300 0.00000600
vn 0.68744100 -0.72624000 -0.00002400
vn -0.84860200 -0.52792900 0.03414400
vn -0.95676100 -0.28997800 0.02284100
vn -0.96599300 -0.24864900 0.07092700
vn -0.52729800 -0.84823900 0.04947700
vn -0.72911000 -0.68272700 0.04778500
vn -0.68143700 -0.70607800 0.19260500
vn -0.66747000 -0.47477900 0.57364500
vn -0.47414600 -0.51920000 0.71106800
vn -0.38300500 -0.74760100 0.54258500
vn -0.98063000 -0.11766100 0.15659100
vn -0.86456200 -0.34462900 0.36573700
vn -0.93520200 -0.28444400 0.21092500
vn -0.59347400 -0.34768000 0.72588400
vn -0.59353300 -0.34774600 0.72580400
vn -0.40733300 -0.25865900 0.87588600
vn -0.27241700 -0.29412100 0.91612300
vn -0.98573700 -0.09395700 0.13962200
vn -0.17839300 -0.54228200 0.82104000
vn -0.38302300 -0.87920500 0.28335800
vn -0.35139000 -0.93424500 0.06092300
vn -0.70437500 -0.57559800 0.41538300
vn -0.55688800 -0.37218100 0.74253400
vn -0.81994000 -0.55576700 0.13719200
vn -0.25864700 -0.96528800 0.03634000
vn -0.62077700 -0.78249500 0.04835300
vn -0.83750800 -0.53845800 0.09297200
vn -0.93511500 -0.25054600 0.25057300
vn -0.72111900 -0.28445300 0.63172200
vn -0.10820600 -0.72241900 0.68293700
vn -0.08927100 -0.54276900 0.83512400
vn -0.31466400 -0.55338000 0.77120500
vn -0.11447500 -0.31179200 0.94322900
vn -0.63172900 -0.28446300 0.72111000
vn -0.57964900 -0.70569500 0.40743100
vn -0.28691900 -0.84174400 0.45732200
vn -0.07643800 -0.94406700 0.32077200
vn -0.05612400 -0.85819400 0.51024900
vn -0.64265400 -0.70570100 0.29829700
vn -0.22418900 -0.96591100 0.12944000
vn 0.03045000 -0.95027300 0.30992500
vn 0.03811400 -0.83805400 0.54425400
vn 0.07281200 -0.69134000 0.71885100
vn 0.06095900 -0.51026200 0.85785600
vn 0.10991500 -0.30793600 0.94503700
vn 0.28130500 -0.52502800 0.80325200
vn 0.53697400 -0.37048200 0.75789300
vn 0.41982700 -0.68326800 0.59740300
vn 0.17514800 -0.87016300 0.46058700
vn 0.27653700 -0.88416700 0.37653100
vn 0.12974500 -0.98139100 0.14155900
vn 0.31033000 -0.88642100 0.34344400
vn 0.45129800 -0.74821400 0.48632000
vn 0.55377000 -0.58055000 0.59690900
vn 0.66037200 -0.19476900 0.72524000
vn 0.41723700 -0.90844800 0.02520200
vn 0.59976300 -0.79980300 0.02449100
vn 0.58313200 -0.80667100 0.09612100
vn 0.80948900 -0.58620200 0.03309200
vn 0.79515200 -0.59395700 0.12226500
vn 0.30859800 -0.94979200 0.05159500
vn 0.23640500 -0.97162700 0.00737200
vn 0.86658000 -0.39605400 0.30361100
vn 0.81914200 -0.32393400 0.47336300
vn 0.73043400 -0.25159800 0.63495300
vn 0.68684300 -0.69677300 0.20677200
vn 0.57839900 -0.79265400 0.19275300
vn 0.66793900 -0.65905200 0.34570000
vn 0.67025200 -0.63199200 0.38903400
vn 0.61577500 -0.61900800 0.48749400
vn 0.60879300 -0.58898000 0.53148200
vn 0.30586200 -0.94616200 0.10595400
vn 0.43384200 -0.87222800 0.22583000
vn 0.29841300 -0.93897200 0.17111600
vn 0.40390700 -0.85655700 0.32119900
vn 0.27564200 -0.93131500 0.23806100
vn 0.68408700 -0.72907700 0.02172600
vn 0.48799100 -0.87275300 0.01289500
vn 0.19568200 -0.97909900 0.05544200
vn 0.94671700 -0.19284000 0.25795400
vn 0.95205900 -0.16344400 0.25859100
vn 0.69200300 -0.15425600 0.70522100
vn 0.69668200 -0.12291400 0.70677200
vn 0.68070800 -0.21233000 0.70110800
vn 0.25441000 -0.04802000 0.96590400
vn 0.24464200 -0.12908100 0.96098300
vn 0.93286000 -0.25701900 0.25241600
vn 0.91894700 -0.31521900 0.23700800
vn 0.90276300 -0.37215000 0.21569200
vn 0.88750400 -0.42003900 0.18948200
vn 0.87342300 -0.45965300 0.16078200
vn 0.86118400 -0.49141200 0.12990700
vn 0.85141100 -0.51527400 0.09793800
vn 0.84407700 -0.53228000 0.06490800
vn 0.83981500 -0.54196900 0.03131100
vn 0.67704000 -0.25533100 0.69023400
vn 0.66515300 -0.32411700 0.67269600
vn 0.66110600 -0.37243800 0.65132800
vn 0.64472500 -0.44381700 0.62238000
vn 0.64005300 -0.48587100 0.59519800
vn 0.62564900 -0.54734300 0.55585900
vn 0.62199800 -0.58101600 0.52491800
vn 0.60746600 -0.63245200 0.48061300
vn 0.60368600 -0.65944200 0.44799400
vn 0.59227600 -0.70108900 0.39709400
vn 0.59006100 -0.72130400 0.36269600
vn 0.57944000 -0.75432800 0.30860700
vn 0.57712400 -0.76895000 0.27503500
vn 0.56991000 -0.79263200 0.21665200
vn 0.56921700 -0.80175000 0.18217900
vn 0.56402200 -0.81687600 0.12079700
vn 0.56298300 -0.82179600 0.08775800
vn 0.23921800 -0.27159600 0.93220700
vn 0.22843700 -0.42758700 0.87463500
vn 0.22187300 -0.56836100 0.79229900
vn 0.21223400 -0.68735900 0.69461900
vn 0.21223700 -0.68741000 0.69456700
vn 0.20737000 -0.78743500 0.58046900
vn 0.20112700 -0.86691600 0.45607600
vn 0.19819200 -0.92566700 0.32227400
vn 0.19635400 -0.96376400 0.18056500
vn 0.96165900 0.09093200 0.25873300
vn 0.95013300 0.17414200 0.25869100
vn 0.96487800 0.04550000 0.25872700
vn 0.68696800 0.18831200 0.70186400
vn 0.70405900 0.06657000 0.70701400
vn 0.69170200 0.14761000 0.70693700
vn 0.70641400 0.03332600 0.70701400
vn 0.25085400 0.11742400 0.96087700
vn 0.25774000 0.02434900 0.96590800
vn 0.96487800 -0.04551000 0.25872800
vn 0.96165900 -0.09094300 0.25873200
vn 0.70641400 -0.03332800 0.70701400
vn 0.70406000 -0.06656000 0.70701400
vn 0.25859500 -0.01221600 0.96590900
vn 0.81648900 0.57731600 0.00717100
vn 0.41977600 0.90722900 0.02690300
vn 0.56174100 0.82693300 0.02507200
vn 0.56320200 0.82153500 0.08879500
vn 0.19788600 0.97108100 0.13357700
vn 0.84135800 0.53882600 0.04223100
vn 0.84732400 0.52535300 0.07775900
vn 0.85672200 0.50330500 0.11274500
vn 0.86873600 0.47285800 0.14732100
vn 0.88298200 0.43403100 0.17877400
vn 0.89824600 0.38717300 0.20796700
vn 0.91446100 0.33153600 0.23204300
vn 0.92996300 0.26890500 0.25071600
vn 0.56375900 0.81698500 0.12129000
vn 0.56965400 0.79974200 0.18949100
vn 0.56991000 0.79112100 0.22210300
vn 0.57920500 0.76188600 0.28991500
vn 0.58031100 0.74844400 0.32104600
vn 0.59376500 0.70607600 0.38587600
vn 0.59450700 0.68784100 0.41645700
vn 0.60990100 0.63349800 0.47613100
vn 0.61154600 0.61079900 0.50292800
vn 0.62985000 0.54429800 0.55410200
vn 0.63059100 0.51670000 0.57911600
vn 0.64921400 0.43808700 0.62177200
vn 0.65039900 0.40547100 0.64231900
vn 0.67045000 0.31633500 0.67114000
vn 0.67062900 0.27954000 0.68710500
vn 0.20256200 0.93748200 0.28301400
vn 0.20675300 0.87918000 0.42929600
vn 0.21517700 0.79641000 0.56518200
vn 0.22133800 0.69072300 0.68841200
vn 0.23201400 0.56667000 0.79060400
vn 0.23920700 0.42265000 0.87415500
vn 0.24964600 0.26409400 0.93162800
vn 0.22317700 0.97469900 0.01237500
vn 0.41910400 0.90731500 0.03362200
vn 0.57808900 0.81556700 0.02578300
vn 0.76620900 0.64067600 0.04957600
vn 0.61616400 0.41237700 0.67103500
vn 0.48201100 0.70699900 0.51751200
vn 0.68715700 0.45409800 0.56710700
vn 0.26254300 0.92239500 0.28330100
vn 0.51614900 0.74397300 0.42437600
vn 0.27600700 0.93444600 0.22501500
vn 0.74984600 0.49650900 0.43727500
vn 0.78112600 0.54745600 0.30022400
vn 0.79556100 0.58475200 0.15858400
vn 0.55678300 0.76503500 0.32359500
vn 0.57252900 0.79014300 0.21882400
vn 0.56356500 0.81900400 0.10783200
vn 0.29569100 0.93992700 0.17060100
vn 0.30163500 0.94659800 0.11388400
vn 0.28675800 0.95620800 0.05861600
vn 0.16651600 0.95123200 0.25967400
vn 0.31941500 0.84498200 0.42892800
vn 0.41982600 0.68326800 0.59740400
vn 0.49723500 0.52660500 0.68952500
vn 0.54950900 0.28924600 0.78382200
vn 0.31541400 0.52503400 0.79047700
vn 0.08900500 0.37054400 0.92454100
vn 0.05497700 0.68424800 0.72717400
vn 0.17041900 0.87018500 0.46231500
vn 0.03912800 0.88411000 0.46563800
vn -0.03352500 0.93333300 0.35744400
vn -0.09921300 0.74158800 0.66347800
vn -0.05362200 0.58151600 0.81176600
vn 0.14167400 0.19312900 0.97089100
vn -0.62663400 0.39351800 0.67266200
vn -0.69475100 0.34060900 0.63348700
vn -0.60543500 0.70799400 0.36358300
vn -0.34255300 0.70798400 0.61758900
vn -0.45577900 0.83044500 0.32035300
vn -0.23453900 0.83044700 0.50532200
vn -0.16895100 0.98078600 0.09754400
vn -0.09754000 0.98078700 0.16894800
vn -0.24593500 0.31167500 0.91781000
vn -0.23350400 0.43138800 0.87142500
vn -0.93614900 0.32915300 0.12362900
vn -0.87142600 0.43138400 0.23350300
vn -0.74084800 0.66426200 0.09950000
vn -0.56752400 0.81995400 0.07478300
vn -0.19503300 0.98051000 0.02370700
vn -0.37152900 0.92731800 0.04525800
vn -0.68211600 0.73088400 0.02293400
vn -0.88471400 0.46582100 0.01711500
vn -0.81373800 0.40200700 0.41978700
vn -0.79534000 0.35449500 0.49169800
vn -0.89779700 0.28706600 0.33399700
vn -0.93186600 0.20521700 0.29918600
vn -0.93189400 0.20514200 0.29915000
vn -0.96144500 0.16652500 0.21884400
vn -0.96634400 0.21483600 0.14150800
vn -0.72586000 0.46522500 0.50664800
vn -0.66316900 0.34758300 0.66286700
vn -0.66323800 0.34750600 0.66283800
vn -0.66772600 0.47223200 0.57544600
vn -0.66846100 0.41317300 0.61842400
vn -0.46641000 0.34438600 0.81477600
vn -0.35815200 0.28280200 0.88980300
vn -0.52424100 0.30904500 0.79351300
vn -0.52430200 0.28369600 0.80288500
vn -0.72979100 0.67353800 0.11726700
vn -0.96589400 0.24234800 0.09119500
vn -0.96589400 0.25548400 0.04215600
vn -0.70691400 0.57491800 0.41199700
vn -0.70691200 0.60066100 0.37347400
vn -0.70691200 0.64423400 0.29195600
vn -0.70691200 0.66198400 0.24910400
vn -0.48066400 0.86195400 0.16123600
vn -0.25869900 0.51003000 0.82033200
vn -0.25868700 0.66025400 0.70508500
vn -0.25868700 0.78513000 0.56271800
vn -0.25868900 0.87983100 0.39871900
f 1//1 2//2 3//3
f 4//4 5//5 6//6
f 7//7 8//8 9//9
f 10//10 11//11 12//12
f 12//12 11//11 13//13
f 12//12 13//13 14//14
f 14//14 13//13 15//15
f 16//16 17//17 18//18
f 18//18 17//17 13//13
f 13//13 17//17 19//19
f 13//13 19//19 15//15
f 20//20 21//21 22//22
f 22//22 21//21 23//23
f 22//22 23//23 18//18
f 18//18 23//23 24//24
f 18//18 24//24 16//16
f 25//25 26//26 27//27
f 27//27 26//26 28//28
f 27//27 28//28 22//22
f 22//22 28//28 29//29
f 22//22 29//29 20//20
f 30//30 31//31 32//32
f 32//32 33//33 30//30
f 30//30 33//33 34//34
f 30//30 34//34 27//27
f 27//27 34//34 35//35
f 27//27 35//35 25//25
f 36//36 37//37 38//38
f 39//39 40//40 41//41
f 41//41 40//40 42//42
f 41//41 42//42 38//38
f 38//38 42//42 43//43
f 38//38 43//43 36//36
f 44//44 45//45 46//46
f 46//46 45//45 47//47
f 46//46 47//47 41//41
f 41//41 47//47 48//48
f 41//41 48//48 39//39
f 9//9 8//8 49//49
f 49//49 8//8 50//50
f 49//49 50//50 51//51
f 51//51 52//52 49//49
f 49//49 52//52 53//53
f 49//49 53//53 46//46
f 46//46 53//53 54//54
f 46//46 54//54 44//44
f 55//55 56//56 57//57
f 57//57 56//56 6//6
f 57//57 6//6 58//58
f 58//58 6//6 5//5
f 55//55 59//59 56//56
f 56//56 59//59 60//60
f 56//56 60//60 61//61
f 61//61 60//60 62//62
f 61//61 62//62 9//9
f 9//9 62//62 63//63
f 9//9 63//63 7//7
f 64//64 65//65 66//66
f 64//64 66//66 6//6
f 6//6 66//66 67//67
f 6//6 67//67 4//4
f 68//68 69//69 70//70
f 70//70 69//69 71//71
f 70//70 71//71 64//64
f 64//64 71//71 72//72
f 64//64 72//72 65//65
f 73//73 74//74 75//75
f 75//75 74//74 76//76
f 75//75 76//76 70//70
f 70//70 76//76 77//77
f 70//70 77//77 68//68
f 78//78 79//79 80//80
f 80//80 79//79 75//75
f 75//75 79//79 81//81
f 75//75 81//81 73//73
f 82//82 83//83 84//84
f 84//84 83//83 85//85
f 84//84 85//85 80//80
f 80//80 85//85 86//86
f 80//80 86//86 78//78
f 87//87 88//88 84//84
f 84//84 88//88 89//89
f 89//89 90//90 84//84
f 84//84 90//90 91//91
f 84//84 91//91 82//82
f 92//92 93//93 94//94
f 94//94 95//95 96//96
f 96//96 95//95 97//97
f 97//97 98//98 96//96
f 96//96 98//98 99//99
f 96//96 99//99 87//87
f 87//87 99//99 100//100
f 87//87 100//100 88//88
f 101//101 102//102 103//103
f 104//104 105//105 106//106
f 106//106 107//107 104//104
f 104//104 107//107 108//108
f 104//104 108//108 109//109
f 109//109 110//110 104//104
f 104//104 110//110 111//111
f 96//96 111//111 112//112
f 112//112 1//1 96//96
f 96//96 1//1 3//3
f 96//96 3//3 94//94
f 94//94 3//3 113//113
f 94//94 113//113 92//92
f 37//37 114//114 38//38
f 38//38 114//114 115//115
f 38//38 115//115 30//30
f 30//30 115//115 116//116
f 30//30 116//116 31//31
f 117//117 118//118 119//119
f 119//119 118//118 120//120
f 120//120 121//121 119//119
f 119//119 121//121 122//122
f 119//119 122//122 123//123
f 123//123 122//122 124//124
f 125//125 126//126 124//124
f 124//124 126//126 127//127
f 124//124 127//127 123//123
f 128//128 129//129 130//130
f 125//125 131//131 126//126
f 126//126 131//131 128//128
f 126//126 128//128 132//132
f 132//132 128//128 130//130
f 129//129 133//133 130//130
f 130//130 133//133 134//134
f 130//130 134//134 135//135
f 135//135 134//134 136//136
f 135//135 136//136 137//137
f 138//138 139//139 134//134
f 139//139 140//140 134//134
f 134//134 140//140 141//141
f 134//134 141//141 136//136
f 138//138 142//142 143//143
f 143//143 142//142 144//144
f 145//145 146//146 147//147
f 147//147 148//148 149//149
f 150//150 148//148 151//151
f 150//150 151//151 152//152
f 153//153 154//154 155//155
f 155//155 154//154 156//156
f 157//157 158//158 159//159
f 159//159 158//158 160//160
f 159//159 160//160 161//161
f 162//162 163//163 164//164
f 164//164 163//163 153//153
f 165//165 166//166 167//167
f 167//167 166//166 168//168
f 165//165 169//169 166//166
f 166//166 169//169 170//170
f 166//166 170//170 162//162
f 162//162 170//170 171//171
f 162//162 171//171 163//163
f 172//172 173//173 174//174
f 172//172 174//174 175//175
f 175//175 174//174 176//176
f 175//175 176//176 177//177
f 166//166 178//178 168//168
f 168//168 178//178 174//174
f 168//168 174//174 179//179
f 179//179 174//174 173//173
f 180//180 181//181 182//182
f 182//182 181//181 183//183
f 182//182 183//183 184//184
f 184//184 183//183 185//185
f 185//185 183//183 186//186
f 185//185 186//186 187//187
f 187//187 186//186 120//120
f 187//187 120//120 118//118
f 147//147 149//149 145//145
f 145//145 149//149 188//188
f 145//145 188//188 189//189
f 189//189 188//188 190//190
f 189//189 190//190 191//191
f 191//191 190//190 192//192
f 191//191 192//192 193//193
f 193//193 192//192 194//194
f 193//193 194//194 195//195
f 153//153 155//155 164//164
f 164//164 155//155 194//194
f 164//164 196//196 197//197
f 197//197 196//196 198//198
f 197//197 198//198 199//199
f 199//199 198//198 200//200
f 199//199 200//200 201//201
f 201//201 200//200 202//202
f 201//201 202//202 203//203
f 203//203 202//202 150//150
f 203//203 150//150 142//142
f 142//142 150//150 152//152
f 142//142 152//152 144//144
f 156//156 157//157 155//155
f 155//155 157//157 159//159
f 155//155 159//159 194//194
f 194//194 159//159 204//204
f 194//194 204//204 195//195
f 138//138 134//134 142//142
f 205//205 134//134 133//133
f 205//205 133//133 206//206
f 206//206 133//133 129//129
f 206//206 129//129 207//207
f 207//207 129//129 128//128
f 207//207 128//128 208//208
f 208//208 128//128 131//131
f 208//208 131//131 209//209
f 197//197 131//131 125//125
f 197//197 125//125 164//164
f 164//164 125//125 124//124
f 164//164 124//124 162//162
f 162//162 124//124 122//122
f 162//162 122//122 166//166
f 166//166 122//122 121//121
f 166//166 121//121 178//178
f 181//181 176//176 183//183
f 183//183 176//176 174//174
f 183//183 174//174 186//186
f 186//186 174//174 178//178
f 186//186 178//178 120//120
f 120//120 178//178 121//121
f 130//130 135//135 210//210
f 126//126 132//132 211//211
f 211//211 132//132 213//213
f 211//211 213//213 214//214
f 214//214 213//213 215//215
f 215//215 213//213 216//216
f 216//216 213//213 217//217
f 216//216 217//217 218//218
f 218//218 217//217 220//220
f 219//219 221//221 222//222
f 222//222 221//221 223//223
f 223//223 221//221 224//224
f 223//223 224//224 225//225
f 132//132 130//130 226//226
f 226//226 130//130 210//210
f 212//212 210//210 227//227
f 227//227 210//210 228//228
f 217//217 229//229 220//220
f 220//220 229//229 230//230
f 221//221 231//231 224//224
f 224//224 231//231 232//232
f 135//135 137//137 210//210
f 210//210 137//137 233//233
f 210//210 233//233 228//228
f 228//228 233//233 234//234
f 229//229 235//235 230//230
f 230//230 235//235 237//237
f 231//231 238//238 232//232
f 232//232 238//238 239//239
f 240//240 241//241 244//244
f 240//240 244//244 246//246
f 247//247 248//248 250//250
f 251//251 249//249 252//252
f 250//250 253//253 254//254
f 255//255 256//256 257//257
f 257//257 256//256 258//258
f 257//257 258//258 259//259
f 260//260 261//261 262//262
f 262//262 261//261 263//263
f 255//255 266//266 256//256
f 256//256 266//266 267//267
f 256//256 267//267 262//262
f 262//262 267//267 268//268
f 262//262 268//268 260//260
f 247//247 270//270 264//264
f 265//265 269//269 273//273
f 263//263 271//271 262//262
f 243//243 272//272 275//275
f 242//242 274//274 245//245
f 259//259 258//258 276//276
f 276//276 258//258 277//277
f 278//278 277//277 279//279
f 253//253 280//280 254//254
f 254//254 280//280 278//278
f 254//254 278//278 281//281
f 281//281 278//278 279//279
f 282//282 283//283 284//284
f 285//285 286//286 284//284
f 284//284 286//286 287//287
f 284//284 287//287 282//282
f 288//288 289//289 290//290
f 290//290 289//289 291//291
f 292//292 293//293 294//294
f 294//294 293//293 295//295
f 294//294 295//295 296//296
f 296//296 295//295 297//297
f 296//296 297//297 298//298
f 299//299 300//300 301//301
f 301//301 300//300 302//302
f 301//301 302//302 303//303
f 282//282 287//287 302//302
f 302//302 287//287 304//304
f 302//302 304//304 303//303
f 305//305 306//306 307//307
f 308//308 309//309 307//307
f 307//307 309//309 310//310
f 307//307 310//310 311//311
f 311//311 312//312 307//307
f 307//307 312//312 313//313
f 307//307 313//313 305//305
f 308//308 307//307 314//314
f 314//314 307//307 315//315
f 314//314 315//315 316//316
f 316//316 315//315 317//317
f 316//316 317//317 318//318
f 318//318 319//319 316//316
f 316//316 319//319 320//320
f 316//316 320//320 321//321
f 321//321 320//320 322//322
f 323//323 324//324 322//322
f 322//322 324//324 325//325
f 322//322 325//325 321//321
f 323//323 326//326 324//324
f 324//324 326//326 327//327
f 324//324 327//327 328//328
f 328//328 327//327 329//329
f 328//328 329//329 330//330
f 331//331 332//332 329//329
f 329//329 332//332 333//333
f 329//329 333//333 330//330
f 331//331 334//334 332//332
f 332//332 334//334 335//335
f 332//332 335//335 336//336
f 336//336 335//335 337//337
f 336//336 337//337 338//338
f 338//338 337//337 339//339
f 338//338 339//339 340//340
f 341//341 339//339 342//342
f 343//343 344//344 345//345
f 345//345 344//344 341//341
f 345//345 341//341 346//346
f 346//346 341//341 342//342
f 340//340 339//339 347//347
f 347//347 339//339 341//341
f 347//347 348//348 349//349
f 343//343 350//350 344//344
f 344//344 350//350 351//351
f 344//344 351//351 352//352
f 352//352 351//351 353//353
f 353//353 354//354 352//352
f 352//352 354//354 355//355
f 352//352 355//355 356//356
f 356//356 355//355 357//357
f 356//356 357//357 358//358
f 359//359 360//360 361//361
f 361//361 360//360 356//356
f 361//361 356//356 362//362
f 362//362 356//356 358//358
f 363//363 364//364 365//365
f 365//365 364//364 366//366
f 365//365 366//366 361//361
f 361//361 366//366 367//367
f 361//361 367//367 359//359
f 363//363 368//368 364//364
f 364//364 368//368 369//369
f 364//364 369//369 370//370
f 371//371 372//372 373//373
f 373//373 372//372 374//374
f 373//373 374//374 370//370
f 370//370 374//374 375//375
f 370//370 375//375 364//364
f 376//376 292//292 377//377
f 377//377 292//292 378//378
f 371//371 379//379 372//372
f 372//372 379//379 377//377
f 372//372 377//377 380//380
f 380//380 377//377 378//378
f 376//376 381//381 292//292
f 292//292 381//381 382//382
f 292//292 382//382 293//293
f 293//293 382//382 383//383
f 293//293 383//383 384//384
f 385//385 386//386 387//387
f 388//388 389//389 390//390
f 390//390 389//389 391//391
f 392//392 393//393 394//394
f 387//387 395//395 385//385
f 385//385 395//395 396//396
f 385//385 396//396 397//397
f 396//396 398//398 397//397
f 397//397 398//398 399//399
f 397//397 399//399 400//400
f 399//399 401//401 400//400
f 400//400 401//401 402//402
f 400//400 402//402 403//403
f 402//402 404//404 403//403
f 403//403 404//404 405//405
f 403//403 405//405 406//406
f 405//405 407//407 406//406
f 406//406 407//407 408//408
f 406//406 408//408 409//409
f 408//408 410//410 409//409
f 409//409 410//410 411//411
f 409//409 411//411 412//412
f 411//411 413//413 412//412
f 412//412 413//413 414//414
f 412//412 414//414 415//415
f 414//414 416//416 415//415
f 415//415 416//416 417//417
f 415//415 417//417 418//418
f 417//417 419//419 418//418
f 418//418 419//419 420//420
f 418//418 420//420 421//421
f 420//420 422//422 421//421
f 421//421 422//422 423//423
f 421//421 423//423 424//424
f 424//424 423//423 425//425
f 424//424 425//425 426//426
f 425//425 427//427 426//426
f 426//426 427//427 428//428
f 426//426 428//428 429//429
f 428//428 430//430 429//429
f 429//429 430//430 431//431
f 429//429 431//431 432//432
f 431//431 433//433 432//432
f 432//432 433//433 434//434
f 432//432 434//434 435//435
f 434//434 436//436 435//435
f 435//435 436//436 437//437
f 435//435 437//437 438//438
f 437//437 439//439 438//438
f 438//438 439//439 440//440
f 438//438 440//440 441//441
f 440//440 442//442 441//441
f 441//441 442//442 443//443
f 441//441 443//443 444//444
f 443//443 445//445 444//444
f 444//444 445//445 446//446
f 444//444 446//446 447//447
f 446//446 448//448 447//447
f 447//447 448//448 449//449
f 447//447 449//449 450//450
f 449//449 451//451 450//450
f 450//450 451//451 452//452
f 450//450 452//452 453//453
f 452//452 454//454 453//453
f 453//453 454//454 455//455
f 453//453 455//455 456//456
f 455//455 457//457 456//456
f 456//456 457//457 458//458
f 456//456 458//458 459//459
f 458//458 460//460 459//459
f 459//459 460//460 461//461
f 459//459 461//461 462//462
f 461//461 463//463 462//462
f 462//462 463//463 464//464
f 462//462 464//464 390//390
f 390//390 464//464 465//465
f 390//390 465//465 388//388
f 466//466 467//467 468//468
f 468//468 467//467 469//469
f 468//468 469//469 470//470
f 470//470 469//469 471//471
f 472//472 473//473 474//474
f 475//475 476//476 477//477
f 478//478 479//479 480//480
f 481//481 482//482 483//483
f 484//484 485//485 486//486
f 486//486 487//487 484//484
f 484//484 487//487 488//488
f 484//484 488//488 489//489
f 489//489 488//488 490//490
f 489//489 490//490 491//491
f 491//491 492//492 493//493
f 494//494 495//495 496//496
f 496//496 495//495 497//497
f 496//496 497//497 498//498
f 497//497 499//499 498//498
f 498//498 499//499 500//500
f 498//498 500//500 485//485
f 485//485 500//500 501//501
f 485//485 501//501 486//486
f 482//482 502//502 483//483
f 483//483 502//502 503//503
f 483//483 503//503 504//504
f 504//504 503//503 505//505
f 504//504 505//505 506//506
f 507//507 508//508 509//509
f 509//509 510//510 507//507
f 511//511 510//510 512//512
f 511//511 512//512 481//481
f 481//481 483//483 511//511
f 511//511 483//483 513//513
f 511//511 513//513 514//514
f 514//514 513//513 515//515
f 514//514 515//515 516//516
f 516//516 515//515 517//517
f 516//516 517//517 518//518
f 518//518 517//517 519//519
f 518//518 519//519 520//520
f 520//520 519//519 521//521
f 520//520 521//521 522//522
f 521//521 523//523 522//522
f 522//522 523//523 524//524
f 522//522 524//524 525//525
f 525//525 524//524 526//526
f 525//525 526//526 496//496
f 496//496 526//526 527//527
f 496//496 527//527 494//494
f 494//494 527//527 528//528
f 491//491 493//493 489//489
f 489//489 493//493 529//529
f 489//489 529//529 530//530
f 530//530 529//529 531//531
f 530//530 531//531 532//532
f 532//532 531//531 533//533
f 532//532 533//533 534//534
f 534//534 533//533 535//535
f 534//534 535//535 536//536
f 536//536 535//535 537//537
f 536//536 537//537 538//538
f 538//538 537//537 539//539
f 538//538 539//539 541//541
f 542//542 543//543 544//544
f 544//544 543//543 545//545
f 544//544 545//545 546//546
f 546//546 547//547 544//544
f 544//544 547//547 548//548
f 544//544 548//548 549//549
f 539//539 550//550 541//541
f 541//541 550//550 551//551
f 541//541 551//551 544//544
f 544//544 551//551 552//552
f 544//544 552//552 542//542
f 553//553 554//554 555//555
f 555//555 554//554 556//556
f 555//555 556//556 557//557
f 557//557 556//556 558//558
f 558//558 559//559 557//557
f 557//557 559//559 560//560
f 557//557 560//560 561//561
f 561//561 560//560 562//562
f 561//561 562//562 563//563
f 552//552 562//562 564//564
f 552//552 564//564 542//542
f 565//565 566//566 480//480
f 565//565 480//480 567//567
f 567//567 480//480 479//479
f 567//567 479//479 568//568
f 566//566 569//569 480//480
f 480//480 569//569 570//570
f 480//480 570//570 571//571
f 571//571 572//572 480//480
f 480//480 572//572 573//573
f 480//480 573//573 574//574
f 574//574 573//573 575//575
f 574//574 575//575 576//576
f 576//576 575//575 577//577
f 576//576 577//577 578//578
f 578//578 579//579 576//576
f 576//576 579//579 580//580
f 576//576 580//580 581//581
f 581//581 580//580 582//582
f 581//581 582//582 553//553
f 553//553 582//582 583//583
f 553//553 583//583 554//554
f 584//584 585//585 586//586
f 586//586 585//585 587//587
f 586//586 587//587 588//588
f 584//584 586//586 589//589
f 589//589 586//586 590//590
f 589//589 590//590 591//591
f 591//591 590//590 592//592
f 591//591 592//592 593//593
f 588//588 594//594 586//586
f 586//586 594//594 595//595
f 586//586 595//595 596//596
f 478//478 480//480 597//597
f 597//597 480//480 598//598
f 597//597 598//598 599//599
f 599//599 598//598 586//586
f 599//599 586//586 477//477
f 477//477 586//586 596//596
f 477//477 596//596 475//475
f 600//600 601//601 602//602
f 602//602 601//601 603//603
f 602//602 603//603 592//592
f 592//592 603//603 604//604
f 592//592 604//604 593//593
f 605//605 606//606 607//607
f 607//607 606//606 608//608
f 607//607 608//608 600//600
f 600//600 608//608 609//609
f 600//600 609//609 601//601
f 610//610 611//611 612//612
f 612//612 613//613 610//610
f 610//610 613//613 614//614
f 610//610 614//614 615//615
f 615//615 614//614 616//616
f 615//615 616//616 605//605
f 605//605 616//616 617//617
f 605//605 617//617 606//606
f 618//618 619//619 620//620
f 620//620 619//619 621//621
f 620//620 621//621 610//610
f 610//610 621//621 622//622
f 622//622 623//623 610//610
f 610//610 623//623 624//624
f 610//610 624//624 611//611
f 624//624 625//625 611//611
f 611//611 625//625 626//626
f 611//611 626//626 627//627
f 627//627 628//628 629//629
f 629//629 630//630 627//627
f 627//627 630//630 631//631
f 627//627 631//631 611//611
f 632//632 633//633 618//618
f 618//618 633//633 634//634
f 618//618 634//634 619//619
f 474//474 473//473 635//635
f 635//635 473//473 636//636
f 635//635 636//636 618//618
f 618//618 636//636 637//637
f 618//618 637//637 632//632
f 638//638 639//639 640//640
f 638//638 640//640 641//641
f 641//641 640//640 642//642
f 641//641 642//642 643//643
f 642//642 644//644 643//643
f 643//643 644//644 645//645
f 643//643 645//645 646//646
f 646//646 645//645 647//647
f 646//646 647//647 474//474
f 474//474 647//647 648//648
f 474//474 648//648 472//472
f 649//649 650//650 651//651
f 651//651 650//650 652//652
f 651//651 652//652 653//653
f 653//653 652//652 654//654
f 653//653 654//654 655//655
f 649//649 656//656 650//650
f 650//650 656//656 657//657
f 650//650 657//657 658//658
f 658//658 657//657 659//659
f 658//658 659//659 638//638
f 638//638 659//659 660//660
f 638//638 660//660 639//639
f 655//655 654//654 661//661
f 661//661 654//654 662//662
f 661//661 662//662 663//663
f 663//663 662//662 664//664
f 663//663 664//664 665//665
f 665//665 664//664 666//666
f 666//666 664//664 667//667
f 666//666 667//667 668//668
f 668//668 667//667 669//669
f 668//668 669//669 670//670
f 671//671 672//672 673//673
f 673//673 672//672 674//674
f 671//671 675//675 672//672
f 672//672 675//675 676//676
f 672//672 676//676 677//677
f 677//677 676//676 678//678
f 677//677 678//678 669//669
f 669//669 678//678 679//679
f 669//669 679//679 670//670
f 680//680 681//681 682//682
f 683//683 684//684 685//685
f 685//685 684//684 686//686
f 685//685 686//686 682//682
f 682//682 686//686 687//687
f 682//682 687//687 680//680
f 683//683 688//688 684//684
f 684//684 688//688 689//689
f 684//684 689//689 690//690
f 674//674 672//672 690//690
f 690//690 672//672 691//691
f 690//690 691//691 684//684
f 692//692 693//693 694//694
f 694//694 693//693 695//695
f 694//694 695//695 684//684
f 684//684 695//695 696//696
f 684//684 696//696 686//686
f 697//697 698//698 297//297
f 297//297 698//698 298//298
f 699//699 702//702 703//703
f 707//707 708//708 710//710
f 717//717 720//720 723//723
f 721//721 719//719 731//731
f 732//732 733//733 734//734
f 734//734 733//733 735//735
f 734//734 735//735 736//736
f 737//737 746//746 754//754
f 753//753 745//745 755//755
f 756//756 763//763 764//764
f 764//764 763//763 772//772
f 764//764 772//772 775//775
f 776//776 778//778 780//780
f 770//770 782//782 785//785
f 786//786 787//787 767//767
f 772//772 788//788 790//790
f 768//768 791//791 774//774
f 773//773 789//789 793//793
f 775//775 792//792 778//778
f 779//779 794//794 796//796
f 778//778 795//795 780//780
f 780//780 797//797 776//776
f 776//776 797//797 799//799
f 777//777 798//798 801//801
f 802//802 800//800 805//805
f 803//803 804//804 809//809
f 808//808 806//806 810//810
f 807//807 811//811 814//814
f 812//812 810//810 816//816
f 813//813 815//815 817//817
f 819//819 816//816 820//820
f 819//819 820//820 822//822
f 736//736 735//735 823//823
f 823//823 735//735 824//824
f 823//823 825//825 828//828
f 827//827 826//826 829//829
f 828//828 830//830 831//831
f 831//831 830//830 832//832
f 831//831 833//833 834//834
f 834//834 833//833 835//835
f 834//834 836//836 838//838
f 840//840 837//837 841//841
f 839//839 842//842 845//845
f 846//846 843//843 847//847
f 844//844 849//849 852//852
f 851//851 848//848 853//853
f 850//850 854//854 858//858
f 857//857 855//855 859//859
f 856//856 861//861 864//864
f 862//862 860//860 865//865
f 863//863 867//867 868//868
f 870//870 866//866 871//871
f 869//869 873//873 874//874
f 875//875 872//872 876//876
f 875//875 878//878 881//881
f 880//880 877//877 882//882
f 879//879 883//883 887//887
f 886//886 884//884 888//888
f 885//885 890//890 892//892
f 891//891 889//889 893//893
f 891//891 894//894 895//895
f 895//895 894//894 897//897
f 896//896 899//899 900//900
f 902//902 898//898 903//903
f 901//901 904//904 905//905
f 905//905 904//904 906//906
f 905//905 907//907 908//908
f 908//908 907//907 909//909
f 908//908 910//910 911//911
f 911//911 910//910 912//912
f 911//911 913//913 915//915
f 915//915 913//913 916//916
f 914//914 918//918 920//920
f 919//919 917//917 922//922
f 921//921 923//923 925//925
f 926//926 924//924 927//927
f 926//926 928//928 929//929
f 929//929 928//928 930//930
f 929//929 931//931 932//932
f 932//932 931//931 935//935
f 933//933 934//934 936//936
f 937//937 935//935 392//392
f 937//937 392//392 938//938
f 938//938 392//392 394//394
f 938//938 394//394 822//822
f 821//821 939//939 940//940
f 821//821 940//940 818//818
f 941//941 954//954 957//957
f 958//958 961//961 772//772
f 769//769 960//960 962//962
f 765//765 964//964 784//784
f 783//783 963//963 965//965
f 781//781 966//966 971//971
f 970//970 967//967 973//973
f 969//969 972//972 974//974
f 976//976 977//977 953//953
f 948//948 978//978 980//980
f 950//950 979//979 956//956
f 955//955 981//981 942//942
f 946//946 982//982 983//983
f 944//944 984//984 959//959
f 729//729 985//985 949//949
f 975//975 976//976 968//968
f 968//968 976//976 953//953
f 968//968 953//953 988//988
f 987//987 947//947 986//986
f 989//989 990//990 728//728
f 991//991 994//994 727//727
f 724//724 995//995 996//996
f 725//725 997//997 718//718
f 730//730 952//952 722//722
f 726//726 951//951 1000//1000
f 728//728 998//998 989//989
f 1001//1001 1003//1003 953//953
f 950//950 1002//1002 1004//1004
f 948//948 1005//1005 999//999
f 990//990 1006//1006 992//992
f 993//993 1007//1007 1010//1010
f 992//992 1008//1008 1011//1011
f 1012//1012 1009//1009 1016//1016
f 1013//1013 1015//1015 715//715
f 716//716 1017//1017 1018//1018
f 710//710 1019//1019 707//707
f 1020//1020 1023//1023 710//710
f 714//714 1022//1022 1025//1025
f 713//713 1024//1024 1014//1014
f 1026//1026 1028//1028 710//710
f 1031//1031 1034//1034 710//710
f 712//712 1035//1035 1037//1037
f 711//711 1036//1036 1027//1027
f 1028//1028 1039//1039 710//710
f 710//710 1039//1039 1040//1040
f 709//709 1041//1041 1021//1021
f 1045//1045 1046//1046 1031//1031
f 1030//1030 1047//1047 1049//1049
f 1032//1032 1048//1048 1033//1033
f 1050//1050 704//704 1054//1054
f 1053//1053 703//703 702//702
f 1052//1052 701//701 1055//1055
f 1057//1057 700//700 1043//1043
f 1056//1056 1040//1040 1059//1059
f 1058//1058 1042//1042 1038//1038
f 1060//1060 1062//1062 703//703
f 703//703 1062//1062 1063//1063
f 703//703 1063//1063 699//699
f 1064//1064 1065//1065 1067//1067
f 1076//1076 1077//1077 1031//1031
f 1031//1031 1077//1077 703//703
f 1031//1031 703//703 1045//1045
f 1044//1044 706//706 1051//1051
f 1066//1066 1079//1079 1074//1074
f 1075//1075 1078//1078 1080//1080
f 1071//1071 1082//1082 1029//1029
f 1031//1031 1081//1081 1083//1083
f 1031//1031 1083//1083 1076//1076
f 1077//1077 1085//1085 703//703
f 705//705 1084//1084 1086//1086
f 703//703 1087//1087 1060//1060
f 1061//1061 1088//1088 1090//1090
f 1060//1060 1089//1089 1093//1093
f 1093//1093 1089//1089 1094//1094
f 1091//1091 1095//1095 1096//1096
f 1099//1099 1102//1102 1070//1070
f 1097//1097 1064//1064 1093//1093
f 1093//1093 1064//1064 1067//1067
f 1092//1092 1069//1069 1104//1104
f 1103//1103 1068//1068 1101//1101
f 1105//1105 1108//1108 1113//1113
f 1113//1113 1108//1108 737//737
f 1113//1113 737//737 1115//1115
f 1114//1114 739//739 752//752
f 1116//1116 1118//1118 746//746
f 746//746 1118//1118 1119//1119
f 958//958 772//772 946//946
f 946//946 772//772 1122//1122
f 943//943 1123//1123 1126//1126
f 1125//1125 1127//1127 946//946
f 945//945 1128//1128 1129//1129
f 946//946 1130//1130 746//746
f 750//750 1131//1131 1133//1133
f 747//747 1132//1132 1117//1117
f 1134//1134 1136//1136 761//761
f 762//762 1137//1137 1139//1139
f 760//760 1138//1138 771//771
f 772//772 1140//1140 1142//1142
f 766//766 1141//1141 1124//1124
f 732//732 1143//1143 733//733
f 733//733 1143//1143 1144//1144
f 733//733 1144//1144 756//756
f 757//757 1145//1145 751//751
f 756//756 746//746 763//763
f 759//759 744//744 1121//1121
f 758//758 1120//1120 1135//1135
f 746//746 1067//1067 946//946
f 946//946 1067//1067 1031//1031
f 946//946 1031//1031 953//953
f 953//953 1031//1031 710//710
f 953//953 710//710 1001//1001
f 1001//1001 710//710 708//708
f 1147//1147 1149//1149 740//740
f 1151//1151 1152//1152 746//746
f 746//746 1152//1152 1153//1153
f 746//746 1153//1153 1067//1067
f 1067//1067 1153//1153 1155//1155
f 1075//1075 1154//1154 1156//1156
f 738//738 1148//1148 748//748
f 749//749 1150//1150 1159//1159
f 746//746 1158//1158 1151//1151
f 1157//1157 1162//1162 1074//1074
f 1072//1072 1160//1160 1111//1111
f 1073//1073 1109//1109 1100//1100
f 1098//1098 1107//1107 1106//1106
f 1161//1161 1164//1164 1112//1112
f 1108//1108 1163//1163 1167//1167
f 1110//1110 1165//1165 743//743
f 742//742 1166//1166 1168//1168
f 741//741 1169//1169 1146//1146
f 1170//1170 1171//1171 1173//1173
f 1174//1174 1172//1172 1175//1175
f 1176//1176 1177//1177 1179//1179
f 1180//1180 1178//1178 1181//1181
f 1182//1182 1183//1183 1185//1185
f 1186//1186 1184//1184 1187//1187
f 1188//1188 1189//1189 1192//1192
f 1191//1191 1190//1190 1193//1193
f 1194//1194 1195//1195 1197//1197
f 1198//1198 1196//1196 1199//1199
f 1200//1200 1202//1202 1204//1204
f 1203//1203 1201//1201 1205//1205
f 1206//1206 1208//1208 1210//1210
f 1209//1209 1207//1207 1211//1211
f 1212//1212 1214//1214 1216//1216
f 1215//1215 1213//1213 1217//1217
f 1218//1218 1220//1220 1221//1221
f 1222//1222 1219//1219 1223//1223
f 1224//1224 1226//1226 1228//1228
f 1227//1227 1225//1225 1229//1229
f 1230//1230 1232//1232 1233//1233
f 1234//1234 1231//1231 1235//1235
f 1236//1236 1238//1238 1240//1240
f 1239//1239 1237//1237 1241//1241
f 1243//1243 1246//1246 1249//1249
f 1253//1253 1247//1247 1257//1257
f 1252//1252 1256//1256 1258//1258
f 1260//1260 1266//1266 1243//1243
f 1243//1243 1266//1266 1269//1269
f 1245//1245 1268//1268 1248//1248
f 1270//1270 1272//1272 1260//1260
f 1272//1272 1273//1273 1260//1260
f 1260//1260 1273//1273 1275//1275
f 1263//1263 1274//1274 1267//1267
f 1272//1272 1276//1276 1273//1273
f 1273//1273 1276//1276 1277//1277
f 1273//1273 1277//1277 1279//1279
f 1280//1280 1278//1278 1282//1282
f 1279//1279 1281//1281 1284//1284
f 1286//1286 1283//1283 1289//1289
f 1285//1285 1288//1288 1292//1292
f 1290//1290 1287//1287 1293//1293
f 1291//1291 1294//1294 1297//1297
f 1298//1298 1295//1295 1302//1302
f 1299//1299 1301//1301 1309//1309
f 1308//1308 1303//1303 1315//1315
f 1316//1316 1317//1317 1306//1306
f 1310//1310 1318//1318 1319//1319
f 1311//1311 1321//1321 1265//1265
f 1262//1262 1320//1320 1322//1322
f 1264//1264 1323//1323 1271//1271
f 1324//1324 1325//1325 1326//1326
f 1333//1333 1334//1334 1336//1336
f 1338//1338 1335//1335 1339//1339
f 1337//1337 1341//1341 1342//1342
f 1344//1344 1340//1340 1346//1346
f 1347//1347 1349//1349 1343//1343
f 1345//1345 1348//1348 1300//1300
f 1344//1344 1297//1297 1350//1350
f 1352//1352 1296//1296 1312//1312
f 1351//1351 1307//1307 1353//1353
f 1325//1325 1355//1355 1326//1326
f 1331//1331 1356//1356 1357//1357
f 1326//1326 1358//1358 1363//1363
f 1366//1366 1359//1359 1368//1368
f 1369//1369 1370//1370 1363//1363
f 1367//1367 1371//1371 1373//1373
f 1363//1363 1374//1374 1306//1306
f 1313//1313 1372//1372 1376//1376
f 1304//1304 1375//1375 1354//1354
f 1336//1336 1324//1324 1377//1377
f 1377//1377 1324//1324 1326//1326
f 1377//1377 1326//1326 1379//1379
f 1378//1378 1332//1332 1380//1380
f 1383//1383 1384//1384 1329//1329
f 1330//1330 1385//1385 1386//1386
f 1326//1326 1387//1387 1381//1381
f 1389//1389 1392//1392 1363//1363
f 1362//1362 1393//1393 1394//1394
f 1360//1360 1396//1396 1328//1328
f 1326//1326 1395//1395 1398//1398
f 1327//1327 1397//1397 1382//1382
f 1399//1399 1402//1402 1363//1363
f 1361//1361 1401//1401 1403//1403
f 1364//1364 1405//1405 1390//1390
f 1406//1406 1408//1408 1413//1413
f 1411//1411 1407//1407 1417//1417
f 1419//1419 1421//1421 1422//1422
f 1422//1422 1421//1421 1423//1423
f 1422//1422 1423//1423 1425//1425
f 1425//1425 1423//1423 1427//1427
f 1424//1424 1426//1426 1430//1430
f 1429//1429 1428//1428 1434//1434
f 1431//1431 1432//1432 1437//1437
f 1435//1435 1433//1433 1388//1388
f 1436//1436 1389//1389 1438//1438
f 1439//1439 1391//1391 1404//1404
f 1419//1419 1406//1406 1421//1421
f 1421//1421 1406//1406 1413//1413
f 1420//1420 1416//1416 1440//1440
f 1441//1441 1413//1413 1443//1443
f 1445//1445 1412//1412 1449//1449
f 1447//1447 1410//1410 1451//1451
f 1448//1448 1455//1455 1461//1461
f 1446//1446 1463//1463 1413//1413
f 1414//1414 1464//1464 1466//1466
f 1415//1415 1465//1465 1444//1444
f 1467//1467 1469//1469 1443//1443
f 1442//1442 1468//1468 1471//1471
f 1443//1443 1470//1470 1472//1472
f 1472//1472 1470//1470 1473//1473
f 1472//1472 1473//1473 1475//1475
f 1476//1476 1474//1474 1479//1479
f 1475//1475 1477//1477 1480//1480
f 1481//1481 1478//1478 1482//1482
f 1480//1480 1483//1483 1485//1485
f 1488//1488 1484//1484 1491//1491
f 1486//1486 1492//1492 1452//1452
f 1453//1453 1493//1493 1494//1494
f 1457//1457 1495//1495 1462//1462
f 1496//1496 1499//1499 1502//1502
f 1502//1502 1499//1499 1507//1507
f 1508//1508 1454//1454 1511//1511
f 1510//1510 1457//1457 1499//1499
f 1510//1510 1499//1499 1512//1512
f 1512//1512 1499//1499 1496//1496
f 1509//1509 1513//1513 1458//1458
f 1460//1460 1514//1514 1517//1517
f 1459//1459 1516//1516 1487//1487
f 1489//1489 1515//1515 1519//1519
f 1490//1490 1518//1518 1522//1522
f 1521//1521 1520//1520 1523//1523
f 1521//1521 1523//1523 1525//1525
f 1526//1526 1524//1524 1527//1527
f 1525//1525 1528//1528 1531//1531
f 1530//1530 1529//1529 1533//1533
f 1531//1531 1532//1532 1507//1507
f 1504//1504 1534//1534 1536//1536
f 1505//1505 1535//1535 1503//1503
f 1259//1259 1538//1538 1254//1254
f 1249//1249 1537//1537 1540//1540
f 1249//1249 1540//1540 1499//1499
f 1497//1497 1539//1539 1542//1542
f 1498//1498 1541//1541 1506//1506
f 1264//1264 1544//1544 1546//1546
f 1543//1543 1260//1260 1547//1547
f 1547//1547 1260//1260 1243//1243
f 1547//1547 1243//1243 1549//1549
f 1545//1545 1551//1551 1261//1261
f 1260//1260 1550//1550 1499//1499
f 1260//1260 1499//1499 1306//1306
f 1314//1314 1500//1500 1456//1456
f 1305//1305 1450//1450 1365//1365
f 1363//1363 1457//1457 1413//1413
f 1363//1363 1413//1413 1399//1399
f 1400//1400 1409//1409 1418//1418
f 1553//1553 1554//1554 1249//1249
f 1250//1250 1555//1555 1556//1556
f 1249//1249 1557//1557 1243//1243
f 1244//1244 1558//1558 1560//1560
f 1242//1242 1559//1559 1548//1548
f 1550//1550 1562//1562 1499//1499
f 1501//1501 1561//1561 1565//1565
f 1499//1499 1563//1563 1249//1249
f 1251//1251 1564//1564 1567//1567
f 1255//1255 1566//1566 1552//1552
f 1568//1568 1569//1569 1571//1571
f 1572//1572 1570//1570 1573//1573
f 1574//1574 1576//1576 1577//1577
f 1578//1578 1575//1575 1579//1579
f 1580//1580 1581//1581 1583//1583
f 1584//1584 1582//1582 1585//1585
f 1586//1586 1587//1587 1589//1589
f 1590//1590 1588//1588 1591//1591
f 1592//1592 1594//1594 1596//1596
f 1595//1595 1593//1593 1597//1597
f 1598//1598 1599//1599 1601//1601
f 1602//1602 1600//1600 1603//1603
f 1604//1604 1605//1605 1606//1606
f 1606//1606 1605//1605 1607//1607
f 1608//1608 1610//1610 1611//1611
f 1612//1612 1609//1609 1613//1613
f 1614//1614 1616//1616 1617//1617
f 1618//1618 1615//1615 1619//1619
f 1620//1620 1621//1621 1622//1622
f 1622//1622 1621//1621 1623//1623
f 1624//1624 1625//1625 1627//1627
f 1628//1628 1626//1626 1629//1629
f 1630//1630 1631//1631 1633//1633
f 1634//1634 1632//1632 1635//1635
f 1636//1636 1637//1637 1638//1638
f 1638//1638 1637//1637 1639//1639
f 1640//1640 1641//1641 1643//1643
f 1644//1644 1642//1642 1645//1645
f 1646//1646 1648//1648 1650//1650
f 1649//1649 1647//1647 1651//1651
f 1652//1652 1653//1653 1654//1654
f 1654//1654 1653//1653 1655//1655
f 1656//1656 1658//1658 1660//1660
f 1659//1659 1657//1657 1661//1661
f 1662//1662 1663//1663 1665//1665
f 1666//1666 1664//1664 1667//1667
f 1668//1668 1670//1670 1671//1671
f 1672//1672 1669//1669 1673//1673
f 1674//1674 1675//1675 1677//1677
f 1678//1678 1676//1676 1679//1679
f 1680//1680 1681//1681 1683//1683
f 1684//1684 1682//1682 1685//1685
f 1686//1686 1687//1687 1689//1689
f 1690//1690 1688//1688 1691//1691
f 1692//1692 1693//1693 1696//1696
f 1695//1695 1694//1694 1697//1697
f 1698//1698 1699//1699 1701//1701
f 1702//1702 1700//1700 1703//1703
f 1704//1704 1705//1705 1707//1707
f 1708//1708 1706//1706 1709//1709
f 1710//1710 1711//1711 1714//1714
f 1713//1713 1712//1712 1715//1715
f 1716//1716 1718//1718 1719//1719
f 1720//1720 1717//1717 1721//1721
f 1722//1722 1723//1723 1726//1726
f 1725//1725 1724//1724 1727//1727
f 1728//1728 1729//1729 1731//1731
f 1732//1732 1730//1730 1733//1733
f 1734//1734 1736//1736 1738//1738
f 1737//1737 1735//1735 1739//1739
f 1740//1740 1741//1741 1744//1744
f 1743//1743 1742//1742 1745//1745
f 1746//1746 1747//1747 1750//1750
f 1749//1749 1748//1748 1751//1751
f 1752//1752 1754//1754 1755//1755
f 1756//1756 1753//1753 1757//1757
f 1758//1758 1759//1759 1762//1762
f 1761//1761 1760//1760 1763//1763
f 1764//1764 1766//1766 1767//1767
f 1768//1768 1765//1765 1769//1769
f 1770//1770 1771//1771 1774//1774
f 1773//1773 1772//1772 1775//1775
f 1776//1776 1777//1777 1778//1778
f 1778//1778 1777//1777 1779//1779
f 1780//1780 1781//1781 1783//1783
f 1784//1784 1782//1782 1785//1785
f 1786//1786 1788//1788 1790//1790
f 1789//1789 1787//1787 1791//1791
f 1792//1792 1793//1793 1794//1794
f 1794//1794 1793//1793 1795//1795
f 1796//1796 1797//1797 1799//1799
f 1800//1800 1798//1798 1801//1801
f 1802//1802 1803//1803 1805//1805
f 1806//1806 1804//1804 1807//1807
f 1808//1808 1809//1809 1811//1811
f 1812//1812 1810//1810 1813//1813
f 1814//1814 1815//1815 1818//1818
f 1817//1817 1816//1816 1819//1819
f 1820//1820 1821//1821 1823//1823
f 1824//1824 1822//1822 1825//1825
f 1826//1826 1828//1828 1830//1830
f 1829//1829 1827//1827 1831//1831
f 1832//1832 1833//1833 1836//1836
f 1835//1835 1834//1834 1837//1837
f 1838//1838 1840//1840 1842//1842
f 1841//1841 1839//1839 1843//1843
f 1844//1844 1846//1846 1848//1848
f 1847//1847 1845//1845 1849//1849
f 1850//1850 1852//1852 1854//1854
f 1853//1853 1851//1851 1855//1855
f 1856//1856 1858//1858 1859//1859
f 1860//1860 1857//1857 1861//1861
f 1862//1862 1864//1864 1865//1865
f 1866//1866 1863//1863 1867//1867
f 1868//1868 1870//1870 1872//1872
f 1871//1871 1869//1869 1873//1873
f 1874//1874 1876//1876 1877//1877
f 1878//1878 1875//1875 1879//1879
f 1880//1880 1881//1881 1882//1882
f 1882//1882 1881//1881 1883//1883
f 1884//1884 1886//1886 1888//1888
f 1887//1887 1885//1885 1889//1889
f 1890//1890 1891//1891 1893//1893
f 1894//1894 1892//1892 1895//1895
f 1896//1896 1897//1897 1898//1898
f 1898//1898 1897//1897 1899//1899
f 1900//1900 1902//1902 1903//1903
f 1904//1904 1901//1901 1905//1905
f 1906//1906 1907//1907 1909//1909
f 1910//1910 1908//1908 1911//1911
f 1913//1913 1916//1916 1917//1917
f 1915//1915 1918//1918 1922//1922
f 1921//1921 1919//1919 1924//1924
f 1920//1920 1925//1925 1926//1926
f 1929//1929 239//239 1930//1930
f 1930//1930 239//239 1931//1931
f 1932//1932 1934//1934 1935//1935
f 1929//1929 1936//1936 239//239
f 239//239 1936//1936 1937//1937
f 239//239 1937//1937 232//232
f 232//232 1937//1937 1938//1938
f 232//232 1938//1938 224//224
f 224//224 1938//1938 1939//1939
f 224//224 1939//1939 1941//1941
f 225//225 224//224 1943//1943
f 1943//1943 224//224 1941//1941
f 1942//1942 1940//1940 1945//1945
f 1944//1944 1946//1946 1949//1949
f 1945//1945 1948//1948 1950//1950
f 1951//1951 1947//1947 1952//1952
f 1950//1950 1954//1954 1955//1955
f 1956//1956 1953//1953 1960//1960
f 1957//1957 1959//1959 1961//1961
f 1928//1928 1958//1958 1964//1964
f 1927//1927 1963//1963 1923//1923
f 1931//1931 1962//1962 1965//1965
f 1931//1931 1965//1965 1930//1930
f 1967//1967 1969//1969 1970//1970
f 1970//1970 1969//1969 1971//1971
f 1935//1935 1934//1934 1972//1972
f 1933//1933 1974//1974 1912//1912
f 1914//1914 1973//1973 1976//1976
f 1913//1913 1975//1975 1977//1977
f 1977//1977 1975//1975 1979//1979
f 1977//1977 1979//1979 1981//1981
f 1980//1980 1978//1978 1982//1982
f 1981//1981 1984//1984 1985//1985
f 1986//1986 1983//1983 1988//1988
f 1985//1985 1989//1989 1967//1967
f 1987//1987 1990//1990 1966//1966
f 1968//1968 1991//1991 1993//1993
f 1967//1967 1992//1992 1969//1969
f 1969//1969 1992//1992 1994//1994
f 1969//1969 1994//1994 1995//1995
f 1995//1995 1994//1994 1996//1996
f 1995//1995 1996//1996 1935//1935
f 1935//1935 1996//1996 1997//1997
f 1935//1935 1997//1997 1932//1932
f 1998//1998 1999//1999 2000//2000
f 2000//2000 1999//1999 2001//2001
f 2000//2000 2001//2001 2002//2002
f 2002//2002 2001//2001 2003//2003
f 2003//2003 2004//2004 2002//2002
f 2002//2002 2004//2004 2005//2005
f 2002//2002 2005//2005 2006//2006
f 2006//2006 2005//2005 2007//2007
f 2007//2007 2005//2005 299//299
f 299//299 2005//2005 2008//2008
f 299//299 2008//2008 2009//2009
f 2009//2009 2010//2010 299//299
f 299//299 2010//2010 2011//2011
f 299//299 2011//2011 300//300
f 300//300 2011//2011 2012//2012
f 2013//2013 2014//2014 2012//2012
f 2012//2012 2014//2014 2015//2015
f 2012//2012 2015//2015 300//300
f 2016//2016 2017//2017 2012//2012
f 2012//2012 2017//2017 2018//2018
f 2018//2018 2019//2019 2012//2012
f 2012//2012 2019//2019 2020//2020
f 2012//2012 2020//2020 2013//2013
f 2021//2021 2022//2022 2023//2023
f 2023//2023 2022//2022 2024//2024
f 2023//2023 2024//2024 1998//1998
f 1998//1998 2024//2024 2025//2025
f 1998//1998 2025//2025 1999//1999
f 2026//2026 2031//2031 2033//2033
f 2030//2030 2027//2027 2034//2034
f 2036//2036 2029//2029 2039//2039
f 2035//2035 2037//2037 2040//2040
f 2041//2041 2042//2042 2043//2043
f 2043//2043 2042//2042 2044//2044
f 2043//2043 2044//2044 2045//2045
f 2045//2045 2044//2044 2046//2046
f 2045//2045 2046//2046 2047//2047
f 2047//2047 2046//2046 2048//2048
f 2047//2047 2048//2048 2049//2049
f 2049//2049 2048//2048 2028//2028
f 2049//2049 2028//2028 2051//2051
f 2050//2050 2027//2027 2032//2032
f 2052//2052 2053//2053 2043//2043
f 2043//2043 2053//2053 2054//2054
f 2043//2043 2054//2054 2041//2041
f 2052//2052 2055//2055 2056//2056
f 2056//2056 2057//2057 2052//2052
f 2052//2052 2057//2057 2058//2058
f 2052//2052 2058//2058 2060//2060
f 2038//2038 2062//2062 2059//2059
f 2061//2061 2063//2063 2065//2065
f 2060//2060 2064//2064 2052//2052
f 2052//2052 2064//2064 2066//2066
f 2052//2052 2066//2066 2053//2053
f 2067//2067 2068//2068 2069//2069
f 2068//2068 2070//2070 2071//2071
f 2068//2068 2071//2071 2069//2069
f 2069//2069 2071//2071 2072//2072
f 2069//2069 2072//2072 2073//2073
f 2074//2074 2075//2075 2076//2076
f 2076//2076 2075//2075 2077//2077
f 2076//2076 2077//2077 2078//2078
f 2078//2078 2077//2077 2079//2079
f 2078//2078 2079//2079 2080//2080
f 2080//2080 2079//2079 2081//2081
f 2080//2080 2081//2081 2082//2082
f 2083//2083 2084//2084 2085//2085
f 2085//2085 2084//2084 2086//2086
f 2087//2087 2084//2084 2069//2069
f 2088//2088 2089//2089 2090//2090
f 2083//2083 2091//2091 2084//2084
f 2084//2084 2091//2091 2092//2092
f 2084//2084 2092//2092 2093//2093
f 2094//2094 2095//2095 2082//2082
f 2082//2082 2095//2095 2096//2096
f 2082//2082 2096//2096 2097//2097
f 2086//2086 2084//2084 2090//2090
f 2090//2090 2084//2084 2098//2098
f 2090//2090 2098//2098 2088//2088
f 2089//2089 2099//2099 2100//2100
f 2100//2100 2099//2099 2101//2101
f 2100//2100 2101//2101 2102//2102
f 2087//2087 2069//2069 2103//2103
f 2103//2103 2069//2069 2104//2104
f 2103//2103 2104//2104 2074//2074
f 2074//2074 2104//2104 2105//2105
f 2074//2074 2105//2105 2075//2075
f 2097//2097 2106//2106 2082//2082
f 2082//2082 2106//2106 2107//2107
f 2082//2082 2107//2107 2080//2080
f 2093//2093 2108//2108 2084//2084
f 2084//2084 2108//2108 2109//2109
f 2084//2084 2109//2109 2069//2069
f 2069//2069 2109//2109 2110//2110
f 2069//2069 2110//2110 2067//2067
f 2111//2111 2112//2112 2113//2113
f 2113//2113 2112//2112 2114//2114
f 2114//2114 2115//2115 2113//2113
f 2113//2113 2115//2115 2116//2116
f 2113//2113 2116//2116 2117//2117
f 2118//2118 2119//2119 2120//2120
f 2120//2120 2119//2119 2121//2121
f 2122//2122 2123//2123 2121//2121
f 2121//2121 2123//2123 2124//2124
f 2124//2124 2125//2125 2121//2121
f 2121//2121 2125//2125 2126//2126
f 2121//2121 2126//2126 2120//2120
f 2127//2127 2112//2112 2128//2128
f 2127//2127 2128//2128 2129//2129
f 2111//2111 2118//2118 2112//2112
f 2112//2112 2118//2118 2120//2120
f 2112//2112 2120//2120 2128//2128
f 2128//2128 2120//2120 2130//2130
f 2128//2128 2130//2130 2131//2131
f 2131//2131 2132//2132 2128//2128
f 2128//2128 2132//2132 2133//2133
f 2128//2128 2133//2133 2134//2134
f 2135//2135 2136//2136 2134//2134
f 2134//2134 2136//2136 2137//2137
f 2134//2134 2137//2137 2128//2128
f 2128//2128 2137//2137 2138//2138
f 2128//2128 2138//2138 2129//2129
f 2136//2136 2139//2139 2140//2140
f 2140//2140 2141//2141 2136//2136
f 2136//2136 2141//2141 2142//2142
f 2136//2136 2142//2142 2137//2137
f 2143//2143 2144//2144 2145//2145
f 2143//2143 2145//2145 2146//2146
f 2135//2135 2147//2147 2136//2136
f 2136//2136 2147//2147 2148//2148
f 2136//2136 2148//2148 2139//2139
f 2139//2139 2148//2148 2149//2149
f 2139//2139 2149//2149 2145//2145
f 2145//2145 2149//2149 2150//2150
f 2145//2145 2150//2150 2146//2146
f 2144//2144 2151//2151 2145//2145
f 2145//2145 2151//2151 2152//2152
f 2145//2145 2152//2152 2153//2153
f 2145//2145 2154//2154 2155//2155
f 2155//2155 2156//2156 2145//2145
f 2145//2145 2156//2156 2157//2157
f 2145//2145 2157//2157 2139//2139
f 2153//2153 2158//2158 2145//2145
f 2145//2145 2158//2158 2159//2159
f 2145//2145 2159//2159 2160//2160
f 2160//2160 2161//2161 2145//2145
f 2145//2145 2161//2161 2162//2162
f 2145//2145 2162//2162 2154//2154
f 288//288 2163//2163 289//289
f 289//289 2163//2163 2164//2164
f 2164//2164 2163//2163 2165//2165
f 2165//2165 2163//2163 117//117
f 2165//2165 117//117 119//119
f 469//469 467//467 2166//2166
f 2166//2166 467//467 2167//2167
f 2166//2166 2167//2167 2168//2168
f 2168//2168 2167//2167 2169//2169
f 2169//2169 2167//2167 2170//2170
f 2170//2170 2167//2167 314//314
f 2170//2170 314//314 316//316
f 2171//2171 628//628 627//627
f 2172//2172 2173//2173 2171//2171
f 2174//2174 2175//2175 2176//2176
f 2176//2176 2175//2175 2173//2173
f 2177//2177 2178//2178 2179//2179
f 2179//2179 2178//2178 2117//2117
f 2180//2180 2181//2181 2177//2177
f 682//682 681//681 2182//2182
f 2183//2183 2125//2125 2184//2184
f 2184//2184 2125//2125 2124//2124
f 2184//2184 2124//2124 2185//2185
f 2185//2185 2124//2124 2123//2123
f 2185//2185 2123//2123 2176//2176
f 2176//2176 2123//2123 2122//2122
f 2176//2176 2122//2122 2174//2174
f 2171//2171 627//627 2172//2172
f 2172//2172 627//627 626//626
f 2172//2172 626//626 2186//2186
f 2186//2186 626//626 625//625
f 2186//2186 625//625 2187//2187
f 2187//2187 625//625 624//624
f 2187//2187 624//624 2188//2188
f 2188//2188 624//624 623//623
f 2188//2188 623//623 2189//2189
f 2189//2189 623//623 622//622
f 2189//2189 622//622 2190//2190
f 2190//2190 622//622 621//621
f 2190//2190 621//621 2191//2191
f 2191//2191 621//621 619//619
f 2191//2191 619//619 2192//2192
f 619//619 634//634 2192//2192
f 2192//2192 634//634 633//633
f 2192//2192 633//633 2193//2193
f 2193//2193 633//633 632//632
f 2193//2193 632//632 2194//2194
f 2194//2194 632//632 637//637
f 2194//2194 637//637 2195//2195
f 2195//2195 637//637 636//636
f 2195//2195 636//636 2196//2196
f 2196//2196 636//636 473//473
f 2196//2196 473//473 2197//2197
f 473//473 472//472 2197//2197
f 2197//2197 472//472 648//648
f 2197//2197 648//648 2198//2198
f 2198//2198 648//648 647//647
f 645//645 2199//2199 647//647
f 647//647 2199//2199 2200//2200
f 647//647 2200//2200 2198//2198
f 645//645 644//644 2199//2199
f 2199//2199 644//644 642//642
f 2199//2199 642//642 2201//2201
f 2201//2201 642//642 640//640
f 2201//2201 640//640 2202//2202
f 2202//2202 640//640 639//639
f 2202//2202 639//639 2203//2203
f 639//639 660//660 2203//2203
f 2203//2203 660//660 659//659
f 2203//2203 659//659 2204//2204
f 2204//2204 659//659 657//657
f 2204//2204 657//657 2205//2205
f 657//657 2206//2206 2205//2205
f 2205//2205 2206//2206 649//649
f 2205//2205 649//649 2207//2207
f 2207//2207 649//649 651//651
f 2207//2207 651//651 2208//2208
f 2208//2208 651//651 653//653
f 2208//2208 653//653 2209//2209
f 2209//2209 653//653 655//655
f 2209//2209 655//655 2210//2210
f 655//655 661//661 2210//2210
f 2210//2210 661//661 663//663
f 2210//2210 663//663 2211//2211
f 2211//2211 663//663 665//665
f 2211//2211 665//665 2212//2212
f 665//665 666//666 2212//2212
f 2212//2212 666//666 668//668
f 2212//2212 668//668 2213//2213
f 2213//2213 668//668 670//670
f 2213//2213 670//670 2214//2214
f 2214//2214 670//670 679//679
f 2214//2214 679//679 2215//2215
f 2215//2215 679//679 678//678
f 2215//2215 678//678 2216//2216
f 678//678 676//676 2216//2216
f 2216//2216 676//676 675//675
f 2216//2216 675//675 2217//2217
f 2217//2217 675//675 671//671
f 2217//2217 671//671 2218//2218
f 2218//2218 671//671 673//673
f 2218//2218 673//673 2219//2219
f 2219//2219 673//673 674//674
f 2219//2219 674//674 2220//2220
f 674//674 690//690 2220//2220
f 2220//2220 690//690 689//689
f 2220//2220 689//689 2221//2221
f 2221//2221 689//689 688//688
f 2221//2221 688//688 2222//2222
f 2173//2173 2172//2172 2176//2176
f 2176//2176 2172//2172 2186//2186
f 2176//2176 2186//2186 2185//2185
f 2185//2185 2186//2186 2187//2187
f 2185//2185 2187//2187 2184//2184
f 2184//2184 2187//2187 2188//2188
f 2184//2184 2188//2188 2183//2183
f 2183//2183 2188//2188 2189//2189
f 2183//2183 2189//2189 2223//2223
f 2223//2223 2189//2189 2190//2190
f 2223//2223 2190//2190 2224//2224
f 2224//2224 2190//2190 2191//2191
f 2224//2224 2191//2191 2225//2225
f 2225//2225 2191//2191 2192//2192
f 2225//2225 2192//2192 2226//2226
f 2226//2226 2192//2192 2193//2193
f 2226//2226 2193//2193 2227//2227
f 2227//2227 2193//2193 2194//2194
f 2227//2227 2194//2194 2228//2228
f 2228//2228 2194//2194 2195//2195
f 2228//2228 2195//2195 2229//2229
f 2229//2229 2195//2195 2196//2196
f 2229//2229 2196//2196 2230//2230
f 2230//2230 2196//2196 2197//2197
f 2230//2230 2197//2197 2231//2231
f 2231//2231 2197//2197 2198//2198
f 2231//2231 2198//2198 2232//2232
f 2232//2232 2198//2198 2200//2200
f 2232//2232 2200//2200 2233//2233
f 2233//2233 2200//2200 2199//2199
f 2233//2233 2199//2199 2234//2234
f 2234//2234 2199//2199 2201//2201
f 2234//2234 2201//2201 2235//2235
f 2235//2235 2201//2201 2202//2202
f 2235//2235 2202//2202 2236//2236
f 2236//2236 2202//2202 2203//2203
f 2236//2236 2203//2203 2237//2237
f 2237//2237 2203//2203 2204//2204
f 2237//2237 2204//2204 2238//2238
f 2238//2238 2204//2204 2205//2205
f 2238//2238 2205//2205 2239//2239
f 2239//2239 2205//2205 2207//2207
f 2239//2239 2207//2207 2240//2240
f 2240//2240 2207//2207 2208//2208
f 2240//2240 2208//2208 2241//2241
f 2241//2241 2208//2208 2209//2209
f 2241//2241 2209//2209 2242//2242
f 2242//2242 2209//2209 2210//2210
f 2242//2242 2210//2210 2243//2243
f 2243//2243 2210//2210 2211//2211
f 2243//2243 2211//2211 2244//2244
f 2244//2244 2211//2211 2212//2212
f 2244//2244 2212//2212 2245//2245
f 2245//2245 2212//2212 2213//2213
f 2245//2245 2213//2213 2246//2246
f 2246//2246 2213//2213 2214//2214
f 2246//2246 2214//2214 2247//2247
f 2247//2247 2214//2214 2215//2215
f 2247//2247 2215//2215 2248//2248
f 2248//2248 2215//2215 2216//2216
f 2248//2248 2216//2216 2249//2249
f 2249//2249 2216//2216 2217//2217
f 2249//2249 2217//2217 2250//2250
f 2250//2250 2217//2217 2218//2218
f 2250//2250 2218//2218 2251//2251
f 2251//2251 2218//2218 2219//2219
f 2251//2251 2219//2219 2252//2252
f 2252//2252 2219//2219 2220//2220
f 2252//2252 2220//2220 2253//2253
f 2253//2253 2220//2220 2221//2221
f 2253//2253 2221//2221 2254//2254
f 2254//2254 2221//2221 2222//2222
f 2254//2254 2222//2222 2255//2255
f 2255//2255 2129//2129 2254//2254
f 2254//2254 2129//2129 2138//2138
f 2254//2254 2138//2138 2253//2253
f 2253//2253 2138//2138 2137//2137
f 2253//2253 2137//2137 2252//2252
f 2252//2252 2137//2137 2142//2142
f 2252//2252 2142//2142 2251//2251
f 2251//2251 2142//2142 2141//2141
f 2251//2251 2141//2141 2250//2250
f 2250//2250 2141//2141 2140//2140
f 2250//2250 2140//2140 2249//2249
f 2249//2249 2140//2140 2139//2139
f 2249//2249 2139//2139 2248//2248
f 2248//2248 2139//2139 2157//2157
f 2248//2248 2157//2157 2247//2247
f 2247//2247 2157//2157 2156//2156
f 2247//2247 2156//2156 2246//2246
f 2246//2246 2156//2156 2155//2155
f 2246//2246 2155//2155 2245//2245
f 2245//2245 2155//2155 2154//2154
f 2245//2245 2154//2154 2244//2244
f 2244//2244 2154//2154 2162//2162
f 2244//2244 2162//2162 2243//2243
f 2243//2243 2162//2162 2161//2161
f 2243//2243 2161//2161 2242//2242
f 2242//2242 2161//2161 2160//2160
f 2242//2242 2160//2160 2241//2241
f 2241//2241 2160//2160 2159//2159
f 2241//2241 2159//2159 2240//2240
f 2240//2240 2159//2159 2256//2256
f 2240//2240 2256//2256 2239//2239
f 2239//2239 2256//2256 2153//2153
f 2239//2239 2153//2153 2238//2238
f 2238//2238 2153//2153 2152//2152
f 2238//2238 2152//2152 2237//2237
f 2237//2237 2152//2152 2151//2151
f 2237//2237 2151//2151 2236//2236
f 2236//2236 2151//2151 2144//2144
f 2236//2236 2144//2144 2235//2235
f 2235//2235 2144//2144 2143//2143
f 2235//2235 2143//2143 2234//2234
f 2234//2234 2143//2143 2146//2146
f 2234//2234 2146//2146 2233//2233
f 2233//2233 2146//2146 2150//2150
f 2233//2233 2150//2150 2232//2232
f 2232//2232 2150//2150 2149//2149
f 2232//2232 2149//2149 2231//2231
f 2231//2231 2149//2149 2148//2148
f 2231//2231 2148//2148 2230//2230
f 2230//2230 2148//2148 2147//2147
f 2230//2230 2147//2147 2229//2229
f 2229//2229 2147//2147 2135//2135
f 2229//2229 2135//2135 2228//2228
f 2228//2228 2135//2135 2134//2134
f 2228//2228 2134//2134 2227//2227
f 2227//2227 2134//2134 2133//2133
f 2227//2227 2133//2133 2226//2226
f 2226//2226 2133//2133 2132//2132
f 2226//2226 2132//2132 2225//2225
f 2225//2225 2132//2132 2131//2131
f 2225//2225 2131//2131 2224//2224
f 2224//2224 2131//2131 2130//2130
f 2224//2224 2130//2130 2223//2223
f 2223//2223 2130//2130 2120//2120
f 2223//2223 2120//2120 2183//2183
f 2183//2183 2120//2120 2126//2126
f 2183//2183 2126//2126 2125//2125
f 2114//2114 2112//2112 2255//2255
f 2255//2255 2112//2112 2127//2127
f 2255//2255 2127//2127 2129//2129
f 2257//2257 683//683 685//685
f 2257//2257 685//685 2258//2258
f 2258//2258 685//685 682//682
f 2258//2258 682//682 2180//2180
f 2180//2180 682//682 2182//2182
f 2180//2180 2182//2182 2181//2181
f 2177//2177 2179//2179 2180//2180
f 2180//2180 2179//2179 2259//2259
f 2180//2180 2259//2259 2258//2258
f 2258//2258 2259//2259 2260//2260
f 2258//2258 2260//2260 2257//2257
f 688//688 683//683 2222//2222
f 2222//2222 683//683 2257//2257
f 2222//2222 2257//2257 2255//2255
f 2255//2255 2257//2257 2260//2260
f 2255//2255 2260//2260 2114//2114
f 2114//2114 2260//2260 2259//2259
f 2114//2114 2259//2259 2115//2115
f 2115//2115 2259//2259 2179//2179
f 2115//2115 2179//2179 2116//2116
f 2116//2116 2179//2179 2117//2117
f 2261//2261 2262//2262 2263//2263
f 940//940 939//939 2264//2264
f 2265//2265 2267//2267 2268//2268
f 2268//2268 2267//2267 2269//2269
f 2261//2261 2263//2263 2270//2270
f 2270//2270 2263//2263 2271//2271
f 2270//2270 2271//2271 2272//2272
f 2271//2271 2273//2273 2272//2272
f 2272//2272 2273//2273 2274//2274
f 2272//2272 2274//2274 2275//2275
f 2274//2274 2276//2276 2275//2275
f 2275//2275 2276//2276 2277//2277
f 2275//2275 2277//2277 2278//2278
f 2277//2277 2279//2279 2278//2278
f 2278//2278 2279//2279 2280//2280
f 2278//2278 2280//2280 2281//2281
f 2281//2281 2280//2280 2282//2282
f 2281//2281 2282//2282 2266//2266
f 2266//2266 2282//2282 2283//2283
f 2266//2266 2283//2283 2284//2284
f 2285//2285 2286//2286 2287//2287
f 2288//2288 2286//2286 2285//2285
f 2285//2285 2289//2289 2290//2290
f 2291//2291 2289//2289 2285//2285
f 2287//2287 2291//2291 2285//2285
f 2285//2285 2292//2292 2293//2293
f 2294//2294 2292//2292 2285//2285
f 2290//2290 2294//2294 2285//2285
f 2285//2285 2295//2295 2296//2296
f 2297//2297 2295//2295 2285//2285
f 2293//2293 2297//2297 2285//2285
f 2296//2296 2288//2288 2285//2285
f 2298//2298 2300//2300 2302//2302
f 2301//2301 2299//2299 2303//2303
f 2304//2304 2306//2306 2308//2308
f 2307//2307 2305//2305 2309//2309
f 2310//2310 2312//2312 2313//2313
f 2314//2314 2311//2311 2315//2315
f 2316//2316 2318//2318 2319//2319
f 2320//2320 2317//2317 2321//2321
f 2322//2322 2323//2323 2326//2326
f 2325//2325 2324//2324 2327//2327
f 2328//2328 2330//2330 2331//2331
f 2332//2332 2329//2329 2333//2333
f 2334//2334 2335//2335 2336//2336
f 2336//2336 2335//2335 2337//2337
f 2338//2338 2340//2340 2341//2341
f 2342//2342 2339//2339 2343//2343
f 2344//2344 2345//2345 2347//2347
f 2348//2348 2346//2346 2349//2349
f 2350//2350 2352//2352 2353//2353
f 2354//2354 2351//2351 2355//2355
f 2356//2356 2358//2358 2360//2360
f 2359//2359 2357//2357 2361//2361
f 2362//2362 2363//2363 2364//2364
f 2364//2364 2363//2363 2365//2365
f 2366//2366 2367//2367 2368//2368
f 2368//2368 2367//2367 2369//2369
f 2368//2368 2369//2369 2370//2370
f 2370//2370 2369//2369 2371//2371
f 2370//2370 2371//2371 2372//2372
f 2372//2372 2371//2371 2373//2373
f 2372//2372 2373//2373 2374//2374
f 2374//2374 2373//2373 2375//2375
f 2374//2374 2375//2375 2376//2376
f 2376//2376 2375//2375 2377//2377
f 2376//2376 2377//2377 2378//2378
f 2378//2378 2377//2377 2379//2379
f 2378//2378 2379//2379 2380//2380
f 2380//2380 2379//2379 2381//2381
f 2380//2380 2381//2381 2382//2382
f 2382//2382 2381//2381 2383//2383
f 2382//2382 2383//2383 2384//2384
f 2384//2384 2383//2383 2385//2385
f 2384//2384 2385//2385 2386//2386
f 2386//2386 2385//2385 2387//2387
f 2386//2386 2387//2387 2388//2388
f 2388//2388 2387//2387 2389//2389
f 2388//2388 2389//2389 2366//2366
f 2366//2366 2389//2389 2367//2367
f 2390//2390 2391//2391 2392//2392
f 2393//2393 2391//2391 2390//2390
f 2390//2390 2394//2394 2395//2395
f 2396//2396 2394//2394 2390//2390
f 2392//2392 2396//2396 2390//2390
f 2390//2390 2397//2397 2398//2398
f 2399//2399 2397//2397 2390//2390
f 2395//2395 2399//2399 2390//2390
f 2390//2390 2400//2400 2401//2401
f 2402//2402 2400//2400 2390//2390
f 2398//2398 2402//2402 2390//2390
f 2401//2401 2393//2393 2390//2390
f 2403//2403 2404//2404 2406//2406
f 2407//2407 2405//2405 2408//2408
f 2409//2409 2410//2410 2413//2413
f 2412//2412 2411//2411 2414//2414
f 2415//2415 2416//2416 2418//2418
f 2419//2419 2417//2417 2420//2420
f 2421//2421 2423//2423 2424//2424
f 2425//2425 2422//2422 2426//2426
f 2427//2427 2429//2429 2431//2431
f 2430//2430 2428//2428 2432//2432
f 2433//2433 2434//2434 2436//2436
f 2437//2437 2435//2435 2438//2438
f 2439//2439 2440//2440 2441//2441
f 2441//2441 2440//2440 2442//2442
f 2443//2443 2445//2445 2446//2446
f 2447//2447 2444//2444 2448//2448
f 2449//2449 2450//2450 2452//2452
f 2453//2453 2451//2451 2454//2454
f 2455//2455 2456//2456 2458//2458
f 2459//2459 2457//2457 2460//2460
f 2461//2461 2462//2462 2465//2465
f 2464//2464 2463//2463 2466//2466
f 2467//2467 2468//2468 2469//2469
f 2469//2469 2468//2468 2470//2470
f 2471//2471 2473//2473 2474//2474
f 2474//2474 2473//2473 2475//2475
f 2474//2474 2475//2475 2476//2476
f 2476//2476 2475//2475 2477//2477
f 2476//2476 2477//2477 2478//2478
f 2478//2478 2477//2477 2479//2479
f 2478//2478 2479//2479 2480//2480
f 2480//2480 2479//2479 2481//2481
f 2480//2480 2481//2481 2482//2482
f 2482//2482 2481//2481 2483//2483
f 2482//2482 2483//2483 2484//2484
f 2484//2484 2483//2483 2485//2485
f 2484//2484 2485//2485 2486//2486
f 2486//2486 2485//2485 2487//2487
f 2486//2486 2487//2487 2488//2488
f 2488//2488 2487//2487 2489//2489
f 2488//2488 2489//2489 2490//2490
f 2490//2490 2489//2489 2491//2491
f 2490//2490 2491//2491 2492//2492
f 2492//2492 2491//2491 2493//2493
f 2492//2492 2493//2493 2494//2494
f 2494//2494 2493//2493 2495//2495
f 2494//2494 2495//2495 2472//2472
f 2472//2472 2495//2495 2496//2496
f 2497//2497 2498//2498 2499//2499
f 2497//2497 2500//2500 2508//2508
f 2509//2509 2511//2511 2512//2512
f 2514//2514 2515//2515 2500//2500
f 2502//2502 2516//2516 2517//2517
f 2505//2505 2518//2518 2507//2507
f 2520//2520 2522//2522 2504//2504
f 2524//2524 2526//2526 2527//2527
f 2528//2528 2525//2525 2519//2519
f 2527//2527 2521//2521 2530//2530
f 2530//2530 2521//2521 2500//2500
f 2529//2529 2501//2501 2532//2532
f 2531//2531 2506//2506 2534//2534
f 2533//2533 2510//2510 2535//2535
f 2535//2535 2510//2510 2513//2513
f 2536//2536 2514//2514 2537//2537
f 2537//2537 2514//2514 2500//2500
f 2537//2537 2500//2500 2539//2539
f 2538//2538 2503//2503 2523//2523
f 2540//2540 2541//2541 2542//2542
f 2542//2542 2541//2541 2543//2543
f 2542//2542 2543//2543 2544//2544
f 2545//2545 2546//2546 2547//2547
f 2547//2547 2546//2546 2548//2548
f 2547//2547 2548//2548 2549//2549
f 2550//2550 2551//2551 2552//2552
f 2552//2552 2551//2551 2553//2553
f 2552//2552 2553//2553 2554//2554
f 2554//2554 2553//2553 2555//2555
f 2555//2555 2553//2553 2556//2556
f 2555//2555 2556//2556 2557//2557
f 2558//2558 2559//2559 2560//2560
f 2558//2558 2560//2560 2561//2561
f 2561//2561 2560//2560 2562//2562
f 2561//2561 2562//2562 2563//2563
f 2563//2563 2562//2562 2564//2564
f 2563//2563 2564//2564 2565//2565
f 2565//2565 2564//2564 2566//2566
f 2565//2565 2566//2566 2567//2567
f 2567//2567 2566//2566 2568//2568
f 2567//2567 2568//2568 2569//2569
f 2569//2569 2568//2568 2570//2570
f 2569//2569 2570//2570 2571//2571
f 2571//2571 2570//2570 2572//2572
f 2571//2571 2572//2572 2573//2573
f 2573//2573 2572//2572 2574//2574
f 2573//2573 2574//2574 2575//2575
f 2575//2575 2574//2574 2576//2576
f 2575//2575 2576//2576 2577//2577
f 2577//2577 2576//2576 2578//2578
f 2577//2577 2578//2578 2579//2579
f 2579//2579 2578//2578 2580//2580
f 2579//2579 2580//2580 2581//2581
f 2581//2581 2580//2580 2582//2582
f 2581//2581 2582//2582 2583//2583
f 2583//2583 2582//2582 2584//2584
f 2583//2583 2584//2584 2585//2585
f 2585//2585 2584//2584 2586//2586
f 2585//2585 2586//2586 2587//2587
f 2587//2587 2586//2586 2588//2588
f 2587//2587 2588//2588 2589//2589
f 2589//2589 2588//2588 2590//2590
f 2589//2589 2590//2590 2591//2591
f 2591//2591 2590//2590 2592//2592
f 2591//2591 2592//2592 2593//2593
f 2593//2593 2592//2592 2594//2594
f 2593//2593 2594//2594 2595//2595
f 2595//2595 2594//2594 2596//2596
f 2595//2595 2596//2596 2597//2597
f 2597//2597 2596//2596 2598//2598
f 2597//2597 2598//2598 2599//2599
f 2599//2599 2598//2598 2600//2600
f 2599//2599 2600//2600 2601//2601
f 2601//2601 2600//2600 2602//2602
f 2601//2601 2602//2602 2603//2603
f 2603//2603 2602//2602 2604//2604
f 2603//2603 2604//2604 2605//2605
f 2605//2605 2604//2604 2606//2606
f 2605//2605 2606//2606 2607//2607
f 2607//2607 2606//2606 2608//2608
f 2607//2607 2608//2608 2609//2609
f 2609//2609 2608//2608 2610//2610
f 2609//2609 2610//2610 2611//2611
f 2612//2612 2613//2613 2614//2614
f 2614//2614 2613//2613 2615//2615
f 2614//2614 2615//2615 2616//2616
f 2616//2616 2615//2615 2617//2617
f 2616//2616 2617//2617 2618//2618
f 2618//2618 2617//2617 2619//2619
f 2618//2618 2619//2619 2620//2620
f 2620//2620 2619//2619 2621//2621
f 2620//2620 2621//2621 2622//2622
f 2622//2622 2621//2621 2623//2623
f 2622//2622 2623//2623 2624//2624
f 2624//2624 2623//2623 2625//2625
f 2624//2624 2625//2625 2626//2626
f 2626//2626 2625//2625 2627//2627
f 2626//2626 2627//2627 2628//2628
f 2628//2628 2627//2627 2629//2629
f 2628//2628 2629//2629 2630//2630
f 2630//2630 2629//2629 2631//2631
f 2630//2630 2631//2631 2632//2632
f 2632//2632 2631//2631 2633//2633
f 2632//2632 2633//2633 2634//2634
f 2634//2634 2633//2633 2635//2635
f 2634//2634 2635//2635 2636//2636
f 2636//2636 2635//2635 2637//2637
f 2636//2636 2637//2637 2638//2638
f 2638//2638 2637//2637 2639//2639
f 2638//2638 2639//2639 2640//2640
f 2640//2640 2639//2639 2641//2641
f 2640//2640 2641//2641 2642//2642
f 2642//2642 2641//2641 2643//2643
f 2642//2642 2643//2643 2644//2644
f 2644//2644 2643//2643 2645//2645
f 2644//2644 2645//2645 2646//2646
f 2646//2646 2645//2645 2647//2647
f 2646//2646 2647//2647 2648//2648
f 2648//2648 2647//2647 2649//2649
f 2648//2648 2649//2649 2650//2650
f 2650//2650 2649//2649 2651//2651
f 2650//2650 2651//2651 2652//2652
f 2652//2652 2651//2651 2653//2653
f 2652//2652 2653//2653 2654//2654
f 2654//2654 2653//2653 2655//2655
f 2654//2654 2655//2655 2656//2656
f 2656//2656 2655//2655 2657//2657
f 2656//2656 2657//2657 2658//2658
f 2658//2658 2657//2657 2659//2659
f 2658//2658 2659//2659 2660//2660
f 2660//2660 2659//2659 2661//2661
f 2660//2660 2661//2661 2662//2662
f 2662//2662 2661//2661 2663//2663
f 2662//2662 2663//2663 2664//2664
f 2664//2664 2663//2663 2665//2665
f 2664//2664 2665//2665 2666//2666
f 2666//2666 2665//2665 2667//2667
f 2666//2666 2667//2667 2668//2668
f 2668//2668 2667//2667 2669//2669
f 2668//2668 2669//2669 2670//2670
f 2670//2670 2669//2669 2671//2671
f 2672//2672 2675//2675 2678//2678
f 2679//2679 2676//2676 2680//2680
f 2677//2677 2681//2681 2682//2682
f 2683//2683 2685//2685 2687//2687
f 2684//2684 2686//2686 2689//2689
f 2688//2688 2691//2691 2692//2692
f 2690//2690 2693//2693 2694//2694
f 2695//2695 2696//2696 2697//2697
f 2695//2695 2697//2697 2698//2698
f 2698//2698 2699//2699 2701//2701
f 2702//2702 2706//2706 2707//2707
f 2707//2707 2706//2706 2709//2709
f 2707//2707 2709//2709 2710//2710
f 2711//2711 2708//2708 2714//2714
f 2710//2710 2713//2713 2716//2716
f 2715//2715 2712//2712 2718//2718
f 2716//2716 2719//2719 2722//2722
f 2720//2720 2717//2717 2724//2724
f 2721//2721 2723//2723 2727//2727
f 2726//2726 2725//2725 2728//2728
f 2726//2726 2728//2728 2729//2729
f 2729//2729 2728//2728 2730//2730
f 2729//2729 2730//2730 2731//2731
f 2731//2731 2730//2730 2732//2732
f 2731//2731 2732//2732 2733//2733
f 2733//2733 2732//2732 2734//2734
f 2733//2733 2734//2734 2736//2736
f 2700//2700 2735//2735 2737//2737
f 2701//2701 2738//2738 2698//2698
f 2739//2739 2741//2741 2743//2743
f 2742//2742 2740//2740 2744//2744
f 2743//2743 2745//2745 2748//2748
f 2747//2747 2746//2746 2674//2674
f 2748//2748 2676//2676 2749//2749
f 2749//2749 2676//2676 2673//2673
f 2752//2752 2754//2754 2756//2756
f 2755//2755 2753//2753 2758//2758
f 2756//2756 2757//2757 2759//2759
f 2759//2759 2757//2757 2762//2762
f 2760//2760 2761//2761 2763//2763
f 2764//2764 2762//2762 2765//2765
f 2764//2764 2765//2765 2766//2766
f 2766//2766 2765//2765 2767//2767
f 2766//2766 2767//2767 2769//2769
f 2768//2768 2770//2770 2773//2773
f 2772//2772 2771//2771 2776//2776
f 2774//2774 2775//2775 2778//2778
f 2777//2777 2776//2776 2780//2780
f 2779//2779 2781//2781 2784//2784
f 2782//2782 2780//2780 2786//2786
f 2783//2783 2785//2785 2788//2788
f 2790//2790 2787//2787 2792//2792
f 2789//2789 2791//2791 2796//2796
f 2794//2794 2793//2793 2797//2797
f 2795//2795 2799//2799 2800//2800
f 2802//2802 2798//2798 2804//2804
f 2801//2801 2805//2805 2807//2807
f 2808//2808 2803//2803 2809//2809
f 2806//2806 2810//2810 2813//2813
f 2812//2812 2811//2811 2815//2815
f 2814//2814 2816//2816 2818//2818
f 2703//2703 2817//2817 2819//2819
f 2704//2704 2820//2820 2705//2705
f 2821//2821 2823//2823 2824//2824
f 2825//2825 2822//2822 2751//2751
f 2824//2824 2752//2752 2826//2826
f 2827//2827 2750//2750 2828//2828
f 2611//2611 2610//2610 2829//2829
f 2829//2829 2610//2610 2830//2830
f 2831//2831 2832//2832 2834//2834
f 2835//2835 2833//2833 2836//2836
f 2837//2837 2839//2839 2841//2841
f 2840//2840 2838//2838 2842//2842
f 2843//2843 2844//2844 2846//2846
f 2847//2847 2845//2845 2848//2848
f 2849//2849 2851//2851 2853//2853
f 2852//2852 2850//2850 2854//2854
f 2855//2855 2856//2856 2857//2857
f 2857//2857 2856//2856 2858//2858
f 2857//2857 2858//2858 2612//2612
f 2612//2612 2858//2858 2613//2613
f 2859//2859 2861//2861 2862//2862
f 2863//2863 2860//2860 2864//2864
f 2865//2865 2866//2866 2869//2869
f 2868//2868 2867//2867 2870//2870
f 2871//2871 2873//2873 2874//2874
f 2875//2875 2872//2872 2876//2876
f 2877//2877 2878//2878 2880//2880
f 2881//2881 2879//2879 2882//2882
f 2883//2883 2884//2884 2558//2558
f 2558//2558 2884//2884 2559//2559
f 2670//2670 2671//2671 2885//2885
f 2885//2885 2671//2671 2886//2886
f 2885//2885 2886//2886 2887//2887
f 2887//2887 2886//2886 2888//2888
f 2556//2556 2889//2889 2557//2557
f 2557//2557 2890//2890 2891//2891
f 2891//2891 2890//2890 2892//2892
f 2892//2892 2890//2890 2893//2893
f 2892//2892 2894//2894 2895//2895
f 2895//2895 2894//2894 2896//2896
f 2896//2896 2894//2894 2546//2546
f 2896//2896 2546//2546 2545//2545
f 2897//2897 2898//2898 2900//2900
f 2900//2900 2898//2898 2901//2901
f 2902//2902 2903//2903 2543//2543
f 2543//2543 2903//2903 2904//2904
f 2543//2543 2904//2904 2544//2544
f 2900//2900 2905//2905 2897//2897
f 2906//2906 2907//2907 2551//2551
f 2906//2906 2551//2551 2550//2550
f 349//349 348//348 2908//2908
f 2908//2908 348//348 2909//2909
f 2908//2908 2910//2910 2911//2911
f 2912//2912 2913//2913 2914//2914
f 2914//2914 2913//2913 2915//2915
f 2914//2914 2915//2915 2910//2910
f 2910//2910 2915//2915 2916//2916
f 2910//2910 2916//2916 2911//2911
f 2912//2912 2914//2914 2917//2917
f 2917//2917 2914//2914 2918//2918
f 2917//2917 2918//2918 2919//2919
f 2919//2919 2918//2918 2920//2920
f 2920//2920 2918//2918 2541//2541
f 2920//2920 2541//2541 2540//2540
f 2548//2548 2921//2921 2922//2922
f 2922//2922 2923//2923 2548//2548
f 2548//2548 2923//2923 2924//2924
f 2548//2548 2924//2924 2549//2549
f 2925//2925 2926//2926 2921//2921
f 2921//2921 2926//2926 2927//2927
f 2921//2921 2927//2927 2922//2922
f 2928//2928 2929//2929 2925//2925
f 2925//2925 2929//2929 2930//2930
f 2925//2925 2930//2930 2926//2926
f 356//356 360//360 2928//2928
f 2928//2928 360//360 2931//2931
f 2931//2931 2932//2932 2928//2928
f 2928//2928 2932//2932 2933//2933
f 2928//2928 2933//2933 2929//2929
f 2934//2934 2935//2935 2936//2936
f 2936//2936 2935//2935 2937//2937
f 2936//2936 2937//2937 2938//2938
f 2939//2939 2940//2940 2941//2941
f 2939//2939 2941//2941 2942//2942
f 2942//2942 2941//2941 2943//2943
f 2943//2943 2941//2941 2944//2944
f 2943//2943 2944//2944 2945//2945
f 2945//2945 2944//2944 2946//2946
f 2946//2946 2944//2944 2947//2947
f 2946//2946 2947//2947 2948//2948
f 2948//2948 2947//2947 2949//2949
f 2948//2948 2949//2949 2950//2950
f 2951//2951 2952//2952 2949//2949
f 2949//2949 2952//2952 2953//2953
f 2949//2949 2953//2953 2950//2950
f 2954//2954 2955//2955 2951//2951
f 2951//2951 2955//2955 2952//2952
f 2935//2935 2934//2934 2956//2956
f 2956//2956 2934//2934 2957//2957
f 2958//2958 2959//2959 2960//2960
f 2960//2960 2959//2959 2962//2962
f 2961//2961 2964//2964 2967//2967
f 2966//2966 2963//2963 2968//2968
f 2969//2969 2970//2970 2972//2972
f 2973//2973 2971//2971 2965//2965
f 2972//2972 2962//2962 2974//2974
f 2974//2974 2962//2962 2959//2959
f 2975//2975 2976//2976 2977//2977
f 2978//2978 2979//2979 2977//2977
f 2977//2977 2979//2979 2980//2980
f 2975//2975 2977//2977 2981//2981
f 2980//2980 2982//2982 2977//2977
f 2977//2977 2982//2982 2983//2983
f 2977//2977 2983//2983 2981//2981
f 2976//2976 2984//2984 2977//2977
f 2977//2977 2984//2984 2985//2985
f 2986//2986 2987//2987 2988//2988
f 2989//2989 2990//2990 2991//2991
f 2992//2992 2993//2993 2977//2977
f 2977//2977 2993//2993 181//181
f 2977//2977 181//181 2978//2978
f 2978//2978 181//181 180//180
f 2993//2993 2994//2994 181//181
f 181//181 2994//2994 2995//2995
f 181//181 2995//2995 176//176
f 176//176 2995//2995 177//177
f 159//159 161//161 2996//2996
f 2990//2990 2989//2989 2997//2997
f 2997//2997 2989//2989 2999//2999
f 2997//2997 2999//2999 3000//3000
f 2996//2996 2998//2998 3001//3001
f 2996//2996 3001//3001 159//159
f 3002//3002 191//191 3003//3003
f 3003//3003 191//191 193//193
f 193//193 195//195 3003//3003
f 3001//3001 195//195 204//204
f 3001//3001 204//204 159//159
f 3004//3004 146//146 3005//3005
f 3005//3005 146//146 145//145
f 3005//3005 145//145 3002//3002
f 3002//3002 145//145 189//189
f 3002//3002 189//189 191//191
f 3//3 2//2 3006//3006
f 384//384 383//383 3007//3007
f 3008//3008 36//36 43//43
f 3009//3009 3010//3010 3011//3011
f 3011//3011 3010//3010 3012//3012
f 3011//3011 3012//3012 3013//3013
f 3014//3014 3015//3015 3016//3016
f 3016//3016 3017//3017 3014//3014
f 3014//3014 3017//3017 3018//3018
f 3014//3014 3018//3018 3009//3009
f 3019//3019 3020//3020 3021//3021
f 3021//3021 3022//3022 3019//3019
f 3019//3019 3022//3022 3023//3023
f 3019//3019 3023//3023 3015//3015
f 3015//3015 3023//3023 3024//3024
f 3015//3015 3024//3024 3016//3016
f 91//91 90//90 3025//3025
f 3026//3026 3027//3027 3028//3028
f 3028//3028 3027//3027 3029//3029
f 3028//3028 3029//3029 3030//3030
f 3008//3008 43//43 3031//3031
f 307//307 306//306 3032//3032
f 3033//3033 3034//3034 3035//3035
f 3035//3035 3034//3034 3007//3007
f 3//3 3006//3006 113//113
f 3036//3036 382//382 381//381
f 3009//3009 3011//3011 3014//3014
f 3014//3014 3011//3011 3037//3037
f 3014//3014 3037//3037 3035//3035
f 3033//3033 3035//3035 3006//3006
f 3006//3006 3035//3035 3037//3037
f 3006//3006 3037//3037 113//113
f 113//113 3037//3037 3011//3011
f 113//113 3011//3011 92//92
f 92//92 3011//3011 3013//3013
f 92//92 3013//3013 93//93
f 3036//3036 381//381 3038//3038
f 3038//3038 381//381 376//376
f 3038//3038 376//376 3039//3039
f 3039//3039 376//376 377//377
f 3039//3039 377//377 3040//3040
f 3040//3040 377//377 379//379
f 3040//3040 379//379 3041//3041
f 3041//3041 379//379 371//371
f 3041//3041 371//371 3042//3042
f 3042//3042 371//371 373//373
f 3042//3042 373//373 3043//3043
f 3043//3043 373//373 370//370
f 3043//3043 370//370 3044//3044
f 3045//3045 83//83 3046//3046
f 3046//3046 83//83 82//82
f 3046//3046 82//82 3047//3047
f 3047//3047 82//82 91//91
f 3047//3047 91//91 3028//3028
f 3028//3028 91//91 3025//3025
f 3028//3028 3025//3025 3026//3026
f 3048//3048 79//79 3049//3049
f 3049//3049 79//79 78//78
f 3049//3049 78//78 3050//3050
f 3050//3050 78//78 86//86
f 3050//3050 86//86 3045//3045
f 3045//3045 86//86 85//85
f 3045//3045 85//85 83//83
f 370//370 369//369 3044//3044
f 3044//3044 369//369 368//368
f 3044//3044 368//368 3051//3051
f 3051//3051 368//368 363//363
f 3051//3051 363//363 3052//3052
f 3052//3052 363//363 365//365
f 3052//3052 365//365 3053//3053
f 3053//3053 365//365 361//361
f 3053//3053 361//361 3054//3054
f 3055//3055 76//76 3056//3056
f 3056//3056 76//76 74//74
f 3056//3056 74//74 3057//3057
f 3057//3057 74//74 73//73
f 3057//3057 73//73 3048//3048
f 3048//3048 73//73 81//81
f 3048//3048 81//81 79//79
f 361//361 362//362 3054//3054
f 3054//3054 362//362 358//358
f 3054//3054 358//358 3058//3058
f 3058//3058 358//358 357//357
f 3058//3058 357//357 3059//3059
f 3059//3059 357//357 355//355
f 3059//3059 355//355 3060//3060
f 3060//3060 355//355 354//354
f 3060//3060 354//354 3061//3061
f 3062//3062 71//71 3063//3063
f 3063//3063 71//71 69//69
f 3063//3063 69//69 3064//3064
f 3065//3065 69//69 68//68
f 3065//3065 68//68 3055//3055
f 3055//3055 68//68 77//77
f 3055//3055 77//77 76//76
f 3066//3066 67//67 3067//3067
f 3068//3068 67//67 66//66
f 3068//3068 66//66 3069//3069
f 3069//3069 66//66 65//65
f 3069//3069 65//65 3062//3062
f 3062//3062 65//65 72//72
f 3062//3062 72//72 71//71
f 3070//3070 55//55 3071//3071
f 3071//3071 55//55 57//57
f 3071//3071 57//57 3072//3072
f 3072//3072 57//57 58//58
f 3072//3072 58//58 3073//3073
f 3074//3074 58//58 5//5
f 3074//3074 5//5 3066//3066
f 3066//3066 5//5 4//4
f 3066//3066 4//4 67//67
f 3075//3075 63//63 3076//3076
f 3076//3076 63//63 62//62
f 3076//3076 62//62 3077//3077
f 3077//3077 62//62 60//60
f 3077//3077 60//60 3070//3070
f 3070//3070 60//60 59//59
f 3070//3070 59//59 55//55
f 354//354 353//353 3061//3061
f 3078//3078 353//353 351//351
f 3078//3078 351//351 3079//3079
f 3079//3079 351//351 350//350
f 3079//3079 350//350 3080//3080
f 3080//3080 350//350 343//343
f 3080//3080 343//343 3081//3081
f 3081//3081 343//343 345//345
f 3081//3081 345//345 3082//3082
f 3082//3082 345//345 346//346
f 3082//3082 346//346 3083//3083
f 3083//3083 346//346 342//342
f 3083//3083 342//342 3084//3084
f 3084//3084 342//342 339//339
f 3084//3084 339//339 3085//3085
f 3085//3085 339//339 337//337
f 3085//3085 337//337 3086//3086
f 3086//3086 337//337 335//335
f 3086//3086 335//335 3087//3087
f 3087//3087 335//335 334//334
f 3087//3087 334//334 3088//3088
f 3088//3088 334//334 331//331
f 3088//3088 331//331 3089//3089
f 3089//3089 331//331 329//329
f 3089//3089 329//329 3090//3090
f 3091//3091 51//51 3092//3092
f 3092//3092 51//51 50//50
f 3092//3092 50//50 3093//3093
f 3093//3093 50//50 8//8
f 3093//3093 8//8 3075//3075
f 3075//3075 8//8 7//7
f 3075//3075 7//7 63//63
f 54//54 53//53 3091//3091
f 3091//3091 53//53 52//52
f 3091//3091 52//52 51//51
f 3091//3091 3094//3094 54//54
f 54//54 3094//3094 3095//3095
f 54//54 3095//3095 44//44
f 44//44 3095//3095 3096//3096
f 48//48 47//47 3096//3096
f 3096//3096 47//47 45//45
f 3096//3096 45//45 44//44
f 3096//3096 3097//3097 48//48
f 48//48 3097//3097 3098//3098
f 48//48 3098//3098 39//39
f 39//39 3098//3098 3099//3099
f 39//39 3099//3099 40//40
f 329//329 327//327 3090//3090
f 3090//3090 327//327 326//326
f 3090//3090 326//326 3100//3100
f 3100//3100 326//326 323//323
f 3100//3100 323//323 3101//3101
f 3101//3101 323//323 322//322
f 3101//3101 322//322 3102//3102
f 3102//3102 322//322 320//320
f 3102//3102 320//320 3103//3103
f 3103//3103 320//320 319//319
f 3103//3103 319//319 3104//3104
f 3104//3104 319//319 318//318
f 3104//3104 318//318 3105//3105
f 3105//3105 318//318 317//317
f 3105//3105 317//317 3106//3106
f 3106//3106 317//317 315//315
f 3106//3106 315//315 3107//3107
f 3107//3107 315//315 307//307
f 3107//3107 307//307 3108//3108
f 3108//3108 307//307 3032//3032
f 3108//3108 3032//3032 3109//3109
f 3109//3109 3110//3110 3108//3108
f 3108//3108 3110//3110 3111//3111
f 3108//3108 3111//3111 3107//3107
f 3107//3107 3111//3111 3112//3112
f 3107//3107 3112//3112 3106//3106
f 3106//3106 3112//3112 3113//3113
f 3106//3106 3113//3113 3105//3105
f 3105//3105 3113//3113 3114//3114
f 3105//3105 3114//3114 3104//3104
f 3104//3104 3114//3114 3115//3115
f 3104//3104 3115//3115 3103//3103
f 3103//3103 3115//3115 3116//3116
f 3103//3103 3116//3116 3102//3102
f 3102//3102 3116//3116 3117//3117
f 3102//3102 3117//3117 3101//3101
f 3101//3101 3117//3117 3118//3118
f 3101//3101 3118//3118 3100//3100
f 3100//3100 3118//3118 3119//3119
f 3100//3100 3119//3119 3090//3090
f 3090//3090 3119//3119 3120//3120
f 3090//3090 3120//3120 3089//3089
f 3089//3089 3120//3120 3121//3121
f 3089//3089 3121//3121 3088//3088
f 3088//3088 3121//3121 3122//3122
f 3088//3088 3122//3122 3087//3087
f 3087//3087 3122//3122 3123//3123
f 3087//3087 3123//3123 3086//3086
f 3086//3086 3123//3123 3124//3124
f 3086//3086 3124//3124 3085//3085
f 3085//3085 3124//3124 3125//3125
f 3085//3085 3125//3125 3084//3084
f 3084//3084 3125//3125 3126//3126
f 3084//3084 3126//3126 3083//3083
f 3083//3083 3126//3126 3127//3127
f 3083//3083 3127//3127 3082//3082
f 3082//3082 3127//3127 3128//3128
f 3082//3082 3128//3128 3081//3081
f 3081//3081 3128//3128 3129//3129
f 3081//3081 3129//3129 3080//3080
f 3080//3080 3129//3129 3130//3130
f 3080//3080 3130//3130 3079//3079
f 3079//3079 3130//3130 3131//3131
f 3079//3079 3131//3131 3061//3061
f 3061//3061 3131//3131 3132//3132
f 3061//3061 3132//3132 3060//3060
f 3060//3060 3132//3132 3133//3133
f 3060//3060 3133//3133 3059//3059
f 3059//3059 3133//3133 3134//3134
f 3059//3059 3134//3134 3058//3058
f 3058//3058 3134//3134 3135//3135
f 3058//3058 3135//3135 3054//3054
f 3054//3054 3135//3135 3136//3136
f 3054//3054 3136//3136 3053//3053
f 3053//3053 3136//3136 3137//3137
f 3053//3053 3137//3137 3052//3052
f 3052//3052 3137//3137 3138//3138
f 3052//3052 3138//3138 3051//3051
f 3051//3051 3138//3138 3139//3139
f 3051//3051 3139//3139 3044//3044
f 3044//3044 3139//3139 3140//3140
f 3044//3044 3140//3140 3043//3043
f 3043//3043 3140//3140 3141//3141
f 3043//3043 3141//3141 3042//3042
f 3042//3042 3141//3141 3142//3142
f 3042//3042 3142//3142 3041//3041
f 3041//3041 3142//3142 3019//3019
f 3041//3041 3019//3019 3040//3040
f 3040//3040 3019//3019 3015//3015
f 3040//3040 3015//3015 3039//3039
f 3039//3039 3015//3015 3014//3014
f 3039//3039 3014//3014 3038//3038
f 3038//3038 3014//3014 3035//3035
f 3038//3038 3035//3035 3036//3036
f 3036//3036 3035//3035 3007//3007
f 3036//3036 3007//3007 382//382
f 382//382 3007//3007 383//383
f 3020//3020 3019//3019 3030//3030
f 3030//3030 3019//3019 3142//3142
f 3030//3030 3142//3142 3028//3028
f 3028//3028 3142//3142 3141//3141
f 3028//3028 3141//3141 3047//3047
f 3047//3047 3141//3141 3140//3140
f 3047//3047 3140//3140 3046//3046
f 3046//3046 3140//3140 3139//3139
f 3046//3046 3139//3139 3045//3045
f 3045//3045 3139//3139 3138//3138
f 3045//3045 3138//3138 3050//3050
f 3050//3050 3138//3138 3137//3137
f 3050//3050 3137//3137 3049//3049
f 3049//3049 3137//3137 3136//3136
f 3049//3049 3136//3136 3048//3048
f 3048//3048 3136//3136 3135//3135
f 3048//3048 3135//3135 3057//3057
f 3057//3057 3135//3135 3134//3134
f 3057//3057 3134//3134 3056//3056
f 3056//3056 3134//3134 3133//3133
f 3056//3056 3133//3133 3055//3055
f 3055//3055 3133//3133 3132//3132
f 3055//3055 3132//3132 3064//3064
f 3064//3064 3132//3132 3131//3131
f 3064//3064 3131//3131 3063//3063
f 3063//3063 3131//3131 3130//3130
f 3063//3063 3130//3130 3062//3062
f 3062//3062 3130//3130 3129//3129
f 3062//3062 3129//3129 3143//3143
f 3143//3143 3129//3129 3128//3128
f 3143//3143 3128//3128 3067//3067
f 3067//3067 3128//3128 3127//3127
f 3067//3067 3127//3127 3066//3066
f 3066//3066 3127//3127 3126//3126
f 3066//3066 3126//3126 3073//3073
f 3073//3073 3126//3126 3125//3125
f 3073//3073 3125//3125 3072//3072
f 3072//3072 3125//3125 3124//3124
f 3072//3072 3124//3124 3071//3071
f 3071//3071 3124//3124 3123//3123
f 3071//3071 3123//3123 3070//3070
f 3070//3070 3123//3123 3122//3122
f 3070//3070 3122//3122 3077//3077
f 3077//3077 3122//3122 3121//3121
f 3077//3077 3121//3121 3076//3076
f 3076//3076 3121//3121 3120//3120
f 3076//3076 3120//3120 3075//3075
f 3075//3075 3120//3120 3119//3119
f 3075//3075 3119//3119 3093//3093
f 3093//3093 3119//3119 3118//3118
f 3093//3093 3118//3118 3092//3092
f 3092//3092 3118//3118 3117//3117
f 3092//3092 3117//3117 3091//3091
f 3091//3091 3117//3117 3116//3116
f 3091//3091 3116//3116 3094//3094
f 3094//3094 3116//3116 3115//3115
f 3094//3094 3115//3115 3095//3095
f 3095//3095 3115//3115 3114//3114
f 3095//3095 3114//3114 3096//3096
f 3096//3096 3114//3114 3113//3113
f 3096//3096 3113//3113 3097//3097
f 3097//3097 3113//3113 3112//3112
f 3097//3097 3112//3112 3098//3098
f 3098//3098 3112//3112 3111//3111
f 3098//3098 3111//3111 3099//3099
f 3099//3099 3111//3111 3110//3110
f 3099//3099 3110//3110 3144//3144
f 3109//3109 3145//3145 3110//3110
f 3110//3110 3145//3145 3031//3031
f 3110//3110 3031//3031 3144//3144
f 3144//3144 3031//3031 43//43
f 3144//3144 43//43 3099//3099
f 3099//3099 43//43 42//42
f 3099//3099 42//42 40//40
f 3146//3146 306//306 305//305
f 3147//3147 3146//3146 3148//3148
f 3146//3146 305//305 3148//3148
f 3148//3148 305//305 313//313
f 3148//3148 313//313 3149//3149
f 3149//3149 313//313 312//312
f 3149//3149 312//312 3150//3150
f 3150//3150 312//312 311//311
f 3150//3150 311//311 3151//3151
f 3151//3151 311//311 310//310
f 3151//3151 310//310 3152//3152
f 3152//3152 310//310 309//309
f 3152//3152 309//309 3153//3153
f 3153//3153 309//309 308//308
f 3153//3153 308//308 3154//3154
f 3154//3154 308//308 314//314
f 3154//3154 314//314 2167//2167
f 3147//3147 3148//3148 3155//3155
f 3155//3155 3148//3148 3149//3149
f 3155//3155 3149//3149 3156//3156
f 3156//3156 3149//3149 3150//3150
f 3156//3156 3150//3150 3157//3157
f 3157//3157 3150//3150 3151//3151
f 3157//3157 3151//3151 3158//3158
f 3158//3158 3151//3151 3152//3152
f 3158//3158 3152//3152 3159//3159
f 3159//3159 3152//3152 3153//3153
f 3159//3159 3153//3153 3160//3160
f 3160//3160 3153//3153 3154//3154
f 3160//3160 3154//3154 3161//3161
f 3161//3161 3154//3154 2167//2167
f 3161//3161 2167//2167 467//467
f 3032//3032 306//306 3146//3146
f 36//36 3008//3008 3162//3162
f 3162//3162 3008//3008 3031//3031
f 3162//3162 3031//3031 3163//3163
f 3163//3163 3031//3031 3145//3145
f 3163//3163 3145//3145 3164//3164
f 3164//3164 3145//3145 3109//3109
f 3164//3164 3109//3109 3165//3165
f 3165//3165 3109//3109 3032//3032
f 3165//3165 3032//3032 3166//3166
f 3166//3166 3032//3032 3146//3146
f 3166//3166 3146//3146 3147//3147
f 3167//3167 2016//2016 2012//2012
f 3168//3168 3169//3169 3167//3167
f 3170//3170 3171//3171 3172//3172
f 3172//3172 3171//3171 3173//3173
f 10//10 12//12 3174//3174
f 3174//3174 12//12 3175//3175
f 3176//3176 3177//3177 3178//3178
f 3178//3178 3177//3177 3179//3179
f 3176//3176 3180//3180 3181//3181
f 3182//3182 3180//3180 3183//3183
f 3182//3182 3183//3183 3184//3184
f 2022//2022 3185//3185 2024//2024
f 2024//2024 3185//3185 3186//3186
f 33//33 3170//3170 34//34
f 34//34 3170//3170 3172//3172
f 34//34 3172//3172 35//35
f 35//35 3172//3172 25//25
f 3172//3172 3187//3187 25//25
f 25//25 3187//3187 3188//3188
f 25//25 3188//3188 26//26
f 26//26 3188//3188 3189//3189
f 3190//3190 21//21 3191//3191
f 3191//3191 21//21 20//20
f 3191//3191 20//20 3192//3192
f 3192//3192 20//20 29//29
f 3192//3192 29//29 3189//3189
f 3189//3189 29//29 28//28
f 3189//3189 28//28 26//26
f 16//16 24//24 3190//3190
f 3190//3190 24//24 23//23
f 3190//3190 23//23 21//21
f 3190//3190 3193//3193 16//16
f 16//16 3193//3193 3194//3194
f 16//16 3194//3194 17//17
f 17//17 3194//3194 3195//3195
f 17//17 3195//3195 19//19
f 3167//3167 2012//2012 3168//3168
f 3168//3168 2012//2012 2011//2011
f 3168//3168 2011//2011 3196//3196
f 3196//3196 2011//2011 2010//2010
f 3196//3196 2010//2010 3197//3197
f 3197//3197 2010//2010 2009//2009
f 3197//3197 2009//2009 3198//3198
f 3198//3198 2009//2009 2008//2008
f 3198//3198 2008//2008 3199//3199
f 3199//3199 2008//2008 2005//2005
f 3199//3199 2005//2005 3200//3200
f 3200//3200 2005//2005 2004//2004
f 3200//3200 2004//2004 3201//3201
f 3202//3202 2004//2004 2003//2003
f 3202//3202 2003//2003 3203//3203
f 3203//3203 2003//2003 2001//2001
f 3203//3203 2001//2001 3204//3204
f 3204//3204 2001//2001 1999//1999
f 3204//3204 1999//1999 3205//3205
f 3205//3205 1999//1999 2025//2025
f 3205//3205 2025//2025 3206//3206
f 3206//3206 2025//2025 2024//2024
f 3206//3206 2024//2024 3177//3177
f 3177//3177 2024//2024 3186//3186
f 3177//3177 3186//3186 3179//3179
f 3176//3176 3181//3181 3177//3177
f 3177//3177 3181//3181 3207//3207
f 3177//3177 3207//3207 3208//3208
f 3208//3208 3207//3207 3209//3209
f 3208//3208 3209//3209 3210//3210
f 3210//3210 3209//3209 3211//3211
f 3210//3210 3211//3211 3212//3212
f 3212//3212 3211//3211 3213//3213
f 3212//3212 3213//3213 3214//3214
f 3214//3214 3213//3213 3190//3190
f 3214//3214 3190//3190 3201//3201
f 3201//3201 3190//3190 3191//3191
f 3201//3201 3191//3191 3200//3200
f 3200//3200 3191//3191 3192//3192
f 3200//3200 3192//3192 3199//3199
f 3199//3199 3192//3192 3189//3189
f 3199//3199 3189//3189 3198//3198
f 3198//3198 3189//3189 3188//3188
f 3198//3198 3188//3188 3197//3197
f 3197//3197 3188//3188 3187//3187
f 3197//3197 3187//3187 3196//3196
f 3196//3196 3187//3187 3172//3172
f 3196//3196 3172//3172 3168//3168
f 3168//3168 3172//3172 3173//3173
f 3168//3168 3173//3173 3169//3169
f 19//19 3195//3195 15//15
f 15//15 3195//3195 3215//3215
f 15//15 3215//3215 14//14
f 14//14 3215//3215 3182//3182
f 14//14 3182//3182 12//12
f 12//12 3182//3182 3184//3184
f 12//12 3184//3184 3175//3175
f 3216//3216 3217//3217 3218//3218
f 2016//2016 3216//3216 3219//3219
f 3216//3216 3218//3218 3219//3219
f 3219//3219 3218//3218 3220//3220
f 3219//3219 3220//3220 3221//3221
f 3221//3221 3220//3220 3222//3222
f 3221//3221 3222//3222 3223//3223
f 3223//3223 3222//3222 3224//3224
f 3223//3223 3224//3224 3225//3225
f 3225//3225 3224//3224 3226//3226
f 3225//3225 3226//3226 3227//3227
f 3227//3227 3226//3226 3228//3228
f 3227//3227 3228//3228 3229//3229
f 3229//3229 3228//3228 3230//3230
f 3229//3229 3230//3230 3231//3231
f 3232//3232 3230//3230 282//282
f 3232//3232 282//282 302//302
f 2016//2016 3219//3219 2017//2017
f 2017//2017 3219//3219 3221//3221
f 2017//2017 3221//3221 2018//2018
f 2018//2018 3221//3221 3223//3223
f 2018//2018 3223//3223 2019//2019
f 2019//2019 3223//3223 3225//3225
f 2019//2019 3225//3225 2020//2020
f 2020//2020 3225//3225 3227//3227
f 2020//2020 3227//3227 2013//2013
f 2013//2013 3227//3227 3229//3229
f 2013//2013 3229//3229 2014//2014
f 2014//2014 3229//3229 3231//3231
f 2014//2014 3231//3231 2015//2015
f 2015//2015 3231//3231 302//302
f 2015//2015 302//302 300//300
f 114//114 37//37 3233//3233
f 31//31 116//116 3234//3234
f 3235//3235 3236//3236 3237//3237
f 3238//3238 3239//3239 3240//3240
f 3241//3241 33//33 32//32
f 3155//3155 3156//3156 3242//3242
f 3161//3161 467//467 466//466
f 3161//3161 466//466 3160//3160
f 3157//3157 3158//3158 3243//3243
f 466//466 3244//3244 3160//3160
f 3160//3160 3244//3244 3243//3243
f 3160//3160 3243//3243 3159//3159
f 3159//3159 3243//3243 3158//3158
f 3163//3163 3164//3164 3233//3233
f 3233//3233 3164//3164 3165//3165
f 3233//3233 3165//3165 3245//3245
f 3245//3245 3165//3165 3166//3166
f 3245//3245 3166//3166 3242//3242
f 3242//3242 3166//3166 3147//3147
f 3242//3242 3147//3147 3155//3155
f 3163//3163 3233//3233 3162//3162
f 3162//3162 3233//3233 37//37
f 3162//3162 37//37 36//36
f 3246//3246 3247//3247 3248//3248
f 3248//3248 3247//3247 3249//3249
f 3218//3218 3217//3217 3240//3240
f 3240//3240 3217//3217 3250//3250
f 3240//3240 3250//3250 3246//3246
f 3246//3246 3250//3250 3251//3251
f 3246//3246 3251//3251 3247//3247
f 3230//3230 3228//3228 3239//3239
f 3239//3239 3228//3228 3226//3226
f 3226//3226 3224//3224 3239//3239
f 3239//3239 3224//3224 3222//3222
f 3239//3239 3222//3222 3240//3240
f 3240//3240 3222//3222 3220//3220
f 3240//3240 3220//3220 3218//3218
f 282//282 3230//3230 283//283
f 283//283 3230//3230 3239//3239
f 283//283 3239//3239 3252//3252
f 3252//3252 3239//3239 3238//3238
f 3235//3235 3237//3237 3253//3253
f 31//31 3234//3234 32//32
f 3236//3236 3238//3238 3237//3237
f 3237//3237 3238//3238 3240//3240
f 3237//3237 3240//3240 3254//3254
f 3254//3254 3240//3240 3246//3246
f 3254//3254 3246//3246 3234//3234
f 3234//3234 3246//3246 3248//3248
f 3234//3234 3248//3248 32//32
f 32//32 3248//3248 3249//3249
f 32//32 3249//3249 3241//3241
f 115//115 114//114 3255//3255
f 3255//3255 114//114 3233//3233
f 3255//3255 3233//3233 3256//3256
f 3256//3256 3233//3233 3245//3245
f 3256//3256 3245//3245 3257//3257
f 3257//3257 3245//3245 3242//3242
f 3257//3257 3242//3242 3243//3243
f 3243//3243 3242//3242 3156//3156
f 3243//3243 3156//3156 3157//3157
f 116//116 115//115 3234//3234
f 3234//3234 115//115 3255//3255
f 3234//3234 3255//3255 3254//3254
f 3254//3254 3255//3255 3256//3256
f 3254//3254 3256//3256 3237//3237
f 3237//3237 3256//3256 3257//3257
f 3237//3237 3257//3257 3253//3253
f 3253//3253 3257//3257 3243//3243
f 3253//3253 3243//3243 3258//3258
f 3258//3258 3243//3243 3244//3244
f 3250//3250 3217//3217 3216//3216
f 33//33 3241//3241 3170//3170
f 3170//3170 3241//3241 3249//3249
f 3170//3170 3249//3249 3171//3171
f 3171//3171 3249//3249 3247//3247
f 3171//3171 3247//3247 3173//3173
f 3173//3173 3247//3247 3251//3251
f 3173//3173 3251//3251 3169//3169
f 3169//3169 3251//3251 3250//3250
f 3169//3169 3250//3250 3167//3167
f 3167//3167 3250//3250 3216//3216
f 3167//3167 3216//3216 2016//2016
f 3259//3259 3260//3260 3261//3261
f 3262//3262 3263//3263 3264//3264
f 3265//3265 3266//3266 3267//3267
f 3268//3268 3269//3269 3270//3270
f 3270//3270 3269//3269 3271//3271
f 3272//3272 3274//3274 3275//3275
f 3276//3276 3277//3277 3278//3278
f 3278//3278 3277//3277 3279//3279
f 3278//3278 3279//3279 3268//3268
f 3268//3268 3279//3279 3280//3280
f 3268//3268 3280//3280 3269//3269
f 3281//3281 3282//3282 3276//3276
f 3276//3276 3282//3282 3283//3283
f 3276//3276 3283//3283 3277//3277
f 3284//3284 3285//3285 3286//3286
f 3286//3286 3285//3285 3287//3287
f 3286//3286 3287//3287 3288//3288
f 3288//3288 3287//3287 3289//3289
f 3281//3281 3290//3290 3282//3282
f 3267//3267 3266//3266 3286//3286
f 3286//3286 3266//3266 3291//3291
f 3286//3286 3291//3291 3284//3284
f 3264//3264 3263//3263 3292//3292
f 3263//3263 3293//3293 3292//3292
f 3292//3292 3293//3293 3294//3294
f 3295//3295 3296//3296 3267//3267
f 3267//3267 3296//3296 3297//3297
f 3267//3267 3297//3297 3265//3265
f 3261//3261 3260//3260 3298//3298
f 3260//3260 3299//3299 3298//3298
f 3298//3298 3299//3299 3300//3300
f 3298//3298 3300//3300 3264//3264
f 3264//3264 3300//3300 3301//3301
f 3264//3264 3301//3301 3262//3262
f 3273//3273 3302//3302 3303//3303
f 3303//3303 3302//3302 3304//3304
f 3303//3303 3304//3304 3261//3261
f 3261//3261 3304//3304 3305//3305
f 3261//3261 3305//3305 3259//3259
f 3306//3306 3307//3307 3308//3308
f 3308//3308 3307//3307 3309//3309
f 3308//3308 3309//3309 3310//3310
f 3310//3310 3309//3309 3311//3311
f 3310//3310 3311//3311 3312//3312
f 3312//3312 3311//3311 3313//3313
f 3312//3312 3313//3313 3314//3314
f 3314//3314 3313//3313 3315//3315
f 3314//3314 3315//3315 3316//3316
f 3316//3316 3315//3315 3317//3317
f 3316//3316 3317//3317 3318//3318
f 3318//3318 3317//3317 3319//3319
f 3318//3318 3319//3319 3320//3320
f 3320//3320 3319//3319 3321//3321
f 3320//3320 3321//3321 3322//3322
f 3322//3322 3321//3321 3323//3323
f 3322//3322 3323//3323 3324//3324
f 3324//3324 3323//3323 3325//3325
f 3324//3324 3325//3325 3326//3326
f 3326//3326 3325//3325 3327//3327
f 3326//3326 3327//3327 3328//3328
f 3328//3328 3327//3327 3329//3329
f 3328//3328 3329//3329 3306//3306
f 3306//3306 3329//3329 3307//3307
f 3330//3330 3331//3331 3332//3332
f 3332//3332 3331//3331 3333//3333
f 3334//3334 3335//3335 3336//3336
f 3336//3336 3335//3335 3337//3337
f 3337//3337 3335//3335 3338//3338
f 3339//3339 3340//3340 3341//3341
f 3341//3341 3340//3340 3342//3342
f 3341//3341 3342//3342 3343//3343
f 3343//3343 3342//3342 3344//3344
f 3344//3344 3342//3342 3345//3345
f 3344//3344 3345//3345 3346//3346
f 3347//3347 3348//3348 3349//3349
f 3349//3349 3348//3348 3350//3350
f 3349//3349 3350//3350 3345//3345
f 3345//3345 3350//3350 3351//3351
f 3345//3345 3351//3351 3346//3346
f 3347//3347 3349//3349 3352//3352
f 3352//3352 3349//3349 3353//3353
f 3352//3352 3353//3353 3355//3355
f 3356//3356 3357//3357 3354//3354
f 3353//3353 3358//3358 3359//3359
f 3353//3353 3359//3359 3355//3355
f 3360//3360 3361//3361 3362//3362
f 3362//3362 3361//3361 3363//3363
f 3362//3362 3363//3363 3356//3356
f 3356//3356 3363//3363 3364//3364
f 3356//3356 3364//3364 3357//3357
f 3330//3330 3365//3365 3331//3331
f 3331//3331 3365//3365 3366//3366
f 3331//3331 3366//3366 3367//3367
f 3368//3368 3370//3370 3372//3372
f 3369//3369 3371//3371 3373//3373
f 3374//3374 3375//3375 3376//3376
f 3374//3374 3376//3376 3377//3377
f 3377//3377 3376//3376 3378//3378
f 3377//3377 3378//3378 3362//3362
f 3362//3362 3378//3378 3379//3379
f 3362//3362 3379//3379 3360//3360
f 3380//3380 3381//3381 3382//3382
f 3382//3382 3381//3381 3383//3383
f 3382//3382 3383//3383 3384//3384
f 3384//3384 3383//3383 3385//3385
f 3384//3384 3385//3385 3386//3386
f 3386//3386 3385//3385 3387//3387
f 3386//3386 3387//3387 3388//3388
f 3388//3388 3387//3387 3389//3389
f 3388//3388 3389//3389 3390//3390
f 3390//3390 3389//3389 3391//3391
f 3390//3390 3391//3391 3392//3392
f 3392//3392 3391//3391 3393//3393
f 3392//3392 3393//3393 3394//3394
f 3394//3394 3393//3393 3395//3395
f 3394//3394 3395//3395 3396//3396
f 3396//3396 3395//3395 3397//3397
f 3396//3396 3397//3397 3398//3398
f 3398//3398 3397//3397 3399//3399
f 3398//3398 3399//3399 3400//3400
f 3400//3400 3399//3399 3401//3401
f 3400//3400 3401//3401 3402//3402
f 3402//3402 3401//3401 3403//3403
f 3402//3402 3403//3403 3380//3380
f 3380//3380 3403//3403 3381//3381
f 3404//3404 3405//3405 3406//3406
f 3407//3407 3408//3408 3410//3410
f 3411//3411 3412//3412 3414//3414
f 3415//3415 3416//3416 3417//3417
f 3418//3418 541//541 3419//3419
f 3419//3419 541//541 544//544
f 3409//3409 3420//3420 514//514
f 514//514 3420//3420 3421//3421
f 514//514 3421//3421 511//511
f 3407//3407 3410//3410 3405//3405
f 3404//3404 3406//3406 2094//2094
f 2094//2094 3406//3406 2095//2095
f 2095//2095 3406//3406 3422//3422
f 2095//2095 3422//3422 2096//2096
f 2096//2096 3422//3422 3423//3423
f 2096//2096 3423//3423 2097//2097
f 2097//2097 3423//3423 3424//3424
f 2097//2097 3424//3424 2106//2106
f 2106//2106 3424//3424 3425//3425
f 2106//2106 3425//3425 2107//2107
f 2107//2107 3425//3425 3426//3426
f 2107//2107 3426//3426 2080//2080
f 2080//2080 3426//3426 3427//3427
f 2080//2080 3427//3427 2078//2078
f 2078//2078 3427//3427 3428//3428
f 2078//2078 3428//3428 2076//2076
f 2076//2076 3428//3428 3429//3429
f 2076//2076 3429//3429 2074//2074
f 2074//2074 3429//3429 3430//3430
f 2074//2074 3430//3430 2103//2103
f 2103//2103 3430//3430 3431//3431
f 2103//2103 3431//3431 2087//2087
f 2087//2087 3431//3431 3432//3432
f 2087//2087 3432//3432 2084//2084
f 2084//2084 3432//3432 3433//3433
f 2084//2084 3433//3433 2098//2098
f 2098//2098 3433//3433 3434//3434
f 2098//2098 3434//3434 2088//2088
f 2088//2088 3434//3434 3435//3435
f 2088//2088 3435//3435 2089//2089
f 2089//2089 3435//3435 3436//3436
f 2089//2089 3436//3436 2099//2099
f 2099//2099 3436//3436 3411//3411
f 2099//2099 3411//3411 2101//2101
f 2101//2101 3411//3411 3414//3414
f 2101//2101 3414//3414 2102//2102
f 3405//3405 3410//3410 3406//3406
f 3406//3406 3410//3410 3437//3437
f 3406//3406 3437//3437 3438//3438
f 3438//3438 3437//3437 3439//3439
f 3438//3438 3439//3439 3440//3440
f 3440//3440 3439//3439 3441//3441
f 3440//3440 3441//3441 3442//3442
f 3442//3442 3441//3441 3443//3443
f 3442//3442 3443//3443 3444//3444
f 3444//3444 3443//3443 3445//3445
f 3444//3444 3445//3445 3446//3446
f 3446//3446 3445//3445 3447//3447
f 3446//3446 3447//3447 3448//3448
f 3448//3448 3447//3447 3449//3449
f 3448//3448 3449//3449 3450//3450
f 3450//3450 3449//3449 3451//3451
f 3450//3450 3451//3451 3452//3452
f 3452//3452 3451//3451 3453//3453
f 3452//3452 3453//3453 3454//3454
f 3454//3454 3453//3453 3455//3455
f 3454//3454 3455//3455 3456//3456
f 3456//3456 3455//3455 3457//3457
f 3456//3456 3457//3457 3458//3458
f 3458//3458 3457//3457 3459//3459
f 3458//3458 3459//3459 3460//3460
f 3460//3460 3459//3459 3461//3461
f 3460//3460 3461//3461 3462//3462
f 3462//3462 3461//3461 3463//3463
f 3462//3462 3463//3463 3464//3464
f 3464//3464 3463//3463 3465//3465
f 3464//3464 3465//3465 3466//3466
f 3466//3466 3465//3465 3415//3415
f 3466//3466 3415//3415 3467//3467
f 3467//3467 3415//3415 3417//3417
f 3467//3467 3417//3417 3413//3413
f 3409//3409 514//514 3468//3468
f 3468//3468 514//514 516//516
f 3468//3468 516//516 3469//3469
f 3469//3469 516//516 518//518
f 3469//3469 518//518 3470//3470
f 3470//3470 518//518 520//520
f 3470//3470 520//520 3471//3471
f 3471//3471 520//520 522//522
f 3471//3471 522//522 3472//3472
f 3472//3472 522//522 525//525
f 3472//3472 525//525 3473//3473
f 3473//3473 525//525 496//496
f 3473//3473 496//496 3474//3474
f 3474//3474 496//496 498//498
f 3474//3474 498//498 3475//3475
f 3475//3475 498//498 485//485
f 3475//3475 485//485 3476//3476
f 3476//3476 485//485 484//484
f 3476//3476 484//484 3477//3477
f 3477//3477 484//484 489//489
f 3477//3477 489//489 3478//3478
f 3478//3478 489//489 530//530
f 3478//3478 530//530 3479//3479
f 3479//3479 530//530 532//532
f 3479//3479 532//532 3480//3480
f 3480//3480 532//532 534//534
f 3480//3480 534//534 3481//3481
f 3481//3481 534//534 536//536
f 3481//3481 536//536 3482//3482
f 3482//3482 536//536 538//538
f 3482//3482 538//538 3483//3483
f 3483//3483 538//538 541//541
f 3483//3483 541//541 3484//3484
f 3415//3415 540//540 3485//3485
f 3415//3415 3485//3485 3416//3416
f 611//611 631//631 3486//3486
f 616//616 614//614 3487//3487
f 347//347 349//349 3488//3488
f 604//604 603//603 3489//3489
f 340//340 347//347 3490//3490
f 3490//3490 347//347 3488//3488
f 3491//3491 3488//3488 3492//3492
f 3492//3492 3488//3488 3493//3493
f 3494//3494 3493//3493 3495//3495
f 3495//3495 3493//3493 3496//3496
f 3495//3495 3496//3496 604//604
f 604//604 3496//3496 593//593
f 338//338 340//340 3497//3497
f 3497//3497 340//340 3490//3490
f 3498//3498 3491//3491 3499//3499
f 3499//3499 3491//3491 3492//3492
f 3500//3500 3494//3494 3501//3501
f 3501//3501 3494//3494 3495//3495
f 3502//3502 3489//3489 601//601
f 601//601 3489//3489 603//603
f 601//601 609//609 3502//3502
f 3502//3502 609//609 3503//3503
f 3501//3501 3504//3504 3500//3500
f 3500//3500 3504//3504 3505//3505
f 3499//3499 3506//3506 3498//3498
f 3498//3498 3506//3506 3507//3507
f 3497//3497 3508//3508 338//338
f 333//333 332//332 3508//3508
f 3508//3508 332//332 336//336
f 3508//3508 336//336 338//338
f 3509//3509 3510//3510 3511//3511
f 3511//3511 3510//3510 3512//3512
f 3513//3513 3514//3514 3515//3515
f 3515//3515 3514//3514 3516//3516
f 3504//3504 3509//3509 3505//3505
f 3505//3505 3509//3509 3511//3511
f 3506//3506 3513//3513 3507//3507
f 3507//3507 3513//3513 3515//3515
f 3508//3508 3517//3517 333//333
f 333//333 3517//3517 3518//3518
f 333//333 3518//3518 330//330
f 616//616 3487//3487 617//617
f 609//609 608//608 3503//3503
f 3503//3503 608//608 606//606
f 3503//3503 606//606 3519//3519
f 3519//3519 606//606 617//617
f 3519//3519 617//617 3520//3520
f 3520//3520 617//617 3487//3487
f 3510//3510 3521//3521 3512//3512
f 3512//3512 3521//3521 3522//3522
f 3514//3514 3523//3523 3516//3516
f 3516//3516 3523//3523 3524//3524
f 3518//3518 3525//3525 330//330
f 325//325 324//324 3525//3525
f 3525//3525 324//324 328//328
f 3525//3525 328//328 330//330
f 613//613 612//612 3526//3526
f 3526//3526 612//612 3527//3527
f 3528//3528 3529//3529 3530//3530
f 3530//3530 3529//3529 3531//3531
f 3532//3532 3533//3533 3534//3534
f 3534//3534 3533//3533 3535//3535
f 3536//3536 3535//3535 3537//3537
f 3537//3537 3535//3535 3533//3533
f 3538//3538 3531//3531 3539//3539
f 3539//3539 3531//3531 3529//3529
f 3486//3486 3527//3527 611//611
f 611//611 3527//3527 612//612
f 614//614 613//613 3487//3487
f 3487//3487 613//613 3526//3526
f 3521//3521 3528//3528 3522//3522
f 3522//3522 3528//3528 3530//3530
f 3523//3523 3532//3532 3524//3524
f 3524//3524 3532//3532 3534//3534
f 3525//3525 3540//3540 325//325
f 325//325 3540//3540 3541//3541
f 325//325 3541//3541 321//321
f 321//321 3541//3541 3542//3542
f 321//321 3542//3542 316//316
f 629//629 628//628 3543//3543
f 3543//3543 628//628 3544//3544
f 3545//3545 3546//3546 3547//3547
f 3547//3547 3546//3546 3548//3548
f 3549//3549 3550//3550 3551//3551
f 3551//3551 3550//3550 3552//3552
f 3553//3553 3554//3554 2169//2169
f 2169//2169 3554//3554 2168//2168
f 630//630 629//629 3555//3555
f 3555//3555 629//629 3543//3543
f 3556//3556 3545//3545 3557//3557
f 3557//3557 3545//3545 3547//3547
f 3558//3558 3549//3549 3559//3559
f 3559//3559 3549//3549 3551//3551
f 3560//3560 3553//3553 2170//2170
f 2170//2170 3553//3553 2169//2169
f 631//631 630//630 3486//3486
f 3486//3486 630//630 3555//3555
f 3539//3539 3556//3556 3538//3538
f 3538//3538 3556//3556 3557//3557
f 3537//3537 3558//3558 3536//3536
f 3536//3536 3558//3558 3559//3559
f 3542//3542 3560//3560 316//316
f 316//316 3560//3560 2170//2170
f 3561//3561 3562//3562 3563//3563
f 3564//3564 3565//3565 3566//3566
f 3565//3565 596//596 595//595
f 3564//3564 3566//3566 3562//3562
f 3567//3567 3568//3568 3561//3561
f 3565//3565 595//595 3566//3566
f 3566//3566 595//595 594//594
f 3566//3566 594//594 3569//3569
f 3569//3569 594//594 588//588
f 3569//3569 588//588 3570//3570
f 3570//3570 588//588 587//587
f 3570//3570 587//587 3571//3571
f 3571//3571 587//587 585//585
f 3571//3571 585//585 3572//3572
f 3572//3572 585//585 584//584
f 3572//3572 584//584 3573//3573
f 3562//3562 3566//3566 3563//3563
f 3563//3563 3566//3566 3569//3569
f 3563//3563 3569//3569 3574//3574
f 3574//3574 3569//3569 3570//3570
f 3574//3574 3570//3570 3575//3575
f 3575//3575 3570//3570 3571//3571
f 3575//3575 3571//3571 3576//3576
f 3576//3576 3571//3571 3572//3572
f 3576//3576 3572//3572 3577//3577
f 3577//3577 3572//3572 3573//3573
f 3577//3577 3573//3573 3578//3578
f 3561//3561 3563//3563 3567//3567
f 3567//3567 3563//3563 3574//3574
f 3567//3567 3574//3574 3579//3579
f 3579//3579 3574//3574 3575//3575
f 3579//3579 3575//3575 3580//3580
f 3580//3580 3575//3575 3576//3576
f 3580//3580 3576//3576 3581//3581
f 3581//3581 3576//3576 3577//3577
f 3581//3581 3577//3577 3582//3582
f 3582//3582 3577//3577 3578//3578
f 3582//3582 3578//3578 3583//3583
f 2916//2916 2915//2915 3583//3583
f 3583//3583 2915//2915 2913//2913
f 3583//3583 2913//2913 3582//3582
f 3582//3582 2913//2913 2912//2912
f 3582//3582 2912//2912 3581//3581
f 3581//3581 2912//2912 2917//2917
f 3581//3581 2917//2917 3580//3580
f 3580//3580 2917//2917 2919//2919
f 3580//3580 2919//2919 3579//3579
f 3579//3579 2919//2919 2920//2920
f 3579//3579 2920//2920 3567//3567
f 3567//3567 2920//2920 2540//2540
f 3567//3567 2540//2540 3568//3568
f 2911//2911 2916//2916 3584//3584
f 3584//3584 2916//2916 3583//3583
f 3584//3584 3583//3583 3585//3585
f 3585//3585 3583//3583 3578//3578
f 3585//3585 3578//3578 3586//3586
f 3586//3586 3578//3578 3573//3573
f 3586//3586 3573//3573 589//589
f 589//589 3573//3573 584//584
f 2908//2908 2911//2911 3587//3587
f 3587//3587 2911//2911 3584//3584
f 3587//3587 3584//3584 3588//3588
f 3588//3588 3584//3584 3585//3585
f 3588//3588 3585//3585 3589//3589
f 3589//3589 3585//3585 3586//3586
f 3589//3589 3586//3586 591//591
f 591//591 3586//3586 589//589
f 349//349 2908//2908 3488//3488
f 3488//3488 2908//2908 3587//3587
f 3488//3488 3587//3587 3493//3493
f 3493//3493 3587//3587 3588//3588
f 3493//3493 3588//3588 3496//3496
f 3496//3496 3588//3588 3589//3589
f 3496//3496 3589//3589 593//593
f 593//593 3589//3589 591//591
f 3590//3590 2171//2171 2173//2173
f 3591//3591 3592//3592 2166//2166
f 2166//2166 3592//3592 469//469
f 2173//2173 3593//3593 3590//3590
f 3590//3590 3593//3593 3594//3594
f 3590//3590 3594//3594 3595//3595
f 3595//3595 3594//3594 3596//3596
f 3595//3595 3596//3596 3597//3597
f 3591//3591 3596//3596 3599//3599
f 3591//3591 3599//3599 3592//3592
f 628//628 2171//2171 3544//3544
f 3544//3544 2171//2171 3590//3590
f 3546//3546 3590//3590 3548//3548
f 3548//3548 3590//3590 3595//3595
f 3550//3550 3600//3600 3552//3552
f 3552//3552 3600//3600 3598//3598
f 3554//3554 3591//3591 2168//2168
f 2168//2168 3591//3591 2166//2166
f 3565//3565 3564//3564 3601//3601
f 3602//3602 476//476 475//475
f 3603//3603 3604//3604 3605//3605
f 3605//3605 3604//3604 2542//2542
f 3605//3605 2542//2542 2544//2544
f 596//596 3565//3565 475//475
f 475//475 3565//3565 3601//3601
f 475//475 3601//3601 3602//3602
f 3602//3602 3601//3601 3606//3606
f 3564//3564 3562//3562 3601//3601
f 3601//3601 3562//3562 3604//3604
f 3601//3601 3604//3604 3606//3606
f 3606//3606 3604//3604 3603//3603
f 2540//2540 2542//2542 3568//3568
f 3568//3568 2542//2542 3604//3604
f 3568//3568 3604//3604 3561//3561
f 3561//3561 3604//3604 3562//3562
f 3607//3607 3608//3608 3609//3609
f 471//471 3610//3610 470//470
f 470//470 3610//3610 3611//3611
f 470//470 3611//3611 468//468
f 3612//3612 3613//3613 3614//3614
f 469//469 3592//3592 471//471
f 471//471 3592//3592 3612//3612
f 471//471 3612//3612 3610//3610
f 3609//3609 3612//3612 3614//3614
f 3609//3609 3614//3614 3607//3607
f 3607//3607 3615//3615 2122//2122
f 3592//3592 3599//3599 3612//3612
f 3612//3612 3599//3599 3596//3596
f 3612//3612 3596//3596 3613//3613
f 3613//3613 3596//3596 3594//3594
f 3613//3613 3594//3594 3593//3593
f 2122//2122 3615//3615 2174//2174
f 2174//2174 3615//3615 3613//3613
f 2174//2174 3613//3613 2175//2175
f 2175//2175 3613//3613 3593//3593
f 2175//2175 3593//3593 2173//2173
f 3616//3616 3617//3617 476//476
f 2906//2906 2550//2550 3618//3618
f 2901//2901 2898//2898 3619//3619
f 3620//3620 2899//2899 2906//2906
f 2544//2544 2904//2904 3605//3605
f 3605//3605 2904//2904 3621//3621
f 3605//3605 3621//3621 3603//3603
f 3603//3603 3621//3621 3622//3622
f 3603//3603 3622//3622 3606//3606
f 2904//2904 2901//2901 3621//3621
f 3621//3621 2901//2901 3619//3619
f 3621//3621 3619//3619 3622//3622
f 3622//3622 3619//3619 3623//3623
f 476//476 3602//3602 3624//3624
f 3625//3625 3602//3602 3606//3606
f 3616//3616 476//476 3624//3624
f 2906//2906 3618//3618 3620//3620
f 3620//3620 3618//3618 3626//3626
f 3620//3620 3626//3626 3627//3627
f 3628//3628 3626//3626 3629//3629
f 3628//3628 3629//3629 3630//3630
f 3606//3606 3622//3622 3625//3625
f 3625//3625 3622//3622 3628//3628
f 3625//3625 3628//3628 3631//3631
f 3631//3631 3628//3628 3630//3630
f 3631//3631 3630//3630 3632//3632
f 466//466 468//468 3633//3633
f 3633//3633 468//468 3611//3611
f 3633//3633 3608//3608 3634//3634
f 3634//3634 3608//3608 3635//3635
f 3635//3635 3608//3608 3607//3607
f 3635//3635 3607//3607 3636//3636
f 3636//3636 3607//3607 3637//3637
f 3637//3637 3607//3607 2122//2122
f 3637//3637 2122//2122 2121//2121
f 3638//3638 3639//3639 3640//3640
f 3618//3618 2550//2550 2552//2552
f 3618//3618 2552//2552 3626//3626
f 3629//3629 3626//3626 3641//3641
f 3629//3629 3641//3641 3630//3630
f 3632//3632 3630//3630 3642//3642
f 476//476 3617//3617 477//477
f 477//477 3617//3617 3644//3644
f 477//477 3644//3644 599//599
f 599//599 3644//3644 3645//3645
f 599//599 3645//3645 597//597
f 597//597 3645//3645 3646//3646
f 597//597 3646//3646 478//478
f 3626//3626 2552//2552 3641//3641
f 3641//3641 2552//2552 2554//2554
f 3641//3641 2554//2554 3647//3647
f 3647//3647 2554//2554 2555//2555
f 3647//3647 2555//2555 3640//3640
f 3640//3640 2555//2555 2557//2557
f 3640//3640 2557//2557 3638//3638
f 3630//3630 3641//3641 3648//3648
f 3648//3648 3641//3641 3649//3649
f 3648//3648 3649//3649 3650//3650
f 3650//3650 3649//3649 3640//3640
f 3650//3650 3640//3640 3651//3651
f 3651//3651 3640//3640 3639//3639
f 3651//3651 3639//3639 3652//3652
f 3617//3617 3643//3643 3644//3644
f 3644//3644 3643//3643 3654//3654
f 3644//3644 3654//3654 3655//3655
f 3645//3645 3653//3653 3656//3656
f 3645//3645 3656//3656 3646//3646
f 3646//3646 3656//3656 3657//3657
f 3646//3646 3657//3657 3658//3658
f 3659//3659 568//568 3646//3646
f 3646//3646 568//568 479//479
f 3646//3646 479//479 478//478
f 3244//3244 466//466 3633//3633
f 3637//3637 2121//2121 2119//2119
f 3634//3634 3635//3635 3660//3660
f 3660//3660 3635//3635 3636//3636
f 3258//3258 3244//3244 3661//3661
f 3661//3661 3244//3244 3633//3633
f 3661//3661 3633//3633 3634//3634
f 3634//3634 3660//3660 3661//3661
f 3661//3661 3660//3660 3662//3662
f 3661//3661 3662//3662 3663//3663
f 3238//3238 3236//3236 3664//3664
f 3664//3664 3236//3236 3235//3235
f 3664//3664 3235//3235 3661//3661
f 3661//3661 3235//3235 3253//3253
f 3661//3661 3253//3253 3258//3258
f 3637//3637 2119//2119 3665//3665
f 3666//3666 2119//2119 2118//2118
f 3666//3666 2118//2118 3667//3667
f 3667//3667 2118//2118 2111//2111
f 3667//3667 2111//2111 3668//3668
f 3252//3252 3238//3238 3669//3669
f 3669//3669 3238//3238 3664//3664
f 3670//3670 3663//3663 3671//3671
f 3671//3671 3663//3663 3662//3662
f 2111//2111 2113//2113 3668//3668
f 3668//3668 2113//2113 3672//3672
f 3668//3668 3672//3672 3673//3673
f 3673//3673 3671//3671 3668//3668
f 3668//3668 3671//3671 3674//3674
f 3668//3668 3674//3674 3675//3675
f 3675//3675 3674//3674 3660//3660
f 3675//3675 3660//3660 3665//3665
f 3665//3665 3660//3660 3636//3636
f 3665//3665 3636//3636 3637//3637
f 283//283 3252//3252 3676//3676
f 3676//3676 3252//3252 3669//3669
f 3677//3677 3670//3670 3678//3678
f 3678//3678 3670//3670 3671//3671
f 3678//3678 3671//3671 3679//3679
f 3679//3679 3671//3671 3673//3673
f 2891//2891 2892//2892 3680//3680
f 2895//2895 2896//2896 3681//3681
f 3681//3681 2896//2896 2545//2545
f 2545//2545 3682//3682 3681//3681
f 3681//3681 3682//3682 3683//3683
f 3681//3681 3683//3683 3684//3684
f 568//568 3659//3659 3685//3685
f 3686//3686 3658//3658 3657//3657
f 3686//3686 3657//3657 3687//3687
f 3688//3688 3652//3652 3639//3639
f 3688//3688 3639//3639 3680//3680
f 3680//3680 3639//3639 3638//3638
f 3680//3680 3638//3638 2891//2891
f 2891//2891 3638//3638 2557//2557
f 2892//2892 2895//2895 3680//3680
f 3680//3680 2895//2895 3681//3681
f 3680//3680 3681//3681 3689//3689
f 3689//3689 3681//3681 3684//3684
f 3687//3687 3684//3684 3686//3686
f 3686//3686 3684//3684 3690//3690
f 3685//3685 3691//3691 568//568
f 3683//3683 3692//3692 3684//3684
f 3684//3684 3692//3692 3693//3693
f 3684//3684 3693//3693 3690//3690
f 3691//3691 3694//3694 568//568
f 283//283 3676//3676 284//284
f 284//284 3676//3676 3695//3695
f 3676//3676 3678//3678 3695//3695
f 3695//3695 3678//3678 3679//3679
f 3695//3695 3679//3679 3696//3696
f 2113//2113 2117//2117 3672//3672
f 3672//3672 2117//2117 3696//3696
f 3672//3672 3696//3696 3673//3673
f 3673//3673 3696//3696 3679//3679
f 3697//3697 3698//3698 3699//3699
f 3698//3698 565//565 567//567
f 2547//2547 2549//2549 3700//3700
f 3700//3700 2549//2549 3701//3701
f 3698//3698 567//567 3702//3702
f 3702//3702 567//567 568//568
f 3702//3702 568//568 3694//3694
f 3693//3693 3692//3692 3699//3699
f 3699//3699 3692//3692 3700//3700
f 3699//3699 3700//3700 3697//3697
f 3697//3697 3700//3700 3703//3703
f 2545//2545 2547//2547 3682//3682
f 3682//3682 2547//2547 3700//3700
f 3682//3682 3700//3700 3683//3683
f 3683//3683 3700//3700 3692//3692
f 287//287 286//286 3704//3704
f 3704//3704 286//286 3705//3705
f 3704//3704 3706//3706 3707//3707
f 3707//3707 3706//3706 3708//3708
f 3708//3708 3706//3706 3709//3709
f 3708//3708 3709//3709 3710//3710
f 3710//3710 3709//3709 3711//3711
f 3711//3711 3709//3709 2177//2177
f 3711//3711 2177//2177 2181//2181
f 2178//2178 2177//2177 3712//3712
f 3712//3712 2177//2177 3709//3709
f 3713//3713 3709//3709 3714//3714
f 3714//3714 3709//3709 3706//3706
f 3715//3715 3705//3705 285//285
f 285//285 3705//3705 286//286
f 2117//2117 2178//2178 3696//3696
f 3696//3696 2178//2178 3712//3712
f 3696//3696 3713//3713 3695//3695
f 3695//3695 3713//3713 3714//3714
f 3695//3695 3715//3715 284//284
f 284//284 3715//3715 285//285
f 3716//3716 579//579 578//578
f 3717//3717 3721//3721 3722//3722
f 3723//3723 3724//3724 3725//3725
f 3716//3716 578//578 3726//3726
f 3726//3726 578//578 577//577
f 3726//3726 577//577 3727//3727
f 3727//3727 577//577 575//575
f 3727//3727 575//575 3728//3728
f 3728//3728 575//575 573//573
f 3728//3728 573//573 3729//3729
f 3729//3729 573//573 572//572
f 3729//3729 572//572 3730//3730
f 3730//3730 572//572 571//571
f 3730//3730 571//571 3731//3731
f 3731//3731 571//571 570//570
f 3731//3731 570//570 3732//3732
f 3717//3717 3722//3722 3733//3733
f 3733//3733 3722//3722 3734//3734
f 3733//3733 3734//3734 3735//3735
f 3735//3735 3734//3734 3736//3736
f 3735//3735 3736//3736 3737//3737
f 3737//3737 3736//3736 3729//3729
f 3737//3737 3729//3729 3738//3738
f 3738//3738 3729//3729 3730//3730
f 3738//3738 3730//3730 3739//3739
f 3739//3739 3730//3730 3731//3731
f 3739//3739 3731//3731 3740//3740
f 3740//3740 3731//3731 3732//3732
f 3740//3740 3732//3732 3741//3741
f 3723//3723 3725//3725 3742//3742
f 3742//3742 3725//3725 3743//3743
f 3742//3742 3743//3743 3744//3744
f 3744//3744 3743//3743 3745//3745
f 3744//3744 3745//3745 3746//3746
f 3746//3746 3745//3745 3738//3738
f 3746//3746 3738//3738 3747//3747
f 3747//3747 3738//3738 3739//3739
f 3748//3748 3739//3739 3749//3749
f 3749//3749 3739//3739 3740//3740
f 3749//3749 3740//3740 3750//3750
f 3750//3750 3740//3740 3741//3741
f 3751//3751 3741//3741 3752//3752
f 2922//2922 2927//2927 3752//3752
f 3752//3752 2927//2927 2926//2926
f 3752//3752 2926//2926 3751//3751
f 3751//3751 2926//2926 2930//2930
f 3751//3751 2930//2930 3753//3753
f 3749//3749 2930//2930 2929//2929
f 3749//3749 2929//2929 3748//3748
f 3748//3748 2929//2929 2933//2933
f 3748//3748 2933//2933 3754//3754
f 3754//3754 2933//2933 2932//2932
f 3754//3754 2932//2932 3755//3755
f 3755//3755 2932//2932 2931//2931
f 3755//3755 2931//2931 3756//3756
f 3756//3756 2931//2931 360//360
f 3756//3756 360//360 3757//3757
f 2923//2923 2922//2922 3758//3758
f 3758//3758 2922//2922 3752//3752
f 3758//3758 3752//3752 3759//3759
f 3759//3759 3752//3752 3741//3741
f 3759//3759 3741//3741 3760//3760
f 3760//3760 3741//3741 3732//3732
f 3760//3760 3732//3732 569//569
f 569//569 3732//3732 570//570
f 2924//2924 2923//2923 3761//3761
f 3761//3761 2923//2923 3758//3758
f 3761//3761 3758//3758 3762//3762
f 3762//3762 3758//3758 3759//3759
f 3762//3762 3759//3759 3763//3763
f 3763//3763 3759//3759 3760//3760
f 3763//3763 3760//3760 566//566
f 566//566 3760//3760 569//569
f 2549//2549 2924//2924 3701//3701
f 3701//3701 2924//2924 3764//3764
f 3703//3703 3761//3761 3697//3697
f 3697//3697 3761//3761 3762//3762
f 3697//3697 3762//3762 3698//3698
f 3698//3698 3762//3762 3763//3763
f 3698//3698 3763//3763 565//565
f 565//565 3763//3763 566//566
f 3765//3765 303//303 304//304
f 3767//3767 3768//3768 3770//3770
f 2182//2182 681//681 3771//3771
f 3771//3771 681//681 3772//3772
f 3773//3773 3774//3774 3775//3775
f 3765//3765 304//304 3776//3776
f 3769//3769 304//304 287//287
f 3769//3769 287//287 3704//3704
f 3704//3704 3707//3707 3769//3769
f 3769//3769 3707//3707 3775//3775
f 3770//3770 3777//3777 3767//3767
f 3778//3778 3775//3775 3774//3774
f 2181//2181 2182//2182 3711//3711
f 3711//3711 2182//2182 3773//3773
f 3711//3711 3773//3773 3710//3710
f 3710//3710 3773//3773 3775//3775
f 3710//3710 3775//3775 3708//3708
f 3708//3708 3775//3775 3707//3707
f 580//580 579//579 3716//3716
f 3779//3779 545//545 543//543
f 3780//3780 3781//3781 3782//3782
f 3783//3783 3784//3784 3785//3785
f 3779//3779 543//543 3786//3786
f 3786//3786 543//543 542//542
f 3786//3786 542//542 3787//3787
f 542//542 564//564 3787//3787
f 3787//3787 564//564 562//562
f 3787//3787 562//562 3788//3788
f 3788//3788 562//562 560//560
f 3788//3788 560//560 3789//3789
f 560//560 559//559 3789//3789
f 3789//3789 559//559 558//558
f 3789//3789 558//558 3790//3790
f 3790//3790 558//558 556//556
f 3790//3790 556//556 3791//3791
f 3791//3791 556//556 554//554
f 3791//3791 554//554 3792//3792
f 3780//3780 3782//3782 3793//3793
f 3793//3793 3782//3782 3794//3794
f 3793//3793 3794//3794 3795//3795
f 3795//3795 3794//3794 3796//3796
f 3795//3795 3796//3796 3797//3797
f 3797//3797 3796//3796 3798//3798
f 3797//3797 3798//3798 3799//3799
f 3799//3799 3798//3798 3800//3800
f 3799//3799 3800//3800 3801//3801
f 3801//3801 3800//3800 3802//3802
f 3801//3801 3802//3802 3803//3803
f 3803//3803 3802//3802 3804//3804
f 3803//3803 3804//3804 3805//3805
f 3805//3805 3804//3804 3806//3806
f 3805//3805 3806//3806 3807//3807
f 3783//3783 3785//3785 3809//3809
f 3809//3809 3785//3785 3810//3810
f 3809//3809 3810//3810 3811//3811
f 3811//3811 3810//3810 3812//3812
f 3811//3811 3812//3812 3813//3813
f 3813//3813 3812//3812 3814//3814
f 3813//3813 3814//3814 3815//3815
f 3815//3815 3814//3814 3816//3816
f 3815//3815 3816//3816 3817//3817
f 3817//3817 3816//3816 3818//3818
f 3817//3817 3818//3818 3819//3819
f 3819//3819 3818//3818 3820//3820
f 3819//3819 3820//3820 3821//3821
f 3821//3821 3820//3820 3822//3822
f 3821//3821 3822//3822 3823//3823
f 359//359 367//367 3824//3824
f 3824//3824 367//367 366//366
f 3824//3824 366//366 3825//3825
f 3825//3825 366//366 364//364
f 3825//3825 364//364 3826//3826
f 3826//3826 364//364 375//375
f 3826//3826 375//375 3827//3827
f 3827//3827 375//375 374//374
f 3827//3827 374//374 3828//3828
f 3828//3828 374//374 372//372
f 3828//3828 372//372 3829//3829
f 3829//3829 372//372 380//380
f 3829//3829 380//380 3830//3830
f 3830//3830 380//380 378//378
f 3830//3830 378//378 3831//3831
f 3831//3831 378//378 292//292
f 3831//3831 292//292 3783//3783
f 580//580 3716//3716 582//582
f 360//360 359//359 3757//3757
f 3757//3757 359//359 3824//3824
f 3723//3723 3823//3823 3724//3724
f 3724//3724 3823//3823 3822//3822
f 3718//3718 3808//3808 3720//3720
f 3719//3719 3807//3807 3806//3806
f 3716//3716 3832//3832 582//582
f 582//582 3832//3832 3792//3792
f 582//582 3792//3792 583//583
f 583//583 3792//3792 554//554
f 680//680 687//687 3833//3833
f 3833//3833 687//687 3834//3834
f 3835//3835 3836//3836 3837//3837
f 3837//3837 3836//3836 3838//3838
f 3839//3839 3840//3840 3841//3841
f 3841//3841 3840//3840 3842//3842
f 3841//3841 3842//3842 301//301
f 301//301 3842//3842 299//299
f 681//681 680//680 3772//3772
f 3772//3772 680//680 3833//3833
f 3774//3774 3835//3835 3778//3778
f 3778//3778 3835//3835 3837//3837
f 3766//3766 3839//3839 3765//3765
f 3765//3765 3839//3839 3841//3841
f 3765//3765 3841//3841 303//303
f 303//303 3841//3841 301//301
f 3843//3843 3844//3844 3845//3845
f 3846//3846 546//546 545//545
f 3783//3783 292//292 294//294
f 3783//3783 3844//3844 3784//3784
f 3784//3784 3844//3844 3843//3843
f 3780//3780 3847//3847 3781//3781
f 547//547 546//546 3848//3848
f 3848//3848 546//546 3846//3846
f 3850//3850 3851//3851 3852//3852
f 3783//3783 294//294 3844//3844
f 3844//3844 294//294 296//296
f 3844//3844 296//296 3845//3845
f 3845//3845 296//296 298//298
f 3845//3845 298//298 3853//3853
f 3853//3853 3854//3854 3845//3845
f 3845//3845 3854//3854 3855//3855
f 3845//3845 3855//3855 3843//3843
f 3847//3847 3852//3852 3851//3851
f 3847//3847 3851//3851 3781//3781
f 3779//3779 3846//3846 545//545
f 548//548 547//547 3856//3856
f 3856//3856 547//547 3849//3849
f 3856//3856 3849//3849 3857//3857
f 3857//3857 3849//3849 3855//3855
f 3857//3857 3855//3855 3858//3858
f 3858//3858 3855//3855 3854//3854
f 686//686 696//696 3859//3859
f 2002//2002 2006//2006 3860//3860
f 3860//3860 2006//2006 3861//3861
f 3860//3860 3862//3862 3863//3863
f 3863//3863 3862//3862 3864//3864
f 3864//3864 3862//3862 3865//3865
f 3865//3865 3862//3862 3866//3866
f 3865//3865 3867//3867 3868//3868
f 3869//3869 3870//3870 3867//3867
f 3867//3867 3870//3870 3871//3871
f 3867//3867 3871//3871 3868//3868
f 693//693 3872//3872 695//695
f 695//695 3872//3872 3873//3873
f 695//695 3873//3873 3869//3869
f 3869//3869 3873//3873 3874//3874
f 3869//3869 3874//3874 3870//3870
f 696//696 695//695 3859//3859
f 3859//3859 695//695 3869//3869
f 3875//3875 3869//3869 3876//3876
f 3876//3876 3869//3869 3867//3867
f 3877//3877 3866//3866 3878//3878
f 3878//3878 3866//3866 3862//3862
f 3879//3879 3861//3861 2007//2007
f 2007//2007 3861//3861 2006//2006
f 687//687 686//686 3834//3834
f 3834//3834 686//686 3859//3859
f 3836//3836 3875//3875 3838//3838
f 3838//3838 3875//3875 3876//3876
f 3840//3840 3877//3877 3842//3842
f 3842//3842 3877//3877 3878//3878
f 3842//3842 3879//3879 299//299
f 299//299 3879//3879 2007//2007
f 549//549 548//548 3880//3880
f 3880//3880 548//548 3856//3856
f 3880//3880 3856//3856 3881//3881
f 3881//3881 3856//3856 3857//3857
f 3881//3881 3857//3857 3882//3882
f 3882//3882 3857//3857 3858//3858
f 3882//3882 3858//3858 3883//3883
f 3883//3883 3858//3858 3854//3854
f 698//698 3884//3884 298//298
f 298//298 3884//3884 3885//3885
f 298//298 3885//3885 3853//3853
f 3853//3853 3885//3885 3886//3886
f 3853//3853 3886//3886 3854//3854
f 3854//3854 3886//3886 3887//3887
f 3854//3854 3887//3887 3883//3883
f 1998//1998 2000//2000 3888//3888
f 1971//1971 1969//1969 3890//3890
f 3890//3890 1969//1969 3891//3891
f 3865//3865 3868//3868 3892//3892
f 3892//3892 3868//3868 3871//3871
f 3892//3892 3871//3871 3893//3893
f 3894//3894 3895//3895 3896//3896
f 3894//3894 3896//3896 3889//3889
f 3865//3865 3892//3892 3864//3864
f 3864//3864 3892//3892 3888//3888
f 3864//3864 3888//3888 3863//3863
f 3863//3863 3888//3888 3860//3860
f 3860//3860 3888//3888 2000//2000
f 3860//3860 2000//2000 2002//2002
f 2021//2021 2023//2023 3897//3897
f 3897//3897 2023//2023 3898//3898
f 3899//3899 3900//3900 3901//3901
f 3901//3901 3900//3900 3902//3902
f 3901//3901 3902//3902 3898//3898
f 3898//3898 3902//3902 3903//3903
f 3898//3898 3903//3903 3897//3897
f 1995//1995 1935//1935 3899//3899
f 3899//3899 1935//1935 3904//3904
f 3899//3899 3904//3904 3900//3900
f 2023//2023 1998//1998 3905//3905
f 3905//3905 1998//1998 3888//3888
f 3898//3898 3888//3888 3901//3901
f 3901//3901 3888//3888 3892//3892
f 3901//3901 3892//3892 3899//3899
f 3899//3899 3892//3892 3893//3893
f 3899//3899 3891//3891 1995//1995
f 1995//1995 3891//3891 1969//1969
f 698//698 697//697 3884//3884
f 3884//3884 3906//3906 3907//3907
f 3884//3884 3907//3907 3885//3885
f 3908//3908 3909//3909 3910//3910
f 3910//3910 3909//3909 3887//3887
f 3910//3910 3887//3887 3907//3907
f 3907//3907 3887//3887 3886//3886
f 3907//3907 3886//3886 3885//3885
f 3908//3908 3910//3910 3911//3911
f 3911//3911 3910//3910 3912//3912
f 3911//3911 3912//3912 3913//3913
f 3913//3913 3912//3912 256//256
f 3913//3913 256//256 262//262
f 482//482 481//481 3914//3914
f 3915//3915 505//505 503//503
f 3915//3915 503//503 3916//3916
f 3917//3917 3918//3918 3919//3919
f 3919//3919 3918//3918 3920//3920
f 3921//3921 216//216 3920//3920
f 3920//3920 216//216 218//218
f 3920//3920 218//218 3919//3919
f 127//127 126//126 3921//3921
f 3921//3921 126//126 211//211
f 211//211 214//214 3921//3921
f 3921//3921 214//214 215//215
f 3921//3921 215//215 216//216
f 123//123 127//127 3922//3922
f 3922//3922 127//127 3921//3921
f 3923//3923 3921//3921 3924//3924
f 3924//3924 3921//3921 3920//3920
f 3925//3925 3920//3920 3926//3926
f 3926//3926 3920//3920 3918//3918
f 482//482 3914//3914 502//502
f 119//119 123//123 3927//3927
f 3927//3927 123//123 3922//3922
f 3928//3928 3923//3923 3929//3929
f 3929//3929 3923//3923 3924//3924
f 3930//3930 3925//3925 3931//3931
f 3931//3931 3925//3925 3926//3926
f 3914//3914 3932//3932 502//502
f 502//502 3932//3932 3918//3918
f 502//502 3918//3918 503//503
f 503//503 3918//3918 3917//3917
f 503//503 3917//3917 3916//3916
f 510//510 509//509 3933//3933
f 3933//3933 509//509 3934//3934
f 3935//3935 3934//3934 3936//3936
f 3936//3936 3934//3934 3937//3937
f 3938//3938 3937//3937 3939//3939
f 3939//3939 3937//3937 3940//3940
f 3942//3942 3943//3943 2164//2164
f 2164//2164 3943//3943 289//289
f 512//512 510//510 3944//3944
f 3944//3944 510//510 3933//3933
f 3945//3945 3935//3935 3946//3946
f 3946//3946 3935//3935 3936//3936
f 3947//3947 3938//3938 3948//3948
f 3948//3948 3938//3938 3939//3939
f 3949//3949 3942//3942 2165//2165
f 2165//2165 3942//3942 2164//2164
f 481//481 512//512 3914//3914
f 3914//3914 512//512 3944//3944
f 3931//3931 3945//3945 3930//3930
f 3930//3930 3945//3945 3946//3946
f 3929//3929 3947//3947 3928//3928
f 3928//3928 3947//3947 3948//3948
f 3927//3927 3949//3949 119//119
f 119//119 3949//3949 2165//2165
f 3950//3950 3951//3951 3953//3953
f 3952//3952 3954//3954 2052//2052
f 3952//3952 2052//2052 2043//2043
f 3955//3955 3956//3956 3950//3950
f 3950//3950 3956//3956 3957//3957
f 3950//3950 3957//3957 3951//3951
f 290//290 291//291 3955//3955
f 3955//3955 291//291 3958//3958
f 3958//3958 3959//3959 3955//3955
f 3955//3955 3959//3959 3960//3960
f 3955//3955 3960//3960 3956//3956
f 3958//3958 291//291 289//289
f 3958//3958 289//289 3959//3959
f 3959//3959 289//289 3943//3943
f 3959//3959 3941//3941 3960//3960
f 3960//3960 3941//3941 3956//3956
f 3961//3961 3940//3940 3937//3937
f 3961//3961 3937//3937 3962//3962
f 3962//3962 3937//3937 3934//3934
f 3962//3962 3934//3934 3963//3963
f 3963//3963 3934//3934 509//509
f 3963//3963 509//509 508//508
f 3964//3964 3965//3965 3966//3966
f 3964//3964 3966//3966 3967//3967
f 3967//3967 3966//3966 3968//3968
f 3967//3967 3968//3968 3969//3969
f 3969//3969 3968//3968 3970//3970
f 3969//3969 3970//3970 3971//3971
f 3971//3971 3970//3970 3972//3972
f 3971//3971 3972//3972 3973//3973
f 3973//3973 3972//3972 3974//3974
f 3973//3973 3974//3974 3975//3975
f 3975//3975 3974//3974 3976//3976
f 3975//3975 3976//3976 3977//3977
f 3977//3977 3976//3976 3978//3978
f 3977//3977 3978//3978 3979//3979
f 3979//3979 3978//3978 3980//3980
f 3979//3979 3980//3980 3981//3981
f 3981//3981 3980//3980 3982//3982
f 3981//3981 3982//3982 3983//3983
f 3983//3983 3982//3982 3984//3984
f 3983//3983 3984//3984 3985//3985
f 3985//3985 3984//3984 3987//3987
f 3988//3988 3986//3986 3989//3989
f 3989//3989 3986//3986 3990//3990
f 3989//3989 3990//3990 3991//3991
f 3991//3991 3990//3990 3992//3992
f 3991//3991 3992//3992 3993//3993
f 3993//3993 3992//3992 3994//3994
f 3993//3993 3994//3994 3995//3995
f 3995//3995 3994//3994 3996//3996
f 3995//3995 3996//3996 3997//3997
f 3997//3997 3996//3996 3998//3998
f 3997//3997 3998//3998 3999//3999
f 3999//3999 3998//3998 4000//4000
f 3999//3999 4000//4000 4001//4001
f 4001//4001 4000//4000 4002//4002
f 4002//4002 4000//4000 4003//4003
f 4002//4002 4003//4003 4004//4004
f 4004//4004 4003//4003 4006//4006
f 4007//4007 4005//4005 4008//4008
f 4008//4008 4005//4005 4009//4009
f 4008//4008 4009//4009 4010//4010
f 4010//4010 4009//4009 4011//4011
f 4010//4010 4011//4011 4012//4012
f 4012//4012 4011//4011 4013//4013
f 4012//4012 4013//4013 4014//4014
f 4014//4014 4013//4013 4015//4015
f 4014//4014 4015//4015 4016//4016
f 4016//4016 4015//4015 4017//4017
f 4016//4016 4017//4017 4018//4018
f 4018//4018 4017//4017 4019//4019
f 4018//4018 4019//4019 4020//4020
f 4020//4020 4019//4019 4021//4021
f 4020//4020 4021//4021 4022//4022
f 3965//3965 3964//3964 4023//4023
f 4023//4023 3964//3964 4024//4024
f 4023//4023 4024//4024 4025//4025
f 4025//4025 4024//4024 4026//4026
f 4025//4025 4026//4026 4027//4027
f 4027//4027 4026//4026 4028//4028
f 4027//4027 4028//4028 4029//4029
f 4029//4029 4028//4028 4030//4030
f 4029//4029 4030//4030 4031//4031
f 4031//4031 4030//4030 4032//4032
f 4033//4033 4034//4034 4035//4035
f 4035//4035 4034//4034 4036//4036
f 4035//4035 4036//4036 4037//4037
f 4037//4037 4036//4036 4038//4038
f 4037//4037 4038//4038 4039//4039
f 4039//4039 4038//4038 4040//4040
f 4039//4039 4040//4040 4041//4041
f 4041//4041 4040//4040 4042//4042
f 4041//4041 4042//4042 4021//4021
f 4021//4021 4042//4042 4022//4022
f 4031//4031 4032//4032 4043//4043
f 4043//4043 4032//4032 4044//4044
f 4043//4043 4044//4044 4045//4045
f 4045//4045 4044//4044 4046//4046
f 4047//4047 4048//4048 4049//4049
f 4049//4049 4048//4048 4050//4050
f 4049//4049 4050//4050 4033//4033
f 4033//4033 4050//4050 4034//4034
f 4051//4051 4052//4052 4053//4053
f 4053//4053 4052//4052 4054//4054
f 4053//4053 4054//4054 4055//4055
f 4055//4055 4054//4054 4056//4056
f 4055//4055 4056//4056 4047//4047
f 4047//4047 4056//4056 4048//4048
f 4045//4045 4046//4046 4057//4057
f 4057//4057 4046//4046 4058//4058
f 4057//4057 4058//4058 4059//4059
f 4059//4059 4058//4058 4060//4060
f 4059//4059 4060//4060 4061//4061
f 4061//4061 4060//4060 4062//4062
f 4061//4061 4062//4062 4063//4063
f 4063//4063 4062//4062 4064//4064
f 4063//4063 4064//4064 4065//4065
f 4065//4065 4064//4064 4066//4066
f 4065//4065 4066//4066 4067//4067
f 4067//4067 4066//4066 4068//4068
f 4067//4067 4068//4068 4069//4069
f 4069//4069 4068//4068 4070//4070
f 4069//4069 4070//4070 4071//4071
f 4071//4071 4070//4070 4072//4072
f 4071//4071 4072//4072 4073//4073
f 4073//4073 4072//4072 4074//4074
f 4073//4073 4074//4074 4075//4075
f 4075//4075 4074//4074 4076//4076
f 4075//4075 4076//4076 4077//4077
f 4077//4077 4076//4076 4078//4078
f 4077//4077 4078//4078 4079//4079
f 4079//4079 4078//4078 4080//4080
f 4079//4079 4080//4080 4081//4081
f 4081//4081 4080//4080 4082//4082
f 4081//4081 4082//4082 4083//4083
f 4083//4083 4082//4082 4084//4084
f 4083//4083 4084//4084 4085//4085
f 4085//4085 4084//4084 4086//4086
f 4085//4085 4086//4086 4087//4087
f 4087//4087 4086//4086 4088//4088
f 4087//4087 4088//4088 4089//4089
f 4089//4089 4088//4088 4090//4090
f 4089//4089 4090//4090 4091//4091
f 4091//4091 4090//4090 4092//4092
f 4091//4091 4092//4092 4093//4093
f 4093//4093 4092//4092 4094//4094
f 4093//4093 4094//4094 4095//4095
f 4095//4095 4094//4094 4096//4096
f 4095//4095 4096//4096 4097//4097
f 4097//4097 4096//4096 4098//4098
f 4097//4097 4098//4098 4099//4099
f 4099//4099 4098//4098 4100//4100
f 4099//4099 4100//4100 4101//4101
f 4101//4101 4100//4100 4102//4102
f 4101//4101 4102//4102 4103//4103
f 4103//4103 4102//4102 4104//4104
f 4103//4103 4104//4104 4105//4105
f 4105//4105 4104//4104 4106//4106
f 4105//4105 4106//4106 4051//4051
f 4051//4051 4106//4106 4107//4107
f 4051//4051 4107//4107 4052//4052
f 4108//4108 4109//4109 4110//4110
f 4110//4110 4109//4109 2070//2070
f 4110//4110 2070//2070 2068//2068
f 4111//4111 4112//4112 4113//4113
f 4113//4113 4112//4112 4114//4114
f 4113//4113 4114//4114 4115//4115
f 4115//4115 4114//4114 4116//4116
f 4115//4115 4116//4116 4108//4108
f 4108//4108 4116//4116 4117//4117
f 4108//4108 4117//4117 4109//4109
f 4118//4118 4119//4119 4120//4120
f 4120//4120 4119//4119 4121//4121
f 4120//4120 4121//4121 4122//4122
f 4122//4122 4121//4121 4123//4123
f 4122//4122 4123//4123 4111//4111
f 4111//4111 4123//4123 4124//4124
f 4111//4111 4124//4124 4112//4112
f 4125//4125 4126//4126 4127//4127
f 4127//4127 4126//4126 4128//4128
f 4127//4127 4128//4128 4129//4129
f 4129//4129 4128//4128 4130//4130
f 4131//4131 4132//4132 4133//4133
f 4133//4133 4132//4132 4134//4134
f 4133//4133 4134//4134 4136//4136
f 4136//4136 4134//4134 4137//4137
f 4135//4135 4138//4138 4128//4128
f 4128//4128 4138//4138 4139//4139
f 4128//4128 4139//4139 4130//4130
f 2069//2069 2073//2073 4140//4140
f 4140//4140 2073//2073 4141//4141
f 4140//4140 4141//4141 4131//4131
f 4131//4131 4141//4141 4142//4142
f 4131//4131 4142//4142 4132//4132
f 4143//4143 4144//4144 4118//4118
f 4145//4145 4143//4143 4146//4146
f 4146//4146 4143//4143 4118//4118
f 4146//4146 4118//4118 4147//4147
f 4144//4144 4148//4148 4118//4118
f 4118//4118 4148//4148 4149//4149
f 4118//4118 4149//4149 4150//4150
f 4150//4150 4151//4151 4118//4118
f 4118//4118 4151//4151 4152//4152
f 4118//4118 4152//4152 4119//4119
f 4126//4126 4125//4125 4153//4153
f 4153//4153 4125//4125 4154//4154
f 4154//4154 4155//4155 4153//4153
f 4153//4153 4155//4155 4156//4156
f 4153//4153 4156//4156 4157//4157
f 4157//4157 4156//4156 4158//4158
f 4154//4154 4159//4159 4155//4155
f 4155//4155 4159//4159 4160//4160
f 4155//4155 4160//4160 4161//4161
f 4161//4161 4160//4160 4162//4162
f 4163//4163 4164//4164 4165//4165
f 4165//4165 4164//4164 4166//4166
f 4165//4165 4166//4166 4167//4167
f 4166//4166 4168//4168 4167//4167
f 4167//4167 4168//4168 4169//4169
f 4167//4167 4169//4169 4170//4170
f 4170//4170 4171//4171 4167//4167
f 4167//4167 4171//4171 4172//4172
f 4167//4167 4172//4172 4173//4173
f 4173//4173 4172//4172 4174//4174
f 4174//4174 4172//4172 4175//4175
f 4174//4174 4175//4175 4176//4176
f 4177//4177 4178//4178 4179//4179
f 4179//4179 4178//4178 4180//4180
f 4181//4181 4182//4182 4179//4179
f 4179//4179 4182//4182 4183//4183
f 4179//4179 4183//4183 4184//4184
f 4180//4180 4185//4185 4179//4179
f 4179//4179 4185//4185 4186//4186
f 4179//4179 4186//4186 4187//4187
f 4187//4187 4188//4188 4179//4179
f 4179//4179 4188//4188 4189//4189
f 4179//4179 4189//4189 4181//4181
f 4190//4190 4193//4193 4197//4197
f 4198//4198 4194//4194 4201//4201
f 4199//4199 4200//4200 4202//4202
f 4203//4203 4205//4205 4206//4206
f 4208//4208 4204//4204 4196//4196
f 4207//4207 4195//4195 4210//4210
f 4209//4209 4192//4192 4191//4191
f 11//11 10//10 4211//4211
f 11//11 4211//4211 4212//4212
f 4212//4212 4211//4211 4213//4213
f 4212//4212 4213//4213 4214//4214
f 4214//4214 4213//4213 4178//4178
f 4214//4214 4178//4178 4177//4177
f 4211//4211 10//10 3174//3174
f 4213//4213 4211//4211 4215//4215
f 4178//4178 4213//4213 4216//4216
f 4211//4211 3174//3174 4215//4215
f 4215//4215 3174//3174 3175//3175
f 4215//4215 3175//3175 4217//4217
f 4217//4217 3175//3175 3184//3184
f 4217//4217 3184//3184 4218//4218
f 4218//4218 3184//3184 3183//3183
f 4218//4218 3183//3183 4219//4219
f 3183//3183 3180//3180 4219//4219
f 4219//4219 3180//3180 3176//3176
f 4219//4219 3176//3176 4220//4220
f 4220//4220 3176//3176 3178//3178
f 4220//4220 3178//3178 4221//4221
f 4221//4221 3178//3178 3179//3179
f 4221//4221 3179//3179 4222//4222
f 3179//3179 3186//3186 4222//4222
f 4222//4222 3186//3186 3185//3185
f 4222//4222 3185//3185 4223//4223
f 4223//4223 3185//3185 2022//2022
f 4223//4223 2022//2022 4224//4224
f 4213//4213 4215//4215 4216//4216
f 4216//4216 4215//4215 4217//4217
f 4216//4216 4217//4217 4225//4225
f 4225//4225 4217//4217 4218//4218
f 4225//4225 4218//4218 4226//4226
f 4226//4226 4218//4218 4219//4219
f 4226//4226 4219//4219 4227//4227
f 4227//4227 4219//4219 4220//4220
f 4227//4227 4220//4220 4228//4228
f 4228//4228 4220//4220 4221//4221
f 4228//4228 4221//4221 4229//4229
f 4229//4229 4221//4221 4230//4230
f 4229//4229 4230//4230 4231//4231
f 4231//4231 4230//4230 4232//4232
f 4231//4231 4232//4232 4233//4233
f 4233//4233 4232//4232 4234//4234
f 4233//4233 4234//4234 4235//4235
f 4178//4178 4216//4216 4180//4180
f 4180//4180 4216//4216 4225//4225
f 4180//4180 4225//4225 4185//4185
f 4185//4185 4225//4225 4226//4226
f 4185//4185 4226//4226 4186//4186
f 4186//4186 4226//4226 4227//4227
f 4186//4186 4227//4227 4187//4187
f 4187//4187 4227//4227 4228//4228
f 4187//4187 4228//4228 4188//4188
f 4188//4188 4228//4228 4229//4229
f 4188//4188 4229//4229 4189//4189
f 4189//4189 4229//4229 4236//4236
f 4189//4189 4236//4236 4181//4181
f 4181//4181 4236//4236 4237//4237
f 4181//4181 4237//4237 4182//4182
f 4182//4182 4237//4237 4238//4238
f 4182//4182 4238//4238 4183//4183
f 2022//2022 2021//2021 4239//4239
f 2022//2022 4239//4239 4224//4224
f 4239//4239 4240//4240 4224//4224
f 4234//4234 4241//4241 4242//4242
f 4234//4234 4242//4242 4235//4235
f 4238//4238 4243//4243 4184//4184
f 4238//4238 4184//4184 4183//4183
f 4244//4244 4245//4245 4184//4184
f 4244//4244 4184//4184 4246//4246
f 4243//4243 4246//4246 4184//4184
f 3902//3902 3900//3900 4247//4247
f 3904//3904 1935//1935 4248//4248
f 3904//3904 4248//4248 3900//3900
f 3902//3902 4249//4249 3903//3903
f 4239//4239 2021//2021 4250//4250
f 4250//4250 2021//2021 3897//3897
f 4239//4239 4250//4250 4240//4240
f 4240//4240 4250//4250 4251//4251
f 4241//4241 4252//4252 4242//4242
f 3897//3897 3903//3903 4250//4250
f 4250//4250 3903//3903 4249//4249
f 4250//4250 4249//4249 4253//4253
f 4253//4253 4249//4249 4254//4254
f 3900//3900 4248//4248 4247//4247
f 4247//4247 4248//4248 4255//4255
f 4247//4247 4255//4255 4256//4256
f 4258//4258 4255//4255 4259//4259
f 4258//4258 4259//4259 4260//4260
f 4242//4242 4252//4252 4261//4261
f 4261//4261 4252//4252 4257//4257
f 4261//4261 4257//4257 4262//4262
f 4244//4244 4258//4258 4260//4260
f 4244//4244 4260//4260 4245//4245
f 4179//4179 4184//4184 4245//4245
f 4179//4179 4245//4245 4263//4263
f 4263//4263 4245//4245 4260//4260
f 4263//4263 4260//4260 4264//4264
f 1935//1935 1972//1972 4248//4248
f 4248//4248 1972//1972 4265//4265
f 4248//4248 4265//4265 4255//4255
f 4255//4255 4265//4265 4264//4264
f 4255//4255 4264//4264 4259//4259
f 4259//4259 4264//4264 4260//4260
f 4266//4266 4267//4267 4268//4268
f 4268//4268 4269//4269 4266//4266
f 4270//4270 4271//4271 4164//4164
f 4270//4270 4164//4164 4163//4163
f 4267//4267 4272//4272 4268//4268
f 4268//4268 4272//4272 4273//4273
f 4268//4268 4273//4273 4274//4274
f 4274//4274 4273//4273 4275//4275
f 4274//4274 4275//4275 239//239
f 239//239 4275//4275 1931//1931
f 239//239 236//236 4274//4274
f 4274//4274 236//236 4276//4276
f 4274//4274 4276//4276 4268//4268
f 4268//4268 4276//4276 4277//4277
f 4268//4268 4278//4278 4269//4269
f 4269//4269 4278//4278 4279//4279
f 4271//4271 4280//4280 4164//4164
f 234//234 233//233 4281//4281
f 4281//4281 233//233 4282//4282
f 4281//4281 4282//4282 4283//4283
f 4283//4283 4282//4282 4284//4284
f 4285//4285 4286//4286 4287//4287
f 4287//4287 4286//4286 4288//4288
f 4289//4289 4290//4290 4164//4164
f 233//233 137//137 4282//4282
f 4282//4282 137//137 4291//4291
f 4282//4282 4291//4291 4284//4284
f 4284//4284 4291//4291 4292//4292
f 4286//4286 4294//4294 4288//4288
f 4288//4288 4294//4294 4295//4295
f 4290//4290 4296//4296 4164//4164
f 236//236 234//234 4276//4276
f 4276//4276 234//234 4281//4281
f 4276//4276 4281//4281 4277//4277
f 4277//4277 4281//4281 4283//4283
f 4278//4278 4285//4285 4279//4279
f 4279//4279 4285//4285 4287//4287
f 4280//4280 4289//4289 4164//4164
f 137//137 136//136 4291//4291
f 4291//4291 136//136 4297//4297
f 4291//4291 4298//4298 4292//4292
f 4293//4293 4299//4299 4300//4300
f 4293//4293 4300//4300 4296//4296
f 4296//4296 4300//4300 4166//4166
f 4296//4296 4166//4166 4164//4164
f 4297//4297 136//136 141//141
f 4300//4300 4299//4299 4301//4301
f 4166//4166 4300//4300 4302//4302
f 4297//4297 141//141 4301//4301
f 4301//4301 141//141 140//140
f 4301//4301 140//140 4303//4303
f 4303//4303 140//140 139//139
f 4303//4303 139//139 4304//4304
f 4304//4304 139//139 138//138
f 4304//4304 138//138 4305//4305
f 138//138 143//143 4305//4305
f 4305//4305 143//143 144//144
f 4305//4305 144//144 4306//4306
f 4306//4306 144//144 152//152
f 4306//4306 152//152 4307//4307
f 4307//4307 152//152 151//151
f 4307//4307 151//151 4308//4308
f 4308//4308 151//151 148//148
f 4308//4308 148//148 4309//4309
f 4309//4309 148//148 147//147
f 4309//4309 147//147 4310//4310
f 4311//4311 147//147 146//146
f 4311//4311 146//146 4312//4312
f 4300//4300 4301//4301 4313//4313
f 4313//4313 4301//4301 4303//4303
f 4302//4302 4303//4303 4314//4314
f 4314//4314 4303//4303 4304//4304
f 4314//4314 4304//4304 4315//4315
f 4315//4315 4304//4304 4305//4305
f 4315//4315 4305//4305 4316//4316
f 4316//4316 4305//4305 4306//4306
f 4316//4316 4306//4306 4317//4317
f 4317//4317 4306//4306 4307//4307
f 4317//4317 4307//4307 4318//4318
f 4318//4318 4307//4307 4308//4308
f 4318//4318 4308//4308 4319//4319
f 4319//4319 4308//4308 4309//4309
f 4319//4319 4309//4309 4320//4320
f 4320//4320 4309//4309 4310//4310
f 4320//4320 4310//4310 4321//4321
f 4321//4321 4310//4310 4312//4312
f 4321//4321 4312//4312 4322//4322
f 4166//4166 4302//4302 4168//4168
f 4168//4168 4302//4302 4314//4314
f 4168//4168 4314//4314 4169//4169
f 4169//4169 4314//4314 4315//4315
f 4169//4169 4315//4315 4170//4170
f 4170//4170 4315//4315 4316//4316
f 4170//4170 4316//4316 4171//4171
f 4171//4171 4316//4316 4317//4317
f 4171//4171 4317//4317 4172//4172
f 4172//4172 4317//4317 4318//4318
f 4172//4172 4318//4318 4175//4175
f 4175//4175 4318//4318 4319//4319
f 4175//4175 4319//4319 4176//4176
f 4176//4176 4319//4319 4320//4320
f 4176//4176 4320//4320 4174//4174
f 4174//4174 4320//4320 4321//4321
f 4174//4174 4321//4321 4173//4173
f 4173//4173 4321//4321 4322//4322
f 4173//4173 4322//4322 4167//4167
f 4165//4165 4167//4167 4322//4322
f 4165//4165 4322//4322 4323//4323
f 4323//4323 4322//4322 4312//4312
f 4323//4323 4312//4312 4324//4324
f 4324//4324 4312//4312 146//146
f 4324//4324 146//146 3004//3004
f 4325//4325 4326//4326 4327//4327
f 4328//4328 4329//4329 4330//4330
f 4331//4331 4332//4332 4333//4333
f 4334//4334 4335//4335 4336//4336
f 4337//4337 4339//4339 4340//4340
f 4340//4340 4339//4339 2105//2105
f 4340//4340 2105//2105 4140//4140
f 4140//4140 2105//2105 2104//2104
f 4140//4140 2104//2104 2069//2069
f 4334//4334 4336//4336 4341//4341
f 4131//4131 4133//4133 4342//4342
f 4342//4342 4133//4133 4136//4136
f 4332//4332 4135//4135 4333//4333
f 4333//4333 4135//4135 4128//4128
f 4333//4333 4128//4128 4343//4343
f 4343//4343 4128//4128 4126//4126
f 4343//4343 4126//4126 4344//4344
f 4331//4331 4333//4333 4345//4345
f 4345//4345 4333//4333 4343//4343
f 4345//4345 4343//4343 4330//4330
f 4330//4330 4343//4343 4344//4344
f 4330//4330 4344//4344 4328//4328
f 4140//4140 4131//4131 4340//4340
f 4340//4340 4131//4131 4342//4342
f 4346//4346 4332//4332 4338//4338
f 4338//4338 4332//4332 4331//4331
f 4338//4338 4331//4331 4335//4335
f 4335//4335 4331//4331 4345//4345
f 4335//4335 4345//4345 4336//4336
f 4336//4336 4345//4345 4330//4330
f 4336//4336 4330//4330 4347//4347
f 4347//4347 4330//4330 4329//4329
f 4347//4347 4329//4329 4325//4325
f 4341//4341 4336//4336 2049//2049
f 2049//2049 4336//4336 4327//4327
f 2049//2049 4327//4327 2047//2047
f 2047//2047 4327//4327 4326//4326
f 2047//2047 4326//4326 2045//2045
f 4126//4126 4153//4153 4344//4344
f 4344//4344 4153//4153 4348//4348
f 4344//4344 4349//4349 4328//4328
f 4328//4328 4349//4349 4329//4329
f 4329//4329 4349//4349 4350//4350
f 4329//4329 4350//4350 4325//4325
f 4325//4325 4350//4350 4326//4326
f 4326//4326 4350//4350 2043//2043
f 4326//4326 2043//2043 2045//2045
f 4351//4351 3952//3952 2043//2043
f 3953//3953 4352//4352 3950//3950
f 4353//4353 4354//4354 4355//4355
f 4355//4355 4354//4354 4356//4356
f 3950//3950 4357//4357 3955//3955
f 3955//3955 4355//4355 4356//4356
f 3955//3955 4356//4356 290//290
f 3950//3950 4352//4352 4357//4357
f 4355//4355 4358//4358 4359//4359
f 4355//4355 4359//4359 4353//4353
f 4153//4153 4360//4360 4359//4359
f 4359//4359 4360//4360 4361//4361
f 4359//4359 4361//4361 4353//4353
f 2043//2043 4350//4350 4351//4351
f 4358//4358 4350//4350 4362//4362
f 4358//4358 4362//4362 4359//4359
f 4359//4359 4363//4363 4153//4153
f 4350//4350 4349//4349 4362//4362
f 4363//4363 4348//4348 4153//4153
f 4157//4157 4364//4364 4153//4153
f 4153//4153 4364//4364 4360//4360
f 4360//4360 4364//4364 4361//4361
f 4361//4361 4364//4364 4365//4365
f 4361//4361 4365//4365 4353//4353
f 4353//4353 4365//4365 4366//4366
f 4353//4353 4366//4366 4354//4354
f 4354//4354 4366//4366 4367//4367
f 4354//4354 4367//4367 4356//4356
f 4367//4367 4368//4368 4356//4356
f 4356//4356 4368//4368 288//288
f 4356//4356 288//288 290//290
f 288//288 4368//4368 2163//2163
f 2163//2163 4368//4368 4369//4369
f 117//117 2163//2163 4370//4370
f 4370//4370 2163//2163 4369//4369
f 4370//4370 4369//4369 4371//4371
f 4371//4371 4369//4369 4372//4372
f 4368//4368 4367//4367 4369//4369
f 4369//4369 4367//4367 4366//4366
f 4369//4369 4366//4366 4372//4372
f 4158//4158 4156//4156 4372//4372
f 4372//4372 4156//4156 4373//4373
f 4372//4372 4373//4373 4371//4371
f 4157//4157 4158//4158 4364//4364
f 4364//4364 4158//4158 4372//4372
f 4364//4364 4372//4372 4365//4365
f 4365//4365 4372//4372 4366//4366
f 4156//4156 4155//4155 4374//4374
f 4156//4156 4375//4375 4373//4373
f 4373//4373 4375//4375 4376//4376
f 4373//4373 4376//4376 4371//4371
f 4371//4371 4376//4376 4377//4377
f 4371//4371 4377//4377 4370//4370
f 4370//4370 4378//4378 118//118
f 4370//4370 118//118 117//117
f 4379//4379 4380//4380 4381//4381
f 4382//4382 180//180 182//182
f 4380//4380 4382//4382 4383//4383
f 4384//4384 4385//4385 4379//4379
f 4385//4385 4384//4384 4154//4154
f 4382//4382 182//182 4383//4383
f 4383//4383 182//182 184//184
f 4383//4383 184//184 4386//4386
f 4386//4386 184//184 185//185
f 4386//4386 185//185 4387//4387
f 4387//4387 185//185 187//187
f 4387//4387 187//187 4388//4388
f 4388//4388 187//187 118//118
f 4388//4388 118//118 4378//4378
f 4380//4380 4383//4383 4381//4381
f 4381//4381 4383//4383 4389//4389
f 4381//4381 4389//4389 4390//4390
f 4390//4390 4389//4389 4391//4391
f 4390//4390 4391//4391 4392//4392
f 4392//4392 4391//4391 4393//4393
f 4392//4392 4393//4393 4394//4394
f 4394//4394 4393//4393 4377//4377
f 4394//4394 4377//4377 4376//4376
f 4379//4379 4381//4381 4384//4384
f 4384//4384 4381//4381 4390//4390
f 4384//4384 4390//4390 4395//4395
f 4395//4395 4390//4390 4396//4396
f 4395//4395 4396//4396 4397//4397
f 4397//4397 4396//4396 4398//4398
f 4397//4397 4398//4398 4399//4399
f 4399//4399 4398//4398 4376//4376
f 4399//4399 4376//4376 4375//4375
f 4154//4154 4384//4384 4159//4159
f 4159//4159 4384//4384 4395//4395
f 4159//4159 4395//4395 4160//4160
f 4160//4160 4395//4395 4397//4397
f 4160//4160 4397//4397 4162//4162
f 4162//4162 4397//4397 4399//4399
f 4162//4162 4399//4399 4161//4161
f 4161//4161 4399//4399 4374//4374
f 4161//4161 4374//4374 4155//4155
f 2978//2978 180//180 4382//4382
f 2978//2978 4382//4382 4400//4400
f 4400//4400 4382//4382 4380//4380
f 4400//4400 4380//4380 4401//4401
f 4154//4154 4125//4125 4385//4385
f 4385//4385 4125//4125 4402//4402
f 4385//4385 4401//4401 4379//4379
f 4379//4379 4401//4401 4380//4380
f 4403//4403 4404//4404 2985//2985
f 4405//4405 4406//4406 4407//4407
f 2073//2073 4408//4408 4409//4409
f 4403//4403 2985//2985 4410//4410
f 4410//4410 2985//2985 2984//2984
f 4410//4410 2984//2984 4411//4411
f 4411//4411 2984//2984 2976//2976
f 4411//4411 2976//2976 4412//4412
f 4412//4412 2976//2976 2975//2975
f 4412//4412 2975//2975 4413//4413
f 4413//4413 2975//2975 2981//2981
f 4413//4413 2981//2981 4414//4414
f 4414//4414 2981//2981 2983//2983
f 4414//4414 2983//2983 4415//4415
f 4415//4415 2983//2983 2982//2982
f 4415//4415 2982//2982 4416//4416
f 4416//4416 2982//2982 2980//2980
f 4416//4416 2980//2980 4417//4417
f 4417//4417 2980//2980 2979//2979
f 4417//4417 2979//2979 4418//4418
f 4418//4418 2979//2979 2978//2978
f 4418//4418 2978//2978 4400//4400
f 4405//4405 4407//4407 4419//4419
f 4419//4419 4407//4407 4420//4420
f 4419//4419 4420//4420 4421//4421
f 4421//4421 4420//4420 4422//4422
f 4421//4421 4422//4422 4423//4423
f 4423//4423 4422//4422 4424//4424
f 4423//4423 4424//4424 4425//4425
f 4425//4425 4424//4424 4426//4426
f 4425//4425 4426//4426 4427//4427
f 4427//4427 4426//4426 4428//4428
f 4427//4427 4428//4428 4429//4429
f 4429//4429 4428//4428 4430//4430
f 4429//4429 4430//4430 4431//4431
f 4431//4431 4430//4430 4432//4432
f 4431//4431 4432//4432 4433//4433
f 4433//4433 4432//4432 4434//4434
f 4433//4433 4434//4434 4435//4435
f 4435//4435 4434//4434 4400//4400
f 4435//4435 4400//4400 4401//4401
f 2073//2073 4409//4409 4141//4141
f 4141//4141 4409//4409 4436//4436
f 4141//4141 4436//4436 4142//4142
f 4142//4142 4436//4436 4437//4437
f 4142//4142 4437//4437 4132//4132
f 4132//4132 4437//4437 4438//4438
f 4132//4132 4438//4438 4134//4134
f 4134//4134 4438//4438 4439//4439
f 4134//4134 4439//4439 4137//4137
f 4138//4138 4440//4440 4441//4441
f 4138//4138 4441//4441 4139//4139
f 4139//4139 4441//4441 4442//4442
f 4139//4139 4442//4442 4130//4130
f 4130//4130 4442//4442 4443//4443
f 4130//4130 4443//4443 4129//4129
f 4129//4129 4443//4443 4444//4444
f 4129//4129 4444//4444 4127//4127
f 4127//4127 4444//4444 4402//4402
f 4127//4127 4402//4402 4125//4125
f 101//101 4445//4445 4446//4446
f 4446//4446 4445//4445 4447//4447
f 4448//4448 4449//4449 4450//4450
f 4450//4450 4449//4449 4451//4451
f 4452//4452 4453//4453 2070//2070
f 2070//2070 4453//4453 2071//2071
f 4445//4445 4454//4454 4447//4447
f 4447//4447 4454//4454 4455//4455
f 4449//4449 4456//4456 4451//4451
f 4451//4451 4456//4456 4457//4457
f 4453//4453 4458//4458 2071//2071
f 2071//2071 4458//4458 2072//2072
f 4454//4454 4404//4404 4455//4455
f 4455//4455 4404//4404 4403//4403
f 4456//4456 4406//4406 4457//4457
f 4457//4457 4406//4406 4405//4405
f 4458//4458 4408//4408 2072//2072
f 2072//2072 4408//4408 2073//2073
f 4459//4459 1//1 112//112
f 4460//4460 4461//4461 4462//4462
f 4119//4119 4460//4460 4463//4463
f 4459//4459 112//112 4464//4464
f 4464//4464 112//112 111//111
f 4464//4464 111//111 4465//4465
f 4465//4465 111//111 110//110
f 4465//4465 110//110 4466//4466
f 4466//4466 110//110 109//109
f 4466//4466 109//109 4467//4467
f 4467//4467 109//109 108//108
f 4467//4467 108//108 4468//4468
f 4468//4468 108//108 107//107
f 4468//4468 107//107 4469//4469
f 4469//4469 107//107 106//106
f 4469//4469 106//106 4470//4470
f 4470//4470 106//106 102//102
f 4470//4470 102//102 4471//4471
f 4471//4471 102//102 101//101
f 4471//4471 101//101 4446//4446
f 4460//4460 4462//4462 4472//4472
f 4472//4472 4462//4462 4473//4473
f 4472//4472 4473//4473 4474//4474
f 4474//4474 4473//4473 4475//4475
f 4474//4474 4475//4475 4476//4476
f 4476//4476 4475//4475 4477//4477
f 4476//4476 4477//4477 4478//4478
f 4478//4478 4477//4477 4479//4479
f 4478//4478 4479//4479 4480//4480
f 4480//4480 4479//4479 4481//4481
f 4480//4480 4481//4481 4482//4482
f 4482//4482 4481//4481 4483//4483
f 4482//4482 4483//4483 4484//4484
f 4484//4484 4483//4483 4485//4485
f 4484//4484 4485//4485 4486//4486
f 4486//4486 4485//4485 4448//4448
f 4486//4486 4448//4448 4450//4450
f 4119//4119 4463//4463 4121//4121
f 4121//4121 4463//4463 4487//4487
f 4121//4121 4487//4487 4123//4123
f 4123//4123 4487//4487 4488//4488
f 4123//4123 4488//4488 4124//4124
f 4124//4124 4488//4488 4489//4489
f 4124//4124 4489//4489 4112//4112
f 4112//4112 4489//4489 4490//4490
f 4112//4112 4490//4490 4114//4114
f 4114//4114 4490//4490 4491//4491
f 4114//4114 4491//4491 4116//4116
f 4116//4116 4491//4491 4492//4492
f 4116//4116 4492//4492 4117//4117
f 4117//4117 4492//4492 4493//4493
f 4117//4117 4493//4493 4109//4109
f 4109//4109 4493//4493 4452//4452
f 4109//4109 4452//4452 2070//2070
f 2//2 1//1 4459//4459
f 4152//4152 4494//4494 4119//4119
f 4119//4119 4494//4494 4460//4460
f 4494//4494 4495//4495 4460//4460
f 4460//4460 4495//4495 4496//4496
f 4460//4460 4496//4496 4461//4461
f 4459//4459 4496//4496 4497//4497
f 4459//4459 4497//4497 2//2
f 4498//4498 384//384 3007//3007
f 4499//4499 4498//4498 4500//4500
f 4501//4501 4499//4499 4502//4502
f 4144//4144 4501//4501 4503//4503
f 4498//4498 3007//3007 4500//4500
f 4500//4500 3007//3007 3034//3034
f 4500//4500 3034//3034 4504//4504
f 4504//4504 3034//3034 3033//3033
f 4504//4504 3033//3033 4505//4505
f 4505//4505 3033//3033 3006//3006
f 4505//4505 3006//3006 4506//4506
f 4499//4499 4500//4500 4502//4502
f 4502//4502 4500//4500 4504//4504
f 4502//4502 4504//4504 4507//4507
f 4507//4507 4504//4504 4505//4505
f 4507//4507 4505//4505 4508//4508
f 4508//4508 4505//4505 4506//4506
f 4508//4508 4506//4506 4509//4509
f 3006//3006 2//2 4506//4506
f 4506//4506 2//2 4497//4497
f 4506//4506 4497//4497 4509//4509
f 4509//4509 4497//4497 4496//4496
f 4509//4509 4496//4496 4495//4495
f 4501//4501 4502//4502 4503//4503
f 4503//4503 4502//4502 4507//4507
f 4503//4503 4507//4507 4510//4510
f 4510//4510 4507//4507 4508//4508
f 4510//4510 4508//4508 4511//4511
f 4511//4511 4508//4508 4509//4509
f 4511//4511 4509//4509 4512//4512
f 4512//4512 4509//4509 4495//4495
f 4512//4512 4495//4495 4494//4494
f 4144//4144 4503//4503 4148//4148
f 4148//4148 4503//4503 4510//4510
f 4148//4148 4510//4510 4149//4149
f 4149//4149 4510//4510 4511//4511
f 4149//4149 4511//4511 4150//4150
f 4150//4150 4511//4511 4512//4512
f 4150//4150 4512//4512 4151//4151
f 4151//4151 4512//4512 4494//4494
f 4151//4151 4494//4494 4152//4152
f 4501//4501 4144//4144 4143//4143
f 4143//4143 4513//4513 4501//4501
f 4501//4501 4513//4513 4514//4514
f 4501//4501 4514//4514 4499//4499
f 4499//4499 4514//4514 4515//4515
f 4499//4499 4515//4515 4498//4498
f 4515//4515 4516//4516 4498//4498
f 4498//4498 4516//4516 4517//4517
f 4498//4498 4517//4517 384//384
f 384//384 4517//4517 293//293
f 293//293 4517//4517 295//295
f 295//295 4517//4517 4518//4518
f 297//297 295//295 4519//4519
f 4519//4519 295//295 4518//4518
f 4519//4519 4518//4518 4520//4520
f 4520//4520 4518//4518 4521//4521
f 4517//4517 4516//4516 4518//4518
f 4518//4518 4516//4516 4515//4515
f 4518//4518 4515//4515 4521//4521
f 4145//4145 4146//4146 4521//4521
f 4521//4521 4146//4146 4522//4522
f 4521//4521 4522//4522 4520//4520
f 4143//4143 4145//4145 4513//4513
f 4513//4513 4145//4145 4521//4521
f 4513//4513 4521//4521 4514//4514
f 4514//4514 4521//4521 4515//4515
f 4146//4146 4147//4147 4523//4523
f 4146//4146 4523//4523 4522//4522
f 4522//4522 4523//4523 4524//4524
f 4522//4522 4524//4524 4520//4520
f 4520//4520 4524//4524 4525//4525
f 4520//4520 4525//4525 4519//4519
f 4519//4519 4526//4526 697//697
f 4519//4519 697//697 297//297
f 3910//3910 3907//3907 4527//4527
f 3912//3912 3910//3910 4528//4528
f 4528//4528 3910//3910 4527//4527
f 4528//4528 4527//4527 4529//4529
f 4529//4529 4527//4527 4530//4530
f 4529//4529 4530//4530 4531//4531
f 4531//4531 4530//4530 4532//4532
f 4533//4533 4534//4534 4147//4147
f 3907//3907 3906//3906 4535//4535
f 4535//4535 3906//3906 4536//4536
f 4535//4535 4536//4536 4530//4530
f 4530//4530 4536//4536 4524//4524
f 4530//4530 4524//4524 4532//4532
f 4532//4532 4524//4524 4523//4523
f 4534//4534 4523//4523 4147//4147
f 256//256 3912//3912 4537//4537
f 4537//4537 3912//3912 4538//4538
f 4537//4537 4538//4538 4539//4539
f 4539//4539 4538//4538 4529//4529
f 4539//4539 4529//4529 4540//4540
f 4540//4540 4529//4529 4531//4531
f 4541//4541 4533//4533 4147//4147
f 4147//4147 4118//4118 4542//4542
f 4147//4147 4542//4542 4541//4541
f 4540//4540 4542//4542 4543//4543
f 4540//4540 4543//4543 4539//4539
f 4539//4539 4543//4543 4544//4544
f 4539//4539 4544//4544 4537//4537
f 4537//4537 4544//4544 258//258
f 4537//4537 258//258 256//256
f 4545//4545 4546//4546 4547//4547
f 4547//4547 4548//4548 4545//4545
f 4550//4550 4549//4549 254//254
f 4550//4550 254//254 4551//4551
f 4546//4546 4552//4552 4554//4554
f 4553//4553 4555//4555 4556//4556
f 4553//4553 4556//4556 4557//4557
f 4558//4558 4559//4559 4557//4557
f 4557//4557 4559//4559 4560//4560
f 4557//4557 4560//4560 4553//4553
f 4110//4110 2068//2068 2067//2067
f 4558//4558 4108//4108 2109//2109
f 2109//2109 4108//4108 4110//4110
f 2109//2109 4110//4110 2110//2110
f 2110//2110 4110//4110 2067//2067
f 4561//4561 4544//4544 4543//4543
f 254//254 281//281 4551//4551
f 4551//4551 281//281 279//279
f 4551//4551 279//279 4562//4562
f 4562//4562 279//279 277//277
f 4562//4562 277//277 4563//4563
f 4563//4563 277//277 258//258
f 4563//4563 258//258 4544//4544
f 4546//4546 4545//4545 4552//4552
f 4552//4552 4545//4545 4564//4564
f 4552//4552 4564//4564 4565//4565
f 4565//4565 4564//4564 4566//4566
f 4565//4565 4566//4566 4567//4567
f 4567//4567 4566//4566 4561//4561
f 4567//4567 4561//4561 4568//4568
f 4568//4568 4561//4561 4543//4543
f 4568//4568 4543//4543 4542//4542
f 4558//4558 4557//4557 4108//4108
f 4108//4108 4557//4557 4569//4569
f 4108//4108 4569//4569 4115//4115
f 4115//4115 4569//4569 4570//4570
f 4115//4115 4570//4570 4113//4113
f 4113//4113 4570//4570 4571//4571
f 4113//4113 4571//4571 4111//4111
f 4111//4111 4571//4571 4572//4572
f 4111//4111 4572//4572 4122//4122
f 4122//4122 4572//4572 4568//4568
f 4122//4122 4568//4568 4120//4120
f 4120//4120 4568//4568 4542//4542
f 4120//4120 4542//4542 4118//4118

