# https://github.com/mikedh/trimesh
v 0.01485200 0.01690200 -0.02250000
v 0.01158100 0.01929000 -0.02250000
v 0.01158100 0.01929000 -0.02250000
v 0.01299600 0.01012500 -0.02250000
v 0.01299600 0.01012500 -0.02250000
v 0.01299600 0.01012500 -0.02250000
v 0.01299600 0.01012500 -0.02250000
v 0.01299600 0.01012500 -0.02250000
v 0.01299600 0.01012500 -0.02250000
v -0.01764100 0.01396600 -0.02250000
v -0.01764100 0.01396600 -0.02250000
v -0.01985900 0.01057700 -0.02250000
v -0.01985900 0.01057700 -0.02250000
v -0.01985900 0.01057700 -0.02250000
v -0.01985900 0.01057700 -0.02250000
v -0.01220000 0.01012500 -0.02250000
v -0.01220000 0.01012500 -0.02250000
v -0.01220000 0.01012500 -0.02250000
v -0.01220000 0.01012500 -0.02250000
v -0.01500000 -0.02718000 -0.02250000
v -0.01500000 -0.02940000 -0.02250000
v -0.01500000 -0.02940000 -0.02250000
v -0.01500000 -0.02940000 -0.02250000
v -0.01220000 -0.02940000 -0.02250000
v -0.01220000 -0.02940000 -0.02250000
v -0.01220000 -0.02940000 -0.02250000
v -0.01147200 -0.04085000 -0.02250000
v -0.01147200 -0.04085000 -0.02250000
v -0.01170000 -0.04000000 -0.02250000
v -0.01220000 -0.04035000 -0.02250000
v -0.01220000 -0.04035000 -0.02250000
v -0.01220000 -0.04035000 -0.02250000
v -0.01220000 -0.04035000 -0.02250000
v 0.01015000 -0.02952800 -0.02250000
v 0.01015000 -0.02952800 -0.02250000
v 0.01100000 -0.02930000 -0.02250000
v 0.01100000 -0.02930000 -0.02250000
v 0.01100000 -0.02930000 -0.02250000
v 0.01100000 -0.02930000 -0.02250000
v 0.00969600 -0.02940000 -0.02250000
v 0.00969600 -0.02940000 -0.02250000
v 0.00969600 -0.02940000 -0.02250000
v 0.00969600 -0.02940000 -0.02250000
v -0.01185000 -0.03247200 -0.02250000
v -0.01185000 -0.03247200 -0.02250000
v -0.01247200 -0.03185000 -0.02250000
v -0.01247200 -0.03185000 -0.02250000
v -0.01220000 -0.03550000 -0.02250000
v -0.01220000 -0.03550000 -0.02250000
v -0.01220000 -0.03550000 -0.02250000
v -0.01220000 -0.03550000 -0.02250000
v -0.00138600 -0.01270000 -0.02250000
v -0.00138600 -0.01270000 -0.02250000
v -0.00142500 -0.01012500 -0.02250000
v -0.00142500 -0.01012500 -0.02250000
v -0.00715000 -0.01012500 -0.02250000
v -0.00715000 -0.01012500 -0.02250000
v -0.00715000 -0.01012500 -0.02250000
v 0.01169100 0.00515000 -0.02250000
v 0.01299600 0.00320000 -0.02250000
v 0.01249100 0.00536400 -0.02250000
v 0.01307700 0.00595000 -0.02250000
v 0.01307700 0.00595000 -0.02250000
v 0.01089100 0.00813600 -0.02250000
v 0.01169100 0.00835000 -0.02250000
v 0.01169100 0.00835000 -0.02250000
v 0.01249100 0.00813600 -0.02250000
v 0.01249100 0.00813600 -0.02250000
v 0.01307700 0.00755000 -0.02250000
v 0.01307700 0.00755000 -0.02250000
v 0.01307700 0.00755000 -0.02250000
v 0.01089100 0.00536400 -0.02250000
v 0.00969600 0.00320000 -0.02250000
v 0.00969600 0.00320000 -0.02250000
v 0.00969600 0.00320000 -0.02250000
v 0.01030600 0.00595000 -0.02250000
v 0.01030600 0.00595000 -0.02250000
v 0.01009100 0.00675000 -0.02250000
v 0.01009100 0.00675000 -0.02250000
v 0.01009100 0.00675000 -0.02250000
v 0.00969600 0.01012500 -0.02250000
v 0.00969600 0.01012500 -0.02250000
v 0.00969600 0.01012500 -0.02250000
v 0.01030600 0.00755000 -0.02250000
v 0.01030600 0.00755000 -0.02250000
v 0.02143300 0.00684600 -0.02250000
v 0.02143300 0.00684600 -0.02250000
v 0.01329100 0.00675000 -0.02250000
v 0.00969600 -0.00320000 -0.02250000
v 0.00969600 -0.00320000 -0.02250000
v 0.00969600 -0.00320000 -0.02250000
v 0.01030600 -0.00595000 -0.02250000
v 0.01030600 -0.00595000 -0.02250000
v 0.01089100 -0.00536400 -0.02250000
v 0.01089100 -0.00536400 -0.02250000
v 0.01089100 -0.00536400 -0.02250000
v 0.01307700 -0.00595000 -0.02250000
v 0.01307700 -0.00595000 -0.02250000
v 0.01307700 -0.00595000 -0.02250000
v 0.01307700 -0.00595000 -0.02250000
v 0.01299600 -0.00320000 -0.02250000
v 0.01299600 -0.00320000 -0.02250000
v 0.01299600 -0.00320000 -0.02250000
v 0.01299600 -0.00320000 -0.02250000
v 0.01299600 -0.00320000 -0.02250000
v 0.01299600 -0.00320000 -0.02250000
v 0.01249100 -0.00536400 -0.02250000
v 0.01249100 -0.00536400 -0.02250000
v 0.01169100 -0.00515000 -0.02250000
v 0.01169100 -0.00515000 -0.02250000
v 0.01009100 -0.00675000 -0.02250000
v 0.01009100 -0.00675000 -0.02250000
v 0.00969600 -0.01012500 -0.02250000
v 0.00969600 -0.01012500 -0.02250000
v 0.00969600 -0.01012500 -0.02250000
v 0.00969600 -0.01012500 -0.02250000
v 0.00969600 -0.01012500 -0.02250000
v 0.01030600 -0.00755000 -0.02250000
v 0.01030600 -0.00755000 -0.02250000
v 0.01307700 -0.00755000 -0.02250000
v 0.01307700 -0.00755000 -0.02250000
v 0.01249100 -0.00813600 -0.02250000
v 0.01249100 -0.00813600 -0.02250000
v 0.01299600 -0.01012500 -0.02250000
v 0.01299600 -0.01012500 -0.02250000
v 0.01299600 -0.01012500 -0.02250000
v 0.01299600 -0.01012500 -0.02250000
v 0.01299600 -0.01012500 -0.02250000
v 0.01299600 -0.01012500 -0.02250000
v 0.01169100 -0.00835000 -0.02250000
v 0.01169100 -0.00835000 -0.02250000
v 0.01169100 -0.00835000 -0.02250000
v 0.01089100 -0.00813600 -0.02250000
v 0.01089100 -0.00813600 -0.02250000
v -0.00142500 -0.02940000 -0.02250000
v -0.00142500 -0.02940000 -0.02250000
v -0.00142500 -0.02940000 -0.02250000
v -0.00142500 -0.02940000 -0.02250000
v -0.00138600 -0.01430000 -0.02250000
v -0.00138600 -0.01430000 -0.02250000
v -0.00138600 -0.01430000 -0.02250000
v -0.00160000 -0.01350000 -0.02250000
v -0.00160000 -0.01350000 -0.02250000
v 0.00138600 -0.01430000 -0.02250000
v 0.00080000 -0.01488600 -0.02250000
v 0.00080000 -0.01488600 -0.02250000
v 0.00142500 -0.02940000 -0.02250000
v 0.00142500 -0.02940000 -0.02250000
v 0.00000000 -0.01510000 -0.02250000
v 0.00000000 -0.01510000 -0.02250000
v 0.00000000 -0.01510000 -0.02250000
v -0.00080000 -0.01488600 -0.02250000
v -0.00080000 -0.01488600 -0.02250000
v -0.00080000 -0.01211400 -0.02250000
v -0.00080000 -0.01211400 -0.02250000
v 0.00000000 -0.01190000 -0.02250000
v 0.00000000 -0.01190000 -0.02250000
v 0.00000000 -0.01190000 -0.02250000
v 0.00142500 -0.01012500 -0.02250000
v 0.00142500 -0.01012500 -0.02250000
v 0.00142500 -0.01012500 -0.02250000
v 0.00080000 -0.01211400 -0.02250000
v 0.00080000 -0.01211400 -0.02250000
v 0.00138600 -0.01270000 -0.02250000
v 0.00138600 -0.01270000 -0.02250000
v -0.00142500 0.01012500 -0.02250000
v 0.00142500 0.01012500 -0.02250000
v 0.00142500 0.01012500 -0.02250000
v 0.00142500 0.01012500 -0.02250000
v -0.00000000 0.01190000 -0.02250000
v -0.00000000 0.01190000 -0.02250000
v -0.00160000 0.01350000 -0.02250000
v -0.00160000 0.01350000 -0.02250000
v -0.00715000 0.01012500 -0.02250000
v -0.00715000 0.01012500 -0.02250000
v -0.00138600 0.01270000 -0.02250000
v -0.00138600 0.01270000 -0.02250000
v -0.00080000 0.01211400 -0.02250000
v 0.00138600 0.01430000 -0.02250000
v 0.00138600 0.01430000 -0.02250000
v 0.00138600 0.01430000 -0.02250000
v 0.00160000 0.01350000 -0.02250000
v 0.00160000 0.01350000 -0.02250000
v 0.00715000 0.01012500 -0.02250000
v 0.00715000 0.01012500 -0.02250000
v 0.00715000 0.01012500 -0.02250000
v 0.00138600 0.01270000 -0.02250000
v 0.00138600 0.01270000 -0.02250000
v 0.00138600 0.01270000 -0.02250000
v 0.00080000 0.01211400 -0.02250000
v 0.00080000 0.01211400 -0.02250000
v -0.00793600 0.02105400 -0.02250000
v -0.00793600 0.02105400 -0.02250000
v -0.00138600 0.01430000 -0.02250000
v -0.00138600 0.01430000 -0.02250000
v -0.00403300 0.02213600 -0.02250000
v -0.00403300 0.02213600 -0.02250000
v -0.00403300 0.02213600 -0.02250000
v -0.00080000 0.01488600 -0.02250000
v -0.00080000 0.01488600 -0.02250000
v -0.00080000 0.01488600 -0.02250000
v -0.00000000 0.02250000 -0.02250000
v -0.00000000 0.02250000 -0.02250000
v -0.00000000 0.02250000 -0.02250000
v -0.00000000 0.01510000 -0.02250000
v -0.00000000 0.01510000 -0.02250000
v -0.00000000 0.01510000 -0.02250000
v 0.00403300 0.02213600 -0.02250000
v -0.00550000 -0.03886600 -0.02250000
v -0.00550000 -0.03886600 -0.02250000
v -0.00586600 -0.03850000 -0.02250000
v -0.00586600 -0.03850000 -0.02250000
v -0.00715000 -0.04035000 -0.02250000
v -0.00715000 -0.04035000 -0.02250000
v -0.00715000 -0.04035000 -0.02250000
v -0.00715000 -0.04035000 -0.02250000
v -0.00715000 -0.04035000 -0.02250000
v -0.00600000 -0.03800000 -0.02250000
v -0.00600000 -0.03800000 -0.02250000
v 0.00570700 -0.03870700 -0.02250000
v 0.00570700 -0.03870700 -0.02250000
v 0.00538300 -0.03892400 -0.02250000
v 0.00538300 -0.03892400 -0.02250000
v 0.00715000 -0.04035000 -0.02250000
v 0.00715000 -0.04035000 -0.02250000
v 0.00715000 -0.04035000 -0.02250000
v 0.00715000 -0.04035000 -0.02250000
v 0.00715000 -0.04035000 -0.02250000
v 0.00500000 -0.03900000 -0.02250000
v 0.00500000 -0.03900000 -0.02250000
v 0.00142500 -0.04035000 -0.02250000
v 0.00142500 -0.03900000 -0.02250000
v -0.00142500 -0.04035000 -0.02250000
v -0.00142500 -0.03900000 -0.02250000
v -0.00500000 -0.03900000 -0.02250000
v -0.00500000 -0.03900000 -0.02250000
v 0.00600000 -0.03550000 -0.02250000
v 0.00600000 -0.03800000 -0.02250000
v 0.00600000 -0.03800000 -0.02250000
v 0.00592400 -0.03838300 -0.02250000
v 0.00592400 -0.03838300 -0.02250000
v 0.00500000 -0.02950000 -0.02250000
v 0.00538300 -0.02957600 -0.02250000
v 0.00538300 -0.02957600 -0.02250000
v 0.00715000 -0.02940000 -0.02250000
v 0.00715000 -0.02940000 -0.02250000
v 0.00715000 -0.02940000 -0.02250000
v 0.00715000 -0.02940000 -0.02250000
v 0.00715000 -0.02940000 -0.02250000
v 0.00570700 -0.02979300 -0.02250000
v 0.00570700 -0.02979300 -0.02250000
v 0.00592400 -0.03011700 -0.02250000
v 0.00592400 -0.03011700 -0.02250000
v 0.00160000 -0.01350000 -0.02250000
v 0.00715000 -0.01012500 -0.02250000
v 0.00142500 -0.02950000 -0.02250000
v -0.00142500 -0.02950000 -0.02250000
v -0.00500000 -0.02950000 -0.02250000
v -0.00500000 -0.02950000 -0.02250000
v -0.00592400 -0.03011700 -0.02250000
v -0.00592400 -0.03011700 -0.02250000
v -0.00570700 -0.02979300 -0.02250000
v -0.00570700 -0.02979300 -0.02250000
v -0.00715000 -0.02940000 -0.02250000
v -0.00715000 -0.02940000 -0.02250000
v -0.00715000 -0.02940000 -0.02250000
v -0.00715000 -0.02940000 -0.02250000
v -0.00715000 -0.02940000 -0.02250000
v -0.00715000 -0.02940000 -0.02250000
v -0.00715000 -0.02940000 -0.02250000
v -0.00715000 -0.02940000 -0.02250000
v -0.00538300 -0.02957600 -0.02250000
v -0.00538300 -0.02957600 -0.02250000
v -0.00715000 -0.03550000 -0.02250000
v -0.00715000 -0.03550000 -0.02250000
v -0.00715000 -0.03550000 -0.02250000
v -0.00715000 -0.03550000 -0.02250000
v -0.00715000 -0.03550000 -0.02250000
v -0.00600000 -0.03550000 -0.02250000
v -0.00600000 -0.03550000 -0.02250000
v -0.00600000 -0.03050000 -0.02250000
v -0.00600000 -0.03050000 -0.02250000
v -0.01270000 -0.03100000 -0.02250000
v -0.01270000 -0.03100000 -0.02250000
v -0.01247200 -0.03015000 -0.02250000
v -0.01247200 -0.03015000 -0.02250000
v -0.01247200 -0.03015000 -0.02250000
v -0.01100000 -0.02930000 -0.02250000
v -0.01015000 -0.02952800 -0.02250000
v -0.01015000 -0.02952800 -0.02250000
v -0.00969600 -0.02940000 -0.02250000
v -0.00969600 -0.02940000 -0.02250000
v -0.00969600 -0.02940000 -0.02250000
v -0.00969600 -0.02940000 -0.02250000
v -0.00952800 -0.03015000 -0.02250000
v -0.00952800 -0.03015000 -0.02250000
v -0.00952800 -0.03015000 -0.02250000
v -0.00930000 -0.03100000 -0.02250000
v -0.00930000 -0.03100000 -0.02250000
v -0.00930000 -0.03100000 -0.02250000
v -0.00952800 -0.03185000 -0.02250000
v -0.00952800 -0.03185000 -0.02250000
v -0.00952800 -0.03185000 -0.02250000
v -0.00969600 -0.03550000 -0.02250000
v -0.00969600 -0.03550000 -0.02250000
v -0.00969600 -0.03550000 -0.02250000
v -0.01015000 -0.03247200 -0.02250000
v -0.01015000 -0.03247200 -0.02250000
v -0.01015000 -0.03247200 -0.02250000
v -0.01100000 -0.03270000 -0.02250000
v -0.01100000 -0.03270000 -0.02250000
v -0.01185000 -0.02952800 -0.02250000
v -0.01185000 -0.02952800 -0.02250000
v -0.01100000 -0.02930000 -0.02250000
v -0.01100000 -0.02930000 -0.02250000
v -0.01100000 -0.02930000 -0.02250000
v 0.00952800 -0.03185000 -0.02250000
v 0.00930000 -0.03100000 -0.02250000
v 0.00930000 -0.03100000 -0.02250000
v 0.00952800 -0.03015000 -0.02250000
v 0.00952800 -0.03015000 -0.02250000
v 0.00952800 -0.03015000 -0.02250000
v 0.00600000 -0.03050000 -0.02250000
v 0.00600000 -0.03050000 -0.02250000
v 0.00715000 -0.03550000 -0.02250000
v 0.00715000 -0.03550000 -0.02250000
v 0.00715000 -0.03550000 -0.02250000
v 0.00969600 -0.03550000 -0.02250000
v 0.00969600 -0.03550000 -0.02250000
v 0.00969600 -0.03550000 -0.02250000
v 0.00969600 -0.03550000 -0.02250000
v 0.01015000 -0.03247200 -0.02250000
v 0.01015000 -0.03247200 -0.02250000
v 0.01299600 -0.02940000 -0.02250000
v 0.01299600 -0.02940000 -0.02250000
v 0.01299600 -0.02940000 -0.02250000
v 0.01299600 -0.02940000 -0.02250000
v 0.01185000 -0.02952800 -0.02250000
v 0.01299600 -0.03550000 -0.02250000
v 0.01299600 -0.03550000 -0.02250000
v 0.01299600 -0.03550000 -0.02250000
v 0.01299600 -0.03550000 -0.02250000
v 0.01299600 -0.03550000 -0.02250000
v 0.01299600 -0.03550000 -0.02250000
v 0.01185000 -0.03247200 -0.02250000
v 0.01185000 -0.03247200 -0.02250000
v 0.01185000 -0.03247200 -0.02250000
v 0.01100000 -0.03270000 -0.02250000
v 0.01100000 -0.03270000 -0.02250000
v 0.01247200 -0.03015000 -0.02250000
v 0.01247200 -0.03015000 -0.02250000
v 0.01270000 -0.03100000 -0.02250000
v 0.01270000 -0.03100000 -0.02250000
v 0.01270000 -0.03100000 -0.02250000
v 0.01247200 -0.03185000 -0.02250000
v 0.01247200 -0.03185000 -0.02250000
v 0.00852800 -0.04085000 -0.02250000
v 0.00852800 -0.04085000 -0.02250000
v 0.00830000 -0.04000000 -0.02250000
v 0.00915000 -0.04147200 -0.02250000
v 0.00715000 -0.04500000 -0.02250000
v 0.01000000 -0.04170000 -0.02250000
v 0.00969600 -0.04500000 -0.02250000
v 0.01085000 -0.04147200 -0.02250000
v 0.01250000 -0.04500000 -0.02250000
v 0.01250000 -0.04500000 -0.02250000
v 0.01147200 -0.04085000 -0.02250000
v 0.01170000 -0.04000000 -0.02250000
v 0.01170000 -0.04000000 -0.02250000
v 0.01170000 -0.04000000 -0.02250000
v 0.01299600 -0.04035000 -0.02250000
v 0.01299600 -0.04035000 -0.02250000
v 0.01299600 -0.04035000 -0.02250000
v 0.01147200 -0.03915000 -0.02250000
v 0.01147200 -0.03915000 -0.02250000
v 0.01147200 -0.03915000 -0.02250000
v 0.00852800 -0.03915000 -0.02250000
v 0.00852800 -0.03915000 -0.02250000
v 0.00915000 -0.03852800 -0.02250000
v 0.00915000 -0.03852800 -0.02250000
v 0.00915000 -0.03852800 -0.02250000
v 0.01000000 -0.03830000 -0.02250000
v 0.01000000 -0.03830000 -0.02250000
v 0.01000000 -0.03830000 -0.02250000
v 0.01085000 -0.03852800 -0.02250000
v 0.01085000 -0.03852800 -0.02250000
v -0.01085000 -0.04147200 -0.02250000
v -0.01220000 -0.04500000 -0.02250000
v -0.01000000 -0.04170000 -0.02250000
v -0.00969600 -0.04500000 -0.02250000
v -0.00915000 -0.04147200 -0.02250000
v -0.00715000 -0.04500000 -0.02250000
v -0.00715000 -0.04500000 -0.02250000
v -0.00852800 -0.04085000 -0.02250000
v -0.00830000 -0.04000000 -0.02250000
v -0.00830000 -0.04000000 -0.02250000
v -0.00830000 -0.04000000 -0.02250000
v -0.00852800 -0.03915000 -0.02250000
v -0.00852800 -0.03915000 -0.02250000
v -0.00852800 -0.03915000 -0.02250000
v -0.01147200 -0.03915000 -0.02250000
v -0.01147200 -0.03915000 -0.02250000
v -0.01085000 -0.03852800 -0.02250000
v -0.01085000 -0.03852800 -0.02250000
v -0.01085000 -0.03852800 -0.02250000
v -0.01000000 -0.03830000 -0.02250000
v -0.01000000 -0.03830000 -0.02250000
v -0.01000000 -0.03830000 -0.02250000
v -0.00915000 -0.03852800 -0.02250000
v -0.00915000 -0.03852800 -0.02250000
v 0.02231300 0.00289300 -0.02250000
v 0.02231300 0.00289300 -0.02250000
v 0.02259600 0.00219200 -0.02250000
v 0.02259600 0.00219200 -0.02250000
v 0.02318600 0.00171800 -0.02250000
v 0.02318600 0.00171800 -0.02250000
v 0.02667900 0.00183200 -0.02250000
v 0.02667900 0.00183200 -0.02250000
v 0.02667900 0.00183200 -0.02250000
v 0.02393100 0.00159200 -0.02250000
v 0.02393100 0.00159200 -0.02250000
v 0.02633900 -0.00226700 -0.02250000
v 0.02633900 -0.00226700 -0.02250000
v 0.02709000 0.00167300 -0.02250000
v 0.02690300 0.00180000 -0.02250000
v 0.02690300 0.00180000 -0.02250000
v 0.02720200 0.00147600 -0.02250000
v 0.02720200 0.00147600 -0.02250000
v 0.02721500 0.00124900 -0.02250000
v 0.02721500 0.00124900 -0.02250000
v 0.01534400 -0.02261100 -0.02250000
v 0.01534400 -0.02261100 -0.02250000
v 0.01604900 -0.01955800 -0.02250000
v 0.01604900 -0.01955800 -0.02250000
v 0.01721100 -0.01664800 -0.02250000
v 0.01721100 -0.01664800 -0.02250000
v 0.01880300 -0.01394900 -0.02250000
v 0.01880300 -0.01394900 -0.02250000
v 0.02078700 -0.01152400 -0.02250000
v 0.02309000 -0.00872500 -0.02250000
v 0.02309000 -0.00872500 -0.02250000
v 0.01329100 -0.00675000 -0.02250000
v 0.01329100 -0.00675000 -0.02250000
v 0.01329100 -0.00675000 -0.02250000
v 0.02495400 -0.00561700 -0.02250000
v 0.02495400 -0.00561700 -0.02250000
v 0.02633900 -0.00226700 -0.02250000
v 0.02633900 -0.00226700 -0.02250000
v 0.01500000 -0.02718000 -0.02250000
v 0.01400000 -0.04459800 -0.02250000
v 0.01400000 -0.04459800 -0.02250000
v 0.01500000 -0.02940000 -0.02250000
v 0.01500000 -0.03550000 -0.02250000
v 0.01500000 -0.04035000 -0.02250000
v 0.01500000 -0.04035000 -0.02250000
v 0.01500000 -0.04365800 -0.02250000
v -0.01220000 -0.04500000 -0.02250000
v -0.01220000 -0.04500000 -0.02250000
v -0.01250000 -0.04500000 -0.02250000
v -0.01250000 -0.04500000 -0.02250000
v -0.01400000 -0.04459800 -0.02250000
v -0.01400000 -0.04459800 -0.02250000
v -0.01500000 -0.03550000 -0.02250000
v -0.01500000 -0.04035000 -0.02250000
v -0.01500000 -0.04365800 -0.02250000
v -0.01500000 -0.04365800 -0.02250000
v -0.01220000 -0.01012500 -0.02250000
v -0.01220000 -0.01012500 -0.02250000
v -0.01220000 -0.01012500 -0.02250000
v -0.01220000 -0.01012500 -0.02250000
v -0.01220000 -0.01012500 -0.02250000
v -0.01220000 -0.01012500 -0.02250000
v -0.02078700 -0.01152400 -0.02250000
v -0.02078700 -0.01152400 -0.02250000
v -0.01880300 -0.01394900 -0.02250000
v -0.01721100 -0.01664800 -0.02250000
v -0.01721100 -0.01664800 -0.02250000
v -0.01604900 -0.01955800 -0.02250000
v -0.01604900 -0.01955800 -0.02250000
v -0.01534400 -0.02261100 -0.02250000
v -0.01534400 -0.02261100 -0.02250000
v -0.01329100 -0.00675000 -0.02250000
v -0.01329100 -0.00675000 -0.02250000
v -0.01329100 -0.00675000 -0.02250000
v -0.01307700 -0.00595000 -0.02250000
v -0.01307700 -0.00595000 -0.02250000
v -0.01307700 -0.00595000 -0.02250000
v -0.02633900 -0.00226700 -0.02250000
v -0.02633900 -0.00226700 -0.02250000
v -0.02633900 -0.00226700 -0.02250000
v -0.02633900 -0.00226700 -0.02250000
v -0.01220000 -0.00320000 -0.02250000
v -0.01220000 -0.00320000 -0.02250000
v -0.01220000 -0.00320000 -0.02250000
v -0.01220000 -0.00320000 -0.02250000
v -0.01220000 -0.00320000 -0.02250000
v -0.01220000 -0.00320000 -0.02250000
v -0.01249100 -0.00813600 -0.02250000
v -0.01249100 -0.00813600 -0.02250000
v -0.01249100 -0.00813600 -0.02250000
v -0.01307700 -0.00755000 -0.02250000
v -0.01307700 -0.00755000 -0.02250000
v -0.01307700 -0.00755000 -0.02250000
v -0.02309000 -0.00872500 -0.02250000
v -0.02309000 -0.00872500 -0.02250000
v -0.02495400 -0.00561700 -0.02250000
v -0.02231300 0.00289300 -0.02250000
v -0.02231300 0.00289300 -0.02250000
v -0.02231300 0.00289300 -0.02250000
v -0.02231300 0.00289300 -0.02250000
v -0.02259600 0.00219200 -0.02250000
v -0.02259600 0.00219200 -0.02250000
v -0.02318600 0.00171800 -0.02250000
v -0.02318600 0.00171800 -0.02250000
v -0.02709000 0.00167300 -0.02250000
v -0.02720200 0.00147600 -0.02250000
v -0.02690300 0.00180000 -0.02250000
v -0.02721500 0.00124900 -0.02250000
v -0.02721500 0.00124900 -0.02250000
v -0.02667900 0.00183200 -0.02250000
v -0.02667900 0.00183200 -0.02250000
v -0.02393100 0.00159200 -0.02250000
v -0.01307700 0.00595000 -0.02250000
v -0.01307700 0.00595000 -0.02250000
v -0.01307700 0.00595000 -0.02250000
v -0.02143300 0.00684600 -0.02250000
v -0.02143300 0.00684600 -0.02250000
v -0.01329100 0.00675000 -0.02250000
v -0.01329100 0.00675000 -0.02250000
v -0.01307700 0.00755000 -0.02250000
v -0.01307700 0.00755000 -0.02250000
v -0.01307700 0.00755000 -0.02250000
v -0.00969600 0.01012500 -0.02250000
v -0.00969600 0.01012500 -0.02250000
v -0.00969600 0.01012500 -0.02250000
v -0.00969600 0.01012500 -0.02250000
v -0.00969600 0.01012500 -0.02250000
v -0.01158100 0.01929000 -0.02250000
v -0.01158100 0.01929000 -0.02250000
v -0.01485200 0.01690200 -0.02250000
v 0.00793600 0.02105400 -0.02250000
v 0.00793600 0.02105400 -0.02250000
v 0.00793600 0.02105400 -0.02250000
v 0.02143300 0.00684600 -0.02250000
v 0.01985900 0.01057700 -0.02250000
v 0.01985900 0.01057700 -0.02250000
v 0.01985900 0.01057700 -0.02250000
v 0.01764100 0.01396600 -0.02250000
v 0.01764100 0.01396600 -0.02250000
v -0.01249100 0.00813600 -0.02250000
v -0.01249100 0.00813600 -0.02250000
v -0.01169100 0.00835000 -0.02250000
v -0.01169100 0.00835000 -0.02250000
v -0.01169100 0.00835000 -0.02250000
v -0.01089100 0.00813600 -0.02250000
v -0.01089100 0.00813600 -0.02250000
v -0.01030600 0.00755000 -0.02250000
v -0.01030600 0.00755000 -0.02250000
v -0.01009100 0.00675000 -0.02250000
v -0.01009100 0.00675000 -0.02250000
v -0.01030600 0.00595000 -0.02250000
v -0.01030600 0.00595000 -0.02250000
v -0.00969600 0.00320000 -0.02250000
v -0.00969600 0.00320000 -0.02250000
v -0.00969600 0.00320000 -0.02250000
v -0.01089100 0.00536400 -0.02250000
v -0.01089100 0.00536400 -0.02250000
v -0.01089100 0.00536400 -0.02250000
v -0.01220000 0.00320000 -0.02250000
v -0.01220000 0.00320000 -0.02250000
v -0.01220000 0.00320000 -0.02250000
v -0.01220000 0.00320000 -0.02250000
v -0.01169100 0.00515000 -0.02250000
v -0.01169100 0.00515000 -0.02250000
v -0.01249100 0.00536400 -0.02250000
v -0.01249100 0.00536400 -0.02250000
v -0.01249100 0.00536400 -0.02250000
v -0.01009100 -0.00675000 -0.02250000
v -0.01009100 -0.00675000 -0.02250000
v -0.01030600 -0.00755000 -0.02250000
v -0.01030600 -0.00755000 -0.02250000
v -0.00969600 -0.01012500 -0.02250000
v -0.00969600 -0.01012500 -0.02250000
v -0.00969600 -0.01012500 -0.02250000
v -0.00969600 -0.01012500 -0.02250000
v -0.01089100 -0.00813600 -0.02250000
v -0.01089100 -0.00813600 -0.02250000
v -0.01089100 -0.00813600 -0.02250000
v -0.01169100 -0.00835000 -0.02250000
v -0.01169100 -0.00835000 -0.02250000
v -0.01249100 -0.00536400 -0.02250000
v -0.01249100 -0.00536400 -0.02250000
v -0.01169100 -0.00515000 -0.02250000
v -0.01169100 -0.00515000 -0.02250000
v -0.01169100 -0.00515000 -0.02250000
v -0.00969600 -0.00320000 -0.02250000
v -0.00969600 -0.00320000 -0.02250000
v -0.00969600 -0.00320000 -0.02250000
v -0.00969600 -0.00320000 -0.02250000
v -0.01089100 -0.00536400 -0.02250000
v -0.01089100 -0.00536400 -0.02250000
v -0.01030600 -0.00595000 -0.02250000
v -0.01030600 -0.00595000 -0.02250000
v 0.00715000 -0.04500000 -0.02250000
v 0.00715000 -0.04500000 -0.02250000
v 0.00142500 -0.04500000 -0.02250000
v -0.00142500 -0.04500000 -0.02250000
v 0.00142500 -0.00320000 -0.02250000
v 0.00142500 -0.00320000 -0.02250000
v 0.00142500 -0.00320000 -0.02250000
v -0.00142500 -0.00320000 -0.02250000
v -0.00142500 -0.00320000 -0.02250000
v -0.00142500 -0.00320000 -0.02250000
v -0.00715000 -0.00320000 -0.02250000
v 0.00108200 -0.00062500 -0.02250000
v 0.00108200 -0.00062500 -0.02250000
v 0.00062500 -0.00108200 -0.02250000
v 0.00062500 -0.00108200 -0.02250000
v 0.00000000 -0.00125000 -0.02250000
v 0.00000000 -0.00125000 -0.02250000
v 0.00000000 -0.00125000 -0.02250000
v -0.00062500 -0.00108200 -0.02250000
v -0.00062500 -0.00108200 -0.02250000
v -0.00108200 -0.00062500 -0.02250000
v -0.00108200 -0.00062500 -0.02250000
v -0.00125000 -0.00000000 -0.02250000
v -0.00108200 0.00062500 -0.02250000
v -0.00142500 0.00320000 -0.02250000
v -0.00142500 0.00320000 -0.02250000
v 0.00125000 0.00000000 -0.02250000
v 0.00125000 0.00000000 -0.02250000
v 0.00142500 0.00320000 -0.02250000
v 0.00142500 0.00320000 -0.02250000
v 0.00142500 0.00320000 -0.02250000
v 0.00142500 0.00320000 -0.02250000
v 0.00108200 0.00062500 -0.02250000
v 0.00108200 0.00062500 -0.02250000
v -0.00715000 0.00320000 -0.02250000
v -0.00062500 0.00108200 -0.02250000
v -0.00062500 0.00108200 -0.02250000
v -0.00000000 0.00125000 -0.02250000
v -0.00000000 0.00125000 -0.02250000
v -0.00000000 0.00125000 -0.02250000
v 0.00062500 0.00108200 -0.02250000
v 0.00062500 0.00108200 -0.02250000
v 0.00715000 -0.00320000 -0.02250000
v 0.00715000 0.00320000 -0.02250000
v 0.00080000 0.01488600 -0.02250000
v 0.00080000 0.01488600 -0.02250000
v 0.00403300 0.02213600 -0.02250000
v 0.00403300 0.02213600 -0.02250000
v -0.02231300 0.00289300 -0.02650000
v -0.02280900 0.00295700 -0.02600000
v -0.02194000 0.00690200 -0.02600000
v -0.00100000 0.02297800 -0.02600000
v -0.00100000 0.02247800 -0.02650000
v -0.00412300 0.02262700 -0.02600000
v -0.00471100 0.02200100 -0.02650000
v -0.02146300 0.00675200 -0.02650000
v -0.02039400 0.01063400 -0.02600000
v -0.01995100 0.01040300 -0.02650000
v -0.01821900 0.01403700 -0.02600000
v -0.01782300 0.01373200 -0.02650000
v -0.01803300 0.01427600 -0.02600000
v -0.01514600 0.01663900 -0.02650000
v -0.01548300 0.01700800 -0.02600000
v -0.01518200 0.01727700 -0.02600000
v -0.01200200 0.01903200 -0.02650000
v -0.01226900 0.01945500 -0.02600000
v -0.01183900 0.01971900 -0.02600000
v -0.00848700 0.02083800 -0.02650000
v -0.00867600 0.02130100 -0.02600000
v -0.00811200 0.02152200 -0.02600000
v -0.00481600 0.02249000 -0.02600000
v -0.00100000 0.02297800 -0.02550000
v -0.00412300 0.02262700 -0.02300000
v -0.00000000 0.02300000 -0.02550000
v -0.00000000 0.02300000 -0.02300000
v 0.00100000 0.02297800 -0.02550000
v 0.00412300 0.02262700 -0.02300000
v 0.00100000 0.02297800 -0.02600000
v 0.00412300 0.02262700 -0.02600000
v -0.02280900 0.00295700 -0.02600000
v -0.02280900 0.00295700 -0.02300000
v -0.02190900 0.00699800 -0.02300000
v -0.02194000 0.00690200 -0.02600000
v -0.02030000 0.01081200 -0.02300000
v -0.02039400 0.01063400 -0.02600000
v -0.01821900 0.01403700 -0.02600000
v -0.01803300 0.01427600 -0.02300000
v -0.01803300 0.01427600 -0.02600000
v -0.01548300 0.01700800 -0.02600000
v -0.01518200 0.01727700 -0.02300000
v -0.01518200 0.01727700 -0.02600000
v -0.01226900 0.01945500 -0.02600000
v -0.01183900 0.01971900 -0.02300000
v -0.01183900 0.01971900 -0.02600000
v -0.00867600 0.02130100 -0.02600000
v -0.00811200 0.02152200 -0.02300000
v -0.00811200 0.02152200 -0.02600000
v -0.00481600 0.02249000 -0.02600000
v -0.00412300 0.02262700 -0.02600000
v -0.00100000 0.02297800 -0.02600000
v 0.00481600 0.02249000 -0.02600000
v 0.00811200 0.02152200 -0.02300000
v 0.00811200 0.02152200 -0.02600000
v 0.00867600 0.02130100 -0.02600000
v 0.01183900 0.01971900 -0.02300000
v 0.01183900 0.01971900 -0.02600000
v 0.01226900 0.01945500 -0.02600000
v 0.01518200 0.01727700 -0.02300000
v 0.01518200 0.01727700 -0.02600000
v 0.01548300 0.01700800 -0.02600000
v 0.01803300 0.01427600 -0.02300000
v 0.01803300 0.01427600 -0.02600000
v 0.01821900 0.01403700 -0.02600000
v 0.02030000 0.01081200 -0.02300000
v 0.02039400 0.01063400 -0.02600000
v 0.02190900 0.00699800 -0.02300000
v 0.02194000 0.00690200 -0.02600000
v 0.02280900 0.00295700 -0.02300000
v 0.02280900 0.00295700 -0.02600000
v 0.01550000 -0.04200000 -0.02350000
v 0.01550000 -0.02718000 -0.02350000
v 0.01550000 -0.04200000 -0.02300000
v 0.01550000 -0.02718000 -0.02300000
v 0.01250000 -0.04500000 -0.02450000
v 0.01250000 -0.04500000 -0.02250000
v 0.00969600 -0.04500000 -0.02250000
v 0.00715000 -0.04500000 -0.02250000
v 0.00142500 -0.04500000 -0.02250000
v -0.01250000 -0.04500000 -0.02450000
v -0.00142500 -0.04500000 -0.02250000
v -0.00715000 -0.04500000 -0.02250000
v -0.00969600 -0.04500000 -0.02250000
v -0.01220000 -0.04500000 -0.02250000
v -0.01250000 -0.04500000 -0.02250000
v -0.01550000 -0.04200000 -0.02300000
v -0.01550000 -0.02718000 -0.02300000
v -0.01550000 -0.04200000 -0.02350000
v -0.01550000 -0.02718000 -0.02350000
v 0.02072900 -0.01158500 -0.02650000
v 0.02072900 -0.01158500 -0.02650000
v 0.02113700 -0.01012500 -0.02650000
v 0.02113700 -0.01012500 -0.02650000
v 0.02113700 -0.01012500 -0.02650000
v 0.02113700 -0.01012500 -0.02650000
v 0.02113700 -0.01012500 -0.02650000
v 0.02284000 -0.00907200 -0.02650000
v 0.02284000 -0.00907200 -0.02650000
v -0.01190900 -0.04276500 -0.02650000
v -0.01151300 -0.04300000 -0.02650000
v -0.01250000 -0.04300000 -0.02650000
v 0.00326200 0.01430400 -0.02650000
v 0.00326200 0.01430400 -0.02650000
v 0.00251500 0.01572800 -0.02650000
v 0.00251500 0.01572800 -0.02650000
v 0.00471100 0.02200100 -0.02650000
v 0.00471100 0.02200100 -0.02650000
v -0.00190900 -0.01073500 -0.02650000
v -0.00190900 -0.01073500 -0.02650000
v -0.00297500 -0.01193900 -0.02650000
v -0.00297500 -0.01193900 -0.02650000
v -0.00244200 -0.01012500 -0.02650000
v -0.00244200 -0.01012500 -0.02650000
v -0.00584600 -0.01012500 -0.02650000
v -0.00584600 -0.01012500 -0.02650000
v -0.00584600 -0.01012500 -0.02650000
v -0.00584600 -0.01012500 -0.02650000
v -0.00584600 -0.01012500 -0.02650000
v -0.00584600 -0.01012500 -0.02650000
v -0.00584600 -0.01012500 -0.02650000
v -0.00584600 -0.01012500 -0.02650000
v -0.00584600 -0.01012500 -0.02650000
v -0.00584600 -0.01012500 -0.02650000
v -0.00584600 -0.01012500 -0.02650000
v -0.00584600 -0.01012500 -0.02650000
v -0.00244200 -0.02993000 -0.02650000
v -0.00244200 -0.02993000 -0.02650000
v -0.00584600 -0.02993000 -0.02650000
v -0.00584600 -0.02993000 -0.02650000
v -0.00584600 -0.02993000 -0.02650000
v -0.00584600 -0.02993000 -0.02650000
v -0.00297500 -0.01506100 -0.02650000
v -0.00297500 -0.01506100 -0.02650000
v -0.00297500 -0.01506100 -0.02650000
v -0.00336000 -0.01350000 -0.02650000
v -0.00336000 -0.01350000 -0.02650000
v -0.00040500 -0.01016400 -0.02650000
v -0.00040500 -0.01016400 -0.02650000
v -0.00040500 -0.01016400 -0.02650000
v 0.00244200 -0.01012500 -0.02650000
v 0.00244200 -0.01012500 -0.02650000
v 0.00244200 -0.01012500 -0.02650000
v 0.00119100 -0.01035800 -0.02650000
v 0.00119100 -0.01035800 -0.02650000
v 0.00244200 -0.02993000 -0.02650000
v 0.00244200 -0.02993000 -0.02650000
v 0.00244200 -0.02993000 -0.02650000
v 0.00251500 -0.01572800 -0.02650000
v 0.00251500 -0.01572800 -0.02650000
v 0.00251500 -0.01572800 -0.02650000
v 0.00584600 -0.02993000 -0.02650000
v 0.00584600 -0.02993000 -0.02650000
v 0.00584600 -0.02993000 -0.02650000
v 0.00584600 -0.02993000 -0.02650000
v 0.00584600 -0.02993000 -0.02650000
v 0.00584600 -0.02993000 -0.02650000
v 0.00326200 -0.01430400 -0.02650000
v 0.00326200 -0.01430400 -0.02650000
v 0.00326200 -0.01430400 -0.02650000
v 0.00584600 -0.01012500 -0.02650000
v 0.00584600 -0.01012500 -0.02650000
v 0.00584600 -0.01012500 -0.02650000
v 0.00584600 -0.01012500 -0.02650000
v 0.00584600 -0.01012500 -0.02650000
v 0.00584600 -0.01012500 -0.02650000
v 0.00584600 -0.01012500 -0.02650000
v 0.00584600 -0.01012500 -0.02650000
v 0.00584600 -0.01012500 -0.02650000
v 0.00584600 -0.01012500 -0.02650000
v 0.00326200 -0.01269600 -0.02650000
v 0.00326200 -0.01269600 -0.02650000
v 0.00251500 -0.01127200 -0.02650000
v -0.00190900 -0.01626500 -0.02650000
v -0.00190900 -0.01626500 -0.02650000
v -0.00040500 -0.01683500 -0.02650000
v -0.00040500 -0.01683500 -0.02650000
v -0.00040500 -0.01683500 -0.02650000
v 0.00119100 -0.01664200 -0.02650000
v 0.00119100 -0.01664200 -0.02650000
v -0.00471100 0.02200100 -0.02650000
v -0.00471100 0.02200100 -0.02650000
v -0.00471100 0.02200100 -0.02650000
v -0.00297500 0.01506100 -0.02650000
v -0.00297500 0.01506100 -0.02650000
v -0.00297500 0.01506100 -0.02650000
v -0.00584600 0.01012500 -0.02650000
v -0.00584600 0.01012500 -0.02650000
v -0.00584600 0.01012500 -0.02650000
v -0.00584600 0.01012500 -0.02650000
v -0.00584600 0.01012500 -0.02650000
v -0.00584600 0.01012500 -0.02650000
v -0.00584600 0.01012500 -0.02650000
v -0.00584600 0.01012500 -0.02650000
v -0.00584600 0.01012500 -0.02650000
v -0.00336000 0.01350000 -0.02650000
v -0.00336000 0.01350000 -0.02650000
v -0.00190900 0.01626500 -0.02650000
v -0.00190900 0.01626500 -0.02650000
v -0.00050000 0.01913400 -0.02650000
v -0.00086600 0.01950000 -0.02650000
v -0.00100000 0.02000000 -0.02650000
v -0.00100000 0.02000000 -0.02650000
v -0.00100000 0.02247800 -0.02650000
v -0.00050000 0.01913400 -0.02650000
v -0.00050000 0.01913400 -0.02650000
v -0.00040500 0.01683500 -0.02650000
v -0.00040500 0.01683500 -0.02650000
v -0.00040500 0.01683500 -0.02650000
v -0.00000000 0.01900000 -0.02650000
v -0.00000000 0.01900000 -0.02650000
v -0.00000000 0.01900000 -0.02650000
v 0.00119100 0.01664200 -0.02650000
v 0.00119100 0.01664200 -0.02650000
v 0.00050000 0.01913400 -0.02650000
v 0.00050000 0.01913400 -0.02650000
v 0.00050000 0.01913400 -0.02650000
v 0.00086600 0.01950000 -0.02650000
v 0.00086600 0.01950000 -0.02650000
v 0.00086600 0.01950000 -0.02650000
v 0.00100000 0.02000000 -0.02650000
v 0.00100000 0.02000000 -0.02650000
v 0.00100000 0.02247800 -0.02650000
v 0.00251500 0.01127200 -0.02650000
v 0.00326200 0.01269600 -0.02650000
v 0.00326200 0.01269600 -0.02650000
v 0.00584600 0.01012500 -0.02650000
v 0.00584600 0.01012500 -0.02650000
v 0.00584600 0.01012500 -0.02650000
v 0.00584600 0.01012500 -0.02650000
v 0.00584600 0.01012500 -0.02650000
v 0.00584600 0.01012500 -0.02650000
v 0.00584600 0.01012500 -0.02650000
v 0.00584600 0.01012500 -0.02650000
v -0.00040500 0.01016400 -0.02650000
v -0.00040500 0.01016400 -0.02650000
v -0.00040500 0.01016400 -0.02650000
v 0.00119100 0.01035800 -0.02650000
v 0.00119100 0.01035800 -0.02650000
v 0.00244200 0.01012500 -0.02650000
v 0.00244200 0.01012500 -0.02650000
v -0.00244200 0.01012500 -0.02650000
v -0.00244200 0.01012500 -0.02650000
v -0.00244200 0.01012500 -0.02650000
v -0.00297500 0.01193900 -0.02650000
v -0.00297500 0.01193900 -0.02650000
v -0.00190900 0.01073500 -0.02650000
v -0.00190900 0.01073500 -0.02650000
v -0.01782300 0.01373200 -0.02650000
v -0.01782300 0.01373200 -0.02650000
v -0.01514600 0.01663900 -0.02650000
v -0.01514600 0.01663900 -0.02650000
v -0.01200200 0.01903200 -0.02650000
v -0.01200200 0.01903200 -0.02650000
v -0.00848700 0.02083800 -0.02650000
v -0.00848700 0.02083800 -0.02650000
v -0.01209600 0.00341400 -0.02650000
v -0.01050000 0.00360800 -0.02650000
v -0.00584600 0.00245700 -0.02650000
v -0.00584600 0.00245700 -0.02650000
v -0.00584600 0.00245700 -0.02650000
v -0.00584600 0.00245700 -0.02650000
v -0.00917600 0.00897800 -0.02650000
v -0.00917600 0.00897800 -0.02650000
v -0.01050000 0.00989200 -0.02650000
v -0.01050000 0.00989200 -0.02650000
v -0.01209600 0.01008500 -0.02650000
v -0.01209600 0.01008500 -0.02650000
v -0.01995100 0.01040300 -0.02650000
v -0.00917600 0.00452200 -0.02650000
v -0.00842900 0.00594600 -0.02650000
v -0.00842900 0.00594600 -0.02650000
v -0.00842900 0.00755400 -0.02650000
v -0.00842900 0.00755400 -0.02650000
v -0.01360000 0.00951500 -0.02650000
v -0.01995100 0.01040300 -0.02650000
v -0.01995100 0.01040300 -0.02650000
v -0.01466600 0.00831100 -0.02650000
v -0.01466600 0.00831100 -0.02650000
v -0.01466600 0.00831100 -0.02650000
v -0.02146300 0.00675200 -0.02650000
v -0.02146300 0.00675200 -0.02650000
v -0.02146300 0.00675200 -0.02650000
v -0.01505100 0.00675000 -0.02650000
v -0.01505100 0.00675000 -0.02650000
v -0.01505100 0.00675000 -0.02650000
v -0.02231300 0.00289300 -0.02650000
v -0.02231300 0.00289300 -0.02650000
v -0.01466600 0.00518800 -0.02650000
v -0.01466600 0.00518800 -0.02650000
v -0.02259600 0.00219200 -0.02650000
v -0.01360000 0.00398500 -0.02650000
v -0.02709000 0.00167300 -0.02650000
v -0.02709000 0.00167300 -0.02650000
v -0.02709000 0.00167300 -0.02650000
v -0.02690300 0.00180000 -0.02650000
v -0.02667900 0.00183200 -0.02650000
v -0.02667900 0.00183200 -0.02650000
v -0.02720200 0.00147600 -0.02650000
v -0.02721500 0.00124900 -0.02650000
v -0.02721500 0.00124900 -0.02650000
v -0.02667900 0.00183200 -0.02650000
v -0.02667900 0.00183200 -0.02650000
v -0.02644400 -0.00194000 -0.02650000
v -0.02644400 -0.00194000 -0.02650000
v -0.02644400 -0.00194000 -0.02650000
v -0.02393100 0.00159200 -0.02650000
v -0.02393100 0.00159200 -0.02650000
v -0.02393100 0.00159200 -0.02650000
v -0.00584600 -0.00245700 -0.02650000
v -0.00584600 -0.00245700 -0.02650000
v -0.00584600 -0.00245700 -0.02650000
v -0.00584600 -0.00245700 -0.02650000
v -0.00584600 -0.00245700 -0.02650000
v -0.00584600 -0.00245700 -0.02650000
v -0.00584600 -0.00245700 -0.02650000
v -0.02318600 0.00171800 -0.02650000
v -0.02318600 0.00171800 -0.02650000
v -0.02318600 0.00171800 -0.02650000
v -0.00842900 -0.00594600 -0.02650000
v -0.00917600 -0.00452200 -0.02650000
v -0.01466600 -0.00518800 -0.02650000
v -0.02493500 -0.00565400 -0.02650000
v -0.01505100 -0.00675000 -0.02650000
v -0.01505100 -0.00675000 -0.02650000
v -0.02284000 -0.00907200 -0.02650000
v -0.02284000 -0.00907200 -0.02650000
v -0.01466600 -0.00831100 -0.02650000
v -0.01466600 -0.00831100 -0.02650000
v -0.01466600 -0.00831100 -0.02650000
v -0.02072900 -0.01158500 -0.02650000
v -0.02072900 -0.01158500 -0.02650000
v -0.01360000 -0.00951500 -0.02650000
v -0.01360000 -0.00951500 -0.02650000
v -0.01209600 -0.01008500 -0.02650000
v -0.01209600 -0.01008500 -0.02650000
v -0.01050000 -0.00989200 -0.02650000
v -0.01050000 -0.00989200 -0.02650000
v -0.00917600 -0.00897800 -0.02650000
v -0.00917600 -0.00897800 -0.02650000
v -0.00842900 -0.00755400 -0.02650000
v -0.01050000 -0.00360800 -0.02650000
v -0.01050000 -0.00360800 -0.02650000
v -0.01209600 -0.00341400 -0.02650000
v -0.01209600 -0.00341400 -0.02650000
v -0.01360000 -0.00398500 -0.02650000
v -0.02072900 -0.01158500 -0.02650000
v -0.02072900 -0.01158500 -0.02650000
v -0.02031000 -0.01203300 -0.02650000
v -0.00980800 -0.02785800 -0.02650000
v -0.00980800 -0.02785800 -0.02650000
v -0.01140500 -0.02766400 -0.02650000
v -0.01140500 -0.02766400 -0.02650000
v -0.01140500 -0.02766400 -0.02650000
v -0.01140500 -0.02766400 -0.02650000
v -0.01612700 -0.01897600 -0.02650000
v -0.01140500 -0.02766400 -0.02650000
v -0.01140500 -0.02766400 -0.02650000
v -0.01528400 -0.02191700 -0.02650000
v -0.01528400 -0.02191700 -0.02650000
v -0.01528400 -0.02191700 -0.02650000
v -0.01290900 -0.02823500 -0.02650000
v -0.01290900 -0.02823500 -0.02650000
v -0.01290900 -0.02823500 -0.02650000
v -0.01446000 -0.02722800 -0.02650000
v -0.01446000 -0.02722800 -0.02650000
v -0.01446000 -0.02722800 -0.02650000
v -0.01397500 -0.02943800 -0.02650000
v -0.01397500 -0.02943800 -0.02650000
v -0.01418800 -0.02993800 -0.02650000
v -0.01669800 -0.01756900 -0.02650000
v -0.01669800 -0.01756900 -0.02650000
v -0.01737200 -0.01619900 -0.02650000
v -0.01737200 -0.01619900 -0.02650000
v -0.01737200 -0.01619900 -0.02650000
v -0.01845300 -0.01440500 -0.02650000
v -0.01845300 -0.01440500 -0.02650000
v -0.01297500 -0.03843800 -0.02650000
v -0.01336000 -0.04000000 -0.02650000
v -0.01396800 -0.03257500 -0.02650000
v -0.01326500 -0.04264400 -0.02650000
v -0.01297500 -0.04156100 -0.02650000
v -0.01308000 -0.04281400 -0.02650000
v -0.00748500 -0.03777200 -0.02650000
v -0.00748500 -0.03777200 -0.02650000
v -0.00748500 -0.03777200 -0.02650000
v -0.00773800 -0.03180400 -0.02650000
v -0.00773800 -0.03180400 -0.02650000
v -0.00773800 -0.03019600 -0.02650000
v -0.00773800 -0.03019600 -0.02650000
v -0.00773800 -0.03019600 -0.02650000
v -0.00848500 -0.02877200 -0.02650000
v -0.00848500 -0.02877200 -0.02650000
v -0.01280500 -0.04295200 -0.02650000
v -0.00848700 -0.04300000 -0.02650000
v -0.00748500 -0.04222800 -0.02650000
v -0.00584600 -0.04300000 -0.02650000
v -0.00673800 -0.04080400 -0.02650000
v -0.00673800 -0.03919600 -0.02650000
v -0.00673800 -0.03919600 -0.02650000
v -0.01190900 -0.03723500 -0.02650000
v -0.01190900 -0.03723500 -0.02650000
v -0.01290900 -0.03376500 -0.02650000
v -0.01290900 -0.03376500 -0.02650000
v -0.01290900 -0.03376500 -0.02650000
v -0.01040500 -0.03666400 -0.02650000
v -0.01040500 -0.03666400 -0.02650000
v -0.01140500 -0.03433500 -0.02650000
v -0.01140500 -0.03433500 -0.02650000
v -0.01140500 -0.03433500 -0.02650000
v -0.00880800 -0.03685800 -0.02650000
v -0.00880800 -0.03685800 -0.02650000
v -0.00980800 -0.03414200 -0.02650000
v -0.00980800 -0.03414200 -0.02650000
v -0.00980800 -0.03414200 -0.02650000
v -0.00748500 -0.03777200 -0.02650000
v -0.00848500 -0.03322800 -0.02650000
v -0.00848500 -0.03322800 -0.02650000
v 0.01351500 -0.03322800 -0.02650000
v 0.01351500 -0.03322800 -0.02650000
v 0.01351500 -0.03322800 -0.02650000
v 0.01396800 -0.03257500 -0.02650000
v 0.01326500 -0.04264400 -0.02650000
v 0.00664000 -0.04000000 -0.02650000
v 0.00664000 -0.04000000 -0.02650000
v 0.00702500 -0.04156100 -0.02650000
v 0.00584600 -0.04300000 -0.02650000
v 0.00809100 -0.04276500 -0.02650000
v 0.00848700 -0.04300000 -0.02650000
v 0.00702500 -0.03843800 -0.02650000
v 0.00702500 -0.03843800 -0.02650000
v 0.00802500 -0.02943800 -0.02650000
v 0.00802500 -0.02943800 -0.02650000
v 0.00764000 -0.03100000 -0.02650000
v 0.00764000 -0.03100000 -0.02650000
v 0.00802500 -0.03256100 -0.02650000
v 0.00809100 -0.03723500 -0.02650000
v 0.00802500 -0.03256100 -0.02650000
v 0.00959500 -0.03666400 -0.02650000
v 0.00959500 -0.03666400 -0.02650000
v 0.01250000 -0.04300000 -0.02650000
v 0.01151300 -0.04300000 -0.02650000
v 0.01251500 -0.04222800 -0.02650000
v 0.01251500 -0.04222800 -0.02650000
v 0.01280500 -0.04295200 -0.02650000
v 0.00909100 -0.03376500 -0.02650000
v 0.00909100 -0.03376500 -0.02650000
v 0.01059500 -0.03433500 -0.02650000
v 0.01059500 -0.03433500 -0.02650000
v 0.01059500 -0.03433500 -0.02650000
v 0.01119100 -0.03685800 -0.02650000
v 0.01119100 -0.03685800 -0.02650000
v 0.01219100 -0.03414200 -0.02650000
v 0.01219100 -0.03414200 -0.02650000
v 0.01219100 -0.03414200 -0.02650000
v 0.01219100 -0.03414200 -0.02650000
v 0.01251500 -0.03777200 -0.02650000
v 0.01251500 -0.03777200 -0.02650000
v 0.01326200 -0.03919600 -0.02650000
v 0.01326200 -0.03919600 -0.02650000
v 0.01326200 -0.03919600 -0.02650000
v 0.01326200 -0.04080400 -0.02650000
v 0.01326200 -0.04080400 -0.02650000
v 0.01308000 -0.04281400 -0.02650000
v 0.01308000 -0.04281400 -0.02650000
v 0.01219100 -0.02785800 -0.02650000
v 0.01219100 -0.02785800 -0.02650000
v 0.01219100 -0.02785800 -0.02650000
v 0.01219100 -0.02785800 -0.02650000
v 0.01528400 -0.02191700 -0.02650000
v 0.01528400 -0.02191700 -0.02650000
v 0.01351500 -0.02877200 -0.02650000
v 0.01446000 -0.02722400 -0.02650000
v 0.01418800 -0.02993800 -0.02650000
v 0.01881500 -0.01388500 -0.02650000
v 0.01881500 -0.01388500 -0.02650000
v 0.01723400 -0.01646100 -0.02650000
v 0.01723400 -0.01646100 -0.02650000
v 0.01624000 -0.01867300 -0.02650000
v 0.01624000 -0.01867300 -0.02650000
v 0.01624000 -0.01867300 -0.02650000
v 0.00909100 -0.02823500 -0.02650000
v 0.00909100 -0.02823500 -0.02650000
v 0.00909100 -0.02823500 -0.02650000
v 0.01059500 -0.02766400 -0.02650000
v 0.01059500 -0.02766400 -0.02650000
v 0.01059500 -0.02766400 -0.02650000
v 0.01624000 -0.01867300 -0.02650000
v 0.01535300 -0.02160100 -0.02650000
v 0.01535300 -0.02160100 -0.02650000
v 0.02493500 -0.00565400 -0.02650000
v 0.02493500 -0.00565400 -0.02650000
v 0.02493500 -0.00565400 -0.02650000
v 0.02113700 -0.00245700 -0.02650000
v 0.02113700 -0.00245700 -0.02650000
v 0.02113700 -0.00245700 -0.02650000
v 0.02113700 -0.00245700 -0.02650000
v 0.02113700 -0.00245700 -0.02650000
v 0.02113700 -0.00245700 -0.02650000
v 0.02113700 -0.00245700 -0.02650000
v 0.02644400 -0.00194000 -0.02650000
v 0.02644400 -0.00194000 -0.02650000
v 0.02644400 -0.00194000 -0.02650000
v 0.02644400 -0.00194000 -0.02650000
v 0.02709000 0.00167300 -0.02650000
v 0.02709000 0.00167300 -0.02650000
v 0.02720200 0.00147600 -0.02650000
v 0.02721500 0.00124900 -0.02650000
v 0.02721500 0.00124900 -0.02650000
v 0.02721500 0.00124900 -0.02650000
v 0.02393100 0.00159200 -0.02650000
v 0.02393100 0.00159200 -0.02650000
v 0.02393100 0.00159200 -0.02650000
v 0.02667900 0.00183200 -0.02650000
v 0.02667900 0.00183200 -0.02650000
v 0.02667900 0.00183200 -0.02650000
v 0.02690300 0.00180000 -0.02650000
v 0.02690300 0.00180000 -0.02650000
v 0.02146300 0.00675200 -0.02650000
v 0.02146300 0.00675200 -0.02650000
v 0.02146300 0.00675200 -0.02650000
v 0.02231300 0.00289300 -0.02650000
v 0.02231300 0.00289300 -0.02650000
v 0.02113700 0.00245700 -0.02650000
v 0.02113700 0.00245700 -0.02650000
v 0.02113700 0.00245700 -0.02650000
v 0.02259600 0.00219200 -0.02650000
v 0.02318600 0.00171800 -0.02650000
v 0.02318600 0.00171800 -0.02650000
v 0.01128600 0.00341400 -0.02650000
v 0.01288300 0.00360800 -0.02650000
v 0.00978300 0.00951500 -0.02650000
v 0.00978300 0.00951500 -0.02650000
v 0.01128600 0.01008500 -0.02650000
v 0.01128600 0.01008500 -0.02650000
v 0.01128600 0.01008500 -0.02650000
v 0.01995100 0.01040300 -0.02650000
v 0.01995100 0.01040300 -0.02650000
v 0.01995100 0.01040300 -0.02650000
v 0.01995100 0.01040300 -0.02650000
v 0.01288300 0.00989200 -0.02650000
v 0.01288300 0.00989200 -0.02650000
v 0.00871600 0.00831100 -0.02650000
v 0.00833100 0.00675000 -0.02650000
v 0.00833100 0.00675000 -0.02650000
v 0.00584600 0.00245700 -0.02650000
v 0.00584600 0.00245700 -0.02650000
v 0.00584600 0.00245700 -0.02650000
v 0.00584600 0.00245700 -0.02650000
v 0.00584600 0.00245700 -0.02650000
v 0.00584600 0.00245700 -0.02650000
v 0.00871600 0.00518800 -0.02650000
v 0.00871600 0.00518800 -0.02650000
v 0.00978300 0.00398500 -0.02650000
v 0.00978300 0.00398500 -0.02650000
v 0.01420600 0.00452200 -0.02650000
v 0.01495400 0.00594600 -0.02650000
v 0.01495400 0.00594600 -0.02650000
v 0.01495400 0.00755400 -0.02650000
v 0.01495400 0.00755400 -0.02650000
v 0.01495400 0.00755400 -0.02650000
v 0.01420600 0.00897800 -0.02650000
v 0.01420600 0.00897800 -0.02650000
v 0.00848700 0.02083800 -0.02650000
v 0.00848700 0.02083800 -0.02650000
v 0.01200200 0.01903200 -0.02650000
v 0.01200200 0.01903200 -0.02650000
v 0.01514600 0.01663900 -0.02650000
v 0.01514600 0.01663900 -0.02650000
v 0.01782300 0.01373200 -0.02650000
v 0.01782300 0.01373200 -0.02650000
v -0.00244200 0.00245700 -0.02650000
v -0.00244200 0.00245700 -0.02650000
v -0.00244200 0.00245700 -0.02650000
v -0.00244200 0.00245700 -0.02650000
v -0.00244200 -0.00245700 -0.02650000
v -0.00244200 -0.00245700 -0.02650000
v -0.00244200 -0.00245700 -0.02650000
v -0.00244200 -0.00245700 -0.02650000
v 0.00132100 0.00076300 -0.02650000
v 0.00132100 0.00076300 -0.02650000
v 0.00076200 0.00132100 -0.02650000
v 0.00244200 0.00245700 -0.02650000
v 0.00244200 0.00245700 -0.02650000
v 0.00244200 0.00245700 -0.02650000
v -0.00000000 0.00152500 -0.02650000
v -0.00076200 0.00132100 -0.02650000
v -0.00076200 0.00132100 -0.02650000
v -0.00132100 0.00076200 -0.02650000
v -0.00132100 0.00076200 -0.02650000
v -0.00152500 -0.00000000 -0.02650000
v -0.00132100 -0.00076200 -0.02650000
v -0.00132100 -0.00076200 -0.02650000
v 0.00152500 0.00000000 -0.02650000
v 0.00152500 0.00000000 -0.02650000
v 0.00152500 0.00000000 -0.02650000
v 0.00244200 -0.00245700 -0.02650000
v 0.00244200 -0.00245700 -0.02650000
v 0.00244200 -0.00245700 -0.02650000
v 0.00244200 -0.00245700 -0.02650000
v 0.00244200 -0.00245700 -0.02650000
v 0.00132100 -0.00076200 -0.02650000
v 0.00132100 -0.00076200 -0.02650000
v -0.00076200 -0.00132100 -0.02650000
v -0.00076200 -0.00132100 -0.02650000
v 0.00000000 -0.00152500 -0.02650000
v 0.00000000 -0.00152500 -0.02650000
v 0.00000000 -0.00152500 -0.02650000
v 0.00076200 -0.00132100 -0.02650000
v 0.00076200 -0.00132100 -0.02650000
v 0.00584600 -0.00245700 -0.02650000
v 0.00584600 -0.00245700 -0.02650000
v 0.00584600 -0.00245700 -0.02650000
v 0.00584600 -0.00245700 -0.02650000
v 0.00978300 -0.00398500 -0.02650000
v 0.00871600 -0.00518800 -0.02650000
v 0.00871600 -0.00518800 -0.02650000
v 0.00833100 -0.00675000 -0.02650000
v 0.00833100 -0.00675000 -0.02650000
v 0.00871600 -0.00831100 -0.02650000
v 0.01128600 -0.00341400 -0.02650000
v 0.01420600 -0.00452200 -0.02650000
v 0.01420600 -0.00452200 -0.02650000
v 0.01288300 -0.00360800 -0.02650000
v 0.01288300 -0.00360800 -0.02650000
v 0.01288300 -0.00989200 -0.02650000
v 0.01288300 -0.00989200 -0.02650000
v 0.01128600 -0.01008500 -0.02650000
v 0.01128600 -0.01008500 -0.02650000
v 0.01128600 -0.01008500 -0.02650000
v 0.00978300 -0.00951500 -0.02650000
v 0.00978300 -0.00951500 -0.02650000
v 0.01420600 -0.00897800 -0.02650000
v 0.01420600 -0.00897800 -0.02650000
v 0.01495400 -0.00755400 -0.02650000
v 0.01495400 -0.00755400 -0.02650000
v 0.01495400 -0.00755400 -0.02650000
v 0.01495400 -0.00594600 -0.02650000
v 0.01495400 -0.00594600 -0.02650000
v 0.00244200 -0.04300000 -0.02650000
v -0.00244200 -0.04300000 -0.02650000
v 0.01514400 -0.03286100 -0.02491800
v 0.01521600 -0.03183700 -0.02477500
v 0.01525800 -0.03120000 -0.02467900
v 0.01530900 -0.03041800 -0.02455200
v 0.01535200 -0.02972700 -0.02442900
v 0.01538900 -0.02912800 -0.02430900
v 0.01541900 -0.02861500 -0.02419100
v 0.01544400 -0.02818500 -0.02407700
v 0.01546100 -0.02789100 -0.02398400
v 0.01547500 -0.02763200 -0.02388500
v 0.01549800 -0.02720800 -0.02359600
v 0.01549400 -0.02729200 -0.02369200
v 0.01548600 -0.02743300 -0.02378800
v 0.01431200 -0.04191400 -0.02589000
v 0.01512200 -0.04334500 -0.02495700
v 0.01418200 -0.04298400 -0.02598400
v 0.01469200 -0.04358200 -0.02554800
v 0.01410000 -0.04362300 -0.02603800
v 0.01443800 -0.04080600 -0.02579000
v 0.01455900 -0.03966500 -0.02568200
v 0.01465700 -0.03868300 -0.02558500
v 0.01477000 -0.03747900 -0.02546100
v 0.01487600 -0.03627900 -0.02533100
v 0.01487600 -0.03627900 -0.02533100
v 0.01512200 -0.04334500 -0.02495700
v 0.01497400 -0.03509700 -0.02519700
v 0.01532800 -0.04300000 -0.02450000
v 0.01532800 -0.04300000 -0.02450000
v 0.01506300 -0.03395200 -0.02505900
v -0.01530900 -0.03041800 -0.02455200
v -0.01525800 -0.03120000 -0.02467900
v -0.01535200 -0.02972700 -0.02442900
v -0.01544400 -0.02818500 -0.02407700
v -0.01541900 -0.02861500 -0.02419100
v -0.01538900 -0.02912800 -0.02430900
v -0.01548600 -0.02743300 -0.02378800
v -0.01547500 -0.02763200 -0.02388500
v -0.01546100 -0.02789100 -0.02398400
v -0.01549800 -0.02720800 -0.02359600
v -0.01549400 -0.02729200 -0.02369200
v -0.01521600 -0.03183700 -0.02477500
v -0.01514400 -0.03286100 -0.02491800
v -0.01532800 -0.04300000 -0.02450000
v -0.01455900 -0.03966500 -0.02568200
v -0.01443800 -0.04080600 -0.02579000
v -0.01512200 -0.04334500 -0.02495700
v -0.01465700 -0.03868300 -0.02558500
v -0.01497400 -0.03509700 -0.02519700
v -0.01487600 -0.03627900 -0.02533100
v -0.01477000 -0.03747900 -0.02546100
v -0.01506300 -0.03395200 -0.02505900
v -0.01431200 -0.04191400 -0.02589000
v -0.01418200 -0.04298400 -0.02598400
v -0.01469300 -0.04358200 -0.02554700
v -0.01410000 -0.04362300 -0.02603800
v -0.01583800 -0.02268600 -0.02350000
v -0.01576300 -0.02321200 -0.02350000
v -0.01583800 -0.02268600 -0.02300000
v -0.01556600 -0.02519200 -0.02350000
v -0.01575600 -0.02323500 -0.02381700
v -0.01474100 -0.02900700 -0.02618500
v -0.01474700 -0.02939100 -0.02608300
v -0.01486600 -0.02882100 -0.02590800
v -0.01461100 -0.03029700 -0.02621000
v -0.01582000 -0.02243400 -0.02486000
v -0.01573500 -0.02330500 -0.02413200
v -0.01583400 -0.02261100 -0.02419600
v -0.01583500 -0.02263600 -0.02406300
v -0.01351800 -0.04287900 -0.02642200
v -0.01349000 -0.04317700 -0.02642600
v -0.01382100 -0.04354600 -0.02621200
v -0.01362600 -0.04339800 -0.02633500
v -0.01424400 -0.03436900 -0.02628700
v -0.01413500 -0.03564800 -0.02630900
v -0.01402700 -0.03694200 -0.02633100
v -0.01393800 -0.03800700 -0.02634900
v -0.01383300 -0.03925900 -0.02636900
v -0.01383300 -0.03925900 -0.02636900
v -0.01372800 -0.04049100 -0.02638800
v -0.01362300 -0.04169900 -0.02640500
v -0.01447500 -0.03173900 -0.02623800
v -0.01439700 -0.03260600 -0.02625500
v -0.01435200 -0.03311800 -0.02626400
v -0.01534900 -0.02427400 -0.02609500
v -0.01539900 -0.02438200 -0.02575000
v -0.01555700 -0.02308100 -0.02607700
v -0.01551000 -0.02403200 -0.02538500
v -0.01576900 -0.02202000 -0.02606300
v -0.01558500 -0.02379300 -0.02508700
v -0.01579000 -0.02216700 -0.02565000
v -0.01565000 -0.02358200 -0.02476500
v -0.01570000 -0.02341900 -0.02444800
v -0.01532600 -0.02649200 -0.02495300
v -0.01522000 -0.02510800 -0.02611000
v -0.01523800 -0.02695600 -0.02519100
v -0.01514700 -0.02561900 -0.02611900
v -0.01513200 -0.02749700 -0.02542900
v -0.01495100 -0.02713500 -0.02614800
v -0.01500900 -0.02811800 -0.02566900
v -0.01493300 -0.02728100 -0.02615100
v -0.01482900 -0.02819400 -0.02616900
v -0.01556100 -0.02521700 -0.02370400
v -0.01554800 -0.02529400 -0.02390800
v -0.01552400 -0.02542200 -0.02411200
v -0.01549200 -0.02560200 -0.02431700
v -0.01544900 -0.02583700 -0.02452400
v -0.01539900 -0.02610300 -0.02471700
v -0.01460900 -0.03032100 -0.02621100
v 0.01576300 -0.02321200 -0.02350000
v 0.01583800 -0.02268600 -0.02350000
v 0.01583800 -0.02268600 -0.02300000
v 0.01556600 -0.02519200 -0.02350000
v 0.01556100 -0.02521700 -0.02370400
v 0.01575600 -0.02323500 -0.02381700
v 0.01583500 -0.02263600 -0.02406300
v 0.01573500 -0.02330500 -0.02413200
v 0.01583400 -0.02261100 -0.02419600
v 0.01570000 -0.02341900 -0.02444800
v 0.01582000 -0.02243400 -0.02486000
v 0.01565000 -0.02358200 -0.02476500
v 0.01558500 -0.02379300 -0.02508700
v 0.01579000 -0.02216700 -0.02565000
v 0.01551000 -0.02403200 -0.02538500
v 0.01576900 -0.02202000 -0.02606300
v 0.01555700 -0.02308100 -0.02607700
v 0.01539900 -0.02438200 -0.02575000
v 0.01534900 -0.02427400 -0.02609500
v 0.01522000 -0.02510800 -0.02611000
v 0.01493400 -0.02727700 -0.02615100
v 0.01500900 -0.02811800 -0.02566900
v 0.01482900 -0.02819400 -0.02616900
v 0.01486600 -0.02882100 -0.02590800
v 0.01474100 -0.02900600 -0.02618500
v 0.01474700 -0.02939100 -0.02608300
v 0.01461100 -0.03029700 -0.02621000
v 0.01460900 -0.03032100 -0.02621100
v 0.01435200 -0.03311800 -0.02626400
v 0.01439700 -0.03260300 -0.02625500
v 0.01447500 -0.03173900 -0.02623800
v 0.01351800 -0.04287900 -0.02642200
v 0.01362300 -0.04169900 -0.02640500
v 0.01372800 -0.04049100 -0.02638800
v 0.01383300 -0.03925900 -0.02636900
v 0.01393800 -0.03800700 -0.02634900
v 0.01402700 -0.03694200 -0.02633100
v 0.01413500 -0.03564800 -0.02630900
v 0.01424400 -0.03436900 -0.02628700
v 0.01435200 -0.03311800 -0.02626400
v 0.01382100 -0.04354600 -0.02621200
v 0.01362600 -0.04339800 -0.02633500
v 0.01349000 -0.04317700 -0.02642600
v 0.01495100 -0.02713600 -0.02614800
v 0.01514700 -0.02562000 -0.02611900
v 0.01513200 -0.02749700 -0.02542900
v 0.01523800 -0.02695600 -0.02519100
v 0.01554800 -0.02529400 -0.02390800
v 0.01552400 -0.02542200 -0.02411200
v 0.01549200 -0.02560200 -0.02431700
v 0.01544900 -0.02583700 -0.02452400
v 0.01539900 -0.02610300 -0.02471700
v 0.01532600 -0.02649200 -0.02495300
v -0.01150500 -0.03921000 -0.02484000
v -0.01147200 -0.03915000 -0.02250000
v -0.01170000 -0.04000000 -0.02250000
v -0.01147200 -0.03915000 -0.02484000
v -0.01096600 -0.03860100 -0.02484000
v -0.01085000 -0.03852800 -0.02250000
v -0.01085000 -0.03852800 -0.02484000
v -0.01020500 -0.03831200 -0.02484000
v -0.01000000 -0.03830000 -0.02250000
v -0.01000000 -0.03830000 -0.02484000
v -0.00939700 -0.03841000 -0.02484000
v -0.00915000 -0.03852800 -0.02250000
v -0.00915000 -0.03852800 -0.02484000
v -0.00872700 -0.03887300 -0.02484000
v -0.00852800 -0.03915000 -0.02250000
v -0.00852800 -0.03915000 -0.02484000
v -0.00834900 -0.03959300 -0.02484000
v -0.00830000 -0.04000000 -0.02250000
v -0.00830000 -0.04000000 -0.02484000
v -0.00834900 -0.04040700 -0.02484000
v -0.00834900 -0.04040700 -0.02484000
v -0.00852800 -0.04085000 -0.02250000
v -0.00852800 -0.04085000 -0.02484000
v -0.00852800 -0.04085000 -0.02250000
v -0.00872700 -0.04112700 -0.02484000
v -0.00872700 -0.04112700 -0.02484000
v -0.00915000 -0.04147200 -0.02250000
v -0.00915000 -0.04147200 -0.02484000
v -0.00915000 -0.04147200 -0.02250000
v -0.00939700 -0.04158900 -0.02484000
v -0.00939700 -0.04158900 -0.02484000
v -0.01000000 -0.04170000 -0.02250000
v -0.01000000 -0.04170000 -0.02484000
v -0.01000000 -0.04170000 -0.02250000
v -0.01020500 -0.04168800 -0.02484000
v -0.01020500 -0.04168800 -0.02484000
v -0.01085000 -0.04147200 -0.02250000
v -0.01085000 -0.04147200 -0.02484000
v -0.01085000 -0.04147200 -0.02250000
v -0.01096600 -0.04139900 -0.02484000
v -0.01096600 -0.04139900 -0.02484000
v -0.01147200 -0.04085000 -0.02250000
v -0.01147200 -0.04085000 -0.02484000
v -0.01147200 -0.04085000 -0.02250000
v -0.01150500 -0.04079000 -0.02484000
v -0.01170000 -0.04000000 -0.02250000
v -0.01170000 -0.04000000 -0.02484000
v -0.01170000 -0.04000000 -0.02484000
v -0.01020500 -0.04168800 -0.02484000
v -0.01000000 -0.04170000 -0.02484000
v -0.00959800 -0.04331100 -0.02647600
v -0.00881000 -0.04313700 -0.02649500
v -0.00939700 -0.04158900 -0.02484000
v -0.00848700 -0.04300000 -0.02650000
v -0.00915000 -0.04147200 -0.02484000
v -0.00748500 -0.04222800 -0.02650000
v -0.01040200 -0.04331100 -0.02647600
v -0.01097200 -0.04320500 -0.02648900
v -0.01085000 -0.04147200 -0.02484000
v -0.01151300 -0.04300000 -0.02650000
v -0.01096600 -0.04139900 -0.02484000
v -0.01190900 -0.04276500 -0.02650000
v -0.01147200 -0.04085000 -0.02484000
v -0.01297500 -0.04156100 -0.02650000
v -0.00872700 -0.04112700 -0.02484000
v -0.00852800 -0.04085000 -0.02484000
v -0.00673800 -0.04080400 -0.02650000
v -0.00834900 -0.04040700 -0.02484000
v -0.00830000 -0.04000000 -0.02484000
v -0.00673800 -0.03919600 -0.02650000
v -0.00834900 -0.03959300 -0.02484000
v -0.00748500 -0.03777200 -0.02650000
v -0.00852800 -0.03915000 -0.02484000
v -0.00872700 -0.03887300 -0.02484000
v -0.00880800 -0.03685800 -0.02650000
v -0.00915000 -0.03852800 -0.02484000
v -0.00939700 -0.03841000 -0.02484000
v -0.01040500 -0.03666400 -0.02650000
v -0.01000000 -0.03830000 -0.02484000
v -0.01020500 -0.03831200 -0.02484000
v -0.01190900 -0.03723500 -0.02650000
v -0.01085000 -0.03852800 -0.02484000
v -0.01096600 -0.03860100 -0.02484000
v -0.01297500 -0.03843800 -0.02650000
v -0.01147200 -0.03915000 -0.02484000
v -0.01150500 -0.03921000 -0.02484000
v -0.01336000 -0.04000000 -0.02650000
v -0.01170000 -0.04000000 -0.02484000
v -0.01150500 -0.04079000 -0.02484000
v 0.00849500 -0.03921000 -0.02484000
v 0.00852800 -0.03915000 -0.02250000
v 0.00830000 -0.04000000 -0.02250000
v 0.00852800 -0.03915000 -0.02484000
v 0.00903400 -0.03860100 -0.02484000
v 0.00915000 -0.03852800 -0.02250000
v 0.00915000 -0.03852800 -0.02484000
v 0.00979500 -0.03831200 -0.02484000
v 0.01000000 -0.03830000 -0.02250000
v 0.01000000 -0.03830000 -0.02484000
v 0.01060300 -0.03841000 -0.02484000
v 0.01085000 -0.03852800 -0.02250000
v 0.01085000 -0.03852800 -0.02484000
v 0.01127200 -0.03887300 -0.02484000
v 0.01147200 -0.03915000 -0.02250000
v 0.01147200 -0.03915000 -0.02484000
v 0.01165100 -0.03959300 -0.02484000
v 0.01170000 -0.04000000 -0.02250000
v 0.01170000 -0.04000000 -0.02484000
v 0.01165100 -0.04040700 -0.02484000
v 0.01165100 -0.04040700 -0.02484000
v 0.01147200 -0.04085000 -0.02250000
v 0.01147200 -0.04085000 -0.02484000
v 0.01147200 -0.04085000 -0.02250000
v 0.01127200 -0.04112700 -0.02484000
v 0.01127200 -0.04112700 -0.02484000
v 0.01085000 -0.04147200 -0.02250000
v 0.01085000 -0.04147200 -0.02484000
v 0.01085000 -0.04147200 -0.02250000
v 0.01060300 -0.04158900 -0.02484000
v 0.01060300 -0.04158900 -0.02484000
v 0.01000000 -0.04170000 -0.02250000
v 0.01000000 -0.04170000 -0.02484000
v 0.01000000 -0.04170000 -0.02250000
v 0.00979500 -0.04168800 -0.02484000
v 0.00979500 -0.04168800 -0.02484000
v 0.00915000 -0.04147200 -0.02250000
v 0.00915000 -0.04147200 -0.02484000
v 0.00915000 -0.04147200 -0.02250000
v 0.00903400 -0.04139900 -0.02484000
v 0.00852800 -0.04085000 -0.02250000
v 0.00852800 -0.04085000 -0.02484000
v 0.00849500 -0.04079000 -0.02484000
v 0.00830000 -0.04000000 -0.02250000
v 0.00830000 -0.04000000 -0.02484000
v 0.00830000 -0.04000000 -0.02484000
v 0.00979500 -0.04168800 -0.02484000
v 0.01000000 -0.04170000 -0.02484000
v 0.01040200 -0.04331100 -0.02647600
v 0.01119000 -0.04313700 -0.02649500
v 0.01060300 -0.04158900 -0.02484000
v 0.01151300 -0.04300000 -0.02650000
v 0.01085000 -0.04147200 -0.02484000
v 0.01251500 -0.04222800 -0.02650000
v 0.00959800 -0.04331100 -0.02647600
v 0.00902800 -0.04320500 -0.02648900
v 0.00915000 -0.04147200 -0.02484000
v 0.00848700 -0.04300000 -0.02650000
v 0.00903400 -0.04139900 -0.02484000
v 0.00809100 -0.04276500 -0.02650000
v 0.00852800 -0.04085000 -0.02484000
v 0.00702500 -0.04156100 -0.02650000
v 0.01127200 -0.04112700 -0.02484000
v 0.01147200 -0.04085000 -0.02484000
v 0.01326200 -0.04080400 -0.02650000
v 0.01165100 -0.04040700 -0.02484000
v 0.01326200 -0.03919600 -0.02650000
v 0.01170000 -0.04000000 -0.02484000
v 0.01165100 -0.03959300 -0.02484000
v 0.01251500 -0.03777200 -0.02650000
v 0.01147200 -0.03915000 -0.02484000
v 0.01127200 -0.03887300 -0.02484000
v 0.01119100 -0.03685800 -0.02650000
v 0.01085000 -0.03852800 -0.02484000
v 0.01060300 -0.03841000 -0.02484000
v 0.00959500 -0.03666400 -0.02650000
v 0.01000000 -0.03830000 -0.02484000
v 0.00979500 -0.03831200 -0.02484000
v 0.00809100 -0.03723500 -0.02650000
v 0.00915000 -0.03852800 -0.02484000
v 0.00903400 -0.03860100 -0.02484000
v 0.00702500 -0.03843800 -0.02650000
v 0.00852800 -0.03915000 -0.02484000
v 0.00849500 -0.03921000 -0.02484000
v 0.00664000 -0.04000000 -0.02650000
v 0.00830000 -0.04000000 -0.02484000
v 0.00849500 -0.04079000 -0.02484000
v 0.00949500 -0.03021000 -0.02484000
v 0.00949500 -0.03021000 -0.02484000
v 0.00952800 -0.03015000 -0.02250000
v 0.00930000 -0.03100000 -0.02250000
v 0.00952800 -0.03015000 -0.02484000
v 0.00952800 -0.03015000 -0.02250000
v 0.01003400 -0.02960100 -0.02484000
v 0.01003400 -0.02960100 -0.02484000
v 0.01015000 -0.02952800 -0.02250000
v 0.01015000 -0.02952800 -0.02484000
v 0.01015000 -0.02952800 -0.02250000
v 0.01079500 -0.02931200 -0.02484000
v 0.01100000 -0.02930000 -0.02250000
v 0.01100000 -0.02930000 -0.02484000
v 0.01160300 -0.02941000 -0.02484000
v 0.01185000 -0.02952800 -0.02250000
v 0.01185000 -0.02952800 -0.02484000
v 0.01227200 -0.02987300 -0.02484000
v 0.01247200 -0.03015000 -0.02250000
v 0.01247200 -0.03015000 -0.02484000
v 0.01265000 -0.03059300 -0.02484000
v 0.01270000 -0.03100000 -0.02250000
v 0.01270000 -0.03100000 -0.02484000
v 0.01265100 -0.03140700 -0.02484000
v 0.01247200 -0.03185000 -0.02250000
v 0.01247200 -0.03185000 -0.02484000
v 0.01227200 -0.03212700 -0.02484000
v 0.01185000 -0.03247200 -0.02250000
v 0.01185000 -0.03247200 -0.02484000
v 0.01160300 -0.03258900 -0.02484000
v 0.01100000 -0.03270000 -0.02250000
v 0.01100000 -0.03270000 -0.02484000
v 0.01079500 -0.03268800 -0.02484000
v 0.01079500 -0.03268800 -0.02484000
v 0.01015000 -0.03247200 -0.02250000
v 0.01015000 -0.03247200 -0.02484000
v 0.01015000 -0.03247200 -0.02250000
v 0.01003400 -0.03239900 -0.02484000
v 0.00952800 -0.03185000 -0.02250000
v 0.00952800 -0.03185000 -0.02484000
v 0.00949500 -0.03179000 -0.02484000
v 0.00930000 -0.03100000 -0.02250000
v 0.00930000 -0.03100000 -0.02484000
v 0.00930000 -0.03100000 -0.02484000
v 0.00909100 -0.03376500 -0.02650000
v 0.00802500 -0.03256100 -0.02650000
v 0.00952800 -0.03185000 -0.02484000
v 0.01003400 -0.03239900 -0.02484000
v 0.01015000 -0.03247200 -0.02484000
v 0.01059500 -0.03433500 -0.02650000
v 0.01079500 -0.03268800 -0.02484000
v 0.01100000 -0.03270000 -0.02484000
v 0.01219100 -0.03414200 -0.02650000
v 0.01160300 -0.03258900 -0.02484000
v 0.01185000 -0.03247200 -0.02484000
v 0.01351500 -0.03322800 -0.02650000
v 0.01227200 -0.03212700 -0.02484000
v 0.01396800 -0.03257500 -0.02650000
v 0.01247200 -0.03185000 -0.02484000
v 0.01417000 -0.03182600 -0.02641600
v 0.01265100 -0.03140700 -0.02484000
v 0.01426100 -0.03088400 -0.02640300
v 0.01270000 -0.03100000 -0.02484000
v 0.01422400 -0.03020200 -0.02646200
v 0.01265000 -0.03059300 -0.02484000
v 0.01418800 -0.02993800 -0.02650000
v 0.01247200 -0.03015000 -0.02484000
v 0.01351500 -0.02877200 -0.02650000
v 0.01227200 -0.02987300 -0.02484000
v 0.01219100 -0.02785800 -0.02650000
v 0.01185000 -0.02952800 -0.02484000
v 0.01160300 -0.02941000 -0.02484000
v 0.01059500 -0.02766400 -0.02650000
v 0.01100000 -0.02930000 -0.02484000
v 0.01079500 -0.02931200 -0.02484000
v 0.00909100 -0.02823500 -0.02650000
v 0.01015000 -0.02952800 -0.02484000
v 0.01003400 -0.02960100 -0.02484000
v 0.00802500 -0.02943800 -0.02650000
v 0.00952800 -0.03015000 -0.02484000
v 0.00949500 -0.03021000 -0.02484000
v 0.00764000 -0.03100000 -0.02650000
v 0.00930000 -0.03100000 -0.02484000
v 0.00949500 -0.03179000 -0.02484000
v -0.01250500 -0.03021000 -0.02484000
v -0.01247200 -0.03015000 -0.02250000
v -0.01270000 -0.03100000 -0.02250000
v -0.01247200 -0.03015000 -0.02484000
v -0.01196600 -0.02960100 -0.02484000
v -0.01185000 -0.02952800 -0.02250000
v -0.01185000 -0.02952800 -0.02484000
v -0.01120500 -0.02931200 -0.02484000
v -0.01100000 -0.02930000 -0.02250000
v -0.01100000 -0.02930000 -0.02484000
v -0.01039700 -0.02941000 -0.02484000
v -0.01015000 -0.02952800 -0.02250000
v -0.01015000 -0.02952800 -0.02484000
v -0.00972700 -0.02987300 -0.02484000
v -0.00952800 -0.03015000 -0.02250000
v -0.00952800 -0.03015000 -0.02484000
v -0.00934900 -0.03059300 -0.02484000
v -0.00930000 -0.03100000 -0.02250000
v -0.00930000 -0.03100000 -0.02484000
v -0.00934900 -0.03140700 -0.02484000
v -0.00952800 -0.03185000 -0.02250000
v -0.00952800 -0.03185000 -0.02484000
v -0.00972800 -0.03212700 -0.02484000
v -0.01015000 -0.03247200 -0.02250000
v -0.01015000 -0.03247200 -0.02484000
v -0.01039700 -0.03258900 -0.02484000
v -0.01039700 -0.03258900 -0.02484000
v -0.01100000 -0.03270000 -0.02250000
v -0.01100000 -0.03270000 -0.02484000
v -0.01100000 -0.03270000 -0.02250000
v -0.01120500 -0.03268800 -0.02484000
v -0.01120500 -0.03268800 -0.02484000
v -0.01185000 -0.03247200 -0.02250000
v -0.01185000 -0.03247200 -0.02484000
v -0.01185000 -0.03247200 -0.02250000
v -0.01196600 -0.03239900 -0.02484000
v -0.01247200 -0.03185000 -0.02250000
v -0.01247200 -0.03185000 -0.02484000
v -0.01250500 -0.03179000 -0.02484000
v -0.01270000 -0.03100000 -0.02250000
v -0.01270000 -0.03100000 -0.02484000
v -0.01270000 -0.03100000 -0.02484000
v -0.01425900 -0.03099900 -0.02639900
v -0.01270000 -0.03100000 -0.02484000
v -0.01419600 -0.03167500 -0.02640700
v -0.01250500 -0.03179000 -0.02484000
v -0.01396800 -0.03257500 -0.02650000
v -0.01247200 -0.03185000 -0.02484000
v -0.01290900 -0.03376500 -0.02650000
v -0.01196600 -0.03239900 -0.02484000
v -0.01185000 -0.03247200 -0.02484000
v -0.01140500 -0.03433500 -0.02650000
v -0.01120500 -0.03268800 -0.02484000
v -0.01100000 -0.03270000 -0.02484000
v -0.00980800 -0.03414200 -0.02650000
v -0.01039700 -0.03258900 -0.02484000
v -0.01015000 -0.03247200 -0.02484000
v -0.00848500 -0.03322800 -0.02650000
v -0.00972800 -0.03212700 -0.02484000
v -0.00952800 -0.03185000 -0.02484000
v -0.00773800 -0.03180400 -0.02650000
v -0.00934900 -0.03140700 -0.02484000
v -0.00773800 -0.03019600 -0.02650000
v -0.00930000 -0.03100000 -0.02484000
v -0.00934900 -0.03059300 -0.02484000
v -0.00848500 -0.02877200 -0.02650000
v -0.00952800 -0.03015000 -0.02484000
v -0.00972700 -0.02987300 -0.02484000
v -0.00980800 -0.02785800 -0.02650000
v -0.01015000 -0.02952800 -0.02484000
v -0.01039700 -0.02941000 -0.02484000
v -0.01140500 -0.02766400 -0.02650000
v -0.01100000 -0.02930000 -0.02484000
v -0.01120500 -0.02931200 -0.02484000
v -0.01290900 -0.02823500 -0.02650000
v -0.01185000 -0.02952800 -0.02484000
v -0.01196600 -0.02960100 -0.02484000
v -0.01397500 -0.02943800 -0.02650000
v -0.01426100 -0.03074900 -0.02641000
v -0.01418800 -0.02993800 -0.02650000
v -0.01250500 -0.03021000 -0.02484000
v -0.01247200 -0.03015000 -0.02484000
v -0.02388800 0.00209000 -0.02300000
v -0.02388800 0.00209000 -0.02600000
v -0.02663500 0.00233000 -0.02300000
v -0.02663500 0.00233000 -0.02600000
v 0.02663500 0.00233000 -0.02300000
v 0.02663500 0.00233000 -0.02600000
v 0.02388800 0.00209000 -0.02300000
v 0.02388800 0.00209000 -0.02600000
v 0.02349800 -0.00901300 -0.02300000
v 0.02114900 -0.01186900 -0.02300000
v 0.02114900 -0.01186900 -0.02350000
v 0.02113200 -0.01188600 -0.02480800
v 0.02324300 -0.00936800 -0.02600000
v 0.02112400 -0.01189500 -0.02510500
v 0.02108900 -0.01193100 -0.02600000
v 0.02538100 -0.00588000 -0.02600000
v 0.02536100 -0.00592000 -0.02300000
v 0.02540000 -0.00584100 -0.02300000
v 0.02692200 -0.00209000 -0.02600000
v 0.02681400 -0.00242400 -0.02300000
v 0.02770800 0.00116500 -0.02600000
v 0.02770800 0.00116500 -0.02300000
v -0.02114900 -0.01186900 -0.02350000
v -0.02114900 -0.01186900 -0.02300000
v -0.02349800 -0.00901300 -0.02300000
v -0.02113200 -0.01188600 -0.02480800
v -0.02324300 -0.00936800 -0.02600000
v -0.02112400 -0.01189500 -0.02510500
v -0.02108900 -0.01193100 -0.02600000
v -0.02681400 -0.00242400 -0.02300000
v -0.02770800 0.00116500 -0.02300000
v -0.02692200 -0.00209000 -0.02600000
v -0.02770800 0.00116500 -0.02600000
v -0.02540000 -0.00584100 -0.02300000
v -0.02538100 -0.00588000 -0.02600000
v -0.02536100 -0.00592000 -0.02300000
v 0.02768200 0.00161700 -0.02600000
v 0.02768200 0.00161700 -0.02300000
v 0.02768200 0.00161700 -0.02300000
v 0.02768200 0.00161700 -0.02300000
v 0.02768200 0.00161700 -0.02600000
v 0.02745800 0.00201100 -0.02600000
v 0.02745800 0.00201100 -0.02600000
v 0.02745800 0.00201100 -0.02300000
v 0.02745800 0.00201100 -0.02300000
v 0.02745800 0.00201100 -0.02300000
v 0.02745800 0.00201100 -0.02600000
v 0.02708400 0.00226600 -0.02600000
v 0.02708400 0.00226600 -0.02600000
v 0.02708400 0.00226600 -0.02300000
v 0.02708400 0.00226600 -0.02300000
v 0.02708400 0.00226600 -0.02600000
v 0.02299800 0.00249000 -0.02600000
v 0.02299800 0.00249000 -0.02300000
v 0.02299800 0.00249000 -0.02600000
v 0.02299800 0.00249000 -0.02300000
v 0.02299800 0.00249000 -0.02300000
v 0.02339100 0.00217400 -0.02600000
v 0.02339100 0.00217400 -0.02600000
v 0.02339100 0.00217400 -0.02300000
v 0.02339100 0.00217400 -0.02600000
v 0.02339100 0.00217400 -0.02300000
v -0.02339100 0.00217400 -0.02600000
v -0.02339100 0.00217400 -0.02300000
v -0.02339100 0.00217400 -0.02600000
v -0.02339100 0.00217400 -0.02300000
v -0.02339100 0.00217400 -0.02300000
v -0.02299800 0.00249000 -0.02600000
v -0.02299800 0.00249000 -0.02600000
v -0.02299800 0.00249000 -0.02300000
v -0.02299800 0.00249000 -0.02600000
v -0.02299800 0.00249000 -0.02300000
v -0.02708400 0.00226600 -0.02600000
v -0.02708400 0.00226600 -0.02300000
v -0.02708400 0.00226600 -0.02300000
v -0.02708400 0.00226600 -0.02300000
v -0.02708400 0.00226600 -0.02600000
v -0.02745800 0.00201100 -0.02600000
v -0.02745800 0.00201100 -0.02600000
v -0.02745800 0.00201100 -0.02300000
v -0.02745800 0.00201100 -0.02300000
v -0.02745800 0.00201100 -0.02300000
v -0.02745800 0.00201100 -0.02600000
v -0.02768200 0.00161700 -0.02600000
v -0.02768200 0.00161700 -0.02600000
v -0.02768200 0.00161700 -0.02300000
v -0.02768200 0.00161700 -0.02300000
v -0.02768200 0.00161700 -0.02600000
v 0.01865000 -0.01508600 -0.02350000
v 0.01685500 -0.01874200 -0.02350000
v 0.01685500 -0.01871500 -0.02429300
v 0.01670600 -0.01885100 -0.02603800
v 0.01683900 -0.01851300 -0.02603600
v 0.01684800 -0.01860600 -0.02536500
v 0.01922100 -0.01417600 -0.02601000
v 0.01862000 -0.01506700 -0.02591600
v 0.01767700 -0.01669100 -0.02602400
v 0.01862000 -0.01506700 -0.02591600
v 0.01922100 -0.01417600 -0.02601000
v 0.01864200 -0.01508000 -0.02478500
v 0.01583700 -0.02171100 -0.02606000
v 0.01864500 -0.01508200 -0.02454500
v 0.01685400 -0.01870100 -0.02447700
v 0.01862000 -0.01506700 -0.02591600
v 0.01767700 -0.01669100 -0.02602400
v 0.01921300 -0.01423500 -0.02300000
v 0.01865000 -0.01508600 -0.02300000
v 0.01766000 -0.01686800 -0.02300000
v 0.01652600 -0.01970700 -0.02300000
v 0.01685500 -0.01874200 -0.02300000
v -0.01781200 -0.01643500 -0.02602200
v -0.01862000 -0.01506700 -0.02591600
v -0.01886800 -0.01468400 -0.02601300
v -0.01659500 -0.01914700 -0.02604000
v -0.01684800 -0.01860600 -0.02536500
v -0.01683900 -0.01851300 -0.02603600
v -0.01715400 -0.01777300 -0.02603100
v -0.02068000 -0.01236900 -0.02600200
v -0.01864200 -0.01508000 -0.02478500
v -0.01781200 -0.01643500 -0.02602200
v -0.01685400 -0.01870100 -0.02447700
v -0.01685500 -0.01871500 -0.02429300
v -0.01864500 -0.01508200 -0.02454500
v -0.01865000 -0.01508600 -0.02350000
v -0.01685500 -0.01874200 -0.02350000
v -0.01921300 -0.01423500 -0.02300000
v -0.01865000 -0.01508600 -0.02300000
v -0.01766000 -0.01686800 -0.02300000
v -0.01685500 -0.01874200 -0.02300000
v -0.01652600 -0.01970700 -0.02300000
v 0.01342200 -0.04313400 -0.02644600
v 0.01333500 -0.04303700 -0.02647200
v 0.01328300 -0.04291700 -0.02648900
v 0.01495100 -0.02713600 -0.02614800
v 0.01493400 -0.02727700 -0.02615100
v 0.01446000 -0.02722400 -0.02650000
v 0.01482900 -0.02819400 -0.02616900
v 0.01418800 -0.02993800 -0.02650000
v 0.01474100 -0.02900600 -0.02618500
v 0.01422400 -0.03020200 -0.02646200
v 0.01461100 -0.03029700 -0.02621000
v 0.01426100 -0.03088400 -0.02640300
v 0.01460900 -0.03032100 -0.02621100
v 0.01460900 -0.03032100 -0.02621100
v 0.01417000 -0.03182600 -0.02641600
v 0.01417000 -0.03182600 -0.02641600
v 0.01447500 -0.03173900 -0.02623800
v 0.01439700 -0.03260300 -0.02625500
v 0.01555700 -0.02308100 -0.02607700
v 0.01528400 -0.02191700 -0.02650000
v 0.01576900 -0.02202000 -0.02606300
v 0.01534900 -0.02427400 -0.02609500
v 0.01522000 -0.02510800 -0.02611000
v 0.01514700 -0.02562000 -0.02611900
v 0.01624000 -0.01867300 -0.02650000
v 0.01670600 -0.01885100 -0.02603800
v 0.01535300 -0.02160100 -0.02650000
v 0.01583700 -0.02171100 -0.02606000
v 0.02072900 -0.01158500 -0.02650000
v 0.02072900 -0.01158500 -0.02650000
v 0.02108900 -0.01193100 -0.02600000
v 0.02108900 -0.01193100 -0.02600000
v 0.02108900 -0.01193100 -0.02600000
v 0.01881500 -0.01388500 -0.02650000
v 0.01922100 -0.01417600 -0.02601000
v 0.01723400 -0.01646100 -0.02650000
v 0.01767700 -0.01669100 -0.02602400
v 0.01683900 -0.01851300 -0.02603600
v 0.02284000 -0.00907200 -0.02650000
v 0.02284000 -0.00907200 -0.02650000
v 0.02324300 -0.00936800 -0.02600000
v 0.02324300 -0.00936800 -0.02600000
v 0.02284000 -0.00907200 -0.02650000
v 0.02493500 -0.00565400 -0.02650000
v 0.02538100 -0.00588000 -0.02600000
v 0.02538100 -0.00588000 -0.02600000
v 0.02644400 -0.00194000 -0.02650000
v 0.02644400 -0.00194000 -0.02650000
v 0.02692200 -0.00209000 -0.02600000
v 0.02692200 -0.00209000 -0.02600000
v 0.02721500 0.00124900 -0.02650000
v 0.02721500 0.00124900 -0.02650000
v 0.02770800 0.00116500 -0.02600000
v 0.02667900 0.00183200 -0.02650000
v 0.02663500 0.00233000 -0.02600000
v 0.02708400 0.00226600 -0.02600000
v 0.02690300 0.00180000 -0.02650000
v 0.02745800 0.00201100 -0.02600000
v 0.02745800 0.00201100 -0.02600000
v 0.02690300 0.00180000 -0.02650000
v 0.02709000 0.00167300 -0.02650000
v 0.02768200 0.00161700 -0.02600000
v 0.02720200 0.00147600 -0.02650000
v 0.02393100 0.00159200 -0.02650000
v 0.02388800 0.00209000 -0.02600000
v 0.02339100 0.00217400 -0.02600000
v 0.02318600 0.00171800 -0.02650000
v 0.02299800 0.00249000 -0.02600000
v 0.02259600 0.00219200 -0.02650000
v 0.02280900 0.00295700 -0.02600000
v 0.02231300 0.00289300 -0.02650000
v 0.00471100 0.02200100 -0.02650000
v 0.00100000 0.02247800 -0.02650000
v 0.00100000 0.02297800 -0.02600000
v 0.00412300 0.02262700 -0.02600000
v 0.00481600 0.02249000 -0.02600000
v 0.00848700 0.02083800 -0.02650000
v 0.00811200 0.02152200 -0.02600000
v 0.00867600 0.02130100 -0.02600000
v 0.01200200 0.01903200 -0.02650000
v 0.01200200 0.01903200 -0.02650000
v 0.01183900 0.01971900 -0.02600000
v 0.01226900 0.01945500 -0.02600000
v 0.01518200 0.01727700 -0.02600000
v 0.01518200 0.01727700 -0.02600000
v 0.01514600 0.01663900 -0.02650000
v 0.01514600 0.01663900 -0.02650000
v 0.01548300 0.01700800 -0.02600000
v 0.01803300 0.01427600 -0.02600000
v 0.01803300 0.01427600 -0.02600000
v 0.01782300 0.01373200 -0.02650000
v 0.01821900 0.01403700 -0.02600000
v 0.02039400 0.01063400 -0.02600000
v 0.01995100 0.01040300 -0.02650000
v 0.01995100 0.01040300 -0.02650000
v 0.02039400 0.01063400 -0.02600000
v 0.02194000 0.00690200 -0.02600000
v 0.02146300 0.00675200 -0.02650000
v 0.02146300 0.00675200 -0.02650000
v 0.02194000 0.00690200 -0.02600000
v -0.02299800 0.00249000 -0.02600000
v -0.02259600 0.00219200 -0.02650000
v -0.02339100 0.00217400 -0.02600000
v -0.02339100 0.00217400 -0.02600000
v -0.02259600 0.00219200 -0.02650000
v -0.02318600 0.00171800 -0.02650000
v -0.02388800 0.00209000 -0.02600000
v -0.02393100 0.00159200 -0.02650000
v -0.02667900 0.00183200 -0.02650000
v -0.02663500 0.00233000 -0.02600000
v -0.02721500 0.00124900 -0.02650000
v -0.02770800 0.00116500 -0.02600000
v -0.02768200 0.00161700 -0.02600000
v -0.02720200 0.00147600 -0.02650000
v -0.02745800 0.00201100 -0.02600000
v -0.02709000 0.00167300 -0.02650000
v -0.02708400 0.00226600 -0.02600000
v -0.02690300 0.00180000 -0.02650000
v -0.02644400 -0.00194000 -0.02650000
v -0.02692200 -0.00209000 -0.02600000
v -0.02692200 -0.00209000 -0.02600000
v -0.02493500 -0.00565400 -0.02650000
v -0.02493500 -0.00565400 -0.02650000
v -0.02538100 -0.00588000 -0.02600000
v -0.02284000 -0.00907200 -0.02650000
v -0.02324300 -0.00936800 -0.02600000
v -0.02324300 -0.00936800 -0.02600000
v -0.02284000 -0.00907200 -0.02650000
v -0.02072900 -0.01158500 -0.02650000
v -0.02072900 -0.01158500 -0.02650000
v -0.02072900 -0.01158500 -0.02650000
v -0.02108900 -0.01193100 -0.02600000
v -0.02108900 -0.01193100 -0.02600000
v -0.01612700 -0.01897600 -0.02650000
v -0.01528400 -0.02191700 -0.02650000
v -0.01576900 -0.02202000 -0.02606300
v -0.02068000 -0.01236900 -0.02600200
v -0.02068000 -0.01236900 -0.02600200
v -0.02031000 -0.01203300 -0.02650000
v -0.01886800 -0.01468400 -0.02601300
v -0.01845300 -0.01440500 -0.02650000
v -0.01781200 -0.01643500 -0.02602200
v -0.01737200 -0.01619900 -0.02650000
v -0.01715400 -0.01777300 -0.02603100
v -0.01669800 -0.01756900 -0.02650000
v -0.01683900 -0.01851300 -0.02603600
v -0.01659500 -0.01914700 -0.02604000
v -0.01341900 -0.04313100 -0.02644700
v -0.01332800 -0.04302600 -0.02647400
v -0.01327800 -0.04289500 -0.02649100
v -0.01332800 -0.04302600 -0.02647400
v -0.01460900 -0.03032100 -0.02621100
v -0.01461100 -0.03029700 -0.02621000
v -0.01461100 -0.03029700 -0.02621000
v -0.01418800 -0.02993800 -0.02650000
v -0.01418800 -0.02993800 -0.02650000
v -0.01474100 -0.02900700 -0.02618500
v -0.01446000 -0.02722800 -0.02650000
v -0.01446000 -0.02722800 -0.02650000
v -0.01446000 -0.02722800 -0.02650000
v -0.01435200 -0.03311800 -0.02626400
v -0.01439700 -0.03260600 -0.02625500
v -0.01419600 -0.03167500 -0.02640700
v -0.01447500 -0.03173900 -0.02623800
v -0.01425900 -0.03099900 -0.02639900
v -0.01426100 -0.03074900 -0.02641000
v -0.01482900 -0.02819400 -0.02616900
v -0.01493300 -0.02728100 -0.02615100
v -0.01493300 -0.02728100 -0.02615100
v -0.01495100 -0.02713500 -0.02614800
v -0.01495100 -0.02713500 -0.02614800
v -0.01534900 -0.02427400 -0.02609500
v -0.01522000 -0.02510800 -0.02611000
v -0.01522000 -0.02510800 -0.02611000
v -0.01446000 -0.02722800 -0.02650000
v -0.01514700 -0.02561900 -0.02611900
v -0.01555700 -0.02308100 -0.02607700
v 0.01509800 -0.04350000 -0.02259800
v 0.01509800 -0.04350000 -0.02259800
v 0.01509800 -0.04350000 -0.02259800
v 0.01539800 -0.04277600 -0.02289800
v 0.01550000 -0.04200000 -0.02300000
v 0.01550000 -0.04200000 -0.02300000
v 0.01550000 -0.04200000 -0.02300000
v 0.01550000 -0.04200000 -0.02300000
v 0.01500000 -0.04365800 -0.02250000
v 0.01500000 -0.04035000 -0.02250000
v 0.01500000 -0.04035000 -0.02250000
v 0.01500000 -0.04035000 -0.02250000
v 0.01500000 -0.03550000 -0.02250000
v 0.01500000 -0.03550000 -0.02250000
v 0.01550000 -0.02718000 -0.02300000
v 0.01500000 -0.02940000 -0.02250000
v 0.01500000 -0.02718000 -0.02250000
v 0.01583800 -0.02268600 -0.02300000
v 0.01534400 -0.02261100 -0.02250000
v 0.01604900 -0.01955800 -0.02250000
v 0.01652600 -0.01970700 -0.02300000
v 0.01685500 -0.01874200 -0.02300000
v 0.01721100 -0.01664800 -0.02250000
v 0.01766000 -0.01686800 -0.02300000
v 0.01880300 -0.01394900 -0.02250000
v 0.02114900 -0.01186900 -0.02300000
v 0.02078700 -0.01152400 -0.02250000
v 0.01921300 -0.01423500 -0.02300000
v 0.01865000 -0.01508600 -0.02300000
v 0.02349800 -0.00901300 -0.02300000
v 0.02309000 -0.00872500 -0.02250000
v 0.02536100 -0.00592000 -0.02300000
v 0.02495400 -0.00561700 -0.02250000
v 0.02540000 -0.00584100 -0.02300000
v 0.02681400 -0.00242400 -0.02300000
v 0.02633900 -0.00226700 -0.02250000
v 0.02770800 0.00116500 -0.02300000
v 0.02721500 0.00124900 -0.02250000
v 0.02768200 0.00161700 -0.02300000
v 0.02720200 0.00147600 -0.02250000
v 0.02745800 0.00201100 -0.02300000
v 0.02709000 0.00167300 -0.02250000
v 0.02708400 0.00226600 -0.02300000
v 0.02690300 0.00180000 -0.02250000
v 0.02663500 0.00233000 -0.02300000
v 0.02663500 0.00233000 -0.02300000
v 0.02690300 0.00180000 -0.02250000
v 0.02667900 0.00183200 -0.02250000
v 0.02388800 0.00209000 -0.02300000
v 0.02393100 0.00159200 -0.02250000
v 0.02280900 0.00295700 -0.02300000
v 0.02231300 0.00289300 -0.02250000
v 0.02299800 0.00249000 -0.02300000
v 0.02259600 0.00219200 -0.02250000
v 0.02339100 0.00217400 -0.02300000
v 0.02318600 0.00171800 -0.02250000
v 0.02190900 0.00699800 -0.02300000
v 0.02143300 0.00684600 -0.02250000
v 0.02030000 0.01081200 -0.02300000
v 0.01985900 0.01057700 -0.02250000
v 0.01803300 0.01427600 -0.02300000
v 0.01764100 0.01396600 -0.02250000
v 0.01518200 0.01727700 -0.02300000
v 0.01518200 0.01727700 -0.02300000
v 0.01764100 0.01396600 -0.02250000
v 0.01485200 0.01690200 -0.02250000
v 0.01183900 0.01971900 -0.02300000
v 0.01158100 0.01929000 -0.02250000
v 0.00811200 0.02152200 -0.02300000
v 0.00793600 0.02105400 -0.02250000
v 0.00412300 0.02262700 -0.02300000
v 0.00403300 0.02213600 -0.02250000
v -0.00000000 0.02300000 -0.02300000
v -0.00000000 0.02250000 -0.02250000
v -0.00412300 0.02262700 -0.02300000
v -0.00403300 0.02213600 -0.02250000
v -0.00811200 0.02152200 -0.02300000
v -0.00793600 0.02105400 -0.02250000
v -0.01183900 0.01971900 -0.02300000
v -0.01158100 0.01929000 -0.02250000
v -0.01518200 0.01727700 -0.02300000
v -0.01485200 0.01690200 -0.02250000
v -0.01803300 0.01427600 -0.02300000
v -0.01803300 0.01427600 -0.02300000
v -0.01485200 0.01690200 -0.02250000
v -0.01764100 0.01396600 -0.02250000
v -0.02030000 0.01081200 -0.02300000
v -0.01985900 0.01057700 -0.02250000
v -0.02190900 0.00699800 -0.02300000
v -0.02143300 0.00684600 -0.02250000
v -0.02280900 0.00295700 -0.02300000
v -0.02231300 0.00289300 -0.02250000
v -0.02388800 0.00209000 -0.02300000
v -0.02393100 0.00159200 -0.02250000
v -0.02339100 0.00217400 -0.02300000
v -0.02318600 0.00171800 -0.02250000
v -0.02299800 0.00249000 -0.02300000
v -0.02259600 0.00219200 -0.02250000
v -0.02663500 0.00233000 -0.02300000
v -0.02667900 0.00183200 -0.02250000
v -0.02708400 0.00226600 -0.02300000
v -0.02690300 0.00180000 -0.02250000
v -0.02745800 0.00201100 -0.02300000
v -0.02709000 0.00167300 -0.02250000
v -0.02768200 0.00161700 -0.02300000
v -0.02720200 0.00147600 -0.02250000
v -0.02770800 0.00116500 -0.02300000
v -0.02721500 0.00124900 -0.02250000
v -0.02681400 -0.00242400 -0.02300000
v -0.02681400 -0.00242400 -0.02300000
v -0.02721500 0.00124900 -0.02250000
v -0.02633900 -0.00226700 -0.02250000
v -0.02540000 -0.00584100 -0.02300000
v -0.02495400 -0.00561700 -0.02250000
v -0.02536100 -0.00592000 -0.02300000
v -0.02309000 -0.00872500 -0.02250000
v -0.02349800 -0.00901300 -0.02300000
v -0.02114900 -0.01186900 -0.02300000
v -0.02078700 -0.01152400 -0.02250000
v -0.01880300 -0.01394900 -0.02250000
v -0.01921300 -0.01423500 -0.02300000
v -0.01865000 -0.01508600 -0.02300000
v -0.01721100 -0.01664800 -0.02250000
v -0.01766000 -0.01686800 -0.02300000
v -0.01604900 -0.01955800 -0.02250000
v -0.01583800 -0.02268600 -0.02300000
v -0.01534400 -0.02261100 -0.02250000
v -0.01652600 -0.01970700 -0.02300000
v -0.01685500 -0.01874200 -0.02300000
v -0.01550000 -0.02718000 -0.02300000
v -0.01550000 -0.02718000 -0.02300000
v -0.01500000 -0.02718000 -0.02250000
v -0.01500000 -0.02940000 -0.02250000
v -0.01500000 -0.02718000 -0.02250000
v -0.01509400 -0.04350600 -0.02259400
v -0.01509400 -0.04350600 -0.02259400
v -0.01500000 -0.04365800 -0.02250000
v -0.01500000 -0.04035000 -0.02250000
v -0.01500000 -0.04035000 -0.02250000
v -0.01500000 -0.04035000 -0.02250000
v -0.01500000 -0.04035000 -0.02250000
v -0.01500000 -0.03550000 -0.02250000
v -0.01500000 -0.03550000 -0.02250000
v -0.01550000 -0.04200000 -0.02300000
v -0.01550000 -0.04200000 -0.02300000
v -0.01550000 -0.04200000 -0.02300000
v -0.01539800 -0.04277600 -0.02289800
v -0.01539800 -0.04277600 -0.02289800
v -0.01539800 -0.04277600 -0.02289800
v -0.01509400 -0.04350600 -0.02259400
v -0.01509800 -0.04350000 -0.02450000
v -0.01500000 -0.04365800 -0.02250000
v -0.01490300 -0.04379600 -0.02450000
v -0.01424100 -0.04444300 -0.02450000
v -0.01400000 -0.04459800 -0.02250000
v -0.01341400 -0.04485700 -0.02450000
v -0.01400000 -0.04459800 -0.02450000
v 0.01539800 -0.04277600 -0.02289800
v 0.01509800 -0.04350000 -0.02450000
v 0.01509800 -0.04350000 -0.02259800
v 0.01490300 -0.04379600 -0.02450000
v 0.01500000 -0.04365800 -0.02250000
v 0.01424100 -0.04444300 -0.02450000
v 0.01400000 -0.04459800 -0.02250000
v 0.01400000 -0.04459800 -0.02450000
v 0.01341400 -0.04485700 -0.02450000
v -0.01303800 -0.04368100 -0.02634800
v -0.01469300 -0.04358200 -0.02554700
v -0.01478100 -0.04370500 -0.02526500
v -0.01512200 -0.04334500 -0.02495700
v -0.01352500 -0.04343800 -0.02634800
v -0.01341900 -0.04313100 -0.02644700
v -0.01382100 -0.04354600 -0.02621200
v -0.01390100 -0.04396600 -0.02591400
v -0.01410000 -0.04362300 -0.02603800
v -0.01469300 -0.04358200 -0.02554700
v -0.01415300 -0.04431900 -0.02526500
v -0.01250000 -0.04376500 -0.02634800
v -0.01250000 -0.04400000 -0.02623200
v -0.01323500 -0.04429900 -0.02591400
v -0.01336800 -0.04471200 -0.02526500
v -0.01352500 -0.04343800 -0.02634800
v -0.01250000 -0.04441400 -0.02591400
v -0.01250000 -0.04473200 -0.02550000
v -0.01250000 -0.04484800 -0.02526500
v -0.01097200 -0.04320500 -0.02648900
v -0.01040200 -0.04331100 -0.02647600
v 0.01250000 -0.04400000 -0.02623200
v -0.00959800 -0.04331100 -0.02647600
v -0.00881000 -0.04313700 -0.02649500
v 0.00902800 -0.04320500 -0.02648900
v 0.00959800 -0.04331100 -0.02647600
v 0.01119000 -0.04313700 -0.02649500
v 0.01040200 -0.04331100 -0.02647600
v 0.01250000 -0.04376500 -0.02634800
v 0.01250000 -0.04441400 -0.02591400
v 0.01250000 -0.04473200 -0.02550000
v 0.01250000 -0.04484800 -0.02526500
v 0.01349000 -0.04317700 -0.02642600
v 0.01362600 -0.04339800 -0.02633500
v 0.01342200 -0.04313400 -0.02644600
v 0.01352500 -0.04343800 -0.02634800
v 0.01382100 -0.04354600 -0.02621200
v 0.01390100 -0.04396600 -0.02591400
v 0.01410000 -0.04362300 -0.02603800
v 0.01469200 -0.04358200 -0.02554800
v 0.01352500 -0.04343800 -0.02634800
v 0.01303800 -0.04368100 -0.02634800
v 0.01323500 -0.04429900 -0.02591400
v 0.01303800 -0.04368100 -0.02634800
v 0.01336800 -0.04471200 -0.02526500
v 0.01512200 -0.04334500 -0.02495700
v 0.01478100 -0.04370500 -0.02526500
v 0.01415300 -0.04431900 -0.02526500
v 0.01027500 0.00749300 -0.02474000
v 0.01027500 0.00749300 -0.02474000
v 0.01030600 0.00755000 -0.02250000
v 0.01009100 0.00675000 -0.02250000
v 0.01030600 0.00755000 -0.02474000
v 0.01030600 0.00755000 -0.02250000
v 0.01078200 0.00806700 -0.02474000
v 0.01089100 0.00813600 -0.02250000
v 0.01089100 0.00813600 -0.02474000
v 0.01149800 0.00833800 -0.02474000
v 0.01169100 0.00835000 -0.02250000
v 0.01169100 0.00835000 -0.02474000
v 0.01225900 0.00824600 -0.02474000
v 0.01249100 0.00813600 -0.02250000
v 0.01249100 0.00813600 -0.02474000
v 0.01288900 0.00781100 -0.02474000
v 0.01307700 0.00755000 -0.02250000
v 0.01307700 0.00755000 -0.02474000
v 0.01324500 0.00713300 -0.02474000
v 0.01324500 0.00713300 -0.02474000
v 0.01329100 0.00675000 -0.02250000
v 0.01329100 0.00675000 -0.02474000
v 0.01329100 0.00675000 -0.02250000
v 0.01324500 0.00636700 -0.02474000
v 0.01307700 0.00595000 -0.02250000
v 0.01307700 0.00595000 -0.02474000
v 0.01288900 0.00568900 -0.02474000
v 0.01288900 0.00568900 -0.02474000
v 0.01249100 0.00536400 -0.02250000
v 0.01249100 0.00536400 -0.02474000
v 0.01249100 0.00536400 -0.02250000
v 0.01225900 0.00525400 -0.02474000
v 0.01169100 0.00515000 -0.02250000
v 0.01169100 0.00515000 -0.02474000
v 0.01149800 0.00516200 -0.02474000
v 0.01089100 0.00536400 -0.02250000
v 0.01089100 0.00536400 -0.02474000
v 0.01078200 0.00543300 -0.02474000
v 0.01030600 0.00595000 -0.02250000
v 0.01030600 0.00595000 -0.02474000
v 0.01027500 0.00600600 -0.02474000
v 0.01009100 0.00675000 -0.02250000
v 0.01009100 0.00675000 -0.02474000
v 0.01009100 0.00675000 -0.02474000
v 0.00978300 0.00398500 -0.02650000
v 0.00871600 0.00518800 -0.02650000
v 0.01030600 0.00595000 -0.02474000
v 0.01078200 0.00543300 -0.02474000
v 0.01089100 0.00536400 -0.02474000
v 0.01128600 0.00341400 -0.02650000
v 0.01149800 0.00516200 -0.02474000
v 0.01169100 0.00515000 -0.02474000
v 0.01288300 0.00360800 -0.02650000
v 0.01225900 0.00525400 -0.02474000
v 0.01249100 0.00536400 -0.02474000
v 0.01420600 0.00452200 -0.02650000
v 0.01288900 0.00568900 -0.02474000
v 0.01307700 0.00595000 -0.02474000
v 0.01495400 0.00594600 -0.02650000
v 0.01324500 0.00636700 -0.02474000
v 0.01495400 0.00755400 -0.02650000
v 0.01329100 0.00675000 -0.02474000
v 0.01324500 0.00713300 -0.02474000
v 0.01420600 0.00897800 -0.02650000
v 0.01307700 0.00755000 -0.02474000
v 0.01288900 0.00781100 -0.02474000
v 0.01288300 0.00989200 -0.02650000
v 0.01249100 0.00813600 -0.02474000
v 0.01225900 0.00824600 -0.02474000
v 0.01128600 0.01008500 -0.02650000
v 0.01169100 0.00835000 -0.02474000
v 0.01149800 0.00833800 -0.02474000
v 0.00978300 0.00951500 -0.02650000
v 0.01089100 0.00813600 -0.02474000
v 0.01078200 0.00806700 -0.02474000
v 0.00871600 0.00831100 -0.02650000
v 0.01030600 0.00755000 -0.02474000
v 0.01027500 0.00749300 -0.02474000
v 0.00833100 0.00675000 -0.02650000
v 0.01009100 0.00675000 -0.02474000
v 0.01027500 0.00600600 -0.02474000
v 0.01027500 -0.00600600 -0.02474000
v 0.01030600 -0.00595000 -0.02250000
v 0.01009100 -0.00675000 -0.02250000
v 0.01030600 -0.00595000 -0.02474000
v 0.01078200 -0.00543300 -0.02474000
v 0.01089100 -0.00536400 -0.02250000
v 0.01089100 -0.00536400 -0.02474000
v 0.01149800 -0.00516200 -0.02474000
v 0.01169100 -0.00515000 -0.02250000
v 0.01169100 -0.00515000 -0.02474000
v 0.01225900 -0.00525400 -0.02474000
v 0.01225900 -0.00525400 -0.02474000
v 0.01249100 -0.00536400 -0.02250000
v 0.01249100 -0.00536400 -0.02474000
v 0.01249100 -0.00536400 -0.02250000
v 0.01288900 -0.00568900 -0.02474000
v 0.01307700 -0.00595000 -0.02250000
v 0.01307700 -0.00595000 -0.02474000
v 0.01324500 -0.00636700 -0.02474000
v 0.01329100 -0.00675000 -0.02250000
v 0.01329100 -0.00675000 -0.02474000
v 0.01324500 -0.00713300 -0.02474000
v 0.01324500 -0.00713300 -0.02474000
v 0.01307700 -0.00755000 -0.02250000
v 0.01307700 -0.00755000 -0.02474000
v 0.01307700 -0.00755000 -0.02250000
v 0.01288900 -0.00781100 -0.02474000
v 0.01249100 -0.00813600 -0.02250000
v 0.01249100 -0.00813600 -0.02474000
v 0.01225900 -0.00824600 -0.02474000
v 0.01169100 -0.00835000 -0.02250000
v 0.01169100 -0.00835000 -0.02474000
v 0.01149800 -0.00833800 -0.02474000
v 0.01089100 -0.00813600 -0.02250000
v 0.01089100 -0.00813600 -0.02474000
v 0.01078200 -0.00806700 -0.02474000
v 0.01078200 -0.00806700 -0.02474000
v 0.01030600 -0.00755000 -0.02250000
v 0.01030600 -0.00755000 -0.02474000
v 0.01030600 -0.00755000 -0.02250000
v 0.01027500 -0.00749300 -0.02474000
v 0.01009100 -0.00675000 -0.02250000
v 0.01009100 -0.00675000 -0.02474000
v 0.01009100 -0.00675000 -0.02474000
v 0.00978300 -0.00951500 -0.02650000
v 0.00871600 -0.00831100 -0.02650000
v 0.01030600 -0.00755000 -0.02474000
v 0.01078200 -0.00806700 -0.02474000
v 0.01089100 -0.00813600 -0.02474000
v 0.01128600 -0.01008500 -0.02650000
v 0.01149800 -0.00833800 -0.02474000
v 0.01169100 -0.00835000 -0.02474000
v 0.01288300 -0.00989200 -0.02650000
v 0.01225900 -0.00824600 -0.02474000
v 0.01249100 -0.00813600 -0.02474000
v 0.01420600 -0.00897800 -0.02650000
v 0.01288900 -0.00781100 -0.02474000
v 0.01307700 -0.00755000 -0.02474000
v 0.01495400 -0.00755400 -0.02650000
v 0.01324500 -0.00713300 -0.02474000
v 0.01495400 -0.00594600 -0.02650000
v 0.01329100 -0.00675000 -0.02474000
v 0.01324500 -0.00636700 -0.02474000
v 0.01420600 -0.00452200 -0.02650000
v 0.01307700 -0.00595000 -0.02474000
v 0.01288900 -0.00568900 -0.02474000
v 0.01288300 -0.00360800 -0.02650000
v 0.01249100 -0.00536400 -0.02474000
v 0.01225900 -0.00525400 -0.02474000
v 0.01128600 -0.00341400 -0.02650000
v 0.01169100 -0.00515000 -0.02474000
v 0.01149800 -0.00516200 -0.02474000
v 0.00978300 -0.00398500 -0.02650000
v 0.01089100 -0.00536400 -0.02474000
v 0.01078200 -0.00543300 -0.02474000
v 0.00871600 -0.00518800 -0.02650000
v 0.01030600 -0.00595000 -0.02474000
v 0.01027500 -0.00600600 -0.02474000
v 0.00833100 -0.00675000 -0.02650000
v 0.01009100 -0.00675000 -0.02474000
v 0.01027500 -0.00749300 -0.02474000
v -0.00141700 -0.01275600 -0.02474000
v -0.00138600 -0.01270000 -0.02250000
v -0.00160000 -0.01350000 -0.02250000
v -0.00138600 -0.01270000 -0.02474000
v -0.00090900 -0.01218300 -0.02474000
v -0.00080000 -0.01211400 -0.02250000
v -0.00080000 -0.01211400 -0.02474000
v -0.00019300 -0.01191200 -0.02474000
v 0.00000000 -0.01190000 -0.02250000
v 0.00000000 -0.01190000 -0.02474000
v 0.00056700 -0.01200400 -0.02474000
v 0.00080000 -0.01211400 -0.02250000
v 0.00080000 -0.01211400 -0.02474000
v 0.00119800 -0.01243900 -0.02474000
v 0.00138600 -0.01270000 -0.02250000
v 0.00138600 -0.01270000 -0.02474000
v 0.00155300 -0.01311700 -0.02474000
v 0.00155300 -0.01311700 -0.02474000
v 0.00160000 -0.01350000 -0.02250000
v 0.00160000 -0.01350000 -0.02474000
v 0.00160000 -0.01350000 -0.02250000
v 0.00155300 -0.01388300 -0.02474000
v 0.00155300 -0.01388300 -0.02474000
v 0.00138600 -0.01430000 -0.02250000
v 0.00138600 -0.01430000 -0.02474000
v 0.00138600 -0.01430000 -0.02250000
v 0.00119800 -0.01456100 -0.02474000
v 0.00080000 -0.01488600 -0.02250000
v 0.00080000 -0.01488600 -0.02474000
v 0.00056700 -0.01499600 -0.02474000
v 0.00000000 -0.01510000 -0.02250000
v 0.00000000 -0.01510000 -0.02474000
v -0.00019300 -0.01508800 -0.02474000
v -0.00080000 -0.01488600 -0.02250000
v -0.00080000 -0.01488600 -0.02474000
v -0.00090900 -0.01481700 -0.02474000
v -0.00138600 -0.01430000 -0.02250000
v -0.00138600 -0.01430000 -0.02474000
v -0.00141700 -0.01424400 -0.02474000
v -0.00160000 -0.01350000 -0.02250000
v -0.00160000 -0.01350000 -0.02474000
v -0.00160000 -0.01350000 -0.02474000
v -0.00190900 -0.01626500 -0.02650000
v -0.00297500 -0.01506100 -0.02650000
v -0.00138600 -0.01430000 -0.02474000
v -0.00090900 -0.01481700 -0.02474000
v -0.00080000 -0.01488600 -0.02474000
v -0.00040500 -0.01683500 -0.02650000
v -0.00019300 -0.01508800 -0.02474000
v 0.00000000 -0.01510000 -0.02474000
v 0.00119100 -0.01664200 -0.02650000
v 0.00056700 -0.01499600 -0.02474000
v 0.00080000 -0.01488600 -0.02474000
v 0.00251500 -0.01572800 -0.02650000
v 0.00119800 -0.01456100 -0.02474000
v 0.00138600 -0.01430000 -0.02474000
v 0.00326200 -0.01430400 -0.02650000
v 0.00155300 -0.01388300 -0.02474000
v 0.00326200 -0.01269600 -0.02650000
v 0.00160000 -0.01350000 -0.02474000
v 0.00155300 -0.01311700 -0.02474000
v 0.00251500 -0.01127200 -0.02650000
v 0.00138600 -0.01270000 -0.02474000
v 0.00119800 -0.01243900 -0.02474000
v 0.00119100 -0.01035800 -0.02650000
v 0.00080000 -0.01211400 -0.02474000
v 0.00056700 -0.01200400 -0.02474000
v -0.00040500 -0.01016400 -0.02650000
v 0.00000000 -0.01190000 -0.02474000
v -0.00019300 -0.01191200 -0.02474000
v -0.00190900 -0.01073500 -0.02650000
v -0.00080000 -0.01211400 -0.02474000
v -0.00090900 -0.01218300 -0.02474000
v -0.00297500 -0.01193900 -0.02650000
v -0.00138600 -0.01270000 -0.02474000
v -0.00141700 -0.01275600 -0.02474000
v -0.00336000 -0.01350000 -0.02650000
v -0.00160000 -0.01350000 -0.02474000
v -0.00141700 -0.01424400 -0.02474000
v -0.01310800 -0.00600600 -0.02474000
v -0.01307700 -0.00595000 -0.02250000
v -0.01329100 -0.00675000 -0.02250000
v -0.01307700 -0.00595000 -0.02474000
v -0.01260000 -0.00543300 -0.02474000
v -0.01249100 -0.00536400 -0.02250000
v -0.01249100 -0.00536400 -0.02474000
v -0.01188400 -0.00516200 -0.02474000
v -0.01169100 -0.00515000 -0.02250000
v -0.01169100 -0.00515000 -0.02474000
v -0.01112400 -0.00525400 -0.02474000
v -0.01089100 -0.00536400 -0.02250000
v -0.01089100 -0.00536400 -0.02474000
v -0.01049400 -0.00568900 -0.02474000
v -0.01049400 -0.00568900 -0.02474000
v -0.01030600 -0.00595000 -0.02250000
v -0.01030600 -0.00595000 -0.02474000
v -0.01030600 -0.00595000 -0.02250000
v -0.01013800 -0.00636700 -0.02474000
v -0.01013800 -0.00636700 -0.02474000
v -0.01009100 -0.00675000 -0.02250000
v -0.01009100 -0.00675000 -0.02474000
v -0.01009100 -0.00675000 -0.02250000
v -0.01013800 -0.00713300 -0.02474000
v -0.01030600 -0.00755000 -0.02250000
v -0.01030600 -0.00755000 -0.02474000
v -0.01049400 -0.00781100 -0.02474000
v -0.01089100 -0.00813600 -0.02250000
v -0.01089100 -0.00813600 -0.02474000
v -0.01112400 -0.00824600 -0.02474000
v -0.01169100 -0.00835000 -0.02250000
v -0.01169100 -0.00835000 -0.02474000
v -0.01188400 -0.00833800 -0.02474000
v -0.01249100 -0.00813600 -0.02250000
v -0.01249100 -0.00813600 -0.02474000
v -0.01260000 -0.00806700 -0.02474000
v -0.01307700 -0.00755000 -0.02250000
v -0.01307700 -0.00755000 -0.02474000
v -0.01310800 -0.00749300 -0.02474000
v -0.01329100 -0.00675000 -0.02250000
v -0.01329100 -0.00675000 -0.02474000
v -0.01329100 -0.00675000 -0.02474000
v -0.01360000 -0.00951500 -0.02650000
v -0.01466600 -0.00831100 -0.02650000
v -0.01307700 -0.00755000 -0.02474000
v -0.01260000 -0.00806700 -0.02474000
v -0.01249100 -0.00813600 -0.02474000
v -0.01209600 -0.01008500 -0.02650000
v -0.01188400 -0.00833800 -0.02474000
v -0.01169100 -0.00835000 -0.02474000
v -0.01050000 -0.00989200 -0.02650000
v -0.01112400 -0.00824600 -0.02474000
v -0.01089100 -0.00813600 -0.02474000
v -0.00917600 -0.00897800 -0.02650000
v -0.01049400 -0.00781100 -0.02474000
v -0.01030600 -0.00755000 -0.02474000
v -0.00842900 -0.00755400 -0.02650000
v -0.01013800 -0.00713300 -0.02474000
v -0.00842900 -0.00594600 -0.02650000
v -0.01009100 -0.00675000 -0.02474000
v -0.01013800 -0.00636700 -0.02474000
v -0.00917600 -0.00452200 -0.02650000
v -0.01030600 -0.00595000 -0.02474000
v -0.01049400 -0.00568900 -0.02474000
v -0.01050000 -0.00360800 -0.02650000
v -0.01089100 -0.00536400 -0.02474000
v -0.01112400 -0.00525400 -0.02474000
v -0.01209600 -0.00341400 -0.02650000
v -0.01169100 -0.00515000 -0.02474000
v -0.01188400 -0.00516200 -0.02474000
v -0.01360000 -0.00398500 -0.02650000
v -0.01249100 -0.00536400 -0.02474000
v -0.01260000 -0.00543300 -0.02474000
v -0.01466600 -0.00518800 -0.02650000
v -0.01307700 -0.00595000 -0.02474000
v -0.01310800 -0.00600600 -0.02474000
v -0.01505100 -0.00675000 -0.02650000
v -0.01329100 -0.00675000 -0.02474000
v -0.01310800 -0.00749300 -0.02474000
v -0.01310800 0.00749300 -0.02474000
v -0.01307700 0.00755000 -0.02250000
v -0.01329100 0.00675000 -0.02250000
v -0.01307700 0.00755000 -0.02474000
v -0.01260000 0.00806700 -0.02474000
v -0.01249100 0.00813600 -0.02250000
v -0.01249100 0.00813600 -0.02474000
v -0.01188400 0.00833800 -0.02474000
v -0.01169100 0.00835000 -0.02250000
v -0.01169100 0.00835000 -0.02474000
v -0.01112400 0.00824600 -0.02474000
v -0.01089100 0.00813600 -0.02250000
v -0.01089100 0.00813600 -0.02474000
v -0.01049400 0.00781100 -0.02474000
v -0.01030600 0.00755000 -0.02250000
v -0.01030600 0.00755000 -0.02474000
v -0.01013800 0.00713300 -0.02474000
v -0.01009100 0.00675000 -0.02250000
v -0.01009100 0.00675000 -0.02474000
v -0.01013800 0.00636700 -0.02474000
v -0.01030600 0.00595000 -0.02250000
v -0.01030600 0.00595000 -0.02474000
v -0.01049400 0.00568900 -0.02474000
v -0.01089100 0.00536400 -0.02250000
v -0.01089100 0.00536400 -0.02474000
v -0.01112400 0.00525400 -0.02474000
v -0.01169100 0.00515000 -0.02250000
v -0.01169100 0.00515000 -0.02474000
v -0.01188400 0.00516200 -0.02474000
v -0.01249100 0.00536400 -0.02250000
v -0.01249100 0.00536400 -0.02474000
v -0.01260000 0.00543300 -0.02474000
v -0.01307700 0.00595000 -0.02250000
v -0.01307700 0.00595000 -0.02474000
v -0.01310800 0.00600600 -0.02474000
v -0.01329100 0.00675000 -0.02250000
v -0.01329100 0.00675000 -0.02474000
v -0.01329100 0.00675000 -0.02474000
v -0.01360000 0.00398500 -0.02650000
v -0.01466600 0.00518800 -0.02650000
v -0.01307700 0.00595000 -0.02474000
v -0.01260000 0.00543300 -0.02474000
v -0.01249100 0.00536400 -0.02474000
v -0.01209600 0.00341400 -0.02650000
v -0.01188400 0.00516200 -0.02474000
v -0.01169100 0.00515000 -0.02474000
v -0.01050000 0.00360800 -0.02650000
v -0.01112400 0.00525400 -0.02474000
v -0.01089100 0.00536400 -0.02474000
v -0.00917600 0.00452200 -0.02650000
v -0.01049400 0.00568900 -0.02474000
v -0.01030600 0.00595000 -0.02474000
v -0.00842900 0.00594600 -0.02650000
v -0.01013800 0.00636700 -0.02474000
v -0.00842900 0.00755400 -0.02650000
v -0.01009100 0.00675000 -0.02474000
v -0.01013800 0.00713300 -0.02474000
v -0.00917600 0.00897800 -0.02650000
v -0.01030600 0.00755000 -0.02474000
v -0.01049400 0.00781100 -0.02474000
v -0.01050000 0.00989200 -0.02650000
v -0.01089100 0.00813600 -0.02474000
v -0.01112400 0.00824600 -0.02474000
v -0.01209600 0.01008500 -0.02650000
v -0.01169100 0.00835000 -0.02474000
v -0.01188400 0.00833800 -0.02474000
v -0.01360000 0.00951500 -0.02650000
v -0.01249100 0.00813600 -0.02474000
v -0.01260000 0.00806700 -0.02474000
v -0.01466600 0.00831100 -0.02650000
v -0.01307700 0.00755000 -0.02474000
v -0.01310800 0.00749300 -0.02474000
v -0.01505100 0.00675000 -0.02650000
v -0.01329100 0.00675000 -0.02474000
v -0.01310800 0.00600600 -0.02474000
v -0.00141700 0.01424400 -0.02474000
v -0.00138600 0.01430000 -0.02250000
v -0.00160000 0.01350000 -0.02250000
v -0.00138600 0.01430000 -0.02474000
v -0.00090900 0.01481700 -0.02474000
v -0.00080000 0.01488600 -0.02250000
v -0.00080000 0.01488600 -0.02474000
v -0.00019300 0.01508800 -0.02474000
v -0.00000000 0.01510000 -0.02250000
v -0.00000000 0.01510000 -0.02474000
v 0.00056700 0.01499600 -0.02474000
v 0.00056700 0.01499600 -0.02474000
v 0.00080000 0.01488600 -0.02250000
v 0.00080000 0.01488600 -0.02474000
v 0.00080000 0.01488600 -0.02250000
v 0.00119800 0.01456100 -0.02474000
v 0.00119800 0.01456100 -0.02474000
v 0.00138600 0.01430000 -0.02250000
v 0.00138600 0.01430000 -0.02474000
v 0.00138600 0.01430000 -0.02250000
v 0.00155300 0.01388300 -0.02474000
v 0.00160000 0.01350000 -0.02250000
v 0.00160000 0.01350000 -0.02474000
v 0.00155300 0.01311700 -0.02474000
v 0.00138600 0.01270000 -0.02250000
v 0.00138600 0.01270000 -0.02474000
v 0.00119800 0.01243900 -0.02474000
v 0.00080000 0.01211400 -0.02250000
v 0.00080000 0.01211400 -0.02474000
v 0.00056700 0.01200400 -0.02474000
v -0.00000000 0.01190000 -0.02250000
v -0.00000000 0.01190000 -0.02474000
v -0.00019300 0.01191200 -0.02474000
v -0.00080000 0.01211400 -0.02250000
v -0.00080000 0.01211400 -0.02474000
v -0.00090900 0.01218300 -0.02474000
v -0.00138600 0.01270000 -0.02250000
v -0.00138600 0.01270000 -0.02474000
v -0.00141700 0.01275600 -0.02474000
v -0.00160000 0.01350000 -0.02250000
v -0.00160000 0.01350000 -0.02474000
v -0.00160000 0.01350000 -0.02474000
v -0.00190900 0.01073500 -0.02650000
v -0.00297500 0.01193900 -0.02650000
v -0.00138600 0.01270000 -0.02474000
v -0.00090900 0.01218300 -0.02474000
v -0.00080000 0.01211400 -0.02474000
v -0.00040500 0.01016400 -0.02650000
v -0.00019300 0.01191200 -0.02474000
v -0.00000000 0.01190000 -0.02474000
v 0.00119100 0.01035800 -0.02650000
v 0.00056700 0.01200400 -0.02474000
v 0.00080000 0.01211400 -0.02474000
v 0.00251500 0.01127200 -0.02650000
v 0.00119800 0.01243900 -0.02474000
v 0.00138600 0.01270000 -0.02474000
v 0.00326200 0.01269600 -0.02650000
v 0.00155300 0.01311700 -0.02474000
v 0.00326200 0.01430400 -0.02650000
v 0.00160000 0.01350000 -0.02474000
v 0.00155300 0.01388300 -0.02474000
v 0.00251500 0.01572800 -0.02650000
v 0.00138600 0.01430000 -0.02474000
v 0.00119800 0.01456100 -0.02474000
v 0.00119100 0.01664200 -0.02650000
v 0.00080000 0.01488600 -0.02474000
v 0.00056700 0.01499600 -0.02474000
v -0.00040500 0.01683500 -0.02650000
v -0.00000000 0.01510000 -0.02474000
v -0.00019300 0.01508800 -0.02474000
v -0.00190900 0.01626500 -0.02650000
v -0.00080000 0.01488600 -0.02474000
v -0.00090900 0.01481700 -0.02474000
v -0.00297500 0.01506100 -0.02650000
v -0.00138600 0.01430000 -0.02474000
v -0.00141700 0.01424400 -0.02474000
v -0.00336000 0.01350000 -0.02650000
v -0.00160000 0.01350000 -0.02474000
v -0.00141700 0.01275600 -0.02474000
v -0.00100000 0.02297800 -0.02550000
v -0.00000000 0.02300000 -0.02550000
v -0.00100000 0.02000000 -0.02550000
v -0.00100000 0.02000000 -0.02550000
v -0.00000000 0.02300000 -0.02550000
v -0.00000000 0.02300000 -0.02550000
v -0.00000000 0.01900000 -0.02550000
v -0.00000000 0.01900000 -0.02550000
v -0.00000000 0.01900000 -0.02550000
v -0.00000000 0.01900000 -0.02550000
v -0.00000000 0.01900000 -0.02550000
v -0.00000000 0.01900000 -0.02550000
v -0.00086600 0.01950000 -0.02550000
v -0.00086600 0.01950000 -0.02550000
v -0.00050000 0.01913400 -0.02550000
v 0.00086600 0.01950000 -0.02550000
v 0.00050000 0.01913400 -0.02550000
v 0.00050000 0.01913400 -0.02550000
v 0.00100000 0.02000000 -0.02550000
v 0.00100000 0.02000000 -0.02550000
v 0.00100000 0.02000000 -0.02550000
v 0.00100000 0.02297800 -0.02550000
v 0.00100000 0.02297800 -0.02550000
v -0.00100000 0.02297800 -0.02600000
v -0.00100000 0.02297800 -0.02550000
v -0.00100000 0.02297800 -0.02550000
v -0.00100000 0.02247800 -0.02650000
v -0.00100000 0.02247800 -0.02650000
v -0.00100000 0.02000000 -0.02550000
v -0.00100000 0.02000000 -0.02650000
v 0.00100000 0.02297800 -0.02550000
v 0.00100000 0.02297800 -0.02600000
v 0.00100000 0.02000000 -0.02550000
v 0.00100000 0.02247800 -0.02650000
v 0.00100000 0.02000000 -0.02650000
v 0.00086600 0.01950000 -0.02550000
v 0.00086600 0.01950000 -0.02650000
v 0.00086600 0.01950000 -0.02550000
v 0.00086600 0.01950000 -0.02650000
v 0.00050000 0.01913400 -0.02550000
v 0.00050000 0.01913400 -0.02650000
v 0.00050000 0.01913400 -0.02550000
v 0.00050000 0.01913400 -0.02650000
v 0.00050000 0.01913400 -0.02650000
v -0.00000000 0.01900000 -0.02550000
v -0.00000000 0.01900000 -0.02550000
v -0.00000000 0.01900000 -0.02650000
v -0.00000000 0.01900000 -0.02550000
v -0.00000000 0.01900000 -0.02650000
v -0.00000000 0.01900000 -0.02650000
v -0.00050000 0.01913400 -0.02550000
v -0.00050000 0.01913400 -0.02550000
v -0.00050000 0.01913400 -0.02650000
v -0.00050000 0.01913400 -0.02550000
v -0.00050000 0.01913400 -0.02650000
v -0.00050000 0.01913400 -0.02650000
v -0.00086600 0.01950000 -0.02550000
v -0.00086600 0.01950000 -0.02550000
v -0.00086600 0.01950000 -0.02650000
v -0.00086600 0.01950000 -0.02550000
v -0.00086600 0.01950000 -0.02650000
v -0.00086600 0.01950000 -0.02650000
v -0.00100000 0.02000000 -0.02550000
v -0.00600000 -0.03050000 -0.01970000
v -0.00600000 -0.03050000 -0.02250000
v -0.00600000 -0.03800000 -0.01970000
v -0.00600000 -0.03550000 -0.02250000
v -0.00600000 -0.03800000 -0.02250000
v -0.00500000 -0.03900000 -0.01970000
v -0.00500000 -0.03900000 -0.02250000
v -0.00142500 -0.03900000 -0.02250000
v 0.00500000 -0.03900000 -0.01970000
v 0.00142500 -0.03900000 -0.02250000
v 0.00500000 -0.03900000 -0.02250000
v 0.00600000 -0.03050000 -0.02250000
v 0.00600000 -0.03050000 -0.01970000
v 0.00600000 -0.03550000 -0.02250000
v 0.00600000 -0.03800000 -0.01970000
v 0.00600000 -0.03800000 -0.02250000
v -0.00142500 -0.02950000 -0.02250000
v -0.00500000 -0.02950000 -0.02250000
v -0.00500000 -0.02950000 -0.01970000
v 0.00142500 -0.02950000 -0.02250000
v 0.00500000 -0.02950000 -0.01970000
v 0.00500000 -0.02950000 -0.02250000
v 0.00500000 -0.02970000 -0.01950000
v -0.00500000 -0.02970000 -0.01950000
v -0.00580000 -0.03050000 -0.01950000
v -0.00580000 -0.03050000 -0.01950000
v -0.00580000 -0.03050000 -0.01950000
v -0.00530600 -0.02976100 -0.01950000
v -0.00530600 -0.02976100 -0.01950000
v -0.00556600 -0.02993400 -0.01950000
v -0.00556600 -0.02993400 -0.01950000
v -0.00573900 -0.03019400 -0.01950000
v -0.00580000 -0.03800000 -0.01950000
v -0.00580000 -0.03800000 -0.01950000
v -0.00580000 -0.03800000 -0.01950000
v 0.00500000 -0.03880000 -0.01950000
v 0.00500000 -0.03880000 -0.01950000
v 0.00500000 -0.03880000 -0.01950000
v 0.00500000 -0.03880000 -0.01950000
v 0.00500000 -0.03880000 -0.01950000
v 0.00530600 -0.03873900 -0.01950000
v 0.00556600 -0.03856600 -0.01950000
v 0.00556600 -0.03856600 -0.01950000
v 0.00556600 -0.03856600 -0.01950000
v 0.00530600 -0.02976100 -0.01950000
v 0.00556600 -0.02993400 -0.01950000
v 0.00580000 -0.03050000 -0.01950000
v 0.00580000 -0.03050000 -0.01950000
v 0.00573900 -0.03019400 -0.01950000
v -0.00569300 -0.03840000 -0.01950000
v -0.00540000 -0.03869300 -0.01950000
v -0.00540000 -0.03869300 -0.01950000
v -0.00500000 -0.03880000 -0.01950000
v -0.00500000 -0.03880000 -0.01950000
v 0.00580000 -0.03800000 -0.01950000
v 0.00580000 -0.03800000 -0.01950000
v 0.00580000 -0.03800000 -0.01950000
v 0.00573900 -0.03830600 -0.01950000
v 0.00592400 -0.03011700 -0.02250000
v 0.00592400 -0.03011700 -0.01970000
v 0.00570700 -0.02979300 -0.02250000
v 0.00570700 -0.02979300 -0.01970000
v 0.00570700 -0.02979300 -0.01970000
v 0.00570700 -0.02979300 -0.01970000
v 0.00570700 -0.02979300 -0.02250000
v 0.00538300 -0.02957600 -0.02250000
v 0.00538300 -0.02957600 -0.02250000
v 0.00538300 -0.02957600 -0.01970000
v 0.00538300 -0.02957600 -0.01970000
v 0.00538300 -0.02957600 -0.02250000
v -0.00538300 -0.02957600 -0.02250000
v -0.00538300 -0.02957600 -0.01970000
v -0.00538300 -0.02957600 -0.01970000
v -0.00538300 -0.02957600 -0.02250000
v -0.00570700 -0.02979300 -0.02250000
v -0.00570700 -0.02979300 -0.01970000
v -0.00592400 -0.03011700 -0.02250000
v -0.00592400 -0.03011700 -0.01970000
v -0.00592400 -0.03011700 -0.01970000
v -0.00592400 -0.03011700 -0.02250000
v -0.00586600 -0.03850000 -0.02250000
v -0.00586600 -0.03850000 -0.01970000
v -0.00586600 -0.03850000 -0.01970000
v -0.00586600 -0.03850000 -0.01970000
v -0.00586600 -0.03850000 -0.02250000
v -0.00550000 -0.03886600 -0.02250000
v -0.00550000 -0.03886600 -0.02250000
v -0.00550000 -0.03886600 -0.01970000
v -0.00550000 -0.03886600 -0.01970000
v -0.00550000 -0.03886600 -0.02250000
v 0.00538300 -0.03892400 -0.02250000
v 0.00538300 -0.03892400 -0.01970000
v 0.00538300 -0.03892400 -0.01970000
v 0.00570700 -0.03870700 -0.02250000
v 0.00570700 -0.03870700 -0.02250000
v 0.00570700 -0.03870700 -0.01970000
v 0.00592400 -0.03838300 -0.02250000
v 0.00592400 -0.03838300 -0.01970000
v 0.00592400 -0.03838300 -0.01970000
v 0.00592400 -0.03838300 -0.02250000
v -0.00500000 -0.02970000 -0.01950000
v -0.00500000 -0.02950000 -0.01970000
v -0.00538300 -0.02957600 -0.01970000
v -0.00530600 -0.02976100 -0.01950000
v -0.00570700 -0.02979300 -0.01970000
v -0.00556600 -0.02993400 -0.01950000
v -0.00592400 -0.03011700 -0.01970000
v -0.00573900 -0.03019400 -0.01950000
v -0.00600000 -0.03050000 -0.01970000
v -0.00580000 -0.03050000 -0.01950000
v -0.00600000 -0.03800000 -0.01970000
v -0.00580000 -0.03800000 -0.01950000
v 0.00500000 -0.02970000 -0.01950000
v 0.00500000 -0.02950000 -0.01970000
v -0.00586600 -0.03850000 -0.01970000
v -0.00569300 -0.03840000 -0.01950000
v -0.00550000 -0.03886600 -0.01970000
v -0.00540000 -0.03869300 -0.01950000
v -0.00500000 -0.03900000 -0.01970000
v -0.00500000 -0.03880000 -0.01950000
v 0.00580000 -0.03050000 -0.01950000
v 0.00600000 -0.03050000 -0.01970000
v 0.00592400 -0.03011700 -0.01970000
v 0.00573900 -0.03019400 -0.01950000
v 0.00570700 -0.02979300 -0.01970000
v 0.00556600 -0.02993400 -0.01950000
v 0.00538300 -0.02957600 -0.01970000
v 0.00530600 -0.02976100 -0.01950000
v 0.00500000 -0.03900000 -0.01970000
v 0.00500000 -0.03880000 -0.01950000
v 0.00580000 -0.03800000 -0.01950000
v 0.00600000 -0.03800000 -0.01970000
v 0.00538300 -0.03892400 -0.01970000
v 0.00530600 -0.03873900 -0.01950000
v 0.00570700 -0.03870700 -0.01970000
v 0.00556600 -0.03856600 -0.01950000
v 0.00592400 -0.03838300 -0.01970000
v 0.00573900 -0.03830600 -0.01950000
v -0.00125000 -0.00000000 -0.02250000
v -0.00125000 -0.00000000 -0.02622500
v -0.00125000 -0.00000000 -0.02622500
v -0.00108200 0.00062500 -0.02250000
v -0.00108200 0.00062500 -0.02250000
v -0.00108200 0.00062500 -0.02622500
v -0.00108200 0.00062500 -0.02250000
v -0.00108200 0.00062500 -0.02622500
v -0.00108200 0.00062500 -0.02622500
v -0.00062500 0.00108200 -0.02250000
v -0.00062500 0.00108200 -0.02250000
v -0.00062500 0.00108200 -0.02622500
v -0.00062500 0.00108200 -0.02250000
v -0.00062500 0.00108200 -0.02622500
v -0.00062500 0.00108200 -0.02622500
v -0.00000000 0.00125000 -0.02250000
v -0.00000000 0.00125000 -0.02250000
v -0.00000000 0.00125000 -0.02622500
v -0.00000000 0.00125000 -0.02250000
v -0.00000000 0.00125000 -0.02622500
v -0.00000000 0.00125000 -0.02622500
v 0.00062500 0.00108200 -0.02250000
v 0.00062500 0.00108200 -0.02250000
v 0.00062500 0.00108200 -0.02622500
v 0.00062500 0.00108200 -0.02250000
v 0.00062500 0.00108200 -0.02622500
v 0.00062500 0.00108200 -0.02622500
v 0.00108200 0.00062500 -0.02250000
v 0.00108200 0.00062500 -0.02250000
v 0.00108200 0.00062500 -0.02622500
v 0.00108200 0.00062500 -0.02250000
v 0.00108200 0.00062500 -0.02622500
v 0.00108200 0.00062500 -0.02622500
v 0.00125000 0.00000000 -0.02250000
v 0.00125000 0.00000000 -0.02250000
v 0.00125000 0.00000000 -0.02622500
v 0.00125000 0.00000000 -0.02250000
v 0.00125000 0.00000000 -0.02622500
v 0.00125000 0.00000000 -0.02622500
v 0.00108200 -0.00062500 -0.02250000
v 0.00108200 -0.00062500 -0.02250000
v 0.00108200 -0.00062500 -0.02622500
v 0.00108200 -0.00062500 -0.02250000
v 0.00108200 -0.00062500 -0.02622500
v 0.00108200 -0.00062500 -0.02622500
v 0.00062500 -0.00108200 -0.02250000
v 0.00062500 -0.00108200 -0.02250000
v 0.00062500 -0.00108200 -0.02622500
v 0.00062500 -0.00108200 -0.02250000
v 0.00062500 -0.00108200 -0.02622500
v 0.00062500 -0.00108200 -0.02622500
v 0.00000000 -0.00125000 -0.02250000
v 0.00000000 -0.00125000 -0.02250000
v 0.00000000 -0.00125000 -0.02622500
v 0.00000000 -0.00125000 -0.02250000
v 0.00000000 -0.00125000 -0.02622500
v 0.00000000 -0.00125000 -0.02622500
v -0.00062500 -0.00108200 -0.02250000
v -0.00062500 -0.00108200 -0.02250000
v -0.00062500 -0.00108200 -0.02622500
v -0.00062500 -0.00108200 -0.02250000
v -0.00062500 -0.00108200 -0.02622500
v -0.00062500 -0.00108200 -0.02622500
v -0.00108200 -0.00062500 -0.02250000
v -0.00108200 -0.00062500 -0.02250000
v -0.00108200 -0.00062500 -0.02622500
v -0.00108200 -0.00062500 -0.02250000
v -0.00108200 -0.00062500 -0.02622500
v -0.00108200 -0.00062500 -0.02622500
v -0.00125000 -0.00000000 -0.02250000
v -0.00125000 -0.00000000 -0.02250000
v -0.00125000 -0.00000000 -0.02622500
v -0.00108200 0.00062500 -0.02622500
v -0.00132100 0.00076200 -0.02650000
v -0.00062500 0.00108200 -0.02622500
v -0.00076200 0.00132100 -0.02650000
v -0.00000000 0.00125000 -0.02622500
v -0.00000000 0.00152500 -0.02650000
v 0.00062500 0.00108200 -0.02622500
v 0.00076200 0.00132100 -0.02650000
v 0.00108200 0.00062500 -0.02622500
v 0.00132100 0.00076300 -0.02650000
v 0.00125000 0.00000000 -0.02622500
v 0.00152500 0.00000000 -0.02650000
v 0.00108200 -0.00062500 -0.02622500
v 0.00132100 -0.00076200 -0.02650000
v 0.00062500 -0.00108200 -0.02622500
v 0.00076200 -0.00132100 -0.02650000
v 0.00000000 -0.00125000 -0.02622500
v 0.00000000 -0.00152500 -0.02650000
v -0.00062500 -0.00108200 -0.02622500
v -0.00076200 -0.00132100 -0.02650000
v -0.00108200 -0.00062500 -0.02622500
v -0.00132100 -0.00076200 -0.02650000
v -0.00125000 -0.00000000 -0.02622500
v -0.00152500 -0.00000000 -0.02650000
vn 0.00000000 0.00000000 1.00000000
vn 0.00000000 0.00000000 1.00000000
vn 0.00000100 0.00000000 1.00000000
vn 0.00000100 0.00000000 1.00000000
vn 0.00000100 0.00000000 1.00000000
vn -0.00000000 -0.00000000 1.00000000
vn 0.00000100 0.00000000 1.00000000
vn -0.00000200 -0.00000000 1.00000000
vn 0.00000000 0.00000000 1.00000000
vn -0.00000000 -0.00000000 1.00000000
vn 0.00000000 0.00000000 1.00000000
vn 0.00000000 0.00000000 1.00000000
vn -0.00000200 -0.00000000 1.00000000
vn 0.00000000 0.00000000 1.00000000
vn -0.00000000 -0.00000000 1.00000000
vn 0.00000000 0.00000000 1.00000000
vn 0.00000200 0.00000000 1.00000000
vn -0.00000000 -0.00000000 1.00000000
vn 0.00000000 0.00000000 1.00000000
vn 0.00000000 0.00000000 1.00000000
vn -0.00000200 -0.00000000 1.00000000
vn 0.00000500 0.00000000 1.00000000
vn 0.00000000 0.00000000 1.00000000
vn 0.00000600 0.00000000 1.00000000
vn 0.00000300 0.00000000 1.00000000
vn 0.00000000 0.00000000 1.00000000
vn -0.00000100 -0.00000000 1.00000000
vn 0.00000000 0.00000000 1.00000000
vn 0.00000000 0.00000000 1.00000000
vn -0.00000200 -0.00000000 1.00000000
vn -0.00000100 -0.00000000 1.00000000
vn 0.00000200 0.00000000 1.00000000
vn 0.00000000 0.00000000 1.00000000
vn 0.00000500 0.00000000 1.00000000
vn -0.00000200 -0.00000000 1.00000000
vn 0.00000000 0.00000000 1.00000000
vn -0.00000200 -0.00000000 1.00000000
vn -0.00000200 -0.00000000 1.00000000
vn 0.00000200 0.00000000 1.00000000
vn 0.00000200 0.00000000 1.00000000
vn 0.00000500 0.00000000 1.00000000
vn -0.00000200 -0.00000000 1.00000000
vn 0.00000000 0.00000000 1.00000000
vn 0.00000000 0.00000000 1.00000000
vn -0.00000500 -0.00000000 1.00000000
vn 0.00000000 0.00000000 1.00000000
vn 0.00000500 0.00000000 1.00000000
vn -0.00000500 -0.00000000 1.00000000
vn 0.00000300 0.00000000 1.00000000
vn 0.00000000 0.00000000 1.00000000
vn 0.00000600 0.00000000 1.00000000
vn -0.00000100 -0.00000000 1.00000000
vn 0.00000000 0.00000000 1.00000000
vn -0.00000100 -0.00000000 1.00000000
vn 0.00000000 0.00000000 1.00000000
vn 0.00000000 0.00000000 1.00000000
vn -0.00000100 -0.00000000 1.00000000
vn 0.00000000 0.00000000 1.00000000
vn 0.00000000 0.00000000 1.00000000
vn 0.00000000 0.00000000 1.00000000
vn 0.00000000 0.00000000 1.00000000
vn 0.00000000 0.00000000 1.00000000
vn 0.00000000 0.00000000 1.00000000
vn 0.00000000 0.00000000 1.00000000
vn -0.00000200 -0.00000000 1.00000000
vn 0.00000000 0.00000000 1.00000000
vn 0.00000100 0.00000000 1.00000000
vn -0.00000200 -0.00000000 1.00000000
vn 0.00000100 0.00000000 1.00000000
vn -0.00000000 -0.00000000 1.00000000
vn 0.00000000 0.00000000 1.00000000
vn 0.00000000 0.00000000 1.00000000
vn 0.00000000 0.00000000 1.00000000
vn -0.00000300 -0.00000000 1.00000000
vn -0.00000500 -0.00000000 1.00000000
vn -0.00000300 -0.00000000 1.00000000
vn 0.00000000 0.00000000 1.00000000
vn -0.00000300 -0.00000000 1.00000000
vn 0.00000300 0.00000000 1.00000000
vn -0.00000500 -0.00000000 1.00000000
vn -0.00000500 -0.00000000 1.00000000
vn 0.00000300 0.00000000 1.00000000
vn 0.00000000 0.00000000 1.00000000
vn 0.00000300 0.00000000 1.00000000
vn 0.00000000 0.00000000 1.00000000
vn 0.00000000 0.00000000 1.00000000
vn 0.00000000 0.00000000 1.00000000
vn 0.00000000 0.00000000 1.00000000
vn -0.00001100 -0.00000000 1.00000000
vn 0.00000400 0.00000000 1.00000000
vn 0.00000000 0.00000000 1.00000000
vn 0.00000000 0.00000000 1.00000000
vn 0.00000400 0.00000000 1.00000000
vn 0.00000400 0.00000000 1.00000000
vn 0.00000000 0.00000000 1.00000000
vn 0.00000100 0.00000000 1.00000000
vn -0.00000500 -0.00000000 1.00000000
vn 0.00000000 0.00000000 1.00000000
vn 0.00000000 0.00000000 1.00000000
vn 0.00000000 0.00000000 1.00000000
vn -0.00000500 -0.00000000 1.00000000
vn 0.00000000 0.00000000 1.00000000
vn 0.00000000 0.00000000 1.00000000
vn 0.00000100 0.00000000 1.00000000
vn -0.00000200 -0.00000000 1.00000000
vn 0.00000100 0.00000000 1.00000000
vn -0.00000500 -0.00000000 1.00000000
vn 0.00000000 0.00000000 1.00000000
vn 0.00000000 0.00000000 1.00000000
vn 0.00000100 0.00000000 1.00000000
vn 0.00000000 0.00000000 1.00000000
vn -0.00001100 -0.00000000 1.00000000
vn 0.00000000 0.00000000 1.00000000
vn 0.00000200 0.00000000 1.00000000
vn 0.00000100 0.00000000 1.00000000
vn -0.00001100 -0.00000000 1.00000000
vn -0.00000100 -0.00000000 1.00000000
vn -0.00000100 -0.00000000 1.00000000
vn 0.00000000 0.00000000 1.00000000
vn 0.00000100 0.00000000 1.00000000
vn 0.00000000 0.00000000 1.00000000
vn 0.00000000 0.00000000 1.00000000
vn -0.00000200 -0.00000000 1.00000000
vn 0.00000200 0.00000000 1.00000000
vn -0.00000200 -0.00000000 1.00000000
vn 0.00000000 0.00000000 1.00000000
vn 0.00000100 0.00000000 1.00000000
vn -0.00000100 -0.00000000 1.00000000
vn -0.00000200 -0.00000000 1.00000000
vn 0.00000100 0.00000000 1.00000000
vn -0.00000200 -0.00000000 1.00000000
vn 0.00000000 0.00000000 1.00000000
vn 0.00000100 0.00000000 1.00000000
vn -0.00000100 -0.00000000 1.00000000
vn -0.00000000 -0.00000000 1.00000000
vn 0.00000000 0.00000000 1.00000000
vn 0.00000000 0.00000000 1.00000000
vn 0.00000200 0.00000000 1.00000000
vn 0.00000000 0.00000000 1.00000000
vn 0.00000200 0.00000000 1.00000000
vn 0.00000000 0.00000000 1.00000000
vn -0.00000100 -0.00000000 1.00000000
vn 0.00000000 0.00000000 1.00000000
vn 0.00000000 0.00000000 1.00000000
vn 0.00000000 0.00000000 1.00000000
vn 0.00000000 0.00000000 1.00000000
vn 0.00000000 0.00000000 1.00000000
vn 0.00000000 0.00000000 1.00000000
vn 0.00000000 0.00000000 1.00000000
vn -0.00000000 -0.00000000 1.00000000
vn 0.00000000 0.00000000 1.00000000
vn 0.00000200 0.00000000 1.00000000
vn -0.00000000 -0.00000000 1.00000000
vn 0.00000000 0.00000000 1.00000000
vn -0.00000100 -0.00000000 1.00000000
vn 0.00000000 0.00000000 1.00000000
vn 0.00000100 0.00000000 1.00000000
vn -0.00000100 -0.00000000 1.00000000
vn 0.00000100 0.00000000 1.00000000
vn 0.00000100 0.00000000 1.00000000
vn 0.00000000 0.00000000 1.00000000
vn 0.00000100 0.00000000 1.00000000
vn 0.00000100 0.00000000 1.00000000
vn 0.00000000 0.00000000 1.00000000
vn 0.00000100 0.00000000 1.00000000
vn 0.00000000 0.00000000 1.00000000
vn 0.00000000 0.00000000 1.00000000
vn 0.00000100 0.00000000 1.00000000
vn 0.00000100 0.00000000 1.00000000
vn 0.00000100 0.00000000 1.00000000
vn 0.00000000 0.00000000 1.00000000
vn -0.00000100 -0.00000000 1.00000000
vn 0.00000000 0.00000000 1.00000000
vn 0.00000000 0.00000000 1.00000000
vn -0.00000100 -0.00000000 1.00000000
vn -0.00000100 -0.00000000 1.00000000
vn 0.00000000 0.00000000 1.00000000
vn 0.00000000 0.00000000 1.00000000
vn -0.00000200 -0.00000000 1.00000000
vn -0.00000000 -0.00000000 1.00000000
vn 0.00000000 0.00000000 1.00000000
vn 0.00000000 0.00000000 1.00000000
vn 0.00000100 0.00000000 1.00000000
vn -0.00000000 -0.00000000 1.00000000
vn 0.00000100 0.00000000 1.00000000
vn 0.00000000 0.00000000 1.00000000
vn 0.00000100 0.00000000 1.00000000
vn 0.00000100 0.00000000 1.00000000
vn 0.00000000 0.00000000 1.00000000
vn 0.00000100 0.00000000 1.00000000
vn 0.00000100 0.00000000 1.00000000
vn -0.00000000 -0.00000000 1.00000000
vn 0.00000000 0.00000000 1.00000000
vn 0.00000200 0.00000000 1.00000000
vn 0.00000000 0.00000000 1.00000000
vn 0.00000000 0.00000000 1.00000000
vn -0.00000100 -0.00000000 1.00000000
vn 0.00000200 0.00000000 1.00000000
vn 0.00000200 0.00000000 1.00000000
vn -0.00000100 -0.00000000 1.00000000
vn -0.00000000 -0.00000000 1.00000000
vn 0.00000100 0.00000000 1.00000000
vn -0.00000100 -0.00000000 1.00000000
vn -0.00000000 -0.00000000 1.00000000
vn 0.00000000 0.00000000 1.00000000
vn 0.00000100 0.00000000 1.00000000
vn -0.00000000 -0.00000000 1.00000000
vn 0.00000100 0.00000000 1.00000000
vn -0.00000300 -0.00000000 1.00000000
vn 0.00000000 0.00000000 1.00000000
vn 0.00000000 0.00000000 1.00000000
vn 0.00000200 0.00000000 1.00000000
vn -0.00000400 -0.00000000 1.00000000
vn 0.00000200 0.00000000 1.00000000
vn -0.00000300 -0.00000000 1.00000000
vn 0.00000000 0.00000000 1.00000000
vn 0.00000000 0.00000000 1.00000000
vn 0.00000200 0.00000000 1.00000000
vn 0.00000000 0.00000000 1.00000000
vn -0.00000800 -0.00000000 1.00000000
vn 0.00000000 0.00000000 1.00000000
vn 0.00000300 0.00000000 1.00000000
vn 0.00000000 0.00000000 1.00000000
vn 0.00000000 0.00000000 1.00000000
vn 0.00000300 0.00000000 1.00000000
vn 0.00000600 0.00000000 1.00000000
vn -0.00000800 -0.00000000 1.00000000
vn -0.00000000 -0.00000000 1.00000000
vn 0.00000000 0.00000000 1.00000000
vn 0.00000300 0.00000000 1.00000000
vn 0.00000000 0.00000000 1.00000000
vn 0.00000000 0.00000000 1.00000000
vn 0.00000000 0.00000000 1.00000000
vn 0.00000000 0.00000000 1.00000000
vn -0.00000300 -0.00000000 1.00000000
vn 0.00000000 0.00000000 1.00000000
vn 0.00000000 0.00000000 1.00000000
vn 0.00000600 0.00000000 1.00000000
vn 0.00000000 0.00000000 1.00000000
vn -0.00000800 -0.00000000 1.00000000
vn 0.00000600 0.00000000 1.00000000
vn 0.00000000 0.00000000 1.00000000
vn 0.00000000 0.00000000 1.00000000
vn 0.00000200 0.00000000 1.00000000
vn -0.00000200 -0.00000000 1.00000000
vn -0.00000200 -0.00000000 1.00000000
vn 0.00000200 0.00000000 1.00000000
vn -0.00000300 -0.00000000 1.00000000
vn 0.00000000 0.00000000 1.00000000
vn 0.00000200 0.00000000 1.00000000
vn -0.00000300 -0.00000000 1.00000000
vn -0.00000300 -0.00000000 1.00000000
vn 0.00000000 0.00000000 1.00000000
vn 0.00000000 0.00000000 1.00000000
vn 0.00000000 0.00000000 1.00000000
vn 0.00000000 0.00000000 1.00000000
vn 0.00000000 0.00000000 1.00000000
vn 0.00000000 0.00000000 1.00000000
vn -0.00000200 -0.00000000 1.00000000
vn 0.00000300 0.00000000 1.00000000
vn -0.00000300 -0.00000000 1.00000000
vn -0.00000200 -0.00000000 1.00000000
vn 0.00000300 0.00000000 1.00000000
vn 0.00000000 0.00000000 1.00000000
vn -0.00000200 -0.00000000 1.00000000
vn 0.00000300 0.00000000 1.00000000
vn 0.00000200 0.00000000 1.00000000
vn 0.00000300 0.00000000 1.00000000
vn -0.00000300 -0.00000000 1.00000000
vn -0.00000100 -0.00000000 1.00000000
vn -0.00000200 -0.00000000 1.00000000
vn -0.00000200 -0.00000000 1.00000000
vn -0.00000200 -0.00000000 1.00000000
vn -0.00000100 -0.00000000 1.00000000
vn -0.00000300 -0.00000000 1.00000000
vn 0.00000000 0.00000000 1.00000000
vn 0.00000100 0.00000000 1.00000000
vn 0.00000100 0.00000000 1.00000000
vn 0.00000000 0.00000000 1.00000000
vn 0.00000300 0.00000000 1.00000000
vn 0.00000300 0.00000000 1.00000000
vn -0.00000300 -0.00000000 1.00000000
vn -0.00000200 -0.00000000 1.00000000
vn 0.00000500 0.00000000 1.00000000
vn 0.00000600 0.00000000 1.00000000
vn 0.00000000 0.00000000 1.00000000
vn -0.00000200 -0.00000000 1.00000000
vn 0.00000200 0.00000000 1.00000000
vn 0.00000200 0.00000000 1.00000000
vn -0.00000500 -0.00000000 1.00000000
vn -0.00000500 -0.00000000 1.00000000
vn 0.00000200 0.00000000 1.00000000
vn 0.00000000 0.00000000 1.00000000
vn -0.00000200 -0.00000000 1.00000000
vn 0.00000200 0.00000000 1.00000000
vn 0.00000000 0.00000000 1.00000000
vn -0.00000500 -0.00000000 1.00000000
vn 0.00000200 0.00000000 1.00000000
vn -0.00000100 -0.00000000 1.00000000
vn 0.00000100 0.00000000 1.00000000
vn 0.00000000 0.00000000 1.00000000
vn 0.00000100 0.00000000 1.00000000
vn -0.00000300 -0.00000000 1.00000000
vn -0.00000300 -0.00000000 1.00000000
vn -0.00000200 -0.00000000 1.00000000
vn 0.00000000 0.00000000 1.00000000
vn 0.00000000 0.00000000 1.00000000
vn 0.00000600 0.00000000 1.00000000
vn -0.00000300 -0.00000000 1.00000000
vn 0.00000600 0.00000000 1.00000000
vn -0.00000500 -0.00000000 1.00000000
vn 0.00000600 0.00000000 1.00000000
vn 0.00000000 0.00000000 1.00000000
vn 0.00000000 0.00000000 1.00000000
vn 0.00000300 0.00000000 1.00000000
vn -0.00000200 -0.00000000 1.00000000
vn 0.00000000 0.00000000 1.00000000
vn -0.00000200 -0.00000000 1.00000000
vn 0.00000000 0.00000000 1.00000000
vn 0.00000500 0.00000000 1.00000000
vn -0.00000200 -0.00000000 1.00000000
vn 0.00000000 0.00000000 1.00000000
vn 0.00000000 0.00000000 1.00000000
vn -0.00000200 -0.00000000 1.00000000
vn -0.00000200 -0.00000000 1.00000000
vn 0.00000000 0.00000000 1.00000000
vn 0.00000300 0.00000000 1.00000000
vn -0.00000500 -0.00000000 1.00000000
vn -0.00000100 -0.00000000 1.00000000
vn 0.00000700 0.00000000 1.00000000
vn 0.00000000 0.00000000 1.00000000
vn 0.00000000 0.00000000 1.00000000
vn -0.00000500 -0.00000000 1.00000000
vn 0.00000600 0.00000000 1.00000000
vn -0.00000200 -0.00000000 1.00000000
vn -0.00000800 -0.00000000 1.00000000
vn 0.00000000 0.00000000 1.00000000
vn 0.00000000 0.00000000 1.00000000
vn -0.00000200 -0.00000000 1.00000000
vn 0.00000300 0.00000000 1.00000000
vn -0.00000800 -0.00000000 1.00000000
vn 0.00000100 0.00000000 1.00000000
vn -0.00000300 -0.00000000 1.00000000
vn 0.00000000 0.00000000 1.00000000
vn -0.00000200 -0.00000000 1.00000000
vn 0.00000700 0.00000000 1.00000000
vn 0.00000000 0.00000000 1.00000000
vn 0.00000700 0.00000000 1.00000000
vn -0.00000500 -0.00000000 1.00000000
vn 0.00000600 0.00000000 1.00000000
vn 0.00000000 0.00000000 1.00000000
vn 0.00000600 0.00000000 1.00000000
vn 0.00000300 0.00000000 1.00000000
vn -0.00000800 -0.00000000 1.00000000
vn 0.00000300 0.00000000 1.00000000
vn -0.00000200 -0.00000000 1.00000000
vn 0.00000000 0.00000000 1.00000000
vn -0.00000000 -0.00000000 1.00000000
vn 0.00000000 0.00000000 1.00000000
vn 0.00000000 0.00000000 1.00000000
vn 0.00000000 0.00000000 1.00000000
vn 0.00000000 0.00000000 1.00000000
vn 0.00000000 0.00000000 1.00000000
vn 0.00000000 0.00000000 1.00000000
vn 0.00000000 0.00000000 1.00000000
vn 0.00000000 0.00000000 1.00000000
vn 0.00000000 0.00000000 1.00000000
vn -0.00000400 -0.00000000 1.00000000
vn 0.00000000 0.00000000 1.00000000
vn 0.00000000 0.00000000 1.00000000
vn 0.00000000 0.00000000 1.00000000
vn -0.00000400 -0.00000000 1.00000000
vn 0.00000000 0.00000000 1.00000000
vn -0.00000400 -0.00000000 1.00000000
vn 0.00000000 0.00000000 1.00000000
vn -0.00000300 -0.00000000 1.00000000
vn 0.00000300 0.00000000 1.00000000
vn 0.00000000 0.00000000 1.00000000
vn 0.00000000 0.00000000 1.00000000
vn -0.00000100 -0.00000000 1.00000000
vn 0.00000300 0.00000000 1.00000000
vn 0.00000000 0.00000000 1.00000000
vn -0.00000100 -0.00000000 1.00000000
vn 0.00000100 0.00000000 1.00000000
vn -0.00000300 -0.00000000 1.00000000
vn 0.00000100 0.00000000 1.00000000
vn 0.00000000 0.00000000 1.00000000
vn 0.00000000 0.00000000 1.00000000
vn 0.00000000 0.00000000 1.00000000
vn 0.00000000 0.00000000 1.00000000
vn 0.00000000 0.00000000 1.00000000
vn 0.00000000 0.00000000 1.00000000
vn 0.00000000 0.00000000 1.00000000
vn 0.00000000 0.00000000 1.00000000
vn 0.00000000 0.00000000 1.00000000
vn -0.00000400 -0.00000000 1.00000000
vn 0.00000000 0.00000000 1.00000000
vn 0.00000000 0.00000000 1.00000000
vn -0.00000300 -0.00000000 1.00000000
vn -0.00000400 -0.00000000 1.00000000
vn 0.00000300 0.00000000 1.00000000
vn 0.00000000 0.00000000 1.00000000
vn 0.00000000 0.00000000 1.00000000
vn 0.00000300 0.00000000 1.00000000
vn -0.00000200 -0.00000000 1.00000000
vn -0.00000200 -0.00000000 1.00000000
vn 0.00000100 0.00000000 1.00000000
vn 0.00000000 0.00000000 1.00000000
vn -0.00000300 -0.00000000 1.00000000
vn 0.00000100 0.00000000 1.00000000
vn 0.00000000 0.00000000 1.00000000
vn 0.00000000 0.00000000 1.00000000
vn -0.00000200 -0.00000000 1.00000000
vn 0.00000000 0.00000000 1.00000000
vn 0.00000100 0.00000000 1.00000000
vn -0.00000200 -0.00000000 1.00000000
vn 0.00000200 0.00000000 1.00000000
vn -0.00000600 -0.00000000 1.00000000
vn 0.00000000 0.00000000 1.00000000
vn 0.00000100 0.00000000 1.00000000
vn 0.00000000 0.00000000 1.00000000
vn 0.00000000 0.00000000 1.00000000
vn -0.00000600 -0.00000000 1.00000000
vn 0.00000000 0.00000000 1.00000000
vn 0.00000200 0.00000000 1.00000000
vn 0.00000000 0.00000000 1.00000000
vn 0.00000000 0.00000000 1.00000000
vn 0.00000200 0.00000000 1.00000000
vn -0.00000600 -0.00000000 1.00000000
vn 0.00000000 0.00000000 1.00000000
vn 0.00000000 0.00000000 1.00000000
vn 0.00000200 0.00000000 1.00000000
vn -0.00000100 -0.00000000 1.00000000
vn 0.00000200 0.00000000 1.00000000
vn 0.00000100 0.00000000 1.00000000
vn -0.00000100 -0.00000000 1.00000000
vn 0.00000100 0.00000000 1.00000000
vn 0.00000000 0.00000000 1.00000000
vn 0.00000000 0.00000000 1.00000000
vn 0.00000100 0.00000000 1.00000000
vn 0.00000000 0.00000000 1.00000000
vn 0.00000000 0.00000000 1.00000000
vn 0.00000100 0.00000000 1.00000000
vn 0.00000000 0.00000000 1.00000000
vn 0.00000000 0.00000000 1.00000000
vn 0.00000000 0.00000000 1.00000000
vn 0.00000000 0.00000000 1.00000000
vn 0.00000000 0.00000000 1.00000000
vn 0.00000000 0.00000000 1.00000000
vn 0.00000000 0.00000000 1.00000000
vn 0.00000300 0.00000000 1.00000000
vn 0.00000000 0.00000000 1.00000000
vn 0.00000000 0.00000000 1.00000000
vn 0.00000300 0.00000000 1.00000000
vn 0.00000000 0.00000000 1.00000000
vn 0.00000300 0.00000000 1.00000000
vn -0.00000100 -0.00000000 1.00000000
vn 0.00000000 0.00000000 1.00000000
vn 0.00000000 0.00000000 1.00000000
vn 0.00000200 0.00000000 1.00000000
vn 0.00000200 0.00000000 1.00000000
vn -0.00000200 -0.00000000 1.00000000
vn 0.00000000 0.00000000 1.00000000
vn 0.00000000 0.00000000 1.00000000
vn -0.00000200 -0.00000000 1.00000000
vn 0.00000000 0.00000000 1.00000000
vn 0.00000300 0.00000000 1.00000000
vn 0.00000000 0.00000000 1.00000000
vn -0.00000200 -0.00000000 1.00000000
vn 0.00000200 0.00000000 1.00000000
vn 0.00000100 0.00000000 1.00000000
vn -0.00000100 -0.00000000 1.00000000
vn -0.00000000 -0.00000000 1.00000000
vn 0.00000000 0.00000000 1.00000000
vn 0.00000000 0.00000000 1.00000000
vn 0.00000000 0.00000000 1.00000000
vn 0.00000100 0.00000000 1.00000000
vn 0.00000100 0.00000000 1.00000000
vn -0.00000100 -0.00000000 1.00000000
vn 0.00000000 0.00000000 1.00000000
vn -0.00000100 -0.00000000 1.00000000
vn -0.00000000 -0.00000000 1.00000000
vn 0.00000000 0.00000000 1.00000000
vn 0.00000100 0.00000000 1.00000000
vn -0.00000000 -0.00000000 1.00000000
vn 0.00000700 0.00000000 1.00000000
vn 0.00000100 0.00000000 1.00000000
vn 0.00000000 0.00000000 1.00000000
vn 0.00000100 0.00000000 1.00000000
vn 0.00000600 0.00000000 1.00000000
vn -0.00000000 -0.00000000 1.00000000
vn -0.00000000 -0.00000000 1.00000000
vn 0.00000100 0.00000000 1.00000000
vn -0.00000000 -0.00000000 1.00000000
vn 0.00000700 0.00000000 1.00000000
vn 0.00000000 0.00000000 1.00000000
vn 0.00000100 0.00000000 1.00000000
vn -0.00000000 -0.00000000 1.00000000
vn 0.00000000 0.00000000 1.00000000
vn 0.00000200 0.00000000 1.00000000
vn -0.00000000 -0.00000000 1.00000000
vn -0.00000000 -0.00000000 1.00000000
vn 0.00000000 0.00000000 1.00000000
vn 0.00000000 0.00000000 1.00000000
vn -0.00000000 -0.00000000 1.00000000
vn 0.00000000 0.00000000 1.00000000
vn -0.00000000 -0.00000000 1.00000000
vn 0.00000000 0.00000000 1.00000000
vn 0.00000100 0.00000000 1.00000000
vn -0.00000000 -0.00000000 1.00000000
vn 0.00000000 0.00000000 1.00000000
vn 0.00000100 0.00000000 1.00000000
vn 0.00000100 0.00000000 1.00000000
vn 0.00000000 0.00000000 1.00000000
vn 0.00000000 0.00000000 1.00000000
vn 0.00000000 0.00000000 1.00000000
vn 0.00000000 0.00000000 1.00000000
vn 0.00000000 0.00000000 1.00000000
vn 0.00000600 0.00000000 1.00000000
vn 0.00000000 0.00000000 1.00000000
vn 0.00000600 0.00000000 1.00000000
vn 0.00000000 0.00000000 1.00000000
vn 0.00000100 0.00000000 1.00000000
vn -0.00000000 -0.00000000 1.00000000
vn 0.00000000 0.00000000 1.00000000
vn 0.00000000 0.00000000 1.00000000
vn -0.00000000 -0.00000000 1.00000000
vn -0.00000200 -0.00000000 1.00000000
vn 0.00000000 0.00000000 1.00000000
vn 0.00000000 0.00000000 1.00000000
vn -0.00000200 -0.00000000 1.00000000
vn 0.00000000 0.00000000 1.00000000
vn 0.00000000 0.00000000 1.00000000
vn -0.00000000 -0.00000000 1.00000000
vn 0.00000500 0.00000000 1.00000000
vn 0.00000100 0.00000000 1.00000000
vn -0.00000100 -0.00000000 1.00000000
vn -0.00000000 -0.00000000 1.00000000
vn 0.00000000 0.00000000 1.00000000
vn 0.00000000 0.00000000 1.00000000
vn -0.00000000 -0.00000000 1.00000000
vn 0.00000100 0.00000000 1.00000000
vn 0.00000000 0.00000000 1.00000000
vn 0.00000000 0.00000000 1.00000000
vn 0.00000000 0.00000000 1.00000000
vn -0.00000000 -0.00000000 1.00000000
vn 0.00000100 0.00000000 1.00000000
vn 0.00000100 0.00000000 1.00000000
vn 0.00000000 0.00000000 1.00000000
vn 0.00000200 0.00000000 1.00000000
vn 0.00000000 0.00000000 1.00000000
vn 0.00000000 0.00000000 1.00000000
vn -0.00000100 -0.00000000 1.00000000
vn 0.00000200 0.00000000 1.00000000
vn 0.00000100 0.00000000 1.00000000
vn -0.00000100 -0.00000000 1.00000000
vn 0.00000000 0.00000000 1.00000000
vn 0.00000100 0.00000000 1.00000000
vn 0.00000500 0.00000000 1.00000000
vn 0.00000000 0.00000000 1.00000000
vn 0.00000000 0.00000000 1.00000000
vn -0.00000400 -0.00000000 1.00000000
vn 0.00000500 0.00000000 1.00000000
vn -0.00000400 -0.00000000 1.00000000
vn 0.00000000 0.00000000 1.00000000
vn 0.00000000 0.00000000 1.00000000
vn -0.00000100 -0.00000000 1.00000000
vn -0.00000400 -0.00000000 1.00000000
vn 0.00000100 0.00000000 1.00000000
vn -0.00000100 -0.00000000 1.00000000
vn -0.00000000 -0.00000000 1.00000000
vn 0.00000000 0.00000000 1.00000000
vn 0.00000100 0.00000000 1.00000000
vn -0.00000100 -0.00000000 1.00000000
vn 0.00000100 0.00000000 1.00000000
vn 0.00000100 0.00000000 1.00000000
vn 0.00000000 0.00000000 1.00000000
vn 0.00000000 0.00000000 1.00000000
vn 0.00000500 0.00000000 1.00000000
vn -0.00000100 -0.00000000 1.00000000
vn 0.00000000 0.00000000 1.00000000
vn -0.00000200 -0.00000000 1.00000000
vn 0.00000000 0.00000000 1.00000000
vn -0.00000100 -0.00000000 1.00000000
vn 0.00000500 0.00000000 1.00000000
vn 0.00000000 0.00000000 1.00000000
vn -0.00000200 -0.00000000 1.00000000
vn -0.00000100 -0.00000000 1.00000000
vn 0.00000200 0.00000000 1.00000000
vn -0.00000200 -0.00000000 1.00000000
vn 0.00000100 0.00000000 1.00000000
vn 0.00000700 0.00000000 1.00000000
vn 0.00000000 0.00000000 1.00000000
vn 0.00000100 0.00000000 1.00000000
vn -0.00000100 -0.00000000 1.00000000
vn 0.00000000 0.00000000 1.00000000
vn -0.00000100 -0.00000000 1.00000000
vn 0.00000500 0.00000000 1.00000000
vn -0.00000400 -0.00000000 1.00000000
vn -0.00000100 -0.00000000 1.00000000
vn -0.00000400 -0.00000000 1.00000000
vn 0.00000000 0.00000000 1.00000000
vn -0.00000400 -0.00000000 1.00000000
vn 0.00000000 0.00000000 1.00000000
vn -0.00000000 -0.00000000 1.00000000
vn 0.00000000 0.00000000 1.00000000
vn 0.00000000 0.00000000 1.00000000
vn -0.00000500 -0.00000000 1.00000000
vn 0.00000100 0.00000000 1.00000000
vn 0.00000000 0.00000000 1.00000000
vn 0.00000000 0.00000000 1.00000000
vn -0.00000100 -0.00000000 1.00000000
vn -0.00000100 -0.00000000 1.00000000
vn 0.00000000 0.00000000 1.00000000
vn -0.00000500 -0.00000000 1.00000000
vn 0.00000000 0.00000000 1.00000000
vn -0.00000500 -0.00000000 1.00000000
vn 0.00000100 0.00000000 1.00000000
vn 0.00000100 0.00000000 1.00000000
vn 0.00000000 0.00000000 1.00000000
vn -0.00000100 -0.00000000 1.00000000
vn -0.00000100 -0.00000000 1.00000000
vn -0.00000100 -0.00000000 1.00000000
vn -0.00000100 -0.00000000 1.00000000
vn 0.00000000 0.00000000 1.00000000
vn 0.00000000 0.00000000 1.00000000
vn 0.00000000 0.00000000 1.00000000
vn -0.00000100 -0.00000000 1.00000000
vn 0.00000000 0.00000000 1.00000000
vn -0.00001100 -0.00000000 1.00000000
vn 0.00000000 0.00000000 1.00000000
vn 0.00000100 0.00000000 1.00000000
vn 0.00000000 0.00000000 1.00000000
vn -0.00001100 -0.00000000 1.00000000
vn 0.00000100 0.00000000 1.00000000
vn 0.00000100 0.00000000 1.00000000
vn -0.00001100 -0.00000000 1.00000000
vn 0.00000000 0.00000000 1.00000000
vn -0.00000100 -0.00000000 1.00000000
vn 0.00000000 0.00000000 1.00000000
vn 0.00000100 0.00000000 1.00000000
vn -0.00000100 -0.00000000 1.00000000
vn 0.00000000 0.00000000 1.00000000
vn 0.00000100 0.00000000 1.00000000
vn 0.00000100 0.00000000 1.00000000
vn 0.00000000 0.00000000 1.00000000
vn 0.00000000 0.00000000 1.00000000
vn -0.00000200 -0.00000000 1.00000000
vn 0.00000000 0.00000000 1.00000000
vn 0.00000000 0.00000000 1.00000000
vn -0.00000200 -0.00000000 1.00000000
vn -0.68034100 0.21106700 -0.70184500
vn -0.68031900 0.21116200 -0.70183800
vn -0.68059900 0.19233500 -0.70696000
vn -0.07915000 0.70454600 -0.70523000
vn -0.08259000 0.68735400 -0.72161200
vn -0.10091000 0.68969800 -0.71703100
vn -0.15581000 0.67340600 -0.72266700
vn -0.66813500 0.23196800 -0.70695500
vn -0.63646000 0.30844000 -0.70695300
vn -0.61725300 0.34528000 -0.70695100
vn -0.58405000 0.39960500 -0.70654200
vn -0.55497700 0.42892600 -0.71275800
vn -0.52806500 0.46251100 -0.71220100
vn -0.47893900 0.50688600 -0.71671800
vn -0.49469900 0.50557300 -0.70687300
vn -0.43718700 0.54705100 -0.71386400
vn -0.38092600 0.58128700 -0.71902700
vn -0.39708500 0.58535700 -0.70688100
vn -0.33312900 0.61422400 -0.71536900
vn -0.27182600 0.63716200 -0.72120400
vn -0.28716300 0.64638000 -0.70691600
vn -0.21914500 0.66201500 -0.71673600
vn -0.16815200 0.68696800 -0.70696500
vn -0.08182200 0.99594000 0.03754200
vn -0.13759700 0.99014400 0.02610300
vn -0.03002200 0.99884400 0.03754900
vn 0.00727400 0.99993200 0.00913300
vn 0.07453500 0.99717700 0.00910700
vn 0.15528700 0.98782800 0.00900500
vn 0.11163800 0.99374900 0.00000000
vn 0.15311800 0.98820800 0.00000000
vn -0.95503600 0.29649000 0.00060800
vn -0.95490500 0.29691100 0.00000000
vn -0.96150900 0.27477500 -0.00002400
vn -0.94396900 0.33002600 0.00205300
vn -0.88464300 0.46626600 0.00147800
vn -0.88671500 0.46231700 0.00029500
vn -0.82323100 0.56770600 0.00093600
vn -0.77227100 0.63527500 0.00485100
vn -0.76032100 0.64954700 0.00000000
vn -0.70814100 0.70606200 0.00358200
vn -0.64672800 0.76269700 0.00607500
vn -0.63324300 0.77395300 0.00000000
vn -0.57126900 0.82075100 0.00443800
vn -0.50048900 0.86571300 0.00722400
vn -0.48617400 0.87386200 0.00000000
vn -0.41625200 0.90923400 0.00526700
vn -0.33823300 0.94102600 0.00830000
vn -0.32374200 0.94614500 0.00000000
vn -0.24790100 0.96876800 0.00586700
vn -0.13933500 0.99024500 0.00000500
vn -0.11163900 0.99374900 0.00000000
vn 0.24790100 0.96876800 0.00586700
vn 0.33823300 0.94102600 0.00830000
vn 0.32374100 0.94614600 0.00000000
vn 0.41620700 0.90925500 0.00517700
vn 0.50048800 0.86571300 0.00722300
vn 0.48617400 0.87386200 0.00000000
vn 0.57126900 0.82075100 0.00443400
vn 0.64672700 0.76269700 0.00607500
vn 0.63324300 0.77395300 0.00000000
vn 0.70810600 0.70609700 0.00364600
vn 0.77230200 0.63523700 0.00485300
vn 0.76032100 0.64954800 0.00000000
vn 0.82323000 0.56770700 0.00093600
vn 0.86988000 0.49325400 0.00286200
vn 0.89893900 0.43807300 -0.00091600
vn 0.94372400 0.33072700 0.00195100
vn 0.96211500 0.27264200 0.00002500
vn 0.95509900 0.29628700 0.00060400
vn 0.95523100 0.29586200 0.00000000
vn 0.98397100 -0.01591200 -0.17761700
vn 0.99977100 -0.02025200 -0.00692900
vn 0.99709700 -0.07590600 -0.00604900
vn 0.99783400 -0.03587300 -0.05513700
vn 0.05752000 -0.99566100 -0.07314900
vn 0.13836700 -0.99024300 0.01654800
vn 0.00000000 -1.00000000 0.00000000
vn 0.00000000 -1.00000000 0.00000000
vn 0.00000000 -1.00000000 -0.00000000
vn -0.03075500 -0.99780400 -0.05866300
vn 0.00000000 -1.00000000 -0.00000500
vn 0.00000000 -1.00000000 0.00000000
vn 0.00000000 -1.00000000 0.00000000
vn 0.00000000 -1.00000000 0.00000000
vn -0.13836700 -0.99024300 0.01654800
vn -0.99785900 -0.06539700 0.00000000
vn -0.99878300 -0.02688800 -0.04133600
vn -0.98831600 -0.01940600 -0.15117800
vn -0.99977400 -0.01962800 -0.00819300
vn -0.00000000 -0.00000000 -1.00000000
vn 0.00000000 0.00000000 -1.00000000
vn 0.00000400 0.00000000 -1.00000000
vn 0.00000000 0.00000000 -1.00000000
vn -0.00000100 -0.00000000 -1.00000000
vn 0.00000000 0.00000000 -1.00000000
vn 0.00000000 0.00000000 -1.00000000
vn 0.00000000 0.00000000 -1.00000000
vn 0.00000400 0.00000000 -1.00000000
vn 0.00000000 0.00000000 -1.00000000
vn -0.01243000 -0.11503300 -0.99328400
vn -0.01018700 -0.09801100 -0.99513300
vn 0.00000200 0.00000000 -1.00000000
vn 0.00000000 0.00000000 -1.00000000
vn 0.00000000 0.00000000 -1.00000000
vn -0.00000300 -0.00000000 -1.00000000
vn -0.00000300 -0.00000000 -1.00000000
vn 0.00000000 0.00000000 -1.00000000
vn 0.00000000 0.00000000 -1.00000000
vn -0.00000100 -0.00000000 -1.00000000
vn 0.00000100 0.00000000 -1.00000000
vn 0.00000000 0.00000000 -1.00000000
vn 0.00000000 0.00000000 -1.00000000
vn -0.00000100 -0.00000000 -1.00000000
vn -0.00000100 -0.00000000 -1.00000000
vn -0.00000600 -0.00000000 -1.00000000
vn 0.00000300 0.00000000 -1.00000000
vn 0.00000300 0.00000000 -1.00000000
vn 0.00000000 0.00000000 -1.00000000
vn -0.00000500 -0.00000000 -1.00000000
vn 0.00000100 0.00000000 -1.00000000
vn -0.00000100 -0.00000000 -1.00000000
vn 0.00000000 0.00000000 -1.00000000
vn 0.00000100 0.00000000 -1.00000000
vn 0.00000000 0.00000000 -1.00000000
vn -0.00000100 -0.00000000 -1.00000000
vn -0.00000100 -0.00000000 -1.00000000
vn 0.00000000 0.00000000 -1.00000000
vn 0.00000100 0.00000000 -1.00000000
vn 0.00000000 0.00000000 -1.00000000
vn 0.00000000 0.00000000 -1.00000000
vn 0.00000300 0.00000000 -1.00000000
vn 0.00000000 0.00000000 -1.00000000
vn 0.00000000 0.00000000 -1.00000000
vn -0.00000600 -0.00000000 -1.00000000
vn -0.00000600 -0.00000000 -1.00000000
vn 0.00000100 0.00000000 -1.00000000
vn 0.00000000 0.00000000 -1.00000000
vn 0.00000100 0.00000000 -1.00000000
vn -0.00000100 -0.00000000 -1.00000000
vn 0.00000100 0.00000000 -1.00000000
vn 0.00000100 0.00000000 -1.00000000
vn 0.00000000 0.00000000 -1.00000000
vn 0.00000100 0.00000000 -1.00000000
vn 0.00000000 0.00000000 -1.00000000
vn -0.00000200 -0.00000000 -1.00000000
vn 0.00000000 0.00000000 -1.00000000
vn 0.00000100 0.00000000 -1.00000000
vn -0.00000200 -0.00000000 -1.00000000
vn -0.00000300 -0.00000000 -1.00000000
vn 0.00000000 0.00000000 -1.00000000
vn 0.00000200 0.00000000 -1.00000000
vn -0.00000100 -0.00000000 -1.00000000
vn -0.00000300 -0.00000000 -1.00000000
vn 0.00000100 0.00000000 -1.00000000
vn 0.00000000 0.00000000 -1.00000000
vn -0.00000300 -0.00000000 -1.00000000
vn -0.00000300 -0.00000000 -1.00000000
vn 0.00000200 0.00000000 -1.00000000
vn 0.00000200 0.00000000 -1.00000000
vn 0.00000200 0.00000000 -1.00000000
vn 0.00000200 0.00000000 -1.00000000
vn -0.00000000 -0.00000000 -1.00000000
vn 0.00000200 0.00000000 -1.00000000
vn -0.00000600 -0.00000000 -1.00000000
vn -0.00000100 -0.00000000 -1.00000000
vn -0.00000000 -0.00000000 -1.00000000
vn 0.00000000 0.00000000 -1.00000000
vn 0.00000000 0.00000000 -1.00000000
vn -0.00000000 -0.00000000 -1.00000000
vn 0.00000000 0.00000000 -1.00000000
vn 0.00000200 0.00000000 -1.00000000
vn 0.00000000 0.00000000 -1.00000000
vn -0.00000100 -0.00000000 -1.00000000
vn 0.00000000 0.00000000 -1.00000000
vn -0.00000100 -0.00000000 -1.00000000
vn 0.00000000 0.00000000 -1.00000000
vn 0.00000100 0.00000000 -1.00000000
vn 0.00000100 0.00000000 -1.00000000
vn -0.00000200 -0.00000000 -1.00000000
vn -0.00000100 -0.00000000 -1.00000000
vn -0.00000100 -0.00000000 -1.00000000
vn 0.00000000 0.00000000 -1.00000000
vn 0.00000000 0.00000000 -1.00000000
vn -0.00000300 -0.00000000 -1.00000000
vn -0.00000100 -0.00000000 -1.00000000
vn 0.00000000 0.00000000 -1.00000000
vn 0.00000100 0.00000000 -1.00000000
vn -0.00000200 -0.00000000 -1.00000000
vn 0.00000100 0.00000000 -1.00000000
vn -0.00000100 -0.00000000 -1.00000000
vn 0.00000000 0.00000000 -1.00000000
vn 0.00000000 0.00000000 -1.00000000
vn -0.00000300 -0.00000000 -1.00000000
vn 0.00000100 0.00000000 -1.00000000
vn -0.00000300 -0.00000000 -1.00000000
vn 0.00000100 0.00000000 -1.00000000
vn 0.00000000 0.00000000 -1.00000000
vn -0.00000200 -0.00000000 -1.00000000
vn 0.00000000 0.00000000 -1.00000000
vn 0.00000000 0.00000000 -1.00000000
vn 0.00000000 0.00000000 -1.00000000
vn -0.00000100 -0.00000000 -1.00000000
vn -0.00000100 -0.00000000 -1.00000000
vn -0.00000200 -0.00000000 -1.00000000
vn 0.00000600 0.00000000 -1.00000000
vn -0.00000200 -0.00000000 -1.00000000
vn 0.00000600 0.00000000 -1.00000000
vn 0.00000000 0.00000000 -1.00000000
vn 0.00000600 0.00000000 -1.00000000
vn 0.00000600 0.00000000 -1.00000000
vn 0.00000000 0.00000000 -1.00000000
vn 0.00000600 0.00000000 -1.00000000
vn 0.00000000 0.00000000 -1.00000000
vn 0.00000000 0.00000000 -1.00000000
vn 0.00000600 0.00000000 -1.00000000
vn -0.00000300 -0.00000000 -1.00000000
vn 0.00000000 0.00000000 -1.00000000
vn -0.00000300 -0.00000000 -1.00000000
vn -0.00000300 -0.00000000 -1.00000000
vn 0.00000000 0.00000000 -1.00000000
vn -0.00000300 -0.00000000 -1.00000000
vn 0.00000000 0.00000000 -1.00000000
vn 0.00000000 0.00000000 -1.00000000
vn 0.00000200 0.00000000 -1.00000000
vn 0.00000000 0.00000000 -1.00000000
vn -0.00000100 -0.00000000 -1.00000000
vn -0.00000000 -0.00000000 -1.00000000
vn 0.00000100 0.00000000 -1.00000000
vn -0.00000100 -0.00000000 -1.00000000
vn 0.00000200 0.00000000 -1.00000000
vn 0.00000000 0.00000000 -1.00000000
vn -0.00000000 -0.00000000 -1.00000000
vn 0.00000100 0.00000000 -1.00000000
vn 0.00000100 0.00000000 -1.00000000
vn -0.00000100 -0.00000000 -1.00000000
vn 0.00000000 0.00000000 -1.00000000
vn 0.00000000 0.00000000 -1.00000000
vn 0.00000100 0.00000000 -1.00000000
vn 0.00000000 0.00000000 -1.00000000
vn 0.00000100 0.00000000 -1.00000000
vn 0.00000000 0.00000000 -1.00000000
vn -0.00000100 -0.00000000 -1.00000000
vn -0.00000100 -0.00000000 -1.00000000
vn 0.00000100 0.00000000 -1.00000000
vn 0.00000000 0.00000000 -1.00000000
vn 0.00000000 0.00000000 -1.00000000
vn -0.00000100 -0.00000000 -1.00000000
vn 0.00000000 0.00000000 -1.00000000
vn 0.00000000 0.00000000 -1.00000000
vn 0.00000000 0.00000000 -1.00000000
vn 0.00000000 0.00000000 -1.00000000
vn 0.00000100 0.00000000 -1.00000000
vn 0.00000000 0.00000000 -1.00000000
vn 0.00000000 0.00000000 -1.00000000
vn 0.00000100 0.00000000 -1.00000000
vn 0.00000000 0.00000000 -1.00000000
vn 0.00000000 0.00000000 -1.00000000
vn 0.00000200 0.00000000 -1.00000000
vn -0.00000100 -0.00000000 -1.00000000
vn 0.00000000 0.00000000 -1.00000000
vn 0.00000000 0.00000000 -1.00000000
vn 0.00000100 0.00000000 -1.00000000
vn 0.00000000 0.00000000 -1.00000000
vn 0.00000100 0.00000000 -1.00000000
vn 0.00000000 0.00000000 -1.00000000
vn 0.00000000 0.00000000 -1.00000000
vn 0.00000000 0.00000000 -1.00000000
vn 0.00000000 0.00000000 -1.00000000
vn 0.00000000 0.00000000 -1.00000000
vn -0.00000200 -0.00000000 -1.00000000
vn 0.00000000 0.00000000 -1.00000000
vn 0.00000000 0.00000000 -1.00000000
vn -0.00000200 -0.00000000 -1.00000000
vn 0.00000000 0.00000000 -1.00000000
vn 0.00000000 0.00000000 -1.00000000
vn 0.00000000 0.00000000 -1.00000000
vn -0.00000100 -0.00000000 -1.00000000
vn 0.00000000 0.00000000 -1.00000000
vn 0.00000000 0.00000000 -1.00000000
vn 0.00000000 0.00000000 -1.00000000
vn -0.00000100 -0.00000000 -1.00000000
vn 0.00000000 0.00000000 -1.00000000
vn 0.00000000 0.00000000 -1.00000000
vn -0.00000100 -0.00000000 -1.00000000
vn -0.00000100 -0.00000000 -1.00000000
vn 0.00000000 0.00000000 -1.00000000
vn -0.00000100 -0.00000000 -1.00000000
vn -0.00000100 -0.00000000 -1.00000000
vn 0.00000000 0.00000000 -1.00000000
vn 0.00000000 0.00000000 -1.00000000
vn 0.00000000 0.00000000 -1.00000000
vn 0.00000000 0.00000000 -1.00000000
vn -0.00002000 -0.00000000 -1.00000000
vn 0.00000600 0.00000000 -1.00000000
vn -0.00002000 -0.00000000 -1.00000000
vn -0.00002000 -0.00000000 -1.00000000
vn 0.00000600 0.00000000 -1.00000000
vn 0.00000000 0.00000000 -1.00000000
vn 0.00000600 0.00000000 -1.00000000
vn 0.00000000 0.00000000 -1.00000000
vn 0.00000000 0.00000000 -1.00000000
vn 0.00000000 0.00000000 -1.00000000
vn 0.00000000 0.00000000 -1.00000000
vn 0.00000000 0.00000000 -1.00000000
vn -0.00000000 -0.00000000 -1.00000000
vn 0.00000000 0.00000000 -1.00000000
vn 0.00000000 0.00000000 -1.00000000
vn -0.00000000 -0.00000000 -1.00000000
vn 0.00000200 0.00000000 -1.00000000
vn 0.00000000 0.00000000 -1.00000000
vn 0.00000000 0.00000000 -1.00000000
vn -0.00000100 -0.00000000 -1.00000000
vn 0.00000000 0.00000000 -1.00000000
vn 0.00000000 0.00000000 -1.00000000
vn -0.00000000 -0.00000000 -1.00000000
vn 0.00000000 0.00000000 -1.00000000
vn 0.00000000 0.00000000 -1.00000000
vn 0.00000000 0.00000000 -1.00000000
vn 0.00000000 0.00000000 -1.00000000
vn 0.00000000 0.00000000 -1.00000000
vn 0.00000000 0.00000000 -1.00000000
vn 0.00000000 0.00000000 -1.00000000
vn 0.00000000 0.00000000 -1.00000000
vn -0.00000100 -0.00000000 -1.00000000
vn 0.00000000 0.00000000 -1.00000000
vn -0.00000100 -0.00000000 -1.00000000
vn 0.00000000 0.00000000 -1.00000000
vn -0.00000100 -0.00000000 -1.00000000
vn -0.00000100 -0.00000000 -1.00000000
vn 0.00000000 0.00000000 -1.00000000
vn -0.00000100 -0.00000000 -1.00000000
vn -0.00000100 -0.00000000 -1.00000000
vn 0.00000000 0.00000000 -1.00000000
vn 0.00000000 0.00000000 -1.00000000
vn 0.00000000 0.00000000 -1.00000000
vn 0.00000100 0.00000000 -1.00000000
vn 0.00000000 0.00000000 -1.00000000
vn 0.00000000 0.00000000 -1.00000000
vn 0.00000100 0.00000000 -1.00000000
vn 0.00000000 0.00000000 -1.00000000
vn 0.00000000 0.00000000 -1.00000000
vn 0.00000000 0.00000000 -1.00000000
vn 0.00000000 0.00000000 -1.00000000
vn 0.00000000 0.00000000 -1.00000000
vn 0.00000000 0.00000000 -1.00000000
vn 0.00000000 0.00000000 -1.00000000
vn 0.00000000 0.00000000 -1.00000000
vn 0.00000000 0.00000000 -1.00000000
vn 0.00000300 0.00000000 -1.00000000
vn -0.00000100 -0.00000000 -1.00000000
vn -0.00000100 -0.00000000 -1.00000000
vn 0.00000000 0.00000000 -1.00000000
vn 0.00000000 0.00000000 -1.00000000
vn 0.00003200 0.00000000 -1.00000000
vn 0.00000000 0.00000000 -1.00000000
vn 0.00000000 0.00000000 -1.00000000
vn 0.00000300 0.00000000 -1.00000000
vn -0.00000200 -0.00000000 -1.00000000
vn 0.00000000 0.00000000 -1.00000000
vn 0.00000300 0.00000000 -1.00000000
vn 0.00000200 0.00000000 -1.00000000
vn -0.00000200 -0.00000000 -1.00000000
vn 0.00000300 0.00000000 -1.00000000
vn 0.00000200 0.00000000 -1.00000000
vn -0.00000200 -0.00000000 -1.00000000
vn -0.00000800 -0.00000000 -1.00000000
vn 0.00000200 0.00000000 -1.00000000
vn -0.00000800 -0.00000000 -1.00000000
vn -0.00000800 -0.00000000 -1.00000000
vn 0.00003200 0.00000000 -1.00000000
vn 0.00000000 0.00000000 -1.00000000
vn 0.00003200 0.00000000 -1.00000000
vn -0.00000100 -0.00000000 -1.00000000
vn 0.00000000 0.00000000 -1.00000000
vn 0.00000000 0.00000000 -1.00000000
vn -0.00000100 -0.00000000 -1.00000000
vn 0.00000000 0.00000000 -1.00000000
vn 0.00000000 0.00000000 -1.00000000
vn -0.32807100 -0.01914000 -0.94445900
vn -0.17017300 -0.01217500 -0.98533900
vn -0.00000100 -0.00000000 -1.00000000
vn 0.02221100 -0.12342300 -0.99210600
vn 0.00000100 0.00000000 -1.00000000
vn 0.00000000 0.00000000 -1.00000000
vn 0.00000100 0.00000000 -1.00000000
vn 0.00000100 0.00000000 -1.00000000
vn 0.00000000 0.00000000 -1.00000000
vn 0.00000300 0.00000000 -1.00000000
vn 0.00000000 0.00000000 -1.00000000
vn -0.00000500 -0.00000000 -1.00000000
vn 0.00000300 0.00000000 -1.00000000
vn -0.00000500 -0.00000000 -1.00000000
vn -0.04161500 -0.11009700 -0.99304900
vn -0.00000000 -0.01717900 -0.99985200
vn 0.00000000 0.00000000 -1.00000000
vn -0.00000100 -0.00856800 -0.99996300
vn 0.00000400 0.00000000 -1.00000000
vn 0.00000000 0.00000000 -1.00000000
vn -0.00000100 -0.00000000 -1.00000000
vn 0.00000000 0.00000000 -1.00000000
vn -0.00000000 -0.00000000 -1.00000000
vn 0.00000000 0.00000000 -1.00000000
vn -0.00000300 -0.00000000 -1.00000000
vn 0.00000100 0.00000000 -1.00000000
vn 0.00000100 0.00000000 -1.00000000
vn 0.00000000 0.00000000 -1.00000000
vn 0.00000000 0.00000000 -1.00000000
vn -0.00000100 -0.00000000 -1.00000000
vn 0.00000100 0.00000000 -1.00000000
vn 0.00000000 0.00000000 -1.00000000
vn -0.00000100 -0.00000000 -1.00000000
vn 0.00000100 0.00000000 -1.00000000
vn -0.00000100 -0.00000000 -1.00000000
vn 0.00000000 0.00000000 -1.00000000
vn 0.00000000 0.00000000 -1.00000000
vn 0.00000000 0.00000000 -1.00000000
vn 0.00000100 0.00000000 -1.00000000
vn 0.00000000 0.00000000 -1.00000000
vn 0.00000000 0.00000000 -1.00000000
vn -0.00007200 -0.00000000 -1.00000000
vn 0.43901600 -0.02604700 -0.89810200
vn 0.14091800 -0.01108900 -0.98995900
vn 0.00000100 0.00000000 -1.00000000
vn 0.00000000 0.00000000 -1.00000000
vn 0.00000000 0.00000000 -1.00000000
vn 0.00000000 -0.01471000 -0.99989200
vn 0.00000000 0.00000000 -1.00000000
vn -0.00000200 -0.02573400 -0.99966900
vn 0.00000000 0.00000000 -1.00000000
vn 0.00000100 0.00000000 -1.00000000
vn -0.00000300 -0.00000000 -1.00000000
vn -0.00000100 -0.00000000 -1.00000000
vn 0.00000000 0.00000000 -1.00000000
vn -0.00000100 -0.00000000 -1.00000000
vn 0.00000000 0.00000000 -1.00000000
vn 0.00000000 0.00000000 -1.00000000
vn 0.00000000 0.00000000 -1.00000000
vn 0.00000000 0.00000000 -1.00000000
vn 0.00000000 0.00000000 -1.00000000
vn 0.00951200 -0.08526900 -0.99631300
vn -0.00000000 -0.01717900 -0.99985200
vn 0.00000500 0.00000000 -1.00000000
vn -0.00000300 -0.00000000 -1.00000000
vn 0.03000100 -0.11381800 -0.99304800
vn 0.00000000 0.00000000 -1.00000000
vn 0.00000000 0.00000000 -1.00000000
vn 0.00000000 0.00000000 -1.00000000
vn 0.00000000 0.00000000 -1.00000000
vn -0.00000100 -0.00000000 -1.00000000
vn 0.00000000 0.00000000 -1.00000000
vn -0.00000100 -0.00000000 -1.00000000
vn 0.00000000 0.00000000 -1.00000000
vn 0.00001300 0.00000000 -1.00000000
vn -0.00000100 -0.00000000 -1.00000000
vn 0.00000000 0.00000000 -1.00000000
vn 0.00000000 0.00000000 -1.00000000
vn 0.00001300 0.00000000 -1.00000000
vn -0.00007200 -0.00000000 -1.00000000
vn 0.00000000 0.00000000 -1.00000000
vn 0.00001300 0.00000000 -1.00000000
vn -0.00007200 -0.00000000 -1.00000000
vn 0.00000100 0.00000000 -1.00000000
vn -0.06063600 -0.14787500 -0.98714600
vn 0.05917600 -0.11813100 -0.99123300
vn -0.00000400 -0.00000000 -1.00000000
vn 0.00000000 0.00000000 -1.00000000
vn 0.00003200 0.00000000 -1.00000000
vn 0.00000200 0.00000000 -1.00000000
vn 0.00003200 0.00000000 -1.00000000
vn 0.00000000 0.00000000 -1.00000000
vn 0.00000000 0.00000000 -1.00000000
vn 0.00000000 0.00000000 -1.00000000
vn 0.00000000 0.00000000 -1.00000000
vn -0.00000000 -0.00000000 -1.00000000
vn 0.00000000 0.00000000 -1.00000000
vn -0.00000000 -0.00000000 -1.00000000
vn 0.00000000 0.00000000 -1.00000000
vn 0.00000200 0.00000000 -1.00000000
vn -0.00000000 -0.00000000 -1.00000000
vn -0.00000000 -0.00000000 -1.00000000
vn -0.00000300 -0.00000000 -1.00000000
vn 0.00000200 0.00000000 -1.00000000
vn 0.00000000 0.00000000 -1.00000000
vn -0.00000000 -0.00000000 -1.00000000
vn 0.00000200 0.00000000 -1.00000000
vn 0.00000200 0.00000000 -1.00000000
vn -0.00000400 -0.00000000 -1.00000000
vn 0.00003200 0.00000000 -1.00000000
vn -0.00000400 -0.00000000 -1.00000000
vn 0.00000400 0.00000000 -1.00000000
vn -0.00000000 -0.00000000 -1.00000000
vn 0.00000000 0.00000000 -1.00000000
vn -0.00000100 -0.00000000 -1.00000000
vn 0.00000100 0.00000000 -1.00000000
vn -0.00000100 -0.00000000 -1.00000000
vn -0.00000000 -0.00000000 -1.00000000
vn 0.00000400 0.00000000 -1.00000000
vn -0.00000000 -0.00000000 -1.00000000
vn 0.00000000 0.00000000 -1.00000000
vn -0.00000000 -0.00000000 -1.00000000
vn 0.00000000 0.00000000 -1.00000000
vn 0.00000000 0.00000000 -1.00000000
vn -0.00000100 -0.00000000 -1.00000000
vn 0.00000000 0.00000000 -1.00000000
vn -0.00002200 -0.00000000 -1.00000000
vn 0.00000000 0.00000000 -1.00000000
vn 0.00000000 0.00000000 -1.00000000
vn -0.00002200 -0.00000000 -1.00000000
vn 0.00000800 0.00000000 -1.00000000
vn 0.00000000 0.00000000 -1.00000000
vn -0.00000100 -0.00000000 -1.00000000
vn 0.00000400 0.00000000 -1.00000000
vn 0.00000000 0.00000000 -1.00000000
vn 0.00000000 0.00000000 -1.00000000
vn 0.00000800 0.00000000 -1.00000000
vn 0.00000800 0.00000000 -1.00000000
vn -0.00002200 -0.00000000 -1.00000000
vn 0.00000000 0.00000000 -1.00000000
vn -0.00000100 -0.00000000 -1.00000000
vn 0.00000000 0.00000000 -1.00000000
vn 0.00000000 0.00000000 -1.00000000
vn 0.00000000 0.00000000 -1.00000000
vn 0.00000000 0.00000000 -1.00000000
vn 0.00000000 0.00000000 -1.00000000
vn 0.00000000 0.00000000 -1.00000000
vn 0.00000000 0.00000000 -1.00000000
vn 0.00000000 0.00000000 -1.00000000
vn 0.00000400 0.00000000 -1.00000000
vn 0.00000000 0.00000000 -1.00000000
vn 0.00000000 0.00000000 -1.00000000
vn -0.00000100 -0.00000000 -1.00000000
vn 0.00000000 0.00000000 -1.00000000
vn 0.00000000 0.00000000 -1.00000000
vn -0.00000000 -0.00000000 -1.00000000
vn -0.00000100 -0.00000000 -1.00000000
vn 0.00000000 0.00000000 -1.00000000
vn -0.00000100 -0.00000000 -1.00000000
vn -0.00000000 -0.00000000 -1.00000000
vn 0.00000100 0.00000000 -1.00000000
vn 0.00000000 0.00000000 -1.00000000
vn 0.00000100 0.00000000 -1.00000000
vn 0.00000000 0.00000000 -1.00000000
vn 0.00000000 0.00000000 -1.00000000
vn -0.00000300 -0.00000000 -1.00000000
vn 0.00000100 0.00000000 -1.00000000
vn -0.00000300 -0.00000000 -1.00000000
vn 0.00000000 0.00000000 -1.00000000
vn 0.00000100 0.00000000 -1.00000000
vn -0.00000200 -0.00000000 -1.00000000
vn 0.00000000 0.00000000 -1.00000000
vn -0.00000300 -0.00000000 -1.00000000
vn 0.00000100 0.00000000 -1.00000000
vn 0.00000000 0.00000000 -1.00000000
vn 0.00000100 0.00000000 -1.00000000
vn 0.00000000 0.00000000 -1.00000000
vn -0.00000100 -0.00000000 -1.00000000
vn 0.00000000 0.00000000 -1.00000000
vn -0.00000100 -0.00000000 -1.00000000
vn -0.00000100 -0.00000000 -1.00000000
vn 0.00000000 0.00000000 -1.00000000
vn 0.00000100 0.00000000 -1.00000000
vn -0.00000100 -0.00000000 -1.00000000
vn -0.00000100 -0.00000000 -1.00000000
vn 0.00000000 0.00000000 -1.00000000
vn -0.00000100 -0.00000000 -1.00000000
vn 0.00000100 0.00000000 -1.00000000
vn -0.00000000 -0.00000000 -1.00000000
vn 0.00000100 0.00000000 -1.00000000
vn 0.00000000 0.00000000 -1.00000000
vn -0.00000000 -0.00000000 -1.00000000
vn 0.00000500 0.00000000 -1.00000000
vn 0.00000000 0.00000000 -1.00000000
vn 0.00000200 0.00000000 -1.00000000
vn -0.00000100 -0.00000000 -1.00000000
vn 0.00000500 0.00000000 -1.00000000
vn -0.00000200 -0.00000000 -1.00000000
vn 0.00000000 0.00000000 -1.00000000
vn -0.00000100 -0.00000000 -1.00000000
vn 0.00000000 0.00000000 -1.00000000
vn -0.00001200 -0.00000000 -1.00000000
vn 0.00000000 0.00000000 -1.00000000
vn 0.00000000 0.00000000 -1.00000000
vn 0.00000100 0.00000000 -1.00000000
vn -0.00001200 -0.00000000 -1.00000000
vn 0.00000000 0.00000000 -1.00000000
vn 0.00000000 0.00000000 -1.00000000
vn 0.00000500 0.00000000 -1.00000000
vn 0.00000500 0.00000000 -1.00000000
vn 0.00000000 0.00000000 -1.00000000
vn 0.00000000 0.00000000 -1.00000000
vn 0.00000500 0.00000000 -1.00000000
vn 0.00000000 0.00000000 -1.00000000
vn -0.00000600 -0.00000000 -1.00000000
vn 0.00000000 0.00000000 -1.00000000
vn -0.00001200 -0.00000000 -1.00000000
vn -0.00000600 -0.00000000 -1.00000000
vn -0.00000200 -0.00000000 -1.00000000
vn 0.00000200 0.00000000 -1.00000000
vn 0.00000000 0.00000000 -1.00000000
vn 0.00000100 0.00000000 -1.00000000
vn -0.00000600 -0.00000000 -1.00000000
vn 0.00000000 0.00000000 -1.00000000
vn -0.00000200 -0.00000000 -1.00000000
vn 0.00000500 0.00000000 -1.00000000
vn -0.00000200 -0.00000000 -1.00000000
vn 0.00000200 0.00000000 -1.00000000
vn 0.00000000 0.00000000 -1.00000000
vn 0.00000000 0.00000000 -1.00000000
vn 0.00000200 0.00000000 -1.00000000
vn -0.00000200 -0.00000000 -1.00000000
vn 0.00000000 0.00000000 -1.00000000
vn 0.00000100 0.00000000 -1.00000000
vn 0.00000000 0.00000000 -1.00000000
vn 0.00000000 0.00000000 -1.00000000
vn -0.00000600 -0.00000000 -1.00000000
vn 0.00000000 0.00000000 -1.00000000
vn 0.00000000 0.00000000 -1.00000000
vn -0.00000600 -0.00000000 -1.00000000
vn 0.00000000 0.00000000 -1.00000000
vn 0.00000000 0.00000000 -1.00000000
vn 0.00000000 0.00000000 -1.00000000
vn -0.00000000 -0.00000000 -1.00000000
vn -0.00000000 -0.00000000 -1.00000000
vn 0.00000000 0.00000000 -1.00000000
vn 0.00000000 0.00000000 -1.00000000
vn 0.00000000 0.00000000 -1.00000000
vn 0.00000000 0.00000000 -1.00000000
vn 0.00000000 0.00000000 -1.00000000
vn -0.00000100 -0.00000000 -1.00000000
vn -0.00000100 -0.00000000 -1.00000000
vn 0.00000000 0.00000000 -1.00000000
vn 0.00000000 0.00000000 -1.00000000
vn 0.00000000 0.00000000 -1.00000000
vn 0.00000100 0.00000000 -1.00000000
vn 0.00000000 0.00000000 -1.00000000
vn -0.00000100 -0.00000000 -1.00000000
vn 0.00000000 0.00000000 -1.00000000
vn 0.00000100 0.00000000 -1.00000000
vn -0.00000000 -0.02054900 -0.99978900
vn 0.00008200 -0.02101500 -0.99977900
vn 0.92700300 -0.00519500 -0.37501800
vn 0.91945000 -0.03707200 -0.39145500
vn 0.94393700 -0.02172500 -0.32941100
vn 0.95496300 -0.02057200 -0.29601200
vn 0.96495500 -0.01945900 -0.26169200
vn 0.97363100 -0.01862700 -0.22736800
vn 0.98100500 -0.01811900 -0.19313500
vn 0.98678900 -0.01794800 -0.16101100
vn 0.99113800 -0.01793800 -0.13162000
vn 0.99456200 -0.01829700 -0.10252400
vn 0.99921000 -0.03818100 -0.01098300
vn 0.99900500 -0.02516800 -0.03681900
vn 0.99705900 -0.01883800 -0.07428100
vn 0.67680500 -0.02203100 -0.73583300
vn 0.75996000 0.01372800 -0.64982500
vn 0.62237400 0.00613400 -0.78269600
vn 0.70395400 0.08630300 -0.70498300
vn 0.58553000 -0.00717300 -0.81061900
vn 0.70450700 -0.02003500 -0.70941400
vn 0.73136600 -0.01855300 -0.68173300
vn 0.75724800 -0.01756300 -0.65289100
vn 0.78581900 -0.01716900 -0.61821800
vn 0.81436300 -0.01708800 -0.58010400
vn 0.81437800 -0.01706600 -0.58008400
vn 0.86186900 -0.00072000 -0.50713000
vn 0.84362900 -0.00489700 -0.53690500
vn 0.97168900 -0.22950300 -0.05610900
vn 0.91173400 -0.00033000 -0.41078200
vn 0.85823900 -0.03127100 -0.51229600
vn -0.94962900 -0.02049600 -0.31270600
vn -0.93862100 -0.02181200 -0.34426000
vn -0.96039400 -0.01926000 -0.27797800
vn -0.98452200 -0.01719100 -0.17441700
vn -0.97788500 -0.01750200 -0.20841000
vn -0.96980400 -0.01824800 -0.24320300
vn -0.99626800 -0.01777700 -0.08445800
vn -0.99333100 -0.01730200 -0.11399600
vn -0.98950000 -0.01708500 -0.14351800
vn -0.99938200 -0.01917800 -0.02945200
vn -0.99824400 -0.01848300 -0.05628200
vn -0.92660600 -0.02424500 -0.37525000
vn -0.91026500 -0.02119600 -0.41348300
vn -0.96540300 -0.23206700 -0.11891700
vn -0.71952400 -0.01627200 -0.69427700
vn -0.69102800 -0.01761600 -0.72261300
vn -0.79991400 0.00856700 -0.60005300
vn -0.74583000 -0.01518100 -0.66596400
vn -0.83052400 -0.02267300 -0.55652100
vn -0.80354300 -0.01426100 -0.59507600
vn -0.77408700 -0.01446100 -0.63291400
vn -0.86245100 -0.01617800 -0.50588200
vn -0.66275600 -0.01960800 -0.74857800
vn -0.64295400 0.01699200 -0.76571600
vn -0.70405300 0.08644600 -0.70486600
vn -0.57189200 -0.01589200 -0.82017500
vn -0.97823200 -0.20721700 -0.01107500
vn -0.99221800 -0.12322400 -0.01789200
vn -0.98738000 -0.15836700 -0.00124700
vn -0.99643400 -0.07305800 -0.04221300
vn -0.99272200 -0.11748200 -0.02648700
vn -0.92696300 -0.08682900 -0.36496600
vn -0.91812900 -0.06222300 -0.39136600
vn -0.93124000 -0.07099400 -0.35742500
vn -0.89994100 -0.05981400 -0.43188900
vn -0.97514400 -0.20171600 -0.09167300
vn -0.99111000 -0.12186800 -0.05338300
vn -0.97771800 -0.20302100 -0.05339000
vn -0.97978300 -0.19781600 -0.02991500
vn -0.39567300 -0.01968700 -0.91818000
vn -0.33057600 -0.12612600 -0.93531400
vn -0.51680400 -0.03496100 -0.85538900
vn -0.33638900 -0.23252600 -0.91256500
vn -0.69709600 -0.03544700 -0.71610100
vn -0.67318700 -0.03338100 -0.73871800
vn -0.64755200 -0.03165400 -0.76136400
vn -0.62276600 -0.03039300 -0.78181800
vn -0.45709100 -0.02686600 -0.88901400
vn -0.65989400 -0.02290900 -0.75100900
vn -0.49302200 -0.02107300 -0.86976100
vn -0.46603300 -0.02056900 -0.88452800
vn -0.86522000 -0.04807500 -0.49908300
vn -0.84029700 -0.04483700 -0.54026900
vn -0.80971900 -0.06025800 -0.58371600
vn -0.96974800 -0.15634500 -0.18747100
vn -0.97177800 -0.13947300 -0.19024700
vn -0.96916100 -0.17064400 -0.17778700
vn -0.97762100 -0.13699100 -0.15966000
vn -0.97024100 -0.19724400 -0.14045600
vn -0.98375400 -0.13157900 -0.12212800
vn -0.97256600 -0.20324000 -0.11317800
vn -0.98686400 -0.12745200 -0.09927700
vn -0.98989900 -0.11907300 -0.07694800
vn -0.97661500 -0.07536700 -0.20135500
vn -0.96706100 -0.12176300 -0.22353300
vn -0.96744600 -0.07108800 -0.24289000
vn -0.95680000 -0.11271800 -0.26800700
vn -0.95767100 -0.06855900 -0.27958100
vn -0.94734900 -0.10132400 -0.30374900
vn -0.94568200 -0.06757000 -0.31799200
vn -0.93720000 -0.09803900 -0.33473000
vn -0.92704100 -0.09582200 -0.36251000
vn -0.99793500 -0.05961000 -0.02394100
vn -0.99660400 -0.06644700 -0.04863600
vn -0.99491400 -0.06666500 -0.07551100
vn -0.99239400 -0.06702900 -0.10325600
vn -0.98898900 -0.06753000 -0.13168600
vn -0.98467700 -0.06854200 -0.16035600
vn -0.86291600 -0.07286100 -0.50006800
vn 0.99312600 -0.11591500 -0.01623100
vn 0.98149700 -0.19078900 0.01622900
vn 0.98940000 -0.13536700 -0.05256900
vn 0.99723900 -0.06204600 -0.04081100
vn 0.99712800 -0.07054700 -0.02755100
vn 0.99191800 -0.12449400 -0.02449300
vn 0.97984000 -0.19729200 -0.03146200
vn 0.99141100 -0.12222600 -0.04654000
vn 0.97821200 -0.20032900 -0.05448600
vn 0.98978800 -0.12399300 -0.07032600
vn 0.97399100 -0.20981500 -0.08555700
vn 0.98773000 -0.12216000 -0.09730000
vn 0.98466000 -0.13033800 -0.11600700
vn 0.96921300 -0.20965700 -0.12911200
vn 0.97877800 -0.14115500 -0.14855600
vn 0.97168200 -0.18854500 -0.14242300
vn 0.96917400 -0.17060700 -0.17774900
vn 0.97478500 -0.12674000 -0.18366100
vn 0.96974600 -0.15635400 -0.18747100
vn 0.96230300 -0.12139500 -0.24338500
vn 0.93927300 -0.10362200 -0.32715100
vn 0.94199700 -0.07712400 -0.32663900
vn 0.93752900 -0.09159200 -0.33563400
vn 0.92819400 -0.06310100 -0.36670800
vn 0.92698800 -0.08683300 -0.36490200
vn 0.91149700 -0.07362000 -0.40466500
vn 0.90046800 -0.07784400 -0.42789800
vn 0.89074700 -0.04251800 -0.45250700
vn 0.85149100 -0.02709900 -0.52366900
vn 0.83880500 -0.06510600 -0.54052500
vn 0.83726800 -0.06682100 -0.54269400
vn 0.42593200 -0.02303200 -0.90446200
vn 0.39415800 -0.02252000 -0.91876700
vn 0.47296400 -0.02067400 -0.88083900
vn 0.51252700 -0.02535000 -0.85829700
vn 0.60582100 -0.03007300 -0.79503200
vn 0.63069900 -0.03132800 -0.77539500
vn 0.65515900 -0.03303500 -0.75476800
vn 0.67958000 -0.03509600 -0.73276200
vn 0.59842200 -0.03744100 -0.80030600
vn 0.53108200 -0.01565400 -0.84717600
vn 0.51471900 -0.03609200 -0.85659900
vn 0.39808800 -0.02389400 -0.91703600
vn 0.93449600 -0.10983800 -0.33860500
vn 0.94495200 -0.11326100 -0.30698300
vn 0.95615000 -0.07241000 -0.28378600
vn 0.96875200 -0.06948300 -0.23809900
vn 0.99624800 -0.06559400 -0.05644900
vn 0.99428100 -0.06555800 -0.08430200
vn 0.99142900 -0.06548800 -0.11304900
vn 0.98767000 -0.06585300 -0.14202900
vn 0.98274300 -0.06658400 -0.17257700
vn 0.97777900 -0.05888000 -0.20120200
vn 0.94425100 -0.32921700 -0.00234900
vn 0.83938300 -0.54351700 -0.00507400
vn 0.96847700 -0.24907700 -0.00350000
vn 0.81141900 -0.58446500 0.00000000
vn 0.66320800 -0.74842300 -0.00430800
vn 0.46424500 -0.88567200 -0.00777400
vn 0.42870200 -0.90344600 0.00000000
vn 0.21325600 -0.97697900 -0.00587900
vn -0.03059400 -0.99948300 -0.00986800
vn -0.06035400 -0.99817700 0.00000000
vn -0.29098200 -0.95670300 -0.00706600
vn -0.51754900 -0.85557800 -0.01135700
vn -0.53447000 -0.84518800 0.00000000
vn -0.72116900 -0.69271400 -0.00783800
vn -0.87101400 -0.49110400 -0.01227000
vn -0.87593800 -0.48242300 0.00000000
vn -0.96760400 -0.25234000 -0.00824500
vn -0.99992100 -0.00000200 -0.01259100
vn -1.00000000 -0.00001000 0.00000000
vn -0.96758900 0.25239700 -0.00825100
vn -0.96761400 0.25230000 -0.00824200
vn -0.96562000 0.25878900 -0.02460600
vn -0.87591200 0.48247200 0.00000000
vn -0.82664000 0.56267500 -0.00791500
vn -0.72117400 0.69271000 -0.00785500
vn -0.72110500 0.69278100 -0.00785800
vn -0.70691100 0.70691500 -0.02342700
vn -0.53447500 0.84518400 0.00000000
vn -0.44657400 0.89471800 -0.00712800
vn -0.29089900 0.95672800 -0.00705600
vn -0.29106500 0.95667700 -0.00706500
vn -0.25881100 0.96569800 -0.02107300
vn -0.06039900 0.99817400 0.00000000
vn 0.04716100 0.99887000 -0.00594300
vn 0.21333200 0.97696200 -0.00588400
vn 0.21324000 0.97698200 -0.00589400
vn 0.25884600 0.96575900 -0.01754800
vn 0.42888100 0.90336100 0.00000000
vn 0.52884300 0.84870900 -0.00436200
vn 0.66325000 0.74838600 -0.00430900
vn 0.66318500 0.74844300 -0.00432200
vn 0.70701500 0.70708100 -0.01287500
vn 0.81139800 0.58449400 0.00000000
vn 0.87592100 0.48245000 -0.00238100
vn 0.94424100 0.32924700 -0.00235000
vn 0.96847000 0.24910700 -0.00351300
vn 0.97094200 0.23931400 0.00000000
vn 0.97093800 -0.23933200 0.00000000
vn 0.10322500 0.69877400 -0.70785600
vn -0.08479000 0.70290600 -0.70621100
vn -0.04179600 0.70569000 -0.70728700
vn -0.19445600 0.67836700 -0.70852400
vn -0.23963200 0.66456400 -0.70776500
vn -0.34284200 0.61959400 -0.70609000
vn -0.39789000 0.58743200 -0.70470400
vn -0.53128100 0.47188900 -0.70360600
vn 0.07322900 0.70335600 -0.70705600
vn 0.21030500 0.67181600 -0.71023600
vn 0.28868900 0.64160600 -0.71063400
vn 0.33498600 0.62251200 -0.70729300
vn 0.42419400 0.56721700 -0.70592100
vn 0.47803200 0.52674200 -0.70287100
vn 0.56340300 0.43614500 -0.70168000
vn 0.64474200 0.29369200 -0.70572900
vn -0.51481700 0.48497200 -0.70694100
vn -0.62792800 0.34018800 -0.69998400
vn -0.69089800 0.17400000 -0.70170000
vn -0.68471600 0.17661200 -0.70708700
vn -0.71418600 -0.00000200 -0.69995600
vn -0.69689400 -0.14121000 -0.70313400
vn -0.68155700 -0.23391900 -0.69337100
vn -0.58499800 -0.40945000 -0.70009100
vn -0.63632200 -0.34789100 -0.68852500
vn -0.48633800 -0.52896600 -0.69546400
vn -0.32026800 -0.63666500 -0.70148900
vn -0.38738900 -0.60899600 -0.69213700
vn -0.17505300 -0.69492000 -0.69745400
vn 0.01984900 -0.71109100 -0.70282000
vn -0.04501900 -0.71709100 -0.69552400
vn 0.17672800 -0.69259800 -0.69933900
vn 0.35396700 -0.61561200 -0.70408100
vn 0.30550400 -0.64689300 -0.69871100
vn 0.48413800 -0.52348600 -0.70112300
vn 0.60246400 -0.37362900 -0.70529300
vn 0.57751900 -0.41725300 -0.70169200
vn 0.67347900 -0.22910000 -0.70280800
vn 0.70591300 -0.05798200 -0.70592100
vn 0.70591400 0.05796300 -0.70592200
vn 0.66089800 0.25756700 -0.70489200
vn 0.94426400 -0.32918100 -0.00235000
vn 0.83939500 -0.54349900 -0.00507800
vn 0.96846500 -0.24912600 -0.00351700
vn 0.81120300 -0.58476400 0.00000000
vn 0.66322600 -0.74840700 -0.00430900
vn 0.46426000 -0.88566500 -0.00777500
vn 0.42879300 -0.90340300 0.00000000
vn 0.21328700 -0.97697200 -0.00588200
vn -0.03061100 -0.99948300 -0.00986400
vn -0.06036300 -0.99817700 0.00000000
vn -0.29099200 -0.95670000 -0.00706300
vn -0.51754300 -0.85558200 -0.01135900
vn -0.53447100 -0.84518700 0.00000000
vn -0.72119000 -0.69269300 -0.00782300
vn -0.87101900 -0.49109600 -0.01226100
vn -0.87593200 -0.48243500 0.00000000
vn -0.96760100 -0.25234800 -0.00825800
vn -0.99992100 -0.00000200 -0.01258100
vn -1.00000000 -0.00001000 0.00000000
vn -0.96761900 0.25228200 -0.00824000
vn -0.96759100 0.25239000 -0.00824500
vn -0.96563700 0.25872700 -0.02459600
vn -0.87590500 0.48248300 0.00000000
vn -0.82661900 0.56270600 -0.00790800
vn -0.72110400 0.69278200 -0.00785800
vn -0.72119200 0.69269000 -0.00784900
vn -0.70687900 0.70694700 -0.02341700
vn -0.53447600 0.84518300 0.00000000
vn -0.44658100 0.89471500 -0.00712500
vn -0.29106300 0.95667800 -0.00706500
vn -0.29096100 0.95670900 -0.00706500
vn -0.25876500 0.96571000 -0.02107300
vn -0.06050500 0.99816800 0.00000000
vn 0.04714200 0.99887000 -0.00594400
vn 0.21322500 0.97698500 -0.00590300
vn 0.21330400 0.97696800 -0.00588400
vn 0.25876500 0.96578000 -0.01757000
vn 0.42864300 0.90347400 0.00000000
vn 0.52887400 0.84868900 -0.00437100
vn 0.66320900 0.74842200 -0.00431000
vn 0.83938900 0.54350800 -0.00508100
vn 0.81139500 0.58449800 0.00000000
vn 0.94423900 0.32925400 -0.00235000
vn 0.96848000 0.24906800 -0.00349900
vn 0.97094300 0.23931200 0.00000000
vn 0.97093800 -0.23933000 0.00000000
vn 0.10318200 0.69878000 -0.70785500
vn -0.08479700 0.70290200 -0.70621500
vn -0.04180900 0.70568600 -0.70729000
vn -0.19445600 0.67836400 -0.70852600
vn -0.23960300 0.66457400 -0.70776600
vn -0.34284000 0.61959400 -0.70609000
vn -0.39789100 0.58743100 -0.70470300
vn -0.53128000 0.47189200 -0.70360400
vn 0.07323000 0.70335600 -0.70705600
vn 0.21034000 0.67178800 -0.71025200
vn 0.28867800 0.64161000 -0.71063500
vn 0.33498800 0.62250900 -0.70729400
vn 0.42417400 0.56722800 -0.70592400
vn 0.47803300 0.52674200 -0.70287100
vn 0.56340300 0.43614100 -0.70168200
vn 0.64473900 0.29369400 -0.70573100
vn -0.51481700 0.48497500 -0.70693900
vn -0.62791800 0.34019500 -0.69999000
vn -0.68133500 0.20345100 -0.70312900
vn -0.71274600 0.11953700 -0.69116100
vn -0.71062500 -0.08321200 -0.69863300
vn -0.72882200 0.00259100 -0.68469800
vn -0.68155100 -0.23393800 -0.69336900
vn -0.58499900 -0.40945200 -0.70009000
vn -0.63633300 -0.34787800 -0.68852100
vn -0.48633600 -0.52896900 -0.69546400
vn -0.32026900 -0.63666500 -0.70148800
vn -0.38739000 -0.60899800 -0.69213400
vn -0.17506100 -0.69491700 -0.69745500
vn 0.01988900 -0.71109100 -0.70281900
vn -0.04493500 -0.71708300 -0.69553800
vn 0.17676500 -0.69258900 -0.69933800
vn 0.35396400 -0.61561100 -0.70408200
vn 0.30552300 -0.64688200 -0.69871300
vn 0.48416700 -0.52346100 -0.70112100
vn 0.60246400 -0.37363300 -0.70529100
vn 0.57752200 -0.41724700 -0.70169300
vn 0.67347700 -0.22910600 -0.70280800
vn 0.70591400 -0.05798200 -0.70592100
vn 0.70591600 0.05796300 -0.70592000
vn 0.66089700 0.25757000 -0.70489200
vn 0.94427700 -0.32914500 -0.00234300
vn 0.94425200 -0.32922300 0.00000000
vn 0.96590100 -0.25881600 -0.00699800
vn 0.96847700 -0.24907900 -0.00350000
vn 0.81140000 -0.58449100 0.00000000
vn 0.77867200 -0.62741600 -0.00432000
vn 0.66329400 -0.74834700 -0.00430900
vn 0.66319600 -0.74843300 -0.00429600
vn 0.70708300 -0.70701300 -0.01284600
vn 0.42877200 -0.90341300 0.00000000
vn 0.37313300 -0.92775900 -0.00590100
vn 0.21329000 -0.97697100 -0.00588400
vn -0.03060800 -0.99948300 -0.00986700
vn -0.06034800 -0.99817700 0.00000000
vn -0.29098500 -0.95670100 -0.00706700
vn -0.51754200 -0.85558200 -0.01136200
vn -0.53451400 -0.84516000 0.00000000
vn -0.72115400 -0.69273100 -0.00784100
vn -0.87101600 -0.49110200 -0.01225700
vn -0.87592800 -0.48244100 0.00000000
vn -0.96760700 -0.25232700 -0.00822100
vn -0.99992100 -0.00000200 -0.01258800
vn -1.00000000 -0.00008100 0.00000000
vn -0.96761000 0.25231800 -0.00821200
vn -0.87101400 0.49110500 -0.01226200
vn -0.87587900 0.48253100 0.00000000
vn -0.72117400 0.69271000 -0.00782900
vn -0.51753000 0.85559000 -0.01136600
vn -0.53450400 0.84516600 0.00000000
vn -0.29098600 0.95670100 -0.00706600
vn -0.03060500 0.99948300 -0.00986900
vn -0.06039900 0.99817400 0.00000000
vn 0.21323900 0.97698200 -0.00589500
vn 0.21330400 0.97696800 -0.00588400
vn 0.25882900 0.96576400 -0.01755100
vn 0.42866900 0.90346100 0.00000000
vn 0.52891700 0.84866300 -0.00434900
vn 0.66323000 0.74840300 -0.00430700
vn 0.83938700 0.54351000 -0.00508400
vn 0.81142000 0.58446400 0.00000000
vn 0.94424000 0.32925100 -0.00234800
vn 0.96847100 0.24910300 -0.00351300
vn 0.97094300 0.23931100 0.00000000
vn 0.97093900 -0.23932800 0.00000000
vn 0.42943700 0.56515600 -0.70440200
vn 0.64474200 0.29369200 -0.70572900
vn 0.56340900 0.43613200 -0.70168300
vn 0.45410000 0.54395400 -0.70562500
vn 0.28776600 0.65246700 -0.70105400
vn 0.11060100 0.70221300 -0.70332400
vn 0.13509400 0.69499400 -0.70621000
vn -0.05789300 0.71124100 -0.70056100
vn -0.23548300 0.67158600 -0.70251000
vn -0.21694200 0.67348500 -0.70664900
vn -0.38988900 0.59806800 -0.70021600
vn -0.48504000 0.52117600 -0.70221900
vn -0.53915100 0.45918400 -0.70602100
vn -0.60872200 0.36043200 -0.70678600
vn -0.63384500 0.31379800 -0.70694500
vn -0.67759800 0.20077900 -0.70749500
vn -0.69392800 0.14344400 -0.70561200
vn -0.70786800 0.02190000 -0.70600500
vn -0.70691200 -0.03274000 -0.70654300
vn -0.69573200 -0.12710600 -0.70696600
vn -0.68128400 -0.18236900 -0.70893800
vn -0.65450000 -0.27427500 -0.70455900
vn -0.61964000 -0.34691100 -0.70405900
vn -0.54094000 -0.45941100 -0.70450400
vn -0.48632400 -0.52897700 -0.69546600
vn -0.32026500 -0.63667000 -0.70148600
vn -0.38737400 -0.60900200 -0.69214000
vn -0.17504500 -0.69492400 -0.69745200
vn 0.01984500 -0.71109600 -0.70281500
vn -0.04501100 -0.71709000 -0.69552500
vn 0.17676600 -0.69259200 -0.69933500
vn 0.35397000 -0.61560600 -0.70408400
vn 0.30554200 -0.64687000 -0.69871600
vn 0.48415400 -0.52347000 -0.70112400
vn 0.60246300 -0.37363400 -0.70529100
vn 0.57752600 -0.41724100 -0.70169300
vn 0.67348100 -0.22909900 -0.70280700
vn 0.70591300 -0.05794700 -0.70592400
vn 0.70591600 0.05796300 -0.70591900
vn 0.66088500 0.25759500 -0.70489400
vn 0.94425700 -0.32920200 -0.00234700
vn 0.83938100 -0.54352100 -0.00507700
vn 0.96846500 -0.24912400 -0.00351600
vn 0.81140600 -0.58448300 0.00000000
vn 0.66320900 -0.74842100 -0.00431000
vn 0.46424100 -0.88567500 -0.00777400
vn 0.42865600 -0.90346800 0.00000000
vn 0.21325900 -0.97697800 -0.00587900
vn -0.03059300 -0.99948300 -0.00986900
vn -0.06034700 -0.99817700 0.00000000
vn -0.29098300 -0.95670200 -0.00706500
vn -0.51755200 -0.85557600 -0.01135500
vn -0.53447700 -0.84518300 0.00000000
vn -0.72117100 -0.69271200 -0.00783700
vn -0.87102100 -0.49109300 -0.01226000
vn -0.87593500 -0.48243000 0.00000000
vn -0.96760800 -0.25232300 -0.00821600
vn -0.99992100 -0.00000200 -0.01260200
vn -1.00000000 -0.00000900 0.00000000
vn -0.96760300 0.25234200 -0.00824900
vn -0.87101500 0.49110300 -0.01226000
vn -0.87588000 0.48252900 0.00000000
vn -0.72115000 0.69273500 -0.00784500
vn -0.51753400 0.85558700 -0.01136500
vn -0.53450600 0.84516400 0.00000000
vn -0.29094400 0.95671400 -0.00705900
vn -0.29106600 0.95667700 -0.00706500
vn -0.25881300 0.96569800 -0.02107000
vn -0.06039900 0.99817400 0.00000000
vn 0.04716200 0.99887000 -0.00594600
vn 0.21324000 0.97698200 -0.00589500
vn 0.21333100 0.97696200 -0.00588400
vn 0.25884700 0.96575900 -0.01755200
vn 0.42855300 0.90351600 0.00000000
vn 0.52887400 0.84868900 -0.00436200
vn 0.66322500 0.74840800 -0.00431100
vn 0.83937500 0.54352900 -0.00507600
vn 0.81142500 0.58445600 0.00000000
vn 0.94424300 0.32924200 -0.00234800
vn 0.96847000 0.24910500 -0.00351300
vn 0.97094300 0.23931200 0.00000000
vn 0.97093800 -0.23933000 0.00000000
vn 0.70692300 0.02316700 -0.70691100
vn 0.69722000 -0.01910400 -0.71660300
vn 0.68498000 0.16131200 -0.71048000
vn 0.65648700 0.25081200 -0.71142000
vn 0.61225800 0.35636100 -0.70579500
vn 0.56287700 0.43645300 -0.70191100
vn 0.42901900 0.56534400 -0.70450700
vn 0.45413100 0.54393000 -0.70562400
vn 0.28777100 0.65246300 -0.70105600
vn 0.11060300 0.70221200 -0.70332500
vn 0.13510500 0.69499200 -0.70621000
vn -0.05789300 0.71124100 -0.70056100
vn -0.23548200 0.67158600 -0.70251000
vn -0.21694200 0.67348600 -0.70664900
vn -0.38989100 0.59806700 -0.70021500
vn -0.52589000 0.48030200 -0.70196100
vn -0.51483100 0.48495500 -0.70694200
vn -0.62790300 0.34020600 -0.69999800
vn -0.68133400 0.20345800 -0.70312800
vn -0.71275100 0.11950400 -0.69116200
vn -0.71061200 -0.08324300 -0.69864300
vn -0.72882400 0.00260200 -0.68469600
vn -0.68155700 -0.23391100 -0.69337200
vn -0.58496700 -0.40948300 -0.70009700
vn -0.63631800 -0.34789700 -0.68852500
vn -0.48634000 -0.52896600 -0.69546300
vn -0.32026800 -0.63666900 -0.70148500
vn -0.38739600 -0.60899700 -0.69213300
vn -0.17505300 -0.69492000 -0.69745500
vn 0.01985100 -0.71109100 -0.70282000
vn -0.04496600 -0.71708600 -0.69553300
vn 0.17672900 -0.69259900 -0.69933800
vn 0.35396300 -0.61561100 -0.70408400
vn 0.30551300 -0.64688800 -0.69871200
vn 0.48414700 -0.52347800 -0.70112200
vn 0.58805700 -0.39824200 -0.70398300
vn 0.70003500 -0.08397900 -0.70915300
vn 0.67501800 -0.19544700 -0.71144300
vn 0.65180000 -0.26276100 -0.71141700
vn 0.57752500 -0.41724300 -0.70169300
vn -0.08270400 0.99657400 0.00000000
vn 0.00249400 0.99999700 -0.00000200
vn -0.02699000 0.99963600 0.00000000
vn -0.02699500 0.99963600 0.00000000
vn 0.02699500 0.99963600 0.00000000
vn 0.02699000 0.99963600 0.00000000
vn -0.00250200 0.99999700 0.00001400
vn 0.08274000 0.99657100 0.00001600
vn 0.81534700 -0.57897200 -0.00051000
vn 0.77693600 -0.62588700 0.06808500
vn 0.77985000 -0.62596600 0.00007000
vn 0.77969600 -0.62614000 -0.00484600
vn 0.78568000 -0.61863100 -0.00169700
vn 0.77455100 -0.63219100 -0.02013200
vn 0.76719200 -0.64140600 -0.00385000
vn 0.88396900 -0.46753400 -0.00323100
vn 0.87503500 -0.48405900 -0.00054200
vn 0.91492700 -0.40360400 -0.00353600
vn 0.94326500 -0.33204000 -0.00065500
vn 0.95793000 -0.28700100 -0.00027400
vn 0.99003500 -0.14078800 0.00290800
vn 0.99911300 -0.04210700 -0.00001900
vn -0.77931000 -0.62591100 0.03020200
vn -0.77308000 -0.63430900 0.00000000
vn -0.79420300 -0.60765200 -0.00071900
vn -0.77910100 -0.62689800 -0.00114300
vn -0.80411900 -0.59446600 -0.00180200
vn -0.77117400 -0.63646200 -0.01442200
vn -0.74834000 -0.66331200 -0.00223100
vn -0.94980200 -0.31285100 -0.00082600
vn -0.99003900 -0.14077100 0.00263500
vn -0.95084400 -0.30966900 -0.00070100
vn -0.99920700 -0.03981400 0.00000000
vn -0.91494600 -0.40356000 -0.00353800
vn -0.89249500 -0.45105600 -0.00117300
vn -0.86784200 -0.49682100 -0.00433100
vn 0.99829200 0.05842600 0.00000000
vn 0.99829200 0.05842600 0.00000000
vn 0.87008200 0.49290700 0.00000000
vn 0.87008600 0.49290000 0.00000000
vn 0.87008600 0.49290000 0.00000000
vn 0.87008200 0.49290700 0.00000000
vn 0.87008600 0.49290000 0.00000000
vn 0.87008200 0.49290700 0.00000000
vn 0.56320000 0.82632000 0.00000000
vn 0.56319600 0.82632300 0.00000000
vn 0.56319600 0.82632300 0.00000000
vn 0.56320000 0.82632000 0.00000000
vn 0.56319600 0.82632300 0.00000000
vn 0.56320000 0.82632000 0.00000000
vn 0.14077600 0.99004100 0.00000000
vn 0.14077300 0.99004200 0.00000000
vn 0.92722800 0.37449700 0.00000000
vn 0.92722800 0.37449700 0.00000000
vn 0.62672200 0.77924300 0.00000000
vn 0.62672300 0.77924200 0.00000000
vn 0.62672200 0.77924300 0.00000000
vn 0.62672300 0.77924200 0.00000000
vn 0.62672200 0.77924300 0.00000000
vn 0.62672300 0.77924200 0.00000000
vn 0.16679500 0.98599200 0.00000000
vn 0.16679500 0.98599200 0.00000000
vn -0.16681100 0.98598900 0.00000000
vn -0.16681300 0.98598900 0.00000000
vn -0.62667000 0.77928400 0.00000000
vn -0.62667600 0.77928000 0.00000000
vn -0.62667000 0.77928400 0.00000000
vn -0.62667600 0.77928000 0.00000000
vn -0.62667000 0.77928400 0.00000000
vn -0.62667600 0.77928000 0.00000000
vn -0.92722800 0.37449600 0.00000000
vn -0.92722800 0.37449700 0.00000000
vn -0.14077600 0.99004100 0.00000000
vn -0.14077400 0.99004200 0.00000000
vn -0.56320100 0.82632000 0.00000000
vn -0.56319600 0.82632400 0.00000000
vn -0.56320100 0.82632000 0.00000000
vn -0.56320100 0.82632000 0.00000000
vn -0.56319600 0.82632400 0.00000000
vn -0.56319600 0.82632400 0.00000000
vn -0.87008600 0.49289900 0.00000000
vn -0.87008200 0.49290800 0.00000000
vn -0.87008200 0.49290800 0.00000000
vn -0.87008600 0.49289900 0.00000000
vn -0.87008200 0.49290800 0.00000000
vn -0.87008600 0.49289900 0.00000000
vn -0.99829200 0.05842600 0.00000000
vn -0.99829200 0.05842600 0.00000000
vn 0.84708000 -0.52933100 0.04757500
vn 0.94064000 -0.33657500 0.04374400
vn 0.93132100 -0.36344000 -0.02349600
vn 0.94562900 -0.29976300 -0.12620400
vn 0.91806400 -0.39068000 -0.06729300
vn 0.92093700 -0.37514400 -0.10555700
vn 0.77242300 -0.47662500 0.41975300
vn 0.77242300 -0.47662500 0.41975300
vn 0.77242300 -0.47662500 0.41975300
vn 0.82760000 -0.56086900 -0.02245900
vn 0.79379000 -0.60702900 -0.03758500
vn 0.84313200 -0.53694300 -0.02865800
vn 0.95442700 -0.24822300 -0.16569200
vn 0.83625800 -0.54826500 -0.00883800
vn 0.93392700 -0.35485900 -0.04307200
vn 0.88004300 -0.45763300 -0.12686900
vn 0.87649800 -0.44350100 -0.18723900
vn 0.80122100 -0.58953900 0.10241400
vn 0.85479600 -0.51896500 0.00000000
vn 0.89556300 -0.43966100 0.06830600
vn 0.96264300 -0.26581500 0.05157600
vn 0.93336200 -0.35893600 0.00000000
vn -0.84676000 -0.51148400 0.14622500
vn -0.86377900 -0.50084500 -0.05514300
vn -0.82741900 -0.56109500 0.02345200
vn -0.94842700 -0.29409300 -0.11830400
vn -0.92152000 -0.37423600 -0.10367700
vn -0.92513600 -0.37401600 -0.06507600
vn -0.90451500 -0.41379500 -0.10308300
vn -0.76808900 -0.63917500 -0.03867000
vn -0.84342600 -0.53611700 -0.03481800
vn -0.86190800 -0.45206700 -0.22967500
vn -0.93559400 -0.35118300 -0.03654100
vn -0.94368900 -0.33008800 -0.02218600
vn -0.85452800 -0.51921600 -0.01403900
vn -0.84104000 -0.53872700 0.04924900
vn -0.93668200 -0.34698600 0.04720600
vn -0.79904400 -0.59905700 0.05157200
vn -0.85480800 -0.51894400 0.00000000
vn -0.89556500 -0.43966300 0.06825800
vn -0.93337200 -0.35891100 0.00000000
vn -0.95645000 -0.27335900 0.10236800
vn 0.27243100 -0.01574400 -0.96204600
vn -0.02304500 -0.23108900 -0.97266000
vn 0.19012600 -0.04245000 -0.98084200
vn 0.58882300 -0.05828000 -0.80615800
vn 0.58868600 -0.05315600 -0.80661200
vn 0.60388800 -0.06697300 -0.79425100
vn 0.57153200 -0.05064600 -0.81901500
vn 0.55857100 -0.04840500 -0.82804300
vn 0.54504800 -0.04162000 -0.83737100
vn 0.54150400 -0.04174700 -0.83966100
vn 0.53392900 -0.03841300 -0.84465700
vn 0.53264100 -0.03948500 -0.84542000
vn 0.52335400 -0.03563900 -0.85137000
vn 0.52338800 -0.03564600 -0.85134800
vn 0.53418500 -0.04086800 -0.84437900
vn 0.50991600 -0.03623500 -0.85946100
vn 0.50488400 -0.03360300 -0.86253300
vn 0.49465200 -0.02793800 -0.86864200
vn 0.66311200 -0.11325500 -0.73990200
vn 0.66764600 -0.11797900 -0.73507100
vn 0.64855700 -0.12823300 -0.75028700
vn 0.69618400 -0.10267000 -0.71048300
vn 0.66506400 -0.09192000 -0.74110800
vn 0.59881400 -0.06688500 -0.79809000
vn 0.63777400 -0.25291000 -0.72751700
vn 0.64097500 -0.20973700 -0.73835000
vn 0.64542800 -0.17575000 -0.74332700
vn 0.64391700 -0.15540500 -0.74914600
vn 0.54302600 -0.45421900 -0.70626300
vn 0.54314700 -0.45408500 -0.70625700
vn 0.54208500 -0.45252000 -0.70807400
vn 0.54208600 -0.45248500 -0.70809600
vn 0.54215500 -0.45245500 -0.70806200
vn 0.56114200 -0.42237200 -0.71184400
vn 0.57653700 -0.39090100 -0.71749700
vn 0.60634500 -0.33627200 -0.72060100
vn 0.61851800 -0.30967200 -0.72217600
vn 0.63420500 -0.26554600 -0.72613300
vn 0.54196400 -0.45538900 -0.70632600
vn 0.54200600 -0.45541100 -0.70627900
vn 0.58396600 -0.39905600 -0.70692100
vn 0.58398900 -0.39902000 -0.70692300
vn 0.60391500 -0.37015500 -0.70588400
vn 0.62223500 -0.33616900 -0.70697500
vn 0.63968100 -0.30165200 -0.70697500
vn 0.63969600 -0.30162700 -0.70697300
vn 0.65616700 -0.26668900 -0.70591900
vn 0.67307200 -0.21676200 -0.70709900
vn 0.67828800 -0.20000600 -0.70705300
vn 0.67829900 -0.19996800 -0.70705300
vn 0.68807600 -0.16629800 -0.70632600
vn 0.70552500 -0.06253500 -0.70592100
vn 0.70960300 -0.02772200 -0.70405600
vn 0.01972900 0.70917300 -0.70475800
vn 0.01969200 0.70917200 -0.70476100
vn 0.20417100 0.67809800 -0.70604400
vn 0.25551700 0.65932800 -0.70710500
vn 0.48247700 0.51837600 -0.70604700
vn 0.48236600 0.51849000 -0.70603900
vn 0.40355800 0.59187100 -0.69773200
vn 0.55654100 0.43790200 -0.70604900
vn 0.66170800 0.25227100 -0.70604700
vn 0.69266800 0.14734200 -0.70604600
vn 0.05958600 0.70978200 -0.70189600
vn -0.00111700 0.70840000 -0.70581000
vn 0.23348300 0.66884700 -0.70578300
vn 0.34525200 0.61860600 -0.70578200
vn 0.53015600 0.46989200 -0.70578700
vn 0.60320300 0.37150400 -0.70578400
vn 0.68033200 0.21112100 -0.70183800
vn 0.68033000 0.21110900 -0.70184400
vn 0.12797300 0.68577400 -0.71647500
vn 0.09038300 0.70387700 -0.70454800
vn 0.08253000 0.68427700 -0.72453600
vn 0.10609000 0.67939600 -0.72606200
vn 0.17862400 0.67246700 -0.71824900
vn 0.24541800 0.65368700 -0.71586500
vn 0.22396500 0.65217500 -0.72422900
vn 0.29527900 0.63213200 -0.71639300
vn 0.36809700 0.59144200 -0.71742600
vn 0.36809400 0.59143100 -0.71743700
vn 0.33718700 0.60478100 -0.72148800
vn 0.39747500 0.58506700 -0.70690200
vn 0.42396500 0.56732400 -0.70597300
vn 0.44373100 0.53682400 -0.71758100
vn 0.47893100 0.50689800 -0.71671400
vn 0.47895300 0.50686400 -0.71672400
vn 0.49479900 0.50546900 -0.70687700
vn 0.51778000 0.48330500 -0.70591800
vn 0.53306300 0.45203600 -0.71519700
vn 0.56574600 0.41718100 -0.71126100
vn 0.57732800 0.40880600 -0.70680300
vn 0.59702600 0.38145600 -0.70572700
vn 0.63642600 0.30851500 -0.70695100
vn 0.63647000 0.30842600 -0.70695100
vn 0.65455300 0.27113300 -0.70572400
vn 0.65454300 0.27112900 -0.70573500
vn 0.68059800 0.19237800 -0.70694900
vn 0.68061100 0.19232400 -0.70695100
vn 0.69188200 0.15244000 -0.70573500
vn -0.60318600 0.37153300 -0.70578300
vn -0.56775200 0.42148200 -0.70711500
vn -0.34532800 0.61857900 -0.70576800
vn -0.34520800 0.61862900 -0.70578300
vn -0.45032800 0.55997000 -0.69544100
vn -0.23345200 0.66885900 -0.70578200
vn -0.05958600 0.70978500 -0.70189400
vn 0.00112100 0.70840200 -0.70580900
vn -0.01973000 0.70917400 -0.70475700
vn -0.01967600 0.70917100 -0.70476100
vn -0.70960800 -0.02773800 -0.70405000
vn -0.70056100 -0.09735600 -0.70692000
vn -0.69267500 0.14733900 -0.70604000
vn -0.66170200 0.25227600 -0.70605000
vn -0.55654700 0.43789100 -0.70605000
vn -0.48244800 0.51840200 -0.70604700
vn -0.30618500 0.63855200 -0.70604700
vn -0.20415800 0.67809800 -0.70604700
vn -0.67828900 -0.20001300 -0.70705000
vn -0.66763200 -0.23352500 -0.70691800
vn -0.66762800 -0.23354300 -0.70691600
vn -0.65615100 -0.26668100 -0.70593700
vn -0.63108700 -0.31895400 -0.70710500
vn -0.62223900 -0.33616300 -0.70697400
vn -0.60390700 -0.37015900 -0.70588900
vn -0.56330600 -0.42749400 -0.70706100
vn -0.56331800 -0.42748700 -0.70705600
vn -0.54200800 -0.45541300 -0.70627700
vn -0.52964500 -0.46843500 -0.70713800
vn -0.52962600 -0.46846100 -0.70713600
vn -0.52967800 -0.46840300 -0.70713500
vn -0.53025800 -0.46826100 -0.70679400
vn -0.53026800 -0.46825000 -0.70679400
vn -0.64182900 -0.21597800 -0.73580500
vn -0.66977200 -0.12240000 -0.73240900
vn -0.64723600 -0.16164900 -0.74495300
vn -0.53103300 -0.46565200 -0.70793500
vn -0.53104000 -0.46563900 -0.70793800
vn -0.54167900 -0.44893400 -0.71066300
vn -0.56993300 -0.40777100 -0.71337200
vn -0.58125700 -0.38223200 -0.71835800
vn -0.60496000 -0.33895100 -0.72051100
vn -0.60996200 -0.32043800 -0.72475200
vn -0.62315300 -0.28936100 -0.72660200
vn -0.62930500 -0.27552100 -0.72668000
vn -0.63583600 -0.25426000 -0.72874200
vn -0.64483000 -0.21030800 -0.73482300
vn -0.27423400 -0.01248600 -0.96158200
vn -0.27600200 -0.01327300 -0.96106600
vn -0.14570800 -0.05066500 -0.98802900
vn 0.02191300 -0.22647800 -0.97377000
vn -0.53436300 -0.03861600 -0.84437200
vn -0.54238900 -0.03731100 -0.83929900
vn -0.54252400 -0.03707000 -0.83922200
vn -0.54027500 -0.04049200 -0.84051400
vn -0.55298800 -0.04741400 -0.83183900
vn -0.56702500 -0.04757000 -0.82232500
vn -0.58895600 -0.05742800 -0.80612200
vn -0.58895700 -0.05742700 -0.80612200
vn -0.58896400 -0.05746700 -0.80611300
vn -0.49507100 -0.02720400 -0.86842600
vn -0.50010000 -0.03097600 -0.86541300
vn -0.50529500 -0.03448300 -0.86225700
vn -0.51476800 -0.03360900 -0.85667100
vn -0.52229800 -0.03712100 -0.85195500
vn -0.53566300 -0.04258100 -0.84335700
vn -0.59167100 -0.04975100 -0.80464300
vn -0.58858600 -0.05307600 -0.80669000
vn -0.58859000 -0.05303800 -0.80669000
vn -0.58870600 -0.05772600 -0.80628400
vn -0.58870300 -0.05769700 -0.80628700
vn -0.69619400 -0.10267100 -0.71047400
vn -0.66509500 -0.09191800 -0.74108000
vn -0.66508300 -0.09190900 -0.74109200
vn -0.66699000 -0.10352700 -0.73783900
vn -0.59881500 -0.06689000 -0.79808900
vn -0.66309900 -0.11325700 -0.73991400
vn 0.70711700 0.00000000 0.70709700
vn 0.70716200 0.00000300 0.70705100
vn 0.70719600 -0.00001400 0.70701800
vn 0.70719600 -0.00001400 0.70701800
vn 0.70716200 0.00000300 0.70705100
vn 0.70715700 0.00000000 0.70705700
vn 0.70715700 0.00000000 0.70705700
vn 0.70719600 -0.00001400 0.70701800
vn 0.70711700 0.00000000 0.70709700
vn 0.70711700 0.00000000 0.70709700
vn 0.70715700 0.00000000 0.70705700
vn 0.70716200 0.00000300 0.70705100
vn 0.70715700 0.00000000 0.70705700
vn 0.70715700 0.00000000 0.70705700
vn 0.70694700 -0.02128100 0.70694700
vn 0.70715900 0.00000000 0.70705500
vn 0.70691800 -0.02614500 0.70681200
vn 0.69625900 -0.12407700 0.70698600
vn 0.70163700 -0.08866300 0.70699700
vn 0.68648600 -0.20618500 0.69729800
vn 0.68025300 -0.19360500 0.70694700
vn 0.67115900 -0.26150100 0.69365900
vn 0.65193900 -0.30556300 0.69397900
vn 0.64428400 -0.33752200 0.68627800
vn 0.60555600 -0.39335100 0.69179300
vn 0.54746800 -0.44914700 0.70607800
vn 0.54742900 -0.44919100 0.70608000
vn 0.56236900 -0.42918100 0.70678500
vn 0.63069000 -0.38156200 0.67575100
vn 0.56743200 -0.42212300 0.70698900
vn 0.58629200 -0.39281800 0.70848800
vn 0.61387000 -0.34877700 0.70817900
vn 0.63637600 -0.30582200 0.70816600
vn 0.64279700 -0.29526700 0.70684500
vn 0.66604400 -0.23777700 0.70699900
vn 0.67698800 -0.20455800 0.70699600
vn 0.70004300 -0.10066100 0.70697000
vn 0.70943400 -0.02935000 0.70416100
vn 0.69266700 0.14733800 0.70604800
vn 0.66170500 0.25228200 0.70604500
vn 0.55655200 0.43789500 0.70604400
vn 0.48244900 0.51840200 0.70604700
vn 0.30618900 0.63855800 0.70604000
vn 0.25559600 0.65930300 0.70710000
vn 0.01968500 0.70917300 0.70475900
vn 0.01968900 0.70917500 0.70475800
vn 0.10083700 0.70927400 0.69768400
vn 0.01973100 0.70917400 0.70475700
vn 0.05958400 0.70978500 0.70189400
vn -0.00112000 0.70840800 0.70580300
vn 0.68015700 0.21189800 0.70177300
vn 0.68016800 0.21186500 0.70177300
vn 0.60317300 0.37155100 0.70578500
vn 0.53014000 0.46991800 0.70578200
vn 0.34521300 0.61862700 0.70578200
vn 0.23348800 0.66884700 0.70578100
vn 0.67990300 0.19483800 0.70694400
vn 0.66695200 0.23538400 0.70694400
vn 0.63396400 0.31355300 0.70694700
vn 0.61394700 0.35112500 0.70695100
vn 0.56748300 0.42211600 0.70695200
vn 0.55441300 0.43888000 0.70711400
vn 0.48261200 0.51702100 0.70694800
vn 0.48263200 0.51700200 0.70694800
vn 0.51371300 0.48801400 0.70564900
vn 0.45065300 0.54510700 0.70694500
vn 0.38213500 0.59514900 0.70694500
vn 0.34563800 0.61706000 0.70694500
vn 0.26925600 0.65401000 0.70694600
vn 0.22942400 0.66902400 0.70694500
vn 0.14766800 0.69167800 0.70694800
vn 0.10578900 0.69931200 0.70694500
vn 0.02127500 0.70694700 0.70694600
vn -0.02129300 0.70694700 0.70694600
vn -0.10578700 0.69931100 0.70694600
vn -0.14766300 0.69168100 0.70694600
vn -0.22943600 0.66901700 0.70694800
vn -0.26926900 0.65400300 0.70694700
vn -0.34563900 0.61705400 0.70694900
vn -0.38213500 0.59514300 0.70695000
vn -0.45065700 0.54509600 0.70695000
vn -0.46669300 0.53121700 0.70711100
vn -0.54104600 0.45551500 0.70694800
vn -0.54106800 0.45549000 0.70694700
vn -0.51370900 0.48802300 0.70564600
vn -0.56749000 0.42211600 0.70694600
vn -0.61395500 0.35111900 0.70694700
vn -0.63396400 0.31355100 0.70694700
vn -0.66695000 0.23537800 0.70694700
vn -0.67990200 0.19482400 0.70694900
vn -0.68015000 0.21194400 0.70176600
vn -0.68015500 0.21190700 0.70177200
vn 0.00111500 0.70841100 0.70579900
vn -0.05958900 0.70978200 0.70189600
vn -0.23349400 0.66884200 0.70578400
vn -0.34525500 0.61860600 0.70578000
vn -0.53015300 0.46989800 0.70578600
vn -0.60315100 0.37157400 0.70579100
vn -0.01964200 0.70917100 0.70476300
vn -0.01968300 0.70917300 0.70476000
vn -0.20416900 0.67809500 0.70604600
vn -0.30615100 0.63856400 0.70605100
vn -0.48243300 0.51841300 0.70605000
vn -0.55654200 0.43789900 0.70604900
vn -0.66170800 0.25227100 0.70604700
vn -0.69266300 0.14739300 0.70604000
vn -0.70943100 -0.02938900 0.70416200
vn -0.70520100 -0.06501600 0.70602000
vn -0.67699000 -0.20454200 0.70699800
vn -0.67698800 -0.20455000 0.70699800
vn -0.68713200 -0.17116600 0.70608200
vn -0.66604200 -0.23777900 0.70700000
vn -0.64675200 -0.28688500 0.70668900
vn -0.63017600 -0.31742900 0.70860200
vn -0.61386600 -0.34877700 0.70818300
vn -0.57671900 -0.40728000 0.70817900
vn -0.57750600 -0.40807300 0.70708100
vn -0.54744800 -0.44913100 0.70610400
vn -0.54740500 -0.44917100 0.70611200
vn -0.58293800 -0.41704100 0.69732400
vn -0.56941900 -0.41939800 0.70701300
vn -0.61734600 -0.37106800 0.69368000
vn -0.64047200 -0.32888300 0.69399700
vn -0.66110900 -0.30331800 0.68624600
vn -0.68156000 -0.23852900 0.69179400
vn -0.70163100 -0.08870100 0.70699800
vn -0.69626600 -0.12404400 0.70698400
vn -0.68349200 -0.18246000 0.70678600
vn -0.68762900 -0.26567100 0.67571100
vn -0.70704000 -0.01331900 0.70704800
vn -0.70705700 -0.01327900 0.70703200
vn -0.70611700 -0.05317900 0.70609500
vn -0.70711600 -0.00000000 0.70709700
vn -0.70711800 -0.00000000 0.70709500
vn -0.70713800 -0.00000000 0.70707600
vn -0.70716500 0.00000100 0.70704800
vn -0.70713800 -0.00000000 0.70707600
vn -0.70715900 -0.00000000 0.70705500
vn -0.70716500 0.00000100 0.70704800
vn -0.70715500 -0.00000200 0.70705800
vn -0.70713800 -0.00000000 0.70707600
vn -0.70715900 -0.00000000 0.70705500
vn -0.70713800 -0.00000300 0.70707600
vn -0.70715500 -0.00000200 0.70705800
vn -0.70715900 -0.00000000 0.70705500
vn -0.70713800 -0.00000300 0.70707500
vn -0.70715500 -0.00000200 0.70705800
vn -0.70716500 0.00000100 0.70704800
vn -0.97535300 -0.22062800 -0.00314000
vn -0.89652500 -0.44297100 0.00437400
vn -0.85529100 -0.51253400 -0.07606000
vn -0.77245200 -0.63499900 0.00974800
vn -0.75263400 -0.64837600 -0.11467200
vn -0.63436100 -0.76986500 -0.06995600
vn -0.48022000 -0.87693800 0.01917800
vn -0.25601100 -0.96252100 -0.08951000
vn -0.46532500 -0.87630200 -0.12476800
vn 0.94932700 -0.31428400 -0.00174900
vn 0.86926500 -0.48898700 -0.07259900
vn 0.87229000 -0.48898500 -0.00160200
vn 0.78582300 -0.61373400 -0.07623600
vn 0.74934500 -0.66206500 0.01230300
vn 0.64402600 -0.75960300 -0.09073600
vn 0.48021400 -0.87694100 0.01918500
vn 0.46531500 -0.87630800 -0.12476400
vn 0.27652100 -0.95857300 -0.06836400
vn -0.12515400 -0.37075500 -0.92025900
vn -0.66996700 -0.55799200 -0.48968200
vn -0.75555900 -0.58515900 -0.29448100
vn -0.84554400 -0.48097200 -0.23177800
vn -0.09539900 -0.39424200 -0.91404200
vn 0.00557500 -0.30980300 -0.95078400
vn -0.26667300 -0.47943000 -0.83608200
vn -0.36794700 -0.57713900 -0.72905700
vn -0.46177700 -0.52472700 -0.71513900
vn -0.55560800 -0.54709400 -0.62609000
vn -0.54594200 -0.74867000 -0.37608600
vn -0.01166800 -0.28724200 -0.95778700
vn -0.03166700 -0.45094200 -0.89199100
vn -0.22238200 -0.69171800 -0.68707500
vn -0.28407600 -0.88513300 -0.36856500
vn -0.08838300 -0.17643800 -0.98033600
vn -0.04390800 -0.68747900 -0.72487600
vn -0.07207100 -0.83460700 -0.54611000
vn -0.07430300 -0.94424800 -0.32074000
vn 0.00534300 -0.28691800 -0.95794000
vn -0.01278500 -0.29856800 -0.95430300
vn 0.02107400 -0.42879900 -0.90315400
vn 0.00217700 -0.27055900 -0.96270100
vn 0.00071600 -0.12139300 -0.99260400
vn -0.00000300 -0.06530900 -0.99786500
vn -0.00080700 -0.26986000 -0.96289900
vn -0.01584900 -0.23242000 -0.97248700
vn 0.01539200 -0.29139300 -0.95648000
vn 0.00730800 -0.29618800 -0.95510200
vn 0.04389800 -0.72477000 -0.68759100
vn 0.07208600 -0.85213500 -0.51833400
vn 0.05862900 -0.95342300 -0.29588300
vn 0.04503100 -0.35668600 -0.93313800
vn 0.16018300 -0.41432000 -0.89592400
vn 0.05719400 -0.31109900 -0.94865500
vn 0.11468300 -0.41767000 -0.90133200
vn 0.22594600 -0.53477900 -0.81422300
vn 0.36466400 -0.60114400 -0.71108800
vn 0.46164400 -0.52470200 -0.71524300
vn 0.64293400 -0.55680600 -0.52593100
vn 0.08838700 -0.17644000 -0.98033500
vn 0.06951400 -0.24908400 -0.96598400
vn 0.20430100 -0.65548100 -0.72705300
vn 0.19579200 -0.52044700 -0.83114400
vn 0.28064100 -0.88474900 -0.37210300
vn 0.84559600 -0.48076400 -0.23202200
vn 0.74532000 -0.60599900 -0.27796200
vn 0.54598300 -0.74978400 -0.37380000
vn 0.94422800 -0.32929300 0.00000000
vn 0.94426500 -0.32917900 -0.00231100
vn 0.96588700 -0.25887300 -0.00690200
vn 0.96847500 -0.24908900 -0.00344800
vn 0.81115400 -0.58483200 0.00000000
vn 0.77864100 -0.62745500 -0.00426000
vn 0.66322400 -0.74840900 -0.00423800
vn 0.46426800 -0.88566200 -0.00764600
vn 0.42866400 -0.90346400 0.00000000
vn 0.21328700 -0.97697300 -0.00578700
vn -0.03060600 -0.99948400 -0.00970200
vn -0.06047300 -0.99817000 0.00000000
vn -0.29096000 -0.95671000 -0.00695400
vn -0.51753100 -0.85559100 -0.01117600
vn -0.53450700 -0.84516400 0.00000000
vn -0.72116300 -0.69272200 -0.00771300
vn -0.87101300 -0.49111200 -0.01207000
vn -0.87590600 -0.48248200 0.00000000
vn -0.96759300 -0.25238500 -0.00810400
vn -0.96762000 -0.25228300 -0.00810600
vn -0.96564900 -0.25872300 -0.02418400
vn -1.00000000 -0.00000000 0.00000000
vn -0.99613900 0.08740500 -0.00817400
vn -0.96761300 0.25230900 -0.00805500
vn -0.87100900 0.49111900 -0.01207900
vn -0.87595400 0.48239500 0.00000000
vn -0.72121300 0.69267100 -0.00772300
vn -0.72111800 0.69276900 -0.00772800
vn -0.70691600 0.70692200 -0.02304100
vn -0.53443800 0.84520800 0.00000000
vn -0.44662300 0.89469500 -0.00700200
vn -0.29100500 0.95669600 -0.00694200
vn -0.03060500 0.99948400 -0.00970100
vn -0.06036800 0.99817600 0.00000000
vn 0.21330200 0.97696900 -0.00578800
vn 0.46420800 0.88569300 -0.00763600
vn 0.42866100 0.90346500 0.00000000
vn 0.66321300 0.74841900 -0.00423500
vn 0.83940500 0.54348300 -0.00499600
vn 0.81148700 0.58437000 0.00000000
vn 0.94425600 0.32920500 -0.00230600
vn 0.96848000 0.24906700 -0.00344100
vn 0.97094000 0.23932300 0.00000000
vn 0.97094000 -0.23932300 0.00000000
vn 0.42929300 0.56493900 -0.70466400
vn 0.64467500 0.29362500 -0.70581800
vn 0.56332600 0.43603900 -0.70180700
vn 0.45412800 0.54393600 -0.70562100
vn 0.28764100 0.65228300 -0.70127700
vn 0.11056000 0.70181400 -0.70372800
vn 0.13501700 0.69500500 -0.70621400
vn -0.05783200 0.71093100 -0.70088000
vn -0.23530900 0.67111600 -0.70301700
vn -0.21706300 0.67344400 -0.70665200
vn -0.38968300 0.59776700 -0.70058700
vn -0.52547600 0.47991100 -0.70253900
vn -0.51481300 0.48497700 -0.70694000
vn -0.62754500 0.34001500 -0.70041200
vn -0.68096400 0.20328000 -0.70353700
vn -0.71189200 0.11939600 -0.69206500
vn -0.70994700 -0.08334100 -0.69930700
vn -0.72754200 0.00244900 -0.68605900
vn -0.68089200 -0.23366000 -0.69411100
vn -0.58447700 -0.40924500 -0.70064600
vn -0.63532200 -0.34750100 -0.68964400
vn -0.48595300 -0.52855600 -0.69604500
vn -0.32000000 -0.63632100 -0.70192300
vn -0.38684200 -0.60834700 -0.69301300
vn -0.17494900 -0.69451800 -0.69788100
vn 0.01991800 -0.71077500 -0.70313700
vn -0.04484700 -0.71647000 -0.69617500
vn 0.17660200 -0.69234600 -0.69962000
vn 0.35389200 -0.61541100 -0.70429300
vn 0.30538000 -0.64649800 -0.69913000
vn 0.48403400 -0.52339500 -0.70126200
vn 0.60236700 -0.37358800 -0.70539700
vn 0.57736300 -0.41711900 -0.70190000
vn 0.67348600 -0.22908500 -0.70280600
vn 0.70591300 -0.05798700 -0.70592100
vn 0.70591400 0.05796600 -0.70592200
vn 0.66090800 0.25754600 -0.70489000
vn 0.94427000 -0.32916400 -0.00230900
vn 0.83942100 -0.54345900 -0.00499500
vn 0.96846600 -0.24912100 -0.00345200
vn 0.81147900 -0.58438100 0.00000000
vn 0.66320200 -0.74842900 -0.00423700
vn 0.46423000 -0.88568200 -0.00764100
vn 0.42866200 -0.90346500 0.00000000
vn 0.21330300 -0.97696900 -0.00578800
vn -0.03061200 -0.99948400 -0.00970000
vn -0.06036800 -0.99817600 0.00000000
vn -0.29092800 -0.95672000 -0.00693900
vn -0.29103200 -0.95668800 -0.00694800
vn -0.25882200 -0.96570300 -0.02071600
vn -0.53444900 -0.84520100 0.00000000
vn -0.59559200 -0.80325000 -0.00776700
vn -0.72116600 -0.69271900 -0.00770600
vn -0.87101600 -0.49110600 -0.01206000
vn -0.87595400 -0.48239500 0.00000000
vn -0.96759900 -0.25235900 -0.00812900
vn -0.99992400 -0.00000400 -0.01233600
vn -1.00000000 -0.00000000 0.00000000
vn -0.96759200 0.25239000 -0.00810600
vn -0.96761100 0.25231500 -0.00811100
vn -0.96564900 0.25872300 -0.02418400
vn -0.87590600 0.48248200 0.00000000
vn -0.82661600 0.56271300 -0.00777900
vn -0.72114000 0.69274600 -0.00771900
vn -0.51751800 0.85559900 -0.01118300
vn -0.53451800 0.84515700 0.00000000
vn -0.29100400 0.95669700 -0.00694200
vn -0.03061400 0.99948400 -0.00970100
vn -0.06047300 0.99817000 0.00000000
vn 0.21328700 0.97697300 -0.00578500
vn 0.46422900 0.88568200 -0.00764300
vn 0.42866400 0.90346400 0.00000000
vn 0.66319000 0.74843900 -0.00425100
vn 0.66325400 0.74838300 -0.00424500
vn 0.70709000 0.70701100 -0.01264400
vn 0.81115400 0.58483200 0.00000000
vn 0.87595500 0.48238800 -0.00233800
vn 0.94425700 0.32920200 -0.00230700
vn 0.96847400 0.24909100 -0.00344200
vn 0.97094000 0.23932300 0.00000000
vn 0.97094000 -0.23932300 0.00000000
vn 0.42928800 0.56494100 -0.70466600
vn 0.64467000 0.29362900 -0.70582100
vn 0.56333000 0.43602800 -0.70181100
vn 0.45405400 0.54398900 -0.70562800
vn 0.28767400 0.65226000 -0.70128500
vn 0.11058800 0.70180700 -0.70373100
vn 0.13509300 0.69499400 -0.70621100
vn -0.05781800 0.71092900 -0.70088300
vn -0.23530100 0.67111800 -0.70301800
vn -0.21697100 0.67347600 -0.70665000
vn -0.38972300 0.59775500 -0.70057500
vn -0.52547100 0.47991700 -0.70253800
vn -0.51473800 0.48505800 -0.70693900
vn -0.62754400 0.34002000 -0.70041000
vn -0.68096800 0.20327700 -0.70353500
vn -0.71189800 0.11937200 -0.69206300
vn -0.70994700 -0.08330200 -0.69931100
vn -0.72754200 0.00245000 -0.68605900
vn -0.68089300 -0.23364900 -0.69411300
vn -0.58448400 -0.40924900 -0.70063800
vn -0.63534100 -0.34748200 -0.68963600
vn -0.48595100 -0.52855500 -0.69604700
vn -0.31996400 -0.63633900 -0.70192300
vn -0.38685300 -0.60834400 -0.69301000
vn -0.17496900 -0.69451200 -0.69788200
vn 0.01992000 -0.71077200 -0.70314000
vn -0.04488100 -0.71647200 -0.69617100
vn 0.17662800 -0.69234000 -0.69962000
vn 0.35389800 -0.61540500 -0.70429700
vn 0.30537800 -0.64649700 -0.69913200
vn 0.48406100 -0.52337300 -0.70126000
vn 0.60239000 -0.37354900 -0.70539900
vn 0.57738200 -0.41709300 -0.70190000
vn 0.67349300 -0.22906800 -0.70280500
vn 0.70591300 -0.05798700 -0.70592100
vn 0.70591400 0.05796600 -0.70592200
vn 0.66091200 0.25753200 -0.70489200
vn 0.94424600 -0.32923300 -0.00230700
vn 0.83939500 -0.54349900 -0.00499800
vn 0.96847000 -0.24910800 -0.00345400
vn 0.81151500 -0.58433100 0.00000000
vn 0.66325200 -0.74838400 -0.00424000
vn 0.46426600 -0.88566300 -0.00764700
vn 0.42863700 -0.90347700 0.00000000
vn 0.21323000 -0.97698500 -0.00577700
vn -0.03060300 -0.99948500 -0.00970300
vn -0.06034800 -0.99817700 0.00000000
vn -0.29096900 -0.95670700 -0.00695200
vn -0.51749900 -0.85561100 -0.01118800
vn -0.53446900 -0.84518800 0.00000000
vn -0.72113700 -0.69274900 -0.00772100
vn -0.87102100 -0.49109700 -0.01204700
vn -0.87591900 -0.48245800 0.00000000
vn -0.96758900 -0.25240100 -0.00810200
vn -0.96761800 -0.25228900 -0.00810600
vn -0.96565100 -0.25871600 -0.02418200
vn -1.00000000 -0.00000000 0.00000000
vn -0.99613900 0.08741400 -0.00817500
vn -0.96758800 0.25240300 -0.00810300
vn -0.96761000 0.25231900 -0.00811100
vn -0.96565100 0.25871600 -0.02418200
vn -0.87591900 0.48245800 0.00000000
vn -0.82662000 0.56270600 -0.00778200
vn -0.72116800 0.69271700 -0.00770700
vn -0.51750000 0.85561000 -0.01119100
vn -0.53447200 0.84518600 0.00000000
vn -0.29097100 0.95670600 -0.00695100
vn -0.03060300 0.99948500 -0.00970300
vn -0.06034700 0.99817700 0.00000000
vn 0.21327400 0.97697500 -0.00578500
vn 0.46426600 0.88566300 -0.00764100
vn 0.42864300 0.90347400 0.00000000
vn 0.66325500 0.74838100 -0.00423800
vn 0.83937100 0.54353700 -0.00499400
vn 0.81151300 0.58433400 0.00000000
vn 0.94423100 0.32927600 -0.00231000
vn 0.96847000 0.24910800 -0.00345500
vn 0.97093900 0.23932900 0.00000000
vn 0.97093900 -0.23932900 0.00000000
vn 0.42928700 0.56494300 -0.70466400
vn 0.64465300 0.29366300 -0.70582200
vn 0.56331200 0.43605700 -0.70180700
vn 0.45410200 0.54395300 -0.70562500
vn 0.28770600 0.65224200 -0.70128900
vn 0.11054800 0.70181800 -0.70372600
vn 0.13507600 0.69499800 -0.70621000
vn -0.05782200 0.71093100 -0.70088100
vn -0.23530900 0.67111600 -0.70301700
vn -0.21689100 0.67350400 -0.70664700
vn -0.38974400 0.59775100 -0.70056700
vn -0.52547000 0.47991500 -0.70254000
vn -0.51486000 0.48492500 -0.70694200
vn -0.62755200 0.34001100 -0.70040800
vn -0.68096400 0.20328300 -0.70353700
vn -0.71189300 0.11940200 -0.69206300
vn -0.70995500 -0.08330600 -0.69930300
vn -0.72753200 0.00240700 -0.68607000
vn -0.68089600 -0.23365400 -0.69410900
vn -0.58448100 -0.40924900 -0.70064100
vn -0.63533900 -0.34748500 -0.68963600
vn -0.48600500 -0.52850200 -0.69604900
vn -0.32000000 -0.63632500 -0.70191900
vn -0.38684400 -0.60834700 -0.69301200
vn -0.17497700 -0.69450900 -0.69788300
vn 0.01992200 -0.71077600 -0.70313700
vn -0.04487500 -0.71647200 -0.69617100
vn 0.17663700 -0.69234000 -0.69961800
vn 0.35389300 -0.61541200 -0.70429300
vn 0.30539900 -0.64648600 -0.69913300
vn 0.48404800 -0.52338600 -0.70125900
vn 0.60237300 -0.37358700 -0.70539300
vn 0.57736600 -0.41711800 -0.70189800
vn 0.67348700 -0.22908500 -0.70280600
vn 0.70591100 -0.05798800 -0.70592300
vn 0.70591200 0.05796600 -0.70592400
vn 0.66087300 0.25762400 -0.70489500
vn 0.94424400 -0.32923800 -0.00230900
vn 0.83939500 -0.54350000 -0.00499400
vn 0.96847400 -0.24909200 -0.00344800
vn 0.81130500 -0.58462300 0.00000000
vn 0.66325200 -0.74838400 -0.00424000
vn 0.46426600 -0.88566300 -0.00764500
vn 0.42864300 -0.90347400 0.00000000
vn 0.21330500 -0.97696900 -0.00578800
vn -0.03060200 -0.99948500 -0.00970200
vn -0.06036600 -0.99817600 0.00000000
vn -0.29100400 -0.95669700 -0.00694300
vn -0.51749500 -0.85561300 -0.01119400
vn -0.53443800 -0.84520800 0.00000000
vn -0.72118600 -0.69269800 -0.00771500
vn -0.72111100 -0.69277700 -0.00772000
vn -0.70692400 -0.70691400 -0.02304300
vn -0.87592500 -0.48244700 0.00000000
vn -0.91196000 -0.41019800 -0.00814300
vn -0.96762000 -0.25228300 -0.00810600
vn -0.96759500 -0.25237800 -0.00810900
vn -0.96563200 -0.25878400 -0.02419500
vn -1.00000000 -0.00000000 0.00000000
vn -0.99613700 0.08742500 -0.00818100
vn -0.96761400 0.25230600 -0.00804900
vn -0.87101300 0.49111100 -0.01207100
vn -0.87589900 0.48249400 0.00000000
vn -0.72116000 0.69272500 -0.00771300
vn -0.51751300 0.85560200 -0.01118600
vn -0.53447600 0.84518400 0.00000000
vn -0.29104400 0.95668500 -0.00692900
vn -0.03060400 0.99948500 -0.00970300
vn -0.06047200 0.99817000 0.00000000
vn 0.21328900 0.97697200 -0.00578500
vn 0.46426500 0.88566300 -0.00764300
vn 0.42864500 0.90347300 0.00000000
vn 0.66324000 0.74839400 -0.00423600
vn 0.83937800 0.54352500 -0.00499400
vn 0.81119300 0.58477900 0.00000000
vn 0.94423100 0.32927600 -0.00230800
vn 0.96848200 0.24906100 -0.00343900
vn 0.97095800 0.23925100 0.00000000
vn 0.97095800 -0.23925100 0.00000000
vn 0.42929000 0.56494100 -0.70466400
vn 0.64465200 0.29366600 -0.70582100
vn 0.56330700 0.43606600 -0.70180600
vn 0.45408000 0.54397000 -0.70562700
vn 0.28770500 0.65224300 -0.70128800
vn 0.11059300 0.70180800 -0.70372900
vn 0.13509500 0.69499500 -0.70620900
vn -0.05781700 0.71093000 -0.70088200
vn -0.23530000 0.67111700 -0.70301900
vn -0.21702100 0.67345800 -0.70665200
vn -0.38973800 0.59775100 -0.70056900
vn -0.52547200 0.47991300 -0.70254000
vn -0.51481800 0.48497000 -0.70694200
vn -0.62754300 0.34001500 -0.70041400
vn -0.68096300 0.20327900 -0.70353900
vn -0.71188800 0.11940700 -0.69206700
vn -0.70994900 -0.08330400 -0.69930900
vn -0.72754200 0.00245000 -0.68605900
vn -0.68090000 -0.23363600 -0.69411100
vn -0.58448000 -0.40924800 -0.70064200
vn -0.63532900 -0.34749700 -0.68964000
vn -0.48597400 -0.52853600 -0.69604500
vn -0.31996500 -0.63633600 -0.70192500
vn -0.38685500 -0.60834300 -0.69300900
vn -0.17497400 -0.69451000 -0.69788200
vn 0.01987900 -0.71077700 -0.70313600
vn -0.04487900 -0.71647200 -0.69617000
vn 0.17663100 -0.69234000 -0.69961900
vn 0.35390000 -0.61540500 -0.70429500
vn 0.30540700 -0.64648000 -0.69913500
vn 0.48405100 -0.52338100 -0.70126200
vn 0.60237300 -0.37359200 -0.70539100
vn 0.57736000 -0.41713000 -0.70189600
vn 0.67348500 -0.22908800 -0.70280600
vn 0.70591600 -0.05798300 -0.70591800
vn 0.70591900 0.05793600 -0.70591900
vn 0.66089100 0.25758500 -0.70489200
vn 0.94426100 -0.32919000 -0.00230600
vn 0.83942700 -0.54345000 -0.00499700
vn 0.96848200 -0.24906200 -0.00343700
vn 0.81119300 -0.58477800 0.00000000
vn 0.66320600 -0.74842500 -0.00423800
vn 0.46422400 -0.88568500 -0.00764200
vn 0.42863200 -0.90347900 0.00000000
vn 0.21328400 -0.97697300 -0.00578600
vn -0.03060200 -0.99948500 -0.00970200
vn -0.06046200 -0.99817100 0.00000000
vn -0.29100200 -0.95669700 -0.00694500
vn -0.51749100 -0.85561500 -0.01119400
vn -0.53447600 -0.84518400 0.00000000
vn -0.72116100 -0.69272400 -0.00771000
vn -0.87101600 -0.49110700 -0.01206200
vn -0.87591300 -0.48246800 0.00000000
vn -0.96760500 -0.25234100 -0.00809600
vn -0.99992400 -0.00000300 -0.01234900
vn -1.00000000 -0.00000000 0.00000000
vn -0.96760100 0.25235400 -0.00812600
vn -0.87101000 0.49111700 -0.01206500
vn -0.87592500 0.48244700 0.00000000
vn -0.72116300 0.69272200 -0.00770300
vn -0.51756500 0.85557100 -0.01115900
vn -0.53443800 0.84520700 0.00000000
vn -0.29104700 0.95668400 -0.00693200
vn -0.03060200 0.99948500 -0.00970400
vn -0.06035700 0.99817700 0.00000000
vn 0.21330000 0.97697000 -0.00578800
vn 0.46426300 0.88566400 -0.00764600
vn 0.42863000 0.90348000 0.00000000
vn 0.66321800 0.74841400 -0.00423800
vn 0.83941800 0.54346300 -0.00499700
vn 0.81130500 0.58462300 0.00000000
vn 0.94425900 0.32919500 -0.00230800
vn 0.96847400 0.24909200 -0.00344900
vn 0.97095800 0.23925100 0.00000000
vn 0.97095800 -0.23925100 0.00000000
vn 0.42930000 0.56493100 -0.70466600
vn 0.64467700 0.29361400 -0.70582000
vn 0.56330700 0.43606400 -0.70180700
vn 0.45409700 0.54395600 -0.70562600
vn 0.28770000 0.65224200 -0.70129100
vn 0.11056000 0.70181400 -0.70372900
vn 0.13505800 0.69499900 -0.70621200
vn -0.05782400 0.71093000 -0.70088100
vn -0.23531000 0.67111400 -0.70301800
vn -0.21706000 0.67344500 -0.70665200
vn -0.38967900 0.59776600 -0.70059000
vn -0.52547400 0.47991300 -0.70253800
vn -0.51472600 0.48506900 -0.70694000
vn -0.62752800 0.34002600 -0.70042200
vn -0.68096200 0.20328600 -0.70353800
vn -0.71189000 0.11940700 -0.69206500
vn -0.70994900 -0.08334300 -0.69930500
vn -0.72754200 0.00244900 -0.68605900
vn -0.68089600 -0.23364600 -0.69411100
vn -0.58447800 -0.40924500 -0.70064600
vn -0.63531300 -0.34751600 -0.68964500
vn -0.48595600 -0.52855000 -0.69604700
vn -0.32000000 -0.63632600 -0.70191800
vn -0.38684900 -0.60834300 -0.69301200
vn -0.17499000 -0.69450400 -0.69788500
vn 0.01987800 -0.71077800 -0.70313500
vn -0.04488600 -0.71647200 -0.69617000
vn 0.17660300 -0.69234400 -0.69962200
vn 0.35389200 -0.61541100 -0.70429300
vn 0.30539800 -0.64648700 -0.69913300
vn 0.48402600 -0.52340500 -0.70126100
vn 0.60239100 -0.37355000 -0.70539700
vn 0.57739000 -0.41707900 -0.70190100
vn 0.67349600 -0.22906300 -0.70280400
vn 0.70591200 -0.05798300 -0.70592300
vn 0.70591500 0.05793600 -0.70592300
vn 0.66091400 0.25752600 -0.70489200
vn 0.94424600 -0.32923300 -0.00230700
vn 0.83939500 -0.54349900 -0.00499300
vn 0.96847000 -0.24910800 -0.00345400
vn 0.81151500 -0.58433200 0.00000000
vn 0.66324900 -0.74838700 -0.00424000
vn 0.46426600 -0.88566300 -0.00764300
vn 0.42863400 -0.90347800 0.00000000
vn 0.21327500 -0.97697500 -0.00578400
vn -0.03060300 -0.99948500 -0.00970200
vn -0.06034700 -0.99817700 0.00000000
vn -0.29104400 -0.95668400 -0.00694300
vn -0.29092600 -0.95672000 -0.00693800
vn -0.25880800 -0.96570700 -0.02071200
vn -0.53447000 -0.84518800 0.00000000
vn -0.59559300 -0.80324900 -0.00776000
vn -0.72111100 -0.69277700 -0.00771500
vn -0.72117800 -0.69270700 -0.00770700
vn -0.70691600 -0.70692300 -0.02302600
vn -0.87591900 -0.48245800 0.00000000
vn -0.91198300 -0.41014700 -0.00815000
vn -0.96760800 -0.25232800 -0.00810300
vn -0.99992400 0.00000100 -0.01233500
vn -1.00000000 0.00000000 0.00000000
vn -0.96761200 0.25231200 -0.00806000
vn -0.87102400 0.49109300 -0.01205100
vn -0.87591900 0.48245800 0.00000000
vn -0.72116800 0.69271700 -0.00770700
vn -0.51750100 0.85560900 -0.01119200
vn -0.53447200 0.84518600 0.00000000
vn -0.29101300 0.95669400 -0.00693900
vn -0.03060300 0.99948500 -0.00970300
vn -0.06034700 0.99817700 0.00000000
vn 0.21327500 0.97697500 -0.00578300
vn 0.46426500 0.88566300 -0.00764400
vn 0.42862000 0.90348500 0.00000000
vn 0.66320700 0.74842400 -0.00423600
vn 0.83941900 0.54346200 -0.00499800
vn 0.81151700 0.58432800 0.00000000
vn 0.94426100 0.32919000 -0.00230600
vn 0.96847000 0.24910800 -0.00345600
vn 0.97093800 0.23932900 0.00000000
vn 0.97093900 -0.23932800 0.00000000
vn 0.42928800 0.56494300 -0.70466400
vn 0.64467400 0.29362400 -0.70581900
vn 0.56331600 0.43605500 -0.70180600
vn 0.45408800 0.54396600 -0.70562400
vn 0.28768700 0.65225400 -0.70128600
vn 0.11059300 0.70180800 -0.70372900
vn 0.13503000 0.69500400 -0.70621200
vn -0.05782300 0.71093100 -0.70088100
vn -0.23530900 0.67111600 -0.70301700
vn -0.21697800 0.67347400 -0.70664900
vn -0.38969900 0.59776300 -0.70058200
vn -0.52547100 0.47991500 -0.70254000
vn -0.51485900 0.48492500 -0.70694200
vn -0.62755100 0.34001100 -0.70040900
vn -0.68096400 0.20328200 -0.70353700
vn -0.71189000 0.11940100 -0.69206600
vn -0.70994800 -0.08330400 -0.69931000
vn -0.72753200 0.00240800 -0.68607000
vn -0.68089800 -0.23365500 -0.69410600
vn -0.58448100 -0.40924900 -0.70064100
vn -0.63531100 -0.34751900 -0.68964600
vn -0.48597300 -0.52853300 -0.69604800
vn -0.32000000 -0.63632500 -0.70191900
vn -0.38684800 -0.60834600 -0.69301100
vn -0.17497800 -0.69450800 -0.69788400
vn 0.01987600 -0.71078000 -0.70313300
vn -0.04487200 -0.71647200 -0.69617100
vn 0.17663700 -0.69233700 -0.69962000
vn 0.35389300 -0.61541100 -0.70429300
vn 0.30540100 -0.64648400 -0.69913400
vn 0.48404700 -0.52338100 -0.70126300
vn 0.60237000 -0.37358500 -0.70539700
vn 0.57736400 -0.41711900 -0.70189900
vn 0.67348700 -0.22908500 -0.70280600
vn 0.70591100 -0.05798800 -0.70592300
vn 0.70591600 0.05796600 -0.70592000
vn 0.66091200 0.25754000 -0.70489000
vn 0.00000000 0.00000000 -1.00000000
vn 0.00000000 0.00000000 -1.00000000
vn 0.00000000 0.00000000 -1.00000000
vn 0.00000500 0.00000000 -1.00000000
vn -0.00000400 -0.00000000 -1.00000000
vn 0.00000000 0.00000000 -1.00000000
vn 0.00000500 0.00000000 -1.00000000
vn -0.00000400 -0.00000000 -1.00000000
vn -0.00000400 -0.00000000 -1.00000000
vn 0.00000000 0.00000000 -1.00000000
vn 0.00001000 0.00000000 -1.00000000
vn 0.00000500 0.00000000 -1.00000000
vn 0.00000500 0.00000000 -1.00000000
vn 0.00001000 0.00000000 -1.00000000
vn 0.00001000 0.00000000 -1.00000000
vn -0.00002700 -0.00000000 -1.00000000
vn -0.00002700 -0.00000000 -1.00000000
vn -0.00000400 -0.00000000 -1.00000000
vn -0.00002700 -0.00000000 -1.00000000
vn -0.00000400 -0.00000000 -1.00000000
vn 0.00000500 0.00000000 -1.00000000
vn -0.00000400 -0.00000000 -1.00000000
vn 0.00000500 0.00000000 -1.00000000
vn 1.00000000 0.00001400 0.00000000
vn 1.00000000 0.00001400 0.00000000
vn 1.00000000 0.00000300 0.00000600
vn 1.00000000 0.00001400 0.00000000
vn 1.00000000 0.00000200 0.00000500
vn 0.99621500 0.08692100 -0.00000100
vn 0.99144800 0.13050400 0.00000000
vn -1.00000000 -0.00000400 0.00000000
vn -1.00000000 -0.00000500 -0.00000500
vn -0.99787200 0.06519800 -0.00000300
vn -1.00000000 -0.00000600 -0.00001000
vn -0.98477300 0.17384700 -0.00001400
vn -0.96593000 0.25880200 0.00000000
vn -0.96593000 0.25880300 0.00000000
vn -0.70711100 0.70710300 0.00000000
vn -0.70711100 0.70710300 0.00000000
vn -0.70711100 0.70710300 0.00000000
vn -0.70711100 0.70710300 0.00000000
vn -0.25873800 0.96594700 0.00000000
vn -0.25873800 0.96594800 0.00000000
vn -0.25873800 0.96594700 0.00000000
vn -0.25873800 0.96594700 0.00000000
vn -0.25873800 0.96594800 0.00000000
vn -0.25873800 0.96594800 0.00000000
vn 0.25873500 0.96594800 0.00000000
vn 0.25873400 0.96594900 0.00000000
vn 0.25873500 0.96594800 0.00000000
vn 0.25873500 0.96594800 0.00000000
vn 0.25873400 0.96594900 0.00000000
vn 0.25873400 0.96594900 0.00000000
vn 0.70711400 0.70709900 0.00000000
vn 0.70711400 0.70709900 0.00000000
vn 0.70711500 0.70709900 0.00000000
vn 0.70711400 0.70709900 0.00000000
vn 0.70711500 0.70709900 0.00000000
vn 0.70711500 0.70709900 0.00000000
vn 0.96593800 0.25877500 0.00000000
vn 0.96593700 0.25877600 0.00000000
vn 0.96593800 0.25877500 0.00000000
vn 0.96593800 0.25877500 0.00000000
vn -0.99518600 0.09800100 0.00000000
vn -0.99518600 0.09800500 0.00000000
vn -0.99453100 -0.10444300 0.00000000
vn -1.00000000 -0.00000000 0.00000000
vn -0.99144200 -0.13054900 0.00000000
vn -0.08697400 -0.99621100 -0.00001600
vn -0.17387100 -0.98476800 0.00001700
vn 0.00000000 -1.00000000 0.00000200
vn 0.07841100 -0.99692100 0.00000000
vn 0.00000000 -1.00000000 0.00000100
vn 0.09802500 -0.99518400 0.00000000
vn 0.99518600 0.09800100 0.00000000
vn 0.99518600 0.09800300 0.00000000
vn 1.00000000 0.00000000 0.00000000
vn 0.99786400 -0.06531800 0.00000000
vn 0.99143600 -0.13059600 -0.00000100
vn -0.00000000 1.00000000 0.00000000
vn -0.09809500 0.99517700 0.00000000
vn -0.07843100 0.99692000 0.00000000
vn -0.00000000 1.00000000 0.00000000
vn 0.06533700 0.99786300 0.00000000
vn 0.13057500 0.99143800 0.00000000
vn 0.00000000 0.00000000 1.00000000
vn 0.00000000 0.00000000 1.00000000
vn 0.00000400 0.00000000 1.00000000
vn 0.00000000 0.00000000 1.00000000
vn 0.00000000 0.00000000 1.00000000
vn 0.00000400 0.00000000 1.00000000
vn 0.00000000 0.00000000 1.00000000
vn 0.00000000 0.00000000 1.00000000
vn 0.00000400 0.00000000 1.00000000
vn 0.00000000 0.00000000 1.00000000
vn 0.00000000 0.00000000 1.00000000
vn 0.00000000 0.00000000 1.00000000
vn 0.00000200 0.00000000 1.00000000
vn 0.00000100 0.00000000 1.00000000
vn -0.00000300 -0.00000000 1.00000000
vn -0.00001200 -0.00000000 1.00000000
vn 0.00000000 0.00000000 1.00000000
vn 0.00000000 0.00000000 1.00000000
vn -0.00001200 -0.00000000 1.00000000
vn 0.00002400 0.00000000 1.00000000
vn -0.00001200 -0.00000000 1.00000000
vn -0.00000300 -0.00000000 1.00000000
vn 0.00000000 0.00000000 1.00000000
vn 0.00000000 0.00000000 1.00000000
vn 0.00000100 0.00000000 1.00000000
vn 0.00000000 0.00000000 1.00000000
vn 0.00000000 0.00000000 1.00000000
vn 0.00000000 0.00000000 1.00000000
vn 0.00000200 0.00000000 1.00000000
vn 0.00000000 0.00000000 1.00000000
vn 0.00000200 0.00000000 1.00000000
vn 0.00000000 0.00000000 1.00000000
vn -0.00000300 -0.00000000 1.00000000
vn 0.00000100 0.00000000 1.00000000
vn 0.00002400 0.00000000 1.00000000
vn 0.00002400 0.00000000 1.00000000
vn 0.94715000 0.32079000 0.00000000
vn 0.89655600 0.44293100 -0.00002500
vn 0.83146500 0.55557800 0.00000000
vn 0.83146300 0.55557900 0.00000000
vn 0.55547300 0.83153500 0.00000000
vn 0.55547200 0.83153500 0.00000000
vn 0.55547300 0.83153500 0.00000000
vn 0.55547300 0.83153500 0.00000000
vn 0.55547200 0.83153500 0.00000000
vn 0.55547200 0.83153500 0.00000000
vn 0.19524300 0.98075500 0.00000000
vn 0.19524400 0.98075500 0.00000000
vn -0.19524300 0.98075500 0.00000000
vn -0.19524400 0.98075500 0.00000000
vn -0.55547400 0.83153400 0.00000000
vn -0.55547100 0.83153600 0.00000000
vn -0.65882800 0.75229400 0.00000000
vn -0.75231100 0.65880800 -0.00002500
vn -0.83146300 0.55557900 0.00000000
vn -0.83146500 0.55557700 0.00000000
vn -0.98079200 0.19505900 0.00000000
vn -0.98079100 0.19506200 0.00000000
vn -0.96591400 -0.25886400 0.00000000
vn -0.96591400 -0.25886400 0.00000000
vn -0.70710200 -0.70711200 0.00000000
vn -0.70710400 -0.70710900 0.00000000
vn -0.70710200 -0.70711200 0.00000000
vn -0.70710200 -0.70711200 0.00000000
vn -0.70710400 -0.70710900 0.00000000
vn -0.70710400 -0.70710900 0.00000000
vn -0.25883800 -0.96592100 0.00000000
vn -0.25883700 -0.96592100 0.00000000
vn 0.32076300 -0.94716000 0.00000100
vn 0.44300800 -0.89651800 0.00000100
vn 0.44288900 -0.89657700 0.00001100
vn 0.55557400 -0.83146700 0.00000000
vn 0.70717300 -0.70704000 -0.00005400
vn 0.75228400 -0.65883900 0.00000000
vn 0.83146500 -0.55557700 0.00000000
vn 0.83146700 -0.55557400 0.00000000
vn 0.98078600 -0.19508900 0.00000000
vn 0.98078500 -0.19509200 0.00000000
vn -0.06982200 0.70539500 0.70536700
vn -0.06985700 0.70537700 0.70538200
vn -0.22705100 0.67048000 0.70633200
vn -0.31353600 0.63465800 0.70633200
vn -0.46637700 0.53253700 0.70632600
vn -0.53254500 0.46637200 0.70632300
vn -0.63465700 0.31355400 0.70632500
vn -0.67047900 0.22705600 0.70633100
vn -0.70538000 0.06977700 0.70538600
vn -0.70537500 0.06979500 0.70539000
vn -0.70400200 -0.09349000 0.70401800
vn -0.70403600 -0.09347600 0.70398600
vn 0.06987200 0.70538000 0.70537700
vn 0.06979100 0.70538300 0.70538200
vn -0.64267400 -0.29826800 0.70569600
vn -0.57966000 -0.40741600 0.70569500
vn -0.40742300 -0.57965500 0.70569600
vn -0.29829300 -0.64266000 0.70569800
vn -0.09348200 -0.70401200 0.70400900
vn -0.09349200 -0.70401400 0.70400600
vn 0.70537700 0.06986200 0.70538100
vn 0.70537200 0.06983500 0.70538900
vn 0.67047800 0.22708100 0.70632300
vn 0.63467000 0.31352900 0.70632400
vn 0.53254600 0.46636000 0.70633000
vn 0.46635400 0.53253900 0.70634000
vn 0.31351700 0.63466100 0.70633700
vn 0.22707100 0.67047400 0.70633100
vn 0.06975700 -0.70538400 0.70538500
vn 0.06986700 -0.70538600 0.70537200
vn 0.70537200 -0.06985900 0.70538700
vn 0.70537900 -0.06978800 0.70538700
vn 0.22707100 -0.67046700 0.70633700
vn 0.31355900 -0.63464700 0.70633100
vn 0.46637000 -0.53253800 0.70633000
vn 0.53255000 -0.46636700 0.70632400
vn 0.63467200 -0.31352000 0.70632700
vn 0.67047600 -0.22707300 0.70632900
vn 0.96591800 -0.25885000 0.00000000
vn 0.96591800 -0.25885000 0.00000000
vn 0.96591800 -0.25885000 0.00000000
vn 0.96591800 -0.25885000 0.00000000
vn 0.96591800 -0.25885000 0.00000000
vn 0.96591800 -0.25885000 0.00000000
vn 0.70710900 -0.70710400 0.00000000
vn 0.70710900 -0.70710400 0.00000000
vn 0.70710900 -0.70710400 0.00000000
vn 0.70710900 -0.70710400 0.00000000
vn 0.70710900 -0.70710400 0.00000000
vn 0.70710900 -0.70710400 0.00000000
vn 0.25884900 -0.96591800 0.00000000
vn 0.25884900 -0.96591800 0.00000000
vn 0.25884900 -0.96591800 0.00000000
vn 0.25884900 -0.96591800 0.00000000
vn 0.25884900 -0.96591800 0.00000000
vn 0.25884900 -0.96591800 0.00000000
vn -0.25885100 -0.96591700 0.00000000
vn -0.25885100 -0.96591700 0.00000000
vn -0.25885100 -0.96591700 0.00000000
vn -0.25885100 -0.96591700 0.00000000
vn -0.25885100 -0.96591700 0.00000000
vn -0.25885100 -0.96591700 0.00000000
vn -0.70710400 -0.70711000 0.00000000
vn -0.70710400 -0.70711000 0.00000000
vn -0.70710400 -0.70711000 0.00000000
vn -0.70710400 -0.70711000 0.00000000
vn -0.70710400 -0.70711000 0.00000000
vn -0.70710400 -0.70711000 0.00000000
vn -0.96591800 -0.25885000 0.00000000
vn -0.96591800 -0.25885000 0.00000000
vn -0.96591800 -0.25885000 0.00000000
vn -0.96591800 -0.25885000 0.00000000
vn -0.96591800 -0.25885000 0.00000000
vn -0.96591800 -0.25885000 0.00000000
vn -0.96591700 0.25885000 0.00000000
vn -0.96591700 0.25885000 0.00000000
vn -0.96591700 0.25885000 0.00000000
vn -0.96591700 0.25885000 0.00000000
vn -0.96591700 0.25885000 0.00000000
vn -0.96591700 0.25885000 0.00000000
vn -0.70710800 0.70710500 0.00000000
vn -0.70710800 0.70710500 0.00000000
vn -0.70710800 0.70710500 0.00000000
vn -0.70710800 0.70710500 0.00000000
vn -0.70710800 0.70710500 0.00000000
vn -0.70710800 0.70710500 0.00000000
vn -0.25885000 0.96591800 0.00000000
vn -0.25885000 0.96591800 0.00000000
vn -0.25885000 0.96591800 0.00000000
vn -0.25885000 0.96591800 0.00000000
vn -0.25885000 0.96591800 0.00000000
vn -0.25885000 0.96591800 0.00000000
vn 0.25885000 0.96591800 0.00000000
vn 0.25885000 0.96591700 0.00000000
vn 0.25885000 0.96591800 0.00000000
vn 0.25885000 0.96591800 0.00000000
vn 0.25885000 0.96591700 0.00000000
vn 0.25885000 0.96591700 0.00000000
vn 0.70710500 0.70710800 0.00000000
vn 0.70710500 0.70710800 0.00000000
vn 0.70710500 0.70710800 0.00000000
vn 0.70710500 0.70710800 0.00000000
vn 0.70710500 0.70710800 0.00000000
vn 0.70710500 0.70710800 0.00000000
vn 0.96591800 0.25885000 0.00000000
vn 0.96591800 0.25885000 0.00000000
vn 0.96591800 0.25885000 0.00000000
vn 0.96591800 0.25885000 0.00000000
vn 0.96591800 0.25885000 0.00000000
vn 0.96591800 0.25885000 0.00000000
vn 0.64265400 -0.29827200 -0.70571200
vn 0.57962900 -0.40743600 -0.70571000
vn 0.40741100 -0.57965200 -0.70570500
vn 0.29826400 -0.64267100 -0.70570000
vn 0.06301900 -0.70569800 -0.70570500
vn -0.06299400 -0.70569300 -0.70571200
vn -0.29827900 -0.64265800 -0.70570500
vn -0.40740200 -0.57965900 -0.70570500
vn -0.57965200 -0.40741100 -0.70570500
vn -0.64265900 -0.29826200 -0.70571200
vn -0.70569000 -0.06302000 -0.70571200
vn -0.70569700 0.06303700 -0.70570400
vn -0.64266000 0.29827600 -0.70570500
vn -0.57963800 0.40744300 -0.70569800
vn -0.40741100 0.57965700 -0.70570100
vn -0.29826100 0.64267100 -0.70570100
vn -0.06302000 0.70569700 -0.70570500
vn 0.06299300 0.70569300 -0.70571200
vn 0.29828000 0.64265800 -0.70570600
vn 0.40744200 0.57963900 -0.70569800
vn 0.57966100 0.40741500 -0.70569500
vn 0.64267200 0.29826900 -0.70569700
vn 0.70569800 0.06302200 -0.70570400
vn 0.70569200 -0.06299200 -0.70571300
f 1//1 2//2 9//9
f 10//10 15//15 18//18
f 20//20 23//23 26//26
f 28//28 29//29 33//33
f 35//35 38//38 42//42
f 44//44 46//46 50//50
f 53//53 55//55 56//56
f 59//59 60//60 61//61
f 61//61 60//60 63//63
f 64//64 66//66 9//9
f 8//8 65//65 68//68
f 4//4 67//67 69//69
f 59//59 72//72 73//73
f 72//72 77//77 73//73
f 74//74 76//76 78//78
f 75//75 80//80 81//81
f 82//82 79//79 84//84
f 87//87 88//88 63//63
f 90//90 93//93 94//94
f 97//97 101//101 107//107
f 108//108 103//103 109//109
f 92//92 91//91 111//111
f 112//112 89//89 116//116
f 111//111 113//113 119//119
f 121//121 122//122 126//126
f 129//129 123//123 131//131
f 126//126 132//132 113//113
f 115//115 130//130 133//133
f 117//117 134//134 118//118
f 136//136 139//139 58//58
f 56//56 141//141 143//143
f 57//57 142//142 52//52
f 144//144 145//145 148//148
f 147//147 146//146 151//151
f 148//148 149//149 137//137
f 135//135 150//150 153//153
f 138//138 152//152 140//140
f 53//53 154//154 55//55
f 54//54 155//155 158//158
f 55//55 156//156 161//161
f 159//159 157//157 162//162
f 160//160 163//163 165//165
f 166//166 167//167 171//171
f 172//172 175//175 176//176
f 177//177 174//174 166//166
f 177//177 166//166 178//178
f 178//178 166//166 171//171
f 181//181 182//182 186//186
f 185//185 183//183 188//188
f 186//186 189//189 167//167
f 169//169 187//187 190//190
f 168//168 191//191 170//170
f 193//193 195//195 196//196
f 198//198 194//194 199//199
f 197//197 200//200 203//203
f 204//204 201//201 207//207
f 202//202 206//206 208//208
f 210//210 211//211 216//216
f 214//214 212//212 218//218
f 221//221 223//223 224//224
f 225//225 222//222 230//230
f 224//224 229//229 231//231
f 231//231 229//229 232//232
f 231//231 232//232 233//233
f 233//233 232//232 234//234
f 233//233 234//234 216//216
f 216//216 234//234 236//236
f 215//215 235//235 209//209
f 237//237 239//239 224//224
f 226//226 238//238 241//241
f 227//227 240//240 220//220
f 242//242 243//243 249//249
f 247//247 244//244 250//250
f 248//248 251//251 252//252
f 164//164 254//254 255//255
f 255//255 254//254 144//144
f 255//255 144//144 249//249
f 249//249 144//144 148//148
f 249//249 148//148 242//242
f 242//242 148//148 256//256
f 256//256 148//148 257//257
f 257//257 148//148 137//137
f 257//257 137//137 258//258
f 260//260 263//263 266//266
f 265//265 262//262 273//273
f 271//271 272//272 259//259
f 276//276 279//279 264//264
f 268//268 280//280 281//281
f 269//269 282//282 261//261
f 21//21 283//283 287//287
f 288//288 289//289 292//292
f 291//291 290//290 297//297
f 293//293 296//296 264//264
f 267//267 295//295 298//298
f 270//270 299//299 274//274
f 277//277 300//300 302//302
f 276//276 301//301 306//306
f 304//304 303//303 309//309
f 306//306 307//307 50//50
f 51//51 308//308 310//310
f 48//48 311//311 45//45
f 23//23 286//286 26//26
f 24//24 285//285 312//312
f 26//26 313//313 314//314
f 317//317 319//319 249//249
f 246//246 318//318 321//321
f 253//253 323//323 249//249
f 245//245 324//324 325//325
f 249//249 326//326 317//317
f 317//317 326//326 331//331
f 317//317 331//331 332//332
f 337//337 36//36 338//338
f 344//344 347//347 331//331
f 330//330 346//346 348//348
f 328//328 349//349 333//333
f 338//338 351//351 337//337
f 334//334 350//350 352//352
f 336//336 354//354 341//341
f 340//340 353//353 355//355
f 339//339 356//356 345//345
f 357//357 359//359 224//224
f 224//224 359//359 326//326
f 224//224 326//326 237//237
f 237//237 326//326 323//323
f 360//360 361//361 362//362
f 362//362 361//361 363//363
f 362//362 363//363 364//364
f 364//364 363//363 365//365
f 364//364 365//365 367//367
f 368//368 372//372 374//374
f 375//375 371//371 344//344
f 359//359 378//378 326//326
f 327//327 377//377 381//381
f 326//326 379//379 331//331
f 329//329 380//380 383//383
f 331//331 382//382 344//344
f 342//342 384//384 386//386
f 343//343 385//385 376//376
f 33//33 29//29 50//50
f 387//387 388//388 389//389
f 389//389 388//388 390//390
f 389//389 390//390 391//391
f 391//391 390//390 392//392
f 391//391 392//392 394//394
f 394//394 392//392 397//397
f 398//398 216//216 276//276
f 276//276 216//216 219//219
f 276//276 219//219 279//279
f 29//29 402//402 50//50
f 49//49 401//401 404//404
f 50//50 403//403 306//306
f 305//305 405//405 406//406
f 306//306 408//408 276//276
f 278//278 407//407 410//410
f 275//275 409//409 399//399
f 86//86 62//62 412//412
f 411//411 63//63 60//60
f 411//411 60//60 414//414
f 414//414 60//60 103//103
f 413//413 105//105 416//416
f 419//419 421//421 422//422
f 424//424 426//426 427//427
f 428//428 425//425 417//417
f 427//427 419//419 430//430
f 429//429 418//418 423//423
f 432//432 434//434 124//124
f 128//128 433//433 436//436
f 435//435 437//437 127//127
f 126//126 438//438 439//439
f 126//126 439//439 121//121
f 121//121 439//439 441//441
f 120//120 440//440 443//443
f 444//444 441//441 445//445
f 442//442 446//446 100//100
f 98//98 445//445 448//448
f 99//99 447//447 102//102
f 103//103 448//448 421//421
f 104//104 420//420 415//415
f 449//449 431//431 337//337
f 337//337 431//431 126//126
f 335//335 125//125 37//37
f 36//36 126//126 113//113
f 39//39 114//114 40//40
f 450//450 371//371 365//365
f 366//366 373//373 369//369
f 365//365 370//370 367//367
f 449//449 337//337 452//452
f 452//452 337//337 344//344
f 452//452 344//344 453//453
f 453//453 344//344 371//371
f 453//453 371//371 455//455
f 455//455 371//371 450//450
f 454//454 451//451 456//456
f 387//387 28//28 458//458
f 457//457 27//27 31//31
f 458//458 33//33 459//459
f 460//460 32//32 461//461
f 284//284 22//22 47//47
f 46//46 23//23 463//463
f 46//46 463//463 50//50
f 50//50 463//463 464//464
f 50//50 464//464 33//33
f 33//33 464//464 466//466
f 30//30 465//465 462//462
f 468//468 474//474 475//475
f 475//475 476//476 468//468
f 471//471 477//477 478//478
f 472//472 479//479 481//481
f 484//484 487//487 489//489
f 491//491 485//485 492//492
f 468//468 499//499 474//474
f 473//473 498//498 501//501
f 474//474 503//503 504//504
f 505//505 502//502 482//482
f 504//504 483//483 506//506
f 506//506 483//483 488//488
f 508//508 511//511 496//496
f 497//497 512//512 513//513
f 496//496 514//514 488//488
f 515//515 516//516 517//517
f 517//517 516//516 518//518
f 517//517 518//518 520//520
f 521//521 519//519 490//490
f 520//520 488//488 522//522
f 522//522 488//488 514//514
f 507//507 524//524 527//527
f 526//526 525//525 529//529
f 526//526 529//529 12//12
f 13//13 528//528 531//531
f 14//14 532//532 16//16
f 173//173 195//195 174//174
f 174//174 195//195 193//193
f 174//174 193//193 533//533
f 534//534 192//192 538//538
f 533//533 539//539 19//19
f 19//19 539//539 540//540
f 19//19 540//540 11//11
f 85//85 64//64 83//83
f 83//83 64//64 9//9
f 83//83 9//9 543//543
f 542//542 7//7 3//3
f 88//88 87//87 71//71
f 71//71 544//544 545//545
f 70//70 546//546 6//6
f 5//5 547//547 548//548
f 9//9 549//549 1//1
f 530//530 551//551 19//19
f 17//17 550//550 554//554
f 19//19 552//552 533//533
f 537//537 553//553 556//556
f 536//536 555//555 558//558
f 560//560 561//561 565//565
f 564//564 562//562 568//568
f 565//565 566//566 572//572
f 570//570 567//567 574//574
f 569//569 573//573 575//575
f 578//578 581//581 583//583
f 584//584 580//580 588//588
f 583//583 586//586 468//468
f 469//469 587//587 590//590
f 470//470 589//589 500//500
f 486//486 592//592 495//495
f 493//493 591//591 594//594
f 496//496 593//593 596//596
f 597//597 595//595 600//600
f 599//599 601//601 603//603
f 360//360 357//357 361//361
f 605//605 358//358 228//228
f 604//604 224//224 606//606
f 606//606 224//224 231//231
f 606//606 231//231 607//607
f 607//607 231//231 233//233
f 607//607 233//233 392//392
f 392//392 233//233 216//216
f 393//393 217//217 395//395
f 396//396 213//213 400//400
f 258//258 137//137 264//264
f 264//264 137//137 56//56
f 264//264 56//56 293//293
f 293//293 56//56 583//583
f 294//294 582//582 316//316
f 314//314 583//583 468//468
f 315//315 467//467 25//25
f 26//26 468//468 480//480
f 26//26 480//480 20//20
f 161//161 610//610 55//55
f 55//55 610//610 611//611
f 55//55 611//611 56//56
f 56//56 611//611 614//614
f 56//56 614//614 583//583
f 583//583 614//614 596//596
f 585//585 598//598 579//579
f 578//578 596//596 602//602
f 615//615 617//617 608//608
f 609//609 618//618 619//619
f 610//610 620//620 611//611
f 612//612 621//621 623//623
f 613//613 622//622 624//624
f 626//626 627//627 629//629
f 616//616 610//610 631//631
f 631//631 610//610 633//633
f 630//630 634//634 637//637
f 625//625 626//626 611//611
f 611//611 626//626 629//629
f 611//611 629//629 614//614
f 614//614 629//629 638//638
f 614//614 638//638 596//596
f 596//596 638//638 565//565
f 596//596 565//565 496//496
f 496//496 565//565 572//572
f 494//494 571//571 510//510
f 508//508 572//572 577//577
f 509//509 576//576 523//523
f 627//627 640//640 629//629
f 628//628 639//639 642//642
f 629//629 643//643 633//633
f 632//632 641//641 644//644
f 635//635 645//645 636//636
f 164//164 255//255 161//161
f 161//161 255//255 646//646
f 161//161 646//646 610//610
f 610//610 646//646 647//647
f 610//610 647//647 633//633
f 59//59 73//73 60//60
f 60//60 73//73 91//91
f 60//60 91//91 103//103
f 103//103 91//91 95//95
f 106//106 96//96 110//110
f 647//647 186//186 633//633
f 633//633 186//186 167//167
f 633//633 167//167 629//629
f 629//629 167//167 166//166
f 629//629 166//166 638//638
f 638//638 166//166 174//174
f 638//638 174//174 565//565
f 565//565 174//174 533//533
f 563//563 535//535 559//559
f 560//560 533//533 557//557
f 205//205 649//649 650//650
f 651//651 648//648 179//179
f 650//650 181//181 543//543
f 541//541 180//180 184//184
f 543//543 186//186 83//83
f 83//83 186//186 647//647
f 83//83 647//647 73//73
f 73//73 647//647 646//646
f 73//73 646//646 91//91
f 91//91 646//646 255//255
f 91//91 255//255 113//113
f 113//113 255//255 249//249
f 113//113 249//249 43//43
f 43//43 249//249 322//322
f 41//41 320//320 34//34
f 652//652 653//653 654//654
f 655//655 656//656 657//657
f 657//657 656//656 658//658
f 652//652 654//654 659//659
f 659//659 654//654 660//660
f 659//659 660//660 661//661
f 661//661 660//660 662//662
f 661//661 662//662 663//663
f 663//663 662//662 664//664
f 663//663 664//664 665//665
f 664//664 666//666 665//665
f 665//665 666//666 667//667
f 665//665 667//667 668//668
f 667//667 669//669 668//668
f 668//668 669//669 670//670
f 668//668 670//670 671//671
f 670//670 672//672 671//671
f 671//671 672//672 673//673
f 671//671 673//673 658//658
f 658//658 673//673 674//674
f 658//658 674//674 657//657
f 675//675 676//676 677//677
f 677//677 676//676 678//678
f 677//677 678//678 679//679
f 679//679 678//678 680//680
f 679//679 680//680 681//681
f 681//681 680//680 682//682
f 683//683 684//684 685//685
f 683//683 685//685 686//686
f 686//686 685//685 687//687
f 686//686 687//687 688//688
f 688//688 687//687 689//689
f 689//689 687//687 690//690
f 689//689 690//690 691//691
f 691//691 690//690 692//692
f 692//692 690//690 693//693
f 692//692 693//693 694//694
f 694//694 693//693 695//695
f 695//695 693//693 696//696
f 695//695 696//696 697//697
f 697//697 696//696 698//698
f 698//698 696//696 699//699
f 698//698 699//699 700//700
f 700//700 699//699 701//701
f 701//701 699//699 676//676
f 701//701 676//676 702//702
f 702//702 676//676 675//675
f 702//702 675//675 703//703
f 682//682 680//680 704//704
f 704//704 680//680 705//705
f 704//704 705//705 706//706
f 706//706 705//705 707//707
f 707//707 705//705 708//708
f 707//707 708//708 709//709
f 709//709 708//708 710//710
f 710//710 708//708 711//711
f 710//710 711//711 712//712
f 712//712 711//711 713//713
f 713//713 711//711 714//714
f 713//713 714//714 715//715
f 715//715 714//714 716//716
f 716//716 714//714 717//717
f 716//716 717//717 718//718
f 718//718 717//717 719//719
f 718//718 719//719 720//720
f 720//720 719//719 721//721
f 720//720 721//721 722//722
f 723//723 724//724 725//725
f 725//725 724//724 726//726
f 727//727 728//728 729//729
f 729//729 730//730 727//727
f 727//727 730//730 731//731
f 727//727 731//731 732//732
f 732//732 731//731 733//733
f 732//732 733//733 734//734
f 734//734 735//735 732//732
f 732//732 735//735 736//736
f 732//732 736//736 737//737
f 738//738 739//739 740//740
f 740//740 739//739 741//741
f 743//743 745//745 749//749
f 751//751 752//752 753//753
f 755//755 756//756 759//759
f 760//760 763//763 764//764
f 764//764 763//763 776//776
f 779//779 782//782 784//784
f 785//785 782//782 776//776
f 786//786 767//767 787//787
f 788//788 772//772 762//762
f 761//761 765//765 791//791
f 789//789 764//764 794//794
f 790//790 792//792 795//795
f 798//798 802//802 807//807
f 808//808 801//801 809//809
f 803//803 810//810 812//812
f 813//813 811//811 823//823
f 820//820 822//822 794//794
f 794//794 822//822 824//824
f 794//794 824//824 796//796
f 784//784 826//826 779//779
f 778//778 825//825 827//827
f 779//779 828//828 798//798
f 799//799 829//829 830//830
f 797//797 831//831 800//800
f 832//832 837//837 842//842
f 845//845 836//836 847//847
f 849//849 835//835 851//851
f 851//851 835//835 852//852
f 852//852 835//835 853//853
f 853//853 835//835 834//834
f 854//854 833//833 855//855
f 850//850 856//856 858//858
f 859//859 857//857 862//862
f 860//860 863//863 865//865
f 864//864 861//861 867//867
f 865//865 866//866 756//756
f 757//757 868//868 870//870
f 756//756 869//869 759//759
f 758//758 871//871 873//873
f 759//759 872//872 874//874
f 875//875 877//877 883//883
f 882//882 876//876 754//754
f 886//886 890//890 892//892
f 893//893 897//897 898//898
f 838//838 900//900 903//903
f 902//902 905//905 843//843
f 846//846 904//904 907//907
f 843//843 906//906 834//834
f 908//908 909//909 912//912
f 839//839 914//914 916//916
f 917//917 919//919 844//844
f 843//843 918//918 920//920
f 843//843 920//920 901//901
f 909//909 921//921 912//912
f 912//912 921//921 923//923
f 912//912 923//923 843//843
f 840//840 922//922 925//925
f 843//843 924//924 915//915
f 918//918 926//926 927//927
f 927//927 926//926 931//931
f 928//928 930//930 932//932
f 933//933 929//929 936//936
f 934//934 935//935 938//938
f 939//939 937//937 940//940
f 938//938 941//941 942//942
f 942//942 941//941 943//943
f 945//945 947//947 948//948
f 950//950 944//944 952//952
f 951//951 946//946 949//949
f 952//952 954//954 956//956
f 955//955 953//953 958//958
f 957//957 960//960 967//967
f 966//966 959//959 968//968
f 963//963 969//969 913//913
f 912//912 970//970 942//942
f 912//912 942//942 908//908
f 908//908 942//942 943//943
f 971//971 972//972 965//965
f 956//956 973//973 974//974
f 974//974 973//973 975//975
f 974//974 975//975 977//977
f 978//978 976//976 980//980
f 977//977 979//979 982//982
f 983//983 981//981 984//984
f 986//986 989//989 776//776
f 775//775 988//988 991//991
f 776//776 990//990 992//992
f 971//971 965//965 992//992
f 972//972 993//993 965//965
f 962//962 994//994 996//996
f 965//965 995//995 956//956
f 956//956 995//995 997//997
f 956//956 997//997 973//973
f 985//985 986//986 999//999
f 998//998 987//987 774//774
f 999//999 776//776 1000//1000
f 773//773 1002//1002 1003//1003
f 1007//1007 1008//1008 1011//1011
f 1012//1012 1009//1009 1015//1015
f 1010//1010 1014//1014 1017//1017
f 1016//1016 1013//1013 1019//1019
f 1018//1018 1020//1020 1021//1021
f 1007//1007 1023//1023 1004//1004
f 1006//1006 1022//1022 1024//1024
f 1005//1005 1026//1026 770//770
f 766//766 1025//1025 1028//1028
f 776//776 1027//1027 1000//1000
f 1029//1029 1030//1030 1031//1031
f 1031//1031 1030//1030 1032//1032
f 1032//1032 1030//1030 1033//1033
f 1032//1032 1033//1033 1034//1034
f 1037//1037 1038//1038 780//780
f 782//782 1039//1039 1041//1041
f 783//783 1040//1040 769//769
f 771//771 1042//1042 1044//1044
f 768//768 1043//1043 1001//1001
f 751//751 753//753 1033//1033
f 1033//1033 753//753 1045//1045
f 1033//1033 1045//1045 1034//1034
f 1046//1046 1047//1047 1048//1048
f 1048//1048 1047//1047 1049//1049
f 1048//1048 1049//1049 1051//1051
f 1029//1029 1031//1031 1053//1053
f 1053//1053 1031//1031 1055//1055
f 1052//1052 1054//1054 1058//1058
f 1057//1057 1056//1056 1061//1061
f 1058//1058 1059//1059 1062//1062
f 1063//1063 1060//1060 1065//1065
f 1062//1062 1066//1066 1067//1067
f 1035//1035 1064//1064 1069//1069
f 1036//1036 1068//1068 1039//1039
f 1070//1070 1073//1073 1074//1074
f 1076//1076 1077//1077 1078//1078
f 1078//1078 1077//1077 1079//1079
f 1078//1078 1079//1079 1080//1080
f 806//806 1082//1082 1075//1075
f 1084//1084 1086//1086 804//804
f 807//807 1085//1085 1087//1087
f 1081//1081 807//807 1088//1088
f 1088//1088 807//807 1087//1087
f 1088//1088 1089//1089 1090//1090
f 1092//1092 1093//1093 1095//1095
f 1092//1092 1095//1095 1096//1096
f 1089//1089 1098//1098 1090//1090
f 1091//1091 1097//1097 1099//1099
f 1090//1090 1100//1100 1102//1102
f 1103//1103 1101//1101 1106//1106
f 1102//1102 1104//1104 1108//1108
f 1109//1109 1105//1105 1112//1112
f 1111//1111 1107//1107 1071//1071
f 1110//1110 1072//1072 1113//1113
f 1114//1114 1070//1070 1074//1074
f 1114//1114 1074//1074 1094//1094
f 1094//1094 1074//1074 1115//1115
f 1095//1095 1116//1116 1096//1096
f 745//745 743//743 820//820
f 1118//1118 1122//1122 1123//1123
f 1123//1123 1122//1122 1124//1124
f 1123//1123 1124//1124 1125//1125
f 742//742 1126//1126 818//818
f 819//819 1127//1127 1129//1129
f 814//814 1128//1128 1131//1131
f 1083//1083 805//805 1133//1133
f 1135//1135 807//807 820//820
f 1134//1134 815//815 1138//1138
f 1136//1136 821//821 1132//1132
f 1137//1137 1130//1130 1120//1120
f 1117//1117 1139//1139 1141//1141
f 1119//1119 1140//1140 1121//1121
f 750//750 744//744 1142//1142
f 1144//1144 745//745 1151//1151
f 1143//1143 1150//1150 1152//1152
f 1156//1156 1158//1158 1159//1159
f 1145//1145 1163//1163 1155//1155
f 1154//1154 1162//1162 1166//1166
f 1153//1153 1165//1165 1159//1159
f 1161//1161 1167//1167 1168//1168
f 1160//1160 1169//1169 1157//1157
f 1170//1170 1174//1174 1177//1177
f 1176//1176 1173//1173 1178//1178
f 1176//1176 1178//1178 1151//1151
f 1151//1151 1178//1178 1179//1179
f 1149//1149 1180//1180 1164//1164
f 1181//1181 1182//1182 1176//1176
f 1183//1183 878//878 1187//1187
f 1186//1186 879//879 1190//1190
f 1185//1185 1188//1188 1192//1192
f 1184//1184 1194//1194 883//883
f 883//883 1194//1194 1195//1195
f 883//883 1195//1195 1202//1202
f 1198//1198 1196//1196 1203//1203
f 1197//1197 1204//1204 1206//1206
f 1182//1182 1207//1207 1176//1176
f 1176//1176 1207//1207 1209//1209
f 1176//1176 1209//1209 1172//1172
f 1171//1171 1208//1208 1211//1211
f 1172//1172 1212//1212 1188//1188
f 1189//1189 1210//1210 1214//1214
f 1191//1191 1213//1213 1193//1193
f 755//755 759//759 883//883
f 883//883 759//759 1216//1216
f 881//881 1215//1215 1217//1217
f 1218//1218 1220//1220 885//885
f 884//884 1219//1219 1222//1222
f 883//883 1221//1221 1188//1188
f 848//848 896//896 841//841
f 843//843 897//897 893//893
f 843//843 893//893 912//912
f 911//911 895//895 1226//1226
f 910//910 1225//1225 961//961
f 965//965 1224//1224 1229//1229
f 1231//1231 1233//1233 1234//1234
f 1237//1237 1238//1238 1224//1224
f 1239//1239 1240//1240 1223//1223
f 1224//1224 1241//1241 1242//1242
f 1224//1224 1242//1242 1229//1229
f 1229//1229 1242//1242 1244//1244
f 1232//1232 1236//1236 1247//1247
f 1246//1246 1234//1234 1251//1251
f 1245//1245 1248//1248 1253//1253
f 899//899 887//887 894//894
f 893//893 888//888 891//891
f 893//893 891//891 1224//1224
f 1224//1224 891//891 1234//1234
f 1224//1224 1234//1234 1237//1237
f 1237//1237 1234//1234 1233//1233
f 1243//1243 1256//1256 1227//1227
f 1228//1228 1255//1255 1257//1257
f 1229//1229 1259//1259 1251//1251
f 1250//1250 1258//1258 1261//1261
f 1251//1251 1260//1260 1254//1254
f 889//889 875//875 891//891
f 891//891 875//875 883//883
f 891//891 883//883 1234//1234
f 1235//1235 880//880 1200//1200
f 1234//1234 1202//1202 1251//1251
f 1249//1249 1201//1201 1262//1262
f 1266//1266 1268//1268 1265//1265
f 820//820 1269//1269 1271//1271
f 1266//1266 1265//1265 1272//1272
f 992//992 965//965 776//776
f 777//777 964//964 1230//1230
f 776//776 1229//1229 764//764
f 764//764 1229//1229 1251//1251
f 764//764 1251//1251 794//794
f 793//793 1252//1252 1264//1264
f 794//794 1265//1265 820//820
f 820//820 1265//1265 1268//1268
f 816//816 1267//1267 1270//1270
f 1148//1148 1274//1274 1275//1275
f 1278//1278 748//748 1280//1280
f 1279//1279 745//745 820//820
f 1281//1281 817//817 1282//1282
f 1283//1283 820//820 1271//1271
f 1277//1277 1285//1285 747//747
f 745//745 1284//1284 1287//1287
f 746//746 1288//1288 1147//1147
f 1146//1146 1286//1286 1290//1290
f 1151//1151 1289//1289 1273//1273
f 1205//1205 1181//1181 1202//1202
f 1202//1202 1181//1181 1176//1176
f 1199//1199 1175//1175 1263//1263
f 1265//1265 1176//1176 1151//1151
f 1265//1265 1151//1151 1272//1272
f 1272//1272 1151//1151 1276//1276
f 1076//1076 1078//1078 807//807
f 807//807 1078//1078 1291//1291
f 807//807 1291//1291 798//798
f 798//798 1291//1291 1292//1292
f 798//798 1292//1292 779//779
f 779//779 1292//1292 1048//1048
f 779//779 1048//1048 781//781
f 781//781 1048//1048 1051//1051
f 782//782 1050//1050 1036//1036
f 1293//1293 1294//1294 723//723
f 723//723 1294//1294 1295//1295
f 723//723 1295//1295 1296//1296
f 1296//1296 1297//1297 723//723
f 723//723 1297//1297 1298//1298
f 723//723 1298//1298 1299//1299
f 1299//1299 1300//1300 723//723
f 723//723 1300//1300 1301//1301
f 723//723 1301//1301 1302//1302
f 1303//1303 724//724 1304//1304
f 1304//1304 724//724 723//723
f 1304//1304 723//723 1305//1305
f 1305//1305 723//723 1302//1302
f 1306//1306 1307//1307 1308//1308
f 1308//1308 1307//1307 1309//1309
f 1308//1308 1309//1309 1310//1310
f 1306//1306 1311//1311 1307//1307
f 1307//1307 1311//1311 1312//1312
f 1307//1307 1312//1312 1313//1313
f 1313//1313 1314//1314 1307//1307
f 1307//1307 1314//1314 1315//1315
f 1317//1317 1316//1316 1318//1318
f 723//723 1319//1319 1293//1293
f 1293//1293 1320//1320 1317//1317
f 1293//1293 1317//1317 1321//1321
f 1321//1321 1317//1317 1318//1318
f 1322//1322 1323//1323 740//740
f 1322//1322 740//740 1324//1324
f 1325//1325 1326//1326 740//740
f 740//740 1326//1326 1327//1327
f 740//740 1327//1327 1324//1324
f 1328//1328 1329//1329 740//740
f 740//740 1329//1329 1330//1330
f 740//740 1330//1330 1325//1325
f 741//741 1331//1331 740//740
f 740//740 1331//1331 1332//1332
f 740//740 1332//1332 1328//1328
f 1323//1323 1333//1333 740//740
f 740//740 1333//1333 1334//1334
f 740//740 1334//1334 1335//1335
f 1336//1336 1337//1337 1338//1338
f 1336//1336 1338//1338 1339//1339
f 1340//1340 1341//1341 1338//1338
f 1338//1338 1341//1341 1342//1342
f 1338//1338 1342//1342 1339//1339
f 1335//1335 1334//1334 1338//1338
f 1338//1338 1334//1334 1343//1343
f 1338//1338 1343//1343 1340//1340
f 1337//1337 1344//1344 1338//1338
f 1338//1338 1344//1344 1345//1345
f 1338//1338 1345//1345 1346//1346
f 1346//1346 1345//1345 1347//1347
f 1348//1348 1349//1349 1350//1350
f 1350//1350 1349//1349 1351//1351
f 1350//1350 1351//1351 739//739
f 739//739 1351//1351 741//741
f 1351//1351 1349//1349 1352//1352
f 1353//1353 1354//1354 1355//1355
f 1354//1354 1353//1353 1356//1356
f 1357//1357 1358//1358 1359//1359
f 1359//1359 1358//1358 1352//1352
f 1359//1359 1352//1352 1360//1360
f 1360//1360 1352//1352 1349//1349
f 1360//1360 1349//1349 1348//1348
f 1361//1361 1362//1362 1363//1363
f 1363//1363 1362//1362 1364//1364
f 1340//1340 1365//1365 1341//1341
f 1341//1341 1365//1365 1366//1366
f 1341//1341 1366//1366 1342//1342
f 1342//1342 1366//1366 1367//1367
f 1342//1342 1367//1367 1339//1339
f 1339//1339 1367//1367 1368//1368
f 1339//1339 1368//1368 1336//1336
f 1336//1336 1368//1368 1369//1369
f 1336//1336 1370//1370 1337//1337
f 1337//1337 1370//1370 1371//1371
f 1337//1337 1371//1371 1344//1344
f 1344//1344 1371//1371 1372//1372
f 1344//1344 1372//1372 1345//1345
f 1345//1345 1372//1372 1361//1361
f 1345//1345 1361//1361 1347//1347
f 1347//1347 1361//1361 1363//1363
f 1334//1334 1373//1373 1343//1343
f 1343//1343 1373//1373 1374//1374
f 1343//1343 1374//1374 1340//1340
f 1340//1340 1374//1374 1375//1375
f 1340//1340 1375//1375 1365//1365
f 1376//1376 1377//1377 1378//1378
f 1378//1378 1377//1377 1379//1379
f 1378//1378 1379//1379 1380//1380
f 1380//1380 1379//1379 1381//1381
f 1380//1380 1381//1381 1382//1382
f 1382//1382 1381//1381 1383//1383
f 1382//1382 1383//1383 1357//1357
f 1357//1357 1383//1383 1384//1384
f 1357//1357 1384//1384 1358//1358
f 1385//1385 1386//1386 1387//1387
f 1387//1387 1386//1386 1388//1388
f 1387//1387 1388//1388 1389//1389
f 1389//1389 1388//1388 1390//1390
f 1389//1389 1390//1390 1391//1391
f 1391//1391 1390//1390 1392//1392
f 1391//1391 1392//1392 1355//1355
f 1355//1355 1392//1392 1393//1393
f 1355//1355 1393//1393 1353//1353
f 741//741 1394//1394 1331//1331
f 1331//1331 1394//1394 1395//1395
f 1331//1331 1395//1395 1332//1332
f 1332//1332 1395//1395 1396//1396
f 1332//1332 1396//1396 1328//1328
f 1328//1328 1396//1396 1397//1397
f 1328//1328 1397//1397 1329//1329
f 1329//1329 1397//1397 1398//1398
f 1329//1329 1398//1398 1330//1330
f 1330//1330 1398//1398 1399//1399
f 1330//1330 1399//1399 1325//1325
f 1325//1325 1399//1399 1385//1385
f 1325//1325 1385//1385 1326//1326
f 1326//1326 1385//1385 1387//1387
f 1326//1326 1387//1387 1327//1327
f 1327//1327 1387//1387 1389//1389
f 1327//1327 1389//1389 1324//1324
f 1324//1324 1389//1389 1391//1391
f 1324//1324 1391//1391 1322//1322
f 1322//1322 1391//1391 1355//1355
f 1322//1322 1355//1355 1323//1323
f 1323//1323 1355//1355 1354//1354
f 1323//1323 1354//1354 1333//1333
f 1333//1333 1354//1354 1356//1356
f 1333//1333 1356//1356 1334//1334
f 1334//1334 1356//1356 1400//1400
f 1334//1334 1400//1400 1373//1373
f 741//741 1351//1351 1394//1394
f 1394//1394 1351//1351 1352//1352
f 1394//1394 1352//1352 1395//1395
f 1395//1395 1352//1352 1358//1358
f 1395//1395 1358//1358 1396//1396
f 1396//1396 1358//1358 1384//1384
f 1396//1396 1384//1384 1397//1397
f 1397//1397 1384//1384 1383//1383
f 1397//1397 1383//1383 1398//1398
f 1398//1398 1383//1383 1381//1381
f 1398//1398 1381//1381 1399//1399
f 1399//1399 1381//1381 1379//1379
f 1399//1399 1379//1379 1385//1385
f 1385//1385 1379//1379 1377//1377
f 1385//1385 1377//1377 1386//1386
f 1386//1386 1377//1377 1376//1376
f 1401//1401 1402//1402 1403//1403
f 1401//1401 1403//1403 1404//1404
f 1404//1404 1403//1403 726//726
f 1404//1404 726//726 724//724
f 1401//1401 1404//1404 1405//1405
f 1402//1402 1406//1406 1407//1407
f 1407//1407 1406//1406 1408//1408
f 1407//1407 1408//1408 1409//1409
f 1409//1409 1408//1408 1410//1410
f 1409//1409 1410//1410 1411//1411
f 1410//1410 1412//1412 1411//1411
f 1411//1411 1412//1412 1413//1413
f 1411//1411 1413//1413 1414//1414
f 1414//1414 1413//1413 1415//1415
f 1416//1416 1414//1414 1415//1415
f 1416//1416 1415//1415 1417//1417
f 1417//1417 1415//1415 1418//1418
f 1417//1417 1418//1418 1419//1419
f 1419//1419 1418//1418 1420//1420
f 1421//1421 1422//1422 1423//1423
f 1423//1423 1422//1422 1424//1424
f 1423//1423 1424//1424 1425//1425
f 1425//1425 1424//1424 1426//1426
f 1425//1425 1426//1426 1427//1427
f 1427//1427 1294//1294 1428//1428
f 1428//1428 1294//1294 1293//1293
f 1428//1428 1293//1293 1321//1321
f 1429//1429 1430//1430 1321//1321
f 1321//1321 1430//1430 1431//1431
f 1321//1321 1431//1431 1428//1428
f 1432//1432 1433//1433 1308//1308
f 1308//1308 1433//1433 1434//1434
f 1308//1308 1434//1434 1306//1306
f 1306//1306 1434//1434 1435//1435
f 1306//1306 1435//1435 1311//1311
f 1311//1311 1435//1435 1436//1436
f 1311//1311 1436//1436 1312//1312
f 1312//1312 1436//1436 1437//1437
f 1312//1312 1437//1437 1313//1313
f 1313//1313 1437//1437 1438//1438
f 1313//1313 1438//1438 1314//1314
f 1314//1314 1438//1438 1439//1439
f 1314//1314 1439//1439 1315//1315
f 1315//1315 1439//1439 1440//1440
f 1316//1316 1429//1429 1318//1318
f 1318//1318 1429//1429 1321//1321
f 1308//1308 1310//1310 1441//1441
f 1308//1308 1441//1441 1432//1432
f 1432//1432 1441//1441 1442//1442
f 1432//1432 1442//1442 1443//1443
f 1421//1421 1444//1444 1422//1422
f 1422//1422 1444//1444 1445//1445
f 1422//1422 1445//1445 1446//1446
f 1446//1446 1445//1445 1420//1420
f 1446//1446 1420//1420 1447//1447
f 1447//1447 1420//1420 1418//1418
f 1402//1402 1401//1401 1406//1406
f 1406//1406 1401//1401 1405//1405
f 1406//1406 1405//1405 1408//1408
f 1408//1408 1405//1405 1448//1448
f 1408//1408 1448//1448 1410//1410
f 1410//1410 1448//1448 1449//1449
f 1410//1410 1449//1449 1412//1412
f 1412//1412 1449//1449 1450//1450
f 1412//1412 1450//1450 1413//1413
f 1413//1413 1450//1450 1451//1451
f 1413//1413 1451//1451 1415//1415
f 1415//1415 1451//1451 1452//1452
f 1415//1415 1452//1452 1418//1418
f 1418//1418 1452//1452 1453//1453
f 1418//1418 1453//1453 1447//1447
f 1427//1427 1426//1426 1294//1294
f 1294//1294 1426//1426 1424//1424
f 1294//1294 1424//1424 1295//1295
f 1295//1295 1424//1424 1422//1422
f 1295//1295 1422//1422 1296//1296
f 1296//1296 1422//1422 1446//1446
f 1296//1296 1446//1446 1297//1297
f 1297//1297 1446//1446 1447//1447
f 1297//1297 1447//1447 1298//1298
f 1298//1298 1447//1447 1453//1453
f 1298//1298 1453//1453 1299//1299
f 1299//1299 1453//1453 1452//1452
f 1299//1299 1452//1452 1300//1300
f 1300//1300 1452//1452 1451//1451
f 1300//1300 1451//1451 1301//1301
f 1301//1301 1451//1451 1450//1450
f 1301//1301 1450//1450 1302//1302
f 1302//1302 1450//1450 1449//1449
f 1302//1302 1449//1449 1305//1305
f 1305//1305 1449//1449 1448//1448
f 1305//1305 1448//1448 1304//1304
f 1304//1304 1448//1448 1405//1405
f 1304//1304 1405//1405 1303//1303
f 1303//1303 1405//1405 1404//1404
f 1303//1303 1404//1404 724//724
f 1454//1454 1455//1455 1456//1456
f 1454//1454 1457//1457 1455//1455
f 1455//1455 1457//1457 1458//1458
f 1455//1455 1458//1458 1459//1459
f 1458//1458 1460//1460 1459//1459
f 1459//1459 1460//1460 1461//1461
f 1459//1459 1461//1461 1462//1462
f 1461//1461 1463//1463 1462//1462
f 1462//1462 1463//1463 1464//1464
f 1462//1462 1464//1464 1465//1465
f 1464//1464 1466//1466 1465//1465
f 1465//1465 1466//1466 1467//1467
f 1465//1465 1467//1467 1468//1468
f 1467//1467 1469//1469 1468//1468
f 1468//1468 1469//1469 1470//1470
f 1468//1468 1470//1470 1471//1471
f 1470//1470 1472//1472 1471//1471
f 1471//1471 1472//1472 1474//1474
f 1471//1471 1474//1474 1475//1475
f 1473//1473 1476//1476 1477//1477
f 1477//1477 1476//1476 1478//1478
f 1477//1477 1478//1478 1480//1480
f 1479//1479 1481//1481 1482//1482
f 1482//1482 1481//1481 1484//1484
f 1482//1482 1484//1484 1485//1485
f 1483//1483 1486//1486 1487//1487
f 1487//1487 1486//1486 1489//1489
f 1487//1487 1489//1489 1490//1490
f 1488//1488 1491//1491 1492//1492
f 1492//1492 1491//1491 1494//1494
f 1492//1492 1494//1494 1495//1495
f 1493//1493 1496//1496 1497//1497
f 1497//1497 1496//1496 1498//1498
f 1497//1497 1498//1498 1499//1499
f 1499//1499 1498//1498 1500//1500
f 1456//1456 1501//1501 1454//1454
f 1502//1502 1503//1503 1504//1504
f 1504//1504 1503//1503 1505//1505
f 1505//1505 1503//1503 1506//1506
f 1505//1505 1506//1506 1507//1507
f 1507//1507 1506//1506 1508//1508
f 1507//1507 1508//1508 1509//1509
f 1504//1504 1510//1510 1502//1502
f 1502//1502 1510//1510 1511//1511
f 1502//1502 1511//1511 1512//1512
f 1512//1512 1511//1511 1513//1513
f 1512//1512 1513//1513 1514//1514
f 1514//1514 1513//1513 1515//1515
f 1514//1514 1515//1515 1516//1516
f 1516//1516 1515//1515 1517//1517
f 1508//1508 1518//1518 1509//1509
f 1509//1509 1518//1518 1519//1519
f 1509//1509 1519//1519 1520//1520
f 1519//1519 1521//1521 1520//1520
f 1520//1520 1521//1521 1522//1522
f 1520//1520 1522//1522 1523//1523
f 1523//1523 1522//1522 1524//1524
f 1523//1523 1524//1524 1525//1525
f 1524//1524 1526//1526 1525//1525
f 1525//1525 1526//1526 1527//1527
f 1525//1525 1527//1527 1528//1528
f 1527//1527 1529//1529 1528//1528
f 1528//1528 1529//1529 1530//1530
f 1528//1528 1530//1530 1531//1531
f 1530//1530 1532//1532 1531//1531
f 1531//1531 1532//1532 1533//1533
f 1531//1531 1533//1533 1534//1534
f 1533//1533 1535//1535 1534//1534
f 1534//1534 1535//1535 1536//1536
f 1534//1534 1536//1536 1537//1537
f 1536//1536 1538//1538 1537//1537
f 1537//1537 1538//1538 1539//1539
f 1537//1537 1539//1539 1540//1540
f 1540//1540 1539//1539 1541//1541
f 1540//1540 1541//1541 1517//1517
f 1517//1517 1541//1541 1542//1542
f 1517//1517 1542//1542 1516//1516
f 1543//1543 1544//1544 1545//1545
f 1543//1543 1546//1546 1544//1544
f 1544//1544 1546//1546 1547//1547
f 1544//1544 1547//1547 1548//1548
f 1547//1547 1549//1549 1548//1548
f 1548//1548 1549//1549 1550//1550
f 1548//1548 1550//1550 1551//1551
f 1550//1550 1552//1552 1551//1551
f 1551//1551 1552//1552 1553//1553
f 1551//1551 1553//1553 1554//1554
f 1553//1553 1555//1555 1554//1554
f 1554//1554 1555//1555 1556//1556
f 1554//1554 1556//1556 1557//1557
f 1556//1556 1558//1558 1557//1557
f 1557//1557 1558//1558 1559//1559
f 1557//1557 1559//1559 1560//1560
f 1559//1559 1561//1561 1560//1560
f 1560//1560 1561//1561 1562//1562
f 1560//1560 1562//1562 1564//1564
f 1563//1563 1565//1565 1566//1566
f 1566//1566 1565//1565 1568//1568
f 1566//1566 1568//1568 1569//1569
f 1567//1567 1570//1570 1571//1571
f 1571//1571 1570//1570 1572//1572
f 1571//1571 1572//1572 1574//1574
f 1573//1573 1575//1575 1576//1576
f 1576//1576 1575//1575 1577//1577
f 1576//1576 1577//1577 1579//1579
f 1578//1578 1580//1580 1581//1581
f 1581//1581 1580//1580 1582//1582
f 1581//1581 1582//1582 1583//1583
f 1582//1582 1584//1584 1583//1583
f 1583//1583 1584//1584 1585//1585
f 1583//1583 1585//1585 1586//1586
f 1586//1586 1585//1585 1587//1587
f 1545//1545 1588//1588 1543//1543
f 1589//1589 1590//1590 1591//1591
f 1591//1591 1590//1590 1592//1592
f 1592//1592 1590//1590 1593//1593
f 1592//1592 1593//1593 1594//1594
f 1594//1594 1593//1593 1595//1595
f 1594//1594 1595//1595 1596//1596
f 1591//1591 1597//1597 1589//1589
f 1589//1589 1597//1597 1598//1598
f 1589//1589 1598//1598 1599//1599
f 1599//1599 1598//1598 1600//1600
f 1599//1599 1600//1600 1601//1601
f 1601//1601 1600//1600 1602//1602
f 1601//1601 1602//1602 1603//1603
f 1603//1603 1602//1602 1604//1604
f 1595//1595 1605//1605 1596//1596
f 1596//1596 1605//1605 1606//1606
f 1596//1596 1606//1606 1607//1607
f 1607//1607 1606//1606 1608//1608
f 1607//1607 1608//1608 1609//1609
f 1608//1608 1610//1610 1609//1609
f 1609//1609 1610//1610 1611//1611
f 1609//1609 1611//1611 1612//1612
f 1611//1611 1613//1613 1612//1612
f 1612//1612 1613//1613 1614//1614
f 1612//1612 1614//1614 1615//1615
f 1614//1614 1616//1616 1615//1615
f 1615//1615 1616//1616 1617//1617
f 1615//1615 1617//1617 1618//1618
f 1617//1617 1619//1619 1618//1618
f 1618//1618 1619//1619 1620//1620
f 1618//1618 1620//1620 1621//1621
f 1620//1620 1622//1622 1621//1621
f 1621//1621 1622//1622 1623//1623
f 1621//1621 1623//1623 1624//1624
f 1623//1623 1625//1625 1624//1624
f 1624//1624 1625//1625 1626//1626
f 1624//1624 1626//1626 1627//1627
f 1627//1627 1626//1626 1628//1628
f 1627//1627 1628//1628 1604//1604
f 1604//1604 1628//1628 1629//1629
f 1604//1604 1629//1629 1603//1603
f 1630//1630 1632//1632 1633//1633
f 1631//1631 1634//1634 1635//1635
f 1635//1635 1634//1634 1636//1636
f 1635//1635 1636//1636 1638//1638
f 1637//1637 1639//1639 1640//1640
f 1640//1640 1639//1639 1641//1641
f 1640//1640 1641//1641 1642//1642
f 1641//1641 1643//1643 1642//1642
f 1642//1642 1643//1643 1644//1644
f 1642//1642 1644//1644 1645//1645
f 1644//1644 1646//1646 1645//1645
f 1645//1645 1646//1646 1647//1647
f 1645//1645 1647//1647 1648//1648
f 1647//1647 1649//1649 1648//1648
f 1648//1648 1649//1649 1650//1650
f 1648//1648 1650//1650 1651//1651
f 1650//1650 1652//1652 1651//1651
f 1651//1651 1652//1652 1653//1653
f 1651//1651 1653//1653 1654//1654
f 1653//1653 1655//1655 1654//1654
f 1654//1654 1655//1655 1656//1656
f 1654//1654 1656//1656 1657//1657
f 1656//1656 1658//1658 1657//1657
f 1657//1657 1658//1658 1659//1659
f 1657//1657 1659//1659 1660//1660
f 1659//1659 1661//1661 1660//1660
f 1660//1660 1661//1661 1662//1662
f 1660//1660 1662//1662 1664//1664
f 1663//1663 1665//1665 1666//1666
f 1666//1666 1665//1665 1667//1667
f 1666//1666 1667//1667 1668//1668
f 1667//1667 1669//1669 1668//1668
f 1668//1668 1669//1669 1670//1670
f 1668//1668 1670//1670 1671//1671
f 1671//1671 1670//1670 1672//1672
f 1633//1633 1673//1673 1630//1630
f 1674//1674 1675//1675 1676//1676
f 1676//1676 1677//1677 1674//1674
f 1674//1674 1677//1677 1678//1678
f 1674//1674 1678//1678 1679//1679
f 1678//1678 1680//1680 1679//1679
f 1679//1679 1680//1680 1681//1681
f 1679//1679 1681//1681 1682//1682
f 1681//1681 1683//1683 1682//1682
f 1682//1682 1683//1683 1684//1684
f 1682//1682 1684//1684 1685//1685
f 1685//1685 1684//1684 1686//1686
f 1685//1685 1686//1686 1687//1687
f 1687//1687 1686//1686 1688//1688
f 1687//1687 1688//1688 1689//1689
f 1689//1689 1688//1688 1690//1690
f 1689//1689 1690//1690 1691//1691
f 1691//1691 1690//1690 1692//1692
f 1691//1691 1692//1692 1693//1693
f 1693//1693 1692//1692 1694//1694
f 1693//1693 1694//1694 1695//1695
f 1695//1695 1694//1694 1696//1696
f 1695//1695 1696//1696 1697//1697
f 1697//1697 1696//1696 1698//1698
f 1697//1697 1698//1698 1699//1699
f 1698//1698 1700//1700 1699//1699
f 1699//1699 1700//1700 1701//1701
f 1699//1699 1701//1701 1702//1702
f 1701//1701 1703//1703 1702//1702
f 1702//1702 1703//1703 1704//1704
f 1702//1702 1704//1704 1705//1705
f 1704//1704 1706//1706 1705//1705
f 1705//1705 1706//1706 1707//1707
f 1705//1705 1707//1707 1708//1708
f 1707//1707 1709//1709 1708//1708
f 1708//1708 1709//1709 1710//1710
f 1708//1708 1710//1710 1711//1711
f 1711//1711 1710//1710 1712//1712
f 1711//1711 1712//1712 1675//1675
f 1675//1675 1712//1712 1713//1713
f 1675//1675 1713//1713 1676//1676
f 1714//1714 1715//1715 1716//1716
f 1714//1714 1717//1717 1715//1715
f 1715//1715 1717//1717 1718//1718
f 1715//1715 1718//1718 1719//1719
f 1718//1718 1720//1720 1719//1719
f 1719//1719 1720//1720 1721//1721
f 1719//1719 1721//1721 1722//1722
f 1721//1721 1723//1723 1722//1722
f 1722//1722 1723//1723 1724//1724
f 1722//1722 1724//1724 1725//1725
f 1724//1724 1726//1726 1725//1725
f 1725//1725 1726//1726 1727//1727
f 1725//1725 1727//1727 1728//1728
f 1727//1727 1729//1729 1728//1728
f 1728//1728 1729//1729 1730//1730
f 1728//1728 1730//1730 1731//1731
f 1730//1730 1732//1732 1731//1731
f 1731//1731 1732//1732 1733//1733
f 1731//1731 1733//1733 1734//1734
f 1733//1733 1735//1735 1734//1734
f 1734//1734 1735//1735 1736//1736
f 1734//1734 1736//1736 1737//1737
f 1736//1736 1738//1738 1737//1737
f 1737//1737 1738//1738 1740//1740
f 1737//1737 1740//1740 1741//1741
f 1739//1739 1742//1742 1743//1743
f 1743//1743 1742//1742 1744//1744
f 1743//1743 1744//1744 1746//1746
f 1745//1745 1747//1747 1748//1748
f 1748//1748 1747//1747 1749//1749
f 1748//1748 1749//1749 1750//1750
f 1749//1749 1751//1751 1750//1750
f 1750//1750 1751//1751 1752//1752
f 1750//1750 1752//1752 1753//1753
f 1753//1753 1752//1752 1754//1754
f 1716//1716 1755//1755 1714//1714
f 1756//1756 1757//1757 1758//1758
f 1758//1758 1757//1757 1759//1759
f 1758//1758 1759//1759 1760//1760
f 1760//1760 1759//1759 1761//1761
f 1760//1760 1761//1761 1762//1762
f 1761//1761 1763//1763 1762//1762
f 1762//1762 1763//1763 1764//1764
f 1762//1762 1764//1764 1765//1765
f 1764//1764 1766//1766 1765//1765
f 1765//1765 1766//1766 1767//1767
f 1765//1765 1767//1767 1768//1768
f 1767//1767 1769//1769 1768//1768
f 1768//1768 1769//1769 1770//1770
f 1768//1768 1770//1770 1771//1771
f 1770//1770 1772//1772 1771//1771
f 1771//1771 1772//1772 1773//1773
f 1771//1771 1773//1773 1774//1774
f 1774//1774 1773//1773 1775//1775
f 1774//1774 1775//1775 1776//1776
f 1775//1775 1777//1777 1776//1776
f 1776//1776 1777//1777 1778//1778
f 1776//1776 1778//1778 1779//1779
f 1778//1778 1780//1780 1779//1779
f 1779//1779 1780//1780 1781//1781
f 1779//1779 1781//1781 1782//1782
f 1781//1781 1783//1783 1782//1782
f 1782//1782 1783//1783 1784//1784
f 1782//1782 1784//1784 1785//1785
f 1784//1784 1786//1786 1785//1785
f 1785//1785 1786//1786 1787//1787
f 1785//1785 1787//1787 1788//1788
f 1787//1787 1789//1789 1788//1788
f 1788//1788 1789//1789 1790//1790
f 1788//1788 1790//1790 1791//1791
f 1756//1756 1792//1792 1757//1757
f 1757//1757 1792//1792 1793//1793
f 1757//1757 1793//1793 1794//1794
f 1794//1794 1793//1793 1791//1791
f 1794//1794 1791//1791 1795//1795
f 1795//1795 1791//1791 1790//1790
f 1796//1796 1797//1797 1798//1798
f 1798//1798 1797//1797 1799//1799
f 1800//1800 1801//1801 1802//1802
f 1802//1802 1801//1801 1803//1803
f 1804//1804 1805//1805 1806//1806
f 1806//1806 1807//1807 1808//1808
f 1808//1808 1807//1807 1809//1809
f 1808//1808 1809//1809 1810//1810
f 1806//1806 1808//1808 1804//1804
f 1804//1804 1808//1808 1811//1811
f 1804//1804 1811//1811 1812//1812
f 1812//1812 1811//1811 1813//1813
f 1813//1813 1811//1811 1814//1814
f 1813//1813 1814//1814 1815//1815
f 1815//1815 1814//1814 1816//1816
f 1815//1815 1816//1816 1817//1817
f 1818//1818 1819//1819 1820//1820
f 1821//1821 1822//1822 1823//1823
f 1823//1823 1822//1822 1824//1824
f 1825//1825 1826//1826 1827//1827
f 1827//1827 1826//1826 1828//1828
f 1825//1825 1827//1827 1829//1829
f 1829//1829 1827//1827 1830//1830
f 1829//1829 1830//1830 1831//1831
f 1831//1831 1830//1830 1822//1822
f 1831//1831 1822//1822 1820//1820
f 1820//1820 1822//1822 1821//1821
f 1820//1820 1821//1821 1818//1818
f 1817//1817 1816//1816 1832//1832
f 1817//1817 1832//1832 1833//1833
f 1835//1835 1836//1836 1838//1838
f 1834//1834 1837//1837 1839//1839
f 1841//1841 1842//1842 1844//1844
f 1840//1840 1843//1843 1845//1845
f 1846//1846 1847//1847 1801//1801
f 1846//1846 1801//1801 1800//1800
f 722//722 721//721 1848//1848
f 1848//1848 721//721 1849//1849
f 1850//1850 1852//1852 1854//1854
f 1853//1853 1851//1851 1855//1855
f 1856//1856 1857//1857 1803//1803
f 1803//1803 1857//1857 1802//1802
f 1797//1797 1796//1796 1858//1858
f 1858//1858 1796//1796 1859//1859
f 1860//1860 1862//1862 1864//1864
f 1863//1863 1861//1861 1865//1865
f 1866//1866 1867//1867 683//683
f 683//683 1867//1867 684//684
f 1798//1798 1799//1799 1868//1868
f 1798//1798 1868//1868 1869//1869
f 1870//1870 1872//1872 1873//1873
f 1871//1871 1874//1874 1875//1875
f 1877//1877 1878//1878 1880//1880
f 1876//1876 1879//1879 1881//1881
f 1882//1882 1883//1883 1828//1828
f 1882//1882 1828//1828 1826//1826
f 1884//1884 1885//1885 1886//1886
f 1887//1887 1888//1888 1889//1889
f 1890//1890 1891//1891 1892//1892
f 1893//1893 1894//1894 1895//1895
f 1416//1416 1896//1896 1414//1414
f 1414//1414 1896//1896 1887//1887
f 1414//1414 1887//1887 1411//1411
f 1806//1806 1897//1897 1807//1807
f 1807//1807 1897//1897 1895//1895
f 1807//1807 1895//1895 1809//1809
f 1809//1809 1895//1895 1894//1894
f 1809//1809 1894//1894 1810//1810
f 1806//1806 1884//1884 1897//1897
f 1897//1897 1884//1884 1886//1886
f 1897//1897 1886//1886 1895//1895
f 1895//1895 1886//1886 1898//1898
f 1895//1895 1898//1898 1899//1899
f 1899//1899 1898//1898 1889//1889
f 1899//1899 1889//1889 1900//1900
f 1900//1900 1889//1889 1888//1888
f 1887//1887 1889//1889 1411//1411
f 1411//1411 1889//1889 1898//1898
f 1411//1411 1898//1898 1409//1409
f 1409//1409 1898//1898 1886//1886
f 1409//1409 1886//1886 1407//1407
f 1407//1407 1886//1886 1885//1885
f 1407//1407 1885//1885 1402//1402
f 1806//1806 1805//1805 1884//1884
f 1884//1884 1805//1805 1901//1901
f 1901//1901 1902//1902 1884//1884
f 1884//1884 1902//1902 1903//1903
f 1884//1884 1903//1903 1885//1885
f 1403//1403 1402//1402 1904//1904
f 1904//1904 1402//1402 1885//1885
f 1904//1904 1885//1885 1905//1905
f 1905//1905 1885//1885 1903//1903
f 1906//1906 1907//1907 1908//1908
f 1380//1380 1382//1382 1909//1909
f 1382//1382 1357//1357 1909//1909
f 1909//1909 1357//1357 1910//1910
f 1909//1909 1910//1910 1911//1911
f 1911//1911 1910//1910 1912//1912
f 1823//1823 1824//1824 1913//1913
f 1823//1823 1913//1913 1914//1914
f 1913//1913 1908//1908 1914//1914
f 1914//1914 1908//1908 1907//1907
f 1914//1914 1907//1907 1910//1910
f 1910//1910 1907//1907 1915//1915
f 1910//1910 1915//1915 1912//1912
f 1359//1359 1360//1360 1916//1916
f 1916//1916 1360//1360 1917//1917
f 1916//1916 1917//1917 1918//1918
f 1821//1821 1823//1823 1918//1918
f 1918//1918 1823//1823 1914//1914
f 1918//1918 1914//1914 1916//1916
f 1916//1916 1914//1914 1910//1910
f 1916//1916 1910//1910 1359//1359
f 1359//1359 1910//1910 1357//1357
f 1818//1818 1821//1821 1919//1919
f 1919//1919 1821//1821 1918//1918
f 1919//1919 1918//1918 1920//1920
f 1920//1920 1918//1918 1917//1917
f 1920//1920 1917//1917 1348//1348
f 1348//1348 1917//1917 1360//1360
f 1819//1819 1818//1818 1921//1921
f 1921//1921 1818//1818 1919//1919
f 1921//1921 1919//1919 1922//1922
f 1922//1922 1919//1919 1923//1923
f 1923//1923 1919//1919 1920//1920
f 1923//1923 1920//1920 1924//1924
f 1348//1348 1350//1350 1920//1920
f 1920//1920 1350//1350 1925//1925
f 1920//1920 1925//1925 1924//1924
f 1926//1926 1927//1927 1928//1928
f 1929//1929 1930//1930 1931//1931
f 1931//1931 1930//1930 1932//1932
f 1931//1931 1932//1932 1933//1933
f 1933//1933 1932//1932 1934//1934
f 1933//1933 1934//1934 1935//1935
f 1935//1935 1934//1934 1936//1936
f 1935//1935 1936//1936 1937//1937
f 1937//1937 1936//1936 1939//1939
f 1937//1937 1939//1939 1940//1940
f 1941//1941 1938//1938 1942//1942
f 1941//1941 1942//1942 1073//1073
f 1073//1073 1942//1942 1943//1943
f 1073//1073 1943//1943 1440//1440
f 1440//1440 1439//1439 1073//1073
f 1073//1073 1439//1439 1438//1438
f 1073//1073 1438//1438 1437//1437
f 1437//1437 1436//1436 1073//1073
f 1073//1073 1436//1436 1435//1435
f 1073//1073 1435//1435 1074//1074
f 1443//1443 1926//1926 1432//1432
f 1432//1432 1926//1926 1928//1928
f 1432//1432 1928//1928 1433//1433
f 1433//1433 1928//1928 1074//1074
f 1433//1433 1074//1074 1434//1434
f 1434//1434 1074//1074 1435//1435
f 1944//1944 1945//1945 1946//1946
f 1944//1944 1947//1947 1945//1945
f 1945//1945 1947//1947 1948//1948
f 1945//1945 1948//1948 1931//1931
f 1931//1931 1948//1948 1949//1949
f 1931//1931 1949//1949 1929//1929
f 1950//1950 1951//1951 1952//1952
f 1952//1952 1951//1951 1953//1953
f 1952//1952 1953//1953 1945//1945
f 1945//1945 1953//1953 1946//1946
f 1955//1955 1958//1958 1959//1959
f 1959//1959 1958//1958 1960//1960
f 1959//1959 1960//1960 1961//1961
f 1961//1961 1960//1960 1962//1962
f 1961//1961 1962//1962 1950//1950
f 1950//1950 1962//1962 1963//1963
f 1950//1950 1963//1963 1951//1951
f 1957//1957 1954//1954 1964//1964
f 1956//1956 1965//1965 1966//1966
f 1967//1967 1968//1968 1969//1969
f 1967//1967 1969//1969 1970//1970
f 1970//1970 1969//1969 1972//1972
f 1971//1971 1973//1973 1974//1974
f 1974//1974 1973//1973 1976//1976
f 1975//1975 1977//1977 1978//1978
f 1979//1979 1980//1980 1981//1981
f 1979//1979 1981//1981 1982//1982
f 1982//1982 1981//1981 1984//1984
f 1985//1985 1983//1983 1986//1986
f 1986//1986 1983//1983 1987//1987
f 1986//1986 1987//1987 1988//1988
f 1988//1988 1987//1987 1978//1978
f 1988//1988 1978//1978 1977//1977
f 1989//1989 1990//1990 1979//1979
f 1979//1979 1990//1990 1980//1980
f 1990//1990 1989//1989 1991//1991
f 1991//1991 1989//1989 1992//1992
f 1991//1991 1992//1992 1993//1993
f 1993//1993 1992//1992 1994//1994
f 1993//1993 1994//1994 1995//1995
f 1995//1995 1994//1994 1996//1996
f 1997//1997 1998//1998 1999//1999
f 1999//1999 2000//2000 1997//1997
f 1997//1997 2000//2000 2001//2001
f 1997//1997 2001//2001 2002//2002
f 2001//2001 2003//2003 2002//2002
f 2002//2002 2003//2003 2004//2004
f 2002//2002 2004//2004 2005//2005
f 2005//2005 2004//2004 2007//2007
f 2007//2007 2008//2008 2005//2005
f 2005//2005 2008//2008 2009//2009
f 2006//2006 2010//2010 2011//2011
f 2010//2010 2013//2013 2011//2011
f 2011//2011 2013//2013 2014//2014
f 2012//2012 2015//2015 2016//2016
f 2015//2015 2017//2017 2016//2016
f 2016//2016 2017//2017 2018//2018
f 2016//2016 2018//2018 2019//2019
f 2020//2020 2021//2021 2022//2022
f 2020//2020 2022//2022 2023//2023
f 2024//2024 2025//2025 1995//1995
f 2024//2024 1995//1995 1996//1996
f 653//653 652//652 2026//2026
f 2026//2026 652//652 2027//2027
f 2026//2026 2027//2027 2028//2028
f 2029//2029 2030//2030 2031//2031
f 2029//2029 2031//2031 2032//2032
f 2032//2032 2031//2031 2033//2033
f 2034//2034 2035//2035 2033//2033
f 2033//2033 2035//2035 2032//2032
f 2036//2036 2037//2037 2038//2038
f 2036//2036 2038//2038 2039//2039
f 2039//2039 2038//2038 2040//2040
f 2039//2039 2040//2040 2041//2041
f 2041//2041 2040//2040 2042//2042
f 2041//2041 2042//2042 2043//2043
f 2043//2043 2042//2042 2035//2035
f 2043//2043 2035//2035 2034//2034
f 2037//2037 2036//2036 2044//2044
f 2037//2037 2044//2044 2045//2045
f 2045//2045 2044//2044 2047//2047
f 2046//2046 2048//2048 2049//2049
f 2049//2049 2048//2048 2050//2050
f 2049//2049 2050//2050 2051//2051
f 2052//2052 2053//2053 2056//2056
f 2052//2052 2056//2056 2058//2058
f 2059//2059 2060//2060 2061//2061
f 2057//2057 2055//2055 2062//2062
f 2063//2063 2054//2054 2064//2064
f 2063//2063 2064//2064 2065//2065
f 2065//2065 2064//2064 2066//2066
f 2065//2065 2066//2066 2067//2067
f 2067//2067 2066//2066 2068//2068
f 2067//2067 2068//2068 2069//2069
f 2069//2069 2068//2068 2070//2070
f 2069//2069 2070//2070 2071//2071
f 2071//2071 2070//2070 2059//2059
f 2071//2071 2059//2059 2072//2072
f 2072//2072 2059//2059 2061//2061
f 1366//1366 1365//1365 1031//1031
f 1366//1366 1031//1031 1367//1367
f 2073//2073 1362//1362 1361//1361
f 2073//2073 1361//1361 2074//2074
f 1372//1372 1032//1032 1361//1361
f 1361//1361 1032//1032 2075//2075
f 1361//1361 2075//2075 2076//2076
f 1372//1372 1371//1371 1032//1032
f 1032//1032 1371//1371 1369//1369
f 1032//1032 1369//1369 1031//1031
f 1031//1031 1369//1369 1368//1368
f 1031//1031 1368//1368 1367//1367
f 2077//2077 2079//2079 2080//2080
f 2081//2081 2078//2078 2082//2082
f 2081//2081 2082//2082 2083//2083
f 1365//1365 2086//2086 1031//1031
f 1031//1031 2086//2086 2087//2087
f 1031//1031 2087//2087 2088//2088
f 2088//2088 2087//2087 2089//2089
f 2088//2088 2089//2089 2090//2090
f 2090//2090 2089//2089 2077//2077
f 2090//2090 2077//2077 2091//2091
f 2091//2091 2077//2077 2080//2080
f 2082//2082 2092//2092 2083//2083
f 2083//2083 2092//2092 2094//2094
f 2085//2085 2093//2093 2095//2095
f 2097//2097 2060//2060 2098//2098
f 2098//2098 2060//2060 2100//2100
f 2099//2099 2084//2084 2101//2101
f 2101//2101 2084//2084 2096//2096
f 2097//2097 2102//2102 2060//2060
f 2060//2060 2102//2102 2061//2061
f 2105//2105 2106//2106 2110//2110
f 2111//2111 2103//2103 2112//2112
f 2114//2114 2104//2104 2107//2107
f 2113//2113 2108//2108 2115//2115
f 2116//2116 2109//2109 2117//2117
f 2116//2116 2117//2117 2118//2118
f 2118//2118 2117//2117 2119//2119
f 2120//2120 2121//2121 2117//2117
f 2117//2117 2121//2121 2119//2119
f 2122//2122 2121//2121 2120//2120
f 2120//2120 2123//2123 2122//2122
f 2122//2122 2123//2123 2124//2124
f 2122//2122 2124//2124 2125//2125
f 2125//2125 2124//2124 2126//2126
f 2125//2125 2126//2126 2127//2127
f 2128//2128 2129//2129 2130//2130
f 2130//2130 2129//2129 2127//2127
f 2130//2130 2127//2127 2131//2131
f 2131//2131 2127//2127 2126//2126
f 2129//2129 2128//2128 2132//2132
f 2129//2129 2132//2132 2133//2133
f 2133//2133 2132//2132 2134//2134
f 2133//2133 2134//2134 2135//2135
f 2134//2134 2136//2136 2135//2135
f 2135//2135 2136//2136 2137//2137
f 2135//2135 2137//2137 2138//2138
f 2138//2138 2137//2137 2139//2139
f 2138//2138 2139//2139 2140//2140
f 2140//2140 2139//2139 2141//2141
f 2140//2140 2141//2141 2142//2142
f 2142//2142 2141//2141 2143//2143
f 2142//2142 2143//2143 2144//2144
f 2144//2144 2143//2143 2145//2145
f 2144//2144 2145//2145 2146//2146
f 2146//2146 2145//2145 2148//2148
f 2149//2149 2147//2147 2150//2150
f 2151//2151 2152//2152 2147//2147
f 2147//2147 2152//2152 2150//2150
f 2153//2153 2154//2154 2155//2155
f 2155//2155 2154//2154 2156//2156
f 2155//2155 2156//2156 2157//2157
f 2157//2157 2156//2156 2158//2158
f 2157//2157 2158//2158 2151//2151
f 2151//2151 2158//2158 2152//2152
f 2154//2154 2153//2153 2159//2159
f 2154//2154 2159//2159 2160//2160
f 2160//2160 2159//2159 2161//2161
f 2160//2160 2161//2161 2162//2162
f 2162//2162 2161//2161 2163//2163
f 2162//2162 2163//2163 2164//2164
f 2164//2164 2163//2163 2166//2166
f 2167//2167 2165//2165 2168//2168
f 2168//2168 2165//2165 2169//2169
f 2168//2168 2169//2169 2170//2170
f 2170//2170 2169//2169 2171//2171
f 2170//2170 2171//2171 2172//2172
f 2172//2172 2171//2171 2173//2173
f 2172//2172 2173//2173 2174//2174
f 2174//2174 2173//2173 2175//2175
f 2174//2174 2175//2175 2176//2176
f 2176//2176 2175//2175 2177//2177
f 2176//2176 2177//2177 2178//2178
f 2178//2178 2177//2177 2179//2179
f 2178//2178 2179//2179 2180//2180
f 2180//2180 2179//2179 2181//2181
f 2180//2180 2181//2181 2182//2182
f 2182//2182 2181//2181 2183//2183
f 2182//2182 2183//2183 2184//2184
f 2184//2184 2183//2183 2186//2186
f 2187//2187 2185//2185 2188//2188
f 2188//2188 2185//2185 2189//2189
f 2188//2188 2189//2189 2190//2190
f 2190//2190 2189//2189 2191//2191
f 2190//2190 2191//2191 2192//2192
f 2192//2192 2191//2191 2193//2193
f 2192//2192 2193//2193 2194//2194
f 2195//2195 2196//2196 2197//2197
f 2197//2197 2196//2196 2198//2198
f 2197//2197 2198//2198 2199//2199
f 2199//2199 2198//2198 2200//2200
f 2199//2199 2200//2200 2193//2193
f 2193//2193 2200//2200 2194//2194
f 2201//2201 2202//2202 2195//2195
f 2195//2195 2202//2202 2196//2196
f 2202//2202 2201//2201 2203//2203
f 2202//2202 2203//2203 2204//2204
f 2204//2204 2203//2203 2205//2205
f 2204//2204 2205//2205 2206//2206
f 2206//2206 2205//2205 2207//2207
f 2206//2206 2207//2207 2208//2208
f 2208//2208 2207//2207 2209//2209
f 2208//2208 2209//2209 2210//2210
f 2210//2210 2209//2209 2212//2212
f 2213//2213 2211//2211 2214//2214
f 2214//2214 2211//2211 2215//2215
f 2214//2214 2215//2215 2216//2216
f 2216//2216 2215//2215 2217//2217
f 2216//2216 2217//2217 2218//2218
f 2217//2217 2219//2219 2218//2218
f 2218//2218 2219//2219 2220//2220
f 2218//2218 2220//2220 2221//2221
f 2222//2222 2221//2221 2220//2220
f 2220//2220 2223//2223 2222//2222
f 2222//2222 2223//2223 2224//2224
f 2222//2222 2224//2224 2225//2225
f 2225//2225 2224//2224 2226//2226
f 2225//2225 2226//2226 2227//2227
f 2228//2228 2229//2229 2230//2230
f 2230//2230 2229//2229 2227//2227
f 2230//2230 2227//2227 2231//2231
f 2231//2231 2227//2227 2226//2226
f 2232//2232 2234//2234 2228//2228
f 2228//2228 2234//2234 2229//2229
f 2235//2235 2236//2236 2233//2233
f 2237//2237 2239//2239 2243//2243
f 2235//2235 2233//2233 2245//2245
f 2245//2245 2233//2233 2248//2248
f 2244//2244 2247//2247 2240//2240
f 2242//2242 2246//2246 2249//2249
f 2241//2241 2250//2250 2238//2238
f 738//738 740//740 2251//2251
f 2251//2251 740//740 1335//1335
f 2251//2251 1335//1335 2252//2252
f 2252//2252 1335//1335 2253//2253
f 2252//2252 2253//2253 2254//2254
f 2253//2253 2255//2255 2254//2254
f 2254//2254 2255//2255 2256//2256
f 2254//2254 2256//2256 2257//2257
f 732//732 737//737 2258//2258
f 2258//2258 737//737 2257//2257
f 2258//2258 2257//2257 2259//2259
f 2259//2259 2257//2257 2256//2256
f 723//723 725//725 1319//1319
f 1319//1319 725//725 2260//2260
f 1319//1319 2260//2260 2261//2261
f 2261//2261 2260//2260 2262//2262
f 2261//2261 2262//2262 2263//2263
f 2263//2263 2262//2262 2264//2264
f 2263//2263 2264//2264 2265//2265
f 2265//2265 2264//2264 2266//2266
f 2265//2265 2266//2266 2267//2267
f 2267//2267 2266//2266 2268//2268
f 2268//2268 2266//2266 728//728
f 2268//2268 728//728 727//727
f 2269//2269 1045//1045 753//753
f 2270//2270 2271//2271 2272//2272
f 2273//2273 1364//1364 1362//1362
f 1362//1362 2274//2274 2273//2273
f 2273//2273 2274//2274 2076//2076
f 2273//2273 2076//2076 1034//1034
f 1034//1034 2076//2076 2075//2075
f 1034//1034 2075//2075 1032//1032
f 1364//1364 2273//2273 2275//2275
f 2275//2275 2273//2273 2276//2276
f 2275//2275 2276//2276 2277//2277
f 2277//2277 2276//2276 2278//2278
f 2270//2270 2276//2276 2279//2279
f 2270//2270 2279//2279 2271//2271
f 753//753 2280//2280 2269//2269
f 2269//2269 2280//2280 2281//2281
f 2269//2269 2281//2281 2282//2282
f 2259//2259 2256//2256 2279//2279
f 2279//2279 2256//2256 2255//2255
f 2279//2279 2255//2255 2271//2271
f 2271//2271 2255//2255 2253//2253
f 2271//2271 2253//2253 2272//2272
f 2272//2272 2253//2253 1335//1335
f 2258//2258 2259//2259 2283//2283
f 2283//2283 2259//2259 2279//2279
f 2283//2283 2279//2279 2282//2282
f 2282//2282 2279//2279 2276//2276
f 2282//2282 2276//2276 2269//2269
f 2269//2269 2276//2276 2273//2273
f 2269//2269 2284//2284 1045//1045
f 1045//1045 2284//2284 1034//1034
f 2281//2281 2285//2285 2282//2282
f 2282//2282 2285//2285 2286//2286
f 2282//2282 2286//2286 2283//2283
f 2283//2283 2286//2286 2287//2287
f 2283//2283 2287//2287 2258//2258
f 2258//2258 2287//2287 732//732
f 753//753 752//752 2280//2280
f 2280//2280 752//752 2288//2288
f 2280//2280 2288//2288 2281//2281
f 2281//2281 2288//2288 2289//2289
f 2290//2290 2291//2291 2292//2292
f 1046//1046 1048//1048 2292//2292
f 2292//2292 1048//1048 1292//1292
f 1292//1292 1291//1291 2293//2293
f 2293//2293 1291//1291 1078//1078
f 2293//2293 1078//1078 1080//1080
f 1292//1292 2293//2293 2292//2292
f 2292//2292 2293//2293 2294//2294
f 2292//2292 2294//2294 2290//2290
f 2295//2295 1093//1093 1092//1092
f 2294//2294 2296//2296 2290//2290
f 2290//2290 2296//2296 2295//2295
f 2290//2290 2295//2295 2297//2297
f 2297//2297 2295//2295 1092//1092
f 2289//2289 2291//2291 2281//2281
f 2281//2281 2291//2291 2290//2290
f 2281//2281 2290//2290 2285//2285
f 2285//2285 2290//2290 2298//2298
f 2285//2285 2298//2298 2286//2286
f 2286//2286 2298//2298 2299//2299
f 2286//2286 2299//2299 2287//2287
f 2287//2287 2299//2299 2300//2300
f 2287//2287 2300//2300 732//732
f 732//732 2300//2300 727//727
f 1074//1074 1928//1928 1115//1115
f 1115//1115 1928//1928 1927//1927
f 2301//2301 2302//2302 2303//2303
f 2303//2303 2302//2302 2304//2304
f 2303//2303 2304//2304 1927//1927
f 2302//2302 2305//2305 2306//2306
f 2306//2306 2305//2305 2307//2307
f 2306//2306 2307//2307 2308//2308
f 1927//1927 2304//2304 1115//1115
f 1116//1116 2309//2309 2310//2310
f 1116//1116 2310//2310 1096//1096
f 1096//1096 2310//2310 2297//2297
f 1096//1096 2297//2297 1092//1092
f 2311//2311 2298//2298 2290//2290
f 2302//2302 2306//2306 2304//2304
f 2304//2304 2306//2306 2311//2311
f 2304//2304 2311//2311 2312//2312
f 2312//2312 2311//2311 2290//2290
f 2310//2310 2290//2290 2297//2297
f 727//727 2300//2300 2313//2313
f 2313//2313 2300//2300 2299//2299
f 1319//1319 2261//2261 2314//2314
f 2314//2314 2261//2261 2315//2315
f 2314//2314 2315//2315 2308//2308
f 2308//2308 2315//2315 2316//2316
f 2308//2308 2316//2316 2306//2306
f 2306//2306 2316//2316 2313//2313
f 2306//2306 2313//2313 2311//2311
f 2311//2311 2313//2313 2299//2299
f 2311//2311 2299//2299 2298//2298
f 2261//2261 2263//2263 2315//2315
f 2315//2315 2263//2263 2265//2265
f 2315//2315 2265//2265 2316//2316
f 2316//2316 2265//2265 2267//2267
f 2316//2316 2267//2267 2313//2313
f 2313//2313 2267//2267 2268//2268
f 2313//2313 2268//2268 727//727
f 2318//2318 2319//2319 2320//2320
f 2317//2317 2321//2321 2322//2322
f 2322//2322 2321//2321 2323//2323
f 2322//2322 2323//2323 2324//2324
f 2323//2323 2325//2325 2324//2324
f 2324//2324 2325//2325 2326//2326
f 2324//2324 2326//2326 2327//2327
f 2326//2326 2328//2328 2327//2327
f 2327//2327 2328//2328 2329//2329
f 2327//2327 2329//2329 2330//2330
f 2329//2329 2331//2331 2330//2330
f 2330//2330 2331//2331 2332//2332
f 2330//2330 2332//2332 2333//2333
f 2332//2332 2334//2334 2333//2333
f 2333//2333 2334//2334 2335//2335
f 2333//2333 2335//2335 2337//2337
f 2336//2336 2338//2338 2339//2339
f 2339//2339 2338//2338 2340//2340
f 2339//2339 2340//2340 2341//2341
f 2340//2340 2342//2342 2341//2341
f 2341//2341 2342//2342 2343//2343
f 2341//2341 2343//2343 2345//2345
f 2344//2344 2346//2346 2347//2347
f 2347//2347 2346//2346 2348//2348
f 2347//2347 2348//2348 2349//2349
f 2348//2348 2350//2350 2349//2349
f 2349//2349 2350//2350 2351//2351
f 2349//2349 2351//2351 2352//2352
f 2351//2351 2353//2353 2352//2352
f 2352//2352 2353//2353 2354//2354
f 2352//2352 2354//2354 2355//2355
f 2354//2354 2356//2356 2355//2355
f 2355//2355 2356//2356 2357//2357
f 2355//2355 2357//2357 2358//2358
f 2358//2358 2357//2357 2359//2359
f 2320//2320 2360//2360 2318//2318
f 2361//2361 2362//2362 2363//2363
f 2363//2363 2364//2364 2361//2361
f 2361//2361 2364//2364 2365//2365
f 2361//2361 2365//2365 2366//2366
f 2365//2365 2367//2367 2366//2366
f 2366//2366 2367//2367 2368//2368
f 2366//2366 2368//2368 2369//2369
f 2368//2368 2370//2370 2369//2369
f 2369//2369 2370//2370 2371//2371
f 2369//2369 2371//2371 2372//2372
f 2371//2371 2373//2373 2372//2372
f 2372//2372 2373//2373 2374//2374
f 2372//2372 2374//2374 2375//2375
f 2375//2375 2374//2374 2376//2376
f 2375//2375 2376//2376 2377//2377
f 2376//2376 2378//2378 2377//2377
f 2377//2377 2378//2378 2379//2379
f 2377//2377 2379//2379 2380//2380
f 2379//2379 2381//2381 2380//2380
f 2380//2380 2381//2381 2382//2382
f 2380//2380 2382//2382 2383//2383
f 2382//2382 2384//2384 2383//2383
f 2383//2383 2384//2384 2385//2385
f 2383//2383 2385//2385 2386//2386
f 2385//2385 2387//2387 2386//2386
f 2386//2386 2387//2387 2388//2388
f 2386//2386 2388//2388 2389//2389
f 2388//2388 2390//2390 2389//2389
f 2389//2389 2390//2390 2391//2391
f 2389//2389 2391//2391 2392//2392
f 2391//2391 2393//2393 2392//2392
f 2392//2392 2393//2393 2394//2394
f 2392//2392 2394//2394 2395//2395
f 2395//2395 2394//2394 2396//2396
f 2395//2395 2396//2396 2362//2362
f 2362//2362 2396//2396 2397//2397
f 2362//2362 2397//2397 2363//2363
f 2398//2398 2399//2399 2400//2400
f 2398//2398 2401//2401 2399//2399
f 2399//2399 2401//2401 2402//2402
f 2399//2399 2402//2402 2403//2403
f 2402//2402 2404//2404 2403//2403
f 2403//2403 2404//2404 2405//2405
f 2403//2403 2405//2405 2406//2406
f 2405//2405 2407//2407 2406//2406
f 2406//2406 2407//2407 2408//2408
f 2406//2406 2408//2408 2410//2410
f 2409//2409 2411//2411 2412//2412
f 2412//2412 2411//2411 2413//2413
f 2412//2412 2413//2413 2414//2414
f 2413//2413 2415//2415 2414//2414
f 2414//2414 2415//2415 2416//2416
f 2414//2414 2416//2416 2417//2417
f 2416//2416 2418//2418 2417//2417
f 2417//2417 2418//2418 2420//2420
f 2417//2417 2420//2420 2421//2421
f 2419//2419 2422//2422 2423//2423
f 2423//2423 2422//2422 2424//2424
f 2423//2423 2424//2424 2425//2425
f 2424//2424 2426//2426 2425//2425
f 2425//2425 2426//2426 2427//2427
f 2425//2425 2427//2427 2428//2428
f 2427//2427 2429//2429 2428//2428
f 2428//2428 2429//2429 2430//2430
f 2428//2428 2430//2430 2431//2431
f 2430//2430 2432//2432 2431//2431
f 2431//2431 2432//2432 2433//2433
f 2431//2431 2433//2433 2435//2435
f 2434//2434 2436//2436 2437//2437
f 2437//2437 2436//2436 2438//2438
f 2437//2437 2438//2438 2439//2439
f 2439//2439 2438//2438 2440//2440
f 2400//2400 2441//2441 2398//2398
f 2442//2442 2443//2443 2444//2444
f 2444//2444 2445//2445 2442//2442
f 2442//2442 2445//2445 2446//2446
f 2442//2442 2446//2446 2447//2447
f 2446//2446 2448//2448 2447//2447
f 2447//2447 2448//2448 2449//2449
f 2447//2447 2449//2449 2450//2450
f 2449//2449 2451//2451 2450//2450
f 2450//2450 2451//2451 2452//2452
f 2450//2450 2452//2452 2453//2453
f 2452//2452 2454//2454 2453//2453
f 2453//2453 2454//2454 2455//2455
f 2453//2453 2455//2455 2456//2456
f 2456//2456 2455//2455 2457//2457
f 2456//2456 2457//2457 2458//2458
f 2457//2457 2459//2459 2458//2458
f 2458//2458 2459//2459 2460//2460
f 2458//2458 2460//2460 2461//2461
f 2460//2460 2462//2462 2461//2461
f 2461//2461 2462//2462 2463//2463
f 2461//2461 2463//2463 2464//2464
f 2463//2463 2465//2465 2464//2464
f 2464//2464 2465//2465 2466//2466
f 2464//2464 2466//2466 2467//2467
f 2466//2466 2468//2468 2467//2467
f 2467//2467 2468//2468 2469//2469
f 2467//2467 2469//2469 2470//2470
f 2469//2469 2471//2471 2470//2470
f 2470//2470 2471//2471 2472//2472
f 2470//2470 2472//2472 2473//2473
f 2472//2472 2474//2474 2473//2473
f 2473//2473 2474//2474 2475//2475
f 2473//2473 2475//2475 2476//2476
f 2476//2476 2475//2475 2477//2477
f 2476//2476 2477//2477 2443//2443
f 2443//2443 2477//2477 2478//2478
f 2443//2443 2478//2478 2444//2444
f 2479//2479 2480//2480 2481//2481
f 2479//2479 2482//2482 2480//2480
f 2480//2480 2482//2482 2483//2483
f 2480//2480 2483//2483 2484//2484
f 2483//2483 2485//2485 2484//2484
f 2484//2484 2485//2485 2486//2486
f 2484//2484 2486//2486 2487//2487
f 2486//2486 2488//2488 2487//2487
f 2487//2487 2488//2488 2489//2489
f 2487//2487 2489//2489 2490//2490
f 2489//2489 2491//2491 2490//2490
f 2490//2490 2491//2491 2492//2492
f 2490//2490 2492//2492 2493//2493
f 2492//2492 2494//2494 2493//2493
f 2493//2493 2494//2494 2495//2495
f 2493//2493 2495//2495 2497//2497
f 2496//2496 2498//2498 2499//2499
f 2499//2499 2498//2498 2501//2501
f 2499//2499 2501//2501 2502//2502
f 2500//2500 2503//2503 2504//2504
f 2504//2504 2503//2503 2505//2505
f 2504//2504 2505//2505 2506//2506
f 2505//2505 2507//2507 2506//2506
f 2506//2506 2507//2507 2508//2508
f 2506//2506 2508//2508 2509//2509
f 2508//2508 2510//2510 2509//2509
f 2509//2509 2510//2510 2511//2511
f 2509//2509 2511//2511 2512//2512
f 2511//2511 2513//2513 2512//2512
f 2512//2512 2513//2513 2514//2514
f 2512//2512 2514//2514 2515//2515
f 2514//2514 2516//2516 2515//2515
f 2515//2515 2516//2516 2517//2517
f 2515//2515 2517//2517 2518//2518
f 2518//2518 2517//2517 2519//2519
f 2481//2481 2520//2520 2479//2479
f 2521//2521 2522//2522 2523//2523
f 2523//2523 2524//2524 2521//2521
f 2521//2521 2524//2524 2525//2525
f 2521//2521 2525//2525 2526//2526
f 2525//2525 2527//2527 2526//2526
f 2526//2526 2527//2527 2528//2528
f 2526//2526 2528//2528 2529//2529
f 2528//2528 2530//2530 2529//2529
f 2529//2529 2530//2530 2531//2531
f 2529//2529 2531//2531 2532//2532
f 2531//2531 2533//2533 2532//2532
f 2532//2532 2533//2533 2534//2534
f 2532//2532 2534//2534 2535//2535
f 2535//2535 2534//2534 2536//2536
f 2535//2535 2536//2536 2537//2537
f 2536//2536 2538//2538 2537//2537
f 2537//2537 2538//2538 2539//2539
f 2537//2537 2539//2539 2540//2540
f 2539//2539 2541//2541 2540//2540
f 2540//2540 2541//2541 2542//2542
f 2540//2540 2542//2542 2543//2543
f 2542//2542 2544//2544 2543//2543
f 2543//2543 2544//2544 2545//2545
f 2543//2543 2545//2545 2546//2546
f 2545//2545 2547//2547 2546//2546
f 2546//2546 2547//2547 2548//2548
f 2546//2546 2548//2548 2549//2549
f 2548//2548 2550//2550 2549//2549
f 2549//2549 2550//2550 2551//2551
f 2549//2549 2551//2551 2552//2552
f 2551//2551 2553//2553 2552//2552
f 2552//2552 2553//2553 2554//2554
f 2552//2552 2554//2554 2555//2555
f 2555//2555 2554//2554 2556//2556
f 2555//2555 2556//2556 2522//2522
f 2522//2522 2556//2556 2557//2557
f 2522//2522 2557//2557 2523//2523
f 2558//2558 2559//2559 2560//2560
f 2558//2558 2561//2561 2559//2559
f 2559//2559 2561//2561 2562//2562
f 2559//2559 2562//2562 2563//2563
f 2562//2562 2564//2564 2563//2563
f 2563//2563 2564//2564 2565//2565
f 2563//2563 2565//2565 2566//2566
f 2565//2565 2567//2567 2566//2566
f 2566//2566 2567//2567 2568//2568
f 2566//2566 2568//2568 2569//2569
f 2568//2568 2570//2570 2569//2569
f 2569//2569 2570//2570 2572//2572
f 2569//2569 2572//2572 2573//2573
f 2571//2571 2574//2574 2575//2575
f 2575//2575 2574//2574 2577//2577
f 2575//2575 2577//2577 2578//2578
f 2576//2576 2579//2579 2580//2580
f 2580//2580 2579//2579 2581//2581
f 2580//2580 2581//2581 2582//2582
f 2581//2581 2583//2583 2582//2582
f 2582//2582 2583//2583 2584//2584
f 2582//2582 2584//2584 2585//2585
f 2584//2584 2586//2586 2585//2585
f 2585//2585 2586//2586 2587//2587
f 2585//2585 2587//2587 2588//2588
f 2587//2587 2589//2589 2588//2588
f 2588//2588 2589//2589 2590//2590
f 2588//2588 2590//2590 2591//2591
f 2590//2590 2592//2592 2591//2591
f 2591//2591 2592//2592 2593//2593
f 2591//2591 2593//2593 2594//2594
f 2593//2593 2595//2595 2594//2594
f 2594//2594 2595//2595 2596//2596
f 2594//2594 2596//2596 2597//2597
f 2597//2597 2596//2596 2598//2598
f 2560//2560 2599//2599 2558//2558
f 2600//2600 2601//2601 2602//2602
f 2602//2602 2603//2603 2600//2600
f 2600//2600 2603//2603 2604//2604
f 2600//2600 2604//2604 2605//2605
f 2604//2604 2606//2606 2605//2605
f 2605//2605 2606//2606 2607//2607
f 2605//2605 2607//2607 2608//2608
f 2607//2607 2609//2609 2608//2608
f 2608//2608 2609//2609 2610//2610
f 2608//2608 2610//2610 2611//2611
f 2610//2610 2612//2612 2611//2611
f 2611//2611 2612//2612 2613//2613
f 2611//2611 2613//2613 2614//2614
f 2614//2614 2613//2613 2615//2615
f 2614//2614 2615//2615 2616//2616
f 2615//2615 2617//2617 2616//2616
f 2616//2616 2617//2617 2618//2618
f 2616//2616 2618//2618 2619//2619
f 2618//2618 2620//2620 2619//2619
f 2619//2619 2620//2620 2621//2621
f 2619//2619 2621//2621 2622//2622
f 2621//2621 2623//2623 2622//2622
f 2622//2622 2623//2623 2624//2624
f 2622//2622 2624//2624 2625//2625
f 2624//2624 2626//2626 2625//2625
f 2625//2625 2626//2626 2627//2627
f 2625//2625 2627//2627 2628//2628
f 2627//2627 2629//2629 2628//2628
f 2628//2628 2629//2629 2630//2630
f 2628//2628 2630//2630 2631//2631
f 2630//2630 2632//2632 2631//2631
f 2631//2631 2632//2632 2633//2633
f 2631//2631 2633//2633 2634//2634
f 2634//2634 2633//2633 2635//2635
f 2634//2634 2635//2635 2601//2601
f 2601//2601 2635//2635 2636//2636
f 2601//2601 2636//2636 2602//2602
f 2637//2637 2638//2638 2639//2639
f 2637//2637 2640//2640 2638//2638
f 2638//2638 2640//2640 2641//2641
f 2638//2638 2641//2641 2642//2642
f 2641//2641 2643//2643 2642//2642
f 2642//2642 2643//2643 2644//2644
f 2642//2642 2644//2644 2645//2645
f 2644//2644 2646//2646 2645//2645
f 2645//2645 2646//2646 2647//2647
f 2645//2645 2647//2647 2648//2648
f 2647//2647 2649//2649 2648//2648
f 2648//2648 2649//2649 2650//2650
f 2648//2648 2650//2650 2651//2651
f 2650//2650 2652//2652 2651//2651
f 2651//2651 2652//2652 2653//2653
f 2651//2651 2653//2653 2654//2654
f 2653//2653 2655//2655 2654//2654
f 2654//2654 2655//2655 2656//2656
f 2654//2654 2656//2656 2657//2657
f 2656//2656 2658//2658 2657//2657
f 2657//2657 2658//2658 2659//2659
f 2657//2657 2659//2659 2660//2660
f 2659//2659 2661//2661 2660//2660
f 2660//2660 2661//2661 2662//2662
f 2660//2660 2662//2662 2663//2663
f 2662//2662 2664//2664 2663//2663
f 2663//2663 2664//2664 2665//2665
f 2663//2663 2665//2665 2666//2666
f 2665//2665 2667//2667 2666//2666
f 2666//2666 2667//2667 2668//2668
f 2666//2666 2668//2668 2669//2669
f 2668//2668 2670//2670 2669//2669
f 2669//2669 2670//2670 2671//2671
f 2669//2669 2671//2671 2672//2672
f 2672//2672 2671//2671 2673//2673
f 2639//2639 2674//2674 2637//2637
f 2675//2675 2676//2676 2677//2677
f 2677//2677 2678//2678 2675//2675
f 2675//2675 2678//2678 2679//2679
f 2675//2675 2679//2679 2680//2680
f 2679//2679 2681//2681 2680//2680
f 2680//2680 2681//2681 2682//2682
f 2680//2680 2682//2682 2683//2683
f 2682//2682 2684//2684 2683//2683
f 2683//2683 2684//2684 2685//2685
f 2683//2683 2685//2685 2686//2686
f 2685//2685 2687//2687 2686//2686
f 2686//2686 2687//2687 2688//2688
f 2686//2686 2688//2688 2689//2689
f 2689//2689 2688//2688 2690//2690
f 2689//2689 2690//2690 2691//2691
f 2690//2690 2692//2692 2691//2691
f 2691//2691 2692//2692 2693//2693
f 2691//2691 2693//2693 2694//2694
f 2693//2693 2695//2695 2694//2694
f 2694//2694 2695//2695 2696//2696
f 2694//2694 2696//2696 2697//2697
f 2696//2696 2698//2698 2697//2697
f 2697//2697 2698//2698 2699//2699
f 2697//2697 2699//2699 2700//2700
f 2699//2699 2701//2701 2700//2700
f 2700//2700 2701//2701 2702//2702
f 2700//2700 2702//2702 2703//2703
f 2702//2702 2704//2704 2703//2703
f 2703//2703 2704//2704 2705//2705
f 2703//2703 2705//2705 2706//2706
f 2705//2705 2707//2707 2706//2706
f 2706//2706 2707//2707 2708//2708
f 2706//2706 2708//2708 2709//2709
f 2709//2709 2708//2708 2710//2710
f 2709//2709 2710//2710 2676//2676
f 2676//2676 2710//2710 2711//2711
f 2676//2676 2711//2711 2677//2677
f 2712//2712 2713//2713 2714//2714
f 2712//2712 2715//2715 2713//2713
f 2713//2713 2715//2715 2716//2716
f 2713//2713 2716//2716 2717//2717
f 2716//2716 2718//2718 2717//2717
f 2717//2717 2718//2718 2719//2719
f 2717//2717 2719//2719 2720//2720
f 2719//2719 2721//2721 2720//2720
f 2720//2720 2721//2721 2723//2723
f 2720//2720 2723//2723 2724//2724
f 2722//2722 2725//2725 2726//2726
f 2726//2726 2725//2725 2727//2727
f 2726//2726 2727//2727 2729//2729
f 2728//2728 2730//2730 2731//2731
f 2731//2731 2730//2730 2732//2732
f 2731//2731 2732//2732 2733//2733
f 2732//2732 2734//2734 2733//2733
f 2733//2733 2734//2734 2735//2735
f 2733//2733 2735//2735 2736//2736
f 2735//2735 2737//2737 2736//2736
f 2736//2736 2737//2737 2738//2738
f 2736//2736 2738//2738 2739//2739
f 2738//2738 2740//2740 2739//2739
f 2739//2739 2740//2740 2741//2741
f 2739//2739 2741//2741 2742//2742
f 2741//2741 2743//2743 2742//2742
f 2742//2742 2743//2743 2744//2744
f 2742//2742 2744//2744 2745//2745
f 2744//2744 2746//2746 2745//2745
f 2745//2745 2746//2746 2747//2747
f 2745//2745 2747//2747 2748//2748
f 2747//2747 2749//2749 2748//2748
f 2748//2748 2749//2749 2750//2750
f 2748//2748 2750//2750 2751//2751
f 2751//2751 2750//2750 2752//2752
f 2714//2714 2753//2753 2712//2712
f 2754//2754 2755//2755 2756//2756
f 2756//2756 2757//2757 2754//2754
f 2754//2754 2757//2757 2758//2758
f 2754//2754 2758//2758 2759//2759
f 2758//2758 2760//2760 2759//2759
f 2759//2759 2760//2760 2761//2761
f 2759//2759 2761//2761 2762//2762
f 2761//2761 2763//2763 2762//2762
f 2762//2762 2763//2763 2764//2764
f 2762//2762 2764//2764 2765//2765
f 2764//2764 2766//2766 2765//2765
f 2765//2765 2766//2766 2767//2767
f 2765//2765 2767//2767 2768//2768
f 2768//2768 2767//2767 2769//2769
f 2768//2768 2769//2769 2770//2770
f 2769//2769 2771//2771 2770//2770
f 2770//2770 2771//2771 2772//2772
f 2770//2770 2772//2772 2773//2773
f 2772//2772 2774//2774 2773//2773
f 2773//2773 2774//2774 2775//2775
f 2773//2773 2775//2775 2776//2776
f 2775//2775 2777//2777 2776//2776
f 2776//2776 2777//2777 2778//2778
f 2776//2776 2778//2778 2779//2779
f 2778//2778 2780//2780 2779//2779
f 2779//2779 2780//2780 2781//2781
f 2779//2779 2781//2781 2782//2782
f 2781//2781 2783//2783 2782//2782
f 2782//2782 2783//2783 2784//2784
f 2782//2782 2784//2784 2785//2785
f 2784//2784 2786//2786 2785//2785
f 2785//2785 2786//2786 2787//2787
f 2785//2785 2787//2787 2788//2788
f 2788//2788 2787//2787 2789//2789
f 2788//2788 2789//2789 2755//2755
f 2755//2755 2789//2789 2790//2790
f 2755//2755 2790//2790 2756//2756
f 2791//2791 2792//2792 2793//2793
f 2793//2793 2796//2796 2800//2800
f 2794//2794 2802//2802 2803//2803
f 2804//2804 2801//2801 2805//2805
f 2806//2806 2807//2807 2809//2809
f 2810//2810 2808//2808 2798//2798
f 2811//2811 2797//2797 2813//2813
f 2812//2812 2799//2799 2795//2795
f 2814//2814 2815//2815 2817//2817
f 2818//2818 2816//2816 2819//2819
f 2818//2818 2819//2819 2820//2820
f 2821//2821 2822//2822 2823//2823
f 2823//2823 2822//2822 2824//2824
f 2823//2823 2824//2824 2825//2825
f 2823//2823 2825//2825 2826//2826
f 2826//2826 2825//2825 2827//2827
f 2828//2828 2829//2829 2830//2830
f 2830//2830 2829//2829 2831//2831
f 2832//2832 2834//2834 2835//2835
f 2836//2836 2833//2833 2837//2837
f 2838//2838 2840//2840 2841//2841
f 2842//2842 2839//2839 2843//2843
f 2844//2844 2845//2845 2847//2847
f 2848//2848 2846//2846 2849//2849
f 2850//2850 2852//2852 2853//2853
f 2819//2819 2851//2851 2820//2820
f 2854//2854 2855//2855 2856//2856
f 2856//2856 2855//2855 2857//2857
f 2856//2856 2857//2857 2858//2858
f 2859//2859 2860//2860 2861//2861
f 2859//2859 2861//2861 2862//2862
f 2862//2862 2861//2861 2863//2863
f 2862//2862 2863//2863 2864//2864
f 2865//2865 2866//2866 2867//2867
f 2867//2867 2866//2866 2868//2868
f 2867//2867 2868//2868 2869//2869
f 2870//2870 2871//2871 2872//2872
f 2870//2870 2872//2872 2873//2873
f 2873//2873 2872//2872 2874//2874
f 2873//2873 2874//2874 2875//2875
f 2876//2876 2877//2877 2879//2879
f 2877//2877 2882//2882 2879//2879
f 2878//2878 2881//2881 2884//2884
f 2879//2879 2883//2883 2885//2885
f 2880//2880 2886//2886 2892//2892
f 2891//2891 2894//2894 2896//2896
f 2898//2898 2876//2876 2899//2899
f 2899//2899 2876//2876 2901//2901
f 2899//2899 2901//2901 2902//2902
f 2903//2903 2905//2905 2887//2887
f 2888//2888 2904//2904 2906//2906
f 2887//2887 2907//2907 2893//2893
f 2876//2876 2879//2879 2901//2901
f 2901//2901 2879//2879 2893//2893
f 2900//2900 2889//2889 2909//2909
f 2908//2908 2890//2890 2897//2897
f 2910//2910 2895//2895 2911//2911
f 2866//2866 2865//2865 2912//2912
f 2866//2866 2912//2912 2913//2913
f 2913//2913 2912//2912 2914//2914
f 2913//2913 2914//2914 2915//2915
f 2916//2916 2918//2918 2919//2919
f 2917//2917 2920//2920 2921//2921
f 2922//2922 2923//2923 2875//2875
f 2922//2922 2875//2875 2874//2874
f 2872//2872 2871//2871 2924//2924
f 2872//2872 2924//2924 2925//2925
f 2926//2926 2927//2927 2928//2928
f 2926//2926 2928//2928 2929//2929
f 2929//2929 2928//2928 2930//2930
f 2929//2929 2930//2930 2931//2931
f 2932//2932 2933//2933 2855//2855
f 2932//2932 2855//2855 2854//2854
f 2856//2856 2858//2858 2934//2934
f 2856//2856 2934//2934 2935//2935
f 2936//2936 2938//2938 2939//2939
f 2937//2937 2940//2940 2941//2941
f 2942//2942 2943//2943 2860//2860
f 2942//2942 2860//2860 2859//2859
f 2862//2862 2864//2864 2944//2944
f 2862//2862 2944//2944 2946//2946
f 2946//2946 2944//2944 2947//2947
f 2945//2945 2948//2948 2949//2949
f 2949//2949 2948//2948 2950//2950
f 2949//2949 2950//2950 2951//2951
f 2952//2952 2953//2953 2869//2869
f 2952//2952 2869//2869 2868//2868
f 2954//2954 2955//2955 2956//2956
f 2954//2954 2956//2956 2957//2957
f 2957//2957 2956//2956 2958//2958
f 2957//2957 2958//2958 2959//2959
f 2959//2959 2958//2958 2960//2960
f 2959//2959 2960//2960 2961//2961
f 2961//2961 2960//2960 2962//2962
f 2961//2961 2962//2962 2963//2963
f 2964//2964 2965//2965 2962//2962
f 2962//2962 2965//2965 2963//2963
f 2966//2966 2967//2967 2954//2954
f 2954//2954 2967//2967 2955//2955
f 2965//2965 2964//2964 2968//2968
f 2965//2965 2968//2968 2969//2969
f 2969//2969 2968//2968 2970//2970
f 2969//2969 2970//2970 2971//2971
f 2971//2971 2970//2970 2972//2972
f 2971//2971 2972//2972 2973//2973
f 2974//2974 2975//2975 2976//2976
f 2974//2974 2976//2976 2977//2977
f 2977//2977 2976//2976 2978//2978
f 2977//2977 2978//2978 2979//2979
f 2979//2979 2978//2978 2980//2980
f 2979//2979 2980//2980 2981//2981
f 2981//2981 2980//2980 2967//2967
f 2981//2981 2967//2967 2966//2966
f 2982//2982 2983//2983 2972//2972
f 2972//2972 2983//2983 2973//2973
f 2984//2984 2985//2985 2974//2974
f 2974//2974 2985//2985 2975//2975
f 2983//2983 2982//2982 2986//2986
f 2983//2983 2986//2986 2987//2987
f 2987//2987 2986//2986 2988//2988
f 2987//2987 2988//2988 2989//2989
f 2989//2989 2988//2988 2990//2990
f 2989//2989 2990//2990 2991//2991
f 2991//2991 2990//2990 2985//2985
f 2991//2991 2985//2985 2984//2984
f 2992//2992 2993//2993 2995//2995
f 2996//2996 2994//2994 2997//2997
f 2998//2998 3000//3000 3001//3001
f 3002//3002 2999//2999 3003//3003
f 3004//3004 3005//3005 3008//3008
f 3007//3007 3006//3006 3009//3009
f 3010//3010 3011//3011 3014//3014
f 3013//3013 3012//3012 3015//3015
f 3016//3016 3018//3018 3020//3020
f 3019//3019 3017//3017 3021//3021
f 3022//3022 3024//3024 3025//3025
f 3026//3026 3023//3023 3027//3027
f 3028//3028 3030//3030 3032//3032
f 3031//3031 3029//3029 3033//3033
f 3034//3034 3035//3035 3037//3037
f 3038//3038 3036//3036 3039//3039
f 3040//3040 3041//3041 3043//3043
f 3044//3044 3042//3042 3045//3045
f 3046//3046 3048//3048 3049//3049
f 3050//3050 3047//3047 3051//3051
f 3052//3052 3054//3054 3056//3056
f 3055//3055 3053//3053 3057//3057
f 3058//3058 3060//3060 3062//3062
f 3061//3061 3059//3059 3063//3063
f 3064//3064 3065//3065 3066//3066
f 3066//3066 3065//3065 3067//3067
f 3066//3066 3067//3067 3068//3068
f 3068//3068 3067//3067 3069//3069
f 3068//3068 3069//3069 3070//3070
f 3070//3070 3069//3069 3071//3071
f 3070//3070 3071//3071 3072//3072
f 3072//3072 3071//3071 3073//3073
f 3072//3072 3073//3073 3074//3074
f 3074//3074 3073//3073 3075//3075
f 3074//3074 3075//3075 3076//3076
f 3076//3076 3075//3075 3077//3077
f 3076//3076 3077//3077 3078//3078
f 3078//3078 3077//3077 3079//3079
f 3078//3078 3079//3079 3080//3080
f 3080//3080 3079//3079 3081//3081
f 3080//3080 3081//3081 3082//3082
f 3082//3082 3081//3081 3083//3083
f 3082//3082 3083//3083 3084//3084
f 3084//3084 3083//3083 3085//3085
f 3084//3084 3085//3085 3086//3086
f 3086//3086 3085//3085 3087//3087
f 3086//3086 3087//3087 3064//3064
f 3064//3064 3087//3087 3065//3065

