# https://github.com/mikedh/trimesh
v -0.01342600 0.01321700 0.04700000
v -0.00227100 0.00196000 0.04700000
v -0.01059000 0.01558200 0.04700000
v -0.00098700 0.00283300 0.04700000
v -0.00734600 0.01734900 0.04700000
v 0.01321700 0.01342600 0.04700000
v 0.00196000 0.00227100 0.04700000
v 0.01558200 0.01059000 0.04700000
v 0.00283300 0.00098700 0.04700000
v -0.00382000 0.01844800 0.04700000
v 0.00056200 0.00294700 0.04700000
v -0.00014800 0.01883900 0.04700000
v 0.01034300 0.01574600 0.04700000
v 0.00707300 0.01746200 0.04700000
v 0.00353000 0.01850600 0.04700000
v -0.00353000 -0.01850600 0.04700000
v -0.00056200 -0.00294700 0.04700000
v -0.00707300 -0.01746200 0.04700000
v -0.00196000 -0.00227100 0.04700000
v -0.01034300 -0.01574600 0.04700000
v -0.01321700 -0.01342600 0.04700000
v -0.01558200 -0.01059000 0.04700000
v -0.00283300 -0.00098700 0.04700000
v -0.01734900 -0.00734600 0.04700000
v -0.01844800 -0.00382000 0.04700000
v -0.00294700 0.00056200 0.04700000
v -0.01883900 -0.00014800 0.04700000
v -0.01574600 0.01034300 0.04700000
v -0.01746200 0.00707300 0.04700000
v -0.01850600 0.00353000 0.04700000
v 0.01850600 -0.00353000 0.04700000
v 0.01883900 0.00014800 0.04700000
v 0.00294700 -0.00056200 0.04700000
v 0.01844800 0.00382000 0.04700000
v 0.01734900 0.00734600 0.04700000
v 0.00227100 -0.00196000 0.04700000
v 0.00098700 -0.00283300 0.04700000
v 0.01059000 -0.01558200 0.04700000
v 0.00014800 -0.01883900 0.04700000
v 0.00382000 -0.01844800 0.04700000
v 0.00734600 -0.01734900 0.04700000
v 0.01342600 -0.01321700 0.04700000
v 0.01574600 -0.01034300 0.04700000
v 0.01746200 -0.00707300 0.04700000
v 0.01933600 -0.00368900 0.04718700
v 0.01968400 0.00015500 0.04718700
v 0.01927600 0.00399200 0.04718700
v 0.01812700 0.00767600 0.04718700
v 0.01628100 0.01106500 0.04718700
v 0.01381000 0.01402800 0.04718700
v 0.01080800 0.01645300 0.04718700
v 0.00739000 0.01824500 0.04718700
v 0.00368900 0.01933600 0.04718700
v -0.00015500 0.01968400 0.04718700
v -0.00399200 0.01927600 0.04718700
v -0.00767600 0.01812700 0.04718700
v -0.01106500 0.01628100 0.04718700
v -0.01402800 0.01381000 0.04718700
v -0.01645300 0.01080800 0.04718700
v -0.01824500 0.00739000 0.04718700
v -0.01933600 0.00368900 0.04718700
v -0.01968400 -0.00015500 0.04718700
v -0.01927600 -0.00399200 0.04718700
v -0.01812700 -0.00767600 0.04718700
v -0.01628100 -0.01106500 0.04718700
v -0.01381000 -0.01402800 0.04718700
v -0.01080800 -0.01645300 0.04718700
v -0.00739000 -0.01824500 0.04718700
v -0.00368900 -0.01933600 0.04718700
v 0.00015500 -0.01968400 0.04718700
v 0.00399200 -0.01927600 0.04718700
v 0.00767600 -0.01812700 0.04718700
v 0.01106500 -0.01628100 0.04718700
v 0.01402800 -0.01381000 0.04718700
v 0.01645300 -0.01080800 0.04718700
v 0.01824500 -0.00739000 0.04718700
v 0.02209700 0.00017400 0.04831300
v 0.02163900 0.00448100 0.04831300
v 0.02034900 0.00861700 0.04831300
v 0.01827700 0.01242100 0.04831300
v 0.01550300 0.01574800 0.04831300
v 0.01213200 0.01847000 0.04831300
v 0.00829600 0.02048200 0.04831300
v 0.00414100 0.02170700 0.04831300
v -0.00017400 0.02209700 0.04831300
v -0.00448100 0.02163900 0.04831300
v -0.00861700 0.02034900 0.04831300
v -0.01242100 0.01827700 0.04831300
v -0.01574800 0.01550300 0.04831300
v -0.01847000 0.01213200 0.04831300
v -0.02048200 0.00829600 0.04831300
v -0.02170700 0.00414100 0.04831300
v -0.02209700 -0.00017400 0.04831300
v -0.02163900 -0.00448100 0.04831300
v -0.02034900 -0.00861700 0.04831300
v -0.01827700 -0.01242100 0.04831300
v -0.01550300 -0.01574800 0.04831300
v -0.01213200 -0.01847000 0.04831300
v -0.00829600 -0.02048200 0.04831300
v -0.00414100 -0.02170700 0.04831300
v 0.00017400 -0.02209700 0.04831300
v 0.00448100 -0.02163900 0.04831300
v 0.00861700 -0.02034900 0.04831300
v 0.01242100 -0.01827700 0.04831300
v 0.01574800 -0.01550300 0.04831300
v 0.01847000 -0.01213200 0.04831300
v 0.02048200 -0.00829600 0.04831300
v 0.02170700 -0.00414100 0.04831300
v 0.02294300 0.00018000 0.04850000
v 0.02246700 0.00465300 0.04850000
v 0.02112700 0.00894600 0.04850000
v 0.01897600 0.01289600 0.04850000
v 0.01609500 0.01635000 0.04850000
v 0.01259600 0.01917600 0.04850000
v 0.00861300 0.02126500 0.04850000
v 0.00429900 0.02253700 0.04850000
v -0.00018000 0.02294300 0.04850000
v -0.00465300 0.02246700 0.04850000
v -0.00894600 0.02112700 0.04850000
v -0.01289600 0.01897600 0.04850000
v -0.01635000 0.01609500 0.04850000
v -0.01917600 0.01259600 0.04850000
v -0.02126500 0.00861300 0.04850000
v -0.02253700 0.00429900 0.04850000
v -0.02294300 -0.00018000 0.04850000
v -0.02246700 -0.00465300 0.04850000
v -0.02112700 -0.00894600 0.04850000
v -0.01897600 -0.01289600 0.04850000
v -0.01609500 -0.01635000 0.04850000
v -0.01259600 -0.01917600 0.04850000
v -0.00861300 -0.02126500 0.04850000
v -0.00429900 -0.02253700 0.04850000
v 0.00018000 -0.02294300 0.04850000
v 0.00465300 -0.02246700 0.04850000
v 0.00894600 -0.02112700 0.04850000
v 0.01289600 -0.01897600 0.04850000
v 0.01635000 -0.01609500 0.04850000
v 0.01917600 -0.01259600 0.04850000
v 0.02126500 -0.00861300 0.04850000
v 0.02253700 -0.00429900 0.04850000
v 0.01585500 -0.01944000 0.04850000
v 0.01899000 -0.01639200 0.04850000
v 0.02154800 -0.01284500 0.04850000
v 0.02345100 -0.00890800 0.04850000
v 0.02464100 -0.00470100 0.04850000
v 0.02508300 -0.00035000 0.04850000
v 0.02476300 0.00401100 0.04850000
v 0.02369000 0.00825000 0.04850000
v -0.01944000 -0.01585500 0.04850000
v -0.01639200 -0.01899000 0.04850000
v -0.01284500 -0.02154800 0.04850000
v -0.00890800 -0.02345100 0.04850000
v -0.00470100 -0.02464100 0.04850000
v -0.00035000 -0.02508300 0.04850000
v 0.00401100 -0.02476300 0.04850000
v 0.00825000 -0.02369000 0.04850000
v 0.01223800 -0.02189800 0.04850000
v -0.01585500 0.01944000 0.04850000
v -0.01899000 0.01639200 0.04850000
v -0.02154800 0.01284500 0.04850000
v -0.02345100 0.00890800 0.04850000
v -0.02464100 0.00470100 0.04850000
v -0.02508300 0.00035000 0.04850000
v -0.02476300 -0.00401100 0.04850000
v -0.02369000 -0.00825000 0.04850000
v -0.02189800 -0.01223800 0.04850000
v 0.02189800 0.01223800 0.04850000
v 0.01944000 0.01585500 0.04850000
v 0.01639200 0.01899000 0.04850000
v 0.01284500 0.02154800 0.04850000
v 0.00890800 0.02345100 0.04850000
v 0.00470100 0.02464100 0.04850000
v 0.00035000 0.02508300 0.04850000
v -0.00401100 0.02476300 0.04850000
v -0.00825000 0.02369000 0.04850000
v -0.01223800 0.02189800 0.04850000
v 0.02546600 -0.00035600 0.04842400
v 0.02514100 0.00407200 0.04842400
v 0.02405200 0.00837600 0.04842400
v 0.02223200 0.01242500 0.04842400
v 0.01973700 0.01609700 0.04842400
v 0.01664200 0.01927900 0.04842400
v 0.01304100 0.02187600 0.04842400
v 0.00904400 0.02380900 0.04842400
v 0.00477200 0.02501700 0.04842400
v 0.00035600 0.02546600 0.04842400
v -0.00407200 0.02514100 0.04842400
v -0.00837600 0.02405200 0.04842400
v -0.01242500 0.02223200 0.04842400
v -0.01609700 0.01973700 0.04842400
v -0.01927900 0.01664200 0.04842400
v -0.02187600 0.01304100 0.04842400
v -0.02380900 0.00904400 0.04842400
v -0.02501700 0.00477200 0.04842400
v -0.02546600 0.00035600 0.04842400
v -0.02514100 -0.00407200 0.04842400
v -0.02405200 -0.00837600 0.04842400
v -0.02223200 -0.01242500 0.04842400
v -0.01973700 -0.01609700 0.04842400
v -0.01664200 -0.01927900 0.04842400
v -0.01304100 -0.02187600 0.04842400
v -0.00904400 -0.02380900 0.04842400
v -0.00477200 -0.02501700 0.04842400
v -0.00035600 -0.02546600 0.04842400
v 0.00407200 -0.02514100 0.04842400
v 0.00837600 -0.02405200 0.04842400
v 0.01242500 -0.02223200 0.04842400
v 0.01609700 -0.01973700 0.04842400
v 0.01927900 -0.01664200 0.04842400
v 0.02187600 -0.01304100 0.04842400
v 0.02380900 -0.00904400 0.04842400
v 0.02501700 -0.00477200 0.04842400
v 0.03542000 0.00327100 0.04700000
v 0.03542000 0.00327100 0.04700000
v 0.03542000 0.00327100 0.04700000
v 0.03541100 0.00327300 0.04700000
v 0.03537600 0.00327200 0.04700000
v 0.03537600 0.00327200 0.04700000
v 0.03537600 0.00327200 0.04700000
v 0.03496200 0.00078700 0.04700000
v 0.03496200 0.00078700 0.04700000
v 0.03496200 0.00078700 0.04700000
v 0.03496200 0.00078700 0.04700000
v 0.03342400 0.00200000 0.04700000
v 0.03342400 0.00200000 0.04700000
v 0.03221900 0.00222000 0.04700000
v 0.03221900 0.00222000 0.04700000
v 0.03221900 0.00222000 0.04700000
v 0.03499300 0.00073200 0.04700000
v 0.03499300 0.00073200 0.04700000
v 0.03498700 0.00075500 0.04700000
v 0.03340700 0.00209100 0.04700000
v 0.03340700 0.00209100 0.04700000
v 0.03224700 0.00236200 0.04700000
v 0.03224700 0.00236200 0.04700000
v 0.03224700 0.00236200 0.04700000
v 0.03221500 0.00234500 0.04700000
v 0.03221500 0.00234500 0.04700000
v 0.03221500 0.00234500 0.04700000
v 0.03341800 0.00210500 0.04700000
v 0.03341800 0.00210500 0.04700000
v 0.03344900 0.00212300 0.04700000
v 0.03344900 0.00212300 0.04700000
v 0.03537600 0.00327200 0.04700000
v 0.03531900 0.00266500 0.04700000
v 0.03531900 0.00266500 0.04700000
v 0.03499200 0.00070400 0.04700000
v 0.03499200 0.00070400 0.04700000
v 0.03499200 0.00070400 0.04700000
v 0.03221900 0.00222000 0.04700000
v 0.03221900 0.00222000 0.04700000
v 0.03490900 0.00026800 0.04700000
v 0.03490900 0.00026800 0.04700000
v 0.03490900 0.00026800 0.04700000
v 0.03490900 0.00026800 0.04700000
v 0.03490900 0.00026800 0.04700000
v 0.03478400 0.00022000 0.04700000
v 0.03478400 0.00022000 0.04700000
v 0.03482000 0.00020400 0.04700000
v 0.03482000 0.00020400 0.04700000
v 0.03340400 0.00202500 0.04700000
v 0.03340400 0.00202500 0.04700000
v 0.03339700 0.00205800 0.04700000
v 0.03219400 0.00225100 0.04700000
v 0.03218900 0.00227300 0.04700000
v 0.03218900 0.00227300 0.04700000
v 0.03219300 0.00231200 0.04700000
v 0.03535000 0.00268200 0.04700000
v 0.03535000 0.00268200 0.04700000
v 0.03536100 0.00269300 0.04700000
v 0.03537900 0.00273300 0.04700000
v 0.03537900 0.00273300 0.04700000
v 0.03546700 0.00318900 0.04700000
v 0.03546700 0.00318900 0.04700000
v 0.03546700 0.00318900 0.04700000
v 0.03546600 0.00322100 0.04700000
v 0.03544900 0.00325100 0.04700000
v 0.03544900 0.00325100 0.04700000
v 0.03486000 0.00020900 0.04700000
v 0.03486000 0.00020900 0.04700000
v 0.03488700 0.00022600 0.04700000
v 0.03488700 0.00022600 0.04700000
v 0.03489300 0.00023200 0.04700000
v 0.03093900 -0.00383200 0.04700000
v 0.03097700 -0.00388200 0.04700000
v 0.03097700 -0.00388200 0.04700000
v 0.03092800 -0.00377100 0.04700000
v 0.03092800 -0.00377100 0.04700000
v 0.03103400 -0.00390800 0.04700000
v 0.03103400 -0.00390800 0.04700000
v 0.03103400 -0.00390800 0.04700000
v 0.03093000 -0.00375500 0.04700000
v 0.03098600 -0.00346200 0.04700000
v 0.03098600 -0.00346200 0.04700000
v 0.03098600 -0.00346200 0.04700000
v 0.03098600 -0.00346200 0.04700000
v 0.03408200 -0.00397700 0.04700000
v 0.03404400 -0.00392700 0.04700000
v 0.03409300 -0.00403800 0.04700000
v 0.03409300 -0.00403800 0.04700000
v 0.03398600 -0.00390100 0.04700000
v 0.03398600 -0.00390100 0.04700000
v 0.03398600 -0.00390100 0.04700000
v 0.03409000 -0.00405400 0.04700000
v 0.03409000 -0.00405400 0.04700000
v 0.03409000 -0.00405400 0.04700000
v 0.03409000 -0.00405400 0.04700000
v 0.03113900 -0.00335800 0.04700000
v 0.03113900 -0.00335800 0.04700000
v 0.03113900 -0.00335800 0.04700000
v 0.03113900 -0.00335800 0.04700000
v 0.03395800 -0.00444300 0.04700000
v 0.03400800 -0.00440400 0.04700000
v 0.03400800 -0.00440400 0.04700000
v 0.03389800 -0.00445400 0.04700000
v 0.03389800 -0.00445400 0.04700000
v 0.03403400 -0.00434800 0.04700000
v 0.03403400 -0.00434800 0.04700000
v 0.03403400 -0.00434800 0.04700000
v 0.03388100 -0.00445200 0.04700000
v 0.03388100 -0.00445200 0.04700000
v 0.03112300 -0.00335600 0.04700000
v 0.03112300 -0.00335600 0.04700000
v 0.03112300 -0.00335600 0.04700000
v 0.03101300 -0.00340400 0.04700000
v 0.03101300 -0.00340400 0.04700000
v 0.03106300 -0.00336600 0.04700000
v 0.03056900 -0.00867200 0.04700000
v 0.03056900 -0.00867200 0.04700000
v 0.03058400 -0.00864600 0.04700000
v 0.03058400 -0.00864600 0.04700000
v 0.03010600 -0.00814000 0.04700000
v 0.03010600 -0.00814000 0.04700000
v 0.03010600 -0.00814000 0.04700000
v 0.03010600 -0.00814000 0.04700000
v 0.03010600 -0.00814000 0.04700000
v 0.03127400 -0.00876000 0.04700000
v 0.03127400 -0.00876000 0.04700000
v 0.03129000 -0.00878600 0.04700000
v 0.03129000 -0.00878600 0.04700000
v 0.03129000 -0.00878600 0.04700000
v 0.03129000 -0.00878600 0.04700000
v 0.03187700 -0.00887200 0.04700000
v 0.03187700 -0.00887200 0.04700000
v 0.03187700 -0.00887200 0.04700000
v 0.03187700 -0.00887200 0.04700000
v 0.03253000 -0.00898900 0.04700000
v 0.03255600 -0.00900500 0.04700000
v 0.03255600 -0.00900500 0.04700000
v 0.03255600 -0.00900500 0.04700000
v 0.03255600 -0.00900500 0.04700000
v 0.03255600 -0.00900500 0.04700000
v 0.03304000 -0.00851600 0.04700000
v 0.03304000 -0.00851600 0.04700000
v 0.03304000 -0.00851600 0.04700000
v 0.03061000 -0.00863000 0.04700000
v 0.03031800 -0.00799600 0.04700000
v 0.03031800 -0.00799600 0.04700000
v 0.03031800 -0.00799600 0.04700000
v 0.03252200 -0.00898700 0.04700000
v 0.03252200 -0.00898700 0.04700000
v 0.03014400 -0.00806000 0.04700000
v 0.03021300 -0.00800800 0.04700000
v 0.03021300 -0.00800800 0.04700000
v 0.03021300 -0.00800800 0.04700000
v 0.03029600 -0.00799300 0.04700000
v 0.03129200 -0.00881700 0.04700000
v 0.03129200 -0.00881700 0.04700000
v 0.03183600 -0.00891300 0.04700000
v 0.03183600 -0.00891300 0.04700000
v 0.03183600 -0.00891300 0.04700000
v 0.03185100 -0.00888800 0.04700000
v 0.03185100 -0.00888800 0.04700000
v 0.03312700 -0.00855500 0.04700000
v 0.03318300 -0.00863000 0.04700000
v 0.03318300 -0.00863000 0.04700000
v 0.03318300 -0.00863000 0.04700000
v 0.03319900 -0.00872000 0.04700000
v 0.03319900 -0.00872000 0.04700000
v 0.03319600 -0.00874400 0.04700000
v 0.03319600 -0.00874400 0.04700000
v 0.03319600 -0.00874400 0.04700000
v 0.03064200 -0.00862900 0.04700000
v 0.03064200 -0.00862900 0.04700000
v 0.03124100 -0.00874300 0.04700000
v 0.03124100 -0.00874300 0.04700000
v 0.03124900 -0.00874500 0.04700000
v 0.03124900 -0.00874500 0.04700000
v 0.03124900 -0.00874500 0.04700000
v 0.03190900 -0.00887000 0.04700000
v 0.03190900 -0.00887000 0.04700000
v 0.03274100 -0.01072900 0.04700000
v 0.03280600 -0.01067900 0.04700000
v 0.03266100 -0.01074300 0.04700000
v 0.03284100 -0.01060400 0.04700000
v 0.03264000 -0.01074100 0.04700000
v 0.03238900 -0.01069300 0.04700000
v 0.03229800 -0.01062000 0.04700000
v 0.03233400 -0.01066700 0.04700000
v 0.03228800 -0.01056200 0.04700000
v 0.03229000 -0.01054700 0.04700000
v 0.03257300 -0.00906200 0.04700000
v 0.03257200 -0.00903100 0.04700000
v 0.03257200 -0.00903100 0.04700000
v 0.03021800 -0.01026000 0.04700000
v 0.03025900 -0.01022800 0.04700000
v 0.03025900 -0.01022800 0.04700000
v 0.03016900 -0.01026900 0.04700000
v 0.03016900 -0.01026900 0.04700000
v 0.03016900 -0.01026900 0.04700000
v 0.03028000 -0.01018200 0.04700000
v 0.03028000 -0.01018200 0.04700000
v 0.03028000 -0.01018200 0.04700000
v 0.03028000 -0.01018200 0.04700000
v 0.03028000 -0.01018200 0.04700000
v 0.03015600 -0.01026700 0.04700000
v 0.03015600 -0.01026700 0.04700000
v 0.02989300 -0.01021700 0.04700000
v 0.02989300 -0.01021700 0.04700000
v 0.02989300 -0.01021700 0.04700000
v 0.02976300 -0.01011300 0.04700000
v 0.02981400 -0.01018000 0.04700000
v 0.02974900 -0.01003100 0.04700000
v 0.02975200 -0.01000900 0.04700000
v 0.02975200 -0.01000900 0.04700000
v 0.02975200 -0.01000900 0.04700000
v 0.03056700 -0.00867900 0.04700000
v 0.03056700 -0.00867900 0.04700000
v 0.03147700 -0.01049700 0.04700000
v 0.03152500 -0.01046000 0.04700000
v 0.03141800 -0.01050700 0.04700000
v 0.03155100 -0.01040400 0.04700000
v 0.03140300 -0.01050500 0.04700000
v 0.03140300 -0.01050500 0.04700000
v 0.03183400 -0.00892100 0.04700000
v 0.03183400 -0.00892100 0.04700000
v 0.03101300 -0.01038100 0.04700000
v 0.03104500 -0.01042300 0.04700000
v 0.03104500 -0.01042300 0.04700000
v 0.03100400 -0.01033000 0.04700000
v 0.03100400 -0.01033000 0.04700000
v 0.03109400 -0.01044600 0.04700000
v 0.03109400 -0.01044600 0.04700000
v 0.03100600 -0.01031700 0.04700000
v 0.03102100 -0.01230800 0.04700000
v 0.03102100 -0.01230800 0.04700000
v 0.03113100 -0.01223300 0.04700000
v 0.03113100 -0.01223300 0.04700000
v 0.03093600 -0.01206400 0.04700000
v 0.03093600 -0.01206400 0.04700000
v 0.03093600 -0.01206400 0.04700000
v 0.03093600 -0.01206400 0.04700000
v 0.03093600 -0.01206400 0.04700000
v 0.03119000 -0.01211200 0.04700000
v 0.03119000 -0.01211200 0.04700000
v 0.03118000 -0.01197900 0.04700000
v 0.03069100 -0.01214900 0.04700000
v 0.03076700 -0.01225900 0.04700000
v 0.03088700 -0.01231800 0.04700000
v 0.03088700 -0.01231800 0.04700000
v 0.03085100 -0.01181900 0.04700000
v 0.03085100 -0.01181900 0.04700000
v 0.03074000 -0.01189500 0.04700000
v 0.03068100 -0.01201500 0.04700000
v 0.03110400 -0.01186800 0.04700000
v 0.03098400 -0.01181000 0.04700000
v 0.03098400 -0.01181000 0.04700000
v 0.03185200 -0.01326200 0.04700000
v 0.03185200 -0.01326200 0.04700000
v 0.03185200 -0.01326200 0.04700000
v 0.03185200 -0.01326200 0.04700000
v 0.03058500 -0.01402200 0.04700000
v 0.03058500 -0.01402200 0.04700000
v 0.03058500 -0.01402200 0.04700000
v 0.03058500 -0.01402200 0.04700000
v 0.03092900 -0.01447800 0.04700000
v 0.03092900 -0.01447800 0.04700000
v 0.03092900 -0.01447800 0.04700000
v 0.03092900 -0.01447800 0.04700000
v 0.03092900 -0.01447800 0.04700000
v 0.03044600 -0.01476800 0.04700000
v 0.03044600 -0.01476800 0.04700000
v 0.03044600 -0.01476800 0.04700000
v 0.03010200 -0.01431100 0.04700000
v 0.03010200 -0.01431100 0.04700000
v 0.03010200 -0.01431100 0.04700000
v 0.02918000 -0.01552800 0.04700000
v 0.02918000 -0.01552800 0.04700000
v 0.02889600 -0.01503400 0.04700000
v 0.02889600 -0.01503400 0.04700000
v 0.02889600 -0.01503400 0.04700000
v 0.02906000 -0.01556400 0.04700000
v 0.02906000 -0.01556400 0.04700000
v 0.02882100 -0.01509800 0.04700000
v 0.02882100 -0.01509800 0.04700000
v 0.02882100 -0.01509800 0.04700000
v 0.02882100 -0.01509800 0.04700000
v 0.02895900 -0.01555200 0.04700000
v 0.02895900 -0.01555200 0.04700000
v 0.03178900 -0.01557600 0.04700000
v 0.03178900 -0.01557600 0.04700000
v 0.03178900 -0.01557600 0.04700000
v 0.03130900 -0.01588000 0.04700000
v 0.03139900 -0.01598400 0.04700000
v 0.03213600 -0.01375600 0.04700000
v 0.03213600 -0.01375600 0.04700000
v 0.03215100 -0.01374600 0.04700000
v 0.03215100 -0.01374600 0.04700000
v 0.03198200 -0.01322500 0.04700000
v 0.03215100 -0.01374600 0.04700000
v 0.03202600 -0.01322700 0.04700000
v 0.03202600 -0.01322700 0.04700000
v 0.03010200 -0.01431100 0.04700000
v 0.03010200 -0.01431100 0.04700000
v 0.02924300 -0.01321300 0.04700000
v 0.02924300 -0.01321300 0.04700000
v 0.02924300 -0.01321300 0.04700000
v 0.03150900 -0.01603100 0.04700000
v 0.03150900 -0.01603100 0.04700000
v 0.03154100 -0.01603500 0.04700000
v 0.03154100 -0.01603500 0.04700000
v 0.03154100 -0.01603500 0.04700000
v 0.03154100 -0.01603500 0.04700000
v 0.03184000 -0.01568300 0.04700000
v 0.03184000 -0.01568300 0.04700000
v 0.02876200 -0.01522200 0.04700000
v 0.02876900 -0.01536300 0.04700000
v 0.02876900 -0.01536300 0.04700000
v 0.02884000 -0.01548100 0.04700000
v 0.02884000 -0.01548100 0.04700000
v 0.03167300 -0.01601400 0.04700000
v 0.03178200 -0.01593300 0.04700000
v 0.03178200 -0.01593300 0.04700000
v 0.03154100 -0.01603500 0.04700000
v 0.03184300 -0.01580400 0.04700000
v 0.03184300 -0.01580400 0.04700000
v 0.03224400 -0.01338000 0.04700000
v 0.03215400 -0.01327700 0.04700000
v 0.03215400 -0.01327700 0.04700000
v 0.03227600 -0.01351900 0.04700000
v 0.03227600 -0.01351900 0.04700000
v 0.03227600 -0.01351900 0.04700000
v 0.03224200 -0.01364400 0.04700000
v 0.02935800 -0.01277600 0.04700000
v 0.02924900 -0.01285700 0.04700000
v 0.02924900 -0.01285700 0.04700000
v 0.02949400 -0.01275500 0.04700000
v 0.02949400 -0.01275500 0.04700000
v 0.02918800 -0.01298700 0.04700000
v 0.02961800 -0.01279600 0.04700000
v 0.02919100 -0.01310600 0.04700000
v 0.02970500 -0.01288000 0.04700000
v 0.02972200 -0.01290900 0.04700000
v 0.02972200 -0.01290900 0.04700000
v 0.03298600 -0.00602300 0.04700000
v 0.03298600 -0.00602300 0.04700000
v 0.03306300 -0.00607000 0.04700000
v 0.03306300 -0.00607000 0.04700000
v 0.03360300 -0.00556800 0.04700000
v 0.03360300 -0.00556800 0.04700000
v 0.03360300 -0.00556800 0.04700000
v 0.03368900 -0.00560800 0.04700000
v 0.03374500 -0.00568300 0.04700000
v 0.03374500 -0.00568300 0.04700000
v 0.03376100 -0.00577300 0.04700000
v 0.03375800 -0.00579700 0.04700000
v 0.03375800 -0.00579700 0.04700000
v 0.03332900 -0.00769900 0.04700000
v 0.03338500 -0.00765600 0.04700000
v 0.03338500 -0.00765600 0.04700000
v 0.03325900 -0.00771100 0.04700000
v 0.03325900 -0.00771100 0.04700000
v 0.03341600 -0.00759000 0.04700000
v 0.03341600 -0.00759000 0.04700000
v 0.03341600 -0.00759000 0.04700000
v 0.03341600 -0.00759000 0.04700000
v 0.03341600 -0.00759000 0.04700000
v 0.03324100 -0.00770900 0.04700000
v 0.03324100 -0.00770900 0.04700000
v 0.03299800 -0.00766200 0.04700000
v 0.03299800 -0.00766200 0.04700000
v 0.03299800 -0.00766200 0.04700000
v 0.03299800 -0.00766200 0.04700000
v 0.03288800 -0.00757500 0.04700000
v 0.03293100 -0.00763100 0.04700000
v 0.03293100 -0.00763100 0.04700000
v 0.03287600 -0.00750600 0.04700000
v 0.03287600 -0.00750600 0.04700000
v 0.03287600 -0.00750600 0.04700000
v 0.03287800 -0.00748800 0.04700000
v 0.03287800 -0.00748800 0.04700000
v 0.03311600 -0.00624200 0.04700000
v 0.03311600 -0.00624200 0.04700000
v 0.03311100 -0.00614800 0.04700000
v 0.03061500 -0.00551600 0.04700000
v 0.03065000 -0.00556100 0.04700000
v 0.03065000 -0.00556100 0.04700000
v 0.03060600 -0.00546000 0.04700000
v 0.03060600 -0.00546000 0.04700000
v 0.03070300 -0.00558600 0.04700000
v 0.03070300 -0.00558600 0.04700000
v 0.03070300 -0.00558600 0.04700000
v 0.03060800 -0.00544600 0.04700000
v 0.03060800 -0.00544600 0.04700000
v 0.03060800 -0.00544600 0.04700000
v 0.03296300 -0.00601700 0.04700000
v 0.03296300 -0.00601700 0.04700000
v 0.03296300 -0.00601700 0.04700000
v 0.03073800 -0.00504300 0.04700000
v 0.03069200 -0.00507800 0.04700000
v 0.03079300 -0.00503300 0.04700000
v 0.03066800 -0.00513100 0.04700000
v 0.03080800 -0.00503500 0.04700000
v 0.03405500 -0.00158400 0.04700000
v 0.03405500 -0.00158400 0.04700000
v 0.03452700 -0.00168300 0.04700000
v 0.03455500 -0.00145600 0.04700000
v 0.03455500 -0.00145600 0.04700000
v 0.03376200 -0.00279200 0.04700000
v 0.03376200 -0.00279200 0.04700000
v 0.03359500 -0.00230200 0.04700000
v 0.03359500 -0.00230200 0.04700000
v 0.03359500 -0.00230200 0.04700000
v 0.03360800 -0.00284000 0.04700000
v 0.03360800 -0.00284000 0.04700000
v 0.03360800 -0.00284000 0.04700000
v 0.03353100 -0.00230600 0.04700000
v 0.03353100 -0.00230600 0.04700000
v 0.03353100 -0.00230600 0.04700000
v 0.03353100 -0.00230600 0.04700000
v 0.03402600 -0.00102400 0.04700000
v 0.03402600 -0.00102400 0.04700000
v 0.03402600 -0.00102400 0.04700000
v 0.03441300 -0.00068400 0.04700000
v 0.03441300 -0.00068400 0.04700000
v 0.03375100 -0.00056100 0.04700000
v 0.03375100 -0.00056100 0.04700000
v 0.03375100 -0.00056100 0.04700000
v 0.03395000 -0.00008800 0.04700000
v 0.03395000 -0.00008800 0.04700000
v 0.03395000 -0.00008800 0.04700000
v 0.03332700 -0.00029900 0.04700000
v 0.03332700 -0.00029900 0.04700000
v 0.03332700 -0.00029900 0.04700000
v 0.03329500 0.00021100 0.04700000
v 0.03329500 0.00021100 0.04700000
v 0.03329500 0.00021100 0.04700000
v 0.03319800 -0.00026600 0.04700000
v 0.03319800 -0.00026600 0.04700000
v 0.03319800 -0.00026600 0.04700000
v 0.03310000 0.00023600 0.04700000
v 0.03310000 0.00023600 0.04700000
v 0.03310000 0.00023600 0.04700000
v 0.03269300 -0.00029300 0.04700000
v 0.03269300 -0.00029300 0.04700000
v 0.03269300 -0.00029300 0.04700000
v 0.03239600 0.00010700 0.04700000
v 0.03239600 0.00010700 0.04700000
v 0.03239600 0.00010700 0.04700000
v 0.03224300 -0.00056200 0.04700000
v 0.03224300 -0.00056200 0.04700000
v 0.03178400 -0.00036800 0.04700000
v 0.03178400 -0.00036800 0.04700000
v 0.03195400 -0.00102700 0.04700000
v 0.03195400 -0.00102700 0.04700000
v 0.03145300 -0.00109700 0.04700000
v 0.03145300 -0.00109700 0.04700000
v 0.03191600 -0.00117600 0.04700000
v 0.03191600 -0.00117600 0.04700000
v 0.03425400 -0.00233300 0.04700000
v 0.03390100 -0.00198200 0.04700000
v 0.03362800 -0.00228500 0.04700000
v 0.03362800 -0.00228500 0.04700000
v 0.03252200 -0.00259900 0.04700000
v 0.03255100 -0.00263700 0.04700000
v 0.03255100 -0.00263700 0.04700000
v 0.03251400 -0.00255400 0.04700000
v 0.03251400 -0.00255400 0.04700000
v 0.03259400 -0.00265700 0.04700000
v 0.03259400 -0.00265700 0.04700000
v 0.03251500 -0.00254200 0.04700000
v 0.03251500 -0.00254200 0.04700000
v 0.03251500 -0.00254200 0.04700000
v 0.03251500 -0.00254200 0.04700000
v 0.03352400 -0.00283400 0.04700000
v 0.03352400 -0.00283400 0.04700000
v 0.03352400 -0.00283400 0.04700000
v 0.03263100 -0.00215100 0.04700000
v 0.03259600 -0.00217700 0.04700000
v 0.03267300 -0.00214300 0.04700000
v 0.03257700 -0.00221700 0.04700000
v 0.03257700 -0.00221700 0.04700000
v 0.03268400 -0.00214500 0.04700000
v 0.03268400 -0.00214500 0.04700000
v 0.03167100 -0.00225000 0.04700000
v 0.03172800 -0.00226200 0.04700000
v 0.03172800 -0.00226200 0.04700000
v 0.03162800 -0.00221300 0.04700000
v 0.03162800 -0.00221300 0.04700000
v 0.03178400 -0.00224700 0.04700000
v 0.03178400 -0.00224700 0.04700000
v 0.03161900 -0.00219900 0.04700000
v 0.03161900 -0.00219900 0.04700000
v 0.03198400 -0.00213200 0.04700000
v 0.03198400 -0.00213200 0.04700000
v 0.03198400 -0.00213200 0.04700000
v 0.03144300 -0.00167500 0.04700000
v 0.03144300 -0.00167500 0.04700000
v 0.03144300 -0.00167500 0.04700000
v 0.03199500 -0.00212500 0.04700000
v 0.03199500 -0.00212500 0.04700000
v 0.03203700 -0.00207800 0.04700000
v 0.03203700 -0.00207800 0.04700000
v 0.03190900 -0.00158100 0.04700000
v 0.03203400 -0.00194700 0.04700000
v 0.03205200 -0.00201500 0.04700000
v 0.03478400 0.00022000 0.04700000
v 0.03221900 0.00222000 0.04700000
v 0.03478400 0.00022000 0.04670000
v 0.03221900 0.00222000 0.04670000
v 0.03219400 0.00225100 0.04700000
v 0.03219400 0.00225100 0.04670000
v 0.03482000 0.00020400 0.04670000
v 0.03482000 0.00020400 0.04700000
v 0.03224700 0.00236200 0.04700000
v 0.03224700 0.00236200 0.04670000
v 0.03221500 0.00234500 0.04670000
v 0.03221500 0.00234500 0.04700000
v 0.03537600 0.00327200 0.04700000
v 0.03537600 0.00327200 0.04670000
v 0.03544900 0.00325100 0.04700000
v 0.03544900 0.00325100 0.04670000
v 0.03542000 0.00327100 0.04670000
v 0.03542000 0.00327100 0.04700000
v 0.03541100 0.00327300 0.04670000
v 0.03541100 0.00327300 0.04700000
v 0.03221500 0.00234500 0.04700000
v 0.03221500 0.00234500 0.04700000
v 0.03221500 0.00234500 0.04670000
v 0.03219300 0.00231200 0.04670000
v 0.03219300 0.00231200 0.04670000
v 0.03219300 0.00231200 0.04700000
v 0.03219300 0.00231200 0.04700000
v 0.03219300 0.00231200 0.04670000
v 0.03218900 0.00227300 0.04670000
v 0.03218900 0.00227300 0.04700000
v 0.03219400 0.00225100 0.04670000
v 0.03219400 0.00225100 0.04700000
v 0.03546700 0.00318900 0.04700000
v 0.03546700 0.00318900 0.04670000
v 0.03546600 0.00322100 0.04670000
v 0.03546600 0.00322100 0.04700000
v 0.03537900 0.00273300 0.04700000
v 0.03537900 0.00273300 0.04670000
v 0.03531900 0.00266500 0.04700000
v 0.03531900 0.00266500 0.04670000
v 0.03535000 0.00268200 0.04670000
v 0.03535000 0.00268200 0.04700000
v 0.03536100 0.00269300 0.04670000
v 0.03536100 0.00269300 0.04700000
v 0.03344900 0.00212300 0.04700000
v 0.03344900 0.00212300 0.04670000
v 0.03339700 0.00205800 0.04700000
v 0.03339700 0.00205800 0.04670000
v 0.03340700 0.00209100 0.04670000
v 0.03340700 0.00209100 0.04700000
v 0.03341800 0.00210500 0.04670000
v 0.03341800 0.00210500 0.04700000
v 0.03546600 0.00322100 0.04700000
v 0.03546600 0.00322100 0.04700000
v 0.03546600 0.00322100 0.04670000
v 0.03544900 0.00325100 0.04670000
v 0.03544900 0.00325100 0.04670000
v 0.03544900 0.00325100 0.04700000
v 0.03342400 0.00200000 0.04700000
v 0.03342400 0.00200000 0.04670000
v 0.03342400 0.00200000 0.04670000
v 0.03340400 0.00202500 0.04670000
v 0.03340400 0.00202500 0.04700000
v 0.03496200 0.00078700 0.04700000
v 0.03496200 0.00078700 0.04700000
v 0.03496200 0.00078700 0.04670000
v 0.03496200 0.00078700 0.04670000
v 0.03499200 0.00070400 0.04700000
v 0.03499200 0.00070400 0.04670000
v 0.03499300 0.00073200 0.04670000
v 0.03499300 0.00073200 0.04700000
v 0.03498700 0.00075500 0.04670000
v 0.03498700 0.00075500 0.04700000
v 0.03498700 0.00075500 0.04700000
v 0.03490900 0.00026800 0.04700000
v 0.03490900 0.00026800 0.04670000
v 0.03490900 0.00026800 0.04670000
v 0.03486000 0.00020900 0.04700000
v 0.03486000 0.00020900 0.04670000
v 0.03488700 0.00022600 0.04670000
v 0.03488700 0.00022600 0.04700000
v 0.03489300 0.00023200 0.04670000
v 0.03489300 0.00023200 0.04700000
v 0.03489300 0.00023200 0.04700000
v 0.03340400 0.00202500 0.04700000
v 0.03340400 0.00202500 0.04700000
v 0.03340400 0.00202500 0.04670000
v 0.03339700 0.00205800 0.04670000
v 0.03339700 0.00205800 0.04670000
v 0.03339700 0.00205800 0.04700000
v 0.03482000 0.00020400 0.04700000
v 0.03482000 0.00020400 0.04700000
v 0.03482000 0.00020400 0.04670000
v 0.03486000 0.00020900 0.04670000
v 0.03486000 0.00020900 0.04670000
v 0.03486000 0.00020900 0.04700000
v 0.03388100 -0.00445200 0.04700000
v 0.03103400 -0.00390800 0.04700000
v 0.03388100 -0.00445200 0.04670000
v 0.03103400 -0.00390800 0.04670000
v 0.03097700 -0.00388200 0.04700000
v 0.03097700 -0.00388200 0.04670000
v 0.03389800 -0.00445400 0.04670000
v 0.03389800 -0.00445400 0.04700000
v 0.03395800 -0.00444300 0.04670000
v 0.03395800 -0.00444300 0.04700000
v 0.03093000 -0.00375500 0.04700000
v 0.03093000 -0.00375500 0.04670000
v 0.03093000 -0.00375500 0.04670000
v 0.03092800 -0.00377100 0.04670000
v 0.03092800 -0.00377100 0.04700000
v 0.03093900 -0.00383200 0.04670000
v 0.03093900 -0.00383200 0.04700000
v 0.03093000 -0.00375500 0.04700000
v 0.03098600 -0.00346200 0.04700000
v 0.03098600 -0.00346200 0.04670000
v 0.03101300 -0.00340400 0.04700000
v 0.03101300 -0.00340400 0.04670000
v 0.03093900 -0.00383200 0.04700000
v 0.03093900 -0.00383200 0.04700000
v 0.03093900 -0.00383200 0.04670000
v 0.03097700 -0.00388200 0.04670000
v 0.03097700 -0.00388200 0.04670000
v 0.03097700 -0.00388200 0.04700000
v 0.03113900 -0.00335800 0.04700000
v 0.03113900 -0.00335800 0.04670000
v 0.03112300 -0.00335600 0.04670000
v 0.03112300 -0.00335600 0.04700000
v 0.03106300 -0.00336600 0.04670000
v 0.03106300 -0.00336600 0.04700000
v 0.03398600 -0.00390100 0.04700000
v 0.03398600 -0.00390100 0.04670000
v 0.03404400 -0.00392700 0.04700000
v 0.03404400 -0.00392700 0.04670000
v 0.03106300 -0.00336600 0.04700000
v 0.03106300 -0.00336600 0.04670000
v 0.03101300 -0.00340400 0.04670000
v 0.03101300 -0.00340400 0.04700000
v 0.03409000 -0.00405400 0.04700000
v 0.03409000 -0.00405400 0.04670000
v 0.03409000 -0.00405400 0.04670000
v 0.03409300 -0.00403800 0.04670000
v 0.03409300 -0.00403800 0.04700000
v 0.03408200 -0.00397700 0.04670000
v 0.03408200 -0.00397700 0.04700000
v 0.03403400 -0.00434800 0.04700000
v 0.03403400 -0.00434800 0.04700000
v 0.03403400 -0.00434800 0.04670000
v 0.03400800 -0.00440400 0.04700000
v 0.03400800 -0.00440400 0.04670000
v 0.03408200 -0.00397700 0.04700000
v 0.03408200 -0.00397700 0.04700000
v 0.03408200 -0.00397700 0.04670000
v 0.03404400 -0.00392700 0.04670000
v 0.03404400 -0.00392700 0.04670000
v 0.03404400 -0.00392700 0.04700000
v 0.03395800 -0.00444300 0.04700000
v 0.03395800 -0.00444300 0.04700000
v 0.03395800 -0.00444300 0.04670000
v 0.03400800 -0.00440400 0.04670000
v 0.03400800 -0.00440400 0.04670000
v 0.03400800 -0.00440400 0.04700000
v 0.03252200 -0.00898700 0.04700000
v 0.03190900 -0.00887000 0.04700000
v 0.03252200 -0.00898700 0.04670000
v 0.03190900 -0.00887000 0.04670000
v 0.03187700 -0.00887200 0.04700000
v 0.03187700 -0.00887200 0.04670000
v 0.03253000 -0.00898900 0.04670000
v 0.03253000 -0.00898900 0.04700000
v 0.03255600 -0.00900500 0.04670000
v 0.03255600 -0.00900500 0.04700000
v 0.03183400 -0.00892100 0.04700000
v 0.03183400 -0.00892100 0.04670000
v 0.03183600 -0.00891300 0.04670000
v 0.03183600 -0.00891300 0.04700000
v 0.03185100 -0.00888800 0.04670000
v 0.03185100 -0.00888800 0.04700000
v 0.03155100 -0.01040400 0.04700000
v 0.03155100 -0.01040400 0.04670000
v 0.03152500 -0.01046000 0.04700000
v 0.03152500 -0.01046000 0.04670000
v 0.03185100 -0.00888800 0.04700000
v 0.03185100 -0.00888800 0.04700000
v 0.03185100 -0.00888800 0.04670000
v 0.03187700 -0.00887200 0.04670000
v 0.03187700 -0.00887200 0.04670000
v 0.03187700 -0.00887200 0.04700000
v 0.03140300 -0.01050500 0.04700000
v 0.03140300 -0.01050500 0.04670000
v 0.03140300 -0.01050500 0.04670000
v 0.03141800 -0.01050700 0.04670000
v 0.03141800 -0.01050700 0.04700000
v 0.03147700 -0.01049700 0.04670000
v 0.03147700 -0.01049700 0.04700000
v 0.03109400 -0.01044600 0.04700000
v 0.03109400 -0.01044600 0.04700000
v 0.03109400 -0.01044600 0.04670000
v 0.03104500 -0.01042300 0.04700000
v 0.03104500 -0.01042300 0.04670000
v 0.03147700 -0.01049700 0.04700000
v 0.03147700 -0.01049700 0.04700000
v 0.03147700 -0.01049700 0.04670000
v 0.03152500 -0.01046000 0.04670000
v 0.03152500 -0.01046000 0.04670000
v 0.03152500 -0.01046000 0.04700000
v 0.03100600 -0.01031700 0.04700000
v 0.03100600 -0.01031700 0.04670000
v 0.03100400 -0.01033000 0.04670000
v 0.03100400 -0.01033000 0.04700000
v 0.03101300 -0.01038100 0.04670000
v 0.03101300 -0.01038100 0.04700000
v 0.03129200 -0.00881700 0.04700000
v 0.03129200 -0.00881700 0.04670000
v 0.03129000 -0.00878600 0.04700000
v 0.03129000 -0.00878600 0.04670000
v 0.03101300 -0.01038100 0.04700000
v 0.03101300 -0.01038100 0.04700000
v 0.03101300 -0.01038100 0.04670000
v 0.03104500 -0.01042300 0.04670000
v 0.03104500 -0.01042300 0.04670000
v 0.03104500 -0.01042300 0.04700000
v 0.03124100 -0.00874300 0.04700000
v 0.03124100 -0.00874300 0.04670000
v 0.03124900 -0.00874500 0.04670000
v 0.03124900 -0.00874500 0.04670000
v 0.03124900 -0.00874500 0.04700000
v 0.03124900 -0.00874500 0.04700000
v 0.03124900 -0.00874500 0.04700000
v 0.03127400 -0.00876000 0.04670000
v 0.03127400 -0.00876000 0.04670000
v 0.03127400 -0.00876000 0.04700000
v 0.03064200 -0.00862900 0.04700000
v 0.03064200 -0.00862900 0.04670000
v 0.03061000 -0.00863000 0.04700000
v 0.03061000 -0.00863000 0.04670000
v 0.03127400 -0.00876000 0.04700000
v 0.03127400 -0.00876000 0.04700000
v 0.03127400 -0.00876000 0.04670000
v 0.03129000 -0.00878600 0.04670000
v 0.03129000 -0.00878600 0.04670000
v 0.03129000 -0.00878600 0.04700000
v 0.03056700 -0.00867900 0.04700000
v 0.03056700 -0.00867900 0.04670000
v 0.03056900 -0.00867200 0.04670000
v 0.03056900 -0.00867200 0.04700000
v 0.03058400 -0.00864600 0.04670000
v 0.03058400 -0.00864600 0.04700000
v 0.03028000 -0.01018200 0.04700000
v 0.03028000 -0.01018200 0.04670000
v 0.03025900 -0.01022800 0.04700000
v 0.03025900 -0.01022800 0.04670000
v 0.03058400 -0.00864600 0.04700000
v 0.03058400 -0.00864600 0.04700000
v 0.03058400 -0.00864600 0.04670000
v 0.03061000 -0.00863000 0.04670000
v 0.03061000 -0.00863000 0.04670000
v 0.03061000 -0.00863000 0.04700000
v 0.03015600 -0.01026700 0.04700000
v 0.03015600 -0.01026700 0.04670000
v 0.03015600 -0.01026700 0.04670000
v 0.03016900 -0.01026900 0.04670000
v 0.03016900 -0.01026900 0.04700000
v 0.03021800 -0.01026000 0.04670000
v 0.03021800 -0.01026000 0.04700000
v 0.03015600 -0.01026700 0.04700000
v 0.02989300 -0.01021700 0.04700000
v 0.02989300 -0.01021700 0.04670000
v 0.02981400 -0.01018000 0.04700000
v 0.02981400 -0.01018000 0.04670000
v 0.03021800 -0.01026000 0.04700000
v 0.03021800 -0.01026000 0.04700000
v 0.03021800 -0.01026000 0.04670000
v 0.03025900 -0.01022800 0.04670000
v 0.03025900 -0.01022800 0.04670000
v 0.03025900 -0.01022800 0.04700000
v 0.02975200 -0.01000900 0.04700000
v 0.02975200 -0.01000900 0.04670000
v 0.02974900 -0.01003100 0.04670000
v 0.02974900 -0.01003100 0.04700000
v 0.02976300 -0.01011300 0.04670000
v 0.02976300 -0.01011300 0.04700000
v 0.03010600 -0.00814000 0.04700000
v 0.03010600 -0.00814000 0.04670000
v 0.03014400 -0.00806000 0.04700000
v 0.03014400 -0.00806000 0.04670000
v 0.02976300 -0.01011300 0.04700000
v 0.02976300 -0.01011300 0.04700000
v 0.02976300 -0.01011300 0.04670000
v 0.02981400 -0.01018000 0.04670000
v 0.02981400 -0.01018000 0.04670000
v 0.02981400 -0.01018000 0.04700000
v 0.03031800 -0.00799600 0.04700000
v 0.03031800 -0.00799600 0.04670000
v 0.03029600 -0.00799300 0.04670000
v 0.03029600 -0.00799300 0.04700000
v 0.03021300 -0.00800800 0.04670000
v 0.03021300 -0.00800800 0.04700000
v 0.03304000 -0.00851600 0.04700000
v 0.03304000 -0.00851600 0.04670000
v 0.03312700 -0.00855500 0.04700000
v 0.03312700 -0.00855500 0.04670000
v 0.03021300 -0.00800800 0.04700000
v 0.03021300 -0.00800800 0.04670000
v 0.03014400 -0.00806000 0.04670000
v 0.03014400 -0.00806000 0.04700000
v 0.03319600 -0.00874400 0.04700000
v 0.03319600 -0.00874400 0.04670000
v 0.03319600 -0.00874400 0.04670000
v 0.03319900 -0.00872000 0.04670000
v 0.03319900 -0.00872000 0.04700000
v 0.03318300 -0.00863000 0.04670000
v 0.03318300 -0.00863000 0.04700000
v 0.03284100 -0.01060400 0.04700000
v 0.03284100 -0.01060400 0.04700000
v 0.03284100 -0.01060400 0.04670000
v 0.03280600 -0.01067900 0.04700000
v 0.03280600 -0.01067900 0.04670000
v 0.03318300 -0.00863000 0.04700000
v 0.03318300 -0.00863000 0.04670000
v 0.03312700 -0.00855500 0.04670000
v 0.03312700 -0.00855500 0.04700000
v 0.03264000 -0.01074100 0.04700000
v 0.03264000 -0.01074100 0.04670000
v 0.03264000 -0.01074100 0.04670000
v 0.03266100 -0.01074300 0.04670000
v 0.03266100 -0.01074300 0.04700000
v 0.03274100 -0.01072900 0.04670000
v 0.03274100 -0.01072900 0.04700000
v 0.03264000 -0.01074100 0.04700000
v 0.03238900 -0.01069300 0.04700000
v 0.03238900 -0.01069300 0.04670000
v 0.03233400 -0.01066700 0.04700000
v 0.03233400 -0.01066700 0.04670000
v 0.03274100 -0.01072900 0.04700000
v 0.03274100 -0.01072900 0.04700000
v 0.03274100 -0.01072900 0.04670000
v 0.03280600 -0.01067900 0.04670000
v 0.03280600 -0.01067900 0.04670000
v 0.03280600 -0.01067900 0.04700000
v 0.03229000 -0.01054700 0.04700000
v 0.03229000 -0.01054700 0.04670000
v 0.03228800 -0.01056200 0.04670000
v 0.03228800 -0.01056200 0.04700000
v 0.03229800 -0.01062000 0.04670000
v 0.03229800 -0.01062000 0.04700000
v 0.03257300 -0.00906200 0.04700000
v 0.03257300 -0.00906200 0.04670000
v 0.03257200 -0.00903100 0.04700000
v 0.03257200 -0.00903100 0.04670000
v 0.03229800 -0.01062000 0.04700000
v 0.03229800 -0.01062000 0.04700000
v 0.03229800 -0.01062000 0.04670000
v 0.03233400 -0.01066700 0.04670000
v 0.03233400 -0.01066700 0.04670000
v 0.03233400 -0.01066700 0.04700000
v 0.03255600 -0.00900500 0.04700000
v 0.03255600 -0.00900500 0.04700000
v 0.03255600 -0.00900500 0.04670000
v 0.03257200 -0.00903100 0.04670000
v 0.03257200 -0.00903100 0.04670000
v 0.03257200 -0.00903100 0.04700000
v 0.03068100 -0.01201500 0.04670000
v 0.03068100 -0.01201500 0.04670000
v 0.03074000 -0.01189500 0.04700000
v 0.03074000 -0.01189500 0.04700000
v 0.03074000 -0.01189500 0.04670000
v 0.03068100 -0.01201500 0.04700000
v 0.03074000 -0.01189500 0.04670000
v 0.03074000 -0.01189500 0.04670000
v 0.03074000 -0.01189500 0.04700000
v 0.03085100 -0.01181900 0.04700000
v 0.03085100 -0.01181900 0.04700000
v 0.03085100 -0.01181900 0.04670000
v 0.03085100 -0.01181900 0.04670000
v 0.03085100 -0.01181900 0.04670000
v 0.03085100 -0.01181900 0.04700000
v 0.03098400 -0.01181000 0.04700000
v 0.03098400 -0.01181000 0.04700000
v 0.03098400 -0.01181000 0.04670000
v 0.03098400 -0.01181000 0.04670000
v 0.03098400 -0.01181000 0.04670000
v 0.03098400 -0.01181000 0.04700000
v 0.03110400 -0.01186800 0.04700000
v 0.03110400 -0.01186800 0.04700000
v 0.03110400 -0.01186800 0.04670000
v 0.03110400 -0.01186800 0.04670000
v 0.03110400 -0.01186800 0.04670000
v 0.03110400 -0.01186800 0.04700000
v 0.03118000 -0.01197900 0.04700000
v 0.03118000 -0.01197900 0.04700000
v 0.03118000 -0.01197900 0.04670000
v 0.03118000 -0.01197900 0.04670000
v 0.03118000 -0.01197900 0.04670000
v 0.03118000 -0.01197900 0.04700000
v 0.03119000 -0.01211200 0.04700000
v 0.03119000 -0.01211200 0.04700000
v 0.03119000 -0.01211200 0.04670000
v 0.03119000 -0.01211200 0.04670000
v 0.03119000 -0.01211200 0.04670000
v 0.03119000 -0.01211200 0.04700000
v 0.03113100 -0.01223300 0.04700000
v 0.03113100 -0.01223300 0.04700000
v 0.03113100 -0.01223300 0.04670000
v 0.03113100 -0.01223300 0.04670000
v 0.03113100 -0.01223300 0.04670000
v 0.03113100 -0.01223300 0.04700000
v 0.03102100 -0.01230800 0.04700000
v 0.03102100 -0.01230800 0.04700000
v 0.03102100 -0.01230800 0.04670000
v 0.03102100 -0.01230800 0.04670000
v 0.03102100 -0.01230800 0.04670000
v 0.03102100 -0.01230800 0.04700000
v 0.03088700 -0.01231800 0.04700000
v 0.03088700 -0.01231800 0.04700000
v 0.03088700 -0.01231800 0.04670000
v 0.03088700 -0.01231800 0.04670000
v 0.03088700 -0.01231800 0.04670000
v 0.03088700 -0.01231800 0.04700000
v 0.03076700 -0.01225900 0.04700000
v 0.03076700 -0.01225900 0.04700000
v 0.03076700 -0.01225900 0.04670000
v 0.03076700 -0.01225900 0.04670000
v 0.03076700 -0.01225900 0.04670000
v 0.03076700 -0.01225900 0.04700000
v 0.03069100 -0.01214900 0.04700000
v 0.03069100 -0.01214900 0.04700000
v 0.03069100 -0.01214900 0.04670000
v 0.03069100 -0.01214900 0.04670000
v 0.03069100 -0.01214900 0.04670000
v 0.03069100 -0.01214900 0.04700000
v 0.03068100 -0.01201500 0.04700000
v 0.03068100 -0.01201500 0.04700000
v 0.03068100 -0.01201500 0.04670000
v 0.03213600 -0.01375600 0.04700000
v 0.03092900 -0.01447800 0.04700000
v 0.03213600 -0.01375600 0.04670000
v 0.03092900 -0.01447800 0.04670000
v 0.03215100 -0.01374600 0.04670000
v 0.03215100 -0.01374600 0.04700000
v 0.03224200 -0.01364400 0.04670000
v 0.03224200 -0.01364400 0.04700000
v 0.03092900 -0.01447800 0.04700000
v 0.03178900 -0.01557600 0.04700000
v 0.03092900 -0.01447800 0.04670000
v 0.03178900 -0.01557600 0.04700000
v 0.03178900 -0.01557600 0.04670000
v 0.03184000 -0.01568300 0.04700000
v 0.03184000 -0.01568300 0.04670000
v 0.03150900 -0.01603100 0.04700000
v 0.03150900 -0.01603100 0.04670000
v 0.03154100 -0.01603500 0.04670000
v 0.03154100 -0.01603500 0.04700000
v 0.03167300 -0.01601400 0.04670000
v 0.03167300 -0.01601400 0.04700000
v 0.03139900 -0.01598400 0.04700000
v 0.03139900 -0.01598400 0.04670000
v 0.03167300 -0.01601400 0.04700000
v 0.03167300 -0.01601400 0.04700000
v 0.03167300 -0.01601400 0.04670000
v 0.03178200 -0.01593300 0.04670000
v 0.03178200 -0.01593300 0.04670000
v 0.03178200 -0.01593300 0.04700000
v 0.03178200 -0.01593300 0.04700000
v 0.03178200 -0.01593300 0.04700000
v 0.03178200 -0.01593300 0.04670000
v 0.03184300 -0.01580400 0.04670000
v 0.03184300 -0.01580400 0.04670000
v 0.03184300 -0.01580400 0.04700000
v 0.03184300 -0.01580400 0.04700000
v 0.03184300 -0.01580400 0.04700000
v 0.03184300 -0.01580400 0.04670000
v 0.03184000 -0.01568300 0.04670000
v 0.03184000 -0.01568300 0.04670000
v 0.03184000 -0.01568300 0.04700000
v 0.03130900 -0.01588000 0.04700000
v 0.03130900 -0.01588000 0.04670000
v 0.03139900 -0.01598400 0.04670000
v 0.03139900 -0.01598400 0.04700000
v 0.03044600 -0.01476800 0.04700000
v 0.03044600 -0.01476800 0.04670000
v 0.03044600 -0.01476800 0.04700000
v 0.02918000 -0.01552800 0.04700000
v 0.03044600 -0.01476800 0.04670000
v 0.03044600 -0.01476800 0.04670000
v 0.02918000 -0.01552800 0.04700000
v 0.02918000 -0.01552800 0.04670000
v 0.02906000 -0.01556400 0.04700000
v 0.02906000 -0.01556400 0.04670000
v 0.02889600 -0.01503400 0.04700000
v 0.02889600 -0.01503400 0.04670000
v 0.02882100 -0.01509800 0.04670000
v 0.02882100 -0.01509800 0.04700000
v 0.03010200 -0.01431100 0.04700000
v 0.03010200 -0.01431100 0.04670000
v 0.02882100 -0.01509800 0.04700000
v 0.02882100 -0.01509800 0.04700000
v 0.02882100 -0.01509800 0.04670000
v 0.02876200 -0.01522200 0.04670000
v 0.02876200 -0.01522200 0.04670000
v 0.02876200 -0.01522200 0.04700000
v 0.02876200 -0.01522200 0.04700000
v 0.02876200 -0.01522200 0.04700000
v 0.02876200 -0.01522200 0.04670000
v 0.02876900 -0.01536300 0.04670000
v 0.02876900 -0.01536300 0.04670000
v 0.02876900 -0.01536300 0.04700000
v 0.02876900 -0.01536300 0.04700000
v 0.02876900 -0.01536300 0.04700000
v 0.02876900 -0.01536300 0.04670000
v 0.02884000 -0.01548100 0.04670000
v 0.02884000 -0.01548100 0.04670000
v 0.02884000 -0.01548100 0.04700000
v 0.02884000 -0.01548100 0.04700000
v 0.02884000 -0.01548100 0.04700000
v 0.02884000 -0.01548100 0.04670000
v 0.02895900 -0.01555200 0.04670000
v 0.02895900 -0.01555200 0.04670000
v 0.02895900 -0.01555200 0.04700000
v 0.02895900 -0.01555200 0.04700000
v 0.02895900 -0.01555200 0.04700000
v 0.02895900 -0.01555200 0.04670000
v 0.02906000 -0.01556400 0.04670000
v 0.02906000 -0.01556400 0.04670000
v 0.02906000 -0.01556400 0.04700000
v 0.03010200 -0.01431100 0.04700000
v 0.02924300 -0.01321300 0.04700000
v 0.03010200 -0.01431100 0.04670000
v 0.02924300 -0.01321300 0.04670000
v 0.02919100 -0.01310600 0.04700000
v 0.02919100 -0.01310600 0.04670000
v 0.02972200 -0.01290900 0.04700000
v 0.02972200 -0.01290900 0.04670000
v 0.02970500 -0.01288000 0.04670000
v 0.02970500 -0.01288000 0.04700000
v 0.02961800 -0.01279600 0.04670000
v 0.02961800 -0.01279600 0.04700000
v 0.03058500 -0.01402200 0.04700000
v 0.03058500 -0.01402200 0.04670000
v 0.02961800 -0.01279600 0.04700000
v 0.02961800 -0.01279600 0.04700000
v 0.02961800 -0.01279600 0.04670000
v 0.02949400 -0.01275500 0.04670000
v 0.02949400 -0.01275500 0.04670000
v 0.02949400 -0.01275500 0.04700000
v 0.02949400 -0.01275500 0.04700000
v 0.02949400 -0.01275500 0.04700000
v 0.02949400 -0.01275500 0.04670000
v 0.02935800 -0.01277600 0.04670000
v 0.02935800 -0.01277600 0.04670000
v 0.02935800 -0.01277600 0.04700000
v 0.02935800 -0.01277600 0.04700000
v 0.02935800 -0.01277600 0.04700000
v 0.02935800 -0.01277600 0.04670000
v 0.02924900 -0.01285700 0.04670000
v 0.02924900 -0.01285700 0.04670000
v 0.02924900 -0.01285700 0.04700000
v 0.02924900 -0.01285700 0.04700000
v 0.02924900 -0.01285700 0.04700000
v 0.02924900 -0.01285700 0.04670000
v 0.02918800 -0.01298700 0.04670000
v 0.02918800 -0.01298700 0.04670000
v 0.02918800 -0.01298700 0.04700000
v 0.02918800 -0.01298700 0.04700000
v 0.02918800 -0.01298700 0.04700000
v 0.02918800 -0.01298700 0.04670000
v 0.02919100 -0.01310600 0.04670000
v 0.02919100 -0.01310600 0.04670000
v 0.02919100 -0.01310600 0.04700000
v 0.03058500 -0.01402200 0.04700000
v 0.03185200 -0.01326200 0.04700000
v 0.03058500 -0.01402200 0.04670000
v 0.03058500 -0.01402200 0.04670000
v 0.03185200 -0.01326200 0.04700000
v 0.03185200 -0.01326200 0.04670000
v 0.03215400 -0.01327700 0.04700000
v 0.03215400 -0.01327700 0.04670000
v 0.03202600 -0.01322700 0.04670000
v 0.03202600 -0.01322700 0.04700000
v 0.03198200 -0.01322500 0.04670000
v 0.03198200 -0.01322500 0.04700000
v 0.03224200 -0.01364400 0.04700000
v 0.03224200 -0.01364400 0.04700000
v 0.03224200 -0.01364400 0.04670000
v 0.03227600 -0.01351900 0.04670000
v 0.03227600 -0.01351900 0.04670000
v 0.03227600 -0.01351900 0.04700000
v 0.03227600 -0.01351900 0.04700000
v 0.03227600 -0.01351900 0.04700000
v 0.03227600 -0.01351900 0.04670000
v 0.03224400 -0.01338000 0.04670000
v 0.03224400 -0.01338000 0.04670000
v 0.03224400 -0.01338000 0.04700000
v 0.03224400 -0.01338000 0.04700000
v 0.03224400 -0.01338000 0.04700000
v 0.03224400 -0.01338000 0.04670000
v 0.03215400 -0.01327700 0.04670000
v 0.03215400 -0.01327700 0.04670000
v 0.03215400 -0.01327700 0.04700000
v 0.03296300 -0.00601700 0.04700000
v 0.03070300 -0.00558600 0.04700000
v 0.03296300 -0.00601700 0.04670000
v 0.03070300 -0.00558600 0.04670000
v 0.03065000 -0.00556100 0.04700000
v 0.03065000 -0.00556100 0.04670000
v 0.03298600 -0.00602300 0.04670000
v 0.03298600 -0.00602300 0.04700000
v 0.03306300 -0.00607000 0.04670000
v 0.03306300 -0.00607000 0.04700000
v 0.03060800 -0.00544600 0.04700000
v 0.03060800 -0.00544600 0.04670000
v 0.03060800 -0.00544600 0.04670000
v 0.03060600 -0.00546000 0.04670000
v 0.03060600 -0.00546000 0.04700000
v 0.03061500 -0.00551600 0.04670000
v 0.03061500 -0.00551600 0.04700000
v 0.03066800 -0.00513100 0.04700000
v 0.03066800 -0.00513100 0.04700000
v 0.03066800 -0.00513100 0.04670000
v 0.03069200 -0.00507800 0.04700000
v 0.03069200 -0.00507800 0.04670000
v 0.03061500 -0.00551600 0.04700000
v 0.03061500 -0.00551600 0.04700000
v 0.03061500 -0.00551600 0.04670000
v 0.03065000 -0.00556100 0.04670000
v 0.03065000 -0.00556100 0.04670000
v 0.03065000 -0.00556100 0.04700000
v 0.03080800 -0.00503500 0.04700000
v 0.03080800 -0.00503500 0.04670000
v 0.03079300 -0.00503300 0.04670000
v 0.03079300 -0.00503300 0.04700000
v 0.03073800 -0.00504300 0.04670000
v 0.03073800 -0.00504300 0.04700000
v 0.03360300 -0.00556800 0.04700000
v 0.03360300 -0.00556800 0.04670000
v 0.03368900 -0.00560800 0.04700000
v 0.03368900 -0.00560800 0.04670000
v 0.03073800 -0.00504300 0.04700000
v 0.03073800 -0.00504300 0.04700000
v 0.03073800 -0.00504300 0.04670000
v 0.03069200 -0.00507800 0.04670000
v 0.03069200 -0.00507800 0.04670000
v 0.03069200 -0.00507800 0.04700000
v 0.03375800 -0.00579700 0.04700000
v 0.03375800 -0.00579700 0.04670000
v 0.03375800 -0.00579700 0.04670000
v 0.03376100 -0.00577300 0.04670000
v 0.03376100 -0.00577300 0.04700000
v 0.03374500 -0.00568300 0.04670000
v 0.03374500 -0.00568300 0.04700000
v 0.03341600 -0.00759000 0.04700000
v 0.03341600 -0.00759000 0.04700000
v 0.03341600 -0.00759000 0.04670000
v 0.03338500 -0.00765600 0.04700000
v 0.03338500 -0.00765600 0.04670000
v 0.03374500 -0.00568300 0.04700000
v 0.03374500 -0.00568300 0.04700000
v 0.03374500 -0.00568300 0.04670000
v 0.03368900 -0.00560800 0.04670000
v 0.03368900 -0.00560800 0.04670000
v 0.03368900 -0.00560800 0.04700000
v 0.03324100 -0.00770900 0.04700000
v 0.03324100 -0.00770900 0.04670000
v 0.03324100 -0.00770900 0.04670000
v 0.03325900 -0.00771100 0.04670000
v 0.03325900 -0.00771100 0.04700000
v 0.03332900 -0.00769900 0.04670000
v 0.03332900 -0.00769900 0.04700000
v 0.03324100 -0.00770900 0.04700000
v 0.03299800 -0.00766200 0.04700000
v 0.03299800 -0.00766200 0.04670000
v 0.03293100 -0.00763100 0.04700000
v 0.03293100 -0.00763100 0.04670000
v 0.03332900 -0.00769900 0.04700000
v 0.03332900 -0.00769900 0.04700000
v 0.03332900 -0.00769900 0.04670000
v 0.03338500 -0.00765600 0.04670000
v 0.03338500 -0.00765600 0.04670000
v 0.03338500 -0.00765600 0.04700000
v 0.03287800 -0.00748800 0.04700000
v 0.03287800 -0.00748800 0.04670000
v 0.03287600 -0.00750600 0.04670000
v 0.03287600 -0.00750600 0.04700000
v 0.03288800 -0.00757500 0.04670000
v 0.03288800 -0.00757500 0.04700000
v 0.03311600 -0.00624200 0.04700000
v 0.03311600 -0.00624200 0.04670000
v 0.03311100 -0.00614800 0.04700000
v 0.03311100 -0.00614800 0.04670000
v 0.03288800 -0.00757500 0.04700000
v 0.03288800 -0.00757500 0.04700000
v 0.03288800 -0.00757500 0.04670000
v 0.03293100 -0.00763100 0.04670000
v 0.03293100 -0.00763100 0.04670000
v 0.03293100 -0.00763100 0.04700000
v 0.03306300 -0.00607000 0.04700000
v 0.03306300 -0.00607000 0.04700000
v 0.03306300 -0.00607000 0.04670000
v 0.03311100 -0.00614800 0.04670000
v 0.03311100 -0.00614800 0.04670000
v 0.03311100 -0.00614800 0.04700000
v 0.03268400 -0.00214500 0.04700000
v 0.03353100 -0.00230600 0.04700000
v 0.03268400 -0.00214500 0.04670000
v 0.03353100 -0.00230600 0.04670000
v 0.03359500 -0.00230200 0.04700000
v 0.03359500 -0.00230200 0.04670000
v 0.03267300 -0.00214300 0.04670000
v 0.03267300 -0.00214300 0.04700000
v 0.03263100 -0.00215100 0.04670000
v 0.03263100 -0.00215100 0.04700000
v 0.03362800 -0.00228500 0.04700000
v 0.03362800 -0.00228500 0.04670000
v 0.03359500 -0.00230200 0.04670000
v 0.03359500 -0.00230200 0.04700000
v 0.03405500 -0.00158400 0.04700000
v 0.03405500 -0.00158400 0.04670000
v 0.03390100 -0.00198200 0.04670000
v 0.03390100 -0.00198200 0.04700000
v 0.03319800 -0.00026600 0.04700000
v 0.03319800 -0.00026600 0.04670000
v 0.03319800 -0.00026600 0.04670000
v 0.03332700 -0.00029900 0.04670000
v 0.03332700 -0.00029900 0.04700000
v 0.03375100 -0.00056100 0.04670000
v 0.03375100 -0.00056100 0.04700000
v 0.03269300 -0.00029300 0.04700000
v 0.03269300 -0.00029300 0.04670000
v 0.03319800 -0.00026600 0.04700000
v 0.03375100 -0.00056100 0.04700000
v 0.03375100 -0.00056100 0.04700000
v 0.03375100 -0.00056100 0.04670000
v 0.03402600 -0.00102400 0.04670000
v 0.03402600 -0.00102400 0.04670000
v 0.03402600 -0.00102400 0.04700000
v 0.03402600 -0.00102400 0.04700000
v 0.03402600 -0.00102400 0.04700000
v 0.03402600 -0.00102400 0.04670000
v 0.03405500 -0.00158400 0.04670000
v 0.03405500 -0.00158400 0.04670000
v 0.03405500 -0.00158400 0.04700000
v 0.03191600 -0.00117600 0.04700000
v 0.03191600 -0.00117600 0.04670000
v 0.03191600 -0.00117600 0.04670000
v 0.03195400 -0.00102700 0.04670000
v 0.03195400 -0.00102700 0.04700000
v 0.03224300 -0.00056200 0.04670000
v 0.03224300 -0.00056200 0.04700000
v 0.03203400 -0.00194700 0.04700000
v 0.03203400 -0.00194700 0.04670000
v 0.03190900 -0.00158100 0.04670000
v 0.03190900 -0.00158100 0.04700000
v 0.03191600 -0.00117600 0.04700000
v 0.03205200 -0.00201500 0.04700000
v 0.03205200 -0.00201500 0.04670000
v 0.03224300 -0.00056200 0.04700000
v 0.03224300 -0.00056200 0.04700000
v 0.03224300 -0.00056200 0.04670000
v 0.03269300 -0.00029300 0.04670000
v 0.03269300 -0.00029300 0.04670000
v 0.03269300 -0.00029300 0.04700000
v 0.03198400 -0.00213200 0.04700000
v 0.03198400 -0.00213200 0.04670000
v 0.03199500 -0.00212500 0.04670000
v 0.03199500 -0.00212500 0.04700000
v 0.03203700 -0.00207800 0.04670000
v 0.03203700 -0.00207800 0.04700000
v 0.03178400 -0.00224700 0.04700000
v 0.03178400 -0.00224700 0.04670000
v 0.03172800 -0.00226200 0.04700000
v 0.03172800 -0.00226200 0.04670000
v 0.03203700 -0.00207800 0.04700000
v 0.03203700 -0.00207800 0.04700000
v 0.03203700 -0.00207800 0.04670000
v 0.03205200 -0.00201500 0.04670000
v 0.03205200 -0.00201500 0.04670000
v 0.03205200 -0.00201500 0.04700000
v 0.03161900 -0.00219900 0.04700000
v 0.03161900 -0.00219900 0.04670000
v 0.03161900 -0.00219900 0.04670000
v 0.03162800 -0.00221300 0.04670000
v 0.03162800 -0.00221300 0.04700000
v 0.03167100 -0.00225000 0.04670000
v 0.03167100 -0.00225000 0.04700000
v 0.03145300 -0.00109700 0.04700000
v 0.03145300 -0.00109700 0.04670000
v 0.03144300 -0.00167500 0.04670000
v 0.03144300 -0.00167500 0.04700000
v 0.03161900 -0.00219900 0.04700000
v 0.03167100 -0.00225000 0.04700000
v 0.03167100 -0.00225000 0.04700000
v 0.03167100 -0.00225000 0.04670000
v 0.03172800 -0.00226200 0.04670000
v 0.03172800 -0.00226200 0.04670000
v 0.03172800 -0.00226200 0.04700000
v 0.03329500 0.00021100 0.04700000
v 0.03329500 0.00021100 0.04670000
v 0.03310000 0.00023600 0.04670000
v 0.03310000 0.00023600 0.04700000
v 0.03239600 0.00010700 0.04670000
v 0.03239600 0.00010700 0.04700000
v 0.03395000 -0.00008800 0.04700000
v 0.03395000 -0.00008800 0.04670000
v 0.03239600 0.00010700 0.04700000
v 0.03239600 0.00010700 0.04700000
v 0.03239600 0.00010700 0.04670000
v 0.03178400 -0.00036800 0.04670000
v 0.03178400 -0.00036800 0.04670000
v 0.03178400 -0.00036800 0.04700000
v 0.03178400 -0.00036800 0.04700000
v 0.03178400 -0.00036800 0.04700000
v 0.03178400 -0.00036800 0.04670000
v 0.03145300 -0.00109700 0.04670000
v 0.03145300 -0.00109700 0.04670000
v 0.03145300 -0.00109700 0.04700000
v 0.03452700 -0.00168300 0.04700000
v 0.03452700 -0.00168300 0.04670000
v 0.03455500 -0.00145600 0.04670000
v 0.03455500 -0.00145600 0.04700000
v 0.03441300 -0.00068400 0.04670000
v 0.03441300 -0.00068400 0.04700000
v 0.03425400 -0.00233300 0.04700000
v 0.03425400 -0.00233300 0.04670000
v 0.03441300 -0.00068400 0.04700000
v 0.03441300 -0.00068400 0.04700000
v 0.03441300 -0.00068400 0.04670000
v 0.03395000 -0.00008800 0.04670000
v 0.03395000 -0.00008800 0.04670000
v 0.03395000 -0.00008800 0.04700000
v 0.03376200 -0.00279200 0.04700000
v 0.03376200 -0.00279200 0.04700000
v 0.03376200 -0.00279200 0.04670000
v 0.03425400 -0.00233300 0.04670000
v 0.03425400 -0.00233300 0.04670000
v 0.03425400 -0.00233300 0.04700000
v 0.03352400 -0.00283400 0.04700000
v 0.03352400 -0.00283400 0.04670000
v 0.03360800 -0.00284000 0.04670000
v 0.03360800 -0.00284000 0.04700000
v 0.03376200 -0.00279200 0.04670000
v 0.03376200 -0.00279200 0.04700000
v 0.03259400 -0.00265700 0.04700000
v 0.03259400 -0.00265700 0.04670000
v 0.03255100 -0.00263700 0.04700000
v 0.03255100 -0.00263700 0.04670000
v 0.03251500 -0.00254200 0.04700000
v 0.03251500 -0.00254200 0.04670000
v 0.03251500 -0.00254200 0.04670000
v 0.03251400 -0.00255400 0.04670000
v 0.03251400 -0.00255400 0.04700000
v 0.03252200 -0.00259900 0.04670000
v 0.03252200 -0.00259900 0.04700000
v 0.03257700 -0.00221700 0.04700000
v 0.03257700 -0.00221700 0.04700000
v 0.03257700 -0.00221700 0.04670000
v 0.03259600 -0.00217700 0.04700000
v 0.03259600 -0.00217700 0.04670000
v 0.03252200 -0.00259900 0.04700000
v 0.03252200 -0.00259900 0.04700000
v 0.03252200 -0.00259900 0.04670000
v 0.03255100 -0.00263700 0.04670000
v 0.03255100 -0.00263700 0.04670000
v 0.03255100 -0.00263700 0.04700000
v 0.03263100 -0.00215100 0.04700000
v 0.03263100 -0.00215100 0.04700000
v 0.03263100 -0.00215100 0.04670000
v 0.03259600 -0.00217700 0.04670000
v 0.03259600 -0.00217700 0.04670000
v 0.03259600 -0.00217700 0.04700000
v 0.03601400 0.00476100 0.04670000
v 0.03601400 0.00476100 0.04670000
v 0.03601400 0.00476100 0.04670000
v 0.03601400 0.00476100 0.04670000
v 0.03577800 0.00480600 0.04670000
v 0.03577800 0.00480600 0.04670000
v 0.03577800 0.00480600 0.04670000
v 0.03577800 0.00480600 0.04670000
v 0.03577800 0.00480600 0.04670000
v 0.03577800 0.00480600 0.04670000
v 0.03577800 0.00480600 0.04670000
v 0.03577800 0.00480600 0.04670000
v 0.03487200 0.00005200 0.04670000
v 0.03487200 0.00005200 0.04670000
v 0.03487200 0.00005200 0.04670000
v 0.03487200 0.00005200 0.04670000
v 0.03487200 0.00005200 0.04670000
v 0.03487200 0.00005200 0.04670000
v 0.03487200 0.00005200 0.04670000
v 0.03487200 0.00005200 0.04670000
v 0.03487200 0.00005200 0.04670000
v 0.03487200 0.00005200 0.04670000
v 0.03487200 0.00005200 0.04670000
v 0.03487200 0.00005200 0.04670000
v 0.03487200 0.00005200 0.04670000
v 0.03487200 0.00005200 0.04670000
v 0.03111400 -0.00286400 0.04670000
v 0.03111400 -0.00286400 0.04670000
v 0.03111400 -0.00286400 0.04670000
v 0.03111400 -0.00286400 0.04670000
v 0.03111400 -0.00286400 0.04670000
v 0.03111400 -0.00286400 0.04670000
v 0.03111400 -0.00286400 0.04670000
v 0.03111400 -0.00286400 0.04670000
v 0.03111400 -0.00286400 0.04670000
v 0.03111400 -0.00286400 0.04670000
v 0.03111400 -0.00286400 0.04670000
v 0.03111400 -0.00286400 0.04670000
v 0.03111400 -0.00286400 0.04670000
v 0.03111400 -0.00286400 0.04670000
v 0.03111400 -0.00286400 0.04670000
v 0.03101300 -0.00340400 0.04670000
v 0.03101300 -0.00340400 0.04670000
v 0.03101300 -0.00340400 0.04670000
v 0.03106300 -0.00336600 0.04670000
v 0.03106300 -0.00336600 0.04670000
v 0.03409300 -0.00403800 0.04670000
v 0.03409300 -0.00403800 0.04670000
v 0.03409300 -0.00403800 0.04670000
v 0.03420300 -0.00345300 0.04670000
v 0.03420300 -0.00345300 0.04670000
v 0.03420300 -0.00345300 0.04670000
v 0.03420300 -0.00345300 0.04670000
v 0.03420300 -0.00345300 0.04670000
v 0.03420300 -0.00345300 0.04670000
v 0.03420300 -0.00345300 0.04670000
v 0.03420300 -0.00345300 0.04670000
v 0.03408200 -0.00397700 0.04670000
v 0.03408200 -0.00397700 0.04670000
v 0.03404400 -0.00392700 0.04670000
v 0.03404400 -0.00392700 0.04670000
v 0.03112300 -0.00335600 0.04670000
v 0.03112300 -0.00335600 0.04670000
v 0.03113900 -0.00335800 0.04670000
v 0.03113900 -0.00335800 0.04670000
v 0.03113900 -0.00335800 0.04670000
v 0.03398600 -0.00390100 0.04670000
v 0.03398600 -0.00390100 0.04670000
v 0.03098600 -0.00346200 0.04670000
v 0.03098600 -0.00346200 0.04670000
v 0.02938800 -0.00253500 0.04670000
v 0.02938800 -0.00253500 0.04670000
v 0.02938800 -0.00253500 0.04670000
v 0.02938800 -0.00253500 0.04670000
v 0.03093000 -0.00375500 0.04670000
v 0.03093000 -0.00375500 0.04670000
v 0.02908600 -0.00412200 0.04670000
v 0.03092800 -0.00377100 0.04670000
v 0.03093900 -0.00383200 0.04670000
v 0.03591200 -0.00377900 0.04670000
v 0.03591200 -0.00377900 0.04670000
v 0.03591200 -0.00377900 0.04670000
v 0.03591200 -0.00377900 0.04670000
v 0.03409000 -0.00405400 0.04670000
v 0.03409000 -0.00405400 0.04670000
v 0.03409000 -0.00405400 0.04670000
v 0.03560900 -0.00536600 0.04670000
v 0.03560900 -0.00536600 0.04670000
v 0.03560900 -0.00536600 0.04670000
v 0.03560900 -0.00536600 0.04670000
v 0.03560900 -0.00536600 0.04670000
v 0.03403400 -0.00434800 0.04670000
v 0.03403400 -0.00434800 0.04670000
v 0.03403400 -0.00434800 0.04670000
v 0.03390000 -0.00504000 0.04670000
v 0.03390000 -0.00504000 0.04670000
v 0.03390000 -0.00504000 0.04670000
v 0.03390000 -0.00504000 0.04670000
v 0.03390000 -0.00504000 0.04670000
v 0.03390000 -0.00504000 0.04670000
v 0.03390000 -0.00504000 0.04670000
v 0.03390000 -0.00504000 0.04670000
v 0.03390000 -0.00504000 0.04670000
v 0.03400800 -0.00440400 0.04670000
v 0.03400800 -0.00440400 0.04670000
v 0.03395800 -0.00444300 0.04670000
v 0.03395800 -0.00444300 0.04670000
v 0.03389800 -0.00445400 0.04670000
v 0.03389800 -0.00445400 0.04670000
v 0.03388100 -0.00445200 0.04670000
v 0.03388100 -0.00445200 0.04670000
v 0.03388100 -0.00445200 0.04670000
v 0.03081200 -0.00445100 0.04670000
v 0.03081200 -0.00445100 0.04670000
v 0.03081200 -0.00445100 0.04670000
v 0.03081200 -0.00445100 0.04670000
v 0.03081200 -0.00445100 0.04670000
v 0.03081200 -0.00445100 0.04670000
v 0.03081200 -0.00445100 0.04670000
v 0.03103400 -0.00390800 0.04670000
v 0.03103400 -0.00390800 0.04670000
v 0.03097700 -0.00388200 0.04670000
v 0.03097700 -0.00388200 0.04670000
v 0.03238900 -0.01069300 0.04670000
v 0.03238900 -0.01069300 0.04670000
v 0.03238900 -0.01069300 0.04670000
v 0.03233400 -0.01066700 0.04670000
v 0.03233400 -0.01066700 0.04670000
v 0.02959100 -0.01085100 0.04670000
v 0.02959100 -0.01085100 0.04670000
v 0.02959100 -0.01085100 0.04670000
v 0.02959100 -0.01085100 0.04670000
v 0.02959100 -0.01085100 0.04670000
v 0.02959100 -0.01085100 0.04670000
v 0.02959100 -0.01085100 0.04670000
v 0.02959100 -0.01085100 0.04670000
v 0.02959100 -0.01085100 0.04670000
v 0.02959100 -0.01085100 0.04670000
v 0.02959100 -0.01085100 0.04670000
v 0.03109400 -0.01044600 0.04670000
v 0.03109400 -0.01044600 0.04670000
v 0.03104500 -0.01042300 0.04670000
v 0.03104500 -0.01042300 0.04670000
v 0.02975200 -0.01000900 0.04670000
v 0.02974900 -0.01003100 0.04670000
v 0.02976300 -0.01011300 0.04670000
v 0.02976300 -0.01011300 0.04670000
v 0.03280600 -0.01067900 0.04670000
v 0.03280600 -0.01067900 0.04670000
v 0.03274100 -0.01072900 0.04670000
v 0.03274100 -0.01072900 0.04670000
v 0.03267900 -0.01144100 0.04670000
v 0.03267900 -0.01144100 0.04670000
v 0.03267900 -0.01144100 0.04670000
v 0.03267900 -0.01144100 0.04670000
v 0.03267900 -0.01144100 0.04670000
v 0.03267900 -0.01144100 0.04670000
v 0.03267900 -0.01144100 0.04670000
v 0.03267900 -0.01144100 0.04670000
v 0.03267900 -0.01144100 0.04670000
v 0.03267900 -0.01144100 0.04670000
v 0.03267900 -0.01144100 0.04670000
v 0.03266100 -0.01074300 0.04670000
v 0.03266100 -0.01074300 0.04670000
v 0.03264000 -0.01074100 0.04670000
v 0.03264000 -0.01074100 0.04670000
v 0.03025900 -0.01022800 0.04670000
v 0.03025900 -0.01022800 0.04670000
v 0.03025900 -0.01022800 0.04670000
v 0.03101300 -0.01038100 0.04670000
v 0.03101300 -0.01038100 0.04670000
v 0.03100400 -0.01033000 0.04670000
v 0.03100400 -0.01033000 0.04670000
v 0.03015600 -0.01026700 0.04670000
v 0.03015600 -0.01026700 0.04670000
v 0.02989300 -0.01021700 0.04670000
v 0.02989300 -0.01021700 0.04670000
v 0.02981400 -0.01018000 0.04670000
v 0.02981400 -0.01018000 0.04670000
v 0.03229800 -0.01062000 0.04670000
v 0.03229800 -0.01062000 0.04670000
v 0.03152500 -0.01046000 0.04670000
v 0.03152500 -0.01046000 0.04670000
v 0.03228800 -0.01056200 0.04670000
v 0.03228800 -0.01056200 0.04670000
v 0.03228800 -0.01056200 0.04670000
v 0.03155100 -0.01040400 0.04670000
v 0.03155100 -0.01040400 0.04670000
v 0.03229000 -0.01054700 0.04670000
v 0.03229000 -0.01054700 0.04670000
v 0.03183400 -0.00892100 0.04670000
v 0.03183400 -0.00892100 0.04670000
v 0.03183400 -0.00892100 0.04670000
v 0.03183400 -0.00892100 0.04670000
v 0.03257300 -0.00906200 0.04670000
v 0.03257300 -0.00906200 0.04670000
v 0.03257300 -0.00906200 0.04670000
v 0.03257300 -0.00906200 0.04670000
v 0.03147700 -0.01049700 0.04670000
v 0.03147700 -0.01049700 0.04670000
v 0.03141800 -0.01050700 0.04670000
v 0.03141800 -0.01050700 0.04670000
v 0.03141800 -0.01050700 0.04670000
v 0.03140300 -0.01050500 0.04670000
v 0.03140300 -0.01050500 0.04670000
v 0.03028000 -0.01018200 0.04670000
v 0.03100600 -0.01031700 0.04670000
v 0.03056700 -0.00867900 0.04670000
v 0.03056700 -0.00867900 0.04670000
v 0.03021800 -0.01026000 0.04670000
v 0.03021800 -0.01026000 0.04670000
v 0.03021800 -0.01026000 0.04670000
v 0.03016900 -0.01026900 0.04670000
v 0.03016900 -0.01026900 0.04670000
v 0.03257200 -0.00903100 0.04670000
v 0.03255600 -0.00900500 0.04670000
v 0.03255600 -0.00900500 0.04670000
v 0.03190900 -0.00887000 0.04670000
v 0.03190900 -0.00887000 0.04670000
v 0.03190900 -0.00887000 0.04670000
v 0.03190900 -0.00887000 0.04670000
v 0.03187700 -0.00887200 0.04670000
v 0.03185100 -0.00888800 0.04670000
v 0.03185100 -0.00888800 0.04670000
v 0.03253000 -0.00898900 0.04670000
v 0.03253000 -0.00898900 0.04670000
v 0.03252200 -0.00898700 0.04670000
v 0.03252200 -0.00898700 0.04670000
v 0.03252200 -0.00898700 0.04670000
v 0.03183600 -0.00891300 0.04670000
v 0.03183600 -0.00891300 0.04670000
v 0.03129000 -0.00878600 0.04670000
v 0.03127400 -0.00876000 0.04670000
v 0.03127400 -0.00876000 0.04670000
v 0.03129200 -0.00881700 0.04670000
v 0.03129200 -0.00881700 0.04670000
v 0.03124900 -0.00874500 0.04670000
v 0.03124900 -0.00874500 0.04670000
v 0.03124100 -0.00874300 0.04670000
v 0.03124100 -0.00874300 0.04670000
v 0.03064200 -0.00862900 0.04670000
v 0.03064200 -0.00862900 0.04670000
v 0.03061000 -0.00863000 0.04670000
v 0.03058400 -0.00864600 0.04670000
v 0.03056900 -0.00867200 0.04670000
v 0.03021900 -0.00755500 0.04670000
v 0.03021900 -0.00755500 0.04670000
v 0.03021900 -0.00755500 0.04670000
v 0.03021900 -0.00755500 0.04670000
v 0.03021900 -0.00755500 0.04670000
v 0.03021900 -0.00755500 0.04670000
v 0.03021900 -0.00755500 0.04670000
v 0.03021900 -0.00755500 0.04670000
v 0.03021900 -0.00755500 0.04670000
v 0.03021900 -0.00755500 0.04670000
v 0.03021900 -0.00755500 0.04670000
v 0.03021900 -0.00755500 0.04670000
v 0.03014400 -0.00806000 0.04670000
v 0.03014400 -0.00806000 0.04670000
v 0.03021300 -0.00800800 0.04670000
v 0.03021300 -0.00800800 0.04670000
v 0.03284100 -0.01060400 0.04670000
v 0.03284100 -0.01060400 0.04670000
v 0.03284100 -0.01060400 0.04670000
v 0.03438800 -0.01176700 0.04670000
v 0.03438800 -0.01176700 0.04670000
v 0.03438800 -0.01176700 0.04670000
v 0.03438800 -0.01176700 0.04670000
v 0.03319600 -0.00874400 0.04670000
v 0.03319600 -0.00874400 0.04670000
v 0.03501700 -0.00847000 0.04670000
v 0.03501700 -0.00847000 0.04670000
v 0.03501700 -0.00847000 0.04670000
v 0.03501700 -0.00847000 0.04670000
v 0.03319900 -0.00872000 0.04670000
v 0.03319900 -0.00872000 0.04670000
v 0.03330800 -0.00814400 0.04670000
v 0.03330800 -0.00814400 0.04670000
v 0.03330800 -0.00814400 0.04670000
v 0.03330800 -0.00814400 0.04670000
v 0.03330800 -0.00814400 0.04670000
v 0.03330800 -0.00814400 0.04670000
v 0.03330800 -0.00814400 0.04670000
v 0.03330800 -0.00814400 0.04670000
v 0.03330800 -0.00814400 0.04670000
v 0.03330800 -0.00814400 0.04670000
v 0.03330800 -0.00814400 0.04670000
v 0.03318300 -0.00863000 0.04670000
v 0.03318300 -0.00863000 0.04670000
v 0.03312700 -0.00855500 0.04670000
v 0.03312700 -0.00855500 0.04670000
v 0.03029600 -0.00799300 0.04670000
v 0.03029600 -0.00799300 0.04670000
v 0.03031800 -0.00799600 0.04670000
v 0.03031800 -0.00799600 0.04670000
v 0.03031800 -0.00799600 0.04670000
v 0.03304000 -0.00851600 0.04670000
v 0.03304000 -0.00851600 0.04670000
v 0.03131300 0.00521000 0.04670000
v 0.03090300 0.00479300 0.04670000
v 0.03090300 0.00479300 0.04670000
v 0.03185200 0.00543800 0.04670000
v 0.03185200 0.00543800 0.04670000
v 0.03068300 0.00425100 0.04670000
v 0.03068300 0.00425100 0.04670000
v 0.03068300 0.00425100 0.04670000
v 0.03243700 0.00544300 0.04670000
v 0.03243700 0.00544300 0.04670000
v 0.03243700 0.00544300 0.04670000
v 0.03697300 0.00413100 0.04670000
v 0.03655600 0.00454100 0.04670000
v 0.03655600 0.00454100 0.04670000
v 0.03720200 0.00359200 0.04670000
v 0.03720200 0.00359200 0.04670000
v 0.03720600 0.00300600 0.04670000
v 0.03658100 -0.00027400 0.04670000
v 0.03658100 -0.00027400 0.04670000
v 0.03658100 -0.00027400 0.04670000
v 0.03239100 -0.01295000 0.04670000
v 0.03239100 -0.01295000 0.04670000
v 0.03239100 -0.01295000 0.04670000
v 0.03239100 -0.01295000 0.04670000
v 0.03239100 -0.01295000 0.04670000
v 0.03239100 -0.01295000 0.04670000
v 0.03239100 -0.01295000 0.04670000
v 0.03239100 -0.01295000 0.04670000
v 0.03239100 -0.01295000 0.04670000
v 0.03239100 -0.01295000 0.04670000
v 0.03239100 -0.01295000 0.04670000
v 0.03239100 -0.01295000 0.04670000
v 0.03239100 -0.01295000 0.04670000
v 0.03239100 -0.01295000 0.04670000
v 0.03164400 -0.01686700 0.04670000
v 0.03164400 -0.01686700 0.04670000
v 0.03164400 -0.01686700 0.04670000
v 0.03164400 -0.01686700 0.04670000
v 0.03164400 -0.01686700 0.04670000
v 0.03164400 -0.01686700 0.04670000
v 0.03164400 -0.01686700 0.04670000
v 0.03164400 -0.01686700 0.04670000
v 0.03164400 -0.01686700 0.04670000
v 0.03164400 -0.01686700 0.04670000
v 0.03348700 -0.01649200 0.04670000
v 0.03348700 -0.01649200 0.04670000
v 0.03348700 -0.01649200 0.04670000
v 0.03173200 -0.01768400 0.04670000
v 0.03173200 -0.01768400 0.04670000
v 0.03231800 -0.01767900 0.04670000
v 0.03231800 -0.01767900 0.04670000
v 0.03326700 -0.01703400 0.04670000
v 0.03326700 -0.01703400 0.04670000
v 0.03285600 -0.01745100 0.04670000
v 0.02719600 -0.01637200 0.04670000
v 0.02719600 -0.01637200 0.04670000
v 0.02761300 -0.01678200 0.04670000
v 0.02855500 -0.01627800 0.04670000
v 0.02855500 -0.01627800 0.04670000
v 0.02855500 -0.01627800 0.04670000
v 0.02855500 -0.01627800 0.04670000
v 0.02855500 -0.01627800 0.04670000
v 0.02855500 -0.01627800 0.04670000
v 0.02855500 -0.01627800 0.04670000
v 0.02855500 -0.01627800 0.04670000
v 0.02855500 -0.01627800 0.04670000
v 0.02855500 -0.01627800 0.04670000
v 0.02855500 -0.01627800 0.04670000
v 0.03332900 -0.00769900 0.04670000
v 0.03332900 -0.00769900 0.04670000
v 0.03325900 -0.00771100 0.04670000
v 0.03325900 -0.00771100 0.04670000
v 0.03324100 -0.00770900 0.04670000
v 0.03324100 -0.00770900 0.04670000
v 0.03299800 -0.00766200 0.04670000
v 0.03299800 -0.00766200 0.04670000
v 0.03299800 -0.00766200 0.04670000
v 0.03293100 -0.00763100 0.04670000
v 0.03293100 -0.00763100 0.04670000
v 0.03288800 -0.00757500 0.04670000
v 0.03288800 -0.00757500 0.04670000
v 0.03296300 -0.00601700 0.04670000
v 0.03296300 -0.00601700 0.04670000
v 0.03296300 -0.00601700 0.04670000
v 0.03296300 -0.00601700 0.04670000
v 0.03070300 -0.00558600 0.04670000
v 0.03070300 -0.00558600 0.04670000
v 0.03311600 -0.00624200 0.04670000
v 0.03311600 -0.00624200 0.04670000
v 0.03311600 -0.00624200 0.04670000
v 0.03311600 -0.00624200 0.04670000
v 0.03311100 -0.00614800 0.04670000
v 0.03306300 -0.00607000 0.04670000
v 0.03306300 -0.00607000 0.04670000
v 0.03287600 -0.00750600 0.04670000
v 0.03287600 -0.00750600 0.04670000
v 0.03287800 -0.00748800 0.04670000
v 0.03287800 -0.00748800 0.04670000
v 0.03287800 -0.00748800 0.04670000
v 0.03298600 -0.00602300 0.04670000
v 0.03298600 -0.00602300 0.04670000
v 0.03069200 -0.00507800 0.04670000
v 0.03069200 -0.00507800 0.04670000
v 0.03069200 -0.00507800 0.04670000
v 0.03073800 -0.00504300 0.04670000
v 0.03073800 -0.00504300 0.04670000
v 0.03368900 -0.00560800 0.04670000
v 0.03368900 -0.00560800 0.04670000
v 0.03374500 -0.00568300 0.04670000
v 0.03374500 -0.00568300 0.04670000
v 0.03376100 -0.00577300 0.04670000
v 0.03376100 -0.00577300 0.04670000
v 0.03376100 -0.00577300 0.04670000
v 0.03375800 -0.00579700 0.04670000
v 0.03375800 -0.00579700 0.04670000
v 0.03375800 -0.00579700 0.04670000
v 0.03501700 -0.00847000 0.04670000
v 0.03501700 -0.00847000 0.04670000
v 0.03341600 -0.00759000 0.04670000
v 0.03341600 -0.00759000 0.04670000
v 0.03341600 -0.00759000 0.04670000
v 0.03338500 -0.00765600 0.04670000
v 0.03338500 -0.00765600 0.04670000
v 0.03079300 -0.00503300 0.04670000
v 0.03079300 -0.00503300 0.04670000
v 0.03080800 -0.00503500 0.04670000
v 0.03080800 -0.00503500 0.04670000
v 0.03080800 -0.00503500 0.04670000
v 0.03360300 -0.00556800 0.04670000
v 0.03360300 -0.00556800 0.04670000
v 0.02908600 -0.00412200 0.04670000
v 0.02908600 -0.00412200 0.04670000
v 0.02908600 -0.00412200 0.04670000
v 0.02908600 -0.00412200 0.04670000
v 0.02908600 -0.00412200 0.04670000
v 0.02908600 -0.00412200 0.04670000
v 0.03066800 -0.00513100 0.04670000
v 0.03066800 -0.00513100 0.04670000
v 0.03065000 -0.00556100 0.04670000
v 0.03065000 -0.00556100 0.04670000
v 0.03061500 -0.00551600 0.04670000
v 0.03061500 -0.00551600 0.04670000
v 0.03061500 -0.00551600 0.04670000
v 0.02849400 -0.00722600 0.04670000
v 0.02849400 -0.00722600 0.04670000
v 0.02849400 -0.00722600 0.04670000
v 0.03060600 -0.00546000 0.04670000
v 0.03060600 -0.00546000 0.04670000
v 0.03060600 -0.00546000 0.04670000
v 0.03060800 -0.00544600 0.04670000
v 0.03060800 -0.00544600 0.04670000
v 0.02815600 -0.01700200 0.04670000
v 0.02815600 -0.01700200 0.04670000
v 0.02840800 -0.01705000 0.04670000
v 0.02840800 -0.01705000 0.04670000
v 0.02840800 -0.01705000 0.04670000
v 0.03149700 -0.01763900 0.04670000
v 0.03149700 -0.01763900 0.04670000
v 0.02918000 -0.01552800 0.04670000
v 0.02918000 -0.01552800 0.04670000
v 0.02918000 -0.01552800 0.04670000
v 0.02918000 -0.01552800 0.04670000
v 0.02906000 -0.01556400 0.04670000
v 0.02906000 -0.01556400 0.04670000
v 0.02895900 -0.01555200 0.04670000
v 0.02895900 -0.01555200 0.04670000
v 0.02884000 -0.01548100 0.04670000
v 0.02884000 -0.01548100 0.04670000
v 0.02930300 -0.01236100 0.04670000
v 0.02930300 -0.01236100 0.04670000
v 0.02930300 -0.01236100 0.04670000
v 0.02930300 -0.01236100 0.04670000
v 0.02930300 -0.01236100 0.04670000
v 0.02930300 -0.01236100 0.04670000
v 0.02924900 -0.01285700 0.04670000
v 0.02924900 -0.01285700 0.04670000
v 0.02935800 -0.01277600 0.04670000
v 0.03167300 -0.01601400 0.04670000
v 0.03167300 -0.01601400 0.04670000
v 0.03154100 -0.01603500 0.04670000
v 0.03154100 -0.01603500 0.04670000
v 0.03150900 -0.01603100 0.04670000
v 0.03150900 -0.01603100 0.04670000
v 0.03150900 -0.01603100 0.04670000
v 0.03139900 -0.01598400 0.04670000
v 0.03139900 -0.01598400 0.04670000
v 0.03139900 -0.01598400 0.04670000
v 0.03130900 -0.01588000 0.04670000
v 0.03130900 -0.01588000 0.04670000
v 0.03044600 -0.01476800 0.04670000
v 0.02876900 -0.01536300 0.04670000
v 0.02876900 -0.01536300 0.04670000
v 0.02876200 -0.01522200 0.04670000
v 0.02876200 -0.01522200 0.04670000
v 0.02876200 -0.01522200 0.04670000
v 0.03184300 -0.01580400 0.04670000
v 0.03184300 -0.01580400 0.04670000
v 0.03184300 -0.01580400 0.04670000
v 0.03184300 -0.01580400 0.04670000
v 0.03178200 -0.01593300 0.04670000
v 0.03178200 -0.01593300 0.04670000
v 0.02918800 -0.01298700 0.04670000
v 0.02918800 -0.01298700 0.04670000
v 0.02919100 -0.01310600 0.04670000
v 0.02919100 -0.01310600 0.04670000
v 0.02882100 -0.01509800 0.04670000
v 0.02882100 -0.01509800 0.04670000
v 0.02882100 -0.01509800 0.04670000
v 0.02924300 -0.01321300 0.04670000
v 0.02924300 -0.01321300 0.04670000
v 0.02924300 -0.01321300 0.04670000
v 0.02889600 -0.01503400 0.04670000
v 0.02889600 -0.01503400 0.04670000
v 0.03010200 -0.01431100 0.04670000
v 0.03185200 -0.01326200 0.04670000
v 0.03185200 -0.01326200 0.04670000
v 0.03198200 -0.01322500 0.04670000
v 0.03198200 -0.01322500 0.04670000
v 0.03202600 -0.01322700 0.04670000
v 0.03202600 -0.01322700 0.04670000
v 0.03215400 -0.01327700 0.04670000
v 0.03215400 -0.01327700 0.04670000
v 0.03224400 -0.01338000 0.04670000
v 0.03224400 -0.01338000 0.04670000
v 0.03227600 -0.01351900 0.04670000
v 0.03227600 -0.01351900 0.04670000
v 0.03227600 -0.01351900 0.04670000
v 0.03224200 -0.01364400 0.04670000
v 0.03224200 -0.01364400 0.04670000
v 0.03224200 -0.01364400 0.04670000
v 0.03184000 -0.01568300 0.04670000
v 0.03184000 -0.01568300 0.04670000
v 0.03184000 -0.01568300 0.04670000
v 0.03215100 -0.01374600 0.04670000
v 0.03215100 -0.01374600 0.04670000
v 0.03215100 -0.01374600 0.04670000
v 0.03178900 -0.01557600 0.04670000
v 0.03178900 -0.01557600 0.04670000
v 0.03178900 -0.01557600 0.04670000
v 0.03213600 -0.01375600 0.04670000
v 0.03213600 -0.01375600 0.04670000
v 0.03092900 -0.01447800 0.04670000
v 0.02949400 -0.01275500 0.04670000
v 0.02949400 -0.01275500 0.04670000
v 0.02961800 -0.01279600 0.04670000
v 0.02961800 -0.01279600 0.04670000
v 0.02970500 -0.01288000 0.04670000
v 0.02970500 -0.01288000 0.04670000
v 0.02972200 -0.01290900 0.04670000
v 0.02972200 -0.01290900 0.04670000
v 0.03058500 -0.01402200 0.04670000
v 0.03010600 -0.00814000 0.04670000
v 0.02786500 -0.01052200 0.04670000
v 0.02757700 -0.01203200 0.04670000
v 0.02696300 -0.01524700 0.04670000
v 0.02696300 -0.01524700 0.04670000
v 0.02696800 -0.01583300 0.04670000
v 0.02696800 -0.01583300 0.04670000
v 0.03074000 -0.01189500 0.04670000
v 0.03074000 -0.01189500 0.04670000
v 0.03085100 -0.01181900 0.04670000
v 0.03085100 -0.01181900 0.04670000
v 0.03098400 -0.01181000 0.04670000
v 0.03098400 -0.01181000 0.04670000
v 0.03068100 -0.01201500 0.04670000
v 0.03069100 -0.01214900 0.04670000
v 0.03110400 -0.01186800 0.04670000
v 0.03110400 -0.01186800 0.04670000
v 0.03118000 -0.01197900 0.04670000
v 0.03118000 -0.01197900 0.04670000
v 0.03118000 -0.01197900 0.04670000
v 0.03119000 -0.01211200 0.04670000
v 0.03119000 -0.01211200 0.04670000
v 0.03113100 -0.01223300 0.04670000
v 0.03113100 -0.01223300 0.04670000
v 0.03102100 -0.01230800 0.04670000
v 0.03102100 -0.01230800 0.04670000
v 0.03088700 -0.01231800 0.04670000
v 0.03088700 -0.01231800 0.04670000
v 0.03088700 -0.01231800 0.04670000
v 0.03076700 -0.01225900 0.04670000
v 0.03076700 -0.01225900 0.04670000
v 0.03410000 -0.01327600 0.04670000
v 0.03410000 -0.01327600 0.04670000
v 0.03178300 0.00064200 0.04670000
v 0.03178300 0.00064200 0.04670000
v 0.03178300 0.00064200 0.04670000
v 0.03178300 0.00064200 0.04670000
v 0.03178300 0.00064200 0.04670000
v 0.03178300 0.00064200 0.04670000
v 0.03178300 0.00064200 0.04670000
v 0.03178300 0.00064200 0.04670000
v 0.03178300 0.00064200 0.04670000
v 0.03005700 0.00097100 0.04670000
v 0.03005700 0.00097100 0.04670000
v 0.03191600 -0.00117600 0.04670000
v 0.03191600 -0.00117600 0.04670000
v 0.03191600 -0.00117600 0.04670000
v 0.03190900 -0.00158100 0.04670000
v 0.03203400 -0.00194700 0.04670000
v 0.03203400 -0.00194700 0.04670000
v 0.03203400 -0.00194700 0.04670000
v 0.03203400 -0.00194700 0.04670000
v 0.03205200 -0.00201500 0.04670000
v 0.03205200 -0.00201500 0.04670000
v 0.03205200 -0.00201500 0.04670000
v 0.03205200 -0.00201500 0.04670000
v 0.03259600 -0.00217700 0.04670000
v 0.03259600 -0.00217700 0.04670000
v 0.03263100 -0.00215100 0.04670000
v 0.03263100 -0.00215100 0.04670000
v 0.03405500 -0.00158400 0.04670000
v 0.03405500 -0.00158400 0.04670000
v 0.03402600 -0.00102400 0.04670000
v 0.03195400 -0.00102700 0.04670000
v 0.03195400 -0.00102700 0.04670000
v 0.03195400 -0.00102700 0.04670000
v 0.03375100 -0.00056100 0.04670000
v 0.03375100 -0.00056100 0.04670000
v 0.03269300 -0.00029300 0.04670000
v 0.03224300 -0.00056200 0.04670000
v 0.03319800 -0.00026600 0.04670000
v 0.03319800 -0.00026600 0.04670000
v 0.03332700 -0.00029900 0.04670000
v 0.03332700 -0.00029900 0.04670000
v 0.03255100 -0.00263700 0.04670000
v 0.03255100 -0.00263700 0.04670000
v 0.03252200 -0.00259900 0.04670000
v 0.03252200 -0.00259900 0.04670000
v 0.03251400 -0.00255400 0.04670000
v 0.03251400 -0.00255400 0.04670000
v 0.03251400 -0.00255400 0.04670000
v 0.03251400 -0.00255400 0.04670000
v 0.03251400 -0.00255400 0.04670000
v 0.03178400 -0.00036800 0.04670000
v 0.03239600 0.00010700 0.04670000
v 0.03239600 0.00010700 0.04670000
v 0.03267300 -0.00214300 0.04670000
v 0.03267300 -0.00214300 0.04670000
v 0.03390100 -0.00198200 0.04670000
v 0.03390100 -0.00198200 0.04670000
v 0.03145300 -0.00109700 0.04670000
v 0.03145300 -0.00109700 0.04670000
v 0.03359500 -0.00230200 0.04670000
v 0.03362800 -0.00228500 0.04670000
v 0.03353100 -0.00230600 0.04670000
v 0.03268400 -0.00214500 0.04670000
v 0.03167100 -0.00225000 0.04670000
v 0.03167100 -0.00225000 0.04670000
v 0.03162800 -0.00221300 0.04670000
v 0.03162800 -0.00221300 0.04670000
v 0.03376200 -0.00279200 0.04670000
v 0.03360800 -0.00284000 0.04670000
v 0.03360800 -0.00284000 0.04670000
v 0.03352400 -0.00283400 0.04670000
v 0.03352400 -0.00283400 0.04670000
v 0.03352400 -0.00283400 0.04670000
v 0.03259400 -0.00265700 0.04670000
v 0.03259400 -0.00265700 0.04670000
v 0.03257700 -0.00221700 0.04670000
v 0.03257700 -0.00221700 0.04670000
v 0.03203700 -0.00207800 0.04670000
v 0.03203700 -0.00207800 0.04670000
v 0.03251500 -0.00254200 0.04670000
v 0.03251500 -0.00254200 0.04670000
v 0.03251500 -0.00254200 0.04670000
v 0.03199500 -0.00212500 0.04670000
v 0.03199500 -0.00212500 0.04670000
v 0.03199500 -0.00212500 0.04670000
v 0.03198400 -0.00213200 0.04670000
v 0.03198400 -0.00213200 0.04670000
v 0.03178400 -0.00224700 0.04670000
v 0.03178400 -0.00224700 0.04670000
v 0.03178400 -0.00224700 0.04670000
v 0.03172800 -0.00226200 0.04670000
v 0.03172800 -0.00226200 0.04670000
v 0.03161900 -0.00219900 0.04670000
v 0.03161900 -0.00219900 0.04670000
v 0.03144300 -0.00167500 0.04670000
v 0.03144300 -0.00167500 0.04670000
v 0.03310000 0.00023600 0.04670000
v 0.03310000 0.00023600 0.04670000
v 0.03329500 0.00021100 0.04670000
v 0.03329500 0.00021100 0.04670000
v 0.03329500 0.00021100 0.04670000
v 0.03395000 -0.00008800 0.04670000
v 0.03395000 -0.00008800 0.04670000
v 0.03441300 -0.00068400 0.04670000
v 0.03441300 -0.00068400 0.04670000
v 0.03455500 -0.00145600 0.04670000
v 0.03455500 -0.00145600 0.04670000
v 0.03452700 -0.00168300 0.04670000
v 0.03452700 -0.00168300 0.04670000
v 0.03425400 -0.00233300 0.04670000
v 0.03219400 0.00225100 0.04670000
v 0.03219400 0.00225100 0.04670000
v 0.03218900 0.00227300 0.04670000
v 0.03218900 0.00227300 0.04670000
v 0.03219300 0.00231200 0.04670000
v 0.03269000 0.00539500 0.04670000
v 0.03269000 0.00539500 0.04670000
v 0.03269000 0.00539500 0.04670000
v 0.03541100 0.00327300 0.04670000
v 0.03541100 0.00327300 0.04670000
v 0.03542000 0.00327100 0.04670000
v 0.03542000 0.00327100 0.04670000
v 0.03489300 0.00023200 0.04670000
v 0.03489300 0.00023200 0.04670000
v 0.03488700 0.00022600 0.04670000
v 0.03488700 0.00022600 0.04670000
v 0.03486000 0.00020900 0.04670000
v 0.03486000 0.00020900 0.04670000
v 0.03482000 0.00020400 0.04670000
v 0.03482000 0.00020400 0.04670000
v 0.03478400 0.00022000 0.04670000
v 0.03478400 0.00022000 0.04670000
v 0.03221900 0.00222000 0.04670000
v 0.03221900 0.00222000 0.04670000
v 0.03221500 0.00234500 0.04670000
v 0.03221500 0.00234500 0.04670000
v 0.03224700 0.00236200 0.04670000
v 0.03224700 0.00236200 0.04670000
v 0.03224700 0.00236200 0.04670000
v 0.03537600 0.00327200 0.04670000
v 0.03537600 0.00327200 0.04670000
v 0.03344900 0.00212300 0.04670000
v 0.03342400 0.00200000 0.04670000
v 0.03342400 0.00200000 0.04670000
v 0.03342400 0.00200000 0.04670000
v 0.03342400 0.00200000 0.04670000
v 0.03531900 0.00266500 0.04670000
v 0.03531900 0.00266500 0.04670000
v 0.03496200 0.00078700 0.04670000
v 0.03496200 0.00078700 0.04670000
v 0.03496200 0.00078700 0.04670000
v 0.03535000 0.00268200 0.04670000
v 0.03544900 0.00325100 0.04670000
v 0.03546600 0.00322100 0.04670000
v 0.03546600 0.00322100 0.04670000
v 0.03546700 0.00318900 0.04670000
v 0.03546700 0.00318900 0.04670000
v 0.03536100 0.00269300 0.04670000
v 0.03536100 0.00269300 0.04670000
v 0.03498700 0.00075500 0.04670000
v 0.03498700 0.00075500 0.04670000
v 0.03537900 0.00273300 0.04670000
v 0.03537900 0.00273300 0.04670000
v 0.03537900 0.00273300 0.04670000
v 0.03499300 0.00073200 0.04670000
v 0.03499300 0.00073200 0.04670000
v 0.03499200 0.00070400 0.04670000
v 0.03499200 0.00070400 0.04670000
v 0.03499200 0.00070400 0.04670000
v 0.03499200 0.00070400 0.04670000
v 0.03339700 0.00205800 0.04670000
v 0.03340400 0.00202500 0.04670000
v 0.03340400 0.00202500 0.04670000
v 0.03340700 0.00209100 0.04670000
v 0.03340700 0.00209100 0.04670000
v 0.03340700 0.00209100 0.04670000
v 0.03341800 0.00210500 0.04670000
v 0.03341800 0.00210500 0.04670000
v 0.03490900 0.00026800 0.04670000
v 0.03490900 0.00026800 0.04670000
v 0.03005700 0.00097100 0.04670000
v 0.03068300 0.00425100 0.04670000
v 0.03019200 0.00434400 0.04720000
v 0.02786500 -0.01052200 0.04670000
v 0.02647200 -0.01515400 0.04720000
v 0.02757700 -0.01203200 0.04670000
v 0.02696300 -0.01524700 0.04670000
v 0.02849400 -0.00722600 0.04670000
v 0.02908600 -0.00412200 0.04670000
v 0.02938800 -0.00253500 0.04670000
v 0.03243700 0.00544300 0.04670000
v 0.03243700 0.00544300 0.04670000
v 0.03253100 0.00593400 0.04720000
v 0.03185200 0.00543800 0.04670000
v 0.03175100 0.00592800 0.04720000
v 0.03131300 0.00521000 0.04670000
v 0.03103200 0.00562400 0.04720000
v 0.03090300 0.00479300 0.04670000
v 0.03048500 0.00506800 0.04720000
v 0.03601400 0.00476100 0.04670000
v 0.03610800 0.00525200 0.04720000
v 0.03577800 0.00480600 0.04670000
v 0.03577800 0.00480600 0.04670000
v 0.03253100 0.00593400 0.04720000
v 0.03253100 0.00593400 0.04720000
v 0.03253100 0.00593400 0.04720000
v 0.03269000 0.00539500 0.04670000
v 0.03269000 0.00539500 0.04670000
v 0.03720600 0.00300600 0.04670000
v 0.03769700 0.00291300 0.04720000
v 0.03720200 0.00359200 0.04670000
v 0.03769100 0.00369300 0.04720000
v 0.03697300 0.00413100 0.04670000
v 0.03738700 0.00441200 0.04720000
v 0.03738700 0.00441200 0.04720000
v 0.03655600 0.00454100 0.04670000
v 0.03655600 0.00454100 0.04670000
v 0.03683100 0.00495900 0.04720000
v 0.03658100 -0.00027400 0.04670000
v 0.03658100 -0.00027400 0.04670000
v 0.03348700 -0.01649200 0.04670000
v 0.03397800 -0.01658500 0.04720000
v 0.03410000 -0.01327600 0.04670000
v 0.03438800 -0.01176700 0.04670000
v 0.03591200 -0.00377900 0.04670000
v 0.03591200 -0.00377900 0.04670000
v 0.03769700 0.00291300 0.04720000
v 0.03769700 0.00291300 0.04720000
v 0.03769700 0.00291300 0.04720000
v 0.03560900 -0.00536600 0.04670000
v 0.03560900 -0.00536600 0.04670000
v 0.03501700 -0.00847000 0.04670000
v 0.03173200 -0.01768400 0.04670000
v 0.03163900 -0.01817500 0.04720000
v 0.03231800 -0.01767900 0.04670000
v 0.03231800 -0.01767900 0.04670000
v 0.03163900 -0.01817500 0.04720000
v 0.03241900 -0.01816900 0.04720000
v 0.03285600 -0.01745100 0.04670000
v 0.03313800 -0.01786500 0.04720000
v 0.03326700 -0.01703400 0.04670000
v 0.03368500 -0.01730900 0.04720000
v 0.02840800 -0.01705000 0.04670000
v 0.02815600 -0.01700200 0.04670000
v 0.02806200 -0.01749300 0.04720000
v 0.03149700 -0.01763900 0.04670000
v 0.02696800 -0.01583300 0.04670000
v 0.02647800 -0.01593400 0.04720000
v 0.02719600 -0.01637200 0.04670000
v 0.02678300 -0.01665300 0.04720000
v 0.02761300 -0.01678200 0.04670000
v 0.02733900 -0.01720000 0.04720000
v 0.03397800 -0.01658500 0.04720000
v 0.03368500 -0.01730900 0.04720000
v 0.03429600 -0.02058300 0.04720000
v 0.03313800 -0.01786500 0.04720000
v 0.03357000 -0.02139300 0.04720000
v 0.03241900 -0.01816900 0.04720000
v 0.03259600 -0.02187800 0.04720000
v 0.03163900 -0.01817500 0.04720000
v 0.03151200 -0.02196700 0.04720000
v 0.02584300 -0.02168400 0.04720000
v 0.03201000 0.01064800 0.04720000
v 0.03253100 0.00593400 0.04720000
v 0.03738500 0.00882400 0.04720000
v 0.03610800 0.00525200 0.04720000
v 0.03836100 0.00834200 0.04720000
v 0.03683100 0.00495900 0.04720000
v 0.03908800 0.00753300 0.04720000
v 0.03946500 0.00651200 0.04720000
v 0.02182100 0.01626200 0.04720000
v 0.02375600 0.01327700 0.04720000
v 0.02206700 0.01608700 0.04720000
v 0.02688100 0.01307900 0.04720000
v 0.03738700 0.00441200 0.04720000
v 0.03769100 0.00369300 0.04720000
v 0.03995600 0.00184700 0.04720000
v 0.03769700 0.00291300 0.04720000
v 0.03989700 -0.00284400 0.04720000
v 0.02806200 -0.01749300 0.04720000
v 0.02733900 -0.01720000 0.04720000
v 0.02017900 -0.02205600 0.04720000
v 0.02678300 -0.01665300 0.04720000
v 0.02060100 -0.01778200 0.04720000
v 0.02647800 -0.01593400 0.04720000
v 0.02337600 -0.01393500 0.04720000
v 0.02647200 -0.01515400 0.04720000
v 0.02570000 0.00895000 0.04720000
v 0.03103200 0.00562400 0.04720000
v 0.03175100 0.00592800 0.04720000
v 0.01430200 -0.02315300 0.04720000
v 0.01459600 -0.02308000 0.04720000
v 0.01720000 -0.02108900 0.04720000
v 0.02686400 0.00435100 0.04720000
v 0.03019200 0.00434400 0.04720000
v 0.03048500 0.00506800 0.04720000
v 0.03647000 -0.01642600 0.04720000
v 0.03814200 -0.01204300 0.04720000
v 0.03929000 -0.00749500 0.04720000
v 0.02721200 -0.00038000 0.04720000
v 0.02673200 -0.00509900 0.04720000
v 0.02544100 -0.00966400 0.04720000
v 0.03490300 -0.02094600 0.04690700
v 0.03462400 -0.02078000 0.04712400
v 0.03380200 -0.02169800 0.04712400
v 0.03462400 -0.02078000 0.04712400
v 0.03380200 -0.02169800 0.04712400
v 0.03269900 -0.02224600 0.04712400
v 0.03147000 -0.02234700 0.04712400
v 0.03399900 -0.02195600 0.04690700
v 0.03269900 -0.02224600 0.04712400
v 0.03278600 -0.02255900 0.04690700
v 0.03147000 -0.02234700 0.04712400
v 0.03143600 -0.02267000 0.04690700
v 0.01187400 -0.02423500 0.04712100
v 0.01468600 -0.02345200 0.04712400
v 0.01187400 -0.02423500 0.04712100
v 0.01074200 -0.02476500 0.04703700
v 0.01476300 -0.02376700 0.04690700
v 0.00944100 -0.02539100 0.04691000
v 0.00941400 -0.02540500 0.04690700
v 0.01468600 -0.02345200 0.04712400
v 0.02026600 -0.02275800 0.04690700
v 0.02022600 -0.02243600 0.04712400
v 0.02584800 -0.02239100 0.04690700
v 0.02584600 -0.02206600 0.04712400
v 0.02022600 -0.02243600 0.04712400
v 0.02584600 -0.02206600 0.04712400
v 0.00944000 -0.02539000 0.04691200
v 0.01068800 -0.02469700 0.04709800
v 0.01068800 -0.02469700 0.04709800
v 0.01410100 -0.02282700 0.04727600
v 0.00943900 -0.02538900 0.04691300
v 0.01063600 -0.02463400 0.04716700
v 0.01410100 -0.02282700 0.04727600
v 0.01393100 -0.02255100 0.04749300
v 0.01695800 -0.02079300 0.04727600
v 0.02031100 -0.01753200 0.04727600
v 0.02304700 -0.01373900 0.04727600
v 0.02508300 -0.00952800 0.04727600
v 0.02635600 -0.00502800 0.04727600
v 0.02682900 -0.00037500 0.04727600
v 0.02648600 0.00429000 0.04727600
v 0.02533900 0.00882400 0.04727600
v 0.02342200 0.01309000 0.04727600
v 0.02151400 0.01603300 0.04727600
v 0.01675300 -0.02054200 0.04749300
v 0.01695800 -0.02079300 0.04727600
v 0.02006600 -0.01732000 0.04749300
v 0.02031100 -0.01753200 0.04727600
v 0.02276900 -0.01357300 0.04749300
v 0.02304700 -0.01373900 0.04727600
v 0.02478000 -0.00941300 0.04749300
v 0.02508300 -0.00952800 0.04727600
v 0.02603800 -0.00496700 0.04749300
v 0.02635600 -0.00502800 0.04727600
v 0.02650400 -0.00037000 0.04749300
v 0.02682900 -0.00037500 0.04727600
v 0.02616600 0.00423800 0.04749300
v 0.02648600 0.00429000 0.04727600
v 0.02503300 0.00871700 0.04749300
v 0.02533900 0.00882400 0.04727600
v 0.02313900 0.01293200 0.04749300
v 0.02342200 0.01309000 0.04727600
v 0.02125400 0.01583900 0.04749300
v 0.01810500 0.02015500 0.04690700
v 0.01812400 0.02013200 0.04691200
v 0.01812600 0.02013300 0.04691000
v 0.01902900 0.01902800 0.04709800
v 0.01910500 0.01907200 0.04703700
v 0.01812300 0.02013100 0.04691300
v 0.01895800 0.01898900 0.04716700
v 0.01902900 0.01902800 0.04709800
v 0.01996200 0.01816200 0.04712100
v 0.01996200 0.01816200 0.04712100
v 0.02501700 -0.00477200 0.04842400
v 0.02579000 -0.00036000 0.04820700
v 0.02546600 -0.00035600 0.04842400
v 0.02546100 0.00412400 0.04820700
v 0.02514100 0.00407200 0.04842400
v 0.02435800 0.00848200 0.04820700
v 0.02405200 0.00837600 0.04842400
v 0.02251500 0.01258300 0.04820700
v 0.02223200 0.01242500 0.04842400
v 0.01998800 0.01630200 0.04820700
v 0.01973700 0.01609700 0.04842400
v 0.01685400 0.01952500 0.04820700
v 0.01664200 0.01927900 0.04842400
v 0.01320700 0.02215500 0.04820700
v 0.01304100 0.02187600 0.04842400
v 0.00915900 0.02411200 0.04820700
v 0.00904400 0.02380900 0.04842400
v 0.00483300 0.02533600 0.04820700
v 0.00477200 0.02501700 0.04842400
v 0.00036000 0.02579000 0.04820700
v 0.00035600 0.02546600 0.04842400
v -0.00412400 0.02546100 0.04820700
v -0.00407200 0.02514100 0.04842400
v -0.00848200 0.02435800 0.04820700
v -0.00837600 0.02405200 0.04842400
v -0.01258300 0.02251500 0.04820700
v -0.01242500 0.02223200 0.04842400
v -0.01630200 0.01998800 0.04820700
v -0.01609700 0.01973700 0.04842400
v -0.01952500 0.01685400 0.04820700
v -0.01927900 0.01664200 0.04842400
v -0.02215500 0.01320700 0.04820700
v -0.02187600 0.01304100 0.04842400
v -0.02411200 0.00915900 0.04820700
v -0.02380900 0.00904400 0.04842400
v -0.02533600 0.00483300 0.04820700
v -0.02501700 0.00477200 0.04842400
v -0.02579000 0.00036000 0.04820700
v -0.02546600 0.00035600 0.04842400
v -0.02546100 -0.00412400 0.04820700
v -0.02514100 -0.00407200 0.04842400
v -0.02435800 -0.00848200 0.04820700
v -0.02405200 -0.00837600 0.04842400
v -0.02251500 -0.01258300 0.04820700
v -0.02223200 -0.01242500 0.04842400
v -0.01998800 -0.01630200 0.04820700
v -0.01973700 -0.01609700 0.04842400
v -0.01685400 -0.01952500 0.04820700
v -0.01664200 -0.01927900 0.04842400
v -0.01320700 -0.02215500 0.04820700
v -0.01304100 -0.02187600 0.04842400
v -0.00915900 -0.02411200 0.04820700
v -0.00904400 -0.02380900 0.04842400
v -0.00483300 -0.02533600 0.04820700
v -0.00477200 -0.02501700 0.04842400
v -0.00036000 -0.02579000 0.04820700
v -0.00035600 -0.02546600 0.04842400
v 0.00412400 -0.02546100 0.04820700
v 0.00407200 -0.02514100 0.04842400
v 0.00848200 -0.02435800 0.04820700
v 0.00837600 -0.02405200 0.04842400
v 0.01258300 -0.02251500 0.04820700
v 0.01242500 -0.02223200 0.04842400
v 0.01630200 -0.01998800 0.04820700
v 0.01609700 -0.01973700 0.04842400
v 0.01952500 -0.01685400 0.04820700
v 0.01927900 -0.01664200 0.04842400
v 0.02215500 -0.01320700 0.04820700
v 0.02187600 -0.01304100 0.04842400
v 0.02411200 -0.00915900 0.04820700
v 0.02380900 -0.00904400 0.04842400
v 0.02533600 -0.00483300 0.04820700
v 0.02228800 0.01639900 0.04712400
v 0.02247600 0.01666400 0.04690700
v 0.02228800 0.01639900 0.04712400
v 0.02706500 0.01341500 0.04712400
v 0.02722000 0.01370000 0.04690700
v 0.03215400 0.01100200 0.04712400
v 0.03227600 0.01130300 0.04690700
v 0.03748700 0.00919300 0.04712400
v 0.03757300 0.00950500 0.04690700
v 0.02706500 0.01341500 0.04712400
v 0.03215400 0.01100200 0.04712400
v 0.03748700 0.00919300 0.04712400
v 0.03859200 0.00864700 0.04712400
v 0.03859200 0.00864700 0.04712400
v 0.03941600 0.00773000 0.04712400
v 0.03984200 0.00657400 0.04712400
v 0.03878800 0.00890500 0.04690700
v 0.03941600 0.00773000 0.04712400
v 0.03969400 0.00789800 0.04690700
v 0.03984200 0.00657400 0.04712400
v 0.04016200 0.00662700 0.04690700
v 0.04033800 0.00186500 0.04712400
v 0.04033800 0.00186500 0.04712400
v 0.04027900 -0.00287100 0.04712400
v 0.03966600 -0.00756700 0.04712400
v 0.03850700 -0.01215800 0.04712400
v 0.03681900 -0.01658300 0.04712400
v 0.04066200 0.00188000 0.04690700
v 0.04027900 -0.00287100 0.04712400
v 0.04060300 -0.00289400 0.04690700
v 0.03966600 -0.00756700 0.04712400
v 0.03998500 -0.00762700 0.04690700
v 0.03850700 -0.01215800 0.04712400
v 0.03881700 -0.01225600 0.04690700
v 0.03681900 -0.01658300 0.04712400
v 0.03711500 -0.01671600 0.04690700
v 0.03131600 -0.02377700 0.04579300
v 0.03308500 -0.02363200 0.04579300
v 0.03467400 -0.02284200 0.04579300
v 0.03585800 -0.02152000 0.04579300
v 0.02585700 -0.02350500 0.04579300
v 0.02040300 -0.02386400 0.04579300
v 0.01502700 -0.02485000 0.04579300
v 0.00980100 -0.02645000 0.04579300
v 0.01884900 0.02098400 0.04579300
v 0.01843100 0.02135300 0.04579300
v 0.01115600 0.02590700 0.04579300
v 0.01001600 0.02636900 0.04579300
v 0.01520300 0.02375900 0.04579300
v -0.00681200 0.02737200 0.04579300
v 0.00681400 0.02737200 0.04579300
v 0.00229200 0.02811400 0.04579300
v 0.00039400 0.02820400 0.04579300
v -0.00229000 0.02811400 0.04579300
v -0.00927600 0.02663800 0.04579300
v -0.01115400 0.02590800 0.04579300
v -0.01520200 0.02376000 0.04579300
v -0.01782800 0.02185900 0.04579300
v -0.01884800 0.02098500 0.04579300
v -0.02199700 0.01765700 0.04579300
v -0.02794400 -0.00384500 0.04579300
v -0.02784400 -0.00451000 0.04579300
v -0.02422900 0.01444300 0.04579300
v -0.02456600 0.01386200 0.04579300
v -0.02648600 0.00970200 0.04579300
v -0.02770700 0.00528500 0.04579300
v -0.02819800 0.00073000 0.04579300
v -0.01990800 -0.01998300 0.04579300
v -0.02695200 -0.00831900 0.04579300
v -0.02525000 -0.01257300 0.04579300
v -0.02462200 -0.01376100 0.04579300
v -0.02288100 -0.01649600 0.04579300
v -0.01843100 -0.02135300 0.04579300
v -0.01641000 -0.02294200 0.04579300
v -0.01247900 -0.02529700 0.04579300
v -0.01001600 -0.02636900 0.04579300
v -0.00821800 -0.02698300 0.04579300
v -0.00374100 -0.02795800 0.04579300
v 0.00927600 -0.02663800 0.04579300
v 0.00538900 -0.02768700 0.04579300
v 0.00083500 -0.02819500 0.04579300
v -0.00039400 -0.02820400 0.04579300
v 0.02312000 0.01757300 0.04579300
v 0.02775500 0.01467700 0.04579300
v 0.03269400 0.01233600 0.04579300
v 0.03787000 0.01058000 0.04579300
v 0.04126200 0.00680800 0.04579300
v 0.04064800 0.00847400 0.04579300
v 0.03946100 0.00979300 0.04579300
v 0.03813100 -0.01717400 0.04579300
v 0.03987900 -0.01259200 0.04579300
v 0.04107900 -0.00783600 0.04579300
v 0.04171400 -0.00297300 0.04579300
v 0.04177500 0.00193100 0.04579300
v 0.03129200 -0.02399300 0.04546800
v 0.03314300 -0.02384100 0.04546800
v 0.03128400 -0.02406900 0.04508600
v 0.03316300 -0.02391400 0.04508600
v 0.03485200 -0.02307500 0.04508600
v 0.03480500 -0.02301500 0.04546800
v 0.03610900 -0.02167100 0.04508600
v 0.03604400 -0.02163100 0.04546800
v 0.00987600 -0.02665300 0.04546800
v 0.01507800 -0.02506000 0.04546800
v 0.00990300 -0.02672400 0.04508600
v 0.01509700 -0.02513400 0.04508600
v 0.02043900 -0.02415500 0.04508600
v 0.02043000 -0.02407900 0.04546800
v 0.02585900 -0.02379800 0.04508600
v 0.02585900 -0.02372200 0.04546800
v 0.01532000 0.02394200 0.04546800
v 0.01124100 0.02610600 0.04546800
v 0.01899400 0.02114500 0.04546800
v 0.01904500 0.02120200 0.04508600
v 0.01536100 0.02400600 0.04508600
v 0.00231000 0.02833000 0.04546800
v 0.00686600 0.02758200 0.04546800
v -0.00686400 0.02758300 0.04546800
v -0.00230800 0.02833000 0.04546800
v -0.01531800 0.02394300 0.04546800
v -0.01124000 0.02610700 0.04546800
v -0.02216600 0.01779200 0.04546800
v -0.01899300 0.02114700 0.04546800
v -0.02815800 -0.00387500 0.04546800
v -0.02841400 0.00073500 0.04546800
v -0.02792000 0.00532600 0.04546800
v -0.02669000 0.00977600 0.04546800
v -0.02475500 0.01396900 0.04546800
v -0.02715900 -0.00838300 0.04546800
v -0.02544400 -0.01267000 0.04546800
v -0.02305700 -0.01662200 0.04546800
v -0.02006100 -0.02013600 0.04546800
v -0.01653600 -0.02311900 0.04546800
v -0.01257500 -0.02549100 0.04546800
v -0.00828100 -0.02719100 0.04546800
v -0.00377000 -0.02817300 0.04546800
v 0.00084100 -0.02841100 0.04546800
v 0.00543000 -0.02790000 0.04546800
v 0.01127100 0.02617600 0.04508600
v 0.00688400 0.02765600 0.04508600
v 0.00231600 0.02840600 0.04508600
v -0.00231400 0.02840600 0.04508600
v -0.00688300 0.02765600 0.04508600
v -0.01127000 0.02617700 0.04508600
v -0.01535900 0.02400700 0.04508600
v -0.01904400 0.02120300 0.04508600
v -0.02222600 0.01784000 0.04508600
v -0.02482100 0.01400600 0.04508600
v -0.02676100 0.00980300 0.04508600
v -0.02799500 0.00534000 0.04508600
v -0.02849000 0.00073700 0.04508600
v -0.02823400 -0.00388600 0.04508600
v -0.02723200 -0.00840600 0.04508600
v -0.02551200 -0.01270400 0.04508600
v -0.02311800 -0.01666700 0.04508600
v -0.02011500 -0.02019000 0.04508600
v -0.01658000 -0.02318100 0.04508600
v -0.01260800 -0.02555900 0.04508600
v -0.00830400 -0.02726300 0.04508600
v -0.00378000 -0.02824800 0.04508600
v 0.00084400 -0.02848800 0.04508600
v 0.00544500 -0.02797500 0.04508600
v 0.03792700 0.01078900 0.04546800
v 0.03277500 0.01253700 0.04546800
v 0.03794800 0.01086200 0.04508600
v 0.03280400 0.01260700 0.04508600
v 0.02789600 0.01493400 0.04508600
v 0.02785900 0.01486700 0.04546800
v 0.02328900 0.01781200 0.04508600
v 0.02324500 0.01775000 0.04546800
v 0.04147600 0.00684400 0.04546800
v 0.04083400 0.00858600 0.04546800
v 0.04155100 0.00685600 0.04508600
v 0.04089900 0.00862500 0.04508600
v 0.03963800 0.01002700 0.04508600
v 0.03959200 0.00996600 0.04546800
v 0.03832800 -0.01726300 0.04546800
v 0.03839800 -0.01729400 0.04508600
v 0.04015800 -0.01268000 0.04508600
v 0.04008600 -0.01265700 0.04546800
v 0.04136700 -0.00789100 0.04508600
v 0.04129200 -0.00787700 0.04546800
v 0.04200600 -0.00299400 0.04508600
v 0.04193000 -0.00298900 0.04546800
v 0.04206800 0.00194400 0.04508600
v 0.04199200 0.00194100 0.04546800
v 0.03610900 -0.02167100 0.04420000
v 0.04015800 -0.01268000 0.04420000
v 0.04200600 -0.00299400 0.04420000
v 0.04155100 0.00685600 0.04420000
v 0.04089900 0.00862500 0.04420000
v 0.03963800 0.01002700 0.04420000
v 0.03794800 0.01086200 0.04420000
v 0.02789600 0.01493400 0.04420000
v 0.01904500 0.02120200 0.04420000
v 0.01127100 0.02617600 0.04420000
v 0.00231600 0.02840600 0.04420000
v -0.00688300 0.02765600 0.04420000
v -0.01535900 0.02400700 0.04420000
v -0.02222600 0.01784000 0.04420000
v -0.02676100 0.00980300 0.04420000
v -0.02849000 0.00073700 0.04420000
v -0.02723200 -0.00840600 0.04420000
v -0.02311800 -0.01666700 0.04420000
v -0.01658000 -0.02318100 0.04420000
v -0.00830400 -0.02726300 0.04420000
v 0.00084400 -0.02848800 0.04420000
v 0.00990300 -0.02672400 0.04420000
v 0.02043900 -0.02415500 0.04420000
v 0.03128400 -0.02406900 0.04420000
v 0.03316300 -0.02391400 0.04420000
v 0.03485200 -0.02307500 0.04420000
v 0.00294700 -0.00056200 0.04350000
v 0.00294700 -0.00056200 0.04700000
v 0.00283300 0.00098700 0.04350000
v 0.00283300 0.00098700 0.04700000
v 0.00283300 0.00098700 0.04350000
v 0.00283300 0.00098700 0.04700000
v 0.00283300 0.00098700 0.04700000
v 0.00196000 0.00227100 0.04350000
v 0.00196000 0.00227100 0.04350000
v 0.00196000 0.00227100 0.04700000
v 0.00196000 0.00227100 0.04350000
v 0.00196000 0.00227100 0.04700000
v 0.00196000 0.00227100 0.04700000
v 0.00056200 0.00294700 0.04350000
v 0.00056200 0.00294700 0.04350000
v 0.00056200 0.00294700 0.04700000
v 0.00056200 0.00294700 0.04350000
v 0.00056200 0.00294700 0.04700000
v 0.00056200 0.00294700 0.04700000
v -0.00098700 0.00283300 0.04350000
v -0.00098700 0.00283300 0.04350000
v -0.00098700 0.00283300 0.04700000
v -0.00098700 0.00283300 0.04350000
v -0.00098700 0.00283300 0.04700000
v -0.00098700 0.00283300 0.04700000
v -0.00227100 0.00196000 0.04350000
v -0.00227100 0.00196000 0.04350000
v -0.00227100 0.00196000 0.04700000
v -0.00227100 0.00196000 0.04350000
v -0.00227100 0.00196000 0.04700000
v -0.00227100 0.00196000 0.04700000
v -0.00294700 0.00056200 0.04350000
v -0.00294700 0.00056200 0.04350000
v -0.00294700 0.00056200 0.04700000
v -0.00294700 0.00056200 0.04350000
v -0.00294700 0.00056200 0.04700000
v -0.00294700 0.00056200 0.04700000
v -0.00283300 -0.00098700 0.04350000
v -0.00283300 -0.00098700 0.04350000
v -0.00283300 -0.00098700 0.04700000
v -0.00283300 -0.00098700 0.04350000
v -0.00283300 -0.00098700 0.04700000
v -0.00283300 -0.00098700 0.04700000
v -0.00196000 -0.00227100 0.04350000
v -0.00196000 -0.00227100 0.04350000
v -0.00196000 -0.00227100 0.04700000
v -0.00196000 -0.00227100 0.04350000
v -0.00196000 -0.00227100 0.04700000
v -0.00196000 -0.00227100 0.04700000
v -0.00056200 -0.00294700 0.04350000
v -0.00056200 -0.00294700 0.04350000
v -0.00056200 -0.00294700 0.04700000
v -0.00056200 -0.00294700 0.04350000
v -0.00056200 -0.00294700 0.04700000
v -0.00056200 -0.00294700 0.04700000
v 0.00098700 -0.00283300 0.04350000
v 0.00098700 -0.00283300 0.04350000
v 0.00098700 -0.00283300 0.04700000
v 0.00098700 -0.00283300 0.04350000
v 0.00098700 -0.00283300 0.04700000
v 0.00098700 -0.00283300 0.04700000
v 0.00227100 -0.00196000 0.04350000
v 0.00227100 -0.00196000 0.04350000
v 0.00227100 -0.00196000 0.04700000
v 0.00227100 -0.00196000 0.04350000
v 0.00227100 -0.00196000 0.04700000
v 0.00227100 -0.00196000 0.04700000
v 0.00294700 -0.00056200 0.04350000
v 0.00294700 -0.00056200 0.04350000
v 0.00294700 -0.00056200 0.04700000
vn 0.09006400 -0.09467600 0.99142600
vn -0.00000000 0.00000000 1.00000000
vn 0.05821500 -0.09203400 0.99405300
vn -0.00000000 0.00000000 1.00000000
vn 0.04697400 -0.12193900 0.99142500
vn -0.09467600 -0.09006300 0.99142600
vn 0.00000000 0.00000000 1.00000000
vn -0.09203200 -0.05821200 0.99405300
vn 0.00000100 -0.00000000 1.00000000
vn 0.01859300 -0.10733900 0.99404900
vn -0.00000000 0.00000000 1.00000000
vn -0.00326100 -0.13062300 0.99142700
vn -0.07528200 -0.10679800 0.99142700
vn -0.04417500 -0.09957100 0.99404900
vn -0.02868100 -0.12748100 0.99142600
vn 0.02868300 0.12747900 0.99142600
vn 0.00000100 -0.00000000 1.00000000
vn 0.04417600 0.09957100 0.99404900
vn 0.00000100 -0.00000000 1.00000000
vn 0.07528100 0.10679800 0.99142700
vn 0.09467700 0.09006200 0.99142600
vn 0.09203200 0.05821200 0.99405300
vn -0.00000000 0.00000000 1.00000000
vn 0.12194000 0.04697600 0.99142500
vn 0.10734000 0.01859100 0.99404900
vn -0.00000000 0.00000000 1.00000000
vn 0.13062100 -0.00326400 0.99142700
vn 0.10679800 -0.07528100 0.99142700
vn 0.09957100 -0.04417700 0.99404900
vn 0.12748100 -0.02868000 0.99142600
vn -0.12747800 0.02868600 0.99142600
vn -0.13062200 0.00326000 0.99142700
vn 0.00000000 -0.00000000 1.00000000
vn -0.10733800 -0.01859400 0.99404900
vn -0.12194000 -0.04697900 0.99142500
vn 0.00000000 0.00000000 1.00000000
vn 0.00000000 0.00000000 1.00000000
vn -0.05825700 0.09205400 0.99404800
vn 0.00326000 0.13062300 0.99142700
vn -0.01859300 0.10733900 0.99404900
vn -0.04697200 0.12189300 0.99143100
vn -0.09006400 0.09467600 0.99142600
vn -0.08908800 0.06275600 0.99404500
vn -0.11943200 0.05299700 0.99142700
vn -0.31509000 0.06356200 0.94693100
vn -0.32147100 0.00084900 0.94691900
vn -0.31543000 -0.06185900 0.94693100
vn -0.29730400 -0.12220900 0.94692900
vn -0.26774800 -0.17785600 0.94693100
vn -0.22790500 -0.22667800 0.94693000
vn -0.17930600 -0.26682300 0.94691900
vn -0.12380500 -0.29667500 0.94691900
vn -0.06356200 -0.31509000 0.94693100
vn -0.00086800 -0.32143600 0.94693100
vn 0.06185800 -0.31543100 0.94693000
vn 0.12224300 -0.29733000 0.94691700
vn 0.17785900 -0.26774700 0.94693000
vn 0.22667800 -0.22790400 0.94693000
vn 0.26677900 -0.17930300 0.94693200
vn 0.29658700 -0.12381600 0.94694600
vn 0.31508900 -0.06356100 0.94693100
vn 0.32143300 -0.00087100 0.94693200
vn 0.31543000 0.06185700 0.94693000
vn 0.29730400 0.12220900 0.94692900
vn 0.26774700 0.17785700 0.94693100
vn 0.22790500 0.22667800 0.94693000
vn 0.17930200 0.26677900 0.94693200
vn 0.12380700 0.29667600 0.94691900
vn 0.06356200 0.31509000 0.94693100
vn 0.00084800 0.32147100 0.94691900
vn -0.06185900 0.31543000 0.94693000
vn -0.12220800 0.29730400 0.94693000
vn -0.17785900 0.26774700 0.94693000
vn -0.22667800 0.22790400 0.94693000
vn -0.26677900 0.17930100 0.94693200
vn -0.29663000 0.12381200 0.94693200
vn -0.32130300 -0.01308800 0.94688600
vn -0.31257700 -0.07552000 0.94688600
vn -0.29183600 -0.13504700 0.94688600
vn -0.25988300 -0.18938800 0.94688600
vn -0.21795500 -0.23640100 0.94689500
vn -0.16762500 -0.27442500 0.94688600
vn -0.11086600 -0.30185400 0.94688600
vn -0.04984700 -0.31768300 0.94688600
vn 0.01308600 -0.32130400 0.94688600
vn 0.07551800 -0.31257600 0.94688600
vn 0.13500000 -0.29183200 0.94689400
vn 0.18938700 -0.25988500 0.94688600
vn 0.23644900 -0.21794100 0.94688600
vn 0.27442700 -0.16762600 0.94688500
vn 0.30185300 -0.11086900 0.94688600
vn 0.31768400 -0.04984600 0.94688600
vn 0.32130500 0.01308700 0.94688500
vn 0.31257700 0.07552000 0.94688600
vn 0.29183900 0.13504600 0.94688600
vn 0.25988500 0.18938800 0.94688500
vn 0.21794200 0.23644800 0.94688600
vn 0.16762500 0.27442500 0.94688600
vn 0.11086600 0.30185400 0.94688600
vn 0.04988500 0.31765200 0.94689400
vn -0.01308600 0.32130300 0.94688600
vn -0.07552000 0.31257800 0.94688500
vn -0.13504800 0.29183800 0.94688600
vn -0.18938700 0.25988500 0.94688600
vn -0.23640300 0.21795600 0.94689400
vn -0.27442700 0.16762600 0.94688500
vn -0.30185200 0.11086700 0.94688700
vn -0.31765300 0.04988300 0.94689400
vn -0.10890900 0.00273300 0.99404800
vn -0.10729200 -0.01858200 0.99405400
vn -0.10163500 -0.03915500 0.99405100
vn -0.07889600 -0.04992500 0.99563200
vn -0.07889500 -0.07506200 0.99405300
vn -0.06269800 -0.08899100 0.99405700
vn -0.04417000 -0.09954400 0.99405200
vn -0.02390000 -0.10624700 0.99405300
vn -0.00270700 -0.10885700 0.99405400
vn 0.01856900 -0.10733700 0.99404900
vn 0.03915500 -0.10163500 0.99405100
vn 0.04992600 -0.07889700 0.99563200
vn 0.07506100 -0.07889600 0.99405300
vn 0.08901500 -0.06274200 0.99405200
vn 0.09954200 -0.04416800 0.99405300
vn 0.10620900 -0.02386900 0.99405700
vn 0.10890800 -0.00273300 0.99404800
vn 0.10724600 0.01859700 0.99405900
vn 0.10163500 0.03915500 0.99405100
vn 0.07889600 0.04992500 0.99563200
vn 0.07889600 0.07506100 0.99405300
vn 0.06274100 0.08901400 0.99405200
vn 0.04420700 0.09957700 0.99404700
vn 0.02390000 0.10624700 0.99405300
vn 0.00273100 0.10890600 0.99404800
vn -0.01858300 0.10729000 0.99405400
vn -0.03915500 0.10163500 0.99405100
vn -0.04992600 0.07889700 0.99563200
vn -0.07504600 0.07884900 0.99405800
vn -0.08901500 0.06274200 0.99405200
vn -0.09954200 0.04416800 0.99405300
vn -0.10620900 0.02386900 0.99405700
vn 0.06416700 -0.07417100 0.99517900
vn 0.07605600 -0.06186200 0.99518300
vn 0.08566600 -0.04775400 0.99517900
vn 0.09265200 -0.03214600 0.99518000
vn 0.09682800 -0.01557300 0.99517900
vn 0.09806500 0.00147600 0.99517900
vn 0.09632200 0.01848200 0.99517900
vn 0.09165300 0.03492700 0.99517800
vn -0.07417600 -0.06416800 0.99517900
vn -0.06190900 -0.07607300 0.99517800
vn -0.04775100 -0.08566400 0.99517900
vn -0.03214800 -0.09265400 0.99517900
vn -0.01557300 -0.09682900 0.99517900
vn 0.00147700 -0.09806400 0.99517900
vn 0.01848200 -0.09631800 0.99517900
vn 0.03493400 -0.09160800 0.99518200
vn 0.06033500 -0.10094800 0.99306100
vn -0.06416700 0.07417200 0.99517900
vn -0.07607000 0.06190200 0.99517900
vn -0.08566500 0.04775200 0.99517900
vn -0.09265200 0.03214600 0.99518000
vn -0.09682800 0.01557300 0.99517900
vn -0.09806500 -0.00147600 0.99517900
vn -0.09632200 -0.01848200 0.99517900
vn -0.09165300 -0.03492700 0.99517800
vn -0.10094900 -0.06033700 0.99306000
vn 0.10094200 0.06033000 0.99306100
vn 0.07417600 0.06416700 0.99517900
vn 0.06190900 0.07607500 0.99517800
vn 0.04775100 0.08566400 0.99517900
vn 0.03214800 0.09265400 0.99517900
vn 0.01557300 0.09682900 0.99517900
vn -0.00147700 0.09806400 0.99517900
vn -0.01848400 0.09631900 0.99517900
vn -0.03492700 0.09165700 0.99517800
vn -0.06033700 0.10094600 0.99306100
vn 0.19499400 -0.00842400 0.98076800
vn 0.19348700 0.02561000 0.98076900
vn 0.18611600 0.05877800 0.98076800
vn 0.17305700 0.09024400 0.98076900
vn 0.15473400 0.11895800 0.98076800
vn 0.13179200 0.14396200 0.98076800
vn 0.10475000 0.16468500 0.98076800
vn 0.07456300 0.18036800 0.98076900
vn 0.04206300 0.19058500 0.98076900
vn 0.00837700 0.19499300 0.98076900
vn -0.02561100 0.19348300 0.98076900
vn -0.05881800 0.18610000 0.98076900
vn -0.09028700 0.17303600 0.98076900
vn -0.11892700 0.15476000 0.98076800
vn -0.14395700 0.13179300 0.98076900
vn -0.16468400 0.10474700 0.98076900
vn -0.18037000 0.07456300 0.98076900
vn -0.19057800 0.04210900 0.98076800
vn -0.19499400 0.00842400 0.98076800
vn -0.19348700 -0.02561000 0.98076900
vn -0.18609900 -0.05882400 0.98076900
vn -0.17308300 -0.09020000 0.98076800
vn -0.15479400 -0.11888200 0.98076800
vn -0.13179100 -0.14396100 0.98076800
vn -0.10474900 -0.16468300 0.98076900
vn -0.07460900 -0.18035200 0.98076800
vn -0.04211000 -0.19057500 0.98076900
vn -0.00842500 -0.19499200 0.98076900
vn 0.02556300 -0.19349300 0.98076900
vn 0.05877200 -0.18611500 0.98076900
vn 0.09024400 -0.17305800 0.98076900
vn 0.11892500 -0.15475700 0.98076900
vn 0.14398700 -0.13176200 0.98076800
vn 0.16468600 -0.10474500 0.98076900
vn 0.18037000 -0.07456300 0.98076900
vn 0.19057800 -0.04210900 0.98076800
vn -0.00018900 0.00001900 1.00000000
vn 0.00016700 -0.00001700 1.00000000
vn -0.00001600 0.00000200 1.00000000
vn -0.00018800 0.00001900 1.00000000
vn -0.00018800 0.00001900 1.00000000
vn -0.00001600 0.00000200 1.00000000
vn 0.00000000 0.00000000 1.00000000
vn 0.00000900 -0.00000100 1.00000000
vn -0.00007500 0.00000800 1.00000000
vn 0.00000600 -0.00000100 1.00000000
vn 0.00000000 0.00000000 1.00000000
vn 0.00000600 -0.00000100 1.00000000
vn 0.00001700 -0.00000200 1.00000000
vn 0.00001700 -0.00000200 1.00000000
vn 0.00000600 -0.00000100 1.00000000
vn 0.00000000 0.00000000 1.00000000
vn -0.00007500 0.00000800 1.00000000
vn 0.00000900 -0.00000100 1.00000000
vn -0.00007500 0.00000800 1.00000000
vn -0.00000800 0.00000100 1.00000000
vn 0.00000000 0.00000000 1.00000000
vn -0.00000800 0.00000100 1.00000000
vn 0.00000000 0.00000000 1.00000000
vn -0.00000800 0.00000100 1.00000000
vn -0.00035500 0.00003600 1.00000000
vn -0.00000800 0.00000100 1.00000000
vn 0.00000000 0.00000000 1.00000000
vn -0.00000800 0.00000100 1.00000000
vn 0.00000000 0.00000000 1.00000000
vn 0.00000000 0.00000000 1.00000000
vn -0.00000800 0.00000100 1.00000000
vn 0.00000000 0.00000000 1.00000000
vn 0.00000000 0.00000000 1.00000000
vn 0.00021400 -0.00002200 1.00000000
vn 0.00000900 -0.00000100 1.00000000
vn 0.00000000 0.00000000 1.00000000
vn -0.00001100 0.00000100 1.00000000
vn -0.00001100 0.00000100 1.00000000
vn 0.00000000 0.00000000 1.00000000
vn -0.00001100 0.00000100 1.00000000
vn 0.00000000 0.00000000 1.00000000
vn -0.00000300 0.00000000 1.00000000
vn 0.00021500 -0.00002200 1.00000000
vn -0.00006100 0.00000600 1.00000000
vn 0.00000000 0.00000000 1.00000000
vn -0.00006100 0.00000600 1.00000000
vn 0.00021500 -0.00002200 1.00000000
vn -0.00006100 0.00000600 1.00000000
vn 0.00000000 0.00000000 1.00000000
vn 0.00001700 -0.00000200 1.00000000
vn 0.00000000 0.00000000 1.00000000
vn 0.00000000 0.00000000 1.00000000
vn -0.00035500 0.00003600 1.00000000
vn 0.00000000 0.00000000 1.00000000
vn -0.00035500 0.00003600 1.00000000
vn 0.00000000 0.00000000 1.00000000
vn 0.00021400 -0.00002200 1.00000000
vn 0.00000000 0.00000000 1.00000000
vn 0.00000000 0.00000000 1.00000000
vn 0.00021400 -0.00002200 1.00000000
vn -0.00001600 0.00000200 1.00000000
vn 0.00000000 0.00000000 1.00000000
vn 0.00016700 -0.00001700 1.00000000
vn 0.00000000 0.00000000 1.00000000
vn 0.00016700 -0.00001700 1.00000000
vn 0.00000000 0.00000000 1.00000000
vn 0.00000000 0.00000000 1.00000000
vn 0.00021500 -0.00002200 1.00000000
vn 0.00000000 0.00000000 1.00000000
vn -0.00000100 0.00000000 1.00000000
vn -0.00000200 0.00000000 1.00000000
vn 0.00000000 0.00000000 1.00000000
vn -0.00009000 0.00000900 1.00000000
vn 0.00000000 0.00000000 1.00000000
vn -0.00009000 0.00000900 1.00000000
vn 0.00000000 0.00000000 1.00000000
vn 0.00001200 -0.00000100 1.00000000
vn -0.00009000 0.00000900 1.00000000
vn 0.00000000 0.00000000 1.00000000
vn 0.00000000 0.00000000 1.00000000
vn -0.00016600 0.00001700 1.00000000
vn 0.00000000 0.00000000 1.00000000
vn 0.00008800 -0.00000900 1.00000000
vn 0.00001200 -0.00000100 1.00000000
vn 0.00000000 0.00000000 1.00000000
vn 0.00000000 0.00000000 1.00000000
vn 0.00000000 0.00000000 1.00000000
vn -0.00011500 0.00001200 1.00000000
vn -0.00000500 0.00000000 1.00000000
vn -0.00011500 0.00001200 1.00000000
vn 0.00000000 0.00000000 1.00000000
vn -0.00011500 0.00001200 1.00000000
vn -0.00000500 0.00000000 1.00000000
vn 0.00000000 0.00000000 1.00000000
vn 0.00004600 -0.00000500 1.00000000
vn 0.00000000 0.00000000 1.00000000
vn 0.00001200 -0.00000100 1.00000000
vn -0.00000500 0.00000000 1.00000000
vn -0.00016600 0.00001700 1.00000000
vn 0.00000000 0.00000000 1.00000000
vn 0.00000000 0.00000000 1.00000000
vn 0.00009100 -0.00000900 1.00000000
vn 0.00000000 0.00000000 1.00000000
vn 0.00009100 -0.00000900 1.00000000
vn 0.00004600 -0.00000500 1.00000000
vn 0.00000000 0.00000000 1.00000000
vn 0.00009100 -0.00000900 1.00000000
vn 0.00000000 0.00000000 1.00000000
vn 0.00004600 -0.00000500 1.00000000
vn 0.00008800 -0.00000900 1.00000000
vn -0.00016600 0.00001700 1.00000000
vn 0.00019200 -0.00002000 1.00000000
vn 0.00008800 -0.00000900 1.00000000
vn 0.00019200 -0.00002000 1.00000000
vn 0.00019200 -0.00002000 1.00000000
vn 0.00000000 0.00000000 1.00000000
vn 0.00029400 -0.00003000 1.00000000
vn -0.00003100 0.00000300 1.00000000
vn 0.00000000 0.00000000 1.00000000
vn 0.00000000 0.00000000 1.00000000
vn -0.00008200 0.00000800 1.00000000
vn 0.00001400 -0.00000100 1.00000000
vn -0.00003100 0.00000300 1.00000000
vn 0.00029400 -0.00003000 1.00000000
vn -0.00003500 0.00000400 1.00000000
vn 0.00001600 -0.00000200 1.00000000
vn 0.00000000 0.00000000 1.00000000
vn -0.00001400 0.00000100 1.00000000
vn 0.00001000 -0.00000100 1.00000000
vn 0.00001600 -0.00000200 1.00000000
vn 0.00001600 -0.00000200 1.00000000
vn -0.00003500 0.00000400 1.00000000
vn 0.00000000 0.00000000 1.00000000
vn 0.00001000 -0.00000100 1.00000000
vn 0.00000000 0.00000000 1.00000000
vn 0.00002900 -0.00000300 1.00000000
vn 0.00012400 -0.00001300 1.00000000
vn -0.00005800 0.00000600 1.00000000
vn -0.00008700 0.00000900 1.00000000
vn 0.00000000 0.00000000 1.00000000
vn 0.00000000 0.00000000 1.00000000
vn 0.00002900 -0.00000300 1.00000000
vn -0.00001000 0.00000100 1.00000000
vn 0.00000000 0.00000000 1.00000000
vn -0.00014200 0.00001400 1.00000000
vn 0.00001500 -0.00000100 1.00000000
vn 0.00000000 0.00000000 1.00000000
vn -0.00001000 0.00000100 1.00000000
vn 0.00000000 0.00000000 1.00000000
vn -0.00008300 0.00000800 1.00000000
vn 0.00000000 0.00000000 1.00000000
vn -0.00003100 0.00000300 1.00000000
vn -0.00008300 0.00000800 1.00000000
vn 0.00000000 0.00000000 1.00000000
vn 0.00002700 -0.00000300 1.00000000
vn 0.00000000 0.00000000 1.00000000
vn 0.00000000 0.00000000 1.00000000
vn -0.00001400 0.00000100 1.00000000
vn 0.00002700 -0.00000300 1.00000000
vn 0.00001000 -0.00000100 1.00000000
vn -0.00001400 0.00000100 1.00000000
vn 0.00000000 0.00000000 1.00000000
vn -0.00005800 0.00000600 1.00000000
vn 0.00000000 0.00000000 1.00000000
vn 0.00002900 -0.00000300 1.00000000
vn -0.00005800 0.00000600 1.00000000
vn 0.00012400 -0.00001300 1.00000000
vn 0.00000000 0.00000000 1.00000000
vn 0.00012400 -0.00001300 1.00000000
vn -0.00008700 0.00000900 1.00000000
vn 0.00000000 0.00000000 1.00000000
vn 0.00001500 -0.00000100 1.00000000
vn 0.00001500 -0.00000100 1.00000000
vn -0.00014200 0.00001400 1.00000000
vn -0.00014200 0.00001400 1.00000000
vn 0.00000000 0.00000000 1.00000000
vn -0.00003500 0.00000400 1.00000000
vn 0.00000000 0.00000000 1.00000000
vn -0.00001000 0.00000100 1.00000000
vn 0.00000000 0.00000000 1.00000000
vn 0.00000000 0.00000000 1.00000000
vn 0.00000000 0.00000000 1.00000000
vn 0.00000000 0.00000000 1.00000000
vn 0.00000000 0.00000000 1.00000000
vn 0.00000000 0.00000000 1.00000000
vn 0.00000000 0.00000000 1.00000000
vn 0.00000000 0.00000000 1.00000000
vn 0.00000000 0.00000000 1.00000000
vn 0.00000000 0.00000000 1.00000000
vn 0.00000000 0.00000000 1.00000000
vn -0.00008700 0.00000900 1.00000000
vn 0.00000000 0.00000000 1.00000000
vn -0.00005100 0.00000500 1.00000000
vn -0.00013800 0.00001400 1.00000000
vn -0.00005100 0.00000500 1.00000000
vn -0.00005100 0.00000500 1.00000000
vn -0.00013800 0.00001400 1.00000000
vn 0.00000000 0.00000000 1.00000000
vn 0.00000000 0.00000000 1.00000000
vn -0.00013800 0.00001400 1.00000000
vn -0.00000500 0.00000100 1.00000000
vn 0.00001400 -0.00000100 1.00000000
vn 0.00001600 -0.00000200 1.00000000
vn 0.00001600 -0.00000200 1.00000000
vn 0.00000000 0.00000000 1.00000000
vn 0.00001600 -0.00000200 1.00000000
vn 0.00000000 0.00000000 1.00000000
vn -0.00000500 0.00000100 1.00000000
vn 0.00000000 0.00000000 1.00000000
vn 0.00000000 0.00000000 1.00000000
vn 0.00000000 0.00000000 1.00000000
vn -0.00000500 0.00000100 1.00000000
vn 0.00000000 0.00000000 1.00000000
vn 0.00001400 -0.00000100 1.00000000
vn 0.00029400 -0.00003000 1.00000000
vn 0.00000000 0.00000000 1.00000000
vn 0.00000000 0.00000000 1.00000000
vn 0.00000000 0.00000000 1.00000000
vn 0.00000000 0.00000000 1.00000000
vn 0.00000000 0.00000000 1.00000000
vn 0.00000000 0.00000000 1.00000000
vn 0.00000000 0.00000000 1.00000000
vn 0.00002700 -0.00000300 1.00000000
vn 0.00000000 0.00000000 1.00000000
vn 0.00000000 0.00000000 1.00000000
vn 0.00006400 -0.00000600 1.00000000
vn 0.00000000 0.00000000 1.00000000
vn 0.00000000 0.00000000 1.00000000
vn 0.00006400 -0.00000600 1.00000000
vn 0.00006400 -0.00000600 1.00000000
vn 0.00000000 0.00000000 1.00000000
vn 0.00000000 0.00000000 1.00000000
vn -0.00003400 0.00000300 1.00000000
vn 0.00002700 -0.00000300 1.00000000
vn -0.00002700 0.00000300 1.00000000
vn 0.00002700 -0.00000300 1.00000000
vn 0.00003400 -0.00000300 1.00000000
vn 0.00000000 0.00000000 1.00000000
vn 0.00002700 -0.00000300 1.00000000
vn -0.00003400 0.00000300 1.00000000
vn -0.00002700 0.00000300 1.00000000
vn 0.00000000 0.00000000 1.00000000
vn -0.00002700 0.00000300 1.00000000
vn 0.00000000 0.00000000 1.00000000
vn 0.00000000 0.00000000 1.00000000
vn 0.00000000 0.00000000 1.00000000
vn -0.00003400 0.00000300 1.00000000
vn 0.00000000 0.00000000 1.00000000
vn 0.00003400 -0.00000300 1.00000000
vn 0.00000000 0.00000000 1.00000000
vn 0.00000000 0.00000000 1.00000000
vn 0.00000000 0.00000000 1.00000000
vn 0.00000000 0.00000000 1.00000000
vn 0.00003400 -0.00000300 1.00000000
vn 0.00000000 0.00000000 1.00000000
vn 0.00007600 -0.00000800 1.00000000
vn 0.00000400 -0.00000000 1.00000000
vn -0.00000500 0.00000000 1.00000000
vn 0.00000000 0.00000000 1.00000000
vn 0.00000900 -0.00000100 1.00000000
vn 0.00000400 -0.00000000 1.00000000
vn -0.00000900 0.00000100 1.00000000
vn 0.00000000 0.00000000 1.00000000
vn -0.00000500 0.00000000 1.00000000
vn 0.00000400 -0.00000000 1.00000000
vn 0.00000000 0.00000000 1.00000000
vn -0.00000300 0.00000000 1.00000000
vn 0.00000900 -0.00000100 1.00000000
vn -0.00000300 0.00000000 1.00000000
vn 0.00000000 0.00000000 1.00000000
vn 0.00000900 -0.00000100 1.00000000
vn -0.00000300 0.00000000 1.00000000
vn 0.00000900 -0.00000100 1.00000000
vn 0.00000000 0.00000000 1.00000000
vn 0.00000900 -0.00000100 1.00000000
vn 0.00000000 0.00000000 1.00000000
vn 0.00000000 0.00000000 1.00000000
vn -0.00002700 0.00000300 1.00000000
vn 0.00000900 -0.00000100 1.00000000
vn 0.00000000 0.00000000 1.00000000
vn -0.00002700 0.00000300 1.00000000
vn -0.00002700 0.00000300 1.00000000
vn 0.00000000 0.00000000 1.00000000
vn -0.00003600 0.00000400 1.00000000
vn 0.00002000 -0.00000200 1.00000000
vn 0.00002000 -0.00000200 1.00000000
vn 0.00000000 0.00000000 1.00000000
vn 0.00012500 -0.00001300 1.00000000
vn 0.00000000 0.00000000 1.00000000
vn 0.00000900 -0.00000100 1.00000000
vn 0.00000000 0.00000000 1.00000000
vn 0.00000000 0.00000000 1.00000000
vn -0.00000500 0.00000000 1.00000000
vn 0.00007600 -0.00000800 1.00000000
vn 0.00000000 0.00000000 1.00000000
vn 0.00007600 -0.00000800 1.00000000
vn 0.00000000 0.00000000 1.00000000
vn 0.00000000 0.00000000 1.00000000
vn 0.00000000 0.00000000 1.00000000
vn 0.00001800 -0.00000200 1.00000000
vn 0.00000000 0.00000000 1.00000000
vn -0.00000900 0.00000100 1.00000000
vn 0.00000000 0.00000000 1.00000000
vn -0.00000900 0.00000100 1.00000000
vn 0.00000900 -0.00000100 1.00000000
vn 0.00000000 0.00000000 1.00000000
vn 0.00012500 -0.00001300 1.00000000
vn -0.00003600 0.00000400 1.00000000
vn 0.00000000 0.00000000 1.00000000
vn -0.00002400 0.00000200 1.00000000
vn 0.00012500 -0.00001300 1.00000000
vn 0.00000000 0.00000000 1.00000000
vn -0.00002400 0.00000200 1.00000000
vn 0.00000000 0.00000000 1.00000000
vn 0.00000000 0.00000000 1.00000000
vn -0.00003600 0.00000400 1.00000000
vn -0.00003600 0.00000400 1.00000000
vn 0.00002000 -0.00000200 1.00000000
vn 0.00010800 -0.00001100 1.00000000
vn 0.00010800 -0.00001100 1.00000000
vn -0.00003600 0.00000400 1.00000000
vn 0.00010800 -0.00001100 1.00000000
vn -0.00002400 0.00000200 1.00000000
vn -0.00003600 0.00000400 1.00000000
vn 0.00013700 -0.00001400 1.00000000
vn 0.00001800 -0.00000200 1.00000000
vn 0.00013700 -0.00001400 1.00000000
vn 0.00001800 -0.00000200 1.00000000
vn 0.00013700 -0.00001400 1.00000000
vn 0.00000000 0.00000000 1.00000000
vn 0.00000000 0.00000000 1.00000000
vn 0.00010300 -0.00001000 1.00000000
vn 0.00000000 0.00000000 1.00000000
vn 0.00010300 -0.00001000 1.00000000
vn 0.00000000 0.00000000 1.00000000
vn 0.00010300 -0.00001000 1.00000000
vn 0.00000000 0.00000000 1.00000000
vn 0.00000000 0.00000000 1.00000000
vn 0.00000000 0.00000000 1.00000000
vn 0.00000000 0.00000000 1.00000000
vn 0.00000900 -0.00000100 1.00000000
vn 0.00000000 0.00000000 1.00000000
vn -0.00011700 0.00001200 1.00000000
vn 0.00000000 0.00000000 1.00000000
vn 0.00002700 -0.00000300 1.00000000
vn 0.00000000 0.00000000 1.00000000
vn 0.00000000 0.00000000 1.00000000
vn -0.00011700 0.00001200 1.00000000
vn 0.00002700 -0.00000300 1.00000000
vn 0.00000000 0.00000000 1.00000000
vn 0.00000000 0.00000000 1.00000000
vn 0.00002700 -0.00000300 1.00000000
vn 0.00000000 0.00000000 1.00000000
vn -0.00001400 0.00000100 1.00000000
vn 0.00000000 0.00000000 1.00000000
vn 0.00000000 0.00000000 1.00000000
vn -0.00006800 0.00000700 1.00000000
vn 0.00000000 0.00000000 1.00000000
vn -0.00006800 0.00000700 1.00000000
vn 0.00000000 0.00000000 1.00000000
vn 0.00002500 -0.00000200 1.00000000
vn -0.00001400 0.00000100 1.00000000
vn -0.00001100 0.00000100 1.00000000
vn 0.00000000 0.00000000 1.00000000
vn -0.00006800 0.00000700 1.00000000
vn 0.00002500 -0.00000200 1.00000000
vn 0.00000000 0.00000000 1.00000000
vn -0.00026600 0.00002700 1.00000000
vn 0.00000000 0.00000000 1.00000000
vn -0.00001100 0.00000100 1.00000000
vn 0.00002500 -0.00000200 1.00000000
vn -0.00006100 0.00000600 1.00000000
vn -0.00006100 0.00000600 1.00000000
vn -0.00026600 0.00002700 1.00000000
vn -0.00006100 0.00000600 1.00000000
vn -0.00026600 0.00002700 1.00000000
vn 0.00000000 0.00000000 1.00000000
vn 0.00000000 0.00000000 1.00000000
vn -0.00001100 0.00000100 1.00000000
vn -0.00001400 0.00000100 1.00000000
vn 0.00000000 0.00000000 1.00000000
vn 0.00000000 0.00000000 1.00000000
vn 0.00000000 0.00000000 1.00000000
vn 0.00000000 0.00000000 1.00000000
vn -0.00018600 0.00001900 1.00000000
vn -0.00018600 0.00001900 1.00000000
vn 0.00000000 0.00000000 1.00000000
vn 0.00000000 0.00000000 1.00000000
vn -0.00018600 0.00001900 1.00000000
vn 0.00000700 -0.00000100 1.00000000
vn 0.00000000 0.00000000 1.00000000
vn 0.00000700 -0.00000100 1.00000000
vn 0.00000000 0.00000000 1.00000000
vn -0.00011700 0.00001200 1.00000000
vn 0.00000700 -0.00000100 1.00000000
vn 0.00000000 0.00000000 1.00000000
vn 0.00000000 0.00000000 1.00000000
vn 0.00000000 0.00000000 1.00000000
vn 0.00000000 0.00000000 1.00000000
vn 0.00000000 0.00000000 1.00000000
vn 0.00000000 0.00000000 1.00000000
vn 0.00000000 0.00000000 1.00000000
vn -0.00001300 0.00000100 1.00000000
vn 0.00000000 0.00000000 1.00000000
vn 0.00000000 0.00000000 1.00000000
vn -0.00001300 0.00000100 1.00000000
vn 0.00000000 0.00000000 1.00000000
vn 0.00010600 -0.00001100 1.00000000
vn 0.00000000 0.00000000 1.00000000
vn -0.00002600 0.00000300 1.00000000
vn 0.00010600 -0.00001100 1.00000000
vn 0.00005000 -0.00000500 1.00000000
vn -0.00002600 0.00000300 1.00000000
vn 0.00000000 0.00000000 1.00000000
vn -0.00000300 0.00000000 1.00000000
vn -0.00002600 0.00000300 1.00000000
vn 0.00000000 0.00000000 1.00000000
vn 0.00005000 -0.00000500 1.00000000
vn 0.00000000 0.00000000 1.00000000
vn 0.00001000 -0.00000100 1.00000000
vn -0.00001300 0.00000100 1.00000000
vn 0.00001000 -0.00000100 1.00000000
vn 0.00000000 0.00000000 1.00000000
vn -0.00000700 0.00000100 1.00000000
vn 0.00001000 -0.00000100 1.00000000
vn 0.00000000 0.00000000 1.00000000
vn -0.00000700 0.00000100 1.00000000
vn 0.00000600 -0.00000100 1.00000000
vn 0.00000000 0.00000000 1.00000000
vn -0.00000700 0.00000100 1.00000000
vn -0.00005600 0.00000600 1.00000000
vn 0.00000600 -0.00000100 1.00000000
vn 0.00000600 -0.00000100 1.00000000
vn -0.00000400 0.00000000 1.00000000
vn -0.00005600 0.00000600 1.00000000
vn 0.00001400 -0.00000100 1.00000000
vn -0.00000400 0.00000000 1.00000000
vn -0.00005600 0.00000600 1.00000000
vn 0.00001400 -0.00000100 1.00000000
vn -0.00000600 0.00000100 1.00000000
vn -0.00000400 0.00000000 1.00000000
vn -0.00000600 0.00000100 1.00000000
vn 0.00000000 0.00000000 1.00000000
vn 0.00001400 -0.00000100 1.00000000
vn -0.00000600 0.00000100 1.00000000
vn 0.00000000 0.00000000 1.00000000
vn 0.00001100 -0.00000100 1.00000000
vn 0.00001100 -0.00000100 1.00000000
vn 0.00000000 0.00000000 1.00000000
vn 0.00000000 0.00000000 1.00000000
vn 0.00001100 -0.00000100 1.00000000
vn 0.00000600 -0.00000100 1.00000000
vn 0.00000000 0.00000000 1.00000000
vn 0.00000000 0.00000000 1.00000000
vn 0.00000600 -0.00000100 1.00000000
vn 0.00000600 -0.00000100 1.00000000
vn 0.00000000 0.00000000 1.00000000
vn 0.00000000 0.00000000 1.00000000
vn 0.00000000 0.00000000 1.00000000
vn 0.00000000 0.00000000 1.00000000
vn 0.00010600 -0.00001100 1.00000000
vn 0.00000000 0.00000000 1.00000000
vn 0.00003900 -0.00000400 1.00000000
vn 0.00000000 0.00000000 1.00000000
vn 0.00000000 0.00000000 1.00000000
vn 0.00003900 -0.00000400 1.00000000
vn 0.00003900 -0.00000400 1.00000000
vn 0.00000000 0.00000000 1.00000000
vn 0.00000000 0.00000000 1.00000000
vn 0.00000000 0.00000000 1.00000000
vn -0.00000300 0.00000000 1.00000000
vn 0.00012000 -0.00001200 1.00000000
vn 0.00000000 0.00000000 1.00000000
vn -0.00000300 0.00000000 1.00000000
vn 0.00005000 -0.00000500 1.00000000
vn 0.00000000 0.00000000 1.00000000
vn 0.00000000 0.00000000 1.00000000
vn 0.00000000 0.00000000 1.00000000
vn 0.00012000 -0.00001200 1.00000000
vn 0.00000000 0.00000000 1.00000000
vn 0.00000000 0.00000000 1.00000000
vn 0.00012000 -0.00001200 1.00000000
vn -0.00015000 0.00001500 1.00000000
vn -0.00015000 0.00001500 1.00000000
vn 0.00000000 0.00000000 1.00000000
vn 0.00000000 0.00000000 1.00000000
vn -0.00015000 0.00001500 1.00000000
vn -0.00003200 0.00000300 1.00000000
vn 0.00000000 0.00000000 1.00000000
vn 0.00000000 0.00000000 1.00000000
vn -0.00003200 0.00000300 1.00000000
vn -0.00003200 0.00000300 1.00000000
vn 0.00005100 -0.00000500 1.00000000
vn 0.00000000 0.00000000 1.00000000
vn -0.00001000 0.00000100 1.00000000
vn 0.00000000 0.00000000 1.00000000
vn 0.00005100 -0.00000500 1.00000000
vn 0.00005100 -0.00000500 1.00000000
vn -0.00001000 0.00000100 1.00000000
vn -0.00001000 0.00000100 1.00000000
vn 0.00000000 0.00000000 1.00000000
vn 0.00000000 0.00000000 1.00000000
vn 0.00000000 0.00000000 1.00000000
vn 0.00000000 0.00000000 1.00000000
vn -0.47315400 -0.88098000 -0.00002100
vn -0.67648500 -0.73645700 0.00000000
vn -0.54617200 -0.83767300 0.00000000
vn -0.73403500 -0.67911100 0.00000000
vn -0.78637600 -0.61774800 0.00000000
vn -0.78653400 -0.61754700 0.00000000
vn -0.39715500 -0.91775100 0.00000000
vn -0.39662000 -0.91798300 0.00000000
vn -0.41337800 0.91055900 0.00001400
vn -0.34697300 0.93787500 0.00000000
vn -0.47730100 0.87874000 0.00000000
vn -0.47694100 0.87893500 0.00000000
vn -0.20123500 0.97954300 0.00000000
vn -0.12161000 0.99257800 0.00000000
vn 0.55260600 0.83344300 0.00000000
vn 0.55254300 0.83348400 0.00000000
vn 0.46361600 0.88603600 0.00000000
vn 0.36891400 0.92946400 -0.00001800
vn 0.16874800 0.98565900 0.00000000
vn 0.06330900 0.99799400 0.00000000
vn -0.82827900 0.56031500 0.00000000
vn -0.82832000 0.56025500 0.00000000
vn -0.82832000 0.56025500 0.00000000
vn -0.82827900 0.56031500 0.00000000
vn -0.82832000 0.56025500 0.00000000
vn -0.82827900 0.56031500 0.00000000
vn -0.99388200 0.11045100 0.00000000
vn -0.99390800 0.11021600 0.00000000
vn -0.99987900 -0.01558700 0.00003100
vn -0.98969000 -0.14322900 0.00000000
vn -0.96381200 -0.26658400 0.00000000
vn -0.96375800 -0.26677700 0.00000000
vn 0.99905900 -0.04336600 -0.00001800
vn 0.99326500 -0.11586700 0.00001200
vn 0.99957900 0.02900800 0.00000000
vn 0.99958700 0.02874600 0.00000000
vn 0.96354500 -0.26754800 0.00000000
vn 0.93811800 -0.34631700 -0.00000200
vn 0.41193800 -0.91121200 0.00000000
vn 0.34601300 -0.93823000 -0.00001400
vn 0.55917800 -0.82904800 0.00000000
vn 0.63816400 -0.76990000 0.00000000
vn 0.78606700 -0.61814200 -0.00000200
vn 0.85230500 -0.52304500 0.00000000
vn 0.35627000 -0.93438300 0.00000000
vn 0.43192600 -0.90190900 0.00000000
vn 0.95733500 -0.28897900 0.00000000
vn 0.95734100 -0.28896100 0.00000000
vn 0.91504400 -0.40335500 0.00000000
vn 0.85823900 -0.51325000 0.00000000
vn 0.70568300 -0.70852700 0.00000000
vn 0.60913500 -0.79306600 0.00000000
vn 0.87772700 0.47916100 0.00000000
vn 0.87779500 0.47903600 0.00000000
vn 0.87779500 0.47903600 0.00000000
vn 0.87779500 0.47903600 0.00000000
vn 0.87772700 0.47916100 0.00000000
vn 0.87772700 0.47916100 0.00000000
vn 0.72840100 0.68515100 0.00000000
vn 0.67551000 0.73735100 0.00000000
vn 0.67545900 0.73739800 0.00000500
vn 0.77706600 0.62942000 0.00000000
vn 0.77703900 0.62945300 0.00000000
vn 0.61910800 0.78530600 0.00000000
vn 0.71192700 0.70225400 0.00000000
vn 0.74054500 0.67200700 -0.00001000
vn 0.74058100 0.67196700 0.00001400
vn 0.99699100 -0.07751300 0.00000100
vn 0.99115200 -0.13273200 0.00001200
vn 0.99697700 0.07770200 0.00002000
vn 0.98408100 0.17772000 -0.00001700
vn 0.91983400 0.39230800 0.00000000
vn 0.89327400 0.44951300 -0.00000800
vn 0.79368300 0.60833100 0.00000000
vn 0.96361500 -0.26729300 0.00000000
vn 0.93825100 -0.34595400 0.00000400
vn 0.93830200 -0.34581700 -0.00000500
vn 0.53844700 -0.84266000 0.00000000
vn 0.53846800 -0.84264600 0.00000000
vn 0.60951100 -0.79277800 -0.00000200
vn 0.67650200 -0.73644100 0.00000000
vn 0.80251400 -0.59663300 -0.00000200
vn 0.83197500 -0.55481300 -0.00000100
vn 0.90676600 -0.42163400 0.00000000
vn 0.98168000 0.19053900 0.00000000
vn 0.98171500 0.19035600 0.00000000
vn 0.98171500 0.19035600 0.00000000
vn 0.98171500 0.19035600 0.00000000
vn 0.98168000 0.19053900 0.00000000
vn 0.98168000 0.19053900 0.00000000
vn 0.10866100 -0.99407900 0.00000000
vn 0.10865700 -0.99407900 0.00000000
vn 0.10866100 -0.99407900 0.00000000
vn 0.10866100 -0.99407900 0.00000000
vn 0.10865700 -0.99407900 0.00000000
vn 0.10865700 -0.99407900 0.00000000
vn -0.14496300 -0.98943700 0.00000000
vn -0.26657300 -0.96381500 0.00000000
vn -0.16621500 -0.98609000 0.00000000
vn -0.34450600 -0.93878400 0.00000000
vn -0.41983300 -0.90760200 0.00000000
vn -0.41980800 -0.90761300 0.00000000
vn -0.02322500 -0.99973000 -0.00002000
vn 0.07838100 -0.99692400 0.00000000
vn 0.17782000 -0.98406300 0.00000000
vn 0.17833900 -0.98396900 0.00000000
vn -0.99199700 0.12626200 0.00000000
vn -0.98595400 0.16701800 0.00001400
vn -0.98594400 0.16707600 0.00000100
vn -0.99964400 0.02667500 0.00000000
vn -0.99725900 -0.07399400 -0.00002200
vn -0.98502200 -0.17242600 0.00000000
vn -0.98493600 -0.17291700 0.00000000
vn -0.98228200 0.18741000 0.00000000
vn -0.96372600 0.26689300 -0.00001600
vn -0.93858300 0.34505400 0.00000000
vn -0.90728700 0.42051100 0.00000000
vn -0.90743100 0.42020100 0.00000000
vn -0.79542900 -0.60604600 0.00000000
vn -0.79574000 -0.60563800 0.00000000
vn -0.79574000 -0.60563800 0.00000000
vn -0.79542900 -0.60604600 0.00000000
vn -0.79574000 -0.60563800 0.00000000
vn -0.79542900 -0.60604600 0.00000000
vn 0.14842100 0.98892400 -0.00000400
vn 0.16791100 0.98580200 0.00000000
vn 0.03009000 0.99954700 -0.00000200
vn -0.06990100 0.99755400 -0.00001700
vn -0.16814200 0.98576300 0.00000000
vn -0.16814200 0.98576300 0.00000000
vn 0.26649700 0.96383600 -0.00001600
vn 0.34423700 0.93888300 -0.00000200
vn 0.41931100 0.90784300 0.00000000
vn 0.41929500 0.90785000 0.00000000
vn -0.60343900 0.79740900 0.00000000
vn -0.60343900 0.79740900 0.00000000
vn -0.60343900 0.79740900 0.00000000
vn -0.60343900 0.79740900 0.00000000
vn 0.98920700 -0.14652300 0.00000400
vn 0.98595700 -0.16699900 0.00000800
vn 0.98595500 -0.16700900 0.00000100
vn 0.99965100 -0.02641200 0.00000000
vn 0.99722900 0.07439000 0.00000000
vn 0.98478100 0.17379800 0.00000000
vn 0.98478000 0.17380400 0.00000000
vn 0.98228600 -0.18739000 0.00000000
vn 0.95226900 -0.30526100 -0.00000200
vn 0.93905900 -0.34375500 0.00000000
vn 0.90815200 -0.41864100 0.00000000
vn 0.90821800 -0.41849800 0.00000000
vn 0.79455100 0.60719800 0.00000000
vn 0.79462600 0.60709900 0.00000000
vn 0.79455100 0.60719800 0.00000000
vn 0.79455100 0.60719800 0.00000000
vn 0.79462600 0.60709900 0.00000000
vn 0.79462600 0.60709900 0.00000000
vn 0.60938700 -0.79287300 0.00000000
vn 0.60909400 -0.79309800 0.00000000
vn 0.60938700 -0.79287300 0.00000000
vn 0.60938700 -0.79287300 0.00000000
vn 0.60909400 -0.79309800 0.00000000
vn 0.60909400 -0.79309800 0.00000000
vn -0.22800900 -0.97365900 0.00000000
vn -0.10641300 -0.99432200 0.00000000
vn -0.20774300 -0.97818300 0.00000000
vn -0.02426900 -0.99970500 0.00000000
vn 0.05756500 -0.99834200 0.00000000
vn 0.05748900 -0.99834600 0.00000000
vn -0.34305800 -0.93931400 0.00000000
vn -0.43542300 -0.90022600 0.00000000
vn -0.52243600 -0.85267900 0.00000000
vn -0.52250400 -0.85263700 0.00000000
vn 0.97424200 -0.22550700 0.00000000
vn 0.97844500 -0.20650900 0.00000000
vn 0.94087100 -0.33876500 0.00000000
vn 0.90258300 -0.43051600 0.00000000
vn 0.85569600 -0.51747900 0.00000000
vn 0.85553600 -0.51774300 0.00000000
vn 0.96377200 -0.26672700 -0.00001400
vn 0.93869800 -0.34474000 0.00000000
vn 0.90754500 -0.41995400 0.00000000
vn 0.90751100 -0.42002800 0.00000000
vn 0.52081900 -0.85366700 0.00000000
vn 0.52084100 -0.85365400 0.00000000
vn 0.52081900 -0.85366700 0.00000000
vn 0.52084100 -0.85365400 0.00000000
vn 0.52081900 -0.85366700 0.00000000
vn 0.52084100 -0.85365400 0.00000000
vn -0.14755000 -0.98905500 0.00000000
vn -0.16748600 -0.98587400 0.00000100
vn -0.16747200 -0.98587700 -0.00000100
vn -0.02837500 -0.99959700 0.00000000
vn 0.07193200 -0.99741000 0.00000000
vn 0.17058900 -0.98534200 0.00000000
vn 0.17058400 -0.98534300 0.00000000
vn -0.18739400 -0.98228500 0.00000000
vn -0.30559100 -0.95216300 -0.00000000
vn -0.34418100 -0.93890300 0.00001900
vn -0.41923300 -0.90787800 0.00000000
vn -0.41932600 -0.90783600 0.00000000
vn 0.60476000 -0.79640800 0.00000000
vn 0.60501900 -0.79621100 0.00000000
vn 0.60476000 -0.79640800 0.00000000
vn 0.60476000 -0.79640800 0.00000000
vn 0.60501900 -0.79621100 0.00000000
vn 0.60501900 -0.79621100 0.00000000
vn -0.98930000 0.14589400 0.00000000
vn -0.98601700 0.16664400 0.00000000
vn -0.99968400 0.02515500 0.00000000
vn -0.99711700 -0.07588400 0.00000000
vn -0.98451200 -0.17531800 0.00000000
vn -0.98451000 -0.17532700 0.00000000
vn -0.99431800 0.10645200 0.00000000
vn -0.99970500 0.02428700 0.00000000
vn -0.99833800 -0.05762200 0.00000000
vn -0.99834600 -0.05748900 0.00000000
vn -0.79410400 -0.60778100 0.00000000
vn -0.79416100 -0.60770800 0.00000000
vn -0.79416100 -0.60770800 0.00000000
vn -0.79410400 -0.60778100 0.00000000
vn -0.79416100 -0.60770800 0.00000000
vn -0.79410400 -0.60778100 0.00000000
vn -0.22586700 -0.97415800 0.00000000
vn -0.20665800 -0.97841300 0.00000000
vn -0.33908800 -0.94075500 0.00000000
vn -0.33896800 -0.94079800 0.00000000
vn -0.24496200 -0.96953300 0.00000000
vn -0.51724000 -0.85584000 0.00000000
vn -0.51717600 -0.85587900 0.00000000
vn -0.51717600 -0.85587900 0.00000000
vn -0.51724000 -0.85584000 0.00000000
vn -0.51724000 -0.85584000 0.00000000
vn -0.10652200 -0.99431000 0.00000000
vn -0.02444700 -0.99970100 0.00000000
vn 0.05725400 -0.99836000 0.00000000
vn 0.05728200 -0.99835800 0.00000000
vn -0.85386900 -0.52048700 0.00000000
vn -0.85362800 -0.52088400 0.00000000
vn -0.85362800 -0.52088400 0.00000000
vn -0.85386900 -0.52048700 0.00000000
vn -0.85362800 -0.52088400 0.00000000
vn -0.85386900 -0.52048700 0.00000000
vn 0.97423500 -0.22553300 0.00000000
vn 0.97844000 -0.20652900 0.00000000
vn 0.94088900 -0.33871600 0.00000000
vn 0.90262500 -0.43042800 0.00000000
vn 0.85569800 -0.51747500 0.00000000
vn 0.85568400 -0.51749800 -0.00000000
vn 0.96392200 -0.26618600 0.00000000
vn 0.93906100 -0.34375000 0.00000000
vn 0.90821800 -0.41849800 0.00000000
vn 0.90817500 -0.41859000 0.00000000
vn 0.52090900 -0.85361200 0.00000000
vn 0.52066600 -0.85376000 0.00000000
vn 0.52090900 -0.85361200 0.00000000
vn 0.52066600 -0.85376000 0.00000000
vn 0.52090900 -0.85361200 0.00000000
vn 0.52066600 -0.85376000 0.00000000
vn -0.12321400 -0.99238000 0.00000000
vn -0.16616300 -0.98609800 0.00000100
vn -0.16609100 -0.98611000 0.00000200
vn -0.02310600 -0.99973300 -0.00000200
vn 0.07839300 -0.99692300 0.00000200
vn 0.17822400 -0.98399000 0.00000000
vn 0.17821700 -0.98399100 0.00000000
vn -0.18739300 -0.98228500 0.00000000
vn -0.26685800 -0.96373600 -0.00001400
vn -0.34496100 -0.93861700 0.00001600
vn -0.42026200 -0.90740300 0.00000000
vn -0.42057300 -0.90725900 0.00000000
vn 0.60952900 -0.79276400 0.00000000
vn 0.60933600 -0.79291200 0.00000000
vn 0.60933600 -0.79291200 0.00000000
vn 0.60933500 -0.79291300 0.00000000
vn 0.60952900 -0.79276400 0.00000000
vn 0.60952900 -0.79276400 0.00000000
vn -0.98906100 0.14750700 0.00000000
vn -0.98595000 0.16703900 0.00000000
vn -0.99958000 0.02897600 0.00000000
vn -0.99747200 -0.07105400 0.00000000
vn -0.98550700 -0.16963600 0.00000000
vn -0.98550700 -0.16963600 0.00000000
vn -0.96391200 0.26622100 0.00000000
vn -0.93874700 0.34460600 0.00001400
vn -0.90748200 0.42009100 0.00000000
vn -0.90753400 0.41997900 0.00000000
vn -0.79710500 -0.60384000 0.00000000
vn -0.79713000 -0.60380800 0.00000000
vn -0.79710500 -0.60384000 0.00000000
vn -0.79713000 -0.60380800 0.00000000
vn -0.79710500 -0.60384000 0.00000000
vn -0.79713000 -0.60380800 0.00000000
vn 0.14780600 0.98901600 0.00000000
vn 0.16764300 0.98584800 0.00000000
vn 0.02906400 0.99957800 -0.00000200
vn -0.07091700 0.99748200 0.00000000
vn -0.16927300 0.98556900 0.00000000
vn -0.16911700 0.98559600 0.00000000
vn 0.26671200 0.96377600 0.00000000
vn 0.34463300 0.93873700 0.00000000
vn 0.41990700 0.90756700 0.00000000
vn 0.42021100 0.90742600 0.00000000
vn -0.60443000 0.79665800 0.00000000
vn -0.60443000 0.79665800 0.00000000
vn -0.60443000 0.79665800 0.00000000
vn -0.60443000 0.79665800 0.00000000
vn 0.98910900 -0.14718400 0.00000000
vn 0.98590400 -0.16731200 0.00000800
vn 0.98589800 -0.16735000 0.00000100
vn 0.99961100 -0.02789500 0.00000000
vn 0.99736900 0.07249700 -0.00001900
vn 0.98524100 0.17117500 0.00000000
vn 0.98523200 0.17122600 0.00000000
vn 0.98229200 -0.18735700 0.00000000
vn 0.95215200 -0.30562500 0.00000200
vn 0.93888600 -0.34422800 0.00000000
vn 0.90785500 -0.41928500 0.00000000
vn 0.90771600 -0.41958500 0.00000000
vn 0.79590600 0.60542100 0.00000000
vn 0.79590600 0.60542100 0.00000000
vn 0.79590600 0.60542100 0.00000000
vn 0.79590600 0.60542100 0.00000000
vn -0.12537900 -0.99210900 -0.00000000
vn -0.16683800 -0.98598400 0.00000100
vn -0.16678300 -0.98599400 0.00001500
vn -0.02569000 -0.99967000 0.00000000
vn 0.07516400 -0.99717100 -0.00001900
vn 0.17414500 -0.98472000 0.00000000
vn 0.17443400 -0.98466900 0.00000000
vn -0.18750100 -0.98226400 0.00000000
vn -0.26694100 -0.96371300 -0.00001600
vn -0.34509700 -0.93856700 -0.00000200
vn -0.42074900 -0.90717700 0.00000000
vn -0.42029800 -0.90738600 0.00000000
vn 0.60718100 -0.79456400 0.00000000
vn 0.60724200 -0.79451700 0.00000000
vn 0.60724200 -0.79451700 0.00000000
vn 0.60724200 -0.79451700 0.00000000
vn 0.60718100 -0.79456400 0.00000000
vn 0.60718100 -0.79456400 0.00000000
vn -0.98900100 0.14790800 0.00000000
vn -0.98584700 0.16764600 0.00000000
vn -0.99956500 0.02948100 -0.00001600
vn -0.99751900 -0.07039200 -0.00002200
vn -0.98567500 -0.16865300 0.00000000
vn -0.98570500 -0.16847900 0.00000000
vn -0.99428500 0.10676000 0.00000000
vn -0.99968700 0.02500800 0.00000000
vn -0.99840100 -0.05653600 0.00000000
vn -0.99842900 -0.05602500 0.00000100
vn -0.79761000 -0.60317300 0.00000000
vn -0.79777800 -0.60295200 0.00000000
vn -0.79777800 -0.60295200 0.00000000
vn -0.79761000 -0.60317300 0.00000000
vn -0.79777800 -0.60295200 0.00000000
vn -0.79761000 -0.60317300 0.00000000
vn -0.85554700 -0.51772600 0.00000000
vn -0.85573800 -0.51741000 0.00000000
vn -0.85573800 -0.51741000 0.00000000
vn -0.85573800 -0.51741000 0.00000000
vn -0.85554700 -0.51772600 0.00000000
vn -0.85554700 -0.51772600 0.00000000
vn -0.90029000 0.43529000 0.00000000
vn -0.90032400 0.43522000 0.00000000
vn -0.90029000 0.43529000 0.00000000
vn -0.90032400 0.43522000 0.00000000
vn -0.90029000 0.43529000 0.00000000
vn -0.90032400 0.43522000 0.00000000
vn -0.56204400 0.82710800 0.00000000
vn -0.56208200 0.82708200 0.00000000
vn -0.56204400 0.82710800 0.00000000
vn -0.56204400 0.82710800 0.00000000
vn -0.56208200 0.82708200 0.00000000
vn -0.56208200 0.82708200 0.00000000
vn -0.07320900 0.99731700 0.00000000
vn -0.07321700 0.99731600 0.00000000
vn -0.07320900 0.99731700 0.00000000
vn -0.07320900 0.99731700 0.00000000
vn -0.07321700 0.99731600 0.00000000
vn -0.07321700 0.99731600 0.00000000
vn 0.43526000 0.90030500 0.00000000
vn 0.43527000 0.90030000 0.00000000
vn 0.43526000 0.90030500 0.00000000
vn 0.43526000 0.90030500 0.00000000
vn 0.43527000 0.90030000 0.00000000
vn 0.43527000 0.90030000 0.00000000
vn 0.82709000 0.56207000 0.00000000
vn 0.82707800 0.56208700 0.00000000
vn 0.82709000 0.56207000 0.00000000
vn 0.82709000 0.56207000 0.00000000
vn 0.82707800 0.56208700 0.00000000
vn 0.82707800 0.56208700 0.00000000
vn 0.99731100 0.07328000 0.00000000
vn 0.99731500 0.07322800 0.00000000
vn 0.99731100 0.07328000 0.00000000
vn 0.99731500 0.07322800 0.00000000
vn 0.99731100 0.07328000 0.00000000
vn 0.99731500 0.07322800 0.00000000
vn 0.90032400 -0.43522000 0.00000000
vn 0.90029000 -0.43529000 0.00000000
vn 0.90032400 -0.43522000 0.00000000
vn 0.90032400 -0.43522000 0.00000000
vn 0.90029000 -0.43529000 0.00000000
vn 0.90029000 -0.43529000 0.00000000
vn 0.56204400 -0.82710800 0.00000000
vn 0.56205800 -0.82709800 0.00000000
vn 0.56204400 -0.82710800 0.00000000
vn 0.56205800 -0.82709800 0.00000000
vn 0.56204400 -0.82710800 0.00000000
vn 0.56205800 -0.82709800 0.00000000
vn 0.07321700 -0.99731600 0.00000000
vn 0.07320900 -0.99731700 0.00000000
vn 0.07321700 -0.99731600 0.00000000
vn 0.07320900 -0.99731700 0.00000000
vn 0.07321700 -0.99731600 0.00000000
vn 0.07320900 -0.99731700 0.00000000
vn -0.43527000 -0.90030000 0.00000000
vn -0.43524600 -0.90031100 0.00000000
vn -0.43524600 -0.90031100 0.00000000
vn -0.43527000 -0.90030000 0.00000000
vn -0.43524600 -0.90031100 0.00000000
vn -0.43527000 -0.90030000 0.00000000
vn -0.82709000 -0.56207000 0.00000000
vn -0.82709800 -0.56205800 0.00000000
vn -0.82709000 -0.56207000 0.00000000
vn -0.82709800 -0.56205800 0.00000000
vn -0.82709000 -0.56207000 0.00000000
vn -0.82709800 -0.56205800 0.00000000
vn -0.99731100 -0.07328000 0.00000000
vn -0.99731800 -0.07318300 0.00000000
vn -0.99731100 -0.07328000 0.00000000
vn -0.99731800 -0.07318300 0.00000000
vn -0.99731100 -0.07328000 0.00000000
vn -0.99731800 -0.07318300 0.00000000
vn 0.52837800 -0.84900900 0.00000000
vn 0.51363400 -0.85800900 0.00000000
vn 0.52104700 -0.85352800 0.00000200
vn 0.51363500 -0.85800900 0.00000000
vn 0.61075500 -0.79182000 0.00000000
vn 0.68121900 -0.73207900 0.00000000
vn 0.74532300 -0.66670400 0.00000000
vn 0.74531600 -0.66671100 0.00000000
vn 0.78745100 0.61637700 0.00000000
vn 0.78745100 0.61637700 0.00000000
vn 0.78745100 0.61637700 0.00000000
vn 0.84897200 0.52843800 0.00000300
vn 0.86737700 0.49765100 0.00000000
vn 0.90081000 0.43421300 0.00000000
vn 0.90081000 0.43421300 0.00000000
vn -0.22091800 -0.97529200 -0.00002200
vn -0.30697500 -0.95171800 0.00002100
vn -0.03694300 -0.99931700 0.00000000
vn 0.06095200 -0.99814100 -0.00001900
vn 0.15769100 -0.98748800 0.00000000
vn 0.15768300 -0.98749000 0.00000000
vn -0.39001600 -0.92080800 0.00000000
vn -0.39001600 -0.92080800 0.00000000
vn 0.59341600 -0.80489600 0.00000000
vn 0.59337900 -0.80492300 0.00000000
vn 0.59341600 -0.80489600 0.00000000
vn 0.59337900 -0.80492300 0.00000000
vn 0.59341600 -0.80489600 0.00000000
vn 0.59337900 -0.80492300 0.00000000
vn 0.90438900 -0.42671000 0.00000000
vn 0.90442300 -0.42663700 0.00000000
vn 0.90442300 -0.42663700 0.00000000
vn 0.90438900 -0.42671000 0.00000000
vn 0.90442300 -0.42663700 0.00000000
vn 0.90438900 -0.42671000 0.00000000
vn 0.99972500 0.02346600 0.00000000
vn 0.99971700 0.02379800 0.00000000
vn 0.99971700 0.02379800 0.00000000
vn 0.99971700 0.02379800 0.00000000
vn 0.99972500 0.02346600 0.00000000
vn 0.99972500 0.02346600 0.00000000
vn -0.76779500 -0.64069500 0.00000000
vn -0.77905400 -0.62695700 0.00000400
vn -0.75637500 -0.65413900 0.00000000
vn -0.75635300 -0.65416400 0.00000000
vn -0.79004800 -0.61304500 0.00000000
vn -0.79004900 -0.61304400 0.00000000
vn 0.51466900 -0.85738900 0.00000000
vn 0.51466900 -0.85738900 0.00000000
vn 0.51468000 -0.85738200 0.00000000
vn 0.51466900 -0.85738900 0.00000000
vn 0.40352200 -0.91497000 0.00000000
vn 0.36482000 -0.93107800 0.00001600
vn 0.28595500 -0.95824300 0.00000000
vn 0.28595500 -0.95824300 0.00000000
vn -0.60649900 0.79508400 0.00000000
vn -0.56086500 0.82790700 0.00000000
vn -0.65000100 0.75993300 0.00000000
vn -0.64974000 0.76015700 0.00000000
vn -0.51365800 0.85799500 0.00000000
vn -0.51366000 0.85799400 0.00000000
vn -0.90293400 0.42978000 0.00000000
vn -0.90291000 0.42983000 0.00000000
vn -0.90293400 0.42978000 0.00000000
vn -0.90293400 0.42978000 0.00000000
vn -0.90291000 0.42983000 0.00000000
vn -0.90291000 0.42983000 0.00000000
vn -0.99885800 -0.04778400 0.00000000
vn -0.99885800 -0.04778800 0.00000000
vn -0.99885800 -0.04778400 0.00000000
vn -0.99885800 -0.04778800 0.00000000
vn -0.99885800 -0.04778400 0.00000000
vn -0.99885800 -0.04778800 0.00000000
vn -0.85558600 -0.51766000 0.00000000
vn -0.85556800 -0.51769000 0.00000000
vn -0.85558600 -0.51766000 0.00000000
vn -0.85558600 -0.51766000 0.00000000
vn -0.85556800 -0.51769000 0.00000000
vn -0.85556800 -0.51769000 0.00000000
vn -0.51233400 -0.85878600 0.00000000
vn -0.51233500 -0.85878600 0.00000000
vn -0.51233500 -0.85878600 0.00000000
vn -0.51233500 -0.85878600 0.00000000
vn -0.51233400 -0.85878600 0.00000000
vn -0.51233400 -0.85878600 0.00000000
vn -0.11328900 -0.99356200 0.00000000
vn -0.11329000 -0.99356200 0.00000000
vn -0.11329000 -0.99356200 0.00000000
vn -0.11329000 -0.99356200 0.00000000
vn -0.11328900 -0.99356200 0.00000000
vn -0.11328900 -0.99356200 0.00000000
vn -0.78746900 -0.61635500 0.00000000
vn -0.82946700 -0.55855500 0.00000100
vn -0.78746900 -0.61635500 0.00000000
vn -0.86737900 -0.49764700 0.00000000
vn -0.90072700 -0.43438500 0.00000000
vn -0.90071300 -0.43441500 0.00000000
vn 0.84011500 0.54240800 0.00000000
vn 0.81584900 0.57826600 0.00000000
vn 0.81360300 0.58142100 0.00001700
vn 0.75729800 0.65306900 0.00000000
vn 0.69490400 0.71910300 0.00000000
vn 0.69489800 0.71910800 0.00000000
vn 0.79005800 0.61303200 0.00000000
vn 0.79005900 0.61303100 0.00000000
vn 0.31525300 0.94900800 0.00000000
vn 0.31480200 0.94915700 0.00000000
vn 0.31525300 0.94900800 0.00000000
vn 0.31525300 0.94900800 0.00000000
vn 0.31480200 0.94915700 0.00000000
vn 0.31480200 0.94915700 0.00000000
vn -0.15405500 0.98806200 0.00000000
vn -0.15404400 0.98806400 0.00000000
vn -0.15404400 0.98806400 0.00000000
vn -0.15404400 0.98806400 0.00000000
vn -0.15405500 0.98806200 0.00000000
vn -0.15405500 0.98806200 0.00000000
vn -0.59716300 0.80212000 0.00000000
vn -0.59721100 0.80208400 0.00000000
vn -0.59721100 0.80208400 0.00000000
vn -0.59716300 0.80212000 0.00000000
vn -0.59721100 0.80208400 0.00000000
vn -0.59716300 0.80212000 0.00000000
vn -0.90614500 0.42296600 0.00000000
vn -0.90612800 0.42300300 0.00000000
vn -0.90614500 0.42296600 0.00000000
vn -0.90614500 0.42296600 0.00000000
vn -0.90612800 0.42300300 0.00000000
vn -0.90612800 0.42300300 0.00000000
vn -0.99967100 -0.02563300 0.00000000
vn -0.99966500 -0.02587100 0.00000000
vn -0.99967100 -0.02563300 0.00000000
vn -0.99967100 -0.02563300 0.00000000
vn -0.99966500 -0.02587100 0.00000000
vn -0.99966500 -0.02587100 0.00000000
vn -0.51464800 0.85740200 0.00000000
vn -0.51464800 0.85740200 0.00000000
vn -0.51464800 0.85740200 0.00000000
vn -0.51465500 0.85739700 0.00000000
vn -0.39568700 0.91838500 -0.00000000
vn -0.35416400 0.93518300 0.00000000
vn 0.36050900 0.93275600 0.00000000
vn 0.36051200 0.93275400 0.00000000
vn 0.25940300 0.96576900 0.00000000
vn 0.15401000 0.98806900 0.00000000
vn -0.05860700 0.99828100 -0.00000200
vn -0.16563800 0.98618700 0.00000000
vn 0.96693900 -0.25500900 0.00000000
vn 0.96693700 -0.25501600 0.00000000
vn 0.96693900 -0.25500900 0.00000000
vn 0.96693900 -0.25500900 0.00000000
vn 0.96693700 -0.25501600 0.00000000
vn 0.96693700 -0.25501600 0.00000000
vn 0.97560000 0.21955700 0.00000000
vn 0.97560100 0.21955000 0.00000000
vn 0.97560100 0.21955000 0.00000000
vn 0.97560000 0.21955700 0.00000000
vn 0.97560100 0.21955000 0.00000000
vn 0.97560000 0.21955700 0.00000000
vn 0.75538500 0.65528100 0.00000000
vn 0.75537500 0.65529300 0.00000000
vn 0.75538500 0.65528100 0.00000000
vn 0.75537500 0.65529300 0.00000000
vn 0.75538500 0.65528100 0.00000000
vn 0.75537500 0.65529300 0.00000000
vn -0.22682200 -0.97393600 0.00000000
vn -0.26673400 -0.96377000 -0.00001800
vn -0.20717000 -0.97830500 0.00000000
vn -0.34475100 -0.93869400 0.00000000
vn -0.42022000 -0.90742200 0.00000000
vn -0.42019800 -0.90743300 0.00000000
vn -0.34123800 -0.93997700 0.00000000
vn -0.43350500 -0.90115100 0.00000000
vn -0.52077100 -0.85369700 0.00000000
vn -0.52036100 -0.85394600 -0.00000100
vn -0.98909000 0.14731000 0.00000000
vn -0.98589500 0.16736200 0.00000600
vn -0.98589100 0.16738700 0.00000200
vn -0.99960500 0.02810900 0.00000000
vn -0.99739400 -0.07215300 -0.00002000
vn -0.98532100 -0.17071000 0.00000000
vn -0.98532100 -0.17071000 0.00000000
vn -0.98228900 0.18737300 0.00000000
vn -0.95225000 0.30532100 -0.00001200
vn -0.93902700 0.34384400 0.00001600
vn -0.90815000 0.41864500 0.00000000
vn -0.90819300 0.41855100 0.00000000
vn -0.79617800 -0.60506300 0.00000000
vn -0.79592300 -0.60539700 0.00000000
vn -0.79617800 -0.60506300 0.00000000
vn -0.79617800 -0.60506300 0.00000000
vn -0.79592300 -0.60539700 0.00000000
vn -0.79592300 -0.60539700 0.00000000
vn 0.14543100 0.98936800 0.00000000
vn 0.16643300 0.98605300 0.00000000
vn 0.02422400 0.99970700 0.00000000
vn -0.07701800 0.99703000 0.00000000
vn -0.17657800 0.98428700 0.00000000
vn -0.17668700 0.98426700 0.00000000
vn 0.26669000 0.96378200 0.00000000
vn 0.34470000 0.93871300 0.00000000
vn 0.41981000 0.90761200 0.00000000
vn 0.41979500 0.90761900 0.00000000
vn -0.60918200 0.79303100 0.00000000
vn -0.60919000 0.79302500 0.00000000
vn -0.60919000 0.79302500 0.00000000
vn -0.60918200 0.79303100 0.00000000
vn -0.60919000 0.79302500 0.00000000
vn -0.60918200 0.79303100 0.00000000
vn 0.98910400 -0.14721500 -0.00000400
vn 0.98590400 -0.16731100 -0.00000200
vn 0.98590000 -0.16733300 0.00000600
vn 0.99961200 -0.02785500 0.00000000
vn 0.99737300 0.07244300 0.00000000
vn 0.98524300 0.17116300 0.00000000
vn 0.98524300 0.17116300 0.00000000
vn 0.98229200 -0.18735500 0.00000000
vn 0.95195800 -0.30622900 -0.00000400
vn 0.93857200 -0.34508300 0.00001800
vn 0.90729400 -0.42049700 0.00000000
vn 0.90732500 -0.42043100 0.00000000
vn 0.79611000 0.60515200 0.00000000
vn 0.79587000 0.60546700 0.00000000
vn 0.79611000 0.60515200 0.00000000
vn 0.79587000 0.60546700 0.00000000
vn 0.79611000 0.60515200 0.00000000
vn 0.79587000 0.60546700 0.00000000
vn -0.12832800 -0.99173200 0.00000000
vn -0.16774000 -0.98583100 0.00000200
vn -0.16777400 -0.98582600 0.00000100
vn -0.02960600 -0.99956200 -0.00000200
vn 0.07030900 -0.99752500 0.00000000
vn 0.16873400 -0.98566200 0.00000000
vn 0.16873400 -0.98566200 0.00000000
vn -0.18739700 -0.98228400 0.00000000
vn -0.26685600 -0.96373700 0.00000000
vn -0.34500800 -0.93860000 0.00001600
vn -0.42070200 -0.90719900 0.00000000
vn -0.42040500 -0.90733700 0.00000000
vn 0.60311200 -0.79765600 0.00000000
vn 0.60304100 -0.79771000 0.00000000
vn 0.60311200 -0.79765600 0.00000000
vn 0.60311200 -0.79765600 0.00000000
vn 0.60304100 -0.79771000 0.00000000
vn 0.60304100 -0.79771000 0.00000000
vn -0.98896200 0.14817200 0.00000000
vn -0.98581500 0.16783400 -0.00000000
vn -0.99955300 0.02991300 -0.00000200
vn -0.99755500 -0.06988800 0.00000000
vn -0.98577800 -0.16805000 0.00000000
vn -0.98576500 -0.16813100 0.00000000
vn -0.99428600 0.10675200 0.00000000
vn -0.99969000 0.02488900 0.00000000
vn -0.99840200 -0.05650600 0.00000000
vn -0.99838300 -0.05683700 0.00000000
vn -0.79727400 -0.60361700 0.00000000
vn -0.79724600 -0.60365500 0.00000000
vn -0.79724600 -0.60365500 0.00000000
vn -0.79724600 -0.60365500 0.00000000
vn -0.79727400 -0.60361700 0.00000000
vn -0.79727400 -0.60361700 0.00000000
vn -0.85508700 -0.51848400 0.00000000
vn -0.85526100 -0.51819700 0.00000000
vn -0.85526100 -0.51819700 0.00000000
vn -0.85526100 -0.51819700 0.00000000
vn -0.85508700 -0.51848400 0.00000000
vn -0.85508700 -0.51848400 0.00000000
vn 0.14725600 0.98909800 0.00000000
vn 0.10425200 0.99455100 0.00000000
vn 0.16731800 0.98590300 0.00000500
vn 0.01988800 0.99980200 0.00000000
vn -0.06412900 0.99794200 0.00000000
vn -0.06412500 0.99794200 0.00000000
vn 0.02747900 0.99962200 0.00001700
vn -0.07327500 0.99731200 -0.00001700
vn -0.17252500 0.98500500 0.00000000
vn -0.17255100 0.98500100 0.00000000
vn -0.56944300 0.82203100 0.00000000
vn -0.66102500 0.75036400 0.00000000
vn -0.47154100 0.88184400 0.00000000
vn -0.47140700 0.88191600 0.00000000
vn -0.93216300 0.36203800 0.00000000
vn -0.93216600 0.36203100 0.00000000
vn -0.88186400 0.47150400 0.00000000
vn -0.81779500 0.57550900 0.00000000
vn -0.24899600 -0.96850400 0.00000000
vn -0.04759700 -0.99886700 0.00000000
vn -0.04744100 -0.99887400 0.00000000
vn -0.34478800 -0.93868100 0.00000000
vn -0.43806700 -0.89894200 0.00000000
vn -0.52600700 -0.85048000 0.00000000
vn -0.52600200 -0.85048300 0.00000000
vn 0.05390400 -0.99854600 0.00000000
vn 0.05390400 -0.99854600 0.00000000
vn 0.05390400 -0.99854600 0.00000000
vn -0.85938400 -0.51133100 0.00000000
vn -0.85938900 -0.51132300 0.00000000
vn -0.85938900 -0.51132300 0.00000000
vn -0.85938400 -0.51133100 0.00000000
vn -0.85938900 -0.51132300 0.00000000
vn -0.85938400 -0.51133100 0.00000000
vn -0.99864200 -0.05209000 0.00000000
vn -0.99864200 -0.05209700 0.00000000
vn -0.99864200 -0.05209000 0.00000000
vn -0.99864200 -0.05209700 0.00000000
vn -0.99864200 -0.05209000 0.00000000
vn -0.99864200 -0.05209700 0.00000000
vn 0.96815800 -0.25034200 0.00000000
vn 0.99552200 -0.09452800 0.00000000
vn 0.99553600 -0.09437700 0.00000000
vn 0.93815600 -0.34621300 0.00000000
vn 0.89830200 -0.43937800 0.00000000
vn 0.84968200 -0.52729600 0.00000000
vn 0.84968000 -0.52729800 0.00000000
vn 0.95411400 0.29944500 0.00000000
vn 0.96123300 0.27573700 -0.00000000
vn 0.97708300 0.21285800 0.00000000
vn 0.99513000 0.09857500 0.00000000
vn 0.99987800 -0.01561700 0.00000000
vn 0.96774500 0.25193300 0.00000000
vn 0.96776400 0.25186000 0.00000000
vn 0.51274700 -0.85854000 0.00000000
vn 0.51275100 -0.85853700 0.00000000
vn 0.51274700 -0.85854000 0.00000000
vn 0.51275100 -0.85853700 0.00000000
vn 0.51274700 -0.85854000 0.00000000
vn 0.51275100 -0.85853700 0.00000000
vn 0.52431500 -0.85152500 0.00000000
vn 0.50949100 -0.86047600 0.00000000
vn 0.61593700 -0.78779600 0.00000000
vn 0.68797500 -0.72573400 0.00000200
vn 0.75330700 -0.65766900 0.00000000
vn 0.75334400 -0.65762600 0.00000000
vn 0.42113800 -0.90699700 -0.00001400
vn 0.34453000 -0.93877500 0.00000000
vn 0.26629600 -0.96389100 0.00000000
vn 0.26600400 -0.96397200 0.00000000
vn 0.97212100 -0.23447800 0.00000000
vn 0.97212000 -0.23448400 0.00000000
vn 0.97212100 -0.23447800 0.00000000
vn 0.97212100 -0.23447800 0.00000000
vn 0.97212000 -0.23448400 0.00000000
vn 0.97212000 -0.23448400 0.00000000
vn -0.84372400 -0.53677700 -0.00000000
vn -0.91919100 -0.39381100 0.00000800
vn -0.91924500 -0.39368700 0.00000400
vn -0.78422900 -0.62047100 0.00000000
vn -0.71583200 -0.69827300 0.00000000
vn -0.64073100 -0.76776500 0.00000000
vn -0.64072400 -0.76777200 0.00000000
vn -0.99985200 0.01718600 0.00000000
vn -0.99985200 0.01718600 0.00000000
vn -0.99539000 -0.09591300 0.00002200
vn -0.97789500 -0.20909700 0.00000000
vn -0.94801200 -0.31823400 0.00000000
vn -0.21532300 -0.97654300 0.00000000
vn -0.21534100 -0.97653900 0.00000000
vn -0.21534100 -0.97653900 0.00000000
vn -0.21532300 -0.97654300 0.00000000
vn -0.21534100 -0.97653900 0.00000000
vn -0.21532300 -0.97654300 0.00000000
vn 0.22315100 0.97478400 0.00002000
vn 0.32147000 0.94692000 0.00000000
vn 0.02264700 0.99974400 0.00000000
vn -0.07938000 0.99684400 0.00000000
vn -0.17953700 0.98375100 0.00000000
vn -0.17953400 0.98375200 0.00000000
vn 0.41558400 0.90955500 0.00000000
vn 0.41558600 0.90955400 0.00000000
vn -0.61376000 0.78949300 0.00000000
vn -0.61376800 0.78948600 0.00000000
vn -0.61376800 0.78948600 0.00000000
vn -0.61376000 0.78949300 0.00000000
vn -0.61376800 0.78948600 0.00000000
vn -0.61376000 0.78949300 0.00000000
vn -0.91009700 0.41439600 0.00000000
vn -0.91009000 0.41441100 0.00000000
vn -0.91009700 0.41439600 0.00000000
vn -0.91009000 0.41441100 0.00000000
vn -0.91009700 0.41439600 0.00000000
vn -0.91009000 0.41441100 0.00000000
vn 0.97718000 -0.21241100 -0.00001800
vn 0.95329100 -0.30205400 0.00001800
vn 0.99978400 -0.02077200 0.00000000
vn 0.99668700 0.08132900 0.00000000
vn 0.98337400 0.18159300 0.00000000
vn 0.98337400 0.18159100 0.00000000
vn 0.92144400 -0.38851100 0.00000000
vn 0.92144600 -0.38850600 0.00000000
vn 0.79002700 0.61307200 0.00000000
vn 0.79002700 0.61307200 0.00000000
vn 0.79002700 0.61307200 0.00000000
vn 0.79002700 0.61307200 0.00000000
vn 0.79002700 0.61307200 0.00000000
vn 0.79002700 0.61307200 0.00000000
vn 0.68309300 -0.73033100 0.00000000
vn 0.68307600 -0.73034700 0.00000000
vn 0.68309300 -0.73033100 0.00000000
vn 0.68307600 -0.73034700 0.00000000
vn 0.68309300 -0.73033100 0.00000000
vn 0.68307600 -0.73034700 0.00000000
vn -0.10595400 -0.99437100 0.00000100
vn -0.14682100 -0.98916300 -0.00000100
vn 0.05531100 -0.99846900 0.00002300
vn 0.17644300 -0.98431100 -0.00002400
vn 0.29332600 -0.95601300 0.00000000
vn 0.29330500 -0.95601900 0.00000000
vn -0.26662600 -0.96380000 -0.00001600
vn -0.34456000 -0.93876400 -0.00000200
vn -0.41976500 -0.90763300 0.00000000
vn -0.41969800 -0.90766400 0.00000000
vn -0.98916200 0.14682600 -0.00000400
vn -0.98593400 0.16713800 0.00000100
vn -0.98592700 0.16717600 0.00000000
vn -0.99962800 0.02728100 0.00002200
vn -0.99732500 -0.07309500 0.00000000
vn -0.98513900 -0.17175800 0.00000000
vn -0.98514900 -0.17170000 0.00000000
vn -0.98228400 0.18739700 0.00000000
vn -0.95207400 0.30586700 0.00001300
vn -0.93877700 0.34452400 -0.00000200
vn -0.90765700 0.41971300 0.00000000
vn -0.90786200 0.41926900 0.00000000
vn -0.79568000 -0.60571700 0.00000000
vn -0.79571700 -0.60566900 0.00000000
vn -0.79571700 -0.60566900 0.00000000
vn -0.79568000 -0.60571700 0.00000000
vn -0.79571700 -0.60566900 0.00000000
vn -0.79568000 -0.60571700 0.00000000
vn -0.60565200 0.79573000 0.00000000
vn -0.60602500 0.79544500 0.00000000
vn -0.60565200 0.79573000 0.00000000
vn -0.60565200 0.79573000 0.00000000
vn -0.60602500 0.79544600 0.00000000
vn -0.60602500 0.79544600 0.00000000
vn 0.00002500 -0.00000300 1.00000000
vn -0.00001500 0.00000100 1.00000000
vn 0.00000000 0.00000000 1.00000000
vn -0.00000200 0.00000000 1.00000000
vn -0.00002000 0.00000200 1.00000000
vn 0.00002500 -0.00000300 1.00000000
vn -0.00028700 0.00002900 1.00000000
vn 0.00003800 -0.00000400 1.00000000
vn 0.00000400 -0.00000000 1.00000000
vn 0.00000300 -0.00000000 1.00000000
vn -0.00013000 0.00001300 1.00000000
vn 0.00000000 0.00000000 1.00000000
vn 0.00024200 -0.00002500 1.00000000
vn -0.00000600 0.00000100 1.00000000
vn -0.00000200 0.00000000 1.00000000
vn 0.00002500 -0.00000300 1.00000000
vn 0.00010200 -0.00001000 1.00000000
vn 0.00008300 -0.00000800 1.00000000
vn -0.00003700 0.00000400 1.00000000
vn -0.00006700 0.00000700 1.00000000
vn -0.00000300 0.00000000 1.00000000
vn 0.00000500 -0.00000100 1.00000000
vn 0.00007100 -0.00000700 1.00000000
vn 0.00003800 -0.00000400 1.00000000
vn 0.00000000 0.00000000 1.00000000
vn 0.00022400 -0.00002300 1.00000000
vn -0.00002000 0.00000200 1.00000000
vn -0.00000900 0.00000100 1.00000000
vn 0.00006400 -0.00000600 1.00000000
vn -0.00007700 0.00000800 1.00000000
vn 0.00001100 -0.00000100 1.00000000
vn -0.00007200 0.00000700 1.00000000
vn 0.00005800 -0.00000600 1.00000000
vn -0.00003200 0.00000300 1.00000000
vn 0.00000700 -0.00000100 1.00000000
vn 0.00000400 -0.00000000 1.00000000
vn 0.00000200 -0.00000000 1.00000000
vn 0.00000200 -0.00000000 1.00000000
vn -0.00015700 0.00001600 1.00000000
vn -0.00024200 0.00002500 1.00000000
vn 0.00000000 0.00000000 1.00000000
vn 0.00000000 0.00000000 1.00000000
vn -0.00015700 0.00001600 1.00000000
vn 0.00000400 -0.00000000 1.00000000
vn -0.00024200 0.00002500 1.00000000
vn -0.00015700 0.00001600 1.00000000
vn 0.00000000 0.00000000 1.00000000
vn 0.00000700 -0.00000100 1.00000000
vn 0.00027600 -0.00002800 1.00000000
vn 0.00007900 -0.00000800 1.00000000
vn 0.00000200 -0.00000000 1.00000000
vn -0.00000100 0.00000000 1.00000000
vn -0.00013900 0.00001400 1.00000000
vn 0.00000100 -0.00000000 1.00000000
vn 0.00000200 -0.00000000 1.00000000
vn 0.00000700 -0.00000100 1.00000000
vn 0.00000000 0.00000000 1.00000000
vn 0.00000000 0.00000000 1.00000000
vn -0.00013900 0.00001400 1.00000000
vn -0.00013900 0.00001400 1.00000000
vn 0.00007900 -0.00000800 1.00000000
vn -0.00024200 0.00002500 1.00000000
vn -0.00007200 0.00000700 1.00000000
vn 0.00000000 0.00000000 1.00000000
vn -0.00007200 0.00000700 1.00000000
vn -0.00000100 0.00000000 1.00000000
vn 0.00007900 -0.00000800 1.00000000
vn -0.00000100 0.00000000 1.00000000
vn -0.00001400 0.00000100 1.00000000
vn 0.00000000 0.00000000 1.00000000
vn 0.00000500 -0.00000000 1.00000000
vn 0.00000000 0.00000000 1.00000000
vn 0.00000400 -0.00000000 1.00000000
vn -0.00001400 0.00000100 1.00000000
vn 0.00000000 0.00000000 1.00000000
vn -0.00001400 0.00000100 1.00000000
vn 0.00000000 0.00000000 1.00000000
vn 0.00000000 0.00000000 1.00000000
vn 0.00000000 0.00000000 1.00000000
vn 0.00000100 -0.00000000 1.00000000
vn 0.00000700 -0.00000100 1.00000000
vn -0.00000500 0.00000100 1.00000000
vn 0.00027600 -0.00002800 1.00000000
vn 0.00027600 -0.00002800 1.00000000
vn 0.00001000 -0.00000100 1.00000000
vn -0.00000500 0.00000100 1.00000000
vn -0.00000500 0.00000100 1.00000000
vn 0.00000000 0.00000000 1.00000000
vn 0.00000500 -0.00000100 1.00000000
vn 0.00000500 -0.00000100 1.00000000
vn 0.00001000 -0.00000100 1.00000000
vn 0.00001000 -0.00000100 1.00000000
vn 0.00000000 0.00000000 1.00000000
vn 0.00035600 -0.00003600 1.00000000
vn 0.00000100 -0.00000000 1.00000000
vn -0.00000100 0.00000000 1.00000000
vn 0.00006500 -0.00000700 1.00000000
vn 0.00012700 -0.00001300 1.00000000
vn 0.00035600 -0.00003600 1.00000000
vn 0.00000000 0.00000000 1.00000000
vn -0.00014600 0.00001500 1.00000000
vn 0.00000800 -0.00000100 1.00000000
vn -0.00010200 0.00001000 1.00000000
vn 0.00035600 -0.00003600 1.00000000
vn 0.00006500 -0.00000700 1.00000000
vn -0.00010200 0.00001000 1.00000000
vn 0.00006500 -0.00000700 1.00000000
vn 0.00012700 -0.00001300 1.00000000
vn -0.00010200 0.00001000 1.00000000
vn 0.00000100 -0.00000000 1.00000000
vn 0.00000000 0.00000000 1.00000000
vn 0.00012700 -0.00001300 1.00000000
vn -0.00001200 0.00000100 1.00000000
vn 0.00000000 0.00000000 1.00000000
vn -0.00013900 0.00001400 1.00000000
vn 0.00002800 -0.00000300 1.00000000
vn 0.00000600 -0.00000100 1.00000000
vn 0.00000100 -0.00000000 1.00000000
vn -0.00000100 0.00000000 1.00000000
vn 0.00000000 0.00000000 1.00000000
vn -0.00001200 0.00000100 1.00000000
vn -0.00001200 0.00000100 1.00000000
vn 0.00000000 0.00000000 1.00000000
vn 0.00000300 -0.00000000 1.00000000
vn 0.00000000 0.00000000 1.00000000
vn -0.00004200 0.00000400 1.00000000
vn -0.00001800 0.00000200 1.00000000
vn 0.00000000 0.00000000 1.00000000
vn 0.00002800 -0.00000300 1.00000000
vn 0.00003900 -0.00000400 1.00000000
vn -0.00000200 0.00000000 1.00000000
vn 0.00000000 0.00000000 1.00000000
vn 0.00000900 -0.00000100 1.00000000
vn -0.00000400 0.00000000 1.00000000
vn -0.00004000 0.00000400 1.00000000
vn -0.00011100 0.00001100 1.00000000
vn -0.00000300 0.00000000 1.00000000
vn 0.00000300 -0.00000000 1.00000000
vn -0.00018300 0.00001900 1.00000000
vn -0.00000300 0.00000000 1.00000000
vn 0.00000000 0.00000000 1.00000000
vn 0.00000000 0.00000000 1.00000000
vn 0.00001400 -0.00000100 1.00000000
vn 0.00000000 0.00000000 1.00000000
vn 0.00000000 0.00000000 1.00000000
vn 0.00000000 0.00000000 1.00000000
vn 0.00002800 -0.00000300 1.00000000
vn 0.00000000 0.00000000 1.00000000
vn 0.00008000 -0.00000800 1.00000000
vn 0.00000000 0.00000000 1.00000000
vn -0.00001600 0.00000200 1.00000000
vn 0.00008000 -0.00000800 1.00000000
vn -0.00004200 0.00000400 1.00000000
vn 0.00001800 -0.00000200 1.00000000
vn 0.00000300 -0.00000000 1.00000000
vn -0.00005200 0.00000500 1.00000000
vn -0.00001600 0.00000200 1.00000000
vn -0.00000300 0.00000000 1.00000000
vn 0.00000500 -0.00000000 1.00000000
vn 0.00000000 0.00000000 1.00000000
vn -0.00000200 0.00000000 1.00000000
vn 0.00000100 -0.00000000 1.00000000
vn -0.00005200 0.00000500 1.00000000
vn -0.00001600 0.00000200 1.00000000
vn -0.00004200 0.00000400 1.00000000
vn -0.00005200 0.00000500 1.00000000
vn 0.00001200 -0.00000100 1.00000000
vn 0.00001400 -0.00000100 1.00000000
vn 0.00000000 0.00000000 1.00000000
vn 0.00000000 0.00000000 1.00000000
vn 0.00001200 -0.00000100 1.00000000
vn 0.00001200 -0.00000100 1.00000000
vn 0.00000000 0.00000000 1.00000000
vn -0.00004000 0.00000400 1.00000000
vn -0.00018300 0.00001900 1.00000000
vn -0.00000400 0.00000000 1.00000000
vn -0.00004000 0.00000400 1.00000000
vn 0.00002800 -0.00000300 1.00000000
vn -0.00000400 0.00000000 1.00000000
vn 0.00001100 -0.00000100 1.00000000
vn 0.00000000 0.00000000 1.00000000
vn 0.00001100 -0.00000100 1.00000000
vn 0.00000000 0.00000000 1.00000000
vn 0.00000000 0.00000000 1.00000000
vn -0.00004000 0.00000400 1.00000000
vn 0.00001100 -0.00000100 1.00000000
vn -0.00004000 0.00000400 1.00000000
vn 0.00000000 0.00000000 1.00000000
vn -0.00004000 0.00000400 1.00000000
vn 0.00000000 0.00000000 1.00000000
vn 0.00000300 -0.00000000 1.00000000
vn -0.00007300 0.00000700 1.00000000
vn 0.00000000 0.00000000 1.00000000
vn 0.00001100 -0.00000100 1.00000000
vn 0.00000300 -0.00000000 1.00000000
vn 0.00033400 -0.00003400 1.00000000
vn 0.00000000 0.00000000 1.00000000
vn 0.00002700 -0.00000300 1.00000000
vn -0.00001800 0.00000200 1.00000000
vn 0.00000000 0.00000000 1.00000000
vn 0.00000000 0.00000000 1.00000000
vn 0.00003900 -0.00000400 1.00000000
vn -0.00001800 0.00000200 1.00000000
vn -0.00000300 0.00000000 1.00000000
vn 0.00003900 -0.00000400 1.00000000
vn 0.00000000 0.00000000 1.00000000
vn 0.00000000 0.00000000 1.00000000
vn 0.00000000 0.00000000 1.00000000
vn 0.00000200 -0.00000000 1.00000000
vn 0.00000000 0.00000000 1.00000000
vn 0.00001400 -0.00000100 1.00000000
vn -0.00011100 0.00001100 1.00000000
vn -0.00018300 0.00001900 1.00000000
vn -0.00011100 0.00001100 1.00000000
vn 0.00000000 0.00000000 1.00000000
vn 0.00033400 -0.00003400 1.00000000
vn 0.00000000 0.00000000 1.00000000
vn -0.00028800 0.00002900 1.00000000
vn 0.00000000 0.00000000 1.00000000
vn -0.00007400 0.00000800 1.00000000
vn 0.00001100 -0.00000100 1.00000000
vn 0.00000000 0.00000000 1.00000000
vn -0.00028800 0.00002900 1.00000000
vn 0.00000000 0.00000000 1.00000000
vn 0.00033400 -0.00003400 1.00000000
vn 0.00002700 -0.00000300 1.00000000
vn 0.00000300 -0.00000000 1.00000000
vn 0.00001100 -0.00000100 1.00000000
vn 0.00002700 -0.00000300 1.00000000
vn -0.00028800 0.00002900 1.00000000
vn -0.00007300 0.00000700 1.00000000
vn 0.00000000 0.00000000 1.00000000
vn 0.00009400 -0.00001000 1.00000000
vn 0.00000000 0.00000000 1.00000000
vn 0.00009400 -0.00001000 1.00000000
vn 0.00000000 0.00000000 1.00000000
vn 0.00000000 0.00000000 1.00000000
vn 0.00009400 -0.00001000 1.00000000
vn 0.00000200 -0.00000000 1.00000000
vn 0.00000000 0.00000000 1.00000000
vn 0.00000200 -0.00000000 1.00000000
vn 0.00000000 0.00000000 1.00000000
vn 0.00000000 0.00000000 1.00000000
vn 0.00000000 0.00000000 1.00000000
vn 0.00000000 0.00000000 1.00000000
vn 0.00004300 -0.00000400 1.00000000
vn -0.00009700 0.00001000 1.00000000
vn -0.00020900 0.00002100 1.00000000
vn -0.00001400 0.00000100 1.00000000
vn 0.00004400 -0.00000400 1.00000000
vn 0.00000100 -0.00000000 1.00000000
vn 0.00000000 0.00000000 1.00000000
vn 0.00000300 -0.00000000 1.00000000
vn 0.00025200 -0.00002600 1.00000000
vn -0.00000400 0.00000000 1.00000000
vn -0.00009600 0.00001000 1.00000000
vn -0.00000100 0.00000000 1.00000000
vn 0.00004400 -0.00000400 1.00000000
vn 0.00000000 0.00000000 1.00000000
vn 0.00004400 -0.00000400 1.00000000
vn -0.00009600 0.00001000 1.00000000
vn 0.00000000 0.00000000 1.00000000
vn 0.00000500 -0.00000000 1.00000000
vn 0.00008000 -0.00000800 1.00000000
vn -0.00000500 0.00000100 1.00000000
vn 0.00000100 -0.00000000 1.00000000
vn 0.00000500 -0.00000000 1.00000000
vn 0.00000000 0.00000000 1.00000000
vn 0.00000000 0.00000000 1.00000000
vn -0.00000500 0.00000100 1.00000000
vn -0.00000400 0.00000000 1.00000000
vn -0.00000500 0.00000100 1.00000000
vn 0.00000000 0.00000000 1.00000000
vn -0.00000100 0.00000000 1.00000000
vn 0.00000000 0.00000000 1.00000000
vn -0.00000100 0.00000000 1.00000000
vn -0.00000200 0.00000000 1.00000000
vn 0.00001100 -0.00000100 1.00000000
vn 0.00000100 -0.00000000 1.00000000
vn 0.00000000 0.00000000 1.00000000
vn -0.00000100 0.00000000 1.00000000
vn -0.00009800 0.00001000 1.00000000
vn 0.00000200 -0.00000000 1.00000000
vn 0.00001500 -0.00000100 1.00000000
vn -0.00004600 0.00000500 1.00000000
vn -0.00000400 0.00000000 1.00000000
vn -0.00000100 0.00000000 1.00000000
vn 0.00000000 0.00000000 1.00000000
vn -0.00009800 0.00001000 1.00000000
vn -0.00009800 0.00001000 1.00000000
vn 0.00001100 -0.00000100 1.00000000
vn 0.00025200 -0.00002600 1.00000000
vn -0.00009600 0.00001000 1.00000000
vn -0.00000100 0.00000000 1.00000000
vn 0.00000200 -0.00000000 1.00000000
vn 0.00025200 -0.00002600 1.00000000
vn 0.00000200 -0.00000000 1.00000000
vn 0.00001100 -0.00000100 1.00000000
vn 0.00000000 0.00000000 1.00000000
vn -0.00001000 0.00000100 1.00000000
vn 0.00000000 0.00000000 1.00000000
vn -0.00001000 0.00000100 1.00000000
vn 0.00000000 0.00000000 1.00000000
vn -0.00000800 0.00000100 1.00000000
vn -0.00001000 0.00000100 1.00000000
vn 0.00000000 0.00000000 1.00000000
vn 0.00001900 -0.00000200 1.00000000
vn -0.00000800 0.00000100 1.00000000
vn 0.00000000 0.00000000 1.00000000
vn 0.00000000 0.00000000 1.00000000
vn -0.00001500 0.00000100 1.00000000
vn 0.00000000 0.00000000 1.00000000
vn 0.00000000 0.00000000 1.00000000
vn -0.00001500 0.00000100 1.00000000
vn 0.00000000 0.00000000 1.00000000
vn 0.00000000 0.00000000 1.00000000
vn 0.00000100 -0.00000000 1.00000000
vn -0.00000200 0.00000000 1.00000000
vn -0.00002100 0.00000200 1.00000000
vn -0.00000200 0.00000000 1.00000000
vn 0.00002300 -0.00000200 1.00000000
vn -0.00001800 0.00000200 1.00000000
vn 0.00000300 -0.00000000 1.00000000
vn 0.00000100 -0.00000000 1.00000000
vn 0.00002100 -0.00000200 1.00000000
vn -0.00000300 0.00000000 1.00000000
vn 0.00003000 -0.00000300 1.00000000
vn -0.00000000 0.00000000 1.00000000
vn 0.00000000 0.00000000 1.00000000
vn 0.00000100 -0.00000000 1.00000000
vn -0.00002700 0.00000300 1.00000000
vn 0.00023600 -0.00002400 1.00000000
vn 0.00000200 -0.00000000 1.00000000
vn -0.00007900 0.00000800 1.00000000
vn 0.00000100 -0.00000000 1.00000000
vn 0.00000000 0.00000000 1.00000000
vn 0.00013900 -0.00001400 1.00000000
vn -0.00000100 0.00000000 1.00000000
vn 0.00013400 -0.00001400 1.00000000
vn 0.00000400 -0.00000000 1.00000000
vn 0.00000100 -0.00000000 1.00000000
vn -0.00001700 0.00000200 1.00000000
vn 0.00000200 -0.00000000 1.00000000
vn 0.00000100 -0.00000000 1.00000000
vn 0.00000300 -0.00000000 1.00000000
vn -0.00001700 0.00000200 1.00000000
vn 0.00000400 -0.00000000 1.00000000
vn 0.00000000 0.00000000 1.00000000
vn 0.00000400 -0.00000000 1.00000000
vn 0.00000200 -0.00000000 1.00000000
vn 0.00000000 0.00000000 1.00000000
vn 0.00000000 0.00000000 1.00000000
vn -0.00000500 0.00000000 1.00000000
vn 0.00000000 0.00000000 1.00000000
vn 0.00000000 0.00000000 1.00000000
vn -0.00000100 0.00000000 1.00000000
vn 0.00000500 -0.00000100 1.00000000
vn -0.00000100 0.00000000 1.00000000
vn -0.00000100 0.00000000 1.00000000
vn 0.00001100 -0.00000100 1.00000000
vn 0.00000100 -0.00000000 1.00000000
vn 0.00017400 -0.00001800 1.00000000
vn 0.00001600 -0.00000200 1.00000000
vn -0.00000500 0.00000000 1.00000000
vn -0.00000100 0.00000000 1.00000000
vn 0.00000000 0.00000000 1.00000000
vn 0.00000000 0.00000000 1.00000000
vn 0.00001500 -0.00000100 1.00000000
vn 0.00000000 0.00000000 1.00000000
vn 0.00001500 -0.00000100 1.00000000
vn -0.00000200 0.00000000 1.00000000
vn 0.00000000 0.00000000 1.00000000
vn -0.00001400 0.00000100 1.00000000
vn -0.00000200 0.00000000 1.00000000
vn 0.00000100 -0.00000000 1.00000000
vn -0.00001400 0.00000100 1.00000000
vn 0.00000300 -0.00000000 1.00000000
vn 0.00000300 -0.00000000 1.00000000
vn 0.00000000 0.00000000 1.00000000
vn -0.00000400 0.00000000 1.00000000
vn 0.00003000 -0.00000300 1.00000000
vn 0.00000000 0.00000000 1.00000000
vn 0.00005400 -0.00000500 1.00000000
vn -0.00020900 0.00002100 1.00000000
vn 0.00000000 0.00000000 1.00000000
vn 0.00014100 -0.00001400 1.00000000
vn 0.00016800 -0.00001700 1.00000000
vn 0.00003000 -0.00000300 1.00000000
vn 0.00005400 -0.00000500 1.00000000
vn 0.00014100 -0.00001400 1.00000000
vn 0.00014100 -0.00001400 1.00000000
vn 0.00016800 -0.00001700 1.00000000
vn 0.00000000 0.00000000 1.00000000
vn 0.00004300 -0.00000400 1.00000000
vn 0.00004300 -0.00000400 1.00000000
vn 0.00003000 -0.00000300 1.00000000
vn -0.00000400 0.00000000 1.00000000
vn 0.00016800 -0.00001700 1.00000000
vn 0.00005400 -0.00000500 1.00000000
vn -0.00006800 0.00000700 1.00000000
vn 0.00000600 -0.00000100 1.00000000
vn 0.00002800 -0.00000300 1.00000000
vn 0.00002800 -0.00000300 1.00000000
vn 0.00000000 0.00000000 1.00000000
vn 0.00000800 -0.00000100 1.00000000
vn 0.00000000 0.00000000 1.00000000
vn 0.00000000 0.00000000 1.00000000
vn -0.00014600 0.00001500 1.00000000
vn 0.00000000 0.00000000 1.00000000
vn -0.00014600 0.00001500 1.00000000
vn 0.00000500 -0.00000100 1.00000000
vn 0.00000500 -0.00000100 1.00000000
vn 0.00000500 -0.00000100 1.00000000
vn 0.00000000 0.00000000 1.00000000
vn 0.00000500 -0.00000100 1.00000000
vn 0.00000000 0.00000000 1.00000000
vn 0.00000000 0.00000000 1.00000000
vn -0.00004600 0.00000500 1.00000000
vn -0.00000400 0.00000000 1.00000000
vn 0.00000000 0.00000000 1.00000000
vn -0.00004600 0.00000500 1.00000000
vn -0.00013900 0.00001400 1.00000000
vn 0.00000000 0.00000000 1.00000000
vn -0.00000100 0.00000000 1.00000000
vn -0.00013900 0.00001400 1.00000000
vn 0.00000000 0.00000000 1.00000000
vn 0.00000800 -0.00000100 1.00000000
vn 0.00000000 0.00000000 1.00000000
vn 0.00000000 0.00000000 1.00000000
vn -0.00006800 0.00000700 1.00000000
vn 0.00000300 -0.00000000 1.00000000
vn -0.00002700 0.00000300 1.00000000
vn 0.00000100 -0.00000000 1.00000000
vn 0.00000600 -0.00000100 1.00000000
vn 0.00000300 -0.00000000 1.00000000
vn -0.00006800 0.00000700 1.00000000
vn -0.00020900 0.00002100 1.00000000
vn -0.00009700 0.00001000 1.00000000
vn -0.00009700 0.00001000 1.00000000
vn -0.00003000 0.00000300 1.00000000
vn 0.00000000 0.00000000 1.00000000
vn 0.00000000 0.00000000 1.00000000
vn 0.00000100 -0.00000000 1.00000000
vn -0.00003000 0.00000300 1.00000000
vn 0.00000100 -0.00000000 1.00000000
vn -0.00002700 0.00000300 1.00000000
vn -0.00003000 0.00000300 1.00000000
vn -0.00002700 0.00000300 1.00000000
vn 0.00000300 -0.00000000 1.00000000
vn -0.00000100 0.00000000 1.00000000
vn 0.00000000 0.00000000 1.00000000
vn 0.00000100 -0.00000000 1.00000000
vn 0.00000000 0.00000000 1.00000000
vn -0.00000100 0.00000000 1.00000000
vn -0.00001700 0.00000200 1.00000000
vn 0.00000000 0.00000000 1.00000000
vn 0.00000400 -0.00000000 1.00000000
vn -0.00000100 0.00000000 1.00000000
vn -0.00000500 0.00000000 1.00000000
vn 0.00000000 0.00000000 1.00000000
vn 0.00000000 0.00000000 1.00000000
vn 0.00001100 -0.00000100 1.00000000
vn 0.00001600 -0.00000200 1.00000000
vn 0.00001100 -0.00000100 1.00000000
vn 0.00000000 0.00000000 1.00000000
vn 0.00001600 -0.00000200 1.00000000
vn -0.00000200 0.00000000 1.00000000
vn 0.00000500 -0.00000000 1.00000000
vn 0.00033400 -0.00003400 1.00000000
vn 0.00006600 -0.00000700 1.00000000
vn -0.00000100 0.00000000 1.00000000
vn 0.00000000 0.00000000 1.00000000
vn 0.00000000 0.00000000 1.00000000
vn 0.00033400 -0.00003400 1.00000000
vn 0.00000000 0.00000000 1.00000000
vn 0.00000000 0.00000000 1.00000000
vn -0.00007900 0.00000800 1.00000000
vn 0.00013400 -0.00001400 1.00000000
vn 0.00000000 0.00000000 1.00000000
vn 0.00000500 -0.00000100 1.00000000
vn -0.00000100 0.00000000 1.00000000
vn 0.00013400 -0.00001400 1.00000000
vn 0.00000500 -0.00000100 1.00000000
vn -0.00000100 0.00000000 1.00000000
vn -0.00000500 0.00000000 1.00000000
vn 0.00000400 -0.00000000 1.00000000
vn -0.00000500 0.00000000 1.00000000
vn 0.00000400 -0.00000000 1.00000000
vn 0.00000000 0.00000000 1.00000000
vn 0.00017400 -0.00001800 1.00000000
vn 0.00000000 0.00000000 1.00000000
vn 0.00017400 -0.00001800 1.00000000
vn 0.00003800 -0.00000400 1.00000000
vn 0.00004200 -0.00000400 1.00000000
vn -0.00000000 0.00000000 1.00000000
vn 0.00000000 0.00000000 1.00000000
vn 0.00013900 -0.00001400 1.00000000
vn -0.00007900 0.00000800 1.00000000
vn 0.00013900 -0.00001400 1.00000000
vn 0.00000000 0.00000000 1.00000000
vn 0.00033400 -0.00003400 1.00000000
vn 0.00003800 -0.00000400 1.00000000
vn 0.00000000 0.00000000 1.00000000
vn 0.00000000 0.00000000 1.00000000
vn 0.00003800 -0.00000400 1.00000000
vn 0.00001600 -0.00000200 1.00000000
vn -0.00000400 0.00000000 1.00000000
vn 0.00001600 -0.00000200 1.00000000
vn 0.00000000 0.00000000 1.00000000
vn 0.00001600 -0.00000200 1.00000000
vn -0.00000400 0.00000000 1.00000000
vn -0.00000400 0.00000000 1.00000000
vn 0.00000000 0.00000000 1.00000000
vn 0.00000400 -0.00000000 1.00000000
vn 0.00000000 0.00000000 1.00000000
vn 0.00023600 -0.00002400 1.00000000
vn 0.00003000 -0.00000300 1.00000000
vn 0.00023600 -0.00002400 1.00000000
vn 0.00000000 0.00000000 1.00000000
vn 0.00003000 -0.00000300 1.00000000
vn 0.00000000 0.00000000 1.00000000
vn -0.00002700 0.00000300 1.00000000
vn -0.00002700 0.00000300 1.00000000
vn 0.00004200 -0.00000400 1.00000000
vn -0.00000000 0.00000000 1.00000000
vn 0.00000000 0.00000000 1.00000000
vn 0.00004200 -0.00000400 1.00000000
vn -0.00005600 0.00000600 1.00000000
vn -0.00005600 0.00000600 1.00000000
vn 0.00010900 -0.00001100 1.00000000
vn 0.00000000 0.00000000 1.00000000
vn -0.00005600 0.00000600 1.00000000
vn -0.00002000 0.00000200 1.00000000
vn 0.00010900 -0.00001100 1.00000000
vn 0.00000400 -0.00000000 1.00000000
vn 0.00010900 -0.00001100 1.00000000
vn -0.00002000 0.00000200 1.00000000
vn 0.00000400 -0.00000000 1.00000000
vn -0.00002000 0.00000200 1.00000000
vn 0.00000400 -0.00000000 1.00000000
vn 0.00006600 -0.00000700 1.00000000
vn 0.00000000 0.00000000 1.00000000
vn 0.00006600 -0.00000700 1.00000000
vn 0.00000000 0.00000000 1.00000000
vn 0.00000000 0.00000000 1.00000000
vn 0.00000400 -0.00000000 1.00000000
vn 0.00000000 0.00000000 1.00000000
vn 0.00000400 -0.00000000 1.00000000
vn 0.00000000 0.00000000 1.00000000
vn 0.00000000 0.00000000 1.00000000
vn 0.00000000 0.00000000 1.00000000
vn 0.00000000 0.00000000 1.00000000
vn -0.00000100 0.00000000 1.00000000
vn 0.00000000 0.00000000 1.00000000
vn -0.00000500 0.00000000 1.00000000
vn 0.00000000 0.00000000 1.00000000
vn 0.00000000 0.00000000 1.00000000
vn 0.00000900 -0.00000100 1.00000000
vn 0.00000000 0.00000000 1.00000000
vn 0.00000900 -0.00000100 1.00000000
vn -0.00000200 0.00000000 1.00000000
vn 0.00000000 0.00000000 1.00000000
vn 0.00000000 0.00000000 1.00000000
vn 0.00000000 0.00000000 1.00000000
vn 0.00001800 -0.00000200 1.00000000
vn 0.00000000 0.00000000 1.00000000
vn 0.00001800 -0.00000200 1.00000000
vn -0.00001800 0.00000200 1.00000000
vn -0.00000300 0.00000000 1.00000000
vn -0.00001800 0.00000200 1.00000000
vn 0.00002300 -0.00000200 1.00000000
vn 0.00002300 -0.00000200 1.00000000
vn -0.00002100 0.00000200 1.00000000
vn -0.00002100 0.00000200 1.00000000
vn 0.00002100 -0.00000200 1.00000000
vn 0.00000500 -0.00000000 1.00000000
vn 0.00002100 -0.00000200 1.00000000
vn -0.00000200 0.00000000 1.00000000
vn 0.00000000 0.00000000 1.00000000
vn 0.00000500 -0.00000000 1.00000000
vn 0.00000000 0.00000000 1.00000000
vn 0.00000300 -0.00000000 1.00000000
vn 0.00001000 -0.00000100 1.00000000
vn 0.00000000 0.00000000 1.00000000
vn -0.00042000 0.00004300 1.00000000
vn 0.00001900 -0.00000200 1.00000000
vn -0.00000300 0.00000000 1.00000000
vn 0.00008600 -0.00000900 1.00000000
vn -0.00000800 0.00000100 1.00000000
vn 0.00000500 -0.00000000 1.00000000
vn -0.00000400 0.00000000 1.00000000
vn 0.00000000 0.00000000 1.00000000
vn 0.00000500 -0.00000000 1.00000000
vn -0.00000100 0.00000000 1.00000000
vn 0.00000000 0.00000000 1.00000000
vn 0.00006800 -0.00000700 1.00000000
vn 0.00006800 -0.00000700 1.00000000
vn 0.00006800 -0.00000700 1.00000000
vn -0.00000700 0.00000100 1.00000000
vn -0.00000100 0.00000000 1.00000000
vn 0.00000000 0.00000000 1.00000000
vn 0.00004500 -0.00000500 1.00000000
vn -0.00003600 0.00000400 1.00000000
vn -0.00000700 0.00000100 1.00000000
vn 0.00000000 0.00000000 1.00000000
vn -0.00003600 0.00000400 1.00000000
vn 0.00000000 0.00000000 1.00000000
vn 0.00004500 -0.00000500 1.00000000
vn 0.00000000 0.00000000 1.00000000
vn 0.00000000 0.00000000 1.00000000
vn -0.00000100 0.00000000 1.00000000
vn 0.00000000 0.00000000 1.00000000
vn 0.00000000 0.00000000 1.00000000
vn -0.00005200 0.00000500 1.00000000
vn 0.00000500 -0.00000100 1.00000000
vn 0.00000500 -0.00000100 1.00000000
vn 0.00000000 0.00000000 1.00000000
vn 0.00000000 0.00000000 1.00000000
vn 0.00000000 0.00000000 1.00000000
vn -0.00005200 0.00000500 1.00000000
vn 0.00000000 0.00000000 1.00000000
vn 0.00000500 -0.00000100 1.00000000
vn -0.00005200 0.00000500 1.00000000
vn -0.00003200 0.00000300 1.00000000
vn 0.00000000 0.00000000 1.00000000
vn 0.00000700 -0.00000100 1.00000000
vn 0.00000000 0.00000000 1.00000000
vn 0.00000000 0.00000000 1.00000000
vn 0.00000600 -0.00000100 1.00000000
vn 0.00000700 -0.00000100 1.00000000
vn 0.00001100 -0.00000100 1.00000000
vn -0.00004300 0.00000400 1.00000000
vn 0.00000000 0.00000000 1.00000000
vn -0.00000400 0.00000000 1.00000000
vn 0.00000000 0.00000000 1.00000000
vn 0.00000000 0.00000000 1.00000000
vn 0.00004500 -0.00000500 1.00000000
vn 0.00000000 0.00000000 1.00000000
vn -0.00000700 0.00000100 1.00000000
vn -0.00002000 0.00000200 1.00000000
vn 0.00000000 0.00000000 1.00000000
vn 0.00000000 0.00000000 1.00000000
vn 0.00000000 0.00000000 1.00000000
vn 0.00000000 0.00000000 1.00000000
vn 0.00000000 0.00000000 1.00000000
vn 0.00005800 -0.00000600 1.00000000
vn 0.00006400 -0.00000600 1.00000000
vn 0.00005800 -0.00000600 1.00000000
vn 0.00000000 0.00000000 1.00000000
vn 0.00000000 0.00000000 1.00000000
vn 0.00000200 -0.00000000 1.00000000
vn 0.00000000 0.00000000 1.00000000
vn 0.00000200 -0.00000000 1.00000000
vn 0.00000200 -0.00000000 1.00000000
vn 0.00000200 -0.00000000 1.00000000
vn 0.00000200 -0.00000000 1.00000000
vn -0.00003200 0.00000300 1.00000000
vn -0.00003600 0.00000400 1.00000000
vn 0.00000000 0.00000000 1.00000000
vn 0.00006500 -0.00000700 1.00000000
vn 0.00000000 0.00000000 1.00000000
vn -0.00004300 0.00000400 1.00000000
vn 0.00006500 -0.00000700 1.00000000
vn 0.00000000 0.00000000 1.00000000
vn 0.00006500 -0.00000700 1.00000000
vn -0.00004300 0.00000400 1.00000000
vn 0.00000000 0.00000000 1.00000000
vn 0.00000600 -0.00000100 1.00000000
vn 0.00000000 0.00000000 1.00000000
vn 0.00001100 -0.00000100 1.00000000
vn 0.00000600 -0.00000100 1.00000000
vn -0.00007700 0.00000800 1.00000000
vn -0.00007700 0.00000800 1.00000000
vn 0.00006400 -0.00000600 1.00000000
vn 0.00000000 0.00000000 1.00000000
vn -0.00000900 0.00000100 1.00000000
vn -0.00002000 0.00000200 1.00000000
vn -0.00000900 0.00000100 1.00000000
vn -0.00000400 0.00000000 1.00000000
vn 0.00001000 -0.00000100 1.00000000
vn 0.00001000 -0.00000100 1.00000000
vn 0.00000500 -0.00000100 1.00000000
vn -0.00000300 0.00000000 1.00000000
vn -0.00000600 0.00000100 1.00000000
vn 0.00000500 -0.00000100 1.00000000
vn -0.00000600 0.00000100 1.00000000
vn 0.00000000 0.00000000 1.00000000
vn 0.00024200 -0.00002500 1.00000000
vn 0.00000000 0.00000000 1.00000000
vn 0.00024200 -0.00002500 1.00000000
vn 0.00000000 0.00000000 1.00000000
vn 0.00000000 0.00000000 1.00000000
vn 0.00008600 -0.00000900 1.00000000
vn -0.00042000 0.00004300 1.00000000
vn -0.00042000 0.00004300 1.00000000
vn 0.00000000 0.00000000 1.00000000
vn 0.00000000 0.00000000 1.00000000
vn 0.00001900 -0.00000200 1.00000000
vn -0.00008500 0.00000900 1.00000000
vn 0.00000000 0.00000000 1.00000000
vn 0.00000400 -0.00000000 1.00000000
vn -0.00028700 0.00002900 1.00000000
vn 0.00000000 0.00000000 1.00000000
vn -0.00028700 0.00002900 1.00000000
vn 0.00008200 -0.00000800 1.00000000
vn 0.00010200 -0.00001000 1.00000000
vn 0.00008400 -0.00000800 1.00000000
vn 0.00022400 -0.00002300 1.00000000
vn -0.00003700 0.00000400 1.00000000
vn 0.00022400 -0.00002300 1.00000000
vn 0.00007100 -0.00000700 1.00000000
vn -0.00003700 0.00000400 1.00000000
vn 0.00007100 -0.00000700 1.00000000
vn 0.00000000 0.00000000 1.00000000
vn 0.00000000 0.00000000 1.00000000
vn 0.00008600 -0.00000900 1.00000000
vn 0.00000000 0.00000000 1.00000000
vn -0.00008500 0.00000900 1.00000000
vn 0.00000000 0.00000000 1.00000000
vn 0.00000300 -0.00000000 1.00000000
vn -0.00008500 0.00000900 1.00000000
vn 0.00000300 -0.00000000 1.00000000
vn 0.00000400 -0.00000000 1.00000000
vn 0.00000000 0.00000000 1.00000000
vn -0.00007200 0.00000700 1.00000000
vn 0.00000200 -0.00000000 1.00000000
vn 0.00000000 0.00000000 1.00000000
vn -0.00033400 0.00003400 1.00000000
vn 0.00000200 -0.00000000 1.00000000
vn 0.00000000 0.00000000 1.00000000
vn -0.00001900 0.00000200 1.00000000
vn 0.00000200 -0.00000000 1.00000000
vn 0.00000000 0.00000000 1.00000000
vn 0.00000000 0.00000000 1.00000000
vn 0.00000000 0.00000000 1.00000000
vn 0.00000000 0.00000000 1.00000000
vn -0.00013000 0.00001300 1.00000000
vn 0.00000000 0.00000000 1.00000000
vn -0.00013000 0.00001300 1.00000000
vn 0.00000000 0.00000000 1.00000000
vn -0.00001900 0.00000200 1.00000000
vn 0.00000000 0.00000000 1.00000000
vn -0.00001900 0.00000200 1.00000000
vn 0.00000000 0.00000000 1.00000000
vn -0.00002000 0.00000200 1.00000000
vn -0.00018500 0.00001900 1.00000000
vn 0.00000000 0.00000000 1.00000000
vn -0.00018500 0.00001900 1.00000000
vn 0.00003800 -0.00000400 1.00000000
vn -0.00001900 0.00000200 1.00000000
vn -0.00018500 0.00001900 1.00000000
vn -0.00006700 0.00000700 1.00000000
vn 0.00007500 -0.00000800 1.00000000
vn -0.00033400 0.00003400 1.00000000
vn 0.00007400 -0.00000800 1.00000000
vn -0.00033400 0.00003400 1.00000000
vn 0.00007400 -0.00000800 1.00000000
vn -0.00007200 0.00000700 1.00000000
vn -0.00007200 0.00000700 1.00000000
vn 0.00000000 0.00000000 1.00000000
vn -0.00006700 0.00000700 1.00000000
vn 0.00010200 -0.00001000 1.00000000
vn 0.69450000 -0.13249000 0.70718900
vn 0.67413200 -0.22332300 0.70404100
vn 0.68908500 -0.15986100 0.70682800
vn 0.69453000 -0.13248700 0.70716000
vn 0.70150200 -0.09323000 0.70654300
vn 0.69452800 -0.13248800 0.70716200
vn 0.70597900 -0.06353700 0.70537800
vn 0.69460500 -0.13251200 0.70708100
vn 0.69453700 -0.13248900 0.70715300
vn 0.69460400 -0.13249600 0.70708600
vn -0.06357500 -0.70596800 0.70538500
vn -0.06360500 -0.70592000 0.70543000
vn 0.00560400 -0.71386300 0.70026300
vn 0.09739300 -0.70114500 0.70633500
vn 0.18905000 -0.68216300 0.70633800
vn 0.35828800 -0.61050900 0.70633500
vn 0.43573100 -0.55788100 0.70633400
vn 0.56464900 -0.42692700 0.70633200
vn 0.61605200 -0.34866900 0.70633600
vn -0.22331300 -0.67413500 0.70404100
vn -0.17809300 -0.68510700 0.70633700
vn -0.13253600 -0.69454400 0.70713700
vn -0.13249500 -0.69457300 0.70711600
vn -0.13238800 -0.69456000 0.70714900
vn -0.13249500 -0.69457300 0.70711600
vn -0.13249500 -0.69456600 0.70712400
vn -0.13238800 -0.69456000 0.70714900
vn -0.13249500 -0.69457300 0.70711600
vn -0.70597300 0.06357800 0.70538000
vn -0.70900400 0.04051600 0.70403900
vn -0.70115100 -0.09738800 0.70633100
vn -0.68216400 -0.18905700 0.70633500
vn -0.61050100 -0.35830900 0.70633100
vn -0.55785000 -0.43580100 0.70631500
vn -0.55789900 -0.43573000 0.70632000
vn -0.50081700 -0.50877600 0.70023500
vn -0.38821600 -0.59100600 0.70710700
vn -0.34870000 -0.61603900 0.70633100
vn -0.69459900 0.13251000 0.70708800
vn -0.69455500 0.13248600 0.70713500
vn -0.67413800 0.22331000 0.70403900
vn -0.69005300 0.15528900 0.70690300
vn -0.69454900 0.13249500 0.70714000
vn -0.69456800 0.13249200 0.70712100
vn -0.69459900 0.13251000 0.70708800
vn -0.69450700 0.13247200 0.70718500
vn -0.69450700 0.13247200 0.70718500
vn -0.69455600 0.13249400 0.70713300
vn -0.69459900 0.13251000 0.70708800
vn -0.69455500 0.13249300 0.70713500
vn -0.69450700 0.13247200 0.70718500
vn -0.69448100 0.13248600 0.70720900
vn 0.06363900 0.70596600 0.70538000
vn 0.08671500 0.70254000 0.70634100
vn -0.09741900 0.70114100 0.70633600
vn -0.09731200 0.70116900 0.70632300
vn -0.00558600 0.71386200 0.70026400
vn -0.18905400 0.68216600 0.70633400
vn -0.35832800 0.61048500 0.70633500
vn -0.43571700 0.55789100 0.70633400
vn -0.56467000 0.42689900 0.70633200
vn -0.61604800 0.34867800 0.70633400
vn 0.13251500 0.69454600 0.70713900
vn 0.22333100 0.67413000 0.70404000
vn 0.16669300 0.68762100 0.70667500
vn 0.13246700 0.69456600 0.70712800
vn 0.70114500 0.09739700 0.70633500
vn 0.68216200 0.18907400 0.70633300
vn 0.61050700 0.35829500 0.70633300
vn 0.55788400 0.43572500 0.70633500
vn 0.42691900 0.56465400 0.70633300
vn 0.34865700 0.61605900 0.70633500
vn 0.00000100 -0.00000000 1.00000000
vn -0.00000200 0.00000000 1.00000000
vn 0.07094800 -0.04501100 0.99646400
vn -0.00000300 0.00000000 1.00000000
vn 0.06435900 -0.07414100 0.99516900
vn 0.00000100 -0.00000000 1.00000000
vn 0.03232100 -0.09273200 0.99516600
vn -0.00000100 0.00000000 1.00000000
vn 0.00457300 -0.11874700 0.99291400
vn -0.00095400 -0.08402400 0.99646300
vn 0.03305000 0.07726100 0.99646300
vn 0.00000100 -0.00000000 1.00000000
vn 0.03579400 0.09182000 0.99513200
vn -0.00000100 0.00000000 1.00000000
vn 0.05421600 0.08188500 0.99516600
vn -0.00000000 0.00000000 1.00000000
vn 0.09677800 0.06718600 0.99303600
vn 0.08136100 0.02265200 0.99642700
vn 0.10344300 0.11633300 0.98780900
vn 0.08486500 0.04906100 0.99518400
vn 0.05444700 0.08152700 0.99518300
vn 0.04173500 0.07291700 0.99646400
vn 0.00000400 -0.00000000 1.00000000
vn 0.00000100 -0.00000000 1.00000000
vn 0.09784700 0.00643200 0.99518100
vn 0.00000000 0.00000000 1.00000000
vn 0.11745300 -0.00606800 0.99306000
vn 0.00000100 -0.00000000 1.00000000
vn 0.00000300 -0.00000000 1.00000000
vn 0.00764900 -0.07309200 0.99729600
vn 0.00000300 -0.00000000 1.00000000
vn 0.06518200 -0.05302300 0.99646400
vn -0.00000100 0.00000000 1.00000000
vn 0.08562300 -0.04772800 0.99518400
vn -0.00000200 0.00000000 1.00000000
vn 0.06871100 0.02619300 0.99729300
vn -0.00000200 0.00000000 1.00000000
vn -0.00000200 0.00000000 1.00000000
vn 0.06338400 -0.14842200 0.98689100
vn 0.02357300 -0.11529500 0.99305200
vn 0.06466700 -0.07367100 0.99518400
vn 0.11551300 0.02217900 0.99305800
vn 0.00000100 -0.00000000 1.00000000
vn 0.00000200 -0.00000000 1.00000000
vn 0.10815700 -0.04618900 0.99306000
vn 0.09404400 -0.02767900 0.99518300
vn 0.11595400 -0.01977400 0.99305800
vn 0.11760000 0.00178300 0.99305900
vn 0.09678500 -0.01556600 0.99518400
vn 0.11111800 -0.03855100 0.99305900
vn 0.50175400 -0.36513000 0.78417000
vn 0.46928500 -0.29758800 0.83139200
vn 0.36470700 -0.42014300 0.83094400
vn 0.15637900 -0.11847300 0.98056600
vn 0.10827900 -0.16275300 0.98070700
vn 0.04031100 -0.19127900 0.98070800
vn -0.00105700 -0.19607800 0.98058800
vn 0.38813300 -0.50166500 0.77310100
vn 0.18317400 -0.52533400 0.83094600
vn 0.17477200 -0.60973700 0.77309500
vn 0.02144100 -0.55926500 0.82871200
vn 0.00528900 -0.64759500 0.76196600
vn 0.05490400 -0.19370200 0.97952300
vn 0.04420000 -0.18881800 0.98101700
vn 0.16177700 -0.50826700 0.84586800
vn 0.18567600 -0.54070500 0.82046500
vn 0.15494500 -0.57382500 0.80418700
vn 0.20081600 -0.58279300 0.78741700
vn 0.22592200 -0.64523800 0.72981300
vn 0.11633300 -0.54340900 0.83136800
vn 0.09031100 -0.62798500 0.77296700
vn 0.05783900 -0.55262000 0.83142400
vn 0.01724200 -0.63421100 0.77296800
vn -0.00631500 -0.55560300 0.83142400
vn 0.02778400 -0.19314100 0.98077800
vn 0.00531200 -0.19505600 0.98077800
vn 0.23770700 -0.64058200 0.73017100
vn 0.23556400 -0.60013200 0.76442900
vn 0.05914700 -0.20131400 0.97773900
vn 0.07590100 -0.18522900 0.97976000
vn 0.24919400 -0.65159700 0.71646600
vn 0.27487000 -0.60982700 0.74334200
vn 0.29361300 -0.50375100 0.81242000
vn 0.34023700 -0.55103700 0.76197000
vn 0.12113900 -0.15294300 0.98078200
vn 0.14395000 -0.13178800 0.98077000
vn 0.16467300 -0.10474700 0.98077100
vn 0.18036000 -0.07456100 0.98077000
vn 0.19056800 -0.04210700 0.98077000
vn 0.19498500 -0.00832800 0.98077100
vn 0.19347800 0.02560300 0.98077100
vn 0.18608900 0.05881700 0.98077100
vn 0.17373900 0.08900200 0.98076200
vn 0.24627800 0.20814000 0.94658600
vn 0.40777500 -0.48594600 0.77303000
vn 0.36676500 -0.41763800 0.83130100
vn 0.48163200 -0.41282800 0.77304800
vn 0.43108300 -0.35071900 0.83136300
vn 0.54599000 -0.32292200 0.77305700
vn 0.48542800 -0.27054400 0.83136400
vn 0.59380600 -0.22319600 0.77303100
vn 0.52503800 -0.18213100 0.83136200
vn 0.62349300 -0.11671500 0.77306800
vn 0.54868800 -0.08819200 0.83136300
vn 0.63432100 -0.00665100 0.77304100
vn 0.55566700 0.00842300 0.83136200
vn 0.62584600 0.10360500 0.77303500
vn 0.54576100 0.10479100 0.83136300
vn 0.59830700 0.21065300 0.77308000
vn 0.51927400 0.19796800 0.83136300
vn 0.54793800 0.30285500 0.77977100
vn 0.48102000 0.27805500 0.83144800
vn 0.49289900 0.39684900 0.77431300
vn 0.44691100 0.52140600 0.72691600
vn 0.47153600 0.51408900 0.71649600
vn 0.39821800 0.46223000 0.79231700
vn 0.44123900 0.46906400 0.76504100
vn 0.34423600 0.41031400 0.84447900
vn 0.47725700 0.51831900 0.70962800
vn 0.48031400 0.47842700 0.73512300
vn 0.27170800 0.28032600 0.92064700
vn 0.33749700 0.41301000 0.84588300
vn 0.12237600 0.15990300 0.97951800
vn 0.54869000 -0.08818800 0.83136100
vn 0.63393400 -0.02736500 0.77290300
vn 0.55566800 0.00842500 0.83136100
vn 0.62905500 0.08312900 0.77290300
vn 0.54576100 0.10479200 0.83136200
vn 0.60506500 0.19110000 0.77290200
vn 0.51927700 0.19796900 0.83136000
vn 0.56268800 0.29326500 0.77290300
vn 0.47701100 0.28513400 0.83136000
vn 0.50667400 0.38835800 0.76971400
vn 0.42024900 0.36363100 0.83136200
vn 0.44721200 0.48545100 0.75122500
vn 0.35071700 0.43108700 0.83136100
vn 0.33975400 0.54594100 0.76584300
vn 0.27053700 0.48543100 0.83136400
vn 0.23437000 0.58728100 0.77470800
vn 0.18212600 0.52503700 0.83136400
vn 0.13580600 0.62740200 0.76676200
vn 0.08819100 0.54868500 0.83136500
vn 0.02072300 0.63144400 0.77514500
vn -0.00842200 0.55566300 0.83136500
vn -0.08331000 0.63540200 0.76767400
vn -0.10479200 0.54575800 0.83136400
vn -0.20310800 0.60747600 0.76793200
vn -0.19796500 0.51927400 0.83136300
vn -0.29869300 0.55644500 0.77534000
vn -0.28513600 0.47700900 0.83136000
vn -0.39716400 0.50338100 0.76737800
vn -0.36363000 0.42025000 0.83136200
vn -0.46953000 0.42321800 0.77487300
vn -0.43108900 0.35072100 0.83135800
vn -0.54529200 0.33988600 0.76624700
vn -0.48543500 0.27053900 0.83136100
vn -0.58585400 0.24002700 0.77405600
vn -0.52503700 0.18213200 0.83136300
vn -0.61899400 0.13614100 0.77350600
vn -0.54869000 0.08818800 0.83136100
vn -0.64371500 0.01835900 0.76504500
vn -0.55566800 -0.00842500 0.83136100
vn -0.62638800 -0.09189200 0.77407600
vn -0.54576100 -0.10479200 0.83136200
vn -0.61121400 -0.19917800 0.76599300
vn -0.51927500 -0.19796800 0.83136200
vn -0.55704600 -0.29894400 0.77481100
vn -0.47700600 -0.28513200 0.83136300
vn -0.50752300 -0.39274400 0.76692400
vn -0.42024700 -0.36363000 0.83136400
vn -0.42301400 -0.48094100 0.76795500
vn -0.35071500 -0.43108500 0.83136300
vn -0.33043600 -0.53799600 0.77548200
vn -0.27053900 -0.48543400 0.83136200
vn -0.23529300 -0.59582100 0.76787700
vn -0.18212700 -0.52503900 0.83136300
vn -0.12932400 -0.61824300 0.77527500
vn -0.08819200 -0.54869400 0.83135900
vn -0.01969500 -0.64104500 0.76725000
vn 0.00842200 -0.55567000 0.83136100
vn 0.08717600 -0.62621000 0.77476500
vn 0.10479200 -0.54576100 0.83136300
vn 0.20977600 -0.61913300 0.75674900
vn 0.19796600 -0.51927700 0.83136100
vn 0.29616200 -0.55254600 0.77909000
vn 0.28513200 -0.47700300 0.83136500
vn 0.38490300 -0.49618400 0.77823600
vn 0.36362800 -0.42024800 0.83136400
vn 0.46803000 -0.42844600 0.77290500
vn 0.43108400 -0.35071700 0.83136300
vn 0.53532000 -0.34067000 0.77290100
vn 0.48543500 -0.27053900 0.83136100
vn 0.58633900 -0.24253800 0.77290500
vn 0.52503700 -0.18213200 0.83136300
vn 0.61955100 -0.13703000 0.77290300
vn 0.10886200 0.16071700 0.98097900
vn 0.34118900 0.48144600 0.80734100
vn 0.31507400 0.45762400 0.83145000
vn 0.27601600 0.48224300 0.83141900
vn 0.29370300 0.56237200 0.77296600
vn 0.21852200 0.51086200 0.83142500
vn 0.22685300 0.59250000 0.77296900
vn 0.20232300 0.51956800 0.83012900
vn 0.24542800 0.57217600 0.78254700
vn 0.09036300 0.17294500 0.98077700
vn 0.06976300 0.18223300 0.98077700
vn 0.07955100 0.18034900 0.98038100
vn 0.30706800 0.46393700 0.83094700
vn 0.12778400 0.14792800 0.98070800
vn 0.17348100 0.09009100 0.98070800
vn 0.19170500 0.03652400 0.98077300
vn 0.37932400 0.50836300 0.77309800
vn 0.45703400 0.31724500 0.83094800
vn 0.54060700 0.33175900 0.77309700
vn 0.53741400 0.14940800 0.82997800
vn 0.63083500 0.13720500 0.76369000
vn 0.55444200 0.03649400 0.83142200
vn 0.19506200 0.00520400 0.98077700
vn 0.19433300 -0.01761900 0.98077700
vn 0.19093500 -0.04025000 0.98077700
vn 0.18489400 -0.06237300 0.98077700
vn 0.17632000 -0.08359000 0.98077700
vn 0.63423200 0.01690000 0.77295800
vn 0.55490200 -0.02866100 0.83142200
vn 0.63184800 -0.05746900 0.77295900
vn 0.54772700 -0.09342900 0.83142400
vn 0.62077700 -0.13104000 0.77295800
vn 0.53302200 -0.15691600 0.83142300
vn 0.60116800 -0.20281700 0.77295700
vn 0.51099000 -0.21823400 0.83142200
vn 0.57328300 -0.27181300 0.77295800
vn 0.02381500 -0.78773300 0.61555600
vn 0.21111400 -0.74353100 0.63450200
vn 0.47143500 -0.61251200 0.63449100
vn 0.63642800 -0.42334200 0.64478000
vn -0.00879400 -0.77300800 0.63433500
vn 0.08046200 -0.76885900 0.63433500
vn 0.16863700 -0.75444000 0.63433600
vn 0.23816000 -0.73568000 0.63407700
vn 0.49690500 0.59235700 0.63419100
vn 0.47795700 0.59293900 0.64805900
vn 0.32308500 0.68794200 0.64988600
vn 0.25571600 0.74590200 0.61501200
vn 0.43124000 0.67792300 0.59535900
vn -0.17315900 0.74017500 0.64973600
vn 0.16926200 0.76583400 0.62036200
vn 0.07938300 0.75594100 0.64980900
vn -0.00497500 0.79192400 0.61060000
vn -0.08797700 0.77835700 0.62162700
vn -0.26237100 0.76847400 0.58361700
vn -0.32851500 0.69957800 0.63456200
vn -0.40658400 0.64235100 0.64967200
vn -0.49733400 0.63627900 0.58975300
vn -0.53899400 0.55388000 0.63458900
vn -0.59500600 0.47324100 0.64962300
vn -0.75645800 -0.07334800 0.64991700
vn -0.75908900 -0.15441700 0.63240700
vn -0.67111900 0.43280600 0.60189500
vn -0.69037700 0.34737400 0.63459500
vn -0.73258900 0.24687200 0.63432400
vn -0.76260400 0.12346200 0.63497400
vn -0.78525100 0.00660200 0.61914300
vn -0.54802100 -0.52667900 0.64983200
vn -0.76903800 -0.24008100 0.59240400
vn -0.69049000 -0.31760700 0.64988500
vn -0.67693700 -0.40603000 0.61391900
vn -0.62335500 -0.47579400 0.62052300
vn -0.52685600 -0.61794200 0.58358300
vn -0.43304400 -0.64018800 0.63453300
vn -0.34480800 -0.67745100 0.64974500
vn -0.29473200 -0.75624000 0.58415200
vn -0.20011700 -0.74651700 0.63456000
vn -0.10329000 -0.75315000 0.64968900
vn 0.23476300 -0.74653400 0.62255300
vn 0.14978900 -0.74536300 0.64961400
vn 0.05470500 -0.77091500 0.63458400
vn -0.02997400 -0.80582100 0.59140000
vn 0.45887400 0.62213500 0.63433600
vn 0.38401500 0.67093000 0.63433800
vn 0.30403900 0.71076100 0.63433400
vn 0.28623200 0.71058900 0.64275500
vn 0.76091100 0.19909400 0.61755600
vn 0.65976600 0.40262200 0.63451100
vn 0.46378400 0.61831600 0.63449900
vn 0.71094400 -0.30361500 0.63433200
vn 0.74160200 -0.21828300 0.63433300
vn 0.76205800 -0.12996200 0.63433300
vn 0.77203300 -0.03985400 0.63433100
vn 0.77139100 0.05080300 0.63433000
vn 0.01652300 -0.92453600 0.38073600
vn 0.25234500 -0.88857300 0.38309200
vn 0.01608200 -0.99510800 0.09748000
vn 0.26755100 -0.95854400 0.09803000
vn 0.60349300 -0.79131500 0.09806500
vn 0.56345100 -0.73195500 0.38310100
vn 0.80200600 -0.58574300 0.11700800
vn 0.76131600 -0.52399900 0.38186700
vn 0.27148400 -0.88917700 0.36832200
vn 0.21746300 -0.89791300 0.38270400
vn 0.27727900 -0.95360600 0.11727000
vn 0.24333100 -0.95757100 0.15442400
vn 0.13372300 -0.98401500 0.11761300
vn 0.11245000 -0.91696300 0.38279700
vn 0.01733700 -0.98785200 0.15442900
vn 0.00583700 -0.92385400 0.38270000
vn 0.49196900 0.79901800 0.34574100
vn 0.35993100 0.84941300 0.38593600
vn 0.56216300 0.71500000 0.41562900
vn 0.61249100 0.78172400 0.11731400
vn 0.54868200 0.82771600 0.11761900
vn 0.06818700 0.92255100 0.37980200
vn 0.22188300 0.90783500 0.35581300
vn -0.23166100 0.89580600 0.37929500
vn -0.08150300 0.93372700 0.34858300
vn -0.50569300 0.77228400 0.38451600
vn -0.37720900 0.85826200 0.34799400
vn -0.72321100 0.56667700 0.39477000
vn -0.63153400 0.68973300 0.35416600
vn -0.89998600 -0.13740400 0.41369800
vn -0.92359400 0.02185000 0.38274900
vn -0.90787200 0.17110700 0.38274100
vn -0.86819000 0.31584700 0.38273500
vn -0.81574900 0.44759200 0.36635400
vn -0.89167400 -0.29225300 0.34569600
vn -0.82381000 -0.41652200 0.38450800
vn -0.75614200 -0.55032000 0.35411500
vn -0.64785800 -0.66060400 0.37931900
vn -0.54076100 -0.76579600 0.34804500
vn -0.40141300 -0.83343900 0.37979900
vn -0.26601100 -0.89874000 0.34857500
vn -0.11251100 -0.91565200 0.38590500
vn 0.03696900 -0.93382200 0.35582200
vn 0.18610100 -0.89877200 0.39695700
vn 0.40743500 0.90563300 0.11758500
vn 0.25541200 0.95964700 0.11765300
vn 0.09668800 0.98834400 0.11759000
vn -0.06463000 0.99095100 0.11763900
vn -0.22421400 0.96742000 0.11758800
vn -0.37789600 0.91834600 0.11762300
vn -0.52160800 0.84504500 0.11758100
vn -0.65153700 0.74944600 0.11760300
vn -0.76429500 0.63405800 0.11757700
vn -0.85686200 0.50195300 0.11760300
vn -0.92683700 0.35658400 0.11756600
vn -0.97233400 0.20181200 0.11763800
vn -0.99219000 0.04170700 0.11755800
vn -0.98584400 -0.11948000 0.11762700
vn -0.95350000 -0.27751200 0.11758000
vn -0.89598500 -0.42823200 0.11759700
vn -0.81482800 -0.56765300 0.11758200
vn -0.71215800 -0.69209500 0.11762500
vn -0.59069500 -0.79828500 0.11755800
vn -0.45365600 -0.88337800 0.11763800
vn -0.30465800 -0.94517500 0.11759200
vn -0.14759900 -0.98202900 0.11761800
vn 0.01335700 -0.99297300 0.11758300
vn 0.17395900 -0.97770000 0.11764600
vn 0.35280100 0.85505000 0.38002800
vn 0.34823700 0.85571300 0.38273600
vn 0.39234900 0.91242400 0.11638400
vn 0.36213800 0.91924200 0.15443900
vn 0.46656500 0.87664000 0.11755100
vn 0.44460400 0.80980800 0.38280300
vn 0.56321700 0.81175100 0.15442600
vn 0.53510500 0.75309300 0.38277100
vn 0.89907100 0.21293200 0.38253300
vn 0.78845400 0.48121200 0.38311200
vn 0.96910400 0.22632000 0.09806500
vn 0.85182400 0.51458500 0.09797400
vn 0.60077700 0.79340600 0.09784800
vn 0.55422200 0.73897100 0.38309200
vn 0.84297300 -0.37803100 0.38273800
vn 0.90675200 -0.41910600 0.04638600
vn 0.94343400 -0.31001300 0.11757800
vn 0.88145100 -0.27679600 0.38266000
vn 0.97935300 -0.19676000 0.04639900
vn 0.90777700 -0.17165800 0.38272100
vn 0.98966000 -0.08213800 0.11758600
vn 0.92162500 -0.06418900 0.38273700
vn 0.99826100 0.03636800 0.04639800
vn 0.92281600 0.04413100 0.38270400
vn 0.82638100 -0.55752100 -0.07914700
vn 0.94162900 -0.29731700 -0.15791700
vn 0.98495300 -0.07021100 -0.15791800
vn 0.98008300 0.16818300 -0.10560600
vn 0.88745600 0.46089300 0.00003100
vn 0.65369400 0.75675900 0.00002400
vn 0.39516800 0.91471200 0.08452400
vn 0.47292500 0.86453800 0.17004800
vn 0.59936200 0.79248900 0.11281100
vn 0.39549100 0.91847000 0.00000000
vn 0.08125900 0.99669300 0.00000000
vn -0.24150400 0.97040000 0.00000000
vn -0.53892800 0.84235200 0.00000000
vn -0.77984700 0.62597100 0.00000000
vn -0.93898700 0.34395200 0.00000000
vn -0.99966600 0.02586300 0.00000000
vn -0.95551800 -0.29493300 0.00000000
vn -0.81117300 -0.58480600 0.00000000
vn -0.58177100 -0.81335300 0.00000000
vn -0.29136300 -0.95661300 0.00000000
vn 0.02960800 -0.99956200 0.00000000
vn 0.26554400 -0.95747600 0.11281200
vn 0.12146900 -0.97792100 0.17004900
vn 0.01333600 -0.99351100 0.11295300
vn 0.20624400 -0.97850100 0.00000000
vn 0.55392400 -0.83256700 0.00000000
vn -0.99731200 -0.07327100 0.00000000
vn -0.99731200 -0.07327100 0.00000000
vn -0.99731200 -0.07327100 0.00000000
vn -0.99731200 -0.07327100 0.00000000
vn -0.82709300 -0.56206500 0.00000000
vn -0.82709300 -0.56206500 0.00000000
vn -0.82709300 -0.56206500 0.00000000
vn -0.82709300 -0.56206500 0.00000000
vn -0.82709300 -0.56206500 0.00000000
vn -0.82709300 -0.56206500 0.00000000
vn -0.43523700 -0.90031600 0.00000000
vn -0.43523700 -0.90031600 0.00000000
vn -0.43523700 -0.90031600 0.00000000
vn -0.43523700 -0.90031600 0.00000000
vn -0.43523700 -0.90031600 0.00000000
vn -0.43523700 -0.90031600 0.00000000
vn 0.07327100 -0.99731200 0.00000000
vn 0.07327100 -0.99731200 0.00000000
vn 0.07327100 -0.99731200 0.00000000
vn 0.07327100 -0.99731200 0.00000000
vn 0.07327100 -0.99731200 0.00000000
vn 0.07327100 -0.99731200 0.00000000
vn 0.56206600 -0.82709300 0.00000000
vn 0.56206600 -0.82709300 0.00000000
vn 0.56206500 -0.82709300 0.00000000
vn 0.56206600 -0.82709300 0.00000000
vn 0.56206500 -0.82709300 0.00000000
vn 0.56206500 -0.82709300 0.00000000
vn 0.90031600 -0.43523600 0.00000000
vn 0.90031600 -0.43523600 0.00000000
vn 0.90031600 -0.43523700 0.00000000
vn 0.90031600 -0.43523600 0.00000000
vn 0.90031600 -0.43523700 0.00000000
vn 0.90031600 -0.43523700 0.00000000
vn 0.99731200 0.07327100 0.00000000
vn 0.99731200 0.07327100 0.00000000
vn 0.99731200 0.07327100 0.00000000
vn 0.99731200 0.07327100 0.00000000
vn 0.99731200 0.07327100 0.00000000
vn 0.99731200 0.07327100 0.00000000
vn 0.82709300 0.56206500 0.00000000
vn 0.82709300 0.56206500 0.00000000
vn 0.82709300 0.56206500 0.00000000
vn 0.82709300 0.56206500 0.00000000
vn 0.82709300 0.56206500 0.00000000
vn 0.82709300 0.56206500 0.00000000
vn 0.43523700 0.90031600 0.00000000
vn 0.43523700 0.90031600 0.00000000
vn 0.43523700 0.90031600 0.00000000
vn 0.43523700 0.90031600 0.00000000
vn 0.43523700 0.90031600 0.00000000
vn 0.43523700 0.90031600 0.00000000
vn -0.07327100 0.99731200 0.00000000
vn -0.07327100 0.99731200 0.00000000
vn -0.07327100 0.99731200 0.00000000
vn -0.07327100 0.99731200 0.00000000
vn -0.07327100 0.99731200 0.00000000
vn -0.07327100 0.99731200 0.00000000
vn -0.56206600 0.82709300 0.00000000
vn -0.56206500 0.82709300 0.00000000
vn -0.56206600 0.82709300 0.00000000
vn -0.56206600 0.82709300 0.00000000
vn -0.56206500 0.82709300 0.00000000
vn -0.56206500 0.82709300 0.00000000
vn -0.90031600 0.43523700 0.00000000
vn -0.90031600 0.43523600 0.00000000
vn -0.90031600 0.43523700 0.00000000
vn -0.90031600 0.43523600 0.00000000
vn -0.90031600 0.43523700 0.00000000
vn -0.90031600 0.43523600 0.00000000
f 1//1 2//2 3//3
f 3//3 2//2 4//4
f 3//3 4//4 5//5
f 6//6 7//7 8//8
f 8//8 7//7 9//9
f 5//5 4//4 10//10
f 10//10 4//4 11//11
f 10//10 11//11 12//12
f 6//6 13//13 7//7
f 7//7 13//13 14//14
f 7//7 14//14 11//11
f 11//11 14//14 15//15
f 11//11 15//15 12//12
f 16//16 17//17 18//18
f 18//18 17//17 19//19
f 18//18 19//19 20//20
f 20//20 19//19 21//21
f 21//21 19//19 22//22
f 22//22 19//19 23//23
f 22//22 23//23 24//24
f 24//24 23//23 25//25
f 25//25 23//23 26//26
f 25//25 26//26 27//27
f 1//1 28//28 2//2
f 2//2 28//28 29//29
f 2//2 29//29 26//26
f 26//26 29//29 30//30
f 26//26 30//30 27//27
f 31//31 32//32 33//33
f 33//33 32//32 34//34
f 33//33 34//34 9//9
f 9//9 34//34 35//35
f 9//9 35//35 8//8
f 36//36 37//37 38//38
f 16//16 39//39 17//17
f 17//17 39//39 40//40
f 17//17 40//40 37//37
f 37//37 40//40 41//41
f 37//37 41//41 38//38
f 38//38 42//42 36//36
f 36//36 42//42 43//43
f 36//36 43//43 33//33
f 33//33 43//43 44//44
f 33//33 44//44 31//31
f 31//31 45//45 32//32
f 32//32 45//45 46//46
f 32//32 46//46 34//34
f 34//34 46//46 47//47
f 34//34 47//47 35//35
f 35//35 47//47 48//48
f 35//35 48//48 8//8
f 8//8 48//48 49//49
f 8//8 49//49 6//6
f 6//6 49//49 50//50
f 6//6 50//50 13//13
f 13//13 50//50 51//51
f 13//13 51//51 14//14
f 14//14 51//51 52//52
f 14//14 52//52 15//15
f 15//15 52//52 53//53
f 15//15 53//53 12//12
f 12//12 53//53 54//54
f 12//12 54//54 10//10
f 10//10 54//54 55//55
f 10//10 55//55 5//5
f 5//5 55//55 56//56
f 5//5 56//56 3//3
f 3//3 56//56 57//57
f 3//3 57//57 1//1
f 1//1 57//57 58//58
f 1//1 58//58 28//28
f 28//28 58//58 59//59
f 28//28 59//59 29//29
f 29//29 59//59 60//60
f 29//29 60//60 30//30
f 30//30 60//60 61//61
f 30//30 61//61 27//27
f 27//27 61//61 62//62
f 27//27 62//62 25//25
f 25//25 62//62 63//63
f 25//25 63//63 24//24
f 24//24 63//63 64//64
f 24//24 64//64 22//22
f 22//22 64//64 65//65
f 22//22 65//65 21//21
f 21//21 65//65 66//66
f 21//21 66//66 20//20
f 20//20 66//66 67//67
f 20//20 67//67 18//18
f 18//18 67//67 68//68
f 18//18 68//68 16//16
f 16//16 68//68 69//69
f 16//16 69//69 39//39
f 39//39 69//69 70//70
f 39//39 70//70 40//40
f 40//40 70//70 71//71
f 40//40 71//71 41//41
f 41//41 71//71 72//72
f 41//41 72//72 38//38
f 38//38 72//72 73//73
f 38//38 73//73 42//42
f 42//42 73//73 74//74
f 42//42 74//74 43//43
f 43//43 74//74 75//75
f 43//43 75//75 44//44
f 44//44 75//75 76//76
f 44//44 76//76 31//31
f 31//31 76//76 45//45
f 46//46 77//77 47//47
f 47//47 77//77 78//78
f 47//47 78//78 48//48
f 48//48 78//78 79//79
f 48//48 79//79 49//49
f 49//49 79//79 80//80
f 49//49 80//80 50//50
f 50//50 80//80 81//81
f 50//50 81//81 51//51
f 51//51 81//81 82//82
f 51//51 82//82 52//52
f 52//52 82//82 83//83
f 52//52 83//83 53//53
f 53//53 83//83 84//84
f 53//53 84//84 54//54
f 54//54 84//84 85//85
f 54//54 85//85 55//55
f 55//55 85//85 86//86
f 55//55 86//86 56//56
f 56//56 86//86 87//87
f 56//56 87//87 57//57
f 57//57 87//87 88//88
f 57//57 88//88 58//58
f 58//58 88//88 89//89
f 58//58 89//89 59//59
f 59//59 89//89 90//90
f 59//59 90//90 60//60
f 60//60 90//90 91//91
f 60//60 91//91 61//61
f 61//61 91//91 92//92
f 61//61 92//92 62//62
f 62//62 92//92 93//93
f 62//62 93//93 63//63
f 63//63 93//93 94//94
f 63//63 94//94 64//64
f 64//64 94//94 95//95
f 64//64 95//95 65//65
f 65//65 95//95 96//96
f 65//65 96//96 66//66
f 66//66 96//96 97//97
f 66//66 97//97 67//67
f 67//67 97//97 98//98
f 67//67 98//98 68//68
f 68//68 98//98 99//99
f 68//68 99//99 69//69
f 69//69 99//99 100//100
f 69//69 100//100 70//70
f 70//70 100//100 101//101
f 70//70 101//101 71//71
f 71//71 101//101 102//102
f 71//71 102//102 72//72
f 72//72 102//102 103//103
f 72//72 103//103 73//73
f 73//73 103//103 104//104
f 73//73 104//104 74//74
f 74//74 104//104 105//105
f 74//74 105//105 75//75
f 75//75 105//105 106//106
f 75//75 106//106 76//76
f 76//76 106//106 107//107
f 76//76 107//107 45//45
f 45//45 107//107 108//108
f 45//45 108//108 46//46
f 46//46 108//108 77//77
f 108//108 109//109 77//77
f 77//77 109//109 110//110
f 77//77 110//110 78//78
f 78//78 110//110 111//111
f 78//78 111//111 79//79
f 79//79 111//111 112//112
f 79//79 112//112 80//80
f 80//80 112//112 113//113
f 80//80 113//113 81//81
f 81//81 113//113 114//114
f 81//81 114//114 82//82
f 82//82 114//114 115//115
f 82//82 115//115 83//83
f 83//83 115//115 116//116
f 83//83 116//116 84//84
f 84//84 116//116 117//117
f 84//84 117//117 85//85
f 85//85 117//117 118//118
f 85//85 118//118 86//86
f 86//86 118//118 119//119
f 86//86 119//119 87//87
f 87//87 119//119 120//120
f 87//87 120//120 88//88
f 88//88 120//120 121//121
f 88//88 121//121 89//89
f 89//89 121//121 122//122
f 89//89 122//122 90//90
f 90//90 122//122 123//123
f 90//90 123//123 91//91
f 91//91 123//123 124//124
f 91//91 124//124 92//92
f 92//92 124//124 125//125
f 92//92 125//125 93//93
f 93//93 125//125 126//126
f 93//93 126//126 94//94
f 94//94 126//126 127//127
f 94//94 127//127 95//95
f 95//95 127//127 128//128
f 95//95 128//128 96//96
f 96//96 128//128 129//129
f 96//96 129//129 97//97
f 97//97 129//129 130//130
f 97//97 130//130 98//98
f 98//98 130//130 131//131
f 98//98 131//131 99//99
f 99//99 131//131 132//132
f 99//99 132//132 100//100
f 100//100 132//132 133//133
f 100//100 133//133 101//101
f 101//101 133//133 134//134
f 101//101 134//134 102//102
f 102//102 134//134 135//135
f 102//102 135//135 103//103
f 103//103 135//135 136//136
f 103//103 136//136 104//104
f 104//104 136//136 137//137
f 104//104 137//137 105//105
f 105//105 137//137 138//138
f 105//105 138//138 106//106
f 106//106 138//138 139//139
f 106//106 139//139 107//107
f 107//107 139//139 140//140
f 107//107 140//140 108//108
f 108//108 140//140 109//109
f 136//136 141//141 137//137
f 137//137 141//141 142//142
f 137//137 142//142 138//138
f 138//138 142//142 143//143
f 138//138 143//143 139//139
f 139//139 143//143 144//144
f 139//139 144//144 140//140
f 140//140 144//144 145//145
f 140//140 145//145 109//109
f 109//109 145//145 146//146
f 109//109 146//146 110//110
f 110//110 146//146 147//147
f 110//110 147//147 111//111
f 111//111 147//147 148//148
f 111//111 148//148 112//112
f 128//128 149//149 129//129
f 129//129 149//149 150//150
f 129//129 150//150 130//130
f 130//130 150//150 151//151
f 130//130 151//151 131//131
f 131//131 151//151 152//152
f 131//131 152//152 132//132
f 132//132 152//152 153//153
f 132//132 153//153 133//133
f 133//133 153//153 154//154
f 133//133 154//154 134//134
f 134//134 154//154 155//155
f 134//134 155//155 135//135
f 135//135 155//155 156//156
f 135//135 156//156 136//136
f 136//136 156//156 157//157
f 136//136 157//157 141//141
f 120//120 158//158 121//121
f 121//121 158//158 159//159
f 121//121 159//159 122//122
f 122//122 159//159 160//160
f 122//122 160//160 123//123
f 123//123 160//160 161//161
f 123//123 161//161 124//124
f 124//124 161//161 162//162
f 124//124 162//162 125//125
f 125//125 162//162 163//163
f 125//125 163//163 126//126
f 126//126 163//163 164//164
f 126//126 164//164 127//127
f 127//127 164//164 165//165
f 127//127 165//165 128//128
f 128//128 165//165 166//166
f 128//128 166//166 149//149
f 148//148 167//167 112//112
f 112//112 167//167 168//168
f 112//112 168//168 113//113
f 113//113 168//168 169//169
f 113//113 169//169 114//114
f 114//114 169//169 170//170
f 114//114 170//170 115//115
f 115//115 170//170 171//171
f 115//115 171//171 116//116
f 116//116 171//171 172//172
f 116//116 172//172 117//117
f 117//117 172//172 173//173
f 117//117 173//173 118//118
f 118//118 173//173 174//174
f 118//118 174//174 119//119
f 119//119 174//174 175//175
f 119//119 175//175 120//120
f 120//120 175//175 176//176
f 120//120 176//176 158//158
f 145//145 177//177 146//146
f 146//146 177//177 178//178
f 146//146 178//178 147//147
f 147//147 178//178 179//179
f 147//147 179//179 148//148
f 148//148 179//179 180//180
f 148//148 180//180 167//167
f 167//167 180//180 181//181
f 167//167 181//181 168//168
f 168//168 181//181 182//182
f 168//168 182//182 169//169
f 169//169 182//182 183//183
f 169//169 183//183 170//170
f 170//170 183//183 184//184
f 170//170 184//184 171//171
f 171//171 184//184 185//185
f 171//171 185//185 172//172
f 172//172 185//185 186//186
f 172//172 186//186 173//173
f 173//173 186//186 187//187
f 173//173 187//187 174//174
f 174//174 187//187 188//188
f 174//174 188//188 175//175
f 175//175 188//188 189//189
f 175//175 189//189 176//176
f 176//176 189//189 190//190
f 176//176 190//190 158//158
f 158//158 190//190 191//191
f 158//158 191//191 159//159
f 159//159 191//191 192//192
f 159//159 192//192 160//160
f 160//160 192//192 193//193
f 160//160 193//193 161//161
f 161//161 193//193 194//194
f 161//161 194//194 162//162
f 162//162 194//194 195//195
f 162//162 195//195 163//163
f 163//163 195//195 196//196
f 163//163 196//196 164//164
f 164//164 196//196 197//197
f 164//164 197//197 165//165
f 165//165 197//197 198//198
f 165//165 198//198 166//166
f 166//166 198//198 199//199
f 166//166 199//199 149//149
f 149//149 199//199 200//200
f 149//149 200//200 150//150
f 150//150 200//200 201//201
f 150//150 201//201 151//151
f 151//151 201//201 202//202
f 151//151 202//202 152//152
f 152//152 202//202 203//203
f 152//152 203//203 153//153
f 153//153 203//203 204//204
f 153//153 204//204 154//154
f 154//154 204//204 205//205
f 154//154 205//205 155//155
f 155//155 205//205 206//206
f 155//155 206//206 156//156
f 156//156 206//206 207//207
f 156//156 207//207 157//157
f 157//157 207//207 208//208
f 157//157 208//208 141//141
f 141//141 208//208 209//209
f 141//141 209//209 142//142
f 142//142 209//209 210//210
f 142//142 210//210 143//143
f 143//143 210//210 211//211
f 143//143 211//211 144//144
f 144//144 211//211 212//212
f 144//144 212//212 145//145
f 145//145 212//212 177//177
f 213//213 216//216 217//217
f 222//222 224//224 227//227
f 229//229 231//231 221//221
f 232//232 236//236 238//238
f 233//233 241//241 235//235
f 234//234 240//240 243//243
f 235//235 242//242 244//244
f 244//244 242//242 245//245
f 230//230 220//220 247//247
f 248//248 223//223 228//228
f 249//249 250//250 252//252
f 253//253 251//251 257//257
f 256//256 258//258 260//260
f 225//225 262//262 226//226
f 228//228 261//261 263//263
f 228//228 263//263 264//264
f 264//264 263//263 233//233
f 264//264 233//233 266//266
f 266//266 233//233 239//239
f 265//265 237//237 267//267
f 268//268 270//270 271//271
f 274//274 276//276 278//278
f 259//259 280//280 255//255
f 253//253 279//279 281//281
f 254//254 282//282 283//283
f 277//277 214//214 275//275
f 273//273 215//215 218//218
f 274//274 219//219 271//271
f 271//271 244//244 245//245
f 272//272 246//246 269//269
f 284//284 286//286 288//288
f 287//287 285//285 290//290
f 288//288 291//291 292//292
f 292//292 291//291 294//294
f 297//297 298//298 299//299
f 299//299 298//298 303//303
f 300//300 302//302 304//304
f 305//305 301//301 310//310
f 312//312 313//313 315//315
f 316//316 314//314 319//319
f 315//315 318//318 320//320
f 321//321 317//317 307//307
f 320//320 306//306 291//291
f 291//291 306//306 308//308
f 289//289 309//309 296//296
f 293//293 311//311 323//323
f 295//295 322//322 325//325
f 326//326 324//324 327//327
f 328//328 331//331 332//332
f 338//338 342//342 343//343
f 347//347 352//352 353//353
f 331//331 356//356 359//359
f 347//347 353//353 361//361
f 362//362 333//333 365//365
f 364//364 335//335 330//330
f 363//363 331//331 366//366
f 366//366 331//331 359//359
f 368//368 369//369 339//339
f 340//340 370//370 373//373
f 341//341 372//372 346//346
f 374//374 353//353 376//376
f 377//377 354//354 348//348
f 375//375 350//350 378//378
f 379//379 349//349 381//381
f 356//356 383//383 359//359
f 358//358 384//384 385//385
f 357//357 386//386 387//387
f 360//360 355//355 391//391
f 390//390 353//353 359//359
f 390//390 359//359 345//345
f 345//345 359//359 388//388
f 344//344 389//389 337//337
f 392//392 393//393 394//394
f 394//394 393//393 395//395
f 394//394 395//395 396//396
f 396//396 395//395 397//397
f 398//398 399//399 400//400
f 400//400 399//399 397//397
f 400//400 397//397 401//401
f 401//401 397//397 395//395
f 401//401 395//395 402//402
f 402//402 395//395 380//380
f 402//402 380//380 404//404
f 403//403 382//382 351//351
f 405//405 407//407 408//408
f 409//409 406//406 412//412
f 410//410 411//411 417//417
f 416//416 415//415 418//418
f 421//421 422//422 423//423
f 423//423 422//422 419//419
f 423//423 419//419 425//425
f 424//424 420//420 413//413
f 426//426 414//414 334//334
f 332//332 411//411 428//428
f 336//336 427//427 329//329
f 429//429 430//430 431//431
f 431//431 430//430 432//432
f 431//431 432//432 433//433
f 434//434 432//432 436//436
f 437//437 439//439 440//440
f 441//441 438//438 442//442
f 440//440 443//443 444//444
f 444//444 443//443 434//434
f 444//444 434//434 368//368
f 368//368 434//434 436//436
f 367//367 435//435 371//371
f 446//446 448//448 451//451
f 453//453 447//447 455//455
f 450//450 454//454 456//456
f 457//457 458//458 450//450
f 450//450 458//458 460//460
f 452//452 459//459 445//445
f 462//462 463//463 450//450
f 450//450 463//463 464//464
f 450//450 464//464 457//457
f 456//456 465//465 450//450
f 450//450 465//465 467//467
f 449//449 466//466 461//461
f 469//469 473//473 477//477
f 482//482 486//486 488//488
f 487//487 485//485 491//491
f 488//488 489//489 492//492
f 493//493 490//490 494//494
f 492//492 495//495 499//499
f 501//501 503//503 504//504
f 476//476 505//505 470//470
f 468//468 506//506 508//508
f 471//471 507//507 509//509
f 509//509 510//510 511//511
f 503//503 501//501 482//482
f 483//483 502//502 480//480
f 481//481 479//479 484//484
f 513//513 478//478 475//475
f 514//514 474//474 516//516
f 504//504 518//518 501//501
f 500//500 519//519 523//523
f 501//501 521//521 524//524
f 526//526 527//527 495//495
f 496//496 528//528 529//529
f 497//497 530//530 498//498
f 531//531 532//532 534//534
f 520//520 533//533 536//536
f 522//522 535//535 525//525
f 537//537 539//539 541//541
f 540//540 538//538 512//512
f 542//542 511//511 543//543
f 543//543 511//511 510//510
f 544//544 546//546 548//548
f 547//547 545//545 549//549
f 547//547 549//549 550//550
f 550//550 549//549 551//551
f 550//550 551//551 552//552
f 552//552 551//551 515//515
f 552//552 515//515 554//554
f 553//553 517//517 472//472
f 556//556 558//558 559//559
f 562//562 559//559 563//563
f 564//564 561//561 557//557
f 563//563 558//558 565//565
f 565//565 558//558 567//567
f 568//568 570//570 572//572
f 571//571 569//569 577//577
f 572//572 576//576 579//579
f 578//578 573//573 583//583
f 584//584 585//585 587//587
f 588//588 586//586 580//580
f 589//589 581//581 590//590
f 591//591 582//582 575//575
f 590//590 576//576 593//593
f 592//592 574//574 566//566
f 593//593 567//567 594//594
f 594//594 567//567 558//558
f 595//595 596//596 599//599
f 598//598 597//597 601//601
f 599//599 600//600 603//603
f 604//604 602//602 607//607
f 609//609 610//610 611//611
f 611//611 610//610 612//612
f 611//611 612//612 613//613
f 613//613 612//612 605//605
f 613//613 605//605 559//559
f 559//559 605//605 608//608
f 560//560 606//606 555//555
f 614//614 616//616 617//617
f 619//619 621//621 626//626
f 625//625 622//622 628//628
f 615//615 618//618 633//633
f 631//631 617//617 635//635
f 632//632 634//634 637//637
f 638//638 635//635 641//641
f 636//636 639//639 642//642
f 644//644 640//640 645//645
f 643//643 647//647 650//650
f 649//649 646//646 653//653
f 648//648 651//651 656//656
f 654//654 652//652 657//657
f 655//655 658//658 661//661
f 660//660 659//659 663//663
f 661//661 662//662 665//665
f 665//665 662//662 666//666
f 664//664 667//667 668//668
f 616//616 614//614 670//670
f 670//670 614//614 671//671
f 670//670 671//671 619//619
f 619//619 671//671 672//672
f 620//620 673//673 623//623
f 674//674 676//676 677//677
f 678//678 675//675 679//679
f 677//677 680//680 681//681
f 682//682 680//680 685//685
f 688//688 689//689 690//690
f 690//690 689//689 692//692
f 690//690 692//692 693//693
f 694//694 691//691 684//684
f 693//693 682//682 629//629
f 627//627 683//683 686//686
f 630//630 687//687 624//624
f 695//695 696//696 699//699
f 698//698 697//697 701//701
f 698//698 701//701 702//702
f 703//703 700//700 704//704
f 702//702 706//706 708//708
f 709//709 705//705 710//710
f 707//707 711//711 712//712
f 669//669 666//666 714//714
f 714//714 666//666 708//708
f 714//714 708//708 715//715
f 715//715 708//708 713//713
f 715//715 713//713 716//716
f 717//717 718//718 719//719
f 719//719 718//718 720//720
f 721//721 722//722 720//720
f 721//721 720//720 718//718
f 717//717 719//719 723//723
f 717//717 723//723 724//724
f 725//725 726//726 727//727
f 725//725 727//727 728//728
f 725//725 729//729 726//726
f 726//726 729//729 730//730
f 731//731 732//732 733//733
f 731//731 733//733 734//734
f 734//734 733//733 735//735
f 734//734 735//735 736//736
f 736//736 735//735 730//730
f 736//736 730//730 729//729
f 738//738 739//739 741//741
f 737//737 740//740 742//742
f 743//743 744//744 745//745
f 743//743 745//745 746//746
f 746//746 745//745 747//747
f 746//746 747//747 748//748
f 749//749 750//750 751//751
f 749//749 751//751 752//752
f 749//749 753//753 750//750
f 750//750 753//753 754//754
f 755//755 756//756 757//757
f 755//755 757//757 758//758
f 758//758 757//757 759//759
f 758//758 759//759 760//760
f 760//760 759//759 754//754
f 760//760 754//754 753//753
f 755//755 761//761 756//756
f 756//756 761//761 762//762
f 763//763 764//764 765//765
f 763//763 765//765 766//766
f 766//766 765//765 767//767
f 766//766 767//767 768//768
f 768//768 767//767 762//762
f 768//768 762//762 761//761
f 770//770 771//771 772//772
f 769//769 773//773 774//774
f 775//775 776//776 778//778
f 775//775 778//778 779//779
f 775//775 780//780 776//776
f 777//777 781//781 782//782
f 784//784 785//785 786//786
f 784//784 786//786 787//787
f 787//787 786//786 788//788
f 787//787 788//788 789//789
f 789//789 788//788 783//783
f 790//790 782//782 781//781
f 784//784 791//791 785//785
f 785//785 791//791 793//793
f 794//794 795//795 796//796
f 794//794 796//796 797//797
f 797//797 796//796 798//798
f 797//797 798//798 799//799
f 799//799 798//798 792//792
f 800//800 793//793 791//791
f 802//802 803//803 804//804
f 801//801 805//805 806//806
f 807//807 809//809 810//810
f 808//808 811//811 812//812
f 813//813 814//814 815//815
f 815//815 814//814 816//816
f 817//817 818//818 816//816
f 817//817 816//816 814//814
f 813//813 815//815 819//819
f 813//813 819//819 820//820
f 820//820 819//819 821//821
f 820//820 821//821 822//822
f 823//823 824//824 826//826
f 823//823 826//826 827//827
f 827//827 826//826 828//828
f 827//827 828//828 829//829
f 830//830 831//831 825//825
f 825//825 831//831 832//832
f 833//833 834//834 832//832
f 833//833 832//832 831//831
f 836//836 837//837 839//839
f 835//835 838//838 840//840
f 841//841 842//842 843//843
f 841//841 843//843 844//844
f 844//844 843//843 845//845
f 844//844 845//845 846//846
f 841//841 847//847 842//842
f 842//842 847//847 848//848
f 849//849 850//850 848//848
f 849//849 848//848 847//847
f 851//851 852//852 853//853
f 851//851 853//853 854//854
f 855//855 856//856 858//858
f 855//855 858//858 859//859
f 859//859 858//858 860//860
f 859//859 860//860 861//861
f 855//855 862//862 856//856
f 857//857 863//863 864//864
f 865//865 866//866 864//864
f 865//865 864//864 863//863
f 867//867 869//869 870//870
f 868//868 871//871 872//872
f 873//873 875//875 876//876
f 874//874 877//877 878//878
f 879//879 880//880 881//881
f 881//881 880//880 882//882
f 883//883 884//884 882//882
f 883//883 882//882 880//880
f 879//879 881//881 885//885
f 879//879 885//885 886//886
f 886//886 885//885 887//887
f 886//886 887//887 888//888
f 889//889 890//890 891//891
f 889//889 891//891 892//892
f 892//892 891//891 893//893
f 892//892 893//893 894//894
f 889//889 895//895 890//890
f 890//890 895//895 896//896
f 897//897 898//898 896//896
f 897//897 896//896 895//895
f 899//899 901//901 903//903
f 900//900 902//902 904//904
f 905//905 907//907 908//908
f 905//905 908//908 909//909
f 909//909 908//908 910//910
f 909//909 910//910 911//911
f 905//905 912//912 907//907
f 906//906 913//913 914//914
f 915//915 916//916 914//914
f 915//915 914//914 913//913
f 917//917 919//919 920//920
f 918//918 921//921 922//922
f 923//923 924//924 925//925
f 923//923 925//925 926//926
f 926//926 925//925 927//927
f 926//926 927//927 928//928
f 923//923 929//929 924//924
f 924//924 929//929 930//930
f 931//931 932//932 930//930
f 931//931 930//930 929//929
f 934//934 935//935 937//937
f 933//933 936//936 938//938
f 939//939 940//940 942//942
f 939//939 942//942 943//943
f 945//945 941//941 946//946
f 944//944 947//947 948//948
f 939//939 949//949 940//940
f 940//940 949//949 950//950
f 951//951 952//952 950//950
f 951//951 950//950 949//949
f 954//954 955//955 957//957
f 953//953 956//956 958//958
f 959//959 960//960 961//961
f 959//959 961//961 962//962
f 962//962 961//961 963//963
f 962//962 963//963 964//964
f 959//959 965//965 960//960
f 960//960 965//965 966//966
f 967//967 968//968 966//966
f 967//967 966//966 965//965
f 969//969 971//971 973//973
f 970//970 972//972 974//974
f 975//975 977//977 978//978
f 975//975 978//978 979//979
f 979//979 978//978 980//980
f 979//979 980//980 981//981
f 982//982 983//983 976//976
f 976//976 983//983 984//984
f 985//985 986//986 984//984
f 985//985 984//984 983//983
f 988//988 989//989 990//990
f 987//987 991//991 992//992
f 993//993 994//994 995//995
f 993//993 995//995 996//996
f 996//996 995//995 997//997
f 996//996 997//997 998//998
f 993//993 999//999 994//994
f 994//994 999//999 1000//1000
f 1001//1001 1002//1002 1000//1000
f 1001//1001 1000//1000 999//999
f 1003//1003 1005//1005 1007//1007
f 1004//1004 1006//1006 1008//1008
f 1009//1009 1010//1010 1011//1011
f 1009//1009 1011//1011 1012//1012
f 1012//1012 1011//1011 1013//1013
f 1012//1012 1013//1013 1014//1014
f 1009//1009 1015//1015 1010//1010
f 1010//1010 1015//1015 1016//1016
f 1017//1017 1018//1018 1016//1016
f 1017//1017 1016//1016 1015//1015
f 1019//1019 1020//1020 1021//1021
f 1019//1019 1021//1021 1022//1022
f 1023//1023 1024//1024 1026//1026
f 1023//1023 1026//1026 1027//1027
f 1027//1027 1026//1026 1028//1028
f 1027//1027 1028//1028 1029//1029
f 1023//1023 1030//1030 1024//1024
f 1025//1025 1031//1031 1032//1032
f 1033//1033 1034//1034 1032//1032
f 1033//1033 1032//1032 1031//1031
f 1035//1035 1036//1036 1037//1037
f 1035//1035 1037//1037 1038//1038
f 1039//1039 1041//1041 1042//1042
f 1039//1039 1042//1042 1043//1043
f 1043//1043 1042//1042 1044//1044
f 1043//1043 1044//1044 1045//1045
f 1046//1046 1047//1047 1040//1040
f 1040//1040 1047//1047 1048//1048
f 1049//1049 1050//1050 1048//1048
f 1049//1049 1048//1048 1047//1047
f 1052//1052 1053//1053 1054//1054
f 1051//1051 1055//1055 1056//1056
f 1057//1057 1058//1058 1059//1059
f 1057//1057 1059//1059 1060//1060
f 1060//1060 1059//1059 1061//1061
f 1060//1060 1061//1061 1062//1062
f 1057//1057 1063//1063 1058//1058
f 1058//1058 1063//1063 1064//1064
f 1065//1065 1066//1066 1064//1064
f 1065//1065 1064//1064 1063//1063
f 1068//1068 1069//1069 1071//1071
f 1067//1067 1070//1070 1072//1072
f 1074//1074 1075//1075 1076//1076
f 1073//1073 1077//1077 1078//1078
f 1079//1079 1081//1081 1083//1083
f 1080//1080 1084//1084 1082//1082
f 1085//1085 1087//1087 1088//1088
f 1086//1086 1089//1089 1090//1090
f 1091//1091 1093//1093 1094//1094
f 1092//1092 1095//1095 1096//1096
f 1097//1097 1099//1099 1100//1100
f 1098//1098 1101//1101 1102//1102
f 1103//1103 1105//1105 1106//1106
f 1104//1104 1107//1107 1108//1108
f 1109//1109 1111//1111 1113//1113
f 1110//1110 1112//1112 1114//1114
f 1115//1115 1117//1117 1118//1118
f 1116//1116 1119//1119 1120//1120
f 1121//1121 1123//1123 1125//1125
f 1122//1122 1124//1124 1126//1126
f 1127//1127 1129//1129 1131//1131
f 1128//1128 1130//1130 1132//1132
f 1134//1134 1135//1135 1137//1137
f 1133//1133 1136//1136 1138//1138
f 1139//1139 1141//1141 1143//1143
f 1140//1140 1142//1142 1144//1144
f 1145//1145 1147//1147 1149//1149
f 1146//1146 1148//1148 1150//1150
f 1151//1151 1152//1152 1153//1153
f 1153//1153 1152//1152 1154//1154
f 1151//1151 1153//1153 1155//1155
f 1151//1151 1155//1155 1156//1156
f 1156//1156 1155//1155 1157//1157
f 1156//1156 1157//1157 1158//1158
f 1159//1159 1160//1160 1161//1161
f 1161//1161 1162//1162 1163//1163
f 1164//1164 1165//1165 1163//1163
f 1164//1164 1163//1163 1162//1162
f 1166//1166 1167//1167 1168//1168
f 1166//1166 1168//1168 1169//1169
f 1169//1169 1168//1168 1170//1170
f 1169//1169 1170//1170 1171//1171
f 1172//1172 1173//1173 1167//1167
f 1172//1172 1167//1167 1166//1166
f 1174//1174 1176//1176 1178//1178
f 1175//1175 1177//1177 1179//1179
f 1181//1181 1182//1182 1184//1184
f 1180//1180 1183//1183 1185//1185
f 1187//1187 1188//1188 1189//1189
f 1186//1186 1190//1190 1191//1191
f 1192//1192 1193//1193 1194//1194
f 1192//1192 1194//1194 1195//1195
f 1192//1192 1196//1196 1193//1193
f 1193//1193 1196//1196 1197//1197
f 1198//1198 1199//1199 1201//1201
f 1200//1200 1202//1202 1203//1203
f 1204//1204 1205//1205 1203//1203
f 1204//1204 1203//1203 1202//1202
f 1206//1206 1207//1207 1208//1208
f 1206//1206 1208//1208 1209//1209
f 1206//1206 1210//1210 1207//1207
f 1207//1207 1210//1210 1211//1211
f 1212//1212 1214//1214 1215//1215
f 1213//1213 1216//1216 1217//1217
f 1218//1218 1220//1220 1222//1222
f 1219//1219 1221//1221 1223//1223
f 1224//1224 1226//1226 1227//1227
f 1225//1225 1228//1228 1229//1229
f 1231//1231 1232//1232 1233//1233
f 1230//1230 1234//1234 1235//1235
f 1237//1237 1238//1238 1239//1239
f 1236//1236 1240//1240 1241//1241
f 1242//1242 1243//1243 1244//1244
f 1244//1244 1243//1243 1245//1245
f 1246//1246 1247//1247 1245//1245
f 1246//1246 1245//1245 1243//1243
f 1248//1248 1249//1249 1250//1250
f 1248//1248 1250//1250 1251//1251
f 1251//1251 1250//1250 1252//1252
f 1251//1251 1252//1252 1253//1253
f 1248//1248 1254//1254 1249//1249
f 1249//1249 1254//1254 1255//1255
f 1256//1256 1258//1258 1259//1259
f 1257//1257 1260//1260 1261//1261
f 1263//1263 1264//1264 1265//1265
f 1262//1262 1266//1266 1267//1267
f 1269//1269 1270//1270 1272//1272
f 1268//1268 1271//1271 1273//1273
f 1274//1274 1276//1276 1277//1277
f 1275//1275 1278//1278 1279//1279
f 1280//1280 1282//1282 1283//1283
f 1281//1281 1284//1284 1285//1285
f 1286//1286 1287//1287 1288//1288
f 1289//1289 1290//1290 1291//1291
f 1292//1292 1293//1293 1294//1294
f 1292//1292 1294//1294 1295//1295
f 1295//1295 1294//1294 1296//1296
f 1295//1295 1296//1296 1297//1297
f 1297//1297 1296//1296 1291//1291
f 1297//1297 1291//1291 1290//1290
f 1298//1298 1300//1300 1301//1301
f 1299//1299 1302//1302 1303//1303
f 1305//1305 1306//1306 1308//1308
f 1304//1304 1307//1307 1309//1309
f 1310//1310 1312//1312 1314//1314
f 1311//1311 1313//1313 1315//1315
f 1316//1316 1317//1317 1318//1318
f 1318//1318 1317//1317 1319//1319
f 1320//1320 1321//1321 1319//1319
f 1320//1320 1319//1319 1317//1317
f 1316//1316 1318//1318 1322//1322
f 1316//1316 1322//1322 1323//1323
f 1323//1323 1322//1322 1324//1324
f 1323//1323 1324//1324 1325//1325
f 1326//1326 1327//1327 1329//1329
f 1326//1326 1329//1329 1330//1330
f 1330//1330 1329//1329 1331//1331
f 1330//1330 1331//1331 1332//1332
f 1326//1326 1333//1333 1327//1327
f 1328//1328 1334//1334 1335//1335
f 1336//1336 1337//1337 1335//1335
f 1336//1336 1335//1335 1334//1334
f 1338//1338 1340//1340 1341//1341
f 1339//1339 1342//1342 1343//1343
f 1344//1344 1345//1345 1346//1346
f 1344//1344 1346//1346 1347//1347
f 1347//1347 1346//1346 1348//1348
f 1347//1347 1348//1348 1349//1349
f 1344//1344 1350//1350 1345//1345
f 1345//1345 1350//1350 1351//1351
f 1352//1352 1353//1353 1351//1351
f 1352//1352 1351//1351 1350//1350
f 1355//1355 1356//1356 1358//1358
f 1354//1354 1357//1357 1359//1359
f 1360//1360 1362//1362 1363//1363
f 1360//1360 1363//1363 1364//1364
f 1364//1364 1363//1363 1365//1365
f 1364//1364 1365//1365 1366//1366
f 1360//1360 1367//1367 1362//1362
f 1361//1361 1368//1368 1369//1369
f 1370//1370 1371//1371 1369//1369
f 1370//1370 1369//1369 1368//1368
f 1372//1372 1374//1374 1376//1376
f 1373//1373 1375//1375 1377//1377
f 1378//1378 1379//1379 1381//1381
f 1378//1378 1381//1381 1382//1382
f 1382//1382 1381//1381 1383//1383
f 1382//1382 1383//1383 1384//1384
f 1385//1385 1386//1386 1380//1380
f 1380//1380 1386//1386 1387//1387
f 1388//1388 1389//1389 1387//1387
f 1388//1388 1387//1387 1386//1386
f 1390//1390 1392//1392 1393//1393
f 1391//1391 1394//1394 1395//1395
f 1396//1396 1397//1397 1398//1398
f 1396//1396 1398//1398 1399//1399
f 1399//1399 1398//1398 1400//1400
f 1399//1399 1400//1400 1401//1401
f 1396//1396 1402//1402 1397//1397
f 1397//1397 1402//1402 1403//1403
f 1404//1404 1405//1405 1403//1403
f 1404//1404 1403//1403 1402//1402
f 1407//1407 1408//1408 1409//1409
f 1406//1406 1410//1410 1411//1411
f 1413//1413 1414//1414 1415//1415
f 1412//1412 1416//1416 1417//1417
f 1418//1418 1419//1419 1420//1420
f 1420//1420 1419//1419 1421//1421
f 1422//1422 1423//1423 1421//1421
f 1422//1422 1421//1421 1419//1419
f 1418//1418 1420//1420 1424//1424
f 1418//1418 1424//1424 1425//1425
f 1425//1425 1424//1424 1426//1426
f 1425//1425 1426//1426 1427//1427
f 1428//1428 1429//1429 1430//1430
f 1428//1428 1430//1430 1431//1431
f 1432//1432 1433//1433 1434//1434
f 1432//1432 1434//1434 1435//1435
f 1435//1435 1434//1434 1429//1429
f 1435//1435 1429//1429 1428//1428
f 1436//1436 1437//1437 1439//1439
f 1436//1436 1439//1439 1440//1440
f 1440//1440 1439//1439 1441//1441
f 1440//1440 1441//1441 1442//1442
f 1443//1443 1444//1444 1438//1438
f 1443//1443 1438//1438 1445//1445
f 1447//1447 1448//1448 1450//1450
f 1446//1446 1449//1449 1451//1451
f 1452//1452 1454//1454 1456//1456
f 1453//1453 1455//1455 1457//1457
f 1458//1458 1459//1459 1461//1461
f 1458//1458 1461//1461 1462//1462
f 1462//1462 1461//1461 1463//1463
f 1462//1462 1463//1463 1464//1464
f 1465//1465 1466//1466 1467//1467
f 1465//1465 1467//1467 1468//1468
f 1468//1468 1467//1467 1460//1460
f 1468//1468 1460//1460 1469//1469
f 1470//1470 1471//1471 1466//1466
f 1470//1470 1466//1466 1465//1465
f 1472//1472 1474//1474 1476//1476
f 1473//1473 1475//1475 1477//1477
f 1478//1478 1479//1479 1480//1480
f 1478//1478 1480//1480 1481//1481
f 1481//1481 1480//1480 1482//1482
f 1481//1481 1482//1482 1483//1483
f 1478//1478 1484//1484 1479//1479
f 1479//1479 1484//1484 1485//1485
f 1486//1486 1487//1487 1485//1485
f 1486//1486 1485//1485 1484//1484
f 1488//1488 1490//1490 1491//1491
f 1489//1489 1492//1492 1493//1493
f 1494//1494 1495//1495 1497//1497
f 1494//1494 1497//1497 1498//1498
f 1498//1498 1497//1497 1499//1499
f 1498//1498 1499//1499 1500//1500
f 1501//1501 1502//1502 1503//1503
f 1501//1501 1503//1503 1504//1504
f 1504//1504 1503//1503 1496//1496
f 1504//1504 1496//1496 1505//1505
f 1507//1507 1508//1508 1510//1510
f 1506//1506 1509//1509 1511//1511
f 1512//1512 1513//1513 1514//1514
f 1512//1512 1514//1514 1515//1515
f 1515//1515 1514//1514 1516//1516
f 1515//1515 1516//1516 1517//1517
f 1518//1518 1519//1519 1513//1513
f 1518//1518 1513//1513 1512//1512
f 1521//1521 1522//1522 1524//1524
f 1520//1520 1523//1523 1525//1525
f 1526//1526 1528//1528 1530//1530
f 1527//1527 1529//1529 1531//1531
f 1532//1532 1533//1533 1534//1534
f 1532//1532 1534//1534 1535//1535
f 1535//1535 1534//1534 1536//1536
f 1535//1535 1536//1536 1537//1537
f 1538//1538 1539//1539 1533//1533
f 1538//1538 1533//1533 1532//1532
f 1540//1540 1542//1542 1544//1544
f 1541//1541 1543//1543 1545//1545
f 1546//1546 1548//1548 1550//1550
f 1547//1547 1549//1549 1551//1551
f 1552//1552 1553//1553 1554//1554
f 1552//1552 1554//1554 1555//1555
f 1555//1555 1554//1554 1556//1556
f 1555//1555 1556//1556 1557//1557
f 1552//1552 1558//1558 1553//1553
f 1553//1553 1558//1558 1559//1559
f 1560//1560 1561//1561 1559//1559
f 1560//1560 1559//1559 1558//1558
f 1562//1562 1563//1563 1565//1565
f 1562//1562 1565//1565 1566//1566
f 1566//1566 1565//1565 1567//1567
f 1566//1566 1567//1567 1568//1568
f 1562//1562 1569//1569 1563//1563
f 1564//1564 1570//1570 1571//1571
f 1572//1572 1573//1573 1571//1571
f 1572//1572 1571//1571 1570//1570
f 1575//1575 1576//1576 1578//1578
f 1574//1574 1577//1577 1579//1579
f 1580//1580 1582//1582 1583//1583
f 1581//1581 1584//1584 1585//1585
f 1586//1586 1591//1591 1601//1601
f 1624//1624 1628//1628 1631//1631
f 1632//1632 1642//1642 1643//1643
f 1644//1644 1638//1638 1645//1645
f 1630//1630 1647//1647 1625//1625
f 1617//1617 1648//1648 1650//1650
f 1626//1626 1649//1649 1642//1642
f 1637//1637 1651//1651 1653//1653
f 1635//1635 1652//1652 1646//1646
f 1654//1654 1659//1659 1661//1661
f 1660//1660 1657//1657 1662//1662
f 1660//1660 1662//1662 1663//1663
f 1663//1663 1662//1662 1664//1664
f 1667//1667 1671//1671 1672//1672
f 1676//1676 1670//1670 1677//1677
f 1673//1673 1678//1678 1685//1685
f 1684//1684 1679//1679 1689//1689
f 1682//1682 1690//1690 1692//1692
f 1691//1691 1694//1694 1688//1688
f 1683//1683 1693//1693 1697//1697
f 1680//1680 1695//1695 1703//1703
f 1699//1699 1696//1696 1705//1705
f 1698//1698 1706//1706 1707//1707
f 1710//1710 1713//1713 1717//1717
f 1726//1726 1727//1727 1717//1717
f 1729//1729 1717//1717 1730//1730
f 1730//1730 1717//1717 1731//1731
f 1733//1733 1735//1735 1745//1745
f 1742//1742 1736//1736 1749//1749
f 1741//1741 1748//1748 1751//1751
f 1752//1752 1756//1756 1757//1757
f 1759//1759 1762//1762 1720//1720
f 1719//1719 1761//1761 1764//1764
f 1714//1714 1763//1763 1732//1732
f 1713//1713 1766//1766 1768//1768
f 1767//1767 1765//1765 1771//1771
f 1768//1768 1769//1769 1773//1773
f 1772//1772 1770//1770 1774//1774
f 1773//1773 1775//1775 1778//1778
f 1778//1778 1775//1775 1782//1782
f 1768//1768 1785//1785 1713//1713
f 1712//1712 1784//1784 1788//1788
f 1713//1713 1786//1786 1717//1717
f 1715//1715 1787//1787 1790//1790
f 1722//1722 1789//1789 1725//1725
f 1754//1754 1758//1758 1791//1791
f 1791//1791 1758//1758 1792//1792
f 1791//1791 1792//1792 1793//1793
f 1755//1755 1754//1754 1727//1727
f 1728//1728 1753//1753 1796//1796
f 1727//1727 1795//1795 1717//1717
f 1721//1721 1797//1797 1799//1799
f 1724//1724 1798//1798 1760//1760
f 1782//1782 1800//1800 1802//1802
f 1804//1804 1807//1807 1809//1809
f 1801//1801 1810//1810 1781//1781
f 1783//1783 1811//1811 1814//1814
f 1780//1780 1812//1812 1776//1776
f 1779//1779 1813//1813 1806//1806
f 1777//1777 1805//1805 1816//1816
f 1815//1815 1803//1803 1808//1808
f 1817//1817 1819//1819 1821//1821
f 1820//1820 1818//1818 1823//1823
f 1821//1821 1822//1822 1825//1825
f 1827//1827 1828//1828 1829//1829
f 1829//1829 1830//1830 1827//1827
f 1827//1827 1830//1830 1793//1793
f 1826//1826 1794//1794 1824//1824
f 1825//1825 1793//1793 1792//1792
f 1825//1825 1792//1792 1821//1821
f 1835//1835 1843//1843 1845//1845
f 1847//1847 1853//1853 1854//1854
f 1855//1855 1850//1850 1857//1857
f 1854//1854 1858//1858 1860//1860
f 1861//1861 1859//1859 1866//1866
f 1860//1860 1865//1865 1873//1873
f 1874//1874 1867//1867 1875//1875
f 1846//1846 1878//1878 1841//1841
f 1839//1839 1877//1877 1881//1881
f 1842//1842 1879//1879 1872//1872
f 1868//1868 1880//1880 1882//1882
f 1863//1863 1883//1883 1876//1876
f 1884//1884 1886//1886 1888//1888
f 1887//1887 1885//1885 1890//1890
f 1888//1888 1891//1891 1894//1894
f 1895//1895 1897//1897 1898//1898
f 1899//1899 1896//1896 1587//1587
f 1898//1898 1588//1588 1900//1900
f 1900//1900 1588//1588 1901//1901
f 1915//1915 1920//1920 1929//1929
f 1925//1925 1932//1932 1934//1934
f 1928//1928 1918//1918 1935//1935
f 1936//1936 1921//1921 1933//1933
f 1936//1936 1933//1933 1937//1937
f 1939//1939 1940//1940 1951//1951
f 1869//1869 1953//1953 1955//1955
f 1954//1954 1957//1957 1865//1865
f 1862//1862 1956//1956 1959//1959
f 1864//1864 1960//1960 1836//1836
f 1834//1834 1958//1958 1961//1961
f 1838//1838 1962//1962 1963//1963
f 1967//1967 1970//1970 1837//1837
f 1971//1971 1975//1975 1976//1976
f 1964//1964 1978//1978 1837//1837
f 1831//1831 1979//1979 1980//1980
f 1840//1840 1982//1982 1965//1965
f 1966//1966 1981//1981 1973//1973
f 1968//1968 1974//1974 1984//1984
f 1983//1983 1972//1972 1977//1977
f 1701//1701 1987//1987 1988//1988
f 1991//1991 1992//1992 1685//1685
f 1686//1686 1993//1993 1995//1995
f 1685//1685 1994//1994 1673//1673
f 1675//1675 1996//1996 1997//1997
f 1674//1674 1998//1998 2000//2000
f 2001//2001 1999//1999 2002//2002
f 1856//1856 2004//2004 1871//1871
f 1870//1870 2003//2003 2006//2006
f 1865//1865 2005//2005 1952//1952
f 1989//1989 2008//2008 1699//1699
f 1700//1700 2007//2007 2010//2010
f 1704//1704 2009//2009 1681//1681
f 1685//1685 2011//2011 2013//2013
f 1687//1687 2012//2012 1990//1990
f 1708//1708 1664//1664 1699//1699
f 1699//1699 1664//1664 2014//2014
f 1702//1702 2019//2019 1986//1986
f 1985//1985 2015//2015 2021//2021
f 1969//1969 2022//2022 1833//1833
f 1832//1832 2023//2023 2024//2024
f 1837//1837 2026//2026 2027//2027
f 2029//2029 2025//2025 2032//2032
f 2028//2028 2030//2030 2018//2018
f 2017//2017 2031//2031 2033//2033
f 2016//2016 2034//2034 2020//2020
f 1940//1940 2036//2036 1951//1951
f 1944//1944 2035//2035 2039//2039
f 1946//1946 2037//2037 1926//1926
f 1921//1921 2038//2038 2041//2041
f 1927//1927 2040//2040 1931//1931
f 2045//2045 2046//2046 1951//1951
f 1945//1945 2047//2047 2049//2049
f 1948//1948 2048//2048 2051//2051
f 2057//2057 2058//2058 2060//2060
f 2061//2061 2064//2064 1921//1921
f 1924//1924 2063//2063 2067//2067
f 1923//1923 2066//2066 1943//1943
f 1942//1942 2065//2065 2068//2068
f 1941//1941 2069//2069 2043//2043
f 2044//2044 2070//2070 2072//2072
f 2042//2042 2071//2071 2073//2073
f 2050//2050 2074//2074 1951//1951
f 1947//1947 2075//2075 2077//2077
f 1951//1951 2076//2076 2057//2057
f 1914//1914 2081//2081 1921//1921
f 1922//1922 2082//2082 2084//2084
f 1919//1919 2083//2083 2062//2062
f 2059//2059 2054//2054 2086//2086
f 2085//2085 2057//2057 2076//2076
f 2085//2085 2076//2076 2088//2088
f 2087//2087 2078//2078 2090//2090
f 2088//2088 2089//2089 2094//2094
f 2093//2093 2091//2091 2095//2095
f 2092//2092 2096//2096 2097//2097
f 2098//2098 2100//2100 1914//1914
f 1917//1917 2101//2101 2103//2103
f 1912//1912 2102//2102 2105//2105
f 2104//2104 2106//2106 1914//1914
f 1916//1916 2107//2107 2108//2108
f 1913//1913 2110//2110 2080//2080
f 2079//2079 2109//2109 2112//2112
f 2081//2081 2111//2111 2116//2116
f 2114//2114 2113//2113 2117//2117
f 2115//2115 2119//2119 2121//2121
f 2122//2122 2118//2118 2124//2124
f 2120//2120 2123//2123 2125//2125
f 2060//2060 2127//2127 2057//2057
f 2055//2055 2126//2126 2128//2128
f 2057//2057 2129//2129 1914//1914
f 1914//1914 2129//2129 2130//2130
f 1914//1914 2130//2130 2098//2098
f 2099//2099 2131//2131 2133//2133
f 2098//2098 2132//2132 2134//2134
f 1844//1844 1837//1837 2135//2135
f 2135//2135 1837//1837 2027//2027
f 2135//2135 2027//2027 1729//1729
f 1729//1729 2027//2027 2136//2136
f 1729//1729 2136//2136 1717//1717
f 1717//1717 2136//2136 2137//2137
f 1717//1717 2137//2137 2057//2057
f 2057//2057 2137//2137 2139//2139
f 2056//2056 2138//2138 1950//1950
f 1951//1951 2139//2139 2141//2141
f 1949//1949 2140//2140 1938//1938
f 1718//1718 2143//2143 2145//2145
f 2144//2144 2147//2147 1717//1717
f 1716//1716 2146//2146 1746//1746
f 1723//1723 1740//1740 1709//1709
f 1711//1711 1738//1738 1750//1750
f 2142//2142 1717//1717 2148//2148
f 2148//2148 1717//1717 2057//2057
f 2148//2148 2057//2057 2149//2149
f 2147//2147 2151//2151 1745//1745
f 1739//1739 2150//2150 2152//2152
f 1743//1743 2154//2154 1911//1911
f 1907//1907 2153//2153 2155//2155
f 1906//1906 2156//2156 2157//2157
f 2158//2158 2159//2159 1904//1904
f 1910//1910 2160//2160 2162//2162
f 1905//1905 2163//2163 2052//2052
f 2053//2053 2161//2161 2165//2165
f 2057//2057 2164//2164 2149//2149
f 1930//1930 2167//2167 1908//1908
f 1914//1914 2166//2166 1853//1853
f 1909//1909 1851//1851 1747//1747
f 1744//1744 1852//1852 1848//1848
f 1737//1737 1849//1849 1734//1734
f 1893//1893 1889//1889 2174//2174
f 2169//2169 1891//1891 2177//2177
f 2175//2175 2178//2178 1656//1656
f 2181//2181 2182//2182 2183//2183
f 2190//2190 2192//2192 2194//2194
f 2195//2195 2197//2197 2198//2198
f 2198//2198 2197//2197 2202//2202
f 2203//2203 2204//2204 2206//2206
f 2206//2206 2204//2204 2198//2198
f 2205//2205 2199//2199 2208//2208
f 2207//2207 2200//2200 2201//2201
f 2210//2210 2212//2212 1626//1626
f 1620//1620 2211//2211 2215//2215
f 2169//2169 2218//2218 2220//2220
f 2193//2193 2222//2222 2187//2187
f 2190//2190 2221//2221 2223//2223
f 2189//2189 2224//2224 2184//2184
f 2186//2186 2223//2223 2195//2195
f 2185//2185 2196//2196 2179//2179
f 2180//2180 2195//2195 2198//2198
f 1655//1655 1627//1627 1657//1657
f 1658//1658 1629//1629 1621//1621
f 1657//1657 1626//1626 2169//2169
f 2169//2169 1626//1626 2226//2226
f 2169//2169 2226//2226 2218//2218
f 2227//2227 2228//2228 2229//2229
f 2229//2229 2228//2228 2223//2223
f 2229//2229 2223//2223 2230//2230
f 2230//2230 2223//2223 2221//2221
f 1618//1618 2231//2231 2233//2233
f 2235//2235 2237//2237 1642//1642
f 1636//1636 2236//2236 2239//2239
f 1640//1640 2240//2240 1623//1623
f 1622//1622 2238//2238 2241//2241
f 1619//1619 2242//2242 2209//2209
f 2191//2191 2188//2188 2243//2243
f 2244//2244 2190//2190 2246//2246
f 2244//2244 2246//2246 2249//2249
f 2248//2248 2245//2245 2250//2250
f 2247//2247 2251//2251 2217//2217
f 2252//2252 2254//2254 2213//2213
f 2214//2214 2253//2253 2256//2256
f 2216//2216 2255//2255 1616//1616
f 1615//1615 2257//2257 2258//2258
f 1614//1614 2259//2259 2232//2232
f 2234//2234 2260//2260 1626//1626
f 1613//1613 2261//2261 2263//2263
f 1612//1612 2262//2262 2225//2225
f 2219//2219 2264//2264 2176//2176
f 2168//2168 2265//2265 2266//2266
f 2172//2172 2268//2268 1606//1606
f 1607//1607 2267//2267 2270//2270
f 1599//1599 2269//2269 2271//2271
f 2272//2272 2274//2274 1610//1610
f 1598//1598 2273//2273 2275//2275
f 1610//1610 2276//2276 1642//1642
f 1642//1642 2276//2276 2277//2277
f 1642//1642 2277//2277 2235//2235
f 1589//1589 1600//1600 1903//1903
f 1901//1901 1610//1610 1642//1642
f 1902//1902 1639//1639 1665//1665
f 1666//1666 1641//1641 1633//1633
f 1668//1668 1634//1634 1669//1669
f 2170//2170 2279//2279 2280//2280
f 2281//2281 2282//2282 2169//2169
f 2169//2169 2282//2282 2285//2285
f 2171//2171 2283//2283 1892//1892
f 1592//1592 2287//2287 2289//2289
f 2290//2290 2292//2292 1603//1603
f 1611//1611 2293//2293 2295//2295
f 1604//1604 2294//2294 2297//2297
f 1608//1608 2296//2296 2298//2298
f 1610//1610 2299//2299 2169//2169
f 2169//2169 2299//2299 2300//2300
f 2173//2173 2301//2301 2278//2278
f 2282//2282 2302//2302 2285//2285
f 2284//2284 2303//2303 2306//2306
f 2285//2285 2304//2304 1597//1597
f 1595//1595 2305//2305 2307//2307
f 1594//1594 2308//2308 2286//2286
f 2309//2309 2312//2312 2315//2315
f 2314//2314 2311//2311 2317//2317
f 2315//2315 2318//2318 2319//2319
f 2288//2288 2320//2320 1597//1597
f 1597//1597 2320//2320 2321//2321
f 1596//1596 2322//2322 2324//2324
f 2319//2319 2318//2318 2325//2325
f 2326//2326 2316//2316 2328//2328
f 2325//2325 2327//2327 2329//2329
f 2329//2329 2327//2327 2332//2332
f 2331//2331 2333//2333 2336//2336
f 2338//2338 2340//2340 2342//2342
f 2341//2341 2339//2339 2313//2313
f 2343//2343 2310//2310 2344//2344
f 2345//2345 2312//2312 2309//2309
f 2323//2323 2329//2329 1597//1597
f 1590//1590 2330//2330 2335//2335
f 1593//1593 2334//2334 1609//1609
f 1605//1605 2337//2337 2346//2346
f 1602//1602 2347//2347 2291//2291
f 2348//2348 2349//2349 2350//2350
f 2351//2351 2352//2352 2353//2353
f 2353//2353 2352//2352 2354//2354
f 2351//2351 2355//2355 2352//2352
f 2352//2352 2355//2355 2356//2356
f 2352//2352 2356//2356 2350//2350
f 2350//2350 2356//2356 2357//2357
f 2350//2350 2357//2357 2348//2348
f 2358//2358 2360//2360 2361//2361
f 2361//2361 2360//2360 2362//2362
f 2361//2361 2362//2362 2363//2363
f 2363//2363 2362//2362 2364//2364
f 2363//2363 2364//2364 2365//2365
f 2365//2365 2364//2364 2366//2366
f 2365//2365 2366//2366 2349//2349
f 2349//2349 2366//2366 2350//2350
f 2367//2367 2368//2368 2369//2369
f 2369//2369 2368//2368 2373//2373
f 2370//2370 2372//2372 2375//2375
f 2374//2374 2371//2371 2359//2359
f 2376//2376 2377//2377 2378//2378
f 2378//2378 2377//2377 2379//2379
f 2378//2378 2379//2379 2380//2380
f 2380//2380 2379//2379 2382//2382
f 2380//2380 2382//2382 2383//2383
f 2384//2384 2381//2381 2385//2385
f 2384//2384 2385//2385 2367//2367
f 2367//2367 2385//2385 2368//2368
f 2377//2377 2376//2376 2387//2387
f 2388//2388 2389//2389 2390//2390
f 2390//2390 2389//2389 2391//2391
f 2386//2386 2392//2392 2396//2396
f 2394//2394 2393//2393 2398//2398
f 2395//2395 2397//2397 2389//2389
f 2389//2389 2397//2397 2399//2399
f 2389//2389 2399//2399 2391//2391
f 2400//2400 2401//2401 2403//2403
f 2402//2402 2404//2404 2405//2405
f 2402//2402 2405//2405 2406//2406
f 2406//2406 2405//2405 2407//2407
f 2406//2406 2407//2407 2408//2408
f 2408//2408 2407//2407 2409//2409
f 2408//2408 2409//2409 2388//2388
f 2388//2388 2409//2409 2389//2389
f 2410//2410 2411//2411 2412//2412
f 2410//2410 2412//2412 2413//2413
f 2413//2413 2412//2412 2401//2401
f 2413//2413 2401//2401 2400//2400
f 2354//2354 2352//2352 2414//2414
f 2414//2414 2352//2352 2415//2415
f 2414//2414 2415//2415 2416//2416
f 2416//2416 2415//2415 2417//2417
f 2416//2416 2417//2417 2418//2418
f 2418//2418 2417//2417 2419//2419
f 2418//2418 2419//2419 2411//2411
f 2411//2411 2419//2419 2412//2412
f 2420//2420 2421//2421 2422//2422
f 2422//2422 2421//2421 2423//2423
f 2422//2422 2423//2423 2424//2424
f 2424//2424 2423//2423 2425//2425
f 2424//2424 2425//2425 2426//2426
f 2426//2426 2425//2425 2427//2427
f 2426//2426 2427//2427 2428//2428
f 2428//2428 2427//2427 2429//2429
f 2430//2430 2431//2431 2432//2432
f 2432//2432 2431//2431 2433//2433
f 2432//2432 2433//2433 2434//2434
f 2434//2434 2433//2433 2435//2435
f 2434//2434 2435//2435 2436//2436
f 2436//2436 2435//2435 2437//2437
f 2438//2438 2439//2439 2440//2440
f 2440//2440 2439//2439 2441//2441
f 2435//2435 2442//2442 2437//2437
f 2437//2437 2442//2442 2443//2443
f 2437//2437 2443//2443 2444//2444
f 2444//2444 2443//2443 2445//2445
f 2444//2444 2445//2445 2446//2446
f 2427//2427 2447//2447 2429//2429
f 2429//2429 2447//2447 2448//2448
f 2429//2429 2448//2448 2449//2449
f 2449//2449 2448//2448 2450//2450
f 2451//2451 2452//2452 2453//2453
f 2453//2453 2452//2452 2454//2454
f 2439//2439 2455//2455 2441//2441
f 2441//2441 2455//2455 2456//2456
f 2441//2441 2456//2456 2430//2430
f 2430//2430 2456//2456 2457//2457
f 2430//2430 2457//2457 2431//2431
f 2458//2458 2459//2459 2460//2460
f 2460//2460 2459//2459 2449//2449
f 2460//2460 2449//2449 2451//2451
f 2451//2451 2449//2449 2450//2450
f 2451//2451 2450//2450 2452//2452
f 2461//2461 2462//2462 2455//2455
f 2455//2455 2462//2462 2463//2463
f 2455//2455 2463//2463 2456//2456
f 2422//2422 2464//2464 2420//2420
f 2420//2420 2464//2464 2465//2465
f 2420//2420 2465//2465 2445//2445
f 2445//2445 2465//2465 2466//2466
f 2445//2445 2466//2466 2446//2446
f 2461//2461 2467//2467 2462//2462
f 2462//2462 2467//2467 2468//2468
f 2462//2462 2468//2468 2454//2454
f 2454//2454 2468//2468 2469//2469
f 2454//2454 2469//2469 2453//2453
f 2470//2470 2471//2471 2472//2472
f 2473//2473 2422//2422 2424//2424
f 2473//2473 2424//2424 2474//2474
f 2474//2474 2424//2424 2426//2426
f 2474//2474 2426//2426 2475//2475
f 2475//2475 2426//2426 2428//2428
f 2475//2475 2428//2428 2476//2476
f 2470//2470 2472//2472 2477//2477
f 2477//2477 2472//2472 2478//2478
f 2477//2477 2478//2478 2479//2479
f 2479//2479 2478//2478 2480//2480
f 2479//2479 2480//2480 2481//2481
f 2458//2458 2482//2482 2483//2483
f 2484//2484 2485//2485 2486//2486
f 2486//2486 2485//2485 2487//2487
f 2486//2486 2487//2487 2488//2488
f 2484//2484 2486//2486 2489//2489
f 2489//2489 2486//2486 2490//2490
f 2489//2489 2490//2490 2491//2491
f 2491//2491 2490//2490 2492//2492
f 2491//2491 2492//2492 2493//2493
f 2493//2493 2492//2492 2481//2481
f 2493//2493 2481//2481 2480//2480
f 2458//2458 2483//2483 2459//2459
f 2459//2459 2483//2483 2494//2494
f 2459//2459 2494//2494 2449//2449
f 2449//2449 2494//2494 2495//2495
f 2449//2449 2495//2495 2429//2429
f 2429//2429 2495//2495 2476//2476
f 2429//2429 2476//2476 2428//2428
f 2488//2488 2487//2487 2496//2496
f 2496//2496 2487//2487 2485//2485
f 2496//2496 2485//2485 2497//2497
f 2497//2497 2485//2485 2484//2484
f 2498//2498 2482//2482 2499//2499
f 2499//2499 2482//2482 2458//2458
f 2488//2488 2496//2496 2500//2500
f 2500//2500 2496//2496 2497//2497
f 2500//2500 2497//2497 2501//2501
f 2501//2501 2497//2497 2502//2502
f 2501//2501 2502//2502 2503//2503
f 2499//2499 2458//2458 2504//2504
f 2504//2504 2458//2458 2460//2460
f 2504//2504 2460//2460 2505//2505
f 2505//2505 2460//2460 2451//2451
f 2505//2505 2451//2451 2506//2506
f 2506//2506 2451//2451 2453//2453
f 2506//2506 2453//2453 2507//2507
f 2507//2507 2453//2453 2469//2469
f 2507//2507 2469//2469 2508//2508
f 2508//2508 2469//2469 2468//2468
f 2508//2508 2468//2468 2509//2509
f 2509//2509 2468//2468 2467//2467
f 2509//2509 2467//2467 2510//2510
f 2510//2510 2467//2467 2461//2461
f 2510//2510 2461//2461 2511//2511
f 2511//2511 2461//2461 2455//2455
f 2511//2511 2455//2455 2512//2512
f 2512//2512 2455//2455 2439//2439
f 2512//2512 2439//2439 2513//2513
f 2513//2513 2439//2439 2438//2438
f 2503//2503 2502//2502 2514//2514
f 2514//2514 2502//2502 2515//2515
f 2514//2514 2515//2515 2516//2516
f 2516//2516 2515//2515 2517//2517
f 2516//2516 2517//2517 2518//2518
f 2518//2518 2517//2517 2519//2519
f 2518//2518 2519//2519 2520//2520
f 2520//2520 2519//2519 2521//2521
f 2520//2520 2521//2521 2522//2522
f 2522//2522 2521//2521 2523//2523
f 2522//2522 2523//2523 2524//2524
f 2524//2524 2523//2523 2525//2525
f 2524//2524 2525//2525 2526//2526
f 2526//2526 2525//2525 2527//2527
f 2526//2526 2527//2527 2528//2528
f 2528//2528 2527//2527 2529//2529
f 2528//2528 2529//2529 2530//2530
f 2530//2530 2529//2529 2531//2531
f 2530//2530 2531//2531 2532//2532
f 2532//2532 2531//2531 2513//2513
f 2533//2533 2534//2534 2535//2535
f 2535//2535 2534//2534 2536//2536
f 2535//2535 2536//2536 2537//2537
f 2533//2533 2538//2538 2534//2534
f 2534//2534 2538//2538 2539//2539
f 2534//2534 2539//2539 2536//2536
f 2536//2536 2539//2539 2532//2532
f 2540//2540 2532//2532 2513//2513
f 2537//2537 2536//2536 2541//2541
f 2542//2542 2540//2540 2513//2513
f 2542//2542 2513//2513 2438//2438
f 2543//2543 2544//2544 2545//2545
f 2545//2545 2544//2544 2546//2546
f 2545//2545 2546//2546 2547//2547
f 2547//2547 2546//2546 2548//2548
f 2547//2547 2548//2548 2549//2549
f 2549//2549 2548//2548 2550//2550
f 2549//2549 2550//2550 2551//2551
f 2551//2551 2550//2550 2552//2552
f 2551//2551 2552//2552 2553//2553
f 2553//2553 2552//2552 2554//2554
f 2553//2553 2554//2554 2555//2555
f 2555//2555 2554//2554 2556//2556
f 2555//2555 2556//2556 2557//2557
f 2557//2557 2556//2556 2558//2558
f 2557//2557 2558//2558 2559//2559
f 2559//2559 2558//2558 2560//2560
f 2559//2559 2560//2560 2561//2561
f 2561//2561 2560//2560 2562//2562
f 2561//2561 2562//2562 2563//2563
f 2563//2563 2562//2562 2564//2564
f 2563//2563 2564//2564 2565//2565
f 2565//2565 2564//2564 2566//2566
f 2565//2565 2566//2566 2567//2567
f 2567//2567 2566//2566 2568//2568
f 2567//2567 2568//2568 2569//2569
f 2569//2569 2568//2568 2570//2570
f 2569//2569 2570//2570 2571//2571
f 2571//2571 2570//2570 2572//2572
f 2571//2571 2572//2572 2573//2573
f 2573//2573 2572//2572 2574//2574
f 2573//2573 2574//2574 2575//2575
f 2575//2575 2574//2574 2576//2576
f 2575//2575 2576//2576 2577//2577
f 2577//2577 2576//2576 2578//2578
f 2577//2577 2578//2578 2579//2579
f 2579//2579 2578//2578 2580//2580
f 2579//2579 2580//2580 2581//2581
f 2581//2581 2580//2580 2582//2582
f 2581//2581 2582//2582 2583//2583
f 2583//2583 2582//2582 2584//2584
f 2583//2583 2584//2584 2585//2585
f 2585//2585 2584//2584 2586//2586
f 2585//2585 2586//2586 2587//2587
f 2587//2587 2586//2586 2588//2588
f 2587//2587 2588//2588 2589//2589
f 2589//2589 2588//2588 2590//2590
f 2589//2589 2590//2590 2591//2591
f 2591//2591 2590//2590 2592//2592
f 2591//2591 2592//2592 2593//2593
f 2593//2593 2592//2592 2594//2594
f 2593//2593 2594//2594 2595//2595
f 2595//2595 2594//2594 2596//2596
f 2595//2595 2596//2596 2597//2597
f 2597//2597 2596//2596 2598//2598
f 2597//2597 2598//2598 2599//2599
f 2599//2599 2598//2598 2600//2600
f 2599//2599 2600//2600 2601//2601
f 2601//2601 2600//2600 2602//2602
f 2601//2601 2602//2602 2603//2603
f 2603//2603 2602//2602 2604//2604
f 2603//2603 2604//2604 2605//2605
f 2605//2605 2604//2604 2606//2606
f 2605//2605 2606//2606 2607//2607
f 2607//2607 2606//2606 2608//2608
f 2607//2607 2608//2608 2609//2609
f 2609//2609 2608//2608 2610//2610
f 2609//2609 2610//2610 2611//2611
f 2611//2611 2610//2610 2612//2612
f 2611//2611 2612//2612 2613//2613
f 2613//2613 2612//2612 2614//2614
f 2613//2613 2614//2614 2543//2543
f 2543//2543 2614//2614 2544//2544
f 2615//2615 2542//2542 2438//2438
f 2533//2533 2535//2535 2616//2616
f 2616//2616 2535//2535 2537//2537
f 2616//2616 2537//2537 2541//2541
f 2541//2541 2617//2617 2616//2616
f 2616//2616 2617//2617 2618//2618
f 2616//2616 2618//2618 2619//2619
f 2619//2619 2618//2618 2620//2620
f 2619//2619 2620//2620 2621//2621
f 2621//2621 2620//2620 2622//2622
f 2621//2621 2622//2622 2623//2623
f 2438//2438 2440//2440 2615//2615
f 2615//2615 2440//2440 2441//2441
f 2615//2615 2441//2441 2624//2624
f 2624//2624 2441//2441 2430//2430
f 2624//2624 2430//2430 2625//2625
f 2625//2625 2430//2430 2432//2432
f 2625//2625 2432//2432 2626//2626
f 2623//2623 2622//2622 2627//2627
f 2626//2626 2432//2432 2434//2434
f 2626//2626 2434//2434 2628//2628
f 2628//2628 2434//2434 2436//2436
f 2628//2628 2436//2436 2629//2629
f 2629//2629 2436//2436 2437//2437
f 2629//2629 2437//2437 2630//2630
f 2623//2623 2627//2627 2631//2631
f 2631//2631 2627//2627 2632//2632
f 2631//2631 2632//2632 2633//2633
f 2633//2633 2632//2632 2634//2634
f 2633//2633 2634//2634 2635//2635
f 2635//2635 2634//2634 2636//2636
f 2630//2630 2437//2437 2444//2444
f 2630//2630 2444//2444 2637//2637
f 2637//2637 2444//2444 2446//2446
f 2637//2637 2446//2446 2638//2638
f 2638//2638 2446//2446 2466//2466
f 2638//2638 2466//2466 2639//2639
f 2639//2639 2466//2466 2465//2465
f 2639//2639 2465//2465 2640//2640
f 2640//2640 2465//2465 2464//2464
f 2640//2640 2464//2464 2641//2641
f 2641//2641 2464//2464 2422//2422
f 2641//2641 2422//2422 2473//2473
f 2635//2635 2636//2636 2642//2642
f 2642//2642 2636//2636 2643//2643
f 2642//2642 2643//2643 2644//2644
f 2644//2644 2643//2643 2645//2645
f 2644//2644 2645//2645 2646//2646
f 2646//2646 2645//2645 2647//2647
f 2646//2646 2647//2647 2648//2648
f 2648//2648 2647//2647 2649//2649
f 2648//2648 2649//2649 2650//2650
f 2650//2650 2649//2649 2471//2471
f 2650//2650 2471//2471 2470//2470
f 2481//2481 2651//2651 2652//2652
f 2481//2481 2652//2652 2479//2479
f 2479//2479 2652//2652 2653//2653
f 2479//2479 2653//2653 2477//2477
f 2477//2477 2653//2653 2654//2654
f 2477//2477 2654//2654 2470//2470
f 2651//2651 2481//2481 2655//2655
f 2655//2655 2481//2481 2492//2492
f 2655//2655 2492//2492 2656//2656
f 2656//2656 2492//2492 2490//2490
f 2656//2656 2490//2490 2657//2657
f 2657//2657 2490//2490 2486//2486
f 2657//2657 2486//2486 2658//2658
f 2658//2658 2486//2486 2488//2488
f 2533//2533 2659//2659 2660//2660
f 2488//2488 2500//2500 2602//2602
f 2602//2602 2500//2500 2501//2501
f 2602//2602 2501//2501 2604//2604
f 2604//2604 2501//2501 2503//2503
f 2604//2604 2503//2503 2606//2606
f 2606//2606 2503//2503 2514//2514
f 2606//2606 2514//2514 2608//2608
f 2608//2608 2514//2514 2516//2516
f 2608//2608 2516//2516 2610//2610
f 2610//2610 2516//2516 2518//2518
f 2610//2610 2518//2518 2612//2612
f 2612//2612 2518//2518 2520//2520
f 2612//2612 2520//2520 2614//2614
f 2614//2614 2520//2520 2522//2522
f 2614//2614 2522//2522 2544//2544
f 2544//2544 2522//2522 2524//2524
f 2544//2544 2524//2524 2546//2546
f 2546//2546 2524//2524 2526//2526
f 2546//2546 2526//2526 2548//2548
f 2548//2548 2526//2526 2528//2528
f 2548//2548 2528//2528 2550//2550
f 2550//2550 2528//2528 2530//2530
f 2550//2550 2530//2530 2552//2552
f 2552//2552 2530//2530 2532//2532
f 2552//2552 2532//2532 2554//2554
f 2554//2554 2532//2532 2539//2539
f 2554//2554 2539//2539 2538//2538
f 2556//2556 2661//2661 2558//2558
f 2558//2558 2661//2661 2662//2662
f 2558//2558 2662//2662 2560//2560
f 2538//2538 2533//2533 2554//2554
f 2554//2554 2533//2533 2660//2660
f 2554//2554 2660//2660 2556//2556
f 2556//2556 2660//2660 2663//2663
f 2556//2556 2663//2663 2661//2661
f 2566//2566 2564//2564 2664//2664
f 2662//2662 2665//2665 2560//2560
f 2560//2560 2665//2665 2666//2666
f 2560//2560 2666//2666 2562//2562
f 2562//2562 2666//2666 2667//2667
f 2562//2562 2667//2667 2564//2564
f 2564//2564 2667//2667 2668//2668
f 2564//2564 2668//2668 2664//2664
f 2664//2664 2669//2669 2566//2566
f 2566//2566 2669//2669 2670//2670
f 2566//2566 2670//2670 2568//2568
f 2568//2568 2670//2670 2671//2671
f 2568//2568 2671//2671 2570//2570
f 2671//2671 2672//2672 2570//2570
f 2570//2570 2672//2672 2673//2673
f 2570//2570 2673//2673 2572//2572
f 2572//2572 2673//2673 2674//2674
f 2572//2572 2674//2674 2574//2574
f 2580//2580 2675//2675 2582//2582
f 2582//2582 2675//2675 2676//2676
f 2582//2582 2676//2676 2584//2584
f 2674//2674 2677//2677 2574//2574
f 2574//2574 2677//2677 2678//2678
f 2574//2574 2678//2678 2576//2576
f 2576//2576 2678//2678 2679//2679
f 2576//2576 2679//2679 2578//2578
f 2578//2578 2679//2679 2680//2680
f 2578//2578 2680//2680 2580//2580
f 2580//2580 2680//2680 2681//2681
f 2580//2580 2681//2681 2675//2675
f 2682//2682 2590//2590 2588//2588
f 2676//2676 2683//2683 2584//2584
f 2584//2584 2683//2683 2684//2684
f 2584//2584 2684//2684 2586//2586
f 2586//2586 2684//2684 2685//2685
f 2586//2586 2685//2685 2588//2588
f 2588//2588 2685//2685 2686//2686
f 2588//2588 2686//2686 2682//2682
f 2682//2682 2687//2687 2590//2590
f 2590//2590 2687//2687 2688//2688
f 2590//2590 2688//2688 2592//2592
f 2592//2592 2688//2688 2689//2689
f 2592//2592 2689//2689 2594//2594
f 2689//2689 2690//2690 2594//2594
f 2594//2594 2690//2690 2691//2691
f 2594//2594 2691//2691 2596//2596
f 2596//2596 2691//2691 2692//2692
f 2596//2596 2692//2692 2598//2598
f 2658//2658 2488//2488 2693//2693
f 2693//2693 2488//2488 2602//2602
f 2693//2693 2602//2602 2694//2694
f 2694//2694 2602//2602 2600//2600
f 2694//2694 2600//2600 2695//2695
f 2695//2695 2600//2600 2598//2598
f 2695//2695 2598//2598 2696//2696
f 2696//2696 2598//2598 2692//2692
f 2659//2659 2533//2533 2697//2697
f 2697//2697 2533//2533 2616//2616
f 2697//2697 2616//2616 2698//2698
f 2698//2698 2616//2616 2619//2619
f 2698//2698 2619//2619 2699//2699
f 2699//2699 2619//2619 2621//2621
f 2699//2699 2621//2621 2700//2700
f 2700//2700 2621//2621 2623//2623
f 2635//2635 2701//2701 2702//2702
f 2635//2635 2702//2702 2633//2633
f 2633//2633 2702//2702 2703//2703
f 2633//2633 2703//2703 2631//2631
f 2631//2631 2703//2703 2700//2700
f 2631//2631 2700//2700 2623//2623
f 2470//2470 2654//2654 2650//2650
f 2650//2650 2654//2654 2704//2704
f 2650//2650 2704//2704 2648//2648
f 2648//2648 2704//2704 2705//2705
f 2648//2648 2705//2705 2646//2646
f 2646//2646 2705//2705 2706//2706
f 2646//2646 2706//2706 2644//2644
f 2644//2644 2706//2706 2707//2707
f 2644//2644 2707//2707 2642//2642
f 2642//2642 2707//2707 2708//2708
f 2642//2642 2708//2708 2635//2635
f 2635//2635 2708//2708 2701//2701
f 2651//2651 2709//2709 2710//2710
f 2709//2709 2711//2711 2712//2712
f 2709//2709 2712//2712 2710//2710
f 2710//2710 2712//2712 2713//2713
f 2710//2710 2713//2713 2714//2714
f 2714//2714 2713//2713 2715//2715
f 2714//2714 2715//2715 2716//2716
f 2651//2651 2710//2710 2652//2652
f 2652//2652 2710//2710 2714//2714
f 2652//2652 2714//2714 2653//2653
f 2653//2653 2714//2714 2716//2716
f 2653//2653 2716//2716 2654//2654
f 2658//2658 2717//2717 2718//2718
f 2717//2717 2719//2719 2720//2720
f 2717//2717 2720//2720 2718//2718
f 2718//2718 2720//2720 2721//2721
f 2718//2718 2721//2721 2722//2722
f 2722//2722 2721//2721 2723//2723
f 2722//2722 2723//2723 2724//2724
f 2724//2724 2723//2723 2711//2711
f 2724//2724 2711//2711 2709//2709
f 2658//2658 2718//2718 2657//2657
f 2657//2657 2718//2718 2722//2722
f 2657//2657 2722//2722 2656//2656
f 2656//2656 2722//2722 2724//2724
f 2656//2656 2724//2724 2655//2655
f 2655//2655 2724//2724 2709//2709
f 2655//2655 2709//2709 2651//2651
f 2663//2663 2725//2725 2726//2726
f 2727//2727 2728//2728 2729//2729
f 2725//2725 2663//2663 2727//2727
f 2727//2727 2663//2663 2660//2660
f 2727//2727 2660//2660 2659//2659
f 2730//2730 2665//2665 2731//2731
f 2731//2731 2665//2665 2662//2662
f 2731//2731 2662//2662 2726//2726
f 2726//2726 2662//2662 2661//2661
f 2726//2726 2661//2661 2663//2663
f 2732//2732 2668//2668 2733//2733
f 2733//2733 2668//2668 2667//2667
f 2733//2733 2667//2667 2730//2730
f 2730//2730 2667//2667 2666//2666
f 2730//2730 2666//2666 2665//2665
f 2734//2734 2670//2670 2735//2735
f 2735//2735 2670//2670 2669//2669
f 2735//2735 2669//2669 2732//2732
f 2732//2732 2669//2669 2664//2664
f 2732//2732 2664//2664 2668//2668
f 2736//2736 2673//2673 2737//2737
f 2737//2737 2673//2673 2672//2672
f 2737//2737 2672//2672 2734//2734
f 2734//2734 2672//2672 2671//2671
f 2734//2734 2671//2671 2670//2670
f 2738//2738 2681//2681 2739//2739
f 2739//2739 2681//2681 2680//2680
f 2739//2739 2680//2680 2740//2740
f 2740//2740 2680//2680 2679//2679
f 2740//2740 2679//2679 2741//2741
f 2741//2741 2679//2679 2678//2678
f 2741//2741 2678//2678 2742//2742
f 2742//2742 2678//2678 2677//2677
f 2742//2742 2677//2677 2736//2736
f 2736//2736 2677//2677 2674//2674
f 2736//2736 2674//2674 2673//2673
f 2683//2683 2676//2676 2738//2738
f 2738//2738 2676//2676 2675//2675
f 2738//2738 2675//2675 2681//2681
f 2738//2738 2743//2743 2683//2683
f 2683//2683 2743//2743 2744//2744
f 2683//2683 2744//2744 2684//2684
f 2684//2684 2744//2744 2685//2685
f 2685//2685 2744//2744 2745//2745
f 2685//2685 2745//2745 2686//2686
f 2686//2686 2745//2745 2746//2746
f 2686//2686 2746//2746 2682//2682
f 2682//2682 2746//2746 2687//2687
f 2687//2687 2746//2746 2747//2747
f 2687//2687 2747//2747 2688//2688
f 2688//2688 2747//2747 2748//2748
f 2688//2688 2748//2748 2689//2689
f 2689//2689 2748//2748 2690//2690
f 2690//2690 2748//2748 2749//2749
f 2690//2690 2749//2749 2691//2691
f 2691//2691 2749//2749 2750//2750
f 2691//2691 2750//2750 2692//2692
f 2692//2692 2750//2750 2696//2696
f 2696//2696 2750//2750 2751//2751
f 2696//2696 2751//2751 2695//2695
f 2695//2695 2751//2751 2752//2752
f 2695//2695 2752//2752 2694//2694
f 2727//2727 2729//2729 2725//2725
f 2725//2725 2729//2729 2753//2753
f 2725//2725 2753//2753 2726//2726
f 2726//2726 2753//2753 2754//2754
f 2726//2726 2754//2754 2731//2731
f 2731//2731 2754//2754 2755//2755
f 2731//2731 2755//2755 2730//2730
f 2730//2730 2755//2755 2756//2756
f 2730//2730 2756//2756 2733//2733
f 2733//2733 2756//2756 2757//2757
f 2733//2733 2757//2757 2732//2732
f 2732//2732 2757//2757 2758//2758
f 2732//2732 2758//2758 2735//2735
f 2735//2735 2758//2758 2759//2759
f 2735//2735 2759//2759 2734//2734
f 2734//2734 2759//2759 2760//2760
f 2734//2734 2760//2760 2737//2737
f 2737//2737 2760//2760 2761//2761
f 2737//2737 2761//2761 2736//2736
f 2736//2736 2761//2761 2762//2762
f 2736//2736 2762//2762 2742//2742
f 2742//2742 2762//2762 2763//2763
f 2742//2742 2763//2763 2741//2741
f 2741//2741 2763//2763 2764//2764
f 2741//2741 2764//2764 2740//2740
f 2740//2740 2764//2764 2765//2765
f 2740//2740 2765//2765 2739//2739
f 2739//2739 2765//2765 2766//2766
f 2739//2739 2766//2766 2738//2738
f 2738//2738 2766//2766 2767//2767
f 2738//2738 2767//2767 2743//2743
f 2743//2743 2767//2767 2768//2768
f 2743//2743 2768//2768 2744//2744
f 2744//2744 2768//2768 2769//2769
f 2744//2744 2769//2769 2745//2745
f 2745//2745 2769//2769 2770//2770
f 2745//2745 2770//2770 2746//2746
f 2746//2746 2770//2770 2771//2771
f 2746//2746 2771//2771 2747//2747
f 2747//2747 2771//2771 2772//2772
f 2747//2747 2772//2772 2748//2748
f 2748//2748 2772//2772 2773//2773
f 2748//2748 2773//2773 2749//2749
f 2749//2749 2773//2773 2774//2774
f 2749//2749 2774//2774 2750//2750
f 2750//2750 2774//2774 2775//2775
f 2750//2750 2775//2775 2751//2751
f 2751//2751 2775//2775 2776//2776
f 2751//2751 2776//2776 2752//2752
f 2752//2752 2776//2776 2719//2719
f 2752//2752 2719//2719 2717//2717
f 2694//2694 2752//2752 2693//2693
f 2693//2693 2752//2752 2717//2717
f 2693//2693 2717//2717 2658//2658
f 2700//2700 2777//2777 2778//2778
f 2777//2777 2779//2779 2780//2780
f 2777//2777 2780//2780 2778//2778
f 2778//2778 2780//2780 2781//2781
f 2778//2778 2781//2781 2782//2782
f 2782//2782 2781//2781 2783//2783
f 2782//2782 2783//2783 2784//2784
f 2784//2784 2783//2783 2728//2728
f 2784//2784 2728//2728 2727//2727
f 2700//2700 2778//2778 2699//2699
f 2699//2699 2778//2778 2782//2782
f 2699//2699 2782//2782 2698//2698
f 2698//2698 2782//2782 2784//2784
f 2698//2698 2784//2784 2697//2697
f 2697//2697 2784//2784 2727//2727
f 2697//2697 2727//2727 2659//2659
f 2701//2701 2785//2785 2786//2786
f 2785//2785 2787//2787 2788//2788
f 2785//2785 2788//2788 2786//2786
f 2786//2786 2788//2788 2789//2789
f 2786//2786 2789//2789 2790//2790
f 2790//2790 2789//2789 2779//2779
f 2790//2790 2779//2779 2777//2777
f 2701//2701 2786//2786 2702//2702
f 2702//2702 2786//2786 2790//2790
f 2702//2702 2790//2790 2703//2703
f 2703//2703 2790//2790 2777//2777
f 2703//2703 2777//2777 2700//2700
f 2654//2654 2716//2716 2791//2791
f 2716//2716 2715//2715 2792//2792
f 2716//2716 2792//2792 2791//2791
f 2791//2791 2792//2792 2793//2793
f 2791//2791 2793//2793 2794//2794
f 2794//2794 2793//2793 2795//2795
f 2794//2794 2795//2795 2796//2796
f 2796//2796 2795//2795 2797//2797
f 2796//2796 2797//2797 2798//2798
f 2798//2798 2797//2797 2799//2799
f 2798//2798 2799//2799 2800//2800
f 2800//2800 2799//2799 2787//2787
f 2800//2800 2787//2787 2785//2785
f 2654//2654 2791//2791 2704//2704
f 2704//2704 2791//2791 2794//2794
f 2704//2704 2794//2794 2705//2705
f 2705//2705 2794//2794 2796//2796
f 2705//2705 2796//2796 2706//2706
f 2706//2706 2796//2796 2798//2798
f 2706//2706 2798//2798 2707//2707
f 2707//2707 2798//2798 2800//2800
f 2707//2707 2800//2800 2708//2708
f 2708//2708 2800//2800 2785//2785
f 2708//2708 2785//2785 2701//2701
f 2715//2715 2801//2801 2792//2792
f 2792//2792 2801//2801 2802//2802
f 2792//2792 2802//2802 2793//2793
f 2793//2793 2802//2802 2795//2795
f 2795//2795 2802//2802 2803//2803
f 2795//2795 2803//2803 2797//2797
f 2797//2797 2803//2803 2799//2799
f 2799//2799 2803//2803 2804//2804
f 2799//2799 2804//2804 2787//2787
f 2787//2787 2804//2804 2805//2805
f 2787//2787 2805//2805 2788//2788
f 2788//2788 2805//2805 2806//2806
f 2788//2788 2806//2806 2789//2789
f 2789//2789 2806//2806 2807//2807
f 2789//2789 2807//2807 2779//2779
f 2779//2779 2807//2807 2780//2780
f 2780//2780 2807//2807 2808//2808
f 2780//2780 2808//2808 2781//2781
f 2781//2781 2808//2808 2783//2783
f 2783//2783 2808//2808 2809//2809
f 2783//2783 2809//2809 2728//2728
f 2728//2728 2809//2809 2729//2729
f 2729//2729 2810//2810 2753//2753
f 2753//2753 2810//2810 2754//2754
f 2754//2754 2811//2811 2755//2755
f 2755//2755 2811//2811 2756//2756
f 2756//2756 2812//2812 2757//2757
f 2757//2757 2812//2812 2758//2758
f 2758//2758 2813//2813 2759//2759
f 2759//2759 2813//2813 2760//2760
f 2760//2760 2814//2814 2761//2761
f 2761//2761 2814//2814 2762//2762
f 2762//2762 2815//2815 2763//2763
f 2763//2763 2815//2815 2764//2764
f 2764//2764 2816//2816 2765//2765
f 2765//2765 2816//2816 2766//2766
f 2766//2766 2817//2817 2767//2767
f 2767//2767 2817//2817 2768//2768
f 2768//2768 2818//2818 2769//2769
f 2769//2769 2818//2818 2770//2770
f 2770//2770 2819//2819 2771//2771
f 2771//2771 2819//2819 2772//2772
f 2772//2772 2820//2820 2773//2773
f 2773//2773 2820//2820 2774//2774
f 2774//2774 2821//2821 2775//2775
f 2775//2775 2821//2821 2776//2776
f 2776//2776 2822//2822 2719//2719
f 2719//2719 2822//2822 2720//2720
f 2720//2720 2822//2822 2823//2823
f 2720//2720 2823//2823 2721//2721
f 2721//2721 2823//2823 2723//2723
f 2723//2723 2823//2823 2824//2824
f 2723//2723 2824//2824 2711//2711
f 2711//2711 2824//2824 2825//2825
f 2711//2711 2825//2825 2712//2712
f 2712//2712 2825//2825 2826//2826
f 2712//2712 2826//2826 2713//2713
f 2713//2713 2826//2826 2801//2801
f 2713//2713 2801//2801 2715//2715
f 2827//2827 2828//2828 2829//2829
f 2829//2829 2828//2828 2830//2830
f 2831//2831 2833//2833 2835//2835
f 2834//2834 2832//2832 2836//2836
f 2837//2837 2838//2838 2841//2841
f 2840//2840 2839//2839 2842//2842
f 2843//2843 2844//2844 2847//2847
f 2846//2846 2845//2845 2848//2848
f 2849//2849 2850//2850 2852//2852
f 2853//2853 2851//2851 2854//2854
f 2855//2855 2856//2856 2858//2858
f 2859//2859 2857//2857 2860//2860
f 2861//2861 2863//2863 2864//2864
f 2865//2865 2862//2862 2866//2866
f 2867//2867 2869//2869 2871//2871
f 2870//2870 2868//2868 2872//2872
f 2873//2873 2874//2874 2877//2877
f 2876//2876 2875//2875 2878//2878
f 2879//2879 2880//2880 2883//2883
f 2882//2882 2881//2881 2884//2884
f 2885//2885 2887//2887 2888//2888
f 2889//2889 2886//2886 2890//2890
f 2891//2891 2893//2893 2895//2895
f 2894//2894 2892//2892 2896//2896

