# https://github.com/mikedh/trimesh
v -0.02521500 -0.01559900 -0.02250000
v -0.02343300 -0.01559900 -0.02250000
v -0.02522600 -0.01558300 -0.02250000
v -0.02413700 -0.01444300 -0.02258800
v -0.02641400 -0.01351700 -0.02275300
v -0.02577100 -0.01473000 -0.02255200
v -0.02572000 -0.01481800 -0.02254200
v -0.02550500 -0.01516700 -0.02251400
v -0.02465700 -0.01351800 -0.02275300
v -0.02496600 -0.01293200 -0.02288800
v -0.02649100 -0.01336400 -0.02278700
v -0.02577600 -0.01122600 -0.02337200
v -0.02729100 -0.01163100 -0.02324800
v -0.02596900 -0.01077200 -0.02351700
v -0.02797500 -0.00987800 -0.02381500
v -0.02674300 -0.00869000 -0.02422600
v -0.02864100 -0.00776000 -0.02455100
v -0.02735200 -0.00655900 -0.02496100
v -0.02913300 -0.00568400 -0.02524500
v -0.02812600 0.00117900 -0.02649700
v -0.02866400 0.00120700 -0.02649700
v -0.02813800 0.00082900 -0.02648700
v -0.02968100 0.00105900 -0.02649400
v -0.02814500 0.00053100 -0.02647400
v -0.02969700 0.00040200 -0.02646700
v -0.02812500 -0.00114700 -0.02631500
v -0.02967000 -0.00128900 -0.02629500
v -0.02807500 -0.00200300 -0.02617900
v -0.02962900 -0.00200300 -0.02617900
v -0.02800200 -0.00282100 -0.02601700
v -0.02954300 -0.00298100 -0.02598200
v -0.02777400 -0.00450300 -0.02559700
v -0.02931500 -0.00468400 -0.02554500
v -0.02750600 -0.00589400 -0.02517800
v -0.02743700 -0.00620400 -0.02507800
v -0.02963300 0.00118000 -0.02649700
v -0.02966800 0.00112400 -0.02649600
v -0.02947100 0.00124800 -0.02649800
v -0.02949200 0.00124800 -0.02649800
v -0.02958700 0.00115400 -0.02649600
v -0.02951800 0.00124500 -0.02649800
v -0.02958100 0.00122200 -0.02649700
v 0.02866400 0.00120700 -0.02649700
v 0.02812600 0.00117900 -0.02649700
v 0.02813800 0.00082900 -0.02648700
v 0.02947100 0.00124800 -0.02649800
v 0.02961400 0.00119900 -0.02649700
v 0.02955700 0.00123400 -0.02649800
v 0.02949200 0.00124800 -0.02649800
v 0.02965600 0.00114700 -0.02649600
v 0.02967900 0.00108500 -0.02649500
v 0.02958700 0.00115300 -0.02649600
v 0.02968100 0.00105900 -0.02649400
v 0.02814500 0.00053100 -0.02647400
v 0.02969100 -0.00068500 -0.02637300
v 0.02812500 -0.00114700 -0.02631500
v 0.02962900 -0.00200300 -0.02617900
v 0.02807500 -0.00200300 -0.02617900
v 0.02959400 -0.00244700 -0.02609500
v 0.02800200 -0.00282100 -0.02601700
v 0.02938800 -0.00421100 -0.02567700
v 0.02777400 -0.00450300 -0.02559700
v 0.02909000 -0.00589500 -0.02517800
v 0.02750600 -0.00589400 -0.02517800
v 0.02899800 -0.00632300 -0.02503900
v 0.02743700 -0.00620400 -0.02507800
v 0.02735200 -0.00655900 -0.02496100
v 0.02842000 -0.00852700 -0.02428300
v 0.02674300 -0.00869000 -0.02422600
v 0.02550500 -0.01516700 -0.02251400
v 0.02572000 -0.01481800 -0.02254200
v 0.02413700 -0.01444300 -0.02258800
v 0.02577100 -0.01473000 -0.02255200
v 0.02465700 -0.01351800 -0.02275300
v 0.02641400 -0.01351600 -0.02275400
v 0.02496600 -0.01293200 -0.02288800
v 0.02643700 -0.01347100 -0.02276300
v 0.02577600 -0.01122600 -0.02337200
v 0.02711700 -0.01203200 -0.02313000
v 0.02596900 -0.01077200 -0.02351700
v 0.02774600 -0.01050000 -0.02360600
v 0.02831400 -0.00886800 -0.02416400
v 0.02343300 -0.01559900 -0.02250000
v 0.02521500 -0.01559900 -0.02250000
v 0.02522600 -0.01558300 -0.02250000
v -0.02965000 0.00151500 -0.02722700
v -0.02957400 0.00153600 -0.02679800
v -0.02945500 0.00154400 -0.02722700
v -0.02950800 0.00154400 -0.02679800
v -0.02945500 0.00154400 -0.02679800
v -0.02986100 0.00137000 -0.02679700
v -0.02986100 0.00137000 -0.02679700
v -0.02973100 0.00147700 -0.02679700
v -0.02965000 0.00151500 -0.02679800
v -0.02965000 0.00151500 -0.02722700
v -0.02981900 0.00141300 -0.02722700
v -0.02986100 0.00137000 -0.02679700
v -0.02981900 0.00141300 -0.02722700
v -0.02993500 0.00125400 -0.02722700
v -0.02994700 0.00122600 -0.02679500
v -0.02993500 0.00125400 -0.02722700
v -0.02998100 0.00106200 -0.02722700
v -0.02998100 0.00106200 -0.02679400
v -0.02474900 -0.01687300 -0.02267500
v -0.02583400 -0.01515600 -0.02267200
v -0.02478700 -0.01689900 -0.02285000
v -0.02583400 -0.01515600 -0.02267200
v -0.02597600 -0.01499600 -0.02278600
v -0.02603100 -0.01491200 -0.02285000
v -0.02464300 -0.01680100 -0.02254700
v -0.02449800 -0.01670200 -0.02250000
v -0.02523300 -0.01558800 -0.02250000
v -0.02555000 -0.01538400 -0.02254600
v -0.02464300 -0.01680100 -0.02254700
v -0.02464300 -0.01680100 -0.02254700
v -0.02555000 -0.01538400 -0.02254600
v -0.02567900 -0.01528900 -0.02259200
v -0.02155600 -0.02035800 -0.02250000
v -0.02309900 -0.01858900 -0.02250000
v -0.02168300 -0.02047900 -0.02254700
v -0.02323600 -0.01869800 -0.02254700
v -0.02168300 -0.02047900 -0.02254700
v -0.02323600 -0.01869800 -0.02254700
v -0.02177600 -0.02056700 -0.02267500
v -0.02333600 -0.01877900 -0.02267500
v -0.02177600 -0.02056700 -0.02267500
v -0.02333600 -0.01877900 -0.02267500
v -0.02181000 -0.02059900 -0.02285000
v -0.02337200 -0.01880800 -0.02285000
v -0.02474900 -0.01687300 -0.02267500
v -0.02785600 0.00144900 -0.02740900
v -0.02785700 0.00146000 -0.02750000
v -0.02785800 0.00146000 -0.02679600
v -0.02784700 0.00138900 -0.02725300
v -0.02784700 0.00138900 -0.02725300
v -0.02785800 0.00146000 -0.02679600
v -0.02783700 0.00128100 -0.02712700
v -0.02785500 0.00144300 -0.02669800
v -0.02785200 0.00142300 -0.02665300
v -0.02783300 0.00121000 -0.02707700
v -0.02783300 0.00121000 -0.02707700
v -0.02785200 0.00142300 -0.02665300
v -0.02783100 0.00113600 -0.02704300
v -0.02783000 0.00108900 -0.02676500
v -0.02783300 0.00097200 -0.02701100
v -0.02783000 0.00107800 -0.02676900
v -0.02783000 0.00107800 -0.02649400
v -0.02783100 0.00102500 -0.02649300
v -0.02783300 0.00097200 -0.02649200
v -0.02783000 0.00107800 -0.02649400
v -0.02783000 0.00107800 -0.02676900
v -0.02783100 0.00102500 -0.02649300
v -0.02783300 0.00097800 -0.02678900
v -0.02783300 0.00097800 -0.02678900
v -0.02783300 0.00097200 -0.02649200
v -0.02783300 0.00097200 -0.02649200
v -0.02783300 0.00097200 -0.02649200
v -0.02783300 0.00097600 -0.02679100
v -0.02783300 0.00097600 -0.02679100
v -0.02783300 0.00097600 -0.02679100
v -0.02783300 0.00097200 -0.02701100
v -0.02783300 0.00097200 -0.02701100
v -0.02783300 0.00097500 -0.02701100
v -0.02977300 -0.00368200 -0.02722700
v -0.02984200 -0.00307700 -0.02627500
v -0.02997100 -0.00131400 -0.02722700
v -0.02997000 -0.00134600 -0.02659100
v -0.02999700 0.00038900 -0.02676600
v -0.02938800 -0.00602700 -0.02722700
v -0.02961100 -0.00481500 -0.02583400
v -0.02977300 -0.00368500 -0.02613300
v -0.02714300 -0.01277600 -0.02722700
v -0.02756600 -0.01183600 -0.02353500
v -0.02806900 -0.01058800 -0.02722700
v -0.02825700 -0.01007500 -0.02409900
v -0.02881900 -0.00833400 -0.02722700
v -0.02893100 -0.00793800 -0.02483500
v -0.02942800 -0.00583200 -0.02553100
v -0.02604700 -0.01488500 -0.02722700
v -0.02675800 -0.01356400 -0.02308000
v -0.02714500 -0.01277300 -0.02327100
v -0.02181000 -0.02059900 -0.02722700
v -0.02337200 -0.01880800 -0.02722700
v -0.02478700 -0.01689900 -0.02722700
v -0.02785800 0.00146000 -0.02679600
v -0.02785700 0.00146000 -0.02750000
v -0.02864800 0.00150100 -0.02679700
v -0.02791200 0.00146300 -0.02750000
v -0.02538700 0.00133000 -0.02816000
v -0.02538700 0.00133000 -0.02867600
v -0.02666800 0.00139800 -0.02782500
v -0.02723400 0.00142700 -0.02819400
v -0.02934600 0.00153800 -0.02754000
v -0.02942700 0.00154200 -0.02739300
v -0.02922100 0.00153100 -0.02765100
v -0.02908200 0.00152400 -0.02771100
v -0.01656500 -0.03763200 -0.02250000
v -0.01586500 -0.03763200 -0.02250000
v -0.01586500 -0.03089800 -0.02250000
v -0.01736500 -0.03763200 -0.02250000
v -0.01736500 -0.03089800 -0.02250000
v -0.01743400 -0.02944800 -0.02250000
v -0.01594100 -0.02930600 -0.02250000
v -0.01763900 -0.02801100 -0.02250000
v -0.01616600 -0.02772900 -0.02250000
v -0.01798000 -0.02660000 -0.02250000
v -0.01654000 -0.02618000 -0.02250000
v -0.01845100 -0.02522700 -0.02250000
v -0.01705800 -0.02467300 -0.02250000
v -0.01905100 -0.02390500 -0.02250000
v -0.01771600 -0.02322200 -0.02250000
v -0.01977300 -0.02264500 -0.02250000
v -0.01850800 -0.02183900 -0.02250000
v -0.02061000 -0.02146000 -0.02250000
v -0.01942700 -0.02053700 -0.02250000
v -0.02046500 -0.01932800 -0.02250000
v -0.02202800 -0.01752700 -0.02250000
v -0.02550100 -0.01119500 -0.02365900
v -0.02519800 -0.01186100 -0.02345400
v -0.02495700 -0.01236100 -0.02701100
v -0.02783300 0.00096000 -0.02701100
v -0.02783300 0.00097500 -0.02701100
v -0.02783300 0.00097600 -0.02679100
v -0.02782500 -0.00117600 -0.02661200
v -0.02769200 -0.00296600 -0.02701100
v -0.02784500 0.00051000 -0.02677300
v -0.02783800 0.00081000 -0.02678700
v -0.02770300 -0.00285400 -0.02631100
v -0.02763800 -0.00342900 -0.02617800
v -0.02674000 -0.00778400 -0.02701100
v -0.02747800 -0.00453500 -0.02588600
v -0.02714400 -0.00623000 -0.02536300
v -0.02706100 -0.00658300 -0.02524600
v -0.02675200 -0.00774300 -0.02484600
v -0.02645800 -0.00869500 -0.02451000
v -0.02569200 -0.01074800 -0.02380300
v -0.02024700 -0.01912300 -0.02280000
v -0.02024700 -0.01912300 -0.02685600
v -0.02026100 -0.01910800 -0.02685900
v -0.02179300 -0.01734000 -0.02280000
v -0.02067400 -0.01866100 -0.02694000
v -0.02086200 -0.01845000 -0.02697300
v -0.02470000 -0.01286500 -0.02318000
v -0.02388000 -0.01433000 -0.02288500
v -0.02301000 -0.01569000 -0.02701100
v -0.02318300 -0.01543200 -0.02280000
v -0.02239700 -0.01655200 -0.02701100
v -0.02112300 -0.01815000 -0.02701100
v 0.02997400 0.00112800 -0.02679500
v 0.02998100 0.00106200 -0.02679400
v 0.02998100 0.00106200 -0.02722700
v 0.02991900 0.00128700 -0.02679600
v 0.02993500 0.00125400 -0.02722700
v 0.02991900 0.00128700 -0.02679600
v 0.02981900 0.00141300 -0.02722700
v 0.02981400 0.00141800 -0.02679700
v 0.02981400 0.00141800 -0.02679700
v 0.02981900 0.00141300 -0.02722700
v 0.02965000 0.00151500 -0.02722700
v 0.02965000 0.00151500 -0.02722700
v 0.02967100 0.00150700 -0.02679800
v 0.02950800 0.00154400 -0.02679800
v 0.02945500 0.00154400 -0.02722700
v 0.02945500 0.00154400 -0.02679800
v 0.02408000 -0.01784700 -0.02271600
v 0.02410200 -0.01786300 -0.02285000
v 0.02478700 -0.01689900 -0.02285000
v 0.02382100 -0.01765500 -0.02250000
v 0.02523300 -0.01558800 -0.02250000
v 0.02392800 -0.01773500 -0.02252700
v 0.02392800 -0.01773500 -0.02252700
v 0.02546900 -0.01544000 -0.02252600
v 0.02401900 -0.01780200 -0.02260200
v 0.02567900 -0.01528900 -0.02259200
v 0.02589300 -0.01509600 -0.02271300
v 0.02597600 -0.01499600 -0.02278600
v 0.02603100 -0.01491200 -0.02285000
v 0.02155600 -0.02035800 -0.02250000
v 0.02165300 -0.02045000 -0.02252700
v 0.02165300 -0.02045000 -0.02252700
v 0.02173600 -0.02052800 -0.02260200
v 0.02179100 -0.02058000 -0.02271600
v 0.02181000 -0.02059900 -0.02285000
v 0.02783200 0.00102500 -0.02649300
v 0.02783200 0.00102500 -0.02649300
v 0.02783200 0.00102500 -0.02649300
v 0.02783000 0.00107800 -0.02649400
v 0.02783000 0.00107800 -0.02676900
v 0.02783000 0.00107800 -0.02676900
v 0.02783300 0.00097200 -0.02649200
v 0.02783300 0.00097200 -0.02701100
v 0.02783300 0.00097200 -0.02701100
v 0.02783300 0.00097200 -0.02701100
v 0.02783000 0.00107800 -0.02676900
v 0.02783000 0.00113600 -0.02704300
v 0.02785800 0.00146000 -0.02679600
v 0.02785800 0.00146000 -0.02750000
v 0.02785600 0.00144900 -0.02740900
v 0.02784700 0.00138900 -0.02725300
v 0.02783700 0.00128100 -0.02712700
v 0.02785700 0.00145400 -0.02673800
v 0.02783300 0.00121000 -0.02707700
v 0.02785200 0.00142300 -0.02665300
v 0.02783000 0.00108900 -0.02676500
v 0.02783200 0.00101800 -0.02677800
v 0.02783200 0.00101800 -0.02677800
v 0.02783200 0.00101800 -0.02677800
v 0.02783200 0.00101800 -0.02677800
v 0.02783000 0.00107800 -0.02676900
v 0.02783000 0.00107800 -0.02649400
v 0.02783000 0.00107800 -0.02649400
v 0.02783300 0.00097600 -0.02679000
v 0.02783300 0.00097600 -0.02679000
v 0.02783300 0.00097200 -0.02649200
v 0.02783300 0.00097200 -0.02649200
v 0.02783300 0.00097500 -0.02679200
v 0.02783300 0.00097500 -0.02679200
v 0.02783300 0.00097500 -0.02679200
v 0.02783300 0.00097200 -0.02701100
v 0.02783300 0.00097200 -0.02701100
v 0.02783300 0.00097500 -0.02701100
v 0.02783300 0.00097800 -0.02678900
v 0.02783300 0.00097800 -0.02678900
v 0.02783300 0.00097200 -0.02649200
v 0.02783300 0.00097200 -0.02649200
v 0.02783300 0.00097200 -0.02649200
v 0.02783200 0.00102500 -0.02649300
v 0.02783200 0.00102500 -0.02649300
v 0.02478700 -0.01689900 -0.02722700
v 0.02337200 -0.01880800 -0.02722700
v 0.02181000 -0.02059900 -0.02722700
v 0.02604700 -0.01488500 -0.02722700
v 0.02670400 -0.01367100 -0.02305700
v 0.02714300 -0.01277600 -0.02722700
v 0.02714400 -0.01277400 -0.02327100
v 0.02739100 -0.01223700 -0.02341800
v 0.02806900 -0.01058800 -0.02722700
v 0.02802600 -0.01070100 -0.02389100
v 0.02860000 -0.00905800 -0.02444700
v 0.02881900 -0.00833400 -0.02722700
v 0.02870700 -0.00871300 -0.02456600
v 0.02997100 -0.00131400 -0.02722700
v 0.02999100 -0.00072600 -0.02667100
v 0.02977300 -0.00368200 -0.02722700
v 0.02989300 -0.00253100 -0.02638900
v 0.02977300 -0.00368500 -0.02613300
v 0.02938800 -0.00602700 -0.02722700
v 0.02968500 -0.00433300 -0.02596700
v 0.02929100 -0.00648200 -0.02532400
v 0.02723400 0.00142700 -0.02819400
v 0.02538700 0.00133000 -0.02867600
v 0.02538700 0.00133000 -0.02816000
v 0.02864800 0.00150100 -0.02679700
v 0.02791200 0.00146300 -0.02750000
v 0.02785800 0.00146000 -0.02679600
v 0.02785800 0.00146000 -0.02750000
v 0.02942700 0.00154200 -0.02739300
v 0.02934600 0.00153800 -0.02754000
v 0.02666800 0.00139800 -0.02782500
v 0.02908200 0.00152400 -0.02771100
v 0.02922100 0.00153100 -0.02765100
v 0.01656500 -0.03763200 -0.02250000
v 0.01736500 -0.03763200 -0.02250000
v 0.01736500 -0.03089800 -0.02250000
v 0.01942700 -0.02053700 -0.02250000
v 0.02009400 -0.02216200 -0.02250000
v 0.01850800 -0.02183900 -0.02250000
v 0.01892100 -0.02416500 -0.02250000
v 0.02202800 -0.01752600 -0.02250000
v 0.02046500 -0.01932800 -0.02250000
v 0.01586500 -0.03763200 -0.02250000
v 0.01586500 -0.03089800 -0.02250000
v 0.01594100 -0.02930600 -0.02250000
v 0.01754100 -0.02858300 -0.02250000
v 0.01771600 -0.02322200 -0.02250000
v 0.01705800 -0.02467300 -0.02250000
v 0.01806300 -0.02632200 -0.02250000
v 0.01654000 -0.02618000 -0.02250000
v 0.01616600 -0.02772900 -0.02250000
v 0.02026100 -0.01910800 -0.02685900
v 0.02024700 -0.01912300 -0.02685600
v 0.02024700 -0.01912300 -0.02280000
v 0.02301000 -0.01569000 -0.02701100
v 0.02239700 -0.01655200 -0.02701100
v 0.02179300 -0.01734000 -0.02280000
v 0.02047800 -0.01887500 -0.02690200
v 0.02112300 -0.01815000 -0.02701100
v 0.02107500 -0.01820700 -0.02700400
v 0.02066500 -0.01867000 -0.02693800
v 0.02318300 -0.01543200 -0.02280000
v 0.02388000 -0.01433000 -0.02288500
v 0.02495700 -0.01236100 -0.02701100
v 0.02470000 -0.01286500 -0.02318000
v 0.02519800 -0.01186100 -0.02345400
v 0.02550100 -0.01119500 -0.02365900
v 0.02569200 -0.01074800 -0.02380300
v 0.02674000 -0.00778400 -0.02701100
v 0.02645800 -0.00869500 -0.02451000
v 0.02675200 -0.00774300 -0.02484600
v 0.02706100 -0.00658300 -0.02524600
v 0.02763800 -0.00342900 -0.02617800
v 0.02769200 -0.00296600 -0.02701100
v 0.02747800 -0.00453500 -0.02588600
v 0.02714400 -0.00623000 -0.02536300
v 0.02770300 -0.00285400 -0.02631100
v 0.02782500 -0.00117600 -0.02661200
v 0.02783300 0.00096000 -0.02701100
v 0.02783300 0.00097500 -0.02679200
v 0.02783300 0.00097500 -0.02701100
v 0.02783800 0.00081000 -0.02678700
v 0.02784500 0.00051000 -0.02677300
v -0.01754000 -0.03763200 -0.02254700
v -0.01754000 -0.03811200 -0.02264200
v -0.01754000 -0.03763200 -0.02254700
v -0.01766900 -0.03763200 -0.02267500
v -0.01766900 -0.03806300 -0.02276100
v -0.01766900 -0.03763200 -0.02267500
v -0.01771500 -0.03763200 -0.02285000
v -0.01771500 -0.03799600 -0.02292200
v -0.01766900 -0.03806300 -0.02276100
v -0.01771500 -0.03830400 -0.02312800
v -0.01766900 -0.03842800 -0.02300400
v -0.01771500 -0.03851000 -0.02343600
v -0.01766900 -0.03867200 -0.02336900
v -0.01771500 -0.03858200 -0.02380000
v -0.01766900 -0.03875700 -0.02380000
v -0.01766900 -0.03867200 -0.02336900
v -0.01766900 -0.03875700 -0.02380000
v -0.01761300 -0.03883000 -0.02380000
v -0.01754000 -0.03811200 -0.02264200
v -0.01766900 -0.03842800 -0.02300400
v -0.01754000 -0.03851800 -0.02291400
v -0.01754000 -0.03851800 -0.02291400
v -0.01766900 -0.03867200 -0.02336900
v -0.01754000 -0.03879000 -0.02332000
v -0.01754000 -0.03879000 -0.02332000
v -0.01754000 -0.03888500 -0.02380000
v -0.01736500 -0.03813000 -0.02259900
v -0.01736500 -0.03813000 -0.02259900
v -0.01736500 -0.03813000 -0.02259900
v -0.01754000 -0.03851800 -0.02291400
v -0.01754000 -0.03851800 -0.02291400
v -0.01736500 -0.03855200 -0.02288100
v -0.01736500 -0.03855200 -0.02288100
v -0.01736500 -0.03883300 -0.02330200
v -0.01754000 -0.03888500 -0.02380000
v -0.01736500 -0.03893200 -0.02380000
v -0.01736500 -0.03893200 -0.02702700
v -0.01749900 -0.03890600 -0.02702700
v -0.01749900 -0.03890600 -0.02702700
v -0.01761300 -0.03883000 -0.02702700
v -0.01768900 -0.03871600 -0.02702700
v -0.01771500 -0.03858200 -0.02702700
v -0.01656500 -0.03893200 -0.02380000
v -0.01656500 -0.03883300 -0.02330200
v -0.01736500 -0.03883300 -0.02330200
v -0.01736500 -0.03883300 -0.02330200
v -0.01656500 -0.03883300 -0.02330200
v -0.01656500 -0.03883300 -0.02330200
v -0.01656500 -0.03855200 -0.02288100
v -0.01656500 -0.03855200 -0.02288100
v -0.01656500 -0.03855200 -0.02288100
v -0.01736500 -0.03855200 -0.02288100
v -0.01736500 -0.03855200 -0.02288100
v -0.01656500 -0.03855200 -0.02288100
v -0.01656500 -0.03855200 -0.02288100
v -0.01656500 -0.03813000 -0.02259900
v -0.01656500 -0.03813000 -0.02259900
v -0.01656500 -0.03813000 -0.02259900
v -0.01656500 -0.03813000 -0.02259900
v -0.01754000 -0.03089800 -0.02254700
v -0.01754000 -0.03089800 -0.02254700
v -0.01766900 -0.03089800 -0.02267500
v -0.01766900 -0.03089800 -0.02267500
v -0.01771500 -0.03089800 -0.02285000
v -0.02074800 -0.02156700 -0.02254700
v -0.02084900 -0.02164600 -0.02267500
v -0.02088600 -0.02167500 -0.02285000
v -0.02084900 -0.02164600 -0.02267500
v -0.02006800 -0.02283400 -0.02285000
v -0.02002800 -0.02280800 -0.02267500
v -0.01936200 -0.02406400 -0.02285000
v -0.01932100 -0.02404300 -0.02267500
v -0.01877700 -0.02535600 -0.02285000
v -0.01873300 -0.02533900 -0.02267500
v -0.01831600 -0.02669800 -0.02285000
v -0.01827100 -0.02668500 -0.02267500
v -0.01798300 -0.02807700 -0.02285000
v -0.01793700 -0.02806800 -0.02267500
v -0.01778200 -0.02948100 -0.02285000
v -0.01773600 -0.02947700 -0.02267500
v -0.02074800 -0.02156700 -0.02254700
v -0.02002800 -0.02280800 -0.02267500
v -0.01992000 -0.02273900 -0.02254700
v -0.01932100 -0.02404300 -0.02267500
v -0.01920700 -0.02398500 -0.02254700
v -0.01873300 -0.02533900 -0.02267500
v -0.01861400 -0.02529200 -0.02254700
v -0.01827100 -0.02668500 -0.02267500
v -0.01814700 -0.02664900 -0.02254700
v -0.01793700 -0.02806800 -0.02267500
v -0.01781100 -0.02804400 -0.02254700
v -0.01773600 -0.02947700 -0.02267500
v -0.01760800 -0.02946500 -0.02254700
v -0.01992000 -0.02273900 -0.02254700
v -0.01920700 -0.02398500 -0.02254700
v -0.01861400 -0.02529200 -0.02254700
v -0.01814700 -0.02664900 -0.02254700
v -0.01781100 -0.02804400 -0.02254700
v -0.01760800 -0.02946500 -0.02254700
v -0.02989800 0.00105800 -0.02762700
v -0.02992500 0.00106000 -0.02755800
v -0.02988100 0.00125100 -0.02754700
v -0.02960600 0.00104600 -0.02800800
v -0.02976200 0.00105200 -0.02785200
v -0.02972400 0.00124400 -0.02782900
v -0.02932500 0.00149800 -0.02781400
v -0.02913200 0.00148800 -0.02789700
v -0.02932500 0.00149800 -0.02781400
v -0.02913200 0.00148800 -0.02789700
v -0.02941600 0.00139300 -0.02795200
v -0.02917900 0.00138200 -0.02805400
v -0.02941600 0.00139300 -0.02795200
v -0.02917900 0.00138200 -0.02805400
v -0.02948200 0.00123300 -0.02804400
v -0.02921500 0.00122000 -0.02815900
v -0.02921500 0.00122000 -0.02815900
v -0.02951200 0.00104100 -0.02807500
v -0.02923400 0.00102900 -0.02819500
v -0.02949800 0.00150700 -0.02766000
v -0.02949800 0.00150700 -0.02766000
v -0.02963100 0.00140400 -0.02776200
v -0.02963100 0.00140400 -0.02776200
v -0.02961100 0.00151300 -0.02745700
v -0.02961100 0.00151300 -0.02745700
v -0.02977100 0.00141100 -0.02751100
v -0.02977100 0.00141100 -0.02751100
v -0.02988100 0.00125100 -0.02754700
v -0.01771500 -0.03089800 -0.02708400
v -0.01779700 -0.02933200 -0.02710600
v -0.01804000 -0.02779600 -0.02713000
v -0.01844000 -0.02629300 -0.02715600
v -0.01856100 -0.02593300 -0.02716300
v -0.01915700 -0.02448300 -0.02718600
v -0.01989300 -0.02311400 -0.02720500
v -0.02076800 -0.02182800 -0.02721900
v -0.02100300 -0.02152700 -0.02722200
v -0.01771500 -0.03476300 -0.02705300
v -0.01767000 -0.03871700 -0.02721600
v -0.01759600 -0.03883000 -0.02720100
v -0.01748400 -0.03890600 -0.02717900
v -0.01707100 -0.03858400 -0.02796100
v -0.01706100 -0.03871800 -0.02793600
v -0.01723000 -0.03858400 -0.02788400
v -0.01734200 -0.03871700 -0.02777000
v -0.01736000 -0.03858400 -0.02779100
v -0.01755300 -0.03871700 -0.02752100
v -0.01757700 -0.03858300 -0.02753500
v -0.01757700 -0.03858300 -0.02753500
v -0.01769600 -0.03858300 -0.02722100
v -0.01674100 -0.03858500 -0.02802600
v -0.01674000 -0.03871800 -0.02799900
v -0.01674000 -0.03875900 -0.02797900
v -0.01748800 -0.03883000 -0.02748200
v -0.01729400 -0.03883000 -0.02771200
v -0.01703400 -0.03883100 -0.02786500
v -0.01673900 -0.03883100 -0.02792300
v -0.01748400 -0.03890600 -0.02717900
v -0.01739000 -0.03890600 -0.02742500
v -0.01722000 -0.03890600 -0.02762600
v -0.01699400 -0.03890600 -0.02775900
v -0.01673700 -0.03888600 -0.02785100
v -0.01735300 -0.03893200 -0.02715300
v -0.01739000 -0.03890600 -0.02742500
v -0.01739000 -0.03890600 -0.02742500
v -0.01727500 -0.03893200 -0.02735700
v -0.01722000 -0.03890600 -0.02762600
v -0.01713400 -0.03893200 -0.02752400
v -0.01699400 -0.03890600 -0.02775900
v -0.01694600 -0.03893200 -0.02763400
v -0.01673200 -0.03893200 -0.02767600
v -0.01455300 -0.04127500 -0.02768400
v -0.01455300 -0.04127500 -0.02688400
v -0.01455300 -0.04075300 -0.02769200
v -0.01455300 -0.04075300 -0.02689200
v -0.01455300 -0.04023200 -0.02770000
v -0.01455300 -0.04023200 -0.02690000
v -0.01458500 -0.03994600 -0.02770600
v -0.01456800 -0.04003800 -0.02690400
v -0.01465200 -0.03973500 -0.02770900
v -0.01470400 -0.03962400 -0.02691100
v -0.01475100 -0.03954300 -0.02771200
v -0.01497000 -0.03927800 -0.02691300
v -0.01504100 -0.03921700 -0.02771300
v -0.01533600 -0.03904000 -0.02690900
v -0.01542300 -0.03900600 -0.02770800
v -0.01585300 -0.03893200 -0.02769800
v -0.01575900 -0.03893600 -0.02690000
v -0.01585300 -0.03893200 -0.02688900
v -0.01584600 -0.03893200 -0.02688700
v -0.01575800 -0.03893200 -0.02685100
v -0.01629300 -0.03893200 -0.02768700
v -0.01586500 -0.03893200 -0.02380000
v -0.01586500 -0.03893200 -0.02635700
v -0.01585200 -0.03893200 -0.02647100
v -0.01578700 -0.03893200 -0.02662600
v -0.01567400 -0.03893200 -0.02675000
v -0.01562300 -0.03893200 -0.02678600
v -0.01586500 -0.03883300 -0.02330200
v -0.01586500 -0.03855200 -0.02288100
v -0.01586500 -0.03813000 -0.02259900
v -0.01586500 -0.03813000 -0.02259900
v -0.02783300 0.00097500 -0.02701100
v -0.02783300 0.00096000 -0.02701100
v -0.02783300 0.00097200 -0.02701100
v -0.02783300 0.00097200 -0.02701100
v -0.02783300 0.00096000 -0.02701100
v -0.02656800 0.00089400 -0.02734100
v -0.02783100 0.00113600 -0.02704300
v -0.02657200 0.00114400 -0.02740700
v -0.02660800 0.00132800 -0.02758400
v -0.02783700 0.00128100 -0.02712700
v -0.02783300 0.00121000 -0.02707700
v -0.02785600 0.00144900 -0.02740900
v -0.02785600 0.00144900 -0.02740900
v -0.02784700 0.00138900 -0.02725300
v -0.02528700 0.00082700 -0.02767600
v -0.02529100 0.00107600 -0.02774100
v -0.02529100 0.00107600 -0.02774100
v -0.02530500 0.00118000 -0.02781800
v -0.02534000 0.00129000 -0.02797500
v -0.02532700 0.00126100 -0.02791800
v -0.02728500 0.00139200 -0.02837900
v -0.02543700 0.00129500 -0.02886200
v -0.02728500 0.00139200 -0.02837900
v -0.02733100 0.00128500 -0.02853700
v -0.02548400 0.00118800 -0.02901900
v -0.02733100 0.00128500 -0.02853700
v -0.02736700 0.00112300 -0.02864100
v -0.02551900 0.00102700 -0.02912400
v -0.02736700 0.00112300 -0.02864100
v -0.02738700 0.00093200 -0.02867800
v -0.02553900 0.00083500 -0.02916000
v -0.02126700 -0.02008600 -0.02819500
v -0.02154800 -0.02035100 -0.02799600
v -0.02308000 -0.01857300 -0.02800800
v -0.02279000 -0.01833900 -0.02819500
v -0.02447700 -0.01668800 -0.02800800
v -0.02417000 -0.01647800 -0.02819500
v -0.02572100 -0.01469800 -0.02800800
v -0.02539800 -0.01451400 -0.02819500
v -0.02598000 -0.01344400 -0.02819500
v -0.02680300 -0.01261600 -0.02800800
v -0.02646700 -0.01245800 -0.02819500
v -0.02771800 -0.01045600 -0.02800800
v -0.02737000 -0.01032400 -0.02819500
v -0.02788600 -0.00883500 -0.02819500
v -0.02845800 -0.00822900 -0.02800800
v -0.02810100 -0.00812600 -0.02819500
v -0.02902000 -0.00595100 -0.02800800
v -0.02865600 -0.00587600 -0.02819500
v -0.02959600 -0.00129700 -0.02800800
v -0.02898200 -0.00397000 -0.02819500
v -0.02940000 -0.00363600 -0.02800800
v -0.02903100 -0.00359000 -0.02819500
v -0.02922400 -0.00128100 -0.02819500
v -0.02988800 -0.00131000 -0.02762700
v -0.02969000 -0.00367200 -0.02762700
v -0.02930700 -0.00601000 -0.02762700
v -0.02873900 -0.00831000 -0.02762700
v -0.02799100 -0.01055900 -0.02762700
v -0.02706800 -0.01274100 -0.02762700
v -0.02597500 -0.01484300 -0.02762700
v -0.02471800 -0.01685200 -0.02762700
v -0.02330700 -0.01875600 -0.02762700
v -0.02174100 -0.02053400 -0.02765200
v -0.02959600 -0.00129700 -0.02800800
v -0.02940000 -0.00363600 -0.02800800
v -0.02969000 -0.00367200 -0.02762700
v -0.02902000 -0.00595100 -0.02800800
v -0.02930700 -0.00601000 -0.02762700
v -0.02845800 -0.00822900 -0.02800800
v -0.02873900 -0.00831000 -0.02762700
v -0.02771800 -0.01045600 -0.02800800
v -0.02799100 -0.01055900 -0.02762700
v -0.02680300 -0.01261600 -0.02800800
v -0.02706800 -0.01274100 -0.02762700
v -0.02572100 -0.01469800 -0.02800800
v -0.02597500 -0.01484300 -0.02762700
v -0.02447700 -0.01668800 -0.02800800
v -0.02471800 -0.01685200 -0.02762700
v -0.02308000 -0.01857300 -0.02800800
v -0.02330700 -0.01875600 -0.02762700
v -0.02154800 -0.02035100 -0.02799600
v -0.02174100 -0.02053400 -0.02765200
v -0.01155300 -0.04427500 -0.02766100
v -0.01155300 -0.04427500 -0.02686100
v -0.01229000 -0.04418300 -0.02766000
v -0.01229000 -0.04418300 -0.02686100
v -0.01254600 -0.04410500 -0.02766100
v -0.01254600 -0.04410500 -0.02686100
v -0.01321100 -0.04377500 -0.02766300
v -0.01321100 -0.04377500 -0.02686300
v -0.01342700 -0.04361700 -0.02766400
v -0.01342700 -0.04361700 -0.02686400
v -0.01394500 -0.04308600 -0.02766700
v -0.01394500 -0.04308600 -0.02686700
v -0.01409700 -0.04286500 -0.02766900
v -0.01409700 -0.04286500 -0.02686900
v -0.01432500 -0.04242300 -0.02767200
v -0.01432500 -0.04242300 -0.02687200
v -0.01432500 -0.04242300 -0.02767200
v -0.01441000 -0.04219200 -0.02767400
v -0.01441000 -0.04219200 -0.02687400
v -0.01448000 -0.04193300 -0.02767700
v -0.01448000 -0.04193300 -0.02687700
v -0.02503200 0.00134300 -0.02879200
v -0.02503200 0.00134300 -0.02827500
v -0.02485900 0.00137300 -0.02833100
v -0.02485900 0.00137300 -0.02884800
v -0.02439200 0.00153700 -0.02848100
v -0.02439200 0.00153700 -0.02899800
v -0.02425000 0.00161400 -0.02852600
v -0.02425000 0.00161400 -0.02904300
v -0.02386400 0.00191700 -0.02864600
v -0.02386400 0.00191700 -0.02916300
v -0.02375400 0.00203600 -0.02867900
v -0.02375400 0.00203600 -0.02919600
v -0.02366400 0.00215200 -0.02870500
v -0.02329900 0.00306700 -0.02879300
v -0.02329900 0.00306700 -0.02930900
v -0.02342000 0.00259800 -0.02877100
v -0.02342000 0.00259800 -0.02928800
v -0.02348800 0.00244300 -0.02875400
v -0.02348800 0.00244300 -0.02927100
v -0.02366400 0.00215200 -0.02922200
v -0.02092600 -0.02147000 -0.02764800
v -0.02041000 -0.02106100 -0.02819100
v -0.02071600 -0.02130400 -0.02799300
v -0.02071600 -0.02130400 -0.02799300
v -0.02016100 -0.02137600 -0.02818900
v -0.02047400 -0.02161200 -0.02799200
v -0.01922700 -0.02272100 -0.02817900
v -0.01957000 -0.02292600 -0.02798500
v -0.01843100 -0.02415400 -0.02816500
v -0.01880300 -0.02432700 -0.02797600
v -0.01777800 -0.02567400 -0.02814700
v -0.01817800 -0.02581100 -0.02796400
v -0.01764300 -0.02605300 -0.02814200
v -0.01805000 -0.02618100 -0.02796100
v -0.01719300 -0.02763300 -0.02812100
v -0.01762400 -0.02772100 -0.02794700
v -0.01691000 -0.02925300 -0.02810000
v -0.01736000 -0.02929800 -0.02793300
v -0.01680000 -0.03091100 -0.02808100
v -0.01726400 -0.03090900 -0.02792100
v -0.02092600 -0.02147000 -0.02764800
v -0.02047400 -0.02161200 -0.02799200
v -0.02069000 -0.02177300 -0.02764600
v -0.01957000 -0.02292600 -0.02798500
v -0.01980700 -0.02306600 -0.02763700
v -0.01880300 -0.02432700 -0.02797600
v -0.01906200 -0.02444400 -0.02762600
v -0.01817800 -0.02581100 -0.02796400
v -0.01845900 -0.02590400 -0.02761100
v -0.01805000 -0.02618100 -0.02796100
v -0.01833600 -0.02626700 -0.02760700
v -0.01762400 -0.02772100 -0.02794700
v -0.01792900 -0.02778000 -0.02759000
v -0.01736000 -0.02929800 -0.02793300
v -0.01768100 -0.02932700 -0.02757400
v -0.01726400 -0.03090900 -0.02792100
v -0.01759500 -0.03090400 -0.02756000
v -0.02069000 -0.02177300 -0.02764600
v -0.01980700 -0.02306600 -0.02763700
v -0.01906200 -0.02444400 -0.02762600
v -0.01845900 -0.02590400 -0.02761100
v -0.01833600 -0.02626700 -0.02760700
v -0.01792900 -0.02778000 -0.02759000
v -0.01768100 -0.02932700 -0.02757400
v -0.01759500 -0.03090400 -0.02756000
v -0.01759000 -0.03476700 -0.02753800
v -0.01759000 -0.03476700 -0.02753800
v -0.01724500 -0.03476900 -0.02790200
v -0.01676600 -0.03477000 -0.02805200
v -0.01724500 -0.03476900 -0.02790200
v -0.01629700 -0.03888600 -0.02786100
v -0.01630100 -0.03858600 -0.02803700
v -0.01630000 -0.03875900 -0.02798900
v -0.01585700 -0.03888600 -0.02787100
v -0.01585700 -0.03888600 -0.02787100
v -0.01586000 -0.03876000 -0.02799900
v -0.01586000 -0.03876000 -0.02799900
v -0.01586100 -0.03858600 -0.02804800
v -0.01450700 -0.04023500 -0.02787400
v -0.01420700 -0.04023800 -0.02805000
v -0.01438000 -0.04023700 -0.02800200
v -0.01441600 -0.03991300 -0.02800700
v -0.01438000 -0.04023700 -0.02800200
v -0.01450700 -0.04023500 -0.02787400
v -0.01454000 -0.03993900 -0.02787900
v -0.01454000 -0.03993900 -0.02787900
v -0.01471200 -0.03952000 -0.02788500
v -0.01501300 -0.03918100 -0.02788600
v -0.01541000 -0.03896200 -0.02788100
v -0.01441600 -0.03991300 -0.02800700
v -0.01471200 -0.03952000 -0.02788500
v -0.01460500 -0.03945400 -0.02801200
v -0.01501300 -0.03918100 -0.02788600
v -0.01493600 -0.03908400 -0.02801300
v -0.01541000 -0.03896200 -0.02788100
v -0.01537000 -0.03884300 -0.02800900
v -0.01424800 -0.03987500 -0.02805600
v -0.01460500 -0.03945400 -0.02801200
v -0.01460500 -0.03945400 -0.02801200
v -0.01445900 -0.03936300 -0.02806200
v -0.01493600 -0.03908400 -0.02801300
v -0.01482900 -0.03894900 -0.02806300
v -0.01537000 -0.03884300 -0.02800900
v -0.01531400 -0.03868000 -0.02805800
v -0.01450700 -0.04075600 -0.02786600
v -0.01450700 -0.04075600 -0.02786600
v -0.01438000 -0.04075800 -0.02799400
v -0.01438000 -0.04075800 -0.02799400
v -0.01420600 -0.04075900 -0.02804200
v -0.01450700 -0.04127700 -0.02785800
v -0.01450700 -0.04127700 -0.02785800
v -0.01438000 -0.04127900 -0.02798600
v -0.01438000 -0.04127900 -0.02798600
v -0.01420600 -0.04128000 -0.02803400
v -0.02484300 0.00084300 -0.02779100
v -0.02769200 -0.00296600 -0.02701100
v -0.02462700 0.00088000 -0.02784700
v -0.01913000 -0.00204900 -0.02925700
v -0.02404400 0.00108300 -0.02799700
v -0.02769200 -0.00296600 -0.02701100
v -0.02282800 0.00240300 -0.02828800
v -0.02291400 0.00221000 -0.02827000
v -0.01919200 0.00134300 -0.02925700
v -0.02324700 0.00170500 -0.02819500
v -0.01923500 0.00040800 -0.02925700
v -0.02338400 0.00155600 -0.02816200
v -0.02386600 0.00118000 -0.02804200
v -0.02267800 0.00298500 -0.02830900
v -0.01895300 0.00330600 -0.02925700
v -0.02218300 0.00558000 -0.02830900
v -0.01865800 0.00469400 -0.02925700
v -0.02205700 0.00605700 -0.02830900
v -0.01823700 0.00612900 -0.02925700
v -0.02102200 0.00901600 -0.02830900
v -0.01754300 0.00789800 -0.02925700
v -0.01959200 0.01180500 -0.02830900
v -0.01710300 0.00881200 -0.02925700
v -0.01888400 0.01290800 -0.02830900
v -0.01588300 0.01085700 -0.02925700
v -0.01557700 0.01129200 -0.02925700
v -0.01779400 0.01437200 -0.02830900
v -0.01369400 0.01351400 -0.02925700
v -0.00169600 0.01916400 -0.02925700
v -0.00156700 0.02282000 -0.02830900
v -0.00355700 0.01890800 -0.02925700
v -0.00467200 0.02239100 -0.02830900
v -0.00503600 0.01856800 -0.02925700
v -0.00598800 0.02207600 -0.02830900
v -0.00637000 0.01815400 -0.02925700
v -0.00768900 0.02154300 -0.02830900
v -0.00822000 0.01739500 -0.02925700
v -0.00977300 0.02068100 -0.02830900
v -0.00903700 0.01698500 -0.02925700
v -0.01056200 0.02028900 -0.02830900
v -0.01114800 0.01568000 -0.02925700
v -0.01323700 0.01865500 -0.02830900
v -0.01149700 0.01542600 -0.02925700
v -0.01566300 0.01667000 -0.02830900
v -0.01632200 0.01602500 -0.02830900
v -0.00066200 0.01922800 -0.02925700
v -0.00000000 0.01923900 -0.02925700
v 0.00156700 0.02282000 -0.02830900
v 0.00066200 0.01922800 -0.02925700
v 0.00169600 0.01916400 -0.02925700
v 0.00467200 0.02239100 -0.02830900
v 0.00355700 0.01890800 -0.02925700
v 0.00598800 0.02207600 -0.02830900
v 0.00503600 0.01856800 -0.02925700
v 0.00768900 0.02154300 -0.02830900
v 0.00637000 0.01815400 -0.02925700
v 0.00977300 0.02068100 -0.02830900
v 0.00822000 0.01739500 -0.02925700
v 0.01056200 0.02028900 -0.02830900
v 0.00903700 0.01698500 -0.02925700
v 0.01323700 0.01865500 -0.02830900
v 0.01114800 0.01568000 -0.02925700
v 0.01149700 0.01542600 -0.02925700
v 0.01566300 0.01667000 -0.02830900
v 0.01369400 0.01351400 -0.02925700
v 0.02324700 0.00170500 -0.02819500
v 0.02291400 0.00221000 -0.02827000
v 0.01919200 0.00134300 -0.02925700
v 0.02282800 0.00240300 -0.02828800
v 0.01895300 0.00330700 -0.02925700
v 0.02267800 0.00298500 -0.02830900
v 0.01865800 0.00469400 -0.02925700
v 0.02218300 0.00558000 -0.02830900
v 0.01823700 0.00612900 -0.02925700
v 0.02205700 0.00605700 -0.02830900
v 0.01754300 0.00789800 -0.02925700
v 0.02102200 0.00901600 -0.02830900
v 0.01710300 0.00881200 -0.02925700
v 0.01959200 0.01180500 -0.02830900
v 0.01588300 0.01085700 -0.02925700
v 0.01888400 0.01290800 -0.02830900
v 0.01557700 0.01129200 -0.02925700
v 0.01779400 0.01437200 -0.02830900
v 0.01632200 0.01602500 -0.02830900
v 0.02484300 0.00084300 -0.02779100
v 0.02462700 0.00088000 -0.02784700
v 0.01913000 -0.00204900 -0.02925700
v 0.02783300 0.00096000 -0.02701100
v 0.02656800 0.00089400 -0.02734100
v 0.02769200 -0.00296600 -0.02701100
v 0.02528700 0.00082700 -0.02767600
v 0.02404300 0.00108300 -0.02799700
v 0.02386600 0.00118000 -0.02804200
v 0.02338400 0.00155600 -0.02816200
v 0.01923500 0.00040800 -0.02925700
v 0.01398800 -0.01321000 -0.02925700
v 0.02014000 -0.01901900 -0.02705000
v 0.01425500 -0.01292100 -0.02925700
v 0.02112300 -0.01815000 -0.02701100
v 0.01604200 -0.01062200 -0.02925700
v -0.02014000 -0.01901900 -0.02705000
v -0.01398800 -0.01321000 -0.02925700
v -0.02112300 -0.01815000 -0.02701100
v -0.01425400 -0.01292200 -0.02925700
v -0.02239700 -0.01655200 -0.02701100
v -0.01604100 -0.01062200 -0.02925700
v -0.02301000 -0.01569000 -0.02701100
v -0.01724100 -0.00853900 -0.02925700
v -0.02495700 -0.01236100 -0.02701100
v -0.01746100 -0.00807900 -0.02925700
v -0.02674000 -0.00778400 -0.02701100
v -0.01848000 -0.00535100 -0.02925700
v -0.01907600 -0.00250000 -0.02925700
v 0.02769200 -0.00296600 -0.02701100
v 0.01907600 -0.00250000 -0.02925700
v 0.02674000 -0.00778400 -0.02701100
v 0.01848000 -0.00535100 -0.02925700
v 0.02495700 -0.01236100 -0.02701100
v 0.01746100 -0.00807900 -0.02925700
v 0.02495700 -0.01236100 -0.02701100
v 0.01724100 -0.00853900 -0.02925700
v 0.02301000 -0.01569000 -0.02701100
v 0.02239700 -0.01655200 -0.02701100
v -0.02492300 0.00120200 -0.02792600
v -0.02487600 0.00103800 -0.02782200
v -0.02492300 0.00120200 -0.02792600
v -0.02487600 0.00103800 -0.02782200
v -0.02467600 0.00107400 -0.02787500
v -0.02414000 0.00126900 -0.02801500
v -0.02397800 0.00136000 -0.02805700
v -0.02353900 0.00170900 -0.02816800
v -0.02341500 0.00184600 -0.02819900
v -0.02467600 0.00107400 -0.02787500
v -0.02473800 0.00123800 -0.02797800
v -0.02414000 0.00126900 -0.02801500
v -0.02424200 0.00142200 -0.02811600
v -0.02397800 0.00136000 -0.02805700
v -0.02409300 0.00150800 -0.02815700
v -0.02353900 0.00170900 -0.02816800
v -0.02368900 0.00183500 -0.02826600
v -0.02341500 0.00184600 -0.02819900
v -0.02357600 0.00196200 -0.02829500
v -0.02497800 0.00131000 -0.02808500
v -0.02473800 0.00123800 -0.02797800
v -0.02480300 0.00134300 -0.02813900
v -0.02424200 0.00142200 -0.02811600
v -0.02433200 0.00151700 -0.02828100
v -0.02409300 0.00150800 -0.02815700
v -0.02418900 0.00159800 -0.02832300
v -0.02368900 0.00183500 -0.02826600
v -0.02380500 0.00190900 -0.02843600
v -0.02357600 0.00196200 -0.02829500
v -0.02369600 0.00203000 -0.02846700
v -0.02369600 0.00203000 -0.02846700
v -0.02380500 0.00190900 -0.02843600
v -0.02418900 0.00159800 -0.02832300
v -0.02433200 0.00151700 -0.02828100
v -0.02311500 0.00230900 -0.02826800
v -0.02303800 0.00248500 -0.02828300
v -0.02311500 0.00230900 -0.02826800
v -0.02303800 0.00248500 -0.02828300
v -0.02330100 0.00239100 -0.02836300
v -0.02323000 0.00255400 -0.02837800
v -0.02330100 0.00239100 -0.02836300
v -0.02323000 0.00255400 -0.02837800
v -0.02343400 0.00243900 -0.02853700
v -0.02336700 0.00259400 -0.02855300
v -0.02324800 0.00306000 -0.02857200
v -0.02310600 0.00304100 -0.02839700
v -0.02310600 0.00304100 -0.02839700
v -0.02290200 0.00301400 -0.02830300
v -0.02290200 0.00301400 -0.02830300
v -0.02343400 0.00243900 -0.02853700
v -0.02336700 0.00259400 -0.02855300
v -0.02324800 0.00306000 -0.02857200
v -0.02289800 0.00528600 -0.02930900
v -0.02266100 0.00622300 -0.02879300
v -0.02228600 0.00745600 -0.02930900
v -0.02228600 0.00745600 -0.02879300
v -0.02146900 0.00955800 -0.02930900
v -0.02159800 0.00926200 -0.02879300
v -0.02045400 0.01157100 -0.02930900
v -0.02045400 0.01157100 -0.02879300
v -0.02012800 0.01212800 -0.02879300
v -0.01925000 0.01347900 -0.02930900
v -0.01828200 0.01476600 -0.02879300
v -0.01787000 0.01526200 -0.02930900
v -0.01787000 0.01526200 -0.02879300
v -0.01632500 0.01690400 -0.02930900
v -0.01609100 0.01712600 -0.02879300
v -0.01462900 0.01839100 -0.02930900
v -0.01462900 0.01839100 -0.02879300
v -0.01279900 0.01970900 -0.02930900
v -0.01359900 0.01916600 -0.02879300
v -0.01085100 0.02084500 -0.02930900
v -0.01085100 0.02084500 -0.02879300
v -0.00880300 0.02178900 -0.02930900
v -0.00790000 0.02213200 -0.02879300
v -0.00667400 0.02253200 -0.02930900
v -0.00667400 0.02253200 -0.02879300
v -0.00448400 0.02306800 -0.02930900
v -0.00480000 0.02300500 -0.02879300
v -0.00225200 0.02339200 -0.02930900
v -0.00225200 0.02339200 -0.02879300
v -0.00161000 0.02344500 -0.02879300
v -0.00000000 0.02350000 -0.02930900
v 0.00161000 0.02344500 -0.02879300
v 0.00225200 0.02339200 -0.02930900
v 0.00225200 0.02339200 -0.02879300
v 0.00448400 0.02306800 -0.02930900
v 0.00480000 0.02300500 -0.02879300
v 0.00667400 0.02253200 -0.02930900
v 0.00667400 0.02253200 -0.02879300
v 0.00880300 0.02178900 -0.02930900
v 0.00790000 0.02213200 -0.02879300
v 0.01085100 0.02084500 -0.02930900
v 0.01085100 0.02084500 -0.02879300
v 0.01279900 0.01970900 -0.02930900
v 0.01359900 0.01916600 -0.02879300
v 0.01462900 0.01839100 -0.02930900
v 0.01462900 0.01839100 -0.02879300
v 0.01632500 0.01690400 -0.02930900
v 0.01609100 0.01712700 -0.02879300
v 0.01787000 0.01526200 -0.02930900
v 0.01787000 0.01526200 -0.02879300
v 0.01828200 0.01476600 -0.02879300
v 0.01925000 0.01347900 -0.02930900
v 0.02012800 0.01212800 -0.02879300
v 0.02045400 0.01157100 -0.02930900
v 0.02045400 0.01157100 -0.02879300
v 0.02146900 0.00955800 -0.02930900
v 0.02159800 0.00926300 -0.02879300
v 0.02228600 0.00745600 -0.02930900
v 0.02228600 0.00745600 -0.02879300
v 0.02289800 0.00528600 -0.02930900
v 0.02266100 0.00622300 -0.02879300
v 0.02329900 0.00306700 -0.02930900
v 0.02329900 0.00306700 -0.02879300
v -0.01797000 0.01451400 -0.02830300
v 0.02290200 0.00301400 -0.02830300
v 0.01813000 0.01464400 -0.02839700
v 0.01824200 0.01473400 -0.02857200
v 0.01605600 0.01708900 -0.02857200
v -0.02261200 0.00620900 -0.02857200
v -0.02155000 0.00924200 -0.02857200
v -0.01824200 0.01473400 -0.02857200
v 0.01356900 0.01912400 -0.02857200
v 0.02008500 0.01210200 -0.02857200
v 0.00160600 0.02339400 -0.02857200
v 0.00479000 0.02295400 -0.02857200
v 0.00788300 0.02208400 -0.02857200
v -0.00788300 0.02208400 -0.02857200
v -0.00479000 0.02295400 -0.02857200
v -0.00160600 0.02339400 -0.02857200
v -0.00160600 0.02339400 -0.02857200
v -0.01082800 0.02079900 -0.02857200
v -0.00788300 0.02208400 -0.02857200
v 0.02008500 0.01210200 -0.02857200
v 0.01996200 0.01202800 -0.02839700
v 0.01996200 0.01202800 -0.02839700
v 0.01813000 0.01464400 -0.02839700
v 0.01978600 0.01192200 -0.02830300
v -0.01082800 0.02079900 -0.02857200
v -0.00783400 0.02194900 -0.02839700
v -0.00476000 0.02281400 -0.02839700
v -0.00159700 0.02325100 -0.02839700
v 0.00159700 0.02325100 -0.02839700
v 0.00160600 0.02339400 -0.02857200
v 0.00476000 0.02281400 -0.02839700
v 0.00476000 0.02281400 -0.02839700
v 0.00479000 0.02295400 -0.02857200
v 0.00783400 0.02194900 -0.02839700
v 0.01595800 0.01698500 -0.02839700
v 0.01581700 0.01683500 -0.02830300
v 0.01797000 0.01451500 -0.02830300
v 0.01336700 0.01883900 -0.02830300
v 0.01348700 0.01900700 -0.02839700
v 0.01348700 0.01900700 -0.02839700
v 0.01595800 0.01698500 -0.02839700
v 0.01356900 0.01912400 -0.02857200
v 0.01082800 0.02079900 -0.02857200
v 0.01082800 0.02079900 -0.02857200
v 0.01076100 0.02067200 -0.02839700
v 0.01076100 0.02067200 -0.02839700
v 0.01066600 0.02049000 -0.02830300
v -0.00783400 0.02194900 -0.02839700
v -0.00471800 0.02261300 -0.02830300
v -0.00476000 0.02281400 -0.02839700
v -0.00158300 0.02304600 -0.02830300
v -0.00159700 0.02325100 -0.02839700
v 0.00158300 0.02304600 -0.02830300
v 0.00159700 0.02325100 -0.02839700
v 0.00471800 0.02261300 -0.02830300
v 0.00476000 0.02281400 -0.02839700
v 0.00776500 0.02175600 -0.02830300
v 0.00783400 0.02194900 -0.02839700
v -0.01076100 0.02067200 -0.02839700
v -0.01066600 0.02049000 -0.02830300
v -0.00776500 0.02175600 -0.02830300
v -0.01336700 0.01883900 -0.02830300
v -0.01348700 0.01900700 -0.02839700
v -0.01348700 0.01900700 -0.02839700
v -0.01076100 0.02067200 -0.02839700
v -0.01356900 0.01912400 -0.02857200
v -0.01605600 0.01708900 -0.02857200
v -0.01595800 0.01698500 -0.02839700
v -0.01595800 0.01698500 -0.02839700
v -0.01581700 0.01683500 -0.02830300
v -0.02261200 0.00620900 -0.02857200
v -0.02247400 0.00617200 -0.02839700
v -0.02247400 0.00617200 -0.02839700
v -0.02227500 0.00611700 -0.02830300
v 0.02227500 0.00611700 -0.02830300
v 0.02227500 0.00611700 -0.02830300
v 0.02290200 0.00301400 -0.02830300
v 0.02247400 0.00617200 -0.02839700
v 0.02310600 0.00304100 -0.02839700
v 0.02247400 0.00617200 -0.02839700
v 0.02310600 0.00304100 -0.02839700
v 0.02261200 0.00620900 -0.02857200
v 0.02324800 0.00306000 -0.02857200
v 0.02324800 0.00306000 -0.02857200
v 0.02155000 0.00924200 -0.02857200
v 0.02141900 0.00918600 -0.02839700
v 0.02141900 0.00918600 -0.02839700
v 0.02123000 0.00910500 -0.02830300
v 0.02123000 0.00910500 -0.02830300
v 0.02155000 0.00924200 -0.02857200
v 0.01978600 0.01192200 -0.02830300
v 0.01797000 0.01451500 -0.02830300
v 0.01066600 0.02049000 -0.02830300
v 0.01336700 0.01883900 -0.02830300
v 0.01581700 0.01683500 -0.02830300
v 0.00776500 0.02175600 -0.02830300
v 0.00471800 0.02261300 -0.02830300
v 0.00158300 0.02304600 -0.02830300
v -0.00158300 0.02304600 -0.02830300
v -0.00471800 0.02261300 -0.02830300
v -0.00776500 0.02175600 -0.02830300
v -0.01581700 0.01683500 -0.02830300
v -0.01336700 0.01883900 -0.02830300
v -0.01066600 0.02049000 -0.02830300
v -0.01605600 0.01708900 -0.02857200
v -0.01824200 0.01473400 -0.02857200
v -0.01813000 0.01464400 -0.02839700
v -0.01813000 0.01464400 -0.02839700
v -0.01797000 0.01451400 -0.02830300
v -0.01978600 0.01192200 -0.02830300
v -0.01978600 0.01192200 -0.02830300
v -0.01996200 0.01202800 -0.02839700
v -0.01996200 0.01202800 -0.02839700
v -0.02008500 0.01210200 -0.02857200
v -0.02008500 0.01210200 -0.02857200
v -0.02141900 0.00918600 -0.02839700
v -0.02141900 0.00918600 -0.02839700
v -0.02123000 0.00910500 -0.02830300
v -0.02123000 0.00910500 -0.02830300
v -0.02227500 0.00611700 -0.02830300
v -0.02312000 0.00304300 -0.02969400
v -0.02307700 0.00303700 -0.02972600
v -0.02321900 0.00248900 -0.02970600
v -0.02325200 0.00306000 -0.02952200
v -0.02319600 0.00305300 -0.02961500
v -0.02332900 0.00254000 -0.02959500
v -0.02507300 0.00130200 -0.02897300
v -0.02510000 0.00119400 -0.02912700
v -0.02510800 0.00103700 -0.02923300
v -0.02489600 0.00132900 -0.02902600
v -0.02441300 0.00149000 -0.02917000
v -0.02426500 0.00156800 -0.02921400
v -0.02386300 0.00187600 -0.02932900
v -0.02374900 0.00199800 -0.02936100
v -0.02347000 0.00241700 -0.02943400
v -0.02339800 0.00257800 -0.02945000
v -0.02327200 0.00306300 -0.02947100
v -0.02491200 0.00122300 -0.02918000
v -0.02440200 0.00139100 -0.02932100
v -0.02424600 0.00147400 -0.02936300
v -0.02382100 0.00179800 -0.02947600
v -0.02374900 0.00199800 -0.02936100
v -0.02370000 0.00192800 -0.02950700
v -0.02340500 0.00237000 -0.02957900
v -0.02490700 0.00106900 -0.02928700
v -0.02436100 0.00125400 -0.02942900
v -0.02419500 0.00134300 -0.02947200
v -0.02374200 0.00169300 -0.02958600
v -0.02361300 0.00183200 -0.02961800
v -0.02330000 0.00230700 -0.02969000
v -0.02509500 0.00085200 -0.02927600
v -0.02487900 0.00088900 -0.02933200
v -0.02429600 0.00109400 -0.02948200
v -0.02411800 0.00119200 -0.02952700
v -0.02363600 0.00157300 -0.02964700
v -0.02349900 0.00172300 -0.02967900
v -0.02316500 0.00223400 -0.02975500
v -0.02308000 0.00242900 -0.02977200
v -0.02292800 0.00301800 -0.02979300
v 0.02922400 -0.00128100 -0.02819500
v 0.02738700 0.00093200 -0.02867800
v 0.02923400 0.00102900 -0.02819500
v -0.01898500 0.00065600 -0.03087000
v -0.01886000 0.00227200 -0.03087000
v -0.01859800 0.00387200 -0.03087000
v -0.01810900 -0.00573800 -0.03087000
v -0.01853300 -0.00417300 -0.03087000
v -0.01882100 -0.00257800 -0.03087000
v -0.01897200 -0.00096400 -0.03087000
v -0.01687200 -0.00873000 -0.03087000
v -0.01755400 -0.00726000 -0.03087000
v -0.01381100 -0.01304400 -0.03087000
v -0.01411000 -0.01271800 -0.03087000
v -0.01514300 -0.01146900 -0.03087000
v -0.01606600 -0.01013700 -0.03087000
v 0.02126700 -0.02008600 -0.02819500
v 0.01381100 -0.01304400 -0.03087000
v 0.01411000 -0.01271800 -0.03087000
v 0.02279000 -0.01833900 -0.02819500
v 0.01514300 -0.01146900 -0.03087000
v 0.02417000 -0.01647800 -0.02819500
v 0.01606600 -0.01013700 -0.03087000
v 0.02539800 -0.01451400 -0.02819500
v 0.01687200 -0.00873000 -0.03087000
v 0.02598000 -0.01344400 -0.02819500
v 0.02646700 -0.01245800 -0.02819500
v 0.01755400 -0.00726000 -0.03087000
v 0.02737000 -0.01032400 -0.02819500
v 0.02788600 -0.00883500 -0.02819500
v 0.01810900 -0.00573800 -0.03087000
v 0.02810100 -0.00812600 -0.02819500
v 0.01853300 -0.00417300 -0.03087000
v 0.02865600 -0.00587600 -0.02819500
v 0.02898200 -0.00397000 -0.02819500
v 0.01882100 -0.00257800 -0.03087000
v 0.01897200 -0.00096400 -0.03087000
v 0.01898500 0.00065600 -0.03087000
v 0.02509500 0.00085200 -0.02927600
v 0.02553900 0.00083500 -0.02916000
v 0.02903100 -0.00359000 -0.02819500
v 0.02316500 0.00223400 -0.02975500
v 0.02349900 0.00172300 -0.02967900
v 0.02363600 0.00157300 -0.02964700
v 0.02411800 0.00119200 -0.02952700
v 0.02429600 0.00109400 -0.02948200
v 0.02487900 0.00088900 -0.02933200
v 0.01820000 0.00544300 -0.03087000
v 0.02253400 0.00520200 -0.02979300
v 0.01859800 0.00387200 -0.03087000
v 0.02264100 0.00471300 -0.02979300
v 0.01886000 0.00227200 -0.03087000
v 0.02292800 0.00301800 -0.02979300
v 0.02308000 0.00242900 -0.02977200
v 0.01622800 0.00987500 -0.03087000
v 0.02012800 0.01138700 -0.02979300
v 0.01701100 0.00845500 -0.03087000
v 0.02112700 0.00940600 -0.02979300
v 0.01767000 0.00697500 -0.03087000
v 0.02151100 0.00849100 -0.02979300
v 0.02193100 0.00733800 -0.02979300
v 0.00786300 0.01729300 -0.03087000
v 0.01067900 0.02051300 -0.02979300
v 0.00930800 0.01656000 -0.03087000
v 0.01133200 0.02016000 -0.02979300
v 0.01068600 0.01570600 -0.03087000
v 0.01259600 0.01939500 -0.02979300
v 0.01198600 0.01473800 -0.03087000
v 0.01439700 0.01809900 -0.02979300
v 0.01319800 0.01366300 -0.03087000
v 0.01606500 0.01663500 -0.02979300
v 0.01431500 0.01248800 -0.03087000
v 0.01758600 0.01501900 -0.02979300
v 0.01532700 0.01122200 -0.03087000
v 0.01894400 0.01326400 -0.02979300
v 0.01975600 0.01202100 -0.02979300
v -0.00930800 0.01656000 -0.03087000
v -0.01067900 0.02051300 -0.02979300
v -0.00786300 0.01729300 -0.03087000
v -0.00866300 0.02144200 -0.02979300
v -0.00636000 0.01790000 -0.03087000
v -0.00774200 0.02179200 -0.02979300
v -0.00481100 0.01837700 -0.03087000
v -0.00656800 0.02217400 -0.02979300
v -0.00322700 0.01872000 -0.03087000
v -0.00441300 0.02270100 -0.02979300
v -0.00161900 0.01892700 -0.03087000
v -0.00221700 0.02302000 -0.02979300
v -0.00000000 0.01899600 -0.03087000
v -0.00000000 0.02312600 -0.02979300
v 0.00161900 0.01892700 -0.03087000
v 0.00221700 0.02302000 -0.02979300
v 0.00322700 0.01872000 -0.03087000
v 0.00441300 0.02270100 -0.02979300
v 0.00481100 0.01837700 -0.03087000
v 0.00656800 0.02217400 -0.02979300
v 0.00636000 0.01790000 -0.03087000
v 0.00774200 0.02179200 -0.02979300
v 0.00866300 0.02144200 -0.02979300
v -0.01701100 0.00845500 -0.03087000
v -0.02012800 0.01138700 -0.02979300
v -0.01622800 0.00987500 -0.03087000
v -0.01975600 0.01202100 -0.02979300
v -0.01532700 0.01122200 -0.03087000
v -0.01894400 0.01326400 -0.02979300
v -0.01431500 0.01248800 -0.03087000
v -0.01758600 0.01501900 -0.02979300
v -0.01319800 0.01366300 -0.03087000
v -0.01606500 0.01663500 -0.02979300
v -0.01198600 0.01473800 -0.03087000
v -0.01439700 0.01809900 -0.02979300
v -0.01068600 0.01570600 -0.03087000
v -0.01259600 0.01939500 -0.02979300
v -0.01133200 0.02016000 -0.02979300
v -0.02264100 0.00471300 -0.02979300
v -0.02253400 0.00520200 -0.02979300
v -0.01820000 0.00544300 -0.03087000
v -0.02193100 0.00733800 -0.02979300
v -0.01767000 0.00697500 -0.03087000
v -0.02151100 0.00849100 -0.02979300
v -0.02112700 0.00940600 -0.02979300
v 0.02307700 0.00303700 -0.02972600
v 0.02272200 0.00524500 -0.02969400
v 0.02312000 0.00304300 -0.02969400
v 0.02319600 0.00305300 -0.02961500
v 0.02327200 0.00306300 -0.02947100
v 0.02325200 0.00306000 -0.02952200
v 0.02285200 0.00527500 -0.02952200
v 0.02272200 0.00524500 -0.02969400
v 0.02211500 0.00739900 -0.02969400
v 0.02130400 0.00948400 -0.02969400
v 0.02130400 0.00948400 -0.02969400
v 0.02029700 0.01148300 -0.02969400
v 0.01910300 0.01337500 -0.02969400
v 0.01910300 0.01337500 -0.02969400
v 0.01773300 0.01514500 -0.02969400
v 0.01619900 0.01677500 -0.02969400
v 0.01451700 0.01825000 -0.02969400
v 0.01270100 0.01955700 -0.02969400
v 0.01076800 0.02068500 -0.02969400
v 0.01076800 0.02068500 -0.02969400
v 0.00873600 0.02162200 -0.02969400
v 0.00662300 0.02235900 -0.02969400
v 0.00662300 0.02235900 -0.02969400
v 0.00445000 0.02289100 -0.02969400
v 0.00223500 0.02321200 -0.02969400
v -0.00000000 0.02332000 -0.02969400
v -0.00223500 0.02321200 -0.02969400
v -0.00445000 0.02289100 -0.02969400
v -0.00662300 0.02235900 -0.02969400
v -0.00873600 0.02162200 -0.02969400
v -0.00873600 0.02162200 -0.02969400
v -0.01076800 0.02068500 -0.02969400
v -0.01270100 0.01955700 -0.02969400
v -0.01270100 0.01955700 -0.02969400
v -0.01451700 0.01825000 -0.02969400
v -0.01619900 0.01677500 -0.02969400
v -0.01773300 0.01514500 -0.02969400
v -0.01910300 0.01337500 -0.02969400
v -0.02029700 0.01148300 -0.02969400
v -0.02029700 0.01148300 -0.02969400
v -0.02130400 0.00948400 -0.02969400
v -0.02211500 0.00739900 -0.02969400
v -0.02211500 0.00739900 -0.02969400
v -0.02272200 0.00524500 -0.02969400
v 0.02224100 0.00744100 -0.02952200
v 0.02142500 0.00953900 -0.02952200
v 0.02041200 0.01154800 -0.02952200
v 0.01921200 0.01345100 -0.02952200
v 0.01773300 0.01514500 -0.02969400
v 0.01783400 0.01523100 -0.02952200
v 0.01619900 0.01677500 -0.02969400
v 0.01629200 0.01687000 -0.02952200
v 0.01451700 0.01825000 -0.02969400
v 0.01460000 0.01835400 -0.02952200
v 0.01277300 0.01966900 -0.02952200
v 0.01082900 0.02080300 -0.02952200
v 0.00878600 0.02174500 -0.02952200
v 0.00666100 0.02248700 -0.02952200
v 0.00445000 0.02289100 -0.02969400
v 0.00447500 0.02302200 -0.02952200
v 0.00223500 0.02321200 -0.02969400
v 0.00224800 0.02334500 -0.02952200
v -0.00000000 0.02332000 -0.02969400
v -0.00000000 0.02345300 -0.02952200
v -0.00223500 0.02321200 -0.02969400
v -0.00224800 0.02334500 -0.02952200
v -0.00445000 0.02289100 -0.02969400
v -0.00447500 0.02302200 -0.02952200
v -0.00666100 0.02248700 -0.02952200
v -0.00878600 0.02174500 -0.02952200
v -0.01082900 0.02080300 -0.02952200
v -0.01277300 0.01966900 -0.02952200
v -0.01451700 0.01825000 -0.02969400
v -0.01460000 0.01835400 -0.02952200
v -0.01619900 0.01677500 -0.02969400
v -0.01629200 0.01687000 -0.02952200
v -0.01773300 0.01514500 -0.02969400
v -0.01783400 0.01523100 -0.02952200
v -0.01921200 0.01345100 -0.02952200
v -0.02041200 0.01154800 -0.02952200
v -0.02142500 0.00953900 -0.02952200
v -0.02224100 0.00744100 -0.02952200
v -0.02285200 0.00527500 -0.02952200
v -0.02285200 0.00527500 -0.02952200
v 0.02224100 0.00744100 -0.02952200
v 0.02142500 0.00953900 -0.02952200
v 0.02041200 0.01154800 -0.02952200
v 0.01921200 0.01345100 -0.02952200
v 0.01783400 0.01523100 -0.02952200
v 0.01629200 0.01687000 -0.02952200
v 0.01460000 0.01835400 -0.02952200
v 0.01277300 0.01966900 -0.02952200
v 0.01082900 0.02080300 -0.02952200
v 0.00878600 0.02174500 -0.02952200
v 0.00666100 0.02248700 -0.02952200
v 0.00447500 0.02302200 -0.02952200
v 0.00224800 0.02334500 -0.02952200
v -0.00000000 0.02345300 -0.02952200
v -0.00224800 0.02334500 -0.02952200
v -0.00447500 0.02302200 -0.02952200
v -0.00666100 0.02248700 -0.02952200
v -0.00878600 0.02174500 -0.02952200
v -0.01082900 0.02080300 -0.02952200
v -0.01277300 0.01966900 -0.02952200
v -0.01460000 0.01835400 -0.02952200
v -0.01629200 0.01687000 -0.02952200
v -0.01783400 0.01523100 -0.02952200
v -0.01921200 0.01345100 -0.02952200
v -0.02041200 0.01154800 -0.02952200
v -0.02142500 0.00953900 -0.02952200
v -0.02224100 0.00744100 -0.02952200
v -0.01452600 -0.04075100 -0.02675700
v -0.01452600 -0.04127300 -0.02675000
v -0.01452600 -0.04075100 -0.02675700
v -0.01452600 -0.04127300 -0.02675000
v -0.01445000 -0.04075000 -0.02664300
v -0.01445000 -0.04127100 -0.02663600
v -0.01445000 -0.04075000 -0.02664300
v -0.01445000 -0.04127100 -0.02663600
v -0.01433500 -0.04074800 -0.02656700
v -0.01433500 -0.04127000 -0.02656000
v -0.01433500 -0.04074800 -0.02656700
v -0.01433500 -0.04127000 -0.02656000
v -0.01420000 -0.04074800 -0.02654200
v -0.01420100 -0.04127000 -0.02653400
v -0.01452600 -0.04023000 -0.02676500
v -0.01452600 -0.04023000 -0.02676500
v -0.01444900 -0.04022800 -0.02665100
v -0.01444900 -0.04022800 -0.02665100
v -0.01433400 -0.04022700 -0.02657600
v -0.01433400 -0.04022700 -0.02657600
v -0.01419900 -0.04022700 -0.02655000
v -0.01556800 -0.03892600 -0.02674900
v -0.01532300 -0.03901400 -0.02677100
v -0.01550300 -0.03888900 -0.02667300
v -0.01550300 -0.03888900 -0.02667300
v -0.01542900 -0.03876200 -0.02657800
v -0.01545200 -0.03881400 -0.02660400
v -0.01545200 -0.03881400 -0.02660400
v -0.01528900 -0.03894000 -0.02665500
v -0.01546800 -0.03884300 -0.02662500
v -0.01537300 -0.03863700 -0.02655700
v -0.01537600 -0.03863900 -0.02655700
v -0.01536800 -0.03865400 -0.02655700
v -0.01538000 -0.03864200 -0.02655700
v -0.01538900 -0.03865400 -0.02655700
v -0.01534800 -0.03865400 -0.02655700
v -0.01536400 -0.03863900 -0.02655700
v -0.01536800 -0.03863800 -0.02655700
v -0.01541200 -0.03871300 -0.02656300
v -0.01539000 -0.03870900 -0.02656100
v -0.01519000 -0.03871400 -0.02655900
v -0.01524000 -0.03883000 -0.02658000
v -0.01524000 -0.03883000 -0.02658000
v -0.01481300 -0.03910900 -0.02658400
v -0.01472700 -0.03901600 -0.02656300
v -0.01450200 -0.03951400 -0.02658200
v -0.01450200 -0.03951400 -0.02658200
v -0.01439000 -0.03945400 -0.02656100
v -0.01434200 -0.03999900 -0.02657500
v -0.01421800 -0.03998000 -0.02655400
v -0.01489500 -0.03919700 -0.02665800
v -0.01481300 -0.03910900 -0.02658400
v -0.01460800 -0.03957100 -0.02665600
v -0.01446000 -0.04001800 -0.02665000
v -0.01434200 -0.03999900 -0.02657500
v -0.01528900 -0.03894000 -0.02665500
v -0.01495100 -0.03925700 -0.02677400
v -0.01489500 -0.03919700 -0.02665800
v -0.01468000 -0.03961000 -0.02677200
v -0.01460800 -0.03957100 -0.02665600
v -0.01454000 -0.04003200 -0.02676600
v -0.01446000 -0.04001800 -0.02665000
v -0.01532300 -0.03901400 -0.02677100
v -0.01495100 -0.03925700 -0.02677400
v -0.01468000 -0.03961000 -0.02677200
v -0.01454000 -0.04003200 -0.02676600
v -0.01556500 -0.03863200 -0.02635700
v -0.01556500 -0.03089800 -0.02649100
v -0.01556500 -0.03863200 -0.02380000
v -0.01556500 -0.03089800 -0.02280000
v -0.01556500 -0.03763200 -0.02280000
v -0.01556500 -0.03801500 -0.02287600
v -0.01556500 -0.03833900 -0.02309300
v -0.01556500 -0.03855600 -0.02341700
v -0.01932500 -0.02018300 -0.02684400
v -0.01919100 -0.02035300 -0.02280000
v -0.01900000 -0.02060200 -0.02683600
v -0.01825500 -0.02167800 -0.02280000
v -0.01625200 -0.02609600 -0.02280000
v -0.01653200 -0.02522100 -0.02669100
v -0.01677900 -0.02456200 -0.02280000
v -0.01677900 -0.02456200 -0.02671600
v -0.01744900 -0.02308500 -0.02280000
v -0.01720000 -0.02359100 -0.02675100
v -0.01802400 -0.02205000 -0.02680000
v -0.01564200 -0.02927800 -0.02280000
v -0.01565600 -0.02913700 -0.02654500
v -0.01587200 -0.02767200 -0.02280000
v -0.01592400 -0.02740700 -0.02660600
v -0.01636700 -0.02571500 -0.02667200
v -0.00458800 -0.02400400 -0.02966900
v -0.00400900 -0.02804700 -0.02902700
v -0.00935900 -0.02876200 -0.02874600
v -0.01525700 -0.02538000 -0.02855300
v -0.01582500 -0.02131800 -0.02900500
v -0.01050800 -0.02066100 -0.02987800
v -0.01109200 -0.01662800 -0.03062200
v -0.00507500 -0.01827900 -0.03088300
v -0.00342000 -0.01866200 -0.03088200
v -0.00517600 -0.01997800 -0.03048100
v -0.00168000 -0.01890200 -0.03087900
v 0.00000000 -0.01898200 -0.03087700
v -0.01253100 -0.01427200 -0.03087200
v -0.01116700 -0.01535700 -0.03087500
v -0.00972700 -0.01629900 -0.03087800
v -0.00828800 -0.01706900 -0.03088100
v -0.00669800 -0.01774900 -0.03088300
v -0.01470000 -0.02946200 -0.02830800
v -0.00824200 -0.03692100 -0.02819900
v -0.00577600 -0.04392800 -0.02801000
v -0.01320900 -0.04334700 -0.02801400
v -0.01366700 -0.04287800 -0.02801700
v -0.01288000 -0.04260400 -0.02802300
v -0.01380200 -0.04268300 -0.02801900
v -0.01407800 -0.04208900 -0.02802400
v -0.01414100 -0.04186100 -0.02802700
v -0.01220400 -0.04384700 -0.02801000
v -0.01243100 -0.04377900 -0.02801100
v -0.01301800 -0.04348700 -0.02801300
v -0.01155400 -0.04392800 -0.02801100
v -0.01360300 -0.03765600 -0.02811000
v 0.00000000 -0.03576600 -0.02827800
v 0.00000000 -0.04040900 -0.02806600
v 0.00000000 -0.04392700 -0.02800500
v 0.00000000 -0.03149500 -0.02863700
v -0.00879800 -0.03283600 -0.02841700
v -0.01415100 -0.03355800 -0.02819600
v 0.00000000 -0.02736000 -0.02916600
v 0.00000000 -0.02320200 -0.02990500
v -0.00992900 -0.02470400 -0.02923100
v -0.01405700 -0.04284100 -0.02784300
v -0.01394900 -0.04277500 -0.02797100
v -0.01380600 -0.04298300 -0.02796900
v -0.01443400 -0.04192500 -0.02785100
v -0.01443400 -0.04192500 -0.02785100
v -0.01431000 -0.04189800 -0.02797900
v -0.01431000 -0.04189800 -0.02797900
v -0.01424400 -0.04214200 -0.02797600
v -0.01424400 -0.04214200 -0.02797600
v -0.01436500 -0.04217900 -0.02784800
v -0.01436500 -0.04217900 -0.02784800
v -0.01394900 -0.04277500 -0.02797100
v -0.01380600 -0.04298300 -0.02796900
v -0.01331800 -0.04348300 -0.02796600
v -0.01311400 -0.04363100 -0.02796500
v -0.01248800 -0.04394200 -0.02796300
v -0.01224700 -0.04401500 -0.02796300
v -0.01155400 -0.04410200 -0.02796300
v -0.01390700 -0.04305900 -0.02784100
v -0.01331800 -0.04348300 -0.02796600
v -0.01339800 -0.04358200 -0.02783800
v -0.01311400 -0.04363100 -0.02796500
v -0.01318500 -0.04373700 -0.02783700
v -0.01248800 -0.04394200 -0.02796300
v -0.01253100 -0.04406200 -0.02783500
v -0.01224700 -0.04401500 -0.02796300
v -0.01227800 -0.04413800 -0.02783500
v -0.01155400 -0.04410200 -0.02796300
v -0.01155300 -0.04422800 -0.02783500
v -0.01405700 -0.04284100 -0.02784300
v -0.01390700 -0.04305900 -0.02784100
v -0.01339800 -0.04358200 -0.02783800
v -0.01318500 -0.04373700 -0.02783700
v -0.01253100 -0.04406200 -0.02783500
v -0.01227800 -0.04413800 -0.02783500
v -0.01155300 -0.04422800 -0.02783500
v -0.00577600 -0.04427500 -0.02686000
v -0.00577700 -0.04427500 -0.02766000
v 0.00000000 -0.04427500 -0.02685500
v 0.00000000 -0.04427500 -0.02765500
v 0.00577600 -0.04427500 -0.02686000
v 0.00577700 -0.04427500 -0.02766000
v 0.01155300 -0.04427500 -0.02686100
v 0.01155300 -0.04427500 -0.02766100
v 0.00000000 -0.04410100 -0.02795700
v -0.00577600 -0.04422800 -0.02783400
v -0.00577600 -0.04422800 -0.02783400
v -0.00577600 -0.04422800 -0.02783400
v -0.00577600 -0.04422800 -0.02783400
v -0.00577600 -0.04410200 -0.02796200
v -0.00577600 -0.04410200 -0.02796200
v 0.00000000 -0.04422800 -0.02782900
v 0.00000000 -0.04422800 -0.02782900
v 0.00000000 -0.04422800 -0.02782900
v 0.00000000 -0.04422800 -0.02782900
v 0.00000000 -0.04410100 -0.02795700
v 0.00000000 -0.04410100 -0.02795700
v 0.00000000 -0.04410100 -0.02795700
v -0.00577600 -0.04410200 -0.02796200
v -0.01445400 -0.04192600 -0.02674200
v -0.01438000 -0.04190800 -0.02662800
v -0.01426800 -0.04188200 -0.02655300
v -0.01445400 -0.04192600 -0.02674200
v -0.01438400 -0.04218200 -0.02674000
v -0.01407500 -0.04285000 -0.02673400
v -0.01407500 -0.04285000 -0.02673400
v -0.01392400 -0.04306900 -0.02673200
v -0.01341100 -0.04359600 -0.02672900
v -0.01319600 -0.04375200 -0.02672800
v -0.01253700 -0.04408000 -0.02672600
v -0.01228300 -0.04415700 -0.02672600
v -0.01155300 -0.04424800 -0.02672600
v -0.01438000 -0.04190800 -0.02662800
v -0.01431200 -0.04215800 -0.02662600
v -0.01401000 -0.04280900 -0.02662000
v -0.01392400 -0.04306900 -0.02673200
v -0.01386300 -0.04302200 -0.02661800
v -0.01341100 -0.04359600 -0.02672900
v -0.01336300 -0.04353600 -0.02661500
v -0.01319600 -0.04375200 -0.02672800
v -0.01315400 -0.04368800 -0.02661400
v -0.01253700 -0.04408000 -0.02672600
v -0.01251200 -0.04400700 -0.02661200
v -0.01228300 -0.04415700 -0.02672600
v -0.01226400 -0.04408200 -0.02661200
v -0.01155300 -0.04424800 -0.02672600
v -0.01155300 -0.04417100 -0.02661200
v -0.01426800 -0.04188200 -0.02655300
v -0.01431200 -0.04215800 -0.02662600
v -0.01420300 -0.04212200 -0.02655000
v -0.01401000 -0.04280900 -0.02662000
v -0.01391300 -0.04274700 -0.02654400
v -0.01386300 -0.04302200 -0.02661800
v -0.01377200 -0.04295200 -0.02654300
v -0.01336300 -0.04353600 -0.02661500
v -0.01329200 -0.04344600 -0.02653900
v -0.01315400 -0.04368800 -0.02661400
v -0.01309100 -0.04359300 -0.02653800
v -0.01251200 -0.04400700 -0.02661200
v -0.01247400 -0.04389900 -0.02653700
v -0.01226400 -0.04408200 -0.02661200
v -0.01223600 -0.04397100 -0.02653600
v -0.01155300 -0.04417100 -0.02661200
v -0.01155300 -0.04405600 -0.02653600
v -0.01413600 -0.04185200 -0.02652700
v -0.01420300 -0.04212200 -0.02655000
v -0.01420300 -0.04212200 -0.02655000
v -0.01407400 -0.04208100 -0.02652400
v -0.01391300 -0.04274700 -0.02654400
v -0.01379900 -0.04267600 -0.02651900
v -0.01377200 -0.04295200 -0.02654300
v -0.01366500 -0.04287100 -0.02651700
v -0.01329200 -0.04344600 -0.02653900
v -0.01320800 -0.04334100 -0.02651400
v -0.01309100 -0.04359300 -0.02653800
v -0.01301700 -0.04348000 -0.02651300
v -0.01247400 -0.04389900 -0.02653700
v -0.01243000 -0.04377200 -0.02651100
v -0.01223600 -0.04397100 -0.02653600
v -0.01220300 -0.04384000 -0.02651000
v -0.01155300 -0.04405600 -0.02653600
v -0.01155300 -0.04392100 -0.02651100
v -0.00563100 -0.02412300 -0.02808000
v -0.00617500 -0.02008300 -0.02885500
v -0.01073100 -0.02071700 -0.02830500
v -0.00099500 -0.03181100 -0.02709600
v -0.00917700 -0.03294000 -0.02689700
v -0.00865600 -0.03701400 -0.02669000
v -0.00950600 -0.01673400 -0.02926600
v -0.01105500 -0.01575100 -0.02926200
v -0.01319000 -0.01400400 -0.02925800
v -0.01582400 -0.01729500 -0.02816700
v -0.01637400 -0.02517300 -0.02688800
v -0.01620600 -0.02567100 -0.02686900
v -0.01476000 -0.02542700 -0.02709400
v -0.01575300 -0.02737900 -0.02680400
v -0.01547700 -0.02912500 -0.02674300
v -0.01427900 -0.02953700 -0.02683400
v -0.01538100 -0.03090400 -0.02669100
v -0.01379800 -0.03361900 -0.02670800
v -0.01537000 -0.03797700 -0.02656600
v -0.01705300 -0.02352900 -0.02694700
v -0.01788900 -0.02197500 -0.02699500
v -0.01527500 -0.02133100 -0.02755600
v -0.01887700 -0.02051400 -0.02703000
v -0.01920600 -0.02009100 -0.02703800
v -0.00785600 -0.01757000 -0.02926900
v -0.00402300 -0.02657000 -0.02772600
v -0.00403300 -0.02271900 -0.02840900
v -0.00404800 -0.01881500 -0.02927100
v -0.00580700 -0.01835000 -0.02927100
v -0.00751500 -0.01771900 -0.02927000
v -0.00352600 -0.03110800 -0.02715500
v -0.00363100 -0.03097400 -0.02716700
v -0.00256600 -0.03172700 -0.02709900
v -0.00301900 -0.03153200 -0.02711600
v -0.00316400 -0.03143800 -0.02712400
v -0.00200400 -0.03180900 -0.02709400
v -0.00239600 -0.03176900 -0.02709600
v -0.00386200 -0.03054600 -0.02721000
v -0.00391700 -0.03038500 -0.02722700
v -0.00968700 -0.02885700 -0.02720800
v -0.00399200 -0.02990900 -0.02728000
v -0.00401100 -0.02905800 -0.02738100
v -0.00812200 -0.04109000 -0.02656000
v 0.00000000 -0.03964900 -0.02658900
v 0.00000000 -0.03476300 -0.02684300
v 0.00000000 -0.04392200 -0.02650500
v -0.00577700 -0.04392100 -0.02651000
v -0.01537000 -0.03862800 -0.02655700
v 0.00000000 -0.03181100 -0.02709600
v -0.01020300 -0.02477400 -0.02767500
v -0.00508800 -0.02819300 -0.02746900
v -0.00401900 -0.02820800 -0.02749100
v -0.01250300 -0.01462300 -0.02925900
v 0.00000000 -0.04400100 -0.02651300
v -0.00577700 -0.04405600 -0.02653600
v -0.00577700 -0.04405600 -0.02653600
v 0.00000000 -0.04405700 -0.02653100
v 0.00000000 -0.04411000 -0.02655800
v -0.00577700 -0.04417100 -0.02661100
v 0.00000000 -0.04419800 -0.02663600
v -0.00577700 -0.04424800 -0.02672500
v -0.00577700 -0.04424800 -0.02672500
v 0.00000000 -0.04425500 -0.02673900
v 0.00000000 -0.04425500 -0.02673900
v -0.00577700 -0.04417100 -0.02661100
v -0.00577700 -0.04405600 -0.02653600
v -0.00379200 -0.01760500 -0.02829900
v -0.00379200 -0.01760500 -0.02650000
v -0.00543400 -0.01717200 -0.02829900
v -0.00691000 -0.01663100 -0.02650000
v -0.00691000 -0.01663100 -0.02829800
v -0.00702800 -0.01658100 -0.02829800
v -0.01033400 -0.01473400 -0.02829300
v -0.00982400 -0.01508200 -0.02829400
v -0.00982400 -0.01508200 -0.02650000
v -0.00888800 -0.01565600 -0.02829600
v -0.00734800 -0.01644100 -0.02829800
v -0.01168600 -0.01367700 -0.02829100
v -0.01241000 -0.01301900 -0.02650000
v -0.01232900 -0.01309600 -0.02829000
v -0.01308000 -0.01234700 -0.02650000
v -0.01308000 -0.01234700 -0.02828900
v -0.01332600 -0.01208000 -0.02828900
v -0.01547400 -0.00916900 -0.02650000
v -0.01499700 -0.00993100 -0.02828900
v -0.01547400 -0.00916900 -0.02828900
v 0.01499700 -0.00993000 -0.02828900
v 0.01547400 -0.00916900 -0.02650000
v 0.01332700 -0.01208000 -0.02828900
v 0.01308000 -0.01234700 -0.02650000
v 0.01308000 -0.01234700 -0.02828900
v 0.01711100 -0.00554300 -0.02828900
v 0.01711100 -0.00554300 -0.02650000
v 0.01632400 -0.00755300 -0.02828900
v 0.01547400 -0.00916900 -0.02828900
v 0.01727700 -0.00500200 -0.02828900
v 0.01783400 -0.00233700 -0.02828900
v 0.01791100 -0.00164500 -0.02650000
v 0.01791100 -0.00164500 -0.02828900
v 0.01783500 0.00233200 -0.02650000
v 0.01798300 0.00038100 -0.02828900
v 0.01783500 0.00233200 -0.02828900
v 0.01771900 0.00309100 -0.02828900
v 0.01705000 0.00573000 -0.02828900
v 0.01688600 0.00619600 -0.02650000
v 0.01688600 0.00619600 -0.02828900
v 0.01511100 0.00975700 -0.02650000
v 0.01598900 0.00823800 -0.02828900
v 0.01511100 0.00975700 -0.02828900
v 0.01456300 0.01055700 -0.02828900
v 0.01280200 0.01263400 -0.02828900
v 0.01259600 0.01284000 -0.02650000
v 0.01259600 0.01284000 -0.02828900
v 0.00946500 0.01529500 -0.02650000
v 0.01074900 0.01442200 -0.02828900
v 0.00946500 0.01529500 -0.02828900
v 0.00844900 0.01587900 -0.02828900
v 0.00587100 0.01700200 -0.02650000
v 0.00595500 0.01697200 -0.02828900
v 0.00587100 0.01700200 -0.02828900
v 0.00198900 0.01787700 -0.02650000
v 0.00332500 0.01767700 -0.02828900
v 0.00198900 0.01787700 -0.02828900
v 0.00061900 0.01797600 -0.02828900
v -0.00000000 0.01798700 -0.02828900
v -0.00198900 0.01787700 -0.02650000
v -0.00061900 0.01797600 -0.02828900
v -0.00198900 0.01787700 -0.02828900
v -0.00332500 0.01767700 -0.02828900
v -0.00587100 0.01700200 -0.02650000
v -0.00844900 0.01587900 -0.02828900
v -0.00946500 0.01529500 -0.02650000
v -0.00595500 0.01697200 -0.02828900
v -0.00587100 0.01700200 -0.02828900
v -0.00946500 0.01529500 -0.02828900
v -0.01074900 0.01442200 -0.02828900
v -0.01259600 0.01284000 -0.02650000
v -0.01456300 0.01055700 -0.02828900
v -0.01511100 0.00975700 -0.02650000
v -0.01280300 0.01263400 -0.02828900
v -0.01259600 0.01284000 -0.02828900
v -0.01511100 0.00975700 -0.02828900
v -0.01599000 0.00823800 -0.02828900
v -0.01688600 0.00619600 -0.02650000
v -0.01771900 0.00309100 -0.02828900
v -0.01783500 0.00233200 -0.02650000
v -0.01705000 0.00573000 -0.02828900
v -0.01688600 0.00619600 -0.02828900
v -0.01791100 -0.00164500 -0.02828900
v -0.01791100 -0.00164500 -0.02650000
v -0.01798300 0.00038100 -0.02828900
v -0.01783500 0.00233200 -0.02828900
v -0.01783400 -0.00233800 -0.02828900
v -0.01727700 -0.00500300 -0.02828900
v -0.01711100 -0.00554300 -0.02650000
v -0.01711100 -0.00554300 -0.02828900
v -0.01632400 -0.00755300 -0.02828900
v 0.01783500 0.00233200 -0.02650000
v 0.01783500 0.00233200 -0.02650000
v 0.01688600 0.00619600 -0.02650000
v 0.00170000 0.00000000 -0.02650000
v 0.00170000 0.00000000 -0.02650000
v 0.00170000 0.00000000 -0.02650000
v 0.00170000 0.00000000 -0.02650000
v 0.00170000 0.00000000 -0.02650000
v 0.01688600 0.00619600 -0.02650000
v 0.01688600 0.00619600 -0.02650000
v 0.00147200 0.00085000 -0.02650000
v 0.00147200 0.00085000 -0.02650000
v 0.00147200 0.00085000 -0.02650000
v 0.00147200 0.00085000 -0.02650000
v -0.01547400 -0.00916900 -0.02650000
v -0.00147200 -0.00085000 -0.02650000
v -0.00147200 -0.00085000 -0.02650000
v -0.00147200 -0.00085000 -0.02650000
v -0.01711100 -0.00554300 -0.02650000
v -0.01711100 -0.00554300 -0.02650000
v -0.01711100 -0.00554300 -0.02650000
v -0.00170000 -0.00000000 -0.02650000
v -0.00170000 -0.00000000 -0.02650000
v -0.00170000 -0.00000000 -0.02650000
v -0.00170000 -0.00000000 -0.02650000
v -0.01791100 -0.00164500 -0.02650000
v -0.01791100 -0.00164500 -0.02650000
v 0.01511100 0.00975700 -0.02650000
v 0.01511100 0.00975700 -0.02650000
v 0.01259600 0.01284000 -0.02650000
v 0.01259600 0.01284000 -0.02650000
v 0.00085000 0.00147200 -0.02650000
v 0.00085000 0.00147200 -0.02650000
v -0.01308000 -0.01234700 -0.02650000
v -0.01308000 -0.01234700 -0.02650000
v -0.01241000 -0.01301900 -0.02650000
v -0.01241000 -0.01301900 -0.02650000
v -0.01241000 -0.01301900 -0.02650000
v -0.00085000 -0.00147200 -0.02650000
v -0.00085000 -0.00147200 -0.02650000
v -0.00085000 -0.00147200 -0.02650000
v -0.00085000 0.00147200 -0.02650000
v -0.00085000 0.00147200 -0.02650000
v -0.00085000 0.00147200 -0.02650000
v -0.00085000 0.00147200 -0.02650000
v -0.00085000 0.00147200 -0.02650000
v -0.00946500 0.01529500 -0.02650000
v -0.00946500 0.01529500 -0.02650000
v -0.01259600 0.01284000 -0.02650000
v 0.00946500 0.01529500 -0.02650000
v 0.00946500 0.01529500 -0.02650000
v 0.00587100 0.01700200 -0.02650000
v 0.00587100 0.01700200 -0.02650000
v -0.00000000 0.00170000 -0.02650000
v -0.00000000 0.00170000 -0.02650000
v 0.01308000 -0.01234700 -0.02650000
v 0.01308000 -0.01234700 -0.02650000
v 0.01547400 -0.00916900 -0.02650000
v 0.01547400 -0.00916900 -0.02650000
v 0.00147200 -0.00085000 -0.02650000
v 0.00147200 -0.00085000 -0.02650000
v 0.00147200 -0.00085000 -0.02650000
v 0.01711100 -0.00554300 -0.02650000
v 0.01711100 -0.00554300 -0.02650000
v 0.01711100 -0.00554300 -0.02650000
v 0.01791100 -0.00164500 -0.02650000
v 0.01791100 -0.00164500 -0.02650000
v 0.00300000 -0.01858300 -0.02650000
v 0.00300000 -0.01858300 -0.02650000
v 0.00300000 -0.01858300 -0.02650000
v 0.00310100 -0.01814500 -0.02650000
v 0.00310100 -0.01814500 -0.02650000
v 0.00000000 -0.00170000 -0.02650000
v 0.00000000 -0.00170000 -0.02650000
v 0.00000000 -0.00170000 -0.02650000
v 0.00000000 -0.00170000 -0.02650000
v 0.00000000 -0.00170000 -0.02650000
v 0.00000000 -0.00170000 -0.02650000
v 0.00000000 -0.00170000 -0.02650000
v 0.00000000 -0.00170000 -0.02650000
v 0.00000000 -0.00170000 -0.02650000
v 0.00000000 -0.00170000 -0.02650000
v 0.00338400 -0.01779500 -0.02650000
v 0.00338400 -0.01779500 -0.02650000
v -0.00338400 -0.01779500 -0.02650000
v -0.00338400 -0.01779500 -0.02650000
v -0.00310100 -0.01814500 -0.02650000
v -0.00310100 -0.01814500 -0.02650000
v -0.00300000 -0.01858300 -0.02650000
v -0.00300000 -0.01858300 -0.02650000
v -0.00300000 -0.01858300 -0.02650000
v -0.01259600 0.01284000 -0.02650000
v -0.00147200 0.00085000 -0.02650000
v -0.00147200 0.00085000 -0.02650000
v 0.00198900 0.01787700 -0.02650000
v -0.00198900 0.01787700 -0.02650000
v -0.00198900 0.01787700 -0.02650000
v -0.00198900 0.01787700 -0.02650000
v -0.00587100 0.01700200 -0.02650000
v -0.00587100 0.01700200 -0.02650000
v 0.00000100 -0.03079400 -0.02650000
v 0.00000100 -0.03079400 -0.02650000
v 0.00200000 -0.03079400 -0.02650000
v 0.00220400 -0.03077300 -0.02650000
v -0.01511100 0.00975700 -0.02650000
v -0.01511100 0.00975700 -0.02650000
v -0.01688600 0.00619600 -0.02650000
v -0.01688600 0.00619600 -0.02650000
v -0.01688600 0.00619600 -0.02650000
v -0.01783500 0.00233200 -0.02650000
v -0.01783500 0.00233200 -0.02650000
v 0.00379200 -0.01760500 -0.02650000
v 0.00379200 -0.01760500 -0.02650000
v 0.00691000 -0.01663100 -0.02650000
v 0.00691000 -0.01663100 -0.02650000
v 0.00691000 -0.01663100 -0.02650000
v 0.00085000 -0.00147200 -0.02650000
v 0.00085000 -0.00147200 -0.02650000
v 0.00085000 -0.00147200 -0.02650000
v 0.00982400 -0.01508200 -0.02650000
v 0.00982400 -0.01508200 -0.02650000
v 0.00982400 -0.01508200 -0.02650000
v 0.00147200 -0.00085000 -0.02650000
v 0.00147200 -0.00085000 -0.02650000
v 0.00147200 -0.00085000 -0.02650000
v 0.01241000 -0.01301900 -0.02650000
v 0.01241000 -0.01301900 -0.02650000
v -0.00982400 -0.01508200 -0.02650000
v -0.00982400 -0.01508200 -0.02650000
v -0.00691000 -0.01663100 -0.02650000
v -0.00691000 -0.01663100 -0.02650000
v -0.00691000 -0.01663100 -0.02650000
v -0.00379200 -0.01760500 -0.02650000
v -0.00379200 -0.01760500 -0.02650000
v 0.00300000 -0.02807500 -0.02650000
v 0.00300000 -0.02893400 -0.02650000
v 0.00000100 -0.03079400 -0.02650000
v 0.00000100 -0.03079400 -0.02650000
v -0.00000100 -0.03079400 -0.02650000
v -0.00000100 -0.03079400 -0.02650000
v -0.00000100 -0.03079400 -0.02650000
v -0.00000100 -0.03079400 -0.02650000
v -0.00000100 -0.03079400 -0.02650000
v -0.00000100 -0.03079400 -0.02650000
v -0.00300000 -0.02807500 -0.02650000
v -0.00300000 -0.02807500 -0.02650000
v -0.00300000 -0.02893400 -0.02650000
v -0.00300000 -0.02979400 -0.02650000
v -0.00300000 -0.02979400 -0.02650000
v -0.00283300 -0.03034700 -0.02650000
v -0.00283300 -0.03034700 -0.02650000
v -0.00283300 -0.03034700 -0.02650000
v -0.00200000 -0.03079400 -0.02650000
v -0.00200000 -0.03079400 -0.02650000
v -0.00200000 -0.03079400 -0.02650000
v -0.00278100 -0.03041900 -0.02650000
v -0.00278100 -0.03041900 -0.02650000
v 0.00283300 -0.03034700 -0.02650000
v 0.00283300 -0.03034700 -0.02650000
v 0.00292400 -0.03017700 -0.02650000
v -0.00297000 -0.03003900 -0.02650000
v -0.00297000 -0.03003900 -0.02650000
v -0.00286600 -0.03029400 -0.02650000
v -0.00286600 -0.03029400 -0.02650000
v 0.00297000 -0.03003900 -0.02650000
v 0.00297000 -0.03003900 -0.02650000
v 0.00300000 -0.02979400 -0.02650000
v 0.00300000 -0.02979400 -0.02650000
v -0.00259900 -0.03059500 -0.02650000
v -0.00259900 -0.03059500 -0.02650000
v -0.00250000 -0.03066000 -0.02650000
v -0.00250000 -0.03066000 -0.02650000
v -0.00220400 -0.03077300 -0.02650000
v 0.00238300 -0.03071800 -0.02650000
v 0.00238300 -0.03071800 -0.02650000
v 0.00270700 -0.03050100 -0.02650000
v -0.00150500 0.00079000 -0.02934000
v -0.00147200 0.00085000 -0.02650000
v -0.00170000 -0.00000000 -0.02650000
v -0.00147200 0.00085000 -0.02934000
v -0.00096600 0.00139900 -0.02934000
v -0.00085000 0.00147200 -0.02650000
v -0.00085000 0.00147200 -0.02934000
v -0.00020500 0.00168800 -0.02934000
v -0.00000000 0.00170000 -0.02650000
v -0.00000000 0.00170000 -0.02934000
v 0.00060300 0.00158900 -0.02934000
v 0.00085000 0.00147200 -0.02650000
v 0.00085000 0.00147200 -0.02934000
v 0.00127200 0.00112700 -0.02934000
v 0.00147200 0.00085000 -0.02650000
v 0.00147200 0.00085000 -0.02934000
v 0.00165100 0.00040700 -0.02934000
v 0.00170000 0.00000000 -0.02650000
v 0.00170000 0.00000000 -0.02934000
v 0.00165100 -0.00040700 -0.02934000
v 0.00147200 -0.00085000 -0.02650000
v 0.00147200 -0.00085000 -0.02934000
v 0.00127200 -0.00112700 -0.02934000
v 0.00085000 -0.00147200 -0.02650000
v 0.00085000 -0.00147200 -0.02934000
v 0.00060300 -0.00158900 -0.02934000
v 0.00000000 -0.00170000 -0.02650000
v 0.00000000 -0.00170000 -0.02934000
v -0.00020500 -0.00168800 -0.02934000
v -0.00085000 -0.00147200 -0.02650000
v -0.00085000 -0.00147200 -0.02934000
v -0.00096600 -0.00139900 -0.02934000
v -0.00147200 -0.00085000 -0.02650000
v -0.00147200 -0.00085000 -0.02934000
v -0.00150500 -0.00079000 -0.02934000
v -0.00170000 -0.00000000 -0.02650000
v -0.00170000 -0.00000000 -0.02934000
v -0.00170000 -0.00000000 -0.02934000
v -0.01796400 -0.00091300 -0.03100000
v -0.01797600 0.00062100 -0.03100000
v -0.00336000 -0.00000000 -0.03100000
v 0.01723300 0.00515400 -0.03100000
v 0.01760900 0.00366600 -0.03100000
v 0.00326200 0.00080400 -0.03100000
v -0.01782000 -0.00244100 -0.03100000
v -0.01521200 -0.00959800 -0.03100000
v -0.01597500 -0.00826600 -0.03100000
v -0.00297500 -0.00156100 -0.03100000
v -0.01134900 0.01395500 -0.03100000
v -0.01011800 0.01487100 -0.03100000
v -0.00190900 0.00276500 -0.03100000
v 0.00786300 -0.01619900 -0.03100000
v 0.00635800 -0.01685100 -0.03100000
v 0.00119100 -0.00314200 -0.03100000
v 0.01249700 0.01293600 -0.03100000
v 0.01355400 0.01182400 -0.03100000
v 0.00251500 0.00222800 -0.03100000
v 0.00000000 -0.01799300 -0.03100000
v -0.00159800 -0.01792800 -0.03100000
v -0.00040500 -0.00333500 -0.03100000
v 0.01782000 -0.00244100 -0.03100000
v 0.01754700 -0.00395100 -0.03100000
v 0.00326200 -0.00080400 -0.03100000
v 0.01714700 -0.00543300 -0.03100000
v -0.01662100 -0.00687500 -0.03100000
v -0.01714700 -0.00543300 -0.03100000
v -0.01754700 -0.00395100 -0.03100000
v -0.00922200 -0.01546000 -0.03100000
v -0.01058000 -0.01455700 -0.03100000
v -0.00190900 -0.00276500 -0.03100000
v -0.01186600 -0.01352000 -0.03100000
v -0.01308000 -0.01234700 -0.03100000
v -0.01336000 -0.01204300 -0.03100000
v -0.01433800 -0.01086000 -0.03100000
v 0.01433800 -0.01086000 -0.03100000
v 0.01336100 -0.01204300 -0.03100000
v 0.00251500 -0.00222800 -0.03100000
v 0.01308000 -0.01234700 -0.03100000
v 0.01673100 0.00660400 -0.03100000
v 0.00119100 0.00314200 -0.03100000
v 0.00602200 0.01694900 -0.03100000
v 0.00744500 0.01637400 -0.03100000
v 0.00455500 0.01740000 -0.03100000
v -0.00635800 -0.01685100 -0.03100000
v -0.00786300 -0.01619900 -0.03100000
v -0.00000000 0.01798700 -0.03100000
v 0.00153300 0.01792100 -0.03100000
v -0.00040500 0.00333500 -0.03100000
v -0.01673100 0.00660400 -0.03100000
v -0.01610700 0.00800600 -0.03100000
v -0.00297500 0.00156100 -0.03100000
v -0.01536600 0.00935000 -0.03100000
v -0.01785800 0.00215100 -0.03100000
v -0.01760900 0.00366600 -0.03100000
v -0.01723300 0.00515400 -0.03100000
v -0.00324900 -0.01771200 -0.03100000
v -0.00481900 -0.01735400 -0.03100000
v 0.01662100 -0.00687500 -0.03100000
v 0.01597500 -0.00826600 -0.03100000
v 0.01521200 -0.00959800 -0.03100000
v 0.01785800 0.00215100 -0.03100000
v 0.01797600 0.00062100 -0.03100000
v 0.01796400 -0.00091300 -0.03100000
v 0.01451300 0.01062600 -0.03100000
v 0.01536600 0.00935000 -0.03100000
v 0.01610700 0.00800600 -0.03100000
v 0.00881300 0.01568000 -0.03100000
v 0.01011800 0.01487100 -0.03100000
v 0.01134900 0.01395500 -0.03100000
v 0.00305500 0.01772500 -0.03100000
v -0.00455500 0.01740000 -0.03100000
v -0.00305500 0.01772500 -0.03100000
v -0.00153300 0.01792100 -0.03100000
v -0.01451300 0.01062600 -0.03100000
v -0.01355400 0.01182400 -0.03100000
v -0.01249700 0.01293600 -0.03100000
v 0.00481900 -0.01735400 -0.03100000
v 0.00324900 -0.01771200 -0.03100000
v 0.00159800 -0.01792800 -0.03100000
v 0.01186600 -0.01352000 -0.03100000
v 0.01058000 -0.01455700 -0.03100000
v 0.00922200 -0.01546000 -0.03100000
v -0.00881300 0.01568000 -0.03100000
v -0.00744500 0.01637400 -0.03100000
v -0.00602200 0.01694900 -0.03100000
v -0.00190900 -0.00276500 -0.03100000
v -0.00297500 -0.00156100 -0.03100000
v -0.00147200 -0.00085000 -0.02934000
v -0.00096600 -0.00139900 -0.02934000
v -0.00085000 -0.00147200 -0.02934000
v -0.00040500 -0.00333500 -0.03100000
v -0.00020500 -0.00168800 -0.02934000
v 0.00000000 -0.00170000 -0.02934000
v 0.00119100 -0.00314200 -0.03100000
v 0.00060300 -0.00158900 -0.02934000
v 0.00085000 -0.00147200 -0.02934000
v 0.00251500 -0.00222800 -0.03100000
v 0.00127200 -0.00112700 -0.02934000
v 0.00147200 -0.00085000 -0.02934000
v 0.00326200 -0.00080400 -0.03100000
v 0.00165100 -0.00040700 -0.02934000
v 0.00326200 0.00080400 -0.03100000
v 0.00170000 0.00000000 -0.02934000
v 0.00165100 0.00040700 -0.02934000
v 0.00251500 0.00222800 -0.03100000
v 0.00147200 0.00085000 -0.02934000
v 0.00127200 0.00112700 -0.02934000
v 0.00119100 0.00314200 -0.03100000
v 0.00085000 0.00147200 -0.02934000
v 0.00060300 0.00158900 -0.02934000
v -0.00040500 0.00333500 -0.03100000
v -0.00000000 0.00170000 -0.02934000
v -0.00020500 0.00168800 -0.02934000
v -0.00190900 0.00276500 -0.03100000
v -0.00085000 0.00147200 -0.02934000
v -0.00096600 0.00139900 -0.02934000
v -0.00297500 0.00156100 -0.03100000
v -0.00147200 0.00085000 -0.02934000
v -0.00150500 0.00079000 -0.02934000
v -0.00336000 -0.00000000 -0.03100000
v -0.00170000 -0.00000000 -0.02934000
v -0.00150500 -0.00079000 -0.02934000
v 0.00000000 -0.01884500 -0.03090800
v -0.00300000 -0.01858300 -0.02829900
v -0.00300000 -0.02252200 -0.02742900
v -0.00300000 -0.01858300 -0.02650000
v -0.00300000 -0.02641800 -0.02673800
v -0.00300000 -0.02807500 -0.02650000
v 0.01771500 -0.03858200 -0.02380000
v 0.01771500 -0.03845500 -0.02332500
v 0.01768900 -0.03871600 -0.02380000
v 0.01766900 -0.03860700 -0.02323700
v 0.01766900 -0.03860700 -0.02323700
v 0.01766900 -0.03875700 -0.02380000
v 0.01761300 -0.03883000 -0.02380000
v 0.01754000 -0.03871700 -0.02317300
v 0.01754000 -0.03871700 -0.02317300
v 0.01754000 -0.03888500 -0.02380000
v 0.01749900 -0.03890600 -0.02380000
v 0.01736500 -0.03875800 -0.02315000
v 0.01736500 -0.03893200 -0.02380000
v 0.01771500 -0.03810700 -0.02297700
v 0.01766900 -0.03819500 -0.02282600
v 0.01766900 -0.03819500 -0.02282600
v 0.01754000 -0.03825900 -0.02271500
v 0.01754000 -0.03871700 -0.02317300
v 0.01754000 -0.03825900 -0.02271500
v 0.01736500 -0.03875800 -0.02315000
v 0.01736500 -0.03828200 -0.02267400
v 0.01771500 -0.03763200 -0.02285000
v 0.01766900 -0.03763200 -0.02267500
v 0.01766900 -0.03763200 -0.02267500
v 0.01754000 -0.03763200 -0.02254700
v 0.01754000 -0.03825900 -0.02271500
v 0.01754000 -0.03763200 -0.02254700
v 0.01736500 -0.03828200 -0.02267400
v 0.01771500 -0.03858200 -0.02702700
v 0.01768900 -0.03871600 -0.02702700
v 0.01766900 -0.03875700 -0.02702700
v 0.01761300 -0.03883000 -0.02702700
v 0.01754000 -0.03888500 -0.02702700
v 0.01749900 -0.03890600 -0.02702700
v 0.01736500 -0.03893200 -0.02702700
v 0.01656500 -0.03828200 -0.02267400
v 0.01656500 -0.03828200 -0.02267400
v 0.01656500 -0.03875800 -0.02315000
v 0.01656500 -0.03875800 -0.02315000
v 0.01656500 -0.03893200 -0.02380000
v 0.01771500 -0.03089800 -0.02285000
v 0.01768900 -0.03089800 -0.02271600
v 0.01766900 -0.03089800 -0.02267500
v 0.01761300 -0.03089800 -0.02260200
v 0.01749900 -0.03089800 -0.02252700
v 0.01754000 -0.03089800 -0.02254700
v 0.01786100 -0.02863200 -0.02271600
v 0.01788700 -0.02863600 -0.02285000
v 0.02006800 -0.02283400 -0.02285000
v 0.02036000 -0.02234600 -0.02271600
v 0.01921200 -0.02430700 -0.02271600
v 0.01839800 -0.02642600 -0.02285000
v 0.01837200 -0.02641800 -0.02271600
v 0.01877700 -0.02535600 -0.02285000
v 0.01923600 -0.02431800 -0.02285000
v 0.02038200 -0.02236100 -0.02285000
v 0.02036000 -0.02234600 -0.02271600
v 0.01778600 -0.02862100 -0.02260200
v 0.01778600 -0.02862100 -0.02260200
v 0.01830000 -0.02639600 -0.02260200
v 0.01921200 -0.02430700 -0.02271600
v 0.01914400 -0.02427300 -0.02260200
v 0.02029800 -0.02230200 -0.02260200
v 0.01767300 -0.02860400 -0.02252700
v 0.01819100 -0.02636200 -0.02252700
v 0.01904100 -0.02422300 -0.02252700
v 0.02020400 -0.02223800 -0.02252700
v 0.01819100 -0.02636200 -0.02252700
v 0.01904100 -0.02422300 -0.02252700
v 0.02020400 -0.02223800 -0.02252700
v 0.02989800 0.00105800 -0.02762700
v 0.02976200 0.00105200 -0.02785200
v 0.02972400 0.00124400 -0.02782900
v 0.02960600 0.00104600 -0.02800800
v 0.02951200 0.00104100 -0.02807500
v 0.02948200 0.00123300 -0.02804400
v 0.02921500 0.00122000 -0.02815900
v 0.02941600 0.00139300 -0.02795200
v 0.02941600 0.00139300 -0.02795200
v 0.02917900 0.00138200 -0.02805400
v 0.02917900 0.00138200 -0.02805400
v 0.02932500 0.00149800 -0.02781400
v 0.02913200 0.00148800 -0.02789700
v 0.02932500 0.00149800 -0.02781400
v 0.02913200 0.00148800 -0.02789700
v 0.02963100 0.00140400 -0.02776200
v 0.02963100 0.00140400 -0.02776200
v 0.02949800 0.00150700 -0.02766000
v 0.02949800 0.00150700 -0.02766000
v 0.02992500 0.00106000 -0.02755800
v 0.02988100 0.00125100 -0.02754700
v 0.02977100 0.00141100 -0.02751100
v 0.02977100 0.00141100 -0.02751100
v 0.02961100 0.00151300 -0.02745700
v 0.02961100 0.00151300 -0.02745700
v 0.02100300 -0.02152700 -0.02722200
v 0.01771500 -0.03089800 -0.02708400
v 0.01779700 -0.02933200 -0.02710600
v 0.01804000 -0.02779600 -0.02713000
v 0.01844000 -0.02629300 -0.02715600
v 0.01856100 -0.02593300 -0.02716300
v 0.01915700 -0.02448300 -0.02718600
v 0.01989300 -0.02311400 -0.02720500
v 0.02076800 -0.02182800 -0.02721900
v 0.01771500 -0.03476300 -0.02705300
v 0.01735300 -0.03893200 -0.02715300
v 0.01752500 -0.03888600 -0.02718700
v 0.01765000 -0.03875800 -0.02721200
v 0.01769600 -0.03858300 -0.02722100
v 0.01757700 -0.03858300 -0.02753500
v 0.01753600 -0.03875800 -0.02751100
v 0.01753600 -0.03875800 -0.02751100
v 0.01742600 -0.03888600 -0.02744600
v 0.01742600 -0.03888600 -0.02744600
v 0.01727500 -0.03893200 -0.02735700
v 0.01713400 -0.03893200 -0.02752400
v 0.01724700 -0.03888600 -0.02765700
v 0.01724700 -0.03888600 -0.02765700
v 0.01732900 -0.03875800 -0.02775500
v 0.01732900 -0.03875800 -0.02775500
v 0.01707100 -0.03858400 -0.02796100
v 0.01723000 -0.03858400 -0.02788400
v 0.01736000 -0.03858400 -0.02779100
v 0.01674000 -0.03875900 -0.02797900
v 0.01705400 -0.03875900 -0.02791700
v 0.01673700 -0.03888600 -0.02785100
v 0.01700800 -0.03888600 -0.02779700
v 0.01673700 -0.03888600 -0.02785100
v 0.01700800 -0.03888600 -0.02779700
v 0.01673200 -0.03893200 -0.02767600
v 0.01694600 -0.03893200 -0.02763400
v 0.01732900 -0.03875800 -0.02775500
v 0.01705400 -0.03875900 -0.02791700
v 0.01674000 -0.03875900 -0.02797900
v 0.01674100 -0.03858500 -0.02802600
v 0.01455300 -0.04023200 -0.02770000
v 0.01455300 -0.04023200 -0.02690000
v 0.01455300 -0.04075300 -0.02769200
v 0.01455300 -0.04075300 -0.02689200
v 0.01455300 -0.04127500 -0.02768400
v 0.01455300 -0.04127500 -0.02688400
v 0.01542300 -0.03900600 -0.02770800
v 0.01533600 -0.03904000 -0.02690900
v 0.01497000 -0.03927800 -0.02691300
v 0.01575900 -0.03893600 -0.02690000
v 0.01585300 -0.03893200 -0.02769800
v 0.01585300 -0.03893200 -0.02688900
v 0.01470400 -0.03962400 -0.02691100
v 0.01475100 -0.03954300 -0.02771200
v 0.01504100 -0.03921700 -0.02771300
v 0.01456800 -0.04003800 -0.02690400
v 0.01458500 -0.03994600 -0.02770600
v 0.01465200 -0.03973500 -0.02770900
v 0.01575800 -0.03893200 -0.02685100
v 0.01584600 -0.03893200 -0.02688700
v 0.01629300 -0.03893200 -0.02768700
v 0.01562300 -0.03893200 -0.02678600
v 0.01569000 -0.03893200 -0.02673800
v 0.01579700 -0.03893200 -0.02660900
v 0.01585600 -0.03893200 -0.02645200
v 0.01586500 -0.03893200 -0.02635700
v 0.01586500 -0.03893200 -0.02380000
v 0.01586500 -0.03828200 -0.02267400
v 0.01586500 -0.03828200 -0.02267400
v 0.01586500 -0.03875800 -0.02315000
v 0.01586500 -0.03875800 -0.02315000
v 0.02528600 0.00101800 -0.02771300
v 0.02657200 0.00114400 -0.02740700
v 0.02783300 0.00097200 -0.02701100
v 0.02783000 0.00113600 -0.02704300
v 0.02785600 0.00144900 -0.02740900
v 0.02783300 0.00121000 -0.02707700
v 0.02783700 0.00128100 -0.02712700
v 0.02660800 0.00132800 -0.02758400
v 0.02784700 0.00138900 -0.02725300
v 0.02534000 0.00129000 -0.02797500
v 0.02529100 0.00107700 -0.02774100
v 0.02530500 0.00118000 -0.02781800
v 0.02532700 0.00126100 -0.02791800
v 0.02783300 0.00097200 -0.02701100
v 0.02783300 0.00096000 -0.02701100
v 0.02783300 0.00097500 -0.02701100
v 0.02736700 0.00112300 -0.02864100
v 0.02551900 0.00102700 -0.02912400
v 0.02736700 0.00112300 -0.02864100
v 0.02551900 0.00102700 -0.02912400
v 0.02733100 0.00128500 -0.02853700
v 0.02548400 0.00118800 -0.02901900
v 0.02733100 0.00128500 -0.02853700
v 0.02548400 0.00118800 -0.02901900
v 0.02728500 0.00139200 -0.02837900
v 0.02543700 0.00129500 -0.02886200
v 0.02728500 0.00139200 -0.02837900
v 0.02543700 0.00129500 -0.02886200
v 0.02921500 0.00122000 -0.02815900
v 0.02988800 -0.00131000 -0.02762700
v 0.02959600 -0.00129700 -0.02800800
v 0.02940000 -0.00363600 -0.02800800
v 0.02940000 -0.00363600 -0.02800800
v 0.02902000 -0.00595100 -0.02800800
v 0.02845800 -0.00822900 -0.02800800
v 0.02771800 -0.01045600 -0.02800800
v 0.02680300 -0.01261600 -0.02800800
v 0.02572100 -0.01469800 -0.02800800
v 0.02447700 -0.01668800 -0.02800800
v 0.02308000 -0.01857200 -0.02800800
v 0.02174200 -0.02053400 -0.02765200
v 0.02988800 -0.00131000 -0.02762700
v 0.02969100 -0.00367200 -0.02762700
v 0.02930700 -0.00601000 -0.02762700
v 0.02873900 -0.00831000 -0.02762700
v 0.02799100 -0.01055900 -0.02762700
v 0.02706800 -0.01274100 -0.02762700
v 0.02597500 -0.01484300 -0.02762700
v 0.02471800 -0.01685200 -0.02762700
v 0.02330700 -0.01875600 -0.02762700
v 0.02330700 -0.01875600 -0.02762700
v 0.02174200 -0.02053400 -0.02765200
v 0.02154800 -0.02035100 -0.02799600
v 0.02154800 -0.02035100 -0.02799600
v 0.02308000 -0.01857200 -0.02800800
v 0.02447700 -0.01668800 -0.02800800
v 0.02471800 -0.01685200 -0.02762700
v 0.02572100 -0.01469800 -0.02800800
v 0.02597500 -0.01484300 -0.02762700
v 0.02680300 -0.01261600 -0.02800800
v 0.02706800 -0.01274100 -0.02762700
v 0.02771800 -0.01045600 -0.02800800
v 0.02799100 -0.01055900 -0.02762700
v 0.02845800 -0.00822900 -0.02800800
v 0.02873900 -0.00831000 -0.02762700
v 0.02902000 -0.00595100 -0.02800800
v 0.02930700 -0.00601000 -0.02762700
v 0.02940000 -0.00363600 -0.02800800
v 0.02969100 -0.00367200 -0.02762700
v 0.01448000 -0.04193300 -0.02767700
v 0.01448000 -0.04193300 -0.02687700
v 0.01441000 -0.04219200 -0.02767400
v 0.01441000 -0.04219200 -0.02687400
v 0.01409700 -0.04286500 -0.02766900
v 0.01409700 -0.04286500 -0.02686900
v 0.01394500 -0.04308600 -0.02766700
v 0.01394500 -0.04308600 -0.02686700
v 0.01342700 -0.04361700 -0.02766400
v 0.01342700 -0.04361700 -0.02686400
v 0.01321100 -0.04377500 -0.02766300
v 0.01321100 -0.04377500 -0.02686300
v 0.01270100 -0.04404600 -0.02766100
v 0.01270100 -0.04404600 -0.02686100
v 0.01254600 -0.04410500 -0.02766100
v 0.01254600 -0.04410500 -0.02686100
v 0.01229000 -0.04418300 -0.02766000
v 0.01229000 -0.04418300 -0.02686100
v 0.02503200 0.00134300 -0.02827500
v 0.02503200 0.00134300 -0.02879200
v 0.02485900 0.00137300 -0.02833100
v 0.02485900 0.00137300 -0.02884800
v 0.02439200 0.00153700 -0.02848100
v 0.02442100 0.00152200 -0.02898900
v 0.02425000 0.00161400 -0.02852600
v 0.02439200 0.00153700 -0.02899800
v 0.02425000 0.00161400 -0.02904300
v 0.02386400 0.00191700 -0.02864600
v 0.02386400 0.00191700 -0.02916300
v 0.02375400 0.00203600 -0.02867900
v 0.02375400 0.00203600 -0.02919600
v 0.02366400 0.00215200 -0.02870500
v 0.02366400 0.00215200 -0.02922200
v 0.02348800 0.00244300 -0.02875400
v 0.02348800 0.00244300 -0.02927100
v 0.02342000 0.00259800 -0.02877100
v 0.02342000 0.00259800 -0.02928800
v 0.02092600 -0.02147000 -0.02764800
v 0.02071600 -0.02130400 -0.02799300
v 0.02092600 -0.02147000 -0.02764800
v 0.02069000 -0.02177300 -0.02764600
v 0.01980700 -0.02306600 -0.02763700
v 0.01906200 -0.02444400 -0.02762600
v 0.01845900 -0.02590400 -0.02761100
v 0.01833600 -0.02626700 -0.02760700
v 0.01792900 -0.02778000 -0.02759000
v 0.01768100 -0.02932700 -0.02757400
v 0.01759500 -0.03090400 -0.02756000
v 0.02071600 -0.02130400 -0.02799300
v 0.02069000 -0.02177300 -0.02764600
v 0.02047400 -0.02161200 -0.02799200
v 0.01980700 -0.02306600 -0.02763700
v 0.01957000 -0.02292600 -0.02798500
v 0.01906200 -0.02444400 -0.02762600
v 0.01880300 -0.02432700 -0.02797600
v 0.01845900 -0.02590400 -0.02761100
v 0.01817800 -0.02581100 -0.02796400
v 0.01833600 -0.02626700 -0.02760700
v 0.01805000 -0.02618100 -0.02796100
v 0.01792900 -0.02778000 -0.02759000
v 0.01762400 -0.02772100 -0.02794700
v 0.01768100 -0.02932700 -0.02757400
v 0.01736000 -0.02929800 -0.02793300
v 0.01759500 -0.03090400 -0.02756000
v 0.01726400 -0.03090900 -0.02792100
v 0.02041000 -0.02106100 -0.02819100
v 0.02047400 -0.02161200 -0.02799200
v 0.02047400 -0.02161200 -0.02799200
v 0.02016100 -0.02137600 -0.02818900
v 0.01957000 -0.02292600 -0.02798500
v 0.01922700 -0.02272100 -0.02817900
v 0.01880300 -0.02432700 -0.02797600
v 0.01843100 -0.02415400 -0.02816500
v 0.01817800 -0.02581100 -0.02796400
v 0.01777800 -0.02567400 -0.02814700
v 0.01805000 -0.02618100 -0.02796100
v 0.01764300 -0.02605300 -0.02814200
v 0.01762400 -0.02772100 -0.02794700
v 0.01719300 -0.02763300 -0.02812100
v 0.01736000 -0.02929800 -0.02793300
v 0.01691000 -0.02925300 -0.02810000
v 0.01726400 -0.03090900 -0.02792100
v 0.01680000 -0.03091100 -0.02808100
v 0.01676600 -0.03477000 -0.02805200
v 0.01724500 -0.03476900 -0.02790200
v 0.01759000 -0.03476700 -0.02753800
v 0.01759000 -0.03476700 -0.02753800
v 0.01630100 -0.03858600 -0.02803700
v 0.01630000 -0.03875900 -0.02798900
v 0.01630000 -0.03875900 -0.02798900
v 0.01629700 -0.03888600 -0.02786100
v 0.01629700 -0.03888600 -0.02786100
v 0.01586100 -0.03858600 -0.02804800
v 0.01586000 -0.03876000 -0.02799900
v 0.01586000 -0.03876000 -0.02799900
v 0.01585700 -0.03888600 -0.02787100
v 0.01585700 -0.03888600 -0.02787100
v 0.01438000 -0.04023700 -0.02800200
v 0.01420700 -0.04023800 -0.02805000
v 0.01424800 -0.03987500 -0.02805600
v 0.01450700 -0.04023500 -0.02787400
v 0.01438000 -0.04023700 -0.02800200
v 0.01441600 -0.03991300 -0.02800700
v 0.01454000 -0.03993900 -0.02787900
v 0.01450700 -0.04023500 -0.02787400
v 0.01441600 -0.03991300 -0.02800700
v 0.01445900 -0.03936300 -0.02806200
v 0.01460500 -0.03945400 -0.02801200
v 0.01482900 -0.03894900 -0.02806300
v 0.01493600 -0.03908400 -0.02801300
v 0.01531400 -0.03868000 -0.02805800
v 0.01537000 -0.03884300 -0.02800900
v 0.01454000 -0.03993900 -0.02787900
v 0.01460500 -0.03945400 -0.02801200
v 0.01471200 -0.03952000 -0.02788500
v 0.01493600 -0.03908400 -0.02801300
v 0.01501300 -0.03918100 -0.02788600
v 0.01537000 -0.03884300 -0.02800900
v 0.01541000 -0.03896200 -0.02788100
v 0.01471200 -0.03952000 -0.02788500
v 0.01501300 -0.03918100 -0.02788600
v 0.01541000 -0.03896200 -0.02788100
v 0.01420600 -0.04075900 -0.02804200
v 0.01438000 -0.04075800 -0.02799400
v 0.01438000 -0.04075800 -0.02799400
v 0.01450700 -0.04075600 -0.02786600
v 0.01450700 -0.04075600 -0.02786600
v 0.01420600 -0.04128000 -0.02803400
v 0.01438000 -0.04127900 -0.02798600
v 0.01438000 -0.04127900 -0.02798600
v 0.01450700 -0.04127700 -0.02785800
v 0.01450700 -0.04127700 -0.02785800
v 0.02497800 0.00131000 -0.02808500
v 0.02492300 0.00120200 -0.02792600
v 0.02487600 0.00103800 -0.02782200
v 0.02480300 0.00134300 -0.02813900
v 0.02433200 0.00151700 -0.02828100
v 0.02418900 0.00159800 -0.02832300
v 0.02380500 0.00190900 -0.02843600
v 0.02369600 0.00203000 -0.02846700
v 0.02343400 0.00243900 -0.02853700
v 0.02336700 0.00259400 -0.02855300
v 0.02497800 0.00131000 -0.02808500
v 0.02480300 0.00134300 -0.02813900
v 0.02473800 0.00123800 -0.02797800
v 0.02433200 0.00151700 -0.02828100
v 0.02424200 0.00142200 -0.02811600
v 0.02418900 0.00159800 -0.02832300
v 0.02409300 0.00150800 -0.02815700
v 0.02380500 0.00190900 -0.02843600
v 0.02368900 0.00183500 -0.02826600
v 0.02369600 0.00203000 -0.02846700
v 0.02357600 0.00196200 -0.02829500
v 0.02343400 0.00243900 -0.02853700
v 0.02330100 0.00239100 -0.02836300
v 0.02336700 0.00259400 -0.02855300
v 0.02323000 0.00255400 -0.02837800
v 0.02473800 0.00123800 -0.02797800
v 0.02467600 0.00107400 -0.02787500
v 0.02424200 0.00142200 -0.02811600
v 0.02414000 0.00126900 -0.02801500
v 0.02409300 0.00150800 -0.02815700
v 0.02397800 0.00136000 -0.02805700
v 0.02368900 0.00183500 -0.02826600
v 0.02353900 0.00170900 -0.02816800
v 0.02357600 0.00196200 -0.02829500
v 0.02341500 0.00184600 -0.02819900
v 0.02330100 0.00239100 -0.02836300
v 0.02311500 0.00230900 -0.02826800
v 0.02323000 0.00255400 -0.02837800
v 0.02303800 0.00248500 -0.02828300
v 0.02467600 0.00107400 -0.02787500
v 0.02414000 0.00126900 -0.02801500
v 0.02397800 0.00136000 -0.02805700
v 0.02353900 0.00170900 -0.02816800
v 0.02341500 0.00184600 -0.02819900
v 0.02311500 0.00230900 -0.02826800
v 0.02303800 0.00248500 -0.02828300
v 0.02340500 0.00237000 -0.02957900
v 0.02329900 0.00230700 -0.02969000
v 0.02321900 0.00248900 -0.02970600
v 0.02510800 0.00103700 -0.02923300
v 0.02510000 0.00119400 -0.02912700
v 0.02489600 0.00132900 -0.02902600
v 0.02507300 0.00130200 -0.02897300
v 0.02490700 0.00106900 -0.02928700
v 0.02436100 0.00125400 -0.02942900
v 0.02419500 0.00134300 -0.02947200
v 0.02374200 0.00169300 -0.02958600
v 0.02361300 0.00183200 -0.02961800
v 0.02491200 0.00122300 -0.02918000
v 0.02440200 0.00139100 -0.02932100
v 0.02440200 0.00139100 -0.02932100
v 0.02424600 0.00147400 -0.02936300
v 0.02382100 0.00179800 -0.02947600
v 0.02370000 0.00192800 -0.02950700
v 0.02507300 0.00130200 -0.02897300
v 0.02489600 0.00132900 -0.02902600
v 0.02489600 0.00132900 -0.02902600
v 0.02491200 0.00122300 -0.02918000
v 0.02441300 0.00149000 -0.02917000
v 0.02426500 0.00156800 -0.02921400
v 0.02386300 0.00187600 -0.02932900
v 0.02374900 0.00199800 -0.02936100
v 0.02332900 0.00254000 -0.02959500
v 0.02339800 0.00257800 -0.02945000
v 0.02347000 0.00241700 -0.02943400
v 0.01420000 -0.04074800 -0.02654200
v 0.01420100 -0.04127000 -0.02653400
v 0.01433500 -0.04074800 -0.02656700
v 0.01433500 -0.04127000 -0.02656000
v 0.01433500 -0.04074800 -0.02656700
v 0.01433500 -0.04127000 -0.02656000
v 0.01445000 -0.04075000 -0.02664300
v 0.01445000 -0.04127100 -0.02663600
v 0.01445000 -0.04075000 -0.02664300
v 0.01452600 -0.04075100 -0.02675700
v 0.01452600 -0.04075100 -0.02675700
v 0.01452600 -0.04075100 -0.02675700
v 0.01452600 -0.04127300 -0.02675000
v 0.01452600 -0.04127300 -0.02675000
v 0.01419900 -0.04022700 -0.02655000
v 0.01432500 -0.04022700 -0.02657200
v 0.01444500 -0.04022800 -0.02664600
v 0.01452500 -0.04023000 -0.02676200
v 0.01452500 -0.04023000 -0.02676200
v 0.01537100 -0.03863700 -0.02655700
v 0.01536800 -0.03863800 -0.02655700
v 0.01537600 -0.03863800 -0.02655700
v 0.01536400 -0.03864600 -0.02655700
v 0.01537900 -0.03864000 -0.02655700
v 0.01538500 -0.03864800 -0.02655700
v 0.01537600 -0.03866800 -0.02655700
v 0.01540200 -0.03868500 -0.02655800
v 0.01539100 -0.03871200 -0.02656200
v 0.01542300 -0.03874400 -0.02657100
v 0.01542300 -0.03874400 -0.02657100
v 0.01542300 -0.03874400 -0.02657100
v 0.01543200 -0.03876800 -0.02658000
v 0.01524000 -0.03883000 -0.02658000
v 0.01547200 -0.03885000 -0.02663000
v 0.01547200 -0.03885000 -0.02663000
v 0.01536300 -0.03864000 -0.02655700
v 0.01535000 -0.03865200 -0.02655700
v 0.01534800 -0.03865400 -0.02655700
v 0.01519000 -0.03871400 -0.02655900
v 0.01472700 -0.03901600 -0.02656300
v 0.01481300 -0.03910900 -0.02658400
v 0.01439000 -0.03945400 -0.02656100
v 0.01450200 -0.03951400 -0.02658200
v 0.01421800 -0.03998000 -0.02655400
v 0.01434200 -0.03999900 -0.02657500
v 0.01551500 -0.03890000 -0.02668900
v 0.01548700 -0.03887100 -0.02665200
v 0.01528900 -0.03894000 -0.02665500
v 0.01532300 -0.03901400 -0.02677100
v 0.01556900 -0.03892700 -0.02674900
v 0.01562300 -0.03893200 -0.02678600
v 0.01454000 -0.04003200 -0.02676600
v 0.01468000 -0.03961000 -0.02677200
v 0.01495100 -0.03925700 -0.02677400
v 0.01489500 -0.03919700 -0.02665800
v 0.01495100 -0.03925700 -0.02677400
v 0.01460800 -0.03957100 -0.02665600
v 0.01468000 -0.03961000 -0.02677200
v 0.01446000 -0.04001800 -0.02665000
v 0.01454000 -0.04003200 -0.02676600
v 0.01528900 -0.03894000 -0.02665500
v 0.01489500 -0.03919700 -0.02665800
v 0.01460800 -0.03957100 -0.02665600
v 0.01446000 -0.04001800 -0.02665000
v 0.01556500 -0.03089800 -0.02649100
v 0.01556500 -0.03863200 -0.02635700
v 0.01556500 -0.03863200 -0.02380000
v 0.01556500 -0.03089800 -0.02280000
v 0.01556500 -0.03763200 -0.02280000
v 0.01556500 -0.03813200 -0.02293400
v 0.01556500 -0.03849800 -0.02330000
v 0.01919100 -0.02035300 -0.02280000
v 0.01565600 -0.02913700 -0.02654500
v 0.01564200 -0.02927800 -0.02280000
v 0.01592400 -0.02740700 -0.02660600
v 0.01587200 -0.02767200 -0.02280000
v 0.01636700 -0.02571500 -0.02667200
v 0.01625200 -0.02609600 -0.02280000
v 0.01653200 -0.02522100 -0.02669100
v 0.01677900 -0.02456200 -0.02280000
v 0.01932500 -0.02018300 -0.02684400
v 0.01900000 -0.02060200 -0.02683600
v 0.01825500 -0.02167800 -0.02280000
v 0.01802400 -0.02205000 -0.02680000
v 0.01744900 -0.02308500 -0.02280000
v 0.01720000 -0.02359100 -0.02675100
v 0.01677900 -0.02456200 -0.02671600
v 0.01582500 -0.02131800 -0.02900500
v 0.00824200 -0.03692100 -0.02819900
v 0.00577600 -0.04392800 -0.02801000
v 0.01360300 -0.03765600 -0.02811000
v 0.01320900 -0.04334700 -0.02801400
v 0.01301800 -0.04348700 -0.02801300
v 0.01288000 -0.04260400 -0.02802300
v 0.01243100 -0.04377900 -0.02801100
v 0.01220400 -0.04384700 -0.02801000
v 0.01155400 -0.04392800 -0.02801100
v 0.01407800 -0.04208900 -0.02802400
v 0.01380200 -0.04268300 -0.02801900
v 0.01366700 -0.04287800 -0.02801700
v 0.01414100 -0.04186100 -0.02802700
v 0.01415100 -0.03355800 -0.02819600
v 0.01470000 -0.02946200 -0.02830800
v 0.01525700 -0.02538000 -0.02855300
v 0.01253100 -0.01427200 -0.03087200
v 0.01109200 -0.01662800 -0.03062200
v 0.01116700 -0.01535700 -0.03087500
v 0.00972700 -0.01629900 -0.03087800
v 0.00507500 -0.01827900 -0.03088300
v 0.00669800 -0.01774900 -0.03088300
v 0.01050800 -0.02066100 -0.02987800
v 0.00828800 -0.01706900 -0.03088100
v 0.00167900 -0.01890200 -0.03087900
v 0.00342000 -0.01866200 -0.03088200
v 0.00517600 -0.01997800 -0.03048100
v 0.00458800 -0.02400400 -0.02966900
v 0.00400900 -0.02804700 -0.02902700
v 0.00879800 -0.03283600 -0.02841700
v 0.00935900 -0.02876200 -0.02874600
v 0.00992900 -0.02470400 -0.02923100
v 0.01443400 -0.04192500 -0.02785100
v 0.01431000 -0.04189800 -0.02797900
v 0.01339800 -0.04358200 -0.02783800
v 0.01390700 -0.04305900 -0.02784100
v 0.01405700 -0.04284100 -0.02784300
v 0.01436500 -0.04217900 -0.02784800
v 0.01443400 -0.04192500 -0.02785100
v 0.01253100 -0.04406200 -0.02783500
v 0.01318500 -0.04373700 -0.02783700
v 0.01227800 -0.04413800 -0.02783500
v 0.01155300 -0.04422800 -0.02783500
v 0.01431000 -0.04189800 -0.02797900
v 0.01436500 -0.04217900 -0.02784800
v 0.01424400 -0.04214200 -0.02797600
v 0.01405700 -0.04284100 -0.02784300
v 0.01394900 -0.04277500 -0.02797100
v 0.01390700 -0.04305900 -0.02784100
v 0.01380600 -0.04298300 -0.02796900
v 0.01339800 -0.04358200 -0.02783800
v 0.01331800 -0.04348300 -0.02796600
v 0.01318500 -0.04373700 -0.02783700
v 0.01311400 -0.04363100 -0.02796500
v 0.01253100 -0.04406200 -0.02783500
v 0.01248800 -0.04394200 -0.02796300
v 0.01227800 -0.04413800 -0.02783500
v 0.01224700 -0.04401500 -0.02796300
v 0.01155300 -0.04422800 -0.02783500
v 0.01155400 -0.04410200 -0.02796300
v 0.01424400 -0.04214200 -0.02797600
v 0.01394900 -0.04277500 -0.02797100
v 0.01380600 -0.04298300 -0.02796900
v 0.01331800 -0.04348300 -0.02796600
v 0.01311400 -0.04363100 -0.02796500
v 0.01248800 -0.04394200 -0.02796300
v 0.01224700 -0.04401500 -0.02796300
v 0.01155400 -0.04410200 -0.02796300
v 0.00577600 -0.04410200 -0.02796200
v 0.00577600 -0.04410200 -0.02796200
v 0.00577600 -0.04410200 -0.02796200
v 0.00577600 -0.04410200 -0.02796200
v 0.00577600 -0.04422800 -0.02783400
v 0.00577600 -0.04422800 -0.02783400
v 0.00577600 -0.04422800 -0.02783400
v 0.01413600 -0.04185200 -0.02652700
v 0.01426800 -0.04188200 -0.02655300
v 0.01438000 -0.04190800 -0.02662800
v 0.01426800 -0.04188200 -0.02655300
v 0.01407500 -0.04208100 -0.02652400
v 0.01420300 -0.04212200 -0.02655000
v 0.01379900 -0.04267600 -0.02651900
v 0.01391300 -0.04274700 -0.02654400
v 0.01366500 -0.04287100 -0.02651700
v 0.01377200 -0.04295200 -0.02654300
v 0.01320800 -0.04334000 -0.02651400
v 0.01329200 -0.04344600 -0.02653900
v 0.01301700 -0.04348000 -0.02651300
v 0.01309100 -0.04359300 -0.02653800
v 0.01420300 -0.04212200 -0.02655000
v 0.01431200 -0.04215800 -0.02662600
v 0.01431200 -0.04215800 -0.02662600
v 0.01391300 -0.04274700 -0.02654400
v 0.01391300 -0.04274700 -0.02654400
v 0.01401000 -0.04280900 -0.02662000
v 0.01401000 -0.04280900 -0.02662000
v 0.01377200 -0.04295200 -0.02654300
v 0.01377200 -0.04295200 -0.02654300
v 0.01386300 -0.04302200 -0.02661800
v 0.01386300 -0.04302200 -0.02661800
v 0.01329200 -0.04344600 -0.02653900
v 0.01329200 -0.04344600 -0.02653900
v 0.01336300 -0.04353600 -0.02661500
v 0.01336300 -0.04353600 -0.02661500
v 0.01309100 -0.04359300 -0.02653800
v 0.01309100 -0.04359300 -0.02653800
v 0.01315400 -0.04368800 -0.02661400
v 0.01438000 -0.04190800 -0.02662800
v 0.01445400 -0.04192600 -0.02674200
v 0.01431200 -0.04215800 -0.02662600
v 0.01438400 -0.04218200 -0.02674000
v 0.01401000 -0.04280900 -0.02662000
v 0.01407500 -0.04285000 -0.02673400
v 0.01386300 -0.04302200 -0.02661800
v 0.01392400 -0.04306900 -0.02673200
v 0.01336300 -0.04353600 -0.02661500
v 0.01341100 -0.04359600 -0.02672900
v 0.01315400 -0.04368800 -0.02661400
v 0.01319600 -0.04375200 -0.02672800
v 0.01319600 -0.04375200 -0.02672800
v 0.01341100 -0.04359600 -0.02672900
v 0.01392400 -0.04306900 -0.02673200
v 0.01407500 -0.04285000 -0.02673400
v 0.01438400 -0.04218200 -0.02674000
v 0.01445400 -0.04192600 -0.02674200
v 0.01253700 -0.04408000 -0.02672600
v 0.01251200 -0.04400700 -0.02661200
v 0.01251200 -0.04400700 -0.02661200
v 0.01247400 -0.04389900 -0.02653700
v 0.01247400 -0.04389900 -0.02653700
v 0.01243000 -0.04377200 -0.02651100
v 0.01228300 -0.04415700 -0.02672600
v 0.01253700 -0.04408000 -0.02672600
v 0.01228300 -0.04415700 -0.02672600
v 0.01226400 -0.04408200 -0.02661200
v 0.01226400 -0.04408200 -0.02661200
v 0.01223600 -0.04397100 -0.02653600
v 0.01223600 -0.04397100 -0.02653600
v 0.01220300 -0.04384000 -0.02651000
v 0.01155300 -0.04424800 -0.02672600
v 0.01155300 -0.04424800 -0.02672600
v 0.01155300 -0.04417100 -0.02661200
v 0.01155300 -0.04417100 -0.02661200
v 0.01155300 -0.04405600 -0.02653600
v 0.01155300 -0.04405600 -0.02653600
v 0.01155300 -0.04392100 -0.02651100
v 0.01020300 -0.02477400 -0.02767500
v 0.01073100 -0.02071700 -0.02830500
v 0.00617500 -0.02008300 -0.02885500
v 0.00563100 -0.02412300 -0.02808000
v 0.00508800 -0.02819300 -0.02746900
v 0.00968700 -0.02885700 -0.02720800
v 0.01705300 -0.02352900 -0.02694700
v 0.01788900 -0.02197500 -0.02699500
v 0.01527500 -0.02133100 -0.02755600
v 0.01920600 -0.02009100 -0.02703800
v 0.01582400 -0.01729500 -0.02816700
v 0.00515300 -0.01854400 -0.02927100
v 0.00404800 -0.01881500 -0.02927100
v 0.00812300 -0.04109000 -0.02656000
v 0.00865600 -0.03701400 -0.02669000
v 0.00577700 -0.04392100 -0.02651000
v 0.00099500 -0.03181100 -0.02709600
v 0.00401900 -0.02820800 -0.02749100
v 0.00401100 -0.02905800 -0.02738100
v 0.00399200 -0.02990900 -0.02728000
v 0.00917700 -0.03294000 -0.02689700
v 0.00391700 -0.03038500 -0.02722700
v 0.00386300 -0.03054600 -0.02721000
v 0.00363100 -0.03097400 -0.02716700
v 0.00352600 -0.03110800 -0.02715500
v 0.00316400 -0.03143800 -0.02712400
v 0.00301900 -0.03153200 -0.02711600
v 0.00256600 -0.03172700 -0.02709900
v 0.00239600 -0.03176900 -0.02709600
v 0.00200400 -0.03180900 -0.02709400
v 0.00403300 -0.02271900 -0.02840900
v 0.00402300 -0.02657000 -0.02772600
v 0.01118100 -0.01566100 -0.02926200
v 0.01095900 -0.01581800 -0.02926300
v 0.00940000 -0.01679300 -0.02926600
v 0.00777100 -0.01760800 -0.02926900
v 0.00607900 -0.01826200 -0.02927100
v 0.01887700 -0.02051400 -0.02703000
v 0.01637400 -0.02517300 -0.02688800
v 0.01476000 -0.02542700 -0.02709400
v 0.01620600 -0.02567100 -0.02686900
v 0.01427900 -0.02953700 -0.02683400
v 0.01547700 -0.02912500 -0.02674300
v 0.01575300 -0.02737900 -0.02680400
v 0.01537000 -0.03862800 -0.02655700
v 0.01262400 -0.01451900 -0.02925800
v 0.01379800 -0.03361900 -0.02670800
v 0.01538100 -0.03090400 -0.02669100
v 0.00577700 -0.04424800 -0.02672500
v 0.00577700 -0.04424800 -0.02672500
v 0.00577700 -0.04417100 -0.02661100
v 0.00577700 -0.04405600 -0.02653600
v 0.00878900 -0.01571200 -0.02829600
v 0.00982400 -0.01508200 -0.02829400
v 0.00982400 -0.01508200 -0.02650000
v 0.01241000 -0.01301900 -0.02650000
v 0.01024400 -0.01479700 -0.02829300
v 0.01045200 -0.01465000 -0.02829300
v 0.01241000 -0.01301900 -0.02650000
v 0.01179900 -0.01357900 -0.02829000
v 0.00726800 -0.01647700 -0.02829800
v 0.00691000 -0.01663100 -0.02650000
v 0.00691000 -0.01663100 -0.02829800
v 0.00379200 -0.01760500 -0.02650000
v 0.00379200 -0.01760500 -0.02829900
v 0.00482400 -0.01735300 -0.02829900
v 0.00568700 -0.01709000 -0.02829900
v 0.00300000 -0.02807500 -0.02650000
v 0.00300000 -0.02641800 -0.02673800
v 0.00300000 -0.02641800 -0.02673800
v 0.00300000 -0.01858300 -0.02650000
v 0.00300000 -0.01858300 -0.02650000
v 0.00300000 -0.02252200 -0.02742900
v 0.00300000 -0.01858300 -0.02829900
v 0.01554100 -0.03090100 -0.02658700
v 0.01553800 -0.03863000 -0.02645800
v 0.01556200 -0.03863100 -0.02639500
v 0.01547400 -0.03090300 -0.02665900
v 0.01539700 -0.03862800 -0.02655500
v 0.01546000 -0.03862900 -0.02653300
v 0.01546800 -0.03862900 -0.02652900
v 0.01554100 -0.03090100 -0.02658700
v 0.01549500 -0.03862900 -0.02650900
v 0.01553800 -0.03863000 -0.02645800
v 0.01563200 -0.02913700 -0.02663800
v 0.02107500 -0.01820700 -0.02700400
v 0.02112300 -0.01815000 -0.02701100
v 0.02014000 -0.01901900 -0.02705000
v 0.02046900 -0.01886500 -0.02694100
v 0.01930900 -0.02017200 -0.02692900
v 0.02107500 -0.01820700 -0.02700400
v 0.02043100 -0.01882800 -0.02701000
v 0.02043100 -0.01882800 -0.02701000
v 0.02043100 -0.01882800 -0.02701000
v 0.01926700 -0.02013900 -0.02699800
v 0.01898400 -0.02059100 -0.02692100
v 0.01800600 -0.02204200 -0.02688700
v 0.01718000 -0.02358500 -0.02683900
v 0.01894000 -0.02056000 -0.02699000
v 0.01795800 -0.02201500 -0.02695600
v 0.01712800 -0.02356200 -0.02690900
v 0.01645400 -0.02520000 -0.02685100
v 0.01628800 -0.02569600 -0.02683300
v 0.01584000 -0.02739600 -0.02677000
v 0.01556800 -0.02913300 -0.02671000
v 0.01556800 -0.02913300 -0.02671000
v 0.01584000 -0.02739600 -0.02677000
v 0.01590200 -0.02740600 -0.02669800
v 0.01628800 -0.02569600 -0.02683300
v 0.01634600 -0.02571100 -0.02676200
v 0.01645400 -0.02520000 -0.02685100
v 0.01651100 -0.02521700 -0.02678100
v 0.01712800 -0.02356200 -0.02690900
v 0.01718000 -0.02358500 -0.02683900
v 0.01795800 -0.02201500 -0.02695600
v 0.01800600 -0.02204200 -0.02688700
v 0.01894000 -0.02056000 -0.02699000
v 0.01898400 -0.02059100 -0.02692100
v 0.01926700 -0.02013900 -0.02699800
v 0.01930900 -0.02017200 -0.02692900
v 0.01651100 -0.02521700 -0.02678100
v 0.01634600 -0.02571100 -0.02676200
v 0.01590200 -0.02740600 -0.02669800
v 0.01563200 -0.02913700 -0.02663800
v -0.01547400 -0.03090300 -0.02665900
v -0.01543000 -0.03862800 -0.02654600
v -0.01538900 -0.03862800 -0.02655600
v -0.01547400 -0.03090300 -0.02665900
v -0.01553900 -0.03863000 -0.02645600
v -0.01553400 -0.03863000 -0.02646500
v -0.01554100 -0.03090100 -0.02658700
v -0.01548900 -0.03862900 -0.02651400
v -0.01546800 -0.03862900 -0.02652900
v -0.01556000 -0.03863100 -0.02640300
v -0.01556800 -0.02913300 -0.02671000
v -0.01930900 -0.02017200 -0.02692900
v -0.01930900 -0.02017200 -0.02692900
v -0.02046900 -0.01886500 -0.02694100
v -0.02043100 -0.01882800 -0.02701000
v -0.02086200 -0.01845000 -0.02697300
v -0.01898400 -0.02059100 -0.02692100
v -0.01800600 -0.02204200 -0.02688700
v -0.01718000 -0.02358500 -0.02683900
v -0.01651100 -0.02521700 -0.02678100
v -0.01651100 -0.02521700 -0.02678100
v -0.01634600 -0.02571100 -0.02676200
v -0.01590200 -0.02740600 -0.02669800
v -0.01563200 -0.02913700 -0.02663800
v -0.01563200 -0.02913700 -0.02663800
v -0.01590200 -0.02740600 -0.02669800
v -0.01584000 -0.02739600 -0.02677000
v -0.01634600 -0.02571100 -0.02676200
v -0.01628800 -0.02569600 -0.02683300
v -0.01651100 -0.02521700 -0.02678100
v -0.01645400 -0.02520000 -0.02685100
v -0.01718000 -0.02358500 -0.02683900
v -0.01712800 -0.02356200 -0.02690900
v -0.01800600 -0.02204200 -0.02688700
v -0.01795800 -0.02201500 -0.02695600
v -0.01898400 -0.02059100 -0.02692100
v -0.01894000 -0.02056000 -0.02699000
v -0.01930900 -0.02017200 -0.02692900
v -0.01926700 -0.02013900 -0.02699800
v -0.01926700 -0.02013900 -0.02699800
v -0.01894000 -0.02056000 -0.02699000
v -0.01795800 -0.02201500 -0.02695600
v -0.01712800 -0.02356200 -0.02690900
v -0.01645400 -0.02520000 -0.02685100
v -0.01628800 -0.02569600 -0.02683300
v -0.01584000 -0.02739600 -0.02677000
v -0.01556800 -0.02913300 -0.02671000
v -0.00339200 -0.01779000 -0.02829900
v -0.00338400 -0.01779500 -0.02650000
v -0.00338400 -0.01779500 -0.02829900
v -0.00310600 -0.01813600 -0.02829900
v -0.00310100 -0.01814500 -0.02650000
v -0.00310100 -0.01814500 -0.02829900
v 0.00310100 -0.01814500 -0.02650000
v 0.00310100 -0.01814500 -0.02829900
v 0.00310600 -0.01813600 -0.02829900
v 0.00338400 -0.01779500 -0.02650000
v 0.00339200 -0.01779000 -0.02829900
v 0.00338400 -0.01779500 -0.02829900
v 0.00099500 -0.03139600 -0.02705000
v 0.00000000 -0.03136100 -0.02703800
v 0.00000000 -0.03136100 -0.02703800
v 0.00099500 -0.03139600 -0.02705000
v 0.00099500 -0.03103700 -0.02683900
v 0.00000000 -0.03107000 -0.02686900
v 0.00000100 -0.03079400 -0.02650000
v 0.00000000 -0.03085200 -0.02661300
v 0.00200300 -0.03139600 -0.02704800
v 0.00200300 -0.03139600 -0.02704800
v 0.00200200 -0.03103700 -0.02683800
v 0.00200200 -0.03103700 -0.02683800
v 0.00200000 -0.03079400 -0.02650000
v -0.00000100 -0.03079400 -0.02650000
v -0.00099500 -0.03103700 -0.02683900
v -0.00099500 -0.03103700 -0.02683900
v -0.00099500 -0.03103700 -0.02683900
v -0.00099500 -0.03139600 -0.02705000
v -0.00099500 -0.03139600 -0.02705000
v -0.00200000 -0.03079400 -0.02650000
v -0.00200000 -0.03079400 -0.02650000
v -0.00200200 -0.03103700 -0.02683800
v -0.00200200 -0.03103700 -0.02683800
v -0.00200300 -0.03139600 -0.02704800
v -0.00200300 -0.03139600 -0.02704800
v 0.00231500 -0.03136400 -0.02704900
v 0.00220400 -0.03077300 -0.02650000
v 0.00224700 -0.03101100 -0.02683900
v 0.00238300 -0.03071800 -0.02650000
v 0.00235300 -0.03098400 -0.02684000
v 0.00235300 -0.03098400 -0.02684000
v 0.00224700 -0.03101100 -0.02683900
v 0.00231500 -0.03136400 -0.02704900
v 0.00245000 -0.03133000 -0.02705200
v 0.00280800 -0.03117200 -0.02706400
v 0.00245000 -0.03133000 -0.02705200
v 0.00280800 -0.03117200 -0.02706400
v 0.00280800 -0.03117200 -0.02706400
v 0.00263300 -0.03085800 -0.02684600
v 0.00263300 -0.03085800 -0.02684600
v 0.00272200 -0.03079700 -0.02685000
v 0.00272200 -0.03079700 -0.02685000
v 0.00270700 -0.03050100 -0.02650000
v 0.00350000 -0.03025800 -0.02714800
v 0.00316100 -0.03013500 -0.02688800
v 0.00346000 -0.03038500 -0.02713500
v 0.00313200 -0.03023400 -0.02688200
v 0.00328500 -0.03072400 -0.02710400
v 0.00300200 -0.03050100 -0.02686600
v 0.00320400 -0.03083100 -0.02709400
v 0.00294000 -0.03058600 -0.02686100
v 0.00292200 -0.03109600 -0.02707100
v 0.00346000 -0.03038500 -0.02713500
v 0.00328500 -0.03072400 -0.02710400
v 0.00320400 -0.03083100 -0.02709400
v 0.00292200 -0.03109600 -0.02707100
v 0.00354900 -0.02988700 -0.02718500
v 0.00335500 -0.02986800 -0.02706600
v 0.00319400 -0.02984600 -0.02690600
v 0.00316100 -0.03013500 -0.02688800
v 0.00312800 -0.02983400 -0.02681400
v 0.00294000 -0.03058600 -0.02686100
v 0.00270700 -0.03050100 -0.02650000
v 0.00300200 -0.03050100 -0.02686600
v 0.00283300 -0.03034700 -0.02650000
v 0.00313200 -0.03023400 -0.02688200
v 0.00292400 -0.03017700 -0.02650000
v 0.00297000 -0.03003900 -0.02650000
v 0.00300000 -0.02979400 -0.02650000
v -0.00224700 -0.03101100 -0.02683900
v -0.00231500 -0.03136400 -0.02704900
v -0.00231500 -0.03136400 -0.02704900
v -0.00250000 -0.03066000 -0.02650000
v -0.00220400 -0.03077300 -0.02650000
v -0.00316100 -0.03013500 -0.02688800
v -0.00350000 -0.03025800 -0.02714800
v -0.00313200 -0.03023400 -0.02688200
v -0.00346000 -0.03038500 -0.02713500
v -0.00300200 -0.03050100 -0.02686600
v -0.00328500 -0.03072400 -0.02710400
v -0.00294000 -0.03058600 -0.02686100
v -0.00320400 -0.03083100 -0.02709400
v -0.00272200 -0.03079700 -0.02685000
v -0.00292200 -0.03109600 -0.02707100
v -0.00263300 -0.03085800 -0.02684600
v -0.00280800 -0.03117200 -0.02706400
v -0.00280800 -0.03117200 -0.02706400
v -0.00235300 -0.03098400 -0.02684000
v -0.00235300 -0.03098400 -0.02684000
v -0.00245000 -0.03133000 -0.02705200
v -0.00300000 -0.02979400 -0.02650000
v -0.00297000 -0.03003900 -0.02650000
v -0.00313200 -0.03023400 -0.02688200
v -0.00286600 -0.03029400 -0.02650000
v -0.00300200 -0.03050100 -0.02686600
v -0.00283300 -0.03034700 -0.02650000
v -0.00294000 -0.03058600 -0.02686100
v -0.00278100 -0.03041900 -0.02650000
v -0.00272200 -0.03079700 -0.02685000
v -0.00259900 -0.03059500 -0.02650000
v -0.00263300 -0.03085800 -0.02684600
v -0.00312800 -0.02983400 -0.02681400
v -0.00319400 -0.02984600 -0.02690600
v -0.00335500 -0.02986800 -0.02706600
v -0.00350000 -0.03025800 -0.02714800
v -0.00354900 -0.02988700 -0.02718500
v -0.00245000 -0.03133000 -0.02705200
v -0.00280800 -0.03117200 -0.02706400
v -0.00292200 -0.03109600 -0.02707100
v -0.00320400 -0.03083100 -0.02709400
v -0.00328500 -0.03072400 -0.02710400
v -0.00346000 -0.03038500 -0.02713500
v 0.00330000 -0.02817000 -0.02720700
v 0.00307800 -0.02812600 -0.02688400
v 0.00310700 -0.02897900 -0.02684900
v 0.00364900 -0.02904500 -0.02732100
v 0.00363100 -0.02819800 -0.02742100
v 0.00363100 -0.02819800 -0.02742100
v 0.00333300 -0.02901800 -0.02713500
v 0.00300000 -0.02893400 -0.02650000
v 0.00300000 -0.02807500 -0.02650000
v -0.00330000 -0.02817000 -0.02720700
v -0.00363100 -0.02819800 -0.02742100
v -0.00364900 -0.02904500 -0.02732100
v -0.00300000 -0.02893400 -0.02650000
v -0.00300000 -0.02893400 -0.02650000
v -0.00310700 -0.02897900 -0.02684900
v -0.00307800 -0.02812600 -0.02688400
v -0.00310700 -0.02897900 -0.02684900
v -0.00307800 -0.02812600 -0.02688400
v -0.00333300 -0.02901800 -0.02713500
v -0.00364900 -0.02904500 -0.02732100
v -0.00363100 -0.02819800 -0.02742100
v -0.00330000 -0.02817000 -0.02720700
v 0.00330100 -0.02652700 -0.02744500
v 0.00330500 -0.02266400 -0.02813400
v 0.00307900 -0.02259900 -0.02781200
v 0.00307900 -0.02259900 -0.02781200
v 0.00363300 -0.02656000 -0.02765800
v 0.00307800 -0.02647700 -0.02712200
v 0.00307900 -0.02259900 -0.02781200
v 0.00307800 -0.02647700 -0.02712200
v 0.00330100 -0.02652700 -0.02744500
v 0.00363300 -0.02656000 -0.02765800
v 0.00364000 -0.02270600 -0.02834400
v 0.00365100 -0.01880000 -0.02921100
v 0.00360500 -0.01879600 -0.02919200
v 0.00330100 -0.02652700 -0.02744500
v 0.00331000 -0.01875100 -0.02900300
v 0.00324100 -0.01873400 -0.02893200
v 0.00308100 -0.01867500 -0.02868200
v 0.00303200 -0.01864200 -0.02854300
v -0.00360500 -0.01879600 -0.02919200
v -0.00365100 -0.01880000 -0.02921100
v -0.00364000 -0.02270600 -0.02834400
v -0.00307800 -0.02647700 -0.02712200
v -0.00307900 -0.02259900 -0.02781200
v -0.00330500 -0.02266400 -0.02813400
v -0.00330100 -0.02652700 -0.02744500
v -0.00307800 -0.02647700 -0.02712200
v -0.00363300 -0.02656000 -0.02765800
v -0.00363300 -0.02656000 -0.02765800
v -0.00303200 -0.01864200 -0.02854300
v -0.00308100 -0.01867500 -0.02868200
v -0.00330500 -0.02266400 -0.02813400
v -0.00324100 -0.01873400 -0.02893200
v -0.00331000 -0.01875100 -0.02900300
v -0.00330100 -0.02652700 -0.02744500
v -0.00364000 -0.02270600 -0.02834400
v 0.00341100 -0.01788500 -0.02870500
v 0.00313200 -0.01822100 -0.02863900
v 0.00332200 -0.01839500 -0.02900900
v 0.00381300 -0.01770400 -0.02873600
v 0.00381200 -0.01770000 -0.02872900
v 0.00341100 -0.01788500 -0.02870500
v 0.00313200 -0.01822100 -0.02863900
v 0.00354700 -0.01812400 -0.02906200
v 0.00387100 -0.01797900 -0.02908500
v 0.00395500 -0.01837600 -0.02927600
v 0.00377500 -0.01845600 -0.02926500
v 0.00377500 -0.01845600 -0.02926500
v 0.00395500 -0.01837600 -0.02927600
v 0.00387100 -0.01797900 -0.02908500
v 0.00354700 -0.01812400 -0.02906200
v 0.00364900 -0.01860700 -0.02923500
v 0.00332200 -0.01839500 -0.02900900
v 0.00341100 -0.01788500 -0.02870500
v 0.00354700 -0.01812400 -0.02906200
v -0.00341100 -0.01788500 -0.02870500
v -0.00341100 -0.01788500 -0.02870500
v -0.00313200 -0.01822100 -0.02863900
v -0.00313200 -0.01822100 -0.02863900
v -0.00332200 -0.01839500 -0.02900900
v -0.00381200 -0.01770000 -0.02872900
v -0.00381300 -0.01770400 -0.02873600
v -0.00381300 -0.01770400 -0.02873600
v -0.00354700 -0.01812400 -0.02906200
v -0.00364900 -0.01860700 -0.02923500
v -0.00332200 -0.01839500 -0.02900900
v -0.00387000 -0.01797500 -0.02908200
v -0.00387100 -0.01797900 -0.02908500
v -0.00377500 -0.01845600 -0.02926500
v -0.00395500 -0.01837600 -0.02927600
v -0.00377500 -0.01845600 -0.02926500
v -0.00395500 -0.01837600 -0.02927600
v -0.00341100 -0.01788500 -0.02870500
v -0.00354700 -0.01812400 -0.02906200
v 0.01336200 -0.01261400 -0.02908100
v 0.01315400 -0.01241700 -0.02873000
v 0.01186600 -0.01365600 -0.02873100
v 0.00503400 -0.01811200 -0.02927600
v 0.00485100 -0.01745000 -0.02873600
v 0.00571900 -0.01718500 -0.02873600
v 0.00730900 -0.01656900 -0.02873600
v 0.00883900 -0.01580000 -0.02873400
v 0.01232600 -0.01417900 -0.02927000
v 0.01091800 -0.01529500 -0.02927200
v 0.01070100 -0.01544900 -0.02927200
v 0.00917900 -0.01640200 -0.02927400
v 0.00758900 -0.01719800 -0.02927600
v 0.00593700 -0.01783700 -0.02927600
v 0.00503400 -0.01811200 -0.02927600
v 0.01030300 -0.01488000 -0.02873300
v 0.01051200 -0.01473200 -0.02873200
v 0.01186600 -0.01365600 -0.02873100
v 0.01315400 -0.01241700 -0.02873000
v 0.01365900 -0.01289800 -0.02926900
v 0.01232600 -0.01417900 -0.02927000
v 0.01365900 -0.01289800 -0.02926900
v 0.01205500 -0.01387000 -0.02908100
v 0.01091800 -0.01529500 -0.02927200
v 0.01067900 -0.01496300 -0.02908200
v 0.01070100 -0.01544900 -0.02927200
v 0.01046600 -0.01511300 -0.02908300
v 0.00917900 -0.01640200 -0.02927400
v 0.00897900 -0.01604700 -0.02908400
v 0.00758900 -0.01719800 -0.02927600
v 0.00742400 -0.01682600 -0.02908500
v 0.00593700 -0.01783700 -0.02927600
v 0.00580800 -0.01745200 -0.02908500
v 0.00492600 -0.01772100 -0.02908500
v 0.00492600 -0.01772100 -0.02908500
v 0.01336200 -0.01261400 -0.02908100
v 0.01205500 -0.01387000 -0.02908100
v 0.01067900 -0.01496300 -0.02908200
v 0.01051200 -0.01473200 -0.02873200
v 0.01046600 -0.01511300 -0.02908300
v 0.01030300 -0.01488000 -0.02873300
v 0.00897900 -0.01604700 -0.02908400
v 0.00883900 -0.01580000 -0.02873400
v 0.00742400 -0.01682600 -0.02908500
v 0.00730900 -0.01656900 -0.02873600
v 0.00580800 -0.01745200 -0.02908500
v 0.00571900 -0.01718500 -0.02873600
v -0.01315400 -0.01241800 -0.02873000
v -0.01240000 -0.01317000 -0.02873000
v -0.01365900 -0.01289900 -0.02926900
v -0.01287900 -0.01367600 -0.02926900
v -0.01365900 -0.01289900 -0.02926900
v -0.01287900 -0.01367600 -0.02926900
v -0.01336100 -0.01261500 -0.02908100
v -0.01175300 -0.01375400 -0.02873100
v -0.01175300 -0.01375400 -0.02873100
v -0.01240000 -0.01317000 -0.02873000
v -0.01259600 -0.01337700 -0.02908100
v -0.01315400 -0.01241800 -0.02873000
v -0.01336100 -0.01261500 -0.02908100
v -0.01259600 -0.01337700 -0.02908100
v -0.01194000 -0.01397000 -0.02908100
v -0.01194000 -0.01397000 -0.02908100
v -0.01039400 -0.01481700 -0.02873200
v -0.01039400 -0.01481700 -0.02873200
v -0.01220800 -0.01428100 -0.02927000
v -0.01079500 -0.01538300 -0.02927200
v -0.01220800 -0.01428100 -0.02927000
v -0.01079500 -0.01538300 -0.02927200
v -0.01055800 -0.01504900 -0.02908200
v -0.00908000 -0.01598900 -0.02908400
v -0.01055800 -0.01504900 -0.02908200
v -0.00908000 -0.01598900 -0.02908400
v -0.00893900 -0.01574400 -0.02873400
v -0.00738900 -0.01653300 -0.02873600
v -0.00928200 -0.01634300 -0.02927400
v -0.00928200 -0.01634300 -0.02927400
v -0.00750500 -0.01679000 -0.02908500
v -0.00750500 -0.01679000 -0.02908500
v -0.00706800 -0.01667300 -0.02873600
v -0.00893900 -0.01574400 -0.02873400
v -0.00738900 -0.01653300 -0.02873600
v -0.00706800 -0.01667300 -0.02873600
v -0.00733800 -0.01730600 -0.02927600
v -0.00567200 -0.01792300 -0.02927600
v -0.00733800 -0.01730600 -0.02927600
v -0.00567200 -0.01792300 -0.02927600
v -0.00554900 -0.01753600 -0.02908500
v -0.00767200 -0.01716000 -0.02927600
v -0.00767200 -0.01716000 -0.02927600
v -0.00717900 -0.01693300 -0.02908500
v -0.00717900 -0.01693300 -0.02908500
v -0.00554900 -0.01753600 -0.02908500
v -0.00546400 -0.01726800 -0.02873600
v -0.00546400 -0.01726800 -0.02873600
v 0.01709100 -0.00790800 -0.02927700
v 0.01338800 -0.01213600 -0.02868900
v 0.01506700 -0.00997600 -0.02868900
v 0.01735700 -0.00502500 -0.02868900
v 0.01640000 -0.00758800 -0.02868900
v 0.01506700 -0.00997600 -0.02868900
v 0.01791700 -0.00234800 -0.02868900
v 0.01780100 0.00310600 -0.02868900
v 0.01806600 0.00038300 -0.02868900
v 0.01712800 0.00575700 -0.02868900
v 0.01463000 0.01060600 -0.02868900
v 0.01606300 0.00827600 -0.02868900
v 0.01286200 0.01269300 -0.02868900
v 0.00848800 0.01595200 -0.02868900
v 0.01079900 0.01448900 -0.02868900
v 0.00598300 0.01705100 -0.02868900
v 0.00062200 0.01805900 -0.02868900
v 0.00334100 0.01775900 -0.02868900
v -0.00000000 0.01807000 -0.02868900
v 0.00064800 0.01882100 -0.02927700
v -0.00000000 0.01883200 -0.02927700
v 0.00623500 0.01777000 -0.02927700
v 0.00348200 0.01850700 -0.02927700
v 0.00884600 0.01662500 -0.02927700
v 0.01125400 0.01509900 -0.02927700
v 0.01524700 0.01105300 -0.02927700
v 0.01674100 0.00862500 -0.02927700
v 0.01340400 0.01322800 -0.02927700
v 0.01855200 0.00323700 -0.02927700
v 0.01785100 0.00600000 -0.02927700
v 0.01882800 0.00039900 -0.02927700
v 0.01867200 -0.00244700 -0.02927700
v 0.01882800 0.00039900 -0.02927700
v 0.01808900 -0.00523700 -0.02927700
v 0.01570200 -0.01039700 -0.02927700
v 0.01395300 -0.01264700 -0.02927700
v 0.01338800 -0.01213600 -0.02868900
v 0.01361500 -0.01234100 -0.02908100
v 0.01506700 -0.00997600 -0.02868900
v 0.01532100 -0.01014500 -0.02908100
v 0.01640000 -0.00758800 -0.02868900
v 0.01667700 -0.00771600 -0.02908100
v 0.01735700 -0.00502500 -0.02868900
v 0.01765100 -0.00511000 -0.02908100
v 0.01791700 -0.00234800 -0.02868900
v 0.01822000 -0.00238800 -0.02908100
v 0.01806600 0.00038300 -0.02868900
v 0.01837100 0.00039000 -0.02908100
v 0.01780100 0.00310600 -0.02868900
v 0.01810200 0.00315800 -0.02908100
v 0.01712800 0.00575700 -0.02868900
v 0.01741800 0.00585400 -0.02908100
v 0.01606300 0.00827600 -0.02868900
v 0.01633500 0.00841600 -0.02908100
v 0.01463000 0.01060600 -0.02868900
v 0.01487700 0.01078500 -0.02908100
v 0.01286200 0.01269300 -0.02868900
v 0.01307900 0.01290700 -0.02908100
v 0.01079900 0.01448900 -0.02868900
v 0.01098100 0.01473300 -0.02908100
v 0.00848800 0.01595200 -0.02868900
v 0.00863100 0.01622200 -0.02908100
v 0.00598300 0.01705100 -0.02868900
v 0.00608400 0.01733900 -0.02908100
v 0.00334100 0.01775900 -0.02868900
v 0.00339700 0.01805900 -0.02908100
v 0.00062200 0.01805900 -0.02868900
v 0.00063300 0.01836500 -0.02908100
v -0.00000000 0.01807000 -0.02868900
v -0.00000000 0.01837600 -0.02908100
v 0.01361500 -0.01234100 -0.02908100
v 0.01395300 -0.01264700 -0.02927700
v 0.01532100 -0.01014500 -0.02908100
v 0.01570200 -0.01039700 -0.02927700
v 0.01667700 -0.00771600 -0.02908100
v 0.01709100 -0.00790800 -0.02927700
v 0.01765100 -0.00511000 -0.02908100
v 0.01808900 -0.00523700 -0.02927700
v 0.01822000 -0.00238800 -0.02908100
v 0.01867200 -0.00244700 -0.02927700
v 0.01837100 0.00039000 -0.02908100
v 0.01882800 0.00039900 -0.02927700
v 0.01810200 0.00315800 -0.02908100
v 0.01855200 0.00323700 -0.02927700
v 0.01741800 0.00585400 -0.02908100
v 0.01785100 0.00600000 -0.02927700
v 0.01633500 0.00841600 -0.02908100
v 0.01674100 0.00862500 -0.02927700
v 0.01487700 0.01078500 -0.02908100
v 0.01524700 0.01105300 -0.02927700
v 0.01307900 0.01290700 -0.02908100
v 0.01340400 0.01322800 -0.02927700
v 0.01098100 0.01473300 -0.02908100
v 0.01125400 0.01509900 -0.02927700
v 0.00863100 0.01622200 -0.02908100
v 0.00884600 0.01662500 -0.02927700
v 0.00608400 0.01733900 -0.02908100
v 0.00623500 0.01777000 -0.02927700
v 0.00339700 0.01805900 -0.02908100
v 0.00348200 0.01850700 -0.02927700
v 0.00063300 0.01836500 -0.02908100
v 0.00064800 0.01882100 -0.02927700
v -0.00000000 0.01837600 -0.02908100
v -0.00000000 0.01883200 -0.02927700
v -0.01791700 -0.00234800 -0.02868900
v -0.01735700 -0.00502600 -0.02868900
v -0.01712900 0.00575700 -0.02868900
v -0.01780100 0.00310500 -0.02868900
v -0.01286200 0.01269300 -0.02868900
v -0.01463000 0.01060600 -0.02868900
v -0.00598300 0.01705100 -0.02868900
v -0.00848800 0.01595200 -0.02868900
v -0.01395200 -0.01264800 -0.02927700
v -0.01709100 -0.00790800 -0.02927700
v -0.01570200 -0.01039700 -0.02927700
v -0.01867200 -0.00244700 -0.02927700
v -0.01808900 -0.00523800 -0.02927700
v -0.01882800 0.00039900 -0.02927700
v -0.01855200 0.00323600 -0.02927700
v -0.01882800 0.00039900 -0.02927700
v -0.01867200 -0.00244700 -0.02927700
v -0.01674100 0.00862500 -0.02927700
v -0.01785100 0.00599900 -0.02927700
v -0.01524700 0.01105300 -0.02927700
v -0.01125400 0.01509900 -0.02927700
v -0.01340400 0.01322800 -0.02927700
v -0.00884600 0.01662500 -0.02927700
v -0.00623500 0.01777000 -0.02927700
v -0.00064800 0.01882100 -0.02927700
v -0.00348200 0.01850700 -0.02927700
v -0.00062200 0.01805900 -0.02868900
v -0.00334100 0.01775900 -0.02868900
v -0.01079900 0.01448800 -0.02868900
v -0.01606400 0.00827600 -0.02868900
v -0.01806600 0.00038300 -0.02868900
v -0.01780100 0.00310500 -0.02868900
v -0.01506600 -0.00997700 -0.02868900
v -0.01640000 -0.00758800 -0.02868900
v -0.01338800 -0.01213600 -0.02868900
v -0.01395200 -0.01264800 -0.02927700
v -0.01361400 -0.01234100 -0.02908100
v -0.01570200 -0.01039700 -0.02927700
v -0.01532100 -0.01014500 -0.02908100
v -0.01709100 -0.00790800 -0.02927700
v -0.01667700 -0.00771600 -0.02908100
v -0.01808900 -0.00523800 -0.02927700
v -0.01765000 -0.00511100 -0.02908100
v -0.01867200 -0.00244700 -0.02927700
v -0.01822000 -0.00238800 -0.02908100
v -0.01882800 0.00039900 -0.02927700
v -0.01837100 0.00038900 -0.02908100
v -0.01855200 0.00323600 -0.02927700
v -0.01810200 0.00315800 -0.02908100
v -0.01785100 0.00599900 -0.02927700
v -0.01741800 0.00585400 -0.02908100
v -0.01674100 0.00862500 -0.02927700
v -0.01633500 0.00841600 -0.02908100
v -0.01524700 0.01105300 -0.02927700
v -0.01487700 0.01078500 -0.02908100
v -0.01340400 0.01322800 -0.02927700
v -0.01307900 0.01290700 -0.02908100
v -0.01125400 0.01509900 -0.02927700
v -0.01098100 0.01473300 -0.02908100
v -0.00884600 0.01662500 -0.02927700
v -0.00863200 0.01622200 -0.02908100
v -0.00623500 0.01777000 -0.02927700
v -0.00608400 0.01733900 -0.02908100
v -0.00348200 0.01850700 -0.02927700
v -0.00339700 0.01805900 -0.02908100
v -0.00064800 0.01882100 -0.02927700
v -0.00063300 0.01836500 -0.02908100
v -0.01361400 -0.01234100 -0.02908100
v -0.01338800 -0.01213600 -0.02868900
v -0.01532100 -0.01014500 -0.02908100
v -0.01506600 -0.00997700 -0.02868900
v -0.01667700 -0.00771600 -0.02908100
v -0.01640000 -0.00758800 -0.02868900
v -0.01765000 -0.00511100 -0.02908100
v -0.01735700 -0.00502600 -0.02868900
v -0.01822000 -0.00238800 -0.02908100
v -0.01791700 -0.00234800 -0.02868900
v -0.01837100 0.00038900 -0.02908100
v -0.01806600 0.00038300 -0.02868900
v -0.01810200 0.00315800 -0.02908100
v -0.01780100 0.00310500 -0.02868900
v -0.01741800 0.00585400 -0.02908100
v -0.01712900 0.00575700 -0.02868900
v -0.01633500 0.00841600 -0.02908100
v -0.01606400 0.00827600 -0.02868900
v -0.01487700 0.01078500 -0.02908100
v -0.01463000 0.01060600 -0.02868900
v -0.01307900 0.01290700 -0.02908100
v -0.01286200 0.01269300 -0.02868900
v -0.01098100 0.01473300 -0.02908100
v -0.01079900 0.01448800 -0.02868900
v -0.00863200 0.01622200 -0.02908100
v -0.00848800 0.01595200 -0.02868900
v -0.00608400 0.01733900 -0.02908100
v -0.00598300 0.01705100 -0.02868900
v -0.00339700 0.01805900 -0.02908100
v -0.00334100 0.01775900 -0.02868900
v -0.00063300 0.01836500 -0.02908100
v -0.00062200 0.01805900 -0.02868900
v -0.02785500 0.00144300 -0.02669800
v -0.02785500 0.00144300 -0.02669800
v -0.02865000 0.00146200 -0.02664900
v -0.02865000 0.00146200 -0.02664900
v -0.02785200 0.00142300 -0.02665300
v -0.02865600 0.00135400 -0.02653900
v -0.02812300 0.00118100 -0.02649700
v -0.02798100 0.00130900 -0.02653300
v -0.02797000 0.00131800 -0.02653800
v -0.02789300 0.00138700 -0.02659900
v -0.02946300 0.00139600 -0.02653900
v -0.02946300 0.00139600 -0.02653900
v -0.02945700 0.00150400 -0.02664900
v -0.02945700 0.00150400 -0.02664900
v -0.02950000 0.00139600 -0.02653900
v -0.02950000 0.00139600 -0.02653900
v -0.02950500 0.00150400 -0.02664900
v -0.02950500 0.00150400 -0.02664900
v -0.02956600 0.00149700 -0.02664900
v -0.02954600 0.00139100 -0.02653900
v -0.02956600 0.00149700 -0.02664900
v -0.02971100 0.00144400 -0.02664900
v -0.02982900 0.00134600 -0.02664800
v -0.02990900 0.00121500 -0.02664600
v -0.02990900 0.00121500 -0.02664600
v -0.02994100 0.00106400 -0.02664400
v -0.02994100 0.00106400 -0.02664400
v -0.02989300 0.00106400 -0.02658200
v -0.02954600 0.00139100 -0.02653900
v -0.02971100 0.00144400 -0.02664900
v -0.02965600 0.00135100 -0.02653900
v -0.02982900 0.00134600 -0.02664800
v -0.02974600 0.00127700 -0.02653800
v -0.02980700 0.00117700 -0.02653600
v -0.02983100 0.00106300 -0.02653400
v -0.02965600 0.00135100 -0.02653900
v -0.02974600 0.00127700 -0.02653800
v -0.02980700 0.00117700 -0.02653600
v -0.02983100 0.00106300 -0.02653400
v -0.02983100 0.00106300 -0.02653400
v -0.02601600 -0.01489000 -0.02273200
v -0.02674600 -0.01353200 -0.02296000
v -0.02997500 0.00039500 -0.02665200
v -0.02991000 0.00040000 -0.02655500
v -0.02981200 0.00040300 -0.02649000
v -0.02978500 -0.00129800 -0.02631700
v -0.02997500 0.00039500 -0.02665200
v -0.02994700 -0.00132800 -0.02647700
v -0.02982100 -0.00304900 -0.02616100
v -0.02959200 -0.00478000 -0.02572000
v -0.02965900 -0.00299700 -0.02600300
v -0.02943100 -0.00470900 -0.02556400
v -0.02925000 -0.00571200 -0.02526100
v -0.02875800 -0.00779700 -0.02456500
v -0.02809100 -0.00992300 -0.02382700
v -0.02740400 -0.01168400 -0.02325900
v -0.02660000 -0.01342200 -0.02280000
v -0.02959200 -0.00478000 -0.02572000
v -0.02941000 -0.00579300 -0.02541700
v -0.02891600 -0.00789400 -0.02472000
v -0.02824500 -0.01003200 -0.02398300
v -0.02755500 -0.01179600 -0.02341700
v -0.02674600 -0.01353200 -0.02296000
v -0.02994700 -0.00132800 -0.02647700
v -0.02988300 -0.00131100 -0.02638100
v -0.02975700 -0.00302100 -0.02606600
v -0.02952900 -0.00474200 -0.02562500
v -0.02941000 -0.00579300 -0.02541700
v -0.02934800 -0.00575100 -0.02532200
v -0.02891600 -0.00789400 -0.02472000
v -0.02885500 -0.00784400 -0.02462500
v -0.02824500 -0.01003200 -0.02398300
v -0.02818600 -0.00997800 -0.02388700
v -0.02749800 -0.01174200 -0.02331900
v -0.02669000 -0.01348100 -0.02286200
v -0.02596000 -0.01484700 -0.02263300
v -0.02991000 0.00040000 -0.02655500
v -0.02988300 -0.00131100 -0.02638100
v -0.02978500 -0.00129800 -0.02631700
v -0.02975700 -0.00302100 -0.02606600
v -0.02965900 -0.00299700 -0.02600300
v -0.02952900 -0.00474200 -0.02562500
v -0.02952900 -0.00474200 -0.02562500
v -0.02943100 -0.00470900 -0.02556400
v -0.02943100 -0.00470900 -0.02556400
v -0.02943100 -0.00470900 -0.02556400
v -0.02934800 -0.00575100 -0.02532200
v -0.02934800 -0.00575100 -0.02532200
v -0.02934800 -0.00575100 -0.02532200
v -0.02925000 -0.00571200 -0.02526100
v -0.02925000 -0.00571200 -0.02526100
v -0.02885500 -0.00784400 -0.02462500
v -0.02875800 -0.00779700 -0.02456500
v -0.02818600 -0.00997800 -0.02388700
v -0.02809100 -0.00992300 -0.02382700
v -0.02749800 -0.01174200 -0.02331900
v -0.02740400 -0.01168400 -0.02325900
v -0.02669000 -0.01348100 -0.02286200
v -0.02660000 -0.01342200 -0.02280000
v -0.02587400 -0.01479100 -0.02257000
v -0.02587400 -0.01479100 -0.02257000
v -0.02564200 -0.01526200 -0.02255700
v -0.02522900 -0.01558600 -0.02250000
v -0.02523100 -0.01558700 -0.02250000
v -0.02522700 -0.01558400 -0.02250000
v -0.02564200 -0.01526200 -0.02255700
v -0.02559900 -0.01523100 -0.02253200
v -0.02559900 -0.01523100 -0.02253200
v -0.02559900 -0.01523100 -0.02253200
v -0.02555300 -0.01519900 -0.02251700
v -0.02594800 -0.01496900 -0.02268600
v -0.02589000 -0.01492700 -0.02260600
v -0.02589000 -0.01492700 -0.02260600
v -0.02589000 -0.01492700 -0.02260600
v -0.02581100 -0.01487400 -0.02255600
v 0.02812300 0.00118100 -0.02649700
v 0.02865600 0.00135400 -0.02653900
v 0.02865600 0.00135400 -0.02653900
v 0.02798100 0.00130900 -0.02653300
v 0.02797000 0.00131800 -0.02653800
v 0.02789300 0.00138700 -0.02659900
v 0.02865000 0.00146200 -0.02664900
v 0.02785200 0.00142300 -0.02665300
v 0.02785800 0.00146000 -0.02679600
v 0.02785700 0.00145400 -0.02673800
v 0.02945700 0.00150400 -0.02664900
v 0.02945700 0.00150400 -0.02664900
v 0.02946300 0.00139600 -0.02653900
v 0.02946300 0.00139600 -0.02653900
v 0.02950000 0.00139600 -0.02653900
v 0.02950000 0.00139600 -0.02653900
v 0.02950500 0.00150400 -0.02664900
v 0.02950500 0.00150400 -0.02664900
v 0.02989300 0.00106400 -0.02658200
v 0.02994100 0.00106400 -0.02664400
v 0.02993400 0.00112500 -0.02664500
v 0.02993400 0.00112500 -0.02664500
v 0.02989300 0.00106400 -0.02658200
v 0.02993400 0.00112500 -0.02664500
v 0.02983100 0.00106300 -0.02653400
v 0.02983100 0.00106300 -0.02653400
v 0.02983100 0.00106300 -0.02653400
v 0.02982600 0.00110900 -0.02653500
v 0.02988300 0.00127000 -0.02664700
v 0.02978600 0.00139000 -0.02664800
v 0.02965600 0.00147100 -0.02664900
v 0.02982600 0.00110900 -0.02653500
v 0.02988300 0.00127000 -0.02664700
v 0.02978700 0.00121900 -0.02653700
v 0.02978600 0.00139000 -0.02664800
v 0.02971300 0.00131000 -0.02653800
v 0.02965600 0.00147100 -0.02664900
v 0.02961400 0.00137100 -0.02653900
v 0.02978700 0.00121900 -0.02653700
v 0.02971300 0.00131000 -0.02653800
v 0.02961400 0.00137100 -0.02653900
v 0.02971000 -0.00246100 -0.02611600
v 0.02987200 -0.00250700 -0.02627500
v 0.02601600 -0.01489000 -0.02273200
v 0.02596000 -0.01484700 -0.02263300
v 0.02601600 -0.01489000 -0.02273200
v 0.02669200 -0.01363900 -0.02293700
v 0.02669200 -0.01363900 -0.02293700
v 0.02587400 -0.01479100 -0.02257000
v 0.02587400 -0.01479100 -0.02257000
v 0.02663600 -0.01358900 -0.02283800
v 0.02738000 -0.01219800 -0.02330000
v 0.02801500 -0.01065800 -0.02377400
v 0.02858700 -0.00901300 -0.02433200
v 0.02869300 -0.00866900 -0.02445100
v 0.02927500 -0.00644100 -0.02521000
v 0.02738000 -0.01219800 -0.02330000
v 0.02732200 -0.01214400 -0.02320200
v 0.02801500 -0.01065800 -0.02377400
v 0.02795600 -0.01060400 -0.02367700
v 0.02858700 -0.00901300 -0.02433200
v 0.02852700 -0.00896100 -0.02423600
v 0.02869300 -0.00866900 -0.02445100
v 0.02863300 -0.00861700 -0.02435600
v 0.02927500 -0.00644100 -0.02521000
v 0.02921300 -0.00639600 -0.02511500
v 0.02663600 -0.01358900 -0.02283800
v 0.02654600 -0.01352900 -0.02277700
v 0.02732200 -0.01214400 -0.02320200
v 0.02722900 -0.01208500 -0.02314200
v 0.02795600 -0.01060400 -0.02367700
v 0.02786100 -0.01054800 -0.02361800
v 0.02852700 -0.00896100 -0.02423600
v 0.02843100 -0.00891000 -0.02417700
v 0.02863300 -0.00861700 -0.02435600
v 0.02853600 -0.00856700 -0.02429600
v 0.02921300 -0.00639600 -0.02511500
v 0.02921300 -0.00639600 -0.02511500
v 0.02911500 -0.00635500 -0.02505500
v 0.02911500 -0.00635500 -0.02505500
v 0.02911500 -0.00635500 -0.02505500
v 0.02587400 -0.01479100 -0.02257000
v 0.02654600 -0.01352900 -0.02277700
v 0.02722900 -0.01208500 -0.02314200
v 0.02786100 -0.01054800 -0.02361800
v 0.02843100 -0.00891000 -0.02417700
v 0.02853600 -0.00856700 -0.02429600
v 0.02911500 -0.00635500 -0.02505500
v 0.02966600 -0.00430000 -0.02585400
v 0.02960200 -0.00426500 -0.02575800
v 0.02960200 -0.00426500 -0.02575800
v 0.02960200 -0.00426500 -0.02575800
v 0.02950500 -0.00423400 -0.02569600
v 0.02950500 -0.00423400 -0.02569600
v 0.02971000 -0.00246100 -0.02611600
v 0.02980700 -0.00248200 -0.02617900
v 0.02980700 -0.00248200 -0.02617900
v 0.02996900 -0.00071300 -0.02655700
v 0.02990400 -0.00070000 -0.02646000
v 0.02980600 -0.00069000 -0.02639500
v 0.02980600 -0.00069000 -0.02639500
v 0.02594800 -0.01496900 -0.02268600
v 0.02522700 -0.01558400 -0.02250000
v 0.02522900 -0.01558600 -0.02250000
v 0.02523100 -0.01558700 -0.02250000
v 0.02555300 -0.01519900 -0.02251700
v 0.02559900 -0.01523100 -0.02253200
v 0.02559900 -0.01523100 -0.02253200
v 0.02522900 -0.01558600 -0.02250000
v 0.02564200 -0.01526200 -0.02255700
v 0.02581100 -0.01487400 -0.02255600
v 0.02581100 -0.01487400 -0.02255600
v 0.02589000 -0.01492700 -0.02260600
v 0.02589000 -0.01492700 -0.02260600
v 0.02559900 -0.01523100 -0.02253200
v 0.02594800 -0.01496900 -0.02268600
v 0.02564200 -0.01526200 -0.02255700
v 0.02802300 0.00082500 -0.02651000
v 0.02783300 0.00097600 -0.02679000
v 0.02786100 0.00081500 -0.02667200
v 0.02783200 0.00101800 -0.02677800
v 0.02783300 0.00097800 -0.02678900
v 0.02797000 0.00131800 -0.02653800
v 0.02792600 0.00082000 -0.02657500
v 0.02789300 0.00138700 -0.02659900
v 0.02801100 -0.00114600 -0.02633800
v 0.02803000 0.00052800 -0.02649700
v 0.02786800 0.00051700 -0.02665900
v 0.02784800 -0.00116100 -0.02649800
v 0.02772800 -0.00283200 -0.02620000
v 0.02772800 -0.00283200 -0.02620000
v 0.02750400 -0.00450900 -0.02577800
v 0.02766400 -0.00449200 -0.02562200
v 0.02788900 -0.00281500 -0.02604100
v 0.02788900 -0.00281500 -0.02604100
v 0.02717200 -0.00620200 -0.02525800
v 0.02708900 -0.00655500 -0.02514100
v 0.02708900 -0.00655500 -0.02514100
v 0.02648700 -0.00866900 -0.02440700
v 0.02472900 -0.01285400 -0.02307500
v 0.02553100 -0.01117600 -0.02355600
v 0.02572200 -0.01072800 -0.02370100
v 0.02793300 0.00052300 -0.02656100
v 0.02791400 -0.00115100 -0.02640200
v 0.02779300 -0.00281900 -0.02610500
v 0.02756900 -0.00449400 -0.02568600
v 0.02723700 -0.00618700 -0.02516800
v 0.02715300 -0.00654100 -0.02505200
v 0.02655100 -0.00865900 -0.02431900
v 0.02578400 -0.01072500 -0.02361200
v 0.02553100 -0.01117600 -0.02355600
v 0.02559200 -0.01117500 -0.02346700
v 0.02478800 -0.01286200 -0.02298400
v 0.02732900 -0.00618800 -0.02510500
v 0.02724600 -0.00654200 -0.02498900
v 0.02664000 -0.00866600 -0.02425600
v 0.02587000 -0.01074000 -0.02354800
v 0.02567700 -0.01119200 -0.02340300
v 0.02487100 -0.01288900 -0.02291900
v 0.02732900 -0.00618800 -0.02510500
v 0.02390500 -0.01433000 -0.02277600
v 0.02396200 -0.01435100 -0.02268200
v 0.02404300 -0.01439000 -0.02261600
v 0.02333700 -0.01553500 -0.02252300
v 0.02325600 -0.01548100 -0.02258800
v 0.02320200 -0.01544500 -0.02268500
v 0.02181100 -0.01735400 -0.02268500
v 0.02026400 -0.01913800 -0.02268500
v 0.02186200 -0.01739400 -0.02258800
v 0.02027600 -0.01915000 -0.02265000
v 0.02031100 -0.01918300 -0.02258800
v 0.02193800 -0.01745500 -0.02252300
v 0.02193800 -0.01745500 -0.02252300
v 0.02035600 -0.01922500 -0.02254000
v 0.02038200 -0.01925000 -0.02252300
v 0.01565300 -0.03089800 -0.02258800
v 0.01571500 -0.03089800 -0.02254000
v 0.01579100 -0.02929200 -0.02254000
v 0.01560600 -0.03089800 -0.02265000
v 0.01568200 -0.02928200 -0.02265000
v 0.01601900 -0.02770100 -0.02254000
v 0.01591100 -0.02768000 -0.02265000
v 0.01639600 -0.02613800 -0.02254000
v 0.01629000 -0.02610700 -0.02265000
v 0.01691800 -0.02461700 -0.02254000
v 0.01681600 -0.02457700 -0.02265000
v 0.01758200 -0.02315300 -0.02254000
v 0.01748400 -0.02310300 -0.02265000
v 0.01838100 -0.02175800 -0.02254000
v 0.01828900 -0.02169900 -0.02265000
v 0.01930900 -0.02044500 -0.02254000
v 0.01922200 -0.02037800 -0.02265000
v 0.01838100 -0.02175800 -0.02254000
v 0.01758200 -0.02315300 -0.02254000
v 0.01691800 -0.02461700 -0.02254000
v 0.01639600 -0.02613800 -0.02254000
v 0.01601900 -0.02770100 -0.02254000
v 0.01579100 -0.02929200 -0.02254000
v 0.01571500 -0.03089800 -0.02254000
v 0.01591100 -0.02768000 -0.02265000
v 0.01629000 -0.02610700 -0.02265000
v 0.01681600 -0.02457700 -0.02265000
v 0.01748400 -0.02310300 -0.02265000
v 0.01828900 -0.02169900 -0.02265000
v 0.01575100 -0.03763200 -0.02252300
v 0.01575100 -0.03763200 -0.02252300
v 0.01565300 -0.03763200 -0.02258800
v 0.01558800 -0.03763200 -0.02268500
v 0.01558800 -0.03763200 -0.02268500
v 0.01558800 -0.03859800 -0.02324300
v 0.01558800 -0.03874700 -0.02380000
v 0.01560600 -0.03878200 -0.02380000
v 0.01565300 -0.03868200 -0.02319400
v 0.01558800 -0.03819000 -0.02283400
v 0.01558800 -0.03819000 -0.02283400
v 0.01565300 -0.03823800 -0.02275000
v 0.01575100 -0.03827100 -0.02269400
v 0.01575100 -0.03827100 -0.02269400
v 0.01575100 -0.03873800 -0.02316100
v 0.01565300 -0.03884400 -0.02380000
v 0.01571500 -0.03889200 -0.02380000
v 0.01575100 -0.03873800 -0.02316100
v 0.01575100 -0.03890900 -0.02380000
v 0.01575100 -0.03890900 -0.02635700
v 0.01571500 -0.03889200 -0.02635700
v 0.01565300 -0.03884400 -0.02635700
v 0.01560600 -0.03878200 -0.02635700
v 0.01558800 -0.03874700 -0.02635700
v 0.01551500 -0.03890000 -0.02668900
v 0.01554800 -0.03890900 -0.02669500
v 0.01548700 -0.03887100 -0.02665200
v 0.01550200 -0.03884300 -0.02660900
v 0.01540200 -0.03868500 -0.02655800
v 0.01547100 -0.03874400 -0.02655200
v 0.01543200 -0.03876800 -0.02658000
v 0.01547200 -0.03885000 -0.02663000
v 0.01561500 -0.03890900 -0.02665000
v 0.01569800 -0.03890900 -0.02655100
v 0.01555100 -0.03884300 -0.02657500
v 0.01561300 -0.03884400 -0.02650200
v 0.01555100 -0.03884300 -0.02657500
v 0.01561300 -0.03884400 -0.02650200
v 0.01550900 -0.03874500 -0.02652600
v 0.01555700 -0.03874600 -0.02646900
v 0.01574400 -0.03890900 -0.02643000
v 0.01574400 -0.03890900 -0.02643000
v 0.01564800 -0.03884400 -0.02641100
v 0.01564800 -0.03884400 -0.02641100
v 0.01558400 -0.03874700 -0.02639900
v 0.01569800 -0.03890900 -0.02655100
v 0.01561500 -0.03890900 -0.02665000
v 0.01556900 -0.03892700 -0.02674900
v 0.01550900 -0.03874500 -0.02652600
v 0.01555700 -0.03874600 -0.02646900
v 0.01555700 -0.03874600 -0.02646900
v 0.01558400 -0.03874700 -0.02639900
v -0.02404300 -0.01439000 -0.02261600
v -0.02783300 0.00097800 -0.02678900
v -0.02786100 0.00081500 -0.02667200
v -0.02797000 0.00131800 -0.02653800
v -0.02802300 0.00082500 -0.02651000
v -0.02789300 0.00138700 -0.02659900
v -0.02792600 0.00082000 -0.02657500
v -0.02772800 -0.00283200 -0.02620000
v -0.02784800 -0.00116100 -0.02649800
v -0.02786800 0.00051700 -0.02665900
v -0.02802300 0.00082500 -0.02651000
v -0.02803000 0.00052800 -0.02649700
v -0.02803000 0.00052800 -0.02649700
v -0.02801000 -0.00114600 -0.02633800
v -0.02788900 -0.00281500 -0.02604100
v -0.02788900 -0.00281500 -0.02604100
v -0.02732900 -0.00618800 -0.02510500
v -0.02766400 -0.00449200 -0.02562200
v -0.02708900 -0.00655500 -0.02514100
v -0.02717200 -0.00620200 -0.02525800
v -0.02750400 -0.00450900 -0.02577800
v -0.02750400 -0.00450900 -0.02577800
v -0.02724600 -0.00654200 -0.02498900
v -0.02664000 -0.00866600 -0.02425600
v -0.02587000 -0.01074000 -0.02354800
v -0.02567700 -0.01119200 -0.02340300
v -0.02793300 0.00052300 -0.02656100
v -0.02801000 -0.00114600 -0.02633800
v -0.02791400 -0.00115100 -0.02640200
v -0.02791400 -0.00115100 -0.02640200
v -0.02779300 -0.00281900 -0.02610500
v -0.02756900 -0.00449400 -0.02568600
v -0.02723700 -0.00618700 -0.02516800
v -0.02715300 -0.00654100 -0.02505200
v -0.02655100 -0.00865900 -0.02431900
v -0.02578400 -0.01072500 -0.02361200
v -0.02559200 -0.01117500 -0.02346700
v -0.02793300 0.00052300 -0.02656100
v -0.02786800 0.00051700 -0.02665900
v -0.02784800 -0.00116100 -0.02649800
v -0.02772800 -0.00283200 -0.02620000
v -0.02648700 -0.00866900 -0.02440700
v -0.02572200 -0.01072800 -0.02370100
v -0.02553100 -0.01117600 -0.02355600
v -0.02648700 -0.00866900 -0.02440700
v -0.02487100 -0.01288900 -0.02291900
v -0.02478800 -0.01286200 -0.02298400
v -0.02478800 -0.01286200 -0.02298400
v -0.02478800 -0.01286200 -0.02298400
v -0.02472900 -0.01285400 -0.02307500
v -0.02472900 -0.01285400 -0.02307500
v -0.02390500 -0.01433000 -0.02277600
v -0.02396200 -0.01435100 -0.02268200
v -0.02396200 -0.01435100 -0.02268200
v -0.02404300 -0.01439000 -0.02261600
v -0.02320200 -0.01544500 -0.02268500
v -0.02390500 -0.01433000 -0.02277600
v -0.02320200 -0.01544500 -0.02268500
v -0.02320200 -0.01544500 -0.02268500
v -0.02325600 -0.01548100 -0.02258800
v -0.02325600 -0.01548100 -0.02258800
v -0.02333700 -0.01553500 -0.02252300
v -0.02333700 -0.01553500 -0.02252300
v -0.02026400 -0.01913800 -0.02268500
v -0.02181100 -0.01735400 -0.02268500
v -0.02027600 -0.01915000 -0.02265000
v -0.02186200 -0.01739400 -0.02258800
v -0.02193800 -0.01745500 -0.02252300
v -0.02035600 -0.01922500 -0.02254000
v -0.02031100 -0.01918300 -0.02258800
v -0.02038200 -0.01925000 -0.02252300
v -0.01930900 -0.02044500 -0.02254000
v -0.01922200 -0.02037800 -0.02265000
v -0.01930900 -0.02044500 -0.02254000
v -0.01838100 -0.02175800 -0.02254000
v -0.01758200 -0.02315300 -0.02254000
v -0.01691800 -0.02461700 -0.02254000
v -0.01639500 -0.02613800 -0.02254000
v -0.01601900 -0.02770100 -0.02254000
v -0.01579100 -0.02929200 -0.02254000
v -0.01571500 -0.03089800 -0.02254000
v -0.01838100 -0.02175800 -0.02254000
v -0.01828900 -0.02169900 -0.02265000
v -0.01758200 -0.02315300 -0.02254000
v -0.01748400 -0.02310300 -0.02265000
v -0.01691800 -0.02461700 -0.02254000
v -0.01681600 -0.02457700 -0.02265000
v -0.01639500 -0.02613800 -0.02254000
v -0.01629000 -0.02610700 -0.02265000
v -0.01601900 -0.02770100 -0.02254000
v -0.01591100 -0.02768000 -0.02265000
v -0.01579100 -0.02929200 -0.02254000
v -0.01568200 -0.02928200 -0.02265000
v -0.01571500 -0.03089800 -0.02254000
v -0.01560600 -0.03089800 -0.02265000
v -0.01828900 -0.02169900 -0.02265000
v -0.01748400 -0.02310300 -0.02265000
v -0.01681600 -0.02457700 -0.02265000
v -0.01629000 -0.02610700 -0.02265000
v -0.01591100 -0.02768000 -0.02265000
v -0.01568200 -0.02928200 -0.02265000
v -0.01560600 -0.03089800 -0.02265000
v -0.01560600 -0.03763200 -0.02265000
v -0.01560600 -0.03763200 -0.02265000
v -0.01571500 -0.03763200 -0.02254000
v -0.01571500 -0.03763200 -0.02254000
v -0.01571500 -0.03763200 -0.02254000
v -0.01565300 -0.03884400 -0.02380000
v -0.01560600 -0.03878200 -0.02380000
v -0.01560600 -0.03869500 -0.02336000
v -0.01560600 -0.03878200 -0.02380000
v -0.01571500 -0.03889200 -0.02380000
v -0.01571500 -0.03879600 -0.02331800
v -0.01560600 -0.03869500 -0.02336000
v -0.01560600 -0.03844600 -0.02298700
v -0.01560600 -0.03807200 -0.02273800
v -0.01560600 -0.03844600 -0.02298700
v -0.01571500 -0.03852300 -0.02290900
v -0.01560600 -0.03807200 -0.02273800
v -0.01571500 -0.03811400 -0.02263600
v -0.01571500 -0.03852300 -0.02290900
v -0.01571500 -0.03811400 -0.02263600
v -0.01575100 -0.03890900 -0.02635700
v -0.01565300 -0.03884400 -0.02635700
v -0.01558800 -0.03874700 -0.02635700
v -0.01558800 -0.03874700 -0.02635700
v -0.01558200 -0.03874600 -0.02640800
v -0.01538900 -0.03862800 -0.02655600
v -0.01543700 -0.03874400 -0.02656700
v -0.01543700 -0.03874400 -0.02656700
v -0.01550200 -0.03874500 -0.02653200
v -0.01554200 -0.03884300 -0.02658300
v -0.01554200 -0.03884300 -0.02658300
v -0.01546800 -0.03884300 -0.02662500
v -0.01546800 -0.03884300 -0.02662500
v -0.01560300 -0.03890900 -0.02665900
v -0.01550300 -0.03888900 -0.02667300
v -0.01556800 -0.03892600 -0.02674900
v -0.01558200 -0.03874600 -0.02640800
v -0.01564500 -0.03884400 -0.02642300
v -0.01574000 -0.03890900 -0.02644500
v -0.01574000 -0.03890900 -0.02644500
v -0.01555300 -0.03874600 -0.02647700
v -0.01555300 -0.03874600 -0.02647700
v -0.01555300 -0.03874600 -0.02647700
v -0.01560700 -0.03884400 -0.02651100
v -0.01569000 -0.03890900 -0.02656400
v -0.01569000 -0.03890900 -0.02656400
v -0.01560700 -0.03884400 -0.02651100
vn -0.03745400 -0.02896400 0.99887900
vn 0.06793400 0.07740700 0.99468200
vn 0.00169300 0.02989000 0.99955200
vn 0.04588300 0.13804700 0.98936200
vn -0.06860000 0.15760300 0.98511700
vn -0.12890100 0.06872900 0.98927300
vn -0.07763100 0.04747000 0.99585100
vn -0.02835100 0.03447700 0.99900300
vn 0.11687500 0.25933000 0.95869100
vn 0.08110400 0.28346800 0.95554600
vn -0.07801600 0.20638900 0.97535500
vn 0.08380300 0.31896000 0.94405600
vn -0.09824700 0.24061700 0.96563500
vn 0.08444200 0.34229300 0.93579100
vn -0.10019800 0.28235800 0.95406200
vn 0.08850300 0.34871500 0.93304100
vn -0.09983400 0.29641500 0.94982700
vn 0.09134500 0.33730500 0.93695300
vn -0.08454700 0.28887200 0.95362700
vn -0.01076300 0.10274300 0.99465000
vn 0.00665300 0.14932800 0.98876500
vn 0.06495500 0.03044100 0.99742400
vn -0.07406200 0.04030600 0.99643900
vn 0.09818000 0.05897300 0.99342000
vn -0.09750900 0.07958100 0.99204800
vn 0.09779300 0.11839100 0.98814000
vn -0.07803700 0.13252300 0.98810300
vn 0.07274600 0.17738000 0.98145000
vn -0.07662100 0.17582700 0.98143500
vn 0.07635500 0.22160500 0.97214300
vn -0.09838300 0.21825400 0.97092000
vn 0.09819400 0.27697300 0.95584700
vn -0.09921400 0.25844000 0.96091900
vn 0.06087500 0.30699600 0.94976200
vn 0.09222900 0.32827200 0.94007000
vn -0.08944600 0.08773300 0.99212000
vn -0.18717900 0.08294800 0.97881700
vn -0.00146400 0.15020800 0.98865300
vn -0.01236900 0.17051200 0.98527800
vn -0.00445700 0.02378600 0.99970700
vn -0.03569200 0.14164200 0.98927400
vn -0.10628700 0.17960700 0.97798000
vn -0.00537400 0.12546000 0.99208400
vn -0.05988600 0.01147800 0.99813900
vn -0.08431400 0.03122300 0.99595000
vn -0.00054500 0.13316300 0.99109400
vn 0.06944100 0.10566100 0.99197500
vn 0.06285200 0.19889100 0.97800400
vn 0.00961900 0.14509100 0.98937200
vn 0.16528700 0.12419200 0.97839500
vn 0.12710200 0.05578300 0.99032000
vn 0.00470600 0.02477600 0.99968200
vn 0.09893700 0.04655300 0.99400400
vn -0.09888500 0.07300900 0.99241700
vn 0.10737000 0.09830700 0.98934700
vn -0.07770000 0.13187400 0.98821700
vn 0.07874100 0.15733200 0.98440200
vn -0.07262900 0.18173400 0.98066200
vn 0.07843800 0.19748300 0.97716300
vn -0.09601200 0.23410300 0.96745900
vn 0.09841200 0.23678400 0.96656500
vn -0.07542900 0.28001900 0.95702700
vn 0.08963500 0.27689100 0.95671100
vn -0.08362900 0.31308600 0.94603500
vn 0.06642900 0.29911900 0.95190100
vn -0.10977900 0.33162800 0.93700100
vn -0.09000700 0.34160100 0.93552500
vn 0.10015600 0.29980200 0.94873000
vn -0.07450600 0.34655500 0.93506600
vn 0.05540100 0.03140000 0.99797000
vn 0.09547900 0.04610700 0.99436300
vn -0.06000400 0.12576000 0.99024400
vn 0.07659900 0.10183400 0.99184800
vn -0.09613100 0.24307500 0.96523200
vn 0.09429300 0.14046800 0.98558500
vn -0.06199900 0.26972500 0.96093900
vn 0.09315700 0.19470400 0.97642800
vn -0.08146000 0.31259300 0.94638800
vn 0.09388900 0.24290100 0.96549700
vn -0.08195300 0.33828300 0.93746900
vn 0.09813700 0.28012800 0.95493300
vn 0.11900900 0.29052100 0.94943900
vn -0.07478700 0.07710900 0.99421400
vn 0.00061000 0.00863900 0.99996200
vn 0.00343800 0.01966500 0.99980100
vn -0.29874900 0.95402700 -0.02413000
vn -0.16996600 0.97771200 0.12325000
vn -0.01653400 0.99983300 -0.00780700
vn -0.04717600 0.98721300 0.15226300
vn 0.03451700 0.99101600 0.12921100
vn -0.57896700 0.81530300 -0.00885300
vn -0.57906800 0.81523000 -0.00891900
vn -0.52961000 0.84023800 0.11624700
vn -0.33813400 0.92686500 0.16305200
vn -0.51650500 0.85575600 -0.03007400
vn -0.51595800 0.85505300 -0.05168800
vn -0.75944200 0.63224400 0.15334700
vn -0.80492900 0.58790300 -0.08036700
vn -0.81827700 0.57014700 -0.07318100
vn -0.92127900 0.36662000 0.12974800
vn -0.96892400 0.23086600 -0.08881300
vn -0.99107400 0.11173900 -0.07270300
vn -0.97871700 0.13422700 0.15523000
vn -0.72061600 -0.48887800 0.49164100
vn -0.69486300 -0.37876000 0.61131500
vn -0.82842300 -0.54683400 0.12119200
vn -0.80894400 -0.49092300 0.32342500
vn -0.83626400 -0.48842600 0.24920300
vn -0.87298600 -0.47591300 0.10678300
vn -0.17724900 -0.12737500 0.97588900
vn -0.10650900 -0.07558400 0.99143500
vn -0.09763500 -0.03582900 0.99457700
vn -0.16746400 -0.03702700 0.98518300
vn -0.57746800 -0.40819100 0.70704400
vn -0.57744800 -0.40821800 0.70704400
vn -0.54657200 -0.34969200 0.76090300
vn -0.58132100 -0.32723500 0.74497200
vn -0.09859300 -0.08533900 0.99146200
vn -0.10063700 -0.08317600 0.99144000
vn -0.19560500 -0.16985000 0.96586200
vn -0.20377200 -0.15959200 0.96592300
vn -0.53544600 -0.46236400 0.70676500
vn -0.54502100 -0.45055500 0.70707300
vn -0.53444300 -0.46346200 0.70680500
vn -0.55668900 -0.43606200 0.70707000
vn -0.73113500 -0.63132200 0.25860000
vn -0.74447200 -0.61545100 0.25880700
vn -0.74894700 -0.64966500 0.13043400
vn -0.78054800 -0.61131800 0.13052000
vn -0.56823700 -0.42131300 0.70682500
vn 0.98910200 0.14723400 0.00016300
vn 0.98777300 0.15590100 0.00000500
vn 0.98911100 0.14717300 0.00016600
vn 0.99268400 0.12070300 0.00312000
vn 0.99268200 0.12071700 0.00311800
vn 0.99355800 0.11332500 0.00025200
vn 0.99440800 0.10559800 0.00113700
vn 0.99199700 0.12609900 -0.00636900
vn 0.99520500 0.09778900 0.00205500
vn 0.99834900 0.05465800 0.01763700
vn 0.99835200 0.05460400 0.01766400
vn 0.95475400 0.00623800 0.29733300
vn 0.99951700 0.02951100 0.00972200
vn 0.99671800 -0.00682000 0.08065900
vn 0.99981800 -0.01873200 -0.00352500
vn 0.99654500 -0.03537400 0.07514000
vn 0.99977500 -0.02120900 -0.00105600
vn 0.99966200 -0.02598600 -0.00103100
vn 0.99933100 -0.03657400 0.00000000
vn -0.99987100 0.01608500 0.00000000
vn -0.99977800 0.02103600 0.00093000
vn -0.99965600 0.02620100 0.00071100
vn -0.99950900 0.03132000 0.00070800
vn -0.99951100 0.03125600 0.00070500
vn -0.99952600 0.03077100 0.00011800
vn -0.99952200 0.03093100 0.00008800
vn -0.99952000 0.03098900 0.00008600
vn -0.99961400 0.02778700 0.00001700
vn -0.99961600 0.02772600 0.00001700
vn -0.99961600 0.02769600 0.00001600
vn -0.99966600 0.02582700 -0.00001400
vn -0.99966400 0.02591900 -0.00001500
vn -0.99963700 0.02692400 -0.00002200
vn -0.98727300 -0.12900200 -0.09300800
vn -0.99321900 -0.06865100 0.09382500
vn -0.99222800 -0.04856100 -0.11456400
vn -0.99601300 -0.02177800 0.08651200
vn -0.99300100 0.01741900 0.11681200
vn -0.97427000 -0.20621400 -0.09095800
vn -0.98762200 -0.13844600 0.07372700
vn -0.98707000 -0.09489200 0.12918200
vn -0.89892500 -0.42885300 -0.08955200
vn -0.92922100 -0.35532700 0.10144300
vn -0.92754100 -0.35899700 -0.10386800
vn -0.95103000 -0.29195500 0.10150700
vn -0.95260000 -0.28606000 -0.10355200
vn -0.96993700 -0.22185200 0.10002100
vn -0.97972500 -0.16151100 0.11854200
vn -0.86090700 -0.50097500 -0.08867100
vn -0.89287900 -0.44288900 0.08134100
vn -0.90964800 -0.38564400 0.15433300
vn -0.74986300 -0.65240600 -0.10986800
vn -0.76621200 -0.63397500 -0.10485900
vn -0.81441900 -0.57116700 -0.10242300
vn 0.05207700 0.99517400 0.08316700
vn 0.06172100 0.99756400 0.03250600
vn 0.05053300 0.99215800 0.11432000
vn 0.05349900 0.99856400 0.00279000
vn 0.01839000 0.99529100 0.09517400
vn -0.00291900 0.99584300 -0.09104200
vn 0.07927400 0.99158900 0.10231100
vn 0.03091900 0.99619200 -0.08151700
vn -0.06903900 0.99390800 -0.08590900
vn -0.06218700 0.99752100 -0.03294500
vn -0.00542500 0.99675600 -0.08030300
vn 0.01048300 0.99375300 -0.11111200
vn 0.00000000 -0.09801700 0.99518500
vn 0.10390500 -0.11724700 0.98765200
vn 0.13068200 0.00309600 0.99141900
vn -0.17309500 -0.09657200 0.98015900
vn -0.10438800 -0.00247400 0.99453400
vn -0.13009900 -0.01029100 0.99144800
vn 0.12982600 0.01434200 0.99143300
vn -0.12853100 -0.02253900 0.99144900
vn 0.12781100 0.02656700 0.99144300
vn -0.12582400 -0.03458500 0.99145000
vn 0.12478100 0.03851600 0.99143600
vn -0.12202900 -0.04630800 0.99144600
vn 0.12055600 0.05013300 0.99144000
vn -0.11711700 -0.05762700 0.99144500
vn 0.11530500 0.06129300 0.99143700
vn -0.11111900 -0.06843200 0.99144800
vn 0.10896900 0.07191300 0.99144100
vn -0.10418000 -0.07862700 0.99144600
vn 0.09392300 0.07417800 0.99281200
vn 0.07439900 0.06419700 0.99516000
vn 0.07750800 0.05993100 0.99518900
vn 0.90019800 0.42596800 0.09052200
vn 0.89091200 0.44699600 0.08044300
vn 0.90494500 0.42531100 0.01362700
vn 0.99943100 -0.01357400 0.03086600
vn 0.99939200 -0.03486700 0.00002900
vn 0.99631400 -0.05289400 0.06752700
vn 0.98530400 0.06901700 0.15624600
vn 0.99337300 0.08952100 0.07208400
vn 0.98846200 0.01485700 0.15073700
vn 0.99268400 -0.02229100 0.11866700
vn 0.98903300 0.11170700 0.09661900
vn 0.98101100 0.16301300 0.10508800
vn 0.96816800 0.24739000 0.03805300
vn 0.96636500 0.21191100 0.14571700
vn 0.96043100 0.25078600 0.12115200
vn 0.95798800 0.27169100 0.09188300
vn 0.95244600 0.29698200 0.06818000
vn 0.92766200 0.36047800 0.09746200
vn 0.90667000 0.40589100 0.11489600
vn 0.75010300 0.65805800 0.06562100
vn 0.74381400 0.66811100 0.01919000
vn 0.73578600 0.67640400 0.03310900
vn 0.76598600 0.63991300 0.06145500
vn 0.68751800 0.66256700 0.29719300
vn 0.75009700 0.66127300 -0.00848900
vn 0.86661400 0.48683000 0.10944000
vn 0.84841000 0.52005500 0.09871100
vn 0.84175500 0.53983300 0.00536500
vn 0.81699800 0.56840800 0.09709400
vn 0.80202100 0.59729500 -0.00103900
vn 0.76816500 0.64025200 -0.00096600
vn 0.96929300 0.19600500 0.14850400
vn 0.99278000 0.04184100 0.11241500
vn 0.98706300 0.14917000 -0.05878000
vn 0.95132600 0.29784800 0.07915800
vn 0.91968100 0.38098400 -0.09507300
vn 0.82768100 0.54677600 0.12641200
vn 0.79868500 0.59723900 -0.07353300
vn 0.65554300 0.74434000 0.12736100
vn 0.65562400 0.74425700 0.12743300
vn 0.51609100 0.85512200 -0.04915800
vn 0.51555900 0.85443000 -0.06441000
vn 0.26381800 0.96447700 -0.01358600
vn 0.40494600 0.90122700 0.15430100
vn 0.13291700 0.98297100 0.12689200
vn 0.01233000 0.99988800 -0.00851000
vn -0.02072400 0.98770200 0.15496700
vn 0.72244600 -0.53526400 0.43768000
vn 0.78556600 -0.61082900 0.09886700
vn 0.82444000 -0.54461700 0.15392100
vn 0.05407900 -0.04080800 0.99770200
vn 0.09036300 -0.03992500 0.99510800
vn 0.15364100 -0.12031500 0.98077500
vn 0.36395900 -0.26840200 0.89190500
vn 0.29797100 -0.15329200 0.94218600
vn 0.53056700 -0.39708500 0.74888100
vn 0.61983200 -0.38336700 0.68471800
vn 0.77105700 -0.47348000 0.42578000
vn 0.85590500 -0.45727800 0.24150400
vn 0.86401300 -0.49064800 0.11289800
vn 0.06483000 -0.05371600 0.99644900
vn 0.15095300 -0.12431800 0.98069300
vn 0.42852300 -0.35487300 0.83092300
vn 0.54599900 -0.45032600 0.70646400
vn 0.71313700 -0.58760100 0.38230800
vn 0.76473000 -0.63885700 0.08397000
vn -0.99965500 -0.02625100 0.00000000
vn -0.99965800 -0.02615600 -0.00006700
vn -0.99965200 -0.02638300 0.00000000
vn -0.99965500 -0.02625100 0.00000000
vn -0.99965800 -0.02615600 -0.00006700
vn -0.99965500 -0.02625100 0.00000000
vn -0.99965200 -0.02638300 0.00000000
vn -0.99973600 -0.02291600 -0.00151800
vn -0.99973600 -0.02292300 -0.00151600
vn -0.99973700 -0.02288900 -0.00152900
vn -0.99622700 -0.03222500 0.08058500
vn -0.99975100 0.02128400 0.00671700
vn -0.99151600 0.12998000 0.00059800
vn -0.98747100 0.15780000 -0.00000400
vn -0.98898800 0.14799600 0.00017100
vn -0.99267900 0.12074000 0.00311800
vn -0.99510600 0.09857800 0.00679600
vn -0.99475300 0.10230100 0.00063900
vn -0.99705300 0.07607500 0.00992700
vn -0.96895600 0.02498300 0.24596700
vn -0.99453200 -0.00554600 0.10428000
vn 0.99965500 0.02628100 0.00000100
vn 0.99964900 0.02648400 0.00000800
vn 0.99965000 0.02646600 -0.00005000
vn 0.99965700 0.02617900 0.00000000
vn 0.99965700 0.02617900 0.00000000
vn 0.99965500 0.02628100 0.00000100
vn 0.99965700 0.02617900 0.00000000
vn 0.99973500 0.02302900 -0.00004800
vn 0.99973500 0.02300300 -0.00004700
vn 0.99973400 0.02305400 -0.00006400
vn 0.99973300 0.02309800 -0.00006200
vn 0.99969200 0.02483000 -0.00004000
vn 0.99969100 0.02487100 -0.00004200
vn 0.99969000 0.02490900 -0.00004100
vn 0.99958800 0.02870500 0.00000000
vn 0.99959500 0.02845400 -0.00000000
vn 0.99959500 0.02845600 0.00000000
vn 0.99963200 0.02713500 0.00000100
vn 0.99962800 0.02727200 0.00000900
vn 0.99965000 0.02646600 -0.00005000
vn 0.99963400 0.02704200 0.00001000
vn 0.99963900 0.02688100 -0.00001000
vn 0.99964900 0.02648400 0.00000800
vn 0.99965500 0.02628100 0.00000100
vn 0.82767200 -0.55416000 -0.08869300
vn 0.77159500 -0.62500000 -0.11838700
vn 0.74940700 -0.65299500 -0.10948200
vn 0.86860900 -0.48456900 -0.10349800
vn 0.89017700 -0.44435700 0.10065500
vn 0.90312100 -0.41999400 -0.08931600
vn 0.90750100 -0.39495000 0.14302500
vn 0.92289900 -0.37681200 0.07918000
vn 0.93348500 -0.34722300 -0.08967900
vn 0.93802200 -0.32541300 0.11925200
vn 0.95387400 -0.28384500 0.09776000
vn 0.96252900 -0.26130300 -0.07251900
vn 0.96377700 -0.23978100 0.11678200
vn 0.99508900 -0.03012800 -0.09428400
vn 0.99556300 -0.02860300 0.08964000
vn 0.99048000 -0.10543200 -0.08850900
vn 0.99459500 -0.06262300 0.08282300
vn 0.98968800 -0.10082900 0.10174200
vn 0.97842000 -0.18403600 -0.09393900
vn 0.98375400 -0.15130800 0.09661100
vn 0.97612000 -0.18973000 0.10579000
vn -0.03090900 0.99619000 -0.08154900
vn 0.03185000 0.99506500 -0.09397200
vn -0.05084000 0.99278900 0.10856400
vn -0.05177400 0.99027700 0.12911400
vn -0.05334500 0.99857500 0.00180900
vn -0.05398300 0.99854200 -0.00012400
vn -0.06485200 0.99700400 0.04214900
vn 0.08512700 0.99474400 -0.05690400
vn 0.03624300 0.99620500 -0.07912700
vn -0.08168000 0.99116500 0.10449900
vn -0.02243900 0.99533300 -0.09385900
vn 0.00614500 0.99466900 -0.10293500
vn 0.00000000 -0.13053200 0.99144400
vn 0.11928200 -0.13027900 0.98427600
vn 0.08399900 -0.00424500 0.99645700
vn -0.11095600 0.08509000 0.99017600
vn 0.07914200 -0.05775200 0.99518900
vn -0.11117600 0.06846700 0.99143900
vn 0.07456700 -0.03875700 0.99646300
vn -0.07585100 0.06214300 0.99518100
vn -0.07440400 0.06419900 0.99516000
vn -0.14042400 -0.12936300 0.98160400
vn -0.10438200 0.00246900 0.99453400
vn -0.13018100 0.01031000 0.99143700
vn 0.08272500 -0.01476500 0.99646300
vn -0.14049900 0.06913200 0.98766400
vn -0.12206800 0.04634000 0.99143900
vn 0.09279900 -0.03156800 0.99518400
vn -0.12585400 0.03455400 0.99144700
vn -0.15421700 0.02702000 0.98766700
vn -0.72854200 0.68297600 0.05263100
vn -0.74688300 0.66475900 0.01616200
vn -0.74638900 0.66241500 0.06411400
vn -0.83365400 0.55228500 0.00162700
vn -0.79898500 0.60134700 -0.00213900
vn -0.78492600 0.61547800 0.07125400
vn -0.70957900 0.68453000 0.16708300
vn -0.76996700 0.63808300 -0.00026500
vn -0.75423400 0.65659000 -0.00455500
vn -0.68595300 0.65594500 0.31496800
vn -0.82259500 0.55685300 0.11512000
vn -0.85176900 0.51524400 0.09494400
vn -0.89982200 0.43611800 0.01101300
vn -0.87203600 0.48114200 0.08975200
vn -0.89092000 0.44698700 0.08039700
vn -0.89763000 0.42769200 0.10649100
vn -0.91503700 0.39147100 0.09725200
vn -0.96155300 0.27310100 0.02882400
vn -0.93248700 0.34944800 0.09140200
vn -0.95244800 0.29697600 0.06817300
vn -0.95564300 0.27369400 0.10880600
vn -0.98396700 0.15127000 0.09447600
vn -0.99206200 0.11286000 0.05545800
vn -0.97521900 0.19618700 0.10226400
vn -0.96266900 0.24259400 0.12007000
vn -0.98723100 0.11023800 0.11499200
vn -0.98882700 0.04919700 0.14071800
vn -0.99783900 -0.00061300 0.06570200
vn -0.99948400 -0.03197000 0.00312700
vn -0.99944000 -0.03344600 -0.00100900
vn -0.99737900 -0.02750100 0.06692400
vn -0.99072500 -0.00042900 0.13588100
vn -0.25765800 -0.09486600 0.96156800
vn -0.25829800 -0.30985600 0.91502500
vn -0.70536500 -0.06981000 0.70539800
vn -0.70535800 -0.06986200 0.70540100
vn -0.70631600 -0.22705400 0.67049500
vn -0.96560500 -0.02567000 0.25874400
vn -0.99617900 -0.00864700 0.08690700
vn -0.98066500 -0.06277000 0.18535300
vn -0.96578500 -0.11484700 0.23252800
vn -0.99141800 -0.08611600 0.09835400
vn -0.96578600 -0.19511100 0.17084600
vn -0.98762900 -0.14059400 0.06943600
vn -0.96578900 -0.24563000 0.08317500
vn -0.98647100 -0.16297300 0.01772900
vn -0.90392000 -0.42749500 0.01330100
vn -0.73687300 -0.63607700 0.22896200
vn -0.78744800 -0.60452500 0.12031100
vn -0.68252000 -0.72714700 0.07364200
vn -0.70632100 -0.31353800 0.63466800
vn -0.70631500 -0.46635300 0.53257300
vn -0.70632300 -0.53259600 0.46631500
vn -0.70632100 -0.53255100 0.46636800
vn -0.70033000 -0.59349200 0.39661600
vn -0.48185800 -0.80561400 0.34467300
vn -0.48169300 -0.80569600 0.34471100
vn -0.60703500 -0.79095900 0.07675500
vn -0.13070200 -0.37843800 0.91635200
vn -0.13062200 -0.37834900 0.91640100
vn -0.13057800 -0.37847400 0.91635500
vn -0.25422500 -0.53726500 0.80418600
vn -0.25881300 -0.68301600 0.68301200
vn -0.19441400 -0.75938200 0.62092000
vn -0.19449600 -0.75933500 0.62095200
vn -0.19446300 -0.93917200 0.28308900
vn -0.24176200 -0.96560200 0.09572400
vn -0.05762500 -0.99622100 0.06498300
vn -0.12121300 -0.99261400 -0.00493200
vn -0.19508000 -0.98076100 -0.00724800
vn -0.56882300 -0.82198700 -0.02789200
vn -0.74435200 -0.66676000 -0.03702800
vn -0.94248000 -0.33107600 -0.04604900
vn -0.99400500 -0.09799100 -0.04848500
vn 0.00000000 -0.99306200 0.11759000
vn 0.00000000 -0.98078500 0.19509300
vn 0.00000000 -0.83146800 0.55557200
vn 0.00000000 -0.83147700 0.55555900
vn 0.00000000 -0.83147500 0.55556200
vn 0.00000000 -0.83147700 0.55555900
vn 0.00000000 -0.83147300 0.55556500
vn 0.00000000 -0.83147700 0.55555900
vn 0.00000000 -0.83146800 0.55557200
vn 0.00000000 -0.55556400 0.83147400
vn 0.00000000 -0.55556700 0.83147200
vn 0.00000000 -0.55556400 0.83147400
vn 0.00000000 -0.55556400 0.83147400
vn 0.00000000 -0.55556400 0.83147400
vn 0.00000000 -0.55556200 0.83147500
vn 0.00000000 -0.55556700 0.83147200
vn 0.00000000 -0.19509000 0.98078500
vn -0.25861500 -0.00620600 0.96596100
vn -0.70700900 -0.01655700 0.70701100
vn -0.70700700 -0.01691300 0.70700400
vn -0.96564800 -0.02275500 0.25885400
vn -0.98840200 -0.02750400 0.14934700
vn -0.20164600 -0.16229400 0.96591900
vn -0.55076200 -0.44353600 0.70706200
vn -0.77485100 -0.62226600 0.11131000
vn -0.77111400 -0.58189900 0.25841000
vn -0.82908600 -0.54374000 0.13024200
vn -0.82260100 -0.50645400 0.25851900
vn -0.87749700 -0.46159000 0.13012700
vn -0.86678900 -0.42646700 0.25846200
vn -0.91778200 -0.37517500 0.13007400
vn -0.90316900 -0.34271400 0.25851900
vn -0.94760100 -0.29161200 0.13044300
vn -0.93151600 -0.25584300 0.25849900
vn -0.96975300 -0.20565700 0.13147100
vn -0.95154600 -0.16671600 0.25839100
vn -0.98506300 -0.11163500 0.13110600
vn -0.96299800 -0.07607000 0.25855000
vn -0.56444200 -0.42597600 0.70707100
vn -0.59018200 -0.38951800 0.70707900
vn -0.60215300 -0.37075300 0.70707400
vn -0.62436000 -0.33202600 0.70706000
vn -0.63449600 -0.31225300 0.70704500
vn -0.65294500 -0.27156900 0.70704500
vn -0.66116300 -0.25087500 0.70705400
vn -0.67574600 -0.20870900 0.70697000
vn -0.68197600 -0.18734500 0.70697300
vn -0.69232700 -0.14397000 0.70707600
vn -0.69653100 -0.12205100 0.70707000
vn -0.70284700 -0.07787200 0.70706600
vn -0.70495000 -0.05570600 0.70706600
vn -0.21607100 -0.14252300 0.96591900
vn -0.22857300 -0.12147000 0.96591900
vn -0.23901800 -0.09934300 0.96592000
vn -0.24734000 -0.07635300 0.96591600
vn -0.25344000 -0.05265900 0.96591700
vn -0.25727600 -0.02843300 0.96592000
vn -0.88181900 0.14505500 -0.44872600
vn -0.96280800 0.08922200 -0.25502900
vn -0.80941900 0.45941400 -0.36576100
vn -0.63859300 0.14312700 -0.75611800
vn -0.78456400 0.08556100 -0.61411700
vn -0.69673200 0.39952300 -0.59577400
vn -0.04528100 0.98427700 -0.17073100
vn -0.00777800 0.98238200 -0.18672200
vn -0.28180200 0.84466200 -0.45511900
vn -0.15178300 0.83796000 -0.52420000
vn -0.23081200 0.84284100 -0.48615300
vn -0.12457200 0.83786900 -0.53146800
vn -0.45665600 0.57401500 -0.67968500
vn -0.26229300 0.56497400 -0.78230800
vn -0.46213500 0.41120700 -0.78571000
vn -0.22201100 0.56515300 -0.79455200
vn -0.33234200 0.20674700 -0.92022000
vn -0.46125800 0.10400300 -0.88114900
vn -0.30312400 0.12388000 -0.94486500
vn -0.09518300 0.98676200 -0.13130800
vn -0.41289700 0.85085400 -0.32490600
vn -0.37296900 0.84922800 -0.37377300
vn -0.65230500 0.58244300 -0.48503400
vn -0.13065000 0.98854000 -0.07562600
vn -0.49523600 0.85472700 -0.15550700
vn -0.47393300 0.85385500 -0.21521900
vn -0.77498300 0.58779400 -0.23216200
vn -0.95930400 0.22907100 -0.16511300
vn -0.99206800 -0.01868100 -0.12431000
vn -0.98867700 -0.08728100 -0.12206400
vn -0.97476800 -0.18813000 -0.12014100
vn -0.95445700 -0.27426800 -0.11742900
vn -0.93316900 -0.34010200 -0.11630500
vn -0.90218600 -0.41618700 -0.11335000
vn -0.85531500 -0.50598700 -0.11141600
vn -0.80716500 -0.57992700 -0.11031000
vn -0.76790800 -0.62675800 -0.13225300
vn -0.99424600 0.00052800 -0.10712100
vn -0.89803400 -0.38394300 -0.21476500
vn -0.68630700 -0.70764500 -0.16799400
vn -0.19160900 -0.98080500 -0.03616300
vn -0.31599400 -0.10044200 -0.94343000
vn -0.31912200 -0.38364100 -0.86659200
vn -0.50505400 -0.14211400 -0.85130700
vn -0.59892600 -0.40153300 -0.69286300
vn -0.69736700 -0.10075900 -0.70959600
vn -0.79265400 -0.38533900 -0.47245400
vn -0.82325600 -0.13342800 -0.55176700
vn -0.94518400 -0.06239500 -0.32052000
vn -0.97256300 -0.11605400 -0.20162700
vn -0.13649400 -0.08820100 -0.98670700
vn -0.08356300 -0.31380800 -0.94580200
vn -0.11026800 -0.53561700 -0.83723000
vn -0.60367500 -0.70866900 -0.36519200
vn -0.44835300 -0.70926000 -0.54399400
vn -0.24412000 -0.71714400 -0.65277000
vn -0.07393200 -0.73101200 -0.67834700
vn -0.53514500 -0.83104500 -0.15160600
vn -0.46126700 -0.83186900 -0.30858800
vn -0.33284300 -0.83217700 -0.44350600
vn -0.18177300 -0.81861200 -0.54482400
vn -0.04527700 -0.91815100 -0.39363500
vn -0.11334400 -0.99303800 -0.03207700
vn -0.18460200 -0.98029700 -0.07028300
vn -0.16771200 -0.98086300 -0.09889600
vn -0.08142500 -0.99519100 -0.05444600
vn -0.13384300 -0.98083800 -0.14157000
vn -0.08795000 -0.98920700 -0.11719100
vn -0.06597100 -0.98092600 -0.18284300
vn -0.02985500 -0.99136100 -0.12772200
vn -0.00915300 -0.99376500 -0.11112100
vn -0.98875800 -0.07481400 -0.12946100
vn -0.99448600 -0.03541200 0.09871000
vn -0.99154800 -0.00201400 -0.12972500
vn -0.99510600 0.00149200 0.09880700
vn -0.99084400 -0.03887100 -0.12929800
vn -0.99339300 -0.05336100 0.10159900
vn -0.97262400 -0.20052900 -0.11743300
vn -0.96812100 -0.23064300 0.09770400
vn -0.92769800 -0.36734200 -0.06660800
vn -0.86757800 -0.48779700 0.09676200
vn -0.81344600 -0.57270900 -0.10154300
vn -0.66714100 -0.73826000 0.09947200
vn -0.62854900 -0.76754000 -0.12573200
vn -0.35879700 -0.92789900 0.10133500
vn -0.36009100 -0.91974400 -0.15622400
vn -0.11320100 -0.98745100 -0.11011700
vn -0.09820800 -0.99102600 0.09067800
vn -0.00883000 -0.99989100 0.01179200
vn -0.01082500 -0.99947900 0.03041100
vn -0.01547400 -0.99927400 0.03482200
vn -0.00268100 -0.99380400 -0.11111000
vn 0.16220300 -0.98197600 0.09701800
vn 0.07841900 -0.99691000 0.00454400
vn 0.09599800 -0.99517200 0.02040600
vn 0.08601800 -0.99513100 0.04811900
vn 0.05737600 -0.99517000 0.07965200
vn -0.12305800 -0.97308700 0.19482800
vn 0.13056200 -0.91638100 0.37841600
vn 0.13051000 -0.70179800 0.70031900
vn 0.12998100 -0.46965900 0.87322700
vn 0.12813500 -0.19346900 0.97270300
vn -0.79241500 0.03696400 0.60886100
vn -0.79243200 0.03701400 0.60883600
vn -0.79240600 0.03700100 0.60887000
vn 0.25691400 0.09242300 0.96200500
vn 0.25299100 0.00581700 0.96745100
vn 0.25876800 0.11758600 0.95875600
vn 0.26028200 0.28438500 0.92270200
vn 0.25023100 0.45792400 0.85304800
vn 0.18013000 0.83006300 0.52777700
vn 0.22335000 0.67521600 0.70299300
vn 0.24397900 0.49276300 0.83526000
vn 0.08257300 0.99017100 0.11288200
vn 0.13397100 0.94459800 0.29964400
vn 0.17414700 0.85077400 0.49584000
vn 0.25261500 0.15495300 0.95507900
vn 0.23262100 0.22955900 0.94508700
vn 0.20988900 0.63459400 0.74379900
vn 0.18729300 0.67387300 0.71471400
vn 0.10580000 0.93323800 0.34332600
vn 0.15451100 0.84301500 0.51522000
vn 0.00205700 0.98196000 -0.18908000
vn -0.09108800 0.92607300 -0.36618700
vn -0.09692600 0.83671500 -0.53899300
vn -0.09692800 0.83670600 -0.53900600
vn -0.17510500 0.71180600 -0.68019800
vn -0.18100200 0.56342300 -0.80609700
vn -0.18100300 0.56341400 -0.80610300
vn -0.23285300 0.38932400 -0.89118300
vn -0.23737800 0.20384200 -0.94979000
vn -0.24316500 0.09717700 -0.96510500
vn -0.24875700 0.09253600 -0.96413500
vn -0.26626400 -0.23588800 -0.93459100
vn -0.34178400 -0.30172000 -0.89002700
vn -0.34733000 -0.28798300 -0.89242800
vn -0.27596400 -0.21901400 -0.93588300
vn -0.36701500 -0.25735600 -0.89390600
vn -0.29258600 -0.19623000 -0.93588800
vn -0.39325700 -0.22689100 -0.89099400
vn -0.28733600 -0.16731300 -0.94310400
vn -0.33437100 -0.17356500 -0.92632200
vn -0.41119900 -0.19699700 -0.89000500
vn -0.32112400 -0.14499600 -0.93587100
vn -0.42364400 -0.16111300 -0.89138600
vn -0.31066700 -0.11849100 -0.94310500
vn -0.35748200 -0.11678700 -0.92658900
vn -0.43639500 -0.12839200 -0.89054700
vn -0.34029100 -0.09127600 -0.93588000
vn -0.44197400 -0.09127400 -0.89237200
vn -0.32577900 -0.06653700 -0.94310200
vn -0.53001100 -0.01807700 -0.84779800
vn -0.32424700 -0.04143300 -0.94506500
vn -0.44884400 -0.05661600 -0.89181500
vn -0.34454300 -0.03244900 -0.93820900
vn -0.35702100 -0.01388900 -0.93399300
vn -0.89071700 -0.03589700 -0.45313800
vn -0.97306100 -0.10729500 -0.20405900
vn -0.96151800 -0.18396100 -0.20406100
vn -0.94394200 -0.25949800 -0.20404500
vn -0.92044400 -0.33338800 -0.20404900
vn -0.89117600 -0.40518100 -0.20404300
vn -0.85630800 -0.47445100 -0.20404100
vn -0.81607900 -0.54071300 -0.20406700
vn -0.77019700 -0.60427600 -0.20407700
vn -0.73583200 -0.64282800 -0.21289500
vn -0.79277500 -0.04094200 -0.60813800
vn -0.78905300 -0.08703300 -0.60812800
vn -0.78647900 -0.10784300 -0.60812800
vn -0.77969600 -0.14920800 -0.60812100
vn -0.77549700 -0.16970100 -0.60811700
vn -0.76543900 -0.21046000 -0.60812000
vn -0.75964100 -0.23050600 -0.60812300
vn -0.74638500 -0.27036900 -0.60812000
vn -0.73899900 -0.28994100 -0.60812400
vn -0.72264100 -0.32859000 -0.60812800
vn -0.71372900 -0.34752000 -0.60812900
vn -0.69439400 -0.38470500 -0.60812700
vn -0.68397200 -0.40295700 -0.60811900
vn -0.66174700 -0.43851000 -0.60811200
vn -0.64996700 -0.45579800 -0.60810500
vn -0.62535000 -0.48902900 -0.60810200
vn -0.61218500 -0.50415000 -0.60914900
vn -0.59762900 -0.52024500 -0.61007000
vn -0.59629200 -0.51999800 -0.61158700
vn -0.04096800 -0.99072500 -0.12955600
vn -0.08218300 -0.99175200 0.09835200
vn -0.17768500 -0.97554400 -0.12939100
vn -0.23323100 -0.96740600 0.09863900
vn -0.33872900 -0.93189400 -0.12975600
vn -0.39245500 -0.91448700 0.09845000
vn -0.49026200 -0.86190600 -0.12946200
vn -0.54049500 -0.83554000 0.09867700
vn -0.62784500 -0.76742900 -0.12986200
vn -0.67323600 -0.73284300 0.09846100
vn -0.74765700 -0.65133500 -0.12950700
vn -0.78676300 -0.60931300 0.09870300
vn -0.84281100 -0.51083100 -0.16947400
vn -0.86204500 -0.50066500 0.07882200
vn -0.88899300 -0.45792100 0.00000000
vn -0.91204400 -0.39162800 0.12167300
vn -0.90071500 -0.37331200 -0.22215000
vn -0.94457400 -0.31144400 -0.10383800
vn -0.95253700 -0.28800700 0.09861300
vn -0.96853700 -0.21221500 -0.13000400
vn -0.98222200 -0.15982400 0.09847100
vn -0.11502300 0.99030500 -0.07787700
vn -0.08348000 0.99015500 0.11235300
vn -0.22312000 0.96985300 0.09798900
vn -0.27270200 0.95822400 -0.08625500
vn -0.38215600 0.91884300 0.09840500
vn -0.42614400 0.90050200 -0.08658400
vn -0.52766100 0.84302000 0.10435800
vn -0.56519600 0.82078000 -0.08291200
vn -0.66035200 0.74358900 0.10492700
vn -0.68926900 0.71970800 -0.08324200
vn -0.74347900 0.66308400 0.08693300
vn -0.76907900 0.63371200 -0.08322200
vn -0.81530200 0.57553000 0.06362900
vn -0.96886800 0.21176400 0.12826100
vn -0.97146700 0.22306900 -0.08057000
vn -0.94517800 0.30604300 0.11391300
vn -0.93440000 0.34687300 -0.08109300
vn -0.87743800 0.46506900 0.11753200
vn -0.88307000 0.46445300 -0.06686600
vn -0.82936700 0.55229800 -0.08436600
vn -0.74686300 -0.62820000 -0.21808500
vn -0.28513100 -0.24480600 -0.92669900
vn -0.60317300 -0.51047100 -0.61286300
vn -0.34779300 -0.28804200 -0.89222900
vn -0.27303100 -0.21723300 -0.93715700
vn -0.35895500 -0.26454800 -0.89507900
vn -0.29683600 -0.19721200 -0.93434300
vn -0.36780500 -0.22558800 -0.90212500
vn -0.30581300 -0.16368100 -0.93791600
vn -0.37081300 -0.18064400 -0.91096900
vn -0.27114300 -0.13004000 -0.95371400
vn -0.36781800 -0.14693100 -0.91821600
vn -0.28532600 -0.10527300 -0.95263100
vn -0.36507400 -0.12042500 -0.92315700
vn -0.28399900 -0.08039900 -0.95544800
vn -0.35172200 -0.08206600 -0.93250000
vn -0.23704900 -0.05149400 -0.97013200
vn -0.33703500 -0.04177800 -0.94056500
vn -0.24050800 -0.01943700 -0.97045200
vn -0.31752400 -0.01435200 -0.94814200
vn -0.61130100 -0.49912400 -0.61415500
vn -0.62925400 -0.47555900 -0.61472200
vn -0.63793300 -0.46069000 -0.61709500
vn -0.66009500 -0.42468600 -0.61960900
vn -0.67103100 -0.39937800 -0.62467200
vn -0.69361800 -0.35282000 -0.62802300
vn -0.70085800 -0.32602000 -0.63443600
vn -0.71441900 -0.28689300 -0.63819900
vn -0.71723600 -0.26919700 -0.64273200
vn -0.72654200 -0.23923000 -0.64413200
vn -0.72827900 -0.22144000 -0.64851700
vn -0.73569100 -0.18072000 -0.65276300
vn -0.73571400 -0.15253600 -0.65989200
vn -0.74090200 -0.10139800 -0.66391400
vn -0.73852700 -0.07355500 -0.67020000
vn -0.73860800 -0.03426200 -0.67326400
vn -0.73258800 -0.01931500 -0.68039800
vn -0.78112600 -0.58473100 -0.21893400
vn -0.82334800 -0.52274900 -0.22097800
vn -0.87202800 -0.43493600 -0.22449500
vn -0.90682100 -0.35411300 -0.22864500
vn -0.92716100 -0.29477800 -0.23125400
vn -0.94634000 -0.22182000 -0.23502500
vn -0.96311200 -0.12206000 -0.23982600
vn -0.96914100 -0.03718500 -0.24368700
vn -0.96852100 -0.00277800 -0.24891700
vn -0.73815500 -0.00203100 -0.67462800
vn -0.58197200 -0.00257200 -0.81320500
vn -0.16364700 -0.01428900 -0.98641500
vn -0.29971000 -0.00724200 -0.95400300
vn -0.00854000 -0.85789400 -0.51375600
vn -0.02012400 -0.15106600 -0.98831900
vn -0.01444700 -0.48058800 -0.87682700
vn -0.05974400 -0.96498700 -0.25540500
vn -0.09471600 -0.70852200 -0.69930400
vn -0.05554500 -0.71038800 -0.70161500
vn -0.05023900 -0.26842700 -0.96198900
vn -0.03114500 -0.16698100 -0.98546800
vn -0.96369200 -0.07559300 -0.25609300
vn -0.16806600 -0.02793700 -0.98538000
vn -0.26696900 -0.02522700 -0.96337500
vn -0.26248000 -0.06833700 -0.96251400
vn -0.70985200 -0.06377200 -0.70145800
vn -0.71046200 -0.03765700 -0.70272700
vn -0.69586500 -0.15435800 -0.70138800
vn -0.93574400 -0.24271900 -0.25587300
vn -0.84470100 -0.49015000 -0.21502000
vn -0.56143900 -0.78754300 -0.25409000
vn -0.27169900 -0.92815400 -0.25438100
vn -0.68010100 -0.21797000 -0.69996600
vn -0.62393800 -0.34933700 -0.69904600
vn -0.58204500 -0.41616900 -0.69859000
vn -0.47894100 -0.53217300 -0.69814600
vn -0.41783500 -0.58156800 -0.69799200
vn -0.28259300 -0.65687600 -0.69903800
vn -0.20853700 -0.68367500 -0.69935700
vn -0.16184600 -0.06269600 -0.98482200
vn -0.25200100 -0.11497900 -0.96087200
vn -0.23050800 -0.15190000 -0.96114100
vn -0.12034500 -0.09259700 -0.98840400
vn -0.18662600 -0.20585000 -0.96062300
vn -0.10749400 -0.14266700 -0.98391600
vn -0.11692800 -0.25043500 -0.96104600
vn -0.06317100 -0.16345300 -0.98452700
vn -0.96632300 -0.00401300 -0.25730300
vn -0.71007600 -0.01074300 -0.70404300
vn -0.71020100 -0.01080200 -0.70391600
vn -0.26603000 -0.01470300 -0.96385300
vn -0.13859000 -0.01762800 -0.99019300
vn -0.96565800 -0.03938600 -0.25681500
vn -0.70827800 -0.06165900 -0.70323600
vn -0.70969400 -0.03618400 -0.70358000
vn -0.26418700 -0.03225400 -0.96393200
vn -0.13488800 -0.01783900 -0.99070000
vn 0.23261700 0.13069300 0.96374700
vn 0.25010900 0.03051000 0.96773700
vn 0.22905200 0.09833400 0.96843500
vn 0.20048500 0.00642100 0.97967600
vn 0.20398700 0.11009600 0.97276300
vn 0.25298000 0.00926900 0.96742700
vn 0.12581500 0.02207200 0.99180800
vn 0.13712800 0.04646800 0.98946300
vn 0.19297800 -0.01793900 0.98103900
vn 0.16869500 0.05419500 0.98417700
vn 0.15194800 -0.00243900 0.98838500
vn 0.18212500 0.07396000 0.98049000
vn 0.18433300 0.10085100 0.97767600
vn 0.12487700 -0.00895600 0.99213200
vn 0.14873300 -0.02531200 0.98855300
vn 0.16071400 -0.03568500 0.98635600
vn 0.16473200 -0.04203700 0.98544200
vn 0.15670900 -0.04735700 0.98650900
vn 0.14247900 -0.04840600 0.98861400
vn 0.13034900 -0.05411000 0.98999000
vn 0.13847100 -0.06314500 0.98835100
vn 0.12379600 -0.06733200 0.99002100
vn 0.14993600 -0.08496000 0.98503900
vn 0.13054000 -0.08776600 0.98755100
vn 0.10982600 -0.07098500 0.99141300
vn 0.13641600 -0.10424100 0.98515200
vn 0.12556300 -0.10354100 0.98666800
vn 0.11890000 -0.11489600 0.98623600
vn 0.01306800 -0.13004600 0.99142200
vn 0.01217100 -0.16931200 0.98548700
vn 0.02587000 -0.14842000 0.98858600
vn 0.03217600 -0.16017000 0.98656500
vn 0.04296400 -0.16454500 0.98543300
vn 0.03897200 -0.13656300 0.98986400
vn 0.04984800 -0.14222600 0.98857800
vn 0.05764200 -0.15273600 0.98658500
vn 0.06919100 -0.15610500 0.98531400
vn 0.05991200 -0.12829500 0.98992500
vn 0.07241900 -0.13295400 0.98847300
vn 0.07001900 -0.12209200 0.99004600
vn 0.09397400 -0.14380000 0.98513500
vn 0.08220300 -0.11439100 0.99002900
vn 0.09528700 -0.11815200 0.98841300
vn 0.10823700 -0.12200300 0.98661000
vn 0.08630000 -0.08223400 0.99286900
vn 0.00593900 -0.15222000 0.98832900
vn 0.00014600 -0.15306100 0.98821700
vn -0.00838400 -0.15735700 0.98750600
vn -0.00494000 -0.13162900 0.99128700
vn -0.01885600 -0.17025600 0.98521900
vn -0.02382300 -0.13894300 0.99001400
vn -0.02885400 -0.14791000 0.98858000
vn -0.03607600 -0.13713500 0.98989500
vn -0.04092500 -0.14534300 0.98853500
vn -0.05341800 -0.15424500 0.98658800
vn -0.06051500 -0.16122400 0.98506100
vn -0.05707300 -0.12964800 0.98991600
vn -0.06377400 -0.13685500 0.98853600
vn -0.07722800 -0.14393300 0.98656900
vn -0.08579300 -0.14951100 0.98503100
vn -0.08919000 -0.12937200 0.98757700
vn -0.07275300 -0.10878400 0.99140000
vn -0.10773400 -0.13418900 0.98508200
vn -0.09307100 -0.10514200 0.99009200
vn -0.11816900 -0.11569000 0.98623100
vn -0.14638900 0.06131800 0.98732500
vn -0.13311300 0.03913400 0.99032800
vn -0.17569800 -0.01488600 0.98433200
vn -0.14388700 0.00667300 0.98957200
vn -0.17022600 -0.02598800 0.98506200
vn -0.16207200 -0.02148500 0.98654500
vn -0.14754800 -0.03473900 0.98844500
vn -0.13670200 -0.03351200 0.99004500
vn -0.14380500 -0.04656800 0.98851000
vn -0.13371800 -0.04456000 0.99001700
vn -0.15900700 -0.06528700 0.98511600
vn -0.12859800 -0.05755800 0.99002500
vn -0.13362600 -0.07140400 0.98845600
vn -0.14121900 -0.08214700 0.98656400
vn -0.14340200 -0.09282300 0.98530200
vn -0.11702100 -0.08087800 0.98983100
vn -0.12013300 -0.09233400 0.98845500
vn -0.12556000 -0.10354300 0.98666800
vn -0.08629900 -0.08223400 0.99287000
vn -0.23930300 0.09978200 0.96580400
vn -0.21746000 0.11458300 0.96932000
vn -0.19065100 0.00582100 0.98164100
vn -0.25299800 0.00586400 0.96744900
vn -0.25552800 0.11859900 0.95950000
vn -0.25298000 0.00926900 0.96742700
vn -0.25030300 0.11737500 0.96102600
vn -0.19734500 0.10839000 0.97432400
vn -0.17767400 0.09790600 0.97920700
vn -0.18829200 0.05822500 0.98038600
vn -0.15328400 -0.00013200 0.98818200
vn -0.09996800 0.09793700 0.99015900
vn -0.23113000 0.21310500 0.94929700
vn -0.09893000 0.09028700 0.99099000
vn -0.19420100 0.16006700 0.96781400
vn -0.13542000 0.09495800 0.98622700
vn 0.26007700 0.24569800 0.93380500
vn 0.11353200 0.11273100 0.98711800
vn 0.30122600 0.29050900 0.90822200
vn 0.13197600 0.11001300 0.98512900
vn 0.20036900 0.15235200 0.96780200
vn 0.12498600 0.08592400 0.98843100
vn 0.21462800 0.13345600 0.96753500
vn 0.13316300 0.07240200 0.98844600
vn 0.22770000 0.10985000 0.96751500
vn 0.15947100 0.06612000 0.98498600
vn 0.24094500 0.07667500 0.96750500
vn 0.14698100 0.03935100 0.98835600
vn 0.13006400 0.02176800 0.99126700
vn -0.25103300 0.02944900 0.96753100
vn -0.17010200 0.02954900 0.98498300
vn -0.24447500 0.06440600 0.96751400
vn -0.14533000 0.04537700 0.98834200
vn -0.23599400 0.09196300 0.96739300
vn -0.12164300 0.05121700 0.99125200
vn -0.22832600 0.10867300 0.96750100
vn -0.15082200 0.08191600 0.98516100
vn -0.21462800 0.13345600 0.96753500
vn -0.20104300 0.15112200 0.96785500
vn 0.14084600 0.62201500 0.77023400
vn 0.17272000 0.57293400 0.80119600
vn 0.08369400 0.85693700 0.50858000
vn 0.21293000 0.18953800 0.95850700
vn 0.19507000 0.18893500 0.96241900
vn 0.16257500 0.18058900 0.97002900
vn 0.13095500 0.16510100 0.97754400
vn 0.10151800 0.14317800 0.98447700
vn 0.07483800 0.11479700 0.99056600
vn 0.08802000 0.55172500 0.82936900
vn 0.05692900 0.55312200 0.83115300
vn -0.00619800 0.53737300 0.84332200
vn -0.03602700 0.53153700 0.84626800
vn -0.09459400 0.50147200 0.85998700
vn -0.12465500 0.49056400 0.86244300
vn -0.18104800 0.45224800 0.87332300
vn -0.20794800 0.43409900 0.87653600
vn -0.25623900 0.38337400 0.88733700
vn -0.28093100 0.36011800 0.88960300
vn 0.00449300 0.92602700 0.37743000
vn -0.04422000 0.82501500 0.56337800
vn -0.13213200 0.91112300 0.39037900
vn -0.18415000 0.79816200 0.57360900
vn -0.25230900 0.86607500 0.43157100
vn -0.31379700 0.74341800 0.59064500
vn -0.35627900 0.72551200 0.58881100
vn -0.43858600 0.66836400 0.60077700
vn -0.47730700 0.64196700 0.60004800
vn -0.54666500 0.56861800 0.61468000
vn -0.58056800 0.53457200 0.61414500
vn -0.75702600 0.62026000 0.20539900
vn -0.61375600 0.75923500 0.21648500
vn -0.47684900 0.85213700 0.21558600
vn -0.43427600 0.87467300 0.21529500
vn 0.05317500 0.08053100 0.99533300
vn 0.03631300 0.04156900 0.99847600
vn -0.32276300 0.30145000 0.89719100
vn -0.37222100 0.20439900 0.90535800
vn -0.34173200 0.27178600 0.89964000
vn -0.38626500 0.17087400 0.90642200
vn -0.64035700 0.45009300 0.62238200
vn -0.71076900 0.31281100 0.63004500
vn -0.66755500 0.40840700 0.62255500
vn -0.72976100 0.26549300 0.63005000
vn -0.75607500 0.17468700 0.63074100
vn -0.75104700 0.19474300 0.63087500
vn -0.40634800 0.10071500 0.90815100
vn -0.40280900 0.11817300 0.90762300
vn 0.02873500 0.01172300 0.99951800
vn -0.84817900 0.48198100 0.21974300
vn -0.90572300 0.35795600 0.22701000
vn -0.94589000 0.23158000 0.22729300
vn -0.97266300 0.21235500 -0.09398200
vn -0.96341500 0.24914200 0.09879000
vn -0.94559100 0.30324200 -0.11790900
vn -0.93368900 0.32797300 0.14373300
vn -0.91494900 0.38864700 -0.10872500
vn -0.90796600 0.40882800 0.09196300
vn -0.87259200 0.47912200 -0.09500400
vn -0.87003700 0.46444600 0.16530300
vn -0.83251600 0.53984800 0.12442300
vn -0.81903000 0.56387000 -0.10601700
vn -0.78968600 0.60466200 0.10383000
vn -0.76176800 0.63729500 -0.11646700
vn -0.73688000 0.66295200 0.13229900
vn -0.70109500 0.70473500 -0.10869300
vn -0.68451700 0.71463500 0.14398800
vn -0.62994300 0.76828100 -0.11365200
vn -0.61579300 0.77643200 0.13398500
vn -0.55790500 0.82344700 -0.10333100
vn -0.54162100 0.83197100 0.12029400
vn -0.47701500 0.87443700 -0.08841800
vn -0.44080400 0.88832600 0.12871700
vn -0.38414800 0.91749500 -0.10311700
vn -0.34850000 0.93208800 0.09879000
vn -0.29395100 0.94852100 -0.11790300
vn -0.26685400 0.95295300 0.14376700
vn -0.20640700 0.97240700 -0.10872000
vn -0.18584600 0.97826800 0.09194100
vn -0.10799400 0.98960000 -0.09502000
vn -0.11854900 0.97909700 0.16527100
vn -0.03529000 0.99160400 0.12440300
vn -0.00787200 0.99432800 -0.10606200
vn 0.04239900 0.99368900 0.10384400
vn 0.08510400 0.98954000 -0.11648300
vn 0.12041500 0.98386300 0.13233600
vn 0.17516800 0.97851900 -0.10870600
vn 0.19278900 0.97061700 0.14399600
vn 0.26798300 0.95669500 -0.11366300
vn 0.28281000 0.94977100 0.13398700
vn 0.35454100 0.92931200 -0.10334100
vn 0.37087200 0.92085800 0.12031100
vn 0.44271000 0.89229500 -0.08841700
vn 0.47482500 0.87062100 0.12868700
vn 0.53124500 0.84091900 -0.10312200
vn 0.56364800 0.82008600 0.09879500
vn 0.60840000 0.78482500 -0.11789800
vn 0.62756400 0.76518700 0.14371200
vn 0.67821000 0.72678400 -0.10869900
vn 0.69475600 0.71334500 0.09193800
vn 0.74869400 0.65607800 -0.09496900
vn 0.73403400 0.65868400 0.16531700
vn 0.79204200 0.59766000 0.12438700
vn 0.81001200 0.57675000 -0.10601900
vn 0.83830100 0.53522800 0.10383800
vn 0.85942400 0.49782200 -0.11646700
vn 0.87501000 0.46566600 0.13233900
vn 0.90202100 0.41777900 -0.10871900
vn 0.90567300 0.39878200 0.14397900
vn 0.93741600 0.32914900 -0.11363400
vn 0.94023300 0.31306800 0.13397900
vn 0.96585800 0.23360000 -0.11202100
vn 0.96705100 0.22436000 0.12031200
vn 0.97706200 0.20914800 -0.04008400
vn 0.96559900 0.23352200 0.11439000
vn 0.02380900 -0.01927100 0.99953100
vn -0.02968500 0.01141000 0.99949400
vn 0.59132400 0.50042700 0.63238300
vn 0.69420300 0.55133200 0.46272600
vn 0.61603300 0.64112900 0.45766400
vn -0.81626900 0.25408100 0.51879400
vn -0.81319900 0.35956900 0.45762300
vn -0.74818100 0.60994600 0.26113600
vn 0.51797800 0.68010900 0.51879800
vn 0.82907300 0.49440000 0.26116300
vn 0.07056800 0.96270100 0.26120300
vn 0.21183800 0.87367800 0.43796400
vn 0.30120800 0.82805100 0.47286800
vn -0.24537600 0.77351200 0.58435400
vn -0.17187500 0.87237100 0.45763200
vn -0.00000000 0.97418000 0.22577200
vn -0.06393300 0.85941200 0.50727100
vn -0.46941200 0.85350800 0.22622200
vn -0.36079800 0.90481300 0.22613900
vn 0.67250700 0.38448600 0.63238000
vn 0.65422400 0.41483400 0.63237900
vn 0.36162500 0.20677600 0.90910400
vn 0.32997000 0.25427900 0.90909900
vn 0.35180300 0.22309600 0.90910000
vn -0.34186900 0.69514400 0.63237700
vn -0.27701900 0.72343700 0.63237600
vn -0.17555400 0.75451200 0.63237000
vn -0.07072400 0.77143000 0.63237200
vn 0.03536100 0.77386100 0.63236700
vn 0.07075400 0.77143300 0.63236400
vn 0.14084500 0.76176300 0.63236000
vn 0.14086700 0.76175800 0.63236200
vn 0.10601200 0.76814600 0.63143800
vn 0.24363400 0.73536500 0.63236100
vn 0.29210800 0.29698500 0.90910600
vn 0.27822300 0.31002200 0.90910900
vn 0.31802900 0.26905500 0.90910200
vn 0.23321800 0.34514900 0.90911000
vn 0.24875800 0.33412500 0.90911000
vn 0.43370100 0.64188800 0.63236400
vn 0.51739900 0.57652900 0.63238700
vn 0.50796600 0.83124300 0.22584400
vn 0.42988200 0.87408600 0.22621900
vn 0.37335100 0.67876700 0.63236400
vn 0.34188400 0.69515100 0.63236200
vn 0.20074700 0.36499000 0.90911100
vn 0.18385000 0.37379000 0.90911000
vn -0.13103400 0.39541700 0.90910700
vn -0.09438800 0.40572700 0.90910700
vn -0.07574200 0.40961900 0.90910700
vn -0.03803100 0.41482400 0.90910700
vn -0.01903300 0.41612700 0.90910700
vn 0.01902900 0.41612500 0.90910800
vn 0.03803600 0.41481800 0.90910900
vn 0.07573600 0.40961500 0.90910900
vn 0.09438100 0.40572700 0.90910800
vn 0.13102100 0.39542100 0.90910700
vn 0.14896800 0.38901300 0.90910800
vn -0.18385400 0.37379400 0.90910700
vn -0.20074500 0.36500000 0.90910800
vn -0.14896400 0.38901700 0.90910700
vn -0.24875800 0.33412700 0.90910900
vn -0.23322900 0.34514700 0.90910800
vn -0.46263500 0.62134400 0.63237700
vn -0.37335400 0.67875500 0.63237500
vn -0.50554600 0.72169100 0.47284800
vn -0.53422000 0.61084300 0.58436200
vn -0.54319300 0.55229200 0.63238900
vn -0.27822300 0.31002300 0.90910800
vn -0.29210300 0.29698200 0.90910800
vn -0.95488600 0.19301200 0.22569600
vn -0.75149100 0.18796200 0.63240100
vn -0.39906400 0.11946300 0.90910800
vn -0.40410800 0.10109500 0.90910800
vn -0.02709500 -0.00741100 0.99960500
vn 0.39906200 0.11946600 0.90910800
vn 0.40640100 0.10038000 0.90816400
vn 0.40411000 0.10110000 0.90910600
vn 0.40284400 0.11817900 0.90760700
vn 0.74212400 0.22220400 0.63235900
vn 0.75623900 0.17397400 0.63074300
vn 0.85106400 0.22820000 0.47288000
vn 0.75102100 0.19471600 0.63091500
vn 0.95092800 0.21184100 0.22551800
vn 0.75673700 0.29305100 0.58435400
vn 0.70476500 0.32155800 0.63238200
vn 0.38648800 0.15539200 0.90911000
vn 0.37898200 0.17290100 0.90910800
vn -0.02498900 -0.01002500 0.99963700
vn 0.88986100 0.39617100 0.22626600
vn -0.02478300 -0.01474700 0.99958400
vn -0.02380800 -0.01927200 0.99953100
vn -0.01336400 -0.02514300 0.99959500
vn -0.01617400 -0.02152700 0.99963700
vn -0.02015500 -0.02099800 0.99957600
vn -0.01030300 -0.02874600 0.99953400
vn -0.00649000 -0.02893100 0.99956000
vn -0.00248800 -0.02683400 0.99963700
vn 0.00129800 -0.02694400 0.99963600
vn 0.00577700 -0.02834700 0.99958100
vn 0.01030400 -0.02874600 0.99953400
vn 0.01939100 -0.02096200 0.99959200
vn 0.01524200 -0.02226200 0.99963600
vn 0.01313900 -0.02587100 0.99957900
vn -0.67672800 0.70061300 0.22623200
vn -0.59136200 0.50038200 0.63238300
vn -0.61363600 0.47281300 0.63237500
vn -0.31799200 0.26907800 0.90910900
vn -0.32995300 0.25426300 0.90911000
vn 0.02512800 -0.01563400 0.99956200
vn -0.36161400 0.20677100 0.90911000
vn -0.35178200 0.22308300 0.90911100
vn -0.67250700 0.38449500 0.63237400
vn -0.74066800 0.44055200 0.50727200
vn -0.79801800 0.55874700 0.22576200
vn -0.71875500 0.28893700 0.63238200
vn -0.37898300 0.17289600 0.90910900
vn -0.38649200 0.15539500 0.90910700
vn 0.02456400 -0.01113800 0.99963600
vn 0.02703500 -0.00709300 0.99960900
vn -0.64924000 0.12468700 -0.75029400
vn -0.47803800 0.08983300 -0.87373300
vn -0.54879800 0.12768200 -0.82614700
vn -0.87641300 0.17550300 -0.44844200
vn -0.76007900 0.15226100 -0.63174100
vn -0.78038900 0.21616600 -0.58674100
vn -0.19132000 0.91133600 -0.36450500
vn -0.25054300 0.69561900 -0.67330700
vn -0.27353900 0.37866400 -0.88418900
vn -0.32123200 0.87873000 -0.35305000
vn -0.45709100 0.81796400 -0.34928900
vn -0.57841600 0.74232900 -0.33820500
vn -0.68476800 0.64681900 -0.33573600
vn -0.79255900 0.59320100 -0.14128800
vn -0.85237500 0.43345100 -0.29253600
vn -0.90115200 0.28983700 -0.32236400
vn -0.93563100 0.19322600 -0.29539500
vn -0.34729800 0.66681000 -0.65935500
vn -0.44535100 0.61627900 -0.64951000
vn -0.53297000 0.55729900 -0.63667900
vn -0.60768700 0.48399300 -0.62965600
vn -0.72207000 0.49814300 -0.48007200
vn -0.67183000 0.40437900 -0.62058200
vn -0.72136500 0.31554400 -0.61649300
vn -0.32495400 0.36194000 -0.87373000
vn -0.37547700 0.33363500 -0.86469900
vn -0.42074300 0.30221100 -0.85536200
vn -0.45845600 0.26342400 -0.84877900
vn -0.49118600 0.22241400 -0.84218100
vn -0.51570000 0.17679700 -0.83832900
vn -0.26161300 0.08192600 -0.96169000
vn -0.27994000 0.11702800 -0.95285800
vn -0.29485000 0.10902500 -0.94930300
vn -0.30828500 0.10089600 -0.94592800
vn -0.31915200 0.09075700 -0.94334800
vn -0.32842600 0.08043900 -0.94109800
vn -0.33499000 0.06909100 -0.93968500
vn -0.32577600 0.05132500 -0.94405300
vn -0.34366300 0.05795400 -0.93730300
vn 0.35702900 -0.01553600 -0.93396400
vn 0.24478800 0.12250400 -0.96180600
vn 0.33134100 0.12417300 -0.93530400
vn -0.22073200 0.01104600 -0.97527200
vn -0.18882700 0.02178300 -0.98176900
vn -0.19514400 0.03885400 -0.98000500
vn -0.18931800 -0.06133800 -0.97999800
vn -0.18514400 -0.04345400 -0.98175000
vn -0.18813900 -0.02801300 -0.98174300
vn -0.19052500 -0.01024100 -0.98162900
vn -0.17633400 -0.09220500 -0.98000200
vn -0.17530500 -0.07378200 -0.98174600
vn -0.14298400 -0.13447600 -0.98054700
vn -0.15267700 -0.13336700 -0.97923600
vn -0.15124700 -0.11515600 -0.98176500
vn -0.16040700 -0.10206600 -0.98176000
vn 0.26661900 -0.23640100 -0.93436000
vn 0.14340000 -0.13667100 -0.98018200
vn 0.14367300 -0.12482800 -0.98172100
vn 0.27324500 -0.22488600 -0.93528800
vn 0.15236200 -0.11374000 -0.98175800
vn 0.28926800 -0.20114700 -0.93587600
vn 0.16139100 -0.10062300 -0.98174700
vn 0.32311900 -0.18671500 -0.92775600
vn 0.17701800 -0.09081300 -0.98000900
vn 0.32342900 -0.16804000 -0.93121200
vn 0.30217000 -0.13869700 -0.94311000
vn 0.18490300 -0.07367400 -0.97999100
vn 0.36444300 -0.13893000 -0.92080400
vn 0.32167300 -0.10647900 -0.94084500
vn 0.18172700 -0.05613000 -0.98174600
vn 0.32069200 -0.08786100 -0.94310000
vn 0.19459400 -0.04185000 -0.97999100
vn 0.37938000 -0.07850400 -0.92190500
vn 0.29494900 -0.03417900 -0.95490200
vn 0.17615000 -0.02302900 -0.98409400
vn 0.17849500 -0.00793900 -0.98390900
vn 0.22540500 0.01138900 -0.97419900
vn 0.25875800 0.09732700 -0.96102600
vn 0.24519100 0.07852200 -0.96629000
vn 0.34330100 -0.03666800 -0.93850900
vn 0.33314800 0.07362000 -0.93999600
vn 0.32559000 0.08444000 -0.94173300
vn 0.31598200 0.09498800 -0.94399800
vn 0.30423300 0.10436600 -0.94686300
vn 0.29035900 0.11277300 -0.95024900
vn 0.27461300 0.11971800 -0.95407300
vn 0.18994800 0.05922500 -0.98000600
vn 0.32616500 0.08184000 -0.94176400
vn 0.18588900 0.04001000 -0.98175600
vn 0.34739100 0.06592500 -0.93540000
vn 0.18853100 0.02564400 -0.98173200
vn 0.32675100 0.05010700 -0.94378100
vn 0.33821800 0.06190900 -0.93902900
vn 0.16917600 0.10453500 -0.98002600
vn 0.31448200 0.16878200 -0.93413800
vn 0.16976100 0.08561900 -0.98175900
vn 0.30558900 0.14020200 -0.94178500
vn 0.17610700 0.07142900 -0.98177600
vn 0.34169400 0.13181300 -0.93052200
vn 0.36006200 0.11255800 -0.92611400
vn 0.07968200 0.18220000 -0.98002800
vn 0.15069800 0.30054600 -0.94178700
vn 0.09187100 0.16645500 -0.98176000
vn 0.18336000 0.31591000 -0.93090300
vn 0.10446600 0.15907700 -0.98172400
vn 0.20125400 0.29461800 -0.93418300
vn 0.11756700 0.14990000 -0.98168600
vn 0.22672900 0.27553000 -0.93417200
vn 0.13013300 0.13893600 -0.98171400
vn 0.25183000 0.25290700 -0.93414100
vn 0.14173800 0.12692800 -0.98173300
vn 0.27466600 0.22802000 -0.93411200
vn 0.15224500 0.11397900 -0.98174900
vn 0.27468700 0.19378200 -0.94180400
vn 0.32891200 0.20478700 -0.92188900
vn -0.09861900 0.17269200 -0.98002600
vn -0.15778500 0.32017600 -0.93412600
vn -0.07969200 0.17261600 -0.98176000
vn -0.12949200 0.31027500 -0.94178600
vn -0.06532300 0.17842600 -0.98178300
vn -0.11987000 0.34606900 -0.93052000
vn -0.05139000 0.18333600 -0.98170600
vn -0.09233000 0.34461700 -0.93419200
vn -0.03610500 0.18722800 -0.98165300
vn -0.06178800 0.35132000 -0.93421400
vn -0.01955400 0.18951300 -0.98168300
vn -0.02828600 0.35568400 -0.93417800
vn -0.00285000 0.19038500 -0.98170500
vn 0.00550200 0.35683800 -0.93415000
vn 0.01379700 0.18978500 -0.98172900
vn 0.03915900 0.35483700 -0.93410800
vn 0.03035100 0.18777100 -0.98174400
vn 0.07257900 0.34956800 -0.93409600
vn 0.04661600 0.18431700 -0.98176100
vn 0.09306600 0.32302100 -0.94180500
vn 0.06171300 0.17974200 -0.98177600
vn 0.12323000 0.34477000 -0.93056300
vn 0.14891300 0.34655200 -0.92613500
vn -0.17933800 0.08594600 -0.98002600
vn -0.29514900 0.16106100 -0.94177800
vn -0.16316900 0.09752100 -0.98176700
vn -0.30929400 0.19419000 -0.93092800
vn -0.15537000 0.10989000 -0.98172500
vn -0.28743200 0.21138700 -0.93418300
vn -0.14573900 0.12266800 -0.98168900
vn -0.26745800 0.23619000 -0.93417400
vn -0.13434800 0.13485000 -0.98171600
vn -0.24398000 0.26049200 -0.93414000
vn -0.12193300 0.14608000 -0.98173000
vn -0.21829800 0.28244600 -0.93411500
vn -0.10864300 0.15608700 -0.98175000
vn -0.18411000 0.28124600 -0.94180900
vn -0.19328400 0.33593200 -0.92184100
vn -0.36318900 0.07030200 -0.92905900
vn -0.34564100 0.08903200 -0.93413300
vn -0.18263100 0.05304800 -0.98174900
vn -0.31963100 0.10424900 -0.94179000
vn -0.17752200 0.06798300 -0.98176600
vn -0.34033200 0.13515000 -0.93054200
vn -0.34116000 0.16088800 -0.92613400
vn 0.49338100 0.09171200 -0.86496500
vn 0.67173000 0.13885200 -0.72766700
vn 0.65307100 0.12986000 -0.74608000
vn 0.77635900 0.15636400 -0.61058800
vn 0.94850000 0.20409000 -0.24226900
vn 0.87266600 0.18537100 -0.45176400
vn 0.86634900 0.19429800 -0.46009500
vn 0.44219700 0.11536200 -0.88946800
vn 0.61508900 0.20161300 -0.76224500
vn 0.62901200 0.26388400 -0.73123800
vn 0.40836300 0.20581700 -0.88931400
vn 0.56495300 0.31407000 -0.76301200
vn 0.56677600 0.37766800 -0.73221000
vn 0.36151700 0.27990200 -0.88936000
vn 0.34264600 0.30224500 -0.88951800
vn 0.31209200 0.33370100 -0.88951800
vn 0.27870900 0.36204200 -0.88952000
vn 0.35502000 0.54015700 -0.76301400
vn 0.35094100 0.63997300 -0.68357500
vn 0.20019100 0.41079400 -0.88947800
vn 0.24651000 0.59849600 -0.76225700
vn 0.20829800 0.64954500 -0.73123400
vn 0.10868300 0.44416800 -0.88932700
vn 0.07999700 0.44984500 -0.88951700
vn 0.03650400 0.45544000 -0.88951800
vn -0.00731400 0.45683400 -0.88952200
vn -0.05101800 0.45403600 -0.88952100
vn -0.09434600 0.44704800 -0.88952100
vn -0.18006100 0.62171000 -0.76226900
vn -0.24178500 0.63779900 -0.73126800
vn -0.19141800 0.41520200 -0.88936300
vn -0.29425200 0.57551500 -0.76301900
vn -0.35770100 0.57962700 -0.73217600
vn -0.26716900 0.37109700 -0.88933000
vn -0.29007500 0.35300900 -0.88951700
vn -0.32258700 0.32356900 -0.88951700
vn -0.35213100 0.29112200 -0.88952400
vn -0.52743000 0.37363100 -0.76303200
vn -0.62730900 0.37302100 -0.68362200
vn -0.40359200 0.21435300 -0.88947500
vn -0.58956100 0.26724700 -0.76223100
vn -0.64186100 0.23082500 -0.73125600
vn -0.44009800 0.12411000 -0.88933100
vn -0.61044900 0.13546900 -0.78038400
vn 0.74635700 0.26309900 -0.61133500
vn 0.71773600 0.33336600 -0.61132800
vn 0.68247400 0.40063700 -0.61132600
vn 0.64093900 0.46420900 -0.61131600
vn 0.60990800 0.50426900 -0.61133000
vn 0.59345100 0.52353100 -0.61133500
vn 0.55877600 0.56039800 -0.61132900
vn 0.54058800 0.57795900 -0.61133300
vn 0.50246700 0.61138200 -0.61134200
vn 0.48268200 0.62711900 -0.61134200
vn 0.42037000 0.67049800 -0.61132800
vn 0.35416000 0.70770400 -0.61133100
vn 0.28470600 0.73839300 -0.61132600
vn 0.21261800 0.76227300 -0.61133700
vn 0.16343300 0.77431100 -0.61133600
vn 0.13857400 0.77914500 -0.61133500
vn 0.08842200 0.78641500 -0.61133700
vn 0.06325900 0.78883800 -0.61133700
vn 0.01263700 0.79126900 -0.61133700
vn -0.01264300 0.79127200 -0.61133300
vn -0.06324900 0.78884300 -0.61133200
vn -0.08841600 0.78642200 -0.61132900
vn -0.13858000 0.77914800 -0.61133000
vn -0.16339900 0.77432100 -0.61133300
vn -0.23684700 0.75509700 -0.61133700
vn -0.30819500 0.72889600 -0.61133200
vn -0.37658900 0.69602600 -0.61133300
vn -0.44155900 0.65673100 -0.61133500
vn -0.48268900 0.62711800 -0.61133900
vn -0.50247000 0.61137500 -0.61134600
vn -0.54057100 0.57795600 -0.61135100
vn -0.55876000 0.56039800 -0.61134400
vn -0.59349700 0.52348300 -0.61133200
vn -0.60991100 0.50426500 -0.61133100
vn -0.65545200 0.44344400 -0.61134300
vn -0.69491700 0.37862600 -0.61133700
vn -0.72800300 0.31028300 -0.61134000
vn -0.75441100 0.23907000 -0.61131700
vn -0.79489000 0.17129600 -0.58207200
vn -0.94119100 0.21889300 -0.25738300
vn 0.93048000 0.29481900 -0.21745900
vn 0.89793100 0.38265800 -0.21746800
vn 0.85712200 0.46695700 -0.21746900
vn 0.80841200 0.54696500 -0.21748600
vn 0.75225400 0.62193700 -0.21750500
vn 0.68919900 0.69116300 -0.21748100
vn 0.61978300 0.75404000 -0.21746800
vn 0.54460600 0.81000300 -0.21748600
vn 0.46450800 0.85844800 -0.21748600
vn 0.38009600 0.89901300 -0.21749100
vn 0.29217800 0.93130400 -0.21749900
vn 0.20156500 0.95502300 -0.21749400
vn 0.10909800 0.96994500 -0.21749500
vn 0.01563700 0.97593700 -0.21749000
vn -0.07798000 0.97294300 -0.21748700
vn -0.17087700 0.96098900 -0.21748600
vn -0.26219700 0.94018900 -0.21748100
vn -0.35111600 0.91072600 -0.21747600
vn -0.43676500 0.87288600 -0.21750100
vn -0.51843000 0.82700000 -0.21748700
vn -0.59534500 0.77347300 -0.21749600
vn -0.66671600 0.71287400 -0.21748600
vn -0.73196900 0.64569900 -0.21747200
vn -0.79049200 0.57256500 -0.21746800
vn -0.84171600 0.49417800 -0.21749100
vn -0.88521600 0.41120600 -0.21749100
vn -0.92055100 0.32447300 -0.21749400
vn -0.98048800 0.00297000 0.19655700
vn -0.97820000 -0.06971600 0.19561100
vn -0.82965700 0.00847400 0.55821000
vn -0.82939600 -0.02295100 0.55819000
vn -0.82970700 0.00849600 0.55813400
vn -0.82877200 -0.05392000 0.55698300
vn -0.55075100 0.01269000 0.83457300
vn -0.55132600 -0.00886000 0.83424300
vn -0.55091300 0.01274100 0.83446500
vn -0.55183600 -0.02982600 0.83341900
vn -0.18741300 0.01495800 0.98216700
vn -0.18822500 0.00653000 0.98210400
vn -0.11160100 0.01515700 0.99363800
vn -0.11253300 0.00491800 0.99363600
vn -0.98024400 -0.02042000 0.19673700
vn -0.82601800 -0.03115300 0.56278200
vn -0.82915600 -0.00976300 0.55893200
vn -0.54295600 -0.01271900 0.83966500
vn -0.55027300 0.00259300 0.83498100
vn -0.18055500 0.00375800 0.98355800
vn -0.11071000 0.01305500 0.99376700
vn -0.23930900 -0.80546500 0.54217900
vn -0.29083800 -0.81983200 0.49324300
vn -0.22778700 -0.73502000 0.63863800
vn -0.22778600 -0.73496100 0.63870600
vn 0.02057300 -0.39085700 0.92022100
vn 0.17676300 -0.53934200 0.82332600
vn 0.17661700 -0.53931400 0.82337500
vn -0.17379000 -0.50907300 0.84299600
vn -0.18132200 -0.57824500 0.79545900
vn 0.03115400 0.00893800 0.99947500
vn 0.04718500 -0.00299500 0.99888200
vn 0.01218700 -0.01775800 0.99976800
vn 0.04312300 -0.00804500 0.99903700
vn -0.02681000 -0.04271600 0.99872700
vn 0.00775700 -0.02126900 0.99974400
vn 0.00805600 0.00562300 0.99995200
vn 0.02066700 0.00932100 0.99974300
vn 0.05268600 -0.17221900 0.98364900
vn -0.02575300 -0.15243700 0.98797800
vn -0.02024400 -0.06892100 0.99741700
vn -0.20332700 -0.41143100 0.88847200
vn -0.04900500 -0.15567600 0.98659200
vn -0.10016600 -0.12589000 0.98697400
vn -0.06384700 -0.06097800 0.99609500
vn -0.31783600 -0.14758800 0.93658800
vn -0.31769200 -0.14751600 0.93664900
vn -0.08645100 -0.02897900 0.99583500
vn -0.16578700 -0.02938200 0.98572400
vn -0.08272800 0.00359400 0.99656600
vn -0.33116300 -0.40512000 0.85217900
vn -0.37726800 -0.36304200 0.85198000
vn -0.45209500 -0.26610400 0.85135100
vn -0.51588400 -0.11532500 0.84886100
vn -0.52993400 -0.06939000 0.84519500
vn -0.37877700 -0.72649600 0.57335200
vn -0.51975500 -0.63225500 0.57455100
vn -0.58954100 -0.56800100 0.57429700
vn -0.70327200 -0.42003200 0.57356900
vn -0.74707100 -0.33659300 0.57322700
vn -0.79957600 -0.18650200 0.57087200
vn -0.81425600 -0.11828700 0.56832700
vn -0.53412700 -0.82119100 0.20088100
vn -0.70489900 -0.67969500 0.20281000
vn -0.89086800 -0.40660000 0.20256100
vn -0.96842700 -0.14798500 0.20062100
vn 0.98841100 -0.14046100 0.05757500
vn 0.99390900 0.02752600 0.10671400
vn 0.99785500 -0.06513500 0.00648300
vn 0.99436100 0.01875200 0.10437500
vn 0.98463000 -0.01727600 0.17379600
vn 0.98762600 -0.06943900 0.14061600
vn 0.98762700 -0.11795900 0.10334000
vn 0.98065600 -0.18539600 0.06278500
vn 0.76627800 0.63644700 0.08805300
vn 0.78140900 0.60800500 0.14046600
vn 0.80216800 0.58690800 0.10984200
vn 0.84533400 0.52249100 0.11141400
vn 0.95527100 0.27337400 0.11280200
vn 0.93800400 0.33355400 0.09428700
vn 0.92527500 0.35587000 0.13123400
vn 0.92062500 0.38298600 0.07597500
vn 0.89082100 0.43531900 0.13013500
vn 0.88479000 0.45190300 0.11370700
vn 0.84210400 0.52243500 0.13387200
vn 0.98833300 0.07877000 0.13035900
vn 0.98530000 0.12063100 0.12096400
vn 0.97618000 0.17307300 0.13084100
vn 0.96838500 0.21967700 0.11820600
vn 0.94566200 0.29347800 0.13998200
vn -0.03181100 -0.17111200 -0.98473800
vn -0.02061500 -0.14885000 -0.98864500
vn -0.04441300 -0.10987800 -0.99295200
vn -0.13562000 -0.09324300 -0.98636300
vn -0.16350700 -0.15437300 -0.97438900
vn -0.11133400 -0.18942500 -0.97556300
vn -0.13367600 -0.19980900 -0.97067400
vn -0.04337400 -0.16109100 -0.98598600
vn -0.02848900 -0.16816400 -0.98534700
vn -0.04906900 -0.22677800 -0.97271000
vn -0.01691400 -0.20607800 -0.97838900
vn 0.00220200 -0.24536200 -0.96942900
vn -0.11397800 -0.13020800 -0.98491400
vn -0.10614500 -0.14883600 -0.98314900
vn -0.09446900 -0.15363500 -0.98360200
vn -0.07198800 -0.14963500 -0.98611700
vn -0.06199000 -0.16873300 -0.98371000
vn -0.08518800 -0.05324900 -0.99494100
vn -0.00842600 -0.03125700 -0.99947600
vn -0.00002200 -0.11787400 -0.99302900
vn -0.10848000 -0.12541500 -0.98615600
vn -0.12653500 -0.10621800 -0.98625900
vn -0.00256000 -0.01087200 -0.99993800
vn -0.14156000 -0.08464400 -0.98630400
vn -0.15243300 -0.06118900 -0.98641800
vn -0.15950300 -0.03788600 -0.98647000
vn -0.03797600 -0.16140200 -0.98615800
vn -0.06346300 -0.15351500 -0.98610600
vn -0.08694100 -0.14110200 -0.98617000
vn -0.01367200 -0.16541800 -0.98612900
vn -0.02355900 -0.02052600 -0.99951200
vn -0.00326200 -0.06246000 -0.99804200
vn -0.00049000 -0.03016400 -0.99954500
vn -0.00158900 -0.14405600 -0.98956800
vn -0.00442400 -0.10355300 -0.99461400
vn -0.01714800 -0.06419300 -0.99779000
vn -0.04538300 -0.04146900 -0.99810900
vn -0.00457700 -0.15240500 -0.98830800
vn -0.00481100 -0.19318000 -0.98115200
vn -0.08187500 -0.14629700 -0.98584700
vn -0.60377800 -0.37379600 -0.70408000
vn -0.62457400 -0.34021000 -0.70296800
vn -0.55865700 -0.43904200 -0.70366500
vn -0.95324500 -0.15938700 -0.25674700
vn -0.69199700 -0.15845800 -0.70429500
vn -0.70007100 -0.12317800 -0.70336900
vn -0.25699600 -0.06679300 -0.96410200
vn -0.24427400 -0.10666900 -0.96382200
vn -0.67166500 -0.23177400 -0.70366700
vn -0.65827400 -0.26877300 -0.70316200
vn -0.89650400 -0.33772700 -0.28674100
vn -0.22335600 -0.14434000 -0.96399100
vn -0.19751300 -0.17934700 -0.96375500
vn -0.16544100 -0.20856600 -0.96391400
vn -0.12946300 -0.23356800 -0.96368300
vn -0.08966500 -0.25108100 -0.96380400
vn -0.04746400 -0.26317300 -0.96358000
vn -0.01101800 -0.26706100 -0.96361700
vn -0.53384100 -0.46983500 -0.70304300
vn -0.47840100 -0.52636800 -0.70290100
vn -0.44776300 -0.55142600 -0.70387300
vn -0.38355100 -0.59815600 -0.70363200
vn -0.34994300 -0.61924600 -0.70290400
vn -0.27905300 -0.65435000 -0.70281900
vn -0.24186800 -0.66808300 -0.70367900
vn -0.16582800 -0.69098900 -0.70358800
vn -0.12718700 -0.69999200 -0.70273400
vn -0.05890300 -0.70944400 -0.70229600
vn -0.02940400 -0.71043400 -0.70314900
vn -0.83791300 -0.48126800 -0.25745300
vn -0.76264000 -0.59354800 -0.25706300
vn -0.65258600 -0.71292100 -0.25666100
vn -0.52381600 -0.81208800 -0.25715800
vn -0.38048800 -0.88846600 -0.25662700
vn -0.22621400 -0.93951600 -0.25717000
vn -0.07986500 -0.96329500 -0.25628900
vn -0.00014000 -0.99408800 0.10857900
vn 0.00007000 -0.99154100 -0.12979800
vn 0.00014500 -0.99602800 0.08904000
vn -0.00000300 -0.99152900 -0.12988400
vn 0.00004100 -0.99688000 0.07892900
vn -0.00006700 -0.99154200 -0.12978400
vn 0.04112800 -0.99427700 0.09860300
vn 0.08189300 -0.98822600 -0.12924200
vn 0.00028400 -0.26534400 -0.96415400
vn 0.00013900 -0.96632400 -0.25732700
vn 0.00029400 -0.71061900 -0.70357700
vn 0.00046300 -0.71039300 -0.70380500
vn 0.00054300 -0.71058500 -0.70361100
vn 0.00007100 -0.71067800 -0.70351800
vn 0.00068300 -0.71090800 -0.70328500
vn -0.00000700 -0.96622200 -0.25771200
vn -0.00028400 -0.70995300 -0.70424900
vn -0.00020400 -0.70996600 -0.70423600
vn -0.00025400 -0.71002600 -0.70417600
vn 0.00023100 -0.71005500 -0.70414700
vn 0.00026200 -0.71003500 -0.70416600
vn 0.00012800 -0.71009500 -0.70410600
vn 0.00047600 -0.26727600 -0.96362000
vn -0.82021000 -0.12785900 0.55759100
vn -0.54614400 -0.07960800 0.83390000
vn -0.18759800 -0.01909600 0.98206000
vn -0.95871300 -0.20631500 0.19571000
vn -0.86343500 -0.29846700 0.40669000
vn -0.79746900 -0.40660600 0.44577500
vn -0.80824900 -0.55529500 0.19591000
vn -0.74069800 -0.64268600 0.19575800
vn -0.62204600 -0.75803000 0.19608400
vn -0.48572000 -0.85189600 0.19583000
vn -0.33552100 -0.92137300 0.19620700
vn -0.17584300 -0.96472500 0.19591900
vn -0.04055300 -0.97971900 0.19622800
vn -0.81231100 -0.17025900 0.55782000
vn -0.77338300 -0.30208400 0.55733600
vn -0.71082900 -0.42804500 0.55812200
vn -0.65756500 -0.50554600 0.55859700
vn -0.62853800 -0.54235600 0.55748600
vn -0.56329800 -0.60971300 0.55762500
vn -0.52769900 -0.64021800 0.55826000
vn -0.45187300 -0.69556900 0.55856400
vn -0.41218600 -0.72051800 0.55763400
vn -0.32836800 -0.76231100 0.55772400
vn -0.28455500 -0.77916600 0.55850600
vn -0.19475800 -0.80623500 0.55861800
vn -0.14888500 -0.81649400 0.55782700
vn -0.06859200 -0.82738400 0.55743300
vn -0.03434700 -0.82881900 0.55846100
vn -0.54086100 -0.10806500 0.83414100
vn -0.52497500 -0.16678000 0.83461700
vn -0.51571000 -0.19691200 0.83382800
vn -0.48974600 -0.25414700 0.83400100
vn -0.47401100 -0.28133500 0.83436500
vn -0.43833000 -0.33336400 0.83470700
vn -0.41949700 -0.35839500 0.83401200
vn -0.37602600 -0.40353600 0.83412400
vn -0.35205300 -0.42373600 0.83457000
vn -0.30131100 -0.46084400 0.83476600
vn -0.27505600 -0.47805500 0.83415100
vn -0.21910000 -0.50602600 0.83422600
vn -0.18972500 -0.51688700 0.83476500
vn -0.12958400 -0.53501900 0.83484300
vn -0.09904700 -0.54229300 0.83433100
vn -0.04558100 -0.54976100 0.83407800
vn -0.02282900 -0.55009100 0.83479200
vn -0.11061000 -0.01262400 0.99378400
vn -0.18366700 -0.03966600 0.98218800
vn -0.17923900 -0.05560000 0.98223300
vn -0.10568500 -0.03213600 0.99388000
vn -0.16927300 -0.08156600 0.98218800
vn -0.09723600 -0.05047000 0.99398100
vn -0.15161700 -0.10974700 0.98232800
vn -0.08599700 -0.06706000 0.99403600
vn -0.13035200 -0.13485600 0.98225400
vn -0.07202000 -0.08089200 0.99411700
vn -0.10434200 -0.15513600 0.98236700
vn -0.05601300 -0.09225900 0.99415800
vn -0.07585700 -0.17118800 0.98231400
vn -0.03826800 -0.10008700 0.99424300
vn -0.04456400 -0.18128200 0.98242100
vn -0.01945000 -0.10499400 0.99428300
vn -0.01544800 -0.18645200 0.98234300
vn -0.00431600 -0.10573900 0.99438400
vn 0.05200400 0.17935000 0.98241000
vn 0.07722700 0.20828500 0.97501500
vn 0.10249500 0.19724800 0.97498100
vn 0.00140500 -0.01031300 0.99994600
vn 0.01461600 0.09395800 0.99546900
vn 0.01144400 0.03521400 0.99931400
vn 0.05311900 0.08934200 0.99458400
vn 0.09055300 0.11681200 0.98901700
vn 0.08135500 0.08440700 0.99310500
vn 0.17542700 0.17692500 0.96846400
vn 0.27358900 0.13498400 0.95232800
vn 0.27164100 0.11508800 0.95549200
vn 0.12676900 0.09819300 0.98706000
vn 0.23464600 0.08418500 0.96842900
vn 0.23544600 0.05225700 0.97048200
vn 0.08979900 0.05213200 0.99459500
vn 0.17084500 0.03111700 0.98480600
vn 0.05268600 0.03909900 0.99784500
vn 0.06838200 0.01966400 0.99746500
vn 0.26514800 0.15747000 0.95126200
vn 0.28960100 0.19660000 0.93673900
vn 0.15662200 0.15385400 0.97560200
vn 0.26968600 0.21653700 0.93828600
vn 0.28295100 0.24405600 0.92756400
vn 0.04464900 0.09137900 0.99481500
vn -0.07275900 0.15915800 0.98456800
vn -0.08535300 0.19841500 0.97639500
vn -0.03814000 0.12372600 0.99158300
vn 0.04048500 0.11660200 0.99235300
vn 0.03932200 0.09509100 0.99469200
vn -0.08695400 0.01807000 0.99604800
vn -0.10077600 0.03600000 0.99425800
vn -0.03606100 -0.01467600 0.99924200
vn -0.05425200 -0.00768400 0.99849800
vn -0.07165100 0.00319900 0.99742500
vn -0.00417800 -0.01008900 0.99994000
vn -0.01792300 -0.01605100 0.99971100
vn -0.11167300 0.05707600 0.99210500
vn -0.09195300 0.08124000 0.99244400
vn 0.05000000 0.09922800 0.99380800
vn -0.10529600 0.11126500 0.98819700
vn -0.07044900 0.12520200 0.98962700
vn 0.00321900 0.01839200 0.99982600
vn -0.00110600 0.03015400 0.99954500
vn -0.00014600 0.06809300 0.99767900
vn 0.00000000 -0.04361900 0.99904800
vn -0.00063000 -0.07098900 0.99747700
vn 0.03130300 -0.00267800 0.99950600
vn 0.00159200 -0.03957200 0.99921500
vn 0.08684800 0.14325800 0.98586700
vn 0.03245400 0.13992100 0.98963100
vn -0.09797100 0.13547200 0.98592500
vn 0.07639300 0.08864300 0.99313000
vn 0.00000000 -0.19826800 0.98014800
vn -0.00115400 -0.41348400 0.91051100
vn -0.00116500 -0.41338700 0.91055500
vn 0.00000000 -0.37929900 0.92527400
vn 0.00000000 -0.55993100 0.82853900
vn -0.00086000 -0.72886200 0.68466000
vn 0.00011800 -0.79107100 0.61172500
vn -0.00039400 -0.90157900 0.43261400
vn -0.00040000 -0.90167400 0.43241600
vn 0.00059700 -0.86026800 0.50984200
vn -0.00002600 -0.98414200 0.17738100
vn -0.00008800 -0.55015700 0.83506100
vn -0.00009700 -0.18603200 0.98254400
vn -0.35298900 -0.92606600 0.13341500
vn -0.34950900 -0.93687600 0.01033600
vn -0.28371100 -0.94349200 0.17126000
vn -0.39345000 -0.91920200 0.01626500
vn -0.36442500 -0.92476700 0.10954900
vn -0.39274600 -0.91264800 0.11324000
vn -0.58559600 -0.80181000 0.11907400
vn -0.54050200 -0.83570900 0.09719900
vn -0.56026100 -0.82809500 0.01914500
vn -0.48402400 -0.86568600 0.12770300
vn -0.41832500 -0.89761300 0.13890600
vn -0.63088900 -0.76598600 0.12346600
vn -0.66823500 -0.74385800 0.01175400
vn -0.68442000 -0.72013700 0.11389300
vn -0.73796800 -0.67482000 0.00470100
vn -0.71079700 -0.69000900 0.13658400
vn -0.76397800 -0.63193900 0.13034800
vn -0.86501600 -0.50080600 0.03068300
vn -0.81404700 -0.56928400 0.11508100
vn -0.86370100 -0.49386000 0.10061400
vn 0.80653000 -0.57606400 0.13288900
vn 0.84963800 -0.52670000 0.02651000
vn 0.76646600 -0.63504200 0.09618300
vn 0.74822600 -0.66340900 0.00681400
vn 0.71514800 -0.69054200 0.10824000
vn 0.93744800 -0.33147000 0.10639200
vn 0.95484100 -0.29604500 0.02520700
vn 0.90093000 -0.42562200 0.08468100
vn 0.86533100 -0.49753700 0.06050000
vn 0.96262300 -0.24764500 0.10967500
vn 0.97862100 -0.17177000 0.11311800
vn 0.99512800 -0.09787200 0.01189400
vn 0.99530600 -0.05421100 0.08016500
vn 0.99268100 0.11655600 0.03161000
vn 0.99262800 0.00524400 0.12108600
vn 0.98869900 0.10937600 0.10251900
vn 0.97381400 0.19735800 0.11285600
vn 0.95561600 0.27176800 0.11375300
vn 0.94030700 0.34020800 0.00896200
vn 0.92025100 0.38190500 0.08536400
vn 0.84429200 0.53503100 0.03020600
vn 0.89093000 0.43625200 0.12620800
vn 0.84290300 0.52873800 0.09974700
vn 0.78968600 0.60238100 0.11633300
vn 0.74171600 0.66088400 0.11441000
vn 0.70219000 0.71196800 0.00560000
vn 0.66400500 0.74224400 0.09039400
vn 0.55361300 0.83224700 0.02962300
vn 0.61201900 0.77987400 0.13126400
vn 0.52956900 0.84256600 0.09817500
vn 0.44428400 0.89104200 0.09303900
vn 0.34600400 0.93813100 0.01381200
vn 0.36980500 0.92084300 0.12366100
vn 0.27691300 0.95614900 0.09538700
vn 0.11949200 0.99233900 0.03139700
vn 0.21164000 0.96780400 0.13625200
vn 0.10965700 0.98916000 0.09765700
vn 0.04463000 0.99258100 0.11309900
vn 0.00279400 0.99192200 0.12681800
vn -0.09176900 0.99526700 0.03196700
vn -0.03907800 0.99056100 0.13138700
vn -0.10965500 0.98916100 0.09765600
vn -0.20502700 0.97432500 0.09302700
vn -0.30956600 0.95075600 0.01520900
vn -0.43680600 0.88907500 0.13691600
vn -0.50368000 0.86346700 0.02705400
vn -0.37659300 0.92126600 0.09719200
vn -0.28396000 0.95133500 0.11969800
vn -0.53030300 0.84648000 0.04743700
vn -0.59558500 0.79973100 0.07555600
vn -0.68944500 0.72409200 0.01889400
vn -0.78175600 0.60903500 0.13392200
vn -0.82789900 0.56024100 0.02670300
vn -0.73990400 0.66576600 0.09642400
vn -0.67000300 0.73365800 0.11332000
vn -0.84469100 0.53219900 0.05711200
vn -0.88316800 0.46177300 0.08233600
vn -0.93433500 0.35572100 0.02194400
vn -0.96967500 0.20622000 0.13116300
vn -0.98885500 0.14657800 0.02607900
vn -0.95592000 0.27762000 0.09562800
vn -0.92298000 0.36937500 0.10802800
vn -0.99221000 -0.06894400 0.10376400
vn -0.99393800 -0.10686900 0.02580600
vn -0.99550600 0.03271300 0.08886900
vn -0.99137300 0.11281300 0.06673300
vn -0.98128200 -0.15687800 0.11169200
vn -0.96601000 -0.23223400 0.11354000
vn -0.95288700 -0.30315900 0.01003600
vn -0.93493700 -0.34484700 0.08350800
vn -0.90819600 -0.39963600 0.12438700
vn -0.00000000 -0.00000000 1.00000000
vn 0.00000000 0.00000000 1.00000000
vn -0.00000000 -0.00000000 1.00000000
vn 0.00000200 0.00000000 1.00000000
vn 0.00000200 0.00000000 1.00000000
vn -0.00000000 -0.00000000 1.00000000
vn 0.00000000 0.00000000 1.00000000
vn -0.00000000 -0.00000000 1.00000000
vn 0.00000200 0.00000000 1.00000000
vn -0.00000000 -0.00000000 1.00000000
vn 0.00000000 0.00000000 1.00000000
vn -0.00000000 -0.00000000 1.00000000
vn 0.00000000 0.00000000 1.00000000
vn 0.00000200 0.00000000 1.00000000
vn 0.00000000 0.00000000 1.00000000
vn 0.00000000 0.00000000 1.00000000
vn 0.00000000 0.00000000 1.00000000
vn 0.00000000 0.00000000 1.00000000
vn 0.00000000 0.00000000 1.00000000
vn 0.00000000 0.00000000 1.00000000
vn 0.00000000 0.00000000 1.00000000
vn 0.00000000 0.00000000 1.00000000
vn 0.00000000 0.00000000 1.00000000
vn 0.00000000 0.00000000 1.00000000
vn 0.00000000 0.00000000 1.00000000
vn 0.00000000 0.00000000 1.00000000
vn 0.00000000 0.00000000 1.00000000
vn 0.00000000 0.00000000 1.00000000
vn -0.00000000 -0.00000000 1.00000000
vn 0.00000000 0.00000000 1.00000000
vn 0.00000000 0.00000000 1.00000000
vn -0.00000000 -0.00000000 1.00000000
vn 0.00000000 0.00000000 1.00000000
vn 0.00000000 0.00000000 1.00000000
vn 0.00000000 0.00000000 1.00000000
vn 0.00000000 0.00000000 1.00000000
vn -0.00000100 -0.00000000 1.00000000
vn 0.00000000 0.00000000 1.00000000
vn -0.00000100 -0.00000000 1.00000000
vn 0.00000000 0.00000000 1.00000000
vn 0.00000000 0.00000000 1.00000000
vn -0.00000100 -0.00000000 1.00000000
vn -0.00000000 -0.00000000 1.00000000
vn 0.00000400 0.00000000 1.00000000
vn 0.00000000 0.00000000 1.00000000
vn 0.00000000 0.00000000 1.00000000
vn -0.00000000 -0.00000000 1.00000000
vn 0.00000000 0.00000000 1.00000000
vn -0.00000000 -0.00000000 1.00000000
vn -0.00000000 -0.00000000 1.00000000
vn 0.00000000 0.00000000 1.00000000
vn -0.00000000 -0.00000000 1.00000000
vn 0.00000000 0.00000000 1.00000000
vn 0.00000000 0.00000000 1.00000000
vn 0.00000400 0.00000000 1.00000000
vn -0.00000000 -0.00000000 1.00000000
vn -0.00000000 -0.00000000 1.00000000
vn -0.00000000 -0.00000000 1.00000000
vn -0.00000000 -0.00000000 1.00000000
vn -0.00000000 -0.00000000 1.00000000
vn -0.00000000 -0.00000000 1.00000000
vn 0.00000200 0.00000000 1.00000000
vn 0.00000200 0.00000000 1.00000000
vn -0.00000000 -0.00000000 1.00000000
vn -0.00000000 -0.00000000 1.00000000
vn 0.00000000 0.00000000 1.00000000
vn -0.00000000 -0.00000000 1.00000000
vn 0.00001900 0.00000000 1.00000000
vn 0.00000100 0.00000000 1.00000000
vn 0.00000000 0.00000000 1.00000000
vn 0.00001900 0.00000000 1.00000000
vn -0.00000100 -0.00000000 1.00000000
vn -0.00000100 -0.00000000 1.00000000
vn 0.00000000 0.00000000 1.00000000
vn -0.00000100 -0.00000000 1.00000000
vn -0.00001100 -0.00000000 1.00000000
vn 0.00000000 0.00000000 1.00000000
vn 0.00000600 0.00000000 1.00000000
vn -0.00000800 -0.00000000 1.00000000
vn 0.00001900 0.00000000 1.00000000
vn -0.00000000 -0.00000000 1.00000000
vn 0.00000100 0.00000000 1.00000000
vn -0.00000800 -0.00000000 1.00000000
vn -0.00000100 -0.00000000 1.00000000
vn 0.00000000 0.00000000 1.00000000
vn 0.00000600 0.00000000 1.00000000
vn -0.00001100 -0.00000000 1.00000000
vn 0.00000000 0.00000000 1.00000000
vn 0.00000100 0.00000000 1.00000000
vn -0.00000100 -0.00000000 1.00000000
vn -0.00001100 -0.00000000 1.00000000
vn 0.00000000 0.00000000 1.00000000
vn -0.00000000 -0.00000000 1.00000000
vn 0.00000000 0.00000000 1.00000000
vn 0.00000000 0.00000000 1.00000000
vn 0.00000400 0.00000000 1.00000000
vn 0.00000000 0.00000000 1.00000000
vn -0.00000100 -0.00000000 1.00000000
vn -0.00000100 -0.00000000 1.00000000
vn 0.00000000 0.00000000 1.00000000
vn 0.00000000 0.00000000 1.00000000
vn 0.00000400 0.00000000 1.00000000
vn 0.00000000 0.00000000 1.00000000
vn 0.00000000 0.00000000 1.00000000
vn 0.00000000 0.00000000 1.00000000
vn -0.00000000 -0.00000000 1.00000000
vn -0.00000000 -0.00000000 1.00000000
vn 0.00000000 0.00000000 1.00000000
vn 0.00000000 0.00000000 1.00000000
vn 0.00000000 0.00000000 1.00000000
vn 0.00000000 0.00000000 1.00000000
vn 0.00000000 0.00000000 1.00000000
vn -0.00000800 -0.00000000 1.00000000
vn -0.00000000 -0.00000000 1.00000000
vn 0.00000000 0.00000000 1.00000000
vn 0.00000000 0.00000000 1.00000000
vn 0.00000000 0.00000000 1.00000000
vn -0.00000000 -0.00000000 1.00000000
vn 0.00000400 0.00000000 1.00000000
vn 0.00000400 0.00000000 1.00000000
vn -0.00000000 -0.00000000 1.00000000
vn -0.00000000 -0.00000000 1.00000000
vn -0.00000000 -0.00000000 1.00000000
vn -0.00000000 -0.00000000 1.00000000
vn 0.00000400 0.00000000 1.00000000
vn -0.00000000 -0.00000000 1.00000000
vn -0.00000000 -0.00000000 1.00000000
vn 0.00000000 0.00000000 1.00000000
vn -0.00000100 -0.00000000 1.00000000
vn 0.00000000 0.00000000 1.00000000
vn 0.00000000 0.00000000 1.00000000
vn -0.00000000 -0.00000000 1.00000000
vn -0.00000000 -0.00000000 1.00000000
vn 0.00000600 0.00000000 1.00000000
vn 0.00000000 0.00000000 1.00000000
vn 0.00000000 0.00000000 1.00000000
vn 0.00000000 0.00000000 1.00000000
vn 0.00000100 0.00000000 1.00000000
vn 0.00000000 0.00000000 1.00000000
vn -0.00000100 -0.00000000 1.00000000
vn 0.00000100 0.00000000 1.00000000
vn 0.00000100 0.00000000 1.00000000
vn -0.00000500 -0.00000000 1.00000000
vn -0.00000200 -0.00000000 1.00000000
vn 0.00000100 0.00000000 1.00000000
vn 0.00000000 0.00000000 1.00000000
vn 0.00000000 0.00000000 1.00000000
vn 0.00000000 0.00000000 1.00000000
vn -0.00000500 -0.00000000 1.00000000
vn 0.00003800 0.00000000 1.00000000
vn 0.00000000 0.00000000 1.00000000
vn -0.00000200 -0.00000000 1.00000000
vn 0.00000000 0.00000000 1.00000000
vn 0.00003800 0.00000000 1.00000000
vn -0.00001200 -0.00000000 1.00000000
vn 0.00000000 0.00000000 1.00000000
vn 0.00003800 0.00000000 1.00000000
vn -0.00004000 -0.00000000 1.00000000
vn 0.00000000 0.00000000 1.00000000
vn 0.00000000 0.00000000 1.00000000
vn 0.00000100 0.00000000 1.00000000
vn -0.00000500 -0.00000000 1.00000000
vn -0.00000200 -0.00000000 1.00000000
vn 0.00000100 0.00000000 1.00000000
vn 0.00000400 0.00000000 1.00000000
vn 0.00000000 0.00000000 1.00000000
vn 0.00000400 0.00000000 1.00000000
vn 0.00000000 0.00000000 1.00000000
vn 0.00000000 0.00000000 1.00000000
vn -0.00001200 -0.00000000 1.00000000
vn -0.00001200 -0.00000000 1.00000000
vn 0.00000000 0.00000000 1.00000000
vn 0.00000000 0.00000000 1.00000000
vn 0.00000000 0.00000000 1.00000000
vn -0.00004000 -0.00000000 1.00000000
vn -0.00004000 -0.00000000 1.00000000
vn 0.94424900 -0.32922700 -0.00193500
vn 0.83940000 -0.54349800 -0.00418400
vn 0.96847900 -0.24907900 -0.00288300
vn 0.81141900 -0.58446500 0.00000000
vn 0.66321000 -0.74842500 -0.00355100
vn 0.46424200 -0.88568500 -0.00640400
vn 0.42874100 -0.90342800 0.00000000
vn 0.21327600 -0.97698000 -0.00484600
vn -0.03061400 -0.99949800 -0.00813000
vn -0.06039800 -0.99817400 0.00000000
vn -0.29099300 -0.95670700 -0.00581800
vn -0.51753100 -0.85561300 -0.00937100
vn -0.53441600 -0.84522100 0.00000000
vn -0.72118500 -0.69271200 -0.00645400
vn -0.87104400 -0.49110100 -0.01009800
vn -0.87591400 -0.48246700 0.00000000
vn -0.96761600 -0.25233700 -0.00678300
vn -0.99994600 -0.00000200 -0.01036000
vn -1.00000000 -0.00000000 0.00000000
vn -0.96761600 0.25233500 -0.00678500
vn -0.87104300 0.49110300 -0.01009500
vn -0.87591400 0.48246700 0.00000000
vn -0.72118500 0.69271300 -0.00644900
vn -0.51753200 0.85561300 -0.00937100
vn -0.53441700 0.84522100 0.00000000
vn -0.29099400 0.95670700 -0.00582000
vn -0.03061400 0.99949800 -0.00813100
vn -0.06040000 0.99817400 0.00000000
vn 0.21327700 0.97698000 -0.00484900
vn 0.46424300 0.88568500 -0.00640400
vn 0.42874300 0.90342700 0.00000000
vn 0.66320900 0.74842600 -0.00355100
vn 0.83937600 0.54353500 -0.00418200
vn 0.81141300 0.58447400 0.00000000
vn 0.94424500 0.32923700 -0.00193700
vn 0.96846700 0.24912300 -0.00290000
vn 0.97094000 0.23932100 0.00000000
vn 0.97094100 -0.23932100 0.00000000
vn -0.07646100 -0.00279800 -0.99706900
vn -0.07637500 0.00372600 -0.99707200
vn 0.00000000 0.00000000 -1.00000000
vn 0.07360700 0.02087700 -0.99706900
vn 0.07507400 0.01452100 -0.99707200
vn 0.00000000 0.00000000 -1.00000000
vn -0.07589500 -0.00930400 -0.99707200
vn -0.06523800 -0.03988000 -0.99707300
vn -0.06844800 -0.03419200 -0.99706900
vn 0.00000100 0.00000000 -1.00000000
vn -0.04739900 0.06000000 -0.99707200
vn -0.04211100 0.06382200 -0.99707200
vn 0.00000000 0.00000000 -1.00000000
vn 0.03109700 -0.06607700 -0.99733000
vn 0.02472800 -0.06833400 -0.99735600
vn -0.00000100 -0.00000000 -1.00000000
vn 0.05390100 0.05423700 -0.99707200
vn 0.05836600 0.04947100 -0.99706900
vn 0.00000000 0.00000000 -1.00000000
vn 0.00000000 -0.05364300 -0.99856000
vn -0.00812200 -0.07883200 -0.99685500
vn -0.00000100 -0.00000000 -1.00000000
vn 0.07560100 -0.01145000 -0.99707200
vn 0.07435100 -0.01785200 -0.99707200
vn -0.00000100 -0.00000000 -1.00000000
vn 0.07260000 -0.02414600 -0.99706900
vn -0.07111500 -0.02823500 -0.99706800
vn -0.06103400 -0.01837600 -0.99796700
vn -0.07487700 -0.01574300 -0.99706900
vn -0.03955900 -0.06308300 -0.99722400
vn -0.04569700 -0.06002800 -0.99715000
vn 0.00000000 0.00000000 -1.00000000
vn -0.05139700 -0.05631900 -0.99708900
vn -0.04565000 -0.04459000 -0.99796200
vn -0.05485700 -0.04794200 -0.99734300
vn -0.06164500 -0.04532300 -0.99706900
vn 0.06029300 -0.04702400 -0.99707200
vn 0.05713600 -0.05085600 -0.99707000
vn -0.00000100 -0.00000000 -1.00000000
vn 0.05419000 -0.05382400 -0.99707900
vn 0.07156300 0.02707700 -0.99706900
vn -0.00000100 -0.00000000 -1.00000000
vn 0.02661800 0.07168100 -0.99707200
vn 0.03265600 0.06919000 -0.99706900
vn 0.02041000 0.07368800 -0.99707200
vn -0.02248400 -0.05648900 -0.99815000
vn -0.03333700 -0.06553500 -0.99729300
vn 0.00108500 0.07645600 -0.99707200
vn 0.00630900 0.06351100 -0.99796100
vn -0.00000100 -0.00000000 -1.00000000
vn -0.07076400 0.02910100 -0.99706800
vn -0.06798200 0.03500200 -0.99707200
vn 0.00000000 0.00000000 -1.00000000
vn -0.06474800 0.04066800 -0.99707300
vn -0.07582500 0.01023300 -0.99706900
vn -0.06230600 0.01386000 -0.99796100
vn -0.07298300 0.02296400 -0.99706900
vn -0.01387100 -0.07160700 -0.99733600
vn -0.02045700 -0.06968400 -0.99735900
vn 0.07023700 -0.03022300 -0.99707200
vn 0.05628200 -0.03010400 -0.99796100
vn 0.06412000 -0.04174400 -0.99706900
vn 0.07603600 0.00807000 -0.99707200
vn 0.06381600 0.00133600 -0.99796100
vn 0.07630400 -0.00496500 -0.99707200
vn 0.06237000 0.04431600 -0.99706900
vn 0.05492200 0.03234500 -0.99796700
vn 0.06894500 0.03306100 -0.99707300
vn 0.03843500 0.06615800 -0.99706900
vn 0.03661500 0.05222600 -0.99796400
vn 0.04911500 0.05866900 -0.99706900
vn 0.01406800 0.07520700 -0.99706900
vn -0.01832000 0.07428500 -0.99706900
vn -0.01191900 0.07552700 -0.99707200
vn -0.00543600 0.07626600 -0.99707300
vn -0.06108600 0.04607300 -0.99706900
vn -0.04747400 0.04259900 -0.99796400
vn -0.05234200 0.05574400 -0.99707200
vn 0.01823300 -0.07041100 -0.99735100
vn 0.00970400 -0.06040900 -0.99812700
vn 0.00674200 -0.07041700 -0.99749500
vn 0.04944500 -0.05739500 -0.99712600
vn 0.03633200 -0.05077200 -0.99804900
vn 0.03731000 -0.06367100 -0.99727300
vn -0.03651900 0.06717900 -0.99707200
vn -0.02566000 0.05848700 -0.99795800
vn -0.02458800 0.07245500 -0.99706900
vn 0.42943400 0.56516000 -0.70440100
vn 0.64473600 0.29370000 -0.70573000
vn 0.56340400 0.43613900 -0.70168300
vn 0.45408900 0.54396300 -0.70562600
vn 0.28774300 0.65248000 -0.70105100
vn 0.11059600 0.70221300 -0.70332500
vn 0.13507400 0.69499700 -0.70621100
vn -0.05789000 0.71124000 -0.70056200
vn -0.23547100 0.67158700 -0.70251300
vn -0.21700500 0.67346300 -0.70665100
vn -0.38991700 0.59806000 -0.70020700
vn -0.52588100 0.48030500 -0.70196600
vn -0.51486900 0.48491400 -0.70694300
vn -0.62792500 0.34019400 -0.69998500
vn -0.68133900 0.20344900 -0.70312600
vn -0.71274600 0.11953700 -0.69116200
vn -0.71061900 -0.08321200 -0.69863900
vn -0.72882300 0.00260000 -0.68469700
vn -0.68155000 -0.23393700 -0.69337100
vn -0.58499600 -0.40945300 -0.70009100
vn -0.63631800 -0.34789700 -0.68852600
vn -0.48635500 -0.52894900 -0.69546500
vn -0.32026400 -0.63666500 -0.70149000
vn -0.38739900 -0.60899500 -0.69213300
vn -0.17504700 -0.69492100 -0.69745500
vn 0.01985400 -0.71109200 -0.70281900
vn -0.04500700 -0.71709000 -0.69552600
vn 0.17673500 -0.69259400 -0.69934100
vn 0.35396500 -0.61561100 -0.70408300
vn 0.30552400 -0.64688100 -0.69871300
vn 0.48415900 -0.52346900 -0.70112100
vn 0.60246000 -0.37363500 -0.70529400
vn 0.57753200 -0.41723000 -0.70169500
vn 0.67347800 -0.22910200 -0.70280800
vn 0.70591300 -0.05798200 -0.70592100
vn 0.70591400 0.05796900 -0.70592100
vn 0.66090500 0.25755200 -0.70489200
vn 0.00000100 -0.15157300 -0.98844600
vn -0.99144000 -0.10588700 0.07638800
vn -0.99266100 0.02410000 0.11850800
vn -0.99589300 -0.09054100 0.00000000
vn -0.99286800 0.01822200 0.11781500
vn -0.98503400 0.01737100 0.17148300
vn 0.99687000 -0.07836400 0.01049400
vn 0.98379100 -0.15960200 0.08175100
vn 0.94964100 -0.31120400 0.03653600
vn 0.96553200 -0.20975900 0.15411000
vn 0.78166300 -0.57018800 0.25276200
vn 0.83734900 -0.54377900 0.05613100
vn 0.68903700 -0.71826400 0.09657100
vn 0.70539600 -0.57624800 0.41274100
vn 0.43089700 -0.87048800 0.23786200
vn 0.50918500 -0.85601300 0.08928100
vn 0.30602700 -0.93973500 0.15246400
vn 0.11075400 -0.95911900 0.26043200
vn 0.05844400 -0.99694600 0.05179600
vn 0.99139500 -0.07527000 0.10710300
vn 0.96565900 -0.10936500 0.23567200
vn 0.70570100 -0.40741400 0.57965500
vn 0.70572000 -0.29830300 0.64263100
vn 0.25064500 -0.68459000 0.68448100
vn 0.25045500 -0.68458200 0.68455900
vn 0.16819500 -0.69703300 0.69703300
vn 0.08417000 -0.70460000 0.70459600
vn 0.98635400 -0.02346100 0.16296000
vn 0.94667900 -0.02361700 0.32131200
vn 0.72681300 -0.09408000 0.68036200
vn 0.62081000 -0.04756500 0.78251700
vn 0.25044500 -0.25051100 0.93515900
vn 0.25510200 -0.16864500 0.95209300
vn 0.16817700 -0.25513300 0.95216800
vn 0.99229000 -0.11769100 -0.03884100
vn 0.94878000 -0.30909800 -0.06538700
vn 0.85895100 -0.51097800 -0.03323500
vn 0.72050600 -0.69192400 -0.04596100
vn 0.54455400 -0.83847000 -0.02072500
vn 0.31096600 -0.95019100 -0.02090100
vn 0.07838900 -0.99691500 -0.00384600
vn 0.00000000 -0.25882600 0.96592400
vn 0.00000000 -0.70710800 0.70710500
vn 0.00000000 -0.70710500 0.70710800
vn 0.00000000 -0.96592500 0.25882300
vn -0.00000100 -0.98766700 0.15656900
vn 0.99647100 -0.03012000 0.07834400
vn 0.95631300 -0.03652600 0.29005500
vn 0.84514000 -0.03778500 0.53320800
vn 0.70692100 -0.02174000 0.70695800
vn 0.30892700 -0.01000500 0.95103300
vn 0.53347400 -0.02391000 0.84547800
vn 0.92127500 -0.14115700 0.36239000
vn 0.98862100 -0.12639300 0.08157300
vn 0.85813300 -0.51010900 0.05828700
vn 0.82039400 -0.55972900 0.11686600
vn 0.89505000 -0.44226100 0.05735800
vn 0.95915700 -0.26591300 0.09647600
vn 0.90072700 -0.27680400 0.33476800
vn 0.93158000 -0.36068200 0.04547000
vn 0.89812400 -0.43238200 0.08011700
vn 0.80491500 -0.58993800 0.06391700
vn 0.72309000 -0.50401000 0.47235000
vn 0.56933000 -0.07042900 0.81908700
vn 0.81289500 -0.12405400 0.56904500
vn 0.67381900 -0.21417600 0.70717500
vn 0.75623900 -0.34576800 0.55547100
vn 0.63379500 -0.31329100 0.70721500
vn 0.57931200 -0.40527000 0.70721600
vn 0.38708400 -0.05774600 0.92023400
vn 0.52607500 -0.17902300 0.83138200
vn 0.49307700 -0.25631600 0.83137100
vn 0.44877900 -0.32773300 0.83137700
vn 0.18768000 -0.05348100 0.98077300
vn 0.17748600 -0.08113300 0.98077300
vn 0.16318900 -0.10700300 0.98077500
vn 0.88181800 0.14505100 -0.44872900
vn 0.78456600 0.08557100 -0.61411200
vn 0.72291200 0.39998300 -0.56339300
vn 0.63857800 0.14308200 -0.75613900
vn 0.47719200 0.08250300 -0.87491700
vn 0.48549300 0.38443500 -0.78517900
vn 0.29531300 0.48300600 -0.82431500
vn 0.33779000 0.72316100 -0.60244100
vn 0.33787700 0.72304900 -0.60252800
vn 0.22131400 0.56514700 -0.79475100
vn 0.15174900 0.83803300 -0.52409200
vn 0.23045400 0.84289400 -0.48623200
vn 0.12406700 0.83785500 -0.53160700
vn 0.06331200 0.98512400 -0.15975500
vn 0.01748300 0.98271500 -0.18429900
vn 0.59254800 0.58062600 -0.55835500
vn 0.41309700 0.85088200 -0.32457600
vn 0.37274800 0.84927600 -0.37388500
vn 0.10929000 0.98745100 -0.11400300
vn 0.96408300 0.11285600 -0.24043300
vn 0.85812900 0.42443500 -0.28891100
vn 0.74323200 0.58681600 -0.32133000
vn 0.49530700 0.85472100 -0.15531300
vn 0.47387500 0.85386800 -0.21529600
vn 0.13812500 0.98891100 -0.05456200
vn 0.76469500 -0.63455200 -0.11218200
vn 0.99136400 -0.04013400 -0.12484400
vn 0.98244400 -0.11555200 -0.14646000
vn 0.96852700 -0.21869400 -0.11886400
vn 0.94639200 -0.30102000 -0.11717400
vn 0.92453800 -0.36335200 -0.11491500
vn 0.88864900 -0.44425700 -0.11375100
vn 0.84081300 -0.52985700 -0.11084000
vn 0.79665500 -0.58978700 -0.13225900
vn 0.99553500 0.00009300 -0.09439300
vn 0.13844500 -0.98958900 -0.03932900
vn 0.46169500 -0.87994900 -0.11192800
vn 0.81910400 -0.54110200 -0.19046900
vn 0.96157100 -0.14004800 -0.23615100
vn 0.81834200 -0.13254000 -0.55924100
vn 0.85796700 -0.26056900 -0.44271500
vn 0.58714100 -0.70789300 -0.39262300
vn 0.62809400 -0.70745500 -0.32404600
vn 0.21500500 -0.96599000 -0.14365000
vn 0.13905700 -0.98768500 -0.07170600
vn 0.10735600 -0.98771300 -0.11356900
vn 0.15515000 -0.96605400 -0.20656200
vn 0.48498800 -0.70809500 -0.51321400
vn 0.42375300 -0.70843600 -0.56440400
vn 0.61981200 -0.29591000 -0.72682200
vn 0.32000600 -0.17186000 -0.93169800
vn 0.50458300 -0.16783400 -0.84689300
vn 0.67204200 -0.13285600 -0.72849800
vn 0.05763700 -0.70918400 -0.70266300
vn 0.21284700 -0.70876100 -0.67257300
vn 0.09739700 -0.70713700 -0.70033600
vn 0.28759200 -0.70857200 -0.64437300
vn 0.02117400 -0.96614600 -0.25712600
vn 0.07791200 -0.96609300 -0.24615700
vn 0.01354000 -0.99518200 -0.09710500
vn 0.07944600 -0.98083100 -0.17792900
vn 0.48948400 -0.26029400 -0.83225800
vn 0.34240400 -0.26382300 -0.90175200
vn 0.13261800 -0.26243900 -0.95579200
vn 0.07578700 -0.12068300 -0.98979400
vn 0.98939500 -0.06927000 -0.12766500
vn 0.99468200 -0.02291500 0.10041500
vn 0.99157100 -0.00196100 -0.12955300
vn 0.99511100 0.00153700 0.09874900
vn 0.99083600 -0.03833800 -0.12951800
vn 0.99254200 -0.07211400 0.09828800
vn 0.32787200 -0.93827400 -0.11018600
vn 0.37041800 -0.91596100 0.15429400
vn 0.67902400 -0.72887200 0.08758900
vn 0.12292900 -0.99170800 0.03745400
vn 0.05549800 -0.99258900 -0.10811000
vn 0.01043600 -0.99985400 0.01354600
vn 0.90415300 -0.41953900 0.08058200
vn 0.80011700 -0.58622000 -0.12712300
vn 0.59141200 -0.79123500 -0.15549400
vn 0.98218600 -0.15877300 0.10050800
vn 0.96715700 -0.22968600 -0.10886300
vn 0.91509800 -0.37940100 -0.13656500
vn 0.09019100 -0.99037800 0.10495800
vn 0.01098200 -0.99948400 0.03019000
vn 0.00317500 -0.99154600 -0.12972000
vn -0.02721500 -0.99891500 0.03780000
vn -0.04566300 -0.99665800 0.06772700
vn -0.08230500 -0.99512500 0.05434000
vn -0.09497800 -0.99513000 0.02638800
vn -0.09806600 -0.99516100 0.00613900
vn -0.09772100 -0.98664700 0.13029900
vn -0.06320300 -0.25831000 0.96399200
vn -0.12631600 -0.70144500 0.70144100
vn -0.06315100 -0.70570000 0.70569100
vn -0.12625300 -0.95819600 0.25675100
vn -0.24356600 0.30031100 0.92221900
vn -0.24718100 0.46516500 0.85001400
vn -0.26281900 0.14497500 0.95389100
vn -0.26317600 0.30155000 0.91640900
vn -0.11736800 0.96403100 0.23847400
vn -0.24398300 0.49273100 0.83527700
vn -0.22334800 0.67525200 0.70295800
vn -0.16598200 0.87175800 0.46096500
vn -0.17414600 0.85077400 0.49584000
vn -0.07349900 0.95380400 0.29129900
vn -0.21786800 0.52878500 0.82031700
vn -0.18900800 0.69963200 0.68905100
vn -0.13992200 0.84306700 0.51928700
vn 0.84383400 0.03784700 0.53526800
vn 0.84383500 0.03784200 0.53526600
vn 0.84383600 0.03786200 0.53526400
vn 0.23739000 0.20382900 -0.94978900
vn 0.24900000 0.20230600 -0.94713800
vn 0.18100200 0.56341900 -0.80610000
vn 0.19561300 0.56399800 -0.80227300
vn 0.18100500 0.56340900 -0.80610600
vn 0.21346700 0.55981200 -0.80065100
vn 0.09692200 0.83671500 -0.53899400
vn 0.11815400 0.83762100 -0.53332000
vn 0.09692700 0.83670700 -0.53900500
vn 0.14589200 0.83288500 -0.53387100
vn -0.00198800 0.98189800 -0.18940200
vn 0.02220800 0.98286900 -0.18296200
vn 0.23733600 0.20411800 -0.94974100
vn 0.84895500 -0.02250900 -0.52798600
vn 0.66358800 -0.02916700 -0.74752900
vn 0.44628300 -0.04409000 -0.89380500
vn 0.44984400 -0.07536100 -0.88992200
vn 0.43915600 -0.09005100 -0.89388700
vn 0.43566000 -0.12868400 -0.89086500
vn 0.41948000 -0.15823800 -0.89386700
vn 0.41223000 -0.19835500 -0.88922500
vn 0.38924000 -0.22243400 -0.89387700
vn 0.37365700 -0.24761800 -0.89390500
vn 0.35251400 -0.27688300 -0.89390700
vn 0.73581800 -0.64239900 -0.21423200
vn 0.97727100 -0.05752800 -0.20403800
vn 0.96988400 -0.13297400 -0.20406700
vn 0.95631900 -0.20931700 -0.20406000
vn 0.93674900 -0.28435900 -0.20406100
vn 0.91131500 -0.35758200 -0.20405700
vn 0.88015200 -0.42859100 -0.20406300
vn 0.84347300 -0.49690100 -0.20406500
vn 0.80149600 -0.56210300 -0.20406800
vn 0.76200200 -0.61457600 -0.20408300
vn 0.61882700 -0.49655200 -0.60867800
vn 0.59705500 -0.51974200 -0.61105900
vn 0.59692500 -0.52018800 -0.61080600
vn 0.34159700 -0.29980400 -0.89074700
vn 0.61909300 -0.49691800 -0.60810800
vn 0.64997000 -0.45578300 -0.60811300
vn 0.66175200 -0.43850000 -0.60811300
vn 0.68399500 -0.40292300 -0.60811500
vn 0.69437200 -0.38475900 -0.60811800
vn 0.71374100 -0.34751700 -0.60811600
vn 0.72264900 -0.32859300 -0.60811700
vn 0.73900000 -0.28995400 -0.60811700
vn 0.74638300 -0.27038000 -0.60811800
vn 0.75963500 -0.23054200 -0.60811600
vn 0.76544200 -0.21044500 -0.60812100
vn 0.77548800 -0.16970600 -0.60812700
vn 0.77969300 -0.14921400 -0.60812400
vn 0.78648800 -0.10785100 -0.60811500
vn 0.78906200 -0.08704200 -0.60811500
vn 0.97830300 -0.16181400 -0.12938000
vn 0.97262100 -0.21057100 0.09832400
vn 0.94012500 -0.31523500 -0.12958700
vn 0.92502200 -0.36697600 0.09830100
vn 0.87403100 -0.46835900 -0.12926900
vn 0.85021200 -0.51715700 0.09842400
vn 0.78309200 -0.60824300 -0.12964100
vn 0.75121300 -0.65268900 0.09836700
vn 0.67003700 -0.73101000 -0.12912900
vn 0.63085900 -0.76961700 0.09851900
vn 0.52888400 -0.83290800 -0.16292800
vn 0.51727500 -0.85217400 0.07890500
vn 0.42175100 -0.89813300 -0.12442800
vn 0.40712500 -0.90587000 0.11682500
vn 0.32797500 -0.93897200 -0.10375200
vn 0.31011600 -0.94557200 0.09859900
vn 0.23223400 -0.96397400 -0.12970000
vn 0.17838900 -0.97902200 0.09845100
vn 0.05238500 0.99385500 0.09750900
vn 0.15101900 0.98395600 -0.09499800
vn 0.19407200 0.97560000 0.10266900
vn 0.28413900 0.95621800 -0.07008300
vn 0.35403600 0.92965400 0.10198900
vn 0.40962800 0.90798400 -0.08814300
vn 0.49463200 0.86435500 0.09071900
vn 0.48477300 0.86793600 -0.10808200
vn 0.58728500 0.80475100 -0.08644000
vn 0.63838100 0.76204200 0.10845600
vn 0.70850400 0.70025300 -0.08757200
vn 0.73686100 0.66704800 0.10992600
vn 0.77388700 0.62975700 -0.06712300
vn 0.80674200 0.58206300 0.10183000
vn 0.83307700 0.55166200 -0.04063900
vn 0.87251700 0.48044800 0.08879100
vn 0.88962900 0.44994500 -0.07816300
vn 0.92646500 0.35857400 0.11440000
vn 0.95163200 0.29626700 -0.08137700
vn 0.60348800 -0.51010200 -0.61286100
vn 0.34512300 -0.29501200 -0.89098700
vn 0.75777400 -0.61484700 -0.21850100
vn 0.79325000 -0.56784600 -0.21978300
vn 0.84046900 -0.49391600 -0.22284100
vn 0.88598800 -0.40441200 -0.22688500
vn 0.91382800 -0.33442300 -0.23038900
vn 0.93286700 -0.27475900 -0.23295100
vn 0.95280100 -0.18880700 -0.23774200
vn 0.96618500 -0.08839100 -0.24222600
vn 0.96889000 -0.01986400 -0.24669100
vn 0.61108800 -0.49938500 -0.61415400
vn 0.62976500 -0.47499600 -0.61463300
vn 0.63762700 -0.46116700 -0.61705500
vn 0.66066300 -0.42382800 -0.61959200
vn 0.67069900 -0.40003300 -0.62460900
vn 0.69419900 -0.35173200 -0.62799100
vn 0.70050600 -0.32691400 -0.63436500
vn 0.71493300 -0.28569200 -0.63816300
vn 0.71684100 -0.27033500 -0.64269600
vn 0.72697100 -0.23798500 -0.64410800
vn 0.72795000 -0.22268700 -0.64845900
vn 0.73602800 -0.17942300 -0.65274000
vn 0.73550700 -0.15377900 -0.65983500
vn 0.74108500 -0.10030300 -0.66387600
vn 0.73845300 -0.07478500 -0.67014500
vn 0.73867100 -0.03350700 -0.67323300
vn 0.73255000 -0.02033500 -0.68041000
vn 0.26696400 -0.22769300 -0.93642200
vn 0.35351200 -0.28204500 -0.89189700
vn 0.35947900 -0.27056500 -0.89306800
vn 0.28940300 -0.21709000 -0.93226500
vn 0.36885300 -0.24243700 -0.89731400
vn 0.29634300 -0.18667400 -0.93666100
vn 0.37640600 -0.19804400 -0.90504000
vn 0.27188300 -0.14592800 -0.95120200
vn 0.37317000 -0.15771400 -0.91426000
vn 0.28245600 -0.11874000 -0.95190300
vn 0.37143900 -0.13070000 -0.91921200
vn 0.28148000 -0.09893300 -0.95445300
vn 0.36328400 -0.09785200 -0.92652500
vn 0.24100500 -0.06996100 -0.96799900
vn 0.34882200 -0.05587200 -0.93552200
vn 0.24238100 -0.03610300 -0.96950900
vn 0.33239200 -0.02220200 -0.94288000
vn 0.19839200 -0.01890700 -0.97994000
vn 0.18029800 -0.00630400 -0.98359200
vn 0.53358600 -0.00414800 -0.84573600
vn 0.72875900 -0.00497200 -0.68475200
vn 0.95815900 -0.00003800 -0.28623600
vn 0.02380100 -0.16488800 -0.98602500
vn 0.02339600 -0.26571200 -0.96376800
vn 0.01714000 -0.71047100 -0.70351800
vn 0.01700100 -0.71022900 -0.70376500
vn 0.00630600 -0.96629400 -0.25736300
vn 0.03961300 -0.16747000 -0.98508100
vn 0.03642600 -0.26757700 -0.96284800
vn 0.09487100 -0.70856100 -0.69924300
vn 0.05582500 -0.71038800 -0.70159300
vn 0.11399400 -0.96035200 -0.25441900
vn 0.26756300 -0.03497700 -0.96290500
vn 0.13896700 -0.02332500 -0.99002200
vn 0.16473000 -0.04848300 -0.98514600
vn 0.70965500 -0.06372200 -0.70166200
vn 0.71045600 -0.03743100 -0.70274500
vn 0.69585600 -0.15421200 -0.70142900
vn 0.94636300 -0.22575700 -0.23114900
vn 0.96575700 -0.03965000 -0.25640200
vn 0.25771700 -0.09193400 -0.96183700
vn 0.14983700 -0.09142500 -0.98447500
vn 0.22331800 -0.16404400 -0.96084300
vn 0.10214900 -0.11358600 -0.98826300
vn 0.16517000 -0.22360700 -0.96058200
vn 0.07911900 -0.15796300 -0.98427000
vn 0.09069300 -0.25946600 -0.96148400
vn 0.68002900 -0.21814400 -0.69998100
vn 0.62388200 -0.34940200 -0.69906300
vn 0.58198400 -0.41627500 -0.69857700
vn 0.47879700 -0.53229700 -0.69815000
vn 0.41783900 -0.58158900 -0.69797200
vn 0.28238900 -0.65697100 -0.69903200
vn 0.20871900 -0.68365600 -0.69932100
vn 0.84045600 -0.49434600 -0.22193400
vn 0.64599300 -0.71971100 -0.25438100
vn 0.37388900 -0.89168800 -0.25514700
vn 0.16155300 -0.01502000 -0.98675000
vn 0.26624300 -0.01473900 -0.96379300
vn 0.71008100 -0.01090200 -0.70403600
vn 0.71020600 -0.01083900 -0.70391000
vn 0.96626300 -0.00404200 -0.25752400
vn 0.13433100 -0.02233300 -0.99068500
vn 0.26525400 -0.02318300 -0.96390000
vn 0.70824900 -0.06174300 -0.70325700
vn 0.70969400 -0.03595700 -0.70359200
vn 0.96358400 -0.07465100 -0.25677400
vn 0.03589300 0.96638500 0.25458000
vn -0.11345400 0.72983000 0.67414900
vn -0.19813500 0.39011700 0.89919500
vn 0.22695900 0.95382100 0.19676000
vn 0.38432700 0.90185100 0.19737500
vn 0.52671300 0.82397500 0.20890000
vn 0.65841800 0.72283800 0.20973900
vn 0.75477300 0.62398100 0.20239700
vn 0.85331700 0.47770300 0.20892300
vn 0.92537500 0.30391500 0.22653400
vn -0.07172600 0.83806200 0.54083900
vn 0.03960800 0.82592300 0.56239000
vn 0.09400400 0.82223800 0.56132700
vn 0.17986400 0.79965800 0.57288400
vn 0.23171200 0.78614400 0.57296400
vn 0.31033400 0.74542900 0.58993900
vn 0.35952200 0.72303000 0.58989100
vn 0.43581800 0.67049700 0.60041300
vn 0.47976300 0.63922000 0.60102000
vn 0.54492800 0.57059500 0.61439000
vn 0.58237900 0.53194700 0.61470900
vn 0.63935500 0.45157500 0.62233900
vn 0.66869400 0.40610300 0.62283900
vn 0.71047700 0.31350600 0.63002900
vn 0.73026800 0.26387600 0.63014200
vn -0.09054100 0.55211600 0.82883600
vn -0.05474700 0.55218400 0.83192300
vn 0.00382000 0.53800000 0.84293600
vn 0.03806500 0.53038900 0.84689900
vn 0.09273600 0.50244800 0.85962000
vn 0.12629400 0.48912700 0.86302100
vn 0.17951200 0.45322400 0.87313400
vn 0.20928400 0.43261800 0.87695000
vn 0.25526300 0.38436500 0.88718900
vn 0.28180000 0.35867100 0.88991200
vn 0.32214500 0.30211300 0.89719000
vn 0.34225700 0.27058400 0.89980300
vn 0.37200900 0.20475700 0.90536400
vn 0.38669700 0.17012200 0.90638000
vn -0.20655900 0.18857100 0.96009100
vn -0.17360400 0.18328800 0.96760900
vn -0.14201300 0.16982000 0.97518900
vn -0.11118000 0.15085900 0.98228300
vn -0.08394000 0.12433700 0.98868300
vn -0.05979800 0.09254500 0.99391100
vn -0.04170500 0.05473500 0.99763000
vn 0.71871500 0.32250800 -0.61598500
vn 0.51275600 0.18548000 -0.83825900
vn 0.54051700 0.13393600 -0.83060400
vn 0.26616900 0.38192600 -0.88503500
vn 0.24470700 0.69796300 -0.67302800
vn 0.26359800 0.94906800 -0.17258700
vn 0.12453700 0.97524700 -0.18271100
vn 0.31646300 0.36692900 -0.87476600
vn 0.36820100 0.34016000 -0.86528600
vn 0.41443500 0.30898000 -0.85602300
vn 0.45347100 0.27140500 -0.84894300
vn 0.48677600 0.23025000 -0.84263500
vn 0.32798400 0.64616400 -0.68912800
vn 0.41429300 0.48368500 -0.77098000
vn 0.44624900 0.68275100 -0.57854400
vn 0.52776700 0.56275100 -0.63621800
vn 0.60334700 0.49019700 -0.62903000
vn 0.66820300 0.41077800 -0.62029500
vn 0.24355300 0.81313400 -0.52867300
vn 0.36507800 0.82235500 -0.43640500
vn 0.36515700 0.82233000 -0.43638800
vn 0.39318300 0.77504700 -0.49468000
vn 0.46971100 0.81144100 -0.34775800
vn 0.57499000 0.74569600 -0.33663600
vn 0.68177500 0.65059700 -0.33452500
vn 0.79053100 0.54756200 -0.27429300
vn 0.77438400 0.22220300 -0.59241400
vn 0.90590200 0.29453100 -0.30429100
vn 0.84215300 0.40163100 -0.35982000
vn 0.10813700 0.01459100 0.99402900
vn 0.11186300 0.00960200 0.99367700
vn 0.18761300 0.01312000 0.98215500
vn 0.18925300 -0.00116500 0.98192800
vn 0.54388500 0.01340600 0.83905200
vn 0.55131000 -0.00869600 0.83425500
vn 0.67286800 0.01105100 0.73968000
vn 0.70417100 -0.02687800 0.70952200
vn 0.82948500 0.00819900 0.55846900
vn 0.92269500 0.00583700 0.38548800
vn 0.92269900 0.00585600 0.38547700
vn 0.92275000 0.00584600 0.38535400
vn 0.82903300 -0.03832900 0.55788500
vn 0.95577500 -0.04700700 0.29031900
vn 0.08183300 0.01456000 0.99654000
vn 0.35974700 -0.00077100 0.93304900
vn 0.69232700 -0.01547900 0.72141800
vn 0.82376400 -0.01093200 0.56682700
vn 0.97852100 -0.04508200 0.20115600
vn -0.04984700 -0.01922300 0.99857200
vn -0.02198400 0.01909200 0.99957600
vn -0.04416500 -0.01084600 0.99896500
vn -0.02211700 0.01572700 0.99963200
vn -0.05323800 -0.01349400 0.99849100
vn -0.02790400 -0.03133400 0.99911900
vn -0.01685000 -0.05462900 0.99836500
vn 0.01863900 -0.10120900 0.99469100
vn -0.00045400 -0.18808700 0.98215200
vn 0.10706400 -0.17053400 0.97951800
vn -0.26990900 -0.37675600 0.88611800
vn -0.26980600 -0.37676200 0.88614600
vn 0.03594200 -0.36961100 0.92849100
vn 0.12104600 -0.30859800 0.94345900
vn 0.16348600 -0.53078900 0.83158600
vn 0.16351400 -0.53087600 0.83152500
vn -0.00890500 0.00926500 0.99991700
vn 0.01675900 -0.01695600 0.99971600
vn 0.00359900 -0.05709300 0.99836200
vn 0.00978100 -0.05855400 0.99823600
vn 0.05395800 -0.06962100 0.99611300
vn 0.22807400 -0.26307000 0.93743100
vn 0.08002000 -0.04004900 0.99598800
vn 0.30848300 -0.16597100 0.93663900
vn 0.09406000 -0.00892500 0.99552700
vn 0.34916200 -0.06372400 0.93489300
vn 0.23047000 -0.75821200 0.60991700
vn 0.21494300 -0.64976500 0.72911200
vn 0.27880400 -0.70150500 0.65586600
vn 0.35209200 -0.81275900 0.46417100
vn 0.24249600 -0.81148200 0.53168800
vn 0.23507100 -0.90246800 0.36096200
vn 0.95271700 -0.22775900 0.20113600
vn 0.83890000 -0.50533800 0.20218700
vn 0.62282000 -0.75557200 0.20299200
vn 0.51976600 -0.63228600 0.57450700
vn 0.58944200 -0.56813000 0.57427100
vn 0.70321000 -0.42020200 0.57352100
vn 0.74708900 -0.33657900 0.57321200
vn 0.79976300 -0.18560300 0.57090300
vn 0.81147500 -0.11892800 0.57215800
vn 0.23668100 -0.46822900 0.85131900
vn 0.37727000 -0.36310200 0.85195300
vn 0.48116800 -0.21160800 0.85070500
vn 0.52338200 -0.06971500 0.84924100
vn -0.99286300 0.01511700 0.11830100
vn -0.99241900 -0.11722300 0.03693000
vn -0.99635600 -0.08396300 0.01499500
vn -0.98983400 0.02752400 0.13953600
vn -0.99686700 -0.01050200 0.07839800
vn -0.99301300 -0.04970300 0.10702600
vn -0.98908500 -0.12054100 0.08473500
vn -0.77614600 0.62204500 0.10323900
vn -0.98855000 0.08808100 0.12251600
vn -0.98526500 0.11125300 0.12990800
vn -0.97480000 0.18778500 0.12042600
vn -0.97013100 0.20506900 0.12958700
vn -0.95457100 0.27372600 0.11776200
vn -0.94769300 0.29116300 0.13077600
vn -0.93625200 0.33111800 0.11744400
vn -0.92026900 0.37455100 0.11320800
vn -0.76838900 0.62620200 0.13209800
vn -0.80838700 0.57826800 0.11007800
vn -0.82944000 0.54303100 0.13094300
vn -0.85603600 0.50485400 0.11101300
vn -0.87760200 0.46112600 0.13106000
vn -0.89759900 0.43139500 0.09063000
vn -0.92198800 0.37664400 0.08987100
vn 0.16023300 -0.15717300 -0.97448600
vn 0.01015000 -0.03460400 -0.99935000
vn 0.00124000 -0.08036500 -0.99676500
vn 0.01941500 -0.01717800 -0.99966400
vn 0.10139400 -0.13071700 -0.98622100
vn 0.07948300 -0.14586300 -0.98610700
vn 0.00256000 -0.01087200 -0.99993800
vn 0.05510500 -0.15641200 -0.98615300
vn 0.02940300 -0.16360600 -0.98608800
vn 0.00695300 -0.16563400 -0.98616300
vn 0.14928500 -0.06929300 -0.98636300
vn 0.13654400 -0.09186900 -0.98636500
vn 0.12090300 -0.11298000 -0.98621400
vn 0.15720600 -0.04556200 -0.98651400
vn 0.04107900 -0.02694700 -0.99879200
vn 0.08338400 -0.05069600 -0.99522700
vn 0.13099000 -0.09224000 -0.98708300
vn 0.12263900 -0.14174800 -0.98227600
vn 0.13674300 -0.20319500 -0.96954300
vn 0.10518500 -0.14053600 -0.98447200
vn 0.09159100 -0.14951800 -0.98450800
vn 0.05187400 -0.17269700 -0.98360800
vn 0.06091500 -0.15747700 -0.98564200
vn 0.09842100 -0.20250300 -0.97432300
vn 0.08440800 -0.16175400 -0.98321500
vn 0.01674100 -0.19191200 -0.98126900
vn 0.03065500 -0.16736300 -0.98541900
vn 0.04974700 -0.23711300 -0.97020800
vn 0.04517400 -0.18787800 -0.98115300
vn 0.02598000 -0.13672100 -0.99026900
vn 0.03394100 -0.07362700 -0.99670800
vn 0.06544000 -0.10047200 -0.99278500
vn 0.08510300 -0.14825000 -0.98528100
vn 0.70008800 -0.12296900 -0.70338800
vn 0.26067700 -0.05411600 -0.96390800
vn 0.61132900 -0.74832300 -0.25746700
vn 0.72812600 -0.63552600 -0.25678800
vn 0.82411900 -0.50443800 -0.25762300
vn 0.89710300 -0.35948100 -0.25686400
vn 0.94347400 -0.20837400 -0.25775200
vn 0.35532500 -0.89257700 -0.27757900
vn 0.50061700 -0.82665600 -0.25694800
vn 0.17306800 -0.95089700 -0.25659900
vn 0.03991600 -0.96560500 -0.25693000
vn 0.69192700 -0.15866000 -0.70431800
vn 0.67167200 -0.23159800 -0.70371800
vn 0.65815000 -0.26893700 -0.70321500
vn 0.62459800 -0.34009700 -0.70300200
vn 0.60369100 -0.37393400 -0.70408100
vn 0.55868600 -0.43900300 -0.70366600
vn 0.53372800 -0.46994500 -0.70305500
vn 0.47843300 -0.52630500 -0.70292600
vn 0.44766600 -0.55147700 -0.70389500
vn 0.38357300 -0.59812300 -0.70364800
vn 0.34987000 -0.61927600 -0.70291400
vn 0.27908200 -0.65432500 -0.70283200
vn 0.24180900 -0.66810300 -0.70368100
vn 0.16578400 -0.69100000 -0.70358700
vn 0.12717100 -0.70000200 -0.70272700
vn 0.05888800 -0.70945100 -0.70229100
vn 0.02943000 -0.71043500 -0.70314800
vn 0.24946500 -0.09330400 -0.96387900
vn 0.23164800 -0.13241000 -0.96374600
vn 0.20670400 -0.16813700 -0.96384800
vn 0.17704300 -0.19980500 -0.96370800
vn 0.14179400 -0.22569500 -0.96382400
vn 0.10341100 -0.24636200 -0.96364500
vn 0.06160400 -0.25953800 -0.96376600
vn 0.02215700 -0.26684400 -0.96348500
vn -0.00050000 -0.26660600 -0.96380500
vn -0.00038600 -0.71049500 -0.70370200
vn -0.00045900 -0.71040200 -0.70379600
vn -0.00041100 -0.71027600 -0.70392300
vn -0.00062400 -0.71089900 -0.70329400
vn -0.00006600 -0.71090400 -0.70328900
vn -0.00012800 -0.96641500 -0.25698700
vn 0.11142600 -0.00641500 0.99375200
vn 0.54616200 -0.07943000 0.83390500
vn 0.62155500 -0.10388200 0.77645200
vn 0.18617700 -0.02936900 0.98207700
vn 0.10727400 -0.02554900 0.99390100
vn 0.17805400 -0.06119200 0.98211600
vn 0.10035800 -0.04456800 0.99395300
vn 0.16406100 -0.09137300 0.98220900
vn 0.08975700 -0.06153700 0.99406100
vn 0.14537000 -0.11885800 0.98221200
vn 0.07700100 -0.07652900 0.99409000
vn 0.12206900 -0.14208500 0.98229900
vn 0.06145100 -0.08848800 0.99418000
vn 0.09529200 -0.16137400 0.98228200
vn 0.52500800 -0.16665700 0.83462100
vn 0.51562200 -0.19703700 0.83385300
vn 0.51561900 -0.19704300 0.83385300
vn 0.50464600 -0.22625900 0.83315000
vn 0.48202700 -0.26789100 0.83419700
vn 0.47390400 -0.28144700 0.83438700
vn 0.47389400 -0.28146100 0.83438900
vn 0.45684400 -0.30769800 0.83463500
vn 0.42892200 -0.34586900 0.83450600
vn 0.41942100 -0.35851300 0.83399900
vn 0.41941500 -0.35852400 0.83399700
vn 0.39948900 -0.38253800 0.83311000
vn 0.36404600 -0.41388400 0.83436800
vn 0.35197500 -0.42380900 0.83456600
vn 0.35196200 -0.42381600 0.83456700
vn 0.32737500 -0.44325300 0.83447700
vn 0.28820900 -0.46948800 0.83457600
vn 0.27501900 -0.47807600 0.83415100
vn 0.81654800 -0.14908100 0.55769600
vn 0.89503500 -0.14751400 0.42089500
vn 0.78848200 -0.25747400 0.55857300
vn 0.81463400 -0.33447000 0.47381500
vn 0.73421200 -0.38728200 0.55762500
vn 0.79858800 -0.43010400 0.42103200
vn 0.65762400 -0.50545700 0.55860900
vn 0.65694900 -0.58640400 0.47386500
vn 0.56332500 -0.60965500 0.55766100
vn 0.61024500 -0.67097500 0.42118200
vn 0.45190000 -0.69554900 0.55856900
vn 0.43081100 -0.78763300 0.44049500
vn 0.57828100 -0.79192000 0.19609900
vn 0.57831900 -0.79188600 0.19612000
vn 0.80817100 -0.55533900 0.19610700
vn 0.80823000 -0.55508600 0.19657900
vn 0.94667000 -0.25592800 0.19574800
vn 0.94664300 -0.25566000 0.19622600
vn 0.33090000 -0.83405300 0.44143100
vn 0.32834400 -0.76230800 0.55774200
vn 0.18968500 -0.51689800 0.83476700
vn 0.21918200 -0.50598600 0.83422800
vn 0.06549600 -0.17497800 0.98239200
vn 0.04449300 -0.09785200 0.99420600
vn 0.22988600 -0.95321100 0.19632000
vn 0.28319200 -0.93879000 0.19615200
vn 0.14889000 -0.81649700 0.55782100
vn 0.19469100 -0.80625000 0.55862000
vn 0.09905500 -0.54229700 0.83432700
vn 0.12954000 -0.53502800 0.83484400
vn 0.03389100 -0.18386400 0.98236700
vn 0.02586800 -0.10344400 0.99429900
vn 0.08096200 -0.97730300 0.19576800
vn 0.03433900 -0.82881900 0.55846200
vn 0.06856200 -0.82739100 0.55742500
vn 0.02287000 -0.55009900 0.83478600
vn 0.04564200 -0.54977000 0.83406800
vn 0.00777500 -0.18629100 0.98246400
vn 0.00896300 -0.10583300 0.99434400
vn -0.08416600 0.14132600 0.98637900
vn -0.11648900 0.18370500 0.97605500
vn -0.06798700 0.20638700 0.97610600
vn -0.05223000 0.16409800 0.98506000
vn -0.02522900 0.14972000 0.98840600
vn -0.04752900 0.11763000 0.99191900
vn -0.29722300 0.17634500 0.93838200
vn -0.27370100 0.20256500 0.94024200
vn -0.16151800 0.14778900 0.97574100
vn -0.26613100 0.23298000 0.93535800
vn -0.17686100 0.17313000 0.96888900
vn -0.02623700 0.09667800 0.99497000
vn 0.06756800 0.14033200 0.98779600
vn -0.00297400 0.01623400 0.99986400
vn -0.00984000 0.03454100 0.99935500
vn 0.00055300 -0.08756600 0.99615900
vn -0.00292600 0.02634100 0.99964900
vn 0.09635900 0.13123900 0.98665700
vn 0.07619400 0.12810000 0.98883000
vn 0.09434100 0.09512800 0.99098500
vn -0.01800300 0.09160700 0.99563200
vn 0.11738200 0.07328100 0.99037900
vn 0.10855100 0.05006800 0.99282900
vn 0.09620200 0.03008400 0.99490700
vn 0.08218700 0.01264000 0.99653700
vn 0.06581600 -0.00081300 0.99783100
vn 0.04826400 -0.01115500 0.99877200
vn 0.02948700 -0.01655500 0.99942800
vn 0.01224900 -0.01710900 0.99977900
vn 0.00042900 -0.00998800 0.99995000
vn 0.05393900 0.18603700 0.98106100
vn 0.10728100 0.15419900 0.98219800
vn -0.09269800 0.11623800 0.98888600
vn -0.06093400 0.08834300 0.99422500
vn -0.05143200 0.08842200 0.99475400
vn -0.04927000 0.11326800 0.99234200
vn -0.03305000 0.09470700 0.99495600
vn -0.29076200 0.23379300 0.92779200
vn -0.26373700 0.14289700 0.95395100
vn -0.13204400 0.09935000 0.98625200
vn -0.27557800 0.12142800 0.95357900
vn -0.07204900 0.05928100 0.99563800
vn -0.23122600 0.06519100 0.97071300
vn -0.27595900 0.09673200 0.95628900
vn -0.04597600 0.00367800 0.99893600
vn -0.07700500 0.08664600 0.99325900
vn -0.02408100 0.02787400 0.99932100
vn -0.23574300 0.03198900 0.97128900
vn 0.00026600 -0.98192500 0.18927100
vn -0.00010700 -0.82918800 0.55897100
vn 0.00054700 -0.74595200 0.66600000
vn 0.00086200 -0.40271000 0.91532700
vn 0.48087500 -0.86756100 0.12687700
vn 0.53444800 -0.83538400 0.12845100
vn 0.53481900 -0.84477100 0.01818500
vn 0.67544600 -0.73737500 0.00714700
vn 0.56564200 -0.81314000 0.13730600
vn 0.60312300 -0.78780500 0.12492400
vn 0.62336900 -0.78134500 0.03018200
vn 0.65882200 -0.73901400 0.14075700
vn 0.43124200 -0.89353300 0.12501500
vn 0.36217100 -0.93189300 0.02017700
vn 0.36807500 -0.92078200 0.12915500
vn 0.34531700 -0.93844200 0.00906900
vn 0.30827400 -0.94192500 0.13321100
vn 0.27263700 -0.95375500 0.12657100
vn 0.31920300 -0.93951200 0.12420200
vn 1.00000000 0.00000000 0.00000000
vn 0.99281800 0.01957900 0.11802400
vn 0.99282700 0.01957300 0.11794600
vn 1.00000000 0.00000000 0.00000000
vn 0.99714900 -0.07545400 0.00000000
vn 0.98981600 0.03137100 0.13885200
vn 0.98961900 -0.13008800 0.06108900
vn -0.96871400 0.03963100 0.24499500
vn -0.94167900 -0.09239700 0.32358000
vn -0.97359400 -0.11548700 0.19692200
vn -0.48632600 0.03048500 0.87324500
vn -0.13673900 -0.04296400 0.98967500
vn -0.37626200 -0.08554300 0.92255600
vn -0.58062200 -0.06497100 0.81157700
vn -0.70751300 0.02322800 0.70631900
vn -0.67299700 -0.11941400 0.72994200
vn -0.76531400 -0.08820700 0.63758400
vn -0.73594500 0.09804900 0.66990400
vn -0.39571600 0.40990100 0.82182100
vn -0.43851300 0.46219000 0.77077100
vn -0.39567700 0.40987400 0.82185300
vn -0.66149900 0.63410900 0.40040600
vn -0.75440800 0.64982700 0.09270100
vn -0.57133400 0.58676800 0.57383000
vn -0.57817600 0.55026200 0.60243300
vn -0.32915500 0.31839400 0.88897800
vn -0.32913200 0.31834900 0.88900300
vn -0.33599000 0.29023500 0.89603300
vn -0.78200000 0.58360000 0.21883100
vn -0.82407700 0.52165500 0.22084700
vn -0.88788300 0.42873000 0.16689600
vn -0.35532500 0.27150000 0.89444500
vn -0.36231900 0.23642900 0.90156900
vn -0.36346200 0.19561300 0.91084100
vn -0.35955200 0.16368800 0.91865600
vn -0.35634600 0.13723700 0.92422000
vn -0.34371300 0.09933400 0.93380600
vn -0.33002300 0.05827200 0.94217300
vn -0.73626500 0.09804000 0.66955400
vn -0.73169800 0.16344700 0.66174200
vn -0.73158100 0.18963900 0.65484800
vn -0.72368300 0.23180200 0.65003900
vn -0.72223200 0.24831100 0.64554100
vn -0.71242300 0.28015500 0.64340200
vn -0.71004500 0.29644600 0.63871400
vn -0.69629400 0.33584300 0.63433800
vn -0.68987600 0.36018300 0.62796500
vn -0.66799400 0.40542200 0.62403300
vn -0.65810300 0.42843000 0.61915100
vn -0.63631900 0.46378500 0.61644300
vn -0.62807300 0.47775500 0.61422700
vn -0.60850300 0.50346600 0.61338900
vn -0.59901100 0.51605100 0.61227200
vn -0.92430500 0.35034500 0.15138600
vn -0.92659600 0.29581400 0.23219500
vn -0.94592500 0.22244700 0.23609800
vn -0.96253600 0.12403400 0.24112300
vn 0.47727500 0.02245400 0.87846700
vn 0.30625000 -0.10393700 0.94626000
vn 0.12068100 -0.02491800 0.99237900
vn 0.32563300 0.03586100 0.94481600
vn 0.89713800 -0.10846000 0.42822800
vn 0.78665800 -0.10841200 0.60779500
vn 0.85329600 0.02752100 0.52070000
vn 0.67294100 -0.06701300 0.73665400
vn 0.49351900 -0.07564200 0.86643900
vn 0.96770700 -0.07479800 0.24072600
vn 0.73641300 0.09795900 0.66940300
vn 0.76141200 0.63510200 0.12998900
vn 0.74581800 0.66242600 0.07033400
vn 0.65215700 0.60908700 0.45133600
vn 0.49853400 0.49099600 0.71441400
vn 0.55639800 0.57529600 0.59954600
vn 0.79438200 0.56639800 0.21943200
vn 0.84073300 0.49368000 0.22236900
vn 0.89728000 0.41594800 0.14790200
vn 0.92532600 0.37904500 -0.00978600
vn 0.91637500 0.32708200 0.23081100
vn 0.93253800 0.27534500 0.23357400
vn 0.95241500 0.18992800 0.23839800
vn 0.96574300 0.09070200 0.24313200
vn 0.73631800 0.09752200 0.66957100
vn 0.73173700 0.16327800 0.66174200
vn 0.73154700 0.18984200 0.65482800
vn 0.72375600 0.23165200 0.65001100
vn 0.72218700 0.24858000 0.64548800
vn 0.71251400 0.28004100 0.64335100
vn 0.70997200 0.29667900 0.63868700
vn 0.69633000 0.33568500 0.63438100
vn 0.68974500 0.36032700 0.62802600
vn 0.66799100 0.40538600 0.62405900
vn 0.65802800 0.42852800 0.61916200
vn 0.63635100 0.46374400 0.61644100
vn 0.62802300 0.47785500 0.61420000
vn 0.60855400 0.50344700 0.61335400
vn 0.59900600 0.51612300 0.61221700
vn 0.33188400 0.29122800 0.89724000
vn 0.35401800 0.28067900 0.89212700
vn 0.36384200 0.25176300 0.89679100
vn 0.36932000 0.21175400 0.90485500
vn 0.36514900 0.17430800 0.91448500
vn 0.36272000 0.14750800 0.92015000
vn 0.35466000 0.11478400 0.92792300
vn 0.34106400 0.07252700 0.93723800
vn -0.49776600 -0.86284300 0.08792700
vn -0.65793400 -0.75307500 -0.00111200
vn -0.71123500 -0.69214500 0.12280100
vn -0.82604500 -0.55804300 0.07897700
vn -0.89803000 -0.43993400 -0.00042300
vn -0.95204500 -0.29467500 0.08232100
vn 0.92190600 -0.38741400 -0.00031500
vn 0.94617300 -0.30821000 0.09881200
vn 0.82611300 -0.55794900 0.07893000
vn 0.65776100 -0.75322700 -0.00060100
vn 0.48498800 -0.86765200 0.10939600
vn 0.71094800 -0.69243500 0.12282500
vn 0.00086400 -0.11489300 0.99337700
vn -0.00024400 -0.12267400 0.99244700
vn -0.00289400 -0.50400100 0.86369800
vn -0.00441000 -0.50602300 0.86250900
vn -0.01083500 -0.65753600 0.75334600
vn 0.00141300 -0.61502900 0.78850300
vn -0.01548800 -0.85386700 0.52026100
vn -0.00000000 -0.84344400 0.53721700
vn 0.01014600 -0.11056700 0.99381700
vn 0.01764800 -0.50530700 0.86275900
vn 0.03646600 -0.50493800 0.86238500
vn 0.02819000 -0.81292500 0.58168600
vn 0.05632600 -0.81130100 0.58190900
vn 0.02034300 -0.86620000 0.49928300
vn 0.02062400 -0.84037900 0.54160600
vn 0.02061400 -0.84036200 0.54163300
vn 0.00106100 -0.59823200 0.80132200
vn 0.00464200 -0.50519100 0.86299500
vn -0.00326000 -0.11021900 0.99390200
vn 0.00000000 -0.81372900 0.58124500
vn -0.04133800 -0.81171000 0.58259600
vn -0.05602300 -0.81127700 0.58197100
vn -0.01734300 -0.50531000 0.86276300
vn -0.03632400 -0.50489800 0.86241400
vn -0.00397600 -0.11040700 0.99387900
vn 0.03512600 -0.10697400 0.99364100
vn 0.17740100 -0.79259000 0.58337800
vn 0.12602700 -0.80369900 0.58153700
vn 0.37847400 -0.71657800 0.58589500
vn 0.26713000 -0.77282500 0.57565900
vn 0.16765800 -0.48062000 0.86075300
vn 0.09526900 -0.49752800 0.86220100
vn 0.09632200 -0.49736700 0.86217600
vn 0.06634600 -0.09881800 0.99289100
vn 0.09706800 -0.08415700 0.99171300
vn 0.20053200 -0.47186900 0.85856100
vn 0.29045800 -0.43187600 0.85388400
vn 0.29052000 -0.43184400 0.85387900
vn 0.23129300 -0.46236800 0.85599000
vn 0.38538700 -0.61942700 0.68394900
vn 0.43520700 -0.53049300 0.72744200
vn 0.43513600 -0.53042400 0.72753500
vn 0.44926300 -0.67234000 0.58832100
vn 0.40043900 0.02740600 0.91591400
vn 0.62266600 -0.04705400 0.78107200
vn 0.56545200 -0.14093400 0.81265100
vn 0.54679500 -0.17602400 0.81855400
vn 0.51397500 -0.23125400 0.82604600
vn 0.48927800 -0.26078900 0.83222400
vn 0.44946700 -0.31094600 0.83743200
vn 0.42287700 -0.33679900 0.84127400
vn 0.37472400 -0.37827900 0.84645600
vn 0.19199500 0.02286800 0.98113000
vn 0.17443600 -0.01079500 0.98460900
vn 0.15167800 -0.03995200 0.98762200
vn 0.12627100 -0.06481100 0.98987600
vn 0.33427400 0.08331500 0.93878600
vn 0.60323100 0.04726900 0.79616500
vn 0.76257700 0.00219800 0.64689300
vn 0.85220100 -0.14036200 0.50403600
vn 0.86535200 -0.01239400 0.50101200
vn 0.64899200 -0.53302300 0.54285900
vn 0.65181600 -0.53461400 0.53788900
vn 0.71341200 -0.45546100 0.53253900
vn 0.74165200 -0.43655900 0.50928300
vn 0.80323300 -0.32834700 0.49699700
vn 0.81945100 -0.30213800 0.48704500
vn 0.88749000 -0.13455600 0.44074500
vn 0.93546000 -0.02515500 0.35253500
vn -0.14045400 -0.62995800 0.76382300
vn -0.09728300 -0.49713400 0.86220300
vn -0.02577300 -0.10873400 0.99373700
vn -0.32578700 -0.74184600 0.58611200
vn -0.15437100 -0.79864800 0.58166300
vn -0.79579200 -0.08736200 0.59923600
vn -0.62115700 -0.03098300 0.78307300
vn -0.56412900 -0.14512600 0.81283300
vn -0.54949800 -0.17138900 0.81772700
vn -0.51255500 -0.23464500 0.82597100
vn -0.49214900 -0.25724300 0.83163400
vn -0.44766800 -0.31338000 0.83748800
vn -0.42577000 -0.33428900 0.84081600
vn -0.37325600 -0.37999600 0.84633500
vn -0.34686000 -0.39584500 0.85029100
vn -0.28916200 -0.43279000 0.85386100
vn -0.26157600 -0.44671800 0.85558200
vn -0.26157100 -0.44671600 0.85558500
vn -0.23001000 -0.46540200 0.85469100
vn -0.23503200 -0.62617500 0.74341400
vn -0.16925500 -0.48020000 0.86067400
vn -0.91296500 -0.03344200 0.40666600
vn -0.84773200 -0.21857200 0.48329800
vn -0.81600600 -0.30133900 0.49328400
vn -0.77338200 -0.37813000 0.50882100
vn -0.74139500 -0.43020700 0.51502900
vn -0.70449000 -0.47617100 0.52626500
vn -0.66444600 -0.52430000 0.53256000
vn -0.62360100 -0.56403200 0.54128500
vn -0.55534600 -0.62311800 0.55074000
vn -0.50606500 -0.65566100 0.56036300
vn -0.42920700 -0.70553200 0.56392000
vn -0.89576500 0.00692800 0.44447500
vn -0.74451000 0.03371500 0.66676000
vn -0.62176300 0.07314600 0.77978200
vn -0.28494700 0.04011600 0.95770300
vn -0.37165000 0.07665100 0.92520300
vn -0.05541200 -0.10189800 0.99325000
vn -0.08711400 -0.08985100 0.99213800
vn -0.11652100 -0.07149500 0.99061200
vn -0.14366500 -0.04891900 0.98841700
vn -0.16666000 -0.02066300 0.98579800
vn -0.18654700 0.01109900 0.98238300
vn 0.69183200 0.09243900 0.71611700
vn 0.91555800 0.04796200 0.39931600
vn 0.88539100 0.04414300 0.46274700
vn 0.35006200 0.11002500 0.93024300
vn 0.17747200 0.13287000 0.97511500
vn 0.53444000 0.10761800 0.83832700
vn 0.67702800 0.07427700 0.73219900
vn 0.96548400 0.01471500 0.26004600
vn 0.98025100 0.01868400 0.19687100
vn -0.53436400 0.10739100 0.83840500
vn -0.54489600 0.11591300 0.83045300
vn -0.39584900 0.10643300 0.91212700
vn -0.94731800 0.01190100 0.32007200
vn -0.94729700 0.01191500 0.32013500
vn -0.96964800 0.02053500 0.24364300
vn -0.98026200 0.03239300 0.19503300
vn -0.84700700 0.04287400 0.52984900
vn -0.81453600 0.07068300 0.57579000
vn -0.67669000 0.07227800 0.73271200
vn -0.16700400 0.11905100 0.97874200
vn -0.17474700 0.12779900 0.97628400
vn -0.82737900 0.07999100 0.55591800
vn 0.82436100 0.09861100 0.55741000
vn 0.65956900 0.14948000 0.73663100
vn 0.87145100 0.09708900 0.48077700
vn 0.87147200 0.09708100 0.48074100
vn 0.54270300 0.13307600 0.82931500
vn 0.98024500 0.03025500 0.19545700
vn 0.97997600 0.03476700 0.19605900
vn 0.82661400 0.08925700 0.55564600
vn 0.82688800 0.08606600 0.55574200
vn 0.17217000 0.16148800 0.97174000
vn 0.32785500 0.19131000 0.92515500
vn 0.26405200 0.16621300 0.95007900
vn 0.47848500 0.14961500 0.86525600
vn 0.54340800 0.13322500 0.82883000
vn 0.62601100 0.07509600 0.77619000
vn 0.79540300 0.06118100 0.60298500
vn 0.91089200 -0.01977700 0.41217200
vn 0.97031000 -0.09128400 0.22397700
vn -0.46305500 0.14130600 0.87499300
vn -0.24461300 0.17557000 0.95359300
vn -0.51017800 0.17207700 0.84267900
vn -0.82630000 0.08918600 0.55612500
vn -0.92623100 0.07587000 0.36924200
vn -0.82513900 0.10652600 0.55479600
vn -0.54270700 0.13301600 0.82932200
vn -0.98013000 0.03241400 0.19569200
vn -0.17626400 0.15078500 0.97272500
vn -0.54340200 0.13269000 0.82891900
vn -0.97306800 -0.07009000 0.21960600
vn -0.88181700 -0.00769100 0.47152900
vn -0.67420300 0.15177300 0.72278300
vn -0.78723400 0.04602800 0.61493400
vn -0.61214300 0.09346800 0.78520300
vn -0.82661700 0.08896200 0.55568900
vn -0.16924300 0.18578800 0.96790500
vn 0.68613200 -0.45721900 0.56583900
vn 0.88948500 -0.28371500 0.35822200
vn 0.77884000 -0.28851200 0.55692800
vn 0.28698100 -0.77629600 0.56125400
vn 0.33741900 -0.89009300 0.30640300
vn 0.55940400 -0.78507900 0.26593100
vn 0.76501500 -0.61238200 0.19935000
vn 0.36042600 -0.70411700 0.61181100
vn 0.27194200 -0.73297900 0.62353000
vn 0.01566100 0.01589200 0.99975100
vn 0.09215000 0.05453100 0.99425100
vn 0.30896000 -0.32877500 0.89244100
vn 0.16412200 -0.39921600 0.90204800
vn 0.16587100 -0.39951600 0.90159500
vn 0.38722700 -0.27069300 0.88135200
vn 0.39327900 -0.00513400 0.91940500
vn 0.58698600 -0.07643400 0.80598100
vn 0.36450000 -0.70448700 0.60896400
vn 0.68619400 -0.45719400 0.56578400
vn -0.50805400 -0.79974600 0.31982300
vn -0.50802200 -0.79972000 0.31994000
vn -0.86173000 -0.31597700 0.39696400
vn -0.76518600 -0.61225200 0.19909100
vn -0.78688900 -0.17508600 0.59173500
vn -0.31369500 -0.89161900 0.32651400
vn -0.27661300 -0.88944300 0.36383600
vn -0.30893900 -0.72346400 0.61737900
vn -0.35417900 -0.52766700 0.77209200
vn -0.38014800 0.02997800 0.92444000
vn -0.49758800 -0.14270100 0.85559500
vn -0.24368100 -0.66499100 0.70597900
vn -0.19867400 -0.52622600 0.82681000
vn -0.34783900 -0.30011300 0.88822300
vn -0.14829100 -0.40313700 0.90304500
vn -0.09215300 0.05454900 0.99425000
vn -0.02449000 0.01790000 0.99954000
vn -0.68611600 -0.45727500 0.56581400
vn -0.68613400 -0.45721200 0.56584200
vn 0.55027400 -0.55053800 0.62777900
vn 0.54217400 -0.55338800 0.63230500
vn 0.50980300 -0.58375100 0.63193000
vn 0.11291800 -0.41088800 0.90466600
vn 0.23356200 -0.88577700 0.40105900
vn 0.31660800 -0.92348900 0.21662700
vn 0.39274700 -0.89433600 0.21427200
vn 0.47633500 -0.85237900 0.21576600
vn -0.01749500 0.01864600 0.99967300
vn -0.01488800 0.01731000 0.99973900
vn -0.01329600 0.01684400 0.99977000
vn -0.01057000 0.01532400 0.99982700
vn -0.00709600 0.01307300 0.99988900
vn -0.00465600 0.01180700 0.99991900
vn -0.00306800 0.01161600 0.99992800
vn 0.54403500 -0.81153400 0.21316300
vn 0.57759200 -0.78455000 0.22553900
vn 0.62971200 -0.74326100 0.22589000
vn 0.69472600 -0.68278600 0.22618400
vn -0.01901600 0.03041300 0.99935600
vn 0.27409700 -0.31497800 0.90865800
vn 0.28883100 -0.29340400 0.91131300
vn 0.27416300 -0.31503100 0.90862000
vn 0.25363100 -0.33374500 0.90790200
vn 0.24804900 -0.33878100 0.90757900
vn 0.23521100 -0.34804000 0.90749300
vn 0.22961800 -0.35310700 0.90696800
vn 0.21183100 -0.36497100 0.90660000
vn 0.20111600 -0.37270100 0.90589500
vn 0.17733500 -0.38540000 0.90554900
vn 0.16574300 -0.39166100 0.90505900
vn 0.14371000 -0.40074700 0.90484700
vn 0.13417500 -0.40433500 0.90471600
vn 0.11288500 -0.41094400 0.90464500
vn 0.20616400 -0.75075700 0.62758300
vn 0.29715400 -0.29180000 0.90914900
vn 0.50979100 -0.58371000 0.63197800
vn 0.47076800 -0.61661900 0.63099800
vn 0.45956300 -0.62532300 0.63069200
vn 0.43613700 -0.64200500 0.63056700
vn 0.42462000 -0.65026600 0.62996200
vn 0.39147800 -0.67111200 0.62956600
vn 0.37032200 -0.68367200 0.62885100
vn 0.32619200 -0.70610000 0.62850700
vn 0.30397200 -0.71646000 0.62792200
vn 0.26322900 -0.73251000 0.62780600
vn 0.24532900 -0.73891500 0.62754900
vn -0.71374300 -0.66531700 0.21891700
vn -0.67641500 -0.70091100 0.22624400
vn 0.01376900 0.02438600 0.99960800
vn 0.01857500 0.01845200 0.99965700
vn -0.28945100 -0.29980100 0.90903100
vn -0.28660600 -0.30268400 0.90897700
vn -0.29098900 -0.29089100 0.91143200
vn -0.63562700 -0.73815600 0.22606200
vn -0.50530700 -0.58749100 0.63207500
vn -0.53325000 -0.56204100 0.63226200
vn -0.53321900 -0.56209500 0.63224000
vn -0.55565500 -0.54497100 0.62789600
vn -0.55784400 -0.53741400 0.63245200
vn -0.28662000 -0.30255100 0.90901700
vn -0.27175100 -0.31684300 0.90871400
vn -0.49142800 -0.59988400 0.63137800
vn -0.45731700 -0.62662200 0.63103500
vn -0.55828600 -0.80189200 0.21280600
vn 0.01624600 0.01778400 0.99971000
vn 0.01260100 0.01586900 0.99979500
vn -0.26461100 -0.32424700 0.90821000
vn -0.23624200 -0.34834400 0.90710900
vn -0.24648300 -0.33919200 0.90785200
vn -0.21407600 -0.36345000 0.90668400
vn -0.43725800 -0.64161200 0.63019000
vn -0.37411200 -0.68154500 0.62891700
vn -0.39560900 -0.66861600 0.62964000
vn -0.33889600 -0.70017200 0.62841700
vn 0.00918300 0.01386900 0.99986200
vn -0.20298100 -0.37152400 0.90596300
vn -0.18424500 -0.38211000 0.90556400
vn -0.32534800 -0.70677200 0.62818900
vn -0.29795200 -0.71882100 0.62810900
vn -0.48324900 -0.84606900 0.22502800
vn -0.42512200 -0.87684400 0.22453500
vn -0.36729000 -0.90330300 0.22167900
vn 0.00561500 0.01221700 0.99991000
vn 0.00369600 0.01155100 0.99992600
vn -0.15499400 -0.39635400 0.90492000
vn -0.12838300 -0.40621100 0.90471600
vn -0.12836300 -0.40613500 0.90475300
vn 0.00679900 0.01221900 0.99990200
vn -0.17702100 -0.38617800 0.90527900
vn -0.16231300 -0.39280600 0.90518400
vn -0.28424700 -0.72470100 0.62770400
vn -0.23483900 -0.74239100 0.62746000
vn -0.20925900 -0.71999700 0.66167500
vn -0.29401200 -0.92912000 0.22426100
vn -0.04364500 0.02153600 0.99881500
vn 0.74983500 -0.62763700 0.20933000
vn 0.83376000 -0.53164000 0.14900800
vn 0.94813100 -0.25945600 0.18366100
vn 0.90145800 -0.39508400 0.17687000
vn 0.85491100 -0.47720000 0.20349000
vn 0.98000800 -0.09969800 0.17217900
vn 0.96690200 0.18193300 0.17889000
vn 0.98457800 0.03906000 0.17053100
vn 0.92368600 0.33742400 0.18151700
vn 0.79016100 0.58722000 0.17555200
vn 0.86899600 0.46614000 0.16600700
vn 0.68250400 0.70548200 0.19100800
vn 0.45351500 0.87419000 0.17353900
vn 0.57782400 0.79965200 0.16332700
vn 0.30566300 0.93091200 0.19993000
vn 0.05370800 0.98346600 0.17294600
vn 0.16988500 0.97197400 0.16249500
vn -0.00557900 0.97895700 0.20399200
vn -0.00373000 -0.04767300 0.99885600
vn 0.00000200 -0.04981300 0.99875900
vn -0.01577700 -0.04431900 0.99889300
vn -0.00931800 -0.04686200 0.99885800
vn -0.02289600 -0.04185100 0.99886100
vn -0.02997700 -0.03877700 0.99879800
vn -0.04000300 -0.02769600 0.99881600
vn -0.04310200 -0.02067400 0.99885700
vn -0.03620700 -0.03412200 0.99876200
vn -0.04627600 -0.00787600 0.99889800
vn -0.04545900 -0.01479500 0.99885700
vn -0.04797000 -0.00148100 0.99884800
vn -0.04846400 0.00724000 0.99879900
vn -0.04656200 0.00254200 0.99891200
vn -0.04745900 0.01493300 0.99876200
vn -0.04084100 0.02841600 0.99876100
vn -0.02872900 0.04246300 0.99868500
vn 0.58379800 -0.52332200 0.62073700
vn 0.60902800 -0.50183200 0.61420600
vn 0.64655600 -0.45205000 0.61450500
vn 0.66859600 -0.41876100 0.61450600
vn 0.70737800 -0.34928000 0.61450800
vn 0.72414000 -0.31304600 0.61451100
vn 0.75200900 -0.23845100 0.61451100
vn 0.76309700 -0.20014900 0.61451000
vn 0.77937400 -0.12228100 0.61451100
vn 0.78456600 -0.08268500 0.61450700
vn 0.78890600 -0.00323400 0.61450500
vn 0.78805800 0.03668400 0.61450700
vn 0.78035000 0.11587400 0.61451400
vn 0.77348200 0.15520900 0.61452000
vn 0.75391500 0.23232700 0.61452100
vn 0.74119800 0.27017100 0.61451900
vn 0.71021800 0.34345800 0.61451300
vn 0.69193600 0.37894800 0.61451000
vn 0.65023500 0.44673200 0.61451200
vn 0.62680200 0.47905800 0.61451000
vn 0.57536900 0.53975100 0.61450800
vn 0.54732500 0.56817000 0.61450600
vn 0.48730700 0.62041500 0.61450500
vn 0.45529400 0.64427500 0.61450600
vn 0.38807900 0.68686000 0.61450700
vn 0.35283400 0.70561200 0.61450800
vn 0.27996200 0.73756400 0.61450800
vn 0.24229100 0.75078300 0.61450800
vn 0.16543200 0.77137100 0.61450700
vn 0.12619800 0.77875400 0.61450500
vn 0.06240600 0.78664400 0.61424500
vn 0.03802600 0.78789500 0.61463400
vn 0.00445600 0.78878900 0.61464800
vn -0.00444800 0.78877900 0.61466100
vn 0.29718500 -0.27158800 0.91538000
vn 0.29960000 -0.25851100 0.91837500
vn 0.32430700 -0.22675600 0.91837200
vn 0.33536700 -0.21005500 0.91837200
vn 0.35482600 -0.17519900 0.91837000
vn 0.36323600 -0.15701800 0.91837100
vn 0.37719700 -0.11964300 0.91837200
vn 0.38276500 -0.10040000 0.91837400
vn 0.39093300 -0.06133100 0.91837400
vn 0.39353900 -0.04147100 0.91837200
vn 0.39571400 -0.00162200 0.91837200
vn 0.39529000 0.01840300 0.91837200
vn 0.39142700 0.05812100 0.91837200
vn 0.38798300 0.07785300 0.91837200
vn 0.37817000 0.11653300 0.91837200
vn 0.37178800 0.13551800 0.91837300
vn 0.35624500 0.17228000 0.91837300
vn 0.34707100 0.19008800 0.91837300
vn 0.32616200 0.22407600 0.91837300
vn 0.31440600 0.24029400 0.91837200
vn 0.28860400 0.27073700 0.91837300
vn 0.27453300 0.28499600 0.91837300
vn 0.24443300 0.31119700 0.91837300
vn 0.22837200 0.32316900 0.91837300
vn 0.19466500 0.34452600 0.91837200
vn 0.17702300 0.35391300 0.91837300
vn 0.14043000 0.36996000 0.91837300
vn 0.12152900 0.37659200 0.91837300
vn 0.08297900 0.38691700 0.91837300
vn 0.06329200 0.39062100 0.91837300
vn 0.03127500 0.39470500 0.91827600
vn 0.01910300 0.39518000 0.91840500
vn 0.00228300 0.39560900 0.91841600
vn -0.00215100 0.39560900 0.91841700
vn -0.97339500 -0.14125100 0.18041600
vn -0.93741200 -0.29914400 0.17824500
vn -0.93608300 0.29876300 0.18571500
vn -0.97527100 0.15536000 0.15719100
vn -0.70991300 0.67755600 0.19220000
vn -0.81785900 0.55288800 0.15943900
vn -0.34122500 0.91844500 0.20006200
vn -0.49520400 0.85572700 0.15001400
vn 0.02935000 0.03277700 0.99903200
vn 0.04437200 0.01980600 0.99881900
vn 0.04099300 0.02603200 0.99882000
vn 0.04807600 0.00604500 0.99882500
vn 0.04811000 0.01268900 0.99876100
vn 0.04972100 -0.00483500 0.99875100
vn 0.04614200 -0.00966800 0.99888800
vn 0.04727700 -0.00154300 0.99888100
vn 0.04989800 0.00272500 0.99875100
vn 0.04207600 -0.02223200 0.99886700
vn 0.04521100 -0.01591300 0.99885100
vn 0.03911700 -0.02950700 0.99879900
vn 0.02825100 -0.03982400 0.99880700
vn 0.03459900 -0.03575200 0.99876200
vn 0.02133700 -0.04294900 0.99884900
vn 0.01413400 -0.04502300 0.99888600
vn 0.00230100 -0.04871000 0.99881000
vn 0.00820100 -0.04720900 0.99885100
vn -0.06599600 0.98450300 0.16247600
vn -0.19055300 0.96701700 0.16901700
vn -0.60465900 0.77391200 0.18827300
vn -0.88375600 0.43214700 0.17950900
vn -0.98499800 0.00207100 0.17255100
vn -0.97449600 0.09477100 0.20341300
vn -0.81392200 -0.55350300 0.17653500
vn -0.88747000 -0.42939600 0.16737900
vn -0.75563900 -0.62249400 0.20374100
vn -0.29644900 -0.27208200 0.91547200
vn -0.30560300 -0.25181000 0.91825800
vn -0.32430700 -0.22675200 0.91837300
vn -0.33536400 -0.21005100 0.91837300
vn -0.35481600 -0.17520600 0.91837300
vn -0.36322700 -0.15702800 0.91837300
vn -0.37719700 -0.11964500 0.91837200
vn -0.38276700 -0.10040200 0.91837300
vn -0.39093000 -0.06134300 0.91837400
vn -0.39353400 -0.04148300 0.91837400
vn -0.39571200 -0.00162700 0.91837300
vn -0.39528900 0.01839900 0.91837200
vn -0.39142600 0.05811400 0.91837300
vn -0.38798100 0.07784900 0.91837400
vn -0.37816700 0.11653100 0.91837400
vn -0.37178300 0.13551600 0.91837500
vn -0.35624100 0.17227200 0.91837600
vn -0.34707100 0.19007800 0.91837500
vn -0.32616000 0.22407600 0.91837300
vn -0.31440700 0.24029500 0.91837200
vn -0.28860900 0.27073500 0.91837200
vn -0.27453900 0.28499300 0.91837200
vn -0.24443500 0.31119500 0.91837300
vn -0.22837300 0.32316600 0.91837300
vn -0.19466200 0.34452500 0.91837300
vn -0.17698100 0.35393300 0.91837300
vn -0.14042900 0.36995900 0.91837400
vn -0.12152900 0.37659100 0.91837300
vn -0.08297600 0.38691800 0.91837300
vn -0.06329000 0.39062300 0.91837200
vn -0.03133400 0.39470300 0.91827400
vn -0.01910300 0.39511500 0.91843300
vn -0.58448300 -0.52270700 0.62061000
vn -0.60289100 -0.50895400 0.61440000
vn -0.64654000 -0.45205800 0.61451600
vn -0.66858500 -0.41876800 0.61451400
vn -0.70736500 -0.34929500 0.61451500
vn -0.72413700 -0.31305700 0.61450900
vn -0.75198800 -0.23853200 0.61450500
vn -0.76309400 -0.20017900 0.61450400
vn -0.77937900 -0.12227800 0.61450500
vn -0.78457000 -0.08268900 0.61450200
vn -0.78891000 -0.00325500 0.61450000
vn -0.78806700 0.03666200 0.61449700
vn -0.78036400 0.11587000 0.61449700
vn -0.77350000 0.15519800 0.61450100
vn -0.75393000 0.23232800 0.61450300
vn -0.74121000 0.27017900 0.61450000
vn -0.71023000 0.34346100 0.61449800
vn -0.69193900 0.37896000 0.61449900
vn -0.65024900 0.44672500 0.61450200
vn -0.62681200 0.47904900 0.61450800
vn -0.57536600 0.53975300 0.61450800
vn -0.54731900 0.56817200 0.61451000
vn -0.48730700 0.62041000 0.61451100
vn -0.45529400 0.64427200 0.61450900
vn -0.38808500 0.68685600 0.61450700
vn -0.35283400 0.70561200 0.61450800
vn -0.27995400 0.73756700 0.61450800
vn -0.24227500 0.75078600 0.61451000
vn -0.16543700 0.77136900 0.61450800
vn -0.12620200 0.77875000 0.61450900
vn -0.06240100 0.78664100 0.61424900
vn -0.03802600 0.78784200 0.61470200
vn 0.04593600 0.95991400 0.27650500
vn 0.04591900 0.95988800 0.27659900
vn 0.04637500 0.96551900 0.25616700
vn 0.03597000 0.77111700 0.63567600
vn 0.04518000 0.87033800 0.49037700
vn 0.01529800 0.45615600 0.88976800
vn 0.07470500 0.08423100 0.99364200
vn 0.18883800 0.20330600 0.96073300
vn 0.02543600 0.62236000 0.78231800
vn 0.02883000 0.74041700 0.67152900
vn 0.00891500 0.27131100 0.96245000
vn 0.01223200 0.71250100 0.70156500
vn 0.02444500 0.71226700 0.70148300
vn 0.01674800 0.96646500 0.25625100
vn -0.01031900 0.27067000 0.96261700
vn -0.05567300 0.71035800 0.70163500
vn -0.02797200 0.71186200 0.70176300
vn -0.07638100 0.96358200 0.25627300
vn -0.13805600 0.69880400 0.70186400
vn -0.05065400 0.26595300 0.96265400
vn -0.23325800 0.93416700 0.27004400
vn -0.49674700 0.82590300 0.26669500
vn -0.76500200 0.59116500 0.25553000
vn -0.80058600 0.30768900 0.51418900
vn -0.80051000 0.30765400 0.51432700
vn -0.96724200 0.09547800 0.23521700
vn -0.78889800 0.10378300 0.60569800
vn -0.72245400 0.11322300 0.68208500
vn -0.19188000 0.68768800 0.70019000
vn -0.31628800 0.63861700 0.70152000
vn -0.38493300 0.60020400 0.70112900
vn -0.50662300 0.50015800 0.70226400
vn -0.55871800 0.44189500 0.70182800
vn -0.63058600 0.25335400 0.73360200
vn -0.60125500 0.14386500 0.78599900
vn -0.11570400 0.24478600 0.96264900
vn -0.18530400 0.19554800 0.96302800
vn -0.23446200 0.12683700 0.96381500
vn -0.39297700 0.05990200 0.91759500
vn -0.39283700 0.05994400 0.91765300
vn -0.82060400 -0.38915800 0.41852700
vn -0.88380200 -0.42189300 0.20223600
vn -0.81878900 0.03972000 0.57271900
vn -0.78371300 0.04462600 0.61951800
vn -0.39248800 0.06623300 0.91736900
vn -0.16359500 0.12886300 0.97807500
vn -0.98096000 0.01834800 0.19334200
vn -0.98109300 -0.02331900 0.19212800
vn -0.92113000 -0.00932700 0.38914400
vn -0.87680100 0.00293000 0.48084500
vn -0.15458400 0.19111400 0.96931900
vn -0.19787600 0.22895300 0.95311400
vn -0.19909300 0.25552700 0.94608000
vn -0.19851700 0.26696600 0.94303800
vn -0.19658100 0.25438700 0.94691200
vn -0.19104100 0.21173900 0.95847300
vn -0.19905800 0.11138300 0.97363700
vn -0.97546300 -0.10841200 0.19162000
vn -0.97004800 -0.14866500 0.19210600
vn -0.95848300 -0.21009100 0.19279900
vn -0.94002100 -0.27919500 0.19598500
vn -0.87338800 -0.24793700 0.41919100
vn -0.80852200 -0.26596700 0.52493200
vn -0.83227800 0.04200700 0.55276400
vn -0.83354100 0.04096700 0.55093700
vn -0.83571100 0.03283200 0.54818700
vn -0.83687500 0.01897200 0.54706500
vn -0.83523500 0.00532200 0.54986700
vn -0.83629200 -0.00470100 0.54826400
vn -0.83215400 -0.03095500 0.55368000
vn -0.83209300 -0.05045700 0.55233600
vn -0.82274700 -0.08985500 0.56126100
vn -0.82040200 -0.11469900 0.56016500
vn -0.80023000 -0.19151500 0.56829000
vn -0.77134500 -0.28059400 0.57122200
vn -0.63256400 -0.24114600 0.73601100
vn -0.55516300 0.05796400 0.82972000
vn -0.55633100 0.08712900 0.82638100
vn -0.55740000 0.09885900 0.82433700
vn -0.55884100 0.11872300 0.82073200
vn -0.56004500 0.12672700 0.81871200
vn -0.56153300 0.13771700 0.81591300
vn -0.56152600 0.13771800 0.81591800
vn -0.56246400 0.14046800 0.81480200
vn -0.56247400 0.14050400 0.81478900
vn -0.56248100 0.14053700 0.81477900
vn -0.56295300 0.14196200 0.81420600
vn -0.56295800 0.14198400 0.81419800
vn -0.56295300 0.14197300 0.81420300
vn -0.56413200 0.14007600 0.81371600
vn -0.56408600 0.14003000 0.81375600
vn -0.56247200 0.12882100 0.81671900
vn -0.56366200 0.11778400 0.81756400
vn -0.55769900 0.09002100 0.82514700
vn -0.55801100 0.06979800 0.82689300
vn -0.54562400 0.02705800 0.83759300
vn -0.54545200 -0.00188700 0.83814000
vn -0.52619100 -0.05969400 0.84826800
vn -0.52560300 -0.09825700 0.84503700
vn -0.51975300 -0.15083000 0.84089700
vn -0.27743000 -0.03460100 0.96012300
vn -0.58971400 -0.30452000 0.74800000
vn -0.06254800 -0.01776500 0.99788400
vn -0.11461300 -0.03656000 0.99273700
vn -0.02418800 0.00522500 0.99969400
vn -0.30922600 -0.16366400 0.93680000
vn -0.35809200 -0.18099700 0.91597500
vn -0.35815000 -0.18107500 0.91593700
vn -0.13224100 -0.04905200 0.99000300
vn -0.13353300 -0.03081800 0.99056500
vn -0.72519300 -0.39391900 0.56473300
vn -0.54375800 -0.25918700 0.79821600
vn -0.54383200 -0.25926800 0.79814000
vn -0.40794000 -0.17164500 0.89672900
vn -0.27048200 -0.07112200 0.96009400
vn -0.05807000 0.11324700 0.99186900
vn -0.01267500 0.27190900 0.96224000
vn -0.02592400 0.57502400 0.81772600
vn -0.27228700 0.15778400 0.94919100
vn -0.02896600 0.56714300 0.82311000
vn -0.03354700 0.72757500 0.68520800
vn -0.04010600 0.88219800 0.46916800
vn -0.04580900 0.88659700 0.46026900
vn -0.03579700 0.98341900 0.17778100
vn -0.03462800 0.97467700 0.22091900
vn -0.03354100 0.96603300 0.25623300
vn -0.01224600 0.71249700 0.70156800
vn -0.02444600 0.71226400 0.70148600
vn -0.00451200 0.27096300 0.96257900
vn 0.03789700 0.26934100 0.96229900
vn 0.05161300 0.71057300 0.70172800
vn 0.10357200 0.70651600 0.70007700
vn 0.07058300 0.96399900 0.25636900
vn 0.69406300 0.06468800 0.71700200
vn 0.89938400 0.07090900 0.43137000
vn 0.91105600 0.21745400 0.35027300
vn 0.91106100 0.21736900 0.35031200
vn 0.55853800 0.38364100 0.73542800
vn 0.65017400 0.24321600 0.71980500
vn 0.63128900 0.17858700 0.75470600
vn 0.63126800 0.17850800 0.75474200
vn 0.23665200 0.06366500 0.96950600
vn 0.25432100 0.06782400 0.96473900
vn 0.81445200 0.52007900 0.25726500
vn 0.59780200 0.75948000 0.25655900
vn 0.31431600 0.91411600 0.25611900
vn 0.68249000 0.19760200 0.70367700
vn 0.63509900 0.32034300 0.70287300
vn 0.59453800 0.38999700 0.70315500
vn 0.49684200 0.51070100 0.70166400
vn 0.43593800 0.56316300 0.70200100
vn 0.30347100 0.64520000 0.70115800
vn 0.22910000 0.67497200 0.70137400
vn 0.23252500 0.13141800 0.96367100
vn 0.18182800 0.19938400 0.96290400
vn 0.11088800 0.24732200 0.96256700
vn 0.16867700 0.18201200 0.96872100
vn 0.93228300 -0.00672500 0.36166800
vn 0.85118000 -0.48267600 0.20619600
vn 0.62983300 -0.26161000 0.73134900
vn 0.73048100 -0.32938100 0.59825200
vn 0.84276100 -0.34648300 0.41195200
vn 0.84270900 -0.34637800 0.41214500
vn 0.50199500 -0.16419200 0.84914200
vn 0.50199800 -0.16414500 0.84914900
vn 0.72241400 -0.23168400 0.65149100
vn 0.91314600 -0.33768700 0.22832600
vn 0.93842600 -0.28056300 0.20159500
vn 0.95062000 -0.23770900 0.19954100
vn 0.96022600 -0.19928000 0.19558700
vn 0.97035800 -0.14104800 0.19624400
vn 0.79509600 -0.20772100 0.56980200
vn 0.80005400 -0.18082700 0.57202700
vn 0.81445200 -0.13835400 0.56349500
vn 0.81734500 -0.11543100 0.56446700
vn 0.82532400 -0.08524600 0.55818800
vn 0.82616800 -0.07295500 0.55868000
vn 0.83190500 -0.05286300 0.55239400
vn 0.83231100 -0.04055700 0.55282300
vn 0.83583500 -0.01639500 0.54873600
vn 0.83481100 -0.00090000 0.55053600
vn 0.52251400 -0.08671200 0.84821000
vn 0.52404900 -0.06956400 0.84884200
vn 0.54172400 -0.01790700 0.84036600
vn 0.54239700 0.00973600 0.84006600
vn 0.55432600 0.04954900 0.83082300
vn 0.55442900 0.06979300 0.82929900
vn 0.56035600 0.09498600 0.82278700
vn 0.55991300 0.10435700 0.82195300
vn 0.56370800 0.11808700 0.81748900
vn 0.56350400 0.12509300 0.81658700
vn 0.56432800 0.13505800 0.81442800
vn 0.56433800 0.13505600 0.81442200
vn 0.56284900 0.13925700 0.81474400
vn 0.56285500 0.13923200 0.81474500
vn 0.56283500 0.13924300 0.81475600
vn 0.18138500 0.04056800 0.98257500
vn 0.18941900 0.11000300 0.97571500
vn 0.19442500 0.17490500 0.96519800
vn 0.19752900 0.22874400 0.95323600
vn 0.19856200 0.25878600 0.94530600
vn 0.19887400 0.26924600 0.94231400
vn 0.18467000 0.26684200 0.94588200
vn 0.92072200 -0.03283400 0.38883400
vn 0.83506500 0.02688000 0.54949400
vn 0.56227700 0.13810800 0.81533500
vn 0.56226200 0.13807700 0.81535000
vn 0.56086100 0.13376700 0.81703200
vn 0.17844800 0.23803900 0.95472200
vn 0.55799100 0.10949900 0.82259100
vn 0.55916900 0.11924600 0.82043300
vn 0.83350700 0.03909700 0.55112300
vn 0.92024600 0.02500800 0.39054100
vn 0.69988200 0.06596400 0.71120600
vn 0.57362000 0.07156000 0.81599000
vn 0.15884200 0.11986800 0.98000000
vn 0.74727300 -0.36572900 0.55482000
vn 0.05771100 -0.01418700 0.99823300
vn 0.03510100 0.02656600 0.99903100
vn 0.03800600 0.05431900 0.99780000
vn 0.18512600 -0.05764400 0.98102300
vn 0.18039800 -0.04278500 0.98266300
vn 0.40082000 -0.18219700 0.89785700
vn 0.33848700 -0.27252700 0.90064200
vn 0.46661000 -0.23699300 0.85212000
vn 0.13790800 0.02188000 0.99020300
vn 0.45552800 -0.18748800 0.87025400
vn 0.39124700 -0.12585500 0.91163900
vn 0.68232900 -0.36533900 0.63320900
vn 0.61366500 -0.42380000 0.66618900
vn 0.67137500 -0.33605900 0.66054500
vn 0.04394000 0.11825200 0.99201100
vn -0.33978000 0.01435800 0.94039500
vn -0.99369900 -0.05549200 0.09738400
vn -0.96607300 -0.03902500 0.25530200
vn -0.98532700 -0.05783500 0.16057700
vn -0.98925100 -0.08592400 0.11831700
vn -0.55192000 -0.01198200 0.83381100
vn -0.70264300 -0.00667600 0.71151100
vn -0.71855300 -0.01286200 0.69535400
vn -0.33535900 0.14451200 0.93094100
vn -0.38296900 0.06222300 0.92166300
vn -0.92390700 0.02004500 0.38209100
vn -0.92119400 0.08864200 0.37887300
vn -0.87246900 0.16729300 0.45914200
vn -0.97938200 0.15236700 0.13264700
vn -0.91684100 0.23698000 0.32131500
vn -0.33445400 0.30706400 0.89098400
vn -0.46173000 0.25099000 0.85077000
vn -0.12199800 0.19311000 0.97356300
vn -0.88488500 0.30372000 0.35317600
vn -0.83353700 0.34956400 0.42781000
vn -0.95340400 0.29059400 0.08108700
vn -0.87468200 0.38619000 0.29289700
vn -0.81290000 0.49545400 0.30613500
vn -0.88677500 0.44307200 0.13159500
vn -0.82782700 0.44539200 0.34107000
vn -0.70724900 0.04450600 0.70556200
vn -0.70424200 0.12423800 0.69900500
vn -0.69548600 0.21759000 0.68480200
vn -0.68222700 0.29800500 0.66765300
vn -0.66911500 0.35273000 0.65411500
vn -0.65806100 0.38947600 0.64441000
vn -0.63894200 0.43039600 0.63758400
vn -0.61961700 0.45973900 0.63617200
vn -0.72633300 0.47616600 0.49568700
vn -0.60884700 0.47056100 0.63865300
vn -0.59528900 0.46967200 0.65195100
vn -0.44314400 0.36449300 0.81900400
vn -0.35252000 0.38118900 0.85464900
vn -0.34140200 0.40524000 0.84807100
vn -0.33042900 0.41400400 0.84818500
vn -0.32576100 0.40680100 0.85345900
vn -0.30942900 0.37359400 0.87446100
vn -0.15809000 0.32613900 0.93200900
vn -0.77638000 0.51630200 0.36147900
vn -0.58654000 0.44624400 0.67589700
vn -0.33050900 0.31823900 0.88853100
vn -0.30726300 0.24692200 0.91903200
vn -0.57545100 0.42113100 0.70107400
vn -0.75752700 0.53226600 0.37794900
vn -0.72228900 0.57600900 0.38276900
vn -0.70849300 0.61175000 0.35185100
vn -0.56866300 0.46263200 0.68014200
vn -0.64197300 0.55616700 0.52777700
vn -0.51811600 0.44636600 0.72959800
vn -0.44273700 0.36462800 0.81916400
vn -0.20063700 0.16300300 0.96601000
vn -0.39965600 0.34597400 0.84886800
vn -0.22037200 0.18909100 0.95691200
vn -0.68340200 0.01764600 0.72982900
vn -0.60856700 0.01397900 0.79337900
vn -0.67327100 0.05635200 0.73724600
vn -0.88471100 0.01701400 0.46583000
vn -0.85299000 0.07451700 0.51658100
vn -0.69653700 0.12202800 0.70706900
vn -0.69235900 0.14393000 0.70705300
vn -0.68191500 0.18728400 0.70704800
vn -0.67567400 0.20869800 0.70704300
vn -0.66116800 0.25088700 0.70704500
vn -0.65291100 0.27160700 0.70706200
vn -0.63448100 0.31220800 0.70707900
vn -0.62434100 0.33202300 0.70707800
vn -0.60217000 0.37075200 0.70706000
vn -0.59020200 0.38952600 0.70705800
vn -0.42577200 0.33291900 0.84135800
vn -0.69176300 0.54368000 0.47526500
vn -0.21605300 0.14256200 0.96591800
vn -0.22857600 0.12146900 0.96591800
vn -0.23900200 0.09937700 0.96592000
vn -0.24731300 0.07635700 0.96592200
vn -0.25342000 0.05270900 0.96591900
vn -0.25728200 0.02847800 0.96591700
vn -0.24298600 0.00650400 0.97000800
vn -0.95144100 0.16668400 0.25879900
vn -0.93143200 0.25583200 0.25881300
vn -0.90311100 0.34265600 0.25880100
vn -0.86670100 0.42644300 0.25879600
vn -0.82252000 0.50642800 0.25882700
vn -0.37594900 -0.17606200 0.90976100
vn -0.58242900 -0.00056500 0.81288100
vn -0.74252900 -0.08717400 0.66411700
vn -0.82921400 -0.07423600 0.55397900
vn -0.97714000 -0.02583700 0.21101900
vn -0.92050500 -0.33940000 0.19359200
vn -0.95453000 -0.29613300 0.03431600
vn -0.85302500 -0.51677000 0.07278300
vn -0.68745100 -0.63866900 0.34570700
vn -0.98063600 -0.11261300 0.16022100
vn -0.83049800 -0.23448100 0.50526400
vn -0.70799100 -0.34254900 0.61758300
vn -0.31164700 -0.24593200 0.91782000
vn -0.43136500 -0.63794000 0.63793200
vn -0.31163600 -0.67189800 0.67189000
vn -0.72370200 -0.68605700 0.07471100
vn -0.54356600 -0.83183600 0.11218300
vn -0.39232900 -0.88780900 0.24056800
vn -0.31973900 -0.93913300 0.12568300
vn -0.29644900 -0.95497100 0.01217300
vn -0.52062000 -0.85369200 0.01281900
vn -0.71477400 -0.69933900 0.00480300
vn -0.83858300 -0.54475100 -0.00505900
vn -0.94597800 -0.32106300 0.04521100
vn -0.18467800 -0.90534700 0.38241300
vn -0.19167500 -0.89007000 0.41356400
vn -0.16155300 -0.80655300 0.56865900
vn -0.30061000 -0.71956200 0.62599000
vn -0.30510500 -0.19504900 0.93213000
vn -0.42457600 -0.35318800 0.83366300
vn -0.31525200 -0.53129900 0.78634500
vn -0.30972500 -0.69203100 0.65204600
vn -0.35677900 -0.82907600 0.43051300
vn -0.46608500 -0.82932300 0.30820000
vn -0.39544500 -0.82871700 0.39604600
vn -0.49740600 -0.82992000 0.25262700
vn -0.53279200 -0.54968500 0.64341200
vn -0.69615600 -0.55070300 0.46053500
vn -0.59030900 -0.54955000 0.59121100
vn -0.74344400 -0.55216000 0.37737300
vn -0.38441400 -0.92004400 0.07580000
vn -0.38432100 -0.92009000 0.07571000
vn -0.52644400 -0.82727800 0.19613300
vn -0.73048200 -0.66769000 0.14347800
vn -0.83456500 -0.54386500 0.08781800
vn -0.17485500 -0.98059200 0.08868900
vn -0.13497200 -0.97515600 0.17565300
vn -0.12954300 -0.97391000 0.18632700
vn -0.65961000 -0.18584000 0.72827100
vn -0.81958700 -0.18440700 0.54246700
vn -0.81893800 -0.18766800 0.54232900
vn -0.94564500 -0.19065200 0.26345500
vn 0.15375100 0.19995300 0.96766700
vn 0.98937700 -0.08732800 0.11621800
vn 0.95135100 -0.03586200 0.30601400
vn 0.54819300 -0.00469700 0.83633900
vn 0.45587000 0.00981700 0.88999200
vn 0.71854800 -0.01284000 0.69535900
vn 0.69011100 -0.00217600 0.72370100
vn 0.97833600 0.12870300 0.16215600
vn 0.97970900 0.05487300 0.19276500
vn 0.98092300 0.00020000 0.19439600
vn 0.19506800 0.03177000 0.98027500
vn 0.38317200 0.06129700 0.92164100
vn 0.38328800 0.06130300 0.92159200
vn 0.14678900 0.14631500 0.97828700
vn 0.33149400 0.22679900 0.91579200
vn 0.33154700 0.22676800 0.91578000
vn 0.30938900 0.34592800 0.88578300
vn 0.40464100 0.29857400 0.86436100
vn 0.89478800 0.33384300 0.29648600
vn 0.88550800 0.30356400 0.35174600
vn 0.85235400 0.28193700 0.44046000
vn 0.97618100 0.17046100 0.13421800
vn 0.35427300 0.37928200 0.85477200
vn 0.34440000 0.40147500 0.84865000
vn 0.33222900 0.41131200 0.84879100
vn 0.32660700 0.40416200 0.85438900
vn 0.55564400 0.06461800 0.82890500
vn 0.55431800 0.11845100 0.82383300
vn 0.55332200 0.13510000 0.82193900
vn 0.77134700 0.11825800 0.62533100
vn 0.69623900 0.21772100 0.68399500
vn 0.68362700 0.29748000 0.66645300
vn 0.67019500 0.35206900 0.65336500
vn 0.65919000 0.38832900 0.64394800
vn 0.64132400 0.42712000 0.63739500
vn 0.62119900 0.45713000 0.63650900
vn 0.60985400 0.46770000 0.63979200
vn 0.83188500 0.02396900 0.55443100
vn 0.83126000 0.04323500 0.55419900
vn 0.82719000 0.12533900 0.54776600
vn 0.81719500 0.21339800 0.53540100
vn 0.80146800 0.42550700 0.42022900
vn 0.82896400 0.44324400 0.34110700
vn 0.83114900 0.46720300 0.30151600
vn 0.94666900 0.31075400 0.08514500
vn 0.33770100 0.38436200 0.85919900
vn 0.45950200 0.42214700 0.78144100
vn 0.71219600 0.48851500 0.50411300
vn 0.71218900 0.48850800 0.50413000
vn 0.70962400 0.48564300 0.51047400
vn 0.81824900 0.49370700 0.29448500
vn 0.76561400 0.50183800 0.40248400
vn 0.69825300 0.48919000 0.52262400
vn 0.45317600 0.37034100 0.81085100
vn 0.41706300 0.38066300 0.82532100
vn 0.82350300 0.53479400 0.18931000
vn 0.82493200 0.53461500 0.18350600
vn 0.71514100 0.51549400 0.47205700
vn 0.71517200 0.51552600 0.47197700
vn 0.69049200 0.47769400 0.54316600
vn 0.50964400 0.37730200 0.77324400
vn 0.45439700 0.34305900 0.82209100
vn 0.14795400 0.12969000 0.98045400
vn 0.72507300 0.62470500 0.28984800
vn 0.72950400 0.58012700 0.36232200
vn 0.63989100 0.55334700 0.53324100
vn 0.56616200 0.45574900 0.68684300
vn 0.30578600 0.24433900 0.92021400
vn 0.40379200 0.34940400 0.84549900
vn 0.53655800 0.46106300 0.70677200
vn 0.23475600 0.20115800 0.95101300
vn 0.43217400 0.35013700 0.83104100
vn 0.66026400 0.52139200 0.54055700
vn 0.21163300 0.14946300 0.96585300
vn 0.22042900 0.13569800 0.96591800
vn 0.23221800 0.11434800 0.96591900
vn 0.24201900 0.09184700 0.96591500
vn 0.24960600 0.06854700 0.96591800
vn 0.25493200 0.04475200 0.96592300
vn 0.25804200 0.02041600 0.96591800
vn 0.25880100 0.00603300 0.96591200
vn 0.59017900 0.38953000 0.70707500
vn 0.60217700 0.37074600 0.70705800
vn 0.62436400 0.33203700 0.70705100
vn 0.63451200 0.31220500 0.70705200
vn 0.65291900 0.27159400 0.70706000
vn 0.66115300 0.25086900 0.70706500
vn 0.67565100 0.20870600 0.70706200
vn 0.68191100 0.18729600 0.70704800
vn 0.69236900 0.14395100 0.70703900
vn 0.69656200 0.12203400 0.70704200
vn 0.70285400 0.07788300 0.70705700
vn 0.70494600 0.05572900 0.70706800
vn 0.70700800 0.01691200 0.70700300
vn 0.70700800 0.01655600 0.70701200
vn 0.80616800 0.53210200 0.25876900
vn 0.85281900 0.45357400 0.25878700
vn 0.89184800 0.37098100 0.25880500
vn 0.92289800 0.28506700 0.25883500
vn 0.94569700 0.19660700 0.25885100
vn 0.96005400 0.10639500 0.25879900
vn 0.96569000 0.02294000 0.25868300
vn 0.96560900 -0.02564900 0.25872900
vn 0.70536600 -0.06978600 0.70540000
vn 0.70537700 -0.06984800 0.70538300
vn 0.25766800 -0.09482300 0.96156900
vn 0.25765600 -0.09477200 0.96157800
vn 0.72882800 -0.68079800 0.07296700
vn 0.79195500 -0.60774300 0.05878500
vn 0.73686700 -0.63653100 0.22771600
vn 0.96966200 -0.24298500 0.02671900
vn 0.46513200 -0.88242700 0.07053500
vn 0.51727400 -0.80075100 0.30203400
vn 0.96577200 -0.23255000 0.11491100
vn 0.96577200 -0.17089100 0.19514500
vn 0.96577900 -0.08318200 0.24566600
vn 0.70634400 -0.53251000 0.46638100
vn 0.70635300 -0.46636500 0.53251300
vn 0.70636200 -0.31350300 0.63464000
vn 0.70635900 -0.22704500 0.67045300
vn 0.25829200 -0.72676800 0.63646900
vn 0.25829400 -0.42791900 0.86612300
vn 0.33112300 -0.94340200 0.01871500
vn 0.66666300 -0.74439800 0.03784800
vn 0.81284700 -0.58247600 -0.00149800
vn 0.92122500 -0.38088400 0.07919200
vn 0.91083400 -0.18258900 0.37019400
vn -0.06696500 -0.03059400 0.99728600
vn 0.16639500 -0.34991500 0.92188500
vn 0.44775800 -0.34119600 0.82649800
vn 0.55256400 -0.31642600 0.77106900
vn 0.45402800 -0.67466200 0.58197200
vn 0.45408000 -0.67453900 0.58207300
vn 0.36627300 -0.66792200 0.64786200
vn 0.25793400 -0.80667200 0.53174200
vn 0.25913100 -0.89829200 0.35485600
vn 0.23489200 -0.87308600 0.42725500
vn 0.11105600 -0.97605700 0.18703000
vn 0.88708000 -0.41672000 0.19857600
vn 0.68651100 -0.70606700 0.17370200
vn 0.54411600 -0.83095100 0.11600600
vn 0.18723700 -0.98056100 0.05866400
vn 0.87664100 -0.18199300 0.44539700
vn 0.70112200 -0.46585000 0.53982500
vn 0.70115500 -0.46594700 0.53970000
vn 0.59411600 -0.73217600 0.33308300
vn 0.48678900 -0.82975900 0.27301400
vn 0.15958200 -0.98050500 0.11464900
vn 0.61985000 -0.54598600 0.56363600
f 1//1 2//2 3//3
f 3//3 2//2 4//4
f 5//5 6//6 4//4
f 6//6 7//7 4//4
f 4//4 7//7 8//8
f 4//4 8//8 3//3
f 4//4 9//9 5//5
f 5//5 9//9 10//10
f 5//5 10//10 11//11
f 11//11 10//10 12//12
f 11//11 12//12 13//13
f 13//13 12//12 14//14
f 13//13 14//14 15//15
f 15//15 14//14 16//16
f 15//15 16//16 17//17
f 17//17 16//16 18//18
f 17//17 18//18 19//19
f 20//20 21//21 22//22
f 22//22 21//21 23//23
f 22//22 23//23 24//24
f 24//24 23//23 25//25
f 24//24 25//25 26//26
f 26//26 25//25 27//27
f 26//26 27//27 28//28
f 28//28 27//27 29//29
f 28//28 29//29 30//30
f 30//30 29//29 31//31
f 30//30 31//31 32//32
f 32//32 31//31 33//33
f 32//32 33//33 34//34
f 34//34 33//33 19//19
f 34//34 19//19 35//35
f 35//35 19//19 18//18
f 36//36 37//37 23//23
f 38//38 39//39 40//40
f 40//40 39//39 41//41
f 21//21 38//38 23//23
f 23//23 38//38 40//40
f 23//23 40//40 36//36
f 36//36 40//40 41//41
f 36//36 41//41 42//42
f 43//43 44//44 45//45
f 43//43 45//45 46//46
f 47//47 48//48 49//49
f 50//50 47//47 51//51
f 51//51 47//47 52//52
f 51//51 52//52 53//53
f 47//47 49//49 52//52
f 52//52 49//49 46//46
f 52//52 46//46 53//53
f 46//46 45//45 53//53
f 53//53 45//45 54//54
f 53//53 54//54 55//55
f 55//55 54//54 56//56
f 55//55 56//56 57//57
f 57//57 56//56 58//58
f 57//57 58//58 59//59
f 59//59 58//58 60//60
f 59//59 60//60 61//61
f 61//61 60//60 62//62
f 61//61 62//62 63//63
f 63//63 62//62 64//64
f 63//63 64//64 65//65
f 64//64 66//66 65//65
f 65//65 66//66 67//67
f 65//65 67//67 68//68
f 68//68 67//67 69//69
f 70//70 71//71 72//72
f 72//72 71//71 73//73
f 72//72 73//73 74//74
f 74//74 73//73 75//75
f 74//74 75//75 76//76
f 76//76 75//75 77//77
f 76//76 77//77 78//78
f 78//78 77//77 79//79
f 78//78 79//79 80//80
f 80//80 79//79 81//81
f 80//80 81//81 69//69
f 69//69 81//81 82//82
f 69//69 82//82 68//68
f 83//83 84//84 72//72
f 72//72 84//84 85//85
f 72//72 85//85 70//70
f 86//86 87//87 88//88
f 88//88 87//87 89//89
f 88//88 89//89 90//90
f 92//92 93//93 86//86
f 86//86 93//93 94//94
f 86//86 94//94 87//87
f 95//95 96//96 91//91
f 97//97 98//98 99//99
f 97//97 99//99 100//100
f 100//100 101//101 102//102
f 100//100 102//102 103//103
f 104//104 105//105 106//106
f 106//106 107//107 108//108
f 106//106 108//108 109//109
f 110//110 111//111 1//1
f 1//1 112//112 110//110
f 110//110 112//112 113//113
f 114//114 116//116 104//104
f 104//104 116//116 117//117
f 104//104 117//117 105//105
f 118//118 119//119 120//120
f 120//120 119//119 121//121
f 122//122 123//123 124//124
f 124//124 123//123 125//125
f 126//126 127//127 128//128
f 128//128 127//127 129//129
f 119//119 111//111 121//121
f 121//121 111//111 110//110
f 123//123 115//115 125//125
f 125//125 115//115 130//130
f 127//127 104//104 129//129
f 129//129 104//104 106//106
f 131//131 132//132 133//133
f 131//131 133//133 134//134
f 135//135 136//136 137//137
f 136//136 138//138 137//137
f 137//137 138//138 139//139
f 137//137 139//139 140//140
f 141//141 142//142 143//143
f 143//143 142//142 144//144
f 143//143 144//144 145//145
f 145//145 144//144 146//146
f 145//145 146//146 147//147
f 147//147 148//148 145//145
f 145//145 148//148 149//149
f 150//150 151//151 152//152
f 152//152 151//151 153//153
f 152//152 153//153 157//157
f 154//154 159//159 156//156
f 155//155 160//160 161//161
f 162//162 158//158 163//163
f 164//164 165//165 166//166
f 166//166 165//165 167//167
f 166//166 167//167 102//102
f 102//102 167//167 168//168
f 102//102 168//168 103//103
f 169//169 170//170 164//164
f 164//164 170//170 171//171
f 164//164 171//171 165//165
f 172//172 173//173 174//174
f 174//174 173//173 175//175
f 174//174 175//175 176//176
f 176//176 175//175 177//177
f 176//176 177//177 169//169
f 169//169 177//177 178//178
f 169//169 178//178 170//170
f 179//179 180//180 172//172
f 172//172 180//180 181//181
f 172//172 181//181 173//173
f 182//182 128//128 183//183
f 183//183 128//128 129//129
f 183//183 129//129 184//184
f 184//184 129//129 106//106
f 184//184 106//106 179//179
f 179//179 106//106 109//109
f 179//179 109//109 180//180
f 185//185 186//186 187//187
f 187//187 186//186 188//188
f 187//187 188//188 90//90
f 189//189 190//190 191//191
f 191//191 190//190 192//192
f 191//191 192//192 188//188
f 188//188 192//192 88//88
f 188//188 88//88 90//90
f 193//193 194//194 195//195
f 195//195 194//194 88//88
f 195//195 88//88 196//196
f 196//196 88//88 192//192
f 197//197 198//198 199//199
f 200//200 197//197 201//201
f 201//201 197//197 199//199
f 201//201 199//199 202//202
f 202//202 199//199 203//203
f 202//202 203//203 204//204
f 204//204 203//203 205//205
f 204//204 205//205 206//206
f 206//206 205//205 207//207
f 206//206 207//207 208//208
f 208//208 207//207 209//209
f 208//208 209//209 210//210
f 210//210 209//209 211//211
f 210//210 211//211 212//212
f 212//212 211//211 213//213
f 212//212 213//213 214//214
f 214//214 213//213 215//215
f 214//214 215//215 118//118
f 118//118 215//215 216//216
f 118//118 216//216 119//119
f 119//119 216//216 217//217
f 119//119 217//217 111//111
f 111//111 217//217 2//2
f 111//111 2//2 1//1
f 218//218 219//219 220//220
f 221//221 222//222 223//223
f 224//224 225//225 226//226
f 226//226 225//225 221//221
f 226//226 221//221 227//227
f 227//227 221//221 223//223
f 224//224 228//228 225//225
f 225//225 228//228 229//229
f 225//225 229//229 230//230
f 229//229 231//231 230//230
f 230//230 231//231 232//232
f 230//230 232//232 233//233
f 233//233 234//234 230//230
f 230//230 234//234 235//235
f 230//230 235//235 220//220
f 220//220 235//235 236//236
f 220//220 236//236 218//218
f 237//237 238//238 239//239
f 237//237 239//239 240//240
f 240//240 239//239 241//241
f 240//240 241//241 242//242
f 219//219 243//243 220//220
f 220//220 243//243 244//244
f 220//220 244//244 245//245
f 245//245 244//244 246//246
f 245//245 246//246 247//247
f 247//247 246//246 240//240
f 247//247 240//240 248//248
f 248//248 240//240 242//242
f 249//249 250//250 251//251
f 249//249 251//251 252//252
f 251//251 253//253 252//252
f 254//254 253//253 255//255
f 254//254 255//255 257//257
f 256//256 258//258 259//259
f 257//257 260//260 261//261
f 261//261 260//260 262//262
f 262//262 260//260 263//263
f 262//262 263//263 264//264
f 265//265 266//266 267//267
f 84//84 268//268 269//269
f 269//269 268//268 270//270
f 269//269 271//271 272//272
f 272//272 271//271 273//273
f 272//272 273//273 274//274
f 274//274 273//273 265//265
f 274//274 265//265 275//275
f 275//275 265//265 267//267
f 275//275 267//267 276//276
f 276//276 267//267 277//277
f 268//268 278//278 270//270
f 270//270 278//278 279//279
f 271//271 280//280 273//273
f 273//273 280//280 281//281
f 273//273 281//281 265//265
f 265//265 281//281 282//282
f 265//265 282//282 266//266
f 266//266 282//282 283//283
f 284//284 287//287 289//289
f 290//290 286//286 292//292
f 291//291 285//285 288//288
f 293//293 294//294 295//295
f 296//296 297//297 298//298
f 298//298 299//299 296//296
f 296//296 299//299 300//300
f 296//296 300//300 301//301
f 301//301 300//300 302//302
f 301//301 302//302 303//303
f 303//303 302//302 295//295
f 303//303 295//295 304//304
f 304//304 295//295 294//294
f 308//308 309//309 311//311
f 313//313 314//314 316//316
f 317//317 315//315 319//319
f 318//318 320//320 321//321
f 312//312 323//323 325//325
f 324//324 322//322 307//307
f 326//326 306//306 327//327
f 328//328 305//305 310//310
f 329//329 267//267 266//266
f 329//329 266//266 330//330
f 330//330 266//266 283//283
f 330//330 283//283 331//331
f 267//267 329//329 277//277
f 277//277 329//329 332//332
f 277//277 332//332 333//333
f 333//333 332//332 334//334
f 333//333 334//334 335//335
f 335//335 334//334 336//336
f 336//336 334//334 337//337
f 336//336 337//337 338//338
f 338//338 337//337 339//339
f 339//339 337//337 340//340
f 339//339 340//340 341//341
f 251//251 250//250 342//342
f 342//342 250//250 343//343
f 342//342 343//343 344//344
f 343//343 345//345 344//344
f 344//344 345//345 346//346
f 344//344 346//346 347//347
f 347//347 346//346 348//348
f 347//347 348//348 340//340
f 340//340 348//348 349//349
f 340//340 349//349 341//341
f 350//350 351//351 352//352
f 264//264 263//263 353//353
f 353//353 263//263 354//354
f 353//353 354//354 355//355
f 355//355 354//354 356//356
f 263//263 357//357 358//358
f 352//352 359//359 350//350
f 350//350 359//359 354//354
f 350//350 354//354 360//360
f 360//360 354//354 263//263
f 360//360 263//263 361//361
f 361//361 263//263 358//358
f 362//362 363//363 364//364
f 278//278 365//365 366//366
f 366//366 365//365 367//367
f 366//366 367//367 368//368
f 84//84 83//83 268//268
f 268//268 83//83 369//369
f 268//268 369//369 278//278
f 278//278 369//369 370//370
f 278//278 370//370 365//365
f 371//371 362//362 372//372
f 372//372 362//362 364//364
f 372//372 364//364 373//373
f 373//373 364//364 374//374
f 367//367 375//375 368//368
f 368//368 375//375 376//376
f 368//368 376//376 377//377
f 377//377 376//376 378//378
f 377//377 378//378 374//374
f 374//374 378//378 379//379
f 374//374 379//379 373//373
f 380//380 381//381 382//382
f 383//383 384//384 385//385
f 380//380 382//382 386//386
f 384//384 387//387 385//385
f 385//385 387//387 388//388
f 385//385 388//388 382//382
f 382//382 388//388 389//389
f 382//382 389//389 386//386
f 385//385 390//390 383//383
f 383//383 390//390 391//391
f 383//383 391//391 392//392
f 392//392 391//391 393//393
f 392//392 393//393 394//394
f 394//394 395//395 392//392
f 392//392 395//395 396//396
f 392//392 396//396 397//397
f 396//396 398//398 397//397
f 397//397 398//398 399//399
f 397//397 399//399 400//400
f 401//401 402//402 403//403
f 403//403 402//402 397//397
f 403//403 397//397 404//404
f 404//404 397//397 400//400
f 401//401 405//405 402//402
f 402//402 405//405 406//406
f 402//402 406//406 407//407
f 408//408 409//409 410//410
f 410//410 409//409 407//407
f 410//410 407//407 411//411
f 411//411 407//407 406//406
f 200//200 412//412 413//413
f 414//414 415//415 416//416
f 417//417 418//418 419//419
f 417//417 419//419 420//420
f 420//420 419//419 421//421
f 420//420 421//421 422//422
f 422//422 421//421 423//423
f 422//422 423//423 424//424
f 423//423 425//425 424//424
f 424//424 425//425 426//426
f 427//427 428//428 429//429
f 414//414 416//416 430//430
f 430//430 416//416 431//431
f 430//430 431//431 433//433
f 433//433 431//431 434//434
f 432//432 427//427 435//435
f 435//435 427//427 429//429
f 435//435 429//429 437//437
f 200//200 413//413 439//439
f 439//439 413//413 441//441
f 438//438 442//442 444//444
f 444//444 442//442 436//436
f 444//444 436//436 445//445
f 445//445 436//436 446//446
f 445//445 446//446 447//447
f 448//448 447//447 446//446
f 448//448 446//446 449//449
f 450//450 437//437 429//429
f 450//450 429//429 451//451
f 451//451 429//429 426//426
f 451//451 426//426 452//452
f 452//452 426//426 425//425
f 452//452 425//425 453//453
f 447//447 454//454 455//455
f 447//447 455//455 445//445
f 457//457 459//459 461//461
f 456//456 462//462 443//443
f 463//463 466//466 467//467
f 464//464 469//469 440//440
f 439//439 470//470 197//197
f 439//439 197//197 200//200
f 200//200 201//201 471//471
f 200//200 471//471 412//412
f 414//414 472//472 473//473
f 414//414 473//473 415//415
f 417//417 474//474 475//475
f 417//417 475//475 418//418
f 118//118 120//120 476//476
f 122//122 124//124 477//477
f 126//126 128//128 478//478
f 126//126 478//478 479//479
f 479//479 478//478 480//480
f 479//479 480//480 481//481
f 481//481 480//480 482//482
f 481//481 482//482 483//483
f 483//483 482//482 484//484
f 483//483 484//484 485//485
f 485//485 484//484 486//486
f 485//485 486//486 487//487
f 487//487 486//486 488//488
f 487//487 488//488 489//489
f 489//489 488//488 490//490
f 489//489 490//490 491//491
f 491//491 490//490 475//475
f 491//491 475//475 474//474
f 122//122 477//477 492//492
f 492//492 477//477 493//493
f 492//492 493//493 494//494
f 494//494 493//493 495//495
f 494//494 495//495 496//496
f 496//496 495//495 497//497
f 496//496 497//497 498//498
f 498//498 497//497 499//499
f 498//498 499//499 500//500
f 500//500 499//499 501//501
f 500//500 501//501 502//502
f 502//502 501//501 503//503
f 502//502 503//503 504//504
f 504//504 503//503 473//473
f 504//504 473//473 472//472
f 118//118 476//476 214//214
f 214//214 476//476 505//505
f 214//214 505//505 212//212
f 212//212 505//505 506//506
f 212//212 506//506 210//210
f 210//210 506//506 507//507
f 210//210 507//507 208//208
f 208//208 507//507 508//508
f 208//208 508//508 206//206
f 206//206 508//508 509//509
f 206//206 509//509 204//204
f 204//204 509//509 510//510
f 204//204 510//510 202//202
f 202//202 510//510 471//471
f 202//202 471//471 201//201
f 511//511 512//512 513//513
f 514//514 515//515 516//516
f 195//195 196//196 517//517
f 517//517 196//196 518//518
f 519//519 520//520 521//521
f 521//521 520//520 522//522
f 523//523 524//524 525//525
f 525//525 524//524 526//526
f 525//525 527//527 528//528
f 528//528 527//527 529//529
f 193//193 195//195 530//530
f 530//530 195//195 517//517
f 531//531 519//519 532//532
f 532//532 519//519 521//521
f 533//533 523//523 516//516
f 516//516 523//523 525//525
f 516//516 525//525 514//514
f 514//514 525//525 528//528
f 194//194 193//193 534//534
f 534//534 193//193 530//530
f 535//535 531//531 536//536
f 536//536 531//531 532//532
f 537//537 533//533 513//513
f 513//513 533//533 516//516
f 513//513 516//516 511//511
f 511//511 516//516 515//515
f 88//88 194//194 86//86
f 86//86 194//194 534//534
f 95//95 535//535 96//96
f 96//96 535//535 536//536
f 98//98 537//537 99//99
f 99//99 537//537 513//513
f 101//101 538//538 102//102
f 102//102 538//538 512//512
f 478//478 128//128 182//182
f 539//539 475//475 540//540
f 540//540 475//475 490//490
f 540//540 490//490 541//541
f 541//541 490//490 488//488
f 541//541 488//488 542//542
f 542//542 488//488 486//486
f 542//542 486//486 543//543
f 543//543 486//486 484//484
f 543//543 484//484 544//544
f 544//544 484//484 482//482
f 544//544 482//482 545//545
f 545//545 482//482 480//480
f 545//545 480//480 546//546
f 546//546 480//480 478//478
f 546//546 478//478 547//547
f 547//547 478//478 182//182
f 475//475 539//539 418//418
f 418//418 539//539 548//548
f 548//548 453//453 425//425
f 419//419 418//418 421//421
f 421//421 418//418 548//548
f 421//421 548//548 423//423
f 423//423 548//548 425//425
f 451//451 452//452 549//549
f 450//450 451//451 550//550
f 448//448 449//449 551//551
f 552//552 553//553 554//554
f 554//554 553//553 555//555
f 554//554 555//555 556//556
f 556//556 555//555 557//557
f 556//556 557//557 558//558
f 558//558 557//557 549//549
f 559//559 549//549 560//560
f 560//560 549//549 452//452
f 560//560 452//452 453//453
f 552//552 561//561 553//553
f 553//553 561//561 562//562
f 553//553 562//562 563//563
f 451//451 549//549 550//550
f 550//550 549//549 557//557
f 550//550 557//557 564//564
f 564//564 557//557 555//555
f 564//564 555//555 565//565
f 565//565 555//555 553//553
f 565//565 553//553 566//566
f 566//566 553//553 563//563
f 566//566 563//563 567//567
f 450//450 550//550 568//568
f 568//568 550//550 564//564
f 568//568 564//564 569//569
f 569//569 564//564 565//565
f 569//569 565//565 570//570
f 570//570 565//565 566//566
f 570//570 566//566 571//571
f 571//571 566//566 567//567
f 571//571 567//567 572//572
f 448//448 551//551 573//573
f 573//573 551//551 574//574
f 573//573 575//575 576//576
f 576//576 575//575 577//577
f 576//576 577//577 578//578
f 578//578 577//577 579//579
f 578//578 579//579 580//580
f 580//580 579//579 572//572
f 580//580 572//572 581//581
f 582//582 583//583 584//584
f 584//584 583//583 585//585
f 584//584 585//585 586//586
f 586//586 585//585 587//587
f 586//586 587//587 588//588
f 588//588 587//587 589//589
f 588//588 589//589 590//590
f 590//590 589//589 591//591
f 590//590 591//591 592//592
f 592//592 591//591 593//593
f 592//592 593//593 594//594
f 594//594 593//593 595//595
f 594//594 595//595 596//596
f 596//596 595//595 597//597
f 597//597 595//595 598//598
f 597//597 598//598 599//599
f 599//599 598//598 600//600
f 600//600 598//598 601//601
f 581//581 602//602 448//448
f 597//597 599//599 602//602
f 602//602 599//599 447//447
f 602//602 447//447 448//448
f 603//603 454//454 604//604
f 604//604 454//454 447//447
f 604//604 447//447 605//605
f 605//605 447//447 599//599
f 605//605 599//599 606//606
f 606//606 599//599 600//600
f 606//606 600//600 607//607
f 607//607 600//600 601//601
f 607//607 601//601 608//608
f 578//578 580//580 576//576
f 576//576 580//580 581//581
f 576//576 581//581 573//573
f 573//573 581//581 448//448
f 454//454 603//603 609//609
f 454//454 609//609 455//455
f 458//458 609//609 610//610
f 458//458 610//610 460//460
f 465//465 610//610 611//611
f 465//465 611//611 468//468
f 470//470 612//612 198//198
f 470//470 198//198 197//197
f 613//613 614//614 615//615
f 616//616 617//617 618//618
f 616//616 618//618 619//619
f 619//619 618//618 620//620
f 621//621 622//622 620//620
f 620//620 622//622 623//623
f 620//620 623//623 619//619
f 188//188 186//186 191//191
f 191//191 186//186 624//624
f 191//191 625//625 621//621
f 621//621 625//625 626//626
f 621//621 626//626 622//622
f 618//618 627//627 620//620
f 620//620 627//627 628//628
f 620//620 629//629 621//621
f 621//621 629//629 630//630
f 189//189 191//191 631//631
f 631//631 191//191 621//621
f 631//631 621//621 632//632
f 632//632 621//621 630//630
f 192//192 190//190 633//633
f 633//633 190//190 634//634
f 635//635 634//634 636//636
f 636//636 634//634 637//637
f 638//638 637//637 639//639
f 639//639 637//637 640//640
f 641//641 640//640 642//642
f 642//642 640//640 643//643
f 196//196 192//192 518//518
f 518//518 192//192 633//633
f 520//520 635//635 522//522
f 522//522 635//635 636//636
f 524//524 638//638 526//526
f 526//526 638//638 639//639
f 527//527 641//641 529//529
f 529//529 641//641 642//642
f 644//644 645//645 646//646
f 644//644 646//646 647//647
f 647//647 646//646 648//648
f 647//647 648//648 649//649
f 649//649 648//648 650//650
f 649//649 650//650 651//651
f 651//651 650//650 652//652
f 652//652 650//650 653//653
f 652//652 653//653 654//654
f 654//654 653//653 655//655
f 654//654 655//655 656//656
f 656//656 655//655 657//657
f 657//657 655//655 658//658
f 657//657 658//658 659//659
f 659//659 658//658 660//660
f 659//659 660//660 661//661
f 515//515 514//514 662//662
f 662//662 514//514 528//528
f 661//661 660//660 663//663
f 663//663 660//660 664//664
f 663//663 664//664 665//665
f 665//665 664//664 662//662
f 665//665 662//662 666//666
f 666//666 662//662 528//528
f 666//666 528//528 529//529
f 512//512 511//511 667//667
f 667//667 511//511 515//515
f 166//166 102//102 512//512
f 512//512 667//667 166//166
f 166//166 667//667 668//668
f 166//166 668//668 164//164
f 164//164 668//668 669//669
f 164//164 669//669 169//169
f 169//169 669//669 670//670
f 169//169 670//670 176//176
f 176//176 670//670 671//671
f 176//176 671//671 174//174
f 174//174 671//671 672//672
f 174//174 672//672 172//172
f 172//172 672//672 673//673
f 172//172 673//673 179//179
f 179//179 673//673 674//674
f 179//179 674//674 184//184
f 184//184 674//674 675//675
f 184//184 675//675 183//183
f 183//183 675//675 676//676
f 183//183 676//676 182//182
f 515//515 677//677 667//667
f 667//667 677//677 678//678
f 667//667 678//678 679//679
f 679//679 678//678 680//680
f 679//679 680//680 681//681
f 681//681 680//680 682//682
f 681//681 682//682 683//683
f 683//683 682//682 684//684
f 683//683 684//684 685//685
f 685//685 684//684 686//686
f 685//685 686//686 687//687
f 687//687 686//686 688//688
f 687//687 688//688 689//689
f 689//689 688//688 690//690
f 689//689 690//690 691//691
f 691//691 690//690 692//692
f 691//691 692//692 693//693
f 693//693 692//692 694//694
f 693//693 694//694 695//695
f 696//696 697//697 698//698
f 698//698 697//697 699//699
f 698//698 699//699 700//700
f 700//700 699//699 701//701
f 700//700 701//701 702//702
f 702//702 701//701 703//703
f 702//702 703//703 704//704
f 704//704 703//703 705//705
f 704//704 705//705 706//706
f 706//706 705//705 707//707
f 706//706 707//707 708//708
f 708//708 707//707 709//709
f 708//708 709//709 710//710
f 710//710 709//709 711//711
f 712//712 711//711 713//713
f 713//713 711//711 714//714
f 713//713 714//714 715//715
f 715//715 714//714 716//716
f 715//715 716//716 582//582
f 582//582 716//716 583//583
f 717//717 190//190 189//189
f 189//189 718//718 717//717
f 717//717 718//718 719//719
f 717//717 719//719 720//720
f 720//720 719//719 721//721
f 720//720 721//721 722//722
f 722//722 721//721 723//723
f 722//722 723//723 724//724
f 724//724 723//723 725//725
f 724//724 725//725 726//726
f 726//726 725//725 727//727
f 726//726 727//727 728//728
f 728//728 727//727 729//729
f 730//730 731//731 732//732
f 732//732 731//731 733//733
f 732//732 733//733 734//734
f 734//734 733//733 735//735
f 734//734 735//735 729//729
f 729//729 735//735 736//736
f 729//729 736//736 728//728
f 182//182 676//676 737//737
f 645//645 644//644 738//738
f 695//695 694//694 739//739
f 645//645 738//738 740//740
f 740//740 738//738 741//741
f 740//740 741//741 742//742
f 742//742 741//741 743//743
f 742//742 743//743 744//744
f 744//744 743//743 745//745
f 744//744 745//745 746//746
f 746//746 745//745 747//747
f 746//746 747//747 748//748
f 748//748 747//747 749//749
f 748//748 749//749 750//750
f 750//750 749//749 751//751
f 750//750 751//751 752//752
f 752//752 751//751 753//753
f 752//752 753//753 754//754
f 754//754 753//753 755//755
f 754//754 755//755 756//756
f 695//695 739//739 757//757
f 757//757 739//739 758//758
f 757//757 758//758 759//759
f 759//759 758//758 760//760
f 759//759 760//760 761//761
f 761//761 760//760 762//762
f 761//761 762//762 763//763
f 763//763 762//762 764//764
f 763//763 764//764 765//765
f 765//765 764//764 766//766
f 765//765 766//766 767//767
f 767//767 766//766 768//768
f 767//767 768//768 769//769
f 769//769 768//768 770//770
f 769//769 770//770 771//771
f 771//771 770//770 772//772
f 771//771 772//772 773//773
f 182//182 737//737 547//547
f 547//547 737//737 774//774
f 547//547 774//774 546//546
f 546//546 774//774 775//775
f 546//546 775//775 545//545
f 545//545 775//775 776//776
f 545//545 776//776 544//544
f 544//544 776//776 777//777
f 544//544 777//777 543//543
f 543//543 777//777 778//778
f 543//543 778//778 542//542
f 542//542 778//778 779//779
f 542//542 779//779 541//541
f 541//541 779//779 780//780
f 541//541 780//780 540//540
f 540//540 780//780 781//781
f 540//540 781//781 539//539
f 560//560 453//453 548//548
f 560//560 548//548 559//559
f 559//559 548//548 782//782
f 558//558 783//783 556//556
f 556//556 783//783 784//784
f 556//556 784//784 554//554
f 785//785 561//561 786//786
f 784//784 561//561 552//552
f 784//784 552//552 554//554
f 755//755 785//785 756//756
f 756//756 785//785 786//786
f 772//772 784//784 773//773
f 773//773 784//784 783//783
f 781//781 782//782 539//539
f 539//539 782//782 548//548
f 787//787 602//602 581//581
f 561//561 788//788 562//562
f 562//562 788//788 789//789
f 581//581 572//572 787//787
f 787//787 572//572 567//567
f 787//787 567//567 789//789
f 789//789 567//567 563//563
f 789//789 563//563 562//562
f 597//597 602//602 790//790
f 790//790 602//602 787//787
f 791//791 787//787 792//792
f 792//792 787//787 789//789
f 793//793 789//789 794//794
f 794//794 789//789 788//788
f 795//795 586//586 588//588
f 796//796 797//797 798//798
f 799//799 800//800 801//801
f 802//802 795//795 588//588
f 802//802 588//588 803//803
f 803//803 588//588 590//590
f 590//590 592//592 803//803
f 803//803 592//592 594//594
f 803//803 594//594 804//804
f 804//804 594//594 596//596
f 804//804 596//596 805//805
f 805//805 596//596 597//597
f 805//805 597//597 790//790
f 799//799 801//801 806//806
f 806//806 801//801 807//807
f 806//806 807//807 808//808
f 808//808 807//807 809//809
f 808//808 809//809 810//810
f 810//810 809//809 811//811
f 810//810 811//811 812//812
f 812//812 811//811 791//791
f 812//812 791//791 792//792
f 796//796 798//798 813//813
f 813//813 798//798 814//814
f 813//813 815//815 816//816
f 816//816 815//815 817//817
f 816//816 817//817 818//818
f 818//818 817//817 819//819
f 818//818 819//819 820//820
f 820//820 819//819 793//793
f 820//820 793//793 794//794
f 584//584 586//586 821//821
f 821//821 586//586 795//795
f 822//822 800//800 823//823
f 823//823 800//800 799//799
f 824//824 797//797 825//825
f 825//825 797//797 796//796
f 582//582 584//584 826//826
f 826//826 584//584 821//821
f 827//827 822//822 828//828
f 828//828 822//822 823//823
f 829//829 824//824 830//830
f 830//830 824//824 825//825
f 831//831 832//832 833//833
f 833//833 832//832 834//834
f 833//833 834//834 835//835
f 831//831 627//627 836//836
f 836//836 627//627 618//618
f 836//836 618//618 617//617
f 837//837 838//838 839//839
f 839//839 838//838 840//840
f 839//839 840//840 841//841
f 841//841 840//840 842//842
f 841//841 842//842 834//834
f 834//834 842//842 843//843
f 834//834 843//843 835//835
f 837//837 839//839 844//844
f 844//844 839//839 845//845
f 844//844 845//845 846//846
f 846//846 845//845 847//847
f 846//846 847//847 848//848
f 848//848 847//847 849//849
f 848//848 849//849 850//850
f 850//850 849//849 851//851
f 850//850 851//851 852//852
f 852//852 851//851 853//853
f 852//852 853//853 854//854
f 853//853 855//855 854//854
f 854//854 855//855 856//856
f 854//854 856//856 857//857
f 857//857 856//856 858//858
f 859//859 860//860 861//861
f 861//861 860//860 862//862
f 861//861 862//862 863//863
f 863//863 862//862 864//864
f 863//863 864//864 865//865
f 865//865 864//864 866//866
f 865//865 866//866 867//867
f 867//867 866//866 868//868
f 867//867 868//868 869//869
f 869//869 868//868 870//870
f 869//869 870//870 871//871
f 871//871 870//870 872//872
f 871//871 872//872 873//873
f 873//873 872//872 874//874
f 873//873 874//874 858//858
f 858//858 874//874 875//875
f 858//858 875//875 857//857
f 859//859 876//876 860//860
f 860//860 876//876 877//877
f 860//860 877//877 878//878
f 877//877 879//879 878//878
f 878//878 879//879 880//880
f 878//878 880//880 881//881
f 881//881 880//880 882//882
f 881//881 882//882 883//883
f 883//883 882//882 884//884
f 883//883 884//884 885//885
f 885//885 884//884 886//886
f 885//885 886//886 887//887
f 887//887 886//886 888//888
f 887//887 888//888 889//889
f 889//889 888//888 890//890
f 889//889 890//890 891//891
f 890//890 892//892 891//891
f 891//891 892//892 893//893
f 891//891 893//893 894//894
f 894//894 893//893 895//895
f 896//896 897//897 898//898
f 898//898 897//897 899//899
f 898//898 899//899 900//900
f 900//900 899//899 901//901
f 900//900 901//901 902//902
f 902//902 901//901 903//903
f 902//902 903//903 904//904
f 904//904 903//903 905//905
f 904//904 905//905 906//906
f 906//906 905//905 907//907
f 906//906 907//907 908//908
f 908//908 907//907 909//909
f 908//908 909//909 910//910
f 910//910 909//909 911//911
f 910//910 911//911 912//912
f 912//912 911//911 913//913
f 912//912 913//913 895//895
f 895//895 913//913 914//914
f 895//895 914//914 894//894
f 915//915 916//916 917//917
f 918//918 919//919 920//920
f 920//920 919//919 921//921
f 920//920 921//921 915//915
f 916//916 922//922 917//917
f 917//917 922//922 923//923
f 917//917 923//923 924//924
f 896//896 898//898 924//924
f 924//924 898//898 925//925
f 924//924 925//925 917//917
f 926//926 927//927 928//928
f 928//928 927//927 929//929
f 928//928 929//929 930//930
f 931//931 932//932 933//933
f 933//933 932//932 934//934
f 933//933 934//934 935//935
f 935//935 934//934 936//936
f 935//935 936//936 937//937
f 937//937 936//936 938//938
f 937//937 938//938 939//939
f 939//939 938//938 940//940
f 939//939 940//940 941//941
f 941//941 940//940 942//942
f 941//941 942//942 832//832
f 832//832 942//942 943//943
f 832//832 943//943 834//834
f 915//915 917//917 944//944
f 944//944 917//917 945//945
f 944//944 945//945 946//946
f 946//946 945//945 947//947
f 946//946 947//947 948//948
f 947//947 949//949 950//950
f 950//950 949//949 951//951
f 950//950 951//951 952//952
f 952//952 951//951 930//930
f 952//952 930//930 953//953
f 953//953 930//930 929//929
f 632//632 630//630 954//954
f 628//628 627//627 831//831
f 630//630 629//629 955//955
f 632//632 956//956 631//631
f 628//628 831//831 957//957
f 957//957 831//831 833//833
f 957//957 833//833 958//958
f 958//958 833//833 835//835
f 958//958 835//835 959//959
f 959//959 835//835 843//843
f 959//959 843//843 960//960
f 960//960 843//843 842//842
f 960//960 842//842 961//961
f 961//961 842//842 840//840
f 961//961 840//840 962//962
f 630//630 955//955 954//954
f 954//954 955//955 963//963
f 954//954 963//963 964//964
f 964//964 963//963 965//965
f 964//964 965//965 966//966
f 966//966 965//965 967//967
f 966//966 967//967 968//968
f 968//968 967//967 969//969
f 968//968 969//969 970//970
f 970//970 969//969 971//971
f 970//970 971//971 972//972
f 631//631 956//956 973//973
f 973//973 956//956 974//974
f 973//973 974//974 975//975
f 975//975 974//974 976//976
f 975//975 976//976 977//977
f 977//977 976//976 978//978
f 977//977 978//978 979//979
f 979//979 978//978 980//980
f 979//979 980//980 981//981
f 981//981 980//980 982//982
f 981//981 982//982 983//983
f 984//984 725//725 985//985
f 985//985 725//725 723//723
f 985//985 723//723 986//986
f 986//986 723//723 721//721
f 986//986 721//721 987//987
f 977//977 721//721 719//719
f 977//977 719//719 975//975
f 975//975 719//719 718//718
f 975//975 718//718 973//973
f 973//973 718//718 189//189
f 973//973 189//189 631//631
f 734//734 729//729 984//984
f 984//984 729//729 727//727
f 984//984 727//727 725//725
f 838//838 837//837 988//988
f 988//988 837//837 989//989
f 990//990 991//991 992//992
f 992//992 991//991 993//993
f 994//994 995//995 996//996
f 996//996 995//995 997//997
f 998//998 997//997 999//999
f 999//999 997//997 995//995
f 1000//1000 993//993 1001//1001
f 1001//1001 993//993 991//991
f 1002//1002 989//989 844//844
f 844//844 989//989 837//837
f 840//840 838//838 962//962
f 962//962 838//838 988//988
f 971//971 990//990 972//972
f 972//972 990//990 992//992
f 982//982 994//994 983//983
f 983//983 994//994 996//996
f 984//984 1003//1003 734//734
f 734//734 1003//1003 1004//1004
f 734//734 1004//1004 732//732
f 732//732 1004//1004 1005//1005
f 732//732 1005//1005 730//730
f 731//731 730//730 1006//1006
f 1006//1006 730//730 1007//1007
f 1006//1006 1007//1007 1008//1008
f 1008//1008 1007//1007 1009//1009
f 1008//1008 1009//1009 1010//1010
f 1010//1010 1009//1009 1011//1011
f 1010//1010 1011//1011 1012//1012
f 1011//1011 1013//1013 1012//1012
f 1012//1012 1013//1013 1014//1014
f 1012//1012 1014//1014 1015//1015
f 1015//1015 1014//1014 1016//1016
f 1015//1015 1016//1016 1017//1017
f 1017//1017 1016//1016 1018//1018
f 1017//1017 1018//1018 1019//1019
f 1019//1019 1018//1018 1020//1020
f 1019//1019 1020//1020 1021//1021
f 1021//1021 1020//1020 1022//1022
f 1021//1021 1022//1022 1023//1023
f 1023//1023 1022//1022 1024//1024
f 1023//1023 1024//1024 1025//1025
f 1025//1025 1024//1024 1026//1026
f 1025//1025 1026//1026 1027//1027
f 1027//1027 1026//1026 1028//1028
f 1027//1027 1028//1028 1029//1029
f 1029//1029 1028//1028 1030//1030
f 1029//1029 1030//1030 1031//1031
f 1031//1031 1030//1030 1032//1032
f 1031//1031 1032//1032 1033//1033
f 1032//1032 1034//1034 1033//1033
f 1033//1033 1034//1034 1035//1035
f 1033//1033 1035//1035 1036//1036
f 1036//1036 1035//1035 1037//1037
f 1036//1036 1037//1037 1038//1038
f 1038//1038 1037//1037 1039//1039
f 1038//1038 1039//1039 1040//1040
f 1040//1040 1039//1039 1041//1041
f 1040//1040 1041//1041 1042//1042
f 1042//1042 1041//1041 1043//1043
f 1042//1042 1043//1043 1044//1044
f 1044//1044 1043//1043 1045//1045
f 1044//1044 1045//1045 1046//1046
f 1046//1046 1045//1045 1047//1047
f 1046//1046 1047//1047 1048//1048
f 1048//1048 1047//1047 1049//1049
f 1048//1048 1049//1049 1050//1050
f 1050//1050 1049//1049 1051//1051
f 1050//1050 1051//1051 1052//1052
f 1052//1052 1051//1051 1053//1053
f 1052//1052 1053//1053 1054//1054
f 1053//1053 1055//1055 1054//1054
f 1054//1054 1055//1055 1056//1056
f 1054//1054 1056//1056 1057//1057
f 1057//1057 1056//1056 1058//1058
f 1057//1057 1058//1058 1059//1059
f 1059//1059 1058//1058 1060//1060
f 1059//1059 1060//1060 1061//1061
f 1061//1061 1060//1060 1062//1062
f 1061//1061 1062//1062 1063//1063
f 1063//1063 1062//1062 1064//1064
f 1063//1063 1064//1064 1065//1065
f 1065//1065 1064//1064 1066//1066
f 1065//1065 1066//1066 1067//1067
f 1067//1067 1066//1066 1068//1068
f 854//854 857//857 1069//1069
f 903//903 901//901 1070//1070
f 1071//1071 1072//1072 1073//1073
f 1009//1009 1007//1007 1074//1074
f 1013//1013 1011//1011 1075//1075
f 1018//1018 1016//1016 1076//1076
f 1051//1051 1049//1049 1077//1077
f 1060//1060 1058//1058 1078//1078
f 1060//1060 1078//1078 1062//1062
f 1072//1072 1056//1056 1055//1055
f 1072//1072 1055//1055 1073//1073
f 1073//1073 1055//1055 1053//1053
f 1073//1073 1053//1053 1051//1051
f 1039//1039 1079//1079 1041//1041
f 1041//1041 1079//1079 1080//1080
f 1041//1041 1080//1080 1043//1043
f 1043//1043 1080//1080 1081//1081
f 1043//1043 1081//1081 1045//1045
f 1030//1030 1082//1082 1083//1083
f 1039//1039 1037//1037 1079//1079
f 1079//1079 1037//1037 1035//1035
f 1079//1079 1035//1035 1084//1084
f 1085//1085 1035//1035 1034//1034
f 1085//1085 1034//1034 1083//1083
f 1083//1083 1034//1034 1032//1032
f 1083//1083 1032//1032 1030//1030
f 1024//1024 1086//1086 1026//1026
f 1026//1026 1086//1086 1087//1087
f 1026//1026 1087//1087 1028//1028
f 1028//1028 1087//1087 1030//1030
f 1018//1018 1076//1076 1020//1020
f 1058//1058 1056//1056 1078//1078
f 1078//1078 1056//1056 1072//1072
f 1088//1088 1072//1072 1089//1089
f 1089//1089 1072//1072 1071//1071
f 1090//1090 1091//1091 1092//1092
f 1093//1093 1094//1094 1082//1082
f 1082//1082 1094//1094 1095//1095
f 1082//1082 1095//1095 1083//1083
f 1083//1083 1095//1095 1096//1096
f 1083//1083 1096//1096 1085//1085
f 1085//1085 1096//1096 1097//1097
f 1085//1085 1097//1097 1098//1098
f 1098//1098 1097//1097 1099//1099
f 1098//1098 1099//1099 1101//1101
f 1080//1080 1100//1100 1102//1102
f 1080//1080 1102//1102 1081//1081
f 1103//1103 1104//1104 1105//1105
f 1106//1106 1104//1104 1107//1107
f 1107//1107 1104//1104 1103//1103
f 1108//1108 1109//1109 1077//1077
f 1049//1049 1047//1047 1110//1110
f 1110//1110 1047//1047 1111//1111
f 1077//1077 1112//1112 1108//1108
f 1108//1108 1112//1112 1113//1113
f 1107//1107 1114//1114 1106//1106
f 1106//1106 1114//1114 1115//1115
f 1116//1116 1117//1117 1118//1118
f 1118//1118 1117//1117 1119//1119
f 1118//1118 1119//1119 1120//1120
f 1120//1120 1119//1119 1121//1121
f 1120//1120 1121//1121 1122//1122
f 1122//1122 1121//1121 1123//1123
f 1122//1122 1123//1123 1124//1124
f 1124//1124 1123//1123 1125//1125
f 1124//1124 1125//1125 1126//1126
f 1127//1127 1128//1128 1129//1129
f 1130//1130 1128//1128 1131//1131
f 1131//1131 1128//1128 1127//1127
f 1132//1132 1133//1133 1134//1134
f 1024//1024 1022//1022 1134//1134
f 1134//1134 1022//1022 1135//1135
f 1134//1134 1135//1135 1132//1132
f 1132//1132 1135//1135 1136//1136
f 1131//1131 1137//1137 1130//1130
f 1130//1130 1137//1137 1138//1138
f 1007//1007 730//730 1139//1139
f 1139//1139 730//730 1005//1005
f 1074//1074 998//998 1140//1140
f 1140//1140 998//998 999//999
f 1141//1141 1000//1000 1142//1142
f 1142//1142 1000//1000 1001//1001
f 905//905 903//903 1143//1143
f 1143//1143 903//903 1070//1070
f 1144//1144 1145//1145 1146//1146
f 1146//1146 1145//1145 1147//1147
f 1148//1148 1149//1149 1150//1150
f 1150//1150 1149//1149 1151//1151
f 1150//1150 1152//1152 1066//1066
f 1066//1066 1152//1152 1068//1068
f 1066//1066 1064//1064 1150//1150
f 1150//1150 1064//1064 1153//1153
f 1150//1150 1153//1153 1148//1148
f 1148//1148 1153//1153 1154//1154
f 1146//1146 1155//1155 1144//1144
f 1144//1144 1155//1155 1156//1156
f 1143//1143 1157//1157 905//905
f 905//905 1157//1157 907//907
f 1064//1064 1062//1062 1158//1158
f 1158//1158 1062//1062 1078//1078
f 1153//1153 1088//1088 1154//1154
f 1154//1154 1088//1088 1089//1089
f 1155//1155 1090//1090 1156//1156
f 1156//1156 1090//1090 1092//1092
f 1157//1157 1159//1159 907//907
f 907//907 1159//1159 909//909
f 1051//1051 1077//1077 1073//1073
f 1073//1073 1077//1077 1109//1109
f 1073//1073 1109//1109 1071//1071
f 1091//1091 1103//1103 1105//1105
f 1091//1091 1105//1105 1092//1092
f 1159//1159 1160//1160 911//911
f 1159//1159 911//911 909//909
f 887//887 889//889 1161//1161
f 1161//1161 889//889 891//891
f 1161//1161 891//891 1162//1162
f 1162//1162 891//891 894//894
f 1162//1162 894//894 1163//1163
f 1163//1163 894//894 914//914
f 1163//1163 914//914 1160//1160
f 1160//1160 914//914 913//913
f 1160//1160 913//913 911//911
f 1047//1047 1045//1045 1111//1111
f 1111//1111 1045//1045 1081//1081
f 1112//1112 1081//1081 1113//1113
f 1113//1113 1081//1081 1102//1102
f 1114//1114 1126//1126 1115//1115
f 1115//1115 1126//1126 1125//1125
f 1161//1161 1164//1164 887//887
f 887//887 1164//1164 885//885
f 885//885 1164//1164 883//883
f 883//883 1164//1164 1165//1165
f 883//883 1165//1165 881//881
f 881//881 1165//1165 1166//1166
f 881//881 1166//1166 878//878
f 878//878 1166//1166 1167//1167
f 878//878 1167//1167 860//860
f 860//860 1167//1167 1168//1168
f 860//860 1168//1168 862//862
f 1024//1024 1134//1134 1086//1086
f 1093//1093 1134//1134 1133//1133
f 1093//1093 1133//1133 1094//1094
f 1116//1116 1127//1127 1129//1129
f 1116//1116 1129//1129 1117//1117
f 1168//1168 1169//1169 864//864
f 1168//1168 864//864 862//862
f 875//875 874//874 1170//1170
f 1170//1170 874//874 872//872
f 1170//1170 872//872 1171//1171
f 1171//1171 872//872 870//870
f 1171//1171 870//870 1172//1172
f 1172//1172 870//870 868//868
f 1172//1172 868//868 1169//1169
f 1169//1169 868//868 866//866
f 1169//1169 866//866 864//864
f 1022//1022 1020//1020 1173//1173
f 1173//1173 1020//1020 1076//1076
f 1135//1135 1174//1174 1136//1136
f 1136//1136 1174//1174 1175//1175
f 1137//1137 1176//1176 1138//1138
f 1138//1138 1176//1176 1177//1177
f 1170//1170 1069//1069 875//875
f 875//875 1069//1069 857//857
f 852//852 854//854 1178//1178
f 1178//1178 854//854 1069//1069
f 1179//1179 1177//1177 1180//1180
f 1180//1180 1177//1177 1176//1176
f 1181//1181 1175//1175 1182//1182
f 1182//1182 1175//1175 1174//1174
f 1183//1183 1076//1076 1014//1014
f 1014//1014 1076//1076 1016//1016
f 1014//1014 1013//1013 1182//1182
f 1182//1182 1013//1013 1075//1075
f 1182//1182 1075//1075 1181//1181
f 1181//1181 1075//1075 1184//1184
f 1180//1180 1185//1185 1179//1179
f 1179//1179 1185//1185 1186//1186
f 1178//1178 1187//1187 852//852
f 852//852 1187//1187 850//850
f 1011//1011 1009//1009 1075//1075
f 1075//1075 1009//1009 1074//1074
f 1075//1075 1074//1074 1184//1184
f 1184//1184 1074//1074 1140//1140
f 1185//1185 1141//1141 1186//1186
f 1186//1186 1141//1141 1142//1142
f 1187//1187 1188//1188 850//850
f 850//850 1188//1188 848//848
f 1002//1002 844//844 1188//1188
f 1188//1188 844//844 846//846
f 1188//1188 846//846 848//848
f 1189//1189 1190//1190 1191//1191
f 1192//1192 1193//1193 1194//1194
f 634//634 190//190 717//717
f 637//637 634//634 1195//1195
f 640//640 637//637 1196//1196
f 643//643 640//640 1197//1197
f 634//634 717//717 1195//1195
f 1195//1195 717//717 720//720
f 1195//1195 720//720 1198//1198
f 1198//1198 720//720 722//722
f 1198//1198 722//722 1199//1199
f 1199//1199 722//722 724//724
f 1199//1199 724//724 1200//1200
f 1200//1200 724//724 726//726
f 1200//1200 726//726 1201//1201
f 1201//1201 726//726 728//728
f 1201//1201 728//728 1202//1202
f 1202//1202 728//728 736//736
f 1202//1202 736//736 1203//1203
f 736//736 735//735 1203//1203
f 1203//1203 735//735 733//733
f 1203//1203 733//733 1204//1204
f 1204//1204 733//733 731//731
f 1204//1204 731//731 1205//1205
f 637//637 1195//1195 1196//1196
f 1196//1196 1195//1195 1198//1198
f 1196//1196 1198//1198 1206//1206
f 1206//1206 1198//1198 1199//1199
f 1206//1206 1199//1199 1207//1207
f 1207//1207 1199//1199 1200//1200
f 1207//1207 1200//1200 1208//1208
f 1208//1208 1200//1200 1201//1201
f 1208//1208 1201//1201 1209//1209
f 1209//1209 1201//1201 1210//1210
f 1209//1209 1210//1210 1211//1211
f 1211//1211 1210//1210 1203//1203
f 1211//1211 1203//1203 1212//1212
f 1212//1212 1203//1203 1204//1204
f 1212//1212 1204//1204 1194//1194
f 1194//1194 1204//1204 1205//1205
f 1194//1194 1205//1205 1192//1192
f 640//640 1196//1196 1197//1197
f 1197//1197 1196//1196 1206//1206
f 1197//1197 1206//1206 1213//1213
f 1213//1213 1206//1206 1207//1207
f 1213//1213 1207//1207 1214//1214
f 1214//1214 1207//1207 1208//1208
f 1214//1214 1208//1208 1215//1215
f 1215//1215 1208//1208 1209//1209
f 1215//1215 1209//1209 1216//1216
f 1216//1216 1209//1209 1211//1211
f 1216//1216 1211//1211 1217//1217
f 1217//1217 1211//1211 1212//1212
f 1217//1217 1212//1212 1218//1218
f 1218//1218 1212//1212 1194//1194
f 1218//1218 1194//1194 1191//1191
f 1191//1191 1194//1194 1193//1193
f 1191//1191 1193//1193 1189//1189
f 643//643 1197//1197 1219//1219
f 1219//1219 1197//1197 1213//1213
f 1219//1219 1213//1213 1220//1220
f 1220//1220 1213//1213 1214//1214
f 1220//1220 1214//1214 1221//1221
f 1221//1221 1214//1214 1215//1215
f 1221//1221 1215//1215 1222//1222
f 1222//1222 1215//1215 1216//1216
f 1222//1222 1216//1216 1223//1223
f 1223//1223 1216//1216 1217//1217
f 1223//1223 1217//1217 1224//1224
f 1224//1224 1217//1217 1218//1218
f 1224//1224 1218//1218 1225//1225
f 1225//1225 1218//1218 1191//1191
f 1225//1225 1191//1191 1226//1226
f 1226//1226 1191//1191 1190//1190
f 1226//1226 1190//1190 1227//1227
f 1228//1228 1229//1229 1230//1230
f 1221//1221 1222//1222 1231//1231
f 1231//1231 1222//1222 1223//1223
f 1231//1231 1223//1223 1224//1224
f 1224//1224 1225//1225 1231//1231
f 1231//1231 1225//1225 1226//1226
f 1231//1231 1226//1226 1232//1232
f 1232//1232 1226//1226 1227//1227
f 1232//1232 1227//1227 1233//1233
f 1219//1219 663//663 643//643
f 643//643 663//663 665//665
f 643//643 665//665 642//642
f 642//642 665//665 666//666
f 642//642 666//666 529//529
f 1234//1234 659//659 1235//1235
f 1235//1235 659//659 661//661
f 1235//1235 661//661 1236//1236
f 1236//1236 661//661 663//663
f 1236//1236 663//663 1237//1237
f 1237//1237 663//663 1219//1219
f 1237//1237 1219//1219 1231//1231
f 1231//1231 1219//1219 1220//1220
f 1231//1231 1220//1220 1221//1221
f 1238//1238 654//654 1239//1239
f 1239//1239 654//654 656//656
f 1239//1239 656//656 1234//1234
f 1234//1234 656//656 657//657
f 1234//1234 657//657 659//659
f 1240//1240 644//644 1241//1241
f 1241//1241 644//644 647//647
f 1241//1241 647//647 1242//1242
f 1242//1242 647//647 649//649
f 1242//1242 649//649 1243//1243
f 1243//1243 649//649 651//651
f 1243//1243 651//651 1238//1238
f 1238//1238 651//651 652//652
f 1238//1238 652//652 654//654
f 1244//1244 1245//1245 1246//1246
f 1244//1244 1246//1246 1247//1247
f 1247//1247 1246//1246 1248//1248
f 1247//1247 1248//1248 1249//1249
f 1249//1249 1248//1248 1250//1250
f 1249//1249 1250//1250 1251//1251
f 1251//1251 1250//1250 1252//1252
f 1251//1251 1252//1252 1253//1253
f 1253//1253 1252//1252 1254//1254
f 1254//1254 1252//1252 1255//1255
f 1254//1254 1255//1255 1256//1256
f 1256//1256 1255//1255 1257//1257
f 1257//1257 1255//1255 1258//1258
f 1257//1257 1258//1258 1259//1259
f 1259//1259 1258//1258 1260//1260
f 1259//1259 1260//1260 1261//1261
f 1261//1261 1260//1260 1262//1262
f 1262//1262 1260//1260 1263//1263
f 1262//1262 1263//1263 1264//1264
f 1264//1264 1265//1265 1262//1262
f 1262//1262 1265//1265 1266//1266
f 1262//1262 1266//1266 1267//1267
f 1229//1229 1228//1228 1267//1267
f 1267//1267 1228//1228 1268//1268
f 1267//1267 1268//1268 1262//1262
f 1269//1269 1270//1270 1265//1265
f 1265//1265 1270//1270 1271//1271
f 1265//1265 1271//1271 1272//1272
f 1272//1272 1273//1273 1265//1265
f 1265//1265 1273//1273 1274//1274
f 1265//1265 1274//1274 1266//1266
f 1275//1275 1276//1276 1277//1277
f 1277//1277 1276//1276 1278//1278
f 1277//1277 1278//1278 1279//1279
f 1279//1279 1278//1278 1280//1280
f 1279//1279 1280//1280 1265//1265
f 1265//1265 1280//1280 1281//1281
f 1265//1265 1281//1281 1269//1269
f 1282//1282 1283//1283 1284//1284
f 1284//1284 1283//1283 1285//1285
f 1284//1284 1285//1285 1286//1286
f 1286//1286 1285//1285 1287//1287
f 1286//1286 1287//1287 1275//1275
f 1275//1275 1287//1287 1288//1288
f 1275//1275 1288//1288 1276//1276
f 1289//1289 1290//1290 1291//1291
f 1291//1291 1290//1290 1292//1292
f 1291//1291 1292//1292 1293//1293
f 1293//1293 1292//1292 1294//1294
f 1293//1293 1294//1294 1295//1295
f 1295//1295 1294//1294 1296//1296
f 1295//1295 1296//1296 1297//1297
f 1297//1297 1296//1296 1298//1298
f 1297//1297 1298//1298 1299//1299
f 1299//1299 1298//1298 1300//1300
f 1299//1299 1300//1300 1301//1301
f 1301//1301 1300//1300 1302//1302
f 1301//1301 1302//1302 1282//1282
f 1282//1282 1302//1302 1303//1303
f 1282//1282 1303//1303 1283//1283
f 1304//1304 1305//1305 1306//1306
f 1306//1306 1305//1305 1307//1307
f 1306//1306 1307//1307 1308//1308
f 1308//1308 1307//1307 1309//1309
f 1308//1308 1309//1309 1310//1310
f 1310//1310 1309//1309 1311//1311
f 1310//1310 1311//1311 1312//1312
f 1312//1312 1311//1311 1313//1313
f 1312//1312 1313//1313 1314//1314
f 1314//1314 1313//1313 1315//1315
f 1314//1314 1315//1315 1316//1316
f 1316//1316 1315//1315 1317//1317
f 1316//1316 1317//1317 1318//1318
f 1318//1318 1317//1317 1319//1319
f 1318//1318 1319//1319 1320//1320
f 1320//1320 1319//1319 1321//1321
f 1320//1320 1321//1321 1322//1322
f 1322//1322 1321//1321 1323//1323
f 1322//1322 1323//1323 1324//1324
f 1324//1324 1323//1323 1325//1325
f 1324//1324 1325//1325 1289//1289
f 1289//1289 1325//1325 1326//1326
f 1289//1289 1326//1326 1290//1290
f 1327//1327 1328//1328 1329//1329
f 1329//1329 1328//1328 1330//1330
f 1329//1329 1330//1330 1331//1331
f 1331//1331 1330//1330 1332//1332
f 1331//1331 1332//1332 1333//1333
f 1333//1333 1332//1332 1334//1334
f 1333//1333 1334//1334 1335//1335
f 1335//1335 1334//1334 1336//1336
f 1335//1335 1336//1336 1337//1337
f 1337//1337 1336//1336 1338//1338
f 1337//1337 1338//1338 1339//1339
f 1339//1339 1338//1338 1340//1340
f 1339//1339 1340//1340 1304//1304
f 1304//1304 1340//1340 1341//1341
f 1304//1304 1341//1341 1305//1305
f 1227//1227 1342//1342 1233//1233
f 1233//1233 1342//1342 1343//1343
f 1233//1233 1343//1343 1344//1344
f 1344//1344 1343//1343 1345//1345
f 1344//1344 1345//1345 1346//1346
f 1346//1346 1345//1345 1347//1347
f 1346//1346 1347//1347 1327//1327
f 1327//1327 1347//1347 1348//1348
f 1327//1327 1348//1348 1328//1328
f 1280//1280 1278//1278 1349//1349
f 1349//1349 1278//1278 1350//1350
f 1349//1349 1350//1350 1351//1351
f 1351//1351 1350//1350 1352//1352
f 1353//1353 1354//1354 1355//1355
f 1355//1355 1354//1354 1352//1352
f 1065//1065 1067//1067 1353//1353
f 1278//1278 1276//1276 1356//1356
f 1356//1356 1276//1276 1288//1288
f 1356//1356 1288//1288 1357//1357
f 1357//1357 1288//1288 1287//1287
f 1357//1357 1287//1287 1358//1358
f 1287//1287 1285//1285 1358//1358
f 1359//1359 1285//1285 1283//1283
f 1359//1359 1283//1283 1360//1360
f 1360//1360 1283//1283 1303//1303
f 1360//1360 1303//1303 1361//1361
f 1303//1303 1302//1302 1361//1361
f 1362//1362 1302//1302 1300//1300
f 1362//1362 1300//1300 1363//1363
f 1363//1363 1300//1300 1298//1298
f 1363//1363 1298//1298 1364//1364
f 1364//1364 1298//1298 1296//1296
f 1364//1364 1296//1296 1365//1365
f 1365//1365 1296//1296 1294//1294
f 1365//1365 1294//1294 1366//1366
f 1366//1366 1294//1294 1292//1292
f 1366//1366 1292//1292 1367//1367
f 1292//1292 1290//1290 1368//1368
f 1368//1368 1290//1290 1326//1326
f 1368//1368 1326//1326 1369//1369
f 1369//1369 1326//1326 1325//1325
f 1369//1369 1325//1325 1370//1370
f 1325//1325 1323//1323 1370//1370
f 1371//1371 1323//1323 1321//1321
f 1371//1371 1321//1321 1372//1372
f 1372//1372 1321//1321 1319//1319
f 1372//1372 1319//1319 1373//1373
f 1373//1373 1319//1319 1317//1317
f 1373//1373 1317//1317 1374//1374
f 1374//1374 1317//1317 1315//1315
f 1374//1374 1315//1315 1375//1375
f 1375//1375 1315//1315 1313//1313
f 1375//1375 1313//1313 1376//1376
f 1376//1376 1313//1313 1311//1311
f 1376//1376 1311//1311 1377//1377
f 1377//1377 1311//1311 1309//1309
f 1377//1377 1309//1309 1378//1378
f 1309//1309 1307//1307 1378//1378
f 1379//1379 1307//1307 1305//1305
f 1379//1379 1305//1305 1380//1380
f 1380//1380 1305//1305 1341//1341
f 1380//1380 1341//1341 1381//1381
f 1341//1341 1340//1340 1381//1381
f 1382//1382 1340//1340 1338//1338
f 1382//1382 1338//1338 1383//1383
f 1383//1383 1338//1338 1336//1336
f 1383//1383 1336//1336 1384//1384
f 1384//1384 1336//1336 1334//1334
f 1384//1384 1334//1334 1385//1385
f 1385//1385 1334//1334 1332//1332
f 1385//1385 1332//1332 1386//1386
f 1386//1386 1332//1332 1330//1330
f 1386//1386 1330//1330 1387//1387
f 1330//1330 1328//1328 1388//1388
f 1388//1388 1328//1328 1348//1348
f 1388//1388 1348//1348 1389//1389
f 1389//1389 1348//1348 1347//1347
f 1389//1389 1347//1347 1390//1390
f 1347//1347 1345//1345 1390//1390
f 1391//1391 1345//1345 1343//1343
f 1391//1391 1343//1343 1392//1392
f 1352//1352 1350//1350 1355//1355
f 1355//1355 1350//1350 1357//1357
f 1355//1355 1357//1357 1393//1393
f 1393//1393 1357//1357 1358//1358
f 1393//1393 1358//1358 1394//1394
f 1394//1394 1358//1358 1360//1360
f 1394//1394 1360//1360 1395//1395
f 1395//1395 1360//1360 1361//1361
f 1395//1395 1361//1361 1396//1396
f 1396//1396 1361//1361 1397//1397
f 1396//1396 1397//1397 1398//1398
f 1398//1398 1397//1397 1399//1399
f 1398//1398 1399//1399 1400//1400
f 1400//1400 1399//1399 1401//1401
f 1400//1400 1401//1401 1402//1402
f 1402//1402 1401//1401 1366//1366
f 1402//1402 1366//1366 1403//1403
f 1403//1403 1366//1366 1367//1367
f 1403//1403 1367//1367 1404//1404
f 1404//1404 1367//1367 1369//1369
f 1404//1404 1369//1369 1405//1405
f 1405//1405 1369//1369 1370//1370
f 1405//1405 1370//1370 1406//1406
f 1406//1406 1370//1370 1407//1407
f 1406//1406 1407//1407 1408//1408
f 1408//1408 1407//1407 1409//1409
f 1408//1408 1409//1409 1410//1410
f 1410//1410 1409//1409 1411//1411
f 1410//1410 1411//1411 1412//1412
f 1412//1412 1411//1411 1413//1413
f 1412//1412 1413//1413 1414//1414
f 1414//1414 1413//1413 1415//1415
f 1414//1414 1415//1415 1416//1416
f 1416//1416 1415//1415 1377//1377
f 1416//1416 1377//1377 1417//1417
f 1417//1417 1377//1377 1378//1378
f 1417//1417 1378//1378 1418//1418
f 1418//1418 1378//1378 1380//1380
f 1418//1418 1380//1380 1419//1419
f 1419//1419 1380//1380 1381//1381
f 1419//1419 1381//1381 1420//1420
f 1420//1420 1381//1381 1421//1421
f 1420//1420 1421//1421 1422//1422
f 1422//1422 1421//1421 1423//1423
f 1422//1422 1423//1423 1424//1424
f 1424//1424 1423//1423 1425//1425
f 1424//1424 1425//1425 1426//1426
f 1426//1426 1425//1425 1386//1386
f 1426//1426 1386//1386 1427//1427
f 1427//1427 1386//1386 1387//1387
f 1427//1427 1387//1387 1428//1428
f 1428//1428 1387//1387 1389//1389
f 1428//1428 1389//1389 1429//1429
f 1429//1429 1389//1389 1390//1390
f 1429//1429 1390//1390 1430//1430
f 1430//1430 1390//1390 1392//1392
f 1430//1430 1392//1392 1431//1431
f 1343//1343 1342//1342 1392//1392
f 1392//1392 1342//1342 1227//1227
f 1392//1392 1227//1227 1190//1190
f 1190//1190 1189//1189 1392//1392
f 1392//1392 1189//1189 1193//1193
f 1392//1392 1193//1193 1431//1431
f 1431//1431 1193//1193 1192//1192
f 1432//1432 1192//1192 1205//1205
f 1353//1353 1355//1355 1065//1065
f 1065//1065 1355//1355 1433//1433
f 1065//1065 1433//1433 1063//1063
f 1063//1063 1433//1433 1434//1434
f 1063//1063 1434//1434 1061//1061
f 1061//1061 1434//1434 1435//1435
f 1061//1061 1435//1435 1059//1059
f 1059//1059 1435//1435 1436//1436
f 1059//1059 1436//1436 1057//1057
f 1057//1057 1436//1436 1437//1437
f 1057//1057 1437//1437 1054//1054
f 1054//1054 1437//1437 1438//1438
f 1054//1054 1438//1438 1052//1052
f 1052//1052 1438//1438 1439//1439
f 1052//1052 1439//1439 1050//1050
f 1050//1050 1439//1439 1440//1440
f 1050//1050 1440//1440 1048//1048
f 1048//1048 1440//1440 1441//1441
f 1048//1048 1441//1441 1046//1046
f 1046//1046 1441//1441 1442//1442
f 1046//1046 1442//1442 1044//1044
f 1044//1044 1442//1442 1443//1443
f 1044//1044 1443//1443 1042//1042
f 1042//1042 1443//1443 1444//1444
f 1042//1042 1444//1444 1040//1040
f 1040//1040 1444//1444 1445//1445
f 1040//1040 1445//1445 1038//1038
f 1038//1038 1445//1445 1446//1446
f 1038//1038 1446//1446 1036//1036
f 1036//1036 1446//1446 1447//1447
f 1036//1036 1447//1447 1033//1033
f 1033//1033 1447//1447 1448//1448
f 1033//1033 1448//1448 1031//1031
f 1031//1031 1448//1448 1449//1449
f 1031//1031 1449//1449 1029//1029
f 1029//1029 1449//1449 1450//1450
f 1029//1029 1450//1450 1027//1027
f 1027//1027 1450//1450 1451//1451
f 1027//1027 1451//1451 1025//1025
f 1025//1025 1451//1451 1452//1452
f 1025//1025 1452//1452 1023//1023
f 1023//1023 1452//1452 1453//1453
f 1023//1023 1453//1453 1021//1021
f 1021//1021 1453//1453 1454//1454
f 1021//1021 1454//1454 1019//1019
f 1019//1019 1454//1454 1455//1455
f 1019//1019 1455//1455 1017//1017
f 1017//1017 1455//1455 1456//1456
f 1017//1017 1456//1456 1015//1015
f 1015//1015 1456//1456 1457//1457
f 1015//1015 1457//1457 1012//1012
f 1012//1012 1457//1457 1458//1458
f 1012//1012 1458//1458 1010//1010
f 1010//1010 1458//1458 1459//1459
f 1010//1010 1459//1459 1008//1008
f 1008//1008 1459//1459 1432//1432
f 1008//1008 1432//1432 1006//1006
f 1006//1006 1432//1432 1205//1205
f 1006//1006 1205//1205 731//731
f 585//585 583//583 1460//1460
f 1460//1460 583//583 1461//1461
f 1462//1462 1463//1463 1464//1464
f 1464//1464 1463//1463 1465//1465
f 1466//1466 1467//1467 1468//1468
f 1468//1468 1467//1467 1469//1469
f 1470//1470 1471//1471 1472//1472
f 1472//1472 1471//1471 1473//1473
f 587//587 585//585 1474//1474
f 1474//1474 585//585 1460//1460
f 1475//1475 1462//1462 1476//1476
f 1476//1476 1462//1462 1464//1464
f 1477//1477 1466//1466 1478//1478
f 1478//1478 1466//1466 1468//1468
f 1479//1479 1470//1470 1480//1480
f 1480//1480 1470//1470 1472//1472
f 1481//1481 608//608 1482//1482
f 1481//1481 1482//1482 1483//1483
f 1485//1485 1487//1487 1488//1488
f 1488//1488 1487//1487 1489//1489
f 1488//1488 1489//1489 1484//1484
f 1490//1490 1491//1491 1492//1492
f 1492//1492 1491//1491 1493//1493
f 1492//1492 1493//1493 1494//1494
f 1495//1495 1496//1496 1492//1492
f 1492//1492 1496//1496 1497//1497
f 1492//1492 1497//1497 1490//1490
f 1494//1494 1498//1498 1492//1492
f 1492//1492 1498//1498 1499//1499
f 1492//1492 1499//1499 1495//1495
f 1495//1495 1499//1499 1500//1500
f 1498//1498 1485//1485 1499//1499
f 1499//1499 1485//1485 1501//1501
f 1499//1499 1502//1502 1500//1500
f 1500//1500 1502//1502 1503//1503
f 1500//1500 1503//1503 1504//1504
f 1504//1504 1503//1503 1506//1506
f 1504//1504 1506//1506 1507//1507
f 1507//1507 1506//1506 1508//1508
f 1507//1507 1508//1508 1509//1509
f 1509//1509 1508//1508 1479//1479
f 1509//1509 1479//1479 1480//1480
f 1485//1485 1488//1488 1501//1501
f 1501//1501 1488//1488 1510//1510
f 1501//1501 1510//1510 1511//1511
f 1511//1511 1510//1510 1512//1512
f 1511//1511 1512//1512 1505//1505
f 1505//1505 1512//1512 1513//1513
f 1505//1505 1513//1513 1514//1514
f 1514//1514 1513//1513 1477//1477
f 1514//1514 1477//1477 1478//1478
f 1483//1483 1482//1482 1515//1515
f 1515//1515 1482//1482 1516//1516
f 1515//1515 1516//1516 1517//1517
f 1517//1517 1516//1516 1518//1518
f 1517//1517 1518//1518 1519//1519
f 1519//1519 1518//1518 1520//1520
f 1519//1519 1520//1520 1521//1521
f 1521//1521 1520//1520 1475//1475
f 1521//1521 1475//1475 1476//1476
f 601//601 598//598 608//608
f 608//608 598//598 595//595
f 608//608 595//595 1482//1482
f 1522//1522 595//595 593//593
f 1522//1522 593//593 1523//1523
f 1523//1523 593//593 591//591
f 1523//1523 591//591 1524//1524
f 1524//1524 591//591 589//589
f 1524//1524 589//589 1525//1525
f 1525//1525 589//589 587//587
f 1525//1525 587//587 1474//1474
f 1526//1526 1527//1527 1528//1528
f 1528//1528 1527//1527 1529//1529
f 1528//1528 1529//1529 1530//1530
f 1530//1530 1531//1531 1528//1528
f 1528//1528 1531//1531 1532//1532
f 1528//1528 1532//1532 1533//1533
f 238//238 237//237 1534//1534
f 1534//1534 237//237 1535//1535
f 1534//1534 1535//1535 1536//1536
f 1536//1536 1535//1535 1537//1537
f 1538//1538 1539//1539 1540//1540
f 1540//1540 1539//1539 1541//1541
f 1540//1540 1541//1541 1542//1542
f 1542//1542 1541//1541 1543//1543
f 1542//1542 1543//1543 1537//1537
f 1537//1537 1543//1543 1544//1544
f 1537//1537 1544//1544 1536//1536
f 1529//1529 1527//1527 1545//1545
f 1545//1545 1527//1527 1546//1546
f 1545//1545 1546//1546 1547//1547
f 1547//1547 1546//1546 1548//1548
f 1547//1547 1548//1548 1538//1538
f 1538//1538 1548//1548 1549//1549
f 1538//1538 1549//1549 1539//1539
f 1550//1550 1551//1551 1552//1552
f 1553//1553 1554//1554 1555//1555
f 743//743 741//741 1554//1554
f 1555//1555 1554//1554 1556//1556
f 1557//1557 1558//1558 1559//1559
f 1559//1559 1558//1558 1560//1560
f 1559//1559 1560//1560 1561//1561
f 1240//1240 1562//1562 1554//1554
f 1554//1554 1562//1562 1563//1563
f 1554//1554 1563//1563 1556//1556
f 1556//1556 1563//1563 1564//1564
f 1556//1556 1564//1564 1555//1555
f 1555//1555 1564//1564 1565//1565
f 1555//1555 1565//1565 1566//1566
f 1554//1554 741//741 1240//1240
f 1240//1240 741//741 738//738
f 1240//1240 738//738 644//644
f 753//753 751//751 1553//1553
f 751//751 749//749 1553//1553
f 1553//1553 749//749 747//747
f 1553//1553 747//747 1554//1554
f 1554//1554 747//747 745//745
f 1554//1554 745//745 743//743
f 785//785 755//755 1567//1567
f 825//825 796//796 1568//1568
f 1568//1568 796//796 813//813
f 1568//1568 813//813 816//816
f 830//830 825//825 1569//1569
f 1570//1570 1571//1571 1572//1572
f 1572//1572 1571//1571 1573//1573
f 1573//1573 1574//1574 1572//1572
f 1572//1572 1574//1574 1575//1575
f 1572//1572 1575//1575 830//830
f 1576//1576 1577//1577 1572//1572
f 1572//1572 1577//1577 1578//1578
f 1572//1572 1578//1578 1570//1570
f 830//830 1569//1569 1572//1572
f 1572//1572 1569//1569 1579//1579
f 1572//1572 1579//1579 1576//1576
f 818//818 820//820 1580//1580
f 1580//1580 820//820 794//794
f 1580//1580 794//794 788//788
f 1568//1568 1581//1581 1582//1582
f 825//825 1568//1568 1569//1569
f 1569//1569 1568//1568 1582//1582
f 1569//1569 1582//1582 1583//1583
f 1584//1584 1581//1581 1585//1585
f 1585//1585 1581//1581 1568//1568
f 1585//1585 1568//1568 1580//1580
f 1580//1580 1568//1568 816//816
f 1580//1580 816//816 818//818
f 1580//1580 1586//1586 1585//1585
f 1585//1585 1586//1586 1552//1552
f 1585//1585 1552//1552 1584//1584
f 1584//1584 1552//1552 1551//1551
f 1584//1584 1551//1551 1587//1587
f 1587//1587 1551//1551 1550//1550
f 1587//1587 1550//1550 1588//1588
f 755//755 753//753 1567//1567
f 1567//1567 753//753 1553//1553
f 1567//1567 1553//1553 1589//1589
f 1589//1589 1553//1553 1555//1555
f 1589//1589 1555//1555 1559//1559
f 1559//1559 1555//1555 1566//1566
f 1559//1559 1566//1566 1557//1557
f 788//788 561//561 1580//1580
f 1580//1580 561//561 785//785
f 1580//1580 785//785 1586//1586
f 1586//1586 785//785 1567//1567
f 1586//1586 1567//1567 1552//1552
f 1552//1552 1567//1567 1589//1589
f 1552//1552 1589//1589 1550//1550
f 1550//1550 1589//1589 1559//1559
f 1550//1550 1559//1559 1588//1588
f 1588//1588 1559//1559 1561//1561
f 1590//1590 1591//1591 1592//1592
f 715//715 582//582 1593//1593
f 1593//1593 582//582 826//826
f 1594//1594 827//827 1595//1595
f 1595//1595 827//827 828//828
f 1596//1596 829//829 1575//1575
f 1575//1575 829//829 830//830
f 1575//1575 1574//1574 1596//1596
f 1596//1596 1574//1574 1597//1597
f 1595//1595 1598//1598 1594//1594
f 1594//1594 1598//1598 1599//1599
f 1593//1593 1600//1600 715//715
f 708//708 712//712 1600//1600
f 1600//1600 712//712 713//713
f 1600//1600 713//713 715//715
f 1601//1601 1573//1573 1571//1571
f 1601//1601 1571//1571 1602//1602
f 1602//1602 1571//1571 1570//1570
f 1602//1602 1570//1570 1603//1603
f 1603//1603 1570//1570 1578//1578
f 1603//1603 1578//1578 1604//1604
f 1604//1604 1578//1578 1577//1577
f 1604//1604 1577//1577 1605//1605
f 1605//1605 1577//1577 1576//1576
f 1605//1605 1576//1576 1606//1606
f 1606//1606 1576//1576 1579//1579
f 1606//1606 1579//1579 1607//1607
f 1590//1590 1592//1592 1608//1608
f 1608//1608 1592//1592 1609//1609
f 1608//1608 1609//1609 1610//1610
f 1610//1610 1609//1609 1611//1611
f 1610//1610 1611//1611 1612//1612
f 1612//1612 1611//1611 1613//1613
f 1612//1612 1613//1613 1614//1614
f 1614//1614 1613//1613 1615//1615
f 1614//1614 1615//1615 1616//1616
f 1616//1616 1615//1615 1617//1617
f 1616//1616 1617//1617 1618//1618
f 1574//1574 1573//1573 1597//1597
f 1597//1597 1573//1573 1601//1601
f 1598//1598 1591//1591 1599//1599
f 1599//1599 1591//1591 1590//1590
f 1600//1600 1619//1619 708//708
f 708//708 1619//1619 1620//1620
f 708//708 1620//1620 706//706
f 706//706 1620//1620 1621//1621
f 706//706 1621//1621 704//704
f 704//704 1621//1621 1622//1622
f 704//704 1622//1622 702//702
f 702//702 1622//1622 1623//1623
f 702//702 1623//1623 700//700
f 700//700 1623//1623 1624//1624
f 700//700 1624//1624 698//698
f 698//698 1624//1624 1625//1625
f 698//698 1625//1625 696//696
f 697//697 696//696 1626//1626
f 1626//1626 696//696 1627//1627
f 1626//1626 1627//1627 1628//1628
f 1628//1628 1627//1627 1629//1629
f 1628//1628 1629//1629 1630//1630
f 1630//1630 1629//1629 1631//1631
f 1630//1630 1631//1631 1632//1632
f 1632//1632 1631//1631 1633//1633
f 1569//1569 1583//1583 1634//1634
f 1627//1627 696//696 1635//1635
f 1635//1635 696//696 1625//1625
f 1636//1636 1618//1618 1639//1639
f 1639//1639 1618//1618 1617//1617
f 1629//1629 1627//1627 1641//1641
f 1641//1641 1627//1627 1635//1635
f 1644//1644 1637//1637 1647//1647
f 1645//1645 1638//1638 1640//1640
f 1634//1634 1648//1648 1569//1569
f 1569//1569 1648//1648 1607//1607
f 1569//1569 1607//1607 1579//1579
f 1461//1461 583//583 716//716
f 1465//1465 1463//1463 1649//1649
f 1469//1469 1467//1467 1650//1650
f 1473//1473 1471//1471 1651//1651
f 1461//1461 716//716 1652//1652
f 1652//1652 716//716 714//714
f 1652//1652 714//714 1653//1653
f 1653//1653 714//714 711//711
f 1653//1653 711//711 1654//1654
f 711//711 709//709 1654//1654
f 1655//1655 709//709 707//707
f 1655//1655 707//707 1656//1656
f 1656//1656 707//707 705//705
f 1656//1656 705//705 1657//1657
f 1657//1657 705//705 703//703
f 1657//1657 703//703 1658//1658
f 1658//1658 703//703 701//701
f 1658//1658 701//701 1659//1659
f 1659//1659 701//701 699//699
f 1659//1659 699//699 1660//1660
f 1660//1660 699//699 697//697
f 1660//1660 697//697 1661//1661
f 1465//1465 1649//1649 1662//1662
f 1662//1662 1649//1649 1653//1653
f 1662//1662 1653//1653 1663//1663
f 1663//1663 1653//1653 1654//1654
f 1663//1663 1654//1654 1664//1664
f 1664//1664 1654//1654 1665//1665
f 1664//1664 1665//1665 1666//1666
f 1666//1666 1665//1665 1667//1667
f 1666//1666 1667//1667 1668//1668
f 1668//1668 1667//1667 1669//1669
f 1668//1668 1669//1669 1670//1670
f 1670//1670 1669//1669 1671//1671
f 1670//1670 1671//1671 1672//1672
f 1672//1672 1671//1671 1673//1673
f 1672//1672 1673//1673 1674//1674
f 1674//1674 1673//1673 1675//1675
f 1674//1674 1675//1675 1676//1676
f 1469//1469 1650//1650 1677//1677
f 1677//1677 1650//1650 1678//1678
f 1677//1677 1678//1678 1679//1679
f 1679//1679 1678//1678 1680//1680
f 1679//1679 1680//1680 1681//1681
f 1681//1681 1680//1680 1682//1682
f 1681//1681 1682//1682 1683//1683
f 1683//1683 1682//1682 1684//1684
f 1683//1683 1684//1684 1685//1685
f 1685//1685 1684//1684 1686//1686
f 1685//1685 1686//1686 1687//1687
f 1687//1687 1686//1686 1688//1688
f 1687//1687 1688//1688 1689//1689
f 1689//1689 1688//1688 1690//1690
f 1689//1689 1690//1690 1691//1691
f 1691//1691 1690//1690 1692//1692
f 1691//1691 1692//1692 1693//1693
f 1473//1473 1651//1651 1694//1694
f 1694//1694 1651//1651 1695//1695
f 1694//1694 1696//1696 1697//1697
f 1697//1697 1696//1696 1698//1698
f 1697//1697 1698//1698 1699//1699
f 1699//1699 1698//1698 1700//1700
f 1699//1699 1700//1700 1701//1701
f 1701//1701 1700//1700 1702//1702
f 1701//1701 1702//1702 1703//1703
f 1703//1703 1702//1702 1704//1704
f 1703//1703 1704//1704 1705//1705
f 1705//1705 1704//1704 1706//1706
f 1705//1705 1706//1706 1707//1707
f 1707//1707 1706//1706 1708//1708
f 1707//1707 1708//1708 1709//1709
f 1709//1709 1708//1708 1710//1710
f 1709//1709 1710//1710 1711//1711
f 1712//1712 1713//1713 1714//1714
f 1715//1715 1716//1716 1717//1717
f 1718//1718 1719//1719 1714//1714
f 1720//1720 932//932 1721//1721
f 1721//1721 932//932 931//931
f 1722//1722 1723//1723 1724//1724
f 1725//1725 1726//1726 1727//1727
f 1727//1727 1726//1726 1728//1728
f 1727//1727 1728//1728 1729//1729
f 1729//1729 1728//1728 1730//1730
f 1722//1722 1724//1724 1731//1731
f 1732//1732 1733//1733 1734//1734
f 1734//1734 1733//1733 1721//1721
f 1734//1734 1721//1721 1735//1735
f 1735//1735 1721//1721 931//931
f 1718//1718 1714//1714 1736//1736
f 1737//1737 1738//1738 1712//1712
f 1712//1712 1738//1738 1739//1739
f 1712//1712 1739//1739 1713//1713
f 1713//1713 1739//1739 1740//1740
f 1713//1713 1740//1740 1714//1714
f 1714//1714 1740//1740 1741//1741
f 1714//1714 1741//1741 1736//1736
f 1742//1742 1743//1743 1716//1716
f 1744//1744 1745//1745 1716//1716
f 1716//1716 1745//1745 1746//1746
f 1716//1716 1746//1746 1742//1742
f 1715//1715 1747//1747 1716//1716
f 1716//1716 1747//1747 1748//1748
f 1716//1716 1748//1748 1744//1744
f 1743//1743 1749//1749 1716//1716
f 1716//1716 1749//1749 1750//1750
f 1716//1716 1750//1750 1751//1751
f 1751//1751 1750//1750 1752//1752
f 1751//1751 1752//1752 1753//1753
f 1754//1754 1755//1755 1756//1756
f 1757//1757 1755//1755 1758//1758
f 1758//1758 1755//1755 1754//1754
f 1758//1758 1754//1754 1711//1711
f 1705//1705 1707//1707 1754//1754
f 1754//1754 1707//1707 1709//1709
f 1754//1754 1709//1709 1711//1711
f 1759//1759 1495//1495 1730//1730
f 1730//1730 1495//1495 1500//1500
f 1504//1504 1507//1507 1717//1717
f 1717//1717 1507//1507 1509//1509
f 1760//1760 1715//1715 1756//1756
f 1756//1756 1715//1715 1717//1717
f 1756//1756 1717//1717 1754//1754
f 1754//1754 1717//1717 1509//1509
f 1509//1509 1480//1480 1754//1754
f 1754//1754 1480//1480 1472//1472
f 1754//1754 1472//1472 1473//1473
f 1473//1473 1694//1694 1754//1754
f 1754//1754 1694//1694 1697//1697
f 1754//1754 1697//1697 1699//1699
f 1699//1699 1701//1701 1754//1754
f 1754//1754 1701//1701 1703//1703
f 1754//1754 1703//1703 1705//1705
f 1723//1723 1725//1725 1724//1724
f 1724//1724 1725//1725 1727//1727
f 1724//1724 1727//1727 1751//1751
f 1751//1751 1727//1727 1729//1729
f 1751//1751 1729//1729 1716//1716
f 1716//1716 1729//1729 1730//1730
f 1716//1716 1730//1730 1717//1717
f 1717//1717 1730//1730 1500//1500
f 1717//1717 1500//1500 1504//1504
f 1732//1732 1731//1731 1733//1733
f 1733//1733 1731//1731 1724//1724
f 1733//1733 1724//1724 1761//1761
f 1761//1761 1724//1724 1751//1751
f 1761//1761 1751//1751 1762//1762
f 1762//1762 1751//1751 1753//1753
f 1762//1762 1753//1753 1763//1763
f 1763//1763 1737//1737 1762//1762
f 1762//1762 1737//1737 1712//1712
f 1762//1762 1712//1712 1761//1761
f 1761//1761 1712//1712 1714//1714
f 1761//1761 1714//1714 1733//1733
f 1733//1733 1714//1714 1719//1719
f 1733//1733 1719//1719 1721//1721
f 1721//1721 1719//1719 1764//1764
f 1721//1721 1764//1764 1720//1720
f 1757//1757 1758//1758 1765//1765
f 1765//1765 1758//1758 1767//1767
f 1765//1765 1767//1767 1768//1768
f 1768//1768 1767//1767 1769//1769
f 1769//1769 1767//1767 1770//1770
f 1769//1769 1770//1770 1771//1771
f 1771//1771 1770//1770 1772//1772
f 1771//1771 1772//1772 1774//1774
f 1775//1775 1773//1773 1626//1626
f 1775//1775 1626//1626 1628//1628
f 697//697 1626//1626 1661//1661
f 1661//1661 1626//1626 1773//1773
f 1675//1675 1772//1772 1676//1676
f 1676//1676 1772//1772 1770//1770
f 1692//1692 1776//1776 1693//1693
f 1693//1693 1776//1776 1766//1766
f 1710//1710 1777//1777 1711//1711
f 1711//1711 1777//1777 1758//1758
f 1778//1778 1779//1779 1780//1780
f 1780//1780 1779//1779 1781//1781
f 1780//1780 1781//1781 1782//1782
f 1782//1782 1781//1781 1783//1783
f 1784//1784 1785//1785 1786//1786
f 1786//1786 1785//1785 1787//1787
f 1786//1786 1787//1787 1781//1781
f 1781//1781 1787//1787 1788//1788
f 1781//1781 1788//1788 1783//1783
f 1784//1784 1786//1786 1789//1789
f 1789//1789 1786//1786 1790//1790
f 1789//1789 1790//1790 1791//1791
f 1791//1791 1790//1790 1792//1792
f 1791//1791 1792//1792 1793//1793
f 1793//1793 1792//1792 1794//1794
f 1794//1794 1792//1792 1795//1795
f 1794//1794 1795//1795 1796//1796
f 1796//1796 1795//1795 1797//1797
f 1798//1798 1799//1799 1800//1800
f 1800//1800 1799//1799 1801//1801
f 1800//1800 1801//1801 1802//1802
f 1803//1803 1804//1804 1805//1805
f 1805//1805 1804//1804 1799//1799
f 1805//1805 1799//1799 1806//1806
f 1806//1806 1799//1799 1798//1798
f 1803//1803 1807//1807 1804//1804
f 1804//1804 1807//1807 1808//1808
f 1804//1804 1808//1808 1809//1809
f 1809//1809 1808//1808 1810//1810
f 1809//1809 1810//1810 1811//1811
f 1811//1811 1810//1810 1812//1812
f 1811//1811 1812//1812 1813//1813
f 1813//1813 1814//1814 1811//1811
f 1811//1811 1814//1814 1815//1815
f 1811//1811 1815//1815 1816//1816
f 1816//1816 1815//1815 1817//1817
f 1816//1816 1817//1817 1818//1818
f 1818//1818 1817//1817 1819//1819
f 1818//1818 1819//1819 1820//1820
f 1820//1820 1821//1821 1818//1818
f 1818//1818 1821//1821 1822//1822
f 1818//1818 1822//1822 1823//1823
f 1823//1823 1822//1822 1824//1824
f 1823//1823 1824//1824 1825//1825
f 1825//1825 1824//1824 1826//1826
f 1826//1826 1827//1827 1825//1825
f 1825//1825 1827//1827 1828//1828
f 1825//1825 1828//1828 1829//1829
f 1828//1828 1830//1830 1829//1829
f 1829//1829 1830//1830 1831//1831
f 1829//1829 1831//1831 1832//1832
f 1832//1832 1831//1831 1833//1833
f 1832//1832 1833//1833 1834//1834
f 1834//1834 1835//1835 1832//1832
f 1832//1832 1835//1835 1836//1836
f 1832//1832 1836//1836 1837//1837
f 1837//1837 1836//1836 1838//1838
f 1838//1838 1839//1839 1837//1837
f 1837//1837 1839//1839 1840//1840
f 1837//1837 1840//1840 1841//1841
f 1842//1842 1843//1843 1844//1844
f 1844//1844 1843//1843 1841//1841
f 1844//1844 1841//1841 1845//1845
f 1845//1845 1841//1841 1840//1840
f 1842//1842 1846//1846 1843//1843
f 1843//1843 1846//1846 1847//1847
f 1843//1843 1847//1847 1848//1848
f 1849//1849 1850//1850 1851//1851
f 1851//1851 1850//1850 1848//1848
f 1851//1851 1848//1848 1852//1852
f 1852//1852 1848//1848 1847//1847
f 1849//1849 1853//1853 1850//1850
f 1850//1850 1853//1853 1854//1854
f 1850//1850 1854//1854 1855//1855
f 1856//1856 1857//1857 1858//1858
f 1858//1858 1857//1857 1855//1855
f 1858//1858 1855//1855 1859//1859
f 1859//1859 1855//1855 1854//1854
f 1860//1860 1861//1861 1862//1862
f 1862//1862 1861//1861 1857//1857
f 1862//1862 1857//1857 1863//1863
f 1863//1863 1857//1857 1856//1856
f 1860//1860 1864//1864 1861//1861
f 1861//1861 1864//1864 1865//1865
f 1861//1861 1865//1865 1866//1866
f 1866//1866 1865//1865 1867//1867
f 1866//1866 1867//1867 1795//1795
f 1795//1795 1867//1867 1868//1868
f 1795//1795 1868//1868 1797//1797
f 1869//1869 1871//1871 1876//1876
f 1873//1873 1877//1877 1882//1882
f 1883//1883 1884//1884 1888//1888
f 1889//1889 1886//1886 1892//1892
f 1887//1887 1891//1891 1895//1895
f 1878//1878 1897//1897 1880//1880
f 1879//1879 1896//1896 1898//1898
f 1881//1881 1899//1899 1901//1901
f 1883//1883 1903//1903 1884//1884
f 1885//1885 1902//1902 1906//1906
f 1884//1884 1904//1904 1908//1908
f 1911//1911 1915//1915 1917//1917
f 1899//1899 1919//1919 1901//1901
f 1900//1900 1918//1918 1920//1920
f 1901//1901 1921//1921 1922//1922
f 1925//1925 1926//1926 1928//1928
f 1929//1929 1927//1927 1932//1932
f 1930//1930 1931//1931 1872//1872
f 1874//1874 1933//1933 1935//1935
f 1875//1875 1934//1934 1870//1870
f 1936//1936 1939//1939 1948//1948
f 1943//1943 1940//1940 1952//1952
f 1953//1953 1956//1956 1942//1942
f 1944//1944 1955//1955 1959//1959
f 1913//1913 1960//1960 1962//1962
f 1921//1921 1963//1963 1922//1922
f 1922//1922 1963//1963 1965//1965
f 1923//1923 1964//1964 1912//1912
f 1910//1910 1966//1966 1967//1967
f 1914//1914 1968//1968 1916//1916
f 1969//1969 1971//1971 1972//1972
f 1960//1960 1973//1973 1962//1962
f 1961//1961 1974//1974 1975//1975
f 1962//1962 1976//1976 1893//1893
f 1890//1890 1977//1977 1979//1979
f 1893//1893 1978//1978 1894//1894
f 1951//1951 1981//1981 1947//1947
f 1945//1945 1980//1980 1984//1984
f 1942//1942 1983//1983 1985//1985
f 1986//1986 1982//1982 1990//1990
f 1987//1987 1988//1988 1993//1993
f 1991//1991 1989//1989 1995//1995
f 1992//1992 1994//1994 1924//1924
f 1905//1905 1997//1997 1907//1907
f 1909//1909 1996//1996 1998//1998
f 1908//1908 1999//1999 1942//1942
f 1949//1949 2000//2000 2001//2001
f 1946//1946 2002//2002 1954//1954
f 2003//2003 1969//1969 2004//2004
f 2003//2003 1938//1938 2005//2005
f 2006//2006 1937//1937 1950//1950
f 2005//2005 1942//1942 2007//2007
f 2008//2008 1941//1941 1958//1958
f 1957//1957 2013//2013 2010//2010
f 2007//2007 2014//2014 2015//2015
f 2007//2007 2015//2015 2016//2016
f 2007//2007 2019//2019 2021//2021
f 2022//2022 2018//2018 2025//2025
f 2027//2027 2028//2028 1969//1969
f 2017//2017 2030//2030 2011//2011
f 2009//2009 2029//2029 2032//2032
f 2012//2012 2031//2031 2020//2020
f 2028//2028 2034//2034 1969//1969
f 1970//1970 2033//2033 2035//2035
f 1969//1969 2036//2036 2004//2004
f 2024//2024 2037//2037 2021//2021
f 2023//2023 2038//2038 2039//2039
f 2021//2021 2040//2040 2041//2041
f 1969//1969 1972//1972 2027//2027
f 2027//2027 1972//1972 2042//2042
f 2026//2026 2043//2043 2044//2044
f 2045//2045 2046//2046 2047//2047
f 2045//2045 2048//2048 2046//2046
f 2046//2046 2048//2048 2049//2049
f 2046//2046 2049//2049 2050//2050
f 2049//2049 2051//2051 2050//2050
f 2050//2050 2051//2051 2052//2052
f 2050//2050 2052//2052 2053//2053
f 2052//2052 2054//2054 2053//2053
f 2053//2053 2054//2054 2055//2055
f 2053//2053 2055//2055 2056//2056
f 2055//2055 2057//2057 2056//2056
f 2056//2056 2057//2057 2058//2058
f 2056//2056 2058//2058 2059//2059
f 2058//2058 2060//2060 2059//2059
f 2059//2059 2060//2060 2061//2061
f 2059//2059 2061//2061 2062//2062
f 2061//2061 2063//2063 2062//2062
f 2062//2062 2063//2063 2064//2064
f 2062//2062 2064//2064 2065//2065
f 2064//2064 2066//2066 2065//2065
f 2065//2065 2066//2066 2067//2067
f 2065//2065 2067//2067 2068//2068
f 2067//2067 2069//2069 2068//2068
f 2068//2068 2069//2069 2070//2070
f 2068//2068 2070//2070 2071//2071
f 2070//2070 2072//2072 2071//2071
f 2071//2071 2072//2072 2073//2073
f 2071//2071 2073//2073 2074//2074
f 2073//2073 2075//2075 2074//2074
f 2074//2074 2075//2075 2076//2076
f 2074//2074 2076//2076 2077//2077
f 2076//2076 2078//2078 2077//2077
f 2077//2077 2078//2078 2079//2079
f 2077//2077 2079//2079 2080//2080
f 2080//2080 2079//2079 2081//2081
f 2047//2047 2082//2082 2045//2045
f 2083//2083 2084//2084 2085//2085
f 2086//2086 2087//2087 2088//2088
f 2083//2083 2085//2085 2089//2089
f 2090//2090 2091//2091 2092//2092
f 2093//2093 2094//2094 2095//2095
f 2096//2096 2097//2097 2098//2098
f 2099//2099 2100//2100 2101//2101
f 2102//2102 2103//2103 2104//2104
f 2105//2105 2106//2106 2107//2107
f 2107//2107 2106//2106 2108//2108
f 2091//2091 2109//2109 2092//2092
f 2092//2092 2109//2109 2110//2110
f 2092//2092 2110//2110 2085//2085
f 2085//2085 2110//2110 2111//2111
f 2085//2085 2111//2111 2089//2089
f 2112//2112 2113//2113 2114//2114
f 2114//2114 2113//2113 2115//2115
f 2115//2115 2116//2116 2114//2114
f 2114//2114 2116//2116 2117//2117
f 2114//2114 2117//2117 2092//2092
f 2092//2092 2117//2117 2118//2118
f 2092//2092 2118//2118 2090//2090
f 2119//2119 2120//2120 2121//2121
f 2121//2121 2120//2120 2122//2122
f 2086//2086 2088//2088 2123//2123
f 2124//2124 2125//2125 2126//2126
f 2125//2125 2124//2124 2127//2127
f 2104//2104 2128//2128 2114//2114
f 2114//2114 2128//2128 2129//2129
f 2114//2114 2129//2129 2112//2112
f 2130//2130 2131//2131 2132//2132
f 2133//2133 2134//2134 2135//2135
f 2135//2135 2134//2134 2136//2136
f 2084//2084 2137//2137 2085//2085
f 2085//2085 2137//2137 2138//2138
f 2085//2085 2138//2138 2135//2135
f 2135//2135 2138//2138 2139//2139
f 2135//2135 2139//2139 2133//2133
f 2103//2103 2140//2140 2104//2104
f 2104//2104 2140//2140 2141//2141
f 2104//2104 2141//2141 2128//2128
f 2108//2108 2142//2142 2107//2107
f 2107//2107 2142//2142 2143//2143
f 2107//2107 2143//2143 2121//2121
f 2121//2121 2143//2143 2144//2144
f 2121//2121 2144//2144 2119//2119
f 2087//2087 2145//2145 2088//2088
f 2088//2088 2145//2145 2146//2146
f 2088//2088 2146//2146 2107//2107
f 2107//2107 2146//2146 2147//2147
f 2107//2107 2147//2147 2105//2105
f 2100//2100 2148//2148 2101//2101
f 2101//2101 2148//2148 2149//2149
f 2101//2101 2149//2149 2088//2088
f 2088//2088 2149//2149 2150//2150
f 2088//2088 2150//2150 2123//2123
f 2126//2126 2151//2151 2124//2124
f 2124//2124 2151//2151 2152//2152
f 2124//2124 2152//2152 2101//2101
f 2101//2101 2152//2152 2153//2153
f 2101//2101 2153//2153 2099//2099
f 2132//2132 2131//2131 2124//2124
f 2124//2124 2131//2131 2154//2154
f 2124//2124 2154//2154 2127//2127
f 2155//2155 2156//2156 2132//2132
f 2132//2132 2156//2156 2157//2157
f 2132//2132 2157//2157 2130//2130
f 2136//2136 2158//2158 2135//2135
f 2135//2135 2158//2158 2159//2159
f 2135//2135 2159//2159 2095//2095
f 2095//2095 2159//2159 2160//2160
f 2095//2095 2160//2160 2093//2093
f 2097//2097 2161//2161 2098//2098
f 2098//2098 2161//2161 2162//2162
f 2098//2098 2162//2162 2104//2104
f 2104//2104 2162//2162 2163//2163
f 2104//2104 2163//2163 2102//2102
f 2122//2122 2164//2164 2121//2121
f 2121//2121 2164//2164 2165//2165
f 2121//2121 2165//2165 2098//2098
f 2098//2098 2165//2165 2166//2166
f 2098//2098 2166//2166 2096//2096
f 2094//2094 2167//2167 2095//2095
f 2095//2095 2167//2167 2168//2168
f 2095//2095 2168//2168 2132//2132
f 2132//2132 2168//2168 2169//2169
f 2132//2132 2169//2169 2155//2155
f 2170//2170 2171//2171 2172//2172
f 2172//2172 2173//2173 2170//2170
f 2170//2170 2173//2173 2174//2174
f 2170//2170 2174//2174 2175//2175
f 2174//2174 2176//2176 2175//2175
f 2175//2175 2176//2176 2177//2177
f 2175//2175 2177//2177 2178//2178
f 2177//2177 2179//2179 2178//2178
f 2178//2178 2179//2179 2180//2180
f 2178//2178 2180//2180 2181//2181
f 2180//2180 2182//2182 2181//2181
f 2181//2181 2182//2182 2183//2183
f 2181//2181 2183//2183 2184//2184
f 2184//2184 2183//2183 2185//2185
f 2184//2184 2185//2185 2186//2186
f 2185//2185 2187//2187 2186//2186
f 2186//2186 2187//2187 2188//2188
f 2186//2186 2188//2188 2189//2189
f 2188//2188 2190//2190 2189//2189
f 2189//2189 2190//2190 2191//2191
f 2189//2189 2191//2191 2192//2192
f 2191//2191 2193//2193 2192//2192
f 2192//2192 2193//2193 2194//2194
f 2192//2192 2194//2194 2195//2195
f 2194//2194 2196//2196 2195//2195
f 2195//2195 2196//2196 2197//2197
f 2195//2195 2197//2197 2198//2198
f 2197//2197 2199//2199 2198//2198
f 2198//2198 2199//2199 2200//2200
f 2198//2198 2200//2200 2201//2201
f 2200//2200 2202//2202 2201//2201
f 2201//2201 2202//2202 2203//2203
f 2201//2201 2203//2203 2204//2204
f 2204//2204 2203//2203 2205//2205
f 2204//2204 2205//2205 2171//2171
f 2171//2171 2205//2205 2206//2206
f 2171//2171 2206//2206 2172//2172
f 2117//2117 2116//2116 1240//1240
f 1240//1240 1241//1241 2117//2117
f 2117//2117 1241//1241 1242//1242
f 2117//2117 1242//1242 2118//2118
f 2118//2118 1242//1242 1243//1243
f 2118//2118 1243//1243 2090//2090
f 2090//2090 1243//1243 1238//1238
f 2090//2090 1238//1238 2091//2091
f 2091//2091 1238//1238 1239//1239
f 2091//2091 1239//1239 2109//2109
f 2109//2109 1239//1239 1234//1234
f 2109//2109 1234//1234 2110//2110
f 2110//2110 1234//1234 1235//1235
f 2110//2110 1235//1235 2111//2111
f 2111//2111 1235//1235 1236//1236
f 2111//2111 1236//1236 2089//2089
f 2089//2089 1236//1236 1237//1237
f 2089//2089 1237//1237 2083//2083
f 2083//2083 1237//1237 1231//1231
f 2083//2083 1231//1231 2084//2084
f 2084//2084 1231//1231 1232//1232
f 2084//2084 1232//1232 2137//2137
f 2137//2137 1232//1232 1233//1233
f 2137//2137 1233//1233 2138//2138
f 2138//2138 1233//1233 1344//1344
f 2138//2138 1344//1344 2139//2139
f 2139//2139 1344//1344 1346//1346
f 2139//2139 1346//1346 2133//2133
f 2133//2133 1346//1346 1327//1327
f 2133//2133 1327//1327 2134//2134
f 2134//2134 1327//1327 1329//1329
f 2134//2134 1329//1329 2136//2136
f 2136//2136 1329//1329 1331//1331
f 2136//2136 1331//1331 2158//2158
f 2158//2158 1331//1331 1333//1333
f 2158//2158 1333//1333 2159//2159
f 2159//2159 1333//1333 1335//1335
f 2159//2159 1335//1335 2160//2160
f 2160//2160 1335//1335 1337//1337
f 2160//2160 1337//1337 2093//2093
f 2093//2093 1337//1337 1339//1339
f 2093//2093 1339//1339 2094//2094
f 2094//2094 1339//1339 1304//1304
f 2094//2094 1304//1304 2167//2167
f 2167//2167 1304//1304 1306//1306
f 2167//2167 1306//1306 2168//2168
f 2168//2168 1306//1306 1308//1308
f 2168//2168 1308//1308 2169//2169
f 2169//2169 1308//1308 1310//1310
f 2169//2169 1310//1310 2155//2155
f 2155//2155 1310//1310 1312//1312
f 2155//2155 1312//1312 2156//2156
f 2156//2156 1312//1312 1314//1314
f 2156//2156 1314//1314 2157//2157
f 2157//2157 1314//1314 1316//1316
f 2157//2157 1316//1316 2130//2130
f 2130//2130 1316//1316 1318//1318
f 2130//2130 1318//1318 2131//2131
f 2131//2131 1318//1318 1320//1320
f 2131//2131 1320//1320 2154//2154
f 2154//2154 1320//1320 1322//1322
f 2154//2154 1322//1322 2127//2127
f 2127//2127 1322//1322 1324//1324
f 2127//2127 1324//1324 2125//2125
f 2125//2125 1324//1324 1289//1289
f 2125//2125 1289//1289 2126//2126
f 2126//2126 1289//1289 1291//1291
f 2126//2126 1291//1291 2151//2151
f 2151//2151 1291//1291 1293//1293
f 2151//2151 1293//1293 2152//2152
f 2152//2152 1293//1293 1295//1295
f 2152//2152 1295//1295 2153//2153
f 2153//2153 1295//1295 1297//1297
f 2153//2153 1297//1297 2099//2099
f 2099//2099 1297//1297 1299//1299
f 2099//2099 1299//1299 2100//2100
f 2100//2100 1299//1299 1301//1301
f 2100//2100 1301//1301 2148//2148
f 2148//2148 1301//1301 1282//1282
f 2148//2148 1282//1282 2149//2149
f 2149//2149 1282//1282 1284//1284
f 2149//2149 1284//1284 2150//2150
f 2150//2150 1284//1284 1286//1286
f 2150//2150 1286//1286 2123//2123
f 2123//2123 1286//1286 1275//1275
f 2123//2123 1275//1275 2086//2086
f 2086//2086 1275//1275 1277//1277
f 2086//2086 1277//1277 2087//2087
f 2087//2087 1277//1277 1279//1279
f 2087//2087 1279//1279 2145//2145
f 2145//2145 1279//1279 1265//1265
f 2145//2145 1265//1265 2146//2146
f 2146//2146 1265//1265 1264//1264
f 2146//2146 1264//1264 2147//2147
f 2147//2147 1264//1264 1263//1263
f 2147//2147 1263//1263 2105//2105
f 2105//2105 1263//1263 1260//1260
f 2105//2105 1260//1260 2106//2106
f 2106//2106 1260//1260 1258//1258
f 2106//2106 1258//1258 2108//2108
f 2108//2108 1258//1258 1255//1255
f 2108//2108 1255//1255 2142//2142
f 2142//2142 1255//1255 1252//1252
f 2142//2142 1252//1252 2143//2143
f 2143//2143 1252//1252 1250//1250
f 2143//2143 1250//1250 2144//2144
f 2144//2144 1250//1250 1248//1248
f 2144//2144 1248//1248 2119//2119
f 2119//2119 1248//1248 1246//1246
f 2119//2119 1246//1246 2120//2120
f 2120//2120 1246//1246 1245//1245
f 2120//2120 1245//1245 2122//2122
f 2207//2207 1561//1561 1560//1560
f 2103//2103 2102//2102 2207//2207
f 2207//2207 1560//1560 2103//2103
f 2103//2103 1560//1560 1558//1558
f 2103//2103 1558//1558 2140//2140
f 2140//2140 1558//1558 1557//1557
f 2140//2140 1557//1557 2141//2141
f 2141//2141 1557//1557 1566//1566
f 2141//2141 1566//1566 2128//2128
f 2128//2128 1566//1566 1565//1565
f 2128//2128 1565//1565 2129//2129
f 2129//2129 1565//1565 1564//1564
f 2129//2129 1564//1564 2112//2112
f 2112//2112 1564//1564 1563//1563
f 2112//2112 1563//1563 2113//2113
f 2113//2113 1563//1563 1562//1562
f 2113//2113 1562//1562 2115//2115
f 2115//2115 1562//1562 1240//1240
f 2115//2115 1240//1240 2116//2116
f 2208//2208 2209//2209 2210//2210
f 2210//2210 2209//2209 2211//2211
f 2210//2210 2211//2211 2212//2212
f 2213//2213 2214//2214 2215//2215
f 2215//2215 2214//2214 2216//2216
f 2215//2215 2217//2217 2218//2218
f 2218//2218 2217//2217 2219//2219
f 2219//2219 2217//2217 2220//2220
f 2219//2219 2221//2221 2222//2222
f 2222//2222 2221//2221 2223//2223
f 2223//2223 2221//2221 2224//2224
f 2223//2223 2224//2224 2225//2225
f 2214//2214 2226//2226 2216//2216
f 2216//2216 2226//2226 2227//2227
f 2217//2217 2228//2228 2220//2220
f 2220//2220 2228//2228 2229//2229
f 2230//2230 2231//2231 2232//2232
f 2232//2232 2231//2231 2233//2233
f 2226//2226 2234//2234 2227//2227
f 2227//2227 2234//2234 2235//2235
f 2228//2228 2236//2236 2229//2229
f 2229//2229 2236//2236 2237//2237
f 2238//2238 2239//2239 2240//2240
f 2240//2240 2239//2239 363//363
f 2213//2213 2215//2215 2241//2241
f 2241//2241 2215//2215 2242//2242
f 2242//2242 2215//2215 2243//2243
f 2243//2243 2215//2215 2218//2218
f 2243//2243 2218//2218 2244//2244
f 2244//2244 2218//2218 2219//2219
f 2244//2244 2219//2219 2245//2245
f 2245//2245 2219//2219 2222//2222
f 2245//2245 2222//2222 2246//2246
f 2222//2222 2223//2223 2246//2246
f 2246//2246 2223//2223 2225//2225
f 2246//2246 2225//2225 2247//2247
f 363//363 362//362 2248//2248
f 363//363 2248//2248 2240//2240
f 2233//2233 2249//2249 2250//2250
f 2233//2233 2250//2250 2232//2232
f 2224//2224 2251//2251 2252//2252
f 2224//2224 2252//2252 2225//2225
f 2253//2253 2254//2254 2234//2234
f 2234//2234 2254//2254 2235//2235
f 2254//2254 2255//2255 2235//2235
f 2236//2236 2255//2255 2256//2256
f 2236//2236 2256//2256 2237//2237
f 364//364 363//363 2257//2257
f 2257//2257 363//363 2239//2239
f 2257//2257 2237//2237 2258//2258
f 2258//2258 2237//2237 2256//2256
f 2255//2255 2254//2254 2259//2259
f 2254//2254 2253//2253 2260//2260
f 2261//2261 2262//2262 2263//2263
f 2254//2254 2260//2260 2259//2259
f 2259//2259 2260//2260 2264//2264
f 2259//2259 2264//2264 2265//2265
f 2265//2265 2264//2264 2266//2266
f 2265//2265 2266//2266 2263//2263
f 2263//2263 2266//2266 2267//2267
f 2263//2263 2267//2267 2261//2261
f 2261//2261 2268//2268 2262//2262
f 2262//2262 2268//2268 283//283
f 2269//2269 283//283 282//282
f 2258//2258 2256//2256 2270//2270
f 2271//2271 2256//2256 2255//2255
f 2255//2255 2259//2259 2271//2271
f 2271//2271 2259//2259 2265//2265
f 2271//2271 2265//2265 2272//2272
f 2272//2272 2265//2265 2273//2273
f 2272//2272 2273//2273 2274//2274
f 2274//2274 2273//2273 2269//2269
f 2274//2274 2269//2269 2275//2275
f 2275//2275 2269//2269 282//282
f 2275//2275 282//282 281//281
f 364//364 2257//2257 2276//2276
f 2276//2276 2257//2257 2258//2258
f 2258//2258 2270//2270 2276//2276
f 2276//2276 2270//2270 2272//2272
f 2276//2276 2272//2272 2277//2277
f 2277//2277 2272//2272 2274//2274
f 2277//2277 2274//2274 2278//2278
f 2278//2278 2274//2274 2275//2275
f 2278//2278 2275//2275 2279//2279
f 2279//2279 2275//2275 281//281
f 2279//2279 281//281 280//280
f 364//364 2276//2276 374//374
f 374//374 2276//2276 2280//2280
f 374//374 2280//2280 377//377
f 377//377 2280//2280 2281//2281
f 377//377 2281//2281 368//368
f 368//368 2281//2281 2282//2282
f 368//368 2282//2282 366//366
f 366//366 2282//2282 279//279
f 366//366 279//279 278//278
f 2283//2283 2284//2284 2285//2285
f 2286//2286 2287//2287 2288//2288
f 2287//2287 1230//1230 2288//2288
f 2288//2288 1230//1230 2289//2289
f 2288//2288 2289//2289 2291//2291
f 2291//2291 2289//2289 2292//2292
f 2290//2290 2293//2293 2294//2294
f 2294//2294 2293//2293 2295//2295
f 2296//2296 2297//2297 361//361
f 361//361 2297//2297 360//360
f 2284//2284 2286//2286 2285//2285
f 2285//2285 2286//2286 2288//2288
f 2285//2285 2288//2288 2298//2298
f 2298//2298 2288//2288 2291//2291
f 2299//2299 2290//2290 2300//2300
f 2300//2300 2290//2290 2294//2294
f 2301//2301 2296//2296 358//358
f 358//358 2296//2296 361//361
f 2302//2302 2283//2283 2303//2303
f 2303//2303 2283//2283 2285//2285
f 2303//2303 2285//2285 2304//2304
f 2304//2304 2285//2285 2298//2298
f 2305//2305 2299//2299 2306//2306
f 2306//2306 2299//2299 2300//2300
f 2307//2307 2301//2301 357//357
f 357//357 2301//2301 358//358
f 251//251 2302//2302 253//253
f 253//253 2302//2302 2303//2303
f 253//253 2303//2303 255//255
f 255//255 2303//2303 2304//2304
f 258//258 2305//2305 259//259
f 259//259 2305//2305 2306//2306
f 260//260 2307//2307 263//263
f 263//263 2307//2307 357//357
f 331//331 283//283 2308//2308
f 2308//2308 283//283 2268//2268
f 2260//2260 2253//2253 2309//2309
f 2309//2309 2310//2310 2260//2260
f 2260//2260 2310//2310 2311//2311
f 2260//2260 2311//2311 2264//2264
f 2264//2264 2311//2311 2312//2312
f 2264//2264 2312//2312 2266//2266
f 2266//2266 2312//2312 2313//2313
f 2266//2266 2313//2313 2267//2267
f 2267//2267 2313//2313 2314//2314
f 2267//2267 2314//2314 2261//2261
f 2261//2261 2314//2314 2315//2315
f 2261//2261 2315//2315 2268//2268
f 2268//2268 2315//2315 2316//2316
f 2268//2268 2316//2316 2308//2308
f 2317//2317 2309//2309 2253//2253
f 2213//2213 2241//2241 2317//2317
f 2214//2214 2213//2213 2226//2226
f 2226//2226 2213//2213 2317//2317
f 2226//2226 2317//2317 2234//2234
f 2234//2234 2317//2317 2253//2253
f 2247//2247 2318//2318 2246//2246
f 2246//2246 2318//2318 2319//2319
f 2246//2246 2319//2319 2245//2245
f 2245//2245 2319//2319 2244//2244
f 2244//2244 2319//2319 2320//2320
f 2244//2244 2320//2320 2243//2243
f 2243//2243 2320//2320 2242//2242
f 2242//2242 2320//2320 2321//2321
f 2242//2242 2321//2321 2241//2241
f 2322//2322 2321//2321 2323//2323
f 2323//2323 2321//2321 2320//2320
f 2324//2324 2320//2320 2325//2325
f 2325//2325 2320//2320 2319//2319
f 2326//2326 2319//2319 2327//2327
f 2327//2327 2319//2319 2318//2318
f 2327//2327 2328//2328 2326//2326
f 2326//2326 2328//2328 2329//2329
f 2325//2325 2330//2330 2324//2324
f 2324//2324 2330//2330 2331//2331
f 2323//2323 2332//2332 2322//2322
f 2333//2333 2334//2334 2332//2332
f 2332//2332 2334//2334 2335//2335
f 2332//2332 2335//2335 2322//2322
f 2336//2336 2337//2337 2338//2338
f 2338//2338 2337//2337 2339//2339
f 2340//2340 2341//2341 2342//2342
f 2342//2342 2341//2341 2343//2343
f 2328//2328 2343//2343 2329//2329
f 2329//2329 2343//2343 2341//2341
f 2330//2330 2339//2339 2331//2331
f 2331//2331 2339//2339 2337//2337
f 2344//2344 2345//2345 2333//2333
f 2333//2333 2345//2345 2346//2346
f 2333//2333 2346//2346 2347//2347
f 2348//2348 2349//2349 2350//2350
f 2350//2350 2349//2349 2351//2351
f 2350//2350 2351//2351 2352//2352
f 2352//2352 2351//2351 2353//2353
f 2354//2354 2355//2355 2356//2356
f 2355//2355 2354//2354 2357//2357
f 2357//2357 2354//2354 2358//2358
f 2357//2357 2358//2358 2359//2359
f 2360//2360 2361//2361 2356//2356
f 2356//2356 2361//2361 2362//2362
f 2356//2356 2362//2362 2354//2354
f 2349//2349 2348//2348 2363//2363
f 2363//2363 2348//2348 2364//2364
f 2363//2363 2364//2364 2360//2360
f 2360//2360 2364//2364 2365//2365
f 2360//2360 2365//2365 2361//2361
f 2366//2366 2357//2357 2367//2367
f 2367//2367 2357//2357 2359//2359
f 2359//2359 2358//2358 2225//2225
f 2225//2225 2358//2358 2368//2368
f 2225//2225 2368//2368 2247//2247
f 2247//2247 2368//2368 2342//2342
f 2247//2247 2342//2342 2318//2318
f 2369//2369 2366//2366 2370//2370
f 2370//2370 2366//2366 2367//2367
f 2370//2370 2367//2367 2371//2371
f 2371//2371 2367//2367 2359//2359
f 2371//2371 2359//2359 2372//2372
f 2372//2372 2359//2359 2225//2225
f 2372//2372 2225//2225 2373//2373
f 2373//2373 2225//2225 2252//2252
f 2373//2373 2252//2252 2374//2374
f 2343//2343 2328//2328 2342//2342
f 2342//2342 2328//2328 2327//2327
f 2342//2342 2327//2327 2318//2318
f 362//362 371//371 2375//2375
f 362//362 2375//2375 2248//2248
f 2249//2249 2376//2376 2377//2377
f 2249//2249 2377//2377 2250//2250
f 2251//2251 2378//2378 2374//2374
f 2251//2251 2374//2374 2252//2252
f 2379//2379 921//921 919//919
f 356//356 354//354 359//359
f 2380//2380 2381//2381 2382//2382
f 356//356 359//359 2383//2383
f 2382//2382 2384//2384 2380//2380
f 2380//2380 2384//2384 2385//2385
f 2380//2380 2385//2385 2386//2386
f 2386//2386 2385//2385 2387//2387
f 2386//2386 2387//2387 2383//2383
f 2383//2383 359//359 2386//2386
f 2386//2386 359//359 352//352
f 2386//2386 352//352 2388//2388
f 2389//2389 2380//2380 2390//2390
f 2390//2390 2380//2380 2386//2386
f 2390//2390 2386//2386 2391//2391
f 2391//2391 2386//2386 2388//2388
f 2389//2389 2379//2379 2380//2380
f 2380//2380 2379//2379 919//919
f 2380//2380 919//919 2381//2381
f 2381//2381 919//919 918//918
f 2392//2392 2393//2393 2394//2394
f 1229//1229 1267//1267 2395//2395
f 2395//2395 1267//1267 2396//2396
f 2397//2397 2398//2398 2399//2399
f 2399//2399 2398//2398 2400//2400
f 2401//2401 2402//2402 2403//2403
f 2403//2403 2402//2402 2404//2404
f 2405//2405 2406//2406 350//350
f 350//350 2406//2406 351//351
f 1230//1230 1229//1229 2407//2407
f 2407//2407 1229//1229 2395//2395
f 2289//2289 2397//2397 2292//2292
f 2292//2292 2397//2397 2399//2399
f 2293//2293 2401//2401 2295//2295
f 2295//2295 2401//2401 2403//2403
f 2297//2297 2405//2405 360//360
f 360//360 2405//2405 350//350
f 2302//2302 251//251 342//342
f 2408//2408 2283//2283 2302//2302
f 2409//2409 2286//2286 2284//2284
f 1228//1228 1230//1230 2287//2287
f 2410//2410 1228//1228 2409//2409
f 2409//2409 1228//1228 2287//2287
f 2409//2409 2287//2287 2286//2286
f 1261//1261 1262//1262 2411//2411
f 2410//2410 1262//1262 1268//1268
f 2410//2410 1268//1268 1228//1228
f 2411//2411 2412//2412 1261//1261
f 1261//1261 2412//2412 2413//2413
f 1261//1261 2413//2413 1259//1259
f 1259//1259 2413//2413 1257//1257
f 1257//1257 2413//2413 1256//1256
f 1256//1256 2413//2413 2414//2414
f 1256//1256 2414//2414 2415//2415
f 1251//1251 1253//1253 2415//2415
f 2415//2415 1253//1253 1254//1254
f 2415//2415 1254//1254 1256//1256
f 2415//2415 2416//2416 1251//1251
f 1251//1251 2416//2416 2417//2417
f 1251//1251 2417//2417 1249//1249
f 1249//1249 2417//2417 2418//2418
f 1249//1249 2418//2418 1247//1247
f 330//330 331//331 2419//2419
f 2302//2302 342//342 2420//2420
f 2420//2420 342//342 344//344
f 2420//2420 344//344 2421//2421
f 2421//2421 344//344 347//347
f 2421//2421 347//347 2422//2422
f 2422//2422 347//347 340//340
f 2422//2422 340//340 2423//2423
f 2423//2423 340//340 337//337
f 2423//2423 337//337 2424//2424
f 2424//2424 337//337 334//334
f 2424//2424 334//334 2425//2425
f 2425//2425 334//334 332//332
f 2425//2425 332//332 2426//2426
f 2426//2426 332//332 329//329
f 2426//2426 329//329 2427//2427
f 2427//2427 329//329 330//330
f 2427//2427 330//330 2428//2428
f 2428//2428 330//330 2419//2419
f 2429//2429 2430//2430 2431//2431
f 1244//1244 1247//1247 2432//2432
f 2432//2432 1247//1247 2418//2418
f 2431//2431 2433//2433 2429//2429
f 2429//2429 2433//2433 2434//2434
f 2429//2429 2434//2434 2435//2435
f 2435//2435 2434//2434 2436//2436
f 2435//2435 2436//2436 2437//2437
f 2437//2437 2436//2436 2438//2438
f 2437//2437 2438//2438 2439//2439
f 2439//2439 2438//2438 2440//2440
f 2439//2439 2440//2440 2441//2441
f 2441//2441 2440//2440 2442//2442
f 2441//2441 2442//2442 2443//2443
f 2443//2443 2442//2442 2444//2444
f 2443//2443 2444//2444 2445//2445
f 2445//2445 2444//2444 2446//2446
f 2445//2445 2446//2446 2447//2447
f 2447//2447 2446//2446 2409//2409
f 2447//2447 2409//2409 2408//2408
f 2408//2408 2409//2409 2284//2284
f 2408//2408 2284//2284 2283//2283
f 2352//2352 2353//2353 2448//2448
f 2448//2448 2353//2353 2449//2449
f 2448//2448 2449//2449 2450//2450
f 2450//2450 2449//2449 2451//2451
f 2450//2450 2451//2451 2452//2452
f 2452//2452 2451//2451 2453//2453
f 2452//2452 2453//2453 2454//2454
f 2454//2454 2453//2453 2455//2455
f 2454//2454 2455//2455 2456//2456
f 2456//2456 2455//2455 2457//2457
f 2456//2456 2457//2457 2458//2458
f 2458//2458 2457//2457 2459//2459
f 2458//2458 2459//2459 2460//2460
f 2460//2460 2459//2459 2461//2461
f 2460//2460 2461//2461 2462//2462
f 2462//2462 2461//2461 2463//2463
f 2462//2462 2463//2463 2464//2464
f 2464//2464 2463//2463 2465//2465
f 2464//2464 2465//2465 1633//1633
f 1633//1633 2465//2465 1632//1632
f 352//352 351//351 2466//2466
f 2466//2466 351//351 2467//2467
f 2466//2466 2467//2467 2468//2468
f 2468//2468 2467//2467 2469//2469
f 2468//2468 2469//2469 2470//2470
f 2470//2470 2469//2469 2471//2471
f 2470//2470 2471//2471 2472//2472
f 2471//2471 2473//2473 2472//2472
f 2472//2472 2473//2473 2474//2474
f 2472//2472 2474//2474 2475//2475
f 2475//2475 2474//2474 2476//2476
f 2475//2475 2476//2476 2477//2477
f 2477//2477 2476//2476 2478//2478
f 2477//2477 2478//2478 2479//2479
f 2479//2479 2478//2478 2480//2480
f 2479//2479 2480//2480 2481//2481
f 2481//2481 2480//2480 2482//2482
f 2481//2481 2482//2482 2483//2483
f 2483//2483 2482//2482 2484//2484
f 2483//2483 2484//2484 1068//1068
f 1068//1068 2484//2484 1067//1067
f 2419//2419 331//331 2308//2308
f 2431//2431 2430//2430 2485//2485
f 1244//1244 2432//2432 2486//2486
f 2419//2419 2308//2308 2487//2487
f 2487//2487 2308//2308 2316//2316
f 2487//2487 2316//2316 2488//2488
f 2488//2488 2316//2316 2315//2315
f 2488//2488 2315//2315 2489//2489
f 2489//2489 2315//2315 2314//2314
f 2489//2489 2314//2314 2490//2490
f 2490//2490 2314//2314 2313//2313
f 2490//2490 2313//2313 2491//2491
f 2491//2491 2313//2313 2312//2312
f 2491//2491 2312//2312 2492//2492
f 2492//2492 2312//2312 2311//2311
f 2492//2492 2311//2311 2493//2493
f 2493//2493 2311//2311 2310//2310
f 2493//2493 2310//2310 2494//2494
f 2494//2494 2310//2310 2309//2309
f 2494//2494 2309//2309 2495//2495
f 2431//2431 2485//2485 2496//2496
f 2496//2496 2485//2485 2497//2497
f 2496//2496 2497//2497 2498//2498
f 2498//2498 2497//2497 2499//2499
f 2498//2498 2499//2499 2500//2500
f 2500//2500 2499//2499 2501//2501
f 2500//2500 2501//2501 2502//2502
f 2502//2502 2501//2501 2503//2503
f 2502//2502 2503//2503 2504//2504
f 2504//2504 2503//2503 2505//2505
f 2504//2504 2505//2505 2506//2506
f 2506//2506 2505//2505 2507//2507
f 2506//2506 2507//2507 2508//2508
f 2508//2508 2507//2507 2509//2509
f 2508//2508 2509//2509 2510//2510
f 2510//2510 2509//2509 2511//2511
f 2510//2510 2511//2511 2512//2512
f 1244//1244 2486//2486 2513//2513
f 2513//2513 2486//2486 2514//2514
f 2513//2513 2515//2515 2516//2516
f 2516//2516 2515//2515 2517//2517
f 2516//2516 2517//2517 2518//2518
f 2518//2518 2517//2517 2519//2519
f 2518//2518 2519//2519 2520//2520
f 2520//2520 2519//2519 2521//2521
f 2520//2520 2521//2521 2522//2522
f 2522//2522 2521//2521 2523//2523
f 2522//2522 2523//2523 2524//2524
f 2524//2524 2523//2523 2525//2525
f 2524//2524 2525//2525 2526//2526
f 2526//2526 2525//2525 2527//2527
f 2526//2526 2527//2527 2528//2528
f 2528//2528 2527//2527 2529//2529
f 2528//2528 2529//2529 2530//2530
f 2347//2347 2531//2531 2333//2333
f 2333//2333 2531//2531 2532//2532
f 2333//2333 2532//2532 2334//2334
f 2334//2334 2532//2532 2335//2335
f 2335//2335 2532//2532 2322//2322
f 2322//2322 2532//2532 2533//2533
f 2322//2322 2534//2534 2321//2321
f 2321//2321 2534//2534 2317//2317
f 2321//2321 2317//2317 2241//2241
f 2309//2309 2317//2317 2495//2495
f 2495//2495 2317//2317 2534//2534
f 2511//2511 2533//2533 2512//2512
f 2512//2512 2533//2533 2532//2532
f 2529//2529 2532//2532 2530//2530
f 2530//2530 2532//2532 2531//2531
f 2535//2535 2347//2347 2536//2536
f 2536//2536 2347//2347 2346//2346
f 2537//2537 2336//2336 2538//2538
f 2538//2538 2336//2336 2338//2338
f 2539//2539 2340//2340 2368//2368
f 2368//2368 2340//2340 2342//2342
f 2540//2540 2535//2535 2541//2541
f 2541//2541 2535//2535 2536//2536
f 2542//2542 2537//2537 2543//2543
f 2543//2543 2537//2537 2538//2538
f 2544//2544 2539//2539 2358//2358
f 2358//2358 2539//2539 2368//2368
f 2545//2545 2546//2546 2547//2547
f 2548//2548 2549//2549 2550//2550
f 2364//2364 2348//2348 2551//2551
f 2551//2551 2348//2348 2552//2552
f 2545//2545 2547//2547 2553//2553
f 2553//2553 2547//2547 2554//2554
f 2553//2553 2554//2554 2555//2555
f 2555//2555 2554//2554 2556//2556
f 2555//2555 2556//2556 2557//2557
f 2557//2557 2556//2556 2558//2558
f 2557//2557 2558//2558 2559//2559
f 2559//2559 2558//2558 2540//2540
f 2559//2559 2540//2540 2541//2541
f 2548//2548 2550//2550 2560//2560
f 2560//2560 2550//2550 2561//2561
f 2560//2560 2561//2561 2562//2562
f 2562//2562 2561//2561 2563//2563
f 2562//2562 2563//2563 2564//2564
f 2564//2564 2563//2563 2565//2565
f 2564//2564 2565//2565 2566//2566
f 2566//2566 2565//2565 2542//2542
f 2566//2566 2542//2542 2543//2543
f 2364//2364 2551//2551 2365//2365
f 2365//2365 2551//2551 2567//2567
f 2365//2365 2567//2567 2361//2361
f 2361//2361 2567//2567 2568//2568
f 2361//2361 2568//2568 2362//2362
f 2362//2362 2568//2568 2569//2569
f 2362//2362 2569//2569 2354//2354
f 2354//2354 2569//2569 2544//2544
f 2354//2354 2544//2544 2358//2358
f 2570//2570 2546//2546 2571//2571
f 2571//2571 2546//2546 2545//2545
f 2572//2572 2549//2549 2573//2573
f 2573//2573 2549//2549 2548//2548
f 2574//2574 2552//2552 2350//2350
f 2350//2350 2552//2552 2348//2348
f 2575//2575 2570//2570 2576//2576
f 2576//2576 2570//2570 2571//2571
f 2577//2577 2572//2572 2578//2578
f 2578//2578 2572//2572 2573//2573
f 2579//2579 2574//2574 2352//2352
f 2352//2352 2574//2574 2350//2350
f 2391//2391 2388//2388 2580//2580
f 2388//2388 352//352 2466//2466
f 2389//2389 2390//2390 2581//2581
f 2581//2581 2390//2390 2391//2391
f 2582//2582 2379//2379 2389//2389
f 2379//2379 2582//2582 921//921
f 2388//2388 2466//2466 2580//2580
f 2580//2580 2466//2466 2468//2468
f 2580//2580 2468//2468 2583//2583
f 2583//2583 2468//2468 2470//2470
f 2583//2583 2470//2470 2584//2584
f 2584//2584 2470//2470 2472//2472
f 2584//2584 2472//2472 2585//2585
f 2585//2585 2472//2472 2475//2475
f 2585//2585 2475//2475 2586//2586
f 2586//2586 2475//2475 2477//2477
f 2586//2586 2477//2477 2587//2587
f 2587//2587 2477//2477 2479//2479
f 2587//2587 2479//2479 2588//2588
f 2479//2479 2481//2481 2588//2588
f 2588//2588 2481//2481 2483//2483
f 2588//2588 2483//2483 2589//2589
f 2589//2589 2483//2483 1068//1068
f 2589//2589 1068//1068 1152//1152
f 2391//2391 2590//2590 2581//2581
f 2581//2581 2590//2590 2591//2591
f 2581//2581 2591//2591 2592//2592
f 2592//2592 2591//2591 2593//2593
f 2592//2592 2593//2593 2594//2594
f 2594//2594 2593//2593 2595//2595
f 2594//2594 2595//2595 2596//2596
f 2596//2596 2595//2595 2597//2597
f 2596//2596 2597//2597 2598//2598
f 2598//2598 2597//2597 2599//2599
f 2598//2598 2599//2599 2600//2600
f 2600//2600 2599//2599 2601//2601
f 2600//2600 2601//2601 2602//2602
f 2602//2602 2601//2601 2603//2603
f 2602//2602 2603//2603 2604//2604
f 2604//2604 2603//2603 1151//1151
f 2604//2604 1151//1151 1149//1149
f 2389//2389 2581//2581 2582//2582
f 2582//2582 2581//2581 2605//2605
f 2582//2582 2605//2605 2606//2606
f 2606//2606 2605//2605 2607//2607
f 2606//2606 2607//2607 2608//2608
f 2608//2608 2607//2607 2609//2609
f 2608//2608 2609//2609 2610//2610
f 2610//2610 2609//2609 2611//2611
f 2610//2610 2611//2611 2612//2612
f 2612//2612 2611//2611 2613//2613
f 2612//2612 2613//2613 2614//2614
f 2614//2614 2613//2613 2615//2615
f 2614//2614 2615//2615 2616//2616
f 2616//2616 2615//2615 2617//2617
f 2616//2616 2617//2617 2618//2618
f 2618//2618 2617//2617 1147//1147
f 2618//2618 1147//1147 1145//1145
f 921//921 2582//2582 915//915
f 915//915 2582//2582 2619//2619
f 915//915 2619//2619 916//916
f 916//916 2619//2619 2620//2620
f 916//916 2620//2620 922//922
f 922//922 2620//2620 2621//2621
f 922//922 2621//2621 923//923
f 923//923 2621//2621 2622//2622
f 923//923 2622//2622 924//924
f 924//924 2622//2622 2623//2623
f 924//924 2623//2623 896//896
f 896//896 2623//2623 2624//2624
f 896//896 2624//2624 897//897
f 897//897 2624//2624 2625//2625
f 897//897 2625//2625 899//899
f 899//899 2625//2625 1070//1070
f 899//899 1070//1070 901//901
f 2626//2626 2627//2627 2628//2628
f 2396//2396 1267//1267 1266//1266
f 2400//2400 2398//2398 2629//2629
f 2404//2404 2402//2402 2630//2630
f 2631//2631 2467//2467 2632//2632
f 2632//2632 2467//2467 351//351
f 2632//2632 351//351 2406//2406
f 2396//2396 1266//1266 2629//2629
f 2629//2629 1266//1266 1274//1274
f 2629//2629 1274//1274 2633//2633
f 2633//2633 1274//1274 1273//1273
f 2633//2633 1273//1273 2634//2634
f 2634//2634 1273//1273 1272//1272
f 2634//2634 1272//1272 2635//2635
f 2635//2635 1272//1272 1271//1271
f 2635//2635 1271//1271 2636//2636
f 2636//2636 1271//1271 1270//1270
f 2636//2636 1270//1270 2637//2637
f 2400//2400 2629//2629 2630//2630
f 2630//2630 2629//2629 2633//2633
f 2630//2630 2633//2633 2638//2638
f 2638//2638 2633//2633 2634//2634
f 2638//2638 2634//2634 2639//2639
f 2639//2639 2634//2634 2635//2635
f 2640//2640 2635//2635 2641//2641
f 2641//2641 2635//2635 2636//2636
f 2641//2641 2636//2636 2642//2642
f 2642//2642 2636//2636 2637//2637
f 2642//2642 2637//2637 2643//2643
f 2404//2404 2630//2630 2644//2644
f 2644//2644 2630//2630 2638//2638
f 2644//2644 2638//2638 2645//2645
f 2646//2646 2647//2647 2640//2640
f 2646//2646 2640//2640 2648//2648
f 2648//2648 2640//2640 2641//2641
f 2648//2648 2641//2641 2649//2649
f 2649//2649 2641//2641 2642//2642
f 2649//2649 2642//2642 2650//2650
f 2650//2650 2642//2642 2643//2643
f 2650//2650 2643//2643 2651//2651
f 2651//2651 2476//2476 2650//2650
f 2650//2650 2476//2476 2474//2474
f 2650//2650 2474//2474 2649//2649
f 2649//2649 2474//2474 2473//2473
f 2649//2649 2473//2473 2648//2648
f 2648//2648 2473//2473 2471//2471
f 2648//2648 2471//2471 2646//2646
f 2631//2631 2471//2471 2469//2469
f 2631//2631 2469//2469 2467//2467
f 2482//2482 2480//2480 2651//2651
f 2651//2651 2480//2480 2478//2478
f 2651//2651 2478//2478 2476//2476
f 2627//2627 1269//1269 1281//1281
f 2652//2652 2653//2653 2654//2654
f 2627//2627 1281//1281 2628//2628
f 2628//2628 1281//1281 1280//1280
f 2628//2628 1280//1280 1349//1349
f 1349//1349 1351//1351 2628//2628
f 2628//2628 1351//1351 2652//2652
f 2628//2628 2652//2652 2626//2626
f 2626//2626 2652//2652 2654//2654
f 1353//1353 2653//2653 1354//1354
f 1354//1354 2653//2653 2652//2652
f 1354//1354 2652//2652 1352//1352
f 1352//1352 2652//2652 1351//1351
f 1270//1270 1269//1269 2637//2637
f 2637//2637 1269//1269 2627//2627
f 2637//2637 2627//2627 2643//2643
f 2643//2643 2627//2627 2626//2626
f 2643//2643 2626//2626 2651//2651
f 2651//2651 2626//2626 2654//2654
f 2651//2651 2654//2654 2482//2482
f 2482//2482 2654//2654 2653//2653
f 2482//2482 2653//2653 2484//2484
f 2484//2484 2653//2653 1353//1353
f 2484//2484 1353//1353 1067//1067
f 2655//2655 2656//2656 2657//2657
f 2657//2657 2656//2656 2658//2658
f 2659//2659 2660//2660 2661//2661
f 2661//2661 2660//2660 2662//2662
f 2663//2663 2662//2662 2665//2665
f 2665//2665 2662//2662 2667//2667
f 2666//2666 2668//2668 2351//2351
f 2351//2351 2668//2668 2353//2353
f 2669//2669 2655//2655 2670//2670
f 2670//2670 2655//2655 2657//2657
f 2670//2670 2659//2659 2671//2671
f 2671//2671 2659//2659 2661//2661
f 2671//2671 2661//2661 2672//2672
f 2672//2672 2661//2661 2664//2664
f 2673//2673 2666//2666 2349//2349
f 2349//2349 2666//2666 2351//2351
f 2674//2674 2675//2675 2676//2676
f 2676//2676 2675//2675 2677//2677
f 2676//2676 2677//2677 2678//2678
f 2678//2678 2677//2677 2679//2679
f 2679//2679 2677//2677 2680//2680
f 2679//2679 2680//2680 2681//2681
f 2681//2681 2680//2680 2682//2682
f 2681//2681 2682//2682 2683//2683
f 2685//2685 2682//2682 2686//2686
f 2686//2686 2682//2682 2687//2687
f 2686//2686 2687//2687 2688//2688
f 2675//2675 2690//2690 2677//2677
f 2677//2677 2690//2690 2691//2691
f 2677//2677 2691//2691 2680//2680
f 2680//2680 2691//2691 2692//2692
f 2680//2680 2692//2692 2682//2682
f 2682//2682 2692//2692 2693//2693
f 2682//2682 2693//2693 2687//2687
f 2687//2687 2693//2693 2694//2694
f 2687//2687 2694//2694 2695//2695
f 2695//2695 2694//2694 2696//2696
f 2695//2695 2696//2696 2697//2697
f 2697//2697 2696//2696 2698//2698
f 2697//2697 2698//2698 2699//2699
f 2699//2699 2698//2698 2669//2669
f 2699//2699 2669//2669 2670//2670
f 2700//2700 2701//2701 2702//2702
f 2702//2702 2701//2701 2689//2689
f 2703//2703 2704//2704 2700//2700
f 2357//2357 2366//2366 2355//2355
f 2355//2355 2366//2366 2705//2705
f 2673//2673 2349//2349 2363//2363
f 2673//2673 2363//2363 2706//2706
f 2706//2706 2363//2363 2360//2360
f 2706//2706 2360//2360 2707//2707
f 2707//2707 2360//2360 2356//2356
f 2707//2707 2356//2356 2708//2708
f 2708//2708 2356//2356 2355//2355
f 2708//2708 2355//2355 2703//2703
f 2703//2703 2355//2355 2705//2705
f 2703//2703 2705//2705 2704//2704
f 2700//2700 2702//2702 2703//2703
f 2703//2703 2702//2702 2709//2709
f 2703//2703 2709//2709 2710//2710
f 2710//2710 2709//2709 2711//2711
f 2710//2710 2711//2711 2712//2712
f 2712//2712 2711//2711 2713//2713
f 2712//2712 2713//2713 2714//2714
f 2714//2714 2713//2713 2671//2671
f 2714//2714 2671//2671 2672//2672
f 2688//2688 2687//2687 2715//2715
f 2715//2715 2687//2687 2695//2695
f 2715//2715 2695//2695 2716//2716
f 2716//2716 2695//2695 2697//2697
f 2716//2716 2697//2697 2717//2717
f 2717//2717 2697//2697 2699//2699
f 2717//2717 2699//2699 2718//2718
f 2718//2718 2699//2699 2670//2670
f 2718//2718 2670//2670 2671//2671
f 2719//2719 2720//2720 2721//2721
f 2722//2722 2719//2719 2723//2723
f 2723//2723 2719//2719 2721//2721
f 2723//2723 2721//2721 2724//2724
f 2724//2724 2721//2721 2725//2725
f 2726//2726 382//382 381//381
f 2719//2719 2722//2722 2727//2727
f 2727//2727 2722//2722 2728//2728
f 2727//2727 2728//2728 2729//2729
f 2729//2729 2728//2728 2730//2730
f 2729//2729 2730//2730 2731//2731
f 2731//2731 2730//2730 2732//2732
f 2731//2731 2732//2732 2733//2733
f 2733//2733 2732//2732 2734//2734
f 381//381 2735//2735 2726//2726
f 2726//2726 2735//2735 2736//2736
f 2726//2726 2736//2736 2737//2737
f 2737//2737 2736//2736 2738//2738
f 2737//2737 2738//2738 2739//2739
f 2739//2739 2738//2738 2740//2740
f 2739//2739 2740//2740 2734//2734
f 2734//2734 2740//2740 2741//2741
f 2734//2734 2741//2741 2733//2733
f 2513//2513 2516//2516 2742//2742
f 2743//2743 2744//2744 1583//1583
f 2535//2535 2540//2540 2745//2745
f 2554//2554 2743//2743 2556//2556
f 2556//2556 2743//2743 2745//2745
f 2556//2556 2745//2745 2558//2558
f 2558//2558 2745//2745 2540//2540
f 2554//2554 2547//2547 2743//2743
f 2743//2743 2547//2547 2546//2546
f 2743//2743 2546//2546 2744//2744
f 2746//2746 2747//2747 2748//2748
f 2748//2748 2747//2747 2749//2749
f 2749//2749 2750//2750 2748//2748
f 2748//2748 2750//2750 2751//2751
f 2748//2748 2751//2751 2744//2744
f 2752//2752 2753//2753 2748//2748
f 2748//2748 2753//2753 2754//2754
f 2748//2748 2754//2754 2746//2746
f 2546//2546 2570//2570 2744//2744
f 2744//2744 2570//2570 2575//2575
f 2744//2744 2575//2575 2748//2748
f 2748//2748 2575//2575 2755//2755
f 2748//2748 2755//2755 2752//2752
f 2756//2756 2531//2531 2347//2347
f 2757//2757 2528//2528 2530//2530
f 2528//2528 2757//2757 2526//2526
f 2526//2526 2757//2757 2758//2758
f 2526//2526 2758//2758 2524//2524
f 2516//2516 2518//2518 2742//2742
f 2742//2742 2518//2518 2520//2520
f 2742//2742 2520//2520 2758//2758
f 2758//2758 2520//2520 2522//2522
f 2758//2758 2522//2522 2524//2524
f 1244//1244 2513//2513 1245//1245
f 1245//1245 2513//2513 2742//2742
f 1245//1245 2742//2742 2759//2759
f 2759//2759 2742//2742 2760//2760
f 2759//2759 2760//2760 2761//2761
f 2761//2761 2760//2760 2762//2762
f 2763//2763 2764//2764 2765//2765
f 2765//2765 2764//2764 2766//2766
f 2767//2767 2768//2768 2769//2769
f 2767//2767 2769//2769 1561//1561
f 1561//1561 2769//2769 2770//2770
f 1561//1561 2770//2770 1588//1588
f 1588//1588 2770//2770 2771//2771
f 1588//1588 2771//2771 1587//1587
f 1583//1583 1582//1582 2743//2743
f 2743//2743 1582//1582 1581//1581
f 2743//2743 1581//1581 1584//1584
f 1587//1587 2771//2771 1584//1584
f 1584//1584 2771//2771 2772//2772
f 1584//1584 2772//2772 2743//2743
f 2743//2743 2772//2772 2756//2756
f 2743//2743 2756//2756 2745//2745
f 2745//2745 2756//2756 2347//2347
f 2745//2745 2347//2347 2535//2535
f 2757//2757 2773//2773 2758//2758
f 2758//2758 2773//2773 2774//2774
f 2758//2758 2774//2774 2742//2742
f 2742//2742 2774//2774 2765//2765
f 2742//2742 2765//2765 2760//2760
f 2760//2760 2765//2765 2766//2766
f 2760//2760 2766//2766 2762//2762
f 2768//2768 2763//2763 2769//2769
f 2769//2769 2763//2763 2765//2765
f 2769//2769 2765//2765 2770//2770
f 2770//2770 2765//2765 2774//2774
f 2770//2770 2774//2774 2771//2771
f 2771//2771 2774//2774 2773//2773
f 2771//2771 2773//2773 2772//2772
f 2772//2772 2773//2773 2757//2757
f 2772//2772 2757//2757 2756//2756
f 2756//2756 2757//2757 2530//2530
f 2756//2756 2530//2530 2531//2531
f 2577//2577 2578//2578 2775//2775
f 2575//2575 2576//2576 2776//2776
f 2458//2458 2777//2777 2456//2456
f 2456//2456 2777//2777 2778//2778
f 2456//2456 2778//2778 2454//2454
f 2454//2454 2778//2778 2779//2779
f 2454//2454 2779//2779 2452//2452
f 2452//2452 2779//2779 2780//2780
f 2452//2452 2780//2780 2450//2450
f 2450//2450 2780//2780 2781//2781
f 2450//2450 2781//2781 2448//2448
f 2448//2448 2781//2781 2579//2579
f 2448//2448 2579//2579 2352//2352
f 2460//2460 2782//2782 2458//2458
f 2458//2458 2782//2782 2783//2783
f 2458//2458 2783//2783 2777//2777
f 2460//2460 2462//2462 2782//2782
f 2782//2782 2462//2462 2464//2464
f 2782//2782 2464//2464 2784//2784
f 2784//2784 2464//2464 1633//1633
f 2784//2784 1633//1633 2785//2785
f 2577//2577 2775//2775 2786//2786
f 2786//2786 2775//2775 2787//2787
f 2786//2786 2787//2787 2788//2788
f 2788//2788 2787//2787 2789//2789
f 2788//2788 2789//2789 2790//2790
f 2790//2790 2789//2789 2791//2791
f 2790//2790 2791//2791 2792//2792
f 2792//2792 2791//2791 2793//2793
f 2792//2792 2793//2793 2794//2794
f 2794//2794 2793//2793 2795//2795
f 2794//2794 2795//2795 2796//2796
f 2796//2796 2795//2795 2797//2797
f 2796//2796 2797//2797 2798//2798
f 2798//2798 2797//2797 2799//2799
f 2798//2798 2799//2799 2800//2800
f 2800//2800 2799//2799 2801//2801
f 2800//2800 2801//2801 2802//2802
f 2575//2575 2776//2776 2755//2755
f 2755//2755 2776//2776 2803//2803
f 2755//2755 2803//2803 2752//2752
f 2752//2752 2803//2803 2804//2804
f 2752//2752 2804//2804 2753//2753
f 2753//2753 2804//2804 2805//2805
f 2753//2753 2805//2805 2754//2754
f 2754//2754 2805//2805 2806//2806
f 2754//2754 2806//2806 2746//2746
f 2746//2746 2806//2806 2807//2807
f 2746//2746 2807//2807 2747//2747
f 2747//2747 2807//2807 2808//2808
f 2747//2747 2808//2808 2749//2749
f 2749//2749 2808//2808 2809//2809
f 2749//2749 2809//2809 2750//2750
f 2750//2750 2809//2809 2810//2810
f 2750//2750 2810//2810 2751//2751
f 1583//1583 2744//2744 2811//2811
f 2744//2744 2751//2751 2811//2811
f 2811//2811 2751//2751 2810//2810
f 2812//2812 2802//2802 2816//2816
f 2816//2816 2802//2802 2801//2801
f 2817//2817 2785//2785 1631//1631
f 1631//1631 2785//2785 1633//1633
f 1631//1631 1629//1629 2817//2817
f 2817//2817 1629//1629 1641//1641
f 2815//2815 1643//1643 2814//2814
f 2813//2813 1642//1642 1646//1646
f 2811//2811 1634//1634 1583//1583
f 2658//2658 2656//2656 2818//2818
f 2662//2662 2660//2660 2819//2819
f 2667//2667 2662//2662 2820//2820
f 2658//2658 2818//2818 2821//2821
f 2821//2821 2818//2818 2822//2822
f 2821//2821 2822//2822 2823//2823
f 2823//2823 2822//2822 2824//2824
f 2823//2823 2824//2824 2825//2825
f 2825//2825 2824//2824 2826//2826
f 2825//2825 2826//2826 2827//2827
f 2827//2827 2826//2826 2828//2828
f 2827//2827 2828//2828 2829//2829
f 2829//2829 2828//2828 2830//2830
f 2829//2829 2830//2830 2831//2831
f 2662//2662 2819//2819 2820//2820
f 2820//2820 2819//2819 2832//2832
f 2820//2820 2832//2832 2833//2833
f 2833//2833 2832//2832 2835//2835
f 2834//2834 2836//2836 2837//2837
f 2837//2837 2836//2836 2839//2839
f 2838//2838 2840//2840 2841//2841
f 2841//2841 2840//2840 2843//2843
f 2842//2842 2844//2844 2845//2845
f 2845//2845 2844//2844 2847//2847
f 2846//2846 2848//2848 2849//2849
f 2668//2668 2850//2850 2851//2851
f 2851//2851 2850//2850 2852//2852
f 2851//2851 2852//2852 2853//2853
f 2853//2853 2852//2852 2854//2854
f 2853//2853 2854//2854 2855//2855
f 2855//2855 2854//2854 2856//2856
f 2855//2855 2856//2856 2857//2857
f 2857//2857 2856//2856 2858//2858
f 2857//2857 2858//2858 2859//2859
f 2859//2859 2858//2858 2860//2860
f 2859//2859 2860//2860 2861//2861
f 2461//2461 2459//2459 2861//2861
f 2862//2862 2459//2459 2457//2457
f 2862//2862 2457//2457 2863//2863
f 2859//2859 2457//2457 2455//2455
f 2859//2859 2455//2455 2857//2857
f 2864//2864 2455//2455 2453//2453
f 2864//2864 2453//2453 2865//2865
f 2855//2855 2453//2453 2451//2451
f 2855//2855 2451//2451 2853//2853
f 2866//2866 2451//2451 2449//2449
f 2866//2866 2449//2449 2867//2867
f 2851//2851 2449//2449 2353//2353
f 2851//2851 2353//2353 2668//2668
f 2463//2463 2461//2461 2868//2868
f 2868//2868 2461//2461 2861//2861
f 2868//2868 2861//2861 2869//2869
f 2869//2869 2861//2861 2860//2860
f 2870//2870 2849//2849 2871//2871
f 2871//2871 2849//2849 2848//2848
f 2872//2872 2831//2831 2873//2873
f 2873//2873 2831//2831 2830//2830
f 2465//2465 2463//2463 2874//2874
f 2874//2874 2463//2463 2875//2875
f 2876//2876 2868//2868 2877//2877
f 2877//2877 2868//2868 2869//2869
f 2878//2878 2870//2870 2879//2879
f 2879//2879 2870//2870 2871//2871
f 2880//2880 2872//2872 2881//2881
f 2881//2881 2872//2872 2873//2873
f 1632//1632 2465//2465 2882//2882
f 2882//2882 2465//2465 2874//2874
f 2883//2883 2876//2876 2884//2884
f 2884//2884 2876//2876 2877//2877
f 2885//2885 2878//2878 2886//2886
f 2886//2886 2878//2878 2879//2879
f 2887//2887 2880//2880 2888//2888
f 2888//2888 2880//2880 2881//2881
f 2889//2889 2890//2890 2891//2891
f 2892//2892 2893//2893 2894//2894
f 2895//2895 2896//2896 2897//2897
f 2898//2898 927//927 2899//2899
f 2899//2899 927//927 926//926
f 2900//2900 2901//2901 2891//2891
f 2818//2818 2656//2656 2902//2902
f 2818//2818 2902//2902 2822//2822
f 2828//2828 2826//2826 2902//2902
f 2902//2902 2826//2826 2824//2824
f 2902//2902 2824//2824 2822//2822
f 2698//2698 2903//2903 2669//2669
f 2669//2669 2903//2903 2902//2902
f 2669//2669 2902//2902 2655//2655
f 2655//2655 2902//2902 2656//2656
f 2698//2698 2696//2696 2903//2903
f 2903//2903 2696//2696 2694//2694
f 2903//2903 2694//2694 2693//2693
f 2904//2904 2888//2888 2902//2902
f 2902//2902 2888//2888 2881//2881
f 2881//2881 2873//2873 2902//2902
f 2902//2902 2873//2873 2830//2830
f 2902//2902 2830//2830 2828//2828
f 1755//1755 1757//1757 2904//2904
f 2904//2904 2902//2902 1755//1755
f 1755//1755 2902//2902 2903//2903
f 1755//1755 2903//2903 1756//1756
f 1756//1756 2903//2903 2905//2905
f 1756//1756 2905//2905 1760//1760
f 2893//2893 2906//2906 2907//2907
f 2893//2893 2907//2907 2894//2894
f 2894//2894 2907//2907 2908//2908
f 2894//2894 2908//2908 2909//2909
f 2908//2908 2910//2910 2909//2909
f 2909//2909 2910//2910 2911//2911
f 2909//2909 2911//2911 2912//2912
f 2912//2912 2913//2913 2909//2909
f 2909//2909 2913//2913 2914//2914
f 2909//2909 2914//2914 2915//2915
f 2915//2915 2916//2916 2909//2909
f 2909//2909 2916//2916 2917//2917
f 2909//2909 2917//2917 2918//2918
f 2892//2892 2919//2919 2893//2893
f 2893//2893 2919//2919 2920//2920
f 2893//2893 2920//2920 2906//2906
f 2890//2890 2921//2921 2922//2922
f 2922//2922 2923//2923 2890//2890
f 2890//2890 2923//2923 2924//2924
f 2890//2890 2924//2924 2891//2891
f 2891//2891 2924//2924 2925//2925
f 2891//2891 2925//2925 2900//2900
f 2897//2897 2896//2896 2899//2899
f 2899//2899 2896//2896 2926//2926
f 2899//2899 2926//2926 2898//2898
f 2895//2895 2897//2897 2927//2927
f 2927//2927 2897//2897 2928//2928
f 2927//2927 2928//2928 2929//2929
f 2930//2930 2931//2931 2928//2928
f 2928//2928 2931//2931 2932//2932
f 2928//2928 2932//2932 2929//2929
f 2918//2918 2905//2905 2909//2909
f 2909//2909 2905//2905 2903//2903
f 2909//2909 2903//2903 2933//2933
f 2933//2933 2903//2903 2693//2693
f 2933//2933 2693//2693 2692//2692
f 926//926 2934//2934 2899//2899
f 2899//2899 2934//2934 2921//2921
f 2899//2899 2921//2921 2897//2897
f 2897//2897 2921//2921 2890//2890
f 2897//2897 2890//2890 2928//2928
f 2928//2928 2890//2890 2889//2889
f 2928//2928 2889//2889 2930//2930
f 2901//2901 2919//2919 2891//2891
f 2891//2891 2919//2919 2892//2892
f 2891//2891 2892//2892 2889//2889
f 2889//2889 2892//2892 2894//2894
f 2889//2889 2894//2894 2930//2930
f 2930//2930 2894//2894 2909//2909
f 2930//2930 2909//2909 2935//2935
f 2935//2935 2909//2909 2933//2933
f 2935//2935 2933//2933 2930//2930
f 2930//2930 2933//2933 2936//2936
f 2930//2930 2936//2936 2931//2931
f 1628//1628 1630//1630 2937//2937
f 1628//1628 2937//2937 1775//1775
f 1774//1774 2938//2938 2939//2939
f 1774//1774 2939//2939 1771//1771
f 1771//1771 2939//2939 1769//1769
f 1769//1769 2939//2939 2940//2940
f 1769//1769 2940//2940 1768//1768
f 1768//1768 2940//2940 1765//1765
f 1765//1765 2940//2940 2904//2904
f 1765//1765 2904//2904 1757//1757
f 2888//2888 2904//2904 2887//2887
f 2887//2887 2904//2904 2940//2940
f 2886//2886 2940//2940 2885//2885
f 2885//2885 2940//2940 2939//2939
f 2884//2884 2939//2939 2883//2883
f 2883//2883 2939//2939 2938//2938
f 2882//2882 2937//2937 1632//1632
f 1632//1632 2937//2937 1630//1630
f 2941//2941 2942//2942 2943//2943
f 1802//1802 1801//1801 2944//2944
f 2942//2942 2945//2945 2943//2943
f 2943//2943 2945//2945 2946//2946
f 2943//2943 2946//2946 2947//2947
f 2944//2944 2946//2946 2948//2948
f 2944//2944 2948//2948 1802//1802
f 2941//2941 2943//2943 2949//2949
f 2949//2949 2943//2943 2950//2950
f 2949//2949 2950//2950 2951//2951
f 2952//2952 2953//2953 2954//2954
f 2952//2952 2954//2954 2950//2950
f 2950//2950 2954//2954 2955//2955
f 2950//2950 2955//2955 2951//2951
f 2207//2207 2102//2102 2163//2163
f 2767//2767 1561//1561 2207//2207
f 2207//2207 2163//2163 2767//2767
f 2767//2767 2163//2163 2162//2162
f 2767//2767 2162//2162 2768//2768
f 2768//2768 2162//2162 2161//2161
f 2768//2768 2161//2161 2763//2763
f 2763//2763 2161//2161 2097//2097
f 2763//2763 2097//2097 2764//2764
f 2764//2764 2097//2097 2096//2096
f 2764//2764 2096//2096 2766//2766
f 2766//2766 2096//2096 2166//2166
f 2766//2766 2166//2166 2762//2762
f 2762//2762 2166//2166 2165//2165
f 2762//2762 2165//2165 2761//2761
f 2761//2761 2165//2165 2164//2164
f 2761//2761 2164//2164 2759//2759
f 2759//2759 2164//2164 2122//2122
f 2759//2759 2122//2122 1245//1245
f 2956//2956 2958//2958 2959//2959
f 2960//2960 2957//2957 2961//2961
f 2960//2960 2961//2961 2962//2962
f 2963//2963 2964//2964 2719//2719
f 2719//2719 2964//2964 2965//2965
f 2719//2719 2965//2965 2720//2720
f 2936//2936 2933//2933 2966//2966
f 2966//2966 2933//2933 2967//2967
f 2967//2967 2968//2968 2966//2966
f 2966//2966 2968//2968 2969//2969
f 2966//2966 2969//2969 2970//2970
f 2970//2970 2969//2969 2971//2971
f 2970//2970 2971//2971 2972//2972
f 2966//2966 2970//2970 2973//2973
f 2974//2974 2975//2975 2976//2976
f 386//386 2977//2977 380//380
f 380//380 2977//2977 2978//2978
f 380//380 2978//2978 381//381
f 389//389 2979//2979 2980//2980
f 2981//2981 2974//2974 2976//2976
f 2982//2982 927//927 2983//2983
f 381//381 2978//2978 2735//2735
f 2735//2735 2978//2978 2984//2984
f 2735//2735 2984//2984 2736//2736
f 2736//2736 2984//2984 2985//2985
f 2736//2736 2985//2985 2738//2738
f 2738//2738 2985//2985 2986//2986
f 2738//2738 2986//2986 2740//2740
f 927//927 2898//2898 2983//2983
f 2983//2983 2898//2898 2926//2926
f 2983//2983 2926//2926 2987//2987
f 2987//2987 2926//2926 2896//2896
f 2987//2987 2896//2896 2988//2988
f 2988//2988 2896//2896 2895//2895
f 2988//2988 2895//2895 2989//2989
f 2989//2989 2895//2895 2927//2927
f 2989//2989 2927//2927 2990//2990
f 2990//2990 2927//2927 2929//2929
f 2990//2990 2929//2929 2991//2991
f 2991//2991 2929//2929 2932//2932
f 2991//2991 2932//2932 2992//2992
f 2992//2992 2932//2932 2931//2931
f 2992//2992 2931//2931 2993//2993
f 2993//2993 2931//2931 2936//2936
f 2936//2936 2966//2966 2993//2993
f 2994//2994 2966//2966 2973//2973
f 2994//2994 2973//2973 2995//2995
f 2995//2995 2973//2973 2996//2996
f 2995//2995 2996//2996 2997//2997
f 2997//2997 2996//2996 2998//2998
f 2997//2997 2998//2998 2999//2999
f 2999//2999 2998//2998 3000//3000
f 2999//2999 3000//3000 3001//3001
f 3001//3001 3000//3000 3002//3002
f 3001//3001 3002//3002 3003//3003
f 3003//3003 3002//3002 3004//3004
f 3003//3003 3004//3004 3005//3005
f 3005//3005 3004//3004 3006//3006
f 3005//3005 3006//3006 3007//3007
f 3007//3007 3006//3006 3008//3008
f 3007//3007 3008//3008 2980//2980
f 2980//2980 3008//3008 2977//2977
f 2980//2980 2977//2977 389//389
f 389//389 2977//2977 386//386
f 2740//2740 2986//2986 2741//2741
f 2741//2741 2986//2986 3009//3009
f 2741//2741 3009//3009 2733//2733
f 2733//2733 3009//3009 3010//3010
f 2733//2733 3010//3010 2731//2731
f 2731//2731 3010//3010 3011//3011
f 2731//2731 3011//3011 2729//2729
f 2729//2729 3011//3011 3012//3012
f 2729//2729 3012//3012 2727//2727
f 2727//2727 3012//3012 2963//2963
f 2727//2727 2963//2963 2719//2719
f 3013//3013 3014//3014 3015//3015
f 1728//1728 3016//3016 1730//1730
f 1730//1730 3013//3013 3015//3015
f 1730//1730 3015//3015 1759//1759
f 3017//3017 3018//3018 3019//3019
f 3019//3019 3018//3018 3020//3020
f 3019//3019 3020//3020 3013//3013
f 3013//3013 3020//3020 3021//3021
f 3013//3013 3021//3021 3014//3014
f 3017//3017 3019//3019 3022//3022
f 3022//3022 3019//3019 1527//1527
f 3022//3022 1527//1527 1526//1526
f 3019//3019 3013//3013 3023//3023
f 238//238 3024//3024 239//239
f 239//239 3025//3025 3026//3026
f 239//239 3026//3026 241//241
f 3027//3027 933//933 3028//3028
f 238//238 1534//1534 3024//3024
f 3024//3024 1534//1534 1536//1536
f 3024//3024 1536//1536 3029//3029
f 3029//3029 1536//1536 1544//1544
f 3029//3029 1544//1544 3030//3030
f 3030//3030 1544//1544 1543//1543
f 3030//3030 1543//1543 3031//3031
f 3031//3031 1543//1543 1541//1541
f 3031//3031 1541//1541 3032//3032
f 1541//1541 1539//1539 3033//3033
f 3033//3033 1539//1539 1549//1549
f 3033//3033 1549//1549 3034//3034
f 3034//3034 1549//1549 1548//1548
f 3034//3034 1548//1548 3035//3035
f 3035//3035 1548//1548 1546//1546
f 3035//3035 1546//1546 3036//3036
f 3036//3036 1546//1546 1527//1527
f 1527//1527 3019//3019 3036//3036
f 3037//3037 3019//3019 3023//3023
f 3037//3037 3023//3023 3038//3038
f 3038//3038 3023//3023 3039//3039
f 3038//3038 3039//3039 3040//3040
f 3040//3040 3039//3039 3041//3041
f 3040//3040 3041//3041 3042//3042
f 3042//3042 3041//3041 3043//3043
f 3042//3042 3043//3043 3044//3044
f 3044//3044 3043//3043 3045//3045
f 3044//3044 3045//3045 3046//3046
f 3046//3046 3045//3045 3047//3047
f 3046//3046 3047//3047 3048//3048
f 3048//3048 3047//3047 3049//3049
f 3048//3048 3049//3049 3050//3050
f 3050//3050 3049//3049 3051//3051
f 3050//3050 3051//3051 3026//3026
f 3026//3026 3051//3051 3027//3027
f 3026//3026 3027//3027 241//241
f 241//241 3027//3027 3028//3028
f 933//933 3027//3027 931//931
f 931//931 3027//3027 3052//3052
f 931//931 3052//3052 1735//1735
f 1735//1735 3052//3052 3053//3053
f 1735//1735 3053//3053 1734//1734
f 1734//1734 3053//3053 3054//3054
f 1734//1734 3054//3054 1732//1732
f 1732//1732 3054//3054 3055//3055
f 1732//1732 3055//3055 1731//1731
f 1731//1731 3055//3055 3056//3056
f 1731//1731 3056//3056 1722//1722
f 1722//1722 3056//3056 3057//3057
f 1722//1722 3057//3057 1723//1723
f 1723//1723 3057//3057 3058//3058
f 1723//1723 3058//3058 1725//1725
f 1725//1725 3058//3058 3059//3059
f 1725//1725 3059//3059 1726//1726
f 1726//1726 3059//3059 3016//3016
f 1726//1726 3016//3016 1728//1728
f 1778//1778 3060//3060 1779//1779
f 1779//1779 3060//3060 3061//3061
f 3060//3060 3062//3062 3061//3061
f 3061//3061 3062//3062 3063//3063
f 3061//3061 3063//3063 3064//3064
f 3064//3064 3063//3063 3065//3065
f 3064//3064 3065//3065 2210//2210
f 2210//2210 3065//3065 2208//2208
f 3066//3066 2960//2960 2962//2962
f 2962//2962 3067//3067 3066//3066
f 3066//3066 3067//3067 3068//3068
f 3066//3066 3068//3068 3069//3069
f 2953//2953 2952//2952 3070//3070
f 3070//3070 2952//2952 3069//3069
f 3070//3070 3069//3069 3071//3071
f 3071//3071 3069//3069 3068//3068
f 1760//1760 2905//2905 3072//3072
f 1760//1760 3072//3072 3073//3073
f 3074//3074 3075//3075 3076//3076
f 3074//3074 3076//3076 3077//3077
f 3076//3076 3078//3078 3079//3079
f 3076//3076 3079//3079 3077//3077
f 2905//2905 2918//2918 3072//3072
f 3072//3072 2918//2918 3080//3080
f 3075//3075 3081//3081 3076//3076
f 3076//3076 3081//3081 3082//3082
f 3076//3076 3083//3083 3078//3078
f 3078//3078 3083//3083 3084//3084
f 3078//3078 3085//3085 3079//3079
f 3079//3079 3085//3085 3086//3086
f 3079//3079 3088//3088 3077//3077
f 3077//3077 3088//3088 3089//3089
f 3077//3077 3089//3089 3074//3074
f 3073//3073 3090//3090 1715//1715
f 3073//3073 1715//1715 1760//1760
f 3085//3085 3091//3091 3086//3086
f 3087//3087 3092//3092 3093//3093
f 3088//3088 3094//3094 3089//3089
f 3089//3089 3094//3094 3095//3095
f 3090//3090 3096//3096 1715//1715
f 1715//1715 3096//3096 1747//1747
f 3097//3097 3080//3080 2917//2917
f 2917//2917 3080//3080 2918//2918
f 3098//3098 3084//3084 3099//3099
f 3099//3099 3084//3084 3083//3083
f 3100//3100 3098//3098 3101//3101
f 3101//3101 3098//3098 3099//3099
f 3102//3102 3103//3103 3104//3104
f 3104//3104 3103//3103 3082//3082
f 3104//3104 3082//3082 3081//3081
f 2916//2916 2915//2915 3105//3105
f 3105//3105 2915//2915 3106//3106
f 3107//3107 3108//3108 3110//3110
f 3111//3111 3109//3109 3113//3113
f 2917//2917 2916//2916 3097//3097
f 3097//3097 2916//2916 3105//3105
f 3104//3104 3107//3107 3102//3102
f 3102//3102 3107//3107 3110//3110
f 3101//3101 3111//3111 3100//3100
f 3100//3100 3111//3111 3113//3113
f 3100//3100 3113//3113 3114//3114
f 3115//3115 3116//3116 3117//3117
f 3117//3117 3116//3116 3118//3118
f 3117//3117 3118//3118 3119//3119
f 3119//3119 3118//3118 3120//3120
f 3119//3119 3120//3120 3121//3121
f 3121//3121 3120//3120 3122//3122
f 3121//3121 3122//3122 3123//3123
f 2908//2908 3115//3115 2910//2910
f 2910//2910 3115//3115 3124//3124
f 2910//2910 3124//3124 2911//2911
f 2911//2911 3124//3124 3125//3125
f 2911//2911 3125//3125 2912//2912
f 2912//2912 3125//3125 3126//3126
f 2912//2912 3126//3126 2913//2913
f 2913//2913 3126//3126 3127//3127
f 2913//2913 3127//3127 2914//2914
f 2908//2908 3128//3128 3115//3115
f 3115//3115 3128//3128 3129//3129
f 3115//3115 3129//3129 3116//3116
f 3116//3116 3129//3129 3130//3130
f 3131//3131 3130//3130 3132//3132
f 2915//2915 2914//2914 3106//3106
f 3106//3106 2914//2914 3127//3127
f 3109//3109 3123//3123 3113//3113
f 3113//3113 3123//3123 3122//3122
f 3112//3112 3133//3133 3134//3134
f 3134//3134 3133//3133 3135//3135
f 3134//3134 3135//3135 3136//3136
f 3136//3136 3135//3135 3137//3137
f 3136//3136 3137//3137 3138//3138
f 3138//3138 3137//3137 3131//3131
f 3138//3138 3131//3131 3139//3139
f 3139//3139 3131//3131 3132//3132
f 3139//3139 3132//3132 3140//3140
f 3094//3094 3141//3141 3095//3095
f 3095//3095 3141//3141 3142//3142
f 3096//3096 3143//3143 1747//1747
f 3144//3144 3141//3141 3145//3145
f 3145//3145 3141//3141 3093//3093
f 3145//3145 3093//3093 3092//3092
f 3146//3146 3147//3147 3148//3148
f 3148//3148 3147//3147 3149//3149
f 3148//3148 3149//3149 3150//3150
f 3150//3150 3149//3149 3151//3151
f 3150//3150 3151//3151 3152//3152
f 3152//3152 3151//3151 3153//3153
f 3152//3152 3153//3153 3154//3154
f 3154//3154 3153//3153 3155//3155
f 3154//3154 3155//3155 3156//3156
f 3156//3156 3155//3155 3157//3157
f 3156//3156 3157//3157 3159//3159
f 3160//3160 3158//3158 3161//3161
f 3162//3162 3146//3146 3163//3163
f 3163//3163 3146//3146 3164//3164
f 3163//3163 3164//3164 3165//3165
f 3165//3165 3164//3164 3166//3166
f 3165//3165 3166//3166 3167//3167
f 3167//3167 3166//3166 3168//3168
f 3167//3167 3168//3168 3169//3169
f 3169//3169 3168//3168 3170//3170
f 3169//3169 3170//3170 3171//3171
f 3171//3171 3170//3170 3172//3172
f 3171//3171 3172//3172 3144//3144
f 3144//3144 3172//3172 3160//3160
f 3144//3144 3160//3160 3141//3141
f 3141//3141 3160//3160 3161//3161
f 3141//3141 3161//3161 3142//3142
f 3162//3162 3173//3173 3146//3146
f 3146//3146 3173//3173 3174//3174
f 3146//3146 3174//3174 3147//3147
f 3147//3147 3174//3174 3175//3175
f 3176//3176 3175//3175 3177//3177
f 1747//1747 3143//3143 1748//1748
f 1748//1748 3143//3143 3178//3178
f 1748//1748 3178//3178 1744//1744
f 1744//1744 3178//3178 3179//3179
f 1744//1744 3179//3179 1745//1745
f 1745//1745 3179//3179 3180//3180
f 1745//1745 3180//3180 1746//1746
f 1746//1746 3180//3180 3181//3181
f 1746//1746 3181//3181 1742//1742
f 1742//1742 3181//3181 3182//3182
f 1742//1742 3182//3182 1743//1743
f 1743//1743 3182//3182 3183//3183
f 1743//1743 3183//3183 1749//1749
f 1749//1749 3183//3183 3176//3176
f 1749//1749 3176//3176 1750//1750
f 1750//1750 3176//3176 3177//3177
f 1750//1750 3177//3177 1752//1752
f 3184//3184 3185//3185 3186//3186
f 2907//2907 2906//2906 3187//3187
f 3187//3187 2906//2906 3188//3188
f 3187//3187 3189//3189 3190//3190
f 3140//3140 3186//3186 3191//3191
f 3191//3191 3186//3186 3185//3185
f 3191//3191 3185//3185 3192//3192
f 3140//3140 3132//3132 3186//3186
f 3186//3186 3132//3132 3190//3190
f 3186//3186 3190//3190 3184//3184
f 3184//3184 3190//3190 3189//3189
f 2908//2908 2907//2907 3128//3128
f 3128//3128 2907//2907 3187//3187
f 3128//3128 3187//3187 3129//3129
f 3129//3129 3187//3187 3190//3190
f 3129//3129 3190//3190 3130//3130
f 3130//3130 3190//3190 3132//3132
f 3193//3193 3194//3194 3195//3195
f 3196//3196 2212//2212 3198//3198
f 3198//3198 2212//2212 3199//3199
f 3200//3200 3201//3201 3202//3202
f 1752//1752 3195//3195 1753//1753
f 1753//1753 3203//3203 3204//3204
f 1753//1753 3204//3204 1763//1763
f 1752//1752 3177//3177 3195//3195
f 3195//3195 3177//3177 3202//3202
f 3195//3195 3202//3202 3193//3193
f 3205//3205 3202//3202 3201//3201
f 3162//3162 3197//3197 3173//3173
f 3173//3173 3197//3197 3200//3200
f 3173//3173 3200//3200 3174//3174
f 3174//3174 3200//3200 3202//3202
f 3174//3174 3202//3202 3175//3175
f 3175//3175 3202//3202 3177//3177
f 3206//3206 3207//3207 3209//3209
f 3188//3188 2906//2906 2920//2920
f 3184//3184 3189//3189 3210//3210
f 2957//2957 3192//3192 3211//3211
f 3211//3211 3192//3192 3185//3185
f 2961//2961 2957//2957 3212//3212
f 3212//3212 2957//2957 3211//3211
f 3208//3208 3213//3213 3214//3214
f 3214//3214 3213//3213 3185//3185
f 3188//3188 2920//2920 3215//3215
f 3215//3215 2920//2920 2919//2919
f 3215//3215 2919//2919 3216//3216
f 3216//3216 2919//2919 2901//2901
f 3216//3216 2901//2901 3217//3217
f 3217//3217 3218//3218 3216//3216
f 3216//3216 3218//3218 3207//3207
f 3216//3216 3207//3207 3210//3210
f 3210//3210 3207//3207 3219//3219
f 3210//3210 3219//3219 3184//3184
f 3184//3184 3214//3214 3185//3185
f 3218//3218 3220//3220 3207//3207
f 3207//3207 3220//3220 3221//3221
f 3207//3207 3221//3221 3209//3209
f 3209//3209 3221//3221 3222//3222
f 3209//3209 3222//3222 2961//2961
f 2961//2961 3222//3222 3223//3223
f 2961//2961 3223//3223 2962//2962
f 3224//3224 3225//3225 3226//3226
f 3227//3227 3228//3228 3229//3229
f 3199//3199 2212//2212 2211//2211
f 3205//3205 3201//3201 3227//3227
f 3194//3194 3193//3193 3230//3230
f 3199//3199 2211//2211 3231//3231
f 3231//3231 2211//2211 2209//2209
f 3231//3231 2209//2209 3228//3228
f 1763//1763 3204//3204 3232//3232
f 3233//3233 3194//3194 3230//3230
f 3233//3233 3230//3230 3226//3226
f 2209//2209 2208//2208 3234//3234
f 2209//2209 3234//3234 3228//3228
f 3228//3228 3234//3234 3235//3235
f 3228//3228 3235//3235 3229//3229
f 3236//3236 3235//3235 3237//3237
f 3236//3236 3237//3237 3238//3238
f 3205//3205 3227//3227 3239//3239
f 3239//3239 3227//3227 3229//3229
f 3230//3230 3236//3236 3226//3226
f 3226//3226 3236//3236 3238//3238
f 3226//3226 3238//3238 3224//3224
f 1763//1763 3232//3232 1737//1737
f 1737//1737 3232//3232 3240//3240
f 1737//1737 3240//3240 1738//1738
f 1738//1738 3240//3240 3225//3225
f 1738//1738 3225//3225 1739//1739
f 3241//3241 3242//3242 3243//3243
f 3244//3244 3245//3245 3246//3246
f 3067//3067 2962//2962 3223//3223
f 3242//3242 3068//3068 3067//3067
f 3068//3068 3247//3247 3071//3071
f 3071//3071 3247//3247 3246//3246
f 3071//3071 3246//3246 3070//3070
f 3070//3070 3246//3246 3245//3245
f 3070//3070 3245//3245 2953//2953
f 3248//3248 3249//3249 3244//3244
f 2901//2901 3250//3250 3251//3251
f 3252//3252 3253//3253 3254//3254
f 3254//3254 3255//3255 3252//3252
f 3252//3252 3255//3255 3256//3256
f 3251//3251 3256//3256 2901//2901
f 3067//3067 3223//3223 3242//3242
f 3242//3242 3223//3223 3222//3222
f 3242//3242 3222//3222 3243//3243
f 3243//3243 3222//3222 3221//3221
f 3257//3257 3221//3221 3220//3220
f 3244//3244 3258//3258 3248//3248
f 3259//3259 3241//3241 3243//3243
f 3255//3255 3257//3257 3256//3256
f 3256//3256 3257//3257 3220//3220
f 3256//3256 3220//3220 3218//3218
f 3218//3218 3217//3217 3256//3256
f 3256//3256 3217//3217 2901//2901
f 3062//3062 3060//3060 3260//3260
f 3260//3260 3060//3060 1778//1778
f 3065//3065 3063//3063 3262//3262
f 3263//3263 3063//3063 3062//3062
f 2208//2208 3065//3065 3234//3234
f 3234//3234 3065//3065 3262//3262
f 3234//3234 3262//3262 3235//3235
f 3235//3235 3262//3262 3264//3264
f 1778//1778 3265//3265 3260//3260
f 3260//3260 3265//3265 3266//3266
f 3261//3261 3267//3267 3268//3268
f 3269//3269 3238//3238 3270//3270
f 3264//3264 3238//3238 3237//3237
f 3264//3264 3237//3237 3235//3235
f 3267//3267 3271//3271 3268//3268
f 3268//3268 3271//3271 3272//3272
f 3268//3268 3272//3272 3273//3273
f 3273//3273 3272//3272 3274//3274
f 3275//3275 3276//3276 1739//1739
f 1739//1739 3225//3225 3269//3269
f 3269//3269 3225//3225 3224//3224
f 3269//3269 3224//3224 3238//3238
f 3062//3062 3260//3260 3263//3263
f 3262//3262 3277//3277 3278//3278
f 3262//3262 3278//3278 3264//3264
f 3270//3270 3268//3268 3273//3273
f 3270//3270 3273//3273 3269//3269
f 3269//3269 3275//3275 1739//1739
f 3279//3279 3280//3280 3281//3281
f 3254//3254 3253//3253 3282//3282
f 2953//2953 3245//3245 3283//3283
f 2953//2953 3283//3283 2954//2954
f 2954//2954 3283//3283 3284//3284
f 2954//2954 3284//3284 2955//2955
f 2955//2955 3284//3284 2951//2951
f 2951//2951 3284//3284 3285//3285
f 2951//2951 3285//3285 2949//2949
f 2949//2949 3285//3285 3286//3286
f 2949//2949 3286//3286 2941//2941
f 926//926 3287//3287 2934//2934
f 2934//2934 3287//3287 3288//3288
f 2934//2934 3288//3288 2921//2921
f 2921//2921 3288//3288 3289//3289
f 2921//2921 3289//3289 2922//2922
f 2922//2922 3289//3289 3290//3290
f 2922//2922 3290//3290 2923//2923
f 2923//2923 3290//3290 3291//3291
f 2923//2923 3291//3291 2924//2924
f 2924//2924 3291//3291 3292//3292
f 2924//2924 3292//3292 2925//2925
f 2925//2925 3292//3292 3293//3293
f 2925//2925 3293//3293 2900//2900
f 2900//2900 3293//3293 3250//3250
f 2900//2900 3250//3250 2901//2901
f 2941//2941 3286//3286 2942//2942
f 2942//2942 3286//3286 3294//3294
f 2942//2942 3294//3294 2945//2945
f 2945//2945 3294//3294 3295//3295
f 2945//2945 3295//3295 2946//2946
f 2946//2946 3295//3295 3296//3296
f 2946//2946 3296//3296 2948//2948
f 2948//2948 3296//3296 3297//3297
f 2948//2948 3297//3297 1802//1802
f 926//926 3298//3298 3287//3287
f 3299//3299 3300//3300 3301//3301
f 3299//3299 3301//3301 3302//3302
f 3302//3302 3301//3301 3303//3303
f 3302//3302 3303//3303 3304//3304
f 3304//3304 3303//3303 3305//3305
f 3304//3304 3305//3305 3306//3306
f 3306//3306 3305//3305 3307//3307
f 3306//3306 3307//3307 3308//3308
f 3308//3308 3307//3307 3309//3309
f 3308//3308 3309//3309 3310//3310
f 3310//3310 3309//3309 3311//3311
f 3310//3310 3311//3311 3282//3282
f 3282//3282 3311//3311 3312//3312
f 3282//3282 3312//3312 3254//3254
f 3249//3249 3313//3313 3244//3244
f 3300//3300 3314//3314 3301//3301
f 3315//3315 3279//3279 3281//3281
f 3315//3315 3281//3281 3316//3316
f 3316//3316 3281//3281 3317//3317
f 3316//3316 3317//3317 3318//3318
f 3318//3318 3317//3317 3319//3319
f 3318//3318 3319//3319 3320//3320
f 3320//3320 3319//3319 3321//3321
f 3320//3320 3321//3321 3322//3322
f 3322//3322 3321//3321 3323//3323
f 3322//3322 3323//3323 3324//3324
f 3324//3324 3323//3323 3325//3325
f 3324//3324 3325//3325 3313//3313
f 3313//3313 3325//3325 3283//3283
f 3313//3313 3283//3283 3244//3244
f 3244//3244 3283//3283 3245//3245
f 3326//3326 3327//3327 1793//1793
f 1793//1793 3327//3327 1791//1791
f 932//932 1720//1720 3328//3328
f 3328//3328 1720//1720 3329//3329
f 3330//3330 3331//3331 3332//3332
f 1789//1789 1791//1791 3333//3333
f 3333//3333 1791//1791 3327//3327
f 3334//3334 3335//3335 3336//3336
f 3336//3336 3335//3335 3337//3337
f 3336//3336 3337//3337 3338//3338
f 3332//3332 3331//3331 3339//3339
f 3339//3339 3331//3331 3340//3340
f 3336//3336 3341//3341 3334//3334
f 3334//3334 3341//3341 3342//3342
f 3333//3333 3343//3343 1789//1789
f 1787//1787 1785//1785 3343//3343
f 3343//3343 1785//1785 1784//1784
f 3343//3343 1784//1784 1789//1789
f 1764//1764 1719//1719 3344//3344
f 3344//3344 1719//1719 3345//3345
f 3346//3346 3347//3347 3348//3348
f 3348//3348 3347//3347 3349//3349
f 3350//3350 3351//3351 3352//3352
f 3352//3352 3351//3351 3353//3353
f 1719//1719 1718//1718 3345//3345
f 3345//3345 1718//1718 3354//3354
f 3347//3347 3355//3355 3349//3349
f 3349//3349 3355//3355 3356//3356
f 3351//3351 3357//3357 3353//3353
f 3353//3353 3357//3357 3358//3358
f 1720//1720 1764//1764 3329//3329
f 3329//3329 1764//1764 3344//3344
f 3331//3331 3346//3346 3340//3340
f 3340//3340 3346//3346 3348//3348
f 3341//3341 3350//3350 3342//3342
f 3342//3342 3350//3350 3352//3352
f 3343//3343 3359//3359 1787//1787
f 1787//1787 3359//3359 3360//3360
f 1787//1787 3360//3360 1788//1788
f 1788//1788 3360//3360 3361//3361
f 1741//1741 1740//1740 3362//3362
f 3362//3362 1740//1740 3363//3363
f 3364//3364 3365//3365 3366//3366
f 1736//1736 1741//1741 3367//3367
f 3367//3367 1741//1741 3362//3362
f 3368//3368 3364//3364 3369//3369
f 3369//3369 3364//3364 3366//3366
f 3370//3370 3371//3371 3372//3372
f 1780//1780 1782//1782 3361//3361
f 3361//3361 1782//1782 1783//1783
f 3361//3361 1783//1783 1788//1788
f 1740//1740 1739//1739 3363//3363
f 3363//3363 1739//1739 3276//3276
f 3365//3365 3274//3274 3366//3366
f 3366//3366 3274//3274 3272//3272
f 3371//3371 3272//3272 3372//3372
f 3372//3372 3272//3272 3271//3271
f 3372//3372 3271//3271 3267//3267
f 3265//3265 1778//1778 1780//1780
f 1718//1718 1736//1736 3354//3354
f 3354//3354 1736//1736 3367//3367
f 3355//3355 3368//3368 3356//3356
f 3356//3356 3368//3368 3369//3369
f 3357//3357 3370//3370 3358//3358
f 3358//3358 3370//3370 3372//3372
f 3361//3361 3373//3373 1780//1780
f 1780//1780 3373//3373 3266//3266
f 1780//1780 3266//3266 3265//3265
f 951//951 949//949 3374//3374
f 1802//1802 3297//3297 3375//3375
f 3376//3376 1798//1798 3375//3375
f 3375//3375 1798//1798 1800//1800
f 3375//3375 1800//1800 1802//1802
f 3377//3377 1803//1803 3378//3378
f 3378//3378 1803//1803 1805//1805
f 3378//3378 1805//1805 3379//3379
f 3376//3376 1805//1805 1806//1806
f 3376//3376 1806//1806 1798//1798
f 3380//3380 1808//1808 3377//3377
f 3377//3377 1808//1808 1807//1807
f 3377//3377 1807//1807 1803//1803
f 3381//3381 1813//1813 3382//3382
f 3382//3382 1813//1813 1812//1812
f 3382//3382 1812//1812 3380//3380
f 3380//3380 1812//1812 1810//1810
f 3380//3380 1810//1810 1808//1808
f 3383//3383 1815//1815 3381//3381
f 3381//3381 1815//1815 1814//1814
f 3381//3381 1814//1814 1813//1813
f 3384//3384 1820//1820 3385//3385
f 3385//3385 1820//1820 1819//1819
f 3385//3385 1819//1819 3383//3383
f 3383//3383 1819//1819 1817//1817
f 3383//3383 1817//1817 1815//1815
f 3386//3386 1822//1822 3384//3384
f 3384//3384 1822//1822 1821//1821
f 3384//3384 1821//1821 1820//1820
f 3387//3387 1827//1827 3388//3388
f 3388//3388 1827//1827 1826//1826
f 3388//3388 1826//1826 3386//3386
f 3386//3386 1826//1826 1824//1824
f 3386//3386 1824//1824 1822//1822
f 3389//3389 1830//1830 3387//3387
f 3387//3387 1830//1830 1828//1828
f 3387//3387 1828//1828 1827//1827
f 3390//3390 1834//1834 3391//3391
f 3391//3391 1834//1834 1833//1833
f 3391//3391 1833//1833 3389//3389
f 3389//3389 1833//1833 1831//1831
f 3389//3389 1831//1831 1830//1830
f 3392//3392 1836//1836 3390//3390
f 3390//3390 1836//1836 1835//1835
f 3390//3390 1835//1835 1834//1834
f 3393//3393 879//879 3394//3394
f 3394//3394 879//879 877//877
f 3395//3395 884//884 3396//3396
f 3396//3396 884//884 882//882
f 3396//3396 882//882 3393//3393
f 3393//3393 882//882 880//880
f 3393//3393 880//880 879//879
f 3397//3397 888//888 3395//3395
f 3395//3395 888//888 886//886
f 3395//3395 886//886 884//884
f 3398//3398 892//892 3397//3397
f 3397//3397 892//892 890//890
f 3397//3397 890//890 888//888
f 3399//3399 3400//3400 908//908
f 908//908 910//910 3399//3399
f 3399//3399 910//910 912//912
f 3399//3399 912//912 3401//3401
f 3401//3401 912//912 895//895
f 3401//3401 895//895 3398//3398
f 3398//3398 895//895 893//893
f 3398//3398 893//893 892//892
f 3402//3402 902//902 3403//3403
f 3403//3403 902//902 904//904
f 3403//3403 904//904 3400//3400
f 3400//3400 904//904 906//906
f 3400//3400 906//906 908//908
f 3404//3404 898//898 3402//3402
f 3402//3402 898//898 900//900
f 3402//3402 900//900 902//902
f 3405//3405 917//917 3406//3406
f 3404//3404 917//917 925//925
f 3404//3404 925//925 898//898
f 3374//3374 949//949 3407//3407
f 3407//3407 949//949 947//947
f 3407//3407 947//947 3405//3405
f 3405//3405 947//947 945//945
f 3405//3405 945//945 917//917
f 951//951 3374//3374 930//930
f 930//930 3374//3374 3408//3408
f 930//930 3408//3408 928//928
f 3408//3408 3409//3409 928//928
f 928//928 3409//3409 3298//3298
f 928//928 3298//3298 926//926
f 3280//3280 3279//3279 3410//3410
f 3410//3410 3279//3279 3411//3411
f 3410//3410 3411//3411 3412//3412
f 3412//3412 3411//3411 3413//3413
f 3412//3412 3413//3413 3414//3414
f 3414//3414 3413//3413 3415//3415
f 3414//3414 3415//3415 3416//3416
f 3416//3416 3415//3415 3417//3417
f 3416//3416 3417//3417 3418//3418
f 3418//3418 3417//3417 3419//3419
f 3418//3418 3419//3419 3420//3420
f 3420//3420 3419//3419 3421//3421
f 3420//3420 3421//3421 3422//3422
f 3422//3422 3421//3421 3423//3423
f 3422//3422 3423//3423 3424//3424
f 3424//3424 3423//3423 3425//3425
f 3424//3424 3425//3425 3426//3426
f 3426//3426 3425//3425 3427//3427
f 3426//3426 3427//3427 3428//3428
f 3428//3428 3427//3427 3429//3429
f 3428//3428 3429//3429 3430//3430
f 3430//3430 3429//3429 3431//3431
f 3430//3430 3431//3431 3432//3432
f 3432//3432 3431//3431 3433//3433
f 3432//3432 3433//3433 3434//3434
f 3434//3434 3433//3433 3435//3435
f 3434//3434 3435//3435 3436//3436
f 3436//3436 3435//3435 3437//3437
f 3436//3436 3437//3437 3438//3438
f 3438//3438 3437//3437 3439//3439
f 3438//3438 3439//3439 3440//3440
f 3440//3440 3439//3439 3441//3441
f 3440//3440 3441//3441 3442//3442
f 3442//3442 3441//3441 3443//3443
f 3314//3314 3300//3300 3444//3444
f 3444//3444 3300//3300 3445//3445
f 3444//3444 3445//3445 3446//3446
f 3446//3446 3445//3445 3447//3447
f 3446//3446 3447//3447 3448//3448
f 3448//3448 3447//3447 3449//3449
f 3448//3448 3449//3449 3450//3450
f 3450//3450 3449//3449 3451//3451
f 3450//3450 3451//3451 3452//3452
f 3452//3452 3451//3451 3453//3453
f 3452//3452 3453//3453 3454//3454
f 3454//3454 3453//3453 3455//3455
f 3454//3454 3455//3455 3456//3456
f 3456//3456 3455//3455 3457//3457
f 3456//3456 3457//3457 3458//3458
f 3458//3458 3457//3457 3459//3459
f 3458//3458 3459//3459 3460//3460
f 3460//3460 3459//3459 3461//3461
f 3460//3460 3461//3461 3462//3462
f 3462//3462 3461//3461 3463//3463
f 3462//3462 3463//3463 3464//3464
f 3464//3464 3463//3463 3465//3465
f 3464//3464 3465//3465 3466//3466
f 3466//3466 3465//3465 3467//3467
f 3466//3466 3467//3467 3468//3468
f 3468//3468 3467//3467 3469//3469
f 3468//3468 3469//3469 3470//3470
f 3470//3470 3469//3469 3471//3471
f 3470//3470 3471//3471 3472//3472
f 3472//3472 3471//3471 3473//3473
f 3472//3472 3473//3473 3474//3474
f 3474//3474 3473//3473 3475//3475
f 3474//3474 3475//3475 3476//3476
f 3476//3476 3475//3475 3477//3477
f 3478//3478 3479//3479 1865//1865
f 3480//3480 3481//3481 1856//1856
f 3482//3482 3483//3483 1849//1849
f 3484//3484 3485//3485 1842//1842
f 932//932 3328//3328 3486//3486
f 3487//3487 938//938 3488//3488
f 3488//3488 938//938 936//936
f 3488//3488 936//936 3486//3486
f 3486//3486 936//936 934//934
f 3486//3486 934//934 932//932
f 3489//3489 943//943 3490//3490
f 3490//3490 943//943 942//942
f 3490//3490 942//942 3487//3487
f 3487//3487 942//942 940//940
f 3487//3487 940//940 938//938
f 3491//3491 3492//3492 845//845
f 845//845 839//839 3493//3493
f 3493//3493 839//839 841//841
f 3493//3493 841//841 3494//3494
f 3489//3489 841//841 834//834
f 3489//3489 834//834 943//943
f 3495//3495 851//851 3496//3496
f 3496//3496 851//851 849//849
f 3496//3496 849//849 3492//3492
f 3492//3492 849//849 847//847
f 3492//3492 847//847 845//845
f 3497//3497 855//855 3495//3495
f 3495//3495 855//855 853//853
f 3495//3495 853//853 851//851
f 3498//3498 873//873 3499//3499
f 3499//3499 873//873 858//858
f 3499//3499 858//858 3497//3497
f 3497//3497 858//858 856//856
f 3497//3497 856//856 855//855
f 3500//3500 3501//3501 865//865
f 865//865 867//867 3500//3500
f 3500//3500 867//867 869//869
f 3500//3500 869//869 3498//3498
f 3498//3498 869//869 871//871
f 3498//3498 871//871 873//873
f 3502//3502 859//859 3503//3503
f 3503//3503 859//859 861//861
f 3503//3503 861//861 3501//3501
f 3501//3501 861//861 863//863
f 3501//3501 863//863 865//865
f 3394//3394 877//877 3502//3502
f 3502//3502 877//877 876//876
f 3502//3502 876//876 859//859
f 1836//1836 3392//3392 1838//1838
f 1838//1838 3392//3392 3504//3504
f 1838//1838 3504//3504 1839//1839
f 1839//1839 3504//3504 3505//3505
f 1842//1842 1844//1844 3484//3484
f 3484//3484 1844//1844 1845//1845
f 3484//3484 1845//1845 3505//3505
f 3505//3505 1845//1845 1840//1840
f 3505//3505 1840//1840 1839//1839
f 1849//1849 1851//1851 3482//3482
f 3482//3482 1851//1851 1852//1852
f 3482//3482 1852//1852 3506//3506
f 3506//3506 1852//1852 1847//1847
f 3506//3506 1847//1847 3485//3485
f 3485//3485 1847//1847 1846//1846
f 3485//3485 1846//1846 1842//1842
f 1856//1856 1858//1858 3480//3480
f 3480//3480 1858//1858 1859//1859
f 3480//3480 1859//1859 3507//3507
f 3507//3507 1859//1859 1854//1854
f 3507//3507 1854//1854 3483//3483
f 3483//3483 1854//1854 1853//1853
f 3483//3483 1853//1853 1849//1849
f 1865//1865 1864//1864 3478//3478
f 3478//3478 1864//1864 1860//1860
f 3478//3478 1860//1860 3508//3508
f 3508//3508 1860//1860 1862//1862
f 3508//3508 1862//1862 3509//3509
f 3481//3481 1862//1862 1863//1863
f 3481//3481 1863//1863 1856//1856
f 1794//1794 1796//1796 3510//3510
f 3510//3510 1796//1796 1797//1797
f 3510//3510 1797//1797 3511//3511
f 3511//3511 1797//1797 1868//1868
f 3511//3511 1868//1868 3479//3479
f 3479//3479 1868//1868 1867//1867
f 3479//3479 1867//1867 1865//1865
f 3510//3510 3512//3512 1794//1794
f 1794//1794 3512//3512 3326//3326
f 1794//1794 3326//3326 1793//1793
f 3330//3330 3332//3332 3513//3513
f 3513//3513 3332//3332 3514//3514
f 3513//3513 3514//3514 3515//3515
f 3515//3515 3514//3514 3516//3516
f 3515//3515 3516//3516 3517//3517
f 3517//3517 3516//3516 3518//3518
f 3517//3517 3518//3518 3519//3519
f 3519//3519 3518//3518 3520//3520
f 3519//3519 3520//3520 3521//3521
f 3521//3521 3520//3520 3522//3522
f 3521//3521 3522//3522 3523//3523
f 3523//3523 3522//3522 3524//3524
f 3523//3523 3524//3524 3525//3525
f 3525//3525 3524//3524 3526//3526
f 3525//3525 3526//3526 3527//3527
f 3527//3527 3526//3526 3528//3528
f 3527//3527 3528//3528 3529//3529
f 3529//3529 3528//3528 3530//3530
f 3529//3529 3530//3530 3531//3531
f 3531//3531 3530//3530 3532//3532
f 3531//3531 3532//3532 3533//3533
f 3533//3533 3532//3532 3534//3534
f 3533//3533 3534//3534 3535//3535
f 3535//3535 3534//3534 3536//3536
f 3535//3535 3536//3536 3537//3537
f 3537//3537 3536//3536 3538//3538
f 3537//3537 3538//3538 3539//3539
f 3539//3539 3538//3538 3540//3540
f 3539//3539 3540//3540 3541//3541
f 3541//3541 3540//3540 3542//3542
f 3541//3541 3542//3542 3543//3543
f 3543//3543 3542//3542 3544//3544
f 3543//3543 3544//3544 3477//3477
f 3477//3477 3544//3544 3476//3476
f 3338//3338 3337//3337 3545//3545
f 3545//3545 3337//3337 3546//3546
f 3545//3545 3546//3546 3547//3547
f 3547//3547 3546//3546 3548//3548
f 3547//3547 3548//3548 3549//3549
f 3549//3549 3548//3548 3550//3550
f 3549//3549 3550//3550 3551//3551
f 3551//3551 3550//3550 3552//3552
f 3551//3551 3552//3552 3553//3553
f 3553//3553 3552//3552 3554//3554
f 3553//3553 3554//3554 3555//3555
f 3555//3555 3554//3554 3556//3556
f 3555//3555 3556//3556 3557//3557
f 3557//3557 3556//3556 3558//3558
f 3557//3557 3558//3558 3559//3559
f 3559//3559 3558//3558 3560//3560
f 3559//3559 3560//3560 3561//3561
f 3561//3561 3560//3560 3562//3562
f 3561//3561 3562//3562 3563//3563
f 3563//3563 3562//3562 3564//3564
f 3563//3563 3564//3564 3565//3565
f 3565//3565 3564//3564 3566//3566
f 3565//3565 3566//3566 3567//3567
f 3567//3567 3566//3566 3568//3568
f 3567//3567 3568//3568 3569//3569
f 3569//3569 3568//3568 3570//3570
f 3569//3569 3570//3570 3571//3571
f 3571//3571 3570//3570 3572//3572
f 3571//3571 3572//3572 3573//3573
f 3573//3573 3572//3572 3574//3574
f 3573//3573 3574//3574 3575//3575
f 3575//3575 3574//3574 3576//3576
f 3575//3575 3576//3576 3443//3443
f 3443//3443 3576//3576 3442//3442
f 185//185 187//187 3577//3577
f 3577//3577 187//187 3579//3579
f 3578//3578 3580//3580 3581//3581
f 21//21 20//20 3582//3582
f 3582//3582 20//20 3583//3583
f 3583//3583 3584//3584 3582//3582
f 3582//3582 3584//3584 3585//3585
f 3582//3582 3585//3585 3580//3580
f 3580//3580 3585//3585 3586//3586
f 3580//3580 3586//3586 3581//3581
f 38//38 21//21 3587//3587
f 3587//3587 21//21 3582//3582
f 3588//3588 3582//3582 3589//3589
f 3589//3589 3582//3582 3580//3580
f 3590//3590 3579//3579 90//90
f 90//90 3579//3579 187//187
f 39//39 38//38 3591//3591
f 3591//3591 38//38 3587//3587
f 3592//3592 3588//3588 3593//3593
f 3593//3593 3588//3588 3589//3589
f 3594//3594 3590//3590 89//89
f 89//89 3590//3590 90//90
f 3594//3594 89//89 87//87
f 3592//3592 3593//3593 3595//3595
f 39//39 3591//3591 3596//3596
f 3594//3594 87//87 3597//3597
f 3597//3597 87//87 94//94
f 3597//3597 94//94 3598//3598
f 94//94 93//93 3598//3598
f 3598//3598 93//93 97//97
f 3598//3598 97//97 3599//3599
f 3599//3599 97//97 100//100
f 3599//3599 100//100 3600//3600
f 100//100 103//103 3600//3600
f 3600//3600 103//103 3602//3602
f 3601//3601 3603//3603 3604//3604
f 3592//3592 3595//3595 3605//3605
f 3605//3605 3595//3595 3606//3606
f 3605//3605 3606//3606 3607//3607
f 3607//3607 3606//3606 3608//3608
f 3607//3607 3608//3608 3609//3609
f 3609//3609 3608//3608 3601//3601
f 3609//3609 3601//3601 3610//3610
f 3610//3610 3601//3601 3604//3604
f 3610//3610 3604//3604 3611//3611
f 39//39 3596//3596 41//41
f 41//41 3596//3596 3612//3612
f 41//41 3612//3612 42//42
f 42//42 3612//3612 3613//3613
f 42//42 3613//3613 36//36
f 36//36 3613//3613 3614//3614
f 36//36 3614//3614 37//37
f 37//37 3614//3614 3616//3616
f 37//37 3616//3616 23//23
f 109//109 3617//3617 3618//3618
f 3602//3602 103//103 168//168
f 3604//3604 3603//3603 3619//3619
f 3615//3615 3604//3604 3620//3620
f 23//23 3616//3616 3621//3621
f 23//23 3621//3621 25//25
f 25//25 3621//3621 3622//3622
f 25//25 3622//3622 27//27
f 3602//3602 168//168 3623//3623
f 3623//3623 168//168 167//167
f 3623//3623 167//167 3624//3624
f 3624//3624 167//167 165//165
f 3624//3624 165//165 3625//3625
f 3625//3625 165//165 171//171
f 3625//3625 171//171 3626//3626
f 27//27 3622//3622 29//29
f 29//29 3622//3622 3627//3627
f 29//29 3627//3627 31//31
f 31//31 3627//3627 3628//3628
f 31//31 3628//3628 33//33
f 33//33 3628//3628 3629//3629
f 33//33 3629//3629 19//19
f 19//19 3629//3629 3630//3630
f 19//19 3630//3630 17//17
f 17//17 3630//3630 3631//3631
f 17//17 3631//3631 15//15
f 15//15 3631//3631 3632//3632
f 15//15 3632//3632 13//13
f 13//13 3632//3632 3633//3633
f 13//13 3633//3633 11//11
f 171//171 170//170 3634//3634
f 3634//3634 170//170 178//178
f 3634//3634 178//178 3635//3635
f 3635//3635 178//178 177//177
f 3635//3635 177//177 3636//3636
f 3636//3636 177//177 175//175
f 3636//3636 175//175 3637//3637
f 3637//3637 175//175 173//173
f 3637//3637 173//173 3638//3638
f 3638//3638 173//173 181//181
f 3638//3638 181//181 3639//3639
f 3618//3618 181//181 180//180
f 3618//3618 180//180 109//109
f 3604//3604 3619//3619 3620//3620
f 3620//3620 3619//3619 3640//3640
f 3620//3620 3640//3640 3641//3641
f 3641//3641 3640//3640 3625//3625
f 3641//3641 3625//3625 3642//3642
f 3642//3642 3625//3625 3626//3626
f 3642//3642 3626//3626 3643//3643
f 3643//3643 3626//3626 3644//3644
f 3643//3643 3644//3644 3645//3645
f 3645//3645 3644//3644 3646//3646
f 3645//3645 3646//3646 3647//3647
f 3647//3647 3646//3646 3648//3648
f 3647//3647 3648//3648 3649//3649
f 3649//3649 3648//3648 3638//3638
f 3649//3649 3638//3638 3650//3650
f 3650//3650 3638//3638 3639//3639
f 3650//3650 3639//3639 3651//3651
f 3651//3651 3639//3639 3617//3617
f 3651//3651 3617//3617 3652//3652
f 3616//3616 3653//3653 3621//3621
f 3621//3621 3653//3653 3654//3654
f 3621//3621 3654//3654 3655//3655
f 3655//3655 3654//3654 3656//3656
f 3655//3655 3656//3656 3657//3657
f 3657//3657 3656//3656 3659//3659
f 3657//3657 3659//3659 3660//3660
f 3661//3661 3658//3658 3665//3665
f 3662//3662 3664//3664 3666//3666
f 3667//3667 3663//3663 3668//3668
f 3667//3667 3668//3668 3669//3669
f 3669//3669 3668//3668 3670//3670
f 3669//3669 3670//3670 3671//3671
f 3671//3671 3670//3670 3672//3672
f 3671//3671 3672//3672 3673//3673
f 3673//3673 3672//3672 3674//3674
f 3673//3673 3674//3674 3675//3675
f 3675//3675 3674//3674 3652//3652
f 3675//3675 3652//3652 3676//3676
f 3677//3677 6//6 3633//3633
f 3633//3633 6//6 5//5
f 3633//3633 5//5 11//11
f 105//105 117//117 3678//3678
f 3679//3679 3680//3680 1//1
f 3679//3679 1//1 3681//3681
f 113//113 112//112 3680//3680
f 3680//3680 112//112 1//1
f 3//3 3681//3681 1//1
f 117//117 116//116 3678//3678
f 3682//3682 113//113 3680//3680
f 3682//3682 3680//3680 3684//3684
f 3685//3685 3680//3680 3679//3679
f 3685//3685 3679//3679 3686//3686
f 3686//3686 3679//3679 3681//3681
f 3686//3686 3681//3681 8//8
f 8//8 3681//3681 3//3
f 108//108 107//107 3687//3687
f 3687//3687 105//105 3678//3678
f 3687//3687 3678//3678 3689//3689
f 3690//3690 3682//3682 3684//3684
f 3688//3688 3683//3683 3691//3691
f 3691//3691 3683//3683 3686//3686
f 3691//3691 3686//3686 7//7
f 7//7 3686//3686 8//8
f 109//109 108//108 3617//3617
f 3617//3617 108//108 3687//3687
f 3617//3617 3687//3687 3652//3652
f 3652//3652 3687//3687 3689//3689
f 3652//3652 3689//3689 3676//3676
f 3677//3677 3688//3688 3691//3691
f 3677//3677 3691//3691 6//6
f 6//6 3691//3691 7//7
f 44//44 43//43 3692//3692
f 3692//3692 43//43 3693//3693
f 3692//3692 3694//3694 3695//3695
f 3695//3695 3694//3694 3696//3696
f 3696//3696 3694//3694 3697//3697
f 3697//3697 3694//3694 3698//3698
f 3697//3697 3698//3698 3699//3699
f 353//353 3700//3700 3698//3698
f 3698//3698 3700//3700 3701//3701
f 3698//3698 3701//3701 3699//3699
f 264//264 353//353 3702//3702
f 3702//3702 353//353 3698//3698
f 3703//3703 3698//3698 3704//3704
f 3704//3704 3698//3698 3694//3694
f 3705//3705 3693//3693 46//46
f 46//46 3693//3693 43//43
f 46//46 49//49 3705//3705
f 3705//3705 49//49 3706//3706
f 3704//3704 3707//3707 3703//3703
f 3703//3703 3707//3707 3708//3708
f 3702//3702 3709//3709 264//264
f 264//264 3709//3709 262//262
f 3710//3710 3711//3711 3713//3713
f 3711//3711 250//250 249//249
f 3714//3714 3715//3715 3716//3716
f 53//53 3718//3718 3719//3719
f 3711//3711 249//249 3713//3713
f 3713//3713 249//249 252//252
f 3712//3712 254//254 3720//3720
f 3720//3720 254//254 257//257
f 3720//3720 257//257 3721//3721
f 3721//3721 257//257 261//261
f 3721//3721 261//261 3722//3722
f 3722//3722 261//261 262//262
f 3722//3722 262//262 3709//3709
f 3716//3716 3715//3715 3723//3723
f 3723//3723 3715//3715 3724//3724
f 3723//3723 3724//3724 3725//3725
f 3725//3725 3724//3724 3726//3726
f 3725//3725 3726//3726 3727//3727
f 3727//3727 3726//3726 3728//3728
f 3727//3727 3728//3728 3729//3729
f 3729//3729 3728//3728 3708//3708
f 3729//3729 3708//3708 3707//3707
f 53//53 3719//3719 51//51
f 51//51 3719//3719 3730//3730
f 51//51 3730//3730 50//50
f 50//50 3730//3730 3731//3731
f 50//50 3731//3731 47//47
f 47//47 3731//3731 3732//3732
f 47//47 3732//3732 48//48
f 48//48 3732//3732 3706//3706
f 48//48 3706//3706 49//49
f 57//57 59//59 3733//3733
f 346//346 345//345 3734//3734
f 3735//3735 277//277 333//333
f 3736//3736 3737//3737 3739//3739
f 3740//3740 3736//3736 3742//3742
f 3735//3735 333//333 3738//3738
f 3738//3738 333//333 335//335
f 3738//3738 335//335 3743//3743
f 335//335 336//336 3743//3743
f 3743//3743 336//336 338//338
f 3743//3743 338//338 3744//3744
f 3744//3744 338//338 339//339
f 3744//3744 339//339 3745//3745
f 3745//3745 339//339 341//341
f 3745//3745 341//341 3746//3746
f 3746//3746 341//341 349//349
f 3746//3746 349//349 3747//3747
f 3736//3736 3739//3739 3742//3742
f 3742//3742 3739//3739 3748//3748
f 3742//3742 3748//3748 3749//3749
f 3749//3749 3748//3748 3750//3750
f 3749//3749 3750//3750 3751//3751
f 3751//3751 3750//3750 3752//3752
f 3751//3751 3752//3752 3753//3753
f 3753//3753 3752//3752 3754//3754
f 3753//3753 3754//3754 3755//3755
f 3755//3755 3754//3754 3756//3756
f 3755//3755 3756//3756 3757//3757
f 3741//3741 3758//3758 3759//3759
f 3759//3759 3758//3758 3760//3760
f 3759//3759 3760//3760 3761//3761
f 3761//3761 3760//3760 3762//3762
f 3761//3761 3762//3762 3763//3763
f 3763//3763 3762//3762 3764//3764
f 3763//3763 3764//3764 3765//3765
f 3765//3765 3764//3764 3766//3766
f 3765//3765 3766//3766 3767//3767
f 3767//3767 3766//3766 3769//3769
f 3767//3767 3769//3769 3770//3770
f 73//73 3773//3773 75//75
f 75//75 3773//3773 3774//3774
f 75//75 3774//3774 77//77
f 77//77 3774//3774 3775//3775
f 77//77 3775//3775 79//79
f 79//79 3775//3775 3776//3776
f 79//79 3776//3776 81//81
f 81//81 3776//3776 3777//3777
f 81//81 3777//3777 82//82
f 82//82 3777//3777 3778//3778
f 82//82 3778//3778 68//68
f 68//68 3778//3778 3779//3779
f 68//68 3779//3779 65//65
f 65//65 3779//3779 63//63
f 349//349 348//348 3747//3747
f 3747//3747 348//348 3780//3780
f 3756//3756 3780//3780 3757//3757
f 3757//3757 3780//3780 3781//3781
f 3768//3768 3782//3782 3772//3772
f 3771//3771 3783//3783 3784//3784
f 3779//3779 3785//3785 63//63
f 63//63 3785//3785 61//61
f 59//59 61//61 3733//3733
f 3733//3733 61//61 3785//3785
f 3786//3786 3784//3784 3787//3787
f 3787//3787 3784//3784 3783//3783
f 3788//3788 3781//3781 3734//3734
f 3734//3734 3781//3781 3780//3780
f 3734//3734 3780//3780 346//346
f 346//346 3780//3780 348//348
f 345//345 343//343 3734//3734
f 3734//3734 343//343 3789//3789
f 3734//3734 3789//3789 3788//3788
f 3788//3788 3789//3789 3790//3790
f 3787//3787 3790//3790 3786//3786
f 3786//3786 3790//3790 3791//3791
f 3733//3733 3792//3792 57//57
f 57//57 3792//3792 55//55
f 53//53 55//55 3718//3718
f 3718//3718 55//55 3792//3792
f 3717//3717 3791//3791 3710//3710
f 3710//3710 3791//3791 3790//3790
f 3710//3710 3790//3790 3711//3711
f 3711//3711 3790//3790 3789//3789
f 3711//3711 3789//3789 250//250
f 250//250 3789//3789 343//343
f 275//275 276//276 3793//3793
f 3794//3794 85//85 84//84
f 3794//3794 84//84 3795//3795
f 84//84 269//269 3796//3796
f 3796//3796 269//269 272//272
f 70//70 85//85 3797//3797
f 3797//3797 85//85 3794//3794
f 3797//3797 3794//3794 3798//3798
f 3798//3798 3794//3794 3795//3795
f 3799//3799 3800//3800 3801//3801
f 275//275 3793//3793 274//274
f 71//71 70//70 3802//3802
f 3802//3802 70//70 3797//3797
f 3803//3803 3797//3797 3804//3804
f 3804//3804 3797//3797 3798//3798
f 3805//3805 3806//3806 3807//3807
f 3793//3793 3799//3799 3801//3801
f 3793//3793 3801//3801 274//274
f 274//274 3801//3801 272//272
f 73//73 71//71 3773//3773
f 3773//3773 71//71 3802//3802
f 3740//3740 3803//3803 3736//3736
f 3736//3736 3803//3803 3804//3804
f 3736//3736 3805//3805 3737//3737
f 3737//3737 3805//3805 3807//3807
f 3735//3735 3793//3793 277//277
f 277//277 3793//3793 276//276
f 272//272 3808//3808 3796//3796
f 3796//3796 3808//3808 3795//3795
f 3796//3796 3795//3795 84//84
f 3692//3692 3695//3695 3809//3809
f 3810//3810 408//408 410//410
f 303//303 304//304 3811//3811
f 3811//3811 304//304 294//294
f 3811//3811 294//294 3812//3812
f 3812//3812 3813//3813 3811//3811
f 3811//3811 3813//3813 3810//3810
f 3695//3695 3814//3814 3815//3815
f 3815//3815 3814//3814 3816//3816
f 3815//3815 3816//3816 303//303
f 3817//3817 54//54 3818//3818
f 3818//3818 54//54 45//45
f 3818//3818 45//45 3809//3809
f 3809//3809 45//45 44//44
f 3809//3809 44//44 3692//3692
f 3810//3810 410//410 3811//3811
f 3811//3811 410//410 411//411
f 3811//3811 411//411 3819//3819
f 3819//3819 411//411 406//406
f 3819//3819 406//406 3820//3820
f 3820//3820 406//406 405//405
f 3820//3820 405//405 3821//3821
f 3822//3822 405//405 401//401
f 3822//3822 401//401 3823//3823
f 3824//3824 60//60 3825//3825
f 3826//3826 60//60 58//58
f 3826//3826 58//58 3817//3817
f 3817//3817 58//58 56//56
f 3817//3817 56//56 54//54
f 401//401 403//403 3823//3823
f 3823//3823 403//403 404//404
f 3823//3823 404//404 3827//3827
f 3827//3827 404//404 400//400
f 3827//3827 400//400 3828//3828
f 3829//3829 400//400 399//399
f 3829//3829 399//399 3830//3830
f 393//393 3831//3831 394//394
f 394//394 3831//3831 3832//3832
f 394//394 3832//3832 395//395
f 395//395 3832//3832 3833//3833
f 395//395 3833//3833 396//396
f 396//396 3833//3833 3830//3830
f 396//396 3830//3830 398//398
f 398//398 3830//3830 399//399
f 303//303 3811//3811 3815//3815
f 3815//3815 3811//3811 3819//3819
f 3815//3815 3819//3819 3834//3834
f 3834//3834 3819//3819 3820//3820
f 3834//3834 3820//3820 3835//3835
f 3835//3835 3820//3820 3821//3821
f 3835//3835 3821//3821 3836//3836
f 3836//3836 3821//3821 3823//3823
f 3836//3836 3823//3823 3837//3837
f 3837//3837 3823//3823 3827//3827
f 3837//3837 3827//3827 3838//3838
f 3838//3838 3827//3827 3828//3828
f 3838//3838 3828//3828 3839//3839
f 3839//3839 3828//3828 3830//3830
f 3839//3839 3830//3830 3840//3840
f 3840//3840 3830//3830 3833//3833
f 3840//3840 3833//3833 3841//3841
f 3841//3841 3833//3833 3842//3842
f 3841//3841 3842//3842 3843//3843
f 3843//3843 3842//3842 3831//3831
f 3843//3843 3831//3831 3844//3844
f 3695//3695 3815//3815 3809//3809
f 3809//3809 3815//3815 3834//3834
f 3809//3809 3834//3834 3818//3818
f 3818//3818 3834//3834 3835//3835
f 3818//3818 3835//3835 3817//3817
f 3817//3817 3835//3835 3836//3836
f 3817//3817 3836//3836 3825//3825
f 3825//3825 3836//3836 3837//3837
f 3825//3825 3837//3837 3824//3824
f 3824//3824 3837//3837 3838//3838
f 3824//3824 3838//3838 3845//3845
f 3845//3845 3838//3838 3839//3839
f 3845//3845 3839//3839 3846//3846
f 3846//3846 3839//3839 3840//3840
f 3846//3846 3840//3840 3847//3847
f 3847//3847 3840//3840 3841//3841
f 3847//3847 3841//3841 3848//3848
f 3848//3848 3841//3841 3843//3843
f 3848//3848 3843//3843 3849//3849
f 3849//3849 3843//3843 3844//3844
f 3849//3849 3844//3844 3850//3850
f 74//74 76//76 3850//3850
f 3850//3850 76//76 78//78
f 3850//3850 78//78 3849//3849
f 3849//3849 78//78 80//80
f 3849//3849 80//80 3848//3848
f 3848//3848 80//80 69//69
f 3848//3848 69//69 3847//3847
f 3847//3847 69//69 67//67
f 3847//3847 67//67 3846//3846
f 3846//3846 67//67 66//66
f 3846//3846 66//66 3845//3845
f 3851//3851 66//66 64//64
f 3851//3851 64//64 3824//3824
f 3824//3824 64//64 62//62
f 3824//3824 62//62 60//60
f 393//393 391//391 3831//3831
f 3831//3831 391//391 3852//3852
f 3831//3831 3852//3852 3844//3844
f 3844//3844 3852//3852 3853//3853
f 3844//3844 3853//3853 3850//3850
f 3850//3850 3853//3853 3854//3854
f 3850//3850 3854//3854 74//74
f 74//74 3854//3854 72//72
f 83//83 72//72 3855//3855
f 3855//3855 72//72 3854//3854
f 3855//3855 3854//3854 3856//3856
f 3856//3856 3854//3854 3853//3853
f 3856//3856 3853//3853 3857//3857
f 3857//3857 3853//3853 3852//3852
f 3857//3857 3852//3852 390//390
f 390//390 3852//3852 391//391
f 385//385 382//382 3858//3858
f 3858//3858 382//382 3859//3859
f 3858//3858 3859//3859 3860//3860
f 3859//3859 3861//3861 3860//3860
f 3860//3860 3861//3861 3862//3862
f 3860//3860 3862//3862 3863//3863
f 390//390 385//385 3857//3857
f 3857//3857 385//385 3858//3858
f 3857//3857 3858//3858 3856//3856
f 3856//3856 3858//3858 3860//3860
f 3856//3856 3860//3860 3855//3855
f 3855//3855 3860//3860 3863//3863
f 3855//3855 3864//3864 83//83
f 83//83 3864//3864 369//369
f 3862//3862 3865//3865 3863//3863
f 3864//3864 3865//3865 3866//3866
f 3864//3864 3866//3866 369//369
f 369//369 3866//3866 370//370
f 3867//3867 3868//3868 3869//3869
f 2722//2722 3870//3870 3871//3871
f 3871//3871 3870//3870 3867//3867
f 3867//3867 3869//3869 3871//3871
f 3871//3871 3869//3869 3872//3872
f 3871//3871 3872//3872 3873//3873
f 3873//3873 3872//3872 3874//3874
f 3873//3873 3874//3874 3875//3875
f 3875//3875 3874//3874 3876//3876
f 3875//3875 3876//3876 3877//3877
f 3877//3877 3876//3876 3878//3878
f 3877//3877 3878//3878 3879//3879
f 3879//3879 3878//3878 3880//3880
f 3879//3879 3880//3880 3881//3881
f 3881//3881 3880//3880 3882//3882
f 3881//3881 3882//3882 3883//3883
f 365//365 370//370 3866//3866
f 3866//3866 3882//3882 365//365
f 365//365 3882//3882 3884//3884
f 365//365 3884//3884 367//367
f 367//367 3884//3884 3885//3885
f 367//367 3885//3885 375//375
f 375//375 3885//3885 3886//3886
f 375//375 3886//3886 376//376
f 376//376 3886//3886 3887//3887
f 376//376 3887//3887 378//378
f 378//378 3887//3887 3888//3888
f 378//378 3888//3888 379//379
f 379//379 3888//3888 3889//3889
f 379//379 3889//3889 373//373
f 373//373 3889//3889 3890//3890
f 373//373 3890//3890 372//372
f 3866//3866 3865//3865 3882//3882
f 3882//3882 3865//3865 3862//3862
f 3882//3882 3862//3862 3883//3883
f 3883//3883 3862//3862 3861//3861
f 3883//3883 3861//3861 3859//3859
f 2722//2722 3871//3871 2728//2728
f 2728//2728 3871//3871 3891//3891
f 2728//2728 3891//3891 2730//2730
f 2730//2730 3891//3891 3892//3892
f 2730//2730 3892//3892 2732//2732
f 2732//2732 3892//3892 3893//3893
f 2732//2732 3893//3893 2734//2734
f 2734//2734 3893//3893 3894//3894
f 2734//2734 3894//3894 2739//2739
f 2739//2739 3894//3894 3895//3895
f 2739//2739 3895//3895 2737//2737
f 2737//2737 3895//3895 3883//3883
f 2737//2737 3883//3883 2726//2726
f 2726//2726 3883//3883 3859//3859
f 2726//2726 3859//3859 382//382
f 371//371 372//372 3890//3890
f 371//371 3890//3890 3896//3896
f 3897//3897 3868//3868 3867//3867
f 3897//3897 3867//3867 3898//3898
f 3898//3898 3867//3867 3870//3870
f 3898//3898 3870//3870 3899//3899
f 3900//3900 3870//3870 2722//2722
f 3900//3900 2722//2722 2723//2723
f 3901//3901 2725//2725 2721//2721
f 2721//2721 3902//3902 3901//3901
f 3901//3901 3902//3902 3903//3903
f 3901//3901 3903//3903 3904//3904
f 2723//2723 2724//2724 3900//3900
f 3900//3900 2724//2724 3905//3905
f 3899//3899 3906//3906 3898//3898
f 3898//3898 3906//3906 3907//3907
f 3898//3898 3907//3907 3896//3896
f 3896//3896 3907//3907 3908//3908
f 3896//3896 3908//3908 371//371
f 371//371 3908//3908 2375//2375
f 2724//2724 2725//2725 3905//3905
f 3905//3905 2725//2725 3901//3901
f 3906//3906 3901//3901 3907//3907
f 3907//3907 3901//3901 3904//3904
f 3907//3907 3904//3904 3909//3909
f 3909//3909 3904//3904 3910//3910
f 3909//3909 3910//3910 2376//2376
f 2376//2376 3910//3910 2377//2377
f 3903//3903 3911//3911 3904//3904
f 3904//3904 3911//3911 3912//3912
f 3904//3904 3912//3912 3913//3913
f 3913//3913 3912//3912 3914//3914
f 3913//3913 3914//3914 2378//2378
f 2378//2378 3914//3914 2374//2374
f 2373//2373 2374//2374 3915//3915
f 3915//3915 2374//2374 3914//3914
f 3915//3915 3914//3914 3916//3916
f 3916//3916 3914//3914 3912//3912
f 3916//3916 3912//3912 3917//3917
f 3917//3917 3912//3912 3911//3911
f 3917//3917 3911//3911 3918//3918
f 3918//3918 3911//3911 3903//3903
f 3918//3918 3903//3903 3919//3919
f 3919//3919 3903//3903 3902//3902
f 3919//3919 3902//3902 2720//2720
f 2720//2720 3902//3902 2721//2721
f 3920//3920 3921//3921 3922//3922
f 3922//3922 3921//3921 3923//3923
f 3924//3924 2684//2684 3925//3925
f 3925//3925 2684//2684 3926//3926
f 3925//3925 3926//3926 3923//3923
f 3923//3923 3926//3926 3927//3927
f 3923//3923 3927//3927 3922//3922
f 2690//2690 2933//2933 2691//2691
f 2691//2691 2933//2933 2692//2692
f 2690//2690 2675//2675 2933//2933
f 2933//2933 2675//2675 2674//2674
f 2933//2933 2674//2674 2967//2967
f 2967//2967 2674//2674 2676//2676
f 2967//2967 2676//2676 2678//2678
f 2678//2678 2679//2679 2967//2967
f 2967//2967 2679//2679 2681//2681
f 2967//2967 3924//3924 2968//2968
f 2968//2968 3924//3924 3925//3925
f 2968//2968 3925//3925 2969//2969
f 2969//2969 3925//3925 2971//2971
f 3928//3928 3929//3929 3930//3930
f 3930//3930 3929//3929 3931//3931
f 3932//3932 3933//3933 3934//3934
f 3934//3934 3933//3933 3935//3935
f 3929//3929 3936//3936 3931//3931
f 3931//3931 3936//3936 3938//3938
f 3933//3933 3939//3939 3935//3935
f 3935//3935 3939//3939 3940//3940
f 2373//2373 3937//3937 2372//2372
f 2372//2372 3937//3937 3941//3941
f 2372//2372 3941//3941 2371//2371
f 2371//2371 3941//3941 3942//3942
f 2371//2371 3942//3942 2370//2370
f 2370//2370 3942//3942 3943//3943
f 2370//2370 3943//3943 2369//2369
f 2373//2373 3915//3915 3937//3937
f 3937//3937 3915//3915 3916//3916
f 3937//3937 3916//3916 3939//3939
f 3939//3939 3916//3916 3917//3917
f 3939//3939 3917//3917 3940//3940
f 3940//3940 3917//3917 3918//3918
f 3940//3940 3918//3918 3919//3919
f 3920//3920 3943//3943 3921//3921
f 3921//3921 3943//3943 3942//3942
f 3921//3921 3928//3928 3923//3923
f 3923//3923 3928//3928 3930//3930
f 3923//3923 3932//3932 3925//3925
f 3925//3925 3932//3932 3934//3934
f 3925//3925 3944//3944 2971//2971
f 2971//2971 3944//3944 3946//3946
f 2971//2971 3946//3946 2972//2972
f 2964//2964 3945//3945 3947//3947
f 2964//2964 3947//3947 2965//2965
f 2965//2965 3947//3947 3919//3919
f 2965//2965 3919//3919 2720//2720
f 9//9 4//4 3948//3948
f 3583//3583 20//20 22//22
f 3949//3949 3950//3950 223//223
f 3949//3949 146//146 3950//3950
f 3950//3950 146//146 144//144
f 3950//3950 144//144 142//142
f 3951//3951 3584//3584 3952//3952
f 3952//3952 3584//3584 3583//3583
f 142//142 3953//3953 3954//3954
f 3954//3954 3953//3953 3951//3951
f 3955//3955 224//224 3956//3956
f 3956//3956 224//224 226//226
f 3956//3956 226//226 3957//3957
f 3957//3957 226//226 227//227
f 3957//3957 227//227 3950//3950
f 3950//3950 227//227 223//223
f 3583//3583 22//22 3958//3958
f 3958//3958 22//22 24//24
f 3958//3958 24//24 3959//3959
f 3959//3959 24//24 26//26
f 3959//3959 26//26 3961//3961
f 3961//3961 26//26 28//28
f 3961//3961 28//28 3962//3962
f 3962//3962 28//28 30//30
f 3962//3962 30//30 32//32
f 34//34 3964//3964 32//32
f 32//32 3964//3964 3965//3965
f 32//32 3965//3965 3962//3962
f 3966//3966 232//232 3967//3967
f 3967//3967 232//232 231//231
f 3967//3967 231//231 3968//3968
f 3969//3969 231//231 229//229
f 3969//3969 229//229 3955//3955
f 3955//3955 229//229 228//228
f 3955//3955 228//228 224//224
f 34//34 35//35 3964//3964
f 3964//3964 35//35 18//18
f 3964//3964 18//18 3970//3970
f 3970//3970 18//18 16//16
f 3970//3970 16//16 3971//3971
f 3971//3971 16//16 14//14
f 3971//3971 14//14 3972//3972
f 3972//3972 14//14 12//12
f 3972//3972 12//12 3973//3973
f 3951//3951 3952//3952 3954//3954
f 3954//3954 3952//3952 3960//3960
f 3954//3954 3960//3960 3974//3974
f 3974//3974 3960//3960 3975//3975
f 3974//3974 3975//3975 3976//3976
f 3976//3976 3975//3975 3963//3963
f 3977//3977 3962//3962 3978//3978
f 3978//3978 3962//3962 3965//3965
f 3978//3978 3965//3965 3979//3979
f 3979//3979 3965//3965 3964//3964
f 3979//3979 3964//3964 3980//3980
f 3980//3980 3964//3964 3970//3970
f 3980//3980 3970//3970 3981//3981
f 3981//3981 3970//3970 3971//3971
f 3981//3981 3971//3971 3982//3982
f 3982//3982 3971//3971 3972//3972
f 3982//3982 3972//3972 3983//3983
f 3983//3983 3972//3972 3973//3973
f 3983//3983 3973//3973 3984//3984
f 142//142 3954//3954 3950//3950
f 3950//3950 3954//3954 3985//3985
f 3950//3950 3985//3985 3986//3986
f 3986//3986 3985//3985 3977//3977
f 3986//3986 3977//3977 3987//3987
f 3987//3987 3977//3977 3978//3978
f 3987//3987 3978//3978 3988//3988
f 3988//3988 3978//3978 3979//3979
f 3988//3988 3979//3979 3968//3968
f 3968//3968 3979//3979 3980//3980
f 3968//3968 3980//3980 3967//3967
f 3967//3967 3980//3980 3981//3981
f 3967//3967 3981//3981 3966//3966
f 3966//3966 3981//3981 3982//3982
f 3966//3966 3982//3982 3989//3989
f 3989//3989 3982//3982 3983//3983
f 3989//3989 3983//3983 3990//3990
f 3990//3990 3983//3983 3984//3984
f 3990//3990 3984//3984 3991//3991
f 219//219 218//218 3991//3991
f 3991//3991 218//218 236//236
f 3991//3991 236//236 3990//3990
f 3990//3990 236//236 235//235
f 3990//3990 235//235 3989//3989
f 3992//3992 235//235 234//234
f 3992//3992 234//234 3966//3966
f 3966//3966 234//234 233//233
f 3966//3966 233//233 232//232
f 12//12 10//10 3973//3973
f 3973//3973 10//10 3993//3993
f 3973//3973 3993//3993 3984//3984
f 3984//3984 3993//3993 3994//3994
f 3984//3984 3996//3996 3991//3991
f 3991//3991 3996//3996 3997//3997
f 3991//3991 3998//3998 219//219
f 219//219 3998//3998 243//243
f 244//244 243//243 3999//3999
f 3999//3999 243//243 3998//3998
f 3999//3999 3998//3998 4000//4000
f 4000//4000 3998//3998 3995//3995
f 4001//4001 3994//3994 4002//4002
f 4002//4002 3994//3994 3993//3993
f 4002//4002 3993//3993 9//9
f 9//9 3993//3993 10//10
f 246//246 244//244 4003//4003
f 4003//4003 244//244 4004//4004
f 4005//4005 3999//3999 4007//4007
f 4007//4007 3999//3999 4000//4000
f 4008//4008 4001//4001 4009//4009
f 4009//4009 4001//4001 4002//4002
f 4010//4010 3948//3948 2//2
f 2//2 3948//3948 4//4
f 237//237 240//240 4011//4011
f 4011//4011 240//240 4012//4012
f 4011//4011 4012//4012 4013//4013
f 4013//4013 4012//4012 4014//4014
f 4015//4015 4016//4016 4014//4014
f 4014//4014 4016//4016 4017//4017
f 4014//4014 4017//4017 4013//4013
f 217//217 216//216 4015//4015
f 4015//4015 216//216 4018//4018
f 4015//4015 4018//4018 4016//4016
f 240//240 246//246 4012//4012
f 4012//4012 246//246 4006//4006
f 4012//4012 4006//4006 4014//4014
f 4014//4014 4006//4006 4008//4008
f 4014//4014 4008//4008 4015//4015
f 4015//4015 4008//4008 4009//4009
f 4015//4015 4010//4010 217//217
f 217//217 4010//4010 2//2
f 4018//4018 216//216 215//215
f 4017//4017 4016//4016 4019//4019
f 4019//4019 4016//4016 4018//4018
f 4011//4011 4013//4013 4020//4020
f 4020//4020 4013//4013 4017//4017
f 1535//1535 237//237 4011//4011
f 4018//4018 215//215 4019//4019
f 4021//4021 215//215 213//213
f 4021//4021 213//213 4022//4022
f 4022//4022 213//213 211//211
f 4022//4022 211//211 4023//4023
f 4023//4023 211//211 209//209
f 4023//4023 209//209 4024//4024
f 4024//4024 209//209 207//207
f 4024//4024 207//207 4025//4025
f 4025//4025 207//207 205//205
f 4025//4025 205//205 4026//4026
f 4026//4026 205//205 203//203
f 4026//4026 203//203 4027//4027
f 4027//4027 203//203 199//199
f 4027//4027 199//199 4028//4028
f 4017//4017 4019//4019 4020//4020
f 4020//4020 4019//4019 4029//4029
f 4020//4020 4029//4029 4030//4030
f 4030//4030 4029//4029 4031//4031
f 4030//4030 4031//4031 4032//4032
f 4032//4032 4031//4031 4033//4033
f 4032//4032 4033//4033 4034//4034
f 4034//4034 4033//4033 4035//4035
f 4034//4034 4035//4035 4036//4036
f 4036//4036 4035//4035 4037//4037
f 4036//4036 4037//4037 4038//4038
f 4038//4038 4037//4037 4039//4039
f 4038//4038 4039//4039 4040//4040
f 4040//4040 4039//4039 4041//4041
f 4040//4040 4041//4041 4042//4042
f 4011//4011 4020//4020 1535//1535
f 1535//1535 4020//4020 4043//4043
f 1535//1535 4043//4043 1537//1537
f 1537//1537 4043//4043 4044//4044
f 1537//1537 4044//4044 1542//1542
f 1542//1542 4044//4044 4045//4045
f 1542//1542 4045//4045 1540//1540
f 1540//1540 4045//4045 4046//4046
f 1540//1540 4046//4046 1538//1538
f 1538//1538 4046//4046 4047//4047
f 1538//1538 4047//4047 1547//1547
f 1547//1547 4047//4047 4048//4048
f 1547//1547 4048//4048 1545//1545
f 1545//1545 4048//4048 4049//4049
f 1545//1545 4049//4049 1529//1529
f 1530//1530 1529//1529 4049//4049
f 1530//1530 4049//4049 4050//4050
f 4051//4051 4042//4042 4041//4041
f 4051//4051 4041//4041 4052//4052
f 4054//4054 4028//4028 199//199
f 4054//4054 199//199 198//198
f 4055//4055 4056//4056 4057//4057
f 4058//4058 1528//1528 1533//1533
f 603//603 4059//4059 4060//4060
f 4060//4060 4059//4059 4055//4055
f 4058//4058 1533//1533 4061//4061
f 4061//4061 1533//1533 1532//1532
f 4061//4061 1532//1532 4062//4062
f 4062//4062 1532//1532 1531//1531
f 4062//4062 1531//1531 4063//4063
f 4063//4063 1531//1531 1530//1530
f 4063//4063 1530//1530 4050//4050
f 4055//4055 4057//4057 4060//4060
f 4060//4060 4057//4057 4064//4064
f 4060//4060 4064//4064 4065//4065
f 4065//4065 4064//4064 4066//4066
f 4065//4065 4066//4066 4067//4067
f 4067//4067 4066//4066 4051//4051
f 4067//4067 4051//4051 4052//4052
f 603//603 4060//4060 609//609
f 609//609 4060//4060 4068//4068
f 609//609 4068//4068 610//610
f 610//610 4068//4068 4069//4069
f 610//610 4069//4069 611//611
f 611//611 4069//4069 4053//4053
f 612//612 4054//4054 198//198
f 603//603 604//604 4070//4070
f 603//603 4070//4070 4059//4059
f 4059//4059 4070//4070 4071//4071
f 4059//4059 4071//4071 4055//4055
f 4055//4055 4071//4071 4072//4072
f 4055//4055 4072//4072 4056//4056
f 4058//4058 4073//4073 1526//1526
f 4058//4058 1526//1526 1528//1528
f 3017//3017 3022//3022 4074//4074
f 1496//1496 1495//1495 1759//1759
f 1493//1493 1491//1491 3015//3015
f 1496//1496 1759//1759 1497//1497
f 3015//3015 1491//1491 1759//1759
f 1759//1759 1491//1491 1490//1490
f 1759//1759 1490//1490 1497//1497
f 3014//3014 1498//1498 3015//3015
f 4075//4075 1498//1498 1494//1494
f 4075//4075 1494//1494 1493//1493
f 4076//4076 1487//1487 1485//1485
f 4077//4077 4078//4078 1486//1486
f 1486//1486 4078//4078 4080//4080
f 1486//1486 4080//4080 4081//4081
f 4082//4082 4079//4079 4083//4083
f 4082//4082 4083//4083 4084//4084
f 4084//4084 4083//4083 4085//4085
f 4085//4085 4083//4083 607//607
f 4085//4085 607//607 608//608
f 3022//3022 1526//1526 4086//4086
f 4086//4086 1526//1526 4073//4073
f 4086//4086 4073//4073 4087//4087
f 4087//4087 4073//4073 4071//4071
f 4087//4087 4071//4071 4088//4088
f 4088//4088 4071//4071 4070//4070
f 4089//4089 4070//4070 605//605
f 605//605 4070//4070 604//604
f 3018//3018 3017//3017 4090//4090
f 4090//4090 3017//3017 4074//4074
f 4092//4092 4086//4086 4093//4093
f 4093//4093 4086//4086 4087//4087
f 4093//4093 4087//4087 4094//4094
f 4094//4094 4087//4087 4088//4088
f 4095//4095 4089//4089 606//606
f 606//606 4089//4089 605//605
f 3020//3020 3018//3018 4078//4078
f 4078//4078 3018//3018 4091//4091
f 4078//4078 4091//4091 4080//4080
f 4080//4080 4091//4091 4096//4096
f 4079//4079 4093//4093 4083//4083
f 4083//4083 4093//4093 4094//4094
f 4083//4083 4095//4095 607//607
f 607//607 4095//4095 606//606
f 1485//1485 1498//1498 4076//4076
f 4076//4076 1498//1498 3014//3014
f 4077//4077 3014//3014 4078//4078
f 4078//4078 3014//3014 3021//3021
f 4078//4078 3021//3021 3020//3020

