ISO-10303-21;
HEADER;
FILE_DESCRIPTION (( 'STEP AP214' ),
    '1' );
FILE_NAME ('piper-camera-base-v2.STEP',
    '2026-09-28T06:41:33',
    ( '' ),
    ( '' ),
    'SwSTEP 2.0',
    'SolidWorks 2022',
    '' );
FILE_SCHEMA (( 'AUTOMOTIVE_DESIGN' ));
ENDSEC;

DATA;
#1 = VECTOR ( 'NONE', #340, 1000.000000000000000 ) ;
#2 = CARTESIAN_POINT ( 'NONE',  ( -12.76499999999999524, 6.319575504469244771E-16, 0.000000000000000000 ) ) ;
#3 = EDGE_CURVE ( 'NONE', #1199, #2084, #1668, .T. ) ;
#4 = VERTEX_POINT ( 'NONE', #722 ) ;
#5 = LINE ( 'NONE', #708, #2223 ) ;
#6 = VERTEX_POINT ( 'NONE', #359 ) ;
#7 = LINE ( 'NONE', #1569, #1430 ) ;
#8 = CARTESIAN_POINT ( 'NONE',  ( -12.76499999999999524, -0.02873216713540898207, -1.750000000000001332 ) ) ;
#9 = DIRECTION ( 'NONE',  ( 0.000000000000000000, 0.000000000000000000, -1.000000000000000000 ) ) ;
#10 = AXIS2_PLACEMENT_3D ( 'NONE', #463, #1890, #1003 ) ;
#11 = EDGE_LOOP ( 'NONE', ( #113, #410, #933, #2066 ) ) ;
#12 = CARTESIAN_POINT ( 'NONE',  ( -13.15499999999999226, -0.02873216713541115047, -1.750000000000001998 ) ) ;
#13 = CIRCLE ( 'NONE', #530, 2.000000000000000000 ) ;
#14 = AXIS2_PLACEMENT_3D ( 'NONE', #1131, #1142, #1644 ) ;
#15 = ADVANCED_FACE ( 'NONE', ( #29 ), #1477, .T. ) ;
#16 = DIRECTION ( 'NONE',  ( 3.493754880784079946E-16, -0.9999999565747103025, 0.0002947042206224160773 ) ) ;
#17 = EDGE_CURVE ( 'NONE', #498, #309, #1207, .T. ) ;
#18 = VERTEX_POINT ( 'NONE', #242 ) ;
#19 = DIRECTION ( 'NONE',  ( 0.000000000000000000, 0.000000000000000000, 1.000000000000000000 ) ) ;
#20 = VERTEX_POINT ( 'NONE', #957 ) ;
#21 = CARTESIAN_POINT ( 'NONE',  ( -16.68861376188564094, -8.316629917655451010, -25.21940307859137320 ) ) ;
#22 = CARTESIAN_POINT ( 'NONE',  ( -6.954999999999992077, 3.510000000000000231, -8.250000000000000000 ) ) ;
#23 = LINE ( 'NONE', #1447, #2306 ) ;
#24 = EDGE_CURVE ( 'NONE', #910, #1396, #499, .T. ) ;
#26 = DIRECTION ( 'NONE',  ( 0.000000000000000000, -0.000000000000000000, 1.000000000000000000 ) ) ;
#25 = CARTESIAN_POINT ( 'NONE',  ( -7.907499999999974882, -1.840221605790654413, -1.750000000000001110 ) ) ;
#27 = LINE ( 'NONE', #1577, #2006 ) ;
#28 = ORIENTED_EDGE ( 'NONE', *, *, #1393, .T. ) ;
#29 = FACE_OUTER_BOUND ( 'NONE', #1141, .T. ) ;
#30 = VECTOR ( 'NONE', #605, 1000.000000000000000 ) ;
#31 = ORIENTED_EDGE ( 'NONE', *, *, #2304, .T. ) ;
#32 = DIRECTION ( 'NONE',  ( 1.000000000000000000, 1.786532930975084713E-16, -0.000000000000000000 ) ) ;
#33 = ADVANCED_FACE ( 'NONE', ( #770 ), #1980, .T. ) ;
#34 = CARTESIAN_POINT ( 'NONE',  ( -12.76499999999999524, 3.509999999999999787, -6.770858625320008706 ) ) ;
#35 = CARTESIAN_POINT ( 'NONE',  ( -36.37346896556724118, 3.589999999999992752, -4.082048479549206910 ) ) ;
#36 = ADVANCED_FACE ( 'NONE', ( #536 ), #1085, .T. ) ;
#37 = CARTESIAN_POINT ( 'NONE',  ( -6.764999999999985469, 7.489999999999998437, -11.40000000000000391 ) ) ;
#38 = DIRECTION ( 'NONE',  ( 0.000000000000000000, 0.000000000000000000, 1.000000000000000000 ) ) ;
#39 = EDGE_LOOP ( 'NONE', ( #836, #1414, #50, #318 ) ) ;
#40 = EDGE_CURVE ( 'NONE', #1904, #1591, #2133, .T. ) ;
#41 = ORIENTED_EDGE ( 'NONE', *, *, #24, .T. ) ;
#42 = DIRECTION ( 'NONE',  ( 2.735990743777269123E-16, -0.8658780140667230452, 0.5002551996290170999 ) ) ;
#43 = CARTESIAN_POINT ( 'NONE',  ( -12.76499999999999524, -3.490000000000001101, -1.750000000000001110 ) ) ;
#44 = LINE ( 'NONE', #223, #2119 ) ;
#46 = VECTOR ( 'NONE', #2254, 1000.000000000000000 ) ;
#45 = FACE_OUTER_BOUND ( 'NONE', #1070, .T. ) ;
#47 = VECTOR ( 'NONE', #1811, 1000.000000000000000 ) ;
#48 = AXIS2_PLACEMENT_3D ( 'NONE', #886, #1905, #1782 ) ;
#49 = DIRECTION ( 'NONE',  ( 1.000000000000000000, 0.000000000000000000, 0.000000000000000000 ) ) ;
#50 = ORIENTED_EDGE ( 'NONE', *, *, #73, .F. ) ;
#51 = ORIENTED_EDGE ( 'NONE', *, *, #258, .T. ) ;
#52 = CARTESIAN_POINT ( 'NONE',  ( -21.36499999999999488, 11.22044122741013261, 3.800000000000004263 ) ) ;
#53 = DIRECTION ( 'NONE',  ( -8.673617379884035472E-16, 0.000000000000000000, -1.000000000000000000 ) ) ;
#54 = DIRECTION ( 'NONE',  ( -0.000000000000000000, 0.000000000000000000, -1.000000000000000000 ) ) ;
#55 = EDGE_CURVE ( 'NONE', #274, #2308, #2033, .T. ) ;
#56 = CYLINDRICAL_SURFACE ( 'NONE', #226, 1.499999999999999556 ) ;
#57 = EDGE_LOOP ( 'NONE', ( #2141, #385, #1152, #1336 ) ) ;
#58 = LINE ( 'NONE', #611, #2290 ) ;
#59 = CARTESIAN_POINT ( 'NONE',  ( -18.16499999999999204, -3.910000000000001030, -40.15163299710121692 ) ) ;
#60 = DIRECTION ( 'NONE',  ( 1.000000000000000000, 0.000000000000000000, 0.000000000000000000 ) ) ;
#61 = CARTESIAN_POINT ( 'NONE',  ( -15.18861376188563739, -7.776025403784445622, 3.799999999999998046 ) ) ;
#62 = EDGE_CURVE ( 'NONE', #1108, #1032, #5, .T. ) ;
#63 = LINE ( 'NONE', #1476, #561 ) ;
#64 = DIRECTION ( 'NONE',  ( 0.000000000000000000, 0.000000000000000000, -1.000000000000000000 ) ) ;
#65 = CARTESIAN_POINT ( 'NONE',  ( -18.16499999999999204, -3.910000000000001030, -11.39999999999999325 ) ) ;
#66 = VERTEX_POINT ( 'NONE', #2147 ) ;
#67 = DIRECTION ( 'NONE',  ( 0.000000000000000000, 0.000000000000000000, 1.000000000000000000 ) ) ;
#68 = CARTESIAN_POINT ( 'NONE',  ( 12.95500000000000895, -1.489999999999999547, -11.40000000000002167 ) ) ;
#69 = DIRECTION ( 'NONE',  ( -1.000000000000000000, -1.172110456741086074E-16, -0.000000000000000000 ) ) ;
#70 = CIRCLE ( 'NONE', #1645, 1.499999999999999556 ) ;
#71 = AXIS2_PLACEMENT_3D ( 'NONE', #1521, #1162, #2234 ) ;
#72 = LINE ( 'NONE', #1133, #278 ) ;
#73 = EDGE_CURVE ( 'NONE', #510, #960, #1515, .T. ) ;
#74 = CARTESIAN_POINT ( 'NONE',  ( 12.95500000000000895, -1.489999999999999547, -10.00000000000000000 ) ) ;
#75 = VECTOR ( 'NONE', #1878, 1000.000000000000000 ) ;
#76 = DIRECTION ( 'NONE',  ( 0.000000000000000000, 0.000000000000000000, 1.000000000000000000 ) ) ;
#77 = ORIENTED_EDGE ( 'NONE', *, *, #1080, .F. ) ;
#78 = EDGE_CURVE ( 'NONE', #1806, #1931, #2115, .T. ) ;
#79 = VECTOR ( 'NONE', #16, 999.9999999999998863 ) ;
#80 = CARTESIAN_POINT ( 'NONE',  ( 6.000000000000005329, -0.4899999999999986589, -11.40000000000001457 ) ) ;
#81 = DIRECTION ( 'NONE',  ( 0.000000000000000000, 0.000000000000000000, 1.000000000000000000 ) ) ;
#82 = EDGE_LOOP ( 'NONE', ( #1586, #201, #2124, #1816 ) ) ;
#83 = DIRECTION ( 'NONE',  ( 0.8660254037844415942, 0.4999999999999950595, 0.000000000000000000 ) ) ;
#84 = VECTOR ( 'NONE', #1936, 1000.000000000000114 ) ;
#85 = FACE_OUTER_BOUND ( 'NONE', #849, .T. ) ;
#86 = ADVANCED_FACE ( 'NONE', ( #2230 ), #629, .F. ) ;
#87 = FACE_OUTER_BOUND ( 'NONE', #1109, .T. ) ;
#88 = FACE_OUTER_BOUND ( 'NONE', #1339, .T. ) ;
#89 = EDGE_LOOP ( 'NONE', ( #1066, #525, #1246, #271 ) ) ;
#90 = CARTESIAN_POINT ( 'NONE',  ( -25.36499999999999488, -1.071919758585050828E-16, 0.000000000000000000 ) ) ;
#91 = DIRECTION ( 'NONE',  ( 6.938893903907232322E-16, -1.000000000000000000, -0.000000000000000000 ) ) ;
#92 = ORIENTED_EDGE ( 'NONE', *, *, #417, .F. ) ;
#93 = LINE ( 'NONE', #803, #1496 ) ;
#94 = LINE ( 'NONE', #1688, #1475 ) ;
#95 = PLANE ( 'NONE',  #382 ) ;
#96 = CIRCLE ( 'NONE', #1780, 2.690000000000000391 ) ;
#97 = CARTESIAN_POINT ( 'NONE',  ( -15.18861376188563739, -7.776025403784445622, -11.39999999999999680 ) ) ;
#98 = DIRECTION ( 'NONE',  ( -8.673617379884035472E-16, -0.000000000000000000, -1.000000000000000000 ) ) ;
#99 = ORIENTED_EDGE ( 'NONE', *, *, #297, .T. ) ;
#100 = EDGE_CURVE ( 'NONE', #1894, #1594, #663, .T. ) ;
#101 = CARTESIAN_POINT ( 'NONE',  ( -14.76499999999999879, 8.555212099415015814, -4.083511748574732536 ) ) ;
#102 = DIRECTION ( 'NONE',  ( -1.000000000000000000, 0.000000000000000000, 0.000000000000000000 ) ) ;
#103 = EDGE_LOOP ( 'NONE', ( #1314, #1910, #341, #1775 ) ) ;
#104 = CARTESIAN_POINT ( 'NONE',  ( -26.76499999999998991, 0.000000000000000000, 0.000000000000000000 ) ) ;
#105 = EDGE_CURVE ( 'NONE', #1530, #825, #430, .T. ) ;
#106 = LINE ( 'NONE', #2027, #504 ) ;
#107 = DIRECTION ( 'NONE',  ( 0.000000000000000000, -1.000000000000000000, -3.469446951953613696E-16 ) ) ;
#108 = AXIS2_PLACEMENT_3D ( 'NONE', #962, #1859, #246 ) ;
#109 = CARTESIAN_POINT ( 'NONE',  ( -13.15499999999999226, 3.510000000000000231, -8.250000000000000000 ) ) ;
#110 = ORIENTED_EDGE ( 'NONE', *, *, #1547, .T. ) ;
#111 = PLANE ( 'NONE',  #1229 ) ;
#112 = ORIENTED_EDGE ( 'NONE', *, *, #1925, .F. ) ;
#113 = ORIENTED_EDGE ( 'NONE', *, *, #1885, .T. ) ;
#114 = AXIS2_PLACEMENT_3D ( 'NONE', #209, #391, #2031 ) ;
#115 = VECTOR ( 'NONE', #1449, 1000.000000000000000 ) ;
#116 = CARTESIAN_POINT ( 'NONE',  ( -28.76499999999999346, -11.51041920147992315, -11.39999999999998614 ) ) ;
#117 = AXIS2_PLACEMENT_3D ( 'NONE', #1884, #2227, #965 ) ;
#118 = CARTESIAN_POINT ( 'NONE',  ( -28.76499999999999346, 0.8684925850758820065, 0.4931765716692927404 ) ) ;
#119 = AXIS2_PLACEMENT_3D ( 'NONE', #1392, #726, #913 ) ;
#120 = DIRECTION ( 'NONE',  ( 0.000000000000000000, 0.5000000000000002220, 0.8660254037844384856 ) ) ;
#121 = ORIENTED_EDGE ( 'NONE', *, *, #1295, .T. ) ;
#122 = LINE ( 'NONE', #552, #585 ) ;
#123 = ORIENTED_EDGE ( 'NONE', *, *, #1001, .F. ) ;
#124 = ORIENTED_EDGE ( 'NONE', *, *, #198, .T. ) ;
#125 = EDGE_LOOP ( 'NONE', ( #1946, #753, #644, #2148 ) ) ;
#126 = EDGE_CURVE ( 'NONE', #2270, #863, #453, .T. ) ;
#127 = CARTESIAN_POINT ( 'NONE',  ( -10.76499999999999524, 9.799401076758512019, 0.000000000000000000 ) ) ;
#128 = FACE_OUTER_BOUND ( 'NONE', #1960, .T. ) ;
#129 = DIRECTION ( 'NONE',  ( -0.8660254037844368202, 0.5000000000000032196, -3.755786496842890183E-16 ) ) ;
#130 = VERTEX_POINT ( 'NONE', #1168 ) ;
#131 = ADVANCED_FACE ( 'NONE', ( #969 ), #1346, .F. ) ;
#132 = DIRECTION ( 'NONE',  ( 1.000000000000000000, 3.159787752234622385E-16, 0.000000000000000000 ) ) ;
#133 = ORIENTED_EDGE ( 'NONE', *, *, #2262, .F. ) ;
#134 = CARTESIAN_POINT ( 'NONE',  ( -18.16499999999999204, 11.22044122741013084, -11.39999999999999325 ) ) ;
#135 = ORIENTED_EDGE ( 'NONE', *, *, #1795, .F. ) ;
#136 = EDGE_LOOP ( 'NONE', ( #1488, #123 ) ) ;
#137 = ORIENTED_EDGE ( 'NONE', *, *, #253, .T. ) ;
#138 = VERTEX_POINT ( 'NONE', #981 ) ;
#139 = DIRECTION ( 'NONE',  ( 1.000000000000000000, 3.159787752234622385E-16, 0.000000000000000000 ) ) ;
#140 = CARTESIAN_POINT ( 'NONE',  ( 12.95500000000000895, -3.489999999999999769, -10.00000000000000000 ) ) ;
#141 = ADVANCED_FACE ( 'NONE', ( #87 ), #795, .F. ) ;
#142 = CARTESIAN_POINT ( 'NONE',  ( -10.76499999999999524, -3.489999999999999769, 3.800000000000004263 ) ) ;
#143 = ORIENTED_EDGE ( 'NONE', *, *, #269, .F. ) ;
#144 = CARTESIAN_POINT ( 'NONE',  ( -12.76499999999999702, 6.071338821558834198, -8.382779927333237069 ) ) ;
#145 = DIRECTION ( 'NONE',  ( -9.312027868549399245E-20, 0.0002947042206225362069, 0.9999999565747103025 ) ) ;
#146 = EDGE_LOOP ( 'NONE', ( #481, #911, #1825, #1225 ) ) ;
#147 = ORIENTED_EDGE ( 'NONE', *, *, #1132, .F. ) ;
#148 = ORIENTED_EDGE ( 'NONE', *, *, #560, .T. ) ;
#149 = ORIENTED_EDGE ( 'NONE', *, *, #2088, .T. ) ;
#150 = VECTOR ( 'NONE', #1136, 1000.000000000000000 ) ;
#151 = LINE ( 'NONE', #700, #1240 ) ;
#152 = DIRECTION ( 'NONE',  ( 0.8660254037844368202, -0.5000000000000032196, -7.511572993685781351E-16 ) ) ;
#153 = VECTOR ( 'NONE', #1966, 1000.000000000000000 ) ;
#154 = EDGE_CURVE ( 'NONE', #1224, #1968, #582, .T. ) ;
#155 = DIRECTION ( 'NONE',  ( -1.000000000000000000, -1.172110456741086074E-16, 8.673617379884035472E-16 ) ) ;
#156 = ORIENTED_EDGE ( 'NONE', *, *, #308, .F. ) ;
#157 = AXIS2_PLACEMENT_3D ( 'NONE', #375, #2138, #529 ) ;
#158 = LINE ( 'NONE', #25, #1574 ) ;
#159 = CARTESIAN_POINT ( 'NONE',  ( 14.95500000000000718, 7.490000000000000213, -10.00000000000000000 ) ) ;
#160 = ORIENTED_EDGE ( 'NONE', *, *, #1562, .T. ) ;
#161 = VERTEX_POINT ( 'NONE', #413 ) ;
#162 = ORIENTED_EDGE ( 'NONE', *, *, #2045, .T. ) ;
#163 = ORIENTED_EDGE ( 'NONE', *, *, #1993, .T. ) ;
#164 = FACE_OUTER_BOUND ( 'NONE', #1762, .T. ) ;
#165 = CARTESIAN_POINT ( 'NONE',  ( -18.16499999999999204, 3.589999999999998526, -4.082048479549206910 ) ) ;
#166 = DIRECTION ( 'NONE',  ( 0.000000000000000000, 0.000000000000000000, 1.000000000000000000 ) ) ;
#167 = ORIENTED_EDGE ( 'NONE', *, *, #62, .T. ) ;
#168 = EDGE_CURVE ( 'NONE', #510, #229, #601, .T. ) ;
#169 = CYLINDRICAL_SURFACE ( 'NONE', #968, 2.000000000000000000 ) ;
#170 = VECTOR ( 'NONE', #945, 1000.000000000000000 ) ;
#171 = DIRECTION ( 'NONE',  ( 0.000000000000000000, 1.000000000000000000, 0.000000000000000000 ) ) ;
#172 = VERTEX_POINT ( 'NONE', #943 ) ;
#173 = DIRECTION ( 'NONE',  ( -1.000000000000000000, 0.000000000000000000, 1.156482317317870344E-15 ) ) ;
#174 = ADVANCED_FACE ( 'NONE', ( #2047, #1661 ), #589, .T. ) ;
#175 = ORIENTED_EDGE ( 'NONE', *, *, #1182, .F. ) ;
#176 = CYLINDRICAL_SURFACE ( 'NONE', #1955, 1.499999999999999556 ) ;
#177 = PLANE ( 'NONE',  #157 ) ;
#178 = CARTESIAN_POINT ( 'NONE',  ( -14.16499999999999915, 12.58999999999999986, -7.150000000000003020 ) ) ;
#179 = ADVANCED_FACE ( 'NONE', ( #1140 ), #952, .F. ) ;
#180 = ORIENTED_EDGE ( 'NONE', *, *, #154, .T. ) ;
#181 = EDGE_CURVE ( 'NONE', #400, #2196, #1486, .T. ) ;
#182 = DIRECTION ( 'NONE',  ( -8.673617379884035472E-16, -0.000000000000000000, -1.000000000000000000 ) ) ;
#183 = AXIS2_PLACEMENT_3D ( 'NONE', #1627, #2107, #1989 ) ;
#184 = DIRECTION ( 'NONE',  ( 0.000000000000000000, -0.4997447569456937577, 0.8661727182873456554 ) ) ;
#185 = VERTEX_POINT ( 'NONE', #1860 ) ;
#186 = ORIENTED_EDGE ( 'NONE', *, *, #297, .F. ) ;
#187 = ORIENTED_EDGE ( 'NONE', *, *, #1669, .T. ) ;
#188 = CARTESIAN_POINT ( 'NONE',  ( -14.76499999999999524, -1.375212099415012545, -4.080585210523681283 ) ) ;
#189 = CARTESIAN_POINT ( 'NONE',  ( -14.76499999999999524, 1.106126722143818908, -8.381316658307712331 ) ) ;
#190 = EDGE_CURVE ( 'NONE', #1947, #511, #1532, .T. ) ;
#191 = DIRECTION ( 'NONE',  ( -1.000000000000000000, 0.000000000000000000, 0.000000000000000000 ) ) ;
#192 = VECTOR ( 'NONE', #507, 1000.000000000000000 ) ;
#193 = VECTOR ( 'NONE', #919, 1000.000000000000000 ) ;
#195 = DIRECTION ( 'NONE',  ( -1.000000000000000000, -0.000000000000000000, -0.000000000000000000 ) ) ;
#194 = LINE ( 'NONE', #1422, #153 ) ;
#196 = AXIS2_PLACEMENT_3D ( 'NONE', #513, #2300, #501 ) ;
#197 = AXIS2_PLACEMENT_3D ( 'NONE', #1906, #298, #1012 ) ;
#198 = EDGE_CURVE ( 'NONE', #1522, #1965, #1898, .T. ) ;
#199 = PLANE ( 'NONE',  #1461 ) ;
#200 = ORIENTED_EDGE ( 'NONE', *, *, #1010, .T. ) ;
#201 = ORIENTED_EDGE ( 'NONE', *, *, #828, .F. ) ;
#202 = ORIENTED_EDGE ( 'NONE', *, *, #1864, .T. ) ;
#203 = CARTESIAN_POINT ( 'NONE',  ( -10.76499999999999524, 15.08999999999999986, 0.000000000000000000 ) ) ;
#204 = DIRECTION ( 'NONE',  ( 0.000000000000000000, -0.4999999999999999445, 0.8660254037844385966 ) ) ;
#205 = EDGE_CURVE ( 'NONE', #1738, #18, #1482, .T. ) ;
#206 = CARTESIAN_POINT ( 'NONE',  ( -12.76499999999999524, 1.106126722143819574, -8.381316658307712331 ) ) ;
#207 = DIRECTION ( 'NONE',  ( 1.000000000000000000, 8.796772190551753386E-17, -8.673617379884035472E-16 ) ) ;
#208 = EDGE_CURVE ( 'NONE', #1564, #2110, #1790, .T. ) ;
#209 = CARTESIAN_POINT ( 'NONE',  ( 6.000000000000005329, -0.4899999999999986589, -10.00000000000000000 ) ) ;
#210 = ORIENTED_EDGE ( 'NONE', *, *, #2162, .F. ) ;
#211 = VECTOR ( 'NONE', #578, 1000.000000000000000 ) ;
#212 = EDGE_LOOP ( 'NONE', ( #1176, #1087 ) ) ;
#213 = DIRECTION ( 'NONE',  ( -0.000000000000000000, -0.000000000000000000, -1.000000000000000000 ) ) ;
#214 = DIRECTION ( 'NONE',  ( 0.000000000000000000, 1.000000000000000000, 0.000000000000000000 ) ) ;
#215 = DIRECTION ( 'NONE',  ( 0.000000000000000000, 1.000000000000000000, 0.000000000000000000 ) ) ;
#216 = DIRECTION ( 'NONE',  ( -1.000000000000000000, -8.796772190551753386E-17, -4.336808689942017736E-16 ) ) ;
#217 = CYLINDRICAL_SURFACE ( 'NONE', #406, 1.500000000000001332 ) ;
#218 = VERTEX_POINT ( 'NONE', #2212 ) ;
#219 = VECTOR ( 'NONE', #1359, 1000.000000000000000 ) ;
#220 = ORIENTED_EDGE ( 'NONE', *, *, #105, .F. ) ;
#221 = CARTESIAN_POINT ( 'NONE',  ( -24.76499999999999346, -3.910000000000000142, -40.15163299710121692 ) ) ;
#222 = DIRECTION ( 'NONE',  ( 1.000000000000000000, 2.293024307624555169E-16, -0.000000000000000000 ) ) ;
#223 = CARTESIAN_POINT ( 'NONE',  ( -13.15499999999999226, -4.869867143363185491, 0.000000000000000000 ) ) ;
#224 = EDGE_CURVE ( 'NONE', #1387, #1159, #1316, .T. ) ;
#225 = VERTEX_POINT ( 'NONE', #2023 ) ;
#226 = AXIS2_PLACEMENT_3D ( 'NONE', #1282, #420, #432 ) ;
#227 = VECTOR ( 'NONE', #2149, 1000.000000000000000 ) ;
#228 = LINE ( 'NONE', #1658, #937 ) ;
#229 = VERTEX_POINT ( 'NONE', #1338 ) ;
#230 = LINE ( 'NONE', #221, #1994 ) ;
#231 = CARTESIAN_POINT ( 'NONE',  ( 6.000000000000005329, -0.4899999999999986589, -8.250000000000000000 ) ) ;
#232 = DIRECTION ( 'NONE',  ( 0.000000000000000000, 0.000000000000000000, 1.000000000000000000 ) ) ;
#233 = PLANE ( 'NONE',  #1215 ) ;
#234 = DIRECTION ( 'NONE',  ( 1.000000000000000000, 0.000000000000000000, 0.000000000000000000 ) ) ;
#235 = ADVANCED_FACE ( 'NONE', ( #425 ), #976, .F. ) ;
#236 = CARTESIAN_POINT ( 'NONE',  ( -12.76499999999999702, 6.073873277856187691, 0.2172196992092951806 ) ) ;
#237 = ORIENTED_EDGE ( 'NONE', *, *, #2008, .F. ) ;
#238 = CARTESIAN_POINT ( 'NONE',  ( -13.15499999999999226, 1.030362604776251079, -8.250000000000000000 ) ) ;
#239 = DIRECTION ( 'NONE',  ( -1.000000000000000000, -3.159787752234622385E-16, -0.000000000000000000 ) ) ;
#240 = CYLINDRICAL_SURFACE ( 'NONE', #1280, 2.690000000000000835 ) ;
#241 = PLANE ( 'NONE',  #1105 ) ;
#242 = CARTESIAN_POINT ( 'NONE',  ( -21.36499999999999133, -3.910000000000001918, -11.39999999999998970 ) ) ;
#243 = EDGE_CURVE ( 'NONE', #1519, #1471, #891, .T. ) ;
#244 = CARTESIAN_POINT ( 'NONE',  ( 6.000000000000005329, -0.4899999999999986589, 3.800000000000004707 ) ) ;
#245 = ORIENTED_EDGE ( 'NONE', *, *, #616, .T. ) ;
#246 = DIRECTION ( 'NONE',  ( 1.000000000000000000, 0.000000000000000000, 0.000000000000000000 ) ) ;
#247 = CARTESIAN_POINT ( 'NONE',  ( 6.000000000000005329, -0.4899999999999986589, -10.00000000000000000 ) ) ;
#248 = EDGE_LOOP ( 'NONE', ( #1559, #1751, #1206, #1209, #2222, #987, #687, #474, #2019, #784, #482, #31, #28, #175, #1216, #1272, #148, #1454, #809, #1328, #2136, #1035, #1680 ) ) ;
#249 = CARTESIAN_POINT ( 'NONE',  ( -18.16499999999999204, -3.910000000000001030, 3.800000000000004263 ) ) ;
#250 = AXIS2_PLACEMENT_3D ( 'NONE', #1332, #2053, #1702 ) ;
#251 = CIRCLE ( 'NONE', #472, 2.690000000000000835 ) ;
#252 = DIRECTION ( 'NONE',  ( -1.000000000000000000, 5.421010862427520198E-16, 0.000000000000000000 ) ) ;
#253 = EDGE_CURVE ( 'NONE', #309, #1116, #1327, .T. ) ;
#254 = DIRECTION ( 'NONE',  ( 1.000000000000000000, 0.000000000000000000, 0.000000000000000000 ) ) ;
#255 = LINE ( 'NONE', #1349, #2060 ) ;
#256 = EDGE_LOOP ( 'NONE', ( #546, #300, #1996, #245, #1590, #1353 ) ) ;
#257 = AXIS2_PLACEMENT_3D ( 'NONE', #2187, #1667, #1281 ) ;
#258 = EDGE_CURVE ( 'NONE', #1261, #510, #1151, .T. ) ;
#259 = CARTESIAN_POINT ( 'NONE',  ( -5.999999999999994671, -0.4899999999999986589, 3.800000000000001155 ) ) ;
#260 = DIRECTION ( 'NONE',  ( 0.000000000000000000, 0.000000000000000000, -1.000000000000000000 ) ) ;
#261 = ORIENTED_EDGE ( 'NONE', *, *, #1756, .T. ) ;
#262 = VECTOR ( 'NONE', #2236, 1000.000000000000000 ) ;
#263 = DIRECTION ( 'NONE',  ( -1.000000000000000000, 0.000000000000000000, 0.000000000000000000 ) ) ;
#264 = VECTOR ( 'NONE', #1921, 1000.000000000000000 ) ;
#265 = CARTESIAN_POINT ( 'NONE',  ( -4.499999999999995559, -0.4899999999999986589, -10.00000000000000000 ) ) ;
#266 = LINE ( 'NONE', #827, #1615 ) ;
#267 = CARTESIAN_POINT ( 'NONE',  ( -15.18861376188563739, -7.776025403784445622, -25.21940307859137320 ) ) ;
#268 = ADVANCED_FACE ( 'NONE', ( #986 ), #2058, .T. ) ;
#269 = EDGE_CURVE ( 'NONE', #1367, #2013, #448, .T. ) ;
#270 = DIRECTION ( 'NONE',  ( -0.000000000000000000, 1.000000000000000000, -0.000000000000000000 ) ) ;
#271 = ORIENTED_EDGE ( 'NONE', *, *, #1596, .F. ) ;
#272 = CARTESIAN_POINT ( 'NONE',  ( -25.36499999999999488, 13.00999999999999979, -7.150000000000000355 ) ) ;
#273 = DIRECTION ( 'NONE',  ( 0.000000000000000000, 0.000000000000000000, -1.000000000000000000 ) ) ;
#274 = VERTEX_POINT ( 'NONE', #811 ) ;
#275 = DIRECTION ( 'NONE',  ( 0.000000000000000000, 0.000000000000000000, 1.000000000000000000 ) ) ;
#276 = LINE ( 'NONE', #2050, #1174 ) ;
#277 = CARTESIAN_POINT ( 'NONE',  ( -10.76499999999999524, 2.249235334209527704, -1.750000000000001110 ) ) ;
#278 = VECTOR ( 'NONE', #647, 1000.000000000000000 ) ;
#279 = COLOUR_RGB ( '',0.5372549019607842924, 0.3490196078431372362, 0.3372549019607843368 ) ;
#280 = MANIFOLD_SOLID_BREP ( '凸台-拉伸9', #1101 ) ;
#281 = LINE ( 'NONE', #492, #817 ) ;
#282 = VERTEX_POINT ( 'NONE', #648 ) ;
#283 = CARTESIAN_POINT ( 'NONE',  ( -26.76499999999998991, 8.793014829848239344, -4.082048479549205133 ) ) ;
#284 = ORIENTED_EDGE ( 'NONE', *, *, #24, .F. ) ;
#285 = EDGE_LOOP ( 'NONE', ( #1580, #972, #1048, #1642 ) ) ;
#286 = CARTESIAN_POINT ( 'NONE',  ( -14.76499999999999524, 15.08999999999999986, 3.799999999999998046 ) ) ;
#287 = CIRCLE ( 'NONE', #2238, 1.500000000000001332 ) ;
#288 = AXIS2_PLACEMENT_3D ( 'NONE', #1684, #776, #102 ) ;
#289 = DIRECTION ( 'NONE',  ( 0.000000000000000000, 1.000000000000000000, 0.000000000000000000 ) ) ;
#290 = ORIENTED_EDGE ( 'NONE', *, *, #1663, .T. ) ;
#291 = CARTESIAN_POINT ( 'NONE',  ( -6.954999999999992077, 3.510000000000000231, -1.750000000000001110 ) ) ;
#292 = ORIENTED_EDGE ( 'NONE', *, *, #608, .F. ) ;
#293 = ORIENTED_EDGE ( 'NONE', *, *, #587, .T. ) ;
#294 = VECTOR ( 'NONE', #1900, 1000.000000000000000 ) ;
#295 = FACE_BOUND ( 'NONE', #1854, .T. ) ;
#296 = VECTOR ( 'NONE', #1073, 1000.000000000000000 ) ;
#297 = EDGE_CURVE ( 'NONE', #535, #1201, #1331, .T. ) ;
#298 = DIRECTION ( 'NONE',  ( -1.000000000000000000, 0.000000000000000000, 0.000000000000000000 ) ) ;
#299 = VECTOR ( 'NONE', #107, 1000.000000000000000 ) ;
#300 = ORIENTED_EDGE ( 'NONE', *, *, #2052, .T. ) ;
#301 = CARTESIAN_POINT ( 'NONE',  ( -36.37346896556724118, 6.279999999999994031, -4.082048479549206910 ) ) ;
#302 = ORIENTED_EDGE ( 'NONE', *, *, #434, .T. ) ;
#303 = LINE ( 'NONE', #2089, #813 ) ;
#304 = EDGE_LOOP ( 'NONE', ( #1745, #1317, #1292, #1099, #2309, #653, #1400, #1358 ) ) ;
#305 = ORIENTED_EDGE ( 'NONE', *, *, #734, .T. ) ;
#306 = VERTEX_POINT ( 'NONE', #118 ) ;
#307 = AXIS2_PLACEMENT_3D ( 'NONE', #1969, #1071, #1060 ) ;
#308 = EDGE_CURVE ( 'NONE', #1367, #229, #2051, .T. ) ;
#309 = VERTEX_POINT ( 'NONE', #1179 ) ;
#310 = CARTESIAN_POINT ( 'NONE',  ( -14.76499999999999524, 1.108661178441173067, 0.2186829682348217507 ) ) ;
#311 = DIRECTION ( 'NONE',  ( 0.000000000000000000, 0.000000000000000000, 1.000000000000000000 ) ) ;
#312 = VECTOR ( 'NONE', #129, 1000.000000000000114 ) ;
#313 = STYLED_ITEM ( 'NONE', ( #1526 ), #280 ) ;
#314 = ORIENTED_EDGE ( 'NONE', *, *, #1513, .T. ) ;
#315 = CARTESIAN_POINT ( 'NONE',  ( -6.765000000000010338, 7.489999999999998437, 3.799999999999998046 ) ) ;
#316 = EDGE_LOOP ( 'NONE', ( #2090, #2111, #1198, #1788 ) ) ;
#317 = DIRECTION ( 'NONE',  ( 0.000000000000000000, 1.000000000000000000, 0.000000000000000000 ) ) ;
#318 = ORIENTED_EDGE ( 'NONE', *, *, #168, .T. ) ;
#319 = VERTEX_POINT ( 'NONE', #2252 ) ;
#320 = ORIENTED_EDGE ( 'NONE', *, *, #1383, .F. ) ;
#321 = EDGE_CURVE ( 'NONE', #161, #802, #266, .T. ) ;
#322 = ORIENTED_EDGE ( 'NONE', *, *, #666, .F. ) ;
#323 = PLANE ( 'NONE',  #196 ) ;
#324 = CARTESIAN_POINT ( 'NONE',  ( 14.95500000000000718, -1.489999999999999547, 3.800000000000008260 ) ) ;
#325 = DIRECTION ( 'NONE',  ( -1.000000000000000000, -1.786532930975084713E-16, 0.000000000000000000 ) ) ;
#326 = CIRCLE ( 'NONE', #927, 2.690000000000000391 ) ;
#327 = VECTOR ( 'NONE', #273, 1000.000000000000000 ) ;
#328 = VERTEX_POINT ( 'NONE', #277 ) ;
#329 = CARTESIAN_POINT ( 'NONE',  ( -28.76499999999999346, -1.773014829848239771, -4.082048479549206910 ) ) ;
#330 = LINE ( 'NONE', #508, #1666 ) ;
#331 = EDGE_LOOP ( 'NONE', ( #1137, #1934, #2059, #1685, #1300, #1350 ) ) ;
#332 = ORIENTED_EDGE ( 'NONE', *, *, #991, .F. ) ;
#333 = VERTEX_POINT ( 'NONE', #1701 ) ;
#334 = ORIENTED_EDGE ( 'NONE', *, *, #2056, .F. ) ;
#335 = AXIS2_PLACEMENT_3D ( 'NONE', #930, #958, #1469 ) ;
#336 = LINE ( 'NONE', #1051, #1384 ) ;
#337 = FACE_BOUND ( 'NONE', #1698, .T. ) ;
#338 = ADVANCED_FACE ( 'NONE', ( #440 ), #95, .F. ) ;
#339 = AXIS2_PLACEMENT_3D ( 'NONE', #127, #1363, #2312 ) ;
#340 = DIRECTION ( 'NONE',  ( 0.000000000000000000, -1.000000000000000000, 0.000000000000000000 ) ) ;
#341 = ORIENTED_EDGE ( 'NONE', *, *, #1203, .F. ) ;
#342 = CARTESIAN_POINT ( 'NONE',  ( -25.36499999999999488, 13.00999999999999979, -7.150000000000000355 ) ) ;
#343 = EDGE_CURVE ( 'NONE', #752, #1220, #1570, .T. ) ;
#344 = LINE ( 'NONE', #1222, #1323 ) ;
#345 = VERTEX_POINT ( 'NONE', #1204 ) ;
#346 = DIRECTION ( 'NONE',  ( -0.000000000000000000, 0.000000000000000000, 1.000000000000000000 ) ) ;
#347 = EDGE_CURVE ( 'NONE', #1554, #1463, #1000, .T. ) ;
#348 = ORIENTED_EDGE ( 'NONE', *, *, #2045, .F. ) ;
#349 = CARTESIAN_POINT ( 'NONE',  ( 12.95500000000000718, 5.490000000000000213, -11.40000000000002167 ) ) ;
#350 = LINE ( 'NONE', #1446, #1877 ) ;
#351 = EDGE_CURVE ( 'NONE', #229, #2044, #618, .T. ) ;
#352 = CARTESIAN_POINT ( 'NONE',  ( -28.76499999999999346, -3.910000000000001918, -11.39999999999998614 ) ) ;
#353 = VERTEX_POINT ( 'NONE', #805 ) ;
#354 = CARTESIAN_POINT ( 'NONE',  ( -10.76499999999999346, 15.08999999999999986, -11.40000000000000036 ) ) ;
#355 = VECTOR ( 'NONE', #171, 1000.000000000000000 ) ;
#356 = DIRECTION ( 'NONE',  ( 0.000000000000000000, 0.4999999999999998890, -0.8660254037844387076 ) ) ;
#357 = EDGE_CURVE ( 'NONE', #1388, #2296, #990, .T. ) ;
#358 = ORIENTED_EDGE ( 'NONE', *, *, #1226, .F. ) ;
#359 = CARTESIAN_POINT ( 'NONE',  ( -12.76499999999999524, 6.280000000000001137, -4.082048479549206910 ) ) ;
#360 = ORIENTED_EDGE ( 'NONE', *, *, #417, .T. ) ;
#361 = DIRECTION ( 'NONE',  ( -4.336808689942021680E-16, 1.000000000000000000, 0.000000000000000000 ) ) ;
#362 = CARTESIAN_POINT ( 'NONE',  ( -12.76499999999999702, 6.073873277856187691, 0.2172196992092951806 ) ) ;
#363 = DIRECTION ( 'NONE',  ( 1.000000000000000000, -0.000000000000000000, -0.000000000000000000 ) ) ;
#364 = EDGE_CURVE ( 'NONE', #1032, #506, #640, .T. ) ;
#365 = PRODUCT_DEFINITION_CONTEXT ( 'detailed design', #750, 'design' ) ;
#367 = DIRECTION ( 'NONE',  ( 0.000000000000000000, -1.000000000000000000, 0.000000000000000000 ) ) ;
#366 = DIRECTION ( 'NONE',  ( -1.000000000000000000, -3.159787752234622385E-16, -0.000000000000000000 ) ) ;
#368 = CIRCLE ( 'NONE', #1609, 1.499999999999999556 ) ;
#369 = LINE ( 'NONE', #1801, #79 ) ;
#370 = ADVANCED_FACE ( 'NONE', ( #471 ), #1188, .F. ) ;
#371 = ORIENTED_EDGE ( 'NONE', *, *, #709, .T. ) ;
#372 = ORIENTED_EDGE ( 'NONE', *, *, #888, .F. ) ;
#373 = ORIENTED_EDGE ( 'NONE', *, *, #1411, .F. ) ;
#374 = DIRECTION ( 'NONE',  ( 0.000000000000000000, 0.5002551996290170999, 0.8658780140667230452 ) ) ;
#375 = CARTESIAN_POINT ( 'NONE',  ( -14.76499999999999702, 7.489999999999997549, -10.00000000000000000 ) ) ;
#376 = ADVANCED_FACE ( 'NONE', ( #128 ), #838, .F. ) ;
#377 = DIRECTION ( 'NONE',  ( -0.000000000000000000, 0.8660254037844387076, 0.4999999999999998890 ) ) ;
#378 = VECTOR ( 'NONE', #366, 1000.000000000000000 ) ;
#380 = FACE_OUTER_BOUND ( 'NONE', #455, .T. ) ;
#379 = DIRECTION ( 'NONE',  ( 6.198281231936264094E-32, -3.469446951953613203E-16, 1.000000000000000000 ) ) ;
#381 = VECTOR ( 'NONE', #374, 1000.000000000000114 ) ;
#382 = AXIS2_PLACEMENT_3D ( 'NONE', #628, #1556, #1896 ) ;
#383 = DIRECTION ( 'NONE',  ( 0.000000000000000000, 1.000000000000000000, 0.000000000000000000 ) ) ;
#384 = ORIENTED_EDGE ( 'NONE', *, *, #357, .F. ) ;
#385 = ORIENTED_EDGE ( 'NONE', *, *, #2081, .F. ) ;
#386 = DIRECTION ( 'NONE',  ( 0.000000000000000000, 0.000000000000000000, -1.000000000000000000 ) ) ;
#387 = PLANE ( 'NONE',  #973 ) ;
#388 = EDGE_CURVE ( 'NONE', #1650, #1037, #2161, .T. ) ;
#389 = CARTESIAN_POINT ( 'NONE',  ( 4.500000000000005329, -0.4899999999999984923, -1.750000000000001554 ) ) ;
#390 =( NAMED_UNIT ( * ) PLANE_ANGLE_UNIT ( ) SI_UNIT ( $, .RADIAN. ) );
#391 = DIRECTION ( 'NONE',  ( 0.000000000000000000, 0.000000000000000000, 1.000000000000000000 ) ) ;
#392 = EDGE_LOOP ( 'NONE', ( #735, #555, #583, #860 ) ) ;
#393 = VECTOR ( 'NONE', #1399, 1000.000000000000000 ) ;
#394 = VERTEX_POINT ( 'NONE', #900 ) ;
#395 = CARTESIAN_POINT ( 'NONE',  ( -14.76499999999999346, 15.08999999999999986, -11.39999999999999680 ) ) ;
#396 = EDGE_CURVE ( 'NONE', #1947, #2299, #1973, .T. ) ;
#397 = LINE ( 'NONE', #1827, #1086 ) ;
#398 = CARTESIAN_POINT ( 'NONE',  ( 12.95500000000000540, 7.490000000000000213, -11.40000000000002167 ) ) ;
#399 = CYLINDRICAL_SURFACE ( 'NONE', #443, 1.499999999999999556 ) ;
#400 = VERTEX_POINT ( 'NONE', #1597 ) ;
#401 = VECTOR ( 'NONE', #67, 1000.000000000000000 ) ;
#402 = LINE ( 'NONE', #1643, #2214 ) ;
#403 = CARTESIAN_POINT ( 'NONE',  ( -28.76499999999999346, 8.793014829848239344, -4.082048479549205133 ) ) ;
#404 = CARTESIAN_POINT ( 'NONE',  ( -16.68861376188563739, -7.776025403784443846, -25.21940307859137320 ) ) ;
#405 = EDGE_CURVE ( 'NONE', #2266, #697, #1053, .T. ) ;
#406 = AXIS2_PLACEMENT_3D ( 'NONE', #597, #38, #771 ) ;
#407 = DIRECTION ( 'NONE',  ( -1.000000000000000000, -0.000000000000000000, 0.000000000000000000 ) ) ;
#408 = AXIS2_PLACEMENT_3D ( 'NONE', #1228, #139, #1948 ) ;
#409 = LINE ( 'NONE', #1507, #1537 ) ;
#410 = ORIENTED_EDGE ( 'NONE', *, *, #1268, .F. ) ;
#411 = AXIS2_PLACEMENT_3D ( 'NONE', #1465, #222, #1499 ) ;
#412 = DIRECTION ( 'NONE',  ( 9.312027868545601552E-20, -0.0002947042206224160230, -0.9999999565747103025 ) ) ;
#413 = CARTESIAN_POINT ( 'NONE',  ( -24.76499999999999346, -3.910000000000000142, 3.800000000000004263 ) ) ;
#414 = DIRECTION ( 'NONE',  ( 0.000000000000000000, -1.000000000000000000, 0.000000000000000000 ) ) ;
#415 = EDGE_CURVE ( 'NONE', #1519, #1965, #690, .T. ) ;
#416 = LINE ( 'NONE', #1852, #763 ) ;
#417 = EDGE_CURVE ( 'NONE', #1581, #306, #1949, .T. ) ;
#418 = ORIENTED_EDGE ( 'NONE', *, *, #929, .F. ) ;
#419 = AXIS2_PLACEMENT_3D ( 'NONE', #1789, #407, #64 ) ;
#420 = DIRECTION ( 'NONE',  ( 0.000000000000000000, 0.000000000000000000, 1.000000000000000000 ) ) ;
#421 = ORIENTED_EDGE ( 'NONE', *, *, #994, .T. ) ;
#422 = ADVANCED_FACE ( 'NONE', ( #337, #1623 ), #1783, .T. ) ;
#423 = DIRECTION ( 'NONE',  ( -0.000000000000000000, 0.000000000000000000, -1.000000000000000000 ) ) ;
#424 = VECTOR ( 'NONE', #363, 1000.000000000000000 ) ;
#425 = FACE_OUTER_BOUND ( 'NONE', #1311, .T. ) ;
#426 = ORIENTED_EDGE ( 'NONE', *, *, #2070, .T. ) ;
#427 = LINE ( 'NONE', #1473, #2026 ) ;
#428 = DIRECTION ( 'NONE',  ( 0.000000000000000000, 0.000000000000000000, 1.000000000000000000 ) ) ;
#429 = PRODUCT_CONTEXT ( 'NONE', #678, 'mechanical' ) ;
#430 = LINE ( 'NONE', #1146, #75 ) ;
#431 = EDGE_CURVE ( 'NONE', #2198, #1742, #1610, .T. ) ;
#432 = DIRECTION ( 'NONE',  ( 1.000000000000000000, 0.000000000000000000, 0.000000000000000000 ) ) ;
#433 = VERTEX_POINT ( 'NONE', #189 ) ;
#434 = EDGE_CURVE ( 'NONE', #1932, #445, #1723, .T. ) ;
#435 = DIRECTION ( 'NONE',  ( 0.000000000000000000, 0.9999999565747103025, -0.0002947042206224160230 ) ) ;
#436 = DIRECTION ( 'NONE',  ( 0.000000000000000000, -0.000000000000000000, 1.000000000000000000 ) ) ;
#437 = ORIENTED_EDGE ( 'NONE', *, *, #494, .T. ) ;
#438 = PLANE ( 'NONE',  #117 ) ;
#439 = PLANE ( 'NONE',  #2229 ) ;
#440 = FACE_OUTER_BOUND ( 'NONE', #1845, .T. ) ;
#441 = EDGE_CURVE ( 'NONE', #798, #400, #350, .T. ) ;
#442 = DIRECTION ( 'NONE',  ( 8.673617379884035472E-16, 0.000000000000000000, 1.000000000000000000 ) ) ;
#443 = AXIS2_PLACEMENT_3D ( 'NONE', #1115, #571, #49 ) ;
#444 = CARTESIAN_POINT ( 'NONE',  ( -12.76499999999999524, 3.510000000000000231, -8.250000000000000000 ) ) ;
#445 = VERTEX_POINT ( 'NONE', #1254 ) ;
#446 = MECHANICAL_DESIGN_GEOMETRIC_PRESENTATION_REPRESENTATION (  '', ( #1462 ), #1953 ) ;
#447 = DIRECTION ( 'NONE',  ( 1.405222487357143335E-15, 1.000000000000000000, -1.218836218894479234E-30 ) ) ;
#448 = LINE ( 'NONE', #1882, #327 ) ;
#449 = VERTEX_POINT ( 'NONE', #324 ) ;
#450 = DIRECTION ( 'NONE',  ( -1.000000000000000000, 0.000000000000000000, 0.000000000000000000 ) ) ;
#451 = CARTESIAN_POINT ( 'NONE',  ( -7.499999999999994671, -0.4899999999999984923, -1.750000000000001554 ) ) ;
#452 =( LENGTH_UNIT ( ) NAMED_UNIT ( * ) SI_UNIT ( .MILLI., .METRE. ) );
#453 = LINE ( 'NONE', #1505, #1606 ) ;
#454 = DIRECTION ( 'NONE',  ( 1.000000000000000000, 3.159787752234622385E-16, 0.000000000000000000 ) ) ;
#455 = EDGE_LOOP ( 'NONE', ( #1917, #1421, #1891, #949 ) ) ;
#456 = LINE ( 'NONE', #1892, #703 ) ;
#457 = VERTEX_POINT ( 'NONE', #8 ) ;
#458 = ORIENTED_EDGE ( 'NONE', *, *, #1271, .T. ) ;
#459 = EDGE_CURVE ( 'NONE', #457, #1947, #550, .T. ) ;
#460 = CARTESIAN_POINT ( 'NONE',  ( -26.76499999999998991, 8.793014829848239344, -4.082048479549205133 ) ) ;
#461 = DIRECTION ( 'NONE',  ( 6.938893903907232322E-16, -1.000000000000000000, -0.000000000000000000 ) ) ;
#462 = VECTOR ( 'NONE', #591, 1000.000000000000114 ) ;
#463 = CARTESIAN_POINT ( 'NONE',  ( -18.18861376188563739, -8.316629917655449233, 3.799999999999998046 ) ) ;
#464 = EDGE_LOOP ( 'NONE', ( #580, #1014 ) ) ;
#465 = EDGE_CURVE ( 'NONE', #333, #802, #1063, .T. ) ;
#466 = DIRECTION ( 'NONE',  ( 3.493754880784079946E-16, -0.5002551996290164338, -0.8658780140667233782 ) ) ;
#467 = ORIENTED_EDGE ( 'NONE', *, *, #1858, .F. ) ;
#468 = ORIENTED_EDGE ( 'NONE', *, *, #459, .F. ) ;
#469 = DIRECTION ( 'NONE',  ( -3.493754880784080933E-16, 0.9999999565747103025, -0.0002947042206225362069 ) ) ;
#470 = AXIS2_PLACEMENT_3D ( 'NONE', #231, #613, #765 ) ;
#471 = FACE_OUTER_BOUND ( 'NONE', #845, .T. ) ;
#472 = AXIS2_PLACEMENT_3D ( 'NONE', #1784, #325, #1064 ) ;
#473 = AXIS2_PLACEMENT_3D ( 'NONE', #791, #1510, #1130 ) ;
#474 = ORIENTED_EDGE ( 'NONE', *, *, #2293, .T. ) ;
#475 = AXIS2_PLACEMENT_3D ( 'NONE', #1673, #801, #1306 ) ;
#476 = CARTESIAN_POINT ( 'NONE',  ( -26.76499999999998991, -1.773014829848239771, -4.082048479549206910 ) ) ;
#477 = ORIENTED_EDGE ( 'NONE', *, *, #1855, .T. ) ;
#478 = ADVANCED_FACE ( 'NONE', ( #1984, #1406 ), #177, .T. ) ;
#479 = FACE_OUTER_BOUND ( 'NONE', #1754, .T. ) ;
#480 = ORIENTED_EDGE ( 'NONE', *, *, #1726, .T. ) ;
#481 = ORIENTED_EDGE ( 'NONE', *, *, #1480, .F. ) ;
#482 = ORIENTED_EDGE ( 'NONE', *, *, #574, .T. ) ;
#483 = AXIS2_PLACEMENT_3D ( 'NONE', #787, #1291, #1679 ) ;
#484 = ORIENTED_EDGE ( 'NONE', *, *, #2099, .T. ) ;
#485 = CARTESIAN_POINT ( 'NONE',  ( 12.95500000000000895, -3.490000000000001101, -1.750000000000001110 ) ) ;
#486 = VECTOR ( 'NONE', #1242, 1000.000000000000000 ) ;
#487 = DIRECTION ( 'NONE',  ( -0.000000000000000000, 0.000000000000000000, 1.000000000000000000 ) ) ;
#488 = VECTOR ( 'NONE', #675, 1000.000000000000000 ) ;
#489 = EDGE_CURVE ( 'NONE', #1463, #353, #1243, .T. ) ;
#490 = LINE ( 'NONE', #1205, #1065 ) ;
#491 = ORIENTED_EDGE ( 'NONE', *, *, #1278, .F. ) ;
#492 = CARTESIAN_POINT ( 'NONE',  ( -18.16499999999999204, 11.22044122741013084, 3.800000000000004263 ) ) ;
#493 = ORIENTED_EDGE ( 'NONE', *, *, #40, .T. ) ;
#494 = EDGE_CURVE ( 'NONE', #1930, #1223, #1805, .T. ) ;
#495 = CARTESIAN_POINT ( 'NONE',  ( -27.26499999999998991, -11.51041920147992315, 3.799999999999990941 ) ) ;
#496 = EDGE_LOOP ( 'NONE', ( #610, #2285, #1568, #477 ) ) ;
#497 = ORIENTED_EDGE ( 'NONE', *, *, #994, .F. ) ;
#498 = VERTEX_POINT ( 'NONE', #1434 ) ;
#499 = CIRCLE ( 'NONE', #1733, 1.500000000000001332 ) ;
#500 = ORIENTED_EDGE ( 'NONE', *, *, #1689, .F. ) ;
#501 = DIRECTION ( 'NONE',  ( 0.000000000000000000, -0.5000000000000002220, -0.8660254037844384856 ) ) ;
#502 = DIRECTION ( 'NONE',  ( -1.000000000000000000, -0.000000000000000000, -0.000000000000000000 ) ) ;
#503 = CARTESIAN_POINT ( 'NONE',  ( -10.95499999999999297, -3.489999999999999769, -10.00000000000000000 ) ) ;
#504 = VECTOR ( 'NONE', #428, 1000.000000000000000 ) ;
#505 = MECHANICAL_DESIGN_GEOMETRIC_PRESENTATION_REPRESENTATION (  '', ( #313 ), #1297 ) ;
#506 = VERTEX_POINT ( 'NONE', #2150 ) ;
#507 = DIRECTION ( 'NONE',  ( 0.000000000000000000, 0.000000000000000000, 1.000000000000000000 ) ) ;
#508 = CARTESIAN_POINT ( 'NONE',  ( -26.76499999999998991, 8.793014829848239344, -4.082048479549205133 ) ) ;
#509 = ORIENTED_EDGE ( 'NONE', *, *, #848, .T. ) ;
#510 = VERTEX_POINT ( 'NONE', #1759 ) ;
#511 = VERTEX_POINT ( 'NONE', #362 ) ;
#512 = ORIENTED_EDGE ( 'NONE', *, *, #388, .F. ) ;
#513 = CARTESIAN_POINT ( 'NONE',  ( -26.76499999999998991, -1.773014829848239771, -4.082048479549206910 ) ) ;
#514 = DIRECTION ( 'NONE',  ( 0.000000000000000000, 0.000000000000000000, 1.000000000000000000 ) ) ;
#515 = EDGE_CURVE ( 'NONE', #2296, #218, #1074, .T. ) ;
#516 = CARTESIAN_POINT ( 'NONE',  ( -36.37346896556724118, 6.279999999999994031, -4.082048479549206910 ) ) ;
#517 = VECTOR ( 'NONE', #1450, 1000.000000000000000 ) ;
#518 = ORIENTED_EDGE ( 'NONE', *, *, #1426, .F. ) ;
#519 = EDGE_CURVE ( 'NONE', #1274, #1032, #865, .T. ) ;
#520 = LINE ( 'NONE', #1221, #192 ) ;
#521 = ADVANCED_FACE ( 'NONE', ( #2215 ), #944, .F. ) ;
#522 = LINE ( 'NONE', #1235, #711 ) ;
#523 = EDGE_LOOP ( 'NONE', ( #1769, #426, #418, #1479 ) ) ;
#524 = DIRECTION ( 'NONE',  ( 0.000000000000000000, 0.000000000000000000, 1.000000000000000000 ) ) ;
#525 = ORIENTED_EDGE ( 'NONE', *, *, #1795, .T. ) ;
#526 = ORIENTED_EDGE ( 'NONE', *, *, #1268, .T. ) ;
#527 = AXIS2_PLACEMENT_3D ( 'NONE', #1366, #1180, #2086 ) ;
#528 = FACE_OUTER_BOUND ( 'NONE', #2076, .T. ) ;
#529 = DIRECTION ( 'NONE',  ( 3.159787752234622385E-16, -1.000000000000000000, 0.000000000000000000 ) ) ;
#530 = AXIS2_PLACEMENT_3D ( 'NONE', #349, #1375, #837 ) ;
#531 = CARTESIAN_POINT ( 'NONE',  ( -17.69072032243228776, -9.731586497536724778, -11.39999999999999503 ) ) ;
#532 = ORIENTED_EDGE ( 'NONE', *, *, #2220, .F. ) ;
#533 = CARTESIAN_POINT ( 'NONE',  ( -13.15499999999999226, -7.271577771300886006, -1.750000000000001554 ) ) ;
#534 = CARTESIAN_POINT ( 'NONE',  ( -28.76499999999999346, 6.151507414924120454, 0.4931765716692910195 ) ) ;
#535 = VERTEX_POINT ( 'NONE', #1674 ) ;
#536 = FACE_OUTER_BOUND ( 'NONE', #316, .T. ) ;
#537 = ORIENTED_EDGE ( 'NONE', *, *, #258, .F. ) ;
#538 = PLANE ( 'NONE',  #1839 ) ;
#539 = DIRECTION ( 'NONE',  ( -1.000000000000000000, 0.000000000000000000, 0.000000000000000000 ) ) ;
#540 = FACE_OUTER_BOUND ( 'NONE', #565, .T. ) ;
#541 = EDGE_CURVE ( 'NONE', #18, #1695, #397, .T. ) ;
#543 = DIRECTION ( 'NONE',  ( 1.000000000000000000, 0.000000000000000000, 5.782411586589351722E-16 ) ) ;
#542 = DIRECTION ( 'NONE',  ( -1.000000000000000000, -0.000000000000000000, -0.000000000000000000 ) ) ;
#544 = CARTESIAN_POINT ( 'NONE',  ( -28.76499999999999346, 15.50999999999999801, 3.800000000000004263 ) ) ;
#545 = ORIENTED_EDGE ( 'NONE', *, *, #1453, .F. ) ;
#546 = ORIENTED_EDGE ( 'NONE', *, *, #2010, .T. ) ;
#547 = ADVANCED_FACE ( 'NONE', ( #1119, #2015, #1662 ), #924, .T. ) ;
#548 = EDGE_LOOP ( 'NONE', ( #302, #1641 ) ) ;
#549 = PLANE ( 'NONE',  #1347 ) ;
#550 = LINE ( 'NONE', #713, #84 ) ;
#551 = LINE ( 'NONE', #2186, #211 ) ;
#552 = CARTESIAN_POINT ( 'NONE',  ( -28.76499999999998636, -13.62839243245459286, -11.39999999999998437 ) ) ;
#553 = EDGE_CURVE ( 'NONE', #449, #1441, #1102, .T. ) ;
#554 = CYLINDRICAL_SURFACE ( 'NONE', #1761, 1.499999999999999556 ) ;
#555 = ORIENTED_EDGE ( 'NONE', *, *, #55, .F. ) ;
#556 = EDGE_LOOP ( 'NONE', ( #293, #1781, #1325, #846 ) ) ;
#557 = DIRECTION ( 'NONE',  ( -1.000000000000000000, -3.159787752234622385E-16, -0.000000000000000000 ) ) ;
#558 = DIRECTION ( 'NONE',  ( -2.735990743777271588E-16, 0.8658780140667234893, -0.5002551996290165448 ) ) ;
#559 = CARTESIAN_POINT ( 'NONE',  ( 7.500000000000005329, -0.4899999999999986589, -11.40000000000001634 ) ) ;
#560 = EDGE_CURVE ( 'NONE', #2084, #1591, #1840, .T. ) ;
#561 = VECTOR ( 'NONE', #1299, 1000.000000000000000 ) ;
#562 = DIRECTION ( 'NONE',  ( -1.000000000000000000, 5.102127870520020982E-16, 0.000000000000000000 ) ) ;
#563 = DIRECTION ( 'NONE',  ( 0.000000000000000000, 0.000000000000000000, 1.000000000000000000 ) ) ;
#564 = ORIENTED_EDGE ( 'NONE', *, *, #1122, .F. ) ;
#565 = EDGE_LOOP ( 'NONE', ( #2002, #2282, #322, #1871, #2245, #665, #1046, #1893 ) ) ;
#566 = LINE ( 'NONE', #52, #296 ) ;
#567 = LINE ( 'NONE', #43, #1160 ) ;
#568 = DIRECTION ( 'NONE',  ( -1.000000000000000000, 0.000000000000000000, 0.000000000000000000 ) ) ;
#569 = ORIENTED_EDGE ( 'NONE', *, *, #1067, .F. ) ;
#570 = CARTESIAN_POINT ( 'NONE',  ( 12.95500000000003205, -3.489999999999998881, -11.40000000000002167 ) ) ;
#571 = DIRECTION ( 'NONE',  ( 0.000000000000000000, 0.000000000000000000, 1.000000000000000000 ) ) ;
#572 = EDGE_LOOP ( 'NONE', ( #284, #662, #707, #77 ) ) ;
#573 = VECTOR ( 'NONE', #2249, 1000.000000000000000 ) ;
#574 = EDGE_CURVE ( 'NONE', #1725, #1061, #1503, .T. ) ;
#575 = ORIENTED_EDGE ( 'NONE', *, *, #1747, .T. ) ;
#576 = CARTESIAN_POINT ( 'NONE',  ( -12.76499999999999524, -1.375212099415011879, -4.080585210523681283 ) ) ;
#577 = DIRECTION ( 'NONE',  ( -0.000000000000000000, 0.000000000000000000, -1.000000000000000000 ) ) ;
#578 = DIRECTION ( 'NONE',  ( 0.000000000000000000, 0.4999999999999998890, -0.8660254037844387076 ) ) ;
#579 = EDGE_CURVE ( 'NONE', #1249, #1175, #427, .T. ) ;
#580 = ORIENTED_EDGE ( 'NONE', *, *, #208, .F. ) ;
#581 = PLANE ( 'NONE',  #335 ) ;
#582 = CIRCLE ( 'NONE', #1493, 1.500000000000001332 ) ;
#583 = ORIENTED_EDGE ( 'NONE', *, *, #1977, .T. ) ;
#584 = PRODUCT_RELATED_PRODUCT_CATEGORY ( 'part', '', ( #1394 ) ) ;
#585 = VECTOR ( 'NONE', #2265, 1000.000000000000000 ) ;
#586 = VECTOR ( 'NONE', #2035, 1000.000000000000114 ) ;
#587 = EDGE_CURVE ( 'NONE', #2297, #1544, #2103, .T. ) ;
#588 = DIRECTION ( 'NONE',  ( 1.000000000000000000, 0.000000000000000000, 2.891205793294679312E-16 ) ) ;
#589 = PLANE ( 'NONE',  #1377 ) ;
#590 = DIRECTION ( 'NONE',  ( 1.000000000000000000, 0.000000000000000000, 4.336808689942017736E-16 ) ) ;
#591 = DIRECTION ( 'NONE',  ( 0.000000000000000000, -0.4997447569456937577, 0.8661727182873456554 ) ) ;
#593 = VECTOR ( 'NONE', #1540, 1000.000000000000000 ) ;
#592 = PLANE ( 'NONE',  #1045 ) ;
#594 = ORIENTED_EDGE ( 'NONE', *, *, #950, .T. ) ;
#595 = EDGE_CURVE ( 'NONE', #2308, #274, #1093, .T. ) ;
#596 = AXIS2_PLACEMENT_3D ( 'NONE', #104, #450, #814 ) ;
#597 = CARTESIAN_POINT ( 'NONE',  ( -18.18861376188563739, -8.316629917655449233, -25.21940307859137320 ) ) ;
#598 = ORIENTED_EDGE ( 'NONE', *, *, #1393, .F. ) ;
#599 = AXIS2_PLACEMENT_3D ( 'NONE', #1318, #577, #60 ) ;
#600 = DIRECTION ( 'NONE',  ( -0.000000000000000000, 0.000000000000000000, -1.000000000000000000 ) ) ;
#601 = LINE ( 'NONE', #1850, #1075 ) ;
#602 = ORIENTED_EDGE ( 'NONE', *, *, #1002, .F. ) ;
#603 = DIRECTION ( 'NONE',  ( 1.000000000000000000, 0.000000000000000000, 4.336808689942017736E-16 ) ) ;
#604 = ADVANCED_FACE ( 'NONE', ( #737 ), #1634, .F. ) ;
#605 = DIRECTION ( 'NONE',  ( 0.000000000000000000, 0.000000000000000000, 1.000000000000000000 ) ) ;
#606 = DIRECTION ( 'NONE',  ( 0.000000000000000000, 0.000000000000000000, 1.000000000000000000 ) ) ;
#607 = DIRECTION ( 'NONE',  ( 3.159787752234622385E-16, -1.000000000000000000, -2.589139516383294311E-16 ) ) ;
#608 = EDGE_CURVE ( 'NONE', #225, #457, #567, .T. ) ;
#609 = DIRECTION ( 'NONE',  ( 0.000000000000000000, 1.000000000000000000, -8.208965580485788936E-17 ) ) ;
#610 = ORIENTED_EDGE ( 'NONE', *, *, #1963, .F. ) ;
#611 = CARTESIAN_POINT ( 'NONE',  ( -10.76499999999999524, 15.08999999999999986, 3.799999999999999378 ) ) ;
#612 = AXIS2_PLACEMENT_3D ( 'NONE', #35, #1103, #215 ) ;
#613 = DIRECTION ( 'NONE',  ( 0.000000000000000000, 0.000000000000000000, 1.000000000000000000 ) ) ;
#614 = ORIENTED_EDGE ( 'NONE', *, *, #100, .F. ) ;
#615 = FACE_BOUND ( 'NONE', #1374, .T. ) ;
#616 = EDGE_CURVE ( 'NONE', #1630, #977, #2005, .T. ) ;
#617 = LINE ( 'NONE', #2063, #985 ) ;
#618 = LINE ( 'NONE', #1167, #264 ) ;
#619 = DIRECTION ( 'NONE',  ( 1.000000000000000000, 0.000000000000000000, 0.000000000000000000 ) ) ;
#620 = CYLINDRICAL_SURFACE ( 'NONE', #1614, 2.690000000000000835 ) ;
#621 = VERTEX_POINT ( 'NONE', #1111 ) ;
#622 = FACE_OUTER_BOUND ( 'NONE', #125, .T. ) ;
#623 = DIRECTION ( 'NONE',  ( -8.673617379884035472E-16, -0.000000000000000000, -1.000000000000000000 ) ) ;
#624 = ORIENTED_EDGE ( 'NONE', *, *, #2077, .T. ) ;
#625 = CIRCLE ( 'NONE', #1334, 1.499999999999999556 ) ;
#626 = DIRECTION ( 'NONE',  ( 0.000000000000000000, 0.000000000000000000, 1.000000000000000000 ) ) ;
#627 = DIRECTION ( 'NONE',  ( 0.000000000000000000, 0.000000000000000000, 1.000000000000000000 ) ) ;
#628 = CARTESIAN_POINT ( 'NONE',  ( -26.76499999999998991, 0.8684925850758820065, 0.4931765716692914636 ) ) ;
#629 = PLANE ( 'NONE',  #1865 ) ;
#630 = VECTOR ( 'NONE', #650, 1000.000000000000000 ) ;
#631 = DIRECTION ( 'NONE',  ( -6.938893903907227392E-16, 1.000000000000000000, -1.301042606982605074E-16 ) ) ;
#632 = ORIENTED_EDGE ( 'NONE', *, *, #1844, .T. ) ;
#633 = ADVANCED_FACE ( 'NONE', ( #935, #1655, #1851 ), #387, .T. ) ;
#634 = VECTOR ( 'NONE', #1202, 1000.000000000000000 ) ;
#635 = PLANE ( 'NONE',  #1186 ) ;
#636 = CARTESIAN_POINT ( 'NONE',  ( -16.68861376188563739, -6.910000000000000142, -25.21940307859137320 ) ) ;
#637 = ORIENTED_EDGE ( 'NONE', *, *, #1436, .F. ) ;
#638 = CARTESIAN_POINT ( 'NONE',  ( -4.876411086754459667, -0.09022160579068815023, -8.250000000000000000 ) ) ;
#639 = PLANE ( 'NONE',  #1889 ) ;
#640 = LINE ( 'NONE', #1720, #2144 ) ;
#641 = CARTESIAN_POINT ( 'NONE',  ( -26.76499999999998991, 0.8999999999999954703, -4.082048479549206910 ) ) ;
#642 = VERTEX_POINT ( 'NONE', #403 ) ;
#643 = DIRECTION ( 'NONE',  ( -1.000000000000000000, 5.102127870520020982E-16, 8.673617379884035472E-16 ) ) ;
#644 = ORIENTED_EDGE ( 'NONE', *, *, #1833, .F. ) ;
#645 = VERTEX_POINT ( 'NONE', #1998 ) ;
#646 = EDGE_CURVE ( 'NONE', #2259, #2296, #1819, .T. ) ;
#647 = DIRECTION ( 'NONE',  ( 0.000000000000000000, -0.000000000000000000, 1.000000000000000000 ) ) ;
#648 = CARTESIAN_POINT ( 'NONE',  ( -28.76499999999999346, 6.151507414924120454, 0.4931765716692910195 ) ) ;
#649 = VECTOR ( 'NONE', #356, 1000.000000000000000 ) ;
#650 = DIRECTION ( 'NONE',  ( -1.786532930975084713E-16, 1.000000000000000000, 1.549570307984066023E-31 ) ) ;
#651 = VERTEX_POINT ( 'NONE', #34 ) ;
#652 = DIRECTION ( 'NONE',  ( -1.000000000000000000, -0.000000000000000000, -0.000000000000000000 ) ) ;
#653 = ORIENTED_EDGE ( 'NONE', *, *, #465, .F. ) ;
#654 = ORIENTED_EDGE ( 'NONE', *, *, #55, .T. ) ;
#655 = ORIENTED_EDGE ( 'NONE', *, *, #907, .F. ) ;
#656 = ADVANCED_FACE ( 'NONE', ( #2201 ), #240, .F. ) ;
#657 = ORIENTED_EDGE ( 'NONE', *, *, #1939, .T. ) ;
#658 = PLANE ( 'NONE',  #1005 ) ;
#659 = CARTESIAN_POINT ( 'NONE',  ( -5.999999999999994671, -0.4899999999999986589, -10.00000000000000000 ) ) ;
#660 = VECTOR ( 'NONE', #1706, 1000.000000000000000 ) ;
#661 = DIRECTION ( 'NONE',  ( -0.000000000000000000, -0.000000000000000000, -1.000000000000000000 ) ) ;
#662 = ORIENTED_EDGE ( 'NONE', *, *, #955, .F. ) ;
#663 = CIRCLE ( 'NONE', #741, 1.499999999999999556 ) ;
#664 = LINE ( 'NONE', #1548, #630 ) ;
#665 = ORIENTED_EDGE ( 'NONE', *, *, #1562, .F. ) ;
#666 = EDGE_CURVE ( 'NONE', #1749, #1224, #93, .T. ) ;
#667 = CARTESIAN_POINT ( 'NONE',  ( -28.76499999999999346, -3.910000000000001918, 3.800000000000004263 ) ) ;
#668 = VECTOR ( 'NONE', #1257, 1000.000000000000000 ) ;
#669 = ORIENTED_EDGE ( 'NONE', *, *, #1676, .T. ) ;
#670 = ORIENTED_EDGE ( 'NONE', *, *, #1322, .F. ) ;
#671 = ORIENTED_EDGE ( 'NONE', *, *, #2293, .F. ) ;
#672 = ORIENTED_EDGE ( 'NONE', *, *, #1908, .T. ) ;
#673 = CARTESIAN_POINT ( 'NONE',  ( -24.76499999999999702, 15.50999999999999979, -7.150000000000000355 ) ) ;
#674 = CIRCLE ( 'NONE', #1123, 1.499999999999999556 ) ;
#675 = DIRECTION ( 'NONE',  ( 0.000000000000000000, 0.000000000000000000, 1.000000000000000000 ) ) ;
#676 = AXIS2_PLACEMENT_3D ( 'NONE', #2192, #2183, #603 ) ;
#677 = ADVANCED_FACE ( 'NONE', ( #2247 ), #1164, .F. ) ;
#678 = APPLICATION_CONTEXT ( 'automotive_design' ) ;
#679 = DIRECTION ( 'NONE',  ( 1.000000000000000000, 0.000000000000000000, 2.891205793294679312E-16 ) ) ;
#680 = EDGE_LOOP ( 'NONE', ( #834, #575, #1163, #2274 ) ) ;
#681 = CARTESIAN_POINT ( 'NONE',  ( -7.499999999999994671, -0.4899999999999984923, -8.250000000000000000 ) ) ;
#682 = LINE ( 'NONE', #908, #1403 ) ;
#683 = ORIENTED_EDGE ( 'NONE', *, *, #1177, .T. ) ;
#684 = ORIENTED_EDGE ( 'NONE', *, *, #646, .T. ) ;
#685 = ORIENTED_EDGE ( 'NONE', *, *, #198, .F. ) ;
#686 = EDGE_CURVE ( 'NONE', #2013, #2259, #1709, .T. ) ;
#687 = ORIENTED_EDGE ( 'NONE', *, *, #224, .F. ) ;
#688 = LINE ( 'NONE', #1038, #486 ) ;
#689 = ADVANCED_FACE ( 'NONE', ( #1329 ), #438, .T. ) ;
#690 = LINE ( 'NONE', #1230, #488 ) ;
#691 = CARTESIAN_POINT ( 'NONE',  ( -10.76499999999999524, -3.489999999999999769, -1.750000000000001554 ) ) ;
#692 = CIRCLE ( 'NONE', #916, 2.000000000000000000 ) ;
#693 = ORIENTED_EDGE ( 'NONE', *, *, #2073, .T. ) ;
#694 = PLANE ( 'NONE',  #1236 ) ;
#695 = DIRECTION ( 'NONE',  ( 0.000000000000000000, 0.000000000000000000, 1.000000000000000000 ) ) ;
#696 = ORIENTED_EDGE ( 'NONE', *, *, #2113, .T. ) ;
#697 = VERTEX_POINT ( 'NONE', #1686 ) ;
#698 = ORIENTED_EDGE ( 'NONE', *, *, #932, .F. ) ;
#699 = ORIENTED_EDGE ( 'NONE', *, *, #2151, .T. ) ;
#700 = CARTESIAN_POINT ( 'NONE',  ( -26.76499999999998991, 6.151507414924116013, -8.657273530767703562 ) ) ;
#701 = CARTESIAN_POINT ( 'NONE',  ( -24.76499999999999702, 15.50999999999999979, -40.15163299710121692 ) ) ;
#702 = LINE ( 'NONE', #1937, #312 ) ;
#703 = VECTOR ( 'NONE', #1481, 1000.000000000000000 ) ;
#704 = ORIENTED_EDGE ( 'NONE', *, *, #579, .F. ) ;
#705 = CARTESIAN_POINT ( 'NONE',  ( -15.93861376188563206, -6.476987298107784063, -18.24000000000006949 ) ) ;
#706 = DIRECTION ( 'NONE',  ( -1.000000000000000000, 0.000000000000000000, 0.000000000000000000 ) ) ;
#707 = ORIENTED_EDGE ( 'NONE', *, *, #1970, .F. ) ;
#708 = CARTESIAN_POINT ( 'NONE',  ( -14.76499999999999702, 6.073873277856186803, 0.2172196992092951806 ) ) ;
#709 = EDGE_CURVE ( 'NONE', #621, #2094, #1502, .T. ) ;
#710 = ORIENTED_EDGE ( 'NONE', *, *, #2135, .F. ) ;
#711 = VECTOR ( 'NONE', #1956, 999.9999999999998863 ) ;
#712 = CARTESIAN_POINT ( 'NONE',  ( -36.37346896556724118, 0.8999999999999923617, -4.082048479549206910 ) ) ;
#713 = CARTESIAN_POINT ( 'NONE',  ( -12.76499999999999524, -1.375212099415011879, -4.080585210523681283 ) ) ;
#714 = VECTOR ( 'NONE', #469, 1000.000000000000114 ) ;
#715 = DIRECTION ( 'NONE',  ( 1.000000000000000000, 3.159787752234622385E-16, 0.000000000000000000 ) ) ;
#716 = AXIS2_PLACEMENT_3D ( 'NONE', #1286, #778, #590 ) ;
#718 = LINE ( 'NONE', #1976, #2130 ) ;
#717 = CARTESIAN_POINT ( 'NONE',  ( -21.36499999999999133, -3.910000000000001918, -40.15163299710121692 ) ) ;
#719 = EDGE_CURVE ( 'NONE', #2110, #1564, #674, .T. ) ;
#720 = DIRECTION ( 'NONE',  ( -4.336808689942017736E-16, 0.000000000000000000, 1.000000000000000000 ) ) ;
#721 = ORIENTED_EDGE ( 'NONE', *, *, #901, .T. ) ;
#722 = CARTESIAN_POINT ( 'NONE',  ( -13.15499999999999226, -4.869867143363184603, -8.250000000000000000 ) ) ;
#723 = ORIENTED_EDGE ( 'NONE', *, *, #831, .T. ) ;
#724 = LINE ( 'NONE', #1294, #1091 ) ;
#725 = AXIS2_PLACEMENT_3D ( 'NONE', #74, #346, #234 ) ;
#726 = DIRECTION ( 'NONE',  ( -1.000000000000000000, 0.000000000000000000, 0.000000000000000000 ) ) ;
#727 = CARTESIAN_POINT ( 'NONE',  ( -14.76499999999999524, 1.106126722143818908, -8.381316658307712331 ) ) ;
#728 = ADVANCED_FACE ( 'NONE', ( #615, #988 ), #2049, .T. ) ;
#729 = VECTOR ( 'NONE', #1287, 1000.000000000000000 ) ;
#731 = LINE ( 'NONE', #667, #219 ) ;
#730 = CARTESIAN_POINT ( 'NONE',  ( 6.000000000000005329, -0.4899999999999986589, -8.250000000000000000 ) ) ;
#732 = DIRECTION ( 'NONE',  ( -1.000000000000000000, -8.755333828954275551E-17, 0.000000000000000000 ) ) ;
#733 = ORIENTED_EDGE ( 'NONE', *, *, #967, .F. ) ;
#734 = EDGE_CURVE ( 'NONE', #4, #172, #1534, .T. ) ;
#735 = ORIENTED_EDGE ( 'NONE', *, *, #936, .F. ) ;
#736 = FACE_OUTER_BOUND ( 'NONE', #1573, .T. ) ;
#737 = FACE_OUTER_BOUND ( 'NONE', #496, .T. ) ;
#738 = CARTESIAN_POINT ( 'NONE',  ( 14.95500000000000718, -1.489999999999999547, -1.750000000000001110 ) ) ;
#739 = ADVANCED_FACE ( 'NONE', ( #793 ), #1153, .T. ) ;
#740 = SURFACE_STYLE_FILL_AREA ( #1504 ) ;
#741 = AXIS2_PLACEMENT_3D ( 'NONE', #1321, #1157, #619 ) ;
#742 = DIRECTION ( 'NONE',  ( -0.000000000000000000, -0.000000000000000000, -1.000000000000000000 ) ) ;
#743 = VERTEX_POINT ( 'NONE', #2082 ) ;
#744 = ORIENTED_EDGE ( 'NONE', *, *, #1419, .T. ) ;
#745 = LINE ( 'NONE', #1997, #970 ) ;
#746 = DIRECTION ( 'NONE',  ( 0.000000000000000000, -0.000000000000000000, -1.000000000000000000 ) ) ;
#747 = DIRECTION ( 'NONE',  ( 4.336808689942017736E-16, -0.000000000000000000, -1.000000000000000000 ) ) ;
#748 = CARTESIAN_POINT ( 'NONE',  ( -12.76499999999999524, 3.510000000000000231, -8.250000000000000000 ) ) ;
#749 = ADVANCED_FACE ( 'NONE', ( #850, #295, #875 ), #658, .F. ) ;
#750 = APPLICATION_CONTEXT ( 'automotive_design' ) ;
#751 = FACE_BOUND ( 'NONE', #1241, .T. ) ;
#752 = VERTEX_POINT ( 'NONE', #485 ) ;
#753 = ORIENTED_EDGE ( 'NONE', *, *, #1448, .F. ) ;
#754 = DIRECTION ( 'NONE',  ( 0.000000000000000000, 0.000000000000000000, -1.000000000000000000 ) ) ;
#755 = DIRECTION ( 'NONE',  ( -1.000000000000000000, 0.000000000000000000, 8.673617379884035472E-16 ) ) ;
#756 = EDGE_CURVE ( 'NONE', #138, #1135, #7, .T. ) ;
#757 = DIRECTION ( 'NONE',  ( 0.000000000000000000, 0.000000000000000000, -1.000000000000000000 ) ) ;
#758 = EDGE_CURVE ( 'NONE', #2299, #1108, #2095, .T. ) ;
#759 = ORIENTED_EDGE ( 'NONE', *, *, #441, .F. ) ;
#760 = ADVANCED_FACE ( 'NONE', ( #528 ), #323, .F. ) ;
#761 = FACE_OUTER_BOUND ( 'NONE', #556, .T. ) ;
#762 = ORIENTED_EDGE ( 'NONE', *, *, #839, .T. ) ;
#763 = VECTOR ( 'NONE', #794, 1000.000000000000114 ) ;
#764 = CARTESIAN_POINT ( 'NONE',  ( -18.16499999999999204, -3.910000000000001030, 3.800000000000004263 ) ) ;
#765 = DIRECTION ( 'NONE',  ( -1.000000000000000000, 0.000000000000000000, 0.000000000000000000 ) ) ;
#766 = CARTESIAN_POINT ( 'NONE',  ( -26.76499999999998991, 8.793014829848239344, -4.082048479549205133 ) ) ;
#767 = LINE ( 'NONE', #206, #170 ) ;
#768 = ADVANCED_FACE ( 'NONE', ( #1187 ), #1405, .T. ) ;
#769 = CARTESIAN_POINT ( 'NONE',  ( -21.36499999999999488, 0.8999999999999971356, -4.082048479549206910 ) ) ;
#770 = FACE_OUTER_BOUND ( 'NONE', #146, .T. ) ;
#771 = DIRECTION ( 'NONE',  ( 1.000000000000000000, 0.000000000000000000, 0.000000000000000000 ) ) ;
#772 = VECTOR ( 'NONE', #2200, 1000.000000000000000 ) ;
#773 = ORIENTED_EDGE ( 'NONE', *, *, #181, .T. ) ;
#774 = CIRCLE ( 'NONE', #108, 1.499999999999999556 ) ;
#775 = DIRECTION ( 'NONE',  ( -1.000000000000000000, 0.000000000000000000, -4.336808689942017736E-16 ) ) ;
#776 = DIRECTION ( 'NONE',  ( 0.000000000000000000, 0.000000000000000000, 1.000000000000000000 ) ) ;
#777 = EDGE_LOOP ( 'NONE', ( #167, #1755, #670, #672 ) ) ;
#778 = DIRECTION ( 'NONE',  ( -4.336808689942017736E-16, 0.000000000000000000, 1.000000000000000000 ) ) ;
#779 = LINE ( 'NONE', #265, #573 ) ;
#780 = EDGE_CURVE ( 'NONE', #977, #1650, #151, .T. ) ;
#781 = VECTOR ( 'NONE', #152, 999.9999999999998863 ) ;
#782 = AXIS2_PLACEMENT_3D ( 'NONE', #1786, #182, #2142 ) ;
#783 = AXIS2_PLACEMENT_3D ( 'NONE', #2263, #98, #2278 ) ;
#784 = ORIENTED_EDGE ( 'NONE', *, *, #1719, .T. ) ;
#785 = CIRCLE ( 'NONE', #2101, 1.499999999999999556 ) ;
#786 = EDGE_CURVE ( 'NONE', #1293, #2159, #1746, .T. ) ;
#787 = CARTESIAN_POINT ( 'NONE',  ( -27.26499999999998991, -11.51041920147992315, -11.39999999999998614 ) ) ;
#788 = VERTEX_POINT ( 'NONE', #1758 ) ;
#789 = VECTOR ( 'NONE', #746, 1000.000000000000000 ) ;
#790 = CARTESIAN_POINT ( 'NONE',  ( -26.76499999999998991, -1.773014829848239771, -4.082048479549206910 ) ) ;
#791 = CARTESIAN_POINT ( 'NONE',  ( 6.000000000000005329, -0.4899999999999986589, -11.40000000000001457 ) ) ;
#792 = EDGE_LOOP ( 'NONE', ( #632, #220, #569, #1184 ) ) ;
#793 = FACE_OUTER_BOUND ( 'NONE', #1128, .T. ) ;
#794 = DIRECTION ( 'NONE',  ( 0.000000000000000000, -0.4997447569456937577, 0.8661727182873456554 ) ) ;
#795 = PLANE ( 'NONE',  #250 ) ;
#796 = EDGE_CURVE ( 'NONE', #1554, #333, #688, .T. ) ;
#797 = CARTESIAN_POINT ( 'NONE',  ( 14.95500000000000718, -3.489999999999999769, -10.00000000000000000 ) ) ;
#798 = VERTEX_POINT ( 'NONE', #1026 ) ;
#799 = DIRECTION ( 'NONE',  ( 1.000000000000000000, 0.000000000000000000, -0.000000000000000000 ) ) ;
#800 = VECTOR ( 'NONE', #1571, 1000.000000000000000 ) ;
#801 = DIRECTION ( 'NONE',  ( 0.000000000000000000, 0.000000000000000000, -1.000000000000000000 ) ) ;
#802 = VERTEX_POINT ( 'NONE', #864 ) ;
#803 = CARTESIAN_POINT ( 'NONE',  ( -10.76499999999998991, -3.489999999999997105, -11.40000000000000036 ) ) ;
#804 = DIRECTION ( 'NONE',  ( 1.000000000000000000, 6.938893903907232322E-16, -0.000000000000000000 ) ) ;
#805 = CARTESIAN_POINT ( 'NONE',  ( -24.76499999999999702, 13.00999999999999979, -0.4499999999999999001 ) ) ;
#806 = CARTESIAN_POINT ( 'NONE',  ( -14.16499999999999915, 12.58999999999999808, -0.4500000000000021760 ) ) ;
#807 = ADVANCED_FACE ( 'NONE', ( #2286 ), #2125, .F. ) ;
#808 = DIRECTION ( 'NONE',  ( -1.000000000000000000, -3.159787752234622385E-16, -0.000000000000000000 ) ) ;
#809 = ORIENTED_EDGE ( 'NONE', *, *, #2008, .T. ) ;
#810 = LINE ( 'NONE', #272, #1712 ) ;
#811 = CARTESIAN_POINT ( 'NONE',  ( -21.36499999999999488, 6.279999999999998472, -4.082048479549206910 ) ) ;
#812 = ORIENTED_EDGE ( 'NONE', *, *, #1271, .F. ) ;
#813 = VECTOR ( 'NONE', #1019, 1000.000000000000000 ) ;
#814 = DIRECTION ( 'NONE',  ( 0.000000000000000000, 0.000000000000000000, 1.000000000000000000 ) ) ;
#815 = CARTESIAN_POINT ( 'NONE',  ( -26.76499999999998991, 0.8684925850758820065, 0.4931765716692914636 ) ) ;
#816 = CARTESIAN_POINT ( 'NONE',  ( -10.76499999999999524, 9.799401076758512019, -10.00000000000000000 ) ) ;
#817 = VECTOR ( 'NONE', #2231, 1000.000000000000000 ) ;
#818 = LINE ( 'NONE', #444, #1155 ) ;
#819 = ORIENTED_EDGE ( 'NONE', *, *, #489, .T. ) ;
#820 = ADVANCED_FACE ( 'NONE', ( #2271 ), #1011, .T. ) ;
#821 = AXIS2_PLACEMENT_3D ( 'NONE', #636, #1731, #1595 ) ;
#822 = VECTOR ( 'NONE', #487, 1000.000000000000000 ) ;
#823 = CARTESIAN_POINT ( 'NONE',  ( -28.76499999999999702, -13.62839243245459642, 3.800000000000004263 ) ) ;
#824 = ORIENTED_EDGE ( 'NONE', *, *, #205, .F. ) ;
#825 = VERTEX_POINT ( 'NONE', #673 ) ;
#826 = DIRECTION ( 'NONE',  ( -1.000000000000000000, 5.421010862427520198E-16, 8.673617379884035472E-16 ) ) ;
#827 = CARTESIAN_POINT ( 'NONE',  ( -24.76499999999999702, 15.50999999999999979, 3.800000000000004263 ) ) ;
#828 = EDGE_CURVE ( 'NONE', #1442, #798, #13, .T. ) ;
#829 = LINE ( 'NONE', #1713, #46 ) ;
#830 = ORIENTED_EDGE ( 'NONE', *, *, #208, .T. ) ;
#831 = EDGE_CURVE ( 'NONE', #333, #353, #2137, .T. ) ;
#832 = CARTESIAN_POINT ( 'NONE',  ( -15.93861376188563206, -6.476987298107784952, -11.39999999999999503 ) ) ;
#833 = ORIENTED_EDGE ( 'NONE', *, *, #1260, .F. ) ;
#834 = ORIENTED_EDGE ( 'NONE', *, *, #40, .F. ) ;
#835 = EDGE_LOOP ( 'NONE', ( #1239, #2117, #1443, #1148, #1785, #1835, #669, #162, #1659, #871, #2291 ) ) ;
#836 = ORIENTED_EDGE ( 'NONE', *, *, #351, .T. ) ;
#837 = DIRECTION ( 'NONE',  ( -1.000000000000000000, 0.000000000000000000, 8.673617379884035472E-16 ) ) ;
#838 = CYLINDRICAL_SURFACE ( 'NONE', #904, 1.499999999999999556 ) ;
#839 = EDGE_CURVE ( 'NONE', #2196, #1930, #1391, .T. ) ;
#840 = CARTESIAN_POINT ( 'NONE',  ( -14.16500000000000092, 15.08999999999999986, -7.150000000000003020 ) ) ;
#841 = ORIENTED_EDGE ( 'NONE', *, *, #1669, .F. ) ;
#842 = LINE ( 'NONE', #1381, #1951 ) ;
#843 = ORIENTED_EDGE ( 'NONE', *, *, #405, .T. ) ;
#844 = PLANE ( 'NONE',  #183 ) ;
#845 = EDGE_LOOP ( 'NONE', ( #2279, #160, #997, #1018, #163 ) ) ;
#846 = ORIENTED_EDGE ( 'NONE', *, *, #1682, .F. ) ;
#847 = ORIENTED_EDGE ( 'NONE', *, *, #1765, .F. ) ;
#848 = EDGE_CURVE ( 'NONE', #2259, #1412, #336, .T. ) ;
#849 = EDGE_LOOP ( 'NONE', ( #51, #1791, #484, #1631 ) ) ;
#850 = FACE_OUTER_BOUND ( 'NONE', #1714, .T. ) ;
#851 =( NAMED_UNIT ( * ) PLANE_ANGLE_UNIT ( ) SI_UNIT ( $, .RADIAN. ) );
#852 = CARTESIAN_POINT ( 'NONE',  ( 14.95500000000000718, 3.510000000000000231, -8.250000000000000000 ) ) ;
#853 = ADVANCED_FACE ( 'NONE', ( #164 ), #176, .F. ) ;
#854 = ORIENTED_EDGE ( 'NONE', *, *, #78, .T. ) ;
#855 = DIRECTION ( 'NONE',  ( 1.000000000000000000, 0.000000000000000000, 0.000000000000000000 ) ) ;
#856 = VECTOR ( 'NONE', #631, 1000.000000000000000 ) ;
#857 = ADVANCED_FACE ( 'NONE', ( #1660 ), #1285, .T. ) ;
#858 = LINE ( 'NONE', #1425, #2074 ) ;
#859 = LINE ( 'NONE', #1578, #2085 ) ;
#860 = ORIENTED_EDGE ( 'NONE', *, *, #1214, .F. ) ;
#861 = ORIENTED_EDGE ( 'NONE', *, *, #2164, .T. ) ;
#862 = ORIENTED_EDGE ( 'NONE', *, *, #1177, .F. ) ;
#863 = VERTEX_POINT ( 'NONE', #1653 ) ;
#864 = CARTESIAN_POINT ( 'NONE',  ( -24.76499999999999702, 15.50999999999999979, 3.800000000000004263 ) ) ;
#865 = LINE ( 'NONE', #1584, #1576 ) ;
#866 = VECTOR ( 'NONE', #1265, 1000.000000000000000 ) ;
#867 = LINE ( 'NONE', #1585, #961 ) ;
#868 = ORIENTED_EDGE ( 'NONE', *, *, #441, .T. ) ;
#869 = LINE ( 'NONE', #1587, #668 ) ;
#870 = DIRECTION ( 'NONE',  ( 1.000000000000000000, 0.000000000000000000, 4.336808689942021680E-16 ) ) ;
#871 = ORIENTED_EDGE ( 'NONE', *, *, #2088, .F. ) ;
#872 = EDGE_LOOP ( 'NONE', ( #1036, #149, #532, #993 ) ) ;
#873 = ORIENTED_EDGE ( 'NONE', *, *, #1001, .T. ) ;
#874 = ORIENTED_EDGE ( 'NONE', *, *, #415, .T. ) ;
#875 = FACE_BOUND ( 'NONE', #212, .T. ) ;
#876 = DIRECTION ( 'NONE',  ( 0.000000000000000000, 0.000000000000000000, -1.000000000000000000 ) ) ;
#877 = CARTESIAN_POINT ( 'NONE',  ( -10.76499999999999524, -3.489999999999999769, -18.24000000000006949 ) ) ;
#878 = AXIS2_PLACEMENT_3D ( 'NONE', #61, #747, #2163 ) ;
#879 = ORIENTED_EDGE ( 'NONE', *, *, #343, .T. ) ;
#880 = ADVANCED_FACE ( 'NONE', ( #2160, #1622 ), #538, .T. ) ;
#881 = DIRECTION ( 'NONE',  ( 0.000000000000000000, -0.000000000000000000, 1.000000000000000000 ) ) ;
#882 = CARTESIAN_POINT ( 'NONE',  ( 12.95500000000000895, -1.489999999999999547, 3.800000000000008260 ) ) ;
#883 = ORIENTED_EDGE ( 'NONE', *, *, #489, .F. ) ;
#884 = CARTESIAN_POINT ( 'NONE',  ( -18.16499999999999204, -3.910000000000001030, -40.15163299710121692 ) ) ;
#885 = ORIENTED_EDGE ( 'NONE', *, *, #1348, .T. ) ;
#886 = CARTESIAN_POINT ( 'NONE',  ( -27.26499999999998991, -11.51041920147992315, -40.15163299710121692 ) ) ;
#887 = DIRECTION ( 'NONE',  ( 0.000000000000000000, 0.000000000000000000, 1.000000000000000000 ) ) ;
#888 = EDGE_CURVE ( 'NONE', #130, #1695, #566, .T. ) ;
#889 = LINE ( 'NONE', #2314, #1678 ) ;
#890 = AXIS2_PLACEMENT_3D ( 'NONE', #90, #799, #600 ) ;
#891 = CIRCLE ( 'NONE', #473, 1.499999999999999556 ) ;
#892 = ORIENTED_EDGE ( 'NONE', *, *, #2077, .F. ) ;
#893 = CARTESIAN_POINT ( 'NONE',  ( -5.999999999999994671, -0.4899999999999986589, 3.800000000000001155 ) ) ;
#894 = CARTESIAN_POINT ( 'NONE',  ( 14.95500000000000718, 5.490000000000000213, 3.800000000000008260 ) ) ;
#895 = ORIENTED_EDGE ( 'NONE', *, *, #1445, .F. ) ;
#896 = ORIENTED_EDGE ( 'NONE', *, *, #1524, .F. ) ;
#897 = ORIENTED_EDGE ( 'NONE', *, *, #1255, .F. ) ;
#898 = VECTOR ( 'NONE', #1767, 1000.000000000000000 ) ;
#899 = LINE ( 'NONE', #21, #1195 ) ;
#900 = CARTESIAN_POINT ( 'NONE',  ( -24.76499999999999702, 15.50999999999999979, -11.39999999999998614 ) ) ;
#901 = EDGE_CURVE ( 'NONE', #1612, #1717, #1433, .T. ) ;
#902 = AXIS2_PLACEMENT_3D ( 'NONE', #2014, #42, #1110 ) ;
#903 = DIRECTION ( 'NONE',  ( 1.000000000000000000, 0.000000000000000000, 0.000000000000000000 ) ) ;
#904 = AXIS2_PLACEMENT_3D ( 'NONE', #659, #1376, #2096 ) ;
#906 = CARTESIAN_POINT ( 'NONE',  ( -14.16500000000000092, 15.08999999999999986, -7.150000000000003020 ) ) ;
#905 = LINE ( 'NONE', #1626, #1273 ) ;
#907 = EDGE_CURVE ( 'NONE', #1959, #161, #230, .T. ) ;
#908 = CARTESIAN_POINT ( 'NONE',  ( -13.15499999999999226, -2.798103635878014916, -1.614386590454622628 ) ) ;
#909 = ORIENTED_EDGE ( 'NONE', *, *, #515, .F. ) ;
#910 = VERTEX_POINT ( 'NONE', #1807 ) ;
#911 = ORIENTED_EDGE ( 'NONE', *, *, #553, .F. ) ;
#912 = DIRECTION ( 'NONE',  ( 1.000000000000000000, 0.000000000000000000, -0.000000000000000000 ) ) ;
#913 = DIRECTION ( 'NONE',  ( 0.000000000000000000, 0.000000000000000000, 1.000000000000000000 ) ) ;
#914 = EDGE_CURVE ( 'NONE', #319, #2110, #745, .T. ) ;
#915 = CARTESIAN_POINT ( 'NONE',  ( -25.36499999999999488, 13.00999999999999979, -0.4499999999999999001 ) ) ;
#916 = AXIS2_PLACEMENT_3D ( 'NONE', #1843, #54, #903 ) ;
#917 = PRESENTATION_LAYER_ASSIGNMENT (  '', '', ( #313 ) ) ;
#918 = LINE ( 'NONE', #1639, #1417 ) ;
#919 = DIRECTION ( 'NONE',  ( -1.000000000000000000, -3.159787752234622385E-16, -0.000000000000000000 ) ) ;
#920 = ORIENTED_EDGE ( 'NONE', *, *, #351, .F. ) ;
#921 = EDGE_LOOP ( 'NONE', ( #2241, #897, #1716, #762 ) ) ;
#922 = CARTESIAN_POINT ( 'NONE',  ( -5.999999999999994671, -0.4899999999999986589, -10.00000000000000000 ) ) ;
#923 = ADVANCED_FACE ( 'NONE', ( #736 ), #549, .F. ) ;
#924 = PLANE ( 'NONE',  #676 ) ;
#925 = CARTESIAN_POINT ( 'NONE',  ( -12.76499999999999524, 3.590000000000000302, -4.082048479549206910 ) ) ;
#926 = LINE ( 'NONE', #2009, #1873 ) ;
#927 = AXIS2_PLACEMENT_3D ( 'NONE', #1914, #652, #1902 ) ;
#928 = VECTOR ( 'NONE', #91, 1000.000000000000000 ) ;
#929 = EDGE_CURVE ( 'NONE', #328, #498, #2143, .T. ) ;
#930 = CARTESIAN_POINT ( 'NONE',  ( -21.36499999999999488, 11.22044122741013261, -40.15163299710121692 ) ) ;
#931 = ORIENTED_EDGE ( 'NONE', *, *, #357, .T. ) ;
#932 = EDGE_CURVE ( 'NONE', #2013, #1199, #1444, .T. ) ;
#933 = ORIENTED_EDGE ( 'NONE', *, *, #2206, .T. ) ;
#934 = DIRECTION ( 'NONE',  ( 0.000000000000000000, 0.000000000000000000, 1.000000000000000000 ) ) ;
#935 = FACE_OUTER_BOUND ( 'NONE', #2310, .T. ) ;
#936 = EDGE_CURVE ( 'NONE', #2308, #445, #1472, .T. ) ;
#937 = VECTOR ( 'NONE', #2221, 1000.000000000000000 ) ;
#938 = CYLINDRICAL_SURFACE ( 'NONE', #612, 2.690000000000000835 ) ;
#939 = AXIS2_PLACEMENT_3D ( 'NONE', #1988, #606, #1145 ) ;
#940 = CARTESIAN_POINT ( 'NONE',  ( -4.499999999999995559, -0.4899999999999986589, -1.750000000000001554 ) ) ;
#941 = EDGE_LOOP ( 'NONE', ( #2311, #1372 ) ) ;
#942 = DIRECTION ( 'NONE',  ( -0.000000000000000000, 0.000000000000000000, -1.000000000000000000 ) ) ;
#943 = CARTESIAN_POINT ( 'NONE',  ( -10.76499999999999524, -3.489999999999999769, -8.250000000000000000 ) ) ;
#944 = PLANE ( 'NONE',  #2179 ) ;
#945 = DIRECTION ( 'NONE',  ( -1.000000000000000000, -3.159787752234622385E-16, -0.000000000000000000 ) ) ;
#946 = FILL_AREA_STYLE_COLOUR ( '', #1190 ) ;
#947 = DIRECTION ( 'NONE',  ( -0.000000000000000000, 0.000000000000000000, 1.000000000000000000 ) ) ;
#948 = LINE ( 'NONE', #1459, #1234 ) ;
#949 = ORIENTED_EDGE ( 'NONE', *, *, #1977, .F. ) ;
#950 = EDGE_CURVE ( 'NONE', #1717, #2299, #1792, .T. ) ;
#951 = LINE ( 'NONE', #2057, #1828 ) ;
#952 = PLANE ( 'NONE',  #475 ) ;
#953 = CARTESIAN_POINT ( 'NONE',  ( -10.76499999999999346, 15.08999999999999986, -11.40000000000000036 ) ) ;
#954 = CARTESIAN_POINT ( 'NONE',  ( -26.76499999999998991, 3.589999999999995861, -4.082048479549206910 ) ) ;
#955 = EDGE_CURVE ( 'NONE', #2270, #910, #899, .T. ) ;
#956 = SURFACE_STYLE_USAGE ( .BOTH. , #1458 ) ;
#957 = CARTESIAN_POINT ( 'NONE',  ( -14.76499999999999524, 15.08999999999999986, 3.799999999999998046 ) ) ;
#958 = DIRECTION ( 'NONE',  ( -1.000000000000000000, -2.293024307624555169E-16, 0.000000000000000000 ) ) ;
#959 = AXIS2_PLACEMENT_3D ( 'NONE', #1888, #2042, #1692 ) ;
#960 = VERTEX_POINT ( 'NONE', #1633 ) ;
#961 = VECTOR ( 'NONE', #166, 1000.000000000000000 ) ;
#962 = CARTESIAN_POINT ( 'NONE',  ( 6.000000000000005329, -0.4899999999999986589, -1.750000000000001554 ) ) ;
#963 = DIRECTION ( 'NONE',  ( -1.000000000000000000, 0.000000000000000000, 8.673617379884043361E-16 ) ) ;
#964 = EDGE_LOOP ( 'NONE', ( #384, #598, #2303, #909 ) ) ;
#965 = DIRECTION ( 'NONE',  ( 0.9433043865875176959, 0.3319289596355625149, 0.000000000000000000 ) ) ;
#966 = FACE_OUTER_BOUND ( 'NONE', #1171, .T. ) ;
#967 = EDGE_CURVE ( 'NONE', #353, #645, #724, .T. ) ;
#968 = AXIS2_PLACEMENT_3D ( 'NONE', #1081, #881, #855 ) ;
#969 = FACE_OUTER_BOUND ( 'NONE', #1735, .T. ) ;
#970 = VECTOR ( 'NONE', #934, 1000.000000000000000 ) ;
#971 = CARTESIAN_POINT ( 'NONE',  ( -26.76499999999998991, 0.8684925850758820065, 0.4931765716692914636 ) ) ;
#972 = ORIENTED_EDGE ( 'NONE', *, *, #1858, .T. ) ;
#973 = AXIS2_PLACEMENT_3D ( 'NONE', #953, #53, #755 ) ;
#974 = ADVANCED_FACE ( 'NONE', ( #1837 ), #2191, .F. ) ;
#975 = LINE ( 'NONE', #764, #2202 ) ;
#976 = CYLINDRICAL_SURFACE ( 'NONE', #1490, 1.499999999999999556 ) ;
#977 = VERTEX_POINT ( 'NONE', #2171 ) ;
#978 = CARTESIAN_POINT ( 'NONE',  ( -36.37346896556724118, 3.589999999999992752, -4.082048479549206910 ) ) ;
#979 = DIRECTION ( 'NONE',  ( -4.111018494679038928E-32, 1.301042606982604828E-16, 1.000000000000000000 ) ) ;
#980 =( NAMED_UNIT ( * ) SI_UNIT ( $, .STERADIAN. ) SOLID_ANGLE_UNIT ( ) );
#981 = CARTESIAN_POINT ( 'NONE',  ( -12.76499999999999524, 1.030362604776251523, -8.250000000000000000 ) ) ;
#982 = LINE ( 'NONE', #971, #593 ) ;
#983 = VERTEX_POINT ( 'NONE', #1100 ) ;
#984 = DIRECTION ( 'NONE',  ( 0.000000000000000000, 1.000000000000000000, 0.000000000000000000 ) ) ;
#985 = VECTOR ( 'NONE', #1330, 1000.000000000000000 ) ;
#986 = FACE_OUTER_BOUND ( 'NONE', #2091, .T. ) ;
#987 = ORIENTED_EDGE ( 'NONE', *, *, #1516, .T. ) ;
#988 = FACE_OUTER_BOUND ( 'NONE', #256, .T. ) ;
#989 = CARTESIAN_POINT ( 'NONE',  ( -14.16499999999999027, -1.005568958398494505E-14, 0.000000000000000000 ) ) ;
#990 = LINE ( 'NONE', #816, #1797 ) ;
#991 = EDGE_CURVE ( 'NONE', #1607, #743, #402, .T. ) ;
#992 = CARTESIAN_POINT ( 'NONE',  ( -13.15499999999999226, -4.869867143363185491, -1.750000000000001554 ) ) ;
#993 = ORIENTED_EDGE ( 'NONE', *, *, #17, .F. ) ;
#994 = EDGE_CURVE ( 'NONE', #2044, #1201, #1464, .T. ) ;
#995 = DIRECTION ( 'NONE',  ( -8.673617379884035472E-16, -0.000000000000000000, -1.000000000000000000 ) ) ;
#996 = ORIENTED_EDGE ( 'NONE', *, *, #1624, .F. ) ;
#997 = ORIENTED_EDGE ( 'NONE', *, *, #2030, .T. ) ;
#998 = AXIS2_PLACEMENT_3D ( 'NONE', #1727, #1543, #317 ) ;
#999 = CARTESIAN_POINT ( 'NONE',  ( -18.16499999999999204, 11.22044122741013084, -40.15163299710121692 ) ) ;
#1000 = LINE ( 'NONE', #1343, #299 ) ;
#1001 = EDGE_CURVE ( 'NONE', #1471, #1519, #785, .T. ) ;
#1002 = EDGE_CURVE ( 'NONE', #1412, #20, #58, .T. ) ;
#1003 = DIRECTION ( 'NONE',  ( 1.000000000000000000, 0.000000000000000000, 5.782411586589351722E-16 ) ) ;
#1004 = ORIENTED_EDGE ( 'NONE', *, *, #190, .F. ) ;
#1005 = AXIS2_PLACEMENT_3D ( 'NONE', #1935, #1920, #1961 ) ;
#1006 = CARTESIAN_POINT ( 'NONE',  ( 14.95500000000000718, -1.489999999999999103, -8.250000000000000000 ) ) ;
#1007 = ORIENTED_EDGE ( 'NONE', *, *, #2168, .T. ) ;
#1008 = ORIENTED_EDGE ( 'NONE', *, *, #1383, .T. ) ;
#1009 = ORIENTED_EDGE ( 'NONE', *, *, #2242, .F. ) ;
#1010 = EDGE_CURVE ( 'NONE', #910, #1968, #1495, .T. ) ;
#1011 = PLANE ( 'NONE',  #339 ) ;
#1012 = DIRECTION ( 'NONE',  ( 0.000000000000000000, 0.000000000000000000, 1.000000000000000000 ) ) ;
#1013 = DIRECTION ( 'NONE',  ( -0.8660254037844415942, -0.4999999999999950595, 0.000000000000000000 ) ) ;
#1014 = ORIENTED_EDGE ( 'NONE', *, *, #719, .F. ) ;
#1015 = AXIS2_PLACEMENT_3D ( 'NONE', #1238, #1958, #1605 ) ;
#1016 = ADVANCED_FACE ( 'NONE', ( #622 ), #1326, .F. ) ;
#1017 = CARTESIAN_POINT ( 'NONE',  ( -12.76499999999999702, 6.073873277856187691, 0.2172196992092951806 ) ) ;
#1018 = ORIENTED_EDGE ( 'NONE', *, *, #1693, .T. ) ;
#1019 = DIRECTION ( 'NONE',  ( -0.000000000000000000, -0.000000000000000000, 1.000000000000000000 ) ) ;
#1020 = ORIENTED_EDGE ( 'NONE', *, *, #3, .T. ) ;
#1021 = EDGE_LOOP ( 'NONE', ( #895, #1945, #2283, #1824, #2232, #1566 ) ) ;
#1022 = VERTEX_POINT ( 'NONE', #2046 ) ;
#1023 = EDGE_CURVE ( 'NONE', #1591, #1175, #975, .T. ) ;
#1024 = VECTOR ( 'NONE', #2131, 1000.000000000000000 ) ;
#1025 = ORIENTED_EDGE ( 'NONE', *, *, #1747, .F. ) ;
#1026 = CARTESIAN_POINT ( 'NONE',  ( 14.95500000000000718, 5.490000000000000213, -11.40000000000002167 ) ) ;
#1027 = SURFACE_STYLE_FILL_AREA ( #1887 ) ;
#1028 = CARTESIAN_POINT ( 'NONE',  ( -14.76500000000000057, 15.08999999999999986, -7.150000000000003020 ) ) ;
#1029 = ORIENTED_EDGE ( 'NONE', *, *, #2242, .T. ) ;
#1030 = ADVANCED_FACE ( 'NONE', ( #1129 ), #1881, .T. ) ;
#1031 = CARTESIAN_POINT ( 'NONE',  ( 12.95500000000000895, -3.489999999999998437, -11.40000000000001101 ) ) ;
#1032 = VERTEX_POINT ( 'NONE', #101 ) ;
#1033 = LINE ( 'NONE', #1799, #517 ) ;
#1034 = EDGE_LOOP ( 'NONE', ( #1263, #467, #1901, #332 ) ) ;
#1035 = ORIENTED_EDGE ( 'NONE', *, *, #321, .T. ) ;
#1036 = ORIENTED_EDGE ( 'NONE', *, *, #2070, .F. ) ;
#1037 = VERTEX_POINT ( 'NONE', #790 ) ;
#1038 = CARTESIAN_POINT ( 'NONE',  ( -25.36499999999999488, 15.50999999999999979, -0.4499999999999990119 ) ) ;
#1039 = DIRECTION ( 'NONE',  ( 1.000000000000000000, 1.786532930975084713E-16, -0.000000000000000000 ) ) ;
#1040 = CARTESIAN_POINT ( 'NONE',  ( -12.76499999999999879, 8.555212099415015814, -4.083511748574732536 ) ) ;
#1041 = EDGE_LOOP ( 'NONE', ( #1579, #2267 ) ) ;
#1042 = LINE ( 'NONE', #533, #1687 ) ;
#1043 = VECTOR ( 'NONE', #270, 1000.000000000000000 ) ;
#1044 = CARTESIAN_POINT ( 'NONE',  ( 6.000000000000005329, -0.4899999999999986589, -10.00000000000000000 ) ) ;
#1045 = AXIS2_PLACEMENT_3D ( 'NONE', #2000, #379, #1648 ) ;
#1046 = ORIENTED_EDGE ( 'NONE', *, *, #2168, .F. ) ;
#1047 = ORIENTED_EDGE ( 'NONE', *, *, #1067, .T. ) ;
#1048 = ORIENTED_EDGE ( 'NONE', *, *, #1144, .T. ) ;
#1049 = VECTOR ( 'NONE', #83, 1000.000000000000000 ) ;
#1050 = ORIENTED_EDGE ( 'NONE', *, *, #1345, .F. ) ;
#1051 = CARTESIAN_POINT ( 'NONE',  ( -10.76499999999999346, 15.08999999999999986, -10.00000000000000000 ) ) ;
#1052 = VECTOR ( 'NONE', #2072, 1000.000000000000000 ) ;
#1053 = LINE ( 'NONE', #22, #1841 ) ;
#1054 = EDGE_CURVE ( 'NONE', #1594, #1894, #70, .T. ) ;
#1055 = PLANE ( 'NONE',  #1373 ) ;
#1056 = ORIENTED_EDGE ( 'NONE', *, *, #126, .F. ) ;
#1057 = LINE ( 'NONE', #1776, #1800 ) ;
#1058 = FACE_OUTER_BOUND ( 'NONE', #835, .T. ) ;
#1059 = EDGE_LOOP ( 'NONE', ( #2132, #685 ) ) ;
#1060 = DIRECTION ( 'NONE',  ( -0.000000000000000000, 0.000000000000000000, -1.000000000000000000 ) ) ;
#1061 = VERTEX_POINT ( 'NONE', #1531 ) ;
#1062 = CARTESIAN_POINT ( 'NONE',  ( -24.76499999999999702, 15.50999999999999979, -0.4499999999999990119 ) ) ;
#1063 = LINE ( 'NONE', #701, #866 ) ;
#1064 = DIRECTION ( 'NONE',  ( 0.000000000000000000, 1.000000000000000000, 0.000000000000000000 ) ) ;
#1065 = VECTOR ( 'NONE', #311, 1000.000000000000000 ) ;
#1066 = ORIENTED_EDGE ( 'NONE', *, *, #100, .T. ) ;
#1067 = EDGE_CURVE ( 'NONE', #2235, #1530, #810, .T. ) ;
#1068 = CARTESIAN_POINT ( 'NONE',  ( -6.954999999999992077, -3.490000000000001101, -1.750000000000001110 ) ) ;
#1069 = LINE ( 'NONE', #1815, #898 ) ;
#1070 = EDGE_LOOP ( 'NONE', ( #723, #883, #1741, #2032 ) ) ;
#1071 = DIRECTION ( 'NONE',  ( 1.000000000000000000, 0.000000000000000000, -0.000000000000000000 ) ) ;
#1072 = ORIENTED_EDGE ( 'NONE', *, *, #929, .T. ) ;
#1073 = DIRECTION ( 'NONE',  ( 2.293024307624555169E-16, -1.000000000000000000, 0.000000000000000000 ) ) ;
#1074 = LINE ( 'NONE', #1808, #781 ) ;
#1075 = VECTOR ( 'NONE', #239, 1000.000000000000000 ) ;
#1076 = CARTESIAN_POINT ( 'NONE',  ( 4.500000000000005329, -0.4899999999999984923, -11.40000000000001279 ) ) ;
#1077 = EDGE_CURVE ( 'NONE', #394, #2198, #1520, .T. ) ;
#1078 = AXIS2_PLACEMENT_3D ( 'NONE', #1752, #145, #2154 ) ;
#1079 = VECTOR ( 'NONE', #436, 1000.000000000000000 ) ;
#1080 = EDGE_CURVE ( 'NONE', #1396, #66, #2243, .T. ) ;
#1082 = CARTESIAN_POINT ( 'NONE',  ( 12.95500000000000895, -3.489999999999999769, 3.800000000000008260 ) ) ;
#1081 = CARTESIAN_POINT ( 'NONE',  ( 12.95500000000000718, 5.490000000000000213, -10.00000000000000000 ) ) ;
#1083 = CARTESIAN_POINT ( 'NONE',  ( 14.95500000000000718, -1.489999999999999547, 3.800000000000008260 ) ) ;
#1084 = ORIENTED_EDGE ( 'NONE', *, *, #1513, .F. ) ;
#1085 = CYLINDRICAL_SURFACE ( 'NONE', #1397, 2.000000000000000000 ) ;
#1086 = VECTOR ( 'NONE', #1456, 1000.000000000000000 ) ;
#1087 = ORIENTED_EDGE ( 'NONE', *, *, #1096, .F. ) ;
#1088 = CARTESIAN_POINT ( 'NONE',  ( -10.76499999999999524, 3.590000000000000746, -4.082048479549206910 ) ) ;
#1089 = CARTESIAN_POINT ( 'NONE',  ( 12.95500000000000895, -1.489999999999999547, -8.250000000000000000 ) ) ;
#1090 = ADVANCED_FACE ( 'NONE', ( #1161 ), #635, .F. ) ;
#1091 = VECTOR ( 'NONE', #386, 1000.000000000000000 ) ;
#1092 = DIRECTION ( 'NONE',  ( -0.000000000000000000, 0.000000000000000000, -1.000000000000000000 ) ) ;
#1093 = CIRCLE ( 'NONE', #411, 2.690000000000000391 ) ;
#1095 = DIRECTION ( 'NONE',  ( 0.000000000000000000, 0.5000000000000002220, 0.8660254037844384856 ) ) ;
#1094 = CARTESIAN_POINT ( 'NONE',  ( -10.76499999999999524, 9.799401076758512019, -11.40000000000000036 ) ) ;
#1096 = EDGE_CURVE ( 'NONE', #1544, #2297, #774, .T. ) ;
#1097 = CARTESIAN_POINT ( 'NONE',  ( -4.499999999999995559, -0.4899999999999986589, 3.800000000000001599 ) ) ;
#1098 = ORIENTED_EDGE ( 'NONE', *, *, #686, .T. ) ;
#1099 = ORIENTED_EDGE ( 'NONE', *, *, #431, .T. ) ;
#1100 = CARTESIAN_POINT ( 'NONE',  ( -4.499999999999995559, -0.4899999999999986589, -11.40000000000000568 ) ) ;
#1101 = CLOSED_SHELL ( 'NONE', ( #1169, #376, #235, #1875, #656, #1918, #807, #15, #1194, #1557, #1150, #853, #677, #604, #1368, #478, #1813, #1986, #1766, #1848, #749, #1494, #547, #633, #268, #1312, #1637, #86, #1599, #174, #1657, #1933, #2185, #880, #857, #422, #1601, #2038, #923, #179, #2273, #2269, #1030, #760, #1628, #141, #1090, #1468, #338, #728, #2251, #36, #33, #370, #1842, #1302, #974, #1016, #521, #2106, #1251, #820, #1342, #689, #739, #1897, #131, #768 ) ) ;
#1102 = LINE ( 'NONE', #1862, #789 ) ;
#1103 = DIRECTION ( 'NONE',  ( 1.000000000000000000, 3.159787752234622385E-16, 0.000000000000000000 ) ) ;
#1104 = EDGE_CURVE ( 'NONE', #1432, #1293, #456, .T. ) ;
#1105 = AXIS2_PLACEMENT_3D ( 'NONE', #999, #1700, #252 ) ;
#1106 = EDGE_CURVE ( 'NONE', #1861, #1817, #625, .T. ) ;
#1107 = FACE_OUTER_BOUND ( 'NONE', #89, .T. ) ;
#1108 = VERTEX_POINT ( 'NONE', #1849 ) ;
#1109 = EDGE_LOOP ( 'NONE', ( #1561, #147, #1304, #1029 ) ) ;
#1110 = DIRECTION ( 'NONE',  ( 0.000000000000000000, -0.5002551996290170999, -0.8658780140667230452 ) ) ;
#1111 = CARTESIAN_POINT ( 'NONE',  ( -26.76499999999998991, 6.279999999999996696, -4.082048479549206910 ) ) ;
#1112 = FACE_BOUND ( 'NONE', #1059, .T. ) ;
#1113 = UNCERTAINTY_MEASURE_WITH_UNIT (LENGTH_MEASURE( 1.000000000000000082E-05 ), #2175, 'distance_accuracy_value', 'NONE');
#1114 = VECTOR ( 'NONE', #207, 1000.000000000000000 ) ;
#1115 = CARTESIAN_POINT ( 'NONE',  ( -5.999999999999994671, -0.4899999999999986589, -10.00000000000000000 ) ) ;
#1116 = VERTEX_POINT ( 'NONE', #1305 ) ;
#1117 = DIRECTION ( 'NONE',  ( 0.000000000000000000, 0.000000000000000000, 1.000000000000000000 ) ) ;
#1118 = CARTESIAN_POINT ( 'NONE',  ( -14.16499999999999915, 12.58999999999999986, -7.150000000000003020 ) ) ;
#1119 = FACE_OUTER_BOUND ( 'NONE', #248, .T. ) ;
#1120 = AXIS2_PLACEMENT_3D ( 'NONE', #882, #720, #870 ) ;
#1121 = DIRECTION ( 'NONE',  ( 0.000000000000000000, -0.4999999999999998890, 0.8660254037844387076 ) ) ;
#1122 = EDGE_CURVE ( 'NONE', #1037, #2159, #1337, .T. ) ;
#1123 = AXIS2_PLACEMENT_3D ( 'NONE', #1512, #275, #1340 ) ;
#1124 = VECTOR ( 'NONE', #502, 1000.000000000000000 ) ;
#1125 =( NAMED_UNIT ( * ) PLANE_ANGLE_UNIT ( ) SI_UNIT ( $, .RADIAN. ) );
#1126 = DIRECTION ( 'NONE',  ( -8.673617379884035472E-16, -0.000000000000000000, -1.000000000000000000 ) ) ;
#1127 = LINE ( 'NONE', #236, #193 ) ;
#1128 = EDGE_LOOP ( 'NONE', ( #1056, #1981, #200, #1757 ) ) ;
#1129 = FACE_OUTER_BOUND ( 'NONE', #2134, .T. ) ;
#1130 = DIRECTION ( 'NONE',  ( -1.000000000000000000, 0.000000000000000000, 1.156482317317871725E-15 ) ) ;
#1131 = CARTESIAN_POINT ( 'NONE',  ( 6.000000000000005329, -0.4899999999999986589, -10.00000000000000000 ) ) ;
#1132 = EDGE_CURVE ( 'NONE', #1650, #1293, #951, .T. ) ;
#1133 = CARTESIAN_POINT ( 'NONE',  ( 14.95500000000000718, 5.490000000000000213, -10.00000000000000000 ) ) ;
#1134 = CARTESIAN_POINT ( 'NONE',  ( 7.500000000000005329, -0.4899999999999986589, -1.750000000000001554 ) ) ;
#1135 = VERTEX_POINT ( 'NONE', #238 ) ;
#1136 = DIRECTION ( 'NONE',  ( 1.000000000000000000, 3.159787752234622385E-16, 0.000000000000000000 ) ) ;
#1137 = ORIENTED_EDGE ( 'NONE', *, *, #1676, .F. ) ;
#1138 = EDGE_CURVE ( 'NONE', #1274, #2226, #1672, .T. ) ;
#1139 = CARTESIAN_POINT ( 'NONE',  ( -12.76499999999999702, 6.071338821558834198, -8.382779927333237069 ) ) ;
#1140 = FACE_OUTER_BOUND ( 'NONE', #792, .T. ) ;
#1141 = EDGE_LOOP ( 'NONE', ( #931, #1582, #509, #1743 ) ) ;
#1142 = DIRECTION ( 'NONE',  ( 0.000000000000000000, 0.000000000000000000, 1.000000000000000000 ) ) ;
#1143 = DIRECTION ( 'NONE',  ( -6.938893903907232322E-16, 1.000000000000000000, 0.000000000000000000 ) ) ;
#1144 = EDGE_CURVE ( 'NONE', #345, #1396, #122, .T. ) ;
#1145 = DIRECTION ( 'NONE',  ( 1.000000000000000000, 0.000000000000000000, 0.000000000000000000 ) ) ;
#1146 = CARTESIAN_POINT ( 'NONE',  ( -25.36499999999999488, 15.50999999999999979, -7.150000000000000355 ) ) ;
#1147 = CARTESIAN_POINT ( 'NONE',  ( 12.95500000000000718, 7.490000000000000213, -10.00000000000000000 ) ) ;
#1148 = ORIENTED_EDGE ( 'NONE', *, *, #1322, .T. ) ;
#1149 = DIRECTION ( 'NONE',  ( -1.000000000000000000, 0.000000000000000000, 1.156482317317871725E-15 ) ) ;
#1150 = ADVANCED_FACE ( 'NONE', ( #479 ), #844, .T. ) ;
#1151 = LINE ( 'NONE', #1118, #928 ) ;
#1152 = ORIENTED_EDGE ( 'NONE', *, *, #1138, .F. ) ;
#1153 = PLANE ( 'NONE',  #821 ) ;
#1154 = CARTESIAN_POINT ( 'NONE',  ( -18.16499999999999204, -3.910000000000001030, 3.800000000000004263 ) ) ;
#1155 = VECTOR ( 'NONE', #1879, 1000.000000000000000 ) ;
#1156 = VECTOR ( 'NONE', #2316, 1000.000000000000000 ) ;
#1157 = DIRECTION ( 'NONE',  ( -0.000000000000000000, 0.000000000000000000, -1.000000000000000000 ) ) ;
#1158 = LINE ( 'NONE', #301, #294 ) ;
#1159 = VERTEX_POINT ( 'NONE', #1258 ) ;
#1160 = VECTOR ( 'NONE', #414, 1000.000000000000000 ) ;
#1161 = FACE_OUTER_BOUND ( 'NONE', #1979, .T. ) ;
#1162 = DIRECTION ( 'NONE',  ( 0.000000000000000000, 1.000000000000000000, 0.000000000000000000 ) ) ;
#1163 = ORIENTED_EDGE ( 'NONE', *, *, #579, .T. ) ;
#1164 = CYLINDRICAL_SURFACE ( 'NONE', #1722, 2.690000000000000835 ) ;
#1165 = EDGE_CURVE ( 'NONE', #743, #1671, #287, .T. ) ;
#1166 = PLANE ( 'NONE',  #1289 ) ;
#1167 = CARTESIAN_POINT ( 'NONE',  ( -14.76499999999999879, 12.58999999999999808, -0.4500000000000021760 ) ) ;
#1168 = CARTESIAN_POINT ( 'NONE',  ( -21.36499999999999488, 11.22044122741013261, 3.800000000000004263 ) ) ;
#1169 = ADVANCED_FACE ( 'NONE', ( #380 ), #1197, .F. ) ;
#1170 = CARTESIAN_POINT ( 'NONE',  ( -36.37346896556724118, 6.279999999999994031, -4.082048479549206910 ) ) ;
#1171 = EDGE_LOOP ( 'NONE', ( #2169, #564, #512, #2156 ) ) ;
#1172 = EDGE_CURVE ( 'NONE', #1671, #66, #2257, .T. ) ;
#1173 = DIRECTION ( 'NONE',  ( 1.000000000000000000, 0.000000000000000000, 0.000000000000000000 ) ) ;
#1174 = VECTOR ( 'NONE', #1710, 1000.000000000000000 ) ;
#1175 = VERTEX_POINT ( 'NONE', #2281 ) ;
#1176 = ORIENTED_EDGE ( 'NONE', *, *, #587, .F. ) ;
#1177 = EDGE_CURVE ( 'NONE', #18, #1959, #1183, .T. ) ;
#1178 = FACE_OUTER_BOUND ( 'NONE', #1971, .T. ) ;
#1179 = CARTESIAN_POINT ( 'NONE',  ( -10.76499999999999524, 3.509999999999999343, -6.770858625320008706 ) ) ;
#1180 = DIRECTION ( 'NONE',  ( -1.000000000000000000, 0.000000000000000000, 0.000000000000000000 ) ) ;
#1181 = ORIENTED_EDGE ( 'NONE', *, *, #1663, .F. ) ;
#1182 = EDGE_CURVE ( 'NONE', #1412, #1388, #1210, .T. ) ;
#1183 = LINE ( 'NONE', #2166, #1528 ) ;
#1184 = ORIENTED_EDGE ( 'NONE', *, *, #2256, .T. ) ;
#1185 = VERTEX_POINT ( 'NONE', #1438 ) ;
#1186 = AXIS2_PLACEMENT_3D ( 'NONE', #283, #1351, #2067 ) ;
#1187 = FACE_OUTER_BOUND ( 'NONE', #1034, .T. ) ;
#1188 = PLANE ( 'NONE',  #197 ) ;
#1189 = ORIENTED_EDGE ( 'NONE', *, *, #848, .F. ) ;
#1190 = COLOUR_RGB ( '',0.5372549019607842924, 0.3490196078431372362, 0.3372549019607843368 ) ;
#1191 = VECTOR ( 'NONE', #742, 1000.000000000000000 ) ;
#1192 = DIRECTION ( 'NONE',  ( 0.000000000000000000, 0.000000000000000000, -1.000000000000000000 ) ) ;
#1193 = ORIENTED_EDGE ( 'NONE', *, *, #2158, .T. ) ;
#1194 = ADVANCED_FACE ( 'NONE', ( #1269 ), #111, .F. ) ;
#1195 = VECTOR ( 'NONE', #213, 1000.000000000000000 ) ;
#1196 = VECTOR ( 'NONE', #69, 1000.000000000000000 ) ;
#1197 = CYLINDRICAL_SURFACE ( 'NONE', #998, 2.690000000000000835 ) ;
#1198 = ORIENTED_EDGE ( 'NONE', *, *, #1244, .F. ) ;
#1199 = VERTEX_POINT ( 'NONE', #1929 ) ;
#1200 = ORIENTED_EDGE ( 'NONE', *, *, #786, .F. ) ;
#1201 = VERTEX_POINT ( 'NONE', #2078 ) ;
#1202 = DIRECTION ( 'NONE',  ( 0.000000000000000000, -1.000000000000000000, -3.469446951953613696E-16 ) ) ;
#1203 = EDGE_CURVE ( 'NONE', #1742, #743, #731, .T. ) ;
#1204 = CARTESIAN_POINT ( 'NONE',  ( -26.76710656054664739, -12.92537578136120047, -11.39999999999998614 ) ) ;
#1205 = CARTESIAN_POINT ( 'NONE',  ( 4.500000000000005329, -0.4899999999999984923, -10.00000000000000000 ) ) ;
#1206 = ORIENTED_EDGE ( 'NONE', *, *, #1172, .T. ) ;
#1207 = CIRCLE ( 'NONE', #419, 2.690000000000000391 ) ;
#1208 = DIRECTION ( 'NONE',  ( -4.336808689942017736E-16, 0.000000000000000000, 1.000000000000000000 ) ) ;
#1209 = ORIENTED_EDGE ( 'NONE', *, *, #1970, .T. ) ;
#1210 = LINE ( 'NONE', #1740, #1793 ) ;
#1211 = ORIENTED_EDGE ( 'NONE', *, *, #2073, .F. ) ;
#1212 = ORIENTED_EDGE ( 'NONE', *, *, #2253, .F. ) ;
#1213 = ORIENTED_EDGE ( 'NONE', *, *, #1054, .F. ) ;
#1214 = EDGE_CURVE ( 'NONE', #445, #1932, #326, .T. ) ;
#1215 = AXIS2_PLACEMENT_3D ( 'NONE', #2173, #1092, #191 ) ;
#1216 = ORIENTED_EDGE ( 'NONE', *, *, #1002, .T. ) ;
#1217 = DIRECTION ( 'NONE',  ( -1.000000000000000000, -3.159787752234622878E-16, 0.000000000000000000 ) ) ;
#1218 = DIRECTION ( 'NONE',  ( -1.000000000000000000, -0.000000000000000000, -0.000000000000000000 ) ) ;
#1219 = FACE_OUTER_BOUND ( 'NONE', #331, .T. ) ;
#1220 = VERTEX_POINT ( 'NONE', #1082 ) ;
#1221 = CARTESIAN_POINT ( 'NONE',  ( -6.765000000000010338, 7.489999999999998437, 0.000000000000000000 ) ) ;
#1222 = CARTESIAN_POINT ( 'NONE',  ( -36.37346896556724118, 0.8999999999999923617, -4.082048479549206910 ) ) ;
#1223 = VERTEX_POINT ( 'NONE', #1006 ) ;
#1224 = VERTEX_POINT ( 'NONE', #832 ) ;
#1225 = ORIENTED_EDGE ( 'NONE', *, *, #343, .F. ) ;
#1226 = EDGE_CURVE ( 'NONE', #697, #1552, #303, .T. ) ;
#1227 = ORIENTED_EDGE ( 'NONE', *, *, #2256, .F. ) ;
#1228 = CARTESIAN_POINT ( 'NONE',  ( -36.37346896556724118, 3.589999999999992752, -4.082048479549206910 ) ) ;
#1229 = AXIS2_PLACEMENT_3D ( 'NONE', #291, #1369, #26 ) ;
#1230 = CARTESIAN_POINT ( 'NONE',  ( 7.500000000000005329, -0.4899999999999986589, -10.00000000000000000 ) ) ;
#1231 = CARTESIAN_POINT ( 'NONE',  ( -10.76499999999999524, 9.799401076758512019, 3.799999999999996270 ) ) ;
#1232 = ORIENTED_EDGE ( 'NONE', *, *, #3, .F. ) ;
#1233 = DIRECTION ( 'NONE',  ( 5.102127870520020982E-16, 1.000000000000000000, -0.000000000000000000 ) ) ;
#1234 = VECTOR ( 'NONE', #609, 1000.000000000000000 ) ;
#1235 = CARTESIAN_POINT ( 'NONE',  ( -12.76499999999999702, 6.071338821558834198, -8.382779927333237069 ) ) ;
#1236 = AXIS2_PLACEMENT_3D ( 'NONE', #717, #1233, #1409 ) ;
#1237 = ORIENTED_EDGE ( 'NONE', *, *, #1436, .T. ) ;
#1238 = CARTESIAN_POINT ( 'NONE',  ( -21.36499999999999488, 3.589999999999997637, -4.082048479549206910 ) ) ;
#1239 = ORIENTED_EDGE ( 'NONE', *, *, #608, .T. ) ;
#1240 = VECTOR ( 'NONE', #1608, 1000.000000000000000 ) ;
#1241 = EDGE_LOOP ( 'NONE', ( #654, #1944 ) ) ;
#1242 = DIRECTION ( 'NONE',  ( 1.000000000000000000, 1.786532930975084713E-16, -0.000000000000000000 ) ) ;
#1243 = LINE ( 'NONE', #1962, #2216 ) ;
#1244 = EDGE_CURVE ( 'NONE', #1223, #400, #1033, .T. ) ;
#1245 = LINE ( 'NONE', #840, #1928 ) ;
#1246 = ORIENTED_EDGE ( 'NONE', *, *, #1106, .T. ) ;
#1247 = LINE ( 'NONE', #2153, #378 ) ;
#1248 = CARTESIAN_POINT ( 'NONE',  ( -14.76499999999999346, -1.375212099415011657, -4.080585210523681283 ) ) ;
#1249 = VERTEX_POINT ( 'NONE', #134 ) ;
#1250 = ORIENTED_EDGE ( 'NONE', *, *, #553, .T. ) ;
#1251 = ADVANCED_FACE ( 'NONE', ( #1386 ), #1563, .F. ) ;
#1252 = ORIENTED_EDGE ( 'NONE', *, *, #719, .T. ) ;
#1253 = DIRECTION ( 'NONE',  ( -1.000000000000000000, -0.000000000000000000, 0.000000000000000000 ) ) ;
#1254 = CARTESIAN_POINT ( 'NONE',  ( -18.16499999999999204, 0.8999999999999980238, -4.082048479549206910 ) ) ;
#1255 = EDGE_CURVE ( 'NONE', #1749, #172, #859, .T. ) ;
#1256 = CARTESIAN_POINT ( 'NONE',  ( -12.76499999999999702, 6.073873277856187691, 0.2172196992092951806 ) ) ;
#1258 = CARTESIAN_POINT ( 'NONE',  ( -15.93861376188563206, -6.476987298107783175, 3.800000000000004263 ) ) ;
#1257 = DIRECTION ( 'NONE',  ( 1.000000000000000000, 3.159787752234622385E-16, 0.000000000000000000 ) ) ;
#1259 = FACE_OUTER_BOUND ( 'NONE', #1992, .T. ) ;
#1260 = EDGE_CURVE ( 'NONE', #788, #282, #718, .T. ) ;
#1261 = VERTEX_POINT ( 'NONE', #906 ) ;
#1262 = CARTESIAN_POINT ( 'NONE',  ( -14.76499999999999346, -3.910000000000000142, -15.42198955742055055 ) ) ;
#1263 = ORIENTED_EDGE ( 'NONE', *, *, #1939, .F. ) ;
#1264 = CARTESIAN_POINT ( 'NONE',  ( -28.76499999999999346, 15.50999999999999801, -40.15163299710121692 ) ) ;
#1265 = DIRECTION ( 'NONE',  ( 0.000000000000000000, 0.000000000000000000, 1.000000000000000000 ) ) ;
#1266 = CARTESIAN_POINT ( 'NONE',  ( -25.36499999999999488, 15.50999999999999979, -7.149999999999996803 ) ) ;
#1267 = AXIS2_PLACEMENT_3D ( 'NONE', #503, #1378, #1407 ) ;
#1268 = EDGE_CURVE ( 'NONE', #218, #1442, #1812, .T. ) ;
#1269 = FACE_OUTER_BOUND ( 'NONE', #1770, .T. ) ;
#1270 = LINE ( 'NONE', #1967, #1024 ) ;
#1271 = EDGE_CURVE ( 'NONE', #2159, #306, #918, .T. ) ;
#1272 = ORIENTED_EDGE ( 'NONE', *, *, #1624, .T. ) ;
#1273 = VECTOR ( 'NONE', #562, 1000.000000000000000 ) ;
#1274 = VERTEX_POINT ( 'NONE', #1040 ) ;
#1275 = DIRECTION ( 'NONE',  ( 1.000000000000000000, 0.000000000000000000, 0.000000000000000000 ) ) ;
#1276 = DIRECTION ( 'NONE',  ( 1.000000000000000000, 3.159787752234622385E-16, 0.000000000000000000 ) ) ;
#1277 = VECTOR ( 'NONE', #447, 1000.000000000000000 ) ;
#1278 = EDGE_CURVE ( 'NONE', #2198, #1607, #1964, .T. ) ;
#1279 = LINE ( 'NONE', #727, #462 ) ;
#1280 = AXIS2_PLACEMENT_3D ( 'NONE', #2172, #1276, #214 ) ;
#1281 = DIRECTION ( 'NONE',  ( 1.000000000000000000, 1.786532930975084713E-16, 0.000000000000000000 ) ) ;
#1282 = CARTESIAN_POINT ( 'NONE',  ( -5.999999999999994671, -0.4899999999999986589, -10.00000000000000000 ) ) ;
#1283 = ORIENTED_EDGE ( 'NONE', *, *, #2135, .T. ) ;
#1284 = EDGE_LOOP ( 'NONE', ( #1924, #683, #1551, #133 ) ) ;
#1285 = PLANE ( 'NONE',  #1909 ) ;
#1286 = CARTESIAN_POINT ( 'NONE',  ( 12.95500000000000718, 5.490000000000000213, 3.800000000000008260 ) ) ;
#1287 = DIRECTION ( 'NONE',  ( -1.000000000000000000, -3.159787752234622385E-16, -0.000000000000000000 ) ) ;
#1288 = ORIENTED_EDGE ( 'NONE', *, *, #405, .F. ) ;
#1289 = AXIS2_PLACEMENT_3D ( 'NONE', #1320, #979, #1886 ) ;
#1290 = CARTESIAN_POINT ( 'NONE',  ( -14.76499999999999524, 1.108661178441173067, 0.2186829682348217507 ) ) ;
#1291 = DIRECTION ( 'NONE',  ( -8.673617379884035472E-16, -0.000000000000000000, -1.000000000000000000 ) ) ;
#1292 = ORIENTED_EDGE ( 'NONE', *, *, #1077, .T. ) ;
#1293 = VERTEX_POINT ( 'NONE', #1420 ) ;
#1294 = CARTESIAN_POINT ( 'NONE',  ( -24.76499999999999702, 13.00999999999999979, -0.4499999999999999001 ) ) ;
#1295 = EDGE_CURVE ( 'NONE', #1931, #1806, #251, .T. ) ;
#1296 = CARTESIAN_POINT ( 'NONE',  ( -10.76499999999999346, 15.08999999999999986, -11.40000000000000036 ) ) ;
#1297 =( GEOMETRIC_REPRESENTATION_CONTEXT ( 3 ) GLOBAL_UNCERTAINTY_ASSIGNED_CONTEXT ( ( #1485 ) ) GLOBAL_UNIT_ASSIGNED_CONTEXT ( ( #452, #851, #980 ) ) REPRESENTATION_CONTEXT ( 'NONE', 'WORKASPACE' ) );
#1298 = LINE ( 'NONE', #404, #1360 ) ;
#1299 = DIRECTION ( 'NONE',  ( 1.000000000000000000, -0.000000000000000000, 4.336808689942017736E-16 ) ) ;
#1300 = ORIENTED_EDGE ( 'NONE', *, *, #1693, .F. ) ;
#1301 = AXIS2_PLACEMENT_3D ( 'NONE', #1760, #2139, #1435 ) ;
#1302 = ADVANCED_FACE ( 'NONE', ( #1219 ), #2289, .F. ) ;
#1303 = CARTESIAN_POINT ( 'NONE',  ( -7.499999999999994671, -0.4899999999999984923, 3.800000000000000711 ) ) ;
#1304 = ORIENTED_EDGE ( 'NONE', *, *, #780, .F. ) ;
#1305 = CARTESIAN_POINT ( 'NONE',  ( -10.76499999999999524, 3.509999999999999343, -1.750000000000001110 ) ) ;
#1306 = DIRECTION ( 'NONE',  ( -1.000000000000000000, 0.000000000000000000, 0.000000000000000000 ) ) ;
#1307 = DIRECTION ( 'NONE',  ( 0.000000000000000000, -0.5000000000000004441, -0.8660254037844383745 ) ) ;
#1308 = VECTOR ( 'NONE', #120, 1000.000000000000227 ) ;
#1309 = CARTESIAN_POINT ( 'NONE',  ( -28.76499999999999346, 6.151507414924116013, -8.657273530767703562 ) ) ;
#1310 = VECTOR ( 'NONE', #1483, 1000.000000000000000 ) ;
#1311 = EDGE_LOOP ( 'NONE', ( #2146, #744, #124, #1938 ) ) ;
#1312 = ADVANCED_FACE ( 'NONE', ( #1950 ), #1055, .F. ) ;
#1313 = FACE_OUTER_BOUND ( 'NONE', #1618, .T. ) ;
#1314 = ORIENTED_EDGE ( 'NONE', *, *, #1278, .T. ) ;
#1315 = CARTESIAN_POINT ( 'NONE',  ( -16.68861376188563739, -6.910000000000000142, -11.39999999999999503 ) ) ;
#1316 = LINE ( 'NONE', #1870, #586 ) ;
#1317 = ORIENTED_EDGE ( 'NONE', *, *, #1726, .F. ) ;
#1318 = CARTESIAN_POINT ( 'NONE',  ( 6.000000000000005329, -0.4899999999999986589, -1.750000000000001554 ) ) ;
#1319 = EDGE_CURVE ( 'NONE', #1185, #1022, #368, .T. ) ;
#1320 = CARTESIAN_POINT ( 'NONE',  ( -14.16500000000000092, 15.08999999999999986, -0.4500000000000025091 ) ) ;
#1321 = CARTESIAN_POINT ( 'NONE',  ( -5.999999999999994671, -0.4899999999999986589, -1.750000000000001554 ) ) ;
#1322 = EDGE_CURVE ( 'NONE', #511, #1274, #1774, .T. ) ;
#1323 = VECTOR ( 'NONE', #2294, 1000.000000000000000 ) ;
#1324 = CARTESIAN_POINT ( 'NONE',  ( 7.500000000000005329, -0.4899999999999986589, -8.250000000000000000 ) ) ;
#1325 = ORIENTED_EDGE ( 'NONE', *, *, #1319, .T. ) ;
#1326 = PLANE ( 'NONE',  #1620 ) ;
#1327 = LINE ( 'NONE', #1697, #1079 ) ;
#1328 = ORIENTED_EDGE ( 'NONE', *, *, #888, .T. ) ;
#1329 = FACE_OUTER_BOUND ( 'NONE', #285, .T. ) ;
#1330 = DIRECTION ( 'NONE',  ( 0.000000000000000000, 0.000000000000000000, 1.000000000000000000 ) ) ;
#1331 = LINE ( 'NONE', #1732, #1052 ) ;
#1332 = CARTESIAN_POINT ( 'NONE',  ( -26.76499999999998991, 6.151507414924116013, -8.657273530767703562 ) ) ;
#1333 = EDGE_CURVE ( 'NONE', #1199, #1904, #889, .T. ) ;
#1334 = AXIS2_PLACEMENT_3D ( 'NONE', #259, #2199, #588 ) ;
#1335 = PLANE ( 'NONE',  #2176 ) ;
#1336 = ORIENTED_EDGE ( 'NONE', *, *, #519, .T. ) ;
#1337 = LINE ( 'NONE', #2233, #2016 ) ;
#1338 = CARTESIAN_POINT ( 'NONE',  ( -14.76499999999999879, 12.58999999999999986, -7.150000000000003020 ) ) ;
#1339 = EDGE_LOOP ( 'NONE', ( #518, #1868, #759, #1470, #1621, #1250, #2180, #358 ) ) ;
#1340 = DIRECTION ( 'NONE',  ( -1.000000000000000000, 0.000000000000000000, 0.000000000000000000 ) ) ;
#1341 = DIRECTION ( 'NONE',  ( 0.000000000000000000, -1.000000000000000000, 0.000000000000000000 ) ) ;
#1342 = ADVANCED_FACE ( 'NONE', ( #540 ), #2272, .F. ) ;
#1343 = CARTESIAN_POINT ( 'NONE',  ( -25.36499999999999488, 15.50999999999999979, -0.4499999999999990119 ) ) ;
#1344 = AXIS2_PLACEMENT_3D ( 'NONE', #2, #706, #563 ) ;
#1345 = EDGE_CURVE ( 'NONE', #983, #1564, #867, .T. ) ;
#1346 = CYLINDRICAL_SURFACE ( 'NONE', #2275, 1.499999999999999556 ) ;
#1347 = AXIS2_PLACEMENT_3D ( 'NONE', #203, #912, #942 ) ;
#1348 = EDGE_CURVE ( 'NONE', #1116, #328, #2116, .T. ) ;
#1349 = CARTESIAN_POINT ( 'NONE',  ( -13.15499999999999226, 0.7364881718253925014, -0.4255010884160535523 ) ) ;
#1350 = ORIENTED_EDGE ( 'NONE', *, *, #756, .F. ) ;
#1351 = DIRECTION ( 'NONE',  ( 0.000000000000000000, 0.8660254037844383745, -0.5000000000000004441 ) ) ;
#1352 = CARTESIAN_POINT ( 'NONE',  ( -21.36499999999999488, 11.22044122741013261, -11.39999999999998970 ) ) ;
#1353 = ORIENTED_EDGE ( 'NONE', *, *, #388, .T. ) ;
#1354 = DIRECTION ( 'NONE',  ( 0.000000000000000000, 1.000000000000000000, 0.000000000000000000 ) ) ;
#1355 = DIRECTION ( 'NONE',  ( -1.172110456741086074E-16, 1.000000000000000000, 0.000000000000000000 ) ) ;
#1356 = SURFACE_SIDE_STYLE ('',( #1027 ) ) ;
#1357 = FACE_OUTER_BOUND ( 'NONE', #777, .T. ) ;
#1358 = ORIENTED_EDGE ( 'NONE', *, *, #1592, .F. ) ;
#1359 = DIRECTION ( 'NONE',  ( 0.000000000000000000, -1.000000000000000000, 0.000000000000000000 ) ) ;
#1360 = VECTOR ( 'NONE', #2007, 1000.000000000000000 ) ;
#1361 = ORIENTED_EDGE ( 'NONE', *, *, #914, .F. ) ;
#1362 = ORIENTED_EDGE ( 'NONE', *, *, #1054, .T. ) ;
#1363 = DIRECTION ( 'NONE',  ( 0.5000000000000032196, 0.8660254037844368202, -0.000000000000000000 ) ) ;
#1364 = DIRECTION ( 'NONE',  ( -1.786532930975084959E-16, 1.000000000000000000, -0.000000000000000000 ) ) ;
#1365 = ORIENTED_EDGE ( 'NONE', *, *, #1226, .T. ) ;
#1366 = CARTESIAN_POINT ( 'NONE',  ( -12.76499999999999524, 3.590000000000000302, -4.082048479549206910 ) ) ;
#1367 = VERTEX_POINT ( 'NONE', #1028 ) ;
#1368 = ADVANCED_FACE ( 'NONE', ( #1598 ), #2302, .T. ) ;
#1369 = DIRECTION ( 'NONE',  ( 0.000000000000000000, 1.000000000000000000, 0.000000000000000000 ) ) ;
#1370 = ORIENTED_EDGE ( 'NONE', *, *, #828, .T. ) ;
#1371 = EDGE_LOOP ( 'NONE', ( #2108, #721, #594, #2087, #468, #2258 ) ) ;
#1372 = ORIENTED_EDGE ( 'NONE', *, *, #1319, .F. ) ;
#1373 = AXIS2_PLACEMENT_3D ( 'NONE', #178, #9, #1558 ) ;
#1374 = EDGE_LOOP ( 'NONE', ( #2123, #1181 ) ) ;
#1375 = DIRECTION ( 'NONE',  ( -8.673617379884035472E-16, -0.000000000000000000, -1.000000000000000000 ) ) ;
#1376 = DIRECTION ( 'NONE',  ( 0.000000000000000000, 0.000000000000000000, 1.000000000000000000 ) ) ;
#1377 = AXIS2_PLACEMENT_3D ( 'NONE', #59, #2068, #260 ) ;
#1378 = DIRECTION ( 'NONE',  ( 0.000000000000000000, -1.000000000000000000, 0.000000000000000000 ) ) ;
#1379 = VERTEX_POINT ( 'NONE', #691 ) ;
#1380 = VECTOR ( 'NONE', #1954, 1000.000000000000000 ) ;
#1381 = CARTESIAN_POINT ( 'NONE',  ( -12.76499999999999702, 6.071338821558834198, -8.382779927333237069 ) ) ;
#1382 = ORIENTED_EDGE ( 'NONE', *, *, #1547, .F. ) ;
#1383 = EDGE_CURVE ( 'NONE', #621, #1931, #1611, .T. ) ;
#1384 = VECTOR ( 'NONE', #1772, 1000.000000000000000 ) ;
#1385 = VECTOR ( 'NONE', #204, 1000.000000000000114 ) ;
#1386 = FACE_OUTER_BOUND ( 'NONE', #1589, .T. ) ;
#1387 = VERTEX_POINT ( 'NONE', #142 ) ;
#1388 = VERTEX_POINT ( 'NONE', #1231 ) ;
#1389 = ORIENTED_EDGE ( 'NONE', *, *, #1744, .T. ) ;
#1390 = ORIENTED_EDGE ( 'NONE', *, *, #1516, .F. ) ;
#1391 = LINE ( 'NONE', #2112, #1690 ) ;
#1392 = CARTESIAN_POINT ( 'NONE',  ( -28.76499999999999346, -3.910000000000001918, -40.15163299710121692 ) ) ;
#1393 = EDGE_CURVE ( 'NONE', #2178, #1388, #702, .T. ) ;
#1394 = PRODUCT ( 'piper-camera-base-v2', 'piper-camera-base-v2', '', ( #429 ) ) ;
#1395 = CARTESIAN_POINT ( 'NONE',  ( 6.000000000000005329, -0.4899999999999986589, 3.800000000000004707 ) ) ;
#1396 = VERTEX_POINT ( 'NONE', #531 ) ;
#1397 = AXIS2_PLACEMENT_3D ( 'NONE', #1779, #947, #1803 ) ;
#1398 = DIRECTION ( 'NONE',  ( -0.8660254037844415942, -0.4999999999999950595, 0.000000000000000000 ) ) ;
#1399 = DIRECTION ( 'NONE',  ( 0.000000000000000000, 0.000000000000000000, 1.000000000000000000 ) ) ;
#1400 = ORIENTED_EDGE ( 'NONE', *, *, #796, .F. ) ;
#1401 = ORIENTED_EDGE ( 'NONE', *, *, #253, .F. ) ;
#1402 = ORIENTED_EDGE ( 'NONE', *, *, #1419, .F. ) ;
#1403 = VECTOR ( 'NONE', #184, 1000.000000000000114 ) ;
#1404 = ORIENTED_EDGE ( 'NONE', *, *, #321, .F. ) ;
#1405 = CYLINDRICAL_SURFACE ( 'NONE', #48, 1.500000000000001332 ) ;
#1406 = FACE_OUTER_BOUND ( 'NONE', #2080, .T. ) ;
#1407 = DIRECTION ( 'NONE',  ( 0.000000000000000000, -0.000000000000000000, -1.000000000000000000 ) ) ;
#1408 = EDGE_LOOP ( 'NONE', ( #371, #1632, #1753, #320 ) ) ;
#1409 = DIRECTION ( 'NONE',  ( -1.000000000000000000, 5.102127870520020982E-16, 0.000000000000000000 ) ) ;
#1410 = LINE ( 'NONE', #2145, #393 ) ;
#1411 = EDGE_CURVE ( 'NONE', #535, #1261, #1245, .T. ) ;
#1412 = VERTEX_POINT ( 'NONE', #2100 ) ;
#1413 = ORIENTED_EDGE ( 'NONE', *, *, #1736, .T. ) ;
#1414 = ORIENTED_EDGE ( 'NONE', *, *, #1542, .F. ) ;
#1415 = ORIENTED_EDGE ( 'NONE', *, *, #2184, .T. ) ;
#1416 = DIRECTION ( 'NONE',  ( 0.000000000000000000, -0.4999999999999999445, 0.8660254037844385966 ) ) ;
#1417 = VECTOR ( 'NONE', #1095, 1000.000000000000227 ) ;
#1418 = DIRECTION ( 'NONE',  ( 1.000000000000000000, -0.000000000000000000, -0.000000000000000000 ) ) ;
#1419 = EDGE_CURVE ( 'NONE', #1471, #1522, #490, .T. ) ;
#1420 = CARTESIAN_POINT ( 'NONE',  ( -28.76499999999999346, 0.8684925850758797861, -8.657273530767705338 ) ) ;
#1421 = ORIENTED_EDGE ( 'NONE', *, *, #936, .T. ) ;
#1422 = CARTESIAN_POINT ( 'NONE',  ( -25.36499999999999488, 13.00999999999999979, -7.150000000000000355 ) ) ;
#1423 = PRODUCT_DEFINITION ( '未知', '', #2248, #365 ) ;
#1424 = AXIS2_PLACEMENT_3D ( 'NONE', #244, #2001, #1846 ) ;
#1425 = CARTESIAN_POINT ( 'NONE',  ( -10.76499999999999524, -3.489999999999999769, -15.42198955742055055 ) ) ;
#1426 = EDGE_CURVE ( 'NONE', #1223, #697, #1748, .T. ) ;
#1427 = CIRCLE ( 'NONE', #1990, 1.499999999999999556 ) ;
#1428 = ORIENTED_EDGE ( 'NONE', *, *, #154, .F. ) ;
#1429 = DIRECTION ( 'NONE',  ( -3.493754880784083398E-16, 0.4997447569456937577, -0.8661727182873456554 ) ) ;
#1430 = VECTOR ( 'NONE', #1217, 1000.000000000000000 ) ;
#1431 = VECTOR ( 'NONE', #2287, 1000.000000000000000 ) ;
#1432 = VERTEX_POINT ( 'NONE', #1309 ) ;
#1433 = LINE ( 'NONE', #576, #1539 ) ;
#1434 = CARTESIAN_POINT ( 'NONE',  ( -10.76499999999999524, 6.280000000000001137, -4.082048479549206910 ) ) ;
#1435 = DIRECTION ( 'NONE',  ( 0.000000000000000000, 0.4997447569456937577, -0.8661727182873456554 ) ) ;
#1436 = EDGE_CURVE ( 'NONE', #1116, #1552, #1466, .T. ) ;
#1438 = CARTESIAN_POINT ( 'NONE',  ( 4.500000000000005329, -0.4899999999999984923, 3.800000000000004263 ) ) ;
#1437 = FACE_OUTER_BOUND ( 'NONE', #1284, .T. ) ;
#1439 = VECTOR ( 'NONE', #19, 1000.000000000000000 ) ;
#1440 = LINE ( 'NONE', #1083, #2040 ) ;
#1441 = VERTEX_POINT ( 'NONE', #738 ) ;
#1442 = VERTEX_POINT ( 'NONE', #398 ) ;
#1443 = ORIENTED_EDGE ( 'NONE', *, *, #190, .T. ) ;
#1444 = LINE ( 'NONE', #395, #1619 ) ;
#1445 = EDGE_CURVE ( 'NONE', #433, #1717, #1279, .T. ) ;
#1446 = CARTESIAN_POINT ( 'NONE',  ( 14.95500000000000718, 5.490000000000000213, -11.40000000000002167 ) ) ;
#1447 = CARTESIAN_POINT ( 'NONE',  ( -14.16500000000000092, 15.08999999999999986, -7.150000000000003020 ) ) ;
#1448 = EDGE_CURVE ( 'NONE', #185, #433, #767, .T. ) ;
#1450 = DIRECTION ( 'NONE',  ( 0.000000000000000000, -0.000000000000000000, -1.000000000000000000 ) ) ;
#1449 = DIRECTION ( 'NONE',  ( 0.000000000000000000, 0.000000000000000000, -1.000000000000000000 ) ) ;
#1451 = CARTESIAN_POINT ( 'NONE',  ( -21.36499999999999133, -3.910000000000001918, 3.800000000000004263 ) ) ;
#1452 = EDGE_LOOP ( 'NONE', ( #121, #854 ) ) ;
#1453 = EDGE_CURVE ( 'NONE', #1968, #863, #1298, .T. ) ;
#1454 = ORIENTED_EDGE ( 'NONE', *, *, #1023, .T. ) ;
#1455 = DIRECTION ( 'NONE',  ( 0.000000000000000000, -1.000000000000000000, 0.000000000000000000 ) ) ;
#1456 = DIRECTION ( 'NONE',  ( 0.000000000000000000, 0.000000000000000000, 1.000000000000000000 ) ) ;
#1457 = PLANE ( 'NONE',  #1593 ) ;
#1458 = SURFACE_SIDE_STYLE ('',( #740 ) ) ;
#1459 = CARTESIAN_POINT ( 'NONE',  ( -28.76499999999999346, 0.8684925850758820065, 0.4931765716692914636 ) ) ;
#1460 = ORIENTED_EDGE ( 'NONE', *, *, #1348, .F. ) ;
#1461 = AXIS2_PLACEMENT_3D ( 'NONE', #159, #1629, #732 ) ;
#1462 = STYLED_ITEM ( 'NONE', ( #1832 ), #2277 ) ;
#1463 = VERTEX_POINT ( 'NONE', #915 ) ;
#1464 = LINE ( 'NONE', #2181, #1804 ) ;
#1465 = CARTESIAN_POINT ( 'NONE',  ( -21.36499999999999488, 3.589999999999997637, -4.082048479549206910 ) ) ;
#1466 = LINE ( 'NONE', #2017, #424 ) ;
#1467 = FACE_OUTER_BOUND ( 'NONE', #1802, .T. ) ;
#1468 = ADVANCED_FACE ( 'NONE', ( #1664 ), #1457, .F. ) ;
#1469 = DIRECTION ( 'NONE',  ( 2.293024307624555169E-16, -1.000000000000000000, 0.000000000000000000 ) ) ;
#1470 = ORIENTED_EDGE ( 'NONE', *, *, #1665, .T. ) ;
#1471 = VERTEX_POINT ( 'NONE', #1076 ) ;
#1472 = LINE ( 'NONE', #712, #227 ) ;
#1473 = CARTESIAN_POINT ( 'NONE',  ( -18.16499999999999204, 11.22044122741013084, -40.15163299710121692 ) ) ;
#1474 = CARTESIAN_POINT ( 'NONE',  ( -26.76499999999998991, 6.151507414924120454, 0.4931765716692910195 ) ) ;
#1475 = VECTOR ( 'NONE', #826, 1000.000000000000000 ) ;
#1476 = CARTESIAN_POINT ( 'NONE',  ( -10.76499999999998280, -3.489999999999999769, 3.799999999999998046 ) ) ;
#1477 = PLANE ( 'NONE',  #307 ) ;
#1478 = LINE ( 'NONE', #2207, #150 ) ;
#1479 = ORIENTED_EDGE ( 'NONE', *, *, #2151, .F. ) ;
#1480 = EDGE_CURVE ( 'NONE', #1441, #752, #692, .T. ) ;
#1481 = DIRECTION ( 'NONE',  ( 0.000000000000000000, -1.000000000000000000, -3.283586232194316560E-16 ) ) ;
#1482 = LINE ( 'NONE', #1352, #772 ) ;
#1483 = DIRECTION ( 'NONE',  ( 0.000000000000000000, -1.000000000000000000, 0.000000000000000000 ) ) ;
#1484 = LINE ( 'NONE', #1999, #729 ) ;
#1485 = UNCERTAINTY_MEASURE_WITH_UNIT (LENGTH_MEASURE( 1.000000000000000082E-05 ), #452, 'distance_accuracy_value', 'NONE');
#1486 = CIRCLE ( 'NONE', #1681, 1.999999999999998224 ) ;
#1487 =( LENGTH_UNIT ( ) NAMED_UNIT ( * ) SI_UNIT ( .MILLI., .METRE. ) );
#1488 = ORIENTED_EDGE ( 'NONE', *, *, #243, .F. ) ;
#1489 = VECTOR ( 'NONE', #1715, 1000.000000000000114 ) ;
#1490 = AXIS2_PLACEMENT_3D ( 'NONE', #247, #81, #2244 ) ;
#1491 = CARTESIAN_POINT ( 'NONE',  ( 12.95500000000000895, -3.490000000000000213, -8.250000000000000000 ) ) ;
#1492 = ORIENTED_EDGE ( 'NONE', *, *, #1572, .F. ) ;
#1493 = AXIS2_PLACEMENT_3D ( 'NONE', #97, #442, #2225 ) ;
#1494 = ADVANCED_FACE ( 'NONE', ( #1656, #1796, #1112 ), #233, .F. ) ;
#1495 = LINE ( 'NONE', #1315, #1277 ) ;
#1496 = VECTOR ( 'NONE', #1872, 1000.000000000000000 ) ;
#1497 = CARTESIAN_POINT ( 'NONE',  ( -12.76499999999999524, 1.108661178441173734, 0.2186829682348217507 ) ) ;
#1498 = ORIENTED_EDGE ( 'NONE', *, *, #1592, .T. ) ;
#1499 = DIRECTION ( 'NONE',  ( 0.000000000000000000, -1.000000000000000000, 0.000000000000000000 ) ) ;
#1500 = CIRCLE ( 'NONE', #10, 1.500000000000001332 ) ;
#1501 = CARTESIAN_POINT ( 'NONE',  ( -13.15499999999999226, -1.375212099415012101, -4.080585210523681283 ) ) ;
#1502 = CIRCLE ( 'NONE', #2024, 2.690000000000000391 ) ;
#1503 = CIRCLE ( 'NONE', #716, 2.000000000000000000 ) ;
#1504 = FILL_AREA_STYLE ('',( #946 ) ) ;
#1505 = CARTESIAN_POINT ( 'NONE',  ( -16.68861376188563739, -6.910000000000000142, 3.800000000000004263 ) ) ;
#1506 = EDGE_CURVE ( 'NONE', #225, #6, #1739, .T. ) ;
#1507 = CARTESIAN_POINT ( 'NONE',  ( 4.500000000000005329, -0.4899999999999984923, -10.00000000000000000 ) ) ;
#1508 = ORIENTED_EDGE ( 'NONE', *, *, #515, .T. ) ;
#1509 = DIRECTION ( 'NONE',  ( -1.000000000000000000, -0.000000000000000000, -0.000000000000000000 ) ) ;
#1510 = DIRECTION ( 'NONE',  ( -8.673617379884035472E-16, -0.000000000000000000, -1.000000000000000000 ) ) ;
#1511 = ORIENTED_EDGE ( 'NONE', *, *, #1077, .F. ) ;
#1512 = CARTESIAN_POINT ( 'NONE',  ( -5.999999999999994671, -0.4899999999999986589, -8.250000000000000000 ) ) ;
#1513 = EDGE_CURVE ( 'NONE', #1261, #1367, #23, .T. ) ;
#1514 = DIRECTION ( 'NONE',  ( 0.000000000000000000, -0.8660254037844387076, -0.5000000000000000000 ) ) ;
#1515 = LINE ( 'NONE', #806, #1814 ) ;
#1516 = EDGE_CURVE ( 'NONE', #863, #1159, #1703, .T. ) ;
#1517 = VECTOR ( 'NONE', #2203, 1000.000000000000114 ) ;
#1518 = DIRECTION ( 'NONE',  ( 1.000000000000000000, 0.000000000000000000, 0.000000000000000000 ) ) ;
#1519 = VERTEX_POINT ( 'NONE', #559 ) ;
#1520 = LINE ( 'NONE', #1869, #660 ) ;
#1521 = CARTESIAN_POINT ( 'NONE',  ( 0.000000000000000000, 15.08999999999999986, 0.000000000000000000 ) ) ;
#1522 = VERTEX_POINT ( 'NONE', #1646 ) ;
#1523 = CARTESIAN_POINT ( 'NONE',  ( -26.76499999999998991, 3.589999999999995861, -4.082048479549206910 ) ) ;
#1524 = EDGE_CURVE ( 'NONE', #788, #1630, #551, .T. ) ;
#1525 = FACE_OUTER_BOUND ( 'NONE', #1883, .T. ) ;
#1526 = PRESENTATION_STYLE_ASSIGNMENT (( #2083 ) ) ;
#1527 = DIRECTION ( 'NONE',  ( -0.000000000000000000, -2.589139516383294311E-16, 1.000000000000000000 ) ) ;
#1528 = VECTOR ( 'NONE', #643, 1000.000000000000000 ) ;
#1529 = LINE ( 'NONE', #2240, #856 ) ;
#1530 = VERTEX_POINT ( 'NONE', #1266 ) ;
#1531 = CARTESIAN_POINT ( 'NONE',  ( 12.95500000000000718, 7.490000000000000213, 3.800000000000004707 ) ) ;
#1532 = LINE ( 'NONE', #1497, #1987 ) ;
#1533 = ORIENTED_EDGE ( 'NONE', *, *, #1480, .T. ) ;
#1534 = LINE ( 'NONE', #638, #1049 ) ;
#1535 = FACE_OUTER_BOUND ( 'NONE', #1705, .T. ) ;
#1536 = DIRECTION ( 'NONE',  ( 0.000000000000000000, -0.000000000000000000, -1.000000000000000000 ) ) ;
#1537 = VECTOR ( 'NONE', #76, 1000.000000000000000 ) ;
#1538 = CIRCLE ( 'NONE', #782, 1.499999999999999556 ) ;
#1539 = VECTOR ( 'NONE', #557, 1000.000000000000000 ) ;
#1540 = DIRECTION ( 'NONE',  ( 0.000000000000000000, 1.000000000000000000, -8.208965580485788936E-17 ) ) ;
#1541 = ORIENTED_EDGE ( 'NONE', *, *, #1426, .T. ) ;
#1542 = EDGE_CURVE ( 'NONE', #960, #2044, #1484, .T. ) ;
#1543 = DIRECTION ( 'NONE',  ( 1.000000000000000000, 3.159787752234622385E-16, 0.000000000000000000 ) ) ;
#1544 = VERTEX_POINT ( 'NONE', #389 ) ;
#1545 = ORIENTED_EDGE ( 'NONE', *, *, #2174, .T. ) ;
#1546 = CARTESIAN_POINT ( 'NONE',  ( -26.76710656054664739, -12.92537578136120047, 3.800000000000004263 ) ) ;
#1547 = EDGE_CURVE ( 'NONE', #642, #1432, #1829, .T. ) ;
#1548 = CARTESIAN_POINT ( 'NONE',  ( -24.76499999999999702, 15.50999999999999979, -11.39999999999998614 ) ) ;
#1549 = EDGE_LOOP ( 'NONE', ( #1778, #290, #1008, #1831 ) ) ;
#1550 = DIRECTION ( 'NONE',  ( -4.336808689942017736E-16, 0.000000000000000000, 1.000000000000000000 ) ) ;
#1551 = ORIENTED_EDGE ( 'NONE', *, *, #907, .T. ) ;
#1552 = VERTEX_POINT ( 'NONE', #1985 ) ;
#1553 = EDGE_LOOP ( 'NONE', ( #2079, #1957, #896, #2036 ) ) ;
#1554 = VERTEX_POINT ( 'NONE', #1636 ) ;
#1555 = CARTESIAN_POINT ( 'NONE',  ( -28.76499999999999346, 0.8684925850758797861, -8.657273530767705338 ) ) ;
#1556 = DIRECTION ( 'NONE',  ( -0.000000000000000000, 8.208965580485788936E-17, 1.000000000000000000 ) ) ;
#1557 = ADVANCED_FACE ( 'NONE', ( #1810 ), #938, .F. ) ;
#1558 = DIRECTION ( 'NONE',  ( -1.000000000000000000, 0.000000000000000000, -0.000000000000000000 ) ) ;
#1559 = ORIENTED_EDGE ( 'NONE', *, *, #1203, .T. ) ;
#1560 = DIRECTION ( 'NONE',  ( -2.736921946564125353E-16, 0.8661727182873456554, 0.4997447569456937577 ) ) ;
#1561 = ORIENTED_EDGE ( 'NONE', *, *, #1104, .T. ) ;
#1562 = EDGE_CURVE ( 'NONE', #2021, #4, #44, .T. ) ;
#1563 = PLANE ( 'NONE',  #1078 ) ;
#1564 = VERTEX_POINT ( 'NONE', #2039 ) ;
#1565 = ORIENTED_EDGE ( 'NONE', *, *, #347, .T. ) ;
#1566 = ORIENTED_EDGE ( 'NONE', *, *, #950, .F. ) ;
#1567 = VECTOR ( 'NONE', #715, 1000.000000000000000 ) ;
#1568 = ORIENTED_EDGE ( 'NONE', *, *, #1682, .T. ) ;
#1569 = CARTESIAN_POINT ( 'NONE',  ( -6.954999999999991189, 1.030362604776253299, -8.250000000000000000 ) ) ;
#1570 = LINE ( 'NONE', #140, #822 ) ;
#1571 = DIRECTION ( 'NONE',  ( -0.000000000000000000, 1.000000000000000000, -0.000000000000000000 ) ) ;
#1572 = EDGE_CURVE ( 'NONE', #1738, #130, #106, .T. ) ;
#1573 = EDGE_LOOP ( 'NONE', ( #137, #885, #1072, #2284 ) ) ;
#1574 = VECTOR ( 'NONE', #1398, 1000.000000000000000 ) ;
#1575 = LINE ( 'NONE', #2165, #115 ) ;
#1576 = VECTOR ( 'NONE', #2301, 1000.000000000000000 ) ;
#1577 = CARTESIAN_POINT ( 'NONE',  ( -6.954999999999992077, -3.490000000000000213, -8.250000000000000000 ) ) ;
#1578 = CARTESIAN_POINT ( 'NONE',  ( -10.76499999999999524, -3.489999999999999769, -15.42198955742055055 ) ) ;
#1579 = ORIENTED_EDGE ( 'NONE', *, *, #2174, .F. ) ;
#1580 = ORIENTED_EDGE ( 'NONE', *, *, #1172, .F. ) ;
#1581 = VERTEX_POINT ( 'NONE', #815 ) ;
#1582 = ORIENTED_EDGE ( 'NONE', *, *, #646, .F. ) ;
#1583 = DIRECTION ( 'NONE',  ( -0.000000000000000000, 0.000000000000000000, 1.000000000000000000 ) ) ;
#1584 = CARTESIAN_POINT ( 'NONE',  ( -12.76499999999999879, 8.555212099415015814, -4.083511748574732536 ) ) ;
#1585 = CARTESIAN_POINT ( 'NONE',  ( -4.499999999999995559, -0.4899999999999986589, -10.00000000000000000 ) ) ;
#1586 = ORIENTED_EDGE ( 'NONE', *, *, #1665, .F. ) ;
#1587 = CARTESIAN_POINT ( 'NONE',  ( -36.37346896556724118, 2.249235334209518822, -1.750000000000001998 ) ) ;
#1588 = CARTESIAN_POINT ( 'NONE',  ( -18.16499999999999204, -3.910000000000001030, -11.39999999999999325 ) ) ;
#1589 = EDGE_LOOP ( 'NONE', ( #2102, #2255, #1004, #1729 ) ) ;
#1590 = ORIENTED_EDGE ( 'NONE', *, *, #780, .T. ) ;
#1591 = VERTEX_POINT ( 'NONE', #1154 ) ;
#1592 = EDGE_CURVE ( 'NONE', #1530, #1554, #617, .T. ) ;
#1593 = AXIS2_PLACEMENT_3D ( 'NONE', #1474, #377, #1121 ) ;
#1594 = VERTEX_POINT ( 'NONE', #451 ) ;
#1595 = DIRECTION ( 'NONE',  ( 1.405222487357143335E-15, 1.000000000000000000, 0.000000000000000000 ) ) ;
#1596 = EDGE_CURVE ( 'NONE', #1894, #1817, #779, .T. ) ;
#1597 = CARTESIAN_POINT ( 'NONE',  ( 14.95500000000000718, -1.489999999999999547, -11.40000000000002167 ) ) ;
#1598 = FACE_OUTER_BOUND ( 'NONE', #921, .T. ) ;
#1599 = ADVANCED_FACE ( 'NONE', ( #85 ), #1675, .F. ) ;
#1600 = ORIENTED_EDGE ( 'NONE', *, *, #1333, .T. ) ;
#1601 = ADVANCED_FACE ( 'NONE', ( #1535 ), #639, .T. ) ;
#1602 = LINE ( 'NONE', #705, #2288 ) ;
#1603 = DIRECTION ( 'NONE',  ( 1.000000000000000000, 0.000000000000000000, 0.000000000000000000 ) ) ;
#1604 = ORIENTED_EDGE ( 'NONE', *, *, #1104, .F. ) ;
#1605 = DIRECTION ( 'NONE',  ( 0.000000000000000000, -1.000000000000000000, 0.000000000000000000 ) ) ;
#1606 = VECTOR ( 'NONE', #2239, 1000.000000000000000 ) ;
#1607 = VERTEX_POINT ( 'NONE', #116 ) ;
#1608 = DIRECTION ( 'NONE',  ( 0.000000000000000000, -1.000000000000000000, -3.283586232194316560E-16 ) ) ;
#1609 = AXIS2_PLACEMENT_3D ( 'NONE', #1395, #2152, #679 ) ;
#1610 = LINE ( 'NONE', #2313, #2093 ) ;
#1611 = LINE ( 'NONE', #516, #1567 ) ;
#1612 = VERTEX_POINT ( 'NONE', #1501 ) ;
#1613 = DIRECTION ( 'NONE',  ( 1.000000000000000000, 0.000000000000000000, 2.891205793294679312E-16 ) ) ;
#1614 = AXIS2_PLACEMENT_3D ( 'NONE', #2054, #454, #289 ) ;
#1615 = VECTOR ( 'NONE', #1364, 1000.000000000000000 ) ;
#1616 = LINE ( 'NONE', #534, #649 ) ;
#1617 = ORIENTED_EDGE ( 'NONE', *, *, #2030, .F. ) ;
#1618 = EDGE_LOOP ( 'NONE', ( #1361, #696, #1913, #830 ) ) ;
#1619 = VECTOR ( 'NONE', #1455, 1000.000000000000000 ) ;
#1620 = AXIS2_PLACEMENT_3D ( 'NONE', #1139, #412, #435 ) ;
#1621 = ORIENTED_EDGE ( 'NONE', *, *, #1719, .F. ) ;
#1622 = FACE_BOUND ( 'NONE', #1452, .T. ) ;
#1623 = FACE_OUTER_BOUND ( 'NONE', #103, .T. ) ;
#1624 = EDGE_CURVE ( 'NONE', #20, #2084, #2071, .T. ) ;
#1625 = DIRECTION ( 'NONE',  ( 0.000000000000000000, 0.000000000000000000, 1.000000000000000000 ) ) ;
#1627 = CARTESIAN_POINT ( 'NONE',  ( -10.95499999999999297, -3.489999999999999769, -10.00000000000000000 ) ) ;
#1626 = CARTESIAN_POINT ( 'NONE',  ( -21.36499999999999133, -3.910000000000001918, 3.800000000000004263 ) ) ;
#1628 = ADVANCED_FACE ( 'NONE', ( #966 ), #439, .F. ) ;
#1629 = DIRECTION ( 'NONE',  ( -8.755333828954275551E-17, 1.000000000000000000, 0.000000000000000000 ) ) ;
#1630 = VERTEX_POINT ( 'NONE', #460 ) ;
#1631 = ORIENTED_EDGE ( 'NONE', *, *, #1411, .T. ) ;
#1632 = ORIENTED_EDGE ( 'NONE', *, *, #1711, .T. ) ;
#1633 = CARTESIAN_POINT ( 'NONE',  ( -14.16499999999999915, 12.58999999999999808, -0.4500000000000021760 ) ) ;
#1634 = CYLINDRICAL_SURFACE ( 'NONE', #14, 1.499999999999999556 ) ;
#1635 = AXIS2_PLACEMENT_3D ( 'NONE', #925, #568, #1625 ) ;
#1636 = CARTESIAN_POINT ( 'NONE',  ( -25.36499999999999488, 15.50999999999999979, -0.4499999999999990119 ) ) ;
#1637 = ADVANCED_FACE ( 'NONE', ( #1178 ), #1166, .F. ) ;
#1639 = CARTESIAN_POINT ( 'NONE',  ( -28.76499999999999346, -1.773014829848239771, -4.082048479549206910 ) ) ;
#1638 = LINE ( 'NONE', #570, #47 ) ;
#1640 = CARTESIAN_POINT ( 'NONE',  ( -26.76710656054664739, -12.92537578136120047, -25.21940307859137320 ) ) ;
#1641 = ORIENTED_EDGE ( 'NONE', *, *, #1214, .T. ) ;
#1642 = ORIENTED_EDGE ( 'NONE', *, *, #1080, .T. ) ;
#1643 = CARTESIAN_POINT ( 'NONE',  ( -28.76499999999999346, -11.51041920147992315, -40.15163299710121692 ) ) ;
#1644 = DIRECTION ( 'NONE',  ( 1.000000000000000000, 0.000000000000000000, 0.000000000000000000 ) ) ;
#1645 = AXIS2_PLACEMENT_3D ( 'NONE', #2211, #423, #1173 ) ;
#1646 = CARTESIAN_POINT ( 'NONE',  ( 4.500000000000005329, -0.4899999999999984923, -8.250000000000000000 ) ) ;
#1647 = EDGE_CURVE ( 'NONE', #802, #1742, #276, .T. ) ;
#1648 = DIRECTION ( 'NONE',  ( 0.000000000000000000, -1.000000000000000000, -3.469446951953613203E-16 ) ) ;
#1649 = FACE_OUTER_BOUND ( 'NONE', #572, .T. ) ;
#1650 = VERTEX_POINT ( 'NONE', #1874 ) ;
#1651 = CIRCLE ( 'NONE', #483, 1.500000000000001332 ) ;
#1652 = ORIENTED_EDGE ( 'NONE', *, *, #1144, .F. ) ;
#1653 = CARTESIAN_POINT ( 'NONE',  ( -16.68861376188563739, -7.776025403784443846, 3.800000000000004263 ) ) ;
#1654 = VECTOR ( 'NONE', #1416, 1000.000000000000114 ) ;
#1655 = FACE_BOUND ( 'NONE', #2048, .T. ) ;
#1656 = FACE_BOUND ( 'NONE', #464, .T. ) ;
#1657 = ADVANCED_FACE ( 'NONE', ( #1525 ), #241, .T. ) ;
#1658 = CARTESIAN_POINT ( 'NONE',  ( -24.76499999999999702, 13.00999999999999979, -7.150000000000000355 ) ) ;
#1659 = ORIENTED_EDGE ( 'NONE', *, *, #2056, .T. ) ;
#1660 = FACE_OUTER_BOUND ( 'NONE', #304, .T. ) ;
#1661 = FACE_OUTER_BOUND ( 'NONE', #680, .T. ) ;
#1662 = FACE_BOUND ( 'NONE', #941, .T. ) ;
#1663 = EDGE_CURVE ( 'NONE', #2094, #621, #96, .T. ) ;
#1664 = FACE_OUTER_BOUND ( 'NONE', #1553, .T. ) ;
#1665 = EDGE_CURVE ( 'NONE', #798, #1725, #72, .T. ) ;
#1666 = VECTOR ( 'NONE', #1943, 1000.000000000000000 ) ;
#1667 = DIRECTION ( 'NONE',  ( 1.786532930975084713E-16, -1.000000000000000000, 0.000000000000000000 ) ) ;
#1668 = LINE ( 'NONE', #1262, #1439 ) ;
#1669 = EDGE_CURVE ( 'NONE', #1249, #1738, #94, .T. ) ;
#1670 = CARTESIAN_POINT ( 'NONE',  ( -24.76499999999999702, 6.279999999999997584, -4.082048479549206910 ) ) ;
#1671 = VERTEX_POINT ( 'NONE', #1546 ) ;
#1672 = LINE ( 'NONE', #2224, #1942 ) ;
#1673 = CARTESIAN_POINT ( 'NONE',  ( -25.36499999999999488, 13.00999999999999979, -7.150000000000000355 ) ) ;
#1674 = CARTESIAN_POINT ( 'NONE',  ( -14.16500000000000092, 15.08999999999999986, -0.4500000000000021760 ) ) ;
#1675 = PLANE ( 'NONE',  #1820 ) ;
#1676 = EDGE_CURVE ( 'NONE', #185, #138, #416, .T. ) ;
#1677 = CARTESIAN_POINT ( 'NONE',  ( -18.18861376188563739, -8.316629917655449233, -11.39999999999999325 ) ) ;
#1678 = VECTOR ( 'NONE', #155, 1000.000000000000000 ) ;
#1679 = DIRECTION ( 'NONE',  ( -1.000000000000000000, 0.000000000000000000, 1.156482317317870344E-15 ) ) ;
#1680 = ORIENTED_EDGE ( 'NONE', *, *, #1647, .T. ) ;
#1681 = AXIS2_PLACEMENT_3D ( 'NONE', #68, #623, #963 ) ;
#1682 = EDGE_CURVE ( 'NONE', #2297, #1022, #2217, .T. ) ;
#1683 = DIRECTION ( 'NONE',  ( -6.938893903907227392E-16, 1.000000000000000000, -1.301042606982605074E-16 ) ) ;
#1684 = CARTESIAN_POINT ( 'NONE',  ( -5.999999999999994671, -0.4899999999999986589, -8.250000000000000000 ) ) ;
#1685 = ORIENTED_EDGE ( 'NONE', *, *, #901, .F. ) ;
#1686 = CARTESIAN_POINT ( 'NONE',  ( 14.95500000000000718, 3.510000000000000231, -8.250000000000000000 ) ) ;
#1687 = VECTOR ( 'NONE', #2305, 1000.000000000000000 ) ;
#1688 = CARTESIAN_POINT ( 'NONE',  ( -18.16499999999997073, 11.22044122741013084, -11.39999999999999325 ) ) ;
#1689 = EDGE_CURVE ( 'NONE', #1379, #1387, #858, .T. ) ;
#1690 = VECTOR ( 'NONE', #1583, 1000.000000000000000 ) ;
#1691 = AXIS2_PLACEMENT_3D ( 'NONE', #165, #1218, #876 ) ;
#1692 = DIRECTION ( 'NONE',  ( 0.000000000000000000, 1.000000000000000000, 0.000000000000000000 ) ) ;
#1693 = EDGE_CURVE ( 'NONE', #1135, #1612, #682, .T. ) ;
#1694 = CARTESIAN_POINT ( 'NONE',  ( -14.76499999999999346, 15.08999999999999986, -11.39999999999999680 ) ) ;
#1695 = VERTEX_POINT ( 'NONE', #1451 ) ;
#1696 = DIRECTION ( 'NONE',  ( 0.000000000000000000, 1.000000000000000000, 0.000000000000000000 ) ) ;
#1697 = CARTESIAN_POINT ( 'NONE',  ( -10.76499999999999524, 3.509999999999999343, 0.000000000000000000 ) ) ;
#1698 = EDGE_LOOP ( 'NONE', ( #812, #1200, #1604, #1382, #847, #112 ) ) ;
#1699 = CARTESIAN_POINT ( 'NONE',  ( -10.76499999999999346, 15.08999999999999986, -11.40000000000000036 ) ) ;
#1700 = DIRECTION ( 'NONE',  ( 5.421010862427520198E-16, 1.000000000000000000, -0.000000000000000000 ) ) ;
#1701 = CARTESIAN_POINT ( 'NONE',  ( -24.76499999999999702, 15.50999999999999979, -0.4499999999999990119 ) ) ;
#1702 = DIRECTION ( 'NONE',  ( 0.000000000000000000, 1.000000000000000000, 3.283586232194317054E-16 ) ) ;
#1703 = CIRCLE ( 'NONE', #878, 1.499999999999999556 ) ;
#1704 = LINE ( 'NONE', #1170, #1721 ) ;
#1705 = EDGE_LOOP ( 'NONE', ( #2069, #1232, #1600, #493 ) ) ;
#1706 = DIRECTION ( 'NONE',  ( -1.000000000000000000, -4.336808689942021680E-16, 8.673617379884035472E-16 ) ) ;
#1707 = DIRECTION ( 'NONE',  ( -3.493754880784080933E-16, 0.9999999565747103025, -0.0002947042206225362069 ) ) ;
#1708 = ORIENTED_EDGE ( 'NONE', *, *, #2164, .F. ) ;
#1709 = LINE ( 'NONE', #1699, #262 ) ;
#1710 = DIRECTION ( 'NONE',  ( -1.000000000000000000, -4.336808689942021187E-16, -0.000000000000000000 ) ) ;
#1711 = EDGE_CURVE ( 'NONE', #2094, #1806, #344, .T. ) ;
#1712 = VECTOR ( 'NONE', #984, 1000.000000000000000 ) ;
#1713 = CARTESIAN_POINT ( 'NONE',  ( -12.76499999999999524, 3.510000000000000231, -1.750000000000001110 ) ) ;
#1714 = EDGE_LOOP ( 'NONE', ( #1708, #1007, #210, #202, #292, #699, #1460, #1237, #1193, #1533 ) ) ;
#1715 = DIRECTION ( 'NONE',  ( 0.9433043865875176959, 0.3319289596355625149, 0.000000000000000000 ) ) ;
#1716 = ORIENTED_EDGE ( 'NONE', *, *, #2280, .F. ) ;
#1717 = VERTEX_POINT ( 'NONE', #1248 ) ;
#1718 = DIRECTION ( 'NONE',  ( -1.000000000000000000, 0.000000000000000000, 0.000000000000000000 ) ) ;
#1719 = EDGE_CURVE ( 'NONE', #449, #1725, #1440, .T. ) ;
#1720 = CARTESIAN_POINT ( 'NONE',  ( -14.76499999999999879, 8.555212099415015814, -4.083511748574732536 ) ) ;
#1721 = VECTOR ( 'NONE', #132, 1000.000000000000000 ) ;
#1722 = AXIS2_PLACEMENT_3D ( 'NONE', #978, #2061, #1354 ) ;
#1723 = CIRCLE ( 'NONE', #1691, 2.690000000000000391 ) ;
#1724 = CARTESIAN_POINT ( 'NONE',  ( -14.76499999999999879, 12.58999999999999808, -0.4500000000000021760 ) ) ;
#1725 = VERTEX_POINT ( 'NONE', #894 ) ;
#1726 = EDGE_CURVE ( 'NONE', #394, #825, #1410, .T. ) ;
#1727 = CARTESIAN_POINT ( 'NONE',  ( -36.37346896556724118, 3.589999999999992752, -4.082048479549206910 ) ) ;
#1728 = ORIENTED_EDGE ( 'NONE', *, *, #1596, .T. ) ;
#1729 = ORIENTED_EDGE ( 'NONE', *, *, #396, .T. ) ;
#1730 = ORIENTED_EDGE ( 'NONE', *, *, #831, .F. ) ;
#1731 = DIRECTION ( 'NONE',  ( 1.000000000000000000, -1.405222487357143335E-15, 0.000000000000000000 ) ) ;
#1732 = CARTESIAN_POINT ( 'NONE',  ( -14.16500000000000092, 15.08999999999999986, -0.4500000000000025091 ) ) ;
#1733 = AXIS2_PLACEMENT_3D ( 'NONE', #1677, #1126, #173 ) ;
#1734 = DIRECTION ( 'NONE',  ( -3.493754880784083398E-16, 0.4997447569456937577, -0.8661727182873456554 ) ) ;
#1735 = EDGE_LOOP ( 'NONE', ( #1428, #1212, #1390, #545 ) ) ;
#1736 = EDGE_CURVE ( 'NONE', #1463, #2235, #1270, .T. ) ;
#1737 = DIRECTION ( 'NONE',  ( 0.000000000000000000, 0.5002551996290170999, 0.8658780140667230452 ) ) ;
#1738 = VERTEX_POINT ( 'NONE', #2307 ) ;
#1739 = CIRCLE ( 'NONE', #1635, 2.690000000000000391 ) ;
#1740 = CARTESIAN_POINT ( 'NONE',  ( -10.76499999999999524, 15.08999999999999986, 3.799999999999999378 ) ) ;
#1741 = ORIENTED_EDGE ( 'NONE', *, *, #347, .F. ) ;
#1742 = VERTEX_POINT ( 'NONE', #544 ) ;
#1743 = ORIENTED_EDGE ( 'NONE', *, *, #1182, .T. ) ;
#1744 = EDGE_CURVE ( 'NONE', #172, #1930, #27, .T. ) ;
#1745 = ORIENTED_EDGE ( 'NONE', *, *, #105, .T. ) ;
#1746 = LINE ( 'NONE', #1555, #1654 ) ;
#1747 = EDGE_CURVE ( 'NONE', #1904, #1249, #2120, .T. ) ;
#1748 = LINE ( 'NONE', #852, #800 ) ;
#1749 = VERTEX_POINT ( 'NONE', #2155 ) ;
#1750 = CARTESIAN_POINT ( 'NONE',  ( -28.76499999999999346, 15.50999999999999801, -11.39999999999998614 ) ) ;
#1751 = ORIENTED_EDGE ( 'NONE', *, *, #1165, .T. ) ;
#1752 = CARTESIAN_POINT ( 'NONE',  ( -12.76499999999999524, 1.108661178441173734, 0.2186829682348217507 ) ) ;
#1753 = ORIENTED_EDGE ( 'NONE', *, *, #1295, .F. ) ;
#1754 = EDGE_LOOP ( 'NONE', ( #500, #861, #879, #671 ) ) ;
#1755 = ORIENTED_EDGE ( 'NONE', *, *, #519, .F. ) ;
#1756 = EDGE_CURVE ( 'NONE', #1630, #642, #330, .T. ) ;
#1757 = ORIENTED_EDGE ( 'NONE', *, *, #1453, .T. ) ;
#1758 = CARTESIAN_POINT ( 'NONE',  ( -26.76499999999998991, 6.151507414924120454, 0.4931765716692910195 ) ) ;
#1759 = CARTESIAN_POINT ( 'NONE',  ( -14.16499999999999915, 12.58999999999999986, -7.150000000000003020 ) ) ;
#1760 = CARTESIAN_POINT ( 'NONE',  ( -12.76499999999999524, 1.106126722143819574, -8.381316658307712331 ) ) ;
#1761 = AXIS2_PLACEMENT_3D ( 'NONE', #1044, #1991, #1603 ) ;
#1762 = EDGE_LOOP ( 'NONE', ( #135, #1362, #1728, #1545 ) ) ;
#1763 = CIRCLE ( 'NONE', #2062, 1.499999999999999556 ) ;
#1764 = LINE ( 'NONE', #1068, #1380 ) ;
#1765 = EDGE_CURVE ( 'NONE', #282, #642, #1616, .T. ) ;
#1766 = ADVANCED_FACE ( 'NONE', ( #1259 ), #554, .F. ) ;
#1767 = DIRECTION ( 'NONE',  ( 0.000000000000000000, 0.000000000000000000, 1.000000000000000000 ) ) ;
#1768 = ORIENTED_EDGE ( 'NONE', *, *, #541, .T. ) ;
#1769 = ORIENTED_EDGE ( 'NONE', *, *, #1506, .T. ) ;
#1770 = EDGE_LOOP ( 'NONE', ( #334, #843, #1365, #637, #1401, #2105 ) ) ;
#1771 = EDGE_LOOP ( 'NONE', ( #1617, #305, #1389, #437, #1541, #1288, #348, #2264 ) ) ;
#1772 = DIRECTION ( 'NONE',  ( -0.000000000000000000, -0.000000000000000000, 1.000000000000000000 ) ) ;
#1773 = CARTESIAN_POINT ( 'NONE',  ( -26.76499999999998991, 0.8684925850758820065, 0.4931765716692914636 ) ) ;
#1774 = LINE ( 'NONE', #1256, #1899 ) ;
#1775 = ORIENTED_EDGE ( 'NONE', *, *, #431, .F. ) ;
#1776 = CARTESIAN_POINT ( 'NONE',  ( -26.76499999999998991, 6.151507414924116013, -8.657273530767703562 ) ) ;
#1777 = PLANE ( 'NONE',  #1344 ) ;
#1778 = ORIENTED_EDGE ( 'NONE', *, *, #1711, .F. ) ;
#1779 = CARTESIAN_POINT ( 'NONE',  ( 12.95500000000000895, -1.489999999999999547, -10.00000000000000000 ) ) ;
#1780 = AXIS2_PLACEMENT_3D ( 'NONE', #954, #1718, #627 ) ;
#1781 = ORIENTED_EDGE ( 'NONE', *, *, #1963, .T. ) ;
#1782 = DIRECTION ( 'NONE',  ( 1.000000000000000000, 0.000000000000000000, 0.000000000000000000 ) ) ;
#1783 = PLANE ( 'NONE',  #119 ) ;
#1784 = CARTESIAN_POINT ( 'NONE',  ( -24.76499999999999702, 3.589999999999996305, -4.082048479549206910 ) ) ;
#1785 = ORIENTED_EDGE ( 'NONE', *, *, #1138, .T. ) ;
#1786 = CARTESIAN_POINT ( 'NONE',  ( -5.999999999999994671, -0.4899999999999986589, -11.40000000000000391 ) ) ;
#1787 = CARTESIAN_POINT ( 'NONE',  ( -24.76499999999999702, 0.8999999999999958034, -4.082048479549206910 ) ) ;
#1788 = ORIENTED_EDGE ( 'NONE', *, *, #494, .F. ) ;
#1789 = CARTESIAN_POINT ( 'NONE',  ( -10.76499999999999524, 3.590000000000000746, -4.082048479549206910 ) ) ;
#1790 = CIRCLE ( 'NONE', #288, 1.499999999999999556 ) ;
#1791 = ORIENTED_EDGE ( 'NONE', *, *, #73, .T. ) ;
#1792 = LINE ( 'NONE', #188, #381 ) ;
#1793 = VECTOR ( 'NONE', #367, 1000.000000000000000 ) ;
#1794 = CARTESIAN_POINT ( 'NONE',  ( -12.76499999999999524, 1.108661178441173734, 0.2186829682348217507 ) ) ;
#1795 = EDGE_CURVE ( 'NONE', #1594, #1861, #1069, .T. ) ;
#1796 = FACE_OUTER_BOUND ( 'NONE', #1771, .T. ) ;
#1797 = VECTOR ( 'NONE', #1536, 1000.000000000000000 ) ;
#1799 = CARTESIAN_POINT ( 'NONE',  ( 14.95500000000000718, -1.489999999999999547, -10.00000000000000000 ) ) ;
#1798 = DIRECTION ( 'NONE',  ( -0.000000000000000000, -0.000000000000000000, -1.000000000000000000 ) ) ;
#1800 = VECTOR ( 'NONE', #542, 1000.000000000000000 ) ;
#1801 = CARTESIAN_POINT ( 'NONE',  ( -14.76499999999999702, 6.071338821558833310, -8.382779927333237069 ) ) ;
#1802 = EDGE_LOOP ( 'NONE', ( #1880, #1227, #2109, #819 ) ) ;
#1803 = DIRECTION ( 'NONE',  ( 1.000000000000000000, 0.000000000000000000, 0.000000000000000000 ) ) ;
#1804 = VECTOR ( 'NONE', #1683, 1000.000000000000000 ) ;
#1805 = CIRCLE ( 'NONE', #1911, 2.000000000000000000 ) ;
#1806 = VERTEX_POINT ( 'NONE', #1787 ) ;
#1807 = CARTESIAN_POINT ( 'NONE',  ( -16.68861376188564094, -8.316629917655451010, -11.39999999999999503 ) ) ;
#1808 = CARTESIAN_POINT ( 'NONE',  ( -10.76499999999997570, 9.799401076758501361, -11.40000000000000036 ) ) ;
#1809 = EDGE_CURVE ( 'NONE', #506, #433, #369, .T. ) ;
#1810 = FACE_OUTER_BOUND ( 'NONE', #872, .T. ) ;
#1812 = LINE ( 'NONE', #37, #1114 ) ;
#1811 = DIRECTION ( 'NONE',  ( -1.000000000000000000, -3.656668372632391876E-17, 8.673617379884035472E-16 ) ) ;
#1813 = ADVANCED_FACE ( 'NONE', ( #2167 ), #199, .T. ) ;
#1814 = VECTOR ( 'NONE', #1527, 1000.000000000000000 ) ;
#1815 = CARTESIAN_POINT ( 'NONE',  ( -7.499999999999994671, -0.4899999999999984923, -10.00000000000000000 ) ) ;
#1816 = ORIENTED_EDGE ( 'NONE', *, *, #574, .F. ) ;
#1817 = VERTEX_POINT ( 'NONE', #1097 ) ;
#1818 = DIRECTION ( 'NONE',  ( 0.000000000000000000, 0.000000000000000000, 1.000000000000000000 ) ) ;
#1819 = LINE ( 'NONE', #1296, #1310 ) ;
#1820 = AXIS2_PLACEMENT_3D ( 'NONE', #989, #804, #1143 ) ;
#1821 = DIRECTION ( 'NONE',  ( -1.000000000000000000, -3.159787752234622385E-16, -0.000000000000000000 ) ) ;
#1822 = PLANE ( 'NONE',  #257 ) ;
#1823 = FACE_OUTER_BOUND ( 'NONE', #2157, .T. ) ;
#1824 = ORIENTED_EDGE ( 'NONE', *, *, #62, .F. ) ;
#1825 = ORIENTED_EDGE ( 'NONE', *, *, #1830, .F. ) ;
#1826 = DIRECTION ( 'NONE',  ( -1.786532930975084713E-16, 1.000000000000000000, 0.000000000000000000 ) ) ;
#1827 = CARTESIAN_POINT ( 'NONE',  ( -21.36499999999999133, -3.910000000000001918, -40.15163299710121692 ) ) ;
#1828 = VECTOR ( 'NONE', #2022, 1000.000000000000000 ) ;
#1829 = LINE ( 'NONE', #2194, #1517 ) ;
#1830 = EDGE_CURVE ( 'NONE', #1220, #449, #2140, .T. ) ;
#1831 = ORIENTED_EDGE ( 'NONE', *, *, #78, .F. ) ;
#1832 = PRESENTATION_STYLE_ASSIGNMENT (( #956 ) ) ;
#1833 = EDGE_CURVE ( 'NONE', #2226, #185, #522, .T. ) ;
#1834 = CARTESIAN_POINT ( 'NONE',  ( -24.76499999999999346, -3.910000000000000142, -11.39999999999998614 ) ) ;
#1835 = ORIENTED_EDGE ( 'NONE', *, *, #1833, .T. ) ;
#1836 = AXIS2_PLACEMENT_3D ( 'NONE', #1017, #1560, #1941 ) ;
#1837 = FACE_OUTER_BOUND ( 'NONE', #1371, .T. ) ;
#1838 = FILL_AREA_STYLE_COLOUR ( '', #279 ) ;
#1839 = AXIS2_PLACEMENT_3D ( 'NONE', #1982, #32, #1826 ) ;
#1840 = LINE ( 'NONE', #249, #1196 ) ;
#1841 = VECTOR ( 'NONE', #1418, 1000.000000000000000 ) ;
#1842 = ADVANCED_FACE ( 'NONE', ( #1058 ), #1777, .T. ) ;
#1843 = CARTESIAN_POINT ( 'NONE',  ( 12.95500000000000895, -1.489999999999999547, -1.750000000000001554 ) ) ;
#1844 = EDGE_CURVE ( 'NONE', #645, #825, #228, .T. ) ;
#1845 = EDGE_LOOP ( 'NONE', ( #1927, #833, #2189, #360 ) ) ;
#1846 = DIRECTION ( 'NONE',  ( 1.000000000000000000, 0.000000000000000000, 2.891205793294679312E-16 ) ) ;
#1847 = ORIENTED_EDGE ( 'NONE', *, *, #686, .F. ) ;
#1848 = ADVANCED_FACE ( 'NONE', ( #1313 ), #56, .F. ) ;
#1849 = CARTESIAN_POINT ( 'NONE',  ( -14.76499999999999702, 6.073873277856186803, 0.2172196992092951806 ) ) ;
#1850 = CARTESIAN_POINT ( 'NONE',  ( -14.16499999999999915, 12.58999999999999986, -7.150000000000003020 ) ) ;
#1851 = FACE_BOUND ( 'NONE', #136, .T. ) ;
#1852 = CARTESIAN_POINT ( 'NONE',  ( -12.76499999999999524, 1.106126722143819574, -8.381316658307712331 ) ) ;
#1853 = CARTESIAN_POINT ( 'NONE',  ( -16.68861376188564094, -8.316629917655451010, 3.800000000000004263 ) ) ;
#1854 = EDGE_LOOP ( 'NONE', ( #614, #1213 ) ) ;
#1855 = EDGE_CURVE ( 'NONE', #1022, #1185, #2246, .T. ) ;
#1856 = DIRECTION ( 'NONE',  ( -0.000000000000000000, -0.000000000000000000, -1.000000000000000000 ) ) ;
#1857 = ORIENTED_EDGE ( 'NONE', *, *, #1333, .F. ) ;
#1858 = EDGE_CURVE ( 'NONE', #1671, #345, #2177, .T. ) ;
#1859 = DIRECTION ( 'NONE',  ( -0.000000000000000000, 0.000000000000000000, -1.000000000000000000 ) ) ;
#1860 = CARTESIAN_POINT ( 'NONE',  ( -12.76499999999999524, 1.106126722143819574, -8.381316658307712331 ) ) ;
#1861 = VERTEX_POINT ( 'NONE', #1303 ) ;
#1862 = CARTESIAN_POINT ( 'NONE',  ( 14.95500000000000718, -1.489999999999999547, -10.00000000000000000 ) ) ;
#1863 = CARTESIAN_POINT ( 'NONE',  ( -26.76499999999998991, 0.8684925850758797861, -8.657273530767705338 ) ) ;
#1864 = EDGE_CURVE ( 'NONE', #2128, #457, #1478, .T. ) ;
#1865 = AXIS2_PLACEMENT_3D ( 'NONE', #2064, #607, #2219 ) ;
#1866 = DIRECTION ( 'NONE',  ( 0.000000000000000000, 0.000000000000000000, 1.000000000000000000 ) ) ;
#1867 = LINE ( 'NONE', #109, #1043 ) ;
#1868 = ORIENTED_EDGE ( 'NONE', *, *, #1244, .T. ) ;
#1869 = CARTESIAN_POINT ( 'NONE',  ( -28.76499999999996859, 15.50999999999999801, -11.39999999999998614 ) ) ;
#1870 = CARTESIAN_POINT ( 'NONE',  ( -10.76499999999999524, -3.489999999999999769, 3.800000000000004263 ) ) ;
#1871 = ORIENTED_EDGE ( 'NONE', *, *, #1255, .T. ) ;
#1872 = DIRECTION ( 'NONE',  ( -0.8660254037844415942, -0.4999999999999950595, 7.511572993685821780E-16 ) ) ;
#1873 = VECTOR ( 'NONE', #216, 1000.000000000000000 ) ;
#1874 = CARTESIAN_POINT ( 'NONE',  ( -26.76499999999998991, 0.8684925850758797861, -8.657273530767705338 ) ) ;
#1875 = ADVANCED_FACE ( 'NONE', ( #761 ), #2188, .F. ) ;
#1876 = CARTESIAN_POINT ( 'NONE',  ( -14.76499999999999879, 12.58999999999999986, -7.150000000000003020 ) ) ;
#1877 = VECTOR ( 'NONE', #2126, 1000.000000000000000 ) ;
#1878 = DIRECTION ( 'NONE',  ( 1.000000000000000000, 1.786532930975084713E-16, -0.000000000000000000 ) ) ;
#1879 = DIRECTION ( 'NONE',  ( 0.000000000000000000, 1.000000000000000000, 0.000000000000000000 ) ) ;
#1880 = ORIENTED_EDGE ( 'NONE', *, *, #967, .T. ) ;
#1881 = PLANE ( 'NONE',  #890 ) ;
#1882 = CARTESIAN_POINT ( 'NONE',  ( -14.76499999999999346, 15.08999999999999986, 0.000000000000000000 ) ) ;
#1883 = EDGE_LOOP ( 'NONE', ( #704, #187, #1903, #237 ) ) ;
#1884 = CARTESIAN_POINT ( 'NONE',  ( -28.76499999999999702, -13.62839243245459642, -25.21940307859137320 ) ) ;
#1885 = EDGE_CURVE ( 'NONE', #1061, #1442, #2020, .T. ) ;
#1886 = DIRECTION ( 'NONE',  ( 0.000000000000000000, -1.000000000000000000, 1.301042606982604828E-16 ) ) ;
#1887 = FILL_AREA_STYLE ('',( #1838 ) ) ;
#1888 = CARTESIAN_POINT ( 'NONE',  ( -24.76499999999999702, 3.589999999999996305, -4.082048479549206910 ) ) ;
#1889 = AXIS2_PLACEMENT_3D ( 'NONE', #2260, #1355, #1895 ) ;
#1890 = DIRECTION ( 'NONE',  ( -4.336808689942017736E-16, 0.000000000000000000, 1.000000000000000000 ) ) ;
#1891 = ORIENTED_EDGE ( 'NONE', *, *, #434, .F. ) ;
#1892 = CARTESIAN_POINT ( 'NONE',  ( -28.76499999999999346, 6.151507414924116013, -8.657273530767703562 ) ) ;
#1893 = ORIENTED_EDGE ( 'NONE', *, *, #1689, .T. ) ;
#1894 = VERTEX_POINT ( 'NONE', #940 ) ;
#1895 = DIRECTION ( 'NONE',  ( -1.000000000000000000, -1.172110456741086074E-16, 0.000000000000000000 ) ) ;
#1896 = DIRECTION ( 'NONE',  ( 0.000000000000000000, -1.000000000000000000, 8.208965580485788936E-17 ) ) ;
#1897 = ADVANCED_FACE ( 'NONE', ( #1649 ), #217, .T. ) ;
#1898 = CIRCLE ( 'NONE', #470, 1.499999999999999556 ) ;
#1899 = VECTOR ( 'NONE', #1734, 1000.000000000000114 ) ;
#1900 = DIRECTION ( 'NONE',  ( 1.000000000000000000, 3.159787752234622385E-16, 0.000000000000000000 ) ) ;
#1901 = ORIENTED_EDGE ( 'NONE', *, *, #1165, .F. ) ;
#1902 = DIRECTION ( 'NONE',  ( 0.000000000000000000, 9.673179234071414152E-16, -1.000000000000000000 ) ) ;
#1903 = ORIENTED_EDGE ( 'NONE', *, *, #1572, .T. ) ;
#1904 = VERTEX_POINT ( 'NONE', #65 ) ;
#1905 = DIRECTION ( 'NONE',  ( 0.000000000000000000, 0.000000000000000000, 1.000000000000000000 ) ) ;
#1906 = CARTESIAN_POINT ( 'NONE',  ( -13.15499999999999226, 0.000000000000000000, 0.000000000000000000 ) ) ;
#1907 = CIRCLE ( 'NONE', #783, 1.499999999999999556 ) ;
#1908 = EDGE_CURVE ( 'NONE', #511, #1108, #1127, .T. ) ;
#1909 = AXIS2_PLACEMENT_3D ( 'NONE', #1264, #361, #2004 ) ;
#1910 = ORIENTED_EDGE ( 'NONE', *, *, #991, .T. ) ;
#1911 = AXIS2_PLACEMENT_3D ( 'NONE', #1089, #887, #539 ) ;
#1912 = LINE ( 'NONE', #476, #1308 ) ;
#1913 = ORIENTED_EDGE ( 'NONE', *, *, #1345, .T. ) ;
#1914 = CARTESIAN_POINT ( 'NONE',  ( -18.16499999999999204, 3.589999999999998526, -4.082048479549206910 ) ) ;
#1915 = EDGE_LOOP ( 'NONE', ( #2190, #733, #1730, #2208, #1404, #655, #624, #480 ) ) ;
#1916 = ORIENTED_EDGE ( 'NONE', *, *, #2280, .T. ) ;
#1917 = ORIENTED_EDGE ( 'NONE', *, *, #595, .F. ) ;
#1918 = ADVANCED_FACE ( 'NONE', ( #1107 ), #399, .F. ) ;
#1919 = ORIENTED_EDGE ( 'NONE', *, *, #2010, .F. ) ;
#1920 = DIRECTION ( 'NONE',  ( 0.000000000000000000, -0.000000000000000000, 1.000000000000000000 ) ) ;
#1921 = DIRECTION ( 'NONE',  ( -0.000000000000000000, -2.589139516383294311E-16, 1.000000000000000000 ) ) ;
#1922 = VECTOR ( 'NONE', #524, 1000.000000000000000 ) ;
#1923 = DIRECTION ( 'NONE',  ( 0.000000000000000000, -1.000000000000000000, -4.022424901006622998E-17 ) ) ;
#1924 = ORIENTED_EDGE ( 'NONE', *, *, #541, .F. ) ;
#1925 = EDGE_CURVE ( 'NONE', #306, #282, #948, .T. ) ;
#1926 = DIRECTION ( 'NONE',  ( -1.000000000000000000, 0.000000000000000000, 0.000000000000000000 ) ) ;
#1927 = ORIENTED_EDGE ( 'NONE', *, *, #1925, .T. ) ;
#1928 = VECTOR ( 'NONE', #661, 1000.000000000000000 ) ;
#1929 = CARTESIAN_POINT ( 'NONE',  ( -14.76499999999999346, -3.910000000000000142, -11.39999999999999680 ) ) ;
#1930 = VERTEX_POINT ( 'NONE', #1491 ) ;
#1931 = VERTEX_POINT ( 'NONE', #1670 ) ;
#1932 = VERTEX_POINT ( 'NONE', #2197 ) ;
#1933 = ADVANCED_FACE ( 'NONE', ( #751, #1823 ), #581, .T. ) ;
#1934 = ORIENTED_EDGE ( 'NONE', *, *, #1448, .T. ) ;
#1935 = CARTESIAN_POINT ( 'NONE',  ( -6.954999999999992077, -3.490000000000001101, -1.750000000000001110 ) ) ;
#1936 = DIRECTION ( 'NONE',  ( 0.000000000000000000, 0.5002551996290170999, 0.8658780140667230452 ) ) ;
#1937 = CARTESIAN_POINT ( 'NONE',  ( -6.765000000000001457, 7.489999999999993108, 3.799999999999998046 ) ) ;
#1938 = ORIENTED_EDGE ( 'NONE', *, *, #415, .F. ) ;
#1939 = EDGE_CURVE ( 'NONE', #345, #1607, #1651, .T. ) ;
#1940 = PRODUCT_DEFINITION_SHAPE ( 'NONE', 'NONE',  #1423 ) ;
#1941 = DIRECTION ( 'NONE',  ( 0.000000000000000000, -0.4997447569456937577, 0.8661727182873456554 ) ) ;
#1942 = VECTOR ( 'NONE', #466, 1000.000000000000114 ) ;
#1943 = DIRECTION ( 'NONE',  ( -1.000000000000000000, -0.000000000000000000, -0.000000000000000000 ) ) ;
#1944 = ORIENTED_EDGE ( 'NONE', *, *, #595, .T. ) ;
#1945 = ORIENTED_EDGE ( 'NONE', *, *, #1809, .F. ) ;
#1946 = ORIENTED_EDGE ( 'NONE', *, *, #1809, .T. ) ;
#1947 = VERTEX_POINT ( 'NONE', #2011 ) ;
#1948 = DIRECTION ( 'NONE',  ( 0.000000000000000000, 1.000000000000000000, 0.000000000000000000 ) ) ;
#1949 = LINE ( 'NONE', #1773, #1124 ) ;
#1950 = FACE_OUTER_BOUND ( 'NONE', #2122, .T. ) ;
#1951 = VECTOR ( 'NONE', #808, 1000.000000000000000 ) ;
#1952 = ORIENTED_EDGE ( 'NONE', *, *, #308, .T. ) ;
#1953 =( GEOMETRIC_REPRESENTATION_CONTEXT ( 3 ) GLOBAL_UNCERTAINTY_ASSIGNED_CONTEXT ( ( #1113 ) ) GLOBAL_UNIT_ASSIGNED_CONTEXT ( ( #2175, #390, #2204 ) ) REPRESENTATION_CONTEXT ( 'NONE', 'WORKASPACE' ) );
#1954 = DIRECTION ( 'NONE',  ( 1.000000000000000000, -0.000000000000000000, -0.000000000000000000 ) ) ;
#1955 = AXIS2_PLACEMENT_3D ( 'NONE', #922, #1972, #1275 ) ;
#1956 = DIRECTION ( 'NONE',  ( 3.493754880784079946E-16, -0.9999999565747103025, 0.0002947042206224160773 ) ) ;
#1957 = ORIENTED_EDGE ( 'NONE', *, *, #1756, .F. ) ;
#1958 = DIRECTION ( 'NONE',  ( 1.000000000000000000, 2.293024307624555169E-16, -0.000000000000000000 ) ) ;
#1959 = VERTEX_POINT ( 'NONE', #1834 ) ;
#1960 = EDGE_LOOP ( 'NONE', ( #693, #2003, #1252, #1050 ) ) ;
#1961 = DIRECTION ( 'NONE',  ( 1.000000000000000000, 0.000000000000000000, -0.000000000000000000 ) ) ;
#1962 = CARTESIAN_POINT ( 'NONE',  ( -25.36499999999999488, 13.00999999999999979, -0.4499999999999999001 ) ) ;
#1963 = EDGE_CURVE ( 'NONE', #1544, #1185, #409, .T. ) ;
#1964 = LINE ( 'NONE', #352, #1 ) ;
#1965 = VERTEX_POINT ( 'NONE', #1324 ) ;
#1966 = DIRECTION ( 'NONE',  ( 1.000000000000000000, 1.786532930975084713E-16, -0.000000000000000000 ) ) ;
#1967 = CARTESIAN_POINT ( 'NONE',  ( -25.36499999999999488, 13.00999999999999979, -0.4499999999999999001 ) ) ;
#1968 = VERTEX_POINT ( 'NONE', #2043 ) ;
#1969 = CARTESIAN_POINT ( 'NONE',  ( -10.76499999999999524, 15.08999999999999986, 0.000000000000000000 ) ) ;
#1970 = EDGE_CURVE ( 'NONE', #66, #2270, #1500, .T. ) ;
#1971 = EDGE_LOOP ( 'NONE', ( #421, #186, #2092, #2298 ) ) ;
#1972 = DIRECTION ( 'NONE',  ( 0.000000000000000000, 0.000000000000000000, 1.000000000000000000 ) ) ;
#1973 = LINE ( 'NONE', #1794, #1431 ) ;
#1974 = CARTESIAN_POINT ( 'NONE',  ( -10.76499999999999524, 15.08999999999999986, -1.750000000000000666 ) ) ;
#1976 = CARTESIAN_POINT ( 'NONE',  ( -26.76499999999998991, 6.151507414924120454, 0.4931765716692910195 ) ) ;
#1975 = LINE ( 'NONE', #2292, #1156 ) ;
#1977 = EDGE_CURVE ( 'NONE', #274, #1932, #1158, .T. ) ;
#1978 = DIRECTION ( 'NONE',  ( 1.000000000000000000, -0.000000000000000000, -0.000000000000000000 ) ) ;
#1979 = EDGE_LOOP ( 'NONE', ( #110, #1009, #2012, #261 ) ) ;
#1980 = CYLINDRICAL_SURFACE ( 'NONE', #725, 2.000000000000000000 ) ;
#1981 = ORIENTED_EDGE ( 'NONE', *, *, #955, .T. ) ;
#1982 = CARTESIAN_POINT ( 'NONE',  ( -24.76499999999999702, 15.50999999999999979, -40.15163299710121692 ) ) ;
#1983 = AXIS2_PLACEMENT_3D ( 'NONE', #877, #2127, #1013 ) ;
#1984 = FACE_BOUND ( 'NONE', #1021, .T. ) ;
#1985 = CARTESIAN_POINT ( 'NONE',  ( 14.95500000000000718, 3.510000000000000231, -1.750000000000001110 ) ) ;
#1986 = ADVANCED_FACE ( 'NONE', ( #88 ), #1335, .T. ) ;
#1987 = VECTOR ( 'NONE', #1707, 1000.000000000000114 ) ;
#1989 = DIRECTION ( 'NONE',  ( 0.000000000000000000, -0.000000000000000000, -1.000000000000000000 ) ) ;
#1988 = CARTESIAN_POINT ( 'NONE',  ( 0.000000000000000000, 0.000000000000000000, 0.000000000000000000 ) ) ;
#1990 = AXIS2_PLACEMENT_3D ( 'NONE', #730, #2129, #1926 ) ;
#1991 = DIRECTION ( 'NONE',  ( 0.000000000000000000, 0.000000000000000000, 1.000000000000000000 ) ) ;
#1992 = EDGE_LOOP ( 'NONE', ( #1402, #873, #874, #1415 ) ) ;
#1993 = EDGE_CURVE ( 'NONE', #1612, #2128, #255, .T. ) ;
#1994 = VECTOR ( 'NONE', #1117, 1000.000000000000000 ) ;
#1995 = VECTOR ( 'NONE', #1307, 1000.000000000000114 ) ;
#1996 = ORIENTED_EDGE ( 'NONE', *, *, #1524, .T. ) ;
#1997 = CARTESIAN_POINT ( 'NONE',  ( -7.499999999999994671, -0.4899999999999984923, -10.00000000000000000 ) ) ;
#1998 = CARTESIAN_POINT ( 'NONE',  ( -24.76499999999999702, 13.00999999999999979, -7.150000000000000355 ) ) ;
#1999 = CARTESIAN_POINT ( 'NONE',  ( -14.16499999999999915, 12.58999999999999808, -0.4500000000000021760 ) ) ;
#2000 = CARTESIAN_POINT ( 'NONE',  ( -25.36499999999999488, 15.50999999999999979, -0.4499999999999990119 ) ) ;
#2001 = DIRECTION ( 'NONE',  ( -4.336808689942017736E-16, 0.000000000000000000, 1.000000000000000000 ) ) ;
#2002 = ORIENTED_EDGE ( 'NONE', *, *, #224, .T. ) ;
#2003 = ORIENTED_EDGE ( 'NONE', *, *, #914, .T. ) ;
#2004 = DIRECTION ( 'NONE',  ( -1.000000000000000000, -4.336808689942021680E-16, 0.000000000000000000 ) ) ;
#2005 = LINE ( 'NONE', #766, #1995 ) ;
#2006 = VECTOR ( 'NONE', #1978, 1000.000000000000000 ) ;
#2007 = DIRECTION ( 'NONE',  ( 0.000000000000000000, 0.000000000000000000, 1.000000000000000000 ) ) ;
#2008 = EDGE_CURVE ( 'NONE', #1175, #130, #281, .T. ) ;
#2009 = CARTESIAN_POINT ( 'NONE',  ( 12.95500000000001783, 7.490000000000000213, 3.800000000000008260 ) ) ;
#2010 = EDGE_CURVE ( 'NONE', #1037, #1581, #1912, .T. ) ;
#2011 = CARTESIAN_POINT ( 'NONE',  ( -12.76499999999999524, 1.108661178441173734, 0.2186829682348217507 ) ) ;
#2012 = ORIENTED_EDGE ( 'NONE', *, *, #616, .F. ) ;
#2013 = VERTEX_POINT ( 'NONE', #1694 ) ;
#2014 = CARTESIAN_POINT ( 'NONE',  ( -12.76499999999999524, -1.375212099415011879, -4.080585210523681283 ) ) ;
#2015 = FACE_BOUND ( 'NONE', #1041, .T. ) ;
#2016 = VECTOR ( 'NONE', #1509, 1000.000000000000000 ) ;
#2017 = CARTESIAN_POINT ( 'NONE',  ( -6.954999999999992077, 3.510000000000000231, -1.750000000000001110 ) ) ;
#2018 = APPLICATION_PROTOCOL_DEFINITION ( 'draft international standard', 'automotive_design', 1998, #678 ) ;
#2019 = ORIENTED_EDGE ( 'NONE', *, *, #1830, .T. ) ;
#2020 = LINE ( 'NONE', #1147, #1191 ) ;
#2021 = VERTEX_POINT ( 'NONE', #992 ) ;
#2022 = DIRECTION ( 'NONE',  ( -1.000000000000000000, -0.000000000000000000, -0.000000000000000000 ) ) ;
#2023 = CARTESIAN_POINT ( 'NONE',  ( -12.76499999999999524, 2.249235334209527704, -1.750000000000000666 ) ) ;
#2024 = AXIS2_PLACEMENT_3D ( 'NONE', #1523, #263, #626 ) ;
#2025 = CARTESIAN_POINT ( 'NONE',  ( -12.76499999999999879, 8.555212099415015814, -4.083511748574732536 ) ) ;
#2026 = VECTOR ( 'NONE', #232, 1000.000000000000000 ) ;
#2027 = CARTESIAN_POINT ( 'NONE',  ( -21.36499999999999488, 11.22044122741013261, -40.15163299710121692 ) ) ;
#2028 =( NAMED_UNIT ( * ) SI_UNIT ( $, .STERADIAN. ) SOLID_ANGLE_UNIT ( ) );
#2029 = ORIENTED_EDGE ( 'NONE', *, *, #205, .T. ) ;
#2030 = EDGE_CURVE ( 'NONE', #4, #1135, #1867, .T. ) ;
#2031 = DIRECTION ( 'NONE',  ( 1.000000000000000000, 0.000000000000000000, 0.000000000000000000 ) ) ;
#2032 = ORIENTED_EDGE ( 'NONE', *, *, #796, .T. ) ;
#2033 = CIRCLE ( 'NONE', #1015, 2.690000000000000391 ) ;
#2034 = CARTESIAN_POINT ( 'NONE',  ( -17.69072032243229486, -9.731586497536726554, -25.21940307859137320 ) ) ;
#2035 = DIRECTION ( 'NONE',  ( -0.8660254037844415942, -0.4999999999999950040, 0.000000000000000000 ) ) ;
#2036 = ORIENTED_EDGE ( 'NONE', *, *, #1260, .T. ) ;
#2037 = DIRECTION ( 'NONE',  ( 0.000000000000000000, 0.5002551996290164338, 0.8658780140667233782 ) ) ;
#2038 = ADVANCED_FACE ( 'NONE', ( #2104 ), #620, .F. ) ;
#2039 = CARTESIAN_POINT ( 'NONE',  ( -4.499999999999995559, -0.4899999999999986589, -8.250000000000000000 ) ) ;
#2040 = VECTOR ( 'NONE', #383, 1000.000000000000000 ) ;
#2041 = SHAPE_DEFINITION_REPRESENTATION ( #1940, #2277 ) ;
#2042 = DIRECTION ( 'NONE',  ( -1.000000000000000000, -1.786532930975084713E-16, 0.000000000000000000 ) ) ;
#2043 = CARTESIAN_POINT ( 'NONE',  ( -16.68861376188563739, -7.776025403784443846, -11.39999999999999503 ) ) ;
#2044 = VERTEX_POINT ( 'NONE', #1724 ) ;
#2045 = EDGE_CURVE ( 'NONE', #138, #2266, #818, .T. ) ;
#2046 = CARTESIAN_POINT ( 'NONE',  ( 7.500000000000005329, -0.4899999999999986589, 3.800000000000005151 ) ) ;
#2047 = FACE_BOUND ( 'NONE', #548, .T. ) ;
#2048 = EDGE_LOOP ( 'NONE', ( #1211, #2213 ) ) ;
#2049 = PLANE ( 'NONE',  #596 ) ;
#2050 = CARTESIAN_POINT ( 'NONE',  ( -28.76499999999999346, 15.50999999999999801, 3.800000000000004263 ) ) ;
#2051 = LINE ( 'NONE', #1876, #2182 ) ;
#2052 = EDGE_CURVE ( 'NONE', #1581, #788, #982, .T. ) ;
#2053 = DIRECTION ( 'NONE',  ( 0.000000000000000000, 3.283586232194317054E-16, -1.000000000000000000 ) ) ;
#2054 = CARTESIAN_POINT ( 'NONE',  ( -36.37346896556724118, 3.589999999999992752, -4.082048479549206910 ) ) ;
#2055 = ORIENTED_EDGE ( 'NONE', *, *, #168, .F. ) ;
#2056 = EDGE_CURVE ( 'NONE', #2266, #651, #829, .T. ) ;
#2057 = CARTESIAN_POINT ( 'NONE',  ( -26.76499999999998991, 0.8684925850758797861, -8.657273530767705338 ) ) ;
#2058 = PLANE ( 'NONE',  #71 ) ;
#2059 = ORIENTED_EDGE ( 'NONE', *, *, #1445, .T. ) ;
#2060 = VECTOR ( 'NONE', #1737, 1000.000000000000114 ) ;
#2061 = DIRECTION ( 'NONE',  ( 1.000000000000000000, 3.159787752234622385E-16, 0.000000000000000000 ) ) ;
#2062 = AXIS2_PLACEMENT_3D ( 'NONE', #893, #1208, #1613 ) ;
#2063 = CARTESIAN_POINT ( 'NONE',  ( -25.36499999999999488, 15.50999999999999979, -7.150000000000000355 ) ) ;
#2064 = CARTESIAN_POINT ( 'NONE',  ( -14.16499999999999915, 12.58999999999999808, -0.4500000000000021760 ) ) ;
#2065 = CARTESIAN_POINT ( 'NONE',  ( -14.76499999999999346, -3.910000000000000142, 3.800000000000004263 ) ) ;
#2066 = ORIENTED_EDGE ( 'NONE', *, *, #2304, .F. ) ;
#2067 = DIRECTION ( 'NONE',  ( 0.000000000000000000, 0.5000000000000004441, 0.8660254037844383745 ) ) ;
#2068 = DIRECTION ( 'NONE',  ( 1.000000000000000000, 0.000000000000000000, 0.000000000000000000 ) ) ;
#2069 = ORIENTED_EDGE ( 'NONE', *, *, #560, .F. ) ;
#2070 = EDGE_CURVE ( 'NONE', #6, #498, #1704, .T. ) ;
#2071 = LINE ( 'NONE', #286, #2193 ) ;
#2072 = DIRECTION ( 'NONE',  ( -1.000000000000000000, -3.159787752234622385E-16, -0.000000000000000000 ) ) ;
#2073 = EDGE_CURVE ( 'NONE', #983, #319, #1907, .T. ) ;
#2074 = VECTOR ( 'NONE', #695, 1000.000000000000000 ) ;
#2075 = PLANE ( 'NONE',  #1836 ) ;
#2076 = EDGE_LOOP ( 'NONE', ( #458, #92, #1919, #2170 ) ) ;
#2077 = EDGE_CURVE ( 'NONE', #1959, #394, #664, .T. ) ;
#2078 = CARTESIAN_POINT ( 'NONE',  ( -14.76500000000000057, 15.08999999999999986, -0.4500000000000025091 ) ) ;
#2079 = ORIENTED_EDGE ( 'NONE', *, *, #1765, .T. ) ;
#2080 = EDGE_LOOP ( 'NONE', ( #156, #2315, #2268, #1020, #996, #1283, #497, #920 ) ) ;
#2081 = EDGE_CURVE ( 'NONE', #2226, #506, #842, .T. ) ;
#2082 = CARTESIAN_POINT ( 'NONE',  ( -28.76499999999999346, -11.51041920147992315, 3.800000000000004263 ) ) ;
#2083 = SURFACE_STYLE_USAGE ( .BOTH. , #1356 ) ;
#2084 = VERTEX_POINT ( 'NONE', #2065 ) ;
#2085 = VECTOR ( 'NONE', #2295, 1000.000000000000000 ) ;
#2086 = DIRECTION ( 'NONE',  ( 0.000000000000000000, 0.000000000000000000, 1.000000000000000000 ) ) ;
#2087 = ORIENTED_EDGE ( 'NONE', *, *, #396, .F. ) ;
#2088 = EDGE_CURVE ( 'NONE', #6, #651, #2098, .T. ) ;
#2089 = CARTESIAN_POINT ( 'NONE',  ( 14.95500000000000718, 3.510000000000000231, -1.750000000000001110 ) ) ;
#2090 = ORIENTED_EDGE ( 'NONE', *, *, #839, .F. ) ;
#2091 = EDGE_LOOP ( 'NONE', ( #1084, #373, #99, #710, #602, #1189, #1847, #143 ) ) ;
#2092 = ORIENTED_EDGE ( 'NONE', *, *, #2099, .F. ) ;
#2093 = VECTOR ( 'NONE', #514, 1000.000000000000000 ) ;
#2094 = VERTEX_POINT ( 'NONE', #641 ) ;
#2095 = LINE ( 'NONE', #310, #714 ) ;
#2096 = DIRECTION ( 'NONE',  ( 1.000000000000000000, 0.000000000000000000, 0.000000000000000000 ) ) ;
#2097 = PRESENTATION_LAYER_ASSIGNMENT (  '', '', ( #1462 ) ) ;
#2098 = CIRCLE ( 'NONE', #527, 2.690000000000000391 ) ;
#2099 = EDGE_CURVE ( 'NONE', #960, #535, #1529, .T. ) ;
#2100 = CARTESIAN_POINT ( 'NONE',  ( -10.76499999999999524, 15.08999999999999986, 3.799999999999999378 ) ) ;
#2101 = AXIS2_PLACEMENT_3D ( 'NONE', #80, #995, #1149 ) ;
#2102 = ORIENTED_EDGE ( 'NONE', *, *, #758, .T. ) ;
#2103 = CIRCLE ( 'NONE', #599, 1.499999999999999556 ) ;
#2104 = FACE_OUTER_BOUND ( 'NONE', #392, .T. ) ;
#2105 = ORIENTED_EDGE ( 'NONE', *, *, #2220, .T. ) ;
#2106 = ADVANCED_FACE ( 'NONE', ( #1357 ), #2075, .F. ) ;
#2107 = DIRECTION ( 'NONE',  ( 0.000000000000000000, -1.000000000000000000, 0.000000000000000000 ) ) ;
#2108 = ORIENTED_EDGE ( 'NONE', *, *, #1993, .F. ) ;
#2109 = ORIENTED_EDGE ( 'NONE', *, *, #1736, .F. ) ;
#2110 = VERTEX_POINT ( 'NONE', #681 ) ;
#2111 = ORIENTED_EDGE ( 'NONE', *, *, #181, .F. ) ;
#2112 = CARTESIAN_POINT ( 'NONE',  ( 12.95500000000000895, -3.489999999999999769, -10.00000000000000000 ) ) ;
#2113 = EDGE_CURVE ( 'NONE', #319, #983, #1538, .T. ) ;
#2114 = CARTESIAN_POINT ( 'NONE',  ( -26.76499999999998991, 0.8684925850758797861, -8.657273530767705338 ) ) ;
#2115 = CIRCLE ( 'NONE', #959, 2.690000000000000835 ) ;
#2116 = LINE ( 'NONE', #1974, #2276 ) ;
#2117 = ORIENTED_EDGE ( 'NONE', *, *, #459, .T. ) ;
#2118 = FACE_OUTER_BOUND ( 'NONE', #82, .T. ) ;
#2119 = VECTOR ( 'NONE', #757, 1000.000000000000000 ) ;
#2120 = LINE ( 'NONE', #1588, #355 ) ;
#2121 = ORIENTED_EDGE ( 'NONE', *, *, #666, .T. ) ;
#2122 = EDGE_LOOP ( 'NONE', ( #1952, #2055, #537, #314 ) ) ;
#2123 = ORIENTED_EDGE ( 'NONE', *, *, #709, .F. ) ;
#2124 = ORIENTED_EDGE ( 'NONE', *, *, #1885, .F. ) ;
#2125 = CYLINDRICAL_SURFACE ( 'NONE', #408, 2.690000000000000835 ) ;
#2126 = DIRECTION ( 'NONE',  ( 0.000000000000000000, -1.000000000000000000, 0.000000000000000000 ) ) ;
#2127 = DIRECTION ( 'NONE',  ( -0.4999999999999950595, 0.8660254037844415942, 0.000000000000000000 ) ) ;
#2128 = VERTEX_POINT ( 'NONE', #12 ) ;
#2129 = DIRECTION ( 'NONE',  ( 0.000000000000000000, 0.000000000000000000, 1.000000000000000000 ) ) ;
#2130 = VECTOR ( 'NONE', #195, 1000.000000000000000 ) ;
#2131 = DIRECTION ( 'NONE',  ( 0.000000000000000000, 0.000000000000000000, -1.000000000000000000 ) ) ;
#2132 = ORIENTED_EDGE ( 'NONE', *, *, #2184, .F. ) ;
#2133 = LINE ( 'NONE', #884, #1922 ) ;
#2134 = EDGE_LOOP ( 'NONE', ( #1498, #1565, #1413, #1047 ) ) ;
#2135 = EDGE_CURVE ( 'NONE', #20, #1201, #1575, .T. ) ;
#2136 = ORIENTED_EDGE ( 'NONE', *, *, #2262, .T. ) ;
#2137 = LINE ( 'NONE', #1062, #634 ) ;
#2138 = DIRECTION ( 'NONE',  ( -1.000000000000000000, -3.159787752234622385E-16, 0.000000000000000000 ) ) ;
#2139 = DIRECTION ( 'NONE',  ( 2.736921946564125353E-16, -0.8661727182873456554, -0.4997447569456937577 ) ) ;
#2140 = CIRCLE ( 'NONE', #1120, 1.999999999999998224 ) ;
#2141 = ORIENTED_EDGE ( 'NONE', *, *, #364, .T. ) ;
#2142 = DIRECTION ( 'NONE',  ( -1.000000000000000000, 0.000000000000000000, 1.156482317317871725E-15 ) ) ;
#2143 = CIRCLE ( 'NONE', #2250, 2.690000000000000391 ) ;
#2144 = VECTOR ( 'NONE', #2261, 1000.000000000000114 ) ;
#2145 = CARTESIAN_POINT ( 'NONE',  ( -24.76499999999999702, 15.50999999999999979, -40.15163299710121692 ) ) ;
#2146 = ORIENTED_EDGE ( 'NONE', *, *, #243, .T. ) ;
#2147 = CARTESIAN_POINT ( 'NONE',  ( -17.69072032243229486, -9.731586497536728331, 3.800000000000004263 ) ) ;
#2148 = ORIENTED_EDGE ( 'NONE', *, *, #2081, .T. ) ;
#2149 = DIRECTION ( 'NONE',  ( 1.000000000000000000, 3.159787752234622385E-16, 0.000000000000000000 ) ) ;
#2150 = CARTESIAN_POINT ( 'NONE',  ( -14.76499999999999702, 6.071338821558833310, -8.382779927333237069 ) ) ;
#2151 = EDGE_CURVE ( 'NONE', #225, #328, #869, .T. ) ;
#2152 = DIRECTION ( 'NONE',  ( -4.336808689942017736E-16, 0.000000000000000000, 1.000000000000000000 ) ) ;
#2154 = DIRECTION ( 'NONE',  ( 0.000000000000000000, -0.9999999565747103025, 0.0002947042206225362069 ) ) ;
#2153 = CARTESIAN_POINT ( 'NONE',  ( -36.37346896556724118, 3.510000000000000231, -6.770858625320008706 ) ) ;
#2155 = CARTESIAN_POINT ( 'NONE',  ( -10.76499999999999524, -3.489999999999999769, -11.40000000000000036 ) ) ;
#2156 = ORIENTED_EDGE ( 'NONE', *, *, #1132, .T. ) ;
#2157 = EDGE_LOOP ( 'NONE', ( #1492, #2029, #1768, #372 ) ) ;
#2158 = EDGE_CURVE ( 'NONE', #1552, #1441, #1975, .T. ) ;
#2159 = VERTEX_POINT ( 'NONE', #329 ) ;
#2160 = FACE_OUTER_BOUND ( 'NONE', #1915, .T. ) ;
#2161 = LINE ( 'NONE', #2114, #1385 ) ;
#2162 = EDGE_CURVE ( 'NONE', #2128, #2021, #1042, .T. ) ;
#2163 = DIRECTION ( 'NONE',  ( 1.000000000000000000, 2.891205793294679411E-15, 5.782411586589358625E-16 ) ) ;
#2164 = EDGE_CURVE ( 'NONE', #1379, #752, #1764, .T. ) ;
#2166 = CARTESIAN_POINT ( 'NONE',  ( -21.36499999999996646, -3.910000000000001918, -11.39999999999998970 ) ) ;
#2165 = CARTESIAN_POINT ( 'NONE',  ( -14.76499999999999346, 15.08999999999999986, 0.000000000000000000 ) ) ;
#2167 = FACE_OUTER_BOUND ( 'NONE', #11, .T. ) ;
#2168 = EDGE_CURVE ( 'NONE', #1379, #2021, #158, .T. ) ;
#2169 = ORIENTED_EDGE ( 'NONE', *, *, #786, .T. ) ;
#2170 = ORIENTED_EDGE ( 'NONE', *, *, #1122, .T. ) ;
#2171 = CARTESIAN_POINT ( 'NONE',  ( -26.76499999999998991, 6.151507414924116013, -8.657273530767703562 ) ) ;
#2172 = CARTESIAN_POINT ( 'NONE',  ( -36.37346896556724118, 3.589999999999992752, -4.082048479549206910 ) ) ;
#2173 = CARTESIAN_POINT ( 'NONE',  ( -6.954999999999992077, 3.510000000000000231, -8.250000000000000000 ) ) ;
#2174 = EDGE_CURVE ( 'NONE', #1817, #1861, #1763, .T. ) ;
#2176 = AXIS2_PLACEMENT_3D ( 'NONE', #797, #1518, #1192 ) ;
#2175 =( LENGTH_UNIT ( ) NAMED_UNIT ( * ) SI_UNIT ( .MILLI., .METRE. ) );
#2177 = LINE ( 'NONE', #1640, #2210 ) ;
#2178 = VERTEX_POINT ( 'NONE', #315 ) ;
#2179 = AXIS2_PLACEMENT_3D ( 'NONE', #2025, #558, #2037 ) ;
#2180 = ORIENTED_EDGE ( 'NONE', *, *, #2158, .F. ) ;
#2181 = CARTESIAN_POINT ( 'NONE',  ( -14.76500000000000057, 15.08999999999999986, -0.4500000000000025091 ) ) ;
#2182 = VECTOR ( 'NONE', #461, 1000.000000000000000 ) ;
#2183 = DIRECTION ( 'NONE',  ( -4.336808689942017736E-16, 0.000000000000000000, 1.000000000000000000 ) ) ;
#2184 = EDGE_CURVE ( 'NONE', #1965, #1522, #1427, .T. ) ;
#2185 = ADVANCED_FACE ( 'NONE', ( #1437 ), #694, .T. ) ;
#2186 = CARTESIAN_POINT ( 'NONE',  ( -26.76499999999998991, 6.151507414924120454, 0.4931765716692910195 ) ) ;
#2187 = CARTESIAN_POINT ( 'NONE',  ( -25.36499999999999488, 13.00999999999999979, -0.4499999999999999001 ) ) ;
#2188 = CYLINDRICAL_SURFACE ( 'NONE', #114, 1.499999999999999556 ) ;
#2189 = ORIENTED_EDGE ( 'NONE', *, *, #2052, .F. ) ;
#2190 = ORIENTED_EDGE ( 'NONE', *, *, #1844, .F. ) ;
#2191 = PLANE ( 'NONE',  #902 ) ;
#2192 = CARTESIAN_POINT ( 'NONE',  ( -10.76499999999999524, 15.08999999999999986, 3.799999999999999378 ) ) ;
#2193 = VECTOR ( 'NONE', #1341, 1000.000000000000000 ) ;
#2194 = CARTESIAN_POINT ( 'NONE',  ( -28.76499999999999346, 8.793014829848239344, -4.082048479549205133 ) ) ;
#2195 = UNCERTAINTY_MEASURE_WITH_UNIT (LENGTH_MEASURE( 1.000000000000000082E-05 ), #1487, 'distance_accuracy_value', 'NONE');
#2196 = VERTEX_POINT ( 'NONE', #1031 ) ;
#2197 = CARTESIAN_POINT ( 'NONE',  ( -18.16499999999999204, 6.279999999999999361, -4.082048479549206910 ) ) ;
#2198 = VERTEX_POINT ( 'NONE', #1750 ) ;
#2199 = DIRECTION ( 'NONE',  ( -4.336808689942017736E-16, 0.000000000000000000, 1.000000000000000000 ) ) ;
#2200 = DIRECTION ( 'NONE',  ( 2.293024307624555169E-16, -1.000000000000000000, -1.988881548710889888E-31 ) ) ;
#2201 = FACE_OUTER_BOUND ( 'NONE', #1408, .T. ) ;
#2202 = VECTOR ( 'NONE', #1696, 1000.000000000000000 ) ;
#2203 = DIRECTION ( 'NONE',  ( 0.000000000000000000, -0.5000000000000004441, -0.8660254037844383745 ) ) ;
#2204 =( NAMED_UNIT ( * ) SI_UNIT ( $, .STERADIAN. ) SOLID_ANGLE_UNIT ( ) );
#2205 = ORIENTED_EDGE ( 'NONE', *, *, #1010, .F. ) ;
#2206 = EDGE_CURVE ( 'NONE', #218, #2178, #520, .T. ) ;
#2207 = CARTESIAN_POINT ( 'NONE',  ( -6.954999999999992966, -0.02873216713540670611, -1.750000000000001110 ) ) ;
#2208 = ORIENTED_EDGE ( 'NONE', *, *, #465, .T. ) ;
#2209 =( GEOMETRIC_REPRESENTATION_CONTEXT ( 3 ) GLOBAL_UNCERTAINTY_ASSIGNED_CONTEXT ( ( #2195 ) ) GLOBAL_UNIT_ASSIGNED_CONTEXT ( ( #1487, #1125, #2028 ) ) REPRESENTATION_CONTEXT ( 'NONE', 'WORKASPACE' ) );
#2210 = VECTOR ( 'NONE', #1856, 1000.000000000000000 ) ;
#2211 = CARTESIAN_POINT ( 'NONE',  ( -5.999999999999994671, -0.4899999999999986589, -1.750000000000001554 ) ) ;
#2212 = CARTESIAN_POINT ( 'NONE',  ( -6.765000000000010338, 7.489999999999998437, -11.40000000000001457 ) ) ;
#2213 = ORIENTED_EDGE ( 'NONE', *, *, #2113, .F. ) ;
#2214 = VECTOR ( 'NONE', #1818, 1000.000000000000000 ) ;
#2215 = FACE_OUTER_BOUND ( 'NONE', #57, .T. ) ;
#2216 = VECTOR ( 'NONE', #1039, 1000.000000000000000 ) ;
#2217 = LINE ( 'NONE', #2237, #30 ) ;
#2218 = APPLICATION_PROTOCOL_DEFINITION ( 'draft international standard', 'automotive_design', 1998, #750 ) ;
#2219 = DIRECTION ( 'NONE',  ( 1.000000000000000000, 3.159787752234622385E-16, 0.000000000000000000 ) ) ;
#2220 = EDGE_CURVE ( 'NONE', #309, #651, #1247, .T. ) ;
#2221 = DIRECTION ( 'NONE',  ( 0.000000000000000000, 1.000000000000000000, 0.000000000000000000 ) ) ;
#2222 = ORIENTED_EDGE ( 'NONE', *, *, #126, .T. ) ;
#2223 = VECTOR ( 'NONE', #1429, 1000.000000000000114 ) ;
#2224 = CARTESIAN_POINT ( 'NONE',  ( -12.76499999999999879, 8.555212099415015814, -4.083511748574732536 ) ) ;
#2225 = DIRECTION ( 'NONE',  ( -1.000000000000000000, -6.938893903907222067E-15, 1.156482317317870344E-15 ) ) ;
#2226 = VERTEX_POINT ( 'NONE', #144 ) ;
#2227 = DIRECTION ( 'NONE',  ( 0.3319289596355625704, -0.9433043865875178069, 0.000000000000000000 ) ) ;
#2228 = DIRECTION ( 'NONE',  ( 0.000000000000000000, 0.4999999999999999445, -0.8660254037844385966 ) ) ;
#2229 = AXIS2_PLACEMENT_3D ( 'NONE', #1863, #1514, #2228 ) ;
#2230 = FACE_OUTER_BOUND ( 'NONE', #39, .T. ) ;
#2231 = DIRECTION ( 'NONE',  ( -1.000000000000000000, 5.421010862427520198E-16, 0.000000000000000000 ) ) ;
#2232 = ORIENTED_EDGE ( 'NONE', *, *, #758, .F. ) ;
#2233 = CARTESIAN_POINT ( 'NONE',  ( -26.76499999999998991, -1.773014829848239771, -4.082048479549206910 ) ) ;
#2234 = DIRECTION ( 'NONE',  ( 0.000000000000000000, -0.000000000000000000, 1.000000000000000000 ) ) ;
#2235 = VERTEX_POINT ( 'NONE', #342 ) ;
#2236 = DIRECTION ( 'NONE',  ( 1.000000000000000000, -0.000000000000000000, -8.673617379884035472E-16 ) ) ;
#2237 = CARTESIAN_POINT ( 'NONE',  ( 7.500000000000005329, -0.4899999999999986589, -10.00000000000000000 ) ) ;
#2238 = AXIS2_PLACEMENT_3D ( 'NONE', #495, #1550, #543 ) ;
#2239 = DIRECTION ( 'NONE',  ( 1.405222487357142940E-15, 1.000000000000000000, -0.000000000000000000 ) ) ;
#2240 = CARTESIAN_POINT ( 'NONE',  ( -14.16500000000000092, 15.08999999999999986, -0.4500000000000025091 ) ) ;
#2241 = ORIENTED_EDGE ( 'NONE', *, *, #1744, .F. ) ;
#2242 = EDGE_CURVE ( 'NONE', #977, #1432, #1057, .T. ) ;
#2243 = LINE ( 'NONE', #2034, #401 ) ;
#2244 = DIRECTION ( 'NONE',  ( 1.000000000000000000, 0.000000000000000000, 0.000000000000000000 ) ) ;
#2245 = ORIENTED_EDGE ( 'NONE', *, *, #734, .F. ) ;
#2246 = CIRCLE ( 'NONE', #1424, 1.499999999999999556 ) ;
#2247 = FACE_OUTER_BOUND ( 'NONE', #1549, .T. ) ;
#2248 = PRODUCT_DEFINITION_FORMATION_WITH_SPECIFIED_SOURCE ( '任何', '', #1394, .NOT_KNOWN. ) ;
#2249 = DIRECTION ( 'NONE',  ( 0.000000000000000000, 0.000000000000000000, 1.000000000000000000 ) ) ;
#2250 = AXIS2_PLACEMENT_3D ( 'NONE', #1088, #1253, #754 ) ;
#2251 = ADVANCED_FACE ( 'NONE', ( #2118 ), #169, .T. ) ;
#2252 = CARTESIAN_POINT ( 'NONE',  ( -7.499999999999994671, -0.4899999999999984923, -11.40000000000000213 ) ) ;
#2253 = EDGE_CURVE ( 'NONE', #1159, #1224, #1602, .T. ) ;
#2254 = DIRECTION ( 'NONE',  ( 0.000000000000000000, -0.000000000000000000, 1.000000000000000000 ) ) ;
#2255 = ORIENTED_EDGE ( 'NONE', *, *, #1908, .F. ) ;
#2256 = EDGE_CURVE ( 'NONE', #2235, #645, #194, .T. ) ;
#2257 = LINE ( 'NONE', #823, #1489 ) ;
#2258 = ORIENTED_EDGE ( 'NONE', *, *, #1864, .F. ) ;
#2259 = VERTEX_POINT ( 'NONE', #354 ) ;
#2260 = CARTESIAN_POINT ( 'NONE',  ( -18.16499999999999204, -3.910000000000001030, -40.15163299710121692 ) ) ;
#2261 = DIRECTION ( 'NONE',  ( 3.493754880784079946E-16, -0.5002551996290164338, -0.8658780140667233782 ) ) ;
#2262 = EDGE_CURVE ( 'NONE', #1695, #161, #905, .T. ) ;
#2263 = CARTESIAN_POINT ( 'NONE',  ( -5.999999999999994671, -0.4899999999999986589, -11.40000000000000391 ) ) ;
#2264 = ORIENTED_EDGE ( 'NONE', *, *, #756, .T. ) ;
#2265 = DIRECTION ( 'NONE',  ( 0.9433043865875176959, 0.3319289596355625149, -8.181861322026342422E-16 ) ) ;
#2266 = VERTEX_POINT ( 'NONE', #748 ) ;
#2267 = ORIENTED_EDGE ( 'NONE', *, *, #1106, .F. ) ;
#2268 = ORIENTED_EDGE ( 'NONE', *, *, #932, .T. ) ;
#2269 = ADVANCED_FACE ( 'NONE', ( #45 ), #592, .F. ) ;
#2270 = VERTEX_POINT ( 'NONE', #1853 ) ;
#2271 = FACE_OUTER_BOUND ( 'NONE', #964, .T. ) ;
#2272 = PLANE ( 'NONE',  #1983 ) ;
#2273 = ADVANCED_FACE ( 'NONE', ( #1467 ), #1822, .F. ) ;
#2274 = ORIENTED_EDGE ( 'NONE', *, *, #1023, .F. ) ;
#2275 = AXIS2_PLACEMENT_3D ( 'NONE', #267, #1866, #254 ) ;
#2276 = VECTOR ( 'NONE', #1923, 1000.000000000000000 ) ;
#2277 = ADVANCED_BREP_SHAPE_REPRESENTATION ( 'piper-camera-base-v2', ( #280, #939 ), #2209 ) ;
#2278 = DIRECTION ( 'NONE',  ( -1.000000000000000000, 0.000000000000000000, 1.156482317317871725E-15 ) ) ;
#2279 = ORIENTED_EDGE ( 'NONE', *, *, #2162, .T. ) ;
#2280 = EDGE_CURVE ( 'NONE', #2196, #1749, #1638, .T. ) ;
#2281 = CARTESIAN_POINT ( 'NONE',  ( -18.16499999999999204, 11.22044122741013084, 3.800000000000004263 ) ) ;
#2282 = ORIENTED_EDGE ( 'NONE', *, *, #2253, .T. ) ;
#2283 = ORIENTED_EDGE ( 'NONE', *, *, #364, .F. ) ;
#2284 = ORIENTED_EDGE ( 'NONE', *, *, #17, .T. ) ;
#2285 = ORIENTED_EDGE ( 'NONE', *, *, #1096, .T. ) ;
#2286 = FACE_OUTER_BOUND ( 'NONE', #523, .T. ) ;
#2287 = DIRECTION ( 'NONE',  ( -1.000000000000000000, -3.159787752234622385E-16, -0.000000000000000000 ) ) ;
#2288 = VECTOR ( 'NONE', #1798, 1000.000000000000000 ) ;
#2289 = PLANE ( 'NONE',  #1301 ) ;
#2290 = VECTOR ( 'NONE', #775, 1000.000000000000000 ) ;
#2291 = ORIENTED_EDGE ( 'NONE', *, *, #1506, .F. ) ;
#2292 = CARTESIAN_POINT ( 'NONE',  ( 14.95500000000000718, -3.490000000000001101, -1.750000000000001110 ) ) ;
#2293 = EDGE_CURVE ( 'NONE', #1387, #1220, #63, .T. ) ;
#2294 = DIRECTION ( 'NONE',  ( 1.000000000000000000, 3.159787752234622385E-16, 0.000000000000000000 ) ) ;
#2295 = DIRECTION ( 'NONE',  ( 0.000000000000000000, 0.000000000000000000, 1.000000000000000000 ) ) ;
#2296 = VERTEX_POINT ( 'NONE', #1094 ) ;
#2297 = VERTEX_POINT ( 'NONE', #1134 ) ;
#2298 = ORIENTED_EDGE ( 'NONE', *, *, #1542, .T. ) ;
#2299 = VERTEX_POINT ( 'NONE', #1290 ) ;
#2300 = DIRECTION ( 'NONE',  ( 0.000000000000000000, -0.8660254037844385966, 0.5000000000000003331 ) ) ;
#2301 = DIRECTION ( 'NONE',  ( -1.000000000000000000, -3.159787752234622385E-16, -0.000000000000000000 ) ) ;
#2302 = PLANE ( 'NONE',  #1267 ) ;
#2303 = ORIENTED_EDGE ( 'NONE', *, *, #2206, .F. ) ;
#2304 = EDGE_CURVE ( 'NONE', #1061, #2178, #926, .T. ) ;
#2305 = DIRECTION ( 'NONE',  ( -0.000000000000000000, -1.000000000000000000, -4.022424901006622998E-17 ) ) ;
#2306 = VECTOR ( 'NONE', #1821, 1000.000000000000000 ) ;
#2307 = CARTESIAN_POINT ( 'NONE',  ( -21.36499999999999488, 11.22044122741013261, -11.39999999999998970 ) ) ;
#2308 = VERTEX_POINT ( 'NONE', #769 ) ;
#2309 = ORIENTED_EDGE ( 'NONE', *, *, #1647, .F. ) ;
#2310 = EDGE_LOOP ( 'NONE', ( #1652, #657, #491, #1511, #892, #862, #824, #841, #1025, #1857, #698, #1098, #684, #1508, #526, #1370, #868, #773, #1916, #2121, #180, #2205, #41 ) ) ;
#2311 = ORIENTED_EDGE ( 'NONE', *, *, #1855, .F. ) ;
#2312 = DIRECTION ( 'NONE',  ( 0.000000000000000000, 0.000000000000000000, 1.000000000000000000 ) ) ;
#2313 = CARTESIAN_POINT ( 'NONE',  ( -28.76499999999999346, 15.50999999999999801, -40.15163299710121692 ) ) ;
#2314 = CARTESIAN_POINT ( 'NONE',  ( -18.16499999999997073, -3.910000000000001030, -11.39999999999999325 ) ) ;
#2315 = ORIENTED_EDGE ( 'NONE', *, *, #269, .T. ) ;
#2316 = DIRECTION ( 'NONE',  ( -0.000000000000000000, -1.000000000000000000, -0.000000000000000000 ) ) ;
ENDSEC;
END-ISO-10303-21;
